City,Country,ISO3,Country_Alpha2,Continent,Latitude,Longitude,GeoNames_Population,Is_Capital,City_Rank_In_Selected_Country,Matched_Subdivision,Geospatial_ADM1,Subdivision_HDI_2025_Anchor,Subdivision_HDI_2050_Anchor,City_HDI_2025,City_HDI_2050,City_HDI_Change,National_HDI_2025,National_HDI_2050,Urban_Premium_2025,Urban_Premium_2050,City_vs_National_2025,City_vs_National_2050,Projection_Method,Confidence,Data_Status,GeoNames_ID
Zuerich,Switzerland,CHE,CH,Europe,47.36667,8.55,415367,False,2,Zurich,Zürich,0.991837,0.984496,0.992,0.990243,-0.001757,0.97,0.9674,0.000163,0.005747,0.022,0.022843,geospatial_subdivision_match_plus_bounded_urban_premium,higher,modeled_city_estimate_not_official_undp_city_hdi,2657896
London,UK,GBR,GB,Europe,51.50853,-0.12574,8961989,True,1,London,Westminster,0.988782,0.978452,0.992,0.989494,-0.002506,0.946,0.9442,0.003218,0.011042,0.046,0.045294,manual_subdivision_override_plus_bounded_urban_premium,higher,modeled_city_estimate_not_official_undp_city_hdi,2643743
Canberra,Australia,AUS,AU,Asia/Pacific,-35.28346,149.12807,367752,True,1,Australian Capital Territory,Australian Capital Territory,0.986736,0.979645,0.99195,0.98904,-0.00291,0.958,0.9571,0.005214,0.009395,0.03395,0.03194,geospatial_subdivision_match_plus_bounded_urban_premium,higher,modeled_city_estimate_not_official_undp_city_hdi,2172517
Oslo,Norway,NOR,NO,Europe,59.91273,10.74609,1082575,True,1,Oslo og Akershus,Oslo,0.982029,0.977023,0.991333,0.987903,-0.00343,0.97,0.9676,0.009304,0.01088,0.021333,0.020303,geospatial_subdivision_match_plus_bounded_urban_premium,higher,modeled_city_estimate_not_official_undp_city_hdi,3143244
Beijing,China,CHN,CN,Asia/Pacific,39.9075,116.39723,18960744,True,1,Beijing,Beijing,0.915313,0.974941,0.942491,0.98758,0.045089,0.797,0.8801,0.027178,0.012639,0.145491,0.10748,geospatial_subdivision_match_plus_bounded_urban_premium,higher,modeled_city_estimate_not_official_undp_city_hdi,1816670
Stockholm,Sweden,SWE,SE,Europe,59.32938,18.06871,1515017,True,1,Stockholm,Stockholm,0.97971,0.973914,0.990712,0.986002,-0.00471,0.959,0.9576,0.011002,0.012088,0.031712,0.028402,geospatial_subdivision_match_plus_bounded_urban_premium,higher,modeled_city_estimate_not_official_undp_city_hdi,2673730
Copenhagen,Denmark,DNK,DK,Europe,55.67594,12.56553,1153615,True,1,Hovedstaden,Hovedstaden,0.980218,0.973989,0.99082,0.985906,-0.004914,0.962,0.9599,0.010602,0.011917,0.02882,0.026006,geospatial_subdivision_match_plus_bounded_urban_premium,higher,modeled_city_estimate_not_official_undp_city_hdi,2618425
Paris,France,FRA,FR,Europe,48.85341,2.3488,2138551,True,1,Ile de France,Paris,0.981007,0.970022,0.991178,0.983362,-0.007816,0.92,0.9203,0.010171,0.01334,0.071178,0.063062,geospatial_subdivision_match_plus_bounded_urban_premium,higher,modeled_city_estimate_not_official_undp_city_hdi,2988507
Prague,Czechia,CZE,CZ,Europe,50.08804,14.42076,1165581,True,1,Prague,Prague,0.982285,0.970311,0.991405,0.983188,-0.008217,0.915,0.918,0.00912,0.012877,0.076405,0.065188,geospatial_subdivision_match_plus_bounded_urban_premium,higher,modeled_city_estimate_not_official_undp_city_hdi,3067696
Reykjavik,Iceland,ISL,IS,,64.13548,-21.89541,118918,True,1,Capital Region,Reykjavík,0.972,0.97,0.98533,0.981278,-0.004052,0.972,0.97,0.01333,0.011278,0.01333,0.011278,national_fallback_plus_bounded_urban_premium,modeled,modeled_city_estimate_not_official_undp_city_hdi,3413829
Berlin,Germany,DEU,DE,Europe,52.52437,13.41053,3426354,True,1,Berlin,Berlin,0.980336,0.965621,0.991076,0.980232,-0.010844,0.959,0.9491,0.01074,0.014611,0.032076,0.031132,geospatial_subdivision_match_plus_bounded_urban_premium,higher,modeled_city_estimate_not_official_undp_city_hdi,2950159
Wellington,New Zealand,NZL,NZ,Asia/Pacific,-41.28664,174.77557,381900,True,1,Wellington,Wellington,0.971261,0.967526,0.985668,0.980133,-0.005535,0.938,0.9413,0.014407,0.012607,0.047668,0.038833,geospatial_subdivision_match_plus_bounded_urban_premium,higher,modeled_city_estimate_not_official_undp_city_hdi,2179537
Frederiksberg,Denmark,DNK,DK,Europe,55.67938,12.53463,95029,False,5,Hovedstaden,Hovedstaden,0.980218,0.973989,0.986866,0.979821,-0.007045,0.962,0.9599,0.006648,0.005832,0.024866,0.019921,geospatial_subdivision_match_plus_bounded_urban_premium,higher,modeled_city_estimate_not_official_undp_city_hdi,2621942
Amsterdam,Netherlands,NLD,NL,Europe,52.37403,4.88969,741636,True,1,Noord-Holland,Noord-Holland,0.970799,0.96568,0.985812,0.979114,-0.006698,0.955,0.9536,0.015013,0.013434,0.030812,0.025514,geospatial_subdivision_match_plus_bounded_urban_premium,higher,modeled_city_estimate_not_official_undp_city_hdi,2759794
Bern,Switzerland,CHE,CH,Europe,46.94809,7.44744,121631,True,1,Bern,Bern,0.97,0.9674,0.983912,0.979084,-0.004827,0.97,0.9674,0.013912,0.011684,0.013912,0.011684,national_fallback_plus_bounded_urban_premium,modeled,modeled_city_estimate_not_official_undp_city_hdi,2661552
Zagreb,Croatia,HRV,HR,Europe,45.81444,15.97798,663592,True,1,City of Zagreb,Grad Zagreb,0.967959,0.96573,0.983799,0.979067,-0.004732,0.889,0.9036,0.01584,0.013337,0.094799,0.075467,geospatial_subdivision_match_plus_bounded_urban_premium,higher,modeled_city_estimate_not_official_undp_city_hdi,3186886
Bergen,Norway,NOR,NO,Europe,60.39299,5.32415,294029,False,2,Vestlandet,Hordaland,0.974029,0.970143,0.983911,0.978374,-0.005537,0.97,0.9676,0.009882,0.008231,0.013911,0.010774,geospatial_subdivision_match_plus_bounded_urban_premium,higher,modeled_city_estimate_not_official_undp_city_hdi,3161732
Utrecht,Netherlands,NLD,NL,Europe,52.09083,5.12222,376435,False,4,Utrecht,Utrecht,0.975799,0.96998,0.98499,0.977872,-0.007118,0.955,0.9536,0.009191,0.007892,0.02999,0.024272,geospatial_subdivision_match_plus_bounded_urban_premium,higher,modeled_city_estimate_not_official_undp_city_hdi,2745912
Shanghai,China,CHN,CN,Asia/Pacific,31.22222,121.45806,24874500,False,2,Shanghai,Shanghai,0.904313,0.965828,0.925225,0.977842,0.052617,0.797,0.8801,0.020912,0.012014,0.128225,0.097742,geospatial_subdivision_match_plus_bounded_urban_premium,higher,modeled_city_estimate_not_official_undp_city_hdi,1796236
Geneva,Switzerland,CHE,CH,Europe,46.20222,6.14569,201741,False,3,Lake Geneva region,Genève,0.974837,0.969876,0.983871,0.977426,-0.006445,0.97,0.9674,0.009034,0.00755,0.013871,0.010026,geospatial_subdivision_match_plus_bounded_urban_premium,higher,modeled_city_estimate_not_official_undp_city_hdi,2660646
Auckland,New Zealand,NZL,NZ,Asia/Pacific,-36.84853,174.76349,1547200,False,2,Auckland,Auckland,0.970261,0.966668,0.982548,0.976859,-0.00569,0.938,0.9413,0.012287,0.010191,0.044548,0.035559,geospatial_subdivision_match_plus_bounded_urban_premium,higher,modeled_city_estimate_not_official_undp_city_hdi,2193733
Perth,Australia,AUS,AU,Asia/Pacific,-31.95224,115.8614,2384371,False,5,Western Australia,Western Australia,0.971736,0.966745,0.98328,0.976483,-0.006796,0.958,0.9571,0.011544,0.009738,0.02528,0.019383,geospatial_subdivision_match_plus_bounded_urban_premium,higher,modeled_city_estimate_not_official_undp_city_hdi,2063523
Kopavogur,Iceland,ISL,IS,,64.11234,-21.91298,40040,False,2,Capital Region,Reykjavík,0.972,0.97,0.98007,0.976313,-0.003757,0.972,0.97,0.00807,0.006313,0.00807,0.006313,national_fallback_plus_bounded_urban_premium,modeled,modeled_city_estimate_not_official_undp_city_hdi,3415212
Hamburg,Germany,DEU,DE,Europe,53.55073,9.99302,1973896,False,2,Hamburg,Hamburg,0.980336,0.965621,0.989644,0.976148,-0.013496,0.959,0.9491,0.009308,0.010527,0.030644,0.027048,geospatial_subdivision_match_plus_bounded_urban_premium,higher,modeled_city_estimate_not_official_undp_city_hdi,2911298
Trondheim,Norway,NOR,NO,Europe,63.43049,10.39506,216518,False,3,Trondelag,Sør-Trøndelag,0.972029,0.968423,0.981577,0.976142,-0.005435,0.97,0.9676,0.009548,0.007719,0.011577,0.008542,geospatial_subdivision_match_plus_bounded_urban_premium,higher,modeled_city_estimate_not_official_undp_city_hdi,3133880
Hong Kong,Hong Kong,HKG,HK,,22.27832,114.17469,7396076,True,1,,Wan Chai,0.955,0.9599,0.976129,0.976098,-3e-05,0.955,0.9599,0.021129,0.016198,0.021129,0.016198,national_fallback_plus_bounded_urban_premium,modeled,modeled_city_estimate_not_official_undp_city_hdi,1819729
Hafnarfjoerdur,Iceland,ISL,IS,,64.0671,-21.93774,31525,False,3,Capital Region,Reykjavík,0.972,0.97,0.979666,0.975967,-0.003699,0.972,0.97,0.007666,0.005967,0.007666,0.005967,national_fallback_plus_bounded_urban_premium,modeled,modeled_city_estimate_not_official_undp_city_hdi,3416706
Dublin,Ireland,IRL,IE,Europe,53.33306,-6.24889,1024027,True,1,Dublin,Dublin,0.962371,0.961631,0.980024,0.975927,-0.004096,0.949,0.9513,0.017653,0.014296,0.031024,0.024627,geospatial_subdivision_match_plus_bounded_urban_premium,higher,modeled_city_estimate_not_official_undp_city_hdi,2964574
Reykjanesbaer,Iceland,ISL,IS,,63.99813,-22.56111,19724,False,4,Southern Peninsula,Suðurnes,0.972,0.97,0.979247,0.975613,-0.003635,0.972,0.97,0.007247,0.005613,0.007247,0.005613,national_fallback_plus_bounded_urban_premium,modeled,modeled_city_estimate_not_official_undp_city_hdi,8644037
Brussels,Belgium,BEL,BE,Europe,50.85045,4.34878,1019022,True,1,Bruxelles - Brussel,Brussels,0.967521,0.961142,0.983819,0.975499,-0.00832,0.951,0.9489,0.016298,0.014357,0.032819,0.026599,geospatial_subdivision_match_plus_bounded_urban_premium,higher,modeled_city_estimate_not_official_undp_city_hdi,2800866
Akureyri,Iceland,ISL,IS,,65.68353,-18.0878,19219,False,5,Northeast,Northeast,0.972,0.97,0.978815,0.975251,-0.003564,0.972,0.97,0.006815,0.005251,0.006815,0.005251,national_fallback_plus_bounded_urban_premium,modeled,modeled_city_estimate_not_official_undp_city_hdi,2633274
Manukau City,New Zealand,NZL,NZ,Asia/Pacific,-36.99282,174.87986,362000,False,4,Auckland,Auckland,0.970261,0.966668,0.980309,0.974732,-0.005576,0.938,0.9413,0.010048,0.008064,0.042309,0.033432,geospatial_subdivision_match_plus_bounded_urban_premium,higher,modeled_city_estimate_not_official_undp_city_hdi,2187404
Antwerp,Belgium,BEL,BE,Europe,51.22047,4.40026,529247,False,2,Prov. Antwerpen,Antwerp,0.972521,0.965442,0.98329,0.974637,-0.008652,0.951,0.9489,0.010769,0.009195,0.03229,0.025737,geospatial_subdivision_match_plus_bounded_urban_premium,higher,modeled_city_estimate_not_official_undp_city_hdi,2803138
Basel,Switzerland,CHE,CH,Europe,47.55839,7.57327,177595,False,4,Basel-City,Basel-Stadt,0.97,0.9674,0.979174,0.97462,-0.004554,0.97,0.9674,0.009174,0.00722,0.009174,0.00722,national_fallback_plus_bounded_urban_premium,modeled,modeled_city_estimate_not_official_undp_city_hdi,2661604
North Shore,New Zealand,NZL,NZ,Asia/Pacific,-36.8,174.75,258697,False,5,Auckland,Auckland,0.970261,0.966668,0.979515,0.974017,-0.005498,0.938,0.9413,0.009254,0.007349,0.041515,0.032717,geospatial_subdivision_match_plus_bounded_urban_premium,higher,modeled_city_estimate_not_official_undp_city_hdi,2185964
Lausanne,Switzerland,CHE,CH,Europe,46.516,6.63282,139111,False,5,Vaud,Vaud,0.97,0.9674,0.978443,0.973988,-0.004454,0.97,0.9674,0.008443,0.006588,0.008443,0.006588,national_fallback_plus_bounded_urban_premium,modeled,modeled_city_estimate_not_official_undp_city_hdi,2659994
Seoul,South Korea,KOR,KR,Asia/Pacific,37.566,126.9784,10349312,True,1,Capital Region,Seoul,0.978796,0.957046,0.99083,0.973919,-0.016911,0.937,0.9244,0.012034,0.016873,0.05383,0.049519,geospatial_regional_match_plus_bounded_urban_premium,higher,modeled_city_estimate_not_official_undp_city_hdi,1835848
Stavanger,Norway,NOR,NO,Europe,58.97005,5.73332,151669,False,4,Agder og Rogaland,Rogaland,0.970029,0.966703,0.97899,0.973771,-0.005219,0.97,0.9676,0.008961,0.007068,0.00899,0.006171,admin_subdivision_match_plus_bounded_urban_premium,moderate,modeled_city_estimate_not_official_undp_city_hdi,3137115
Helsinki,Finland,FIN,FI,Europe,60.16952,24.93545,658864,True,1,Helsinki-Uusimaa,Uusimaa,0.966975,0.959478,0.983089,0.973646,-0.009443,0.948,0.9449,0.016114,0.014168,0.035089,0.028746,geospatial_subdivision_match_plus_bounded_urban_premium,higher,modeled_city_estimate_not_official_undp_city_hdi,658225
Kristiansand,Norway,NOR,NO,Europe,58.14671,7.9956,117237,False,5,Agder og Rogaland,Vest-Agder,0.970029,0.966703,0.978229,0.973111,-0.005117,0.97,0.9676,0.0082,0.006408,0.008229,0.005511,geospatial_subdivision_match_plus_bounded_urban_premium,higher,modeled_city_estimate_not_official_undp_city_hdi,3149318
Arhus,Denmark,DNK,DK,Europe,56.15674,10.21076,285273,False,2,Midtjylland,Midtjylland,0.968218,0.963669,0.978953,0.97229,-0.006662,0.962,0.9599,0.010735,0.008621,0.016953,0.01239,geospatial_subdivision_match_plus_bounded_urban_premium,higher,modeled_city_estimate_not_official_undp_city_hdi,2624652
Washington,USA,USA,US,America,38.89511,-77.03637,689545,True,1,District of Columbia,District of Columbia,0.960084,0.957904,0.977842,0.972286,-0.005557,0.938,0.9406,0.017758,0.014382,0.039842,0.031686,manual_subdivision_override_plus_bounded_urban_premium,higher,modeled_city_estimate_not_official_undp_city_hdi,4140963
New Territories,Hong Kong,HKG,HK,,22.42441,114.11095,3984077,False,2,,Yuen Long,0.955,0.9599,0.970595,0.971618,0.001023,0.955,0.9599,0.015595,0.011718,0.015595,0.011718,national_fallback_plus_bounded_urban_premium,modeled,modeled_city_estimate_not_official_undp_city_hdi,12747063
Kowloon,Hong Kong,HKG,HK,,22.31667,114.18333,2232339,False,3,,Kowloon City,0.955,0.9599,0.969419,0.970693,0.001274,0.955,0.9599,0.014419,0.010793,0.014419,0.010793,national_fallback_plus_bounded_urban_premium,modeled,modeled_city_estimate_not_official_undp_city_hdi,1819609
South Dublin,Ireland,IRL,IE,Europe,53.29026,-6.34151,301075,False,2,Dublin,South Dublin,0.962371,0.961631,0.973776,0.970414,-0.003361,0.949,0.9513,0.011405,0.008783,0.024776,0.019114,geospatial_subdivision_match_plus_bounded_urban_premium,higher,modeled_city_estimate_not_official_undp_city_hdi,6697759
Hong Kong Island,Hong Kong,HKG,HK,,22.26302,114.18419,1195529,False,4,,Wan Chai,0.955,0.9599,0.968112,0.969675,0.001562,0.955,0.9599,0.013112,0.009775,0.013112,0.009775,national_fallback_plus_bounded_urban_premium,modeled,modeled_city_estimate_not_official_undp_city_hdi,12747064
Victoria,Hong Kong,HKG,HK,,22.2875,114.14417,956800,False,5,Central and Western,Central and Western,0.955,0.9599,0.967344,0.96908,0.001736,0.955,0.9599,0.012344,0.00918,0.012344,0.00918,national_fallback_plus_bounded_urban_premium,modeled,modeled_city_estimate_not_official_undp_city_hdi,1931681
Espoo,Finland,FIN,FI,Europe,60.2052,24.6522,323910,False,2,Helsinki-Uusimaa,Uusimaa,0.966975,0.959478,0.978017,0.968442,-0.009575,0.948,0.9449,0.011042,0.008964,0.030017,0.023542,geospatial_subdivision_match_plus_bounded_urban_premium,higher,modeled_city_estimate_not_official_undp_city_hdi,660158
Incheon,South Korea,KOR,KR,Asia/Pacific,37.45646,126.70515,3015482,False,3,Capital Region,Incheon,0.978796,0.957046,0.988857,0.968343,-0.020514,0.937,0.9244,0.010061,0.011297,0.051857,0.043943,geospatial_regional_match_plus_bounded_urban_premium,higher,modeled_city_estimate_not_official_undp_city_hdi,1843564
Munich,Germany,DEU,DE,Europe,48.13743,11.57549,1505005,False,3,Bayern,Bayern,0.970336,0.957021,0.982287,0.96754,-0.014747,0.959,0.9491,0.011951,0.010519,0.023287,0.01844,geospatial_subdivision_match_plus_bounded_urban_premium,higher,modeled_city_estimate_not_official_undp_city_hdi,2867714
Vantaa,Finland,FIN,FI,Europe,60.29414,25.04099,252724,False,4,Helsinki-Uusimaa,Uusimaa,0.966975,0.959478,0.976917,0.967433,-0.009484,0.948,0.9449,0.009942,0.007955,0.028917,0.022533,geospatial_subdivision_match_plus_bounded_urban_premium,higher,modeled_city_estimate_not_official_undp_city_hdi,632453
Gothenburg,Sweden,SWE,SE,Europe,57.70716,11.96679,608462,False,2,Vaestra Goetaland,Västra Götaland,0.959,0.9576,0.971675,0.967386,-0.004289,0.959,0.9576,0.012675,0.009786,0.012675,0.009786,national_fallback_plus_bounded_urban_premium,modeled,modeled_city_estimate_not_official_undp_city_hdi,2711537
Rotterdam,Netherlands,NLD,NL,Europe,51.9225,4.47917,868135,False,2,Zuid-Holland,Zuid-Holland,0.960799,0.95708,0.973788,0.967302,-0.006486,0.955,0.9536,0.012989,0.010222,0.018788,0.013702,geospatial_subdivision_match_plus_bounded_urban_premium,higher,modeled_city_estimate_not_official_undp_city_hdi,2747891
Vienna,Austria,AUT,AT,Europe,48.20849,16.37208,1691468,True,1,Wien,Wien,0.954014,0.951305,0.973812,0.967192,-0.00662,0.93,0.9328,0.019798,0.015887,0.043812,0.034392,geospatial_subdivision_match_plus_bounded_urban_premium,higher,modeled_city_estimate_not_official_undp_city_hdi,2761369
Malmoe,Sweden,SWE,SE,Europe,55.60587,13.00073,362133,False,3,Skane,Skåne,0.959,0.9576,0.970508,0.966418,-0.004089,0.959,0.9576,0.011508,0.008818,0.011508,0.008818,national_fallback_plus_bounded_urban_premium,modeled,modeled_city_estimate_not_official_undp_city_hdi,2692969
Sydney,Australia,AUS,AU,Asia/Pacific,-33.86785,151.20732,5638830,False,2,New South Wales,New South Wales,0.956736,0.953845,0.972579,0.966346,-0.006233,0.958,0.9571,0.015843,0.012501,0.014579,0.009246,geospatial_subdivision_match_plus_bounded_urban_premium,higher,modeled_city_estimate_not_official_undp_city_hdi,2147714
The Hague,Netherlands,NLD,NL,Europe,52.07667,4.29861,474292,False,3,Zuid-Holland,Zuid-Holland,0.960799,0.95708,0.97256,0.966244,-0.006317,0.955,0.9536,0.011761,0.009164,0.01756,0.012644,geospatial_subdivision_match_plus_bounded_urban_premium,higher,modeled_city_estimate_not_official_undp_city_hdi,2747373
Singapore,Singapore,SGP,SG,,1.28967,103.85007,5638700,True,1,,Central Singapore,0.946,0.9488,0.968401,0.966103,-0.002298,0.946,0.9488,0.022401,0.017303,0.022401,0.017303,national_fallback_plus_bounded_urban_premium,modeled,modeled_city_estimate_not_official_undp_city_hdi,1880252
Melbourne,Australia,AUS,AU,Asia/Pacific,-37.814,144.96332,5435590,False,3,Victoria,Victoria,0.952736,0.950405,0.969195,0.965608,-0.003587,0.958,0.9571,0.016459,0.015203,0.011195,0.008508,geospatial_subdivision_match_plus_bounded_urban_premium,higher,modeled_city_estimate_not_official_undp_city_hdi,2158177
Uppsala,Sweden,SWE,SE,Europe,59.85882,17.63889,177074,False,4,Uppsala,Uppsala,0.959,0.9576,0.968966,0.965164,-0.003801,0.959,0.9576,0.009966,0.007564,0.009966,0.007564,national_fallback_plus_bounded_urban_premium,modeled,modeled_city_estimate_not_official_undp_city_hdi,2666199
Odense,Denmark,DNK,DK,Europe,55.39594,10.38831,180863,False,3,Syddanmark,Syddanmark,0.957218,0.954209,0.968699,0.964991,-0.003708,0.962,0.9599,0.011481,0.010782,0.006699,0.005091,geospatial_subdivision_match_plus_bounded_urban_premium,higher,modeled_city_estimate_not_official_undp_city_hdi,2615876
Brisbane,Australia,AUS,AU,Asia/Pacific,-27.46794,153.02809,2780063,False,4,Queensland,Queensland,0.945736,0.944385,0.968309,0.964935,-0.003374,0.958,0.9571,0.022573,0.02055,0.010309,0.007835,geospatial_subdivision_match_plus_bounded_urban_premium,higher,modeled_city_estimate_not_official_undp_city_hdi,2174003
Aalborg,Denmark,DNK,DK,Europe,57.048,9.9187,142937,False,4,Nordjylland,Nordjylland,0.950218,0.948189,0.968388,0.964755,-0.003633,0.962,0.9599,0.01817,0.016566,0.006388,0.004855,geospatial_subdivision_match_plus_bounded_urban_premium,higher,modeled_city_estimate_not_official_undp_city_hdi,2624886
Linkoeping,Sweden,SWE,SE,Europe,58.41086,15.62157,166673,False,5,OEstergoetland,Östergötland,0.959,0.9576,0.968398,0.964709,-0.003689,0.959,0.9576,0.009398,0.007109,0.009398,0.007109,national_fallback_plus_bounded_urban_premium,modeled,modeled_city_estimate_not_official_undp_city_hdi,2694762
Thimphu,Bhutan,BTN,BT,Asia/Pacific,27.46609,89.64191,98676,True,1,Thimphu,Thimphu,0.879257,0.950912,0.901641,0.964646,0.063005,0.698,0.8102,0.022384,0.013734,0.203641,0.154446,geospatial_subdivision_match_plus_bounded_urban_premium,higher,modeled_city_estimate_not_official_undp_city_hdi,1252416
Vilnius,Lithuania,LTU,LT,Europe,54.68916,25.2798,542366,True,1,Vilnius County,Vilniaus,0.949127,0.949708,0.968292,0.964555,-0.003737,0.895,0.9081,0.019165,0.014847,0.073292,0.056455,geospatial_subdivision_match_plus_bounded_urban_premium,higher,modeled_city_estimate_not_official_undp_city_hdi,593116
Gent,Belgium,BEL,BE,Europe,51.05,3.71667,265086,False,3,Prov. Oost-Vlaanderen,East Flanders,0.961521,0.955982,0.972392,0.96447,-0.007922,0.951,0.9489,0.010871,0.008488,0.021392,0.01557,geospatial_subdivision_match_plus_bounded_urban_premium,higher,modeled_city_estimate_not_official_undp_city_hdi,2797656
Adelaide,Australia,AUS,AU,Asia/Pacific,-34.92866,138.59863,1469163,False,6,South Australia,South Australia,0.942736,0.941805,0.967466,0.964294,-0.003172,0.958,0.9571,0.02473,0.022489,0.009466,0.007194,geospatial_subdivision_match_plus_bounded_urban_premium,higher,modeled_city_estimate_not_official_undp_city_hdi,2078025
Warsaw,Poland,POL,PL,Europe,52.22977,21.01178,1702139,True,1,Mazowieckie,Masovian,0.958963,0.948121,0.97784,0.96428,-0.01356,0.906,0.906,0.018877,0.016159,0.07184,0.05828,geospatial_subdivision_match_plus_bounded_urban_premium,higher,modeled_city_estimate_not_official_undp_city_hdi,756135
Bratislava,Slovakia,SVK,SK,Europe,48.14816,17.10674,423737,True,1,Bratislavsky kraj,Bratislavský,0.949206,0.94917,0.968051,0.963791,-0.00426,0.88,0.8976,0.018845,0.014621,0.088051,0.066191,geospatial_subdivision_match_plus_bounded_urban_premium,higher,modeled_city_estimate_not_official_undp_city_hdi,3060972
New York City,USA,USA,US,America,40.71427,-74.00597,8804190,False,2,New York,New York,0.950084,0.949314,0.967227,0.962569,-0.004658,0.938,0.9406,0.017143,0.013255,0.029227,0.021969,geospatial_subdivision_match_plus_bounded_urban_premium,higher,modeled_city_estimate_not_official_undp_city_hdi,5128581
Frankfurt am Main,Germany,DEU,DE,Europe,50.11552,8.68417,650000,False,5,Hessen,Hessen,0.966336,0.953581,0.977209,0.962526,-0.014683,0.959,0.9491,0.010873,0.008945,0.018209,0.013426,geospatial_subdivision_match_plus_bounded_urban_premium,higher,modeled_city_estimate_not_official_undp_city_hdi,2925533
Groningen,Netherlands,NLD,NL,Europe,53.21917,6.56667,244807,False,5,Groningen,Groningen,0.957799,0.9545,0.967871,0.962177,-0.005694,0.955,0.9536,0.010072,0.007677,0.012871,0.008577,geospatial_subdivision_match_plus_bounded_urban_premium,higher,modeled_city_estimate_not_official_undp_city_hdi,2755251
Ottawa,Canada,CAN,CA,America,45.41117,-75.69812,1017449,True,1,Ontario,Ontario,0.945442,0.946331,0.965832,0.96208,-0.003751,0.939,0.9418,0.02039,0.015749,0.026832,0.02028,geospatial_subdivision_match_plus_bounded_urban_premium,higher,modeled_city_estimate_not_official_undp_city_hdi,6094817
Abu Dhabi,UAE,ARE,AE,,24.45118,54.39696,1807000,True,1,Abu Dhabi,Abu Dhabi,0.94,0.9454,0.961723,0.961824,0.000101,0.94,0.9454,0.021723,0.016424,0.021723,0.016424,national_fallback_plus_bounded_urban_premium,modeled,modeled_city_estimate_not_official_undp_city_hdi,292968
Calgary,Canada,CAN,CA,America,51.05011,-114.08529,1306784,False,4,Alberta,Alberta,0.951442,0.951485,0.964925,0.961723,-0.003202,0.939,0.9418,0.013483,0.010238,0.025925,0.019923,geospatial_subdivision_match_plus_bounded_urban_premium,higher,modeled_city_estimate_not_official_undp_city_hdi,5913490
Panama City,Panama,PAN,PA,America,8.9936,-79.51973,408168,True,1,Panama,Panama,0.924228,0.946823,0.945496,0.961551,0.016055,0.839,0.8825,0.021268,0.014728,0.106496,0.079051,geospatial_subdivision_match_plus_bounded_urban_premium,higher,modeled_city_estimate_not_official_undp_city_hdi,3703443
Madrid,Spain,ESP,ES,Europe,40.4165,-3.70256,3255944,True,1,Comunidad de Madrid,Madrid,0.955971,0.943895,0.976094,0.961047,-0.015047,0.918,0.9141,0.020123,0.017152,0.058094,0.046947,geospatial_subdivision_match_plus_bounded_urban_premium,higher,modeled_city_estimate_not_official_undp_city_hdi,3117735
Edmonton,Canada,CAN,CA,America,53.55014,-113.46871,1010899,False,5,Alberta,Alberta,0.951442,0.951485,0.964079,0.961044,-0.003035,0.939,0.9418,0.012637,0.009559,0.025079,0.019244,geospatial_subdivision_match_plus_bounded_urban_premium,higher,modeled_city_estimate_not_official_undp_city_hdi,5946768
Brooklyn,USA,USA,US,America,40.6501,-73.94958,2736074,False,4,New York,New York,0.950084,0.949314,0.96476,0.960526,-0.004234,0.938,0.9406,0.014676,0.011212,0.02676,0.019926,geospatial_subdivision_match_plus_bounded_urban_premium,higher,modeled_city_estimate_not_official_undp_city_hdi,5110302
Cork,Ireland,IRL,IE,Europe,51.89797,-8.47061,224004,False,3,Munster,Cork,0.949,0.9513,0.960265,0.959698,-0.000568,0.949,0.9513,0.011265,0.008398,0.011265,0.008398,national_fallback_plus_bounded_urban_premium,modeled,modeled_city_estimate_not_official_undp_city_hdi,2965140
Los Angeles,USA,USA,US,America,34.05223,-118.24368,3820914,False,3,California,California,0.948084,0.947596,0.963822,0.959626,-0.004196,0.938,0.9406,0.015738,0.01203,0.025822,0.019026,geospatial_subdivision_match_plus_bounded_urban_premium,higher,modeled_city_estimate_not_official_undp_city_hdi,5368361
Queens,USA,USA,US,America,40.68149,-73.83652,2316841,False,6,New York,New York,0.950084,0.949314,0.963625,0.959605,-0.004021,0.938,0.9406,0.013541,0.010291,0.025625,0.019005,geospatial_subdivision_match_plus_bounded_urban_premium,higher,modeled_city_estimate_not_official_undp_city_hdi,5133273
Favoriten,Austria,AUT,AT,Europe,48.16116,16.38233,201882,False,4,Wien,Wien,0.954014,0.951305,0.96442,0.959183,-0.005237,0.93,0.9328,0.010406,0.007878,0.03442,0.026383,geospatial_subdivision_match_plus_bounded_urban_premium,higher,modeled_city_estimate_not_official_undp_city_hdi,8063098
Donaustadt,Austria,AUT,AT,Europe,48.2333,16.46002,187007,False,5,Wien,Wien,0.954014,0.951305,0.963804,0.958692,-0.005112,0.93,0.9328,0.00979,0.007387,0.033804,0.025892,geospatial_subdivision_match_plus_bounded_urban_premium,higher,modeled_city_estimate_not_official_undp_city_hdi,11903636
Chicago,USA,USA,US,America,41.85003,-87.65005,2664452,False,5,Illinois,Illinois,0.948084,0.947596,0.962409,0.958478,-0.003931,0.938,0.9406,0.014325,0.010882,0.024409,0.017878,geospatial_subdivision_match_plus_bounded_urban_premium,higher,modeled_city_estimate_not_official_undp_city_hdi,4887398
Toronto,Canada,CAN,CA,America,43.70643,-79.39864,2794356,False,2,Ontario,Ontario,0.945442,0.946331,0.961338,0.958389,-0.002948,0.939,0.9418,0.015896,0.012058,0.022338,0.016589,geospatial_subdivision_match_plus_bounded_urban_premium,higher,modeled_city_estimate_not_official_undp_city_hdi,6167865
Limerick,Ireland,IRL,IE,Europe,52.66472,-8.62306,102287,False,4,Munster,Limerick,0.949,0.9513,0.958411,0.958272,-0.000139,0.949,0.9513,0.009411,0.006972,0.009411,0.006972,national_fallback_plus_bounded_urban_premium,modeled,modeled_city_estimate_not_official_undp_city_hdi,2962943
Vaduz,Liechtenstein,LIE,LI,,47.14151,9.52154,5197,True,1,Vaduz,Vaduz,0.938,0.9456,0.954714,0.95798,0.003266,0.938,0.9456,0.016714,0.01238,0.016714,0.01238,national_fallback_plus_bounded_urban_premium,modeled,modeled_city_estimate_not_official_undp_city_hdi,3042030
Ulu Bedok,Singapore,SGP,SG,,1.33333,103.93333,276990,False,2,,South East,0.946,0.9488,0.958225,0.95791,-0.000315,0.946,0.9488,0.012225,0.00911,0.012225,0.00911,national_fallback_plus_bounded_urban_premium,modeled,modeled_city_estimate_not_official_undp_city_hdi,1880159
Dubai,UAE,ARE,AE,,25.07725,55.30927,3790000,False,2,Dubai,Dubay,0.94,0.9454,0.956695,0.957859,0.001164,0.94,0.9454,0.016695,0.012459,0.016695,0.012459,national_fallback_plus_bounded_urban_premium,modeled,modeled_city_estimate_not_official_undp_city_hdi,292223
Galway,Ireland,IRL,IE,Europe,53.27245,-9.05095,85910,False,5,Connacht,Galway,0.949,0.9513,0.957571,0.957632,6.1e-05,0.949,0.9513,0.008571,0.006332,0.008571,0.006332,national_fallback_plus_bounded_urban_premium,modeled,modeled_city_estimate_not_official_undp_city_hdi,2964180
Bedok New Town,Singapore,SGP,SG,,1.32639,103.94167,276990,False,3,,South East,0.946,0.9488,0.957732,0.957529,-0.000203,0.946,0.9488,0.011732,0.008729,0.011732,0.008729,national_fallback_plus_bounded_urban_premium,modeled,modeled_city_estimate_not_official_undp_city_hdi,1884382
Lyon,France,FRA,FR,Europe,45.74906,4.84789,520774,False,3,Rhone-Alpes,Rhône,0.955007,0.947665,0.967321,0.957235,-0.010086,0.92,0.9203,0.012314,0.00957,0.047321,0.036935,geospatial_subdivision_match_plus_bounded_urban_premium,higher,modeled_city_estimate_not_official_undp_city_hdi,2996944
Bucharest,Romania,ROU,RO,Europe,44.43225,26.10626,1877155,True,1,Bucuresti,Bucharest,0.93358,0.940251,0.956358,0.957146,0.000787,0.845,0.8723,0.022778,0.016895,0.111358,0.084846,geospatial_subdivision_match_plus_bounded_urban_premium,higher,modeled_city_estimate_not_official_undp_city_hdi,683506
Sengkang New Town,Singapore,SGP,SG,,1.39167,103.89444,267600,False,4,,Central Singapore,0.946,0.9488,0.957173,0.957099,-7.4e-05,0.946,0.9488,0.011173,0.008299,0.011173,0.008299,national_fallback_plus_bounded_urban_premium,modeled,modeled_city_estimate_not_official_undp_city_hdi,7289760
Koeln,Germany,DEU,DE,Europe,50.93333,6.95,1024621,False,4,Nordrhein-Westfalen,Nordrhein-Westfalen,0.958336,0.946701,0.970971,0.956783,-0.014188,0.959,0.9491,0.012635,0.010082,0.011971,0.007683,geospatial_subdivision_match_plus_bounded_urban_premium,higher,modeled_city_estimate_not_official_undp_city_hdi,2886242
Petrzalka,Slovakia,SVK,SK,Europe,48.12331,17.12866,112380,False,3,Bratislavsky kraj,Bratislavský,0.949206,0.94917,0.959291,0.956699,-0.002592,0.88,0.8976,0.010085,0.007529,0.079291,0.059099,geospatial_subdivision_match_plus_bounded_urban_premium,higher,modeled_city_estimate_not_official_undp_city_hdi,3058213
Tampines Estate,Singapore,SGP,SG,,1.35806,103.94028,265340,False,5,,North East,0.946,0.9488,0.95665,0.956698,4.8e-05,0.946,0.9488,0.01065,0.007898,0.01065,0.007898,national_fallback_plus_bounded_urban_premium,modeled,modeled_city_estimate_not_official_undp_city_hdi,1880216
Sharjah,UAE,ARE,AE,,25.3342,55.41221,1800000,False,3,Sharjah,Sharjah,0.94,0.9454,0.955061,0.956595,0.001534,0.94,0.9454,0.015061,0.011195,0.015061,0.011195,national_fallback_plus_bounded_urban_premium,modeled,modeled_city_estimate_not_official_undp_city_hdi,292672
San Miguelito,Panama,PAN,PA,America,9.05032,-79.47068,321501,False,2,Panama,Panama,0.924228,0.946823,0.937937,0.956172,0.018235,0.839,0.8825,0.013709,0.009349,0.098937,0.073672,geospatial_subdivision_match_plus_bounded_urban_premium,higher,modeled_city_estimate_not_official_undp_city_hdi,3701329
Al Ain City,UAE,ARE,AE,,24.19167,55.76056,846747,False,4,Abu Dhabi,Abu Dhabi,0.94,0.9454,0.953335,0.955272,0.001937,0.94,0.9454,0.013335,0.009872,0.013335,0.009872,national_fallback_plus_bounded_urban_premium,modeled,modeled_city_estimate_not_official_undp_city_hdi,292913
Juan Diaz,Panama,PAN,PA,America,9.04059,-79.44083,100636,False,3,Panama,Panama,0.924228,0.946823,0.935242,0.954239,0.018997,0.839,0.8825,0.011014,0.007416,0.096242,0.071739,geospatial_subdivision_match_plus_bounded_urban_premium,higher,modeled_city_estimate_not_official_undp_city_hdi,3708306
Ajman,UAE,ARE,AE,,25.40177,55.47878,490035,False,5,Ajman,Ajman,0.94,0.9454,0.951892,0.954175,0.002283,0.94,0.9454,0.011892,0.008775,0.011892,0.008775,national_fallback_plus_bounded_urban_premium,modeled,modeled_city_estimate_not_official_undp_city_hdi,292932
Charleroi,Belgium,BEL,BE,Europe,50.41136,4.44448,200132,False,4,Prov. Hainaut,Hainaut,0.909521,0.911262,0.957832,0.954093,-0.00374,0.951,0.9489,0.048311,0.042831,0.006832,0.005193,geospatial_subdivision_match_plus_bounded_urban_premium,higher,modeled_city_estimate_not_official_undp_city_hdi,2800481
Liege,Belgium,BEL,BE,Europe,50.63373,5.56749,195278,False,5,Prov. Liege,Liege,0.922521,0.922442,0.9578,0.954068,-0.003732,0.951,0.9489,0.035279,0.031626,0.0068,0.005168,geospatial_subdivision_match_plus_bounded_urban_premium,higher,modeled_city_estimate_not_official_undp_city_hdi,2792413
Christchurch,New Zealand,NZL,NZ,Asia/Pacific,-43.53333,172.63333,419200,False,3,Canterbury,Canterbury,0.944261,0.94434,0.956753,0.953706,-0.003047,0.938,0.9413,0.012492,0.009366,0.018753,0.012406,geospatial_subdivision_match_plus_bounded_urban_premium,higher,modeled_city_estimate_not_official_undp_city_hdi,2192362
Tokyo,Japan,JPN,JP,Asia/Pacific,35.6895,139.69171,9733276,True,1,"Southern-Kanto (Saitama, Chiba, Tokyo, Kanagawa, Yamanashi, Nagano)",Tokyo,0.957872,0.933606,0.978613,0.952614,-0.025999,0.925,0.9078,0.020741,0.019008,0.053613,0.044814,geospatial_subdivision_match_plus_bounded_urban_premium,higher,modeled_city_estimate_not_official_undp_city_hdi,1850147
Oulu,Finland,FIN,FI,Europe,65.01236,25.46816,216066,False,5,North Ostrobothnia,Northern Ostrobothnia,0.948,0.9449,0.958234,0.952582,-0.005651,0.948,0.9449,0.010234,0.007682,0.010234,0.007682,national_fallback_plus_bounded_urban_premium,modeled,modeled_city_estimate_not_official_undp_city_hdi,643492
Riga,Latvia,LVA,LV,Europe,56.946,24.10589,742572,True,1,Riga region,Riga,0.938659,0.936071,0.959306,0.952037,-0.007268,0.889,0.8983,0.020647,0.015966,0.070306,0.053737,geospatial_subdivision_match_plus_bounded_urban_premium,higher,modeled_city_estimate_not_official_undp_city_hdi,456172
Kuala Lumpur,Malaysia,MYS,MY,Asia/Pacific,3.1412,101.68653,1453975,True,1,Kuala Lumpur Federal Territory,Kuala Lumpur,0.871244,0.934834,0.896849,0.951636,0.054788,0.819,0.8951,0.025605,0.016802,0.077849,0.056536,geospatial_subdivision_match_plus_bounded_urban_premium,higher,modeled_city_estimate_not_official_undp_city_hdi,1735161
Birmingham,UK,GBR,GB,Europe,52.48142,-1.89983,1157603,False,2,West Midlands,Birmingham,0.936782,0.933732,0.955151,0.951155,-0.003996,0.946,0.9442,0.018369,0.017423,0.009151,0.006955,manual_subdivision_override_plus_bounded_urban_premium,higher,modeled_city_estimate_not_official_undp_city_hdi,2655603
Glasgow,UK,GBR,GB,Europe,55.86515,-4.25763,626410,False,3,Scotland,Glasgow,0.943782,0.939752,0.956959,0.950538,-0.006421,0.946,0.9442,0.013177,0.010786,0.010959,0.006338,manual_subdivision_override_plus_bounded_urban_premium,higher,modeled_city_estimate_not_official_undp_city_hdi,2648579
Manchester,UK,GBR,GB,Europe,53.48095,-2.23743,568996,False,4,North West,Manchester,0.938782,0.935452,0.954213,0.950442,-0.003771,0.946,0.9442,0.015431,0.01499,0.008213,0.006242,manual_subdivision_override_plus_bounded_urban_premium,higher,modeled_city_estimate_not_official_undp_city_hdi,2643123
Sheffield,UK,GBR,GB,Europe,53.38297,-1.4659,556500,False,5,Yorkshire and The Humber,Sheffield,0.932782,0.930292,0.954184,0.95042,-0.003764,0.946,0.9442,0.021402,0.020128,0.008184,0.00622,manual_subdivision_override_plus_bounded_urban_premium,higher,modeled_city_estimate_not_official_undp_city_hdi,2638077
Tampere,Finland,FIN,FI,Europe,61.49911,23.78712,260646,False,3,Aland,Pirkanmaa,0.944975,0.940558,0.95664,0.950358,-0.006282,0.948,0.9449,0.011665,0.0098,0.00864,0.005458,geospatial_subdivision_match_plus_bounded_urban_premium,higher,modeled_city_estimate_not_official_undp_city_hdi,634963
Sector 3,Romania,ROU,RO,Europe,44.4234,26.16874,385439,False,2,Bucuresti,Bucharest,0.93358,0.940251,0.947282,0.950075,0.002792,0.845,0.8723,0.013702,0.009824,0.102282,0.077775,geospatial_subdivision_match_plus_bounded_urban_premium,higher,modeled_city_estimate_not_official_undp_city_hdi,11048319
Sector 6,Romania,ROU,RO,Europe,44.43579,26.01649,367760,False,4,Bucuresti,Bucharest,0.93358,0.940251,0.946167,0.949225,0.003058,0.845,0.8723,0.012587,0.008974,0.101167,0.076925,geospatial_subdivision_match_plus_bounded_urban_premium,higher,modeled_city_estimate_not_official_undp_city_hdi,11048323
Montreal,Canada,CAN,CA,America,45.50884,-73.58781,1762949,False,3,Quebec,Québec,0.929442,0.932588,0.948707,0.949177,0.00047,0.939,0.9418,0.019265,0.016589,0.009707,0.007377,geospatial_subdivision_match_plus_bounded_urban_premium,higher,modeled_city_estimate_not_official_undp_city_hdi,6077243
Rijeka,Croatia,HRV,HR,Europe,45.32673,14.44241,107964,False,3,County of Primorje-Gorski Kotar,Primorsko-Goranska,0.938959,0.940951,0.949225,0.948539,-0.000686,0.889,0.9036,0.010266,0.007588,0.060225,0.044939,geospatial_subdivision_match_plus_bounded_urban_premium,higher,modeled_city_estimate_not_official_undp_city_hdi,3191648
Marseille,France,FRA,FR,Europe,43.29695,5.38107,877215,False,2,Provence-Alpes-Cote dAzur,Bouches-du-Rhône,0.943007,0.937346,0.957245,0.948209,-0.009035,0.92,0.9203,0.014238,0.010863,0.037245,0.027909,geospatial_subdivision_match_plus_bounded_urban_premium,higher,modeled_city_estimate_not_official_undp_city_hdi,2995469
Yokohama,Japan,JPN,JP,Asia/Pacific,35.43333,139.65,3777491,False,2,"Southern-Kanto (Saitama, Chiba, Tokyo, Kanagawa, Yamanashi, Nagano)",Kanagawa,0.957872,0.933606,0.973078,0.94644,-0.026638,0.925,0.9078,0.015206,0.012834,0.048078,0.03864,geospatial_subdivision_match_plus_bounded_urban_premium,higher,modeled_city_estimate_not_official_undp_city_hdi,1848354
Ljubljana,Slovenia,SVN,SI,Europe,46.05108,14.50513,272220,True,1,Ljubljana,Ljubljana,0.931,0.931,0.950732,0.94596,-0.004772,0.931,0.931,0.019732,0.01496,0.019732,0.01496,national_fallback_plus_bounded_urban_premium,modeled,modeled_city_estimate_not_official_undp_city_hdi,3196359
Toulouse,France,FRA,FR,Europe,43.60426,1.44367,511684,False,4,Midi-Pyrenees,Haute-Garonne,0.942007,0.936486,0.954419,0.945864,-0.008555,0.92,0.9203,0.012412,0.009378,0.034419,0.025564,manual_subdivision_override_plus_bounded_urban_premium,higher,modeled_city_estimate_not_official_undp_city_hdi,2972315
Nice,France,FRA,FR,Europe,43.70313,7.26608,342669,False,5,Provence-Alpes-Cote dAzur,Alpes-Maritimes,0.943007,0.937346,0.954189,0.945762,-0.008427,0.92,0.9203,0.011182,0.008416,0.034189,0.025462,geospatial_subdivision_match_plus_bounded_urban_premium,higher,modeled_city_estimate_not_official_undp_city_hdi,2990440
Jerusalem,Israel,ISR,IL,,31.76904,35.21633,971800,True,1,Jerusalem,Jerusalem,0.919,0.9284,0.941376,0.945001,0.003625,0.919,0.9284,0.022376,0.016601,0.022376,0.016601,national_fallback_plus_bounded_urban_premium,modeled,modeled_city_estimate_not_official_undp_city_hdi,281184
Santiago,Chile,CHL,CL,America,-33.45694,-70.64827,4837295,True,1,Region Metropolitana,Región Metropolitana de Santiago,0.915808,0.926169,0.940871,0.944767,0.003896,0.878,0.8974,0.025063,0.018598,0.062871,0.047367,geospatial_subdivision_match_plus_bounded_urban_premium,higher,modeled_city_estimate_not_official_undp_city_hdi,3871336
Athens,Greece,GRC,GR,Europe,37.98376,23.72784,664046,True,1,Attiki,Attiki,0.945326,0.92783,0.965179,0.94399,-0.021189,0.908,0.8976,0.019853,0.01616,0.057179,0.04639,geospatial_subdivision_match_plus_bounded_urban_premium,higher,modeled_city_estimate_not_official_undp_city_hdi,264371
Lisbon,Portugal,PRT,PT,Europe,38.72509,-9.1498,517802,True,1,Area Metropolitana de Lisboa,Lisboa,0.931299,0.92743,0.951985,0.943299,-0.008686,0.89,0.8952,0.020686,0.015869,0.061985,0.048099,geospatial_subdivision_match_plus_bounded_urban_premium,higher,modeled_city_estimate_not_official_undp_city_hdi,2267057
Valletta,Malta,MLT,MT,,35.89968,14.5148,6794,True,1,Valletta,Valletta,0.924,0.9302,0.941327,0.943045,0.001718,0.924,0.9302,0.017327,0.012845,0.017327,0.012845,national_fallback_plus_bounded_urban_premium,modeled,modeled_city_estimate_not_official_undp_city_hdi,2562305
Luxembourg,Luxembourg,LUX,LU,,49.60982,6.13268,76684,True,1,Luxembourg,Luxembourg,0.922,0.9288,0.940119,0.94223,0.00211,0.922,0.9288,0.018119,0.01343,0.018119,0.01343,national_fallback_plus_bounded_urban_premium,modeled,modeled_city_estimate_not_official_undp_city_hdi,2960316
Kampung Baru Subang,Malaysia,MYS,MY,Asia/Pacific,3.15,101.53333,833571,False,3,Selangor,Selangor,0.867244,0.931509,0.883296,0.942022,0.058726,0.819,0.8951,0.016052,0.010513,0.064296,0.046922,geospatial_subdivision_match_plus_bounded_urban_premium,higher,modeled_city_estimate_not_official_undp_city_hdi,1771023
Petaling Jaya,Malaysia,MYS,MY,Asia/Pacific,3.10726,101.60671,807879,False,4,Selangor,Selangor,0.867244,0.931509,0.882652,0.941581,0.05893,0.819,0.8951,0.015408,0.010072,0.063652,0.046481,geospatial_subdivision_match_plus_bounded_urban_premium,higher,modeled_city_estimate_not_official_undp_city_hdi,1735158
Busan,South Korea,KOR,KR,Asia/Pacific,35.10168,129.03004,3285147,False,2,Gyeongnam Region,Busan,0.945796,0.928666,0.961908,0.941438,-0.020469,0.937,0.9244,0.016112,0.012772,0.024908,0.017038,geospatial_regional_match_plus_bounded_urban_premium,higher,modeled_city_estimate_not_official_undp_city_hdi,1838524
Riyadh,Saudi Arabia,SAU,SA,Asia/Pacific,24.68773,46.72185,4205961,True,1,"Center (Riadh, Qassim)",Ar Riyad,0.923506,0.922226,0.947824,0.940823,-0.007001,0.9,0.904,0.024318,0.018597,0.047824,0.036823,geospatial_subdivision_match_plus_bounded_urban_premium,higher,modeled_city_estimate_not_official_undp_city_hdi,108410
Maribor,Slovenia,SVN,SI,Europe,46.55583,15.64593,96209,False,2,Urban Municipality of Maribor,Maribor,0.931,0.931,0.941742,0.938941,-0.002801,0.931,0.931,0.010742,0.007941,0.010742,0.007941,national_fallback_plus_bounded_urban_premium,modeled,modeled_city_estimate_not_official_undp_city_hdi,3195506
San Marino,San Marino,SMR,SM,,43.93667,12.44639,4500,True,1,San Marino,Borgo Maggiore,0.915,0.926,0.932614,0.938937,0.006324,0.915,0.926,0.017614,0.012937,0.017614,0.012937,national_fallback_plus_bounded_urban_premium,modeled,modeled_city_estimate_not_official_undp_city_hdi,3168070
Graz,Austria,AUT,AT,Europe,47.06733,15.44197,303270,False,2,Steiermark,Steiermark,0.928014,0.928972,0.940921,0.938542,-0.00238,0.93,0.9328,0.012907,0.00957,0.010921,0.005742,geospatial_subdivision_match_plus_bounded_urban_premium,higher,modeled_city_estimate_not_official_undp_city_hdi,2778067
Tel Aviv,Israel,ISR,IL,,32.08088,34.78057,432892,False,2,Tel Aviv,Tel Aviv,0.919,0.9284,0.93274,0.938467,0.005728,0.919,0.9284,0.01374,0.010067,0.01374,0.010067,national_fallback_plus_bounded_urban_premium,modeled,modeled_city_estimate_not_official_undp_city_hdi,293397
Rome,Italy,ITA,IT,Europe,41.89193,12.51133,2318895,True,1,Lazio,Roma,0.937465,0.920108,0.959774,0.938062,-0.021712,0.915,0.9032,0.022309,0.017954,0.044774,0.034862,geospatial_subdivision_match_plus_bounded_urban_premium,higher,modeled_city_estimate_not_official_undp_city_hdi,3169070
Linz,Austria,AUT,AT,Europe,48.30639,14.28611,204846,False,3,Oberosterreich,Oberösterreich,0.923014,0.924678,0.936863,0.938016,0.001153,0.93,0.9328,0.013849,0.013338,0.006863,0.005216,geospatial_subdivision_match_plus_bounded_urban_premium,higher,modeled_city_estimate_not_official_undp_city_hdi,2772400
West Jerusalem,Israel,ISR,IL,,31.78199,35.21961,400000,False,3,Jerusalem,Jerusalem,0.919,0.9284,0.932049,0.937953,0.005903,0.919,0.9284,0.013049,0.009553,0.013049,0.009553,national_fallback_plus_bounded_urban_premium,modeled,modeled_city_estimate_not_official_undp_city_hdi,7498240
Celje,Slovenia,SVN,SI,Europe,46.23092,15.26044,38059,False,3,Urban Municipality of Celje,Celje,0.931,0.931,0.93994,0.937578,-0.002362,0.931,0.931,0.00894,0.006578,0.00894,0.006578,national_fallback_plus_bounded_urban_premium,modeled,modeled_city_estimate_not_official_undp_city_hdi,3202781
Andorra la Vella,Andorra,AND,AD,,42.50779,1.52109,20430,True,1,Andorra la Vella,Andorra la Vella,0.913,0.9243,0.930669,0.937272,0.006602,0.913,0.9243,0.017669,0.012972,0.017669,0.012972,national_fallback_plus_bounded_urban_premium,modeled,modeled_city_estimate_not_official_undp_city_hdi,3041563
San Pawl il-Bahar,Malta,MLT,MT,,35.95064,14.41561,32042,False,2,Saint Paul's Bay,San Pawl il-Bahar,0.924,0.9302,0.933587,0.93721,0.003623,0.924,0.9302,0.009587,0.00701,0.009587,0.00701,national_fallback_plus_bounded_urban_premium,modeled,modeled_city_estimate_not_official_undp_city_hdi,2562541
Kranj,Slovenia,SVN,SI,Europe,46.23887,14.35561,37966,False,4,Urban Municipality of Kranj,Kranj,0.931,0.931,0.939368,0.937148,-0.00222,0.931,0.931,0.008368,0.006148,0.008368,0.006148,national_fallback_plus_bounded_urban_premium,modeled,modeled_city_estimate_not_official_undp_city_hdi,3197378
Haifa,Israel,ISR,IL,,32.81303,34.99928,285316,False,4,Haifa,Haifa,0.919,0.9284,0.930862,0.937069,0.006208,0.919,0.9284,0.011862,0.008669,0.011862,0.008669,national_fallback_plus_bounded_urban_premium,modeled,modeled_city_estimate_not_official_undp_city_hdi,294801
Birkirkara,Malta,MLT,MT,,35.89706,14.46115,24356,False,3,Birkirkara,Birkirkara,0.924,0.9302,0.933011,0.936782,0.003771,0.924,0.9302,0.009011,0.006582,0.009011,0.006582,national_fallback_plus_bounded_urban_premium,modeled,modeled_city_estimate_not_official_undp_city_hdi,2563191
Koper,Slovenia,SVN,SI,Europe,45.5482,13.72963,25753,False,5,Urban Municipality of Koper,Koper,0.931,0.931,0.938789,0.936714,-0.002075,0.931,0.931,0.007789,0.005714,0.007789,0.005714,national_fallback_plus_bounded_urban_premium,modeled,modeled_city_estimate_not_official_undp_city_hdi,3197753
Puente Alto,Chile,CHL,CL,America,-33.61169,-70.57577,568106,False,2,Region Metropolitana,Región Metropolitana de Santiago,0.915808,0.926169,0.930138,0.936639,0.006501,0.878,0.8974,0.01433,0.01047,0.052138,0.039239,geospatial_subdivision_match_plus_bounded_urban_premium,higher,modeled_city_estimate_not_official_undp_city_hdi,3875024
Rishon LeTsiyyon,Israel,ISR,IL,,31.97102,34.78939,258535,False,5,Central District,HaMerkaz,0.919,0.9284,0.930112,0.936513,0.006401,0.919,0.9284,0.011112,0.008113,0.011112,0.008113,national_fallback_plus_bounded_urban_premium,modeled,modeled_city_estimate_not_official_undp_city_hdi,293703
Mosta,Malta,MLT,MT,,35.90942,14.42566,23482,False,4,Il-Mosta,Mosta,0.924,0.9302,0.93243,0.936352,0.003922,0.924,0.9302,0.00843,0.006152,0.00843,0.006152,national_fallback_plus_bounded_urban_premium,modeled,modeled_city_estimate_not_official_undp_city_hdi,2562704
Maipu,Chile,CHL,CL,America,-33.51421,-70.7651,503635,False,3,Region Metropolitana,Región Metropolitana de Santiago,0.915808,0.926169,0.929371,0.936067,0.006696,0.878,0.8974,0.013563,0.009898,0.051371,0.038667,geospatial_subdivision_match_plus_bounded_urban_premium,higher,modeled_city_estimate_not_official_undp_city_hdi,3880980
Sliema,Malta,MLT,MT,,35.91247,14.50175,22591,False,5,Tas-Sliema,Sliema,0.924,0.9302,0.931843,0.935918,0.004075,0.924,0.9302,0.007843,0.005718,0.007843,0.005718,national_fallback_plus_bounded_urban_premium,modeled,modeled_city_estimate_not_official_undp_city_hdi,2562501
Esch-sur-Alzette,Luxembourg,LUX,LU,,49.49583,5.98056,36625,False,2,Esch-sur-Alzette,Luxembourg,0.922,0.9288,0.931607,0.935819,0.004212,0.922,0.9288,0.009607,0.007019,0.009607,0.007019,national_fallback_plus_bounded_urban_premium,modeled,modeled_city_estimate_not_official_undp_city_hdi,2960596
Piraeus,Greece,GRC,GR,Europe,37.94203,23.64619,163688,False,4,Attiki,Attiki,0.945326,0.92783,0.955664,0.935716,-0.019948,0.908,0.8976,0.010338,0.007886,0.047664,0.038116,geospatial_subdivision_match_plus_bounded_urban_premium,higher,modeled_city_estimate_not_official_undp_city_hdi,255274
Qormi,Malta,MLT,MT,,35.87601,14.472,16801,False,6,Qormi,Qormi,0.924,0.9302,0.93125,0.935481,0.00423,0.924,0.9302,0.00725,0.005281,0.00725,0.005281,national_fallback_plus_bounded_urban_premium,modeled,modeled_city_estimate_not_official_undp_city_hdi,2562629
Amadora,Portugal,PRT,PT,Europe,38.75382,-9.23083,178858,False,4,Area Metropolitana de Lisboa,Lisboa,0.931299,0.92743,0.942094,0.935446,-0.006649,0.89,0.8952,0.010795,0.008016,0.052094,0.040246,geospatial_subdivision_match_plus_bounded_urban_premium,higher,modeled_city_estimate_not_official_undp_city_hdi,2271772
Dudelange,Luxembourg,LUX,LU,,49.48056,6.0875,18013,False,3,Esch-sur-Alzette,Luxembourg,0.922,0.9288,0.931029,0.93539,0.004362,0.922,0.9288,0.009029,0.00659,0.009029,0.00659,national_fallback_plus_bounded_urban_premium,modeled,modeled_city_estimate_not_official_undp_city_hdi,2960634
Nicosia,Cyprus,CYP,CY,,35.17284,33.35397,200452,True,1,Nicosia,Nicosia,0.913,0.9202,0.933063,0.935072,0.002009,0.913,0.9202,0.020063,0.014872,0.020063,0.014872,national_fallback_plus_bounded_urban_premium,modeled,modeled_city_estimate_not_official_undp_city_hdi,146268
Colon,Panama,PAN,PA,America,9.36025,-79.90019,78000,False,5,Colon,Colon,0.902228,0.928267,0.911789,0.934649,0.022861,0.839,0.8825,0.009561,0.006382,0.072789,0.052149,admin_subdivision_match_plus_bounded_urban_premium,moderate,modeled_city_estimate_not_official_undp_city_hdi,3712076
Wroclaw,Poland,POL,PL,Europe,51.10286,17.03006,672545,False,3,Dolnoslaskie,Lower Silesian,0.929963,0.923181,0.94372,0.933516,-0.010204,0.906,0.906,0.013757,0.010335,0.03772,0.027516,geospatial_subdivision_match_plus_bounded_urban_premium,higher,modeled_city_estimate_not_official_undp_city_hdi,3081368
Manama,Bahrain,BHR,BH,,26.22787,50.58565,147074,True,1,Manama,Al Manāmah,0.899,0.918,0.918941,0.932517,0.013576,0.899,0.918,0.019941,0.014517,0.019941,0.014517,national_fallback_plus_bounded_urban_premium,modeled,modeled_city_estimate_not_official_undp_city_hdi,290340
Daegu,South Korea,KOR,KR,Asia/Pacific,35.87028,128.59111,2365523,False,4,Gyeongbuk Region,Daegu,0.884796,0.876206,0.942619,0.932073,-0.010547,0.937,0.9244,0.057823,0.055867,0.005619,0.007673,geospatial_regional_match_plus_bounded_urban_premium,higher,modeled_city_estimate_not_official_undp_city_hdi,1835329
Jakarta,Indonesia,IDN,ID,Asia/Pacific,-6.21462,106.84513,8540121,True,1,DKI Jakarta,Jakarta Raya,0.780126,0.911657,0.811957,0.931602,0.119645,0.728,0.8724,0.031831,0.019945,0.083957,0.059202,geospatial_subdivision_match_plus_bounded_urban_premium,higher,modeled_city_estimate_not_official_undp_city_hdi,1642911
Daejeon,South Korea,KOR,KR,Asia/Pacific,36.34913,127.38493,1441203,False,5,Chungcheong Region,Daejeon,0.931796,0.916626,0.946441,0.931575,-0.014866,0.937,0.9244,0.014645,0.014949,0.009441,0.007175,geospatial_regional_match_plus_bounded_urban_premium,higher,modeled_city_estimate_not_official_undp_city_hdi,1835235
les Escaldes,Andorra,AND,AD,,42.50729,1.53414,15853,False,2,Escaldes-Engordany,Escaldes-Engordany,0.913,0.9243,0.922686,0.931346,0.00866,0.913,0.9243,0.009686,0.007046,0.009686,0.007046,national_fallback_plus_bounded_urban_premium,modeled,modeled_city_estimate_not_official_undp_city_hdi,3040051
Kaunas,Lithuania,LTU,LT,Europe,54.90156,23.90909,289380,False,2,Kaunas County,Kauno,0.916127,0.921492,0.929168,0.931078,0.001909,0.895,0.9081,0.013041,0.009586,0.034168,0.022978,geospatial_subdivision_match_plus_bounded_urban_premium,higher,modeled_city_estimate_not_official_undp_city_hdi,598316
Krakow,Poland,POL,PL,Europe,50.06143,19.93658,816614,False,2,Malopolskie,Lesser Poland,0.924963,0.918881,0.939714,0.929944,-0.00977,0.906,0.906,0.014751,0.011063,0.033714,0.023944,geospatial_subdivision_match_plus_bounded_urban_premium,higher,modeled_city_estimate_not_official_undp_city_hdi,3094802
Zaragoza,Spain,ESP,ES,Europe,41.65606,-0.87734,686986,False,4,Aragon,Zaragoza,0.927971,0.919815,0.941292,0.929805,-0.011486,0.918,0.9141,0.013321,0.00999,0.023292,0.015705,geospatial_subdivision_match_plus_bounded_urban_premium,higher,modeled_city_estimate_not_official_undp_city_hdi,3104324
Limassol,Cyprus,CYP,CY,,34.68406,33.03794,154000,False,2,Limassol,Limassol,0.913,0.9202,0.924886,0.9289,0.004015,0.913,0.9202,0.011886,0.0087,0.011886,0.0087,national_fallback_plus_bounded_urban_premium,modeled,modeled_city_estimate_not_official_undp_city_hdi,146384
Tbilisi,Georgia,GEO,GE,Asia/Pacific,41.69143,44.83412,1049498,True,1,Tbilisi,Tbilisi,0.888485,0.911572,0.912688,0.928822,0.016134,0.844,0.8771,0.024203,0.01725,0.068688,0.051722,geospatial_subdivision_match_plus_bounded_urban_premium,higher,modeled_city_estimate_not_official_undp_city_hdi,611717
Antofagasta,Chile,CHL,CL,America,-23.65094,-70.39752,401096,False,4,Antofagasta,Antofagasta,0.907808,0.919348,0.920497,0.928582,0.008085,0.878,0.8974,0.012689,0.009234,0.042497,0.031182,geospatial_subdivision_match_plus_bounded_urban_premium,higher,modeled_city_estimate_not_official_undp_city_hdi,3899539
Brno,Czechia,CZE,CZ,Europe,49.19522,16.60796,379466,False,2,South Moravian,Jihomoravský,0.915,0.918,0.928567,0.928001,-0.000565,0.915,0.918,0.013567,0.010001,0.013567,0.010001,national_fallback_plus_bounded_urban_premium,modeled,modeled_city_estimate_not_official_undp_city_hdi,3078610
Larnaca,Cyprus,CYP,CY,,34.9221,33.62794,72000,False,3,Larnaka,Larnaca,0.913,0.9202,0.922826,0.927371,0.004545,0.913,0.9202,0.009826,0.007171,0.009826,0.007171,national_fallback_plus_bounded_urban_premium,modeled,modeled_city_estimate_not_official_undp_city_hdi,146400
Doha,Qatar,QAT,QA,,25.28545,51.53096,344939,True,1,Baladiyat ad Dawhah,Ad Dawhah,0.886,0.9113,0.907775,0.927072,0.019298,0.886,0.9113,0.021775,0.015772,0.021775,0.015772,national_fallback_plus_bounded_urban_premium,modeled,modeled_city_estimate_not_official_undp_city_hdi,290030
Al Muharraq,Bahrain,BHR,BH,,26.25722,50.61194,176583,False,2,Muharraq,Al Muḩarraq,0.899,0.918,0.911298,0.926913,0.015615,0.899,0.918,0.012298,0.008913,0.012298,0.008913,national_fallback_plus_bounded_urban_premium,modeled,modeled_city_estimate_not_official_undp_city_hdi,290332
Strovolos,Cyprus,CYP,CY,,35.14867,33.33384,67904,False,4,Nicosia,Nicosia,0.913,0.9202,0.922122,0.926851,0.004729,0.913,0.9202,0.009122,0.006651,0.009122,0.006651,national_fallback_plus_bounded_urban_premium,modeled,modeled_city_estimate_not_official_undp_city_hdi,146054
Montevideo,Uruguay,URY,UY,America,-34.90328,-56.18816,1270737,True,1,Montevideo and Metropolitan area,Montevideo,0.892392,0.909285,0.916548,0.926796,0.010248,0.862,0.8861,0.024156,0.017511,0.054548,0.040696,geospatial_subdivision_match_plus_bounded_urban_premium,higher,modeled_city_estimate_not_official_undp_city_hdi,3441575
David,Panama,PAN,PA,America,8.42729,-82.43085,82907,False,4,Chiriqui,Chiriquí,0.892228,0.919832,0.902566,0.926779,0.024213,0.839,0.8825,0.010338,0.006947,0.063566,0.044279,geospatial_subdivision_match_plus_bounded_urban_premium,higher,modeled_city_estimate_not_official_undp_city_hdi,3711668
Barcelona,Spain,ESP,ES,Europe,41.38879,2.15899,1686208,False,2,Catalonia,Barcelona,0.918,0.9141,0.934214,0.926223,-0.007991,0.918,0.9141,0.016214,0.012123,0.016214,0.012123,national_fallback_plus_bounded_urban_premium,modeled,modeled_city_estimate_not_official_undp_city_hdi,3128760
Madinat Hamad,Bahrain,BHR,BH,,26.11528,50.50694,133550,False,3,Northern,Ash Shamālīyah,0.899,0.918,0.910163,0.926085,0.015922,0.899,0.918,0.011163,0.008085,0.011163,0.008085,national_fallback_plus_bounded_urban_premium,modeled,modeled_city_estimate_not_official_undp_city_hdi,290247
Pilsen,Czechia,CZE,CZ,Europe,49.74747,13.37759,168733,False,4,Plzen Region,Plzeňský,0.915,0.918,0.925901,0.925997,9.6e-05,0.915,0.918,0.010901,0.007997,0.010901,0.007997,national_fallback_plus_bounded_urban_premium,modeled,modeled_city_estimate_not_official_undp_city_hdi,3068160
Famagusta,Cyprus,CYP,CY,,35.12489,33.94135,42526,False,5,Ammochostos,Ammochostos,0.913,0.9202,0.920909,0.925956,0.005047,0.913,0.9202,0.007909,0.005756,0.007909,0.005756,national_fallback_plus_bounded_urban_premium,modeled,modeled_city_estimate_not_official_undp_city_hdi,146617
Ar Rifa',Bahrain,BHR,BH,,26.13,50.555,115495,False,4,Southern Governorate,Al Wusţá,0.899,0.918,0.909282,0.925444,0.016162,0.899,0.918,0.010282,0.007444,0.010282,0.007444,national_fallback_plus_bounded_urban_premium,modeled,modeled_city_estimate_not_official_undp_city_hdi,385038
Osaka,Japan,JPN,JP,Asia/Pacific,34.69379,135.50107,2753862,False,3,"Kansai region (Shiga, Kyoto, Osaka, Hyogo, Nara, Wakayama)",Ōsaka,0.933872,0.912966,0.949896,0.925373,-0.024522,0.925,0.9078,0.016024,0.012407,0.024896,0.017573,geospatial_subdivision_match_plus_bounded_urban_premium,higher,modeled_city_estimate_not_official_undp_city_hdi,1853909
Liberec,Czechia,CZE,CZ,Europe,50.76711,15.05619,102951,False,5,Liberec Region,Liberecký,0.915,0.918,0.924351,0.924841,0.00049,0.915,0.918,0.009351,0.006841,0.009351,0.006841,national_fallback_plus_bounded_urban_premium,modeled,modeled_city_estimate_not_official_undp_city_hdi,3071961
Klaipeda,Lithuania,LTU,LT,Europe,55.7068,21.13912,172292,False,3,Klaipeda County,Klaipedos,0.910127,0.916362,0.921693,0.924827,0.003134,0.895,0.9081,0.011566,0.008465,0.026693,0.016727,geospatial_subdivision_match_plus_bounded_urban_premium,higher,modeled_city_estimate_not_official_undp_city_hdi,598098
Sitrah,Bahrain,BHR,BH,,26.15472,50.62056,72601,False,5,Manama,Al Wusţá,0.899,0.918,0.90774,0.924322,0.016582,0.899,0.918,0.00874,0.006322,0.00874,0.006322,national_fallback_plus_bounded_urban_premium,modeled,modeled_city_estimate_not_official_undp_city_hdi,290104
Istanbul,Turkey,TUR,TR,Asia/Pacific,41.01384,28.94966,15701602,False,2,Istanbul,Istanbul,0.894565,0.9094,0.914925,0.924057,0.009132,0.853,0.8768,0.02036,0.014657,0.061925,0.047257,geospatial_subdivision_match_plus_bounded_urban_premium,higher,modeled_city_estimate_not_official_undp_city_hdi,745044
Poznan,Poland,POL,PL,Europe,52.40692,16.92993,536151,False,5,Wielkopolskie,Greater Poland,0.919963,0.914581,0.932444,0.923847,-0.008598,0.906,0.906,0.012481,0.009266,0.026444,0.017847,geospatial_subdivision_match_plus_bounded_urban_premium,higher,modeled_city_estimate_not_official_undp_city_hdi,3088171
Tallinn,Estonia,EST,EE,Europe,59.43696,24.75353,394024,True,1,Harjumaa,Harju,0.905,0.9078,0.926485,0.923817,-0.002668,0.905,0.9078,0.021485,0.016017,0.021485,0.016017,national_fallback_plus_bounded_urban_premium,modeled,modeled_city_estimate_not_official_undp_city_hdi,588409
Sevilla,Spain,ESP,ES,Europe,37.38283,-5.97317,686741,False,5,Andalusia,Sevilla,0.918,0.9141,0.930976,0.923724,-0.007252,0.918,0.9141,0.012976,0.009624,0.012976,0.009624,national_fallback_plus_bounded_urban_premium,modeled,modeled_city_estimate_not_official_undp_city_hdi,2510911
Ostrava,Czechia,CZE,CZ,Europe,49.83465,18.28204,279791,False,3,Stredni Morava,Moravskoslezský,0.908285,0.906756,0.922275,0.923529,0.001254,0.915,0.918,0.01399,0.016773,0.007275,0.005529,geospatial_subdivision_match_plus_bounded_urban_premium,higher,modeled_city_estimate_not_official_undp_city_hdi,3068799
New Delhi,India,IND,IN,Asia/Pacific,28.62137,77.2148,317797,True,1,New Delhi,Delhi,0.778751,0.906813,0.804855,0.923198,0.118343,0.685,0.8358,0.026104,0.016385,0.119855,0.087398,geospatial_subdivision_match_plus_bounded_urban_premium,higher,modeled_city_estimate_not_official_undp_city_hdi,1261481
Nagoya,Japan,JPN,JP,Asia/Pacific,35.18147,136.90641,2332176,False,4,"Toukai (Gifu, Shizuoka, Aichi, Mie)",Aichi,0.931872,0.911246,0.947207,0.923037,-0.02417,0.925,0.9078,0.015335,0.011791,0.022207,0.015237,geospatial_subdivision_match_plus_bounded_urban_premium,higher,modeled_city_estimate_not_official_undp_city_hdi,1856057
Vina del Mar,Chile,CHL,CL,America,-33.02457,-71.55183,334248,False,5,Valparaiso (former Aconcagua),Valparaíso,0.901808,0.914232,0.913632,0.922818,0.009186,0.878,0.8974,0.011824,0.008586,0.035632,0.025418,geospatial_subdivision_match_plus_bounded_urban_premium,higher,modeled_city_estimate_not_official_undp_city_hdi,3868121
Delhi,India,IND,IN,Asia/Pacific,28.65195,77.23149,11034555,False,3,New Delhi,Delhi,0.778751,0.906813,0.802628,0.9217,0.119072,0.685,0.8358,0.023877,0.014887,0.117628,0.0859,geospatial_subdivision_match_plus_bounded_urban_premium,higher,modeled_city_estimate_not_official_undp_city_hdi,1273294
Ar Rayyan,Qatar,QAT,QA,,25.29194,51.42444,272465,False,2,Baladiyat ar Rayyan,Ar Rayyān,0.886,0.9113,0.899267,0.920886,0.021619,0.886,0.9113,0.013267,0.009586,0.013267,0.009586,national_fallback_plus_bounded_urban_premium,modeled,modeled_city_estimate_not_official_undp_city_hdi,289888
Valencia,Spain,ESP,ES,Europe,39.47391,-0.37966,824340,False,3,Comunidad Valenciana,Valencia,0.909971,0.904335,0.926703,0.920714,-0.005989,0.918,0.9141,0.016732,0.016379,0.008703,0.006614,geospatial_subdivision_match_plus_bounded_urban_premium,higher,modeled_city_estimate_not_official_undp_city_hdi,2509954
Split,Croatia,HRV,HR,Europe,43.50891,16.43915,149830,False,2,County of Split-Dalmatia,Split-Dalmatia,0.904959,0.9119,0.916879,0.920618,0.003739,0.889,0.9036,0.01192,0.008718,0.027879,0.017018,admin_subdivision_match_plus_bounded_urban_premium,moderate,modeled_city_estimate_not_official_undp_city_hdi,3190261
Lusail,Qatar,QAT,QA,,25.4175,51.5075,198600,False,3,Al Daayen,Al Daayen,0.886,0.9113,0.898049,0.920003,0.021954,0.886,0.9113,0.012049,0.008703,0.012049,0.008703,national_fallback_plus_bounded_urban_premium,modeled,modeled_city_estimate_not_official_undp_city_hdi,13512674
Al Matar al 'Atiq,Qatar,QAT,QA,,25.25138,51.55569,76774,False,4,Baladiyat ad Dawhah,Ad Dawhah,0.886,0.9113,0.895517,0.918169,0.022653,0.886,0.9113,0.009517,0.006869,0.009517,0.006869,national_fallback_plus_bounded_urban_premium,modeled,modeled_city_estimate_not_official_undp_city_hdi,12242643
Al Mansurah,Qatar,QAT,QA,,25.26807,51.53219,65493,False,5,Baladiyat ad Dawhah,Ad Dawhah,0.886,0.9113,0.894578,0.91749,0.022912,0.886,0.9113,0.008578,0.00619,0.008578,0.00619,national_fallback_plus_bounded_urban_premium,modeled,modeled_city_estimate_not_official_undp_city_hdi,411759
Lasnamaee,Estonia,EST,EE,Europe,59.4336,24.86017,115008,False,2,Harjumaa,Harju,0.905,0.9078,0.916401,0.916154,-0.000246,0.905,0.9078,0.011401,0.008354,0.011401,0.008354,national_fallback_plus_bounded_urban_premium,modeled,modeled_city_estimate_not_official_undp_city_hdi,590775
Shenzhen,China,CHN,CN,Asia/Pacific,22.54554,114.0683,17494398,False,3,Guangdong,Guangdong,0.826313,0.901211,0.847982,0.915544,0.067562,0.797,0.8801,0.021669,0.014333,0.050982,0.035444,geospatial_subdivision_match_plus_bounded_urban_premium,higher,modeled_city_estimate_not_official_undp_city_hdi,1795565
Tartu,Estonia,EST,EE,Europe,58.38062,26.72509,91407,False,3,Tartu,Tartu,0.905,0.9078,0.915362,0.915381,1.8e-05,0.905,0.9078,0.010362,0.007581,0.010362,0.007581,national_fallback_plus_bounded_urban_premium,modeled,modeled_city_estimate_not_official_undp_city_hdi,588335
Almaty,Kazakhstan,KAZ,KZ,Asia/Pacific,43.25249,76.9115,1977011,False,2,Almaty city,Almaty City,0.859682,0.90282,0.877786,0.915293,0.037508,0.837,0.8857,0.018104,0.012473,0.040786,0.029593,geospatial_subdivision_match_plus_bounded_urban_premium,higher,modeled_city_estimate_not_official_undp_city_hdi,1526384
Sapporo,Japan,JPN,JP,Asia/Pacific,43.06667,141.35,1973832,False,5,Hokkaido,Hokkaidō,0.904872,0.888026,0.934856,0.915291,-0.019566,0.925,0.9078,0.029984,0.027265,0.009856,0.007491,geospatial_subdivision_match_plus_bounded_urban_premium,higher,modeled_city_estimate_not_official_undp_city_hdi,2128295
Milan,Italy,ITA,IT,Europe,45.46427,9.18951,1371498,False,2,Lombardy,Milano,0.915,0.9032,0.930919,0.915155,-0.015764,0.915,0.9032,0.015919,0.011955,0.015919,0.011955,national_fallback_plus_bounded_urban_premium,modeled,modeled_city_estimate_not_official_undp_city_hdi,3173435
Guangzhou,China,CHN,CN,Asia/Pacific,23.11667,113.25,16096724,False,4,Guangdong,Guangdong,0.826313,0.901211,0.847401,0.915139,0.067738,0.797,0.8801,0.021088,0.013928,0.050401,0.035039,geospatial_subdivision_match_plus_bounded_urban_premium,higher,modeled_city_estimate_not_official_undp_city_hdi,1809858
Turin,Italy,ITA,IT,Europe,45.07049,7.68682,847287,False,4,Piemonte,Turin,0.919465,0.904628,0.933348,0.915047,-0.0183,0.915,0.9032,0.013883,0.010419,0.018348,0.011847,geospatial_subdivision_match_plus_bounded_urban_premium,higher,modeled_city_estimate_not_official_undp_city_hdi,3165524
Mustamaee,Estonia,EST,EE,Europe,59.40482,24.68119,67968,False,4,Harjumaa,Harju,0.905,0.9078,0.914175,0.914499,0.000324,0.905,0.9078,0.009175,0.006699,0.009175,0.006699,national_fallback_plus_bounded_urban_premium,modeled,modeled_city_estimate_not_official_undp_city_hdi,794965
Ankara,Turkey,TUR,TR,Asia/Pacific,39.91987,32.85427,3517182,True,1,"West Anatolia (Ankara, Konya, Karaman)",Ankara,0.877565,0.894933,0.904062,0.914134,0.010072,0.853,0.8768,0.026497,0.019201,0.051062,0.037334,geospatial_subdivision_match_plus_bounded_urban_premium,higher,modeled_city_estimate_not_official_undp_city_hdi,323786
Kesklinn,Estonia,EST,EE,Europe,59.4355,24.75748,67766,False,5,Harjumaa,Harju,0.905,0.9078,0.91357,0.914052,0.000482,0.905,0.9078,0.00857,0.006252,0.00857,0.006252,national_fallback_plus_bounded_urban_premium,modeled,modeled_city_estimate_not_official_undp_city_hdi,795155
Siauliai,Lithuania,LTU,LT,Europe,55.93333,23.31667,99462,False,4,Siauliai County,Šiauliai,0.883127,0.893276,0.900909,0.912591,0.011682,0.895,0.9081,0.017782,0.019315,0.005909,0.004491,geospatial_subdivision_match_plus_bounded_urban_premium,higher,modeled_city_estimate_not_official_undp_city_hdi,594739
Panevezys,Lithuania,LTU,LT,Europe,55.73186,24.35983,85885,False,5,Panevezys County,Panevezio,0.881127,0.891566,0.900715,0.912443,0.011728,0.895,0.9081,0.019588,0.020877,0.005715,0.004343,geospatial_subdivision_match_plus_bounded_urban_premium,higher,modeled_city_estimate_not_official_undp_city_hdi,596128
Jeddah,Saudi Arabia,SAU,SA,Asia/Pacific,21.49012,39.18624,4697000,False,2,"West (Makka, Madinah, Tabuk)",Makkah,0.890506,0.893897,0.911002,0.912361,0.00136,0.9,0.904,0.020496,0.018464,0.011002,0.008361,geospatial_subdivision_match_plus_bounded_urban_premium,higher,modeled_city_estimate_not_official_undp_city_hdi,105343
Lodz,Poland,POL,PL,Europe,51.77058,19.47395,639890,False,4,Lodzkie,Łódź,0.901963,0.899101,0.915588,0.91236,-0.003229,0.906,0.906,0.013625,0.013259,0.009588,0.00636,geospatial_subdivision_match_plus_bounded_urban_premium,higher,modeled_city_estimate_not_official_undp_city_hdi,3093133
San Jose,Costa Rica,CRI,CR,America,9.93388,-84.08489,335007,True,1,San Jose,San José,0.851291,0.896127,0.874354,0.912124,0.03777,0.833,0.8826,0.023063,0.015997,0.041354,0.029524,geospatial_subdivision_match_plus_bounded_urban_premium,higher,modeled_city_estimate_not_official_undp_city_hdi,3621849
Makkah,Saudi Arabia,SAU,SA,Asia/Pacific,21.42664,39.82563,1578722,False,3,"West (Makka, Madinah, Tabuk)",Makkah,0.890506,0.893897,0.909561,0.911266,0.001705,0.9,0.904,0.019055,0.017369,0.009561,0.007266,geospatial_subdivision_match_plus_bounded_urban_premium,higher,modeled_city_estimate_not_official_undp_city_hdi,104515
Mexico City,Mexico,MEX,MX,America,19.42847,-99.12766,12294193,True,1,Distrito Federal,Distrito Federal,0.849949,0.889875,0.879955,0.911081,0.031127,0.789,0.8415,0.030006,0.021206,0.090955,0.069581,geospatial_subdivision_match_plus_bounded_urban_premium,higher,modeled_city_estimate_not_official_undp_city_hdi,3530597
Madinah,Saudi Arabia,SAU,SA,Asia/Pacific,24.46861,39.61417,1300000,False,4,"West (Makka, Madinah, Tabuk)",Al Madinah,0.890506,0.893897,0.909305,0.911071,0.001767,0.9,0.904,0.018799,0.017174,0.009305,0.007071,geospatial_subdivision_match_plus_bounded_urban_premium,higher,modeled_city_estimate_not_official_undp_city_hdi,109223
Dammam,Saudi Arabia,SAU,SA,Asia/Pacific,26.43442,50.10326,1252523,False,5,Eastern province,Ash Sharqiyah,0.881506,0.88617,0.909255,0.911034,0.001779,0.9,0.904,0.027749,0.024864,0.009255,0.007034,geospatial_subdivision_match_plus_bounded_urban_premium,higher,modeled_city_estimate_not_official_undp_city_hdi,110336
Johor Bahru,Malaysia,MYS,MY,Asia/Pacific,1.4655,103.7578,858118,False,2,Johor,Johor,0.828244,0.899097,0.845214,0.910421,0.065207,0.819,0.8951,0.01697,0.011324,0.026214,0.015321,geospatial_subdivision_match_plus_bounded_urban_premium,higher,modeled_city_estimate_not_official_undp_city_hdi,1732752
Naples,Italy,ITA,IT,Europe,40.85216,14.26811,909048,False,3,Campania,Napoli,0.875465,0.866788,0.923832,0.909912,-0.01392,0.915,0.9032,0.048367,0.043124,0.008832,0.006712,geospatial_subdivision_match_plus_bounded_urban_premium,higher,modeled_city_estimate_not_official_undp_city_hdi,3172394
Zadar,Croatia,HRV,HR,Europe,44.11578,15.22514,67309,False,5,County of Zadar,Zadar,0.894959,0.903355,0.90356,0.909608,0.006048,0.889,0.9036,0.008601,0.006253,0.01456,0.006008,admin_subdivision_match_plus_bounded_urban_premium,moderate,modeled_city_estimate_not_official_undp_city_hdi,3186952
Palermo,Italy,ITA,IT,Europe,38.1166,13.3636,648260,False,5,Sicilia,Palermo,0.867465,0.859908,0.923334,0.909573,-0.013761,0.915,0.9032,0.055869,0.049665,0.008334,0.006373,geospatial_subdivision_match_plus_bounded_urban_premium,higher,modeled_city_estimate_not_official_undp_city_hdi,2523920
Basseterre,Saint Kitts & Nevis,KNA,KN,,17.2955,-62.72499,12920,True,1,Saint George Basseterre,Saint George Basseterre,0.84,0.896,0.859396,0.909372,0.049976,0.84,0.896,0.019396,0.013372,0.019396,0.013372,national_fallback_plus_bounded_urban_premium,modeled,modeled_city_estimate_not_official_undp_city_hdi,3575551
Osijek,Croatia,HRV,HR,Europe,45.55066,18.6942,75535,False,4,County of Osijek-Baranja,Osjecko-Baranjska,0.875959,0.887121,0.894545,0.907814,0.013269,0.889,0.9036,0.018586,0.020693,0.005545,0.004214,geospatial_subdivision_match_plus_bounded_urban_premium,higher,modeled_city_estimate_not_official_undp_city_hdi,3193935
Kosice,Slovakia,SVK,SK,Europe,48.71441,21.25802,225044,False,2,Kosice Region,Košický,0.88,0.8976,0.892931,0.906992,0.014061,0.88,0.8976,0.012931,0.009392,0.012931,0.009392,national_fallback_plus_bounded_urban_premium,modeled,modeled_city_estimate_not_official_undp_city_hdi,724443
Lima,Peru,PER,PE,America,-12.04318,-77.02824,7737002,True,1,"West (Ancash, Lima, Callao)",Lima Province,0.862134,0.885535,0.891299,0.906622,0.015323,0.794,0.8335,0.029165,0.021087,0.097299,0.073122,geospatial_subdivision_match_plus_bounded_urban_premium,higher,modeled_city_estimate_not_official_undp_city_hdi,3936456
Daugavpils,Latvia,LVA,LV,Europe,55.88333,26.53333,78126,False,2,Daugavpils,Daugavpils,0.889,0.8983,0.899742,0.906122,0.00638,0.889,0.8983,0.010742,0.007822,0.010742,0.007822,national_fallback_plus_bounded_urban_premium,modeled,modeled_city_estimate_not_official_undp_city_hdi,460413
Astana,Kazakhstan,KAZ,KZ,Asia/Pacific,51.1801,71.44598,1544142,True,1,"North region (Akmolinskaya (incl Astana city), Kostnaiskaya, Pavlodarskaya, North-Kazakhstanskaya)",Astana,0.841682,0.887673,0.867705,0.905868,0.038162,0.837,0.8857,0.026023,0.018195,0.030705,0.020168,geospatial_subdivision_match_plus_bounded_urban_premium,higher,modeled_city_estimate_not_official_undp_city_hdi,1526273
Liepaja,Latvia,LVA,LV,Europe,56.50474,21.01085,67421,False,3,Liepaja,Liepāja,0.889,0.8983,0.898841,0.905459,0.006618,0.889,0.8983,0.009841,0.007159,0.009841,0.007159,national_fallback_plus_bounded_urban_premium,modeled,modeled_city_estimate_not_official_undp_city_hdi,457954
Yerevan,Armenia,ARM,AM,Asia/Pacific,40.17765,44.5126,1144700,True,1,Yerevan,Erevan,0.852716,0.886961,0.878395,0.905142,0.026747,0.811,0.8547,0.025679,0.018181,0.067395,0.050442,geospatial_subdivision_match_plus_bounded_urban_premium,higher,modeled_city_estimate_not_official_undp_city_hdi,616052
Porto,Portugal,PRT,PT,Europe,41.1485,-8.61097,252687,False,2,Porto,Porto,0.89,0.8952,0.903084,0.904775,0.001691,0.89,0.8952,0.013084,0.009575,0.013084,0.009575,national_fallback_plus_bounded_urban_premium,modeled,modeled_city_estimate_not_official_undp_city_hdi,2735943
Jelgava,Latvia,LVA,LV,Europe,56.65,23.71278,54834,False,4,Jelgava,Jelgava,0.889,0.8983,0.897809,0.904701,0.006892,0.889,0.8983,0.008809,0.006401,0.008809,0.006401,national_fallback_plus_bounded_urban_premium,modeled,modeled_city_estimate_not_official_undp_city_hdi,459279
Nitra,Slovakia,SVK,SK,Europe,48.30763,18.08453,86329,False,4,Nitra Region,Nitriansky,0.88,0.8976,0.889783,0.90469,0.014907,0.88,0.8976,0.009783,0.00709,0.009783,0.00709,national_fallback_plus_bounded_urban_premium,modeled,modeled_city_estimate_not_official_undp_city_hdi,3058531
San Francisco,Costa Rica,CRI,CR,America,9.9938,-84.12742,55923,False,3,Heredia,Heredia,0.853291,0.89781,0.863683,0.904688,0.041006,0.833,0.8826,0.010392,0.006878,0.030683,0.022088,geospatial_subdivision_match_plus_bounded_urban_premium,higher,modeled_city_estimate_not_official_undp_city_hdi,3621911
Maldonado,Uruguay,URY,UY,America,-34.89791,-54.95021,102000,False,3,"Costa Este (Canelones, Maldonado and Rocha)",Maldonado,0.877392,0.896523,0.888441,0.90431,0.015868,0.862,0.8861,0.011049,0.007787,0.026441,0.01821,geospatial_subdivision_match_plus_bounded_urban_premium,higher,modeled_city_estimate_not_official_undp_city_hdi,3441894
Bogota,Colombia,COL,CO,America,4.60971,-74.08175,7674366,True,1,Bogota D.C.,Bogota,0.850765,0.883086,0.880293,0.904214,0.023922,0.788,0.8334,0.029528,0.021128,0.092293,0.070814,geospatial_subdivision_match_plus_bounded_urban_premium,higher,modeled_city_estimate_not_official_undp_city_hdi,3688689
Presov,Slovakia,SVK,SK,Europe,48.99923,21.2355,82927,False,5,Presov Region,Prešov,0.88,0.8976,0.889089,0.904184,0.015095,0.88,0.8976,0.009089,0.006584,0.009089,0.006584,national_fallback_plus_bounded_urban_premium,modeled,modeled_city_estimate_not_official_undp_city_hdi,723819
Jurmala,Latvia,LVA,LV,Europe,56.968,23.77038,52001,False,5,Jurmala,Jurmala,0.889,0.8983,0.897087,0.904172,0.007085,0.889,0.8983,0.008087,0.005872,0.008087,0.005872,national_fallback_plus_bounded_urban_premium,modeled,modeled_city_estimate_not_official_undp_city_hdi,459201
Braga,Portugal,PRT,PT,Europe,41.5514,-8.42311,193324,False,3,Braga,Braga,0.89,0.8952,0.901967,0.903945,0.001977,0.89,0.8952,0.011967,0.008745,0.011967,0.008745,national_fallback_plus_bounded_urban_premium,modeled,modeled_city_estimate_not_official_undp_city_hdi,2742032
Muscat,Oman,OMN,OM,,23.58413,58.40778,797000,True,1,Muscat,Muscat,0.858,0.8863,0.882195,0.903619,0.021425,0.858,0.8863,0.024195,0.017319,0.024195,0.017319,national_fallback_plus_bounded_urban_premium,modeled,modeled_city_estimate_not_official_undp_city_hdi,287286
Thessaloniki,Greece,GRC,GR,Europe,40.64072,22.93493,317778,False,2,Kentriki Makedonia,Kentriki Makedonia,0.903326,0.89171,0.916721,0.903257,-0.013464,0.908,0.8976,0.013395,0.011547,0.008721,0.005657,geospatial_subdivision_match_plus_bounded_urban_premium,higher,modeled_city_estimate_not_official_undp_city_hdi,734077
Bangkok,Thailand,THA,TH,Asia/Pacific,13.75398,100.50144,5104476,True,1,Bangkok,Bangkok Metropolis,0.828561,0.882717,0.857635,0.902901,0.045266,0.798,0.8601,0.029074,0.020184,0.059635,0.042801,geospatial_subdivision_match_plus_bounded_urban_premium,higher,modeled_city_estimate_not_official_undp_city_hdi,1609350
Patra,Greece,GRC,GR,Europe,38.2462,21.73508,168034,False,3,Dytiki Ellada,Dytiki Ellada,0.890326,0.88053,0.914601,0.902617,-0.011984,0.908,0.8976,0.024275,0.022087,0.006601,0.005017,geospatial_subdivision_match_plus_bounded_urban_premium,higher,modeled_city_estimate_not_official_undp_city_hdi,255683
Coimbra,Portugal,PRT,PT,Europe,40.20686,-8.41996,140796,False,5,Coimbra,Coimbra,0.89,0.8952,0.900138,0.902591,0.002453,0.89,0.8952,0.010138,0.007391,0.010138,0.007391,national_fallback_plus_bounded_urban_premium,modeled,modeled_city_estimate_not_official_undp_city_hdi,2740637
Iztapalapa,Mexico,MEX,MX,America,19.35529,-99.06224,1835486,False,3,Distrito Federal,Distrito Federal,0.849949,0.889875,0.868199,0.902498,0.034299,0.789,0.8415,0.01825,0.012623,0.079199,0.060998,geospatial_subdivision_match_plus_bounded_urban_premium,higher,modeled_city_estimate_not_official_undp_city_hdi,3526683
Saint John's,Antigua & Barbuda,ATG,AG,,17.12096,-61.84329,51737,True,1,Saint John Parish,Saint John,0.851,0.889,0.870184,0.902487,0.032303,0.851,0.889,0.019184,0.013487,0.019184,0.013487,national_fallback_plus_bounded_urban_premium,modeled,modeled_city_estimate_not_official_undp_city_hdi,3576022
Larisa,Greece,GRC,GR,Europe,39.62847,22.42112,146926,False,5,Thessalia,Thessalia,0.906326,0.89429,0.916451,0.902482,-0.013968,0.908,0.8976,0.010125,0.008192,0.008451,0.004882,geospatial_subdivision_match_plus_bounded_urban_premium,higher,modeled_city_estimate_not_official_undp_city_hdi,258576
Bursa,Turkey,TUR,TR,Asia/Pacific,40.19559,29.06013,3101833,False,3,"East Marmara (Bilecik, Bolu, Bursa, Duzce, Eskiseh",Bursa,0.870565,0.888977,0.888598,0.901844,0.013246,0.853,0.8768,0.018033,0.012867,0.035598,0.025044,geospatial_subdivision_match_plus_bounded_urban_premium,higher,modeled_city_estimate_not_official_undp_city_hdi,750269
Ipoh,Malaysia,MYS,MY,Asia/Pacific,4.5841,101.0829,759952,False,5,Perak,Perak,0.818244,0.890786,0.833201,0.901632,0.068431,0.819,0.8951,0.014957,0.010846,0.014201,0.006532,geospatial_subdivision_match_plus_bounded_urban_premium,higher,modeled_city_estimate_not_official_undp_city_hdi,1734634
Nassau,Bahamas,BHS,BS,,25.05823,-77.34306,227940,True,1,New Providence,New Providence,0.82,0.8849,0.842888,0.900512,0.057624,0.82,0.8849,0.022888,0.015612,0.022888,0.015612,national_fallback_plus_bounded_urban_premium,modeled,modeled_city_estimate_not_official_undp_city_hdi,3571824
Brasilia,Brazil,BRA,BR,America,-15.77972,-47.92972,2207718,True,1,Distrito Federal,Distrito Federal,0.848291,0.880984,0.875643,0.90051,0.024867,0.786,0.8312,0.027352,0.019526,0.089643,0.06931,geospatial_subdivision_match_plus_bounded_urban_premium,higher,modeled_city_estimate_not_official_undp_city_hdi,3469058
Tirana,Albania,ALB,AL,Europe,41.32744,19.81866,418495,True,1,Tirana,Tiranë,0.842993,0.883088,0.866956,0.899896,0.03294,0.81,0.8579,0.023963,0.016808,0.056956,0.041996,geospatial_subdivision_match_plus_bounded_urban_premium,higher,modeled_city_estimate_not_official_undp_city_hdi,3183875
Ulan Bator,Mongolia,MNG,MN,Asia/Pacific,47.90771,106.88324,844818,True,1,Ulaanbaatar,Ulaanbaatar,0.804067,0.881675,0.830852,0.899759,0.068907,0.747,0.8389,0.026785,0.018084,0.083852,0.060859,geospatial_subdivision_match_plus_bounded_urban_premium,higher,modeled_city_estimate_not_official_undp_city_hdi,2028462
Budapest,Hungary,HUN,HU,Europe,47.49835,19.04045,1741041,True,1,Budapest,Budapest,0.87,0.8813,0.895201,0.899755,0.004555,0.87,0.8813,0.025201,0.018455,0.025201,0.018455,national_fallback_plus_bounded_urban_premium,modeled,modeled_city_estimate_not_official_undp_city_hdi,3054643
Bridgetown,Barbados,BRB,BB,America,13.10732,-59.62021,98511,True,1,Saint Michael,Saint Michael,0.811,0.8843,0.832449,0.898741,0.066293,0.811,0.8843,0.021449,0.014441,0.021449,0.014441,national_fallback_plus_bounded_urban_premium,modeled,modeled_city_estimate_not_official_undp_city_hdi,3374036
Al Ahmadi,Kuwait,KWT,KW,Asia/Pacific,29.07694,48.08389,637411,False,2,Ahmadi,Al Ahmadi,0.860532,0.887494,0.876147,0.898465,0.022318,0.852,0.8811,0.015615,0.010971,0.024147,0.017365,geospatial_subdivision_match_plus_bounded_urban_premium,higher,modeled_city_estimate_not_official_undp_city_hdi,285839
Callao,Peru,PER,PE,America,-12.05162,-77.13452,1226200,False,2,"West (Ancash, Lima, Callao)",Callao,0.862134,0.885535,0.879976,0.898151,0.018175,0.794,0.8335,0.017842,0.012616,0.085976,0.064651,geospatial_subdivision_match_plus_bounded_urban_premium,higher,modeled_city_estimate_not_official_undp_city_hdi,3946083
Seeb,Oman,OMN,OM,,23.67027,58.18911,470878,False,2,Muscat,Muscat,0.858,0.8863,0.872926,0.896834,0.023908,0.858,0.8863,0.014926,0.010534,0.014926,0.010534,national_fallback_plus_bounded_urban_premium,modeled,modeled_city_estimate_not_official_undp_city_hdi,288967
Victoria,Seychelles,SYC,SC,,-4.62001,55.45501,22881,True,1,La Riviere Anglaise,Bel Air,0.848,0.8833,0.867194,0.896787,0.029593,0.848,0.8833,0.019194,0.013487,0.019194,0.013487,national_fallback_plus_bounded_urban_premium,modeled,modeled_city_estimate_not_official_undp_city_hdi,241131
Belgrade,Serbia,SRB,RS,Europe,44.80401,20.46513,1273651,True,1,Belgrade,Grad Beograd,0.858092,0.878299,0.883532,0.896677,0.013145,0.833,0.8598,0.02544,0.018378,0.050532,0.036877,geospatial_subdivision_match_plus_bounded_urban_premium,higher,modeled_city_estimate_not_official_undp_city_hdi,792680
Georgetown,Guyana,GUY,GY,America,6.80448,-58.15527,235017,True,1,Demerara-Mahaica,East Berbice-Corentyne,0.816984,0.880254,0.840675,0.896412,0.055737,0.776,0.8498,0.023691,0.016158,0.064675,0.046612,geospatial_subdivision_match_plus_bounded_urban_premium,higher,modeled_city_estimate_not_official_undp_city_hdi,3378644
Malatia-Sebastia,Armenia,ARM,AM,Asia/Pacific,40.17396,44.4457,150500,False,2,Yerevan,Erevan,0.852716,0.886961,0.866146,0.896167,0.03002,0.811,0.8547,0.01343,0.009206,0.055146,0.041467,geospatial_subdivision_match_plus_bounded_urban_premium,higher,modeled_city_estimate_not_official_undp_city_hdi,7670934
Bawshar,Oman,OMN,OM,,23.57769,58.39982,383257,False,3,Muscat,Muscat,0.858,0.8863,0.871915,0.896097,0.024182,0.858,0.8863,0.013915,0.009797,0.013915,0.009797,national_fallback_plus_bounded_urban_premium,modeled,modeled_city_estimate_not_official_undp_city_hdi,288764
Male,Maldives,MDV,MV,Asia/Pacific,4.17521,73.50916,103693,True,1,Male,Malé,0.819472,0.880672,0.841694,0.895809,0.054115,0.766,0.8405,0.022222,0.015137,0.075694,0.055309,geospatial_subdivision_match_plus_bounded_urban_premium,higher,modeled_city_estimate_not_official_undp_city_hdi,1282027
Shengavit,Armenia,ARM,AM,Asia/Pacific,40.1557,44.4779,140600,False,3,Yerevan,Erevan,0.852716,0.886961,0.865403,0.895623,0.03022,0.811,0.8547,0.012687,0.008662,0.054403,0.040923,geospatial_subdivision_match_plus_bounded_urban_premium,higher,modeled_city_estimate_not_official_undp_city_hdi,11111027
Nor Nork,Armenia,ARM,AM,Asia/Pacific,40.19661,44.5669,137300,False,4,Yerevan,Erevan,0.852716,0.886961,0.864746,0.895143,0.030397,0.811,0.8547,0.01203,0.008182,0.053746,0.040443,geospatial_subdivision_match_plus_bounded_urban_premium,higher,modeled_city_estimate_not_official_undp_city_hdi,866153
Karagandy,Kazakhstan,KAZ,KZ,Asia/Pacific,49.80187,73.10211,497777,False,5,Karaganda,Qaraghandy,0.837,0.8857,0.850701,0.895014,0.044313,0.837,0.8857,0.013701,0.009314,0.013701,0.009314,national_fallback_plus_bounded_urban_premium,modeled,modeled_city_estimate_not_official_undp_city_hdi,609655
Tashkent,Uzbekistan,UZB,UZ,Asia/Pacific,41.26465,69.21627,1978028,True,1,Tashkent,Tashkent,0.804746,0.875262,0.833278,0.894804,0.061527,0.74,0.8262,0.028532,0.019542,0.093278,0.068604,geospatial_subdivision_match_plus_bounded_urban_premium,higher,modeled_city_estimate_not_official_undp_city_hdi,1512569
Kentron,Armenia,ARM,AM,Asia/Pacific,40.17806,44.51303,133000,False,5,Yerevan,Erevan,0.852716,0.886961,0.864069,0.894649,0.030579,0.811,0.8547,0.011353,0.007688,0.053069,0.039949,geospatial_subdivision_match_plus_bounded_urban_premium,higher,modeled_city_estimate_not_official_undp_city_hdi,7670941
'Ibri,Oman,OMN,OM,,23.22573,56.51572,163473,False,4,Ad Dhahirah,Al Dhahira,0.858,0.8863,0.869566,0.894386,0.02482,0.858,0.8863,0.011566,0.008086,0.011566,0.008086,national_fallback_plus_bounded_urban_premium,modeled,modeled_city_estimate_not_official_undp_city_hdi,287830
Kennedy,Colombia,COL,CO,America,4.6165,-74.14597,979914,False,5,Bogota D.C.,Bogota,0.850765,0.883086,0.866602,0.894094,0.027492,0.788,0.8334,0.015837,0.011008,0.078602,0.060694,geospatial_subdivision_match_plus_bounded_urban_premium,higher,modeled_city_estimate_not_official_undp_city_hdi,7033318
Salalah,Oman,OMN,OM,,17.01505,54.09237,163140,False,5,Dhofar,Dhofar,0.858,0.8863,0.868951,0.893938,0.024988,0.858,0.8863,0.010951,0.007638,0.010951,0.007638,national_fallback_plus_bounded_urban_premium,modeled,modeled_city_estimate_not_official_undp_city_hdi,286621
Izmir,Turkey,TUR,TR,Asia/Pacific,38.41273,27.13838,2938292,False,4,"Aegean (Afyon, Aydin, Denizli, Izmir, Kutahya, Man",Izmir,0.861565,0.881318,0.879014,0.89374,0.014725,0.853,0.8768,0.017449,0.012422,0.026014,0.01694,geospatial_subdivision_match_plus_bounded_urban_premium,higher,modeled_city_estimate_not_official_undp_city_hdi,311046
Linden,Guyana,GUY,GY,America,6.00815,-58.30724,44690,False,2,Upper Demerara-Berbice,Upper Takutu-Upper Essequibo,0.823984,0.886077,0.835829,0.893692,0.057863,0.776,0.8498,0.011845,0.007615,0.059829,0.043892,geospatial_subdivision_match_plus_bounded_urban_premium,higher,modeled_city_estimate_not_official_undp_city_hdi,3377408
Pest,Hungary,HUN,HU,Europe,47.5,19.08333,1001748,False,2,Budapest,Budapest,0.87,0.8813,0.886138,0.892966,0.006829,0.87,0.8813,0.016138,0.011666,0.016138,0.011666,national_fallback_plus_bounded_urban_premium,modeled,modeled_city_estimate_not_official_undp_city_hdi,3046446
Shymkent,Kazakhstan,KAZ,KZ,Asia/Pacific,42.30988,69.60042,1200000,False,3,"South region (Almatinskaya, Zhambylskaya, Kyzylordinskaya, South-Kazakhstanskaya)",South Kazakhstan,0.812682,0.86327,0.846468,0.892691,0.046224,0.837,0.8857,0.033786,0.029421,0.009468,0.006991,geospatial_subdivision_match_plus_bounded_urban_premium,higher,modeled_city_estimate_not_official_undp_city_hdi,1518980
Lucaya,Bahamas,BHS,BS,,26.53333,-78.66667,46525,False,2,Freeport,West Grand Bahama,0.82,0.8849,0.831085,0.892087,0.061002,0.82,0.8849,0.011085,0.007187,0.011085,0.007187,national_fallback_plus_bounded_urban_premium,modeled,modeled_city_estimate_not_official_undp_city_hdi,3571971
Kuwait City,Kuwait,KWT,KW,Asia/Pacific,29.367,47.97429,60064,True,1,"Al Asimah, Hawalli, Al-Farwaniyah, Mubarak al-Sabah",Al Asimah,0.849532,0.878155,0.869006,0.891945,0.022939,0.852,0.8811,0.019474,0.01379,0.017006,0.010845,geospatial_subdivision_match_plus_bounded_urban_premium,higher,modeled_city_estimate_not_official_undp_city_hdi,285787
Aktobe,Kazakhstan,KAZ,KZ,Asia/Pacific,50.27969,57.20718,500757,False,4,"West region (Aktyubinskaya, Atyrauskaya, Mangistauskaya, West-Kazakhstanskaya)",Aqtöbe,0.820682,0.870002,0.845313,0.891814,0.046501,0.837,0.8857,0.024631,0.021812,0.008313,0.006114,geospatial_subdivision_match_plus_bounded_urban_premium,higher,modeled_city_estimate_not_official_undp_city_hdi,610611
Vacoas,Mauritius,MUS,MU,Africa,-20.29806,57.47833,115289,False,2,"South (Grand Port, Savanne, Plaines Wilhems, Black River)",Vacoas-Phoenix,0.833507,0.883082,0.846552,0.891769,0.045218,0.806,0.8639,0.013045,0.008687,0.040552,0.027869,geospatial_subdivision_match_plus_bounded_urban_premium,higher,modeled_city_estimate_not_official_undp_city_hdi,933945
Baku,Azerbaijan,AZE,AZ,Asia/Pacific,40.37767,49.89201,2351300,True,1,Baku,Bakı,0.829403,0.872139,0.857153,0.891737,0.034584,0.789,0.8409,0.02775,0.019598,0.068153,0.050837,geospatial_subdivision_match_plus_bounded_urban_premium,higher,modeled_city_estimate_not_official_undp_city_hdi,587084
Freeport,Bahamas,BHS,BS,,26.53333,-78.7,26910,False,3,Freeport,West Grand Bahama,0.82,0.8849,0.83046,0.891639,0.061179,0.82,0.8849,0.01046,0.006739,0.01046,0.006739,national_fallback_plus_bounded_urban_premium,modeled,modeled_city_estimate_not_official_undp_city_hdi,3572375
Buda,Hungary,HUN,HU,Europe,47.5,19.03333,510108,False,3,Budapest,Budapest,0.87,0.8813,0.884216,0.891542,0.007326,0.87,0.8813,0.014216,0.010242,0.014216,0.010242,national_fallback_plus_bounded_urban_premium,modeled,modeled_city_estimate_not_official_undp_city_hdi,3054667
Beau Bassin-Rose Hill,Mauritius,MUS,MU,Africa,-20.23325,57.46609,111355,False,3,"South (Grand Port, Savanne, Plaines Wilhems, Black River)",Beau Bassin-Rose Hill,0.833507,0.883082,0.845866,0.891272,0.045406,0.806,0.8639,0.012359,0.00819,0.039866,0.027372,geospatial_subdivision_match_plus_bounded_urban_premium,higher,modeled_city_estimate_not_official_undp_city_hdi,934765
Killarney,Bahamas,BHS,BS,,25.05,-77.41667,17679,False,4,New Providence,New Providence,0.82,0.8849,0.829833,0.891188,0.061355,0.82,0.8849,0.009833,0.006288,0.009833,0.006288,national_fallback_plus_bounded_urban_premium,modeled,modeled_city_estimate_not_official_undp_city_hdi,3572106
Podgorica,Montenegro,MNE,ME,Europe,42.44124,19.26309,236852,True,1,Podgorica,Podgorica,0.862,0.8749,0.883799,0.890746,0.006947,0.862,0.8749,0.021799,0.015846,0.021799,0.015846,national_fallback_plus_bounded_urban_premium,modeled,modeled_city_estimate_not_official_undp_city_hdi,3193044
Salto,Uruguay,URY,UY,America,-31.38811,-57.95983,114084,False,2,"Litoral Norte (Paysandu, Salto and Rio Negro)",Salto,0.834392,0.859937,0.868202,0.890728,0.022526,0.862,0.8861,0.03381,0.030791,0.006202,0.004628,geospatial_subdivision_match_plus_bounded_urban_premium,higher,modeled_city_estimate_not_official_undp_city_hdi,3440714
Rivera,Uruguay,URY,UY,America,-30.90534,-55.55076,84775,False,4,"Norte (Artigas, Rivera, Cerro Largo and Trienta y Tres)",Rivera,0.842392,0.866743,0.86781,0.89043,0.02262,0.862,0.8861,0.025418,0.023687,0.00581,0.00433,geospatial_subdivision_match_plus_bounded_urban_premium,higher,modeled_city_estimate_not_official_undp_city_hdi,3440781
Paysandu,Uruguay,URY,UY,America,-32.3171,-58.08072,81550,False,5,"Litoral Norte (Paysandu, Salto and Rio Negro)",Paysandú,0.834392,0.859937,0.867759,0.890391,0.022632,0.862,0.8861,0.033367,0.030454,0.005759,0.004291,geospatial_subdivision_match_plus_bounded_urban_premium,higher,modeled_city_estimate_not_official_undp_city_hdi,3441243
Curepipe,Mauritius,MUS,MU,Africa,-20.31628,57.52594,78618,False,4,"South (Grand Port, Savanne, Plaines Wilhems, Black River)",Curepipe,0.833507,0.883082,0.844518,0.890295,0.045777,0.806,0.8639,0.011011,0.007213,0.038518,0.026395,geospatial_subdivision_match_plus_bounded_urban_premium,higher,modeled_city_estimate_not_official_undp_city_hdi,934570
Kutaisi,Georgia,GEO,GE,Asia/Pacific,42.26791,42.69459,135201,False,3,Imereti Racha-Lochkhumi Kvemo Svaneti,Imereti,0.853485,0.881913,0.865524,0.890211,0.024687,0.844,0.8771,0.012039,0.008298,0.021524,0.013111,geospatial_subdivision_match_plus_bounded_urban_premium,higher,modeled_city_estimate_not_official_undp_city_hdi,613607
Quatre Bornes,Mauritius,MUS,MU,Africa,-20.26381,57.4791,77308,False,5,"South (Grand Port, Savanne, Plaines Wilhems, Black River)",Quatre Bornes,0.833507,0.883082,0.843861,0.889818,0.045957,0.806,0.8639,0.010354,0.006736,0.037861,0.025918,geospatial_subdivision_match_plus_bounded_urban_premium,higher,modeled_city_estimate_not_official_undp_city_hdi,934131
Debrecen,Hungary,HUN,HU,Europe,47.53167,21.62444,202402,False,4,Hajdu-Bihar,Debrecen,0.87,0.8813,0.881749,0.889722,0.007973,0.87,0.8813,0.011749,0.008422,0.011749,0.008422,national_fallback_plus_bounded_urban_premium,modeled,modeled_city_estimate_not_official_undp_city_hdi,721472
Mumbai,India,IND,IN,Asia/Pacific,19.07283,72.88261,12691836,False,2,Maharashtra,Maharashtra,0.737751,0.873902,0.762456,0.889603,0.127146,0.685,0.8358,0.024705,0.015701,0.077456,0.053803,geospatial_subdivision_match_plus_bounded_urban_premium,higher,modeled_city_estimate_not_official_undp_city_hdi,1275339
Chengdu,China,CHN,CN,Asia/Pacific,30.66667,104.06667,13568357,False,5,Sichuan,Sichuan,0.774313,0.858133,0.809519,0.88922,0.079701,0.797,0.8801,0.035206,0.031087,0.012519,0.00912,geospatial_subdivision_match_plus_bounded_urban_premium,higher,modeled_city_estimate_not_official_undp_city_hdi,1815286
Szeged,Hungary,HUN,HU,Europe,46.253,20.14824,160766,False,5,Csongrad,Szeged,0.87,0.8813,0.88067,0.888929,0.008259,0.87,0.8813,0.01067,0.007629,0.01067,0.007629,national_fallback_plus_bounded_urban_premium,modeled,modeled_city_estimate_not_official_undp_city_hdi,715429
Sabah as Salim,Kuwait,KWT,KW,Asia/Pacific,29.25722,48.05722,139163,False,5,Mubarak al Kabir,Mubarak Al-Kabeer,0.852,0.8811,0.862742,0.88851,0.025768,0.852,0.8811,0.010742,0.00741,0.010742,0.00741,national_fallback_plus_bounded_urban_premium,modeled,modeled_city_estimate_not_official_undp_city_hdi,412800
Gaziantep,Turkey,TUR,TR,Asia/Pacific,37.05944,37.3825,2222415,False,5,Gaziantep,Gaziantep,0.853,0.8768,0.869384,0.888412,0.019028,0.853,0.8768,0.016384,0.011612,0.016384,0.011612,national_fallback_plus_bounded_urban_premium,modeled,modeled_city_estimate_not_official_undp_city_hdi,314830
Nalayh,Mongolia,MNG,MN,Asia/Pacific,47.76667,107.28333,39579,False,5,Ulaanbaatar,Ulaanbaatar,0.804067,0.881675,0.814588,0.888098,0.07351,0.747,0.8389,0.010521,0.006423,0.067588,0.049198,geospatial_subdivision_match_plus_bounded_urban_premium,higher,modeled_city_estimate_not_official_undp_city_hdi,2029901
Novi Beograd,Serbia,SRB,RS,Europe,44.80556,20.42417,209763,False,4,Belgrade,Grad Beograd,0.858092,0.878299,0.870598,0.887075,0.016477,0.833,0.8598,0.012506,0.008776,0.037598,0.027275,geospatial_subdivision_match_plus_bounded_urban_premium,higher,modeled_city_estimate_not_official_undp_city_hdi,787607
Windhoek,Namibia,NAM,NA,Africa,-22.55941,17.08323,386219,True,1,Khomas,Khomas,0.758635,0.869289,0.785606,0.887056,0.10145,0.665,0.7983,0.026971,0.017767,0.120606,0.088756,geospatial_subdivision_match_plus_bounded_urban_premium,higher,modeled_city_estimate_not_official_undp_city_hdi,3352136
Bandar Seri Begawan,Brunei,BRN,BN,,4.89035,114.94006,64409,True,1,Brunei-Muara District,Brunei and Muara,0.837,0.873,0.856971,0.887033,0.030062,0.837,0.873,0.019971,0.014033,0.019971,0.014033,national_fallback_plus_bounded_urban_premium,modeled,modeled_city_estimate_not_official_undp_city_hdi,1820906
Manila,Philippines,PHL,PH,Asia/Pacific,14.6042,120.9822,1600000,True,1,National Capital Region,Manila,0.755404,0.867799,0.784327,0.88692,0.102593,0.72,0.841,0.028923,0.019121,0.064327,0.04592,geospatial_subdivision_match_plus_bounded_urban_premium,higher,modeled_city_estimate_not_official_undp_city_hdi,1701668
Hawalli,Kuwait,KWT,KW,Asia/Pacific,29.33278,48.02861,164212,False,3,"Al Asimah, Hawalli, Al-Farwaniyah, Mubarak al-Sabah",Hawalli,0.849532,0.878155,0.861851,0.886715,0.024864,0.852,0.8811,0.012319,0.00856,0.009851,0.005615,geospatial_subdivision_match_plus_bounded_urban_premium,higher,modeled_city_estimate_not_official_undp_city_hdi,285629
Limon,Costa Rica,CRI,CR,America,9.99074,-83.03596,63081,False,2,Limon,Limón,0.795291,0.849023,0.838601,0.886633,0.048033,0.833,0.8826,0.04331,0.03761,0.005601,0.004033,geospatial_subdivision_match_plus_bounded_urban_premium,higher,modeled_city_estimate_not_official_undp_city_hdi,3622247
Alajuela,Costa Rica,CRI,CR,America,10.01723,-84.21275,47494,False,4,Alajuela,Alajuela,0.832291,0.880145,0.841873,0.886441,0.044568,0.833,0.8826,0.009582,0.006296,0.008873,0.003841,geospatial_subdivision_match_plus_bounded_urban_premium,higher,modeled_city_estimate_not_official_undp_city_hdi,3624955
Liberia,Costa Rica,CRI,CR,America,10.63517,-85.43779,45380,False,5,Guanacaste,Guanacaste,0.822291,0.871734,0.838294,0.8864,0.048106,0.833,0.8826,0.016003,0.014666,0.005294,0.0038,geospatial_subdivision_match_plus_bounded_urban_premium,higher,modeled_city_estimate_not_official_undp_city_hdi,3623076
Batumi,Georgia,GEO,GE,Asia/Pacific,41.64077,41.6306,186949,False,2,Adjara,Adjara,0.844,0.8771,0.857354,0.886343,0.028989,0.844,0.8771,0.013354,0.009243,0.013354,0.009243,national_fallback_plus_bounded_urban_premium,modeled,modeled_city_estimate_not_official_undp_city_hdi,615532
Zemun,Serbia,SRB,RS,Europe,44.8458,20.40116,155591,False,5,Belgrade,Grad Beograd,0.858092,0.878299,0.869374,0.886175,0.016801,0.833,0.8598,0.011282,0.007876,0.036374,0.026375,geospatial_subdivision_match_plus_bounded_urban_premium,higher,modeled_city_estimate_not_official_undp_city_hdi,783920
As Salimiyah,Kuwait,KWT,KW,Asia/Pacific,29.33389,48.07611,147649,False,4,"Al Asimah, Hawalli, Al-Farwaniyah, Mubarak al-Sabah",Hawalli,0.849532,0.878155,0.86102,0.886109,0.025089,0.852,0.8811,0.011488,0.007954,0.00902,0.005009,geospatial_subdivision_match_plus_bounded_urban_premium,higher,modeled_city_estimate_not_official_undp_city_hdi,285704
Port Louis,Mauritius,MUS,MU,Africa,-20.16194,57.49889,155226,True,1,"North (Port Louis, Pamplemousses, Riviere du Rempart, Flacq, Moka)",Port Louis city,0.818507,0.870512,0.84088,0.885963,0.045083,0.806,0.8639,0.022373,0.015451,0.03488,0.022063,geospatial_subdivision_match_plus_bounded_urban_premium,higher,modeled_city_estimate_not_official_undp_city_hdi,934154
Al Farwaniyah,Kuwait,KWT,KW,Asia/Pacific,29.2775,47.95861,86525,False,6,"Al Asimah, Hawalli, Al-Farwaniyah, Mubarak al-Sabah",Al Farwaniyah,0.849532,0.878155,0.85866,0.885451,0.02679,0.852,0.8811,0.009128,0.007296,0.00666,0.004351,geospatial_subdivision_match_plus_bounded_urban_premium,higher,modeled_city_estimate_not_official_undp_city_hdi,285815
Buenos Aires,Argentina,ARG,AR,America,-34.61315,-58.37723,2891082,True,1,Gran Buenos Aires,Ciudad de Buenos Aires,0.866907,0.865425,0.893163,0.885037,-0.008126,0.865,0.8641,0.026256,0.019612,0.028163,0.020937,geospatial_subdivision_match_plus_bounded_urban_premium,higher,modeled_city_estimate_not_official_undp_city_hdi,3435910
Yunusobod,Uzbekistan,UZB,UZ,Asia/Pacific,41.37139,69.27944,352000,False,5,Tashkent,Tashkent,0.804746,0.875262,0.81951,0.884875,0.065365,0.74,0.8262,0.014764,0.009613,0.07951,0.058675,geospatial_subdivision_match_plus_bounded_urban_premium,higher,modeled_city_estimate_not_official_undp_city_hdi,1512296
Medan,Indonesia,IDN,ID,Asia/Pacific,3.58333,98.66667,2486283,False,5,North Sumatra,Sumatera Utara,0.732126,0.873011,0.751405,0.884872,0.133468,0.728,0.8724,0.019279,0.011861,0.023405,0.012472,geospatial_subdivision_match_plus_bounded_urban_premium,higher,modeled_city_estimate_not_official_undp_city_hdi,1214520
Sofia,Bulgaria,BGR,BG,Europe,42.69751,23.32415,1152556,True,1,Sofia-Capital,Grad Sofiya,0.845,0.8655,0.870299,0.88381,0.013511,0.845,0.8655,0.025299,0.01831,0.025299,0.01831,national_fallback_plus_bounded_urban_premium,modeled,modeled_city_estimate_not_official_undp_city_hdi,727011
Santo Domingo,Dominican Rep.,DOM,DO,America,18.47186,-69.89232,2201941,True,1,"Region 0 (Distrito Nacional, Santo Domingo, Monte Plata)",Distrito Nacional,0.79994,0.863992,0.828161,0.883533,0.055372,0.776,0.8456,0.028221,0.019541,0.052161,0.037933,geospatial_subdivision_match_plus_bounded_urban_premium,higher,modeled_city_estimate_not_official_undp_city_hdi,3492908
Sokhumi,Georgia,GEO,GE,Asia/Pacific,43.00697,40.9893,65439,False,5,Abkhazia,Abkhazia,0.844,0.8771,0.853312,0.883403,0.030091,0.844,0.8771,0.009312,0.006303,0.009312,0.006303,national_fallback_plus_bounded_urban_premium,modeled,modeled_city_estimate_not_official_undp_city_hdi,611847
Niksic,Montenegro,MNE,ME,Europe,42.7731,18.94446,58212,False,2,Opstina Niksic,Nikšic,0.862,0.8749,0.872561,0.882414,0.009853,0.862,0.8749,0.010561,0.007514,0.010561,0.007514,national_fallback_plus_bounded_urban_premium,modeled,modeled_city_estimate_not_official_undp_city_hdi,3194494
Iasi,Romania,ROU,RO,Europe,47.16667,27.6,378954,False,3,Iasi County,Iasi,0.845,0.8723,0.859179,0.882247,0.023069,0.845,0.8723,0.014179,0.009947,0.014179,0.009947,national_fallback_plus_bounded_urban_premium,modeled,modeled_city_estimate_not_official_undp_city_hdi,675810
Rustavi,Georgia,GEO,GE,Asia/Pacific,41.56271,44.9787,128249,False,4,Kvemo Kartli,Kvemo Kartli,0.836485,0.867506,0.850469,0.88186,0.03139,0.844,0.8771,0.013984,0.014354,0.006469,0.00476,geospatial_subdivision_match_plus_bounded_urban_premium,higher,modeled_city_estimate_not_official_undp_city_hdi,612287
Bekasi,Indonesia,IDN,ID,Asia/Pacific,-6.2349,106.9896,2648272,False,3,West Java,Jawa Barat,0.727126,0.868986,0.747783,0.881825,0.134042,0.728,0.8724,0.020657,0.012839,0.019783,0.009425,geospatial_subdivision_match_plus_bounded_urban_premium,higher,modeled_city_estimate_not_official_undp_city_hdi,1649378
Quezon City,Philippines,PHL,PH,Asia/Pacific,14.6488,121.0509,3084270,False,2,National Capital Region,Quezon City,0.755404,0.867799,0.777021,0.88177,0.104749,0.72,0.841,0.021617,0.013971,0.057021,0.04077,geospatial_subdivision_match_plus_bounded_urban_premium,higher,modeled_city_estimate_not_official_undp_city_hdi,1692192
Herceg Novi,Montenegro,MNE,ME,Europe,42.45306,18.5375,19536,False,3,Herceg Novi,Herceg Novi,0.862,0.8749,0.871629,0.88173,0.010101,0.862,0.8749,0.009629,0.00683,0.009629,0.00683,national_fallback_plus_bounded_urban_premium,modeled,modeled_city_estimate_not_official_undp_city_hdi,3199394
Bandung,Indonesia,IDN,ID,Asia/Pacific,-6.92222,107.60694,2528163,False,4,West Java,Jawa Barat,0.727126,0.868986,0.747071,0.881325,0.134255,0.728,0.8724,0.019945,0.012339,0.019071,0.008925,geospatial_subdivision_match_plus_bounded_urban_premium,higher,modeled_city_estimate_not_official_undp_city_hdi,1650357
Pljevlja,Montenegro,MNE,ME,Europe,43.3567,19.35843,19489,False,4,Pljevlja,Pljevlja,0.862,0.8749,0.87101,0.881276,0.010266,0.862,0.8749,0.00901,0.006376,0.00901,0.006376,national_fallback_plus_bounded_urban_premium,modeled,modeled_city_estimate_not_official_undp_city_hdi,3193161
Dhaka,Bangladesh,BGD,BD,Asia/Pacific,23.7104,90.40744,10356500,True,1,Dhaka,Dhaka,0.741112,0.859045,0.77435,0.881217,0.106867,0.685,0.8161,0.033238,0.022172,0.08935,0.065117,geospatial_subdivision_match_plus_bounded_urban_premium,higher,modeled_city_estimate_not_official_undp_city_hdi,1185241
Khirdalan,Azerbaijan,AZE,AZ,Asia/Pacific,40.44808,49.75502,196200,False,4,Baku,Bakı,0.829403,0.872139,0.842636,0.881107,0.038471,0.789,0.8409,0.013233,0.008968,0.053636,0.040207,geospatial_subdivision_match_plus_bounded_urban_premium,higher,modeled_city_estimate_not_official_undp_city_hdi,585915
Constanta,Romania,ROU,RO,Europe,44.18073,28.63432,317832,False,5,Constanta County,Constanta,0.845,0.8723,0.857605,0.881096,0.023491,0.845,0.8723,0.012605,0.008796,0.012605,0.008796,national_fallback_plus_bounded_urban_premium,modeled,modeled_city_estimate_not_official_undp_city_hdi,680963
Budva,Montenegro,MNE,ME,Europe,42.28721,18.83922,18000,False,5,Budva,Budva,0.862,0.8749,0.870388,0.880821,0.010433,0.862,0.8749,0.008388,0.005921,0.008388,0.005921,national_fallback_plus_bounded_urban_premium,modeled,modeled_city_estimate_not_official_undp_city_hdi,3203106
Castries,Saint Lucia,LCA,LC,America,13.9957,-61.00614,20000,True,1,Castries,Castries,0.748,0.8669,0.769471,0.880699,0.111228,0.748,0.8669,0.021471,0.013799,0.021471,0.013799,national_fallback_plus_bounded_urban_premium,modeled,modeled_city_estimate_not_official_undp_city_hdi,3576812
Tunis,Tunisia,TUN,TN,Africa,36.81897,10.16579,693210,True,1,"Grand Tunis (Tunis, Ariana, Ben Arous, Manouba)",Tunis,0.792821,0.862458,0.819348,0.880686,0.061338,0.746,0.8268,0.026527,0.018228,0.073348,0.053886,geospatial_subdivision_match_plus_bounded_urban_premium,higher,modeled_city_estimate_not_official_undp_city_hdi,2464470
Vientiane,Laos,LAO,LA,Asia/Pacific,17.96667,102.6,840940,True,1,Vientiane Municipality,Vientiane [prefecture],0.735849,0.861217,0.765333,0.880618,0.115284,0.617,0.7705,0.029484,0.019401,0.148333,0.110118,geospatial_subdivision_match_plus_bounded_urban_premium,higher,modeled_city_estimate_not_official_undp_city_hdi,1651944
Surabaya,Indonesia,IDN,ID,Asia/Pacific,-7.24917,112.75083,3018022,False,2,East Java,Jawa Timur,0.723126,0.865765,0.744683,0.880353,0.13567,0.728,0.8724,0.021557,0.014588,0.016683,0.007953,geospatial_subdivision_match_plus_bounded_urban_premium,higher,modeled_city_estimate_not_official_undp_city_hdi,1625822
Sengkurong,Brunei,BRN,BN,,4.88333,114.83333,40972,False,2,Brunei-Muara District,Brunei and Muara,0.837,0.873,0.847749,0.880312,0.032564,0.837,0.873,0.010749,0.007312,0.010749,0.007312,national_fallback_plus_bounded_urban_premium,modeled,modeled_city_estimate_not_official_undp_city_hdi,1820575
Caloocan,Philippines,PHL,PH,Asia/Pacific,14.64953,120.96788,1712945,False,4,National Capital Region,Malabon,0.755404,0.867799,0.774586,0.880038,0.105452,0.72,0.841,0.019182,0.012239,0.054586,0.039038,geospatial_subdivision_match_plus_bounded_urban_premium,higher,modeled_city_estimate_not_official_undp_city_hdi,1720151
Mentiri,Brunei,BRN,BN,,4.97058,115.02078,39324,False,3,Brunei-Muara District,Brunei and Muara,0.837,0.873,0.847127,0.87986,0.032733,0.837,0.873,0.010127,0.00686,0.010127,0.00686,national_fallback_plus_bounded_urban_premium,modeled,modeled_city_estimate_not_official_undp_city_hdi,1820635
Kuala Belait,Brunei,BRN,BN,,4.58361,114.2312,31178,False,4,Belait,Belait,0.837,0.873,0.846502,0.879406,0.032904,0.837,0.873,0.009502,0.006406,0.009502,0.006406,national_fallback_plus_bounded_urban_premium,modeled,modeled_city_estimate_not_official_undp_city_hdi,1820491
Taguig,Philippines,PHL,PH,Asia/Pacific,14.5243,121.0792,1308085,False,5,National Capital Region,Taguig,0.755404,0.867799,0.773409,0.879198,0.105789,0.72,0.841,0.018005,0.011399,0.053409,0.038198,geospatial_subdivision_match_plus_bounded_urban_premium,higher,modeled_city_estimate_not_official_undp_city_hdi,1684308
Seria,Brunei,BRN,BN,,4.60637,114.32476,30097,False,5,Belait,Belait,0.837,0.873,0.845875,0.87895,0.033075,0.837,0.873,0.008875,0.00595,0.008875,0.00595,national_fallback_plus_bounded_urban_premium,modeled,modeled_city_estimate_not_official_undp_city_hdi,1820187
Kingstown,St. Vincent & Grenadines,VCT,VC,,13.15527,-61.22742,24518,True,1,Saint George Parish,Saint George Parish,0.798,0.8642,0.818385,0.878056,0.059671,0.798,0.8642,0.020385,0.013856,0.020385,0.013856,national_fallback_plus_bounded_urban_premium,modeled,modeled_city_estimate_not_official_undp_city_hdi,3577887
Cali,Colombia,COL,CO,America,3.43054,-76.5199,2392877,False,2,Valle (incl Cali),Valle del Cauca,0.827765,0.863703,0.847319,0.877442,0.030124,0.788,0.8334,0.019554,0.013739,0.059319,0.044042,geospatial_subdivision_match_plus_bounded_urban_premium,higher,modeled_city_estimate_not_official_undp_city_hdi,3687925
Skopje,North Macedonia,MKD,MK,Europe,41.99646,21.43141,474889,True,1,Grad Skopje,Čair,0.815,0.86,0.839454,0.877198,0.037743,0.815,0.86,0.024454,0.017198,0.024454,0.017198,national_fallback_plus_bounded_urban_premium,modeled,modeled_city_estimate_not_official_undp_city_hdi,785842
Cordoba,Argentina,ARG,AR,America,-31.40648,-64.18853,2106734,False,2,Cordoba,Córdoba,0.865,0.8641,0.882722,0.877187,-0.005536,0.865,0.8641,0.017722,0.013087,0.017722,0.013087,national_fallback_plus_bounded_urban_premium,modeled,modeled_city_estimate_not_official_undp_city_hdi,3860259
Durres,Albania,ALB,AL,Europe,41.32355,19.45469,195920,False,2,Durres,Durrës,0.823993,0.867094,0.838104,0.876719,0.038615,0.81,0.8579,0.014111,0.009625,0.028104,0.018819,geospatial_subdivision_match_plus_bounded_urban_premium,higher,modeled_city_estimate_not_official_undp_city_hdi,3185728
Vlore,Albania,ALB,AL,Europe,40.4696,19.48379,115261,False,3,Vlore,Vlorë,0.824993,0.867935,0.83738,0.876304,0.038923,0.81,0.8579,0.012387,0.008369,0.02738,0.018404,geospatial_subdivision_match_plus_bounded_urban_premium,higher,modeled_city_estimate_not_official_undp_city_hdi,3183719
Tijuana,Mexico,MEX,MX,America,32.5027,-117.00371,1922523,False,2,Baja California,Baja California,0.817949,0.862993,0.837114,0.876291,0.039177,0.789,0.8415,0.019165,0.013298,0.048114,0.034791,geospatial_subdivision_match_plus_bounded_urban_premium,higher,modeled_city_estimate_not_official_undp_city_hdi,3981609
Plovdiv,Bulgaria,BGR,BG,Europe,42.15387,24.75001,329489,False,2,Plovdiv,Plovdiv,0.845,0.8655,0.859495,0.875803,0.016308,0.845,0.8655,0.014495,0.010303,0.014495,0.010303,national_fallback_plus_bounded_urban_premium,modeled,modeled_city_estimate_not_official_undp_city_hdi,728193
Mar del Plata,Argentina,ARG,AR,America,-38.00042,-57.5562,593337,False,4,Gran Buenos Aires,Buenos Aires,0.866907,0.865425,0.88094,0.875748,-0.005192,0.865,0.8641,0.014033,0.010323,0.01594,0.011648,geospatial_subdivision_match_plus_bounded_urban_premium,higher,modeled_city_estimate_not_official_undp_city_hdi,3430863
Rosario,Argentina,ARG,AR,America,-32.94682,-60.63932,948312,False,3,Santa Fe,Santa Fe,0.865,0.8641,0.880572,0.87557,-0.005002,0.865,0.8641,0.015572,0.01147,0.015572,0.01147,national_fallback_plus_bounded_urban_premium,modeled,modeled_city_estimate_not_official_undp_city_hdi,3838583
Varna,Bulgaria,BGR,BG,Europe,43.21912,27.91024,318737,False,3,Varna,Varna,0.845,0.8655,0.858824,0.875309,0.016485,0.845,0.8655,0.013824,0.009809,0.013824,0.009809,national_fallback_plus_bounded_urban_premium,modeled,modeled_city_estimate_not_official_undp_city_hdi,726050
Santo Domingo Oeste,Dominican Rep.,DOM,DO,America,18.5,-70.0,701269,False,3,"Region 0 (Distrito Nacional, Santo Domingo, Monte Plata)",Santo Domingo,0.79994,0.863992,0.816756,0.875287,0.058531,0.776,0.8456,0.016816,0.011295,0.040756,0.029687,geospatial_subdivision_match_plus_bounded_urban_premium,higher,modeled_city_estimate_not_official_undp_city_hdi,7874116
Santo Domingo Este,Dominican Rep.,DOM,DO,America,18.48511,-69.84757,700000,False,4,"Region 0 (Distrito Nacional, Santo Domingo, Monte Plata)",Santo Domingo,0.79994,0.863992,0.816143,0.874842,0.058699,0.776,0.8456,0.016203,0.01085,0.040143,0.029242,geospatial_subdivision_match_plus_bounded_urban_premium,higher,modeled_city_estimate_not_official_undp_city_hdi,8601412
Gros Islet,Saint Lucia,LCA,LC,America,14.06667,-60.95,25210,False,2,Gros-Islet,Gros Islet,0.748,0.8669,0.760478,0.874311,0.113833,0.748,0.8669,0.012478,0.007411,0.012478,0.007411,national_fallback_plus_bounded_urban_premium,modeled,modeled_city_estimate_not_official_undp_city_hdi,3576686
Burgas,Bulgaria,BGR,BG,Europe,42.50651,27.46886,210646,False,4,Burgas,Burgas,0.845,0.8655,0.857363,0.874235,0.016872,0.845,0.8655,0.012363,0.008735,0.012363,0.008735,national_fallback_plus_bounded_urban_premium,modeled,modeled_city_estimate_not_official_undp_city_hdi,732770
San Miguel de Tucuman,Argentina,ARG,AR,America,-26.81601,-65.21051,548866,False,5,Tucuman,Tucumán,0.865,0.8641,0.878292,0.873866,-0.004427,0.865,0.8641,0.013292,0.009766,0.013292,0.009766,national_fallback_plus_bounded_urban_premium,modeled,modeled_city_estimate_not_official_undp_city_hdi,3836873
Tehran,Iran,IRN,IR,Asia/Pacific,35.69439,51.42151,7153309,True,1,Tehran and Alborz,Tehran,0.841231,0.851946,0.870676,0.873719,0.003042,0.799,0.8181,0.029445,0.021773,0.071676,0.055619,geospatial_subdivision_match_plus_bounded_urban_premium,higher,modeled_city_estimate_not_official_undp_city_hdi,112931
Stara Zagora,Bulgaria,BGR,BG,Europe,42.43205,25.64262,121582,False,5,Stara Zagora,Stara Zagora,0.845,0.8655,0.8556,0.872942,0.017342,0.845,0.8655,0.0106,0.007442,0.0106,0.007442,national_fallback_plus_bounded_urban_premium,modeled,modeled_city_estimate_not_official_undp_city_hdi,726848
Gazipur,Bangladesh,BGD,BD,Asia/Pacific,23.99844,90.42234,2674697,False,3,Dhaka,Dhaka,0.741112,0.859045,0.762483,0.872804,0.110321,0.685,0.8161,0.021371,0.013759,0.077483,0.056704,geospatial_subdivision_match_plus_bounded_urban_premium,higher,modeled_city_estimate_not_official_undp_city_hdi,1200109
Barranquilla,Colombia,COL,CO,America,10.96854,-74.78132,1206319,False,4,Atlantico (incl Barranquilla),Atlántico,0.823765,0.860332,0.840777,0.872196,0.031419,0.788,0.8334,0.017012,0.011864,0.052777,0.038796,geospatial_subdivision_match_plus_bounded_urban_premium,higher,modeled_city_estimate_not_official_undp_city_hdi,3689147
Saint George's,Grenada,GRD,GD,,12.05288,-61.75226,7500,True,1,Saint George Parish,Saint George Parish,0.791,0.8578,0.811542,0.871791,0.060249,0.791,0.8578,0.020542,0.013991,0.020542,0.013991,national_fallback_plus_bounded_urban_premium,modeled,modeled_city_estimate_not_official_undp_city_hdi,3579925
Calliaqua,St. Vincent & Grenadines,VCT,VC,,13.12867,-61.19178,24205,False,2,Saint George Parish,Saint George Parish,0.798,0.8642,0.809515,0.871655,0.06214,0.798,0.8642,0.011515,0.007455,0.011515,0.007455,national_fallback_plus_bounded_urban_premium,modeled,modeled_city_estimate_not_official_undp_city_hdi,3748746
Sukrah,Tunisia,TUN,TN,Africa,36.87744,10.2468,159862,False,4,"Grand Tunis (Tunis, Ariana, Ben Arous, Manouba)",Manubah,0.792821,0.862458,0.806475,0.871344,0.064869,0.746,0.8268,0.013654,0.008886,0.060475,0.044544,geospatial_subdivision_match_plus_bounded_urban_premium,higher,modeled_city_estimate_not_official_undp_city_hdi,2464960
Samut Prakan,Thailand,THA,TH,Asia/Pacific,13.5976,100.5972,388920,False,2,Samut Prakan,Samut Prakan,0.798,0.8601,0.813833,0.87075,0.056917,0.798,0.8601,0.015833,0.01065,0.015833,0.01065,national_fallback_plus_bounded_urban_premium,modeled,modeled_city_estimate_not_official_undp_city_hdi,1606590
Hanoi,Vietnam,VNM,VN,Asia/Pacific,21.0245,105.84117,8053663,True,1,Hanoi,Ha Noi,0.766,0.8491,0.797262,0.870574,0.073311,0.766,0.8491,0.031262,0.021474,0.031262,0.021474,national_fallback_plus_bounded_urban_premium,modeled,modeled_city_estimate_not_official_undp_city_hdi,1581130
Bengaluru,India,IND,IN,Asia/Pacific,12.97194,77.59369,8495492,False,4,Karnataka,Karnataka,0.714751,0.85544,0.738005,0.87019,0.132185,0.685,0.8358,0.023254,0.01475,0.053005,0.03439,geospatial_subdivision_match_plus_bounded_urban_premium,higher,modeled_city_estimate_not_official_undp_city_hdi,1277333
Nis,Serbia,SRB,RS,Europe,43.32472,21.90333,250000,False,2,Central Serbia,Nišavski,0.833,0.8598,0.847187,0.869788,0.022602,0.833,0.8598,0.014187,0.009988,0.014187,0.009988,national_fallback_plus_bounded_urban_premium,modeled,modeled_city_estimate_not_official_undp_city_hdi,787657
Mueang Nonthaburi,Thailand,THA,TH,Asia/Pacific,13.86075,100.51477,254375,False,3,Nonthaburi,Nonthaburi,0.798,0.8601,0.812332,0.869663,0.057331,0.798,0.8601,0.014332,0.009563,0.014332,0.009563,national_fallback_plus_bounded_urban_premium,modeled,modeled_city_estimate_not_official_undp_city_hdi,1608133
Chon Buri,Thailand,THA,TH,Asia/Pacific,13.3622,100.98345,219164,False,4,Chon Buri,Chon Buri,0.798,0.8601,0.811399,0.868987,0.057588,0.798,0.8601,0.013399,0.008887,0.013399,0.008887,national_fallback_plus_bounded_urban_premium,modeled,modeled_city_estimate_not_official_undp_city_hdi,1611110
Phra Pradaeng,Thailand,THA,TH,Asia/Pacific,13.65855,100.53362,196129,False,5,Samut Prakan,Samut Prakan,0.798,0.8601,0.810543,0.868366,0.057824,0.798,0.8601,0.012543,0.008266,0.012543,0.008266,national_fallback_plus_bounded_urban_premium,modeled,modeled_city_estimate_not_official_undp_city_hdi,1607508
Kumanovo,North Macedonia,MKD,MK,Europe,42.13279,21.71585,75051,False,2,Kumanovo,Kumanovo,0.815,0.86,0.827043,0.868149,0.041106,0.815,0.86,0.012043,0.008149,0.012043,0.008149,national_fallback_plus_bounded_urban_premium,modeled,modeled_city_estimate_not_official_undp_city_hdi,788886
Rio de Janeiro,Brazil,BRA,BR,America,-22.90642,-43.18223,6747815,False,3,Rio de Janeiro,Rio de Janeiro,0.815291,0.853171,0.836451,0.868099,0.031648,0.786,0.8312,0.02116,0.014928,0.050451,0.036899,geospatial_subdivision_match_plus_bounded_urban_premium,higher,modeled_city_estimate_not_official_undp_city_hdi,3451190
Prilep,North Macedonia,MKD,MK,Europe,41.34558,21.5537,73814,False,3,Prilep,Prilep,0.815,0.86,0.826385,0.86767,0.041285,0.815,0.86,0.011385,0.00767,0.011385,0.00767,national_fallback_plus_bounded_urban_premium,modeled,modeled_city_estimate_not_official_undp_city_hdi,786735
Bitola,North Macedonia,MKD,MK,Europe,41.03226,21.33553,69287,False,4,Bitola,Bitola,0.815,0.86,0.825625,0.867117,0.041491,0.815,0.86,0.010625,0.007117,0.010625,0.007117,national_fallback_plus_bounded_urban_premium,modeled,modeled_city_estimate_not_official_undp_city_hdi,792578
Ngerulmud,Palau,PLW,PW,,7.50077,134.6238,0,True,1,Melekeok,Melekeok,0.786,0.8525,0.806652,0.866601,0.059948,0.786,0.8525,0.020652,0.014101,0.020652,0.014101,national_fallback_plus_bounded_urban_premium,lower,modeled_city_estimate_not_official_undp_city_hdi,8063361
Sao Paulo,Brazil,BRA,BR,America,-23.5475,-46.63611,12400232,False,2,Sao Paulo,São Paulo,0.812291,0.850643,0.834841,0.866597,0.031755,0.786,0.8312,0.02255,0.015954,0.048841,0.035397,geospatial_subdivision_match_plus_bounded_urban_premium,higher,modeled_city_estimate_not_official_undp_city_hdi,3448439
Cair,North Macedonia,MKD,MK,Europe,42.01528,21.44111,64773,False,5,Grad Skopje,Butel,0.815,0.86,0.824853,0.866555,0.041701,0.815,0.86,0.009853,0.006555,0.009853,0.006555,national_fallback_plus_bounded_urban_premium,modeled,modeled_city_estimate_not_official_undp_city_hdi,833262
Nuku'alofa,Tonga,TON,TO,Asia/Pacific,-21.13683,-175.20114,22400,True,1,Tongatapu,Tongatapu,0.796311,0.852029,0.817192,0.866454,0.049262,0.769,0.8315,0.020881,0.014425,0.048192,0.034954,admin_subdivision_match_plus_bounded_urban_premium,moderate,modeled_city_estimate_not_official_undp_city_hdi,4032402
New Amsterdam,Guyana,GUY,GY,America,6.24924,-57.51578,35039,False,3,Mahaica-Berbice,Mahaica-Berbice,0.790984,0.858623,0.802271,0.86584,0.063568,0.776,0.8498,0.011287,0.007217,0.026271,0.01604,geospatial_subdivision_match_plus_bounded_urban_premium,higher,modeled_city_estimate_not_official_undp_city_hdi,3376762
Arequipa,Peru,PER,PE,America,-16.39899,-71.53747,1195700,False,3,"South (Tacna, Moquegua, Arequipa, Ica, Ayacucho)",Arequipa,0.824134,0.853425,0.841623,0.865744,0.024121,0.794,0.8335,0.017489,0.012319,0.047623,0.032244,geospatial_subdivision_match_plus_bounded_urban_premium,higher,modeled_city_estimate_not_official_undp_city_hdi,3947322
Chisinau,Moldova,MDA,MD,Europe,47.00902,28.85938,635994,True,1,Chisinau,Chişinău,0.838989,0.847168,0.864194,0.865726,0.001532,0.785,0.8072,0.025205,0.018558,0.079194,0.058526,geospatial_subdivision_match_plus_bounded_urban_premium,higher,modeled_city_estimate_not_official_undp_city_hdi,618426
Novi Sad,Serbia,SRB,RS,Europe,45.25167,19.83694,215400,False,3,Vojvodina,Južno-Backi,0.821092,0.846856,0.840223,0.865162,0.024939,0.833,0.8598,0.019131,0.018306,0.007223,0.005362,geospatial_subdivision_match_plus_bounded_urban_premium,higher,modeled_city_estimate_not_official_undp_city_hdi,3194360
Ho Chi Minh City,Vietnam,VNM,VN,Asia/Pacific,10.82302,106.62965,14002598,False,2,Ho Chi Minh City (HCMC),Hồ Chí Minh city,0.766,0.8491,0.789193,0.864786,0.075593,0.766,0.8491,0.023193,0.015686,0.023193,0.015686,national_fallback_plus_bounded_urban_premium,modeled,modeled_city_estimate_not_official_undp_city_hdi,1566083
Karaj,Iran,IRN,IR,Asia/Pacific,35.83266,50.99155,1448075,False,4,Tehran and Alborz,Alborz,0.841231,0.851946,0.858324,0.86435,0.006026,0.799,0.8181,0.017093,0.012404,0.059324,0.04625,geospatial_subdivision_match_plus_bounded_urban_premium,higher,modeled_city_estimate_not_official_undp_city_hdi,128747
Lagos,Nigeria,NGA,NG,Africa,6.45407,3.39467,15388000,False,2,Lagos,Lagos,0.719744,0.845171,0.746653,0.862879,0.116226,0.56,0.7225,0.026909,0.017708,0.186653,0.140379,admin_subdivision_match_plus_bounded_urban_premium,moderate,modeled_city_estimate_not_official_undp_city_hdi,2332459
Elbasan,Albania,ALB,AL,Europe,41.11138,20.08224,100903,False,4,Elbasan,Elbasan,0.806993,0.852783,0.818521,0.86251,0.043989,0.81,0.8579,0.011528,0.009727,0.008521,0.00461,geospatial_subdivision_match_plus_bounded_urban_premium,higher,modeled_city_estimate_not_official_undp_city_hdi,783263
Shkoder,Albania,ALB,AL,Europe,42.06828,19.51258,95553,False,5,Shkoder,Shkodër,0.805993,0.851941,0.81678,0.862455,0.045675,0.81,0.8579,0.010787,0.010514,0.00678,0.004555,geospatial_subdivision_match_plus_bounded_urban_premium,higher,modeled_city_estimate_not_official_undp_city_hdi,3184081
Haiphong,Vietnam,VNM,VN,Asia/Pacific,20.86481,106.68345,2625200,False,3,Hai Phong,Hải Phòng,0.766,0.8491,0.785849,0.862377,0.076528,0.766,0.8491,0.019849,0.013277,0.019849,0.013277,national_fallback_plus_bounded_urban_premium,modeled,modeled_city_estimate_not_official_undp_city_hdi,1581298
Moscow,Russia,RUS,RU,Europe,55.75204,37.61781,10381222,True,1,Moscow,Moskva,0.832,0.8403,0.861738,0.862321,0.000583,0.832,0.8403,0.029738,0.022021,0.029738,0.022021,national_fallback_plus_bounded_urban_premium,modeled,modeled_city_estimate_not_official_undp_city_hdi,524901
Amman,Jordan,JOR,JO,Asia/Pacific,31.95522,35.94503,1275857,True,1,Amman,Amman,0.771353,0.842891,0.79914,0.862133,0.062993,0.754,0.8295,0.027787,0.019242,0.04514,0.032633,geospatial_subdivision_match_plus_bounded_urban_premium,higher,modeled_city_estimate_not_official_undp_city_hdi,250441
Port Said,Egypt,EGY,EG,Africa,31.26531,32.3019,780515,False,5,Port Said,Bur Sa`id,0.811099,0.85011,0.827251,0.86133,0.034078,0.754,0.8053,0.016152,0.01122,0.073251,0.05603,geospatial_subdivision_match_plus_bounded_urban_premium,higher,modeled_city_estimate_not_official_undp_city_hdi,358619
Roseau,Dominica,DMA,DM,,15.30174,-61.38808,16571,True,1,Saint George Parish,Saint George,0.761,0.8469,0.782195,0.861115,0.07892,0.761,0.8469,0.021195,0.014215,0.021195,0.014215,national_fallback_plus_bounded_urban_premium,modeled,modeled_city_estimate_not_official_undp_city_hdi,3575635
Can Tho,Vietnam,VNM,VN,Asia/Pacific,10.03711,105.78825,1507187,False,4,Can Tho City,Hau Giang,0.766,0.8491,0.784087,0.861106,0.077019,0.766,0.8491,0.018087,0.012006,0.018087,0.012006,national_fallback_plus_bounded_urban_premium,modeled,modeled_city_estimate_not_official_undp_city_hdi,1586203
Medellin,Colombia,COL,CO,America,6.245,-75.57151,1999979,False,3,Antioquia (incl Medellin),Antioquia,0.808765,0.847691,0.827485,0.860807,0.033323,0.788,0.8334,0.01872,0.013116,0.039485,0.027407,geospatial_subdivision_match_plus_bounded_urban_premium,higher,modeled_city_estimate_not_official_undp_city_hdi,3674962
Isfahan,Iran,IRN,IR,Asia/Pacific,32.65246,51.67462,1547164,False,3,Esfahan,Esfahan,0.836231,0.847683,0.854081,0.860648,0.006566,0.799,0.8181,0.01785,0.012965,0.055081,0.042548,geospatial_subdivision_match_plus_bounded_urban_premium,higher,modeled_city_estimate_not_official_undp_city_hdi,418863
Hue,Vietnam,VNM,VN,Asia/Pacific,16.4619,107.59546,1380000,False,5,Thua Thien Hue Province,Thừa Thiên - Huế,0.766,0.8491,0.783288,0.860529,0.077241,0.766,0.8491,0.017288,0.011429,0.017288,0.011429,national_fallback_plus_bounded_urban_premium,modeled,modeled_city_estimate_not_official_undp_city_hdi,1580240
Cape Town,South Africa,ZAF,ZA,Africa,-33.92584,18.42322,4772846,False,3,Western Cape,Western Cape,0.780015,0.844545,0.80145,0.859264,0.057814,0.741,0.8147,0.021435,0.014719,0.06045,0.044564,geospatial_subdivision_match_plus_bounded_urban_premium,higher,modeled_city_estimate_not_official_undp_city_hdi,3369157
Asuncion,Paraguay,PRY,PY,America,-25.28646,-57.647,1482200,True,1,"Central (Asuncion, Central)",Asunción,0.795218,0.838848,0.823044,0.858669,0.035625,0.756,0.8091,0.027826,0.019821,0.067044,0.049569,geospatial_subdivision_match_plus_bounded_urban_premium,higher,modeled_city_estimate_not_official_undp_city_hdi,3439389
Praia,Cape Verde,CPV,CV,Africa,14.93152,-23.51254,137868,True,1,Santiago- Praia,Praia,0.698305,0.842232,0.723436,0.858379,0.134943,0.668,0.8207,0.025131,0.016147,0.055436,0.037679,geospatial_subdivision_match_plus_bounded_urban_premium,higher,modeled_city_estimate_not_official_undp_city_hdi,3374333
Hyderabad,India,IND,IN,Asia/Pacific,17.38405,78.45636,6993262,False,5,Telangana,Telangana,0.700751,0.844203,0.723032,0.858289,0.135257,0.685,0.8358,0.022281,0.014086,0.038032,0.022489,geospatial_subdivision_match_plus_bounded_urban_premium,higher,modeled_city_estimate_not_official_undp_city_hdi,1269843
Managua,Nicaragua,NIC,NI,America,12.13282,-86.2504,973087,True,1,"Pacifico (Chinandega, Leon, Managua, Masaya, Granada, Carazo, Rivas)",Managua,0.777456,0.837962,0.80544,0.857576,0.052136,0.706,0.7847,0.027984,0.019614,0.09944,0.072876,geospatial_subdivision_match_plus_bounded_urban_premium,higher,modeled_city_estimate_not_official_undp_city_hdi,3617763
Cairo,Egypt,EGY,EG,Africa,30.06263,31.24967,9606916,True,1,Cairo,Al Qahirah,0.792099,0.83414,0.823594,0.856746,0.033152,0.754,0.8053,0.031495,0.022606,0.069594,0.051446,geospatial_subdivision_match_plus_bounded_urban_premium,higher,modeled_city_estimate_not_official_undp_city_hdi,360630
Santiago de los Caballeros,Dominican Rep.,DOM,DO,America,19.45036,-70.69085,1200000,False,2,"Region II (Espaillat, Puerto Plata, Santiago)",Santiago,0.77594,0.843987,0.794569,0.856607,0.062039,0.776,0.8456,0.018629,0.01262,0.018569,0.011007,geospatial_subdivision_match_plus_bounded_urban_premium,higher,modeled_city_estimate_not_official_undp_city_hdi,3492914
Sarajevo,Bosnia & Herzegovina,BIH,BA,Europe,43.84864,18.35644,696731,True,1,Federation of B&H,Sarajevo,0.804,0.8378,0.82949,0.856077,0.026587,0.804,0.8378,0.02549,0.018277,0.02549,0.018277,national_fallback_plus_bounded_urban_premium,modeled,modeled_city_estimate_not_official_undp_city_hdi,3191281
Minsk,Belarus,BLR,BY,Europe,53.90019,27.56653,1742124,True,1,Minsk region,City of Minsk,0.836268,0.836086,0.862804,0.855881,-0.006923,0.824,0.8266,0.026536,0.019795,0.038804,0.029281,geospatial_subdivision_match_plus_bounded_urban_premium,higher,modeled_city_estimate_not_official_undp_city_hdi,625144
Bishkek,Kyrgyzstan,KGZ,KG,Asia/Pacific,42.87,74.59,900000,True,1,Bishkek,Bishkek,0.760274,0.836397,0.788014,0.855573,0.067558,0.72,0.8056,0.02774,0.019176,0.068014,0.049973,geospatial_subdivision_match_plus_bounded_urban_premium,higher,modeled_city_estimate_not_official_undp_city_hdi,1528675
Saint Petersburg,Russia,RUS,RU,Europe,59.93863,30.31413,5351935,False,2,St.-Petersburg,City of St. Petersburg,0.832,0.8403,0.852395,0.855251,0.002855,0.832,0.8403,0.020395,0.014951,0.020395,0.014951,national_fallback_plus_bounded_urban_premium,modeled,modeled_city_estimate_not_official_undp_city_hdi,498817
Labasa,Fiji,FJI,FJ,Asia/Pacific,-16.4332,179.36451,27949,False,5,Ba,Northern,0.742801,0.848675,0.753683,0.855111,0.101428,0.731,0.841,0.010882,0.006436,0.022683,0.014111,geospatial_subdivision_match_plus_bounded_urban_premium,higher,modeled_city_estimate_not_official_undp_city_hdi,2204582
Ecatepec de Morelos,Mexico,MEX,MX,America,19.60492,-99.06064,1645352,False,5,Mexico,México,0.793949,0.842832,0.811112,0.854662,0.043551,0.789,0.8415,0.017163,0.01183,0.022112,0.013162,geospatial_subdivision_match_plus_bounded_urban_premium,higher,modeled_city_estimate_not_official_undp_city_hdi,3529612
Port of Spain,Trinidad & Tobago,TTO,TT,America,10.66668,-61.51889,49031,True,1,Port of Spain,Port of Spain,0.807,0.839,0.827181,0.853375,0.026194,0.807,0.839,0.020181,0.014375,0.020181,0.014375,national_fallback_plus_bounded_urban_premium,modeled,modeled_city_estimate_not_official_undp_city_hdi,3573890
Novosibirsk,Russia,RUS,RU,Europe,55.02259,82.93175,1612833,False,3,Novosibirsk Oblast,Novosibirsk,0.832,0.8403,0.849412,0.853017,0.003605,0.832,0.8403,0.017412,0.012717,0.017412,0.012717,national_fallback_plus_bounded_urban_premium,modeled,modeled_city_estimate_not_official_undp_city_hdi,1496747
Khulna,Bangladesh,BGD,BD,Asia/Pacific,22.80979,89.56439,1500689,False,4,"Bagerhat, Khulna, Satkhira",Khulna,0.718112,0.840411,0.737734,0.852943,0.115209,0.685,0.8161,0.019622,0.012532,0.052734,0.036843,geospatial_subdivision_match_plus_bounded_urban_premium,higher,modeled_city_estimate_not_official_undp_city_hdi,1336135
Yekaterinburg,Russia,RUS,RU,Europe,56.85733,60.61529,1495066,False,4,Sverdlovsk Oblast,Sverdlovsk,0.832,0.8403,0.848663,0.852457,0.003795,0.832,0.8403,0.016663,0.012157,0.016663,0.012157,national_fallback_plus_bounded_urban_premium,modeled,modeled_city_estimate_not_official_undp_city_hdi,1486209
Phnom Penh,Cambodia,KHM,KH,Asia/Pacific,11.56245,104.91601,1573544,True,1,Phnom Penh,Phnom Penh,0.707068,0.831533,0.738183,0.852394,0.114211,0.606,0.7546,0.031115,0.020861,0.132183,0.097794,geospatial_subdivision_match_plus_bounded_urban_premium,higher,modeled_city_estimate_not_official_undp_city_hdi,1821306
Pretoria,South Africa,ZAF,ZA,Africa,-25.74486,28.18783,2112693,True,1,Gauteng,Gauteng,0.765015,0.832065,0.794066,0.852366,0.0583,0.741,0.8147,0.029051,0.020301,0.053066,0.037666,geospatial_subdivision_match_plus_bounded_urban_premium,higher,modeled_city_estimate_not_official_undp_city_hdi,964137
Sumgayit,Azerbaijan,AZE,AZ,Asia/Pacific,40.58972,49.66861,427000,False,2,Sumqayit,Sumqayıt,0.789,0.8409,0.805213,0.852037,0.046824,0.789,0.8409,0.016213,0.011137,0.016213,0.011137,national_fallback_plus_bounded_urban_premium,modeled,modeled_city_estimate_not_official_undp_city_hdi,584923
Hayy Khilda,Jordan,JOR,JO,Asia/Pacific,31.99202,35.84002,251000,False,5,Amman,Amman,0.771353,0.842891,0.785246,0.852021,0.066775,0.754,0.8295,0.013893,0.00913,0.031246,0.022521,geospatial_subdivision_match_plus_bounded_urban_premium,higher,modeled_city_estimate_not_official_undp_city_hdi,248583
Nizhniy Novgorod,Russia,RUS,RU,Europe,56.32867,44.00205,1259013,False,5,Nizhny Novgorod Oblast,Nizhegorod,0.832,0.8403,0.847714,0.85175,0.004036,0.832,0.8403,0.015714,0.01145,0.015714,0.01145,national_fallback_plus_bounded_urban_premium,modeled,modeled_city_estimate_not_official_undp_city_hdi,520555
Davao,Philippines,PHL,PH,Asia/Pacific,7.07306,125.61278,1848947,False,3,XI-Davao,Davao,0.719404,0.838494,0.739471,0.851413,0.111942,0.72,0.841,0.020067,0.012919,0.019471,0.010413,geospatial_subdivision_match_plus_bounded_urban_premium,higher,modeled_city_estimate_not_official_undp_city_hdi,1715348
Libreville,Gabon,GAB,GA,Africa,0.39241,9.45356,846090,True,1,Estuaire,Estuaire,0.781121,0.832036,0.808357,0.851327,0.04297,0.733,0.795,0.027236,0.019291,0.075357,0.056327,geospatial_subdivision_match_plus_bounded_urban_premium,higher,modeled_city_estimate_not_official_undp_city_hdi,2399697
Alexandria,Egypt,EGY,EG,Africa,31.20176,29.91582,5263542,False,2,Alexandria,Al Iskandariyah,0.794099,0.835821,0.816028,0.851317,0.035288,0.754,0.8053,0.021929,0.015496,0.062028,0.046017,geospatial_subdivision_match_plus_bounded_urban_premium,higher,modeled_city_estimate_not_official_undp_city_hdi,361058
San Pedro de Macoris,Dominican Rep.,DOM,DO,America,18.4539,-69.30864,217899,False,5,"Region V (El Seibo, La Altagracia, La Romana, San Pedro de Macoris, Hato Mayor)",San Pedro de Macorís,0.76694,0.836485,0.783595,0.851041,0.067447,0.776,0.8456,0.016655,0.014556,0.007595,0.005441,geospatial_subdivision_match_plus_bounded_urban_premium,higher,modeled_city_estimate_not_official_undp_city_hdi,3493032
Suva,Fiji,FJI,FJ,Asia/Pacific,-18.13683,178.42531,77366,True,1,Ra,Central,0.700801,0.814311,0.743508,0.849984,0.106476,0.731,0.841,0.042707,0.035673,0.012508,0.008984,admin_subdivision_match_plus_bounded_urban_premium,moderate,modeled_city_estimate_not_official_undp_city_hdi,2198148
Belize City,Belize,BLZ,BZ,America,17.49952,-88.19756,65222,False,2,Belize,Belize,0.759774,0.841217,0.773282,0.849876,0.076594,0.721,0.8128,0.013508,0.008659,0.052282,0.037076,geospatial_subdivision_match_plus_bounded_urban_premium,higher,modeled_city_estimate_not_official_undp_city_hdi,3582677
Ganja,Azerbaijan,AZE,AZ,Asia/Pacific,40.68157,46.36134,330663,False,3,Ganja Gazakh,Gəncə,0.790403,0.839368,0.805462,0.849668,0.044206,0.789,0.8409,0.015059,0.0103,0.016462,0.008768,geospatial_subdivision_match_plus_bounded_urban_premium,higher,modeled_city_estimate_not_official_undp_city_hdi,586523
Phuntsholing,Bhutan,BTN,BT,Asia/Pacific,26.85164,89.38837,27658,False,2,Chukha,Chhukha,0.745257,0.841386,0.758627,0.849667,0.09104,0.698,0.8102,0.01337,0.008281,0.060627,0.039467,geospatial_subdivision_match_plus_bounded_urban_premium,higher,modeled_city_estimate_not_official_undp_city_hdi,1252484
San Lorenzo,Paraguay,PRY,PY,America,-25.33968,-57.50879,227876,False,3,"Central (Asuncion, Central)",Central,0.795218,0.838848,0.810056,0.849053,0.038997,0.756,0.8091,0.014838,0.010205,0.054056,0.039953,geospatial_subdivision_match_plus_bounded_urban_premium,higher,modeled_city_estimate_not_official_undp_city_hdi,3437056
Puebla,Mexico,MEX,MX,America,19.04778,-98.20723,1692181,False,4,Puebla,Puebla,0.750949,0.80671,0.799222,0.849019,0.049797,0.789,0.8415,0.048273,0.042309,0.010222,0.007519,geospatial_subdivision_match_plus_bounded_urban_premium,higher,modeled_city_estimate_not_official_undp_city_hdi,3521081
Gaborone,Botswana,BWA,BW,Africa,-24.65451,25.90859,246325,True,1,Gaborone,Gaborone,0.731,0.832,0.756114,0.848885,0.092772,0.731,0.832,0.025114,0.016885,0.025114,0.016885,national_fallback_plus_bounded_urban_premium,modeled,modeled_city_estimate_not_official_undp_city_hdi,933773
Yevlakh,Azerbaijan,AZE,AZ,Asia/Pacific,40.61832,47.15014,127400,False,5,Yevlax City,Yevlakh,0.789,0.8409,0.800801,0.848811,0.04801,0.789,0.8409,0.011801,0.007911,0.011801,0.007911,national_fallback_plus_bounded_urban_premium,modeled,modeled_city_estimate_not_official_undp_city_hdi,584649
Darhan,Mongolia,MNG,MN,Asia/Pacific,49.48667,105.92278,83883,False,3,"Central (Dornogovi, Dundgovi, Umnugovi, Selenge, Tuv, Darkhan-Uul, Govisumber)",Darhan-Uul,0.754067,0.840421,0.767033,0.848629,0.081596,0.747,0.8389,0.012966,0.008208,0.020033,0.009729,geospatial_subdivision_match_plus_bounded_urban_premium,higher,modeled_city_estimate_not_official_undp_city_hdi,2031964
San Pedro,Belize,BLZ,BZ,America,17.91598,-87.9659,17429,False,4,Belize,Belize,0.759774,0.841217,0.771451,0.848536,0.077084,0.721,0.8128,0.011677,0.007319,0.050451,0.035736,geospatial_subdivision_match_plus_bounded_urban_premium,higher,modeled_city_estimate_not_official_undp_city_hdi,3581164
Lautoka,Fiji,FJI,FJ,Asia/Pacific,-17.61686,177.45049,52500,False,3,Western,Western,0.731,0.841,0.743273,0.848445,0.105172,0.731,0.841,0.012273,0.007445,0.012273,0.007445,national_fallback_plus_bounded_urban_premium,modeled,modeled_city_estimate_not_official_undp_city_hdi,2204506
Capiata,Paraguay,PRY,PY,America,-25.3552,-57.44545,198553,False,4,"Central (Asuncion, Central)",Central,0.795218,0.838848,0.809149,0.848383,0.039235,0.756,0.8091,0.013931,0.009535,0.053149,0.039283,geospatial_subdivision_match_plus_bounded_urban_premium,higher,modeled_city_estimate_not_official_undp_city_hdi,3439214
Johannesburg,South Africa,ZAF,ZA,Africa,-26.20227,28.04363,9418183,False,2,Gauteng,Gauteng,0.765015,0.832065,0.788512,0.848299,0.059788,0.741,0.8147,0.023497,0.016234,0.047512,0.033599,geospatial_subdivision_match_plus_bounded_urban_premium,higher,modeled_city_estimate_not_official_undp_city_hdi,993800
Leon,Nicaragua,NIC,NI,America,12.43527,-86.87862,144538,False,2,"Pacifico (Chinandega, Leon, Managua, Masaya, Granada, Carazo, Rivas)",León,0.777456,0.837962,0.792874,0.848288,0.055414,0.706,0.7847,0.015418,0.010326,0.086874,0.063588,geospatial_subdivision_match_plus_bounded_urban_premium,higher,modeled_city_estimate_not_official_undp_city_hdi,3618030
Nadi,Fiji,FJI,FJ,Asia/Pacific,-17.80309,177.41617,42284,False,4,Western,Western,0.731,0.841,0.742531,0.847907,0.105376,0.731,0.841,0.011531,0.006907,0.011531,0.006907,national_fallback_plus_bounded_urban_premium,modeled,modeled_city_estimate_not_official_undp_city_hdi,2202064
Masaya,Nicaragua,NIC,NI,America,11.97316,-86.09587,130113,False,3,"Pacifico (Chinandega, Leon, Managua, Masaya, Granada, Carazo, Rivas)",Masaya,0.777456,0.837962,0.792032,0.847665,0.055633,0.706,0.7847,0.014576,0.009703,0.086032,0.062965,geospatial_subdivision_match_plus_bounded_urban_premium,higher,modeled_city_estimate_not_official_undp_city_hdi,3617723
Chaguanas,Trinidad & Tobago,TTO,TT,America,10.51667,-61.41667,67433,False,2,Chaguanas,Chaguanas,0.807,0.839,0.818974,0.847327,0.028352,0.807,0.839,0.011974,0.008327,0.011974,0.008327,national_fallback_plus_bounded_urban_premium,modeled,modeled_city_estimate_not_official_undp_city_hdi,3574810
Lambare,Paraguay,PRY,PY,America,-25.34682,-57.60647,126377,False,5,"Central (Asuncion, Central)",Asunción,0.795218,0.838848,0.807572,0.847219,0.039647,0.756,0.8091,0.012354,0.008371,0.051572,0.038119,geospatial_subdivision_match_plus_bounded_urban_premium,higher,modeled_city_estimate_not_official_undp_city_hdi,3437863
Chinandega,Nicaragua,NIC,NI,America,12.62951,-87.13133,126387,False,4,"Pacifico (Chinandega, Leon, Managua, Masaya, Granada, Carazo, Rivas)",Chinandega,0.777456,0.837962,0.791349,0.847159,0.055811,0.706,0.7847,0.013893,0.009197,0.085349,0.062459,geospatial_subdivision_match_plus_bounded_urban_premium,higher,modeled_city_estimate_not_official_undp_city_hdi,3620381
Walvis Bay,Namibia,NAM,NA,Africa,-22.9575,14.50528,73598,False,3,Erongo,Erongo,0.720635,0.838534,0.734824,0.847141,0.112317,0.665,0.7983,0.014189,0.008607,0.069824,0.048841,geospatial_subdivision_match_plus_bounded_urban_premium,higher,modeled_city_estimate_not_official_undp_city_hdi,3359638
Zenica,Bosnia & Herzegovina,BIH,BA,Europe,44.20169,17.90397,164423,False,3,Federation of B&H,Zenica-Doboj,0.804,0.8378,0.817294,0.847073,0.029779,0.804,0.8378,0.013294,0.009273,0.013294,0.009273,national_fallback_plus_bounded_urban_premium,modeled,modeled_city_estimate_not_official_undp_city_hdi,3186573
Mon Repos,Trinidad & Tobago,TTO,TT,America,10.27979,-61.4459,56380,False,3,San Fernando,San Fernando,0.807,0.839,0.817969,0.846588,0.028619,0.807,0.839,0.010969,0.007588,0.010969,0.007588,national_fallback_plus_bounded_urban_premium,modeled,modeled_city_estimate_not_official_undp_city_hdi,3574116
Ahmedabad,India,IND,IN,Asia/Pacific,23.02579,72.58727,6357693,False,6,Gujarat,Gujarat,0.686751,0.832965,0.708253,0.846514,0.138261,0.685,0.8358,0.021502,0.013549,0.023253,0.010714,geospatial_subdivision_match_plus_bounded_urban_premium,higher,modeled_city_estimate_not_official_undp_city_hdi,1279233
Tuzla,Bosnia & Herzegovina,BIH,BA,Europe,44.53842,18.66709,142486,False,4,Federation of B&H,Tuzla,0.804,0.8378,0.816371,0.846394,0.030023,0.804,0.8378,0.012371,0.008594,0.012371,0.008594,national_fallback_plus_bounded_urban_premium,modeled,modeled_city_estimate_not_official_undp_city_hdi,3188582
Apia,Samoa,WSM,WS,Asia/Pacific,-13.83333,-171.76666,40407,True,1,Apia Urban Area,Tuamasaga,0.732653,0.831543,0.754868,0.84635,0.091481,0.708,0.8134,0.022215,0.014807,0.046868,0.03295,geospatial_subdivision_match_plus_bounded_urban_premium,higher,modeled_city_estimate_not_official_undp_city_hdi,4035413
Swakopmund,Namibia,NAM,NA,Africa,-22.67842,14.52663,53009,False,4,Erongo,Erongo Region,0.720635,0.838534,0.733484,0.846161,0.112677,0.665,0.7983,0.012849,0.007627,0.068484,0.047861,admin_subdivision_match_plus_bounded_urban_premium,moderate,modeled_city_estimate_not_official_undp_city_hdi,3352844
San Fernando,Trinidad & Tobago,TTO,TT,America,10.27969,-61.46835,55419,False,4,San Fernando,San Fernando,0.807,0.839,0.817304,0.8461,0.028796,0.807,0.839,0.010304,0.0071,0.010304,0.0071,national_fallback_plus_bounded_urban_premium,modeled,modeled_city_estimate_not_official_undp_city_hdi,3573738
Nasinu,Fiji,FJI,FJ,Asia/Pacific,-18.07051,178.51313,92043,False,2,Ra,Central,0.700801,0.814311,0.737737,0.845598,0.107861,0.731,0.841,0.036936,0.031287,0.006737,0.004598,geospatial_subdivision_match_plus_bounded_urban_premium,higher,modeled_city_estimate_not_official_undp_city_hdi,8740209
Rio Claro,Trinidad & Tobago,TTO,TT,America,10.30594,-61.17556,35650,False,5,Mayaro,Rio Claro-Mayaro,0.807,0.839,0.816452,0.845475,0.029023,0.807,0.839,0.009452,0.006475,0.009452,0.006475,national_fallback_plus_bounded_urban_premium,modeled,modeled_city_estimate_not_official_undp_city_hdi,3573840
Mostar,Bosnia & Herzegovina,BIH,BA,Europe,43.34333,17.80806,104518,False,5,Federation of B&H,Herzegovina-Neretva,0.804,0.8378,0.815088,0.845452,0.030364,0.804,0.8378,0.011088,0.007652,0.011088,0.007652,national_fallback_plus_bounded_urban_premium,modeled,modeled_city_estimate_not_official_undp_city_hdi,3194828
Colombo,Sri Lanka,LKA,LK,,6.93548,79.84868,648034,True,1,Western Province,Kŏḷamba,0.776,0.827,0.802044,0.845418,0.043375,0.776,0.827,0.026044,0.018418,0.026044,0.018418,national_fallback_plus_bounded_urban_premium,modeled,modeled_city_estimate_not_official_undp_city_hdi,1248991
Soweto,South Africa,ZAF,ZA,Africa,-26.26781,27.85849,1695047,False,5,Gauteng,Gauteng,0.765015,0.832065,0.783168,0.844383,0.061215,0.741,0.8147,0.018153,0.012318,0.042168,0.029683,geospatial_subdivision_match_plus_bounded_urban_premium,higher,modeled_city_estimate_not_official_undp_city_hdi,953781
Funafuti,Tuvalu,TUV,TV,Asia/Pacific,-8.52425,179.19417,6320,True,1,Funafuti,Funafuti,0.729489,0.828708,0.752042,0.843744,0.091702,0.689,0.7996,0.022553,0.015036,0.063042,0.044144,admin_subdivision_match_plus_bounded_urban_premium,moderate,modeled_city_estimate_not_official_undp_city_hdi,2110394
Erdenet,Mongolia,MNG,MN,Asia/Pacific,49.03333,104.08333,97814,False,2,"Khangai (Arkhangai, Bayankhongor, Bulgan, Uvurkhangai, Khuvsgul, Orkhon)",Orhon,0.710067,0.804118,0.753718,0.843569,0.089851,0.747,0.8389,0.043651,0.039451,0.006718,0.004669,geospatial_subdivision_match_plus_bounded_urban_premium,higher,modeled_city_estimate_not_official_undp_city_hdi,2031405
Banja Luka,Bosnia & Herzegovina,BIH,BA,Europe,44.77879,17.20629,221106,False,2,Republica Srpska,Banja Luka,0.796453,0.829453,0.811439,0.843293,0.031854,0.804,0.8378,0.014986,0.01384,0.007439,0.005493,geospatial_subdivision_match_plus_bounded_urban_premium,higher,modeled_city_estimate_not_official_undp_city_hdi,3204541
Choibalsan,Mongolia,MNG,MN,Asia/Pacific,48.07257,114.53264,44835,False,4,"Eastern (Dornod, Sukhbaatar, Khentii)",Dornod,0.722067,0.814018,0.752831,0.842895,0.090064,0.747,0.8389,0.030764,0.028877,0.005831,0.003995,geospatial_subdivision_match_plus_bounded_urban_premium,higher,modeled_city_estimate_not_official_undp_city_hdi,2032054
Algiers,Algeria,DZA,DZ,Africa,36.73225,3.08746,2364230,True,1,"Nord Centre (Alger, Blida, Boumerdes, Tipaza, Bouira, Medea, Tizi-Ouzou, Bejaia, Chlef, Ain Defla)",Alger,0.787558,0.820834,0.81626,0.841603,0.025343,0.763,0.8016,0.028702,0.020769,0.05326,0.040003,geospatial_subdivision_match_plus_bounded_urban_premium,higher,modeled_city_estimate_not_official_undp_city_hdi,2507480
Belo Horizonte,Brazil,BRA,BR,America,-19.92083,-43.93778,2721564,False,4,Minas Gerais,Minas Gerais,0.785291,0.827886,0.804186,0.841132,0.036946,0.786,0.8312,0.018895,0.013246,0.018186,0.009932,geospatial_subdivision_match_plus_bounded_urban_premium,higher,modeled_city_estimate_not_official_undp_city_hdi,3470127
Francistown,Botswana,BWA,BW,Africa,-21.17,27.50778,103417,False,2,City of Francistown,Francistown,0.731,0.832,0.745363,0.841107,0.095744,0.731,0.832,0.014363,0.009107,0.014363,0.009107,national_fallback_plus_bounded_urban_premium,modeled,modeled_city_estimate_not_official_undp_city_hdi,933778
Owendo,Gabon,GAB,GA,Africa,0.29123,9.50465,95313,False,4,Estuaire,Estuaire,0.781121,0.832036,0.793933,0.840646,0.046713,0.733,0.795,0.012812,0.00861,0.060933,0.045646,admin_subdivision_match_plus_bounded_urban_premium,moderate,modeled_city_estimate_not_official_undp_city_hdi,2396657
Trujillo,Peru,PER,PE,America,-8.11599,-79.02998,1067700,False,4,"North (Tumbes, Piura, Lambayeque, Cajamarca, La Libertad)",La Libertad,0.771134,0.808641,0.803582,0.840595,0.037013,0.794,0.8335,0.032448,0.031954,0.009582,0.007095,geospatial_subdivision_match_plus_bounded_urban_premium,higher,modeled_city_estimate_not_official_undp_city_hdi,3691175
Piura,Peru,PER,PE,America,-5.18192,-80.65715,630000,False,5,"North (Tumbes, Piura, Lambayeque, Cajamarca, La Libertad)",Piura,0.771134,0.808641,0.802885,0.840065,0.03718,0.794,0.8335,0.031751,0.031424,0.008885,0.006565,geospatial_subdivision_match_plus_bounded_urban_premium,higher,modeled_city_estimate_not_official_undp_city_hdi,3693528
Salvador,Brazil,BRA,BR,America,-12.97563,-38.49096,2711840,False,5,Bahia,Bahia,0.760291,0.806816,0.796863,0.839242,0.042378,0.786,0.8312,0.036572,0.032426,0.010863,0.008042,geospatial_subdivision_match_plus_bounded_urban_premium,higher,modeled_city_estimate_not_official_undp_city_hdi,3450554
Fortaleza,Brazil,BRA,BR,America,-3.71722,-38.54306,2400000,False,6,Ceara,Ceará,0.757291,0.804287,0.796702,0.839119,0.042417,0.786,0.8312,0.039411,0.034832,0.010702,0.007919,geospatial_subdivision_match_plus_bounded_urban_premium,higher,modeled_city_estimate_not_official_undp_city_hdi,3399415
Homyel',Belarus,BLR,BY,Europe,52.4345,30.9754,501193,False,2,Gomel region,Gomel,0.825268,0.826637,0.841072,0.838274,-0.002798,0.824,0.8266,0.015804,0.011637,0.017072,0.011674,geospatial_subdivision_match_plus_bounded_urban_premium,higher,modeled_city_estimate_not_official_undp_city_hdi,627907
Dehiwala-Mount Lavinia,Sri Lanka,LKA,LK,,6.84019,79.87116,219827,False,2,Western Province,Kŏḷamba,0.776,0.827,0.791085,0.83736,0.046276,0.776,0.827,0.015085,0.01036,0.015085,0.01036,national_fallback_plus_bounded_urban_premium,modeled,modeled_city_estimate_not_official_undp_city_hdi,1234569
Zarqa,Jordan,JOR,JO,Asia/Pacific,32.07275,36.08796,792665,False,2,Zarqa,Zarqa,0.749353,0.824602,0.767586,0.836902,0.069316,0.754,0.8295,0.018233,0.0123,0.013586,0.007402,geospatial_subdivision_match_plus_bounded_urban_premium,higher,modeled_city_estimate_not_official_undp_city_hdi,250090
Chattogram,Bangladesh,BGD,BD,Asia/Pacific,22.3384,91.83168,3920222,False,2,Chittagong,Chittagong,0.695112,0.821777,0.718046,0.836723,0.118677,0.685,0.8161,0.022934,0.014946,0.033046,0.020623,geospatial_subdivision_match_plus_bounded_urban_premium,higher,modeled_city_estimate_not_official_undp_city_hdi,1205733
Maharagama,Sri Lanka,LKA,LK,,6.848,79.9265,195355,False,3,Western Province,Kŏḷamba,0.776,0.827,0.790214,0.836721,0.046507,0.776,0.827,0.014214,0.009721,0.014214,0.009721,national_fallback_plus_bounded_urban_premium,modeled,modeled_city_estimate_not_official_undp_city_hdi,1236854
Mogoditshane,Botswana,BWA,BW,Africa,-24.62694,25.86556,88004,False,3,Kweneng,Gaborone,0.71493,0.814404,0.737678,0.836596,0.098917,0.731,0.832,0.022748,0.022192,0.006678,0.004596,geospatial_subdivision_match_plus_bounded_urban_premium,higher,modeled_city_estimate_not_official_undp_city_hdi,933331
Maun,Botswana,BWA,BW,Africa,-19.98333,23.41667,85350,False,4,"North-West, Ngamiland",North-West,0.69593,0.798793,0.737638,0.836565,0.098927,0.731,0.832,0.041708,0.037772,0.006638,0.004565,geospatial_subdivision_match_plus_bounded_urban_premium,higher,modeled_city_estimate_not_official_undp_city_hdi,933366
Molepolole,Botswana,BWA,BW,Africa,-24.40659,25.49508,74861,False,5,Kweneng,Kweneng,0.71493,0.814404,0.737464,0.836433,0.098969,0.731,0.832,0.022534,0.022029,0.006464,0.004433,geospatial_subdivision_match_plus_bounded_urban_premium,higher,modeled_city_estimate_not_official_undp_city_hdi,933305
Rabat,Morocco,MAR,MA,Africa,34.01325,-6.83255,1655753,True,1,Rabat-Sale-Kenitra,Rabat - Salé - Zemmour - Zaer,0.71,0.8162,0.739459,0.836241,0.096782,0.71,0.8162,0.029459,0.020041,0.029459,0.020041,national_fallback_plus_bounded_urban_premium,modeled,modeled_city_estimate_not_official_undp_city_hdi,2538475
Jaffna,Sri Lanka,LKA,LK,,9.66845,80.00742,169102,False,4,Northern Province,Northern Province,0.776,0.827,0.789284,0.836038,0.046754,0.776,0.827,0.013284,0.009038,0.013284,0.009038,national_fallback_plus_bounded_urban_premium,modeled,modeled_city_estimate_not_official_undp_city_hdi,1242833
Irbid,Jordan,JOR,JO,Asia/Pacific,32.55556,35.85,569068,False,3,Irbid,Irbid,0.746353,0.822109,0.763279,0.835982,0.072703,0.754,0.8295,0.016926,0.013873,0.009279,0.006482,geospatial_subdivision_match_plus_bounded_urban_premium,higher,modeled_city_estimate_not_official_undp_city_hdi,248946
Kyiv,Ukraine,UKR,UA,Europe,50.45466,30.5238,2952301,True,1,Kyiv City,Kiev City,0.779,0.8149,0.807963,0.835818,0.027855,0.779,0.8149,0.028963,0.020918,0.028963,0.020918,national_fallback_plus_bounded_urban_premium,modeled,modeled_city_estimate_not_official_undp_city_hdi,703448
Abuja,Nigeria,NGA,NG,Africa,9.05785,7.49508,2690000,True,1,Abuja FCT,Federal Capital Territory,0.679744,0.813241,0.712877,0.835581,0.122704,0.56,0.7225,0.033133,0.02234,0.152877,0.113081,geospatial_subdivision_match_plus_bounded_urban_premium,higher,modeled_city_estimate_not_official_undp_city_hdi,2352778
Moratuwa,Sri Lanka,LKA,LK,,6.773,79.8816,168280,False,5,Western Province,Kŏḷamba,0.776,0.827,0.788647,0.835571,0.046924,0.776,0.827,0.012647,0.008571,0.012647,0.008571,national_fallback_plus_bounded_urban_premium,modeled,modeled_city_estimate_not_official_undp_city_hdi,1234633
Russeifa,Jordan,JOR,JO,Asia/Pacific,32.01778,36.04639,268237,False,4,Zarqa,Zarqa,0.749353,0.824602,0.764056,0.835227,0.071171,0.754,0.8295,0.014703,0.010625,0.010056,0.005727,geospatial_subdivision_match_plus_bounded_urban_premium,higher,modeled_city_estimate_not_official_undp_city_hdi,7838895
Santa Cruz de la Sierra,Bolivia,BOL,BO,America,-17.78629,-63.18117,1831434,False,3,Santa Cruz,Santa Cruz,0.783792,0.821328,0.803386,0.835218,0.031832,0.733,0.7813,0.019594,0.01389,0.070386,0.053918,geospatial_subdivision_match_plus_bounded_urban_premium,higher,modeled_city_estimate_not_official_undp_city_hdi,3904906
Sfax,Tunisia,TUN,TN,Africa,34.74056,10.76028,280566,False,2,"Centre Est (Sousse, Monastir, Mahdia, Sfax)",Sfax,0.746821,0.824311,0.763014,0.835057,0.072043,0.746,0.8268,0.016193,0.010746,0.017014,0.008257,geospatial_subdivision_match_plus_bounded_urban_premium,higher,modeled_city_estimate_not_official_undp_city_hdi,2467454
Hrodna,Belarus,BLR,BY,Europe,53.6758,23.82887,363718,False,3,Grodno region,Grodno,0.822268,0.82406,0.836817,0.834756,-0.002061,0.824,0.8266,0.014549,0.010696,0.012817,0.008156,geospatial_subdivision_match_plus_bounded_urban_premium,higher,modeled_city_estimate_not_official_undp_city_hdi,627904
Quito,Ecuador,ECU,EC,America,-0.22985,-78.52495,2781641,True,1,Pichincha,Pichincha,0.777,0.8137,0.805898,0.834559,0.028662,0.777,0.8137,0.028898,0.020859,0.028898,0.020859,national_fallback_plus_bounded_urban_premium,modeled,modeled_city_estimate_not_official_undp_city_hdi,3652462
Kingston,Jamaica,JAM,JM,America,17.99702,-76.79358,937700,True,1,"Kingston, St Andrew",Saint Andrew,0.729054,0.815185,0.757084,0.834513,0.077429,0.72,0.8091,0.02803,0.019328,0.037084,0.025413,geospatial_subdivision_match_plus_bounded_urban_premium,higher,modeled_city_estimate_not_official_undp_city_hdi,3489854
Sousse,Tunisia,TUN,TN,Africa,35.82539,10.63699,221715,False,3,"Centre Est (Sousse, Monastir, Mahdia, Sfax)",Sousse,0.746821,0.824311,0.76189,0.834237,0.072346,0.746,0.8268,0.015069,0.009926,0.01589,0.007437,geospatial_subdivision_match_plus_bounded_urban_premium,higher,modeled_city_estimate_not_official_undp_city_hdi,2464915
Andijon,Uzbekistan,UZB,UZ,Asia/Pacific,40.78338,72.35067,747800,False,2,"East (Namangan, Fergana, Andizhan)",Andijon,0.713746,0.799982,0.749449,0.832972,0.083523,0.74,0.8262,0.035703,0.03299,0.009449,0.006772,geospatial_subdivision_match_plus_bounded_urban_premium,higher,modeled_city_estimate_not_official_undp_city_hdi,1514588
Namangan,Uzbekistan,UZB,UZ,Asia/Pacific,40.9983,71.67257,713220,False,3,"East (Namangan, Fergana, Andizhan)",Namangan,0.713746,0.799982,0.749386,0.832924,0.083538,0.74,0.8262,0.03564,0.032942,0.009386,0.006724,geospatial_subdivision_match_plus_bounded_urban_premium,higher,modeled_city_estimate_not_official_undp_city_hdi,1513157
Samarkand,Uzbekistan,UZB,UZ,Asia/Pacific,39.65456,66.96445,595200,False,4,"Central (Navoi, Bukhara, Samarkand)",Samarkand,0.714746,0.80081,0.749147,0.832743,0.083595,0.74,0.8262,0.034401,0.031933,0.009147,0.006543,geospatial_subdivision_match_plus_bounded_urban_premium,higher,modeled_city_estimate_not_official_undp_city_hdi,1216265
Vitebsk,Belarus,BLR,BY,Europe,55.1904,30.2049,358927,False,4,Vitebsk region,Vitebsk,0.817268,0.819765,0.831954,0.832633,0.000679,0.824,0.8266,0.014686,0.012868,0.007954,0.006033,geospatial_subdivision_match_plus_bounded_urban_premium,higher,modeled_city_estimate_not_official_undp_city_hdi,620127
Mahilyow,Belarus,BLR,BY,Europe,53.90876,30.34044,352896,False,5,Mogilev region,Mogilev,0.815268,0.818047,0.831932,0.832616,0.000684,0.824,0.8266,0.016664,0.014569,0.007932,0.006016,geospatial_subdivision_match_plus_bounded_urban_premium,higher,modeled_city_estimate_not_official_undp_city_hdi,625665
Casablanca,Morocco,MAR,MA,Africa,33.58831,-7.61138,3665954,False,2,Casablanca-Settat,Grand Casablanca,0.71,0.8162,0.732316,0.831065,0.098749,0.71,0.8162,0.022316,0.014865,0.022316,0.014865,national_fallback_plus_bounded_urban_premium,modeled,modeled_city_estimate_not_official_undp_city_hdi,2553604
Blida,Algeria,DZA,DZ,Africa,36.47004,2.8277,331779,False,5,"Nord Centre (Alger, Blida, Boumerdes, Tipaza, Bouira, Medea, Tizi-Ouzou, Bejaia, Chlef, Ain Defla)",Blida,0.787558,0.820834,0.801847,0.830857,0.02901,0.763,0.8016,0.014289,0.010023,0.038847,0.029257,geospatial_subdivision_match_plus_bounded_urban_premium,higher,modeled_city_estimate_not_official_undp_city_hdi,2503769
Tabriz,Iran,IRN,IR,Asia/Pacific,38.08,46.2919,1424641,False,5,East Azerbaijan,East Azarbaijan,0.799,0.8181,0.815674,0.830137,0.014463,0.799,0.8181,0.016674,0.012037,0.016674,0.012037,national_fallback_plus_bounded_urban_premium,modeled,modeled_city_estimate_not_official_undp_city_hdi,113646
Mindelo,Cape Verde,CPV,CV,Africa,16.89014,-24.98042,69013,False,2,Sao Vicente,São Vicente,0.668,0.8207,0.682695,0.82936,0.146665,0.668,0.8207,0.014695,0.00866,0.014695,0.00866,national_fallback_plus_bounded_urban_premium,modeled,modeled_city_estimate_not_official_undp_city_hdi,3374462
Fes,Morocco,MAR,MA,Africa,34.03313,-5.00028,1191905,False,3,Fes-Meknes,Fès - Boulemane,0.71,0.8162,0.729341,0.828902,0.099561,0.71,0.8162,0.019341,0.012702,0.019341,0.012702,national_fallback_plus_bounded_urban_premium,modeled,modeled_city_estimate_not_official_undp_city_hdi,2548885
Majuro,Marshall Islands,MHL,MH,,7.08971,171.38027,25400,True,1,Majuro Atoll,Majuro Atoll,0.733,0.8139,0.754785,0.828769,0.073984,0.733,0.8139,0.021785,0.014869,0.021785,0.014869,national_fallback_plus_bounded_urban_premium,modeled,modeled_city_estimate_not_official_undp_city_hdi,2113779
Espargos,Cape Verde,CPV,CV,Africa,16.75524,-22.9446,24500,False,3,Sal,Sal,0.668,0.8207,0.681358,0.828389,0.147031,0.668,0.8207,0.013358,0.007689,0.013358,0.007689,national_fallback_plus_bounded_urban_premium,modeled,modeled_city_estimate_not_official_undp_city_hdi,8521418
Kharkiv,Ukraine,UKR,UA,Europe,49.98177,36.25475,1421125,False,2,Kharkiv,Kharkiv,0.779,0.8149,0.797915,0.828347,0.030432,0.779,0.8149,0.018915,0.013447,0.018915,0.013447,national_fallback_plus_bounded_urban_premium,modeled,modeled_city_estimate_not_official_undp_city_hdi,706483
Tangier,Morocco,MAR,MA,Africa,35.76727,-5.79975,1035141,False,4,Tanger-Tetouan-Al Hoceima,Tanger - Tétouan,0.71,0.8162,0.728421,0.828233,0.099811,0.71,0.8162,0.018421,0.012033,0.018421,0.012033,national_fallback_plus_bounded_urban_premium,modeled,modeled_city_estimate_not_official_undp_city_hdi,2530335
Guayaquil,Ecuador,ECU,EC,America,-2.19616,-79.88621,2723665,False,2,Guayas,Guayas,0.777,0.8137,0.797296,0.828162,0.030866,0.777,0.8137,0.020296,0.014462,0.020296,0.014462,national_fallback_plus_bounded_urban_premium,modeled,modeled_city_estimate_not_official_undp_city_hdi,3657509
Assomada,Cape Verde,CPV,CV,Africa,15.1,-23.68333,21297,False,4,Santa Catarina,Santa Catarina,0.668,0.8207,0.680719,0.827924,0.147205,0.668,0.8207,0.012719,0.007224,0.012719,0.007224,national_fallback_plus_bounded_urban_premium,modeled,modeled_city_estimate_not_official_undp_city_hdi,3374888
Odesa,Ukraine,UKR,UA,Europe,46.48572,30.74383,1010537,False,3,Odesa,Odessa,0.779,0.8149,0.796599,0.827372,0.030773,0.779,0.8149,0.017599,0.012472,0.017599,0.012472,national_fallback_plus_bounded_urban_premium,modeled,modeled_city_estimate_not_official_undp_city_hdi,698740
Kairouan,Tunisia,TUN,TN,Africa,35.6781,10.09633,139070,False,5,"Centre Ouest (Kairouan, Kasserine, Sidi Bouzid)",Kairouan,0.685821,0.773724,0.739366,0.827269,0.087903,0.746,0.8268,0.053545,0.053545,-0.006634,0.000469,geospatial_subdivision_match_plus_bounded_urban_premium,higher,modeled_city_estimate_not_official_undp_city_hdi,2473449
Dili,Timor-Leste,TLS,TL,Asia/Pacific,-8.55861,125.57361,150000,True,1,Dili,Dili,0.754225,0.808985,0.779838,0.82717,0.047332,0.634,0.7133,0.025613,0.018185,0.145838,0.11387,geospatial_subdivision_match_plus_bounded_urban_premium,higher,modeled_city_estimate_not_official_undp_city_hdi,1645457
Dnipro,Ukraine,UKR,UA,Europe,48.46664,35.04066,968502,False,4,Dnipropetrovsk,Dnipropetrovs'k,0.779,0.8149,0.795898,0.826853,0.030955,0.779,0.8149,0.016898,0.011953,0.016898,0.011953,national_fallback_plus_bounded_urban_premium,modeled,modeled_city_estimate_not_official_undp_city_hdi,709930
Donetsk,Ukraine,UKR,UA,Europe,48.023,37.80224,901645,False,5,Donetsk,Donets'k,0.779,0.8149,0.795134,0.826287,0.031154,0.779,0.8149,0.016134,0.011387,0.016134,0.011387,national_fallback_plus_bounded_urban_premium,modeled,modeled_city_estimate_not_official_undp_city_hdi,709717
Yaren,Nauru,NRU,NR,,-0.55085,166.9252,1100,True,1,Yaren District,Yaren District,0.703,0.8112,0.725403,0.826121,0.100718,0.703,0.8112,0.022403,0.014921,0.022403,0.014921,national_fallback_plus_bounded_urban_premium,modeled,modeled_city_estimate_not_official_undp_city_hdi,7626461
Mashhad,Iran,IRN,IR,Asia/Pacific,36.29807,59.60567,2307177,False,2,Khorasan-e-Razavi,Razavi Khorasan,0.787231,0.805898,0.809569,0.826041,0.016473,0.799,0.8181,0.022338,0.020143,0.010569,0.007941,geospatial_subdivision_match_plus_bounded_urban_premium,higher,modeled_city_estimate_not_official_undp_city_hdi,124665
Port Moresby,Papua New Guinea,PNG,PG,Asia/Pacific,-9.47723,147.15089,283733,True,1,National Capital District,National Capital District,0.730422,0.805977,0.758437,0.825652,0.067215,0.576,0.6831,0.028015,0.019675,0.182437,0.142552,geospatial_subdivision_match_plus_bounded_urban_premium,higher,modeled_city_estimate_not_official_undp_city_hdi,2088122
Cuenca,Ecuador,ECU,EC,America,-2.8953,-78.9963,636996,False,3,Azuay,Azuay,0.777,0.8137,0.793679,0.825482,0.031803,0.777,0.8137,0.016679,0.011782,0.016679,0.011782,national_fallback_plus_bounded_urban_premium,modeled,modeled_city_estimate_not_official_undp_city_hdi,3658666
Tarawa,Kiribati,KIR,KI,Asia/Pacific,1.3278,172.97696,40311,True,1,Souyth Tarawa,Gilbert Islands,0.687506,0.809252,0.710977,0.824726,0.113749,0.644,0.7769,0.023471,0.015474,0.066977,0.047826,admin_subdivision_match_plus_bounded_urban_premium,moderate,modeled_city_estimate_not_official_undp_city_hdi,2110257
Santo Domingo de los Colorados,Ecuador,ECU,EC,America,-0.25368,-79.17628,458580,False,4,Santo Domingo de los Tsachilas,Santo Domingo de los Tsáchilas,0.777,0.8137,0.792373,0.824516,0.032142,0.777,0.8137,0.015373,0.010816,0.015373,0.010816,national_fallback_plus_bounded_urban_premium,modeled,modeled_city_estimate_not_official_undp_city_hdi,3651297
Ambato,Ecuador,ECU,EC,America,-1.24908,-78.61675,387309,False,5,Tungurahua Province,Napo,0.777,0.8137,0.791397,0.823794,0.032397,0.777,0.8137,0.014397,0.010094,0.014397,0.010094,national_fallback_plus_bounded_urban_premium,modeled,modeled_city_estimate_not_official_undp_city_hdi,3660689
Durban,South Africa,ZAF,ZA,Africa,-29.8579,31.0292,3338026,False,4,KwaZulu Natal,KwaZulu-Natal,0.738015,0.809601,0.758282,0.823472,0.06519,0.741,0.8147,0.020267,0.013871,0.017282,0.008772,geospatial_subdivision_match_plus_bounded_urban_premium,higher,modeled_city_estimate_not_official_undp_city_hdi,1007311
Marrakesh,Morocco,MAR,MA,Africa,31.63416,-7.99994,995871,False,5,Tensift,Marrakech - Tensift - Al Haouz,0.690691,0.797816,0.720015,0.823307,0.103292,0.71,0.8162,0.029324,0.025491,0.010015,0.007107,geospatial_subdivision_match_plus_bounded_urban_premium,higher,modeled_city_estimate_not_official_undp_city_hdi,2542997
Rangpur,Bangladesh,BGD,BD,Asia/Pacific,25.74664,89.25166,1031388,False,5,"Kurigram, Lalmonirhat, Rangpur",Rangpur,0.673112,0.803953,0.695217,0.823243,0.128025,0.685,0.8161,0.022105,0.01929,0.010217,0.007143,geospatial_subdivision_match_plus_bounded_urban_premium,higher,modeled_city_estimate_not_official_undp_city_hdi,1185188
Dalap-Uliga-Dorrit,Marshall Islands,MHL,MH,,7.087,171.377,20301,False,2,Majuro Atoll,Majuro Atoll,0.733,0.8139,0.745764,0.822162,0.076398,0.733,0.8139,0.012764,0.008262,0.012764,0.008262,national_fallback_plus_bounded_urban_premium,modeled,modeled_city_estimate_not_official_undp_city_hdi,8347657
New Kingston,Jamaica,JAM,JM,America,18.00747,-76.78319,583958,False,2,Saint Andrew Parish,Saint Andrew,0.72,0.8091,0.738258,0.821284,0.083026,0.72,0.8091,0.018258,0.012184,0.018258,0.012184,national_fallback_plus_bounded_urban_premium,modeled,modeled_city_estimate_not_official_undp_city_hdi,3489297
Belmopan,Belize,BLZ,BZ,America,17.25376,-88.76401,13381,True,1,Cayo,Cayo,0.653774,0.753754,0.719774,0.819754,0.09998,0.721,0.8128,0.066,0.066,-0.001226,0.006954,geospatial_subdivision_match_plus_bounded_urban_premium,higher,modeled_city_estimate_not_official_undp_city_hdi,3582672
Accra,Ghana,GHA,GH,Africa,5.55602,-0.1969,1963264,True,1,Greater Accra,Greater Accra,0.699854,0.798113,0.731092,0.819751,0.088659,0.628,0.7428,0.031238,0.021638,0.103092,0.076951,geospatial_subdivision_match_plus_bounded_urban_premium,higher,modeled_city_estimate_not_official_undp_city_hdi,2306104
Paramaribo,Suriname,SUR,SR,America,5.86638,-55.16682,223757,True,1,Paramaribo,Paramaribo,0.757357,0.80172,0.782287,0.819529,0.037241,0.722,0.7754,0.02493,0.017809,0.060287,0.044129,geospatial_subdivision_match_plus_bounded_urban_premium,higher,modeled_city_estimate_not_official_undp_city_hdi,3383330
Spanish Town,Jamaica,JAM,JM,America,17.99107,-76.95742,145018,False,3,Saint Catherine Parish,Saint Catherine,0.72,0.8091,0.734668,0.818653,0.083985,0.72,0.8091,0.014668,0.009553,0.014668,0.009553,national_fallback_plus_bounded_urban_premium,modeled,modeled_city_estimate_not_official_undp_city_hdi,3488465
Oshakati,Namibia,NAM,NA,Africa,-17.78833,15.70436,43309,False,5,Oshana,Oshana,0.686635,0.811016,0.698753,0.81811,0.119358,0.665,0.7983,0.012118,0.007094,0.033753,0.01981,geospatial_subdivision_match_plus_bounded_urban_premium,higher,modeled_city_estimate_not_official_undp_city_hdi,3354021
Portmore,Jamaica,JAM,JM,America,17.97102,-76.88691,102861,False,4,Saint Catherine Parish,Saint Catherine,0.72,0.8091,0.733298,0.817649,0.084351,0.72,0.8091,0.013298,0.008549,0.013298,0.008549,national_fallback_plus_bounded_urban_premium,modeled,modeled_city_estimate_not_official_undp_city_hdi,3488981
Tokmok,Kyrgyzstan,KGZ,KG,Asia/Pacific,42.84194,75.30149,71443,False,5,Chuy,Chuy,0.728274,0.809918,0.74014,0.817474,0.077333,0.72,0.8056,0.011866,0.007556,0.02014,0.011874,geospatial_subdivision_match_plus_bounded_urban_premium,higher,modeled_city_estimate_not_official_undp_city_hdi,1527199
Tiraspol,Moldova,MDA,MD,Europe,46.84275,29.6284,157000,False,2,Transnistria,Bender,0.785,0.8072,0.799196,0.817371,0.018176,0.785,0.8072,0.014196,0.010171,0.014196,0.010171,national_fallback_plus_bounded_urban_premium,modeled,modeled_city_estimate_not_official_undp_city_hdi,617239
Orange Walk,Belize,BLZ,BZ,America,18.08124,-88.56328,15298,False,5,"Corozal, Orange Walk",Orange Walk,0.698774,0.790885,0.726994,0.816919,0.089925,0.721,0.8128,0.02822,0.026034,0.005994,0.004119,geospatial_subdivision_match_plus_bounded_urban_premium,higher,modeled_city_estimate_not_official_undp_city_hdi,3581514
Montego Bay,Jamaica,JAM,JM,America,18.47116,-77.91883,82867,False,5,Saint James Parish,Saint James,0.72,0.8091,0.732196,0.81684,0.084644,0.72,0.8091,0.012196,0.00774,0.012196,0.00774,national_fallback_plus_bounded_urban_premium,modeled,modeled_city_estimate_not_official_undp_city_hdi,3489460
Tegucigalpa,Honduras,HND,HN,America,14.0818,-87.20681,850848,True,1,Francisco Morazan,Francisco Morazán,0.716577,0.796244,0.74574,0.816674,0.070934,0.645,0.7407,0.029163,0.02043,0.10074,0.075974,geospatial_subdivision_match_plus_bounded_urban_premium,higher,modeled_city_estimate_not_official_undp_city_hdi,3600949
Balti,Moldova,MDA,MD,Europe,47.76291,27.92854,125000,False,3,Balti,Bălţi,0.785,0.8072,0.798091,0.816551,0.01846,0.785,0.8072,0.013091,0.009351,0.013091,0.009351,national_fallback_plus_bounded_urban_premium,modeled,modeled_city_estimate_not_official_undp_city_hdi,618605
Punakha,Bhutan,BTN,BT,Asia/Pacific,27.59137,89.87743,21500,False,4,Punakha,Punakha,0.705257,0.808691,0.717405,0.81608,0.098675,0.698,0.8102,0.012148,0.007389,0.019405,0.00588,geospatial_subdivision_match_plus_bounded_urban_premium,higher,modeled_city_estimate_not_official_undp_city_hdi,1252479
Bender,Moldova,MDA,MD,Europe,46.83158,29.47671,110175,False,4,Bender Municipality,Bender,0.785,0.8072,0.797197,0.815888,0.018691,0.785,0.8072,0.012197,0.008688,0.012197,0.008688,national_fallback_plus_bounded_urban_premium,modeled,modeled_city_estimate_not_official_undp_city_hdi,618577
Ciudad del Este,Paraguay,PRY,PY,America,-25.5036,-54.65067,301815,False,2,"North-East (Caaguazu, Alto Parana, Canideyu)",Alto Paraná,0.737218,0.790138,0.76415,0.815042,0.050892,0.756,0.8091,0.026932,0.024904,0.00815,0.005942,geospatial_subdivision_match_plus_bounded_urban_premium,higher,modeled_city_estimate_not_official_undp_city_hdi,3439101
Tsirang,Bhutan,BTN,BT,Asia/Pacific,27.0219,90.12291,22376,False,3,Tsirang,Chirang,0.675257,0.78417,0.704137,0.814332,0.110194,0.698,0.8102,0.02888,0.030162,0.006138,0.004132,geospatial_subdivision_match_plus_bounded_urban_premium,higher,modeled_city_estimate_not_official_undp_city_hdi,1252608
Ribnita,Moldova,MDA,MD,Europe,47.76817,29.01,55455,False,5,Transnistria,Rezina,0.785,0.8072,0.795095,0.814331,0.019236,0.785,0.8072,0.010095,0.007131,0.010095,0.007131,national_fallback_plus_bounded_urban_premium,modeled,modeled_city_estimate_not_official_undp_city_hdi,617486
Giza,Egypt,EGY,EG,Africa,30.00944,31.20861,4367343,False,3,Giza,Al Jizah,0.745099,0.794636,0.766287,0.813943,0.047656,0.754,0.8053,0.021188,0.019307,0.012287,0.008643,geospatial_subdivision_match_plus_bounded_urban_premium,higher,modeled_city_estimate_not_official_undp_city_hdi,360995
Kathmandu,Nepal,NPL,NP,Asia/Pacific,27.70169,85.3206,1442271,True,1,Bagmati province,Bagmati,0.673025,0.792894,0.703881,0.813894,0.110013,0.622,0.7551,0.030856,0.021,0.081881,0.058794,geospatial_subdivision_match_plus_bounded_urban_premium,higher,modeled_city_estimate_not_official_undp_city_hdi,1283240
Karakol,Kyrgyzstan,KGZ,KG,Asia/Pacific,42.49047,78.39197,84351,False,4,Issyk-Kul,Ysyk-Köl,0.722274,0.804953,0.735141,0.813244,0.078103,0.72,0.8056,0.012867,0.008291,0.015141,0.007644,geospatial_subdivision_match_plus_bounded_urban_premium,higher,modeled_city_estimate_not_official_undp_city_hdi,1528121
Shubra al Khaymah,Egypt,EGY,EG,Africa,30.12511,31.25053,1240289,False,4,Kalyubia,Al Qalyubiyah,0.748099,0.797158,0.76604,0.812679,0.046639,0.754,0.8053,0.017941,0.015521,0.01204,0.007379,geospatial_subdivision_match_plus_bounded_urban_premium,higher,modeled_city_estimate_not_official_undp_city_hdi,349076
Constantine,Algeria,DZA,DZ,Africa,36.365,6.61472,448028,False,3,"Nord Est (Annaba, Constantine, Skikda, Jijel, Mila, Souk Ahras, El Tarf, Guelma)",Constantine,0.763558,0.800546,0.77978,0.811994,0.032214,0.763,0.8016,0.016222,0.011448,0.01678,0.010394,geospatial_subdivision_match_plus_bounded_urban_premium,higher,modeled_city_estimate_not_official_undp_city_hdi,2501152
Osh,Kyrgyzstan,KGZ,KG,Asia/Pacific,40.52828,72.7985,322164,False,2,Osh,Osh,0.701274,0.787576,0.728461,0.811624,0.083163,0.72,0.8056,0.027187,0.024048,0.008461,0.006024,geospatial_subdivision_match_plus_bounded_urban_premium,higher,modeled_city_estimate_not_official_undp_city_hdi,1527534
Annaba,Algeria,DZA,DZ,Africa,36.9,7.76667,342703,False,4,"Nord Est (Annaba, Constantine, Skikda, Jijel, Mila, Souk Ahras, El Tarf, Guelma)",Annaba,0.763558,0.800546,0.778594,0.811114,0.032521,0.763,0.8016,0.015036,0.010568,0.015594,0.009514,geospatial_subdivision_match_plus_bounded_urban_premium,higher,modeled_city_estimate_not_official_undp_city_hdi,2506999
Manas,Kyrgyzstan,KGZ,KG,Asia/Pacific,40.94498,72.99313,123239,False,3,Jalal-Abad,Jalal-Abad,0.699274,0.785921,0.727192,0.810659,0.083467,0.72,0.8056,0.027918,0.024738,0.007192,0.005059,geospatial_subdivision_match_plus_bounded_urban_premium,higher,modeled_city_estimate_not_official_undp_city_hdi,1528249
Blauwgrond,Suriname,SUR,SR,America,5.84342,-55.11929,31483,False,2,Paramaribo,Paramaribo,0.757357,0.80172,0.770283,0.810574,0.040291,0.722,0.7754,0.012926,0.008854,0.048283,0.035174,geospatial_subdivision_match_plus_bounded_urban_premium,higher,modeled_city_estimate_not_official_undp_city_hdi,3384562
Brazzaville,Congo,COG,CG,Africa,-4.26613,15.28318,1982000,True,1,Brazzaville,Brazzaville,0.755495,0.788004,0.786005,0.810418,0.024413,0.649,0.702,0.03051,0.022414,0.137005,0.108418,geospatial_subdivision_match_plus_bounded_urban_premium,higher,modeled_city_estimate_not_official_undp_city_hdi,2260535
Latour,Suriname,SUR,SR,America,5.79668,-55.20858,29526,False,3,Paramaribo,Paramaribo,0.757357,0.80172,0.769652,0.810104,0.040452,0.722,0.7754,0.012295,0.008384,0.047652,0.034704,geospatial_subdivision_match_plus_bounded_urban_premium,higher,modeled_city_estimate_not_official_undp_city_hdi,13607831
Ashgabat,Turkmenistan,TKM,TM,Asia/Pacific,37.95,58.38333,1030063,True,1,Akhal,Ahal,0.74733,0.780416,0.779722,0.80929,0.029568,0.764,0.7975,0.032392,0.028874,0.015722,0.01179,geospatial_subdivision_match_plus_bounded_urban_premium,higher,modeled_city_estimate_not_official_undp_city_hdi,162183
Guatemala City,Guatemala,GTM,GT,America,14.64072,-90.51327,994938,True,1,Guatemala,Guatemala,0.662,0.7894,0.691462,0.809285,0.117823,0.662,0.7894,0.029462,0.019885,0.029462,0.019885,national_fallback_plus_bounded_urban_premium,modeled,modeled_city_estimate_not_official_undp_city_hdi,3598132
Rainville,Suriname,SUR,SR,America,5.83436,-55.13769,22747,False,5,Paramaribo,Paramaribo,0.757357,0.80172,0.768385,0.809162,0.040777,0.722,0.7754,0.011028,0.007442,0.046385,0.033762,geospatial_subdivision_match_plus_bounded_urban_premium,higher,modeled_city_estimate_not_official_undp_city_hdi,3383188
Oran,Algeria,DZA,DZ,Africa,35.69906,-0.63588,803329,False,2,"Nord Ouest (Oran, Tlemcen, Mostaganem, Ain Temouchent, Relizane, Sidi Bel Abbes, Mascara)",Oran,0.757558,0.795474,0.775639,0.808561,0.032922,0.763,0.8016,0.018081,0.013087,0.012639,0.006961,geospatial_subdivision_match_plus_bounded_urban_premium,higher,modeled_city_estimate_not_official_undp_city_hdi,2485926
Port-Vila,Vanuatu,VUT,VU,Asia/Pacific,-17.73648,168.31366,35901,True,1,Port Vila,Shefa,0.693974,0.791937,0.717822,0.808136,0.090314,0.621,0.7358,0.023848,0.016199,0.096822,0.072336,geospatial_subdivision_match_plus_bounded_urban_premium,higher,modeled_city_estimate_not_official_undp_city_hdi,2135171
Nairobi,Kenya,KEN,KE,Africa,-1.28333,36.81667,4397073,True,1,Nairobi,Nairobi,0.698934,0.784308,0.731804,0.807474,0.07567,0.628,0.7293,0.03287,0.023166,0.103804,0.078174,geospatial_subdivision_match_plus_bounded_urban_premium,higher,modeled_city_estimate_not_official_undp_city_hdi,184745
Franceville,Gabon,GAB,GA,Africa,-1.63333,13.58357,132895,False,3,Haut Ogooue,Haut-Ogooué,0.739121,0.796905,0.753342,0.806551,0.053208,0.733,0.795,0.014221,0.009646,0.020342,0.011551,geospatial_subdivision_match_plus_bounded_urban_premium,higher,modeled_city_estimate_not_official_undp_city_hdi,2400555
San Ignacio,Belize,BLZ,BZ,America,17.1588,-89.0696,21229,False,3,Cayo,Cayo,0.653774,0.753754,0.705774,0.805754,0.09998,0.721,0.8128,0.052,0.052,-0.015226,-0.007046,geospatial_subdivision_match_plus_bounded_urban_premium,higher,modeled_city_estimate_not_official_undp_city_hdi,3581194
Bharatpur,Nepal,NPL,NP,Asia/Pacific,27.68027,84.43647,369377,False,3,Bagmati province,Narayani,0.673025,0.792894,0.691502,0.804776,0.113274,0.622,0.7551,0.018477,0.011882,0.069502,0.049676,geospatial_subdivision_match_plus_bounded_urban_premium,higher,modeled_city_estimate_not_official_undp_city_hdi,1283613
Patan,Nepal,NPL,NP,Asia/Pacific,27.67658,85.31417,299283,False,4,Bagmati province,Bagmati,0.673025,0.792894,0.690423,0.803978,0.113555,0.622,0.7551,0.017398,0.011084,0.068423,0.048878,geospatial_subdivision_match_plus_bounded_urban_premium,higher,modeled_city_estimate_not_official_undp_city_hdi,1282931
San Salvador,El Salvador,SLV,SV,America,13.68935,-89.18718,525990,True,1,San Salvador Department,San Salvador,0.678,0.7844,0.705808,0.803431,0.097623,0.678,0.7844,0.027808,0.019031,0.027808,0.019031,national_fallback_plus_bounded_urban_premium,modeled,modeled_city_estimate_not_official_undp_city_hdi,3583361
Tuerkmenabat,Turkmenistan,TKM,TM,Asia/Pacific,39.07328,63.57861,230861,False,2,Lebap,Chardzhou,0.75933,0.790584,0.774767,0.803228,0.028461,0.764,0.7975,0.015437,0.012644,0.010767,0.005728,geospatial_subdivision_match_plus_bounded_urban_premium,higher,modeled_city_estimate_not_official_undp_city_hdi,1219649
Dasoguz,Turkmenistan,TKM,TM,Asia/Pacific,41.83625,59.96661,201142,False,3,Dashoguz,Tashauz,0.73133,0.76686,0.771564,0.80309,0.031526,0.764,0.7975,0.040234,0.03623,0.007564,0.00559,geospatial_subdivision_match_plus_bounded_urban_premium,higher,modeled_city_estimate_not_official_undp_city_hdi,601734
Tuerkmenbasy,Turkmenistan,TKM,TM,Asia/Pacific,40.02216,52.95517,91745,False,5,Balkan,Balkan,0.76433,0.79482,0.775908,0.802908,0.026999,0.764,0.7975,0.011578,0.008088,0.011908,0.005408,geospatial_subdivision_match_plus_bounded_urban_premium,higher,modeled_city_estimate_not_official_undp_city_hdi,601594
Mary,Turkmenistan,TKM,TM,Asia/Pacific,37.59378,61.83031,167027,False,4,Mary,Mary,0.73433,0.769402,0.771319,0.802903,0.031584,0.764,0.7975,0.036989,0.033501,0.007319,0.005403,geospatial_subdivision_match_plus_bounded_urban_premium,higher,modeled_city_estimate_not_official_undp_city_hdi,1218667
Tripoli,Libya,LBY,LY,Africa,32.88743,13.18733,1302947,True,1,Tripolitania,Tajura' wa an Nawahi al Arba,0.726443,0.78206,0.755137,0.80258,0.047443,0.721,0.7779,0.028694,0.02052,0.034137,0.02468,geospatial_subdivision_match_plus_bounded_urban_premium,higher,modeled_city_estimate_not_official_undp_city_hdi,2210247
Villa Nueva,Guatemala,GTM,GT,America,14.52512,-90.58544,618397,False,2,Guatemala,Guatemala,0.662,0.7894,0.681516,0.802022,0.120506,0.662,0.7894,0.019516,0.012622,0.019516,0.012622,national_fallback_plus_bounded_urban_premium,modeled,modeled_city_estimate_not_official_undp_city_hdi,3587902
Mixco,Guatemala,GTM,GT,America,14.63077,-90.60711,465773,False,3,Guatemala,Guatemala,0.662,0.7894,0.680283,0.801118,0.120835,0.662,0.7894,0.018283,0.011718,0.018283,0.011718,national_fallback_plus_bounded_urban_premium,modeled,modeled_city_estimate_not_official_undp_city_hdi,3592519
Luanda,Angola,AGO,AO,Africa,-8.83682,13.23432,2776168,True,1,Luanda,Luanda,0.752288,0.777464,0.784028,0.801103,0.017075,0.616,0.6647,0.03174,0.023639,0.168028,0.136403,geospatial_subdivision_match_plus_bounded_urban_premium,higher,modeled_city_estimate_not_official_undp_city_hdi,2240449
Port-Gentil,Gabon,GAB,GA,Africa,-0.71933,8.78151,164018,False,2,Ogooue Maritime,Ogooué-Maritime,0.730121,0.789377,0.745435,0.800397,0.054961,0.733,0.795,0.015314,0.01102,0.012435,0.005397,geospatial_subdivision_match_plus_bounded_urban_premium,higher,modeled_city_estimate_not_official_undp_city_hdi,2396518
Oyem,Gabon,GAB,GA,Africa,1.5995,11.57933,72939,False,5,Woleu Ntem,Wouleu-Ntem,0.724121,0.784359,0.739418,0.799583,0.060165,0.733,0.795,0.015297,0.015224,0.006418,0.004583,geospatial_subdivision_match_plus_bounded_urban_premium,higher,modeled_city_estimate_not_official_undp_city_hdi,2396646
Coban,Guatemala,GTM,GT,America,15.47025,-90.37455,212047,False,4,Alta Verapaz,Alta Verapaz,0.662,0.7894,0.677961,0.799414,0.121453,0.662,0.7894,0.015961,0.010014,0.015961,0.010014,national_fallback_plus_bounded_urban_premium,modeled,modeled_city_estimate_not_official_undp_city_hdi,3598119
Quetzaltenango,Guatemala,GTM,GT,America,14.84462,-91.52316,180706,False,5,Quetzaltenango,Quezaltenango,0.662,0.7894,0.67698,0.798694,0.121714,0.662,0.7894,0.01498,0.009294,0.01498,0.009294,national_fallback_plus_bounded_urban_premium,modeled,modeled_city_estimate_not_official_undp_city_hdi,3590979
Pontbuiten,Suriname,SUR,SR,America,5.78808,-55.20895,23211,False,4,Wanica and Para,Wanica,0.743357,0.789964,0.755036,0.797888,0.042851,0.722,0.7754,0.011679,0.007924,0.033036,0.022488,geospatial_subdivision_match_plus_bounded_urban_premium,higher,modeled_city_estimate_not_official_undp_city_hdi,13607830
San Pedro Sula,Honduras,HND,HN,America,15.50585,-88.02588,801259,False,2,Cortes,Cortés,0.700577,0.783065,0.720859,0.796878,0.076019,0.645,0.7407,0.020282,0.013813,0.075859,0.056178,geospatial_subdivision_match_plus_bounded_urban_premium,higher,modeled_city_estimate_not_official_undp_city_hdi,3601782
Soyapango,El Salvador,SLV,SV,America,13.71024,-89.13989,329708,False,2,San Salvador Department,San Salvador,0.678,0.7844,0.695864,0.796124,0.100259,0.678,0.7844,0.017864,0.011724,0.017864,0.011724,national_fallback_plus_bounded_urban_premium,modeled,modeled_city_estimate_not_official_undp_city_hdi,3583096
San Miguel,El Salvador,SLV,SV,America,13.48261,-88.18211,247126,False,3,San Miguel Department,San Miguel,0.678,0.7844,0.694617,0.795205,0.100588,0.678,0.7844,0.016617,0.010805,0.016617,0.010805,national_fallback_plus_bounded_urban_premium,modeled,modeled_city_estimate_not_official_undp_city_hdi,3583446
Santa Ana,El Salvador,SLV,SV,America,13.98827,-89.55685,176661,False,4,Santa Ana Department,Santa Ana,0.678,0.7844,0.693263,0.794207,0.100944,0.678,0.7844,0.015263,0.009807,0.015263,0.009807,national_fallback_plus_bounded_urban_premium,modeled,modeled_city_estimate_not_official_undp_city_hdi,3583334
Mejicanos,El Salvador,SLV,SV,America,13.72397,-89.188,160317,False,5,San Salvador Department,San Salvador,0.678,0.7844,0.692418,0.793585,0.101166,0.678,0.7844,0.014418,0.009185,0.014418,0.009185,national_fallback_plus_bounded_urban_premium,modeled,modeled_city_estimate_not_official_undp_city_hdi,3584399
Mulenvos,Angola,AGO,AO,Africa,-8.86695,13.3344,882014,False,2,Luanda,Luanda,0.752288,0.777464,0.773111,0.792674,0.019562,0.616,0.6647,0.020823,0.01521,0.157111,0.127974,geospatial_subdivision_match_plus_bounded_urban_premium,higher,modeled_city_estimate_not_official_undp_city_hdi,8307074
Paoy Paet,Cambodia,KHM,KH,Asia/Pacific,13.65805,102.56365,98934,False,5,Banteay Mean Chey,Bântéay Méanchey,0.647068,0.783321,0.661762,0.792188,0.130426,0.606,0.7546,0.014694,0.008867,0.055762,0.037588,geospatial_subdivision_match_plus_bounded_urban_premium,higher,modeled_city_estimate_not_official_undp_city_hdi,1830194
Viana,Angola,AGO,AO,Africa,-8.90553,13.37499,865863,False,3,Luanda,Luanda,0.752288,0.777464,0.772463,0.792176,0.019712,0.616,0.6647,0.020175,0.014712,0.156463,0.127476,geospatial_subdivision_match_plus_bounded_urban_premium,higher,modeled_city_estimate_not_official_undp_city_hdi,2236500
Pointe-Noire,Congo,COG,CG,Africa,-4.77609,11.86352,1032000,False,2,Pointe Noire,Pointe Noire,0.742495,0.777086,0.763114,0.791936,0.028823,0.649,0.702,0.020619,0.01485,0.114114,0.089936,geospatial_subdivision_match_plus_bounded_urban_premium,higher,modeled_city_estimate_not_official_undp_city_hdi,2255414
Sucre,Bolivia,BOL,BO,America,-19.03332,-65.26274,224838,True,1,Chuquisaca,Chuquisaca,0.696792,0.748105,0.746905,0.791638,0.044733,0.733,0.7813,0.050113,0.043533,0.013905,0.010338,geospatial_subdivision_match_plus_bounded_urban_premium,higher,modeled_city_estimate_not_official_undp_city_hdi,3903987
Kikolo,Angola,AGO,AO,Africa,-8.7815,13.33384,728205,False,4,Luanda,Luanda,0.752288,0.777464,0.771492,0.791429,0.019937,0.616,0.6647,0.019204,0.013965,0.155492,0.126729,geospatial_subdivision_match_plus_bounded_urban_premium,higher,modeled_city_estimate_not_official_undp_city_hdi,7758790
Takeo,Cambodia,KHM,KH,Asia/Pacific,10.99081,104.78498,843931,False,2,Takaev,Takêv,0.640068,0.777697,0.661274,0.791381,0.130107,0.606,0.7546,0.021206,0.013684,0.055274,0.036781,geospatial_subdivision_match_plus_bounded_urban_premium,higher,modeled_city_estimate_not_official_undp_city_hdi,1821940
Benghazi,Libya,LBY,LY,Africa,32.11486,20.06859,757490,False,2,Banghazi,Benghazi,0.721,0.7779,0.739787,0.791043,0.051256,0.721,0.7779,0.018787,0.013143,0.018787,0.013143,national_fallback_plus_bounded_urban_premium,modeled,modeled_city_estimate_not_official_undp_city_hdi,88319
Maianga,Angola,AGO,AO,Africa,-8.84693,13.23698,727681,False,5,Luanda,Luanda,0.752288,0.777464,0.770876,0.790956,0.02008,0.616,0.6647,0.018588,0.013492,0.154876,0.126256,geospatial_subdivision_match_plus_bounded_urban_premium,higher,modeled_city_estimate_not_official_undp_city_hdi,2239888
Dushanbe,Tajikistan,TJK,TJ,Asia/Pacific,38.53575,68.77905,679400,True,1,Dushanbe,Dushanbe,0.691,0.7711,0.719058,0.790798,0.07174,0.691,0.7711,0.028058,0.019698,0.028058,0.019698,national_fallback_plus_bounded_urban_premium,modeled,modeled_city_estimate_not_official_undp_city_hdi,1221874
Nouadhibou,Mauritania,MRT,MR,Africa,20.94188,-17.03842,146048,False,2,Nouadhibou,Dakhlet Nouadhibou,0.682407,0.778386,0.700558,0.79039,0.089832,0.563,0.685,0.018151,0.012004,0.137558,0.10539,geospatial_subdivision_match_plus_bounded_urban_premium,higher,modeled_city_estimate_not_official_undp_city_hdi,2377457
Oruro,Bolivia,BOL,BO,America,-17.97153,-67.0932,208684,False,5,Oruro,Oruro,0.734792,0.780087,0.748726,0.789743,0.041017,0.733,0.7813,0.013934,0.009656,0.015726,0.008443,geospatial_subdivision_match_plus_bounded_urban_premium,higher,modeled_city_estimate_not_official_undp_city_hdi,3909234
Matagalpa,Nicaragua,NIC,NI,America,12.92795,-85.91906,109089,False,5,"Central-Norte (Boaco, Chontales, Jinotega, Matagalpa, Esteli, Madriz, Nueva Segovia)",Matagalpa,0.681456,0.758272,0.713118,0.789736,0.076618,0.706,0.7847,0.031662,0.031464,0.007118,0.005036,geospatial_subdivision_match_plus_bounded_urban_premium,higher,modeled_city_estimate_not_official_undp_city_hdi,3617708
Kigali,Rwanda,RWA,RW,Africa,-1.94995,30.05885,1132686,True,1,City of Kigali,Kigali City,0.654373,0.768111,0.685566,0.789651,0.104085,0.578,0.7096,0.031193,0.02154,0.107566,0.080051,geospatial_subdivision_match_plus_bounded_urban_premium,higher,modeled_city_estimate_not_official_undp_city_hdi,202061
Misratah,Libya,LBY,LY,Africa,32.37535,15.09254,355657,False,3,Misratah,Misratah,0.721,0.7779,0.737564,0.789391,0.051827,0.721,0.7779,0.016564,0.011491,0.016564,0.011491,national_fallback_plus_bounded_urban_premium,modeled,modeled_city_estimate_not_official_undp_city_hdi,2214846
La Paz,Bolivia,BOL,BO,America,-16.5,-68.15,2004652,False,2,La Paz,La Paz,0.727792,0.774196,0.748394,0.789275,0.040881,0.733,0.7813,0.020602,0.015079,0.015394,0.007975,geospatial_subdivision_match_plus_bounded_urban_premium,higher,modeled_city_estimate_not_official_undp_city_hdi,3911925
Pokhara,Nepal,NPL,NP,Asia/Pacific,28.26689,83.96851,600051,False,2,Gandaki province,Gandaki,0.652025,0.775896,0.672201,0.789039,0.116838,0.622,0.7551,0.020176,0.013143,0.050201,0.033939,geospatial_subdivision_match_plus_bounded_urban_premium,higher,modeled_city_estimate_not_official_undp_city_hdi,1282898
Cochabamba,Bolivia,BOL,BO,America,-17.38195,-66.15995,841276,False,4,Cochabamba,Cochabamba,0.715792,0.764096,0.742648,0.788403,0.045755,0.733,0.7813,0.026856,0.024307,0.009648,0.007103,geospatial_subdivision_match_plus_bounded_urban_premium,higher,modeled_city_estimate_not_official_undp_city_hdi,3919968
Zliten,Libya,LBY,LY,Africa,32.46739,14.56874,203790,False,4,Misratah,Al Marqab,0.721,0.7779,0.735747,0.788041,0.052294,0.721,0.7779,0.014747,0.010141,0.014747,0.010141,national_fallback_plus_bounded_urban_premium,modeled,modeled_city_estimate_not_official_undp_city_hdi,2208485
Al Khums,Libya,LBY,LY,Africa,32.64861,14.26191,201943,False,5,Al Marqab,Al Marqab,0.721,0.7779,0.735096,0.787558,0.052462,0.721,0.7779,0.014096,0.009658,0.014096,0.009658,national_fallback_plus_bounded_urban_premium,modeled,modeled_city_estimate_not_official_undp_city_hdi,2219905
Sidon,Lebanon,LBN,LB,Asia/Pacific,33.55751,35.37148,163554,False,4,"Southern, Nabtieh",South Lebanon,0.764152,0.776887,0.77781,0.786829,0.009019,0.752,0.7682,0.013658,0.009942,0.02581,0.018629,geospatial_subdivision_match_plus_bounded_urban_premium,higher,modeled_city_estimate_not_official_undp_city_hdi,268064
Tyre,Lebanon,LBN,LB,Asia/Pacific,33.27333,35.19389,135204,False,5,"Southern, Nabtieh",South Lebanon,0.764152,0.776887,0.776775,0.786054,0.009279,0.752,0.7682,0.012623,0.009167,0.024775,0.017854,geospatial_subdivision_match_plus_bounded_urban_premium,higher,modeled_city_estimate_not_official_undp_city_hdi,267008
Islamabad,Pakistan,PAK,PK,Asia/Pacific,33.72148,73.04329,601600,True,1,Islamabad (ICT),F.C.T.,0.643846,0.760387,0.674359,0.781434,0.107075,0.544,0.6837,0.030513,0.021047,0.130359,0.097734,geospatial_subdivision_match_plus_bounded_urban_premium,higher,modeled_city_estimate_not_official_undp_city_hdi,1176615
Beirut,Lebanon,LBN,LB,Asia/Pacific,33.89332,35.50157,1916100,True,1,Beirut,Beirut,0.716152,0.735903,0.768617,0.780752,0.012135,0.752,0.7682,0.052465,0.044849,0.016617,0.012552,geospatial_subdivision_match_plus_bounded_urban_premium,higher,modeled_city_estimate_not_official_undp_city_hdi,276781
Pakse,Laos,LAO,LA,Asia/Pacific,15.12022,105.79898,77900,False,4,Champasak Province,Champasak,0.617,0.7705,0.631642,0.779225,0.147583,0.617,0.7705,0.014642,0.008725,0.014642,0.008725,national_fallback_plus_bounded_urban_premium,modeled,modeled_city_estimate_not_official_undp_city_hdi,1654379
Isfara,Tajikistan,TJK,TJ,Asia/Pacific,40.12649,70.62526,274000,False,2,Sughd (formerly Leninabad),Leninabad,0.676732,0.756036,0.699429,0.777125,0.077697,0.691,0.7711,0.022697,0.021089,0.008429,0.006025,geospatial_subdivision_match_plus_bounded_urban_premium,higher,modeled_city_estimate_not_official_undp_city_hdi,1514896
Istaravshan,Tajikistan,TJK,TJ,Asia/Pacific,39.9142,69.00328,273500,False,3,Sughd (formerly Leninabad),Leninabad,0.676732,0.756036,0.699426,0.777124,0.077697,0.691,0.7711,0.022694,0.021088,0.008426,0.006024,geospatial_subdivision_match_plus_bounded_urban_premium,higher,modeled_city_estimate_not_official_undp_city_hdi,1220253
Nouakchott,Mauritania,MRT,MR,Africa,18.08581,-15.9785,1184530,True,1,Trarza incl Nouakchott,Nouakchott,0.653407,0.75479,0.684952,0.776888,0.091936,0.563,0.685,0.031545,0.022098,0.121952,0.091888,geospatial_subdivision_match_plus_bounded_urban_premium,higher,modeled_city_estimate_not_official_undp_city_hdi,2377450
Kulob,Tajikistan,TJK,TJ,Asia/Pacific,37.91459,69.78454,214700,False,4,Khatlon,Khatlon,0.654732,0.737786,0.699106,0.77688,0.077774,0.691,0.7711,0.044374,0.039094,0.008106,0.00578,geospatial_subdivision_match_plus_bounded_urban_premium,higher,modeled_city_estimate_not_official_undp_city_hdi,1221194
Konibodom,Tajikistan,TJK,TJ,Asia/Pacific,40.29414,70.43122,211100,False,5,Sughd (formerly Leninabad),Leninabad,0.676732,0.756036,0.699084,0.776863,0.077779,0.691,0.7711,0.022352,0.020827,0.008084,0.005763,geospatial_subdivision_match_plus_bounded_urban_premium,higher,modeled_city_estimate_not_official_undp_city_hdi,1514891
Kampala,Uganda,UGA,UG,Africa,0.31628,32.58219,1680600,True,1,Kampala,Kampala,0.679299,0.754079,0.71111,0.77686,0.06575,0.582,0.677,0.031811,0.022781,0.12911,0.09986,geospatial_subdivision_match_plus_bounded_urban_premium,higher,modeled_city_estimate_not_official_undp_city_hdi,232422
Kumasi,Ghana,GHA,GH,Africa,6.68848,-1.62443,2544530,False,2,Ashanti,Ashanti,0.653854,0.76056,0.676983,0.776205,0.099222,0.628,0.7428,0.023129,0.015645,0.048983,0.033405,geospatial_subdivision_match_plus_bounded_urban_premium,higher,modeled_city_estimate_not_official_undp_city_hdi,2298890
Ra's Bayrut,Lebanon,LBN,LB,Asia/Pacific,33.9,35.48333,1251739,False,2,Beirut,Beirut,0.716152,0.735903,0.762055,0.775764,0.01371,0.752,0.7682,0.045903,0.039861,0.010055,0.007564,geospatial_subdivision_match_plus_bounded_urban_premium,higher,modeled_city_estimate_not_official_undp_city_hdi,268743
Savannakhet,Laos,LAO,LA,Asia/Pacific,16.5703,104.7622,125760,False,2,Savannakhet,Savannakhét,0.574849,0.732148,0.624862,0.775746,0.150884,0.617,0.7705,0.050013,0.043598,0.007862,0.005246,geospatial_subdivision_match_plus_bounded_urban_premium,higher,modeled_city_estimate_not_official_undp_city_hdi,1653316
Thakhek,Laos,LAO,LA,Asia/Pacific,17.41027,104.83068,90800,False,3,Khammuane,Khammouan,0.599849,0.75219,0.624432,0.775419,0.150987,0.617,0.7705,0.024583,0.023229,0.007432,0.004919,geospatial_subdivision_match_plus_bounded_urban_premium,higher,modeled_city_estimate_not_official_undp_city_hdi,1655199
Rundu,Namibia,NAM,NA,Africa,-17.91796,19.77314,75180,False,2,Kavango,Kavango,0.577635,0.722797,0.630251,0.775413,0.145162,0.665,0.7983,0.052616,0.052616,-0.034749,-0.022887,geospatial_subdivision_match_plus_bounded_urban_premium,higher,modeled_city_estimate_not_official_undp_city_hdi,3353383
Ban Khoan,Laos,LAO,LA,Asia/Pacific,20.35008,100.09022,65348,False,5,Bokeo,Bokeo,0.589849,0.744173,0.623997,0.775089,0.151091,0.617,0.7705,0.034148,0.030916,0.006997,0.004589,admin_subdivision_match_plus_bounded_urban_premium,moderate,modeled_city_estimate_not_official_undp_city_hdi,11244752
Tripoli,Lebanon,LBN,LB,Asia/Pacific,34.43352,35.84415,229398,False,3,Northern,North Lebanon,0.736152,0.752979,0.759813,0.774061,0.014248,0.752,0.7682,0.023661,0.021082,0.007813,0.005861,geospatial_subdivision_match_plus_bounded_urban_premium,higher,modeled_city_estimate_not_official_undp_city_hdi,266826
Port Harcourt,Nigeria,NGA,NG,Africa,4.77742,7.0134,2120000,False,5,Rivers,Rivers,0.612744,0.759758,0.634891,0.774055,0.139164,0.56,0.7225,0.022147,0.014297,0.074891,0.051555,geospatial_subdivision_match_plus_bounded_urban_premium,higher,modeled_city_estimate_not_official_undp_city_hdi,2324774
Douala,Cameroon,CMR,CM,Africa,4.04827,9.70428,1338082,False,2,Littoral (incl Douala),Littoral,0.687595,0.758083,0.709982,0.773758,0.063776,0.588,0.6796,0.022387,0.015675,0.121982,0.094158,geospatial_subdivision_match_plus_bounded_urban_premium,higher,modeled_city_estimate_not_official_undp_city_hdi,2232593
Havana,Cuba,CUB,CU,America,23.13302,-82.38304,2163824,True,1,Havana,Ciudad de la Habana,0.762,0.7515,0.790779,0.773381,-0.017398,0.762,0.7515,0.028779,0.021881,0.028779,0.021881,national_fallback_plus_bounded_urban_premium,modeled,modeled_city_estimate_not_official_undp_city_hdi,3553478
Ibadan,Nigeria,NGA,NG,Africa,7.37756,3.90591,3649000,False,4,Oyo,Oyo,0.607744,0.755767,0.631683,0.771397,0.139714,0.56,0.7225,0.023939,0.01563,0.071683,0.048897,geospatial_subdivision_match_plus_bounded_urban_premium,higher,modeled_city_estimate_not_official_undp_city_hdi,2339354
Zanzibar,Tanzania,TZA,TZ,Africa,-6.16394,39.19793,709809,False,4,Zanzibar West,Zanzibar West,0.654578,0.75673,0.675034,0.770489,0.095455,0.555,0.6773,0.020456,0.013759,0.120034,0.093189,geospatial_subdivision_match_plus_bounded_urban_premium,higher,modeled_city_estimate_not_official_undp_city_hdi,148730
Siem Reap,Cambodia,KHM,KH,Asia/Pacific,13.36179,103.86056,139458,False,3,Siem Reab-Otdar Mean Chey,Siemréab,0.617068,0.759215,0.63381,0.769601,0.135791,0.606,0.7546,0.016742,0.010386,0.02781,0.015001,geospatial_subdivision_match_plus_bounded_urban_premium,higher,modeled_city_estimate_not_official_undp_city_hdi,1822214
Dakar,Senegal,SEN,SN,Africa,14.6937,-17.44406,2646503,True,1,Dakar,Dakar,0.630665,0.744672,0.664524,0.76838,0.103856,0.53,0.6668,0.033859,0.023708,0.134524,0.10158,geospatial_subdivision_match_plus_bounded_urban_premium,higher,modeled_city_estimate_not_official_undp_city_hdi,2253354
Kira,Uganda,UGA,UG,Africa,0.4,32.63333,462900,False,3,Kampala,Kampala,0.679299,0.754079,0.698949,0.767634,0.068685,0.582,0.677,0.01965,0.013555,0.116949,0.090634,geospatial_subdivision_match_plus_bounded_urban_premium,higher,modeled_city_estimate_not_official_undp_city_hdi,231165
Santiago de Cuba,Cuba,CUB,CU,America,20.02287,-75.82171,555865,False,2,Santiago de Cuba,Santiago de Cuba,0.765248,0.752153,0.782553,0.765273,-0.01728,0.762,0.7515,0.017305,0.01312,0.020553,0.013773,geospatial_subdivision_match_plus_bounded_urban_premium,higher,modeled_city_estimate_not_official_undp_city_hdi,3536729
La Ceiba,Honduras,HND,HN,America,15.75971,-86.78221,222055,False,4,Atlantida,Atlántida,0.665577,0.754238,0.681936,0.765121,0.083185,0.645,0.7407,0.016359,0.010883,0.036936,0.024421,geospatial_subdivision_match_plus_bounded_urban_premium,higher,modeled_city_estimate_not_official_undp_city_hdi,3608248
Ruiru,Kenya,KEN,KE,Africa,-1.14665,36.96087,490120,False,5,Central,Central,0.660934,0.753091,0.678669,0.764953,0.086284,0.628,0.7293,0.017735,0.011862,0.050669,0.035653,geospatial_subdivision_match_plus_bounded_urban_premium,higher,modeled_city_estimate_not_official_undp_city_hdi,181032
La Ceiba,Honduras,HND,HN,America,15.76667,-86.83333,215973,False,5,Atlantida,Atlántida,0.665577,0.754238,0.681242,0.764603,0.083361,0.645,0.7407,0.015665,0.010365,0.036242,0.023903,geospatial_subdivision_match_plus_bounded_urban_premium,higher,modeled_city_estimate_not_official_undp_city_hdi,8556321
Dar Naim,Mauritania,MRT,MR,Africa,18.10808,-15.92666,61089,False,4,Trarza incl Nouakchott,Nouakchott,0.653407,0.75479,0.66846,0.764453,0.095993,0.563,0.685,0.015053,0.009663,0.10546,0.079453,geospatial_subdivision_match_plus_bounded_urban_premium,higher,modeled_city_estimate_not_official_undp_city_hdi,11496397
Guantanamo,Cuba,CUB,CU,America,20.14444,-75.20917,272801,False,5,Guantanamo,Guantánamo,0.767248,0.753873,0.781186,0.764445,-0.016741,0.762,0.7515,0.013938,0.010572,0.019186,0.012945,geospatial_subdivision_match_plus_bounded_urban_premium,higher,modeled_city_estimate_not_official_undp_city_hdi,3557689
Battambang,Cambodia,KHM,KH,Asia/Pacific,13.10271,103.19822,119251,False,4,Battambang,Batdâmbâng,0.606,0.7546,0.621775,0.764266,0.142492,0.606,0.7546,0.015775,0.009666,0.015775,0.009666,national_fallback_plus_bounded_urban_premium,modeled,modeled_city_estimate_not_official_undp_city_hdi,1831797
Addis Ababa,Ethiopia,ETH,ET,Africa,9.02497,38.74689,3860000,True,1,Addis,Addis Ababa,0.647322,0.73837,0.682428,0.763576,0.081148,0.497,0.6177,0.035106,0.025206,0.185428,0.145876,geospatial_subdivision_match_plus_bounded_urban_premium,higher,modeled_city_estimate_not_official_undp_city_hdi,344979
Mbabane,Eswatini,SWZ,SZ,Africa,-26.31667,31.13333,76218,True,1,Hhohho,Hhohho,0.710003,0.744105,0.733399,0.761151,0.027752,0.695,0.7326,0.023396,0.017046,0.038399,0.028551,geospatial_subdivision_match_plus_bounded_urban_premium,higher,modeled_city_estimate_not_official_undp_city_hdi,934985
Pikine,Senegal,SEN,SN,Africa,14.76457,-17.39071,1170791,False,2,Dakar,Dakar,0.630665,0.744672,0.653921,0.760375,0.106454,0.53,0.6668,0.023256,0.015703,0.123921,0.093575,geospatial_subdivision_match_plus_bounded_urban_premium,higher,modeled_city_estimate_not_official_undp_city_hdi,2246678
Birganj,Nepal,NPL,NP,Asia/Pacific,27.01736,84.88047,268273,False,5,Madhesh province,Narayani,0.564025,0.704667,0.618562,0.759204,0.140642,0.622,0.7551,0.054537,0.054537,-0.003438,0.004104,geospatial_subdivision_match_plus_bounded_urban_premium,higher,modeled_city_estimate_not_official_undp_city_hdi,1283581
Palikir,Micronesia,FSM,FM,,6.92477,158.16109,6942,True,1,Pohnpei State,Pohnpei,0.615,0.7426,0.63916,0.75882,0.119661,0.615,0.7426,0.02416,0.01622,0.02416,0.01622,national_fallback_plus_bounded_urban_premium,modeled,modeled_city_estimate_not_official_undp_city_hdi,2081986
Baghdad,Iraq,IRQ,IQ,Asia/Pacific,33.34058,44.40088,7216000,True,1,Baghdad,Baghdad,0.711558,0.734372,0.744223,0.758698,0.014474,0.695,0.7215,0.032665,0.024326,0.049223,0.037198,geospatial_subdivision_match_plus_bounded_urban_premium,higher,modeled_city_estimate_not_official_undp_city_hdi,98182
Camagueey,Cuba,CUB,CU,America,21.38083,-77.91694,347562,False,3,Camaguey,Camagüey,0.745248,0.734953,0.770299,0.757857,-0.012442,0.762,0.7515,0.025051,0.022904,0.008299,0.006357,geospatial_subdivision_match_plus_bounded_urban_premium,higher,modeled_city_estimate_not_official_undp_city_hdi,3566067
Holguin,Cuba,CUB,CU,America,20.88722,-76.26306,319102,False,4,Holguin,Holguín,0.743248,0.733233,0.770186,0.757771,-0.012415,0.762,0.7515,0.026938,0.024538,0.008186,0.006271,geospatial_subdivision_match_plus_bounded_urban_premium,higher,modeled_city_estimate_not_official_undp_city_hdi,3556969
Guediawaye,Senegal,SEN,SN,Africa,14.77446,-17.40212,329659,False,4,Dakar,Dakar,0.630665,0.744672,0.649965,0.757381,0.107417,0.53,0.6668,0.0193,0.012709,0.119965,0.090581,geospatial_subdivision_match_plus_bounded_urban_premium,higher,modeled_city_estimate_not_official_undp_city_hdi,2595778
Conakry,Guinea,GIN,GN,Africa,9.53795,-13.67729,1928389,True,1,Conakry,Conakry,0.682646,0.732107,0.716093,0.756849,0.040756,0.5,0.585,0.033447,0.024742,0.216093,0.171849,geospatial_subdivision_match_plus_bounded_urban_premium,higher,modeled_city_estimate_not_official_undp_city_hdi,2422465
Bata,Equatorial Guinea,GNQ,GQ,Africa,1.86391,9.76582,173046,False,2,Litoral,Litoral,0.699179,0.745141,0.715702,0.756787,0.041085,0.674,0.7275,0.016523,0.011646,0.041702,0.029287,geospatial_subdivision_match_plus_bounded_urban_premium,higher,modeled_city_estimate_not_official_undp_city_hdi,2310046
Takoradi,Ghana,GHA,GH,Africa,4.89816,-1.76029,389114,False,4,Western,Western,0.631854,0.7426,0.649765,0.754363,0.104597,0.628,0.7428,0.017911,0.011763,0.021765,0.011563,geospatial_subdivision_match_plus_bounded_urban_premium,higher,modeled_city_estimate_not_official_undp_city_hdi,2294915
Sekondi,Ghana,GHA,GH,Africa,4.93422,-1.71454,285506,False,5,Western,Western,0.631854,0.7426,0.648463,0.753392,0.104929,0.628,0.7428,0.016609,0.010792,0.020463,0.010592,geospatial_subdivision_match_plus_bounded_urban_premium,higher,modeled_city_estimate_not_official_undp_city_hdi,11808941
Yaounde,Cameroon,CMR,CM,Africa,3.86667,11.51667,1299369,True,1,Centre (incl Yaounde),Centre,0.652595,0.729201,0.683908,0.751642,0.067734,0.588,0.6796,0.031313,0.022441,0.095908,0.072042,geospatial_subdivision_match_plus_bounded_urban_premium,higher,modeled_city_estimate_not_official_undp_city_hdi,2220957
Dar es Salaam,Tanzania,TZA,TZ,Africa,-6.82349,39.26951,5383728,False,2,Dar Es Salam,Dar-Es-Salaam,0.625578,0.733138,0.65163,0.751125,0.099495,0.555,0.6773,0.026052,0.017987,0.09663,0.073825,geospatial_subdivision_match_plus_bounded_urban_premium,higher,modeled_city_estimate_not_official_undp_city_hdi,160263
Erbil,Iraq,IRQ,IQ,Asia/Pacific,36.19117,44.00943,1612700,False,4,Erbil,Arbil,0.713558,0.736072,0.733169,0.75046,0.017291,0.695,0.7215,0.019611,0.014388,0.038169,0.02896,geospatial_subdivision_match_plus_bounded_urban_premium,higher,modeled_city_estimate_not_official_undp_city_hdi,95446
Camayenne,Guinea,GIN,GN,Africa,9.535,-13.68778,1871242,False,2,Conakry,Conakry,0.682646,0.732107,0.707273,0.749976,0.042703,0.5,0.585,0.024627,0.017869,0.207273,0.164976,geospatial_subdivision_match_plus_bounded_urban_premium,higher,modeled_city_estimate_not_official_undp_city_hdi,2422488
Valencia,Venezuela,VEN,VE,America,10.16153,-68.00044,1619470,False,3,Carabobo,Carabobo,0.733773,0.733419,0.753711,0.748407,-0.005304,0.709,0.7142,0.019938,0.014988,0.044711,0.034207,geospatial_subdivision_match_plus_bounded_urban_premium,higher,modeled_city_estimate_not_official_undp_city_hdi,3625549
Danli,Honduras,HND,HN,America,14.03333,-86.58333,233789,False,3,El Paraiso,El Paraíso,0.622577,0.718822,0.653507,0.74671,0.093204,0.645,0.7407,0.03093,0.027888,0.008507,0.00601,geospatial_subdivision_match_plus_bounded_urban_premium,higher,modeled_city_estimate_not_official_undp_city_hdi,3612907
Lusaka,Zambia,ZMB,ZM,Africa,-15.40669,28.28713,2212301,True,1,Lusaka,Lusaka,0.665266,0.720366,0.697491,0.743948,0.046457,0.595,0.6641,0.032225,0.023582,0.102491,0.079848,geospatial_subdivision_match_plus_bounded_urban_premium,higher,modeled_city_estimate_not_official_undp_city_hdi,909137
Mombasa,Kenya,KEN,KE,Africa,-4.05466,39.66359,1208333,False,3,Mombasa County,Mombasa County,0.628,0.7293,0.648977,0.74358,0.094604,0.628,0.7293,0.020977,0.01428,0.020977,0.01428,national_fallback_plus_bounded_urban_premium,modeled,modeled_city_estimate_not_official_undp_city_hdi,186301
Yangon,Myanmar,MMR,MM,Asia/Pacific,16.80528,96.15611,4477638,False,2,Yangon,Yangon,0.685184,0.725625,0.70974,0.743544,0.033803,0.609,0.6651,0.024556,0.017919,0.10074,0.078444,geospatial_subdivision_match_plus_bounded_urban_premium,higher,modeled_city_estimate_not_official_undp_city_hdi,1298824
Hlaingthaya,Myanmar,MMR,MM,Asia/Pacific,16.85,96.06667,687867,False,4,Yangon,Yangon,0.685184,0.725625,0.704564,0.739582,0.035018,0.609,0.6651,0.01938,0.013957,0.095564,0.074482,geospatial_subdivision_match_plus_bounded_urban_premium,higher,modeled_city_estimate_not_official_undp_city_hdi,8740157
Malabo,Equatorial Guinea,GNQ,GQ,Africa,3.75578,8.78166,155963,False,3,Bioko Norte,Bioko Norte,0.674,0.7275,0.689705,0.738521,0.048817,0.674,0.7275,0.015705,0.011021,0.015705,0.011021,national_fallback_plus_bounded_urban_premium,modeled,modeled_city_estimate_not_official_undp_city_hdi,2309527
Manzini,Eswatini,SWZ,SZ,Africa,-26.49884,31.38004,110537,False,2,Manzini,Manzini,0.684003,0.722116,0.702204,0.737897,0.035692,0.695,0.7326,0.018201,0.015781,0.007204,0.005297,geospatial_subdivision_match_plus_bounded_urban_premium,higher,modeled_city_estimate_not_official_undp_city_hdi,934995
Kakamega,Kenya,KEN,KE,Africa,0.28422,34.75229,1867579,False,2,Western,Western,0.614934,0.715301,0.639358,0.737451,0.098093,0.628,0.7293,0.024424,0.02215,0.011358,0.008151,geospatial_subdivision_match_plus_bounded_urban_premium,higher,modeled_city_estimate_not_official_undp_city_hdi,195272
Caracas,Venezuela,VEN,VE,America,10.48801,-66.87919,3000000,True,1,Distrito Federal,Distrito Capital,0.709,0.7142,0.739685,0.737385,-0.0023,0.709,0.7142,0.030685,0.023185,0.030685,0.023185,national_fallback_plus_bounded_urban_premium,modeled,modeled_city_estimate_not_official_undp_city_hdi,3646738
Al Mawsil al Jadidah,Iraq,IRQ,IQ,Asia/Pacific,36.33271,43.10555,2065597,False,2,Nineveh,Ninawa,0.695,0.7215,0.716418,0.737245,0.020827,0.695,0.7215,0.021418,0.015745,0.021418,0.015745,national_fallback_plus_bounded_urban_premium,modeled,modeled_city_estimate_not_official_undp_city_hdi,99071
Lobamba,Eswatini,SWZ,SZ,Africa,-26.46667,31.2,4557,False,3,Manzini,Manzini,0.684003,0.722116,0.701156,0.7371,0.035944,0.695,0.7326,0.017153,0.014984,0.006156,0.0045,geospatial_subdivision_match_plus_bounded_urban_premium,higher,modeled_city_estimate_not_official_undp_city_hdi,935048
Bulawayo,Zimbabwe,ZWE,ZW,Africa,-20.15,28.58333,665952,False,2,Bulawayo,Bulawayo,0.686723,0.7216,0.707469,0.736715,0.029245,0.598,0.65,0.020746,0.015115,0.109469,0.086715,geospatial_subdivision_match_plus_bounded_urban_premium,higher,modeled_city_estimate_not_official_undp_city_hdi,894701
Ciudad de la Paz,Equatorial Guinea,GNQ,GQ,Africa,1.5925,10.82361,2000,True,1,Centro Sur,Centro Sur,0.617179,0.676288,0.683179,0.736584,0.053405,0.674,0.7275,0.066,0.060296,0.009179,0.009084,geospatial_subdivision_match_plus_bounded_urban_premium,higher,modeled_city_estimate_not_official_undp_city_hdi,12226438
Mosul,Iraq,IRQ,IQ,Asia/Pacific,36.335,43.11889,1683000,False,3,Nineveh,Ninawa,0.695,0.7215,0.715367,0.736449,0.021082,0.695,0.7215,0.020367,0.014949,0.020367,0.014949,national_fallback_plus_bounded_urban_premium,modeled,modeled_city_estimate_not_official_undp_city_hdi,99072
Nakuru,Kenya,KEN,KE,Africa,-0.30719,36.07225,570674,False,4,Rift Valley,Rift Valley,0.623934,0.722695,0.642679,0.736261,0.093581,0.628,0.7293,0.018745,0.013566,0.014679,0.006961,geospatial_subdivision_match_plus_bounded_urban_premium,higher,modeled_city_estimate_not_official_undp_city_hdi,184622
Honiara,Solomon Islands,SLB,SB,,-9.43333,159.95,56298,True,1,Honiara,Honiara,0.584,0.7167,0.609019,0.733592,0.124574,0.584,0.7167,0.025019,0.016892,0.025019,0.016892,national_fallback_plus_bounded_urban_premium,modeled,modeled_city_estimate_not_official_undp_city_hdi,2108502
East Jerusalem,Palestine,PSE,PS,Asia/Pacific,31.78336,35.23388,428304,True,1,Jerusalem,Jerusalem,0.675305,0.712342,0.702768,0.732531,0.029763,0.674,0.712,0.027463,0.020189,0.028768,0.020531,geospatial_subdivision_match_plus_bounded_urban_premium,higher,modeled_city_estimate_not_official_undp_city_hdi,7303419
Ciudad Guayana,Venezuela,VEN,VE,America,8.35122,-62.64102,978202,False,5,Bolivar,Bolívar,0.716773,0.718832,0.734454,0.732089,-0.002365,0.709,0.7142,0.017681,0.013257,0.025454,0.017889,geospatial_subdivision_match_plus_bounded_urban_premium,higher,modeled_city_estimate_not_official_undp_city_hdi,3645528
Ebebiyin,Equatorial Guinea,GNQ,GQ,Africa,2.15218,11.33013,24831,False,4,Kie Ntem,Kie-Ntem,0.626179,0.683845,0.678179,0.732024,0.053845,0.674,0.7275,0.052,0.048179,0.004179,0.004524,admin_subdivision_match_plus_bounded_urban_premium,moderate,modeled_city_estimate_not_official_undp_city_hdi,2309332
Kitwe,Zambia,ZMB,ZM,Africa,-12.80243,28.21323,665961,False,2,Copperbelt,Copperbelt,0.658266,0.71453,0.679127,0.729421,0.050294,0.595,0.6641,0.020861,0.014891,0.084127,0.065321,geospatial_subdivision_match_plus_bounded_urban_premium,higher,modeled_city_estimate_not_official_undp_city_hdi,911148
Basrah,Iraq,IRQ,IQ,Asia/Pacific,30.50852,47.7804,1326564,False,5,Basra,Al-Basrah,0.674558,0.702925,0.705487,0.729345,0.023857,0.695,0.7215,0.030929,0.02642,0.010487,0.007845,geospatial_subdivision_match_plus_bounded_urban_premium,higher,modeled_city_estimate_not_official_undp_city_hdi,99532
Ndola,Zambia,ZMB,ZM,Africa,-12.95867,28.63659,627503,False,3,Copperbelt,Copperbelt,0.658266,0.71453,0.678375,0.728847,0.050472,0.595,0.6641,0.020109,0.014317,0.083375,0.064747,geospatial_subdivision_match_plus_bounded_urban_premium,higher,modeled_city_estimate_not_official_undp_city_hdi,901344
Likisa,Timor-Leste,TLS,TL,Asia/Pacific,-8.5875,125.34194,19000,False,4,Liquica,Liquica,0.646225,0.71936,0.659573,0.728278,0.068705,0.634,0.7133,0.013348,0.008918,0.025573,0.014978,geospatial_subdivision_match_plus_bounded_urban_premium,higher,modeled_city_estimate_not_official_undp_city_hdi,1637730
Panatina,Solomon Islands,SLB,SB,,-9.43215,160.00607,32712,False,2,Honiara,Honiara,0.584,0.7167,0.599578,0.726529,0.126951,0.584,0.7167,0.015578,0.009829,0.015578,0.009829,national_fallback_plus_bounded_urban_premium,modeled,modeled_city_estimate_not_official_undp_city_hdi,2104533
Yamoussoukro,Cote d'Ivoire,CIV,CI,Africa,6.82055,-5.27674,275686,True,1,Yamoussoukro,Lacs,0.637212,0.705678,0.665477,0.726061,0.060584,0.582,0.6619,0.028265,0.020383,0.083477,0.064161,geospatial_subdivision_match_plus_bounded_urban_premium,higher,modeled_city_estimate_not_official_undp_city_hdi,2279755
Nggosi,Solomon Islands,SLB,SB,,-9.43056,159.92103,26009,False,3,Guadalcanal Province,Guadalcanal,0.584,0.7167,0.598936,0.726049,0.127112,0.584,0.7167,0.014936,0.009349,0.014936,0.009349,national_fallback_plus_bounded_urban_premium,modeled,modeled_city_estimate_not_official_undp_city_hdi,2105033
Tandai,Solomon Islands,SLB,SB,,-9.44666,159.94549,24592,False,4,Guadalcanal Province,Guadalcanal,0.584,0.7167,0.598294,0.725567,0.127273,0.584,0.7167,0.014294,0.008867,0.014294,0.008867,national_fallback_plus_bounded_urban_premium,modeled,modeled_city_estimate_not_official_undp_city_hdi,13527002
Kola'a,Solomon Islands,SLB,SB,,-9.44112,159.97002,20783,False,5,Honiara,Capital Territory (Honiara),0.584,0.7167,0.59765,0.725084,0.127435,0.584,0.7167,0.01365,0.008384,0.01365,0.008384,national_fallback_plus_bounded_urban_premium,modeled,modeled_city_estimate_not_official_undp_city_hdi,13526998
Lome,Togo,TGO,TG,Africa,6.12874,1.22154,2188376,True,1,Lome,Maritime,0.645582,0.700363,0.678286,0.724425,0.046139,0.571,0.6406,0.032704,0.024062,0.107286,0.083825,geospatial_subdivision_match_plus_bounded_urban_premium,higher,modeled_city_estimate_not_official_undp_city_hdi,2365267
Kano,Nigeria,NGA,NG,Africa,12.00012,8.51672,4910000,False,3,Kano,Kano,0.493744,0.664766,0.55267,0.723692,0.171022,0.56,0.7225,0.058926,0.058926,-0.00733,0.001192,geospatial_subdivision_match_plus_bounded_urban_premium,higher,modeled_city_estimate_not_official_undp_city_hdi,2335204
Harare,Zimbabwe,ZWE,ZW,Africa,-17.82772,31.05337,1542813,True,1,Harare,Harare,0.660723,0.699754,0.692182,0.723096,0.030914,0.598,0.65,0.031459,0.023342,0.094182,0.073096,geospatial_subdivision_match_plus_bounded_urban_premium,higher,modeled_city_estimate_not_official_undp_city_hdi,890299
Maracaibo,Venezuela,VEN,VE,America,10.64232,-71.61089,1752602,False,2,Zulia,Zulia,0.699773,0.704246,0.72059,0.722359,0.001769,0.709,0.7142,0.020817,0.018113,0.01159,0.008159,geospatial_subdivision_match_plus_bounded_urban_premium,higher,modeled_city_estimate_not_official_undp_city_hdi,3633009
Barquisimeto,Venezuela,VEN,VE,America,10.0647,-69.35703,1240714,False,4,Lara,Lara,0.693773,0.699098,0.719312,0.722012,0.002701,0.709,0.7142,0.025539,0.022914,0.010312,0.007812,geospatial_subdivision_match_plus_bounded_urban_premium,higher,modeled_city_estimate_not_official_undp_city_hdi,3648522
Khan Yunis,Palestine,PSE,PS,Asia/Pacific,31.34018,34.30627,173183,False,3,Khan Yunis,Khan Yunis,0.672305,0.709805,0.688237,0.721258,0.03302,0.674,0.712,0.015932,0.011453,0.014237,0.009258,geospatial_subdivision_match_plus_bounded_urban_premium,higher,modeled_city_estimate_not_official_undp_city_hdi,281124
Gaza,Palestine,PSE,PS,Asia/Pacific,31.50161,34.46672,410000,False,2,Gaza City,Gaza,0.657305,0.697122,0.683067,0.718711,0.035643,0.674,0.712,0.025762,0.021589,0.009067,0.006711,geospatial_subdivision_match_plus_bounded_urban_premium,higher,modeled_city_estimate_not_official_undp_city_hdi,281133
Aileu,Timor-Leste,TLS,TL,Asia/Pacific,-8.72806,125.56639,17356,False,5,Aileu,Aileu,0.627225,0.703592,0.640537,0.717892,0.077354,0.634,0.7133,0.013312,0.0143,0.006537,0.004592,geospatial_subdivision_match_plus_bounded_urban_premium,higher,modeled_city_estimate_not_official_undp_city_hdi,1651816
Maliana,Timor-Leste,TLS,TL,Asia/Pacific,-8.99167,125.21972,22000,False,2,Bobonaro,Bobonaro,0.616225,0.694464,0.640537,0.717892,0.077354,0.634,0.7133,0.024312,0.023428,0.006537,0.004592,geospatial_subdivision_match_plus_bounded_urban_premium,higher,modeled_city_estimate_not_official_undp_city_hdi,1636670
Suai,Timor-Leste,TLS,TL,Asia/Pacific,-9.31286,125.25648,21539,False,3,Cova Lima,Cova Lima,0.629225,0.705252,0.643227,0.717892,0.074665,0.634,0.7133,0.014002,0.01264,0.009227,0.004592,geospatial_subdivision_match_plus_bounded_urban_premium,higher,modeled_city_estimate_not_official_undp_city_hdi,1626459
Jabalya,Palestine,PSE,PS,Asia/Pacific,31.5272,34.48347,168568,False,4,North Gaza,North Gaza,0.654305,0.694585,0.681893,0.717818,0.035925,0.674,0.712,0.027588,0.023233,0.007893,0.005818,geospatial_subdivision_match_plus_bounded_urban_premium,higher,modeled_city_estimate_not_official_undp_city_hdi,281129
Hebron,Palestine,PSE,PS,Asia/Pacific,31.52935,35.0938,160470,False,5,Hebron,Hebron,0.663305,0.702195,0.681828,0.717769,0.035941,0.674,0.712,0.018523,0.015574,0.007828,0.005769,geospatial_subdivision_match_plus_bounded_urban_premium,higher,modeled_city_estimate_not_official_undp_city_hdi,285066
Sao Tome,Sao Tome & Principe,STP,ST,Africa,0.33756,6.7299,53300,True,1,Sao Tome Island,São Tomé,0.637,0.6996,0.660861,0.716725,0.055864,0.637,0.6996,0.023861,0.017125,0.023861,0.017125,national_fallback_plus_bounded_urban_premium,modeled,modeled_city_estimate_not_official_undp_city_hdi,2410763
Gisenyi,Rwanda,RWA,RW,Africa,-1.70278,29.25639,172357,False,2,West,Western,0.548373,0.682252,0.586523,0.715452,0.128929,0.578,0.7096,0.03815,0.0332,0.008523,0.005852,geospatial_subdivision_match_plus_bounded_urban_premium,higher,modeled_city_estimate_not_official_undp_city_hdi,202905
Musanze,Rwanda,RWA,RW,Africa,-1.49984,29.63497,153368,False,3,North,Northern,0.538373,0.674152,0.586368,0.715335,0.128967,0.578,0.7096,0.047995,0.041183,0.008368,0.005735,geospatial_subdivision_match_plus_bounded_urban_premium,higher,modeled_city_estimate_not_official_undp_city_hdi,201521
Nyagatare,Rwanda,RWA,RW,Africa,-1.2952,30.3226,100000,False,4,East,Eastern,0.553373,0.686302,0.585803,0.714905,0.129102,0.578,0.7096,0.03243,0.028603,0.007803,0.005305,geospatial_subdivision_match_plus_bounded_urban_premium,higher,modeled_city_estimate_not_official_undp_city_hdi,201650
Gitarama,Rwanda,RWA,RW,Africa,-2.07444,29.75667,87613,False,5,South,Southern,0.539373,0.674962,0.585629,0.714773,0.129144,0.578,0.7096,0.046256,0.039811,0.007629,0.005173,geospatial_subdivision_match_plus_bounded_urban_premium,higher,modeled_city_estimate_not_official_undp_city_hdi,202217
Tamale,Ghana,GHA,GH,Africa,9.40079,-0.8393,464316,False,3,Northern,Northern,0.528854,0.658513,0.584219,0.713878,0.129659,0.628,0.7428,0.055365,0.055365,-0.043781,-0.028922,geospatial_subdivision_match_plus_bounded_urban_premium,higher,modeled_city_estimate_not_official_undp_city_hdi,2294877
Chitungwiza,Zimbabwe,ZWE,ZW,Africa,-18.01274,31.07555,371246,False,3,Harare,Harare,0.660723,0.699754,0.679655,0.713466,0.033811,0.598,0.65,0.018932,0.013712,0.081655,0.063466,geospatial_subdivision_match_plus_bounded_urban_premium,higher,modeled_city_estimate_not_official_undp_city_hdi,1106542
Dolisie,Congo,COG,CG,Africa,-4.19834,12.66664,121000,False,3,Niari,Niari,0.653495,0.702338,0.669122,0.713372,0.044249,0.649,0.702,0.015627,0.011034,0.020122,0.011372,geospatial_subdivision_match_plus_bounded_urban_premium,higher,modeled_city_estimate_not_official_undp_city_hdi,2258261
Epworth,Zimbabwe,ZWE,ZW,Africa,-17.89,31.1475,206365,False,5,Harare,Harare,0.660723,0.699754,0.677134,0.711535,0.0344,0.598,0.65,0.016411,0.011781,0.079134,0.061535,geospatial_subdivision_match_plus_bounded_urban_premium,higher,modeled_city_estimate_not_official_undp_city_hdi,1085510
Abidjan,Cote d'Ivoire,CIV,CI,Africa,5.35444,-4.00167,6321017,False,2,Abidjan,Lagunes,0.618212,0.689915,0.64415,0.708517,0.064367,0.582,0.6619,0.025938,0.018602,0.06215,0.046617,geospatial_subdivision_match_plus_bounded_urban_premium,higher,modeled_city_estimate_not_official_undp_city_hdi,2293538
Nkayi,Congo,COG,CG,Africa,-4.18396,13.2859,103000,False,4,Bouenza,Bouenza,0.615495,0.670424,0.656399,0.707371,0.050973,0.649,0.702,0.040904,0.036947,0.007399,0.005371,geospatial_subdivision_match_plus_bounded_urban_premium,higher,modeled_city_estimate_not_official_undp_city_hdi,8521334
Bafoussam,Cameroon,CMR,CM,Africa,5.47775,10.41759,373268,False,4,Ouest,Ouest,0.610595,0.694543,0.629156,0.707303,0.078147,0.588,0.6796,0.018561,0.01276,0.041156,0.027703,geospatial_subdivision_match_plus_bounded_urban_premium,higher,modeled_city_estimate_not_official_undp_city_hdi,2235189
Kayes,Congo,COG,CG,Africa,-4.20493,13.28608,58737,False,5,Bouenza,Bouenza,0.615495,0.670424,0.655657,0.706807,0.051151,0.649,0.702,0.040162,0.036383,0.006657,0.004807,geospatial_subdivision_match_plus_bounded_urban_premium,higher,modeled_city_estimate_not_official_undp_city_hdi,2259383
Lae,Papua New Guinea,PNG,PG,Asia/Pacific,-6.72333,146.99611,76255,False,2,Morobe,Morobe,0.595422,0.695371,0.612052,0.706437,0.094385,0.576,0.6831,0.01663,0.011066,0.036052,0.023337,geospatial_subdivision_match_plus_bounded_urban_premium,higher,modeled_city_estimate_not_official_undp_city_hdi,2092740
Arawa,Papua New Guinea,PNG,PG,Asia/Pacific,-6.22977,155.56598,40266,False,3,Autonomous Region of Bougainville,North Solomons,0.595422,0.695371,0.610495,0.705259,0.094764,0.576,0.6831,0.015073,0.009888,0.034495,0.022159,geospatial_subdivision_match_plus_bounded_urban_premium,higher,modeled_city_estimate_not_official_undp_city_hdi,2100633
Thies,Senegal,SEN,SN,Africa,14.78944,-16.92602,317763,False,5,Thies,Thiès,0.565665,0.692151,0.584328,0.704376,0.120047,0.53,0.6668,0.018663,0.012225,0.054328,0.037576,geospatial_subdivision_match_plus_bounded_urban_premium,higher,modeled_city_estimate_not_official_undp_city_hdi,2244802
Popondetta,Papua New Guinea,PNG,PG,Asia/Pacific,-8.76536,148.23252,28198,False,5,Morobe,Northern,0.595422,0.695371,0.60921,0.704287,0.095077,0.576,0.6831,0.013788,0.008916,0.03321,0.021187,geospatial_subdivision_match_plus_bounded_urban_premium,higher,modeled_city_estimate_not_official_undp_city_hdi,2088163
Mount Hagen,Papua New Guinea,PNG,PG,Asia/Pacific,-5.85746,144.23058,33623,False,4,Western Highlands,Western Highlands,0.587422,0.688817,0.601858,0.698223,0.096365,0.576,0.6831,0.014436,0.009406,0.025858,0.015123,geospatial_subdivision_match_plus_bounded_urban_premium,higher,modeled_city_estimate_not_official_undp_city_hdi,2090409
Moroni,Comoros,COM,KM,Africa,-11.70216,43.25506,74749,True,1,Grande Comore (Ngazidja),Andjazîdja,0.61548,0.679051,0.6407,0.697265,0.056565,0.603,0.6697,0.02522,0.018214,0.0377,0.027565,geospatial_subdivision_match_plus_bounded_urban_premium,higher,modeled_city_estimate_not_official_undp_city_hdi,921772
Asmara,Eritrea,ERI,ER,Africa,15.33805,38.93184,563930,True,1,Maekel,Anseba,0.677059,0.672621,0.707989,0.696667,-0.011322,0.503,0.5273,0.03093,0.024046,0.204989,0.169367,geospatial_subdivision_match_plus_bounded_urban_premium,higher,modeled_city_estimate_not_official_undp_city_hdi,343300
Maseru,Lesotho,LSO,LS,Africa,-29.31667,27.48333,359753,True,1,Maseru,Maseru,0.599512,0.673284,0.629002,0.694648,0.065646,0.55,0.6349,0.02949,0.021364,0.079002,0.059748,geospatial_subdivision_match_plus_bounded_urban_premium,higher,modeled_city_estimate_not_official_undp_city_hdi,932505
Lahore,Pakistan,PAK,PK,Asia/Pacific,31.558,74.35071,13004135,False,2,Punjab,Punjab,0.537846,0.674854,0.565595,0.693843,0.128248,0.544,0.6837,0.027749,0.018989,0.021595,0.010143,geospatial_subdivision_match_plus_bounded_urban_premium,higher,modeled_city_estimate_not_official_undp_city_hdi,1172451
Karachi,Pakistan,PAK,PK,Asia/Pacific,24.8608,67.0104,11624219,False,3,Sindh,Sind,0.505846,0.649033,0.5581,0.693752,0.135652,0.544,0.6837,0.052254,0.044719,0.0141,0.010052,geospatial_subdivision_match_plus_bounded_urban_premium,higher,modeled_city_estimate_not_official_undp_city_hdi,1174872
Peshawar,Pakistan,PAK,PK,Asia/Pacific,34.008,71.57849,4758762,False,4,Khyber Pakhtunkhwa (NWFrontier),K.P.,0.502846,0.646612,0.557119,0.693007,0.135888,0.544,0.6837,0.054273,0.046395,0.013119,0.009307,geospatial_subdivision_match_plus_bounded_urban_premium,higher,modeled_city_estimate_not_official_undp_city_hdi,1168197
Faisalabad,Pakistan,PAK,PK,Asia/Pacific,31.41554,73.08969,3800193,False,5,Punjab,Punjab,0.537846,0.674854,0.561642,0.692781,0.131139,0.544,0.6837,0.023796,0.017927,0.017642,0.009081,geospatial_subdivision_match_plus_bounded_urban_premium,higher,modeled_city_estimate_not_official_undp_city_hdi,1179400
Rawalpindi,Pakistan,PAK,PK,Asia/Pacific,33.59733,73.0479,3357612,False,6,Punjab,Punjab,0.537846,0.674854,0.560744,0.692657,0.131913,0.544,0.6837,0.022898,0.017803,0.016744,0.008957,geospatial_subdivision_match_plus_bounded_urban_premium,higher,modeled_city_estimate_not_official_undp_city_hdi,1166993
Dodoma,Tanzania,TZA,TZ,Africa,-6.17221,35.73947,765179,True,1,Dodoma,Dodoma,0.547578,0.669683,0.578707,0.691507,0.1128,0.555,0.6773,0.031129,0.021824,0.023707,0.014207,geospatial_subdivision_match_plus_bounded_urban_premium,higher,modeled_city_estimate_not_official_undp_city_hdi,160196
Nansana,Uganda,UGA,UG,Africa,0.36389,32.52861,532800,False,2,Central Region,Wakiso,0.582,0.677,0.602737,0.691361,0.088624,0.582,0.677,0.020737,0.014361,0.020737,0.014361,national_fallback_plus_bounded_urban_premium,modeled,modeled_city_estimate_not_official_undp_city_hdi,10943053
Nay Pyi Taw,Myanmar,MMR,MM,Asia/Pacific,19.745,96.12972,925000,True,1,"Mandalay, NayPyitaw",Mandalay,0.617184,0.668594,0.647571,0.690941,0.04337,0.609,0.6651,0.030387,0.022347,0.038571,0.025841,geospatial_subdivision_match_plus_bounded_urban_premium,higher,modeled_city_estimate_not_official_undp_city_hdi,6611854
Bunamwaya,Uganda,UGA,UG,Africa,0.25344,32.55723,413400,False,4,Central Region,Wakiso,0.582,0.677,0.600921,0.689985,0.089064,0.582,0.677,0.018921,0.012985,0.018921,0.012985,national_fallback_plus_bounded_urban_premium,modeled,modeled_city_estimate_not_official_undp_city_hdi,234179
Kyengera,Uganda,UGA,UG,Africa,0.29517,32.50159,285400,False,5,Central Region,Wakiso,0.582,0.677,0.599482,0.688895,0.089413,0.582,0.677,0.017482,0.011895,0.017482,0.011895,national_fallback_plus_bounded_urban_premium,modeled,modeled_city_estimate_not_official_undp_city_hdi,10858926
Monrovia,Liberia,LBR,LR,Africa,6.30054,-10.7969,1542549,True,1,Montserrado,Montserrado County,0.606645,0.663844,0.639832,0.68848,0.048648,0.51,0.5851,0.033187,0.024636,0.129832,0.10338,admin_subdivision_match_plus_bounded_urban_premium,moderate,modeled_city_estimate_not_official_undp_city_hdi,2274895
Antananarivo,Madagascar,MDG,MG,Africa,-18.91368,47.53613,1349501,True,1,Analamanga,Analamanga,0.589745,0.663328,0.623112,0.687844,0.064732,0.487,0.58,0.033367,0.024516,0.136112,0.107844,geospatial_subdivision_match_plus_bounded_urban_premium,higher,modeled_city_estimate_not_official_undp_city_hdi,1070940
Djibouti,Djibouti,DJI,DJ,Africa,11.58901,43.14503,626512,True,1,Djibouti,Djibouti,0.535721,0.665636,0.56719,0.687654,0.120464,0.513,0.6491,0.031469,0.022018,0.05419,0.038554,geospatial_subdivision_match_plus_bounded_urban_premium,higher,modeled_city_estimate_not_official_undp_city_hdi,223817
Bissau,Guinea-Bissau,GNB,GW,Africa,11.86357,-15.59767,439704,True,1,Bissau,Bissau,0.609675,0.664764,0.640176,0.687325,0.047149,0.514,0.5875,0.030501,0.022561,0.126176,0.099825,geospatial_subdivision_match_plus_bounded_urban_premium,higher,modeled_city_estimate_not_official_undp_city_hdi,2374775
Maputo,Mozambique,MOZ,MZ,Africa,-25.96553,32.58322,1254837,True,1,Maputo Cidade,Maputo,0.624841,0.662335,0.65782,0.687244,0.029423,0.493,0.5526,0.032979,0.024909,0.16482,0.134644,geospatial_subdivision_match_plus_bounded_urban_premium,higher,modeled_city_estimate_not_official_undp_city_hdi,1040652
Bamenda,Cameroon,CMR,CM,Africa,5.9597,10.14597,420445,False,3,Nord Ouest,Nord-Ouest,0.546595,0.641731,0.597638,0.68649,0.088852,0.588,0.6796,0.051043,0.044759,0.009638,0.00689,geospatial_subdivision_match_plus_bounded_urban_premium,higher,modeled_city_estimate_not_official_undp_city_hdi,2234974
Mawlamyine,Myanmar,MMR,MM,Asia/Pacific,16.49051,97.62825,438861,False,5,Mon,Mon,0.623184,0.673626,0.64107,0.686424,0.045354,0.609,0.6651,0.017886,0.012798,0.03207,0.021324,admin_subdivision_match_plus_bounded_urban_premium,moderate,modeled_city_estimate_not_official_undp_city_hdi,1308465
Solwezi,Zambia,ZMB,ZM,Africa,-12.1688,26.38938,301370,False,5,North-Western,North-Western,0.609266,0.673677,0.626606,0.685873,0.059267,0.595,0.6641,0.01734,0.012196,0.031606,0.021773,geospatial_subdivision_match_plus_bounded_urban_premium,higher,modeled_city_estimate_not_official_undp_city_hdi,897045
Fomboni,Comoros,COM,KM,Africa,-12.28759,43.74344,17291,False,3,Moheli,Moûhîlî,0.61148,0.675713,0.626054,0.685824,0.05977,0.603,0.6697,0.014574,0.010111,0.023054,0.016124,geospatial_subdivision_match_plus_bounded_urban_premium,higher,modeled_city_estimate_not_official_undp_city_hdi,921889
Mwanza,Tanzania,TZA,TZ,Africa,-2.51667,32.9,1104521,False,3,"Mwanza, Geita",Mwanza,0.535578,0.659921,0.56612,0.685171,0.11905,0.555,0.6773,0.030542,0.02525,0.01112,0.007871,geospatial_subdivision_match_plus_bounded_urban_premium,higher,modeled_city_estimate_not_official_undp_city_hdi,152224
Arusha,Tanzania,TZA,TZ,Africa,-3.36667,36.68333,617631,False,5,"Arusha, Manyara",Arusha,0.546578,0.66887,0.566251,0.684587,0.118336,0.555,0.6773,0.019673,0.015717,0.011251,0.007287,geospatial_subdivision_match_plus_bounded_urban_premium,higher,modeled_city_estimate_not_official_undp_city_hdi,161325
Mandalay,Myanmar,MMR,MM,Asia/Pacific,21.97473,96.08359,1208099,False,3,"Mandalay, NayPyitaw",Mandalay,0.617184,0.668594,0.638514,0.684018,0.045504,0.609,0.6651,0.02133,0.015424,0.029514,0.018918,geospatial_subdivision_match_plus_bounded_urban_premium,higher,modeled_city_estimate_not_official_undp_city_hdi,1311874
Balbala,Djibouti,DJI,DJ,Africa,11.56194,43.10666,554350,False,2,Djibouti,Djibouti,0.535721,0.665636,0.557831,0.680539,0.122709,0.513,0.6491,0.02211,0.014903,0.044831,0.031439,geospatial_subdivision_match_plus_bounded_urban_premium,higher,modeled_city_estimate_not_official_undp_city_hdi,7648070
Matola,Mozambique,MOZ,MZ,Africa,-25.96222,32.45889,1198988,False,2,Maputo Cidade,Maputo,0.624841,0.662335,0.648808,0.680167,0.031359,0.493,0.5526,0.023967,0.017832,0.155808,0.127567,geospatial_subdivision_match_plus_bounded_urban_premium,higher,modeled_city_estimate_not_official_undp_city_hdi,1039854
Bairro Militar,Guinea-Bissau,GNB,GW,Africa,11.8746,-15.6158,65274,False,2,Bissau,Bissau,0.609675,0.664764,0.627067,0.677148,0.050081,0.514,0.5875,0.017392,0.012384,0.113067,0.089648,geospatial_subdivision_match_plus_bounded_urban_premium,higher,modeled_city_estimate_not_official_undp_city_hdi,13645741
Bouake,Cote d'Ivoire,CIV,CI,Africa,7.69385,-5.03031,832371,False,4,Vallee du Bandama District,Vallée du Bandama,0.582,0.6619,0.60243,0.676294,0.073864,0.582,0.6619,0.02043,0.014394,0.02043,0.014394,national_fallback_plus_bounded_urban_premium,modeled,modeled_city_estimate_not_official_undp_city_hdi,2290956
Contumo,Guinea-Bissau,GNB,GW,Africa,11.85,-15.61667,45482,False,4,Bissau,Bissau,0.609675,0.664764,0.625213,0.675712,0.050499,0.514,0.5875,0.015538,0.010948,0.111213,0.088212,geospatial_subdivision_match_plus_bounded_urban_premium,higher,modeled_city_estimate_not_official_undp_city_hdi,2373235
Reino de Bandim,Guinea-Bissau,GNB,GW,Africa,11.85,-15.6,44718,False,5,Bissau,Bissau,0.609675,0.664764,0.624573,0.675216,0.050643,0.514,0.5875,0.014898,0.010452,0.110573,0.087716,geospatial_subdivision_match_plus_bounded_urban_premium,higher,modeled_city_estimate_not_official_undp_city_hdi,2370317
Korhogo,Cote d'Ivoire,CIV,CI,Africa,9.45803,-5.62961,440926,False,5,Savanes District,Savanes,0.582,0.6619,0.600424,0.674767,0.074343,0.582,0.6619,0.018424,0.012867,0.018424,0.012867,national_fallback_plus_bounded_urban_premium,modeled,modeled_city_estimate_not_official_undp_city_hdi,2286304
Moutsamoudou,Comoros,COM,KM,Africa,-12.16672,44.39944,26313,False,2,Anjouan (Ndzouani),Andjouân,0.56948,0.640657,0.609731,0.674499,0.064768,0.603,0.6697,0.040251,0.033842,0.006731,0.004799,geospatial_subdivision_match_plus_bounded_urban_premium,higher,modeled_city_estimate_not_official_undp_city_hdi,921753
Abobo,Cote d'Ivoire,CIV,CI,Africa,5.41613,-4.0159,1340083,False,3,Lagunes,Lagunes,0.547212,0.631011,0.593207,0.670038,0.076831,0.582,0.6619,0.045995,0.039027,0.011207,0.008138,geospatial_subdivision_match_plus_bounded_urban_premium,higher,modeled_city_estimate_not_official_undp_city_hdi,2293521
Kinshasa,Congo (DRC),COD,CD,Africa,-4.32758,15.31357,16000000,True,1,Kinshasa,Kinshasa City,0.622411,0.641023,0.659165,0.669292,0.010127,0.522,0.5559,0.036754,0.028269,0.137165,0.113392,geospatial_subdivision_match_plus_bounded_urban_premium,higher,modeled_city_estimate_not_official_undp_city_hdi,2314302
Daloa,Cote d'Ivoire,CIV,CI,Africa,6.87735,-6.45022,421871,False,6,Sassandra-Marahoue,Haut-Sassandra,0.574212,0.653411,0.591911,0.668877,0.076967,0.582,0.6619,0.017699,0.015466,0.009911,0.006977,geospatial_subdivision_match_plus_bounded_urban_premium,higher,modeled_city_estimate_not_official_undp_city_hdi,2290486
Cotonou,Benin,BEN,BJ,Africa,6.36536,2.41833,679012,False,2,Atlantique (incl Littoral (Cotonou)),Littoral,0.571329,0.650469,0.593792,0.666464,0.072672,0.515,0.6053,0.022463,0.015995,0.078792,0.061164,geospatial_subdivision_match_plus_bounded_urban_premium,higher,modeled_city_estimate_not_official_undp_city_hdi,2394819
Banjul,Gambia,GMB,GM,Africa,13.45274,-16.57803,37274,True,1,Banjul,Banjul,0.59638,0.647443,0.622176,0.66644,0.044264,0.524,0.5902,0.025796,0.018997,0.098176,0.07624,admin_subdivision_match_plus_bounded_urban_premium,moderate,modeled_city_estimate_not_official_undp_city_hdi,2413876
Chipata,Zambia,ZMB,ZM,Africa,-13.63333,32.65,327059,False,4,Eastern,Eastern,0.533266,0.610312,0.588102,0.665148,0.077046,0.595,0.6641,0.054836,0.054836,-0.006898,0.001048,geospatial_subdivision_match_plus_bounded_urban_premium,higher,modeled_city_estimate_not_official_undp_city_hdi,918702
Port-au-Prince,Haiti,HTI,HT,America,18.54349,-72.33881,1234742,True,1,Ouest,Ouest,0.554,0.6418,0.586135,0.665094,0.078958,0.554,0.6418,0.032135,0.023294,0.032135,0.023294,national_fallback_plus_bounded_urban_premium,modeled,modeled_city_estimate_not_official_undp_city_hdi,3718426
Abomey-Calavi,Benin,BEN,BJ,Africa,6.44852,2.35566,385755,False,3,Atlantique (incl Littoral (Cotonou)),Atlantique,0.571329,0.650469,0.591945,0.66504,0.073095,0.515,0.6053,0.020616,0.014571,0.076945,0.05974,geospatial_subdivision_match_plus_bounded_urban_premium,higher,modeled_city_estimate_not_official_undp_city_hdi,2395914
Kiffa,Mauritania,MRT,MR,Africa,16.62073,-11.40208,62051,False,3,Assaba,Assaba,0.478407,0.612403,0.530733,0.664729,0.133996,0.563,0.685,0.052326,0.052326,-0.032267,-0.020271,geospatial_subdivision_match_plus_bounded_urban_premium,higher,modeled_city_estimate_not_official_undp_city_hdi,2378538
Godome,Benin,BEN,BJ,Africa,6.38948,2.34581,253262,False,5,Atlantique (incl Littoral (Cotonou)),Atlantique,0.571329,0.650469,0.589764,0.663359,0.073595,0.515,0.6053,0.018435,0.01289,0.074764,0.058059,geospatial_subdivision_match_plus_bounded_urban_premium,higher,modeled_city_estimate_not_official_undp_city_hdi,2394092
Serekunda,Gambia,GMB,GM,Africa,13.43833,-16.67806,340000,False,2,Banjul,Banjul,0.59638,0.647443,0.617164,0.662551,0.045387,0.524,0.5902,0.020784,0.015108,0.093164,0.072351,geospatial_subdivision_match_plus_bounded_urban_premium,higher,modeled_city_estimate_not_official_undp_city_hdi,2411989
Ali Sabih,Djibouti,DJI,DJ,Africa,11.15583,42.7125,50006,False,3,Ali Sabieh,Ali Sabieh,0.513,0.6491,0.529266,0.659553,0.130288,0.513,0.6491,0.016266,0.010453,0.016266,0.010453,national_fallback_plus_bounded_urban_premium,modeled,modeled_city_estimate_not_official_undp_city_hdi,225284
Dikhil,Djibouti,DJI,DJ,Africa,11.10454,42.36971,32801,False,4,Dikhil,Dikhil,0.513,0.6491,0.528621,0.659063,0.130442,0.513,0.6491,0.015621,0.009963,0.015621,0.009963,national_fallback_plus_bounded_urban_premium,modeled,modeled_city_estimate_not_official_undp_city_hdi,223890
Bununka Kunda,Gambia,GMB,GM,Africa,13.42722,-16.68528,66449,False,4,Banjul,Banjul,0.59638,0.647443,0.612367,0.658835,0.046468,0.524,0.5902,0.015987,0.011392,0.088367,0.068635,geospatial_subdivision_match_plus_bounded_urban_premium,higher,modeled_city_estimate_not_official_undp_city_hdi,2413709
Tadjoura,Djibouti,DJI,DJ,Africa,11.78778,42.88222,19533,False,5,Tadjourah,Tadjourah,0.513,0.6491,0.527975,0.658571,0.130596,0.513,0.6491,0.014975,0.009471,0.014975,0.009471,national_fallback_plus_bounded_urban_premium,modeled,modeled_city_estimate_not_official_undp_city_hdi,220782
Sukuta,Gambia,GMB,GM,Africa,13.41033,-16.70815,56472,False,5,Banjul,Banjul,0.59638,0.647443,0.611373,0.658065,0.046692,0.524,0.5902,0.014993,0.010622,0.087373,0.067865,geospatial_subdivision_match_plus_bounded_urban_premium,higher,modeled_city_estimate_not_official_undp_city_hdi,2411880
Talinding,Gambia,GMB,GM,Africa,13.42558,-16.67261,48687,False,6,Banjul,Banjul,0.59638,0.647443,0.610465,0.657362,0.046898,0.524,0.5902,0.014085,0.009919,0.086465,0.067162,geospatial_subdivision_match_plus_bounded_urban_premium,higher,modeled_city_estimate_not_official_undp_city_hdi,12640502
Carrefour,Haiti,HTI,HT,America,18.53333,-72.4,511345,False,2,Ouest,Ouest,0.554,0.6418,0.575182,0.656717,0.081534,0.554,0.6418,0.021182,0.014917,0.021182,0.014917,national_fallback_plus_bounded_urban_premium,modeled,modeled_city_estimate_not_official_undp_city_hdi,6201369
Mutare,Zimbabwe,ZWE,ZW,Africa,-18.9707,32.67086,224802,False,4,Manicaland,Manicaland,0.577723,0.630014,0.606748,0.656402,0.049653,0.598,0.65,0.029025,0.026388,0.008748,0.006402,geospatial_subdivision_match_plus_bounded_urban_premium,higher,modeled_city_estimate_not_official_undp_city_hdi,884979
Freetown,Sierra Leone,SLE,SL,Africa,8.48714,-13.2356,802639,True,1,Western Urban,Western,0.590149,0.631377,0.622779,0.656054,0.033275,0.467,0.5303,0.03263,0.024677,0.155779,0.125754,geospatial_subdivision_match_plus_bounded_urban_premium,higher,modeled_city_estimate_not_official_undp_city_hdi,2409306
Delmas,Haiti,HTI,HT,America,18.54478,-72.30036,395260,False,3,Ouest,Ouest,0.554,0.6418,0.573991,0.655806,0.081815,0.554,0.6418,0.019991,0.014006,0.019991,0.014006,national_fallback_plus_bounded_urban_premium,modeled,modeled_city_estimate_not_official_undp_city_hdi,3726786
Khartoum,Sudan,SDN,SD,Africa,15.55177,32.53241,1974647,True,1,Khartoum,Khartoum,0.621266,0.629736,0.654887,0.655764,0.000877,0.511,0.5371,0.033621,0.026028,0.143887,0.118664,geospatial_subdivision_match_plus_bounded_urban_premium,higher,modeled_city_estimate_not_official_undp_city_hdi,379252
Petionville,Haiti,HTI,HT,America,18.5125,-72.28528,376834,False,4,Ouest,Ouest,0.554,0.6418,0.573251,0.655241,0.08199,0.554,0.6418,0.019251,0.013441,0.019251,0.013441,national_fallback_plus_bounded_urban_premium,modeled,modeled_city_estimate_not_official_undp_city_hdi,3719028
Port-de-Paix,Haiti,HTI,HT,America,19.93984,-72.83037,306217,False,5,Nord-Ouest,Nord-Ouest,0.554,0.6418,0.572163,0.654409,0.082246,0.554,0.6418,0.018163,0.012609,0.018163,0.012609,national_fallback_plus_bounded_urban_premium,modeled,modeled_city_estimate_not_official_undp_city_hdi,3718420
Bamako,Mali,MLI,ML,Africa,12.60915,-7.97522,4227569,True,1,Bamako,Bamako,0.580025,0.621954,0.616957,0.650242,0.033285,0.419,0.4853,0.036932,0.028288,0.197957,0.164942,geospatial_subdivision_match_plus_bounded_urban_premium,higher,modeled_city_estimate_not_official_undp_city_hdi,2460596
Maputsoe,Lesotho,LSO,LS,Africa,-28.8866,27.89915,61916,False,2,Leribe,Leribe,0.557512,0.638519,0.574188,0.650054,0.075865,0.55,0.6349,0.016676,0.011535,0.024188,0.015154,geospatial_subdivision_match_plus_bounded_urban_premium,higher,modeled_city_estimate_not_official_undp_city_hdi,932521
Touba,Senegal,SEN,SN,Africa,14.86229,-15.87532,1120824,False,3,Diourbel,Diourbel,0.442665,0.592765,0.499361,0.649461,0.1501,0.53,0.6668,0.056696,0.056696,-0.030639,-0.017339,geospatial_subdivision_match_plus_bounded_urban_premium,higher,modeled_city_estimate_not_official_undp_city_hdi,2244322
Blantyre,Malawi,MWI,MW,Africa,-15.78499,35.00854,902588,False,2,Blantyre,Blantyre,0.575437,0.631926,0.598468,0.648776,0.050308,0.517,0.5842,0.023031,0.01685,0.081468,0.064576,geospatial_subdivision_match_plus_bounded_urban_premium,higher,modeled_city_estimate_not_official_undp_city_hdi,931755
Omdurman,Sudan,SDN,SD,Africa,15.64453,32.47773,1849659,False,2,Khartoum,Khartoum,0.621266,0.629736,0.645843,0.648609,0.002766,0.511,0.5371,0.024577,0.018873,0.134843,0.111509,geospatial_subdivision_match_plus_bounded_urban_premium,higher,modeled_city_estimate_not_official_undp_city_hdi,365137
Hlotse,Lesotho,LSO,LS,Africa,-28.87185,28.04501,43967,False,5,Leribe,Leribe,0.557512,0.638519,0.571793,0.64822,0.076428,0.55,0.6349,0.014281,0.009701,0.021793,0.01332,geospatial_subdivision_match_plus_bounded_urban_premium,higher,modeled_city_estimate_not_official_undp_city_hdi,932698
Khartoum North,Sudan,SDN,SD,Africa,15.64925,32.53458,1012211,False,3,Khartoum,Khartoum,0.621266,0.629736,0.643941,0.647109,0.003168,0.511,0.5371,0.022675,0.017373,0.132941,0.110009,geospatial_subdivision_match_plus_bounded_urban_premium,higher,modeled_city_estimate_not_official_undp_city_hdi,379251
Sokode,Togo,TGO,TG,Africa,8.98333,1.13333,117811,False,2,Centrale,Centre,0.561582,0.630344,0.579276,0.646398,0.067121,0.571,0.6406,0.017694,0.016054,0.008276,0.005798,geospatial_subdivision_match_plus_bounded_urban_premium,higher,modeled_city_estimate_not_official_undp_city_hdi,2364104
Kara,Togo,TGO,TG,Africa,9.55111,1.18611,104207,False,3,Kara,Kara,0.543582,0.61534,0.578901,0.646275,0.067373,0.571,0.6406,0.035319,0.030935,0.007901,0.005675,geospatial_subdivision_match_plus_bounded_urban_premium,higher,modeled_city_estimate_not_official_undp_city_hdi,2366152
Atakpame,Togo,TGO,TG,Africa,7.53333,1.13333,80683,False,4,Plateaux,Plateaux,0.561582,0.630344,0.578563,0.646018,0.067454,0.571,0.6406,0.016981,0.015674,0.007563,0.005418,geospatial_subdivision_match_plus_bounded_urban_premium,higher,modeled_city_estimate_not_official_undp_city_hdi,2367886
Kpalime,Togo,TGO,TG,Africa,6.9,0.63333,75084,False,5,Plateaux,Plateaux,0.561582,0.630344,0.578468,0.645945,0.067477,0.571,0.6406,0.016886,0.015601,0.007468,0.005345,geospatial_subdivision_match_plus_bounded_urban_premium,higher,modeled_city_estimate_not_official_undp_city_hdi,2365560
Brikama,Gambia,GMB,GM,Africa,13.27136,-16.64944,97233,False,3,Brikama,West Coast,0.57938,0.633251,0.596847,0.645786,0.048938,0.524,0.5902,0.017467,0.012535,0.072847,0.055586,geospatial_subdivision_match_plus_bounded_urban_premium,higher,modeled_city_estimate_not_official_undp_city_hdi,2413753
Ouagadougou,Burkina Faso,BFA,BF,Africa,12.36566,-1.53388,2415266,True,1,Centre (incl Ouagadougou),Kadiogo,0.583658,0.618913,0.618735,0.645706,0.026971,0.459,0.5157,0.035077,0.026793,0.159735,0.130006,geospatial_subdivision_match_plus_bounded_urban_premium,higher,modeled_city_estimate_not_official_undp_city_hdi,2357048
Mafeteng,Lesotho,LSO,LS,Africa,-29.82299,27.23744,45287,False,4,Mafeteng,Mafeteng,0.552512,0.634381,0.56744,0.644577,0.077137,0.55,0.6349,0.014928,0.010196,0.01744,0.009677,geospatial_subdivision_match_plus_bounded_urban_premium,higher,modeled_city_estimate_not_official_undp_city_hdi,932614
Damascus,Syria,SYR,SY,,33.5102,36.29128,1569394,True,1,Damascus Governorate,Damascus,0.564,0.6201,0.596436,0.644226,0.04779,0.564,0.6201,0.032436,0.024126,0.032436,0.024126,national_fallback_plus_bounded_urban_premium,modeled,modeled_city_estimate_not_official_undp_city_hdi,170654
Mohale's Hoek,Lesotho,LSO,LS,Africa,-30.15137,27.47691,46593,False,3,Mohale s Hoek,Mohale's Hoek,0.538512,0.622792,0.557063,0.639864,0.082802,0.55,0.6349,0.018551,0.017072,0.007062,0.004964,geospatial_subdivision_match_plus_bounded_urban_premium,higher,modeled_city_estimate_not_official_undp_city_hdi,932438
Aleppo,Syria,SYR,SY,,36.20124,37.16117,2098210,False,2,Aleppo,Aleppo,0.564,0.6201,0.588021,0.637736,0.049714,0.564,0.6201,0.024021,0.017636,0.024021,0.017636,national_fallback_plus_bounded_urban_premium,modeled,modeled_city_estimate_not_official_undp_city_hdi,170063
Homs,Syria,SYR,SY,,34.72405,36.72559,775404,False,3,Homs,Homs (Hims),0.564,0.6201,0.585255,0.635605,0.050351,0.564,0.6201,0.021255,0.015505,0.021255,0.015505,national_fallback_plus_bounded_urban_premium,modeled,modeled_city_estimate_not_official_undp_city_hdi,169577
Latakia,Syria,SYR,SY,,35.53125,35.79088,709000,False,4,Latakia,Lattakia,0.564,0.6201,0.584427,0.634969,0.050541,0.564,0.6201,0.020427,0.014869,0.020427,0.014869,national_fallback_plus_bounded_urban_premium,modeled,modeled_city_estimate_not_official_undp_city_hdi,173576
Ar Raqqah,Syria,SYR,SY,,35.95283,39.00788,531952,False,5,Raqqa,Ar Raqqah,0.564,0.6201,0.583171,0.634002,0.050831,0.564,0.6201,0.019171,0.013902,0.019171,0.013902,national_fallback_plus_bounded_urban_premium,modeled,modeled_city_estimate_not_official_undp_city_hdi,172955
Saaba,Burkina Faso,BFA,BF,Africa,12.37136,-1.41468,136011,False,4,Centre (incl Ouagadougou),Kadiogo,0.583658,0.618913,0.602376,0.632778,0.030402,0.459,0.5157,0.018718,0.013865,0.143376,0.117078,geospatial_subdivision_match_plus_bounded_urban_premium,higher,modeled_city_estimate_not_official_undp_city_hdi,2356157
Porto-Novo,Benin,BEN,BJ,Africa,6.49646,2.60359,264320,True,1,Oueme,Ouémé,0.515,0.6053,0.544653,0.626826,0.082172,0.515,0.6053,0.029653,0.021526,0.029653,0.021526,national_fallback_plus_bounded_urban_premium,modeled,modeled_city_estimate_not_official_undp_city_hdi,2392087
Bangui,Central African Rep.,CAF,CF,Africa,4.36122,18.55496,812407,True,1,Bangui,Bangui,0.537136,0.600361,0.570871,0.625786,0.054914,0.414,0.4954,0.033735,0.025425,0.156871,0.130386,geospatial_subdivision_match_plus_bounded_urban_premium,higher,modeled_city_estimate_not_official_undp_city_hdi,2389853
Mek'ele,Ethiopia,ETH,ET,Africa,13.49667,39.47528,457900,False,4,Tigray,Tigray,0.481322,0.603223,0.50732,0.62497,0.11765,0.497,0.6177,0.025998,0.021747,0.01032,0.00727,geospatial_subdivision_match_plus_bounded_urban_premium,higher,modeled_city_estimate_not_official_undp_city_hdi,331180
Nazret,Ethiopia,ETH,ET,Africa,8.55,39.26667,456900,False,5,Oromiya,Oromiya,0.442322,0.571472,0.497663,0.624967,0.127305,0.497,0.6177,0.055341,0.053495,0.000663,0.007267,geospatial_subdivision_match_plus_bounded_urban_premium,higher,modeled_city_estimate_not_official_undp_city_hdi,330186
Mzuzu,Malawi,MWI,MW,Africa,-11.46556,34.02071,249564,False,3,"Other northern (Chitipa, Karonga, Rumphi, Nkhata Bay)",Nkhata Bay,0.549437,0.61023,0.569101,0.624462,0.055362,0.517,0.5842,0.019664,0.014232,0.052101,0.040262,geospatial_subdivision_match_plus_bounded_urban_premium,higher,modeled_city_estimate_not_official_undp_city_hdi,925475
Maroua,Cameroon,CMR,CM,Africa,10.59095,14.31593,314122,False,5,Extreme Nord,Extrême-Nord,0.455595,0.566638,0.51037,0.621413,0.111043,0.588,0.6796,0.054775,0.054775,-0.07763,-0.058187,geospatial_subdivision_match_plus_bounded_urban_premium,higher,modeled_city_estimate_not_official_undp_city_hdi,2228373
Karonga,Malawi,MWI,MW,Africa,-9.93333,33.93333,69486,False,5,"Other northern (Chitipa, Karonga, Rumphi, Nkhata Bay)",Chitipa,0.549437,0.61023,0.56504,0.621317,0.056277,0.517,0.5842,0.015603,0.011087,0.04804,0.037117,geospatial_subdivision_match_plus_bounded_urban_premium,higher,modeled_city_estimate_not_official_undp_city_hdi,235715
Gonder,Ethiopia,ETH,ET,Africa,12.6,37.46667,466000,False,3,Amhara,Amhara,0.432322,0.563331,0.487692,0.618701,0.131009,0.497,0.6177,0.05537,0.05537,-0.009308,0.001001,geospatial_subdivision_match_plus_bounded_urban_premium,higher,modeled_city_estimate_not_official_undp_city_hdi,336014
Mahajanga,Madagascar,MDG,MG,Africa,-15.71667,46.31667,260556,False,4,Boeny,Boeny,0.506745,0.594882,0.526442,0.608773,0.082332,0.487,0.58,0.019697,0.013891,0.039442,0.028773,geospatial_subdivision_match_plus_bounded_urban_premium,higher,modeled_city_estimate_not_official_undp_city_hdi,1062663
Toamasina,Madagascar,MDG,MG,Africa,-18.1492,49.40234,345107,False,2,Atsinanana,Atsinanana,0.504745,0.593232,0.52633,0.608586,0.082256,0.487,0.58,0.021585,0.015354,0.03933,0.028586,geospatial_subdivision_match_plus_bounded_urban_premium,higher,modeled_city_estimate_not_official_undp_city_hdi,1053384
Lilongwe,Malawi,MWI,MW,Africa,-13.96692,33.78725,1115815,True,1,Lilongwe,Lilongwe,0.517437,0.583527,0.550098,0.607837,0.057739,0.517,0.5842,0.032661,0.02431,0.033098,0.023637,geospatial_subdivision_match_plus_bounded_urban_premium,higher,modeled_city_estimate_not_official_undp_city_hdi,927967
Parakou,Benin,BEN,BJ,Africa,9.33716,2.63031,255478,False,4,Borgou (incl Alibori),Borgou,0.453329,0.553038,0.507792,0.607501,0.099709,0.515,0.6053,0.054463,0.054463,-0.007208,0.002201,geospatial_subdivision_match_plus_bounded_urban_premium,higher,modeled_city_estimate_not_official_undp_city_hdi,2392204
Fianarantsoa,Madagascar,MDG,MG,Africa,-21.45267,47.08569,203105,False,5,Haute Matsiatra,Haute Matsiatra,0.504745,0.593232,0.523261,0.606209,0.082948,0.487,0.58,0.018516,0.012977,0.036261,0.026209,geospatial_subdivision_match_plus_bounded_urban_premium,higher,modeled_city_estimate_not_official_undp_city_hdi,1064890
Nema,Mauritania,MRT,MR,Africa,16.61702,-7.25649,60000,False,5,Hodh Charghi,Hodh ech Chargui,0.405407,0.553008,0.457682,0.605283,0.147601,0.563,0.685,0.052275,0.052275,-0.105318,-0.079717,geospatial_subdivision_match_plus_bounded_urban_premium,higher,modeled_city_estimate_not_official_undp_city_hdi,2377539
Kakata,Liberia,LBR,LR,Africa,6.53104,-10.35368,52247,False,5,Margibi,Margibi,0.519645,0.591507,0.534768,0.602103,0.067335,0.51,0.5851,0.015123,0.010596,0.024768,0.017003,geospatial_subdivision_match_plus_bounded_urban_premium,higher,modeled_city_estimate_not_official_undp_city_hdi,2276086
Ganta,Liberia,LBR,LR,Africa,7.235,-8.98444,63523,False,4,Nimba,Nimba,0.518645,0.590676,0.534841,0.602102,0.067261,0.51,0.5851,0.016196,0.011426,0.024841,0.017002,geospatial_subdivision_match_plus_bounded_urban_premium,higher,modeled_city_estimate_not_official_undp_city_hdi,2277241
Kabul,Afghanistan,AFG,AF,Asia/Pacific,34.52813,69.17233,4434550,True,1,Central (Kabul Wardak Kapisa Logar Parwan Panjsher),Kabul,0.566666,0.572924,0.602431,0.600892,-0.001539,0.496,0.5125,0.035765,0.027968,0.106431,0.088392,geospatial_subdivision_match_plus_bounded_urban_premium,higher,modeled_city_estimate_not_official_undp_city_hdi,1138958
N'Djamena,Chad,TCD,TD,Africa,12.10672,15.0444,1359526,True,1,Zone 1 (N'Djamena),Ville de N'Djamena,0.550339,0.572962,0.585077,0.600062,0.014985,0.416,0.4559,0.034738,0.0271,0.169077,0.144162,geospatial_subdivision_match_plus_bounded_urban_premium,higher,modeled_city_estimate_not_official_undp_city_hdi,2427123
Antsirabe,Madagascar,MDG,MG,Africa,-19.86586,47.03333,260907,False,3,Vakinankaratra,Vakinankaratra,0.494745,0.584986,0.515094,0.599381,0.084287,0.487,0.58,0.020349,0.014395,0.028094,0.019381,geospatial_subdivision_match_plus_bounded_urban_premium,higher,modeled_city_estimate_not_official_undp_city_hdi,1069166
Nzerekore,Guinea,GIN,GN,Africa,7.75624,-8.8179,226426,False,3,Nzerekore Region,Nzérékoré,0.5,0.585,0.519803,0.599072,0.079269,0.5,0.585,0.019803,0.014072,0.019803,0.014072,national_fallback_plus_bounded_urban_premium,modeled,modeled_city_estimate_not_official_undp_city_hdi,2416969
Zomba,Malawi,MWI,MW,Africa,-15.38596,35.3188,118440,False,4,Zomba,Zomba,0.516437,0.582693,0.533869,0.595191,0.061322,0.517,0.5842,0.017432,0.012498,0.016869,0.010991,geospatial_subdivision_match_plus_bounded_urban_premium,higher,modeled_city_estimate_not_official_undp_city_hdi,923295
Aden,Yemen,YEM,YE,Asia/Pacific,12.77957,45.03852,1079670,False,2,"Abyan, Aden (town and countryside), Lahej, Ad Dali (Al Dhalih)",`Adan,0.515068,0.574474,0.539405,0.59251,0.053105,0.47,0.537,0.024337,0.018036,0.069405,0.05551,geospatial_subdivision_match_plus_bounded_urban_premium,higher,modeled_city_estimate_not_official_undp_city_hdi,415189
Maneah,Guinea,GIN,GN,Africa,9.73333,-13.41667,194297,False,5,Kindia,Coyah,0.487646,0.570706,0.509168,0.591564,0.082396,0.5,0.585,0.021522,0.020858,0.009168,0.006564,geospatial_subdivision_match_plus_bounded_urban_premium,higher,modeled_city_estimate_not_official_undp_city_hdi,2417786
Gbarnga,Liberia,LBR,LR,Africa,6.99543,-9.47122,86031,False,2,Bong,Bong,0.496645,0.572384,0.518029,0.590846,0.072816,0.51,0.5851,0.021384,0.018462,0.008029,0.005746,geospatial_subdivision_match_plus_bounded_urban_premium,higher,modeled_city_estimate_not_official_undp_city_hdi,2277060
Buchanan,Liberia,LBR,LR,Africa,5.87693,-10.04964,75854,False,3,Grand Bassa,Grand Bassa County,0.467645,0.548271,0.517863,0.590719,0.072856,0.51,0.5851,0.050218,0.042448,0.007863,0.005619,admin_subdivision_match_plus_bounded_urban_premium,moderate,modeled_city_estimate_not_official_undp_city_hdi,2278158
Bujumbura,Burundi,BDI,BI,Africa,-3.38193,29.36142,769317,False,2,"West (Bubanza, Buja Rural, Cibitoke, Mairie de Bujumbura)",Bujumbura Mairie,0.477811,0.564593,0.502016,0.582138,0.080123,0.439,0.5329,0.024205,0.017545,0.063016,0.049238,geospatial_subdivision_match_plus_bounded_urban_premium,higher,modeled_city_estimate_not_official_undp_city_hdi,425378
Jijiga,Ethiopia,ETH,ET,Africa,9.35,42.8,483000,False,2,Somali,Somali,0.384322,0.524252,0.439746,0.579676,0.13993,0.497,0.6177,0.055424,0.055424,-0.057254,-0.038024,geospatial_subdivision_match_plus_bounded_urban_premium,higher,modeled_city_estimate_not_official_undp_city_hdi,333795
Mpanda,Burundi,BDI,BI,Africa,-3.1703,29.4026,58913,False,4,"West (Bubanza, Buja Rural, Cibitoke, Mairie de Bujumbura)",Bubanza,0.477811,0.564593,0.495152,0.576768,0.081616,0.439,0.5329,0.017341,0.012175,0.056152,0.043868,geospatial_subdivision_match_plus_bounded_urban_premium,higher,modeled_city_estimate_not_official_undp_city_hdi,428632
Taiz,Yemen,YEM,YE,Asia/Pacific,13.57952,44.02091,940600,False,3,Taiz,Ta`izz,0.495068,0.557783,0.518498,0.575104,0.056606,0.47,0.537,0.02343,0.017321,0.048498,0.038104,geospatial_subdivision_match_plus_bounded_urban_premium,higher,modeled_city_estimate_not_official_undp_city_hdi,70225
Niamey,Niger,NER,NE,Africa,13.51366,2.1098,1323691,True,1,Tillabery (incl Niamey),Niamey,0.494094,0.544737,0.528883,0.571387,0.042504,0.419,0.4797,0.034789,0.02665,0.109883,0.091687,geospatial_subdivision_match_plus_bounded_urban_premium,higher,modeled_city_estimate_not_official_undp_city_hdi,2440485
Bobo-Dioulasso,Burkina Faso,BFA,BF,Africa,11.18064,-4.29489,904920,False,2,Hauts Bassins,Houet,0.500658,0.549322,0.524829,0.567461,0.042632,0.459,0.5157,0.024171,0.018139,0.065829,0.051761,geospatial_subdivision_match_plus_bounded_urban_premium,higher,modeled_city_estimate_not_official_undp_city_hdi,2362344
Kankan,Guinea,GIN,GN,Africa,10.38542,-9.30568,221428,False,4,Kankan,Kankan,0.416646,0.511939,0.470893,0.566186,0.095293,0.5,0.585,0.054247,0.054247,-0.029107,-0.018814,geospatial_subdivision_match_plus_bounded_urban_premium,higher,modeled_city_estimate_not_official_undp_city_hdi,2419992
Lubumbashi,Congo (DRC),COD,CD,Africa,-11.66089,27.47938,2221925,False,2,Katanga,Katanga,0.506411,0.542757,0.53425,0.565049,0.030799,0.522,0.5559,0.027839,0.022292,0.01225,0.009149,geospatial_subdivision_match_plus_bounded_urban_premium,higher,modeled_city_estimate_not_official_undp_city_hdi,922704
Mbuji-Mayi,Congo (DRC),COD,CD,Africa,-6.13603,23.58979,2101332,False,3,Kasai Oriental,Kasaï-Oriental,0.491411,0.530051,0.534176,0.564993,0.030817,0.522,0.5559,0.042765,0.034942,0.012176,0.009093,geospatial_subdivision_match_plus_bounded_urban_premium,higher,modeled_city_estimate_not_official_undp_city_hdi,209228
Kisangani,Congo (DRC),COD,CD,Africa,0.51528,25.19099,1181788,False,5,Orientale,Orientale,0.507411,0.543605,0.533416,0.564415,0.030999,0.522,0.5559,0.026005,0.02081,0.011416,0.008515,geospatial_subdivision_match_plus_bounded_urban_premium,higher,modeled_city_estimate_not_official_undp_city_hdi,212730
Sanaa,Yemen,YEM,YE,Asia/Pacific,15.35452,44.20646,1937451,True,1,Amanat Alasimah,Amanat Al Asimah,0.47,0.537,0.504759,0.563194,0.058435,0.47,0.537,0.034759,0.026194,0.034759,0.026194,national_fallback_plus_bounded_urban_premium,modeled,modeled_city_estimate_not_official_undp_city_hdi,71137
Beira,Mozambique,MOZ,MZ,Africa,-19.84361,34.83889,687764,False,4,Sofala,Sofala,0.479841,0.540919,0.503882,0.560587,0.056705,0.493,0.5526,0.024041,0.019668,0.010882,0.007987,admin_subdivision_match_plus_bounded_urban_premium,moderate,modeled_city_estimate_not_official_undp_city_hdi,1052373
Rumonge,Burundi,BDI,BI,Africa,-3.9736,29.4386,55599,False,5,"South (Bururi, Makamba)",Bururi,0.458811,0.548931,0.47539,0.560508,0.085118,0.439,0.5329,0.016579,0.011577,0.03639,0.027608,geospatial_subdivision_match_plus_bounded_urban_premium,higher,modeled_city_estimate_not_official_undp_city_hdi,423549
Chimoio,Mozambique,MOZ,MZ,Africa,-19.11639,33.48333,422046,False,5,Manica,Manica,0.474841,0.536732,0.503237,0.560097,0.05686,0.493,0.5526,0.028396,0.023365,0.010237,0.007497,geospatial_subdivision_match_plus_bounded_urban_premium,higher,modeled_city_estimate_not_official_undp_city_hdi,1049261
Port Sudan,Sudan,SDN,SD,Africa,19.61745,37.21644,489725,False,5,Red Sea,Red Sea,0.517266,0.541327,0.537253,0.556553,0.0193,0.511,0.5371,0.019987,0.015226,0.026253,0.019453,geospatial_subdivision_match_plus_bounded_urban_premium,higher,modeled_city_estimate_not_official_undp_city_hdi,377039
Agadez,Niger,NER,NE,Africa,16.97333,7.99111,149549,False,5,Agadez,Agadez,0.490094,0.541389,0.50918,0.555574,0.046394,0.419,0.4797,0.019086,0.014185,0.09018,0.075874,geospatial_subdivision_match_plus_bounded_urban_premium,higher,modeled_city_estimate_not_official_undp_city_hdi,2448085
Gabu,Guinea-Bissau,GNB,GW,Africa,12.28,-14.22222,49371,False,3,Gabu,Gabú,0.415675,0.503343,0.467675,0.555343,0.087668,0.514,0.5875,0.052,0.052,-0.046325,-0.032157,geospatial_subdivision_match_plus_bounded_urban_premium,higher,modeled_city_estimate_not_official_undp_city_hdi,2372532
Ibb,Yemen,YEM,YE,Asia/Pacific,13.96667,44.18333,771514,False,4,Ibb,Ibb,0.466068,0.533582,0.488462,0.550087,0.061624,0.47,0.537,0.022394,0.016505,0.018462,0.013087,geospatial_subdivision_match_plus_bounded_urban_premium,higher,modeled_city_estimate_not_official_undp_city_hdi,74477
Kananga,Congo (DRC),COD,CD,Africa,-5.89624,22.41659,1247168,False,4,Kasai Occidental,Kasaï-Occidental,0.445411,0.491083,0.502268,0.54794,0.045672,0.522,0.5559,0.056857,0.056857,-0.019732,-0.00796,geospatial_subdivision_match_plus_bounded_urban_premium,higher,modeled_city_estimate_not_official_undp_city_hdi,214481
Mazar-e Sharif,Afghanistan,AFG,AF,Asia/Pacific,36.70904,67.11087,523300,False,3,North (Samangan Sar-e-Pul Balkh Jawzjan Faryab),Balkh,0.515666,0.529384,0.537342,0.546162,0.00882,0.496,0.5125,0.021676,0.016778,0.041342,0.033662,geospatial_subdivision_match_plus_bounded_urban_premium,higher,modeled_city_estimate_not_official_undp_city_hdi,1133616
Gitega,Burundi,BDI,BI,Africa,-3.42708,29.92463,64904,True,1,"Middle (Gitega, Karuzi, Muramvya, Mwaro)",Gitega,0.429811,0.525026,0.457942,0.545636,0.087694,0.439,0.5329,0.028131,0.02061,0.018942,0.012736,geospatial_subdivision_match_plus_bounded_urban_premium,higher,modeled_city_estimate_not_official_undp_city_hdi,426272
Al Hudaydah,Yemen,YEM,YE,Asia/Pacific,14.79781,42.95452,734699,False,5,"Hodeida (Al Hudaydah), Mahweit (Al Mahwit)",Al Hudaydah,0.418068,0.493524,0.474126,0.545128,0.071002,0.47,0.537,0.056058,0.051604,0.004126,0.008128,geospatial_subdivision_match_plus_bounded_urban_premium,higher,modeled_city_estimate_not_official_undp_city_hdi,79415
Koidu,Sierra Leone,SLE,SL,Africa,8.64387,-10.9714,128030,False,4,Eastern Province,Eastern,0.467,0.5303,0.485538,0.543862,0.058324,0.467,0.5303,0.018538,0.013562,0.018538,0.013562,national_fallback_plus_bounded_urban_premium,modeled,modeled_city_estimate_not_official_undp_city_hdi,2407656
Makeni,Sierra Leone,SLE,SL,Africa,8.88605,-12.04417,85116,False,5,Northern Province,Northern,0.467,0.5303,0.484001,0.542658,0.058658,0.467,0.5303,0.017001,0.012358,0.017001,0.012358,national_fallback_plus_bounded_urban_premium,modeled,modeled_city_estimate_not_official_undp_city_hdi,2406407
Nampula,Mozambique,MOZ,MZ,Africa,-15.11646,39.2666,770379,False,3,Nampula,Nampula,0.412841,0.484817,0.46897,0.540946,0.071976,0.493,0.5526,0.056129,0.056129,-0.02403,-0.011654,geospatial_subdivision_match_plus_bounded_urban_premium,higher,modeled_city_estimate_not_official_undp_city_hdi,1033356
Massawa,Eritrea,ERI,ER,Africa,15.60811,39.47455,23100,False,4,Northern Red Sea,Northern Red Sea,0.503,0.5273,0.518808,0.539302,0.020494,0.503,0.5273,0.015808,0.012002,0.015808,0.012002,national_fallback_plus_bounded_urban_premium,modeled,modeled_city_estimate_not_official_undp_city_hdi,330546
Assab,Eritrea,ERI,ER,Africa,13.00917,42.73944,21300,False,5,Southern Red Sea,Southern Red Sea,0.503,0.5273,0.518162,0.538795,0.020633,0.503,0.5273,0.015162,0.011495,0.015162,0.011495,national_fallback_plus_bounded_urban_premium,modeled,modeled_city_estimate_not_official_undp_city_hdi,343386
Koudougou,Burkina Faso,BFA,BF,Africa,12.25188,-2.36694,160239,False,3,Centre-Ouest,Boulkiemdé,0.469658,0.523329,0.489471,0.538032,0.048562,0.459,0.5157,0.019813,0.014703,0.030471,0.022332,geospatial_subdivision_match_plus_bounded_urban_premium,higher,modeled_city_estimate_not_official_undp_city_hdi,2358946
Bo,Sierra Leone,SLE,SL,Africa,7.96472,-11.73833,233684,False,3,Bo,Southern,0.460149,0.522704,0.480646,0.5378,0.057154,0.467,0.5303,0.020497,0.015096,0.013646,0.0075,geospatial_subdivision_match_plus_bounded_urban_premium,higher,modeled_city_estimate_not_official_undp_city_hdi,2410048
Kenema,Sierra Leone,SLE,SL,Africa,7.87687,-11.19025,255110,False,2,Kenema,Eastern,0.448149,0.512672,0.476734,0.537397,0.060663,0.467,0.5303,0.028585,0.024725,0.009734,0.007097,geospatial_subdivision_match_plus_bounded_urban_premium,higher,modeled_city_estimate_not_official_undp_city_hdi,2407790
Ngozi,Burundi,BDI,BI,Africa,-2.9075,29.8306,61716,False,3,"North (Kayanza, Kirundo, Muyinga, Ngozi)",Ngozi,0.380811,0.484634,0.433129,0.536952,0.103823,0.439,0.5329,0.052318,0.052318,-0.005871,0.004052,geospatial_subdivision_match_plus_bounded_urban_premium,higher,modeled_city_estimate_not_official_undp_city_hdi,430569
Keren,Eritrea,ERI,ER,Africa,15.77792,38.45107,74800,False,2,Anseba,Semenawi Keyih Bahri,0.449059,0.478647,0.501667,0.531255,0.029588,0.503,0.5273,0.052608,0.052608,-0.001333,0.003955,geospatial_subdivision_match_plus_bounded_urban_premium,higher,modeled_city_estimate_not_official_undp_city_hdi,333287
Nyala,Sudan,SDN,SD,Africa,12.04888,24.88069,565734,False,4,South Darfur,Southern Darfur,0.436266,0.47247,0.491929,0.528133,0.036204,0.511,0.5371,0.055663,0.055663,-0.019071,-0.008967,geospatial_subdivision_match_plus_bounded_urban_premium,higher,modeled_city_estimate_not_official_undp_city_hdi,369004
Ouahigouya,Burkina Faso,BFA,BF,Africa,13.5769,-2.41786,124587,False,5,Nord,Yatenga,0.454658,0.510753,0.472645,0.52402,0.051375,0.459,0.5157,0.017987,0.013267,0.013645,0.00832,geospatial_subdivision_match_plus_bounded_urban_premium,higher,modeled_city_estimate_not_official_undp_city_hdi,2357043
Herat,Afghanistan,AFG,AF,Asia/Pacific,34.34817,62.19967,574300,False,2,West (Ghor Herat Badghis Farah),Hirat,0.464666,0.485843,0.506625,0.520497,0.013872,0.496,0.5125,0.041959,0.034654,0.010625,0.007997,geospatial_subdivision_match_plus_bounded_urban_premium,higher,modeled_city_estimate_not_official_undp_city_hdi,1140026
Jalalabad,Afghanistan,AFG,AF,Asia/Pacific,34.42647,70.45153,271900,False,5,East (Nangarhar Kunar Laghman Nooristan),Nangarhar,0.475666,0.495234,0.505637,0.519746,0.014109,0.496,0.5125,0.029971,0.024512,0.009637,0.007246,geospatial_subdivision_match_plus_bounded_urban_premium,higher,modeled_city_estimate_not_official_undp_city_hdi,1139715
Bimbo,Central African Rep.,CAF,CF,Africa,4.25671,18.41583,348802,False,2,Ombella-M'Poko,Ombella-M'Poko,0.414,0.4954,0.437,0.512312,0.075311,0.414,0.4954,0.023,0.016912,0.023,0.016912,national_fallback_plus_bounded_urban_premium,modeled,modeled_city_estimate_not_official_undp_city_hdi,2388873
Begoua,Central African Rep.,CAF,CF,Africa,4.45437,18.53475,264067,False,3,Ombella-M'Poko,Ombella-M'Poko,0.414,0.4954,0.435753,0.511328,0.075575,0.414,0.4954,0.021753,0.015928,0.021753,0.015928,national_fallback_plus_bounded_urban_premium,modeled,modeled_city_estimate_not_official_undp_city_hdi,2389422
Berberati,Central African Rep.,CAF,CF,Africa,4.26116,15.79216,103713,False,5,Mambere-Kadei,Mambéré-Kadéï,0.414,0.4954,0.432423,0.508703,0.076279,0.414,0.4954,0.018423,0.013303,0.018423,0.013303,national_fallback_plus_bounded_urban_premium,modeled,modeled_city_estimate_not_official_undp_city_hdi,2389086
Sarh,Chad,TCD,TD,Africa,9.14555,18.38331,138928,False,4,"Zone 8 (Mandoul, Moyen-Chari, Bahr Koh, Lac Iro)",Moyen-Chari,0.456339,0.493547,0.475984,0.50855,0.032566,0.416,0.4559,0.019645,0.015003,0.059984,0.05265,geospatial_subdivision_match_plus_bounded_urban_premium,higher,modeled_city_estimate_not_official_undp_city_hdi,2425791
Kandahar,Afghanistan,AFG,AF,Asia/Pacific,31.61332,65.71013,523300,False,4,South (Uruzgan Helmand Zabul Nimroz Kandahar),Kandahar,0.421666,0.449133,0.477211,0.504678,0.027467,0.496,0.5125,0.055545,0.055545,-0.018789,-0.007822,geospatial_subdivision_match_plus_bounded_urban_premium,higher,modeled_city_estimate_not_official_undp_city_hdi,1138336
Carnot,Central African Rep.,CAF,CF,Africa,4.94273,15.87735,129032,False,4,"RS II (Mambera Kadei, Nana Mambere, Sangha Mbaere)",Mambéré-Kadéï,0.377136,0.46771,0.423165,0.501979,0.078814,0.414,0.4954,0.046029,0.034269,0.009165,0.006579,geospatial_subdivision_match_plus_bounded_urban_premium,higher,modeled_city_estimate_not_official_undp_city_hdi,2387495
Juba,South Sudan,SSD,SS,Africa,4.85165,31.58247,450000,True,1,Central Equatoria,Central Equatoria,0.465981,0.469073,0.498883,0.495513,-0.003371,0.388,0.4024,0.032902,0.02644,0.110883,0.093113,geospatial_subdivision_match_plus_bounded_urban_premium,higher,modeled_city_estimate_not_official_undp_city_hdi,373303
Moundou,Chad,TCD,TD,Africa,8.57437,16.07722,196124,False,2,"Zone 7 (Logone Occidental & Oriental, Monts de Lam, Tandjile Est & Ouest)",Logone Occidental,0.438339,0.47834,0.460031,0.49497,0.034939,0.416,0.4559,0.021692,0.01663,0.044031,0.03907,geospatial_subdivision_match_plus_bounded_urban_premium,higher,modeled_city_estimate_not_official_undp_city_hdi,2427455
Sikasso,Mali,MLI,ML,Africa,11.31755,-5.66654,349324,False,2,Sikasso,Sikasso,0.399025,0.470854,0.42945,0.492927,0.063477,0.419,0.4853,0.030425,0.022073,0.01045,0.007627,geospatial_subdivision_match_plus_bounded_urban_premium,higher,modeled_city_estimate_not_official_undp_city_hdi,2451185
Koutiala,Mali,MLI,ML,Africa,12.38723,-5.46507,218031,False,3,Sikasso,Sikasso,0.399025,0.470854,0.428827,0.492453,0.063627,0.419,0.4853,0.029802,0.021599,0.009827,0.007153,geospatial_subdivision_match_plus_bounded_urban_premium,higher,modeled_city_estimate_not_official_undp_city_hdi,2454268
Segou,Mali,MLI,ML,Africa,13.44032,-6.25947,205787,False,4,Segou,Ségou,0.372025,0.448314,0.426161,0.492395,0.066234,0.419,0.4853,0.054136,0.044081,0.007161,0.007095,geospatial_subdivision_match_plus_bounded_urban_premium,higher,modeled_city_estimate_not_official_undp_city_hdi,2451478
Kayes,Mali,MLI,ML,Africa,14.44776,-11.44393,194716,False,5,Kayes,Kayes,0.386025,0.460001,0.428677,0.49234,0.063662,0.419,0.4853,0.042652,0.032339,0.009677,0.00704,geospatial_subdivision_match_plus_bounded_urban_premium,higher,modeled_city_estimate_not_official_undp_city_hdi,2455518
Kelo,Chad,TCD,TD,Africa,9.30859,15.80658,82677,False,5,"Zone 7 (Logone Occidental & Oriental, Monts de Lam, Tandjile Est & Ouest)",Tandjilé,0.438339,0.47834,0.456216,0.491934,0.035718,0.416,0.4559,0.017877,0.013594,0.040216,0.036034,geospatial_subdivision_match_plus_bounded_urban_premium,higher,modeled_city_estimate_not_official_undp_city_hdi,2430506
Maradi,Niger,NER,NE,Africa,13.5,7.10174,361702,False,2,Maradi,Maradi,0.385094,0.453511,0.429496,0.487388,0.057893,0.419,0.4797,0.044402,0.033877,0.010496,0.007688,geospatial_subdivision_match_plus_bounded_urban_premium,higher,modeled_city_estimate_not_official_undp_city_hdi,2441291
Zinder,Niger,NER,NE,Africa,13.80716,8.9881,318874,False,3,Zinder,Zinder,0.366094,0.437609,0.420892,0.487262,0.06637,0.419,0.4797,0.054798,0.049653,0.001892,0.007562,geospatial_subdivision_match_plus_bounded_urban_premium,higher,modeled_city_estimate_not_official_undp_city_hdi,2437798
Borama,Somalia,SOM,SO,Africa,9.93611,43.18278,597842,False,2,Awdal,Awdal,0.435635,0.468008,0.459965,0.486896,0.026931,0.404,0.4381,0.02433,0.018888,0.055965,0.048796,admin_subdivision_match_plus_bounded_urban_premium,moderate,modeled_city_estimate_not_official_undp_city_hdi,64021
Yei,South Sudan,SSD,SS,Africa,4.09444,30.67639,260720,False,3,Central Equatoria,Central Equatoria,0.465981,0.469073,0.487917,0.486651,-0.001266,0.388,0.4024,0.021936,0.017578,0.099917,0.084251,geospatial_subdivision_match_plus_bounded_urban_premium,higher,modeled_city_estimate_not_official_undp_city_hdi,363619
Tahoua,Niger,NER,NE,Africa,14.8888,5.2692,159468,False,4,Tahoua,Tahoua,0.354094,0.427566,0.407845,0.481317,0.073472,0.419,0.4797,0.053751,0.053751,-0.011155,0.001617,geospatial_subdivision_match_plus_bounded_urban_premium,higher,modeled_city_estimate_not_official_undp_city_hdi,2439376
Mogadishu,Somalia,SOM,SO,Africa,2.03711,45.34375,2587183,True,1,Banaadir,Banaadir,0.404,0.4381,0.44067,0.466868,0.026199,0.404,0.4381,0.03667,0.028768,0.03667,0.028768,national_fallback_plus_bounded_urban_premium,modeled,modeled_city_estimate_not_official_undp_city_hdi,53654
Himora,Eritrea,ERI,ER,Africa,14.30427,36.60601,46100,False,3,Gash-Barka,Gash Barka,0.371059,0.412287,0.423059,0.464287,0.041228,0.503,0.5273,0.052,0.052,-0.079941,-0.063013,geospatial_subdivision_match_plus_bounded_urban_premium,higher,modeled_city_estimate_not_official_undp_city_hdi,334717
Hargeysa,Somalia,SOM,SO,Africa,9.56,44.065,477876,False,3,Woqooyi Galbeed,Woqooyi Galbeed,0.404,0.4381,0.427233,0.456106,0.028873,0.404,0.4381,0.023233,0.018006,0.023233,0.018006,national_fallback_plus_bounded_urban_premium,modeled,modeled_city_estimate_not_official_undp_city_hdi,57289
Berbera,Somalia,SOM,SO,Africa,10.43959,45.01432,242344,False,4,Woqooyi Galbeed,Woqooyi Galbeed,0.404,0.4381,0.425111,0.454411,0.029299,0.404,0.4381,0.021111,0.016311,0.021111,0.016311,national_fallback_plus_bounded_urban_premium,modeled,modeled_city_estimate_not_official_undp_city_hdi,64435
Malakal,South Sudan,SSD,SS,Africa,9.53342,31.66049,160765,False,4,Upper Nile,Upper Nile,0.425981,0.434892,0.446254,0.451123,0.004869,0.388,0.4024,0.020273,0.016231,0.058254,0.048723,geospatial_subdivision_match_plus_bounded_urban_premium,higher,modeled_city_estimate_not_official_undp_city_hdi,370737
Kismayo,Somalia,SOM,SO,Africa,-0.35817,42.54536,234852,False,5,Lower Juba,Jubbada Hoose,0.344635,0.390927,0.398971,0.445263,0.046292,0.404,0.4381,0.054336,0.054336,-0.005029,0.007163,geospatial_subdivision_match_plus_bounded_urban_premium,higher,modeled_city_estimate_not_official_undp_city_hdi,55671
Wau,South Sudan,SSD,SS,Africa,7.70111,27.98972,127384,False,5,Western Bahr El Ghazal,Western Bahr el Ghazal,0.417981,0.428056,0.437107,0.443362,0.006255,0.388,0.4024,0.019126,0.015306,0.049107,0.040962,geospatial_subdivision_match_plus_bounded_urban_premium,higher,modeled_city_estimate_not_official_undp_city_hdi,363885
Abeche,Chad,TCD,TD,Africa,13.82916,20.8324,139983,False,3,"Zone 4 (Ouaddai, Assongha, Sila, Biltine - Wadi Fira)",Ouaddaï,0.303339,0.364287,0.356893,0.417841,0.060948,0.416,0.4559,0.053554,0.053554,-0.059107,-0.038059,geospatial_subdivision_match_plus_bounded_urban_premium,higher,modeled_city_estimate_not_official_undp_city_hdi,245785
Winejok,South Sudan,SSD,SS,Africa,9.01222,27.57081,300000,False,2,Northern Bahr El Ghazal,Northern Bahr el Ghazal,0.310981,0.336622,0.365686,0.391327,0.025641,0.388,0.4024,0.054705,0.054705,-0.022314,-0.011073,geospatial_subdivision_match_plus_bounded_urban_premium,higher,modeled_city_estimate_not_official_undp_city_hdi,363807
