ISO3,Country,Group,Projection_Profile,TFR_2024,TFR_2050,Nat_TFR_2024,Nat_TFR_2050,Share_2024_pct,Share_2050_pct,Change_pp,Share_2050_WithoutMigrationResponse_pct,Migration_Attributed_Change_pp,Share_2050_LowMigrationScenario_pct,Share_2050_HighMigrationScenario_pct,Share_2050_Migration_P10_pct,Share_2050_Migration_P90_pct,Migration_Uncertainty_Width_pp,Pop_2024,Pop_2050,Demographic_Pressure,Birth_Replacement_Pressure_2050,Europe_Migration_Response_2050,Migration_Intensity_2050,Migration_Origin_Candidates,Migration_Channel_Active,Migration_SourceSupply_2050,Migration_BroadLaborMobility_2050,Migration_SkillReadiness_2050,Migration_ClimatePressure_2050,Migration_DestinationPull_2050,Migration_DiasporaNetwork_2050,Migration_CorridorAffinity_2050,Migration_SettlementRetention_2050,Migration_CorridorMultiplier_2050,Skilled_Migration_SourcePressure_2050,Skilled_Migration_ProgramIntensity_2050,BroadLabor_Migration_SourcePressure_2050,BroadLabor_Migration_ProgramIntensity_2050,SSA_LateMigration_DestinationResponse_2050,Policy_Openness,Policy_Feedback_2050,Mixed_Identity_Recognition_Rate,Identity_Category_Transition_Rate,Diversity_Index_2024,Diversity_Index_2050,Diversity_Index_Change,Composition_Diversity_Index_2050,Composition_Concentration_Index_2050,Inclusive_Service_Delivery_Gap_2050,Inclusive_Mobility_Share_2050_pct,Inclusive_Mobility_Change_pp,Inclusive_Mobility_Delta_vs_Baseline_pp,Inclusive_Mobility_IdentityFormationMultiplier,Inclusive_Mobility_MixedIdentityMultiplier,Inclusive_Mobility_IdentityTransitionRate,Inclusive_Mobility_CompositionDiversity_2050,Intergenerational_Mobility_Convergence_2050,Subnational_Regional_Concentration_2050,Climate_Migration_Stress_2050,Language_Access_Capacity_2050,Language_Access_Gap_2050,Effective_Groups_2050,Urbanization_2024,Urbanization_Layer,Urban_Absorption_Pressure,HDI_2050_Gain_Link,HDI_HealthIndex_2050_Link,HDI_EducationIndex_2050_Link,HDI_IncomeIndex_2050_Link,HDI_HumanCapitalAbsorption_Link,HDI_DependencyPressure_Link,HDI_AgingPressure_Link,HDI_WorkingAgePct_2050_Link,Baseline_Reference_Category
AFG,Afghanistan,Pashtun,largest_baseline_category,4.5,3.42,4.5,3.42,42.0,42.3,0.3,42.3,0.0,42.33,42.27,42.27,42.33,0.06,17911951,32522273,0.0,0.0,0.0,1.25,unspecified,False,0.5,0.48,0.56,0.42,0.454,1.271,1.0,0.78,0.832,0.0,0.0,0.804,0.0,0.0,1.0,1.0,0.0,0.001,0.731,0.7333,0.0023,0.7333,2.2441,0.3234,41.58,-0.42,-0.71,2.038,2.273,0.0005,0.7368,0.2983,0.2283,0.1148,0.5753,0.3014,3.75,0.359,rural-heavy,0.0,0.0165,0.7545,0.3648,0.489,0.029,0.7138,0.0,51.98,True
AFG,Afghanistan,Tajik,largest_baseline_category,4.5,3.42,4.5,3.42,27.0,25.56,-1.44,25.56,0.0,25.58,25.54,25.54,25.58,0.03,11514826,19652246,0.0,0.0,0.0,1.25,unspecified,False,0.5,0.48,0.56,0.42,0.454,1.22,1.0,0.78,0.821,0.0,0.0,0.804,0.0,0.0,1.0,1.0,0.0,0.001,0.731,0.7333,0.0023,0.7333,2.2441,0.3234,25.99,-1.01,0.43,2.038,2.273,0.0005,0.7368,0.2983,0.2283,0.1148,0.5753,0.3014,3.75,0.359,rural-heavy,0.0,0.0165,0.7545,0.3648,0.489,0.029,0.7138,0.0,51.98,False
AFG,Afghanistan,Hazara,higher_fertility_path,5.25,3.72,4.5,3.42,9.0,10.15,1.15,10.15,0.0,10.12,10.19,10.12,10.19,0.07,3838275,7805752,0.0,0.0,0.0,1.25,unspecified,False,0.5,0.48,0.56,0.42,0.454,1.096,1.0,0.78,0.793,0.0,0.0,0.804,0.0,0.0,1.0,1.0,0.0,0.001,0.731,0.7333,0.0023,0.7333,2.2441,0.3234,10.16,1.16,0.01,2.038,2.273,0.0005,0.7368,0.2983,0.2283,0.1148,0.5753,0.3014,3.75,0.359,rural-heavy,0.0,0.0165,0.7545,0.3648,0.489,0.029,0.7138,0.0,51.98,False
AFG,Afghanistan,Uzbek,higher_fertility_path,4.85,3.56,4.5,3.42,9.0,9.37,0.37,9.37,0.0,9.36,9.39,9.36,9.39,0.03,3838275,7207413,0.0,0.0,0.0,1.25,unspecified,False,0.5,0.48,0.56,0.42,0.454,1.096,1.0,0.78,0.793,0.0,0.0,0.804,0.0,0.0,1.0,1.0,0.0,0.001,0.731,0.7333,0.0023,0.7333,2.2441,0.3234,9.46,0.46,0.08,2.038,2.273,0.0005,0.7368,0.2983,0.2283,0.1148,0.5753,0.3014,3.75,0.359,rural-heavy,0.0,0.0165,0.7545,0.3648,0.489,0.029,0.7138,0.0,51.98,False
AFG,Afghanistan,Aimaq,largest_baseline_category,4.5,3.42,4.5,3.42,4.0,3.79,-0.21,3.79,0.0,3.79,3.78,3.78,3.79,0.01,1705900,2911444,0.0,0.0,0.0,1.25,unspecified,False,0.5,0.48,0.56,0.42,0.454,1.013,1.0,0.78,0.775,0.0,0.0,0.804,0.0,0.0,1.0,1.0,0.0,0.001,0.731,0.7333,0.0023,0.7333,2.2441,0.3234,3.85,-0.15,0.06,2.038,2.273,0.0005,0.7368,0.2983,0.2283,0.1148,0.5753,0.3014,3.75,0.359,rural-heavy,0.0,0.0165,0.7545,0.3648,0.489,0.029,0.7138,0.0,51.98,False
AFG,Afghanistan,Turkmen,higher_fertility_path,4.85,3.56,4.5,3.42,3.0,3.12,0.12,3.12,0.0,3.12,3.13,3.12,3.13,0.01,1279425,2402471,0.0,0.0,0.0,1.25,unspecified,False,0.5,0.48,0.56,0.42,0.454,0.986,1.0,0.78,0.769,0.0,0.0,0.804,0.0,0.0,1.0,1.0,0.0,0.001,0.731,0.7333,0.0023,0.7333,2.2441,0.3234,3.15,0.15,0.03,2.038,2.273,0.0005,0.7368,0.2983,0.2283,0.1148,0.5753,0.3014,3.75,0.359,rural-heavy,0.0,0.0165,0.7545,0.3648,0.489,0.029,0.7138,0.0,51.98,False
AFG,Afghanistan,Baloch,largest_baseline_category,4.5,3.42,4.5,3.42,2.0,1.89,-0.11,1.89,0.0,1.89,1.89,1.89,1.89,0.0,852950,1455722,0.0,0.0,0.0,1.25,unspecified,False,0.5,0.48,0.56,0.42,0.454,0.952,1.0,0.78,0.761,0.0,0.0,0.804,0.0,0.0,1.0,1.0,0.0,0.001,0.731,0.7333,0.0023,0.7333,2.2441,0.3234,1.93,-0.07,0.03,2.038,2.273,0.0005,0.7368,0.2983,0.2283,0.1148,0.5753,0.3014,3.75,0.359,rural-heavy,0.0,0.0165,0.7545,0.3648,0.489,0.029,0.7138,0.0,51.98,False
AFG,Afghanistan,Nuristani,largest_baseline_category,4.5,3.42,4.5,3.42,1.0,0.95,-0.05,0.95,0.0,0.95,0.95,0.95,0.95,0.0,426475,727861,0.0,0.0,0.0,1.25,unspecified,False,0.5,0.48,0.56,0.42,0.454,0.903,1.0,0.78,0.75,0.0,0.0,0.804,0.0,0.0,1.0,1.0,0.0,0.001,0.731,0.7333,0.0023,0.7333,2.2441,0.3234,0.96,-0.04,0.02,2.038,2.273,0.0005,0.7368,0.2983,0.2283,0.1148,0.5753,0.3014,3.75,0.359,rural-heavy,0.0,0.0165,0.7545,0.3648,0.489,0.029,0.7138,0.0,51.98,False
AFG,Afghanistan,Pashayi,largest_baseline_category,4.5,3.42,4.5,3.42,1.0,0.95,-0.05,0.95,0.0,0.95,0.95,0.95,0.95,0.0,426475,727861,0.0,0.0,0.0,1.25,unspecified,False,0.5,0.48,0.56,0.42,0.454,0.903,1.0,0.78,0.75,0.0,0.0,0.804,0.0,0.0,1.0,1.0,0.0,0.001,0.731,0.7333,0.0023,0.7333,2.2441,0.3234,0.96,-0.04,0.02,2.038,2.273,0.0005,0.7368,0.2983,0.2283,0.1148,0.5753,0.3014,3.75,0.359,rural-heavy,0.0,0.0165,0.7545,0.3648,0.489,0.029,0.7138,0.0,51.98,False
AFG,Afghanistan,Other,identity_category_transition,4.5,3.42,4.5,3.42,2.0,1.91,-0.09,1.91,0.0,1.92,1.91,1.91,1.92,0.0,852950,1472093,0.0,0.0,0.0,1.25,unspecified,False,0.5,0.48,0.56,0.42,0.454,0.952,1.0,0.78,0.761,0.0,0.0,0.804,0.0,0.0,1.0,1.0,0.0,0.001,0.731,0.7333,0.0023,0.7333,2.2441,0.3234,1.95,-0.05,0.03,2.038,2.273,0.0005,0.7368,0.2983,0.2283,0.1148,0.5753,0.3014,3.75,0.359,rural-heavy,0.0,0.0165,0.7545,0.3648,0.489,0.029,0.7138,0.0,51.98,False
AGO,Angola,Ovimbundu,largest_baseline_category,5.0,3.7,5.0,3.7,37.0,38.58,1.58,38.58,0.0,38.58,38.58,38.58,38.58,0.0,14017766,28661708,0.0,0.0,0.0,1.25,unspecified,False,0.5,0.48,0.56,0.42,0.454,1.257,1.0,0.78,0.829,0.0,0.0,0.784,0.0,0.0,1.0,1.0,0.0,0.001,0.7503,0.7437,-0.0066,0.7437,2.2658,0.2477,37.69,0.69,-0.89,2.165,2.3,0.0005,0.7473,0.4831,0.297,0.1145,0.683,0.2508,3.9,0.55,mixed-rural-urban,0.0,0.0487,0.7321,0.5935,0.676,0.3214,0.6202,0.0,51.16,True
AGO,Angola,Kimbundu,largest_baseline_category,5.0,3.7,5.0,3.7,25.0,24.33,-0.67,24.33,0.0,24.33,24.33,24.33,24.33,0.0,9471464,18077397,0.0,0.0,0.0,1.25,unspecified,False,0.5,0.48,0.56,0.42,0.454,1.211,1.0,0.78,0.819,0.0,0.0,0.784,0.0,0.0,1.0,1.0,0.0,0.001,0.7503,0.7437,-0.0066,0.7437,2.2658,0.2477,24.68,-0.32,0.35,2.165,2.3,0.0005,0.7473,0.4831,0.297,0.1145,0.683,0.2508,3.9,0.55,mixed-rural-urban,0.0,0.0487,0.7321,0.5935,0.676,0.3214,0.6202,0.0,51.16,False
AGO,Angola,Bakongo,largest_baseline_category,5.0,3.7,5.0,3.7,13.0,12.65,-0.35,12.65,0.0,12.65,12.65,12.65,12.65,0.0,4925161,9400246,0.0,0.0,0.0,1.25,unspecified,False,0.5,0.48,0.56,0.42,0.454,1.137,1.0,0.78,0.802,0.0,0.0,0.784,0.0,0.0,1.0,1.0,0.0,0.001,0.7503,0.7437,-0.0066,0.7437,2.2658,0.2477,12.83,-0.17,0.18,2.165,2.3,0.0005,0.7473,0.4831,0.297,0.1145,0.683,0.2508,3.9,0.55,mixed-rural-urban,0.0,0.0487,0.7321,0.5935,0.676,0.3214,0.6202,0.0,51.16,False
AGO,Angola,Chokwe,largest_baseline_category,5.0,3.7,5.0,3.7,4.4,4.28,-0.12,4.28,0.0,4.28,4.28,4.28,4.28,0.0,1666978,3181622,0.0,0.0,0.0,1.25,unspecified,False,0.5,0.48,0.56,0.42,0.454,1.022,1.0,0.78,0.777,0.0,0.0,0.784,0.0,0.0,1.0,1.0,0.0,0.001,0.7503,0.7437,-0.0066,0.7437,2.2658,0.2477,4.34,-0.06,0.06,2.165,2.3,0.0005,0.7473,0.4831,0.297,0.1145,0.683,0.2508,3.9,0.55,mixed-rural-urban,0.0,0.0487,0.7321,0.5935,0.676,0.3214,0.6202,0.0,51.16,False
AGO,Angola,Mestico (mixed),largest_baseline_category,5.0,3.7,5.0,3.7,2.0,1.95,-0.05,1.95,0.0,1.95,1.95,1.95,1.95,0.0,757717,1446192,0.0,0.0,0.0,1.25,unspecified,False,0.5,0.48,0.56,0.42,0.454,0.952,1.0,0.78,0.761,0.0,0.0,0.784,0.0,0.0,1.0,1.0,0.0,0.001,0.7503,0.7437,-0.0066,0.7437,2.2658,0.2477,1.97,-0.03,0.03,2.165,2.3,0.0005,0.7473,0.4831,0.297,0.1145,0.683,0.2508,3.9,0.55,mixed-rural-urban,0.0,0.0487,0.7321,0.5935,0.676,0.3214,0.6202,0.0,51.16,False
AGO,Angola,European,lower_fertility_path,4.6,3.54,5.0,3.7,1.0,0.89,-0.11,0.89,0.0,0.89,0.88,0.88,0.89,0.0,378859,658619,0.0,0.0,0.0,1.25,unspecified,False,0.5,0.48,0.56,0.42,0.454,0.903,1.0,0.78,0.75,0.0,0.0,0.784,0.0,0.0,1.0,1.0,0.0,0.001,0.7503,0.7437,-0.0066,0.7437,2.2658,0.2477,0.91,-0.09,0.02,2.165,2.3,0.0005,0.7473,0.4831,0.297,0.1145,0.683,0.2508,3.9,0.55,mixed-rural-urban,0.0,0.0487,0.7321,0.5935,0.676,0.3214,0.6202,0.0,51.16,False
AGO,Angola,Other African,identity_category_transition,5.0,3.7,5.0,3.7,17.6,17.32,-0.28,17.32,0.0,17.32,17.32,17.32,17.32,0.0,6667910,12869614,0.0,0.0,0.0,1.25,unspecified,False,0.5,0.48,0.56,0.42,0.454,1.171,1.0,0.78,0.81,0.0,0.0,0.784,0.0,0.0,1.0,1.0,0.0,0.001,0.7503,0.7437,-0.0066,0.7437,2.2658,0.2477,17.57,-0.03,0.25,2.165,2.3,0.0005,0.7473,0.4831,0.297,0.1145,0.683,0.2508,3.9,0.55,mixed-rural-urban,0.0,0.0487,0.7321,0.5935,0.676,0.3214,0.6202,0.0,51.16,False
ALB,Albania,Albanian (Gheg),largest_baseline_category,1.4,1.61,1.4,1.61,55.0,55.25,0.25,56.04,-0.78,55.5,54.97,54.97,55.5,0.53,1535466,1237801,0.637,0.525,0.15,2.433,unspecified,False,0.5,0.48,0.56,0.42,0.751,1.3,1.0,0.78,1.027,0.0,0.0,0.0,0.0,0.0,1.0,1.253,0.0,0.001,0.5999,0.6005,0.0006,0.6005,1.5673,0.2044,54.62,-0.38,-0.63,2.043,2.09,0.0005,0.6047,0.7028,0.5802,0.2253,0.7948,0.2647,2.5,0.641,urbanizing-majority,0.229,0.0479,0.9494,0.8088,0.8223,0.6636,0.362,0.7573,62.3,True
ALB,Albania,Albanian (Tosk),largest_baseline_category,1.4,1.61,1.4,1.61,27.6,26.45,-1.15,26.83,-0.38,26.57,26.31,26.31,26.57,0.26,770525,592534,0.637,0.525,0.15,2.433,unspecified,False,0.5,0.48,0.56,0.42,0.751,1.222,1.0,0.78,0.999,0.0,0.0,0.0,0.0,0.0,1.0,1.253,0.0,0.001,0.5999,0.6005,0.0006,0.6005,1.5673,0.2044,26.83,-0.77,0.38,2.043,2.09,0.0005,0.6047,0.7028,0.5802,0.2253,0.7948,0.2647,2.5,0.641,urbanizing-majority,0.229,0.0479,0.9494,0.8088,0.8223,0.6636,0.362,0.7573,62.3,False
ALB,Albania,Greek,lower_fertility_path,1.0,1.45,1.4,1.61,1.7,1.31,-0.39,1.33,-0.02,1.32,1.29,1.29,1.32,0.03,47460,29259,0.637,0.525,0.15,2.433,unspecified,False,0.5,0.48,0.56,0.42,0.751,0.939,1.0,0.78,0.895,0.0,0.0,0.0,0.0,0.0,1.0,1.253,0.0,0.001,0.5999,0.6005,0.0006,0.6005,1.5673,0.2044,1.37,-0.33,0.07,2.043,2.09,0.0005,0.6047,0.7028,0.5802,0.2253,0.7948,0.2647,2.5,0.641,urbanizing-majority,0.229,0.0479,0.9494,0.8088,0.8223,0.6636,0.362,0.7573,62.3,False
ALB,Albania,Romani / Egyptian,higher_fertility_path,2.15,1.91,1.4,1.61,1.0,1.33,0.33,1.35,-0.02,1.33,1.34,1.33,1.34,0.01,27918,29828,0.637,0.525,0.15,2.433,EGY,False,0.7,0.706,0.72,0.66,0.751,0.903,1.0,0.78,1.014,0.0,0.0,0.0,0.0,0.0,1.0,1.253,0.0,0.001,0.5999,0.6005,0.0006,0.6005,1.5673,0.2044,1.29,0.29,-0.04,2.043,2.09,0.0005,0.6047,0.7028,0.5802,0.2253,0.7948,0.2647,2.5,0.641,urbanizing-majority,0.229,0.0479,0.9494,0.8088,0.8223,0.6636,0.362,0.7573,62.3,False
ALB,Albania,Macedonian,largest_baseline_category,1.4,1.61,1.4,1.61,0.2,0.19,-0.01,0.19,-0.0,0.19,0.19,0.19,0.19,0.0,5584,4294,0.637,0.525,0.15,2.433,unspecified,False,0.5,0.48,0.56,0.42,0.751,0.842,1.0,0.78,0.859,0.0,0.0,0.0,0.0,0.0,1.0,1.253,0.0,0.001,0.5999,0.6005,0.0006,0.6005,1.5673,0.2044,0.19,-0.01,0.0,2.043,2.09,0.0005,0.6047,0.7028,0.5802,0.2253,0.7948,0.2647,2.5,0.641,urbanizing-majority,0.229,0.0479,0.9494,0.8088,0.8223,0.6636,0.362,0.7573,62.3,False
ALB,Albania,Other,identity_category_transition,1.4,1.61,1.4,1.61,14.5,15.47,0.97,14.26,1.21,15.1,15.91,15.1,15.91,0.81,404805,346454,0.637,0.525,0.15,2.433,unspecified,False,0.5,0.48,0.56,0.42,0.751,1.149,1.0,0.78,0.972,0.0,0.0,0.0,0.0,0.0,1.0,1.253,0.0,0.001,0.5999,0.6005,0.0006,0.6005,1.5673,0.2044,15.69,1.19,0.22,2.043,2.09,0.0005,0.6047,0.7028,0.5802,0.2253,0.7948,0.2647,2.5,0.641,urbanizing-majority,0.229,0.0479,0.9494,0.8088,0.8223,0.6636,0.362,0.7573,62.3,False
AND,Andorra,Andorran,largest_baseline_category,1.1,1.4,1.1,1.4,48.3,46.0,-2.3,50.19,-4.19,47.21,44.58,44.58,47.21,2.63,39584,37815,0.429,0.0,0.0,2.237,unspecified,False,0.5,0.48,0.56,0.42,0.623,1.288,1.0,0.78,0.942,0.0,0.0,0.0,0.0,0.0,1.1,1.265,0.0,0.001,0.6781,0.6923,0.0142,0.6923,2.0089,0.1423,45.05,-3.25,-0.95,2.082,2.199,0.0005,0.6974,0.8031,0.4861,0.2105,0.8397,0.236,3.25,0.55,mixed-rural-urban,0.193,0.0113,0.9875,0.8205,0.9745,0.7683,0.0786,0.1209,65.4,True
AND,Andorra,Spanish,migration_linked,1.0,1.36,1.1,1.4,24.8,25.65,0.85,23.59,2.06,25.06,26.34,25.06,26.34,1.28,20325,21091,0.429,0.0,0.0,2.237,unspecified,True,0.5,0.48,0.56,0.42,0.623,1.21,1.0,0.78,0.919,0.0,0.0,0.0,0.0,0.0,1.1,1.265,0.0,0.001,0.6781,0.6923,0.0142,0.6923,2.0089,0.1423,26.17,1.37,0.51,2.082,2.199,0.0005,0.6974,0.8031,0.4861,0.2105,0.8397,0.236,3.25,0.55,mixed-rural-urban,0.193,0.0113,0.9875,0.8205,0.9745,0.7683,0.0786,0.1209,65.4,False
AND,Andorra,Portuguese,migration_linked,1.0,1.36,1.1,1.4,11.2,11.53,0.33,10.65,0.88,11.28,11.82,11.28,11.82,0.54,9179,9479,0.429,0.0,0.0,2.237,unspecified,True,0.5,0.48,0.56,0.42,0.623,1.12,1.0,0.78,0.891,0.0,0.0,0.0,0.0,0.0,1.1,1.265,0.0,0.001,0.6781,0.6923,0.0142,0.6923,2.0089,0.1423,11.76,0.56,0.23,2.082,2.199,0.0005,0.6974,0.8031,0.4861,0.2105,0.8397,0.236,3.25,0.55,mixed-rural-urban,0.193,0.0113,0.9875,0.8205,0.9745,0.7683,0.0786,0.1209,65.4,False
AND,Andorra,French,migration_linked,1.0,1.36,1.1,1.4,4.5,4.61,0.11,4.28,0.33,4.52,4.72,4.52,4.72,0.2,3688,3789,0.429,0.0,0.0,2.237,unspecified,True,0.5,0.48,0.56,0.42,0.623,1.025,1.0,0.78,0.862,0.0,0.0,0.0,0.0,0.0,1.1,1.265,0.0,0.001,0.6781,0.6923,0.0142,0.6923,2.0089,0.1423,4.7,0.2,0.09,2.082,2.199,0.0005,0.6974,0.8031,0.4861,0.2105,0.8397,0.236,3.25,0.55,mixed-rural-urban,0.193,0.0113,0.9875,0.8205,0.9745,0.7683,0.0786,0.1209,65.4,False
AND,Andorra,Other,migration_linked,1.1,1.4,1.1,1.4,11.2,12.21,1.01,11.29,0.92,11.93,12.54,11.93,12.54,0.61,9179,10040,0.429,0.0,0.0,2.237,unspecified,True,0.5,0.48,0.56,0.42,0.623,1.12,1.0,0.78,0.891,0.0,0.0,0.0,0.0,0.0,1.1,1.265,0.0,0.001,0.6781,0.6923,0.0142,0.6923,2.0089,0.1423,12.32,1.12,0.11,2.082,2.199,0.0005,0.6974,0.8031,0.4861,0.2105,0.8397,0.236,3.25,0.55,mixed-rural-urban,0.193,0.0113,0.9875,0.8205,0.9745,0.7683,0.0786,0.1209,65.4,False
ARE,UAE,Emirati,higher_fertility_path,1.75,1.75,1.4,1.61,11.6,10.54,-1.06,12.74,-2.19,11.12,9.89,9.89,11.12,1.23,1279148,1620022,0.3,0.0,0.0,2.0,unspecified,False,0.5,0.48,0.56,0.42,0.747,1.124,1.0,0.46,0.887,0.0,1.24,0.0,0.814,0.44,1.3,1.437,0.0,0.001,0.8474,0.8426,-0.0048,0.8426,2.8739,0.0942,10.46,-1.14,-0.09,2.277,2.436,0.0005,0.845,0.8987,0.4329,0.1815,0.9274,0.1895,6.35,0.55,mixed-rural-urban,0.135,0.0054,0.9684,0.8849,0.9861,0.8673,0.0044,0.0122,80.0,False
ARE,UAE,Indian,migration_linked,1.4,1.61,1.4,1.61,25.8,27.94,2.14,26.82,1.11,27.64,28.28,27.64,28.28,0.64,2845001,4293034,0.3,0.0,0.0,2.0,IND;PAK;BGD;LKA;NPL,True,0.718,0.719,0.752,0.684,0.747,1.215,1.18,0.46,1.167,0.0,1.24,0.0,0.814,0.44,1.3,1.437,0.0,0.001,0.8474,0.8426,-0.0048,0.8426,2.8739,0.0942,27.05,1.25,-0.88,2.277,2.436,0.0005,0.845,0.8987,0.4329,0.1815,0.9274,0.1895,6.35,0.55,mixed-rural-urban,0.135,0.0054,0.9684,0.8849,0.9861,0.8673,0.0044,0.0122,80.0,True
ARE,UAE,Pakistani,migration_linked,1.4,1.61,1.4,1.61,11.8,11.75,-0.05,11.11,0.64,11.57,11.96,11.57,11.96,0.38,1301202,1805980,0.3,0.0,0.0,2.0,PAK,True,0.769,0.814,0.7,0.74,0.747,1.126,1.3,0.46,1.225,0.0,1.24,0.0,0.814,0.44,1.3,1.437,0.0,0.001,0.8474,0.8426,-0.0048,0.8426,2.8739,0.0942,11.99,0.19,0.24,2.277,2.436,0.0005,0.845,0.8987,0.4329,0.1815,0.9274,0.1895,6.35,0.55,mixed-rural-urban,0.135,0.0054,0.9684,0.8849,0.9861,0.8673,0.0044,0.0122,80.0,False
ARE,UAE,Bangladeshi,migration_linked,1.4,1.61,1.4,1.61,8.5,8.36,-0.14,8.0,0.36,8.26,8.47,8.26,8.47,0.21,937306,1284639,0.3,0.0,0.0,2.0,BGD,True,0.735,0.788,0.68,0.84,0.747,1.09,1.26,0.46,1.156,0.0,1.24,0.0,0.814,0.44,1.3,1.437,0.0,0.001,0.8474,0.8426,-0.0048,0.8426,2.8739,0.0942,8.53,0.03,0.17,2.277,2.436,0.0005,0.845,0.8987,0.4329,0.1815,0.9274,0.1895,6.35,0.55,mixed-rural-urban,0.135,0.0054,0.9684,0.8849,0.9861,0.8673,0.0044,0.0122,80.0,False
ARE,UAE,Filipino,migration_linked,1.4,1.61,1.4,1.61,6.1,5.83,-0.27,5.74,0.09,5.81,5.85,5.81,5.85,0.04,672655,895865,0.3,0.0,0.0,2.0,PHL,True,0.759,0.718,0.88,0.64,0.747,1.055,1.0,0.46,1.03,0.0,1.24,0.0,0.814,0.44,1.3,1.437,0.0,0.001,0.8474,0.8426,-0.0048,0.8426,2.8739,0.0942,5.95,-0.15,0.12,2.277,2.436,0.0005,0.845,0.8987,0.4329,0.1815,0.9274,0.1895,6.35,0.55,mixed-rural-urban,0.135,0.0054,0.9684,0.8849,0.9861,0.8673,0.0044,0.0122,80.0,False
ARE,UAE,Egyptian,migration_linked,1.8,1.77,1.4,1.61,4.4,4.96,0.56,4.93,0.03,4.93,4.98,4.93,4.98,0.05,485194,762037,0.3,0.0,0.0,2.0,EGY,True,0.7,0.706,0.72,0.66,0.747,1.022,1.0,0.46,0.979,0.0,1.24,0.0,0.814,0.44,1.3,1.437,0.0,0.001,0.8474,0.8426,-0.0048,0.8426,2.8739,0.0942,4.9,0.5,-0.06,2.277,2.436,0.0005,0.845,0.8987,0.4329,0.1815,0.9274,0.1895,6.35,0.55,mixed-rural-urban,0.135,0.0054,0.9684,0.8849,0.9861,0.8673,0.0044,0.0122,80.0,False
ARE,UAE,Nepali,migration_linked,1.4,1.61,1.4,1.61,3.0,2.77,-0.23,2.82,-0.05,2.79,2.75,2.75,2.79,0.04,330814,425712,0.3,0.0,0.0,2.0,unspecified,True,0.5,0.48,0.56,0.42,0.747,0.986,1.0,0.46,0.846,0.0,1.24,0.0,0.814,0.44,1.3,1.437,0.0,0.001,0.8474,0.8426,-0.0048,0.8426,2.8739,0.0942,2.83,-0.17,0.06,2.277,2.436,0.0005,0.845,0.8987,0.4329,0.1815,0.9274,0.1895,6.35,0.55,mixed-rural-urban,0.135,0.0054,0.9684,0.8849,0.9861,0.8673,0.0044,0.0122,80.0,False
ARE,UAE,Jordanian/Palestinian,migration_linked,1.4,1.61,1.4,1.61,2.0,1.84,-0.16,1.88,-0.04,1.86,1.83,1.83,1.86,0.03,220543,283256,0.3,0.0,0.0,2.0,unspecified,True,0.5,0.48,0.56,0.42,0.747,0.952,1.0,0.46,0.835,0.0,1.24,0.0,0.814,0.44,1.3,1.437,0.0,0.001,0.8474,0.8426,-0.0048,0.8426,2.8739,0.0942,1.88,-0.12,0.04,2.277,2.436,0.0005,0.845,0.8987,0.4329,0.1815,0.9274,0.1895,6.35,0.55,mixed-rural-urban,0.135,0.0054,0.9684,0.8849,0.9861,0.8673,0.0044,0.0122,80.0,False
ARE,UAE,Sri Lankan,migration_linked,1.4,1.61,1.4,1.61,2.0,1.84,-0.16,1.88,-0.04,1.86,1.83,1.83,1.86,0.03,220543,283256,0.3,0.0,0.0,2.0,unspecified,True,0.5,0.48,0.56,0.42,0.747,0.952,1.0,0.46,0.835,0.0,1.24,0.0,0.814,0.44,1.3,1.437,0.0,0.001,0.8474,0.8426,-0.0048,0.8426,2.8739,0.0942,1.88,-0.12,0.04,2.277,2.436,0.0005,0.845,0.8987,0.4329,0.1815,0.9274,0.1895,6.35,0.55,mixed-rural-urban,0.135,0.0054,0.9684,0.8849,0.9861,0.8673,0.0044,0.0122,80.0,False
ARE,UAE,Other Arab,migration_linked,1.8,1.77,1.4,1.61,2.5,2.74,0.24,2.8,-0.06,2.75,2.73,2.73,2.75,0.02,275678,421351,0.3,0.0,0.0,2.0,unspecified,True,0.5,0.48,0.56,0.42,0.747,0.97,1.0,0.46,0.841,0.0,1.24,0.0,0.814,0.44,1.3,1.437,0.0,0.001,0.8474,0.8426,-0.0048,0.8426,2.8739,0.0942,2.71,0.21,-0.03,2.277,2.436,0.0005,0.845,0.8987,0.4329,0.1815,0.9274,0.1895,6.35,0.55,mixed-rural-urban,0.135,0.0054,0.9684,0.8849,0.9861,0.8673,0.0044,0.0122,80.0,False
ARE,UAE,Iranian,migration_linked,1.8,1.77,1.4,1.61,1.5,1.64,0.14,1.68,-0.04,1.65,1.63,1.63,1.65,0.01,165407,252239,0.3,0.0,0.0,2.0,unspecified,True,0.5,0.48,0.56,0.42,0.747,0.93,1.0,0.46,0.829,0.0,1.24,0.0,0.814,0.44,1.3,1.437,0.0,0.001,0.8474,0.8426,-0.0048,0.8426,2.8739,0.0942,1.62,0.12,-0.02,2.277,2.436,0.0005,0.845,0.8987,0.4329,0.1815,0.9274,0.1895,6.35,0.55,mixed-rural-urban,0.135,0.0054,0.9684,0.8849,0.9861,0.8673,0.0044,0.0122,80.0,False
ARE,UAE,Other foreign,migration_linked,1.4,1.61,1.4,1.61,20.8,19.78,-1.02,19.58,0.2,19.75,19.81,19.75,19.81,0.06,2293644,3040005,0.3,0.0,0.0,2.0,unspecified,True,0.5,0.48,0.56,0.42,0.747,1.19,1.0,0.46,0.906,0.0,1.24,0.0,0.814,0.44,1.3,1.437,0.0,0.001,0.8474,0.8426,-0.0048,0.8426,2.8739,0.0942,20.19,-0.61,0.41,2.277,2.436,0.0005,0.845,0.8987,0.4329,0.1815,0.9274,0.1895,6.35,0.55,mixed-rural-urban,0.135,0.0054,0.9684,0.8849,0.9861,0.8673,0.0044,0.0122,80.0,False
ARG,Argentina,Italian descent,lower_fertility_path,1.4,1.76,1.9,1.96,35.0,35.14,0.14,35.16,-0.02,35.21,35.07,35.07,35.21,0.14,15993654,16977398,0.086,0.0,0.0,1.384,unspecified,False,0.5,0.48,0.56,0.42,0.483,1.25,1.0,0.78,0.845,0.0,0.0,0.0,0.0,0.0,1.0,1.03,0.0,0.0012,0.7278,0.7354,0.0075,0.7354,2.1872,0.1351,34.38,-0.62,-0.76,2.209,2.269,0.0005,0.7364,0.732,0.3621,0.0707,0.8193,0.1849,3.78,0.676,urbanizing-majority,0.028,-0.0009,0.883,0.8747,0.8354,0.6776,0.373,0.6016,58.86,True
ARG,Argentina,Spanish descent,lower_fertility_path,1.4,1.76,1.9,1.96,30.0,27.55,-2.45,27.56,-0.02,27.6,27.49,27.49,27.6,0.11,13708846,13307200,0.086,0.0,0.0,1.384,unspecified,False,0.5,0.48,0.56,0.42,0.483,1.232,1.0,0.78,0.841,0.0,0.0,0.0,0.0,0.0,1.0,1.03,0.0,0.0012,0.7278,0.7354,0.0075,0.7354,2.1872,0.1351,28.3,-1.7,0.75,2.209,2.269,0.0005,0.7364,0.732,0.3621,0.0707,0.8193,0.1849,3.78,0.676,urbanizing-majority,0.028,-0.0009,0.883,0.8747,0.8354,0.6776,0.373,0.6016,58.86,False
ARG,Argentina,Other European descent,lower_fertility_path,1.3,1.72,1.9,1.96,20.0,17.52,-2.48,17.53,-0.01,17.58,17.45,17.45,17.58,0.13,9139231,8462741,0.086,0.0,0.0,1.384,unspecified,False,0.5,0.48,0.56,0.42,0.483,1.185,1.0,0.78,0.83,0.0,0.0,0.0,0.0,0.0,1.0,1.03,0.0,0.0012,0.7278,0.7354,0.0075,0.7354,2.1872,0.1351,18.16,-1.84,0.64,2.209,2.269,0.0005,0.7364,0.732,0.3621,0.0707,0.8193,0.1849,3.78,0.676,urbanizing-majority,0.028,-0.0009,0.883,0.8747,0.8354,0.6776,0.373,0.6016,58.86,False
ARG,Argentina,Mestizo/Indigenous,higher_fertility_path,2.25,2.1,1.9,1.96,14.0,18.57,4.57,18.59,-0.01,18.41,18.74,18.41,18.74,0.33,6397461,8972659,0.086,0.0,0.0,1.384,unspecified,False,0.5,0.48,0.56,0.42,0.483,1.145,1.0,0.78,0.82,0.0,0.0,0.0,0.0,0.0,1.0,1.03,0.0,0.0012,0.7278,0.7354,0.0075,0.7354,2.1872,0.1351,17.95,3.95,-0.62,2.209,2.269,0.0005,0.7364,0.732,0.3621,0.0707,0.8193,0.1849,3.78,0.676,urbanizing-majority,0.028,-0.0009,0.883,0.8747,0.8354,0.6776,0.373,0.6016,58.86,False
ARG,Argentina,East Asian,migration_linked,1.9,1.96,1.9,1.96,0.5,0.65,0.15,0.59,0.06,0.62,0.67,0.62,0.67,0.05,228481,312596,0.086,0.0,0.0,1.384,unspecified,True,0.5,0.48,0.56,0.42,0.483,0.869,1.0,0.78,0.755,0.0,0.0,0.0,0.0,0.0,1.0,1.03,0.0,0.0012,0.7278,0.7354,0.0075,0.7354,2.1872,0.1351,0.64,0.14,-0.01,2.209,2.269,0.0005,0.7364,0.732,0.3621,0.0707,0.8193,0.1849,3.78,0.676,urbanizing-majority,0.028,-0.0009,0.883,0.8747,0.8354,0.6776,0.373,0.6016,58.86,False
ARG,Argentina,Afro-Argentine,largest_baseline_category,1.9,1.96,1.9,1.96,0.5,0.57,0.07,0.57,-0.0,0.57,0.57,0.57,0.57,0.01,228481,276350,0.086,0.0,0.0,1.384,unspecified,False,0.5,0.48,0.56,0.42,0.483,0.869,1.0,0.78,0.755,0.0,0.0,0.0,0.0,0.0,1.0,1.03,0.0,0.0012,0.7278,0.7354,0.0075,0.7354,2.1872,0.1351,0.57,0.07,-0.01,2.209,2.269,0.0005,0.7364,0.732,0.3621,0.0707,0.8193,0.1849,3.78,0.676,urbanizing-majority,0.028,-0.0009,0.883,0.8747,0.8354,0.6776,0.373,0.6016,58.86,False
ARM,Armenia,Armenian,largest_baseline_category,1.6,1.75,1.6,1.75,98.1,97.92,-0.18,98.09,-0.17,97.97,97.85,97.85,97.97,0.12,2917340,2443257,0.483,0.0,0.0,2.005,unspecified,False,0.5,0.48,0.56,0.42,0.618,1.3,1.0,0.78,0.943,0.0,0.0,0.0,0.0,0.0,1.0,1.169,0.0,0.001,0.0375,0.041,0.0035,0.041,0.0833,0.1663,97.9,-0.2,-0.02,1.42,1.302,0.0005,0.0414,0.7285,0.5165,0.1591,0.8106,0.2327,1.04,0.686,urbanizing-majority,0.152,0.0437,0.8904,0.8383,0.8365,0.6781,0.3169,0.5906,61.5,True
ARM,Armenia,Russian,lower_fertility_path,1.2,1.59,1.6,1.75,0.4,0.32,-0.08,0.32,-0.0,0.32,0.32,0.32,0.32,0.0,11895,7949,0.483,0.0,0.0,2.005,unspecified,False,0.5,0.48,0.56,0.42,0.618,0.86,1.0,0.78,0.81,0.0,0.0,0.0,0.0,0.0,1.0,1.169,0.0,0.001,0.0375,0.041,0.0035,0.041,0.0833,0.1663,0.33,-0.07,0.02,1.42,1.302,0.0005,0.0414,0.7285,0.5165,0.1591,0.8106,0.2327,1.04,0.686,urbanizing-majority,0.152,0.0437,0.8904,0.8383,0.8365,0.6781,0.3169,0.5906,61.5,False
ARM,Armenia,Yazidi (Kurdish),higher_fertility_path,2.35,2.05,1.6,1.75,0.3,0.4,0.1,0.4,-0.0,0.39,0.4,0.39,0.4,0.01,8922,9874,0.483,0.0,0.0,2.005,unspecified,False,0.5,0.48,0.56,0.42,0.618,0.851,1.0,0.78,0.807,0.0,0.0,0.0,0.0,0.0,1.0,1.169,0.0,0.001,0.0375,0.041,0.0035,0.041,0.0833,0.1663,0.38,0.08,-0.01,1.42,1.302,0.0005,0.0414,0.7285,0.5165,0.1591,0.8106,0.2327,1.04,0.686,urbanizing-majority,0.152,0.0437,0.8904,0.8383,0.8365,0.6781,0.3169,0.5906,61.5,False
ARM,Armenia,Other,migration_linked,1.6,1.75,1.6,1.75,1.2,1.37,0.17,1.19,0.17,1.31,1.43,1.31,1.43,0.12,35686,34120,0.483,0.0,0.0,2.005,unspecified,True,0.5,0.48,0.56,0.42,0.618,0.915,1.0,0.78,0.826,0.0,0.0,0.0,0.0,0.0,1.0,1.169,0.0,0.001,0.0375,0.041,0.0035,0.041,0.0833,0.1663,1.39,0.19,0.02,1.42,1.302,0.0005,0.0414,0.7285,0.5165,0.1591,0.8106,0.2327,1.04,0.686,urbanizing-majority,0.152,0.0437,0.8904,0.8383,0.8365,0.6781,0.3169,0.5906,61.5,False
ATG,Antigua & Barbuda,African descent,largest_baseline_category,1.6,1.75,1.6,1.75,87.3,87.14,-0.16,87.82,-0.68,87.34,86.89,86.89,87.34,0.44,81872,82835,0.214,0.0,0.0,1.585,unspecified,False,0.5,0.48,0.56,0.42,0.527,1.3,1.0,0.78,0.885,0.0,0.0,0.0,0.0,0.0,1.0,1.075,0.0,0.001,0.2333,0.2359,0.0025,0.2359,0.5342,0.1019,86.89,-0.41,-0.24,1.571,1.577,0.0005,0.24,0.82,0.382,0.1625,0.8259,0.206,1.31,0.55,mixed-rural-urban,0.096,0.038,0.9146,0.8748,0.8782,0.8,0.0414,0.0901,67.0,True
ATG,Antigua & Barbuda,Mixed,identity_category_transition,1.6,1.75,1.6,1.75,4.7,4.6,-0.1,4.64,-0.04,4.62,4.59,4.59,4.62,0.02,4408,4377,0.214,0.0,0.0,1.585,unspecified,False,0.5,0.48,0.56,0.42,0.527,1.029,1.0,0.78,0.815,0.0,0.0,0.0,0.0,0.0,1.0,1.075,0.0,0.001,0.2333,0.2359,0.0025,0.2359,0.5342,0.1019,4.67,-0.03,0.06,1.571,1.577,0.0005,0.24,0.82,0.382,0.1625,0.8259,0.206,1.31,0.55,mixed-rural-urban,0.096,0.038,0.9146,0.8748,0.8782,0.8,0.0414,0.0901,67.0,False
ATG,Antigua & Barbuda,Hispanic,migration_linked,1.6,1.75,1.6,1.75,2.7,3.0,0.3,2.7,0.31,2.91,3.12,2.91,3.12,0.21,2532,2853,0.214,0.0,0.0,1.585,unspecified,True,0.5,0.48,0.56,0.42,0.527,0.977,1.0,0.78,0.802,0.0,0.0,0.0,0.0,0.0,1.0,1.075,0.0,0.001,0.2333,0.2359,0.0025,0.2359,0.5342,0.1019,3.04,0.34,0.04,1.571,1.577,0.0005,0.24,0.82,0.382,0.1625,0.8259,0.206,1.31,0.55,mixed-rural-urban,0.096,0.038,0.9146,0.8748,0.8782,0.8,0.0414,0.0901,67.0,False
ATG,Antigua & Barbuda,White,lower_fertility_path,1.0,1.51,1.6,1.75,1.6,1.14,-0.46,1.15,-0.01,1.15,1.12,1.12,1.15,0.03,1501,1083,0.214,0.0,0.0,1.585,unspecified,False,0.5,0.48,0.56,0.42,0.527,0.935,1.0,0.78,0.791,0.0,0.0,0.0,0.0,0.0,1.0,1.075,0.0,0.001,0.2333,0.2359,0.0025,0.2359,0.5342,0.1019,1.22,-0.38,0.08,1.571,1.577,0.0005,0.24,0.82,0.382,0.1625,0.8259,0.206,1.31,0.55,mixed-rural-urban,0.096,0.038,0.9146,0.8748,0.8782,0.8,0.0414,0.0901,67.0,False
ATG,Antigua & Barbuda,Other,migration_linked,1.6,1.75,1.6,1.75,3.7,4.12,0.42,3.69,0.42,3.99,4.28,3.99,4.28,0.29,3470,3914,0.214,0.0,0.0,1.585,unspecified,True,0.5,0.48,0.56,0.42,0.527,1.006,1.0,0.78,0.809,0.0,0.0,0.0,0.0,0.0,1.0,1.075,0.0,0.001,0.2333,0.2359,0.0025,0.2359,0.5342,0.1019,4.17,0.47,0.06,1.571,1.577,0.0005,0.24,0.82,0.382,0.1625,0.8259,0.206,1.31,0.55,mixed-rural-urban,0.096,0.038,0.9146,0.8748,0.8782,0.8,0.0414,0.0901,67.0,False
AUS,Australia,English,largest_baseline_category,1.6,1.75,1.6,1.75,25.9,24.9,-1.0,27.5,-2.61,25.76,23.84,23.84,25.76,1.92,6918720,8093671,0.214,0.0,0.0,1.81,unspecified,False,0.5,0.48,0.56,0.42,0.702,1.215,1.0,0.9,0.996,0.0,1.22,0.0,0.931,0.391,1.3,1.397,0.15,0.0012,0.8474,0.862,0.0146,0.862,3.0002,0.1011,23.75,-2.15,-1.15,2.796,2.886,0.0005,0.8648,0.8346,0.4656,0.0789,0.9172,0.1805,7.25,0.812,metropolitan-heavy,0.04,-0.0009,0.9808,0.9358,0.9551,0.7733,0.2627,0.5862,64.42,True
AUS,Australia,Australian (European),largest_baseline_category,1.6,1.75,1.6,1.75,21.0,17.86,-3.14,19.83,-1.98,18.51,17.05,17.05,18.51,1.45,5609773,5804216,0.214,0.0,0.0,1.81,unspecified,False,0.5,0.48,0.56,0.42,0.702,1.191,1.0,0.9,0.987,0.0,1.22,0.0,0.931,0.391,1.3,1.397,0.15,0.0012,0.8474,0.862,0.0146,0.862,3.0002,0.1011,18.2,-2.8,0.34,2.796,2.886,0.0005,0.8648,0.8346,0.4656,0.0789,0.9172,0.1805,7.25,0.812,metropolitan-heavy,0.04,-0.0009,0.9808,0.9358,0.9551,0.7733,0.2627,0.5862,64.42,False
AUS,Australia,Other European descent,largest_baseline_category,1.6,1.75,1.6,1.75,10.1,8.59,-1.51,9.54,-0.95,8.9,8.2,8.2,8.9,0.7,2698034,2791552,0.214,0.0,0.0,1.81,unspecified,False,0.5,0.48,0.56,0.42,0.702,1.109,1.0,0.9,0.957,0.0,1.22,0.0,0.931,0.391,1.3,1.397,0.15,0.0012,0.8474,0.862,0.0146,0.862,3.0002,0.1011,8.75,-1.35,0.16,2.796,2.886,0.0005,0.8648,0.8346,0.4656,0.0789,0.9172,0.1805,7.25,0.812,metropolitan-heavy,0.04,-0.0009,0.9808,0.9358,0.9551,0.7733,0.2627,0.5862,64.42,False
AUS,Australia,Chinese,migration_linked,1.4,1.67,1.6,1.75,5.5,6.39,0.89,4.86,1.53,5.93,6.94,5.93,6.94,1.01,1469226,2076404,0.214,0.0,0.0,1.81,CHN,True,0.52,0.502,0.58,0.45,0.702,1.045,1.0,0.9,0.949,0.0,1.22,0.0,0.931,0.391,1.3,1.397,0.15,0.0012,0.8474,0.862,0.0146,0.862,3.0002,0.1011,6.62,1.12,0.23,2.796,2.886,0.0005,0.8648,0.8346,0.4656,0.0789,0.9172,0.1805,7.25,0.812,metropolitan-heavy,0.04,-0.0009,0.9808,0.9358,0.9551,0.7733,0.2627,0.5862,64.42,False
AUS,Australia,Indian,migration_linked,1.6,1.75,1.6,1.75,3.1,5.51,2.41,2.99,2.51,4.62,6.68,4.62,6.68,2.06,828109,1789683,0.214,0.0,0.0,1.81,IND;PAK;BGD;LKA;NPL,True,0.718,0.719,0.752,0.684,0.702,0.989,1.056,0.9,1.101,0.0,1.22,0.0,0.931,0.391,1.3,1.397,0.15,0.0012,0.8474,0.862,0.0146,0.862,3.0002,0.1011,5.61,2.51,0.11,2.796,2.886,0.0005,0.8648,0.8346,0.4656,0.0789,0.9172,0.1805,7.25,0.812,metropolitan-heavy,0.04,-0.0009,0.9808,0.9358,0.9551,0.7733,0.2627,0.5862,64.42,False
AUS,Australia,Filipino,migration_linked,1.6,1.75,1.6,1.75,1.6,2.72,1.12,1.55,1.17,2.31,3.26,2.31,3.26,0.95,427411,882694,0.214,0.0,0.0,1.81,PHL,True,0.759,0.718,0.88,0.64,0.702,0.935,1.24,0.9,1.196,0.0,1.22,0.0,0.931,0.391,1.3,1.397,0.15,0.0012,0.8474,0.862,0.0146,0.862,3.0002,0.1011,2.77,1.17,0.05,2.796,2.886,0.0005,0.8648,0.8346,0.4656,0.0789,0.9172,0.1805,7.25,0.812,metropolitan-heavy,0.04,-0.0009,0.9808,0.9358,0.9551,0.7733,0.2627,0.5862,64.42,False
AUS,Australia,Vietnamese,migration_linked,1.6,1.75,1.6,1.75,1.3,1.75,0.45,1.26,0.5,1.6,1.95,1.6,1.95,0.36,347272,570374,0.214,0.0,0.0,1.81,VNM,True,0.71,0.674,0.84,0.68,0.702,0.92,1.18,0.9,1.116,0.0,1.22,0.0,0.931,0.391,1.3,1.397,0.15,0.0012,0.8474,0.862,0.0146,0.862,3.0002,0.1011,1.79,0.49,0.03,2.796,2.886,0.0005,0.8648,0.8346,0.4656,0.0789,0.9172,0.1805,7.25,0.812,metropolitan-heavy,0.04,-0.0009,0.9808,0.9358,0.9551,0.7733,0.2627,0.5862,64.42,False
AUS,Australia,Aboriginal / Torres Strait,higher_fertility_path,2.45,2.09,1.6,1.75,3.9,4.65,0.75,5.17,-0.52,4.78,4.48,4.48,4.78,0.3,1041815,1511802,0.214,0.0,0.0,1.81,unspecified,False,0.5,0.48,0.56,0.42,0.702,1.011,1.0,0.9,0.921,0.0,1.22,0.0,0.931,0.391,1.3,1.397,0.15,0.0012,0.8474,0.862,0.0146,0.862,3.0002,0.1011,4.48,0.58,-0.17,2.796,2.886,0.0005,0.8648,0.8346,0.4656,0.0789,0.9172,0.1805,7.25,0.812,metropolitan-heavy,0.04,-0.0009,0.9808,0.9358,0.9551,0.7733,0.2627,0.5862,64.42,False
AUS,Australia,Middle Eastern,higher_fertility_path,1.95,1.89,1.6,1.75,3.0,3.0,0.0,3.34,-0.33,3.1,2.88,2.88,3.1,0.22,801396,976216,0.214,0.0,0.0,1.81,unspecified,False,0.5,0.48,0.56,0.42,0.702,0.986,1.0,0.9,0.912,0.0,1.22,0.0,0.931,0.391,1.3,1.397,0.15,0.0012,0.8474,0.862,0.0146,0.862,3.0002,0.1011,2.98,-0.02,-0.02,2.796,2.886,0.0005,0.8648,0.8346,0.4656,0.0789,0.9172,0.1805,7.25,0.812,metropolitan-heavy,0.04,-0.0009,0.9808,0.9358,0.9551,0.7733,0.2627,0.5862,64.42,False
AUS,Australia,Italian,largest_baseline_category,1.6,1.75,1.6,1.75,2.9,2.47,-0.43,2.74,-0.27,2.56,2.35,2.35,2.56,0.2,774683,801535,0.214,0.0,0.0,1.81,unspecified,False,0.5,0.48,0.56,0.42,0.702,0.983,1.0,0.9,0.911,0.0,1.22,0.0,0.931,0.391,1.3,1.397,0.15,0.0012,0.8474,0.862,0.0146,0.862,3.0002,0.1011,2.51,-0.39,0.05,2.796,2.886,0.0005,0.8648,0.8346,0.4656,0.0789,0.9172,0.1805,7.25,0.812,metropolitan-heavy,0.04,-0.0009,0.9808,0.9358,0.9551,0.7733,0.2627,0.5862,64.42,False
AUS,Australia,German,largest_baseline_category,1.6,1.75,1.6,1.75,2.5,2.13,-0.37,2.36,-0.24,2.2,2.03,2.03,2.2,0.17,667830,690978,0.214,0.0,0.0,1.81,unspecified,False,0.5,0.48,0.56,0.42,0.702,0.97,1.0,0.9,0.906,0.0,1.22,0.0,0.931,0.391,1.3,1.397,0.15,0.0012,0.8474,0.862,0.0146,0.862,3.0002,0.1011,2.17,-0.33,0.04,2.796,2.886,0.0005,0.8648,0.8346,0.4656,0.0789,0.9172,0.1805,7.25,0.812,metropolitan-heavy,0.04,-0.0009,0.9808,0.9358,0.9551,0.7733,0.2627,0.5862,64.42,False
AUS,Australia,Greek,largest_baseline_category,1.6,1.75,1.6,1.75,1.4,1.19,-0.21,1.32,-0.13,1.23,1.14,1.14,1.23,0.1,373985,386948,0.214,0.0,0.0,1.81,unspecified,False,0.5,0.48,0.56,0.42,0.702,0.925,1.0,0.9,0.889,0.0,1.22,0.0,0.931,0.391,1.3,1.397,0.15,0.0012,0.8474,0.862,0.0146,0.862,3.0002,0.1011,1.21,-0.19,0.02,2.796,2.886,0.0005,0.8648,0.8346,0.4656,0.0789,0.9172,0.1805,7.25,0.812,metropolitan-heavy,0.04,-0.0009,0.9808,0.9358,0.9551,0.7733,0.2627,0.5862,64.42,False
AUS,Australia,New Zealander (Maori/Pacific),higher_fertility_path,2.45,2.09,1.6,1.75,1.2,1.43,0.23,1.59,-0.16,1.47,1.38,1.38,1.47,0.09,320558,465170,0.214,0.0,0.0,1.81,unspecified,False,0.5,0.48,0.56,0.42,0.702,0.915,1.0,0.9,0.885,0.0,1.22,0.0,0.931,0.391,1.3,1.397,0.15,0.0012,0.8474,0.862,0.0146,0.862,3.0002,0.1011,1.38,0.18,-0.05,2.796,2.886,0.0005,0.8648,0.8346,0.4656,0.0789,0.9172,0.1805,7.25,0.812,metropolitan-heavy,0.04,-0.0009,0.9808,0.9358,0.9551,0.7733,0.2627,0.5862,64.42,False
AUS,Australia,Korean,migration_linked,1.4,1.67,1.6,1.75,0.9,1.02,0.12,0.79,0.22,0.95,1.1,0.95,1.1,0.14,240419,330861,0.214,0.0,0.0,1.81,unspecified,True,0.5,0.48,0.56,0.42,0.702,0.897,1.0,0.9,0.879,0.0,1.22,0.0,0.931,0.391,1.3,1.397,0.15,0.0012,0.8474,0.862,0.0146,0.862,3.0002,0.1011,1.06,0.16,0.04,2.796,2.886,0.0005,0.8648,0.8346,0.4656,0.0789,0.9172,0.1805,7.25,0.812,metropolitan-heavy,0.04,-0.0009,0.9808,0.9358,0.9551,0.7733,0.2627,0.5862,64.42,False
AUS,Australia,Sri Lankan,migration_linked,1.6,1.75,1.6,1.75,0.7,0.94,0.24,0.68,0.26,0.85,1.04,0.85,1.04,0.19,186992,304630,0.214,0.0,0.0,1.81,unspecified,True,0.5,0.48,0.56,0.42,0.702,0.884,1.0,0.9,0.874,0.0,1.22,0.0,0.931,0.391,1.3,1.397,0.15,0.0012,0.8474,0.862,0.0146,0.862,3.0002,0.1011,0.96,0.26,0.02,2.796,2.886,0.0005,0.8648,0.8346,0.4656,0.0789,0.9172,0.1805,7.25,0.812,metropolitan-heavy,0.04,-0.0009,0.9808,0.9358,0.9551,0.7733,0.2627,0.5862,64.42,False
AUS,Australia,Other,migration_linked,1.6,1.75,1.6,1.75,15.0,15.47,0.47,14.49,0.99,15.24,15.69,15.24,15.69,0.45,4006981,5030233,0.214,0.0,0.0,1.81,unspecified,True,0.5,0.48,0.56,0.42,0.702,1.153,1.0,0.9,0.973,0.0,1.22,0.0,0.931,0.391,1.3,1.397,0.15,0.0012,0.8474,0.862,0.0146,0.862,3.0002,0.1011,15.77,0.77,0.3,2.796,2.886,0.0005,0.8648,0.8346,0.4656,0.0789,0.9172,0.1805,7.25,0.812,metropolitan-heavy,0.04,-0.0009,0.9808,0.9358,0.9551,0.7733,0.2627,0.5862,64.42,False
AUT,Austria,Austrian,largest_baseline_category,1.3,1.54,1.3,1.54,80.8,76.74,-4.06,79.17,-2.43,77.6,75.66,75.66,77.6,1.94,7369619,6695256,0.411,0.335,0.197,2.139,unspecified,False,0.5,0.48,0.56,0.42,0.744,1.3,1.0,0.78,1.023,0.0,0.0,0.0,0.579,0.266,1.0,1.183,0.06,0.001,0.3414,0.4034,0.0621,0.4034,1.0368,0.1255,76.82,-3.98,0.08,1.989,1.908,0.0005,0.4022,0.7661,0.5367,0.1129,0.8346,0.2111,1.68,0.812,metropolitan-heavy,0.077,0.0028,0.9539,0.8775,0.9698,0.7263,0.2962,0.7648,66.26,True
AUT,Austria,German,migration_linked,1.2,1.5,1.3,1.54,2.3,2.39,0.09,2.12,0.27,2.32,2.48,2.32,2.48,0.17,209779,208700,0.411,0.335,0.197,2.139,unspecified,True,0.5,0.48,0.56,0.42,0.744,0.963,1.0,0.78,0.9,0.0,0.0,0.0,0.579,0.266,1.0,1.183,0.06,0.001,0.3414,0.4034,0.0621,0.4034,1.0368,0.1255,2.46,0.16,0.07,1.989,1.908,0.0005,0.4022,0.7661,0.5367,0.1129,0.8346,0.2111,1.68,0.812,metropolitan-heavy,0.077,0.0028,0.9539,0.8775,0.9698,0.7263,0.2962,0.7648,66.26,False
AUT,Austria,Turkish,higher_fertility_path,2.05,1.84,1.3,1.54,2.5,3.24,0.74,3.34,-0.1,3.24,3.22,3.22,3.24,0.02,228020,282296,0.411,0.335,0.197,2.139,unspecified,False,0.5,0.48,0.56,0.42,0.744,0.97,1.0,0.78,0.903,0.0,0.0,0.0,0.579,0.266,1.0,1.183,0.06,0.001,0.3414,0.4034,0.0621,0.4034,1.0368,0.1255,3.12,0.62,-0.12,1.989,1.908,0.0005,0.4022,0.7661,0.5367,0.1129,0.8346,0.2111,1.68,0.812,metropolitan-heavy,0.077,0.0028,0.9539,0.8775,0.9698,0.7263,0.2962,0.7648,66.26,False
AUT,Austria,Serbian,higher_fertility_path,1.65,1.68,1.3,1.54,2.2,2.43,0.23,2.51,-0.08,2.44,2.41,2.41,2.44,0.04,200658,211931,0.411,0.335,0.197,2.139,unspecified,False,0.5,0.48,0.56,0.42,0.744,0.96,1.0,0.78,0.899,0.0,0.0,0.0,0.579,0.266,1.0,1.183,0.06,0.001,0.3414,0.4034,0.0621,0.4034,1.0368,0.1255,2.4,0.2,-0.02,1.989,1.908,0.0005,0.4022,0.7661,0.5367,0.1129,0.8346,0.2111,1.68,0.812,metropolitan-heavy,0.077,0.0028,0.9539,0.8775,0.9698,0.7263,0.2962,0.7648,66.26,False
AUT,Austria,Bosnian,higher_fertility_path,1.65,1.68,1.3,1.54,1.7,1.88,0.18,1.94,-0.06,1.89,1.86,1.86,1.89,0.03,155054,163765,0.411,0.335,0.197,2.139,unspecified,False,0.5,0.48,0.56,0.42,0.744,0.939,1.0,0.78,0.892,0.0,0.0,0.0,0.579,0.266,1.0,1.183,0.06,0.001,0.3414,0.4034,0.0621,0.4034,1.0368,0.1255,1.86,0.16,-0.02,1.989,1.908,0.0005,0.4022,0.7661,0.5367,0.1129,0.8346,0.2111,1.68,0.812,metropolitan-heavy,0.077,0.0028,0.9539,0.8775,0.9698,0.7263,0.2962,0.7648,66.26,False
AUT,Austria,Romanian,migration_linked,1.3,1.54,1.3,1.54,0.8,0.87,0.07,0.78,0.1,0.84,0.9,0.84,0.9,0.06,72967,76057,0.411,0.335,0.197,2.139,unspecified,True,0.5,0.48,0.56,0.42,0.744,0.891,1.0,0.78,0.874,0.0,0.0,0.0,0.579,0.266,1.0,1.183,0.06,0.001,0.3414,0.4034,0.0621,0.4034,1.0368,0.1255,0.89,0.09,0.02,1.989,1.908,0.0005,0.4022,0.7661,0.5367,0.1129,0.8346,0.2111,1.68,0.812,metropolitan-heavy,0.077,0.0028,0.9539,0.8775,0.9698,0.7263,0.2962,0.7648,66.26,False
AUT,Austria,Hungarian,migration_linked,1.3,1.54,1.3,1.54,0.6,0.65,0.05,0.58,0.07,0.63,0.68,0.63,0.68,0.05,54725,56996,0.411,0.335,0.197,2.139,unspecified,True,0.5,0.48,0.56,0.42,0.744,0.876,1.0,0.78,0.869,0.0,0.0,0.0,0.579,0.266,1.0,1.183,0.06,0.001,0.3414,0.4034,0.0621,0.4034,1.0368,0.1255,0.67,0.07,0.01,1.989,1.908,0.0005,0.4022,0.7661,0.5367,0.1129,0.8346,0.2111,1.68,0.812,metropolitan-heavy,0.077,0.0028,0.9539,0.8775,0.9698,0.7263,0.2962,0.7648,66.26,False
AUT,Austria,Croatian,migration_linked,1.3,1.54,1.3,1.54,0.5,0.54,0.04,0.48,0.06,0.53,0.56,0.53,0.56,0.04,45604,47476,0.411,0.335,0.197,2.139,unspecified,True,0.5,0.48,0.56,0.42,0.744,0.869,1.0,0.78,0.866,0.0,0.0,0.0,0.579,0.266,1.0,1.183,0.06,0.001,0.3414,0.4034,0.0621,0.4034,1.0368,0.1255,0.55,0.05,0.01,1.989,1.908,0.0005,0.4022,0.7661,0.5367,0.1129,0.8346,0.2111,1.68,0.812,metropolitan-heavy,0.077,0.0028,0.9539,0.8775,0.9698,0.7263,0.2962,0.7648,66.26,False
AUT,Austria,Polish,migration_linked,1.3,1.54,1.3,1.54,0.4,0.44,0.04,0.39,0.05,0.42,0.45,0.42,0.45,0.03,36483,37962,0.411,0.335,0.197,2.139,unspecified,True,0.5,0.48,0.56,0.42,0.744,0.86,1.0,0.78,0.863,0.0,0.0,0.0,0.579,0.266,1.0,1.183,0.06,0.001,0.3414,0.4034,0.0621,0.4034,1.0368,0.1255,0.44,0.04,0.01,1.989,1.908,0.0005,0.4022,0.7661,0.5367,0.1129,0.8346,0.2111,1.68,0.812,metropolitan-heavy,0.077,0.0028,0.9539,0.8775,0.9698,0.7263,0.2962,0.7648,66.26,False
AUT,Austria,Syrian,higher_fertility_path,2.5,2.02,1.3,1.54,0.6,1.61,1.01,0.94,0.67,1.35,1.95,1.35,1.95,0.6,54725,140310,0.411,0.335,0.197,2.139,SYR,True,0.672,0.726,0.6,0.74,0.744,0.876,1.0,0.78,0.979,0.0,0.0,0.0,0.579,0.266,1.0,1.183,0.06,0.001,0.3414,0.4034,0.0621,0.4034,1.0368,0.1255,1.51,0.91,-0.09,1.989,1.908,0.0005,0.4022,0.7661,0.5367,0.1129,0.8346,0.2111,1.68,0.812,metropolitan-heavy,0.077,0.0028,0.9539,0.8775,0.9698,0.7263,0.2962,0.7648,66.26,False
AUT,Austria,Afghan,higher_fertility_path,2.4,1.98,1.3,1.54,0.5,1.3,0.8,0.76,0.55,1.1,1.59,1.1,1.59,0.49,45604,113837,0.411,0.335,0.197,2.139,AFG,True,0.667,0.804,0.42,0.86,0.744,0.869,1.0,0.78,0.972,0.0,0.0,0.0,0.579,0.266,1.0,1.183,0.06,0.001,0.3414,0.4034,0.0621,0.4034,1.0368,0.1255,1.23,0.73,-0.07,1.989,1.908,0.0005,0.4022,0.7661,0.5367,0.1129,0.8346,0.2111,1.68,0.812,metropolitan-heavy,0.077,0.0028,0.9539,0.8775,0.9698,0.7263,0.2962,0.7648,66.26,False
AUT,Austria,Iraqi,higher_fertility_path,2.05,1.84,1.3,1.54,0.4,0.52,0.12,0.53,-0.02,0.52,0.51,0.51,0.52,0.0,36483,45167,0.411,0.335,0.197,2.139,IRQ,False,0.651,0.702,0.58,0.7,0.744,0.86,1.0,0.78,0.958,0.0,0.0,0.0,0.579,0.266,1.0,1.183,0.06,0.001,0.3414,0.4034,0.0621,0.4034,1.0368,0.1255,0.5,0.1,-0.02,1.989,1.908,0.0005,0.4022,0.7661,0.5367,0.1129,0.8346,0.2111,1.68,0.812,metropolitan-heavy,0.077,0.0028,0.9539,0.8775,0.9698,0.7263,0.2962,0.7648,66.26,False
AUT,Austria,Indian,migration_linked,1.3,1.54,1.3,1.54,0.4,0.45,0.05,0.39,0.06,0.43,0.47,0.43,0.47,0.04,36483,38841,0.411,0.335,0.197,2.139,IND;PAK;BGD;LKA;NPL,True,0.718,0.719,0.752,0.684,0.744,0.86,1.0,0.78,1.0,0.0,0.0,0.0,0.579,0.266,1.0,1.183,0.06,0.001,0.3414,0.4034,0.0621,0.4034,1.0368,0.1255,0.45,0.05,0.01,1.989,1.908,0.0005,0.4022,0.7661,0.5367,0.1129,0.8346,0.2111,1.68,0.812,metropolitan-heavy,0.077,0.0028,0.9539,0.8775,0.9698,0.7263,0.2962,0.7648,66.26,False
AUT,Austria,Chinese,migration_linked,1.1,1.46,1.3,1.54,0.3,0.29,-0.01,0.26,0.03,0.29,0.3,0.29,0.3,0.02,27362,25688,0.411,0.335,0.197,2.139,CHN,True,0.52,0.502,0.58,0.45,0.744,0.851,1.0,0.78,0.872,0.0,0.0,0.0,0.579,0.266,1.0,1.183,0.06,0.001,0.3414,0.4034,0.0621,0.4034,1.0368,0.1255,0.31,0.01,0.01,1.989,1.908,0.0005,0.4022,0.7661,0.5367,0.1129,0.8346,0.2111,1.68,0.812,metropolitan-heavy,0.077,0.0028,0.9539,0.8775,0.9698,0.7263,0.2962,0.7648,66.26,False
AUT,Austria,Other,migration_linked,1.3,1.54,1.3,1.54,6.0,6.65,0.65,5.82,0.83,6.4,6.94,6.4,6.94,0.54,547249,580051,0.411,0.335,0.197,2.139,unspecified,True,0.5,0.48,0.56,0.42,0.744,1.054,1.0,0.78,0.933,0.0,0.0,0.0,0.579,0.266,1.0,1.183,0.06,0.001,0.3414,0.4034,0.0621,0.4034,1.0368,0.1255,6.78,0.78,0.13,1.989,1.908,0.0005,0.4022,0.7661,0.5367,0.1129,0.8346,0.2111,1.68,0.812,metropolitan-heavy,0.077,0.0028,0.9539,0.8775,0.9698,0.7263,0.2962,0.7648,66.26,False
AZE,Azerbaijan,Azerbaijani,largest_baseline_category,1.6,1.75,1.6,1.75,91.6,91.13,-0.47,91.38,-0.24,91.22,91.03,91.03,91.22,0.19,9468305,10229764,0.214,0.0,0.0,1.585,unspecified,False,0.5,0.48,0.56,0.42,0.527,1.3,1.0,0.78,0.885,0.0,0.0,0.0,0.0,0.0,1.0,1.075,0.0,0.001,0.1596,0.1679,0.0083,0.1679,0.3708,0.1265,91.07,-0.53,-0.06,1.532,1.473,0.0005,0.169,0.7481,0.3996,0.1131,0.8025,0.2146,1.2,0.634,urbanizing-majority,0.079,0.0519,0.8792,0.8019,0.8433,0.6935,0.1793,0.2923,63.14,True
AZE,Azerbaijan,Lezgin,higher_fertility_path,1.95,1.89,1.6,1.75,2.0,2.28,0.28,2.28,-0.01,2.27,2.28,2.27,2.28,0.01,206732,255582,0.214,0.0,0.0,1.585,unspecified,False,0.5,0.48,0.56,0.42,0.527,0.952,1.0,0.78,0.795,0.0,0.0,0.0,0.0,0.0,1.0,1.075,0.0,0.001,0.1596,0.1679,0.0083,0.1679,0.3708,0.1265,2.26,0.26,-0.02,1.532,1.473,0.0005,0.169,0.7481,0.3996,0.1131,0.8025,0.2146,1.2,0.634,urbanizing-majority,0.079,0.0519,0.8792,0.8019,0.8433,0.6935,0.1793,0.2923,63.14,False
AZE,Azerbaijan,Russian,lower_fertility_path,1.2,1.59,1.6,1.75,1.3,1.03,-0.27,1.03,-0.0,1.04,1.02,1.02,1.04,0.02,134376,115615,0.214,0.0,0.0,1.585,unspecified,False,0.5,0.48,0.56,0.42,0.527,0.92,1.0,0.78,0.787,0.0,0.0,0.0,0.0,0.0,1.0,1.075,0.0,0.001,0.1596,0.1679,0.0083,0.1679,0.3708,0.1265,1.08,-0.22,0.05,1.532,1.473,0.0005,0.169,0.7481,0.3996,0.1131,0.8025,0.2146,1.2,0.634,urbanizing-majority,0.079,0.0519,0.8792,0.8019,0.8433,0.6935,0.1793,0.2923,63.14,False
AZE,Azerbaijan,Talysh,higher_fertility_path,1.95,1.89,1.6,1.75,1.3,1.48,0.18,1.48,-0.0,1.48,1.48,1.48,1.48,0.01,134376,166128,0.214,0.0,0.0,1.585,unspecified,False,0.5,0.48,0.56,0.42,0.527,0.92,1.0,0.78,0.787,0.0,0.0,0.0,0.0,0.0,1.0,1.075,0.0,0.001,0.1596,0.1679,0.0083,0.1679,0.3708,0.1265,1.47,0.17,-0.01,1.532,1.473,0.0005,0.169,0.7481,0.3996,0.1131,0.8025,0.2146,1.2,0.634,urbanizing-majority,0.079,0.0519,0.8792,0.8019,0.8433,0.6935,0.1793,0.2923,63.14,False
AZE,Azerbaijan,Armenian (Nagorno-Karabakh),lower_fertility_path,1.6,1.75,1.6,1.75,1.0,0.96,-0.04,0.96,-0.0,0.96,0.96,0.96,0.96,0.0,103366,107335,0.214,0.0,0.0,1.585,unspecified,False,0.5,0.48,0.56,0.42,0.527,0.903,1.0,0.78,0.783,0.0,0.0,0.0,0.0,0.0,1.0,1.075,0.0,0.001,0.1596,0.1679,0.0083,0.1679,0.3708,0.1265,0.97,-0.03,0.01,1.532,1.473,0.0005,0.169,0.7481,0.3996,0.1131,0.8025,0.2146,1.2,0.634,urbanizing-majority,0.079,0.0519,0.8792,0.8019,0.8433,0.6935,0.1793,0.2923,63.14,False
AZE,Azerbaijan,Avars,higher_fertility_path,1.95,1.89,1.6,1.75,0.6,0.68,0.08,0.68,-0.0,0.68,0.69,0.68,0.69,0.0,62019,76675,0.214,0.0,0.0,1.585,unspecified,False,0.5,0.48,0.56,0.42,0.527,0.876,1.0,0.78,0.776,0.0,0.0,0.0,0.0,0.0,1.0,1.075,0.0,0.001,0.1596,0.1679,0.0083,0.1679,0.3708,0.1265,0.68,0.08,-0.01,1.532,1.473,0.0005,0.169,0.7481,0.3996,0.1131,0.8025,0.2146,1.2,0.634,urbanizing-majority,0.079,0.0519,0.8792,0.8019,0.8433,0.6935,0.1793,0.2923,63.14,False
AZE,Azerbaijan,Other,migration_linked,1.6,1.75,1.6,1.75,2.2,2.44,0.24,2.18,0.26,2.36,2.54,2.36,2.54,0.18,227405,273822,0.214,0.0,0.0,1.585,unspecified,True,0.5,0.48,0.56,0.42,0.527,0.96,1.0,0.78,0.797,0.0,0.0,0.0,0.0,0.0,1.0,1.075,0.0,0.001,0.1596,0.1679,0.0083,0.1679,0.3708,0.1265,2.48,0.28,0.04,1.532,1.473,0.0005,0.169,0.7481,0.3996,0.1131,0.8025,0.2146,1.2,0.634,urbanizing-majority,0.079,0.0519,0.8792,0.8019,0.8433,0.6935,0.1793,0.2923,63.14,False
BDI,Burundi,Hutu,largest_baseline_category,5.0,3.7,5.0,3.7,85.0,85.39,0.39,85.39,0.0,85.39,85.39,85.39,85.39,0.0,11940620,20604909,0.0,0.0,0.0,1.25,unspecified,False,0.5,0.48,0.56,0.42,0.454,1.3,1.0,0.78,0.839,0.0,0.0,0.0,0.0,0.0,1.0,1.0,0.0,0.001,0.2578,0.2522,-0.0056,0.2522,0.5181,0.3295,85.17,0.17,-0.21,1.484,1.611,0.0005,0.2553,0.332,0.2269,0.141,0.6175,0.2623,1.34,0.34,rural-heavy,0.0,0.0939,0.7132,0.4883,0.4345,0.029,0.72,0.0,50.8,True
BDI,Burundi,Tutsi,largest_baseline_category,5.0,3.7,5.0,3.7,14.0,13.64,-0.36,13.64,0.0,13.64,13.64,13.64,13.64,0.0,1966690,3291691,0.0,0.0,0.0,1.25,unspecified,False,0.5,0.48,0.56,0.42,0.454,1.145,1.0,0.78,0.804,0.0,0.0,0.0,0.0,0.0,1.0,1.0,0.0,0.001,0.2578,0.2522,-0.0056,0.2522,0.5181,0.3295,13.84,-0.16,0.2,1.484,1.611,0.0005,0.2553,0.332,0.2269,0.141,0.6175,0.2623,1.34,0.34,rural-heavy,0.0,0.0939,0.7132,0.4883,0.4345,0.029,0.72,0.0,50.8,False
BDI,Burundi,Twa,largest_baseline_category,5.0,3.7,5.0,3.7,1.0,0.97,-0.03,0.97,0.0,0.97,0.97,0.97,0.97,0.0,140478,235121,0.0,0.0,0.0,1.25,unspecified,False,0.5,0.48,0.56,0.42,0.454,0.903,1.0,0.78,0.75,0.0,0.0,0.0,0.0,0.0,1.0,1.0,0.0,0.001,0.2578,0.2522,-0.0056,0.2522,0.5181,0.3295,0.99,-0.01,0.01,1.484,1.611,0.0005,0.2553,0.332,0.2269,0.141,0.6175,0.2623,1.34,0.34,rural-heavy,0.0,0.0939,0.7132,0.4883,0.4345,0.029,0.72,0.0,50.8,False
BEL,Belgium,Flemish,largest_baseline_category,1.5,1.68,1.5,1.68,50.0,48.53,-1.47,50.19,-1.66,49.06,47.9,47.9,49.06,1.16,5869380,5760705,0.257,0.204,0.126,1.81,unspecified,False,0.5,0.48,0.56,0.42,0.671,1.292,1.0,0.78,0.974,0.0,0.0,0.0,0.632,0.594,1.0,1.115,0.07,0.001,0.6805,0.6921,0.0116,0.6921,2.047,0.1117,47.95,-2.05,-0.58,2.428,2.413,0.0005,0.6954,0.7861,0.4904,0.0845,0.8526,0.1865,3.25,0.854,metropolitan-heavy,0.037,-0.0021,0.952,0.9282,0.9669,0.7585,0.3343,0.7639,63.98,True
BEL,Belgium,Walloon,largest_baseline_category,1.5,1.68,1.5,1.68,17.0,15.65,-1.35,16.2,-0.55,15.83,15.44,15.44,15.83,0.38,1995589,1857739,0.257,0.204,0.126,1.81,unspecified,False,0.5,0.48,0.56,0.42,0.671,1.167,1.0,0.78,0.933,0.0,0.0,0.0,0.632,0.594,1.0,1.115,0.07,0.001,0.6805,0.6921,0.0116,0.6921,2.047,0.1117,15.92,-1.08,0.27,2.428,2.413,0.0005,0.6954,0.7861,0.4904,0.0845,0.8526,0.1865,3.25,0.854,metropolitan-heavy,0.037,-0.0021,0.952,0.9282,0.9669,0.7585,0.3343,0.7639,63.98,False
BEL,Belgium,Italian,identity_category_transition,1.4,1.64,1.5,1.68,3.0,2.67,-0.33,2.76,-0.09,2.7,2.63,2.63,2.7,0.07,352163,316607,0.257,0.204,0.126,1.81,unspecified,False,0.5,0.48,0.56,0.42,0.671,0.986,1.0,0.78,0.874,0.0,0.0,0.0,0.632,0.594,1.0,1.115,0.07,0.001,0.6805,0.6921,0.0116,0.6921,2.047,0.1117,2.74,-0.26,0.07,2.428,2.413,0.0005,0.6954,0.7861,0.4904,0.0845,0.8526,0.1865,3.25,0.854,metropolitan-heavy,0.037,-0.0021,0.952,0.9282,0.9669,0.7585,0.3343,0.7639,63.98,False
BEL,Belgium,Moroccan,higher_fertility_path,2.4,2.04,1.5,1.68,2.5,3.32,0.82,3.44,-0.12,3.33,3.31,3.31,3.33,0.02,293469,394413,0.257,0.204,0.126,1.81,MAR,False,0.63,0.613,0.7,0.58,0.671,0.97,1.0,0.78,0.952,0.0,0.0,0.0,0.632,0.594,1.0,1.115,0.07,0.001,0.6805,0.6921,0.0116,0.6921,2.047,0.1117,3.18,0.68,-0.14,2.428,2.413,0.0005,0.6954,0.7861,0.4904,0.0845,0.8526,0.1865,3.25,0.854,metropolitan-heavy,0.037,-0.0021,0.952,0.9282,0.9669,0.7585,0.3343,0.7639,63.98,False
BEL,Belgium,French,migration_linked,1.4,1.64,1.5,1.68,2.0,2.05,0.05,1.86,0.19,2.0,2.12,2.0,2.12,0.12,234775,243670,0.257,0.204,0.126,1.81,unspecified,True,0.5,0.48,0.56,0.42,0.671,0.952,1.0,0.78,0.862,0.0,0.0,0.0,0.632,0.594,1.0,1.115,0.07,0.001,0.6805,0.6921,0.0116,0.6921,2.047,0.1117,2.11,0.11,0.05,2.428,2.413,0.0005,0.6954,0.7861,0.4904,0.0845,0.8526,0.1865,3.25,0.854,metropolitan-heavy,0.037,-0.0021,0.952,0.9282,0.9669,0.7585,0.3343,0.7639,63.98,False
BEL,Belgium,Turkish,higher_fertility_path,2.1,1.92,1.5,1.68,1.8,2.16,0.36,2.23,-0.08,2.17,2.14,2.14,2.17,0.02,211298,256010,0.257,0.204,0.126,1.81,unspecified,False,0.5,0.48,0.56,0.42,0.671,0.944,1.0,0.78,0.86,0.0,0.0,0.0,0.632,0.594,1.0,1.115,0.07,0.001,0.6805,0.6921,0.0116,0.6921,2.047,0.1117,2.1,0.3,-0.06,2.428,2.413,0.0005,0.6954,0.7861,0.4904,0.0845,0.8526,0.1865,3.25,0.854,metropolitan-heavy,0.037,-0.0021,0.952,0.9282,0.9669,0.7585,0.3343,0.7639,63.98,False
BEL,Belgium,Dutch,migration_linked,1.4,1.64,1.5,1.68,1.5,1.54,0.04,1.4,0.14,1.5,1.59,1.5,1.59,0.09,176081,182563,0.257,0.204,0.126,1.81,unspecified,True,0.5,0.48,0.56,0.42,0.671,0.93,1.0,0.78,0.855,0.0,0.0,0.0,0.632,0.594,1.0,1.115,0.07,0.001,0.6805,0.6921,0.0116,0.6921,2.047,0.1117,1.58,0.08,0.04,2.428,2.413,0.0005,0.6954,0.7861,0.4904,0.0845,0.8526,0.1865,3.25,0.854,metropolitan-heavy,0.037,-0.0021,0.952,0.9282,0.9669,0.7585,0.3343,0.7639,63.98,False
BEL,Belgium,German-speaking,largest_baseline_category,1.5,1.68,1.5,1.68,0.8,0.74,-0.06,0.76,-0.03,0.74,0.73,0.73,0.74,0.02,93910,87423,0.257,0.204,0.126,1.81,unspecified,False,0.5,0.48,0.56,0.42,0.671,0.891,1.0,0.78,0.842,0.0,0.0,0.0,0.632,0.594,1.0,1.115,0.07,0.001,0.6805,0.6921,0.0116,0.6921,2.047,0.1117,0.75,-0.05,0.01,2.428,2.413,0.0005,0.6954,0.7861,0.4904,0.0845,0.8526,0.1865,3.25,0.854,metropolitan-heavy,0.037,-0.0021,0.952,0.9282,0.9669,0.7585,0.3343,0.7639,63.98,False
BEL,Belgium,Sub-Saharan African,higher_fertility_path,1.85,1.82,1.5,1.68,2.0,2.28,0.28,2.26,0.02,2.26,2.29,2.26,2.29,0.03,234775,270337,0.257,0.204,0.126,1.81,NGA;GHA;KEN;UGA;TZA;ETH;SEN;CIV;CMR;COD,True,0.732,0.782,0.634,0.652,0.671,0.952,1.04,0.78,1.026,0.0,0.0,0.0,0.632,0.594,1.0,1.115,0.07,0.001,0.6805,0.6921,0.0116,0.6921,2.047,0.1117,2.25,0.25,-0.02,2.428,2.413,0.0005,0.6954,0.7861,0.4904,0.0845,0.8526,0.1865,3.25,0.854,metropolitan-heavy,0.037,-0.0021,0.952,0.9282,0.9669,0.7585,0.3343,0.7639,63.98,False
BEL,Belgium,Other,migration_linked,1.5,1.68,1.5,1.68,19.4,21.07,1.67,18.9,2.17,20.42,21.86,20.42,21.86,1.44,2277320,2501436,0.257,0.204,0.126,1.81,unspecified,True,0.5,0.48,0.56,0.42,0.671,1.182,1.0,0.78,0.938,0.0,0.0,0.0,0.632,0.594,1.0,1.115,0.07,0.001,0.6805,0.6921,0.0116,0.6921,2.047,0.1117,21.43,2.03,0.36,2.428,2.413,0.0005,0.6954,0.7861,0.4904,0.0845,0.8526,0.1865,3.25,0.854,metropolitan-heavy,0.037,-0.0021,0.952,0.9282,0.9669,0.7585,0.3343,0.7639,63.98,False
BEN,Benin,Fon,largest_baseline_category,4.7,3.53,4.7,3.53,38.4,39.44,1.04,39.44,0.0,39.45,39.43,39.43,39.45,0.03,5553685,9636333,0.0,0.0,0.0,1.25,unspecified,False,0.5,0.48,0.56,0.42,0.454,1.261,1.0,0.78,0.83,0.0,0.0,0.771,0.0,0.0,1.0,1.0,0.0,0.001,0.7914,0.7856,-0.0058,0.7856,2.5566,0.3134,38.63,0.23,-0.81,2.098,2.358,0.0005,0.7904,0.3506,0.2247,0.1266,0.6178,0.2667,4.66,0.342,rural-heavy,0.0,0.0903,0.6928,0.4936,0.6485,0.068,0.6822,0.0,52.82,True
BEN,Benin,Adja,largest_baseline_category,4.7,3.53,4.7,3.53,15.1,14.5,-0.6,14.5,0.0,14.51,14.5,14.5,14.51,0.01,2183871,3543956,0.0,0.0,0.0,1.25,unspecified,False,0.5,0.48,0.56,0.42,0.454,1.153,1.0,0.78,0.806,0.0,0.0,0.771,0.0,0.0,1.0,1.0,0.0,0.001,0.7914,0.7856,-0.0058,0.7856,2.5566,0.3134,14.73,-0.37,0.23,2.098,2.358,0.0005,0.7904,0.3506,0.2247,0.1266,0.6178,0.2667,4.66,0.342,rural-heavy,0.0,0.0903,0.6928,0.4936,0.6485,0.068,0.6822,0.0,52.82,False
BEN,Benin,Yoruba,largest_baseline_category,4.7,3.53,4.7,3.53,12.0,11.53,-0.47,11.53,0.0,11.53,11.52,11.52,11.53,0.01,1735527,2816389,0.0,0.0,0.0,1.25,unspecified,False,0.5,0.48,0.56,0.42,0.454,1.128,1.0,0.78,0.8,0.0,0.0,0.771,0.0,0.0,1.0,1.0,0.0,0.001,0.7914,0.7856,-0.0058,0.7856,2.5566,0.3134,11.71,-0.29,0.18,2.098,2.358,0.0005,0.7904,0.3506,0.2247,0.1266,0.6178,0.2667,4.66,0.342,rural-heavy,0.0,0.0903,0.6928,0.4936,0.6485,0.068,0.6822,0.0,52.82,False
BEN,Benin,Bariba,largest_baseline_category,4.7,3.53,4.7,3.53,9.6,9.22,-0.38,9.22,0.0,9.22,9.22,9.22,9.22,0.01,1388421,2253111,0.0,0.0,0.0,1.25,unspecified,False,0.5,0.48,0.56,0.42,0.454,1.103,1.0,0.78,0.795,0.0,0.0,0.771,0.0,0.0,1.0,1.0,0.0,0.001,0.7914,0.7856,-0.0058,0.7856,2.5566,0.3134,9.37,-0.23,0.15,2.098,2.358,0.0005,0.7904,0.3506,0.2247,0.1266,0.6178,0.2667,4.66,0.342,rural-heavy,0.0,0.0903,0.6928,0.4936,0.6485,0.068,0.6822,0.0,52.82,False
BEN,Benin,Fulani (Peulh),higher_fertility_path,5.35,3.79,4.7,3.53,8.6,9.62,1.02,9.62,0.0,9.59,9.65,9.59,9.65,0.06,1243794,2350511,0.0,0.0,0.0,1.25,unspecified,False,0.5,0.48,0.56,0.42,0.454,1.091,1.0,0.78,0.792,0.0,0.0,0.771,0.0,0.0,1.0,1.0,0.0,0.001,0.7914,0.7856,-0.0058,0.7856,2.5566,0.3134,9.63,1.03,0.01,2.098,2.358,0.0005,0.7904,0.3506,0.2247,0.1266,0.6178,0.2667,4.66,0.342,rural-heavy,0.0,0.0903,0.6928,0.4936,0.6485,0.068,0.6822,0.0,52.82,False
BEN,Benin,Ottamari (Somba),largest_baseline_category,4.7,3.53,4.7,3.53,6.1,5.86,-0.24,5.86,0.0,5.86,5.86,5.86,5.86,0.0,882226,1431664,0.0,0.0,0.0,1.25,unspecified,False,0.5,0.48,0.56,0.42,0.454,1.055,1.0,0.78,0.784,0.0,0.0,0.771,0.0,0.0,1.0,1.0,0.0,0.001,0.7914,0.7856,-0.0058,0.7856,2.5566,0.3134,5.95,-0.15,0.09,2.098,2.358,0.0005,0.7904,0.3506,0.2247,0.1266,0.6178,0.2667,4.66,0.342,rural-heavy,0.0,0.0903,0.6928,0.4936,0.6485,0.068,0.6822,0.0,52.82,False
BEN,Benin,Yoa-Lokpa,largest_baseline_category,4.7,3.53,4.7,3.53,4.3,4.13,-0.17,4.13,0.0,4.13,4.13,4.13,4.13,0.0,621897,1009206,0.0,0.0,0.0,1.25,unspecified,False,0.5,0.48,0.56,0.42,0.454,1.02,1.0,0.78,0.776,0.0,0.0,0.771,0.0,0.0,1.0,1.0,0.0,0.001,0.7914,0.7856,-0.0058,0.7856,2.5566,0.3134,4.2,-0.1,0.07,2.098,2.358,0.0005,0.7904,0.3506,0.2247,0.1266,0.6178,0.2667,4.66,0.342,rural-heavy,0.0,0.0903,0.6928,0.4936,0.6485,0.068,0.6822,0.0,52.82,False
BEN,Benin,Dendi,largest_baseline_category,4.7,3.53,4.7,3.53,2.9,2.79,-0.11,2.79,0.0,2.79,2.78,2.78,2.79,0.0,419419,680627,0.0,0.0,0.0,1.25,unspecified,False,0.5,0.48,0.56,0.42,0.454,0.983,1.0,0.78,0.768,0.0,0.0,0.771,0.0,0.0,1.0,1.0,0.0,0.001,0.7914,0.7856,-0.0058,0.7856,2.5566,0.3134,2.83,-0.07,0.04,2.098,2.358,0.0005,0.7904,0.3506,0.2247,0.1266,0.6178,0.2667,4.66,0.342,rural-heavy,0.0,0.0903,0.6928,0.4936,0.6485,0.068,0.6822,0.0,52.82,False
BEN,Benin,Other,identity_category_transition,4.7,3.53,4.7,3.53,3.0,2.91,-0.09,2.91,0.0,2.92,2.91,2.91,2.92,0.0,433882,712016,0.0,0.0,0.0,1.25,unspecified,False,0.5,0.48,0.56,0.42,0.454,0.986,1.0,0.78,0.769,0.0,0.0,0.771,0.0,0.0,1.0,1.0,0.0,0.001,0.7914,0.7856,-0.0058,0.7856,2.5566,0.3134,2.96,-0.04,0.05,2.098,2.358,0.0005,0.7904,0.3506,0.2247,0.1266,0.6178,0.2667,4.66,0.342,rural-heavy,0.0,0.0903,0.6928,0.4936,0.6485,0.068,0.6822,0.0,52.82,False
BFA,Burkina Faso,Mossi,largest_baseline_category,4.5,3.42,4.5,3.42,52.0,52.45,0.45,52.45,0.0,52.46,52.43,52.43,52.46,0.04,12245367,19564706,0.0,0.0,0.0,1.25,unspecified,False,0.5,0.48,0.56,0.42,0.454,1.296,1.0,0.78,0.838,0.0,0.0,0.824,0.0,0.0,1.0,1.0,0.0,0.001,0.6926,0.6882,-0.0044,0.6882,2.0962,0.3484,51.83,-0.17,-0.61,1.961,2.22,0.0005,0.6936,0.286,0.2245,0.2009,0.5724,0.2996,3.21,0.299,rural-heavy,0.0,0.0567,0.6706,0.3733,0.5479,0.0,0.72,0.0,51.14,True
BFA,Burkina Faso,Fulani,higher_fertility_path,5.15,3.68,4.5,3.42,8.4,9.42,1.02,9.42,0.0,9.39,9.45,9.39,9.45,0.06,1978098,3513196,0.0,0.0,0.0,1.25,unspecified,False,0.5,0.48,0.56,0.42,0.454,1.089,1.0,0.78,0.792,0.0,0.0,0.824,0.0,0.0,1.0,1.0,0.0,0.001,0.6926,0.6882,-0.0044,0.6882,2.0962,0.3484,9.43,1.03,0.02,1.961,2.22,0.0005,0.6936,0.286,0.2245,0.2009,0.5724,0.2996,3.21,0.299,rural-heavy,0.0,0.0567,0.6706,0.3733,0.5479,0.0,0.72,0.0,51.14,False
BFA,Burkina Faso,Gurma,largest_baseline_category,4.5,3.42,4.5,3.42,7.0,6.72,-0.28,6.72,0.0,6.72,6.71,6.71,6.72,0.0,1648415,2505532,0.0,0.0,0.0,1.25,unspecified,False,0.5,0.48,0.56,0.42,0.454,1.07,1.0,0.78,0.787,0.0,0.0,0.824,0.0,0.0,1.0,1.0,0.0,0.001,0.6926,0.6882,-0.0044,0.6882,2.0962,0.3484,6.82,-0.18,0.11,1.961,2.22,0.0005,0.6936,0.286,0.2245,0.2009,0.5724,0.2996,3.21,0.299,rural-heavy,0.0,0.0567,0.6706,0.3733,0.5479,0.0,0.72,0.0,51.14,False
BFA,Burkina Faso,Bobo,largest_baseline_category,4.5,3.42,4.5,3.42,4.9,4.7,-0.2,4.7,0.0,4.7,4.7,4.7,4.7,0.0,1153890,1753873,0.0,0.0,0.0,1.25,unspecified,False,0.5,0.48,0.56,0.42,0.454,1.033,1.0,0.78,0.779,0.0,0.0,0.824,0.0,0.0,1.0,1.0,0.0,0.001,0.6926,0.6882,-0.0044,0.6882,2.0962,0.3484,4.78,-0.12,0.07,1.961,2.22,0.0005,0.6936,0.286,0.2245,0.2009,0.5724,0.2996,3.21,0.299,rural-heavy,0.0,0.0567,0.6706,0.3733,0.5479,0.0,0.72,0.0,51.14,False
BFA,Burkina Faso,Gurunsi,largest_baseline_category,4.5,3.42,4.5,3.42,4.6,4.41,-0.19,4.41,0.0,4.42,4.41,4.41,4.42,0.0,1083244,1646493,0.0,0.0,0.0,1.25,unspecified,False,0.5,0.48,0.56,0.42,0.454,1.027,1.0,0.78,0.778,0.0,0.0,0.824,0.0,0.0,1.0,1.0,0.0,0.001,0.6926,0.6882,-0.0044,0.6882,2.0962,0.3484,4.48,-0.12,0.07,1.961,2.22,0.0005,0.6936,0.286,0.2245,0.2009,0.5724,0.2996,3.21,0.299,rural-heavy,0.0,0.0567,0.6706,0.3733,0.5479,0.0,0.72,0.0,51.14,False
BFA,Burkina Faso,Senufo,largest_baseline_category,4.5,3.42,4.5,3.42,4.5,4.32,-0.18,4.32,0.0,4.32,4.32,4.32,4.32,0.0,1059695,1610699,0.0,0.0,0.0,1.25,unspecified,False,0.5,0.48,0.56,0.42,0.454,1.025,1.0,0.78,0.777,0.0,0.0,0.824,0.0,0.0,1.0,1.0,0.0,0.001,0.6926,0.6882,-0.0044,0.6882,2.0962,0.3484,4.39,-0.11,0.07,1.961,2.22,0.0005,0.6936,0.286,0.2245,0.2009,0.5724,0.2996,3.21,0.299,rural-heavy,0.0,0.0567,0.6706,0.3733,0.5479,0.0,0.72,0.0,51.14,False
BFA,Burkina Faso,Bissa,largest_baseline_category,4.5,3.42,4.5,3.42,3.1,2.97,-0.13,2.97,0.0,2.98,2.97,2.97,2.98,0.0,730012,1109593,0.0,0.0,0.0,1.25,unspecified,False,0.5,0.48,0.56,0.42,0.454,0.989,1.0,0.78,0.77,0.0,0.0,0.824,0.0,0.0,1.0,1.0,0.0,0.001,0.6926,0.6882,-0.0044,0.6882,2.0962,0.3484,3.02,-0.08,0.05,1.961,2.22,0.0005,0.6936,0.286,0.2245,0.2009,0.5724,0.2996,3.21,0.299,rural-heavy,0.0,0.0567,0.6706,0.3733,0.5479,0.0,0.72,0.0,51.14,False
BFA,Burkina Faso,Lobi,largest_baseline_category,4.5,3.42,4.5,3.42,2.5,2.4,-0.1,2.4,0.0,2.4,2.4,2.4,2.4,0.0,588720,894833,0.0,0.0,0.0,1.25,unspecified,False,0.5,0.48,0.56,0.42,0.454,0.97,1.0,0.78,0.765,0.0,0.0,0.824,0.0,0.0,1.0,1.0,0.0,0.001,0.6926,0.6882,-0.0044,0.6882,2.0962,0.3484,2.44,-0.06,0.04,1.961,2.22,0.0005,0.6936,0.286,0.2245,0.2009,0.5724,0.2996,3.21,0.299,rural-heavy,0.0,0.0567,0.6706,0.3733,0.5479,0.0,0.72,0.0,51.14,False
BFA,Burkina Faso,Other,identity_category_transition,4.5,3.42,4.5,3.42,13.0,12.61,-0.39,12.61,0.0,12.62,12.61,12.61,12.62,0.01,3061342,4705462,0.0,0.0,0.0,1.25,unspecified,False,0.5,0.48,0.56,0.42,0.454,1.137,1.0,0.78,0.802,0.0,0.0,0.824,0.0,0.0,1.0,1.0,0.0,0.001,0.6926,0.6882,-0.0044,0.6882,2.0962,0.3484,12.81,-0.19,0.2,1.961,2.22,0.0005,0.6936,0.286,0.2245,0.2009,0.5724,0.2996,3.21,0.299,rural-heavy,0.0,0.0567,0.6706,0.3733,0.5479,0.0,0.72,0.0,51.14,False
BGD,Bangladesh,Bengali,largest_baseline_category,2.0,2.03,2.0,2.03,98.0,97.91,-0.09,97.91,0.0,97.91,97.91,97.91,97.91,0.01,170091119,210221706,0.043,0.0,0.0,1.317,unspecified,False,0.5,0.48,0.56,0.42,0.468,1.3,1.0,0.78,0.848,0.74,0.0,0.788,0.0,0.0,1.0,1.015,0.0,0.001,0.0395,0.0413,0.0018,0.0413,0.0845,0.1613,97.9,-0.1,-0.01,1.305,1.305,0.0005,0.0415,0.6642,0.2828,0.1813,0.7708,0.1973,1.04,0.472,mixed-rural-urban,0.023,0.1311,0.9206,0.7411,0.7968,0.5292,0.255,0.3313,59.88,True
BGD,Bangladesh,Chakma,higher_fertility_path,2.35,2.17,2.0,2.03,0.4,0.45,0.05,0.45,0.0,0.45,0.45,0.45,0.45,0.0,694249,964806,0.043,0.0,0.0,1.317,unspecified,False,0.5,0.48,0.56,0.42,0.468,0.86,1.0,0.78,0.747,0.74,0.0,0.788,0.0,0.0,1.0,1.015,0.0,0.001,0.0395,0.0413,0.0018,0.0413,0.0845,0.1613,0.45,0.05,-0.0,1.305,1.305,0.0005,0.0415,0.6642,0.2828,0.1813,0.7708,0.1973,1.04,0.472,mixed-rural-urban,0.023,0.1311,0.9206,0.7411,0.7968,0.5292,0.255,0.3313,59.88,False
BGD,Bangladesh,Santal,higher_fertility_path,2.35,2.17,2.0,2.03,0.3,0.34,0.04,0.34,0.0,0.34,0.34,0.34,0.34,0.0,520687,723604,0.043,0.0,0.0,1.317,unspecified,False,0.5,0.48,0.56,0.42,0.468,0.851,1.0,0.78,0.745,0.74,0.0,0.788,0.0,0.0,1.0,1.015,0.0,0.001,0.0395,0.0413,0.0018,0.0413,0.0845,0.1613,0.34,0.04,-0.0,1.305,1.305,0.0005,0.0415,0.6642,0.2828,0.1813,0.7708,0.1973,1.04,0.472,mixed-rural-urban,0.023,0.1311,0.9206,0.7411,0.7968,0.5292,0.255,0.3313,59.88,False
BGD,Bangladesh,Marma,higher_fertility_path,2.35,2.17,2.0,2.03,0.2,0.22,0.02,0.22,0.0,0.22,0.23,0.22,0.23,0.0,347125,482403,0.043,0.0,0.0,1.317,unspecified,False,0.5,0.48,0.56,0.42,0.468,0.842,1.0,0.78,0.743,0.74,0.0,0.788,0.0,0.0,1.0,1.015,0.0,0.001,0.0395,0.0413,0.0018,0.0413,0.0845,0.1613,0.22,0.02,-0.0,1.305,1.305,0.0005,0.0415,0.6642,0.2828,0.1813,0.7708,0.1973,1.04,0.472,mixed-rural-urban,0.023,0.1311,0.9206,0.7411,0.7968,0.5292,0.255,0.3313,59.88,False
BGD,Bangladesh,Bihari (Urdu-speaking),largest_baseline_category,2.0,2.03,2.0,2.03,0.3,0.29,-0.01,0.29,0.0,0.29,0.29,0.29,0.29,0.0,520687,626668,0.043,0.0,0.0,1.317,unspecified,False,0.5,0.48,0.56,0.42,0.468,0.851,1.0,0.78,0.745,0.74,0.0,0.788,0.0,0.0,1.0,1.015,0.0,0.001,0.0395,0.0413,0.0018,0.0413,0.0845,0.1613,0.3,-0.0,0.0,1.305,1.305,0.0005,0.0415,0.6642,0.2828,0.1813,0.7708,0.1973,1.04,0.472,mixed-rural-urban,0.023,0.1311,0.9206,0.7411,0.7968,0.5292,0.255,0.3313,59.88,False
BGD,Bangladesh,Other,identity_category_transition,2.0,2.03,2.0,2.03,0.8,0.79,-0.01,0.79,0.0,0.79,0.79,0.79,0.79,0.0,1388499,1689909,0.043,0.0,0.0,1.317,unspecified,False,0.5,0.48,0.56,0.42,0.468,0.891,1.0,0.78,0.754,0.74,0.0,0.788,0.0,0.0,1.0,1.015,0.0,0.001,0.0395,0.0413,0.0018,0.0413,0.0845,0.1613,0.8,-0.0,0.01,1.305,1.305,0.0005,0.0415,0.6642,0.2828,0.1813,0.7708,0.1973,1.04,0.472,mixed-rural-urban,0.023,0.1311,0.9206,0.7411,0.7968,0.5292,0.255,0.3313,59.88,False
BGR,Bulgaria,Bulgarian,largest_baseline_category,1.6,1.75,1.6,1.75,84.0,79.76,-4.24,80.05,-0.29,79.98,79.52,79.52,79.98,0.46,5676456,4308629,0.557,0.462,0.166,2.328,unspecified,False,0.5,0.48,0.56,0.42,0.714,1.3,1.0,0.78,1.004,0.0,0.0,0.0,0.0,0.0,1.0,1.228,0.0,0.001,0.284,0.347,0.063,0.347,0.8117,0.2089,80.19,-3.81,0.43,1.728,1.648,0.0005,0.3409,0.6828,0.5785,0.2168,0.8081,0.239,1.53,0.73,urbanizing-majority,0.151,0.0205,0.8735,0.8405,0.8832,0.6328,0.5131,1.0,59.02,True
BGR,Bulgaria,Turkish,higher_fertility_path,2.35,2.05,1.6,1.75,8.8,10.98,2.18,11.02,-0.04,10.92,11.04,10.92,11.04,0.11,594676,593282,0.557,0.462,0.166,2.328,unspecified,False,0.5,0.48,0.56,0.42,0.714,1.094,1.0,0.78,0.932,0.0,0.0,0.0,0.0,0.0,1.0,1.228,0.0,0.001,0.284,0.347,0.063,0.347,0.8117,0.2089,10.73,1.93,-0.25,1.728,1.648,0.0005,0.3409,0.6828,0.5785,0.2168,0.8081,0.239,1.53,0.73,urbanizing-majority,0.151,0.0205,0.8735,0.8405,0.8832,0.6328,0.5131,1.0,59.02,False
BGR,Bulgaria,Romani,higher_fertility_path,2.65,2.17,1.6,1.75,4.9,6.73,1.83,6.76,-0.02,6.68,6.78,6.68,6.78,0.1,331127,363755,0.557,0.462,0.166,2.328,unspecified,False,0.5,0.48,0.56,0.42,0.714,1.033,1.0,0.78,0.911,0.0,0.0,0.0,0.0,0.0,1.0,1.228,0.0,0.001,0.284,0.347,0.063,0.347,0.8117,0.2089,6.49,1.59,-0.25,1.728,1.648,0.0005,0.3409,0.6828,0.5785,0.2168,0.8081,0.239,1.53,0.73,urbanizing-majority,0.151,0.0205,0.8735,0.8405,0.8832,0.6328,0.5131,1.0,59.02,False
BGR,Bulgaria,Russian,migration_linked,1.6,1.75,1.6,1.75,0.5,0.55,0.05,0.47,0.08,0.53,0.58,0.53,0.58,0.05,33788,29619,0.557,0.462,0.166,2.328,unspecified,True,0.5,0.48,0.56,0.42,0.714,0.869,1.0,0.78,0.853,0.0,0.0,0.0,0.0,0.0,1.0,1.228,0.0,0.001,0.284,0.347,0.063,0.347,0.8117,0.2089,0.56,0.06,0.01,1.728,1.648,0.0005,0.3409,0.6828,0.5785,0.2168,0.8081,0.239,1.53,0.73,urbanizing-majority,0.151,0.0205,0.8735,0.8405,0.8832,0.6328,0.5131,1.0,59.02,False
BGR,Bulgaria,Greek,migration_linked,1.6,1.75,1.6,1.75,0.3,0.33,0.03,0.28,0.05,0.31,0.35,0.31,0.35,0.03,20273,17753,0.557,0.462,0.166,2.328,unspecified,True,0.5,0.48,0.56,0.42,0.714,0.851,1.0,0.78,0.847,0.0,0.0,0.0,0.0,0.0,1.0,1.228,0.0,0.001,0.284,0.347,0.063,0.347,0.8117,0.2089,0.34,0.04,0.01,1.728,1.648,0.0005,0.3409,0.6828,0.5785,0.2168,0.8081,0.239,1.53,0.73,urbanizing-majority,0.151,0.0205,0.8735,0.8405,0.8832,0.6328,0.5131,1.0,59.02,False
BGR,Bulgaria,Other,migration_linked,1.6,1.75,1.6,1.75,1.5,1.65,0.15,1.42,0.23,1.58,1.74,1.58,1.74,0.16,101365,89180,0.557,0.462,0.166,2.328,unspecified,True,0.5,0.48,0.56,0.42,0.714,0.93,1.0,0.78,0.875,0.0,0.0,0.0,0.0,0.0,1.0,1.228,0.0,0.001,0.284,0.347,0.063,0.347,0.8117,0.2089,1.69,0.19,0.04,1.728,1.648,0.0005,0.3409,0.6828,0.5785,0.2168,0.8081,0.239,1.53,0.73,urbanizing-majority,0.151,0.0205,0.8735,0.8405,0.8832,0.6328,0.5131,1.0,59.02,False
BHR,Bahrain,Bahraini,higher_fertility_path,2.05,1.96,1.7,1.82,48.4,48.65,0.25,52.82,-4.17,49.8,47.29,47.29,49.8,2.51,777817,1040842,0.171,0.0,0.0,1.946,unspecified,False,0.5,0.48,0.56,0.42,0.657,1.288,1.0,0.5,0.899,0.0,1.04,0.0,0.625,0.262,1.2,1.272,0.0,0.001,0.7169,0.7155,-0.0014,0.7155,2.2055,0.0973,47.35,-1.05,-1.3,2.127,2.254,0.0005,0.7254,0.8482,0.3907,0.1527,0.886,0.1889,3.51,0.55,mixed-rural-urban,0.077,0.019,0.9544,0.8508,0.9527,0.8162,0.0811,0.2253,69.58,True
BHR,Bahrain,Indian,migration_linked,1.7,1.82,1.7,1.82,13.0,12.93,-0.07,11.77,1.16,12.61,13.31,12.61,13.31,0.7,208918,276662,0.171,0.0,0.0,1.946,IND;PAK;BGD;LKA;NPL,True,0.718,0.719,0.752,0.684,0.657,1.137,1.0,0.5,0.993,0.0,1.04,0.0,0.625,0.262,1.2,1.272,0.0,0.001,0.7169,0.7155,-0.0014,0.7155,2.2055,0.0973,13.28,0.28,0.35,2.127,2.254,0.0005,0.7254,0.8482,0.3907,0.1527,0.886,0.1889,3.51,0.55,mixed-rural-urban,0.077,0.019,0.9544,0.8508,0.9527,0.8162,0.0811,0.2253,69.58,False
BHR,Bahrain,Bangladeshi,migration_linked,1.7,1.82,1.7,1.82,9.0,8.96,-0.04,8.15,0.81,8.74,9.23,8.74,9.23,0.49,144635,191720,0.171,0.0,0.0,1.946,BGD,True,0.735,0.788,0.68,0.84,0.657,1.096,1.0,0.5,0.987,0.0,1.04,0.0,0.625,0.262,1.2,1.272,0.0,0.001,0.7169,0.7155,-0.0014,0.7155,2.2055,0.0973,9.2,0.2,0.24,2.127,2.254,0.0005,0.7254,0.8482,0.3907,0.1527,0.886,0.1889,3.51,0.55,mixed-rural-urban,0.077,0.019,0.9544,0.8508,0.9527,0.8162,0.0811,0.2253,69.58,False
BHR,Bahrain,Pakistani,migration_linked,1.7,1.82,1.7,1.82,6.0,5.97,-0.03,5.43,0.54,5.82,6.15,5.82,6.15,0.33,96424,127792,0.171,0.0,0.0,1.946,PAK,True,0.769,0.814,0.7,0.74,0.657,1.054,1.0,0.5,0.99,0.0,1.04,0.0,0.625,0.262,1.2,1.272,0.0,0.001,0.7169,0.7155,-0.0014,0.7155,2.2055,0.0973,6.14,0.14,0.16,2.127,2.254,0.0005,0.7254,0.8482,0.3907,0.1527,0.886,0.1889,3.51,0.55,mixed-rural-urban,0.077,0.019,0.9544,0.8508,0.9527,0.8162,0.0811,0.2253,69.58,False
BHR,Bahrain,Filipino,migration_linked,1.7,1.82,1.7,1.82,4.0,3.96,-0.04,3.62,0.33,3.86,4.06,3.86,4.06,0.2,64282,84639,0.171,0.0,0.0,1.946,PHL,True,0.759,0.718,0.88,0.64,0.657,1.013,1.0,0.5,0.967,0.0,1.04,0.0,0.625,0.262,1.2,1.272,0.0,0.001,0.7169,0.7155,-0.0014,0.7155,2.2055,0.0973,4.06,0.06,0.11,2.127,2.254,0.0005,0.7254,0.8482,0.3907,0.1527,0.886,0.1889,3.51,0.55,mixed-rural-urban,0.077,0.019,0.9544,0.8508,0.9527,0.8162,0.0811,0.2253,69.58,False
BHR,Bahrain,Egyptian,migration_linked,2.1,1.98,1.7,1.82,3.0,3.44,0.44,3.17,0.27,3.35,3.54,3.35,3.54,0.19,48212,73504,0.171,0.0,0.0,1.946,EGY,True,0.7,0.706,0.72,0.66,0.657,0.986,1.0,0.5,0.924,0.0,1.04,0.0,0.625,0.262,1.2,1.272,0.0,0.001,0.7169,0.7155,-0.0014,0.7155,2.2055,0.0973,3.43,0.43,-0.0,2.127,2.254,0.0005,0.7254,0.8482,0.3907,0.1527,0.886,0.1889,3.51,0.55,mixed-rural-urban,0.077,0.019,0.9544,0.8508,0.9527,0.8162,0.0811,0.2253,69.58,False
BHR,Bahrain,Sri Lankan,migration_linked,1.7,1.82,1.7,1.82,2.0,1.93,-0.07,1.81,0.11,1.9,1.96,1.9,1.96,0.06,32141,41209,0.171,0.0,0.0,1.946,unspecified,True,0.5,0.48,0.56,0.42,0.657,0.952,1.0,0.5,0.808,0.0,1.04,0.0,0.625,0.262,1.2,1.272,0.0,0.001,0.7169,0.7155,-0.0014,0.7155,2.2055,0.0973,1.98,-0.02,0.05,2.127,2.254,0.0005,0.7254,0.8482,0.3907,0.1527,0.886,0.1889,3.51,0.55,mixed-rural-urban,0.077,0.019,0.9544,0.8508,0.9527,0.8162,0.0811,0.2253,69.58,False
BHR,Bahrain,Nepali,migration_linked,1.7,1.82,1.7,1.82,1.5,1.44,-0.06,1.36,0.08,1.42,1.47,1.42,1.47,0.05,24106,30876,0.171,0.0,0.0,1.946,unspecified,True,0.5,0.48,0.56,0.42,0.657,0.93,1.0,0.5,0.802,0.0,1.04,0.0,0.625,0.262,1.2,1.272,0.0,0.001,0.7169,0.7155,-0.0014,0.7155,2.2055,0.0973,1.48,-0.02,0.04,2.127,2.254,0.0005,0.7254,0.8482,0.3907,0.1527,0.886,0.1889,3.51,0.55,mixed-rural-urban,0.077,0.019,0.9544,0.8508,0.9527,0.8162,0.0811,0.2253,69.58,False
BHR,Bahrain,Other foreign,migration_linked,1.7,1.82,1.7,1.82,13.1,12.72,-0.38,11.86,0.86,12.5,12.99,12.5,12.99,0.49,210525,272227,0.171,0.0,0.0,1.946,unspecified,True,0.5,0.48,0.56,0.42,0.657,1.138,1.0,0.5,0.858,0.0,1.04,0.0,0.625,0.262,1.2,1.272,0.0,0.001,0.7169,0.7155,-0.0014,0.7155,2.2055,0.0973,13.07,-0.03,0.34,2.127,2.254,0.0005,0.7254,0.8482,0.3907,0.1527,0.886,0.1889,3.51,0.55,mixed-rural-urban,0.077,0.019,0.9544,0.8508,0.9527,0.8162,0.0811,0.2253,69.58,False
BHS,Bahamas,Black,largest_baseline_category,1.3,1.54,1.3,1.54,90.6,90.69,0.09,91.29,-0.6,90.86,90.48,90.48,90.86,0.38,363561,384763,0.343,0.0,0.0,1.786,unspecified,False,0.5,0.48,0.56,0.42,0.57,1.3,1.0,0.78,0.913,0.0,0.0,0.0,0.0,0.0,1.0,1.12,0.0,0.001,0.1758,0.1738,-0.002,0.1738,0.3746,0.1218,90.46,-0.14,-0.23,1.505,1.496,0.0005,0.1778,0.8063,0.433,0.1915,0.8156,0.2279,1.21,0.55,mixed-rural-urban,0.154,0.0649,0.8943,0.8476,0.9141,0.7799,0.0255,0.0708,68.0,True
BHS,Bahamas,Mixed,identity_category_transition,1.3,1.54,1.3,1.54,2.5,2.46,-0.04,2.48,-0.02,2.46,2.45,2.45,2.46,0.01,10032,10433,0.343,0.0,0.0,1.786,unspecified,False,0.5,0.48,0.56,0.42,0.57,0.97,1.0,0.78,0.821,0.0,0.0,0.0,0.0,0.0,1.0,1.12,0.0,0.001,0.1758,0.1738,-0.002,0.1738,0.3746,0.1218,2.49,-0.01,0.03,1.505,1.496,0.0005,0.1778,0.8063,0.433,0.1915,0.8156,0.2279,1.21,0.55,mixed-rural-urban,0.154,0.0649,0.8943,0.8476,0.9141,0.7799,0.0255,0.0708,68.0,False
BHS,Bahamas,White,lower_fertility_path,0.7,1.3,1.3,1.54,2.1,1.42,-0.68,1.43,-0.01,1.44,1.4,1.4,1.44,0.04,8427,6036,0.343,0.0,0.0,1.786,unspecified,False,0.5,0.48,0.56,0.42,0.57,0.956,1.0,0.78,0.817,0.0,0.0,0.0,0.0,0.0,1.0,1.12,0.0,0.001,0.1758,0.1738,-0.002,0.1738,0.3746,0.1218,1.54,-0.56,0.12,1.505,1.496,0.0005,0.1778,0.8063,0.433,0.1915,0.8156,0.2279,1.21,0.55,mixed-rural-urban,0.154,0.0649,0.8943,0.8476,0.9141,0.7799,0.0255,0.0708,68.0,False
BHS,Bahamas,Other,migration_linked,1.3,1.54,1.3,1.54,4.8,5.43,0.63,4.81,0.62,5.24,5.67,5.24,5.67,0.43,19262,23040,0.343,0.0,0.0,1.786,unspecified,True,0.5,0.48,0.56,0.42,0.57,1.031,1.0,0.78,0.838,0.0,0.0,0.0,0.0,0.0,1.0,1.12,0.0,0.001,0.1758,0.1738,-0.002,0.1738,0.3746,0.1218,5.5,0.7,0.07,1.505,1.496,0.0005,0.1778,0.8063,0.433,0.1915,0.8156,0.2279,1.21,0.55,mixed-rural-urban,0.154,0.0649,0.8943,0.8476,0.9141,0.7799,0.0255,0.0708,68.0,False
BIH,Bosnia & Herzegovina,Bosniak (Muslim),largest_baseline_category,1.4,1.61,1.4,1.61,50.1,55.47,5.37,55.67,-0.2,55.38,55.56,55.38,55.56,0.18,1585292,1362005,0.688,0.558,0.145,2.507,unspecified,False,0.5,0.48,0.56,0.42,0.773,1.292,1.0,0.78,1.039,0.0,0.0,0.0,0.0,0.0,1.0,1.27,0.0,0.0005,0.6294,0.6017,-0.0276,0.6017,1.5824,0.2508,54.37,4.27,-1.11,2.026,2.131,0.0002,0.6087,0.6676,0.581,0.2692,0.7799,0.2842,2.51,0.55,mixed-rural-urban,0.31,0.0338,0.9101,0.7844,0.8238,0.6326,0.4419,0.9348,61.44,True
BIH,Bosnia & Herzegovina,Serb (Republika Srpska),lower_fertility_path,1.0,1.45,1.4,1.61,30.8,26.68,-4.12,26.78,-0.1,26.83,26.53,26.53,26.83,0.3,974591,655109,0.688,0.558,0.145,2.507,unspecified,False,0.5,0.48,0.56,0.42,0.773,1.235,1.0,0.78,1.017,0.0,0.0,0.0,0.0,0.0,1.0,1.27,0.0,0.0005,0.6294,0.6017,-0.0276,0.6017,1.5824,0.2508,27.45,-3.35,0.77,2.026,2.131,0.0002,0.6087,0.6676,0.581,0.2692,0.7799,0.2842,2.51,0.55,mixed-rural-urban,0.31,0.0338,0.9101,0.7844,0.8238,0.6326,0.4419,0.9348,61.44,False
BIH,Bosnia & Herzegovina,Croat,lower_fertility_path,1.0,1.45,1.4,1.61,15.4,13.34,-2.06,13.39,-0.05,13.41,13.27,13.27,13.41,0.15,487295,327555,0.688,0.558,0.145,2.507,unspecified,False,0.5,0.48,0.56,0.42,0.773,1.156,1.0,0.78,0.987,0.0,0.0,0.0,0.0,0.0,1.0,1.27,0.0,0.0005,0.6294,0.6017,-0.0276,0.6017,1.5824,0.2508,13.73,-1.67,0.39,2.026,2.131,0.0002,0.6087,0.6676,0.581,0.2692,0.7799,0.2842,2.51,0.55,mixed-rural-urban,0.31,0.0338,0.9101,0.7844,0.8238,0.6326,0.4419,0.9348,61.44,False
BIH,Bosnia & Herzegovina,Roma,higher_fertility_path,1.75,1.75,1.4,1.61,0.5,0.64,0.14,0.65,-0.0,0.64,0.65,0.64,0.65,0.01,15821,15821,0.688,0.558,0.145,2.507,unspecified,False,0.5,0.48,0.56,0.42,0.773,0.869,1.0,0.78,0.878,0.0,0.0,0.0,0.0,0.0,1.0,1.27,0.0,0.0005,0.6294,0.6017,-0.0276,0.6017,1.5824,0.2508,0.62,0.12,-0.02,2.026,2.131,0.0002,0.6087,0.6676,0.581,0.2692,0.7799,0.2842,2.51,0.55,mixed-rural-urban,0.31,0.0338,0.9101,0.7844,0.8238,0.6326,0.4419,0.9348,61.44,False
BIH,Bosnia & Herzegovina,Other,identity_category_transition,1.4,1.61,1.4,1.61,3.2,3.86,0.66,3.51,0.35,3.74,4.0,3.74,4.0,0.26,101256,94682,0.688,0.558,0.145,2.507,unspecified,False,0.5,0.48,0.56,0.42,0.773,0.992,1.0,0.78,0.925,0.0,0.0,0.0,0.0,0.0,1.0,1.27,0.0,0.0005,0.6294,0.6017,-0.0276,0.6017,1.5824,0.2508,3.83,0.63,-0.03,2.026,2.131,0.0002,0.6087,0.6676,0.581,0.2692,0.7799,0.2842,2.51,0.55,mixed-rural-urban,0.31,0.0338,0.9101,0.7844,0.8238,0.6326,0.4419,0.9348,61.44,False
BLR,Belarus,Belarusian,largest_baseline_category,1.4,1.61,1.4,1.61,83.7,85.3,1.6,85.91,-0.62,85.43,85.12,85.12,85.43,0.31,7580455,6357630,0.599,0.0,0.0,1.905,unspecified,False,0.5,0.48,0.56,0.42,0.587,1.3,1.0,0.78,0.923,0.0,0.0,0.0,0.0,0.0,0.7,0.847,0.0,0.001,0.2903,0.2658,-0.0245,0.2658,0.6098,0.3138,84.81,1.11,-0.48,1.636,1.656,0.0005,0.2735,0.6516,0.5177,0.2487,0.7333,0.3449,1.36,0.55,mixed-rural-urban,0.269,0.0026,0.8373,0.8031,0.84,0.6633,0.4245,0.881,61.34,True
BLR,Belarus,Russian,lower_fertility_path,1.0,1.45,1.4,1.61,8.3,6.58,-1.72,6.62,-0.05,6.63,6.51,6.51,6.63,0.12,751706,490141,0.599,0.0,0.0,1.905,unspecified,False,0.5,0.48,0.56,0.42,0.587,1.088,1.0,0.78,0.862,0.0,0.0,0.0,0.0,0.0,0.7,0.847,0.0,0.001,0.2903,0.2658,-0.0245,0.2658,0.6098,0.3138,6.88,-1.42,0.3,1.636,1.656,0.0005,0.2735,0.6516,0.5177,0.2487,0.7333,0.3449,1.36,0.55,mixed-rural-urban,0.269,0.0026,0.8373,0.8031,0.84,0.6633,0.4245,0.881,61.34,False
BLR,Belarus,Polish,lower_fertility_path,1.0,1.45,1.4,1.61,3.1,2.46,-0.64,2.47,-0.02,2.48,2.43,2.43,2.48,0.04,280758,183065,0.599,0.0,0.0,1.905,unspecified,False,0.5,0.48,0.56,0.42,0.587,0.989,1.0,0.78,0.834,0.0,0.0,0.0,0.0,0.0,0.7,0.847,0.0,0.001,0.2903,0.2658,-0.0245,0.2658,0.6098,0.3138,2.57,-0.53,0.11,1.636,1.656,0.0005,0.2735,0.6516,0.5177,0.2487,0.7333,0.3449,1.36,0.55,mixed-rural-urban,0.269,0.0026,0.8373,0.8031,0.84,0.6633,0.4245,0.881,61.34,False
BLR,Belarus,Ukrainian,migration_linked,1.4,1.61,1.4,1.61,1.7,1.98,0.28,1.73,0.24,1.9,2.07,1.9,2.07,0.17,153964,147209,0.599,0.0,0.0,1.905,UKR,True,0.615,0.539,0.82,0.52,0.587,0.939,1.0,0.78,0.882,0.0,0.0,0.0,0.0,0.0,0.7,0.847,0.0,0.001,0.2903,0.2658,-0.0245,0.2658,0.6098,0.3138,2.0,0.3,0.02,1.636,1.656,0.0005,0.2735,0.6516,0.5177,0.2487,0.7333,0.3449,1.36,0.55,mixed-rural-urban,0.269,0.0026,0.8373,0.8031,0.84,0.6633,0.4245,0.881,61.34,False
BLR,Belarus,Other,migration_linked,1.4,1.61,1.4,1.61,3.2,3.7,0.5,3.26,0.44,3.56,3.86,3.56,3.86,0.31,289814,275497,0.599,0.0,0.0,1.905,unspecified,True,0.5,0.48,0.56,0.42,0.587,0.992,1.0,0.78,0.835,0.0,0.0,0.0,0.0,0.0,0.7,0.847,0.0,0.001,0.2903,0.2658,-0.0245,0.2658,0.6098,0.3138,3.74,0.54,0.04,1.636,1.656,0.0005,0.2735,0.6516,0.5177,0.2487,0.7333,0.3449,1.36,0.55,mixed-rural-urban,0.269,0.0026,0.8373,0.8031,0.84,0.6633,0.4245,0.881,61.34,False
BLZ,Belize,Mestizo,largest_baseline_category,2.0,2.03,2.0,2.03,52.9,53.32,0.42,53.32,0.0,53.34,53.3,53.3,53.34,0.04,220634,275477,0.043,0.0,0.0,1.317,unspecified,False,0.5,0.48,0.56,0.42,0.468,1.298,1.0,0.78,0.847,0.0,0.0,0.0,0.0,0.0,1.0,1.015,0.0,0.001,0.6424,0.6421,-0.0003,0.6421,1.8075,0.1539,52.77,-0.13,-0.55,2.041,2.149,0.0005,0.6458,0.6762,0.314,0.1242,0.7661,0.2123,2.79,0.55,mixed-rural-urban,0.019,0.0918,0.8882,0.7495,0.8065,0.5774,0.2597,0.1084,59.0,True
BLZ,Belize,Creole,largest_baseline_category,2.0,2.03,2.0,2.03,25.9,24.86,-1.04,24.86,0.0,24.87,24.85,24.85,24.87,0.02,108023,128418,0.043,0.0,0.0,1.317,unspecified,False,0.5,0.48,0.56,0.42,0.468,1.215,1.0,0.78,0.828,0.0,0.0,0.0,0.0,0.0,1.0,1.015,0.0,0.001,0.6424,0.6421,-0.0003,0.6421,1.8075,0.1539,25.27,-0.63,0.41,2.041,2.149,0.0005,0.6458,0.6762,0.314,0.1242,0.7661,0.2123,2.79,0.55,mixed-rural-urban,0.019,0.0918,0.8882,0.7495,0.8065,0.5774,0.2597,0.1084,59.0,False
BLZ,Belize,Maya: Q'eqchi',higher_fertility_path,2.35,2.17,2.0,2.03,6.3,6.98,0.68,6.98,0.0,6.96,7.0,6.96,7.0,0.05,26276,36069,0.043,0.0,0.0,1.317,unspecified,False,0.5,0.48,0.56,0.42,0.468,1.059,1.0,0.78,0.792,0.0,0.0,0.0,0.0,0.0,1.0,1.015,0.0,0.001,0.6424,0.6421,-0.0003,0.6421,1.8075,0.1539,6.96,0.66,-0.02,2.041,2.149,0.0005,0.6458,0.6762,0.314,0.1242,0.7661,0.2123,2.79,0.55,mixed-rural-urban,0.019,0.0918,0.8882,0.7495,0.8065,0.5774,0.2597,0.1084,59.0,False
BLZ,Belize,Maya: Yucatec/Mopan,higher_fertility_path,2.35,2.17,2.0,2.03,5.0,5.54,0.54,5.54,0.0,5.52,5.56,5.52,5.56,0.04,20854,28626,0.043,0.0,0.0,1.317,unspecified,False,0.5,0.48,0.56,0.42,0.468,1.035,1.0,0.78,0.787,0.0,0.0,0.0,0.0,0.0,1.0,1.015,0.0,0.001,0.6424,0.6421,-0.0003,0.6421,1.8075,0.1539,5.52,0.52,-0.02,2.041,2.149,0.0005,0.6458,0.6762,0.314,0.1242,0.7661,0.2123,2.79,0.55,mixed-rural-urban,0.019,0.0918,0.8882,0.7495,0.8065,0.5774,0.2597,0.1084,59.0,False
BLZ,Belize,Garifuna,largest_baseline_category,2.0,2.03,2.0,2.03,6.1,5.85,-0.25,5.85,0.0,5.86,5.85,5.85,5.86,0.0,25442,30245,0.043,0.0,0.0,1.317,unspecified,False,0.5,0.48,0.56,0.42,0.468,1.055,1.0,0.78,0.792,0.0,0.0,0.0,0.0,0.0,1.0,1.015,0.0,0.001,0.6424,0.6421,-0.0003,0.6421,1.8075,0.1539,5.95,-0.15,0.1,2.041,2.149,0.0005,0.6458,0.6762,0.314,0.1242,0.7661,0.2123,2.79,0.55,mixed-rural-urban,0.019,0.0918,0.8882,0.7495,0.8065,0.5774,0.2597,0.1084,59.0,False
BLZ,Belize,East Indian,largest_baseline_category,2.0,2.03,2.0,2.03,1.5,1.44,-0.06,1.44,0.0,1.44,1.44,1.44,1.44,0.0,6256,7437,0.043,0.0,0.0,1.317,IND;PAK;BGD;LKA;NPL,False,0.718,0.719,0.752,0.684,0.468,0.93,1.0,0.78,0.856,0.0,0.0,0.0,0.0,0.0,1.0,1.015,0.0,0.001,0.6424,0.6421,-0.0003,0.6421,1.8075,0.1539,1.46,-0.04,0.02,2.041,2.149,0.0005,0.6458,0.6762,0.314,0.1242,0.7661,0.2123,2.79,0.55,mixed-rural-urban,0.019,0.0918,0.8882,0.7495,0.8065,0.5774,0.2597,0.1084,59.0,False
BLZ,Belize,White/Mennonite,lower_fertility_path,1.4,1.79,2.0,2.03,1.0,0.74,-0.26,0.74,0.0,0.75,0.74,0.74,0.75,0.01,4171,3838,0.043,0.0,0.0,1.317,unspecified,False,0.5,0.48,0.56,0.42,0.468,0.903,1.0,0.78,0.757,0.0,0.0,0.0,0.0,0.0,1.0,1.015,0.0,0.001,0.6424,0.6421,-0.0003,0.6421,1.8075,0.1539,0.79,-0.21,0.05,2.041,2.149,0.0005,0.6458,0.6762,0.314,0.1242,0.7661,0.2123,2.79,0.55,mixed-rural-urban,0.019,0.0918,0.8882,0.7495,0.8065,0.5774,0.2597,0.1084,59.0,False
BLZ,Belize,Other,identity_category_transition,2.0,2.03,2.0,2.03,1.3,1.26,-0.04,1.26,0.0,1.26,1.26,1.26,1.26,0.0,5422,6518,0.043,0.0,0.0,1.317,unspecified,False,0.5,0.48,0.56,0.42,0.468,0.92,1.0,0.78,0.761,0.0,0.0,0.0,0.0,0.0,1.0,1.015,0.0,0.001,0.6424,0.6421,-0.0003,0.6421,1.8075,0.1539,1.28,-0.02,0.02,2.041,2.149,0.0005,0.6458,0.6762,0.314,0.1242,0.7661,0.2123,2.79,0.55,mixed-rural-urban,0.019,0.0918,0.8882,0.7495,0.8065,0.5774,0.2597,0.1084,59.0,False
BOL,Bolivia,Mestizo (Cholo),largest_baseline_category,2.6,2.3,2.6,2.3,55.0,54.0,-1.0,54.01,-0.01,54.06,53.94,53.94,54.06,0.12,6827325,8699418,0.0,0.0,0.0,1.25,unspecified,False,0.5,0.48,0.56,0.42,0.454,1.3,1.0,0.78,0.839,0.0,0.0,0.0,0.0,0.0,1.0,1.0,0.0,0.001,0.6559,0.6636,0.0078,0.6636,1.9591,0.1555,53.65,-1.35,-0.35,2.018,2.168,0.0005,0.6669,0.6761,0.2682,0.0976,0.7773,0.1888,2.97,0.48,mixed-rural-urban,0.0,0.0483,0.7858,0.8244,0.7362,0.5504,0.3011,0.0888,58.16,True
BOL,Bolivia,Quechua,higher_fertility_path,2.95,2.44,2.6,2.3,13.0,13.81,0.81,13.81,-0.0,13.78,13.83,13.78,13.83,0.06,1613731,2224150,0.0,0.0,0.0,1.25,unspecified,False,0.5,0.48,0.56,0.42,0.454,1.137,1.0,0.78,0.802,0.0,0.0,0.0,0.0,0.0,1.0,1.0,0.0,0.001,0.6559,0.6636,0.0078,0.6636,1.9591,0.1555,13.84,0.84,0.04,2.018,2.168,0.0005,0.6669,0.6761,0.2682,0.0976,0.7773,0.1888,2.97,0.48,mixed-rural-urban,0.0,0.0483,0.7858,0.8244,0.7362,0.5504,0.3011,0.0888,58.16,False
BOL,Bolivia,Aymara,higher_fertility_path,2.95,2.44,2.6,2.3,11.0,11.68,0.68,11.69,-0.0,11.66,11.71,11.66,11.71,0.05,1365465,1881973,0.0,0.0,0.0,1.25,unspecified,False,0.5,0.48,0.56,0.42,0.454,1.118,1.0,0.78,0.798,0.0,0.0,0.0,0.0,0.0,1.0,1.0,0.0,0.001,0.6559,0.6636,0.0078,0.6636,1.9591,0.1555,11.71,0.71,0.03,2.018,2.168,0.0005,0.6669,0.6761,0.2682,0.0976,0.7773,0.1888,2.97,0.48,mixed-rural-urban,0.0,0.0483,0.7858,0.8244,0.7362,0.5504,0.3011,0.0888,58.16,False
BOL,Bolivia,White (Criollo),lower_fertility_path,2.0,2.06,2.6,2.3,5.0,3.78,-1.22,3.78,-0.0,3.81,3.75,3.75,3.81,0.06,620666,608995,0.0,0.0,0.0,1.25,unspecified,False,0.5,0.48,0.56,0.42,0.454,1.035,1.0,0.78,0.78,0.0,0.0,0.0,0.0,0.0,1.0,1.0,0.0,0.001,0.6559,0.6636,0.0078,0.6636,1.9591,0.1555,4.0,-1.0,0.22,2.018,2.168,0.0005,0.6669,0.6761,0.2682,0.0976,0.7773,0.1888,2.97,0.48,mixed-rural-urban,0.0,0.0483,0.7858,0.8244,0.7362,0.5504,0.3011,0.0888,58.16,False
BOL,Bolivia,Guarani (Chaco),higher_fertility_path,2.95,2.44,2.6,2.3,2.0,2.12,0.12,2.12,-0.0,2.12,2.13,2.12,2.13,0.01,248266,342177,0.0,0.0,0.0,1.25,unspecified,False,0.5,0.48,0.56,0.42,0.454,0.952,1.0,0.78,0.761,0.0,0.0,0.0,0.0,0.0,1.0,1.0,0.0,0.001,0.6559,0.6636,0.0078,0.6636,1.9591,0.1555,2.13,0.13,0.01,2.018,2.168,0.0005,0.6669,0.6761,0.2682,0.0976,0.7773,0.1888,2.97,0.48,mixed-rural-urban,0.0,0.0483,0.7858,0.8244,0.7362,0.5504,0.3011,0.0888,58.16,False
BOL,Bolivia,Other Indigenous (Mojeño/Chiquitano),higher_fertility_path,3.45,2.64,2.6,2.3,5.0,6.08,1.08,6.08,-0.0,6.05,6.12,6.05,6.12,0.07,620666,979617,0.0,0.0,0.0,1.25,unspecified,False,0.5,0.48,0.56,0.42,0.454,1.035,1.0,0.78,0.78,0.0,0.0,0.0,0.0,0.0,1.0,1.0,0.0,0.001,0.6559,0.6636,0.0078,0.6636,1.9591,0.1555,5.97,0.97,-0.11,2.018,2.168,0.0005,0.6669,0.6761,0.2682,0.0976,0.7773,0.1888,2.97,0.48,mixed-rural-urban,0.0,0.0483,0.7858,0.8244,0.7362,0.5504,0.3011,0.0888,58.16,False
BOL,Bolivia,Afro-Bolivian,largest_baseline_category,2.6,2.3,2.6,2.3,0.2,0.19,-0.01,0.19,-0.0,0.19,0.19,0.19,0.19,0.0,24827,30154,0.0,0.0,0.0,1.25,unspecified,False,0.5,0.48,0.56,0.42,0.454,0.842,1.0,0.78,0.737,0.0,0.0,0.0,0.0,0.0,1.0,1.0,0.0,0.001,0.6559,0.6636,0.0078,0.6636,1.9591,0.1555,0.19,-0.01,0.0,2.018,2.168,0.0005,0.6669,0.6761,0.2682,0.0976,0.7773,0.1888,2.97,0.48,mixed-rural-urban,0.0,0.0483,0.7858,0.8244,0.7362,0.5504,0.3011,0.0888,58.16,False
BOL,Bolivia,Asian (Japanese/Chinese),migration_linked,2.4,2.22,2.6,2.3,0.3,0.3,-0.0,0.27,0.03,0.29,0.31,0.29,0.31,0.02,37240,47722,0.0,0.0,0.0,1.25,CHN,True,0.52,0.502,0.58,0.45,0.454,0.851,1.0,0.78,0.747,0.0,0.0,0.0,0.0,0.0,1.0,1.0,0.0,0.001,0.6559,0.6636,0.0078,0.6636,1.9591,0.1555,0.31,0.01,0.01,2.018,2.168,0.0005,0.6669,0.6761,0.2682,0.0976,0.7773,0.1888,2.97,0.48,mixed-rural-urban,0.0,0.0483,0.7858,0.8244,0.7362,0.5504,0.3011,0.0888,58.16,False
BOL,Bolivia,Other,identity_category_transition,2.6,2.3,2.6,2.3,8.5,8.04,-0.46,8.05,-0.0,8.05,8.04,8.04,8.05,0.02,1055132,1295959,0.0,0.0,0.0,1.25,unspecified,False,0.5,0.48,0.56,0.42,0.454,1.09,1.0,0.78,0.792,0.0,0.0,0.0,0.0,0.0,1.0,1.0,0.0,0.001,0.6559,0.6636,0.0078,0.6636,1.9591,0.1555,8.2,-0.3,0.16,2.018,2.168,0.0005,0.6669,0.6761,0.2682,0.0976,0.7773,0.1888,2.97,0.48,mixed-rural-urban,0.0,0.0483,0.7858,0.8244,0.7362,0.5504,0.3011,0.0888,58.16,False
BRA,Brazil,White: Portuguese descent,lower_fertility_path,1.1,1.55,1.6,1.75,25.0,19.9,-5.1,19.92,-0.03,20.02,19.77,19.77,20.02,0.25,52999641,43271436,0.214,0.0,0.0,1.585,unspecified,False,0.5,0.48,0.56,0.42,0.527,1.211,1.0,0.78,0.862,0.0,0.0,0.563,0.0,0.0,1.0,1.075,0.0,0.0018,0.7336,0.676,-0.0576,0.676,2.0022,0.1487,21.08,-3.92,1.18,2.173,2.277,0.0008,0.6937,0.7247,0.3921,0.134,0.8027,0.2128,3.09,0.598,urbanizing-majority,0.086,0.0452,0.8978,0.7744,0.826,0.6822,0.2891,0.6462,64.14,False
BRA,Brazil,White: Italian descent,lower_fertility_path,1.1,1.55,1.6,1.75,8.0,6.37,-1.63,6.38,-0.01,6.41,6.33,6.33,6.41,0.08,16959885,13846860,0.214,0.0,0.0,1.585,unspecified,False,0.5,0.48,0.56,0.42,0.527,1.084,1.0,0.78,0.829,0.0,0.0,0.563,0.0,0.0,1.0,1.075,0.0,0.0018,0.7336,0.676,-0.0576,0.676,2.0022,0.1487,6.74,-1.26,0.38,2.173,2.277,0.0008,0.6937,0.7247,0.3921,0.134,0.8027,0.2128,3.09,0.598,urbanizing-majority,0.086,0.0452,0.8978,0.7744,0.826,0.6822,0.2891,0.6462,64.14,False
BRA,Brazil,White: German descent,lower_fertility_path,1.1,1.55,1.6,1.75,4.5,3.58,-0.92,3.59,-0.0,3.6,3.56,3.56,3.6,0.05,9539935,7788858,0.214,0.0,0.0,1.585,unspecified,False,0.5,0.48,0.56,0.42,0.527,1.025,1.0,0.78,0.814,0.0,0.0,0.563,0.0,0.0,1.0,1.075,0.0,0.0018,0.7336,0.676,-0.0576,0.676,2.0022,0.1487,3.79,-0.71,0.21,2.173,2.277,0.0008,0.6937,0.7247,0.3921,0.134,0.8027,0.2128,3.09,0.598,urbanizing-majority,0.086,0.0452,0.8978,0.7744,0.826,0.6822,0.2891,0.6462,64.14,False
BRA,Brazil,White: Spanish descent,lower_fertility_path,1.1,1.55,1.6,1.75,4.0,3.18,-0.82,3.19,-0.0,3.2,3.16,3.16,3.2,0.04,8479943,6923430,0.214,0.0,0.0,1.585,unspecified,False,0.5,0.48,0.56,0.42,0.527,1.013,1.0,0.78,0.811,0.0,0.0,0.563,0.0,0.0,1.0,1.075,0.0,0.0018,0.7336,0.676,-0.0576,0.676,2.0022,0.1487,3.37,-0.63,0.19,2.173,2.277,0.0008,0.6937,0.7247,0.3921,0.134,0.8027,0.2128,3.09,0.598,urbanizing-majority,0.086,0.0452,0.8978,0.7744,0.826,0.6822,0.2891,0.6462,64.14,False
BRA,Brazil,White: Polish/Ukrainian descent,lower_fertility_path,1.0,1.51,1.6,1.75,2.0,1.5,-0.5,1.51,-0.0,1.52,1.49,1.49,1.52,0.03,4239971,3273115,0.214,0.0,0.0,1.585,UKR,False,0.615,0.539,0.82,0.52,0.527,0.952,1.0,0.78,0.852,0.0,0.0,0.563,0.0,0.0,1.0,1.075,0.0,0.0018,0.7336,0.676,-0.0576,0.676,2.0022,0.1487,1.61,-0.39,0.11,2.173,2.277,0.0008,0.6937,0.7247,0.3921,0.134,0.8027,0.2128,3.09,0.598,urbanizing-majority,0.086,0.0452,0.8978,0.7744,0.826,0.6822,0.2891,0.6462,64.14,False
BRA,Brazil,White: Other European,lower_fertility_path,1.0,1.51,1.6,1.75,4.2,3.16,-1.04,3.16,-0.0,3.19,3.13,3.13,3.19,0.05,8903940,6873541,0.214,0.0,0.0,1.585,unspecified,False,0.5,0.48,0.56,0.42,0.527,1.018,1.0,0.78,0.812,0.0,0.0,0.563,0.0,0.0,1.0,1.075,0.0,0.0018,0.7336,0.676,-0.0576,0.676,2.0022,0.1487,3.38,-0.82,0.22,2.173,2.277,0.0008,0.6937,0.7247,0.3921,0.134,0.8027,0.2128,3.09,0.598,urbanizing-majority,0.086,0.0452,0.8978,0.7744,0.826,0.6822,0.2891,0.6462,64.14,False
BRA,Brazil,Pardo (Mixed Euro/African/Indigenous),higher_fertility_path,1.7,1.79,1.6,1.75,43.1,51.89,8.79,51.95,-0.06,51.72,52.05,51.72,52.05,0.33,91371382,112845482,0.214,0.0,0.0,1.585,unspecified,False,0.5,0.48,0.56,0.42,0.527,1.274,1.0,0.78,0.878,0.0,0.0,0.563,0.0,0.0,1.0,1.075,0.0,0.0018,0.7336,0.676,-0.0576,0.676,2.0022,0.1487,49.56,6.46,-2.32,2.173,2.277,0.0008,0.6937,0.7247,0.3921,0.134,0.8027,0.2128,3.09,0.598,urbanizing-majority,0.086,0.0452,0.8978,0.7744,0.826,0.6822,0.2891,0.6462,64.14,True
BRA,Brazil,Black (African descent),higher_fertility_path,1.8,1.83,1.6,1.75,7.6,8.65,1.05,8.66,-0.01,8.61,8.68,8.61,8.68,0.08,16111891,18803807,0.214,0.0,0.0,1.585,unspecified,False,0.5,0.48,0.56,0.42,0.527,1.078,1.0,0.78,0.828,0.0,0.0,0.563,0.0,0.0,1.0,1.075,0.0,0.0018,0.7336,0.676,-0.0576,0.676,2.0022,0.1487,8.65,1.05,-0.0,2.173,2.277,0.0008,0.6937,0.7247,0.3921,0.134,0.8027,0.2128,3.09,0.598,urbanizing-majority,0.086,0.0452,0.8978,0.7744,0.826,0.6822,0.2891,0.6462,64.14,False
BRA,Brazil,Asian (Japanese/Chinese descent),migration_linked,1.4,1.67,1.6,1.75,1.1,1.18,0.08,1.05,0.13,1.14,1.23,1.14,1.23,0.09,2331984,2568704,0.214,0.0,0.0,1.585,CHN,True,0.52,0.502,0.58,0.45,0.527,0.909,1.0,0.78,0.794,0.0,0.0,0.563,0.0,0.0,1.0,1.075,0.0,0.0018,0.7336,0.676,-0.0576,0.676,2.0022,0.1487,1.22,0.12,0.04,2.173,2.277,0.0008,0.6937,0.7247,0.3921,0.134,0.8027,0.2128,3.09,0.598,urbanizing-majority,0.086,0.0452,0.8978,0.7744,0.826,0.6822,0.2891,0.6462,64.14,False
BRA,Brazil,Indigenous,higher_fertility_path,2.0,1.91,1.6,1.75,0.4,0.49,0.09,0.49,-0.0,0.49,0.49,0.49,0.49,0.01,847994,1068819,0.214,0.0,0.0,1.585,unspecified,False,0.5,0.48,0.56,0.42,0.527,0.86,1.0,0.78,0.772,0.0,0.0,0.563,0.0,0.0,1.0,1.075,0.0,0.0018,0.7336,0.676,-0.0576,0.676,2.0022,0.1487,0.49,0.09,-0.01,2.173,2.277,0.0008,0.6937,0.7247,0.3921,0.134,0.8027,0.2128,3.09,0.598,urbanizing-majority,0.086,0.0452,0.8978,0.7744,0.826,0.6822,0.2891,0.6462,64.14,False
BRA,Brazil,Other,identity_category_transition,1.6,1.75,1.6,1.75,0.1,0.1,0.0,0.1,-0.0,0.1,0.1,0.1,0.1,0.0,211999,225248,0.214,0.0,0.0,1.585,unspecified,False,0.5,0.48,0.56,0.42,0.527,0.831,1.0,0.78,0.764,0.0,0.0,0.563,0.0,0.0,1.0,1.075,0.0,0.0018,0.7336,0.676,-0.0576,0.676,2.0022,0.1487,0.11,0.01,0.0,2.173,2.277,0.0008,0.6937,0.7247,0.3921,0.134,0.8027,0.2128,3.09,0.598,urbanizing-majority,0.086,0.0452,0.8978,0.7744,0.826,0.6822,0.2891,0.6462,64.14,False
BRB,Barbados,Black,largest_baseline_category,1.6,1.75,1.6,1.75,92.4,93.17,0.77,93.21,-0.04,93.16,93.18,93.16,93.18,0.01,261008,246180,0.317,0.0,0.0,1.745,unspecified,False,0.5,0.48,0.56,0.42,0.561,1.3,1.0,0.78,0.907,0.0,0.0,0.0,0.0,0.0,1.0,1.111,0.0,0.001,0.1443,0.1304,-0.0139,0.1304,0.2786,0.1068,92.96,0.56,-0.21,1.468,1.452,0.0005,0.1342,0.8343,0.4227,0.1857,0.8318,0.2155,1.15,0.55,mixed-rural-urban,0.143,0.0733,0.9221,0.8801,0.852,0.8222,0.0075,0.0207,70.6,True
BRB,Barbados,Mixed,identity_category_transition,1.6,1.75,1.6,1.75,3.1,3.07,-0.03,3.07,-0.0,3.07,3.07,3.07,3.07,0.0,8757,8121,0.317,0.0,0.0,1.745,unspecified,False,0.5,0.48,0.56,0.42,0.561,0.989,1.0,0.78,0.822,0.0,0.0,0.0,0.0,0.0,1.0,1.111,0.0,0.001,0.1443,0.1304,-0.0139,0.1304,0.2786,0.1068,3.11,0.01,0.04,1.468,1.452,0.0005,0.1342,0.8343,0.4227,0.1857,0.8318,0.2155,1.15,0.55,mixed-rural-urban,0.143,0.0733,0.9221,0.8801,0.852,0.8222,0.0075,0.0207,70.6,False
BRB,Barbados,White,lower_fertility_path,1.0,1.51,1.6,1.75,2.7,1.95,-0.75,1.95,-0.0,1.97,1.92,1.92,1.97,0.04,7627,5139,0.317,0.0,0.0,1.745,unspecified,False,0.5,0.48,0.56,0.42,0.561,0.977,1.0,0.78,0.818,0.0,0.0,0.0,0.0,0.0,1.0,1.111,0.0,0.001,0.1443,0.1304,-0.0139,0.1304,0.2786,0.1068,2.09,-0.61,0.14,1.468,1.452,0.0005,0.1342,0.8343,0.4227,0.1857,0.8318,0.2155,1.15,0.55,mixed-rural-urban,0.143,0.0733,0.9221,0.8801,0.852,0.8222,0.0075,0.0207,70.6,False
BRB,Barbados,East Indian,largest_baseline_category,1.6,1.75,1.6,1.75,1.3,1.27,-0.03,1.28,-0.0,1.27,1.27,1.27,1.27,0.0,3672,3368,0.317,0.0,0.0,1.745,IND;PAK;BGD;LKA;NPL,False,0.718,0.719,0.752,0.684,0.561,0.92,1.0,0.78,0.913,0.0,0.0,0.0,0.0,0.0,1.0,1.111,0.0,0.001,0.1443,0.1304,-0.0139,0.1304,0.2786,0.1068,1.29,-0.01,0.02,1.468,1.452,0.0005,0.1342,0.8343,0.4227,0.1857,0.8318,0.2155,1.15,0.55,mixed-rural-urban,0.143,0.0733,0.9221,0.8801,0.852,0.8222,0.0075,0.0207,70.6,False
BRB,Barbados,Other,identity_category_transition,1.6,1.75,1.6,1.75,0.5,0.54,0.04,0.5,0.04,0.52,0.55,0.52,0.55,0.03,1412,1416,0.317,0.0,0.0,1.745,unspecified,False,0.5,0.48,0.56,0.42,0.561,0.869,1.0,0.78,0.789,0.0,0.0,0.0,0.0,0.0,1.0,1.111,0.0,0.001,0.1443,0.1304,-0.0139,0.1304,0.2786,0.1068,0.54,0.04,0.01,1.468,1.452,0.0005,0.1342,0.8343,0.4227,0.1857,0.8318,0.2155,1.15,0.55,mixed-rural-urban,0.143,0.0733,0.9221,0.8801,0.852,0.8222,0.0075,0.0207,70.6,False
BRN,Brunei,Malay,higher_fertility_path,2.05,1.96,1.7,1.82,65.7,69.31,3.61,71.3,-1.99,69.79,68.71,68.71,69.79,1.08,304016,360108,0.171,0.0,0.0,1.795,unspecified,False,0.5,0.48,0.56,0.42,0.535,1.3,1.0,0.78,0.89,0.0,0.0,0.0,0.0,0.0,1.1,1.166,0.0,0.001,0.5141,0.4699,-0.0443,0.4699,1.1296,0.1318,68.09,2.39,-1.22,1.894,1.97,0.0005,0.4834,0.7478,0.3816,0.1529,0.803,0.231,1.89,0.55,mixed-rural-urban,0.077,0.036,0.8798,0.7562,1.0,0.7056,0.166,0.362,65.36,True
BRN,Brunei,Chinese,lower_fertility_path,1.1,1.58,1.7,1.82,10.3,6.66,-3.64,6.86,-0.2,6.81,6.51,6.51,6.81,0.29,47662,34628,0.171,0.0,0.0,1.795,CHN,False,0.52,0.502,0.58,0.45,0.535,1.111,1.0,0.78,0.853,0.0,0.0,0.0,0.0,0.0,1.1,1.166,0.0,0.001,0.5141,0.4699,-0.0443,0.4699,1.1296,0.1318,7.23,-3.07,0.56,1.894,1.97,0.0005,0.4834,0.7478,0.3816,0.1529,0.803,0.231,1.89,0.55,mixed-rural-urban,0.077,0.036,0.8798,0.7562,1.0,0.7056,0.166,0.362,65.36,False
BRN,Brunei,Indigenous (Dusun/Iban/etc.),largest_baseline_category,1.7,1.82,1.7,1.82,3.4,2.95,-0.45,3.03,-0.09,2.98,2.91,2.91,2.98,0.07,15733,15320,0.171,0.0,0.0,1.795,unspecified,False,0.5,0.48,0.56,0.42,0.535,0.998,1.0,0.78,0.811,0.0,0.0,0.0,0.0,0.0,1.1,1.166,0.0,0.001,0.5141,0.4699,-0.0443,0.4699,1.1296,0.1318,3.03,-0.37,0.08,1.894,1.97,0.0005,0.4834,0.7478,0.3816,0.1529,0.803,0.231,1.89,0.55,mixed-rural-urban,0.077,0.036,0.8798,0.7562,1.0,0.7056,0.166,0.362,65.36,False
BRN,Brunei,Other foreign workers,migration_linked,1.7,1.82,1.7,1.82,20.6,21.08,0.48,18.8,2.27,20.42,21.87,20.42,21.87,1.45,95323,109501,0.171,0.0,0.0,1.795,unspecified,True,0.5,0.48,0.56,0.42,0.535,1.189,1.0,0.78,0.861,0.0,0.0,0.0,0.0,0.0,1.1,1.166,0.0,0.001,0.5141,0.4699,-0.0443,0.4699,1.1296,0.1318,21.65,1.05,0.58,1.894,1.97,0.0005,0.4834,0.7478,0.3816,0.1529,0.803,0.231,1.89,0.55,mixed-rural-urban,0.077,0.036,0.8798,0.7562,1.0,0.7056,0.166,0.362,65.36,False
BTN,Bhutan,Ngalop (Bhote),largest_baseline_category,1.8,1.89,1.8,1.89,50.0,51.27,1.27,51.27,0.0,51.27,51.27,51.27,51.27,0.0,395765,452403,0.129,0.0,0.0,1.451,unspecified,False,0.5,0.48,0.56,0.42,0.497,1.292,1.0,0.78,0.864,0.0,0.0,0.0,0.0,0.0,1.0,1.045,0.0,0.001,0.6102,0.6044,-0.0058,0.6044,1.5414,0.1608,50.57,0.57,-0.7,1.992,2.104,0.0005,0.6077,0.6618,0.3371,0.1273,0.7471,0.2335,2.53,0.528,mixed-rural-urban,0.061,0.1122,0.9,0.7015,0.8424,0.5388,0.1717,0.2174,62.08,True
BTN,Bhutan,Lhotshampa (Nepali),largest_baseline_category,1.8,1.89,1.8,1.89,35.0,34.09,-0.91,34.09,0.0,34.09,34.09,34.09,34.09,0.0,277036,300824,0.129,0.0,0.0,1.451,unspecified,False,0.5,0.48,0.56,0.42,0.497,1.25,1.0,0.78,0.854,0.0,0.0,0.0,0.0,0.0,1.0,1.045,0.0,0.001,0.6102,0.6044,-0.0058,0.6044,1.5414,0.1608,34.59,-0.41,0.49,1.992,2.104,0.0005,0.6077,0.6618,0.3371,0.1273,0.7471,0.2335,2.53,0.528,mixed-rural-urban,0.061,0.1122,0.9,0.7015,0.8424,0.5388,0.1717,0.2174,62.08,False
BTN,Bhutan,Sharchop,largest_baseline_category,1.8,1.89,1.8,1.89,13.0,12.66,-0.34,12.66,0.0,12.66,12.66,12.66,12.66,0.0,102899,111735,0.129,0.0,0.0,1.451,unspecified,False,0.5,0.48,0.56,0.42,0.497,1.137,1.0,0.78,0.827,0.0,0.0,0.0,0.0,0.0,1.0,1.045,0.0,0.001,0.6102,0.6044,-0.0058,0.6044,1.5414,0.1608,12.85,-0.15,0.18,1.992,2.104,0.0005,0.6077,0.6618,0.3371,0.1273,0.7471,0.2335,2.53,0.528,mixed-rural-urban,0.061,0.1122,0.9,0.7015,0.8424,0.5388,0.1717,0.2174,62.08,False
BTN,Bhutan,Other,identity_category_transition,1.8,1.89,1.8,1.89,2.0,1.97,-0.03,1.97,0.0,1.97,1.97,1.97,1.97,0.0,15831,17383,0.129,0.0,0.0,1.451,unspecified,False,0.5,0.48,0.56,0.42,0.497,0.952,1.0,0.78,0.782,0.0,0.0,0.0,0.0,0.0,1.0,1.045,0.0,0.001,0.6102,0.6044,-0.0058,0.6044,1.5414,0.1608,2.0,-0.0,0.03,1.992,2.104,0.0005,0.6077,0.6618,0.3371,0.1273,0.7471,0.2335,2.53,0.528,mixed-rural-urban,0.061,0.1122,0.9,0.7015,0.8424,0.5388,0.1717,0.2174,62.08,False
BWA,Botswana,Tswana (Batswana),largest_baseline_category,2.8,2.38,2.8,2.38,79.0,79.71,0.71,79.71,0.0,79.7,79.72,79.7,79.72,0.01,1991705,2739946,0.0,0.0,0.0,1.25,unspecified,False,0.5,0.48,0.56,0.42,0.454,1.3,1.0,0.78,0.839,0.0,0.0,0.0,0.0,0.0,1.0,1.0,0.0,0.001,0.3616,0.3511,-0.0105,0.3511,0.8397,0.1594,79.38,0.38,-0.33,1.686,1.756,0.0005,0.3559,0.671,0.2759,0.1159,0.7745,0.1881,1.54,0.491,mixed-rural-urban,0.0,0.101,0.831,0.8031,0.8631,0.5148,0.2367,0.0,60.7,True
BWA,Botswana,Kalanga,largest_baseline_category,2.8,2.38,2.8,2.38,11.0,10.74,-0.26,10.74,0.0,10.74,10.74,10.74,10.74,0.0,277326,369211,0.0,0.0,0.0,1.25,unspecified,False,0.5,0.48,0.56,0.42,0.454,1.118,1.0,0.78,0.798,0.0,0.0,0.0,0.0,0.0,1.0,1.0,0.0,0.001,0.3616,0.3511,-0.0105,0.3511,0.8397,0.1594,10.89,-0.11,0.15,1.686,1.756,0.0005,0.3559,0.671,0.2759,0.1159,0.7745,0.1881,1.54,0.491,mixed-rural-urban,0.0,0.101,0.831,0.8031,0.8631,0.5148,0.2367,0.0,60.7,False
BWA,Botswana,Basarwa (San),identity_category_transition,2.8,2.38,2.8,2.38,3.0,2.96,-0.04,2.96,0.0,2.96,2.96,2.96,2.96,0.0,75634,101826,0.0,0.0,0.0,1.25,unspecified,False,0.5,0.48,0.56,0.42,0.454,0.986,1.0,0.78,0.769,0.0,0.0,0.0,0.0,0.0,1.0,1.0,0.0,0.001,0.3616,0.3511,-0.0105,0.3511,0.8397,0.1594,3.0,0.0,0.04,1.686,1.756,0.0005,0.3559,0.671,0.2759,0.1159,0.7745,0.1881,1.54,0.491,mixed-rural-urban,0.0,0.101,0.831,0.8031,0.8631,0.5148,0.2367,0.0,60.7,False
BWA,Botswana,Kgalagadi,largest_baseline_category,2.8,2.38,2.8,2.38,2.0,1.95,-0.05,1.95,0.0,1.95,1.95,1.95,1.95,0.0,50423,67129,0.0,0.0,0.0,1.25,unspecified,False,0.5,0.48,0.56,0.42,0.454,0.952,1.0,0.78,0.761,0.0,0.0,0.0,0.0,0.0,1.0,1.0,0.0,0.001,0.3616,0.3511,-0.0105,0.3511,0.8397,0.1594,1.98,-0.02,0.03,1.686,1.756,0.0005,0.3559,0.671,0.2759,0.1159,0.7745,0.1881,1.54,0.491,mixed-rural-urban,0.0,0.101,0.831,0.8031,0.8631,0.5148,0.2367,0.0,60.7,False
BWA,Botswana,Herero,largest_baseline_category,2.8,2.38,2.8,2.38,1.5,1.46,-0.04,1.46,0.0,1.46,1.46,1.46,1.46,0.0,37817,50347,0.0,0.0,0.0,1.25,unspecified,False,0.5,0.48,0.56,0.42,0.454,0.93,1.0,0.78,0.756,0.0,0.0,0.0,0.0,0.0,1.0,1.0,0.0,0.001,0.3616,0.3511,-0.0105,0.3511,0.8397,0.1594,1.49,-0.01,0.02,1.686,1.756,0.0005,0.3559,0.671,0.2759,0.1159,0.7745,0.1881,1.54,0.491,mixed-rural-urban,0.0,0.101,0.831,0.8031,0.8631,0.5148,0.2367,0.0,60.7,False
BWA,Botswana,White (European),lower_fertility_path,2.2,2.14,2.8,2.38,1.5,1.2,-0.3,1.2,0.0,1.2,1.19,1.19,1.2,0.02,37817,41089,0.0,0.0,0.0,1.25,unspecified,False,0.5,0.48,0.56,0.42,0.454,0.93,1.0,0.78,0.756,0.0,0.0,0.0,0.0,0.0,1.0,1.0,0.0,0.001,0.3616,0.3511,-0.0105,0.3511,0.8397,0.1594,1.26,-0.24,0.06,1.686,1.756,0.0005,0.3559,0.671,0.2759,0.1159,0.7745,0.1881,1.54,0.491,mixed-rural-urban,0.0,0.101,0.831,0.8031,0.8631,0.5148,0.2367,0.0,60.7,False
BWA,Botswana,Other,identity_category_transition,2.8,2.38,2.8,2.38,2.0,1.97,-0.03,1.97,0.0,1.97,1.98,1.97,1.98,0.0,50423,67884,0.0,0.0,0.0,1.25,unspecified,False,0.5,0.48,0.56,0.42,0.454,0.952,1.0,0.78,0.761,0.0,0.0,0.0,0.0,0.0,1.0,1.0,0.0,0.001,0.3616,0.3511,-0.0105,0.3511,0.8397,0.1594,2.0,0.0,0.03,1.686,1.756,0.0005,0.3559,0.671,0.2759,0.1159,0.7745,0.1881,1.54,0.491,mixed-rural-urban,0.0,0.101,0.831,0.8031,0.8631,0.5148,0.2367,0.0,60.7,False
CAF,Central African Rep.,Baya,largest_baseline_category,5.6,4.03,5.6,4.03,33.0,34.71,1.71,34.71,0.0,34.71,34.71,34.71,34.71,0.0,1759128,3685398,0.0,0.0,0.0,1.25,unspecified,False,0.5,0.48,0.56,0.42,0.454,1.243,1.0,0.78,0.826,0.0,0.0,0.0,0.0,0.0,1.0,1.0,0.0,0.001,0.7828,0.7767,-0.0061,0.7767,2.4675,0.327,33.77,0.77,-0.94,2.08,2.346,0.0005,0.7802,0.3103,0.2172,0.1179,0.5906,0.284,4.48,0.327,rural-heavy,0.0,0.0814,0.6184,0.4452,0.4416,0.0184,0.72,0.0,50.88,True
CAF,Central African Rep.,Banda,largest_baseline_category,5.6,4.03,5.6,4.03,27.0,26.3,-0.7,26.3,0.0,26.3,26.3,26.3,26.3,0.0,1439287,2792295,0.0,0.0,0.0,1.25,unspecified,False,0.5,0.48,0.56,0.42,0.454,1.22,1.0,0.78,0.821,0.0,0.0,0.0,0.0,0.0,1.0,1.0,0.0,0.001,0.7828,0.7767,-0.0061,0.7767,2.4675,0.327,26.68,-0.32,0.38,2.08,2.346,0.0005,0.7802,0.3103,0.2172,0.1179,0.5906,0.284,4.48,0.327,rural-heavy,0.0,0.0814,0.6184,0.4452,0.4416,0.0184,0.72,0.0,50.88,False
CAF,Central African Rep.,Mandjia,largest_baseline_category,5.6,4.03,5.6,4.03,13.0,12.66,-0.34,12.66,0.0,12.66,12.66,12.66,12.66,0.0,692990,1344438,0.0,0.0,0.0,1.25,unspecified,False,0.5,0.48,0.56,0.42,0.454,1.137,1.0,0.78,0.802,0.0,0.0,0.0,0.0,0.0,1.0,1.0,0.0,0.001,0.7828,0.7767,-0.0061,0.7767,2.4675,0.327,12.85,-0.15,0.18,2.08,2.346,0.0005,0.7802,0.3103,0.2172,0.1179,0.5906,0.284,4.48,0.327,rural-heavy,0.0,0.0814,0.6184,0.4452,0.4416,0.0184,0.72,0.0,50.88,False
CAF,Central African Rep.,Sara,largest_baseline_category,5.6,4.03,5.6,4.03,10.0,9.74,-0.26,9.74,0.0,9.74,9.74,9.74,9.74,0.0,533069,1034183,0.0,0.0,0.0,1.25,unspecified,False,0.5,0.48,0.56,0.42,0.454,1.108,1.0,0.78,0.796,0.0,0.0,0.0,0.0,0.0,1.0,1.0,0.0,0.001,0.7828,0.7767,-0.0061,0.7767,2.4675,0.327,9.88,-0.12,0.14,2.08,2.346,0.0005,0.7802,0.3103,0.2172,0.1179,0.5906,0.284,4.48,0.327,rural-heavy,0.0,0.0814,0.6184,0.4452,0.4416,0.0184,0.72,0.0,50.88,False
CAF,Central African Rep.,Mboum,largest_baseline_category,5.6,4.03,5.6,4.03,7.0,6.82,-0.18,6.82,0.0,6.82,6.82,6.82,6.82,0.0,373148,723928,0.0,0.0,0.0,1.25,unspecified,False,0.5,0.48,0.56,0.42,0.454,1.07,1.0,0.78,0.787,0.0,0.0,0.0,0.0,0.0,1.0,1.0,0.0,0.001,0.7828,0.7767,-0.0061,0.7767,2.4675,0.327,6.92,-0.08,0.1,2.08,2.346,0.0005,0.7802,0.3103,0.2172,0.1179,0.5906,0.284,4.48,0.327,rural-heavy,0.0,0.0814,0.6184,0.4452,0.4416,0.0184,0.72,0.0,50.88,False
CAF,Central African Rep.,M'Baka,largest_baseline_category,5.6,4.03,5.6,4.03,4.0,3.9,-0.1,3.9,0.0,3.9,3.9,3.9,3.9,0.0,213228,413673,0.0,0.0,0.0,1.25,unspecified,False,0.5,0.48,0.56,0.42,0.454,1.013,1.0,0.78,0.775,0.0,0.0,0.0,0.0,0.0,1.0,1.0,0.0,0.001,0.7828,0.7767,-0.0061,0.7767,2.4675,0.327,3.95,-0.05,0.06,2.08,2.346,0.0005,0.7802,0.3103,0.2172,0.1179,0.5906,0.284,4.48,0.327,rural-heavy,0.0,0.0814,0.6184,0.4452,0.4416,0.0184,0.72,0.0,50.88,False
CAF,Central African Rep.,Yakoma,largest_baseline_category,5.6,4.03,5.6,4.03,4.0,3.9,-0.1,3.9,0.0,3.9,3.9,3.9,3.9,0.0,213228,413673,0.0,0.0,0.0,1.25,unspecified,False,0.5,0.48,0.56,0.42,0.454,1.013,1.0,0.78,0.775,0.0,0.0,0.0,0.0,0.0,1.0,1.0,0.0,0.001,0.7828,0.7767,-0.0061,0.7767,2.4675,0.327,3.95,-0.05,0.06,2.08,2.346,0.0005,0.7802,0.3103,0.2172,0.1179,0.5906,0.284,4.48,0.327,rural-heavy,0.0,0.0814,0.6184,0.4452,0.4416,0.0184,0.72,0.0,50.88,False
CAF,Central African Rep.,Other,identity_category_transition,5.6,4.03,5.6,4.03,2.0,1.97,-0.03,1.97,0.0,1.97,1.97,1.97,1.97,0.0,106614,209163,0.0,0.0,0.0,1.25,unspecified,False,0.5,0.48,0.56,0.42,0.454,0.952,1.0,0.78,0.761,0.0,0.0,0.0,0.0,0.0,1.0,1.0,0.0,0.001,0.7828,0.7767,-0.0061,0.7767,2.4675,0.327,2.0,-0.0,0.03,2.08,2.346,0.0005,0.7802,0.3103,0.2172,0.1179,0.5906,0.284,4.48,0.327,rural-heavy,0.0,0.0814,0.6184,0.4452,0.4416,0.0184,0.72,0.0,50.88,False
CAN,Canada,White (European),largest_baseline_category,1.4,1.61,1.4,1.61,67.0,50.77,-16.23,63.93,-13.16,55.08,47.16,47.16,55.08,7.92,26627427,23160333,0.3,0.0,0.0,1.984,unspecified,False,0.5,0.48,0.56,0.42,0.747,1.3,1.0,0.92,1.062,0.0,1.3,0.0,1.055,0.865,1.3,1.437,0.14,0.001,0.5418,0.7159,0.1741,0.7159,2.2593,0.112,46.32,-20.68,-4.45,2.388,2.429,0.0005,0.753,0.8262,0.4807,0.0988,0.9089,0.1935,3.52,0.754,urbanizing-majority,0.074,0.0028,0.963,0.9162,0.9469,0.7653,0.2527,0.6744,66.94,True
CAN,Canada,South Asian (Indian),migration_linked,1.7,1.73,1.4,1.61,5.2,11.92,6.72,5.57,6.35,9.74,12.76,9.74,12.76,3.02,2066606,5437788,0.3,0.0,0.0,1.984,IND;PAK;BGD;LKA;NPL,True,0.718,0.719,0.752,0.684,0.747,1.039,1.126,0.92,1.212,0.0,1.3,0.0,1.055,0.865,1.3,1.437,0.14,0.001,0.5418,0.7159,0.1741,0.7159,2.2593,0.112,10.88,5.68,-1.04,2.388,2.429,0.0005,0.753,0.8262,0.4807,0.0988,0.9089,0.1935,3.52,0.754,urbanizing-majority,0.074,0.0028,0.963,0.9162,0.9469,0.7653,0.2527,0.6744,66.94,False
CAN,Canada,South Asian (Pakistani),higher_fertility_path,2.2,1.93,1.4,1.61,1.0,1.97,0.97,1.3,0.67,1.75,2.29,1.75,2.29,0.54,397424,897737,0.3,0.0,0.0,1.984,PAK,True,0.769,0.814,0.7,0.74,0.747,0.903,1.28,0.92,1.251,0.0,1.3,0.0,1.055,0.865,1.3,1.437,0.14,0.001,0.5418,0.7159,0.1741,0.7159,2.2593,0.112,1.74,0.74,-0.23,2.388,2.429,0.0005,0.753,0.8262,0.4807,0.0988,0.9089,0.1935,3.52,0.754,urbanizing-majority,0.074,0.0028,0.963,0.9162,0.9469,0.7653,0.2527,0.6744,66.94,False
CAN,Canada,South Asian (Sri Lankan),migration_linked,1.9,1.81,1.4,1.61,0.6,0.96,0.36,0.7,0.26,0.88,1.08,0.88,1.08,0.2,238455,436633,0.3,0.0,0.0,1.984,IND;PAK;BGD;LKA;NPL,True,0.718,0.719,0.752,0.684,0.747,0.876,1.126,0.92,1.109,0.0,1.3,0.0,1.055,0.865,1.3,1.437,0.14,0.001,0.5418,0.7159,0.1741,0.7159,2.2593,0.112,0.86,0.26,-0.1,2.388,2.429,0.0005,0.753,0.8262,0.4807,0.0988,0.9089,0.1935,3.52,0.754,urbanizing-majority,0.074,0.0028,0.963,0.9162,0.9469,0.7653,0.2527,0.6744,66.94,False
CAN,Canada,South Asian (Other),migration_linked,1.8,1.77,1.4,1.61,0.8,1.26,0.46,0.89,0.36,1.14,1.43,1.14,1.43,0.28,317939,573013,0.3,0.0,0.0,1.984,IND;PAK;BGD;LKA;NPL,True,0.718,0.719,0.752,0.684,0.747,0.891,1.126,0.92,1.118,0.0,1.3,0.0,1.055,0.865,1.3,1.437,0.14,0.001,0.5418,0.7159,0.1741,0.7159,2.2593,0.112,1.14,0.34,-0.12,2.388,2.429,0.0005,0.753,0.8262,0.4807,0.0988,0.9089,0.1935,3.52,0.754,urbanizing-majority,0.074,0.0028,0.963,0.9162,0.9469,0.7653,0.2527,0.6744,66.94,False
CAN,Canada,Chinese,migration_linked,1.2,1.53,1.4,1.61,4.9,5.53,0.63,4.16,1.37,5.17,6.12,5.17,6.12,0.95,1947379,2523654,0.3,0.0,0.0,1.984,CHN,True,0.52,0.502,0.58,0.45,0.747,1.033,1.14,0.92,1.033,0.0,1.3,0.0,1.055,0.865,1.3,1.437,0.14,0.001,0.5418,0.7159,0.1741,0.7159,2.2593,0.112,5.26,0.36,-0.27,2.388,2.429,0.0005,0.753,0.8262,0.4807,0.0988,0.9089,0.1935,3.52,0.754,urbanizing-majority,0.074,0.0028,0.963,0.9162,0.9469,0.7653,0.2527,0.6744,66.94,False
CAN,Canada,Black (African),higher_fertility_path,2.2,1.93,1.4,1.61,2.4,4.57,2.17,3.1,1.47,4.09,5.16,4.09,5.16,1.07,953818,2086912,0.3,0.0,0.0,1.984,unspecified,True,0.5,0.48,0.56,0.42,0.747,0.967,1.0,0.92,0.931,0.0,1.3,0.0,1.055,0.865,1.3,1.437,0.14,0.001,0.5418,0.7159,0.1741,0.7159,2.2593,0.112,4.04,1.64,-0.53,2.388,2.429,0.0005,0.753,0.8262,0.4807,0.0988,0.9089,0.1935,3.52,0.754,urbanizing-majority,0.074,0.0028,0.963,0.9162,0.9469,0.7653,0.2527,0.6744,66.94,False
CAN,Canada,Black (Caribbean),higher_fertility_path,1.9,1.81,1.4,1.61,2.0,2.5,0.5,2.32,0.18,2.46,2.6,2.46,2.6,0.14,794849,1141039,0.3,0.0,0.0,1.984,unspecified,True,0.5,0.48,0.56,0.42,0.747,0.952,1.0,0.92,0.925,0.0,1.3,0.0,1.055,0.865,1.3,1.437,0.14,0.001,0.5418,0.7159,0.1741,0.7159,2.2593,0.112,2.25,0.25,-0.25,2.388,2.429,0.0005,0.753,0.8262,0.4807,0.0988,0.9089,0.1935,3.52,0.754,urbanizing-majority,0.074,0.0028,0.963,0.9162,0.9469,0.7653,0.2527,0.6744,66.94,False
CAN,Canada,Filipino,migration_linked,1.4,1.61,1.4,1.61,2.6,5.0,2.4,2.44,2.56,4.1,5.54,4.1,5.54,1.44,1033303,2279276,0.3,0.0,0.0,1.984,PHL,True,0.759,0.718,0.88,0.64,0.747,0.974,1.28,0.92,1.296,0.0,1.3,0.0,1.055,0.865,1.3,1.437,0.14,0.001,0.5418,0.7159,0.1741,0.7159,2.2593,0.112,4.67,2.07,-0.33,2.388,2.429,0.0005,0.753,0.8262,0.4807,0.0988,0.9089,0.1935,3.52,0.754,urbanizing-majority,0.074,0.0028,0.963,0.9162,0.9469,0.7653,0.2527,0.6744,66.94,False
CAN,Canada,Arab,higher_fertility_path,2.3,1.97,1.4,1.61,2.1,3.53,1.43,2.82,0.72,3.31,3.88,3.31,3.88,0.57,834591,1612376,0.3,0.0,0.0,1.984,unspecified,True,0.5,0.48,0.56,0.42,0.747,0.956,1.0,0.92,0.927,0.0,1.3,0.0,1.055,0.865,1.3,1.437,0.14,0.001,0.5418,0.7159,0.1741,0.7159,2.2593,0.112,3.1,1.0,-0.43,2.388,2.429,0.0005,0.753,0.8262,0.4807,0.0988,0.9089,0.1935,3.52,0.754,urbanizing-majority,0.074,0.0028,0.963,0.9162,0.9469,0.7653,0.2527,0.6744,66.94,False
CAN,Canada,Indigenous: First Nations,higher_fertility_path,2.0,1.85,1.4,1.61,3.0,2.85,-0.15,3.6,-0.75,3.07,2.66,2.66,3.07,0.41,1192273,1299980,0.3,0.0,0.0,1.984,unspecified,False,0.5,0.48,0.56,0.42,0.747,0.986,1.0,0.92,0.939,0.0,1.3,0.0,1.055,0.865,1.3,1.437,0.14,0.001,0.5418,0.7159,0.1741,0.7159,2.2593,0.112,2.54,-0.46,-0.31,2.388,2.429,0.0005,0.753,0.8262,0.4807,0.0988,0.9089,0.1935,3.52,0.754,urbanizing-majority,0.074,0.0028,0.963,0.9162,0.9469,0.7653,0.2527,0.6744,66.94,False
CAN,Canada,Indigenous: Métis,higher_fertility_path,1.8,1.77,1.4,1.61,1.7,1.49,-0.21,1.89,-0.4,1.62,1.39,1.39,1.62,0.22,675621,681653,0.3,0.0,0.0,1.984,unspecified,False,0.5,0.48,0.56,0.42,0.747,0.939,1.0,0.92,0.92,0.0,1.3,0.0,1.055,0.865,1.3,1.437,0.14,0.001,0.5418,0.7159,0.1741,0.7159,2.2593,0.112,1.35,-0.35,-0.14,2.388,2.429,0.0005,0.753,0.8262,0.4807,0.0988,0.9089,0.1935,3.52,0.754,urbanizing-majority,0.074,0.0028,0.963,0.9162,0.9469,0.7653,0.2527,0.6744,66.94,False
CAN,Canada,Indigenous: Inuit,higher_fertility_path,2.5,2.05,1.4,1.61,0.3,0.34,0.04,0.43,-0.09,0.36,0.32,0.32,0.36,0.05,119227,154656,0.3,0.0,0.0,1.984,unspecified,False,0.5,0.48,0.56,0.42,0.747,0.851,1.0,0.92,0.885,0.0,1.3,0.0,1.055,0.865,1.3,1.437,0.14,0.001,0.5418,0.7159,0.1741,0.7159,2.2593,0.112,0.29,-0.01,-0.04,2.388,2.429,0.0005,0.753,0.8262,0.4807,0.0988,0.9089,0.1935,3.52,0.754,urbanizing-majority,0.074,0.0028,0.963,0.9162,0.9469,0.7653,0.2527,0.6744,66.94,False
CAN,Canada,Korean,migration_linked,1.0,1.45,1.4,1.61,0.5,0.44,-0.06,0.38,0.06,0.43,0.46,0.43,0.46,0.03,198712,200364,0.3,0.0,0.0,1.984,unspecified,True,0.5,0.48,0.56,0.42,0.747,0.869,1.0,0.92,0.892,0.0,1.3,0.0,1.055,0.865,1.3,1.437,0.14,0.001,0.5418,0.7159,0.1741,0.7159,2.2593,0.112,0.43,-0.07,-0.01,2.388,2.429,0.0005,0.753,0.8262,0.4807,0.0988,0.9089,0.1935,3.52,0.754,urbanizing-majority,0.074,0.0028,0.963,0.9162,0.9469,0.7653,0.2527,0.6744,66.94,False
CAN,Canada,Japanese,migration_linked,0.9,1.41,1.4,1.61,0.2,0.13,-0.07,0.14,-0.01,0.14,0.13,0.13,0.14,0.01,79485,60059,0.3,0.0,0.0,1.984,unspecified,True,0.5,0.48,0.56,0.42,0.747,0.842,1.0,0.92,0.882,0.0,1.3,0.0,1.055,0.865,1.3,1.437,0.14,0.001,0.5418,0.7159,0.1741,0.7159,2.2593,0.112,0.13,-0.07,-0.0,2.388,2.429,0.0005,0.753,0.8262,0.4807,0.0988,0.9089,0.1935,3.52,0.754,urbanizing-majority,0.074,0.0028,0.963,0.9162,0.9469,0.7653,0.2527,0.6744,66.94,False
CAN,Canada,Latin American,migration_linked,1.4,1.61,1.4,1.61,1.0,1.17,0.17,0.94,0.23,1.11,1.27,1.11,1.27,0.16,397424,534305,0.3,0.0,0.0,1.984,unspecified,True,0.5,0.48,0.56,0.42,0.747,0.903,1.0,0.92,0.906,0.0,1.3,0.0,1.055,0.865,1.3,1.437,0.14,0.001,0.5418,0.7159,0.1741,0.7159,2.2593,0.112,1.09,0.09,-0.08,2.388,2.429,0.0005,0.753,0.8262,0.4807,0.0988,0.9089,0.1935,3.52,0.754,urbanizing-majority,0.074,0.0028,0.963,0.9162,0.9469,0.7653,0.2527,0.6744,66.94,False
CAN,Canada,Southeast Asian,migration_linked,1.4,1.61,1.4,1.61,1.2,1.41,0.21,1.13,0.28,1.33,1.53,1.33,1.53,0.2,476909,642535,0.3,0.0,0.0,1.984,unspecified,True,0.5,0.48,0.56,0.42,0.747,0.915,1.0,0.92,0.91,0.0,1.3,0.0,1.055,0.865,1.3,1.437,0.14,0.001,0.5418,0.7159,0.1741,0.7159,2.2593,0.112,1.32,0.12,-0.09,2.388,2.429,0.0005,0.753,0.8262,0.4807,0.0988,0.9089,0.1935,3.52,0.754,urbanizing-majority,0.074,0.0028,0.963,0.9162,0.9469,0.7653,0.2527,0.6744,66.94,False
CAN,Canada,West Asian (Iranian/Afghan/Turkish),migration_linked,2.0,1.85,1.4,1.61,1.0,1.62,0.62,1.21,0.41,1.49,1.81,1.49,1.81,0.32,397424,737272,0.3,0.0,0.0,1.984,AFG,True,0.667,0.804,0.42,0.86,0.747,0.903,1.0,0.92,1.025,0.0,1.3,0.0,1.055,0.865,1.3,1.437,0.14,0.001,0.5418,0.7159,0.1741,0.7159,2.2593,0.112,1.44,0.44,-0.17,2.388,2.429,0.0005,0.753,0.8262,0.4807,0.0988,0.9089,0.1935,3.52,0.754,urbanizing-majority,0.074,0.0028,0.963,0.9162,0.9469,0.7653,0.2527,0.6744,66.94,False
CAN,Canada,Multiple origins,identity_category_transition,1.4,1.61,1.4,1.61,1.5,1.68,0.18,2.13,-0.44,1.83,1.56,1.56,1.83,0.27,596136,768068,0.3,0.0,0.0,1.984,unspecified,False,0.5,0.48,0.56,0.42,0.747,0.93,1.0,0.92,0.916,0.0,1.3,0.0,1.055,0.865,1.3,1.437,0.14,0.001,0.5418,0.7159,0.1741,0.7159,2.2593,0.112,10.34,8.84,8.65,2.388,2.429,0.0005,0.753,0.8262,0.4807,0.0988,0.9089,0.1935,3.52,0.754,urbanizing-majority,0.074,0.0028,0.963,0.9162,0.9469,0.7653,0.2527,0.6744,66.94,False
CAN,Canada,Other,migration_linked,1.4,1.61,1.4,1.61,1.0,0.86,-0.14,0.94,-0.07,0.9,0.85,0.85,0.9,0.05,397424,394226,0.3,0.0,0.0,1.984,unspecified,True,0.5,0.48,0.56,0.42,0.747,0.903,1.0,0.92,0.906,0.0,1.3,0.0,1.055,0.865,1.3,1.437,0.14,0.001,0.5418,0.7159,0.1741,0.7159,2.2593,0.112,0.81,-0.19,-0.06,2.388,2.429,0.0005,0.753,0.8262,0.4807,0.0988,0.9089,0.1935,3.52,0.754,urbanizing-majority,0.074,0.0028,0.963,0.9162,0.9469,0.7653,0.2527,0.6744,66.94,False
CHE,Switzerland,Swiss,largest_baseline_category,1.4,1.61,1.4,1.61,69.2,65.06,-4.14,69.23,-4.16,66.39,63.45,63.45,66.39,2.94,6174009,6078755,0.3,0.238,0.155,2.037,unspecified,False,0.5,0.48,0.56,0.42,0.699,1.3,1.0,0.78,0.994,0.0,0.0,0.0,0.62,0.397,1.0,1.136,0.07,0.001,0.5128,0.5665,0.0537,0.5665,1.6358,0.1116,64.65,-4.55,-0.42,2.175,2.178,0.0005,0.5717,0.8072,0.4834,0.1097,0.8574,0.191,2.31,0.745,urbanizing-majority,0.076,-0.0026,0.974,0.9307,0.9987,0.8001,0.288,0.7376,66.16,True
CHE,Switzerland,German,migration_linked,1.3,1.57,1.4,1.61,4.2,4.31,0.11,3.94,0.37,4.21,4.43,4.21,4.43,0.22,374723,403063,0.3,0.238,0.155,2.037,unspecified,True,0.5,0.48,0.56,0.42,0.699,1.018,1.0,0.78,0.898,0.0,0.0,0.0,0.62,0.397,1.0,1.136,0.07,0.001,0.5128,0.5665,0.0537,0.5665,1.6358,0.1116,4.42,0.22,0.11,2.175,2.178,0.0005,0.5717,0.8072,0.4834,0.1097,0.8574,0.191,2.31,0.745,urbanizing-majority,0.076,-0.0026,0.974,0.9307,0.9987,0.8001,0.288,0.7376,66.16,False
CHE,Switzerland,Italian,migration_linked,1.3,1.57,1.4,1.61,3.2,3.28,0.08,3.0,0.28,3.21,3.37,3.21,3.37,0.16,285503,306663,0.3,0.238,0.155,2.037,unspecified,True,0.5,0.48,0.56,0.42,0.699,0.992,1.0,0.78,0.889,0.0,0.0,0.0,0.62,0.397,1.0,1.136,0.07,0.001,0.5128,0.5665,0.0537,0.5665,1.6358,0.1116,3.36,0.16,0.08,2.175,2.178,0.0005,0.5717,0.8072,0.4834,0.1097,0.8574,0.191,2.31,0.745,urbanizing-majority,0.076,-0.0026,0.974,0.9307,0.9987,0.8001,0.288,0.7376,66.16,False
CHE,Switzerland,Portuguese,migration_linked,1.3,1.57,1.4,1.61,2.5,2.98,0.48,2.35,0.63,2.78,3.21,2.78,3.21,0.43,223049,277953,0.3,0.238,0.155,2.037,unspecified,True,0.5,0.48,0.56,0.42,0.699,0.97,1.0,0.78,0.882,0.0,0.0,0.0,0.62,0.397,1.0,1.136,0.07,0.001,0.5128,0.5665,0.0537,0.5665,1.6358,0.1116,3.05,0.55,0.07,2.175,2.178,0.0005,0.5717,0.8072,0.4834,0.1097,0.8574,0.191,2.31,0.745,urbanizing-majority,0.076,-0.0026,0.974,0.9307,0.9987,0.8001,0.288,0.7376,66.16,False
CHE,Switzerland,French,migration_linked,1.3,1.57,1.4,1.61,2.1,2.15,0.05,1.97,0.18,2.1,2.2,2.1,2.2,0.1,187362,200845,0.3,0.238,0.155,2.037,unspecified,True,0.5,0.48,0.56,0.42,0.699,0.956,1.0,0.78,0.877,0.0,0.0,0.0,0.62,0.397,1.0,1.136,0.07,0.001,0.5128,0.5665,0.0537,0.5665,1.6358,0.1116,2.2,0.1,0.05,2.175,2.178,0.0005,0.5717,0.8072,0.4834,0.1097,0.8574,0.191,2.31,0.745,urbanizing-majority,0.076,-0.0026,0.974,0.9307,0.9987,0.8001,0.288,0.7376,66.16,False
CHE,Switzerland,Kosovar Albanian,higher_fertility_path,2.0,1.85,1.4,1.61,1.1,1.31,0.21,1.39,-0.09,1.33,1.28,1.28,1.33,0.04,98142,122256,0.3,0.238,0.155,2.037,unspecified,False,0.5,0.48,0.56,0.42,0.699,0.909,1.0,0.78,0.861,0.0,0.0,0.0,0.62,0.397,1.0,1.136,0.07,0.001,0.5128,0.5665,0.0537,0.5665,1.6358,0.1116,1.27,0.17,-0.04,2.175,2.178,0.0005,0.5717,0.8072,0.4834,0.1097,0.8574,0.191,2.31,0.745,urbanizing-majority,0.076,-0.0026,0.974,0.9307,0.9987,0.8001,0.288,0.7376,66.16,False
CHE,Switzerland,Spanish,migration_linked,1.3,1.57,1.4,1.61,1.1,1.12,0.02,1.03,0.09,1.1,1.15,1.1,1.15,0.05,98142,104934,0.3,0.238,0.155,2.037,unspecified,True,0.5,0.48,0.56,0.42,0.699,0.909,1.0,0.78,0.861,0.0,0.0,0.0,0.62,0.397,1.0,1.136,0.07,0.001,0.5128,0.5665,0.0537,0.5665,1.6358,0.1116,1.15,0.05,0.03,2.175,2.178,0.0005,0.5717,0.8072,0.4834,0.1097,0.8574,0.191,2.31,0.745,urbanizing-majority,0.076,-0.0026,0.974,0.9307,0.9987,0.8001,0.288,0.7376,66.16,False
CHE,Switzerland,Turkish,higher_fertility_path,2.15,1.91,1.4,1.61,1.0,1.26,0.26,1.34,-0.08,1.27,1.24,1.24,1.27,0.04,89220,117411,0.3,0.238,0.155,2.037,unspecified,False,0.5,0.48,0.56,0.42,0.699,0.903,1.0,0.78,0.859,0.0,0.0,0.0,0.62,0.397,1.0,1.136,0.07,0.001,0.5128,0.5665,0.0537,0.5665,1.6358,0.1116,1.21,0.21,-0.05,2.175,2.178,0.0005,0.5717,0.8072,0.4834,0.1097,0.8574,0.191,2.31,0.745,urbanizing-majority,0.076,-0.0026,0.974,0.9307,0.9987,0.8001,0.288,0.7376,66.16,False
CHE,Switzerland,Serbian,migration_linked,1.4,1.61,1.4,1.61,0.8,0.86,0.06,0.79,0.07,0.84,0.88,0.84,0.88,0.04,71376,80000,0.3,0.238,0.155,2.037,unspecified,True,0.5,0.48,0.56,0.42,0.699,0.891,1.0,0.78,0.854,0.0,0.0,0.0,0.62,0.397,1.0,1.136,0.07,0.001,0.5128,0.5665,0.0537,0.5665,1.6358,0.1116,0.87,0.07,0.01,2.175,2.178,0.0005,0.5717,0.8072,0.4834,0.1097,0.8574,0.191,2.31,0.745,urbanizing-majority,0.076,-0.0026,0.974,0.9307,0.9987,0.8001,0.288,0.7376,66.16,False
CHE,Switzerland,Eritrean,higher_fertility_path,1.75,1.75,1.4,1.61,0.8,0.89,0.09,0.92,-0.03,0.9,0.88,0.88,0.9,0.01,71376,83141,0.3,0.238,0.155,2.037,ETH,True,0.71,0.81,0.52,0.76,0.699,0.891,1.0,0.78,0.982,0.0,0.0,0.0,0.62,0.397,1.0,1.136,0.07,0.001,0.5128,0.5665,0.0537,0.5665,1.6358,0.1116,0.88,0.08,-0.01,2.175,2.178,0.0005,0.5717,0.8072,0.4834,0.1097,0.8574,0.191,2.31,0.745,urbanizing-majority,0.076,-0.0026,0.974,0.9307,0.9987,0.8001,0.288,0.7376,66.16,False
CHE,Switzerland,Albanian,migration_linked,1.4,1.61,1.4,1.61,1.4,1.87,0.47,1.38,0.49,1.71,2.07,1.71,2.07,0.36,124908,174825,0.3,0.238,0.155,2.037,unspecified,True,0.5,0.48,0.56,0.42,0.699,0.925,1.0,0.78,0.866,0.0,0.0,0.0,0.62,0.397,1.0,1.136,0.07,0.001,0.5128,0.5665,0.0537,0.5665,1.6358,0.1116,1.9,0.5,0.03,2.175,2.178,0.0005,0.5717,0.8072,0.4834,0.1097,0.8574,0.191,2.31,0.745,urbanizing-majority,0.076,-0.0026,0.974,0.9307,0.9987,0.8001,0.288,0.7376,66.16,False
CHE,Switzerland,Romanian,migration_linked,1.4,1.61,1.4,1.61,1.3,1.39,0.09,1.28,0.11,1.36,1.43,1.36,1.43,0.07,115986,130210,0.3,0.238,0.155,2.037,unspecified,True,0.5,0.48,0.56,0.42,0.699,0.92,1.0,0.78,0.864,0.0,0.0,0.0,0.62,0.397,1.0,1.136,0.07,0.001,0.5128,0.5665,0.0537,0.5665,1.6358,0.1116,1.41,0.11,0.02,2.175,2.178,0.0005,0.5717,0.8072,0.4834,0.1097,0.8574,0.191,2.31,0.745,urbanizing-majority,0.076,-0.0026,0.974,0.9307,0.9987,0.8001,0.288,0.7376,66.16,False
CHE,Switzerland,Polish,migration_linked,1.4,1.61,1.4,1.61,1.2,1.29,0.09,1.18,0.1,1.26,1.32,1.26,1.32,0.06,107064,120159,0.3,0.238,0.155,2.037,unspecified,True,0.5,0.48,0.56,0.42,0.699,0.915,1.0,0.78,0.862,0.0,0.0,0.0,0.62,0.397,1.0,1.136,0.07,0.001,0.5128,0.5665,0.0537,0.5665,1.6358,0.1116,1.31,0.11,0.02,2.175,2.178,0.0005,0.5717,0.8072,0.4834,0.1097,0.8574,0.191,2.31,0.745,urbanizing-majority,0.076,-0.0026,0.974,0.9307,0.9987,0.8001,0.288,0.7376,66.16,False
CHE,Switzerland,Indian,migration_linked,1.8,1.77,1.4,1.61,1.1,2.18,1.08,1.29,0.89,1.86,2.61,1.86,2.61,0.75,98142,203262,0.3,0.238,0.155,2.037,IND;PAK;BGD;LKA;NPL,True,0.718,0.719,0.752,0.684,0.699,0.909,1.0,0.78,0.996,0.0,0.0,0.0,0.62,0.397,1.0,1.136,0.07,0.001,0.5128,0.5665,0.0537,0.5665,1.6358,0.1116,2.14,1.04,-0.04,2.175,2.178,0.0005,0.5717,0.8072,0.4834,0.1097,0.8574,0.191,2.31,0.745,urbanizing-majority,0.076,-0.0026,0.974,0.9307,0.9987,0.8001,0.288,0.7376,66.16,False
CHE,Switzerland,Chinese,migration_linked,1.2,1.53,1.4,1.61,0.8,0.78,-0.02,0.71,0.06,0.76,0.8,0.76,0.8,0.03,71376,72633,0.3,0.238,0.155,2.037,CHN,True,0.52,0.502,0.58,0.45,0.699,0.891,1.0,0.78,0.867,0.0,0.0,0.0,0.62,0.397,1.0,1.136,0.07,0.001,0.5128,0.5665,0.0537,0.5665,1.6358,0.1116,0.8,0.0,0.03,2.175,2.178,0.0005,0.5717,0.8072,0.4834,0.1097,0.8574,0.191,2.31,0.745,urbanizing-majority,0.076,-0.0026,0.974,0.9307,0.9987,0.8001,0.288,0.7376,66.16,False
CHE,Switzerland,Macedonian,migration_linked,1.4,1.61,1.4,1.61,0.7,0.75,0.05,0.69,0.06,0.73,0.77,0.73,0.77,0.04,62454,69974,0.3,0.238,0.155,2.037,unspecified,True,0.5,0.48,0.56,0.42,0.699,0.884,1.0,0.78,0.852,0.0,0.0,0.0,0.62,0.397,1.0,1.136,0.07,0.001,0.5128,0.5665,0.0537,0.5665,1.6358,0.1116,0.76,0.06,0.01,2.175,2.178,0.0005,0.5717,0.8072,0.4834,0.1097,0.8574,0.191,2.31,0.745,urbanizing-majority,0.076,-0.0026,0.974,0.9307,0.9987,0.8001,0.288,0.7376,66.16,False
CHE,Switzerland,Bosnian,migration_linked,1.4,1.61,1.4,1.61,0.7,0.75,0.05,0.69,0.06,0.73,0.77,0.73,0.77,0.04,62454,69974,0.3,0.238,0.155,2.037,unspecified,True,0.5,0.48,0.56,0.42,0.699,0.884,1.0,0.78,0.852,0.0,0.0,0.0,0.62,0.397,1.0,1.136,0.07,0.001,0.5128,0.5665,0.0537,0.5665,1.6358,0.1116,0.76,0.06,0.01,2.175,2.178,0.0005,0.5717,0.8072,0.4834,0.1097,0.8574,0.191,2.31,0.745,urbanizing-majority,0.076,-0.0026,0.974,0.9307,0.9987,0.8001,0.288,0.7376,66.16,False
CHE,Switzerland,Iranian,migration_linked,1.8,1.77,1.4,1.61,0.6,0.76,0.16,0.7,0.06,0.74,0.79,0.74,0.79,0.04,53532,71285,0.3,0.238,0.155,2.037,unspecified,True,0.5,0.48,0.56,0.42,0.699,0.876,1.0,0.78,0.849,0.0,0.0,0.0,0.62,0.397,1.0,1.136,0.07,0.001,0.5128,0.5665,0.0537,0.5665,1.6358,0.1116,0.75,0.15,-0.01,2.175,2.178,0.0005,0.5717,0.8072,0.4834,0.1097,0.8574,0.191,2.31,0.745,urbanizing-majority,0.076,-0.0026,0.974,0.9307,0.9987,0.8001,0.288,0.7376,66.16,False
CHE,Switzerland,Filipino,migration_linked,1.4,1.61,1.4,1.61,0.6,0.92,0.32,0.59,0.33,0.81,1.07,0.81,1.07,0.26,53532,86026,0.3,0.238,0.155,2.037,PHL,True,0.759,0.718,0.88,0.64,0.699,0.876,1.0,0.78,1.005,0.0,0.0,0.0,0.62,0.397,1.0,1.136,0.07,0.001,0.5128,0.5665,0.0537,0.5665,1.6358,0.1116,0.93,0.33,0.01,2.175,2.178,0.0005,0.5717,0.8072,0.4834,0.1097,0.8574,0.191,2.31,0.745,urbanizing-majority,0.076,-0.0026,0.974,0.9307,0.9987,0.8001,0.288,0.7376,66.16,False
CHE,Switzerland,Other,migration_linked,1.4,1.61,1.4,1.61,5.6,6.09,0.49,5.52,0.58,5.92,6.28,5.92,6.28,0.36,499631,569221,0.3,0.238,0.155,2.037,unspecified,True,0.5,0.48,0.56,0.42,0.699,1.046,1.0,0.78,0.908,0.0,0.0,0.0,0.62,0.397,1.0,1.136,0.07,0.001,0.5128,0.5665,0.0537,0.5665,1.6358,0.1116,6.18,0.58,0.09,2.175,2.178,0.0005,0.5717,0.8072,0.4834,0.1097,0.8574,0.191,2.31,0.745,urbanizing-majority,0.076,-0.0026,0.974,0.9307,0.9987,0.8001,0.288,0.7376,66.16,False
CHL,Chile,White (Spanish/European descent),lower_fertility_path,1.0,1.48,1.5,1.68,60.0,53.34,-6.66,53.34,0.0,53.59,53.08,53.08,53.59,0.51,11858864,10838428,0.257,0.0,0.0,1.652,unspecified,False,0.5,0.48,0.56,0.42,0.541,1.3,1.0,0.78,0.894,0.0,0.0,0.0,0.0,0.0,1.0,1.09,0.0,0.001,0.548,0.5987,0.0506,0.5987,1.534,0.1445,54.1,-5.9,0.77,1.933,2.017,0.0005,0.593,0.7805,0.399,0.172,0.842,0.1907,2.49,0.55,mixed-rural-urban,0.116,0.0194,0.9522,0.8758,0.8665,0.7557,0.2668,0.6344,65.2,True
CHL,Chile,Mestizo,largest_baseline_category,1.5,1.68,1.5,1.68,28.9,31.99,3.09,31.99,0.0,31.86,32.11,31.86,32.11,0.26,5712020,6499491,0.257,0.0,0.0,1.652,unspecified,False,0.5,0.48,0.56,0.42,0.541,1.228,1.0,0.78,0.875,0.0,0.0,0.0,0.0,0.0,1.0,1.09,0.0,0.001,0.548,0.5987,0.0506,0.5987,1.534,0.1445,31.73,2.83,-0.26,1.933,2.017,0.0005,0.593,0.7805,0.399,0.172,0.842,0.1907,2.49,0.55,mixed-rural-urban,0.116,0.0194,0.9522,0.8758,0.8665,0.7557,0.2668,0.6344,65.2,False
CHL,Chile,Mapuche,higher_fertility_path,1.85,1.82,1.5,1.68,9.1,11.93,2.83,11.93,0.0,11.83,12.03,11.83,12.03,0.2,1798594,2424237,0.257,0.0,0.0,1.652,unspecified,False,0.5,0.48,0.56,0.42,0.541,1.098,1.0,0.78,0.84,0.0,0.0,0.0,0.0,0.0,1.0,1.09,0.0,0.001,0.548,0.5987,0.0506,0.5987,1.534,0.1445,11.53,2.43,-0.4,1.933,2.017,0.0005,0.593,0.7805,0.399,0.172,0.842,0.1907,2.49,0.55,mixed-rural-urban,0.116,0.0194,0.9522,0.8758,0.8665,0.7557,0.2668,0.6344,65.2,False
CHL,Chile,Aymara,higher_fertility_path,1.85,1.82,1.5,1.68,1.0,1.31,0.31,1.31,0.0,1.3,1.32,1.3,1.32,0.02,197648,266400,0.257,0.0,0.0,1.652,unspecified,False,0.5,0.48,0.56,0.42,0.541,0.903,1.0,0.78,0.789,0.0,0.0,0.0,0.0,0.0,1.0,1.09,0.0,0.001,0.548,0.5987,0.0506,0.5987,1.534,0.1445,1.27,0.27,-0.04,1.933,2.017,0.0005,0.593,0.7805,0.399,0.172,0.842,0.1907,2.49,0.55,mixed-rural-urban,0.116,0.0194,0.9522,0.8758,0.8665,0.7557,0.2668,0.6344,65.2,False
CHL,Chile,Other indigenous,higher_fertility_path,2.35,2.02,1.5,1.68,0.7,1.1,0.4,1.1,0.0,1.09,1.11,1.09,1.11,0.03,138353,223522,0.257,0.0,0.0,1.652,unspecified,False,0.5,0.48,0.56,0.42,0.541,0.884,1.0,0.78,0.784,0.0,0.0,0.0,0.0,0.0,1.0,1.09,0.0,0.001,0.548,0.5987,0.0506,0.5987,1.534,0.1445,1.03,0.33,-0.07,1.933,2.017,0.0005,0.593,0.7805,0.399,0.172,0.842,0.1907,2.49,0.55,mixed-rural-urban,0.116,0.0194,0.9522,0.8758,0.8665,0.7557,0.2668,0.6344,65.2,False
CHL,Chile,Other,identity_category_transition,1.5,1.68,1.5,1.68,0.3,0.34,0.04,0.34,0.0,0.33,0.34,0.33,0.34,0.0,59294,68228,0.257,0.0,0.0,1.652,unspecified,False,0.5,0.48,0.56,0.42,0.541,0.851,1.0,0.78,0.775,0.0,0.0,0.0,0.0,0.0,1.0,1.09,0.0,0.001,0.548,0.5987,0.0506,0.5987,1.534,0.1445,0.33,0.03,-0.0,1.933,2.017,0.0005,0.593,0.7805,0.399,0.172,0.842,0.1907,2.49,0.55,mixed-rural-urban,0.116,0.0194,0.9522,0.8758,0.8665,0.7557,0.2668,0.6344,65.2,False
CHN,China,Han Chinese,largest_baseline_category,1.0,1.33,1.0,1.33,91.1,89.83,-1.27,89.83,0.0,89.87,89.78,89.78,89.87,0.09,1293001690,1132094397,0.654,0.0,0.0,1.761,CHN,False,0.52,0.502,0.58,0.45,0.559,1.3,1.0,0.78,0.92,0.0,0.0,0.0,0.0,0.0,0.5,0.614,0.0,0.001,0.1689,0.1915,0.0226,0.1915,0.4313,0.3525,89.9,-1.2,0.07,1.539,1.486,0.0005,0.1903,0.6349,0.535,0.2029,0.7105,0.383,1.24,0.626,urbanizing-majority,0.244,0.0831,0.9577,0.8031,0.8863,0.6469,0.4071,0.9279,63.2,True
CHN,China,Zhuang,higher_fertility_path,1.35,1.47,1.0,1.33,1.4,1.66,0.26,1.66,0.0,1.65,1.67,1.65,1.67,0.02,19870498,20910153,0.654,0.0,0.0,1.761,unspecified,False,0.5,0.48,0.56,0.42,0.559,0.925,1.0,0.78,0.803,0.0,0.0,0.0,0.0,0.0,0.5,0.614,0.0,0.001,0.1689,0.1915,0.0226,0.1915,0.4313,0.3525,1.64,0.24,-0.02,1.539,1.486,0.0005,0.1903,0.6349,0.535,0.2029,0.7105,0.383,1.24,0.626,urbanizing-majority,0.244,0.0831,0.9577,0.8031,0.8863,0.6469,0.4071,0.9279,63.2,False
CHN,China,Hui (Chinese Muslim),higher_fertility_path,1.15,1.39,1.0,1.33,0.8,0.85,0.05,0.85,0.0,0.85,0.86,0.85,0.86,0.0,11354570,10765872,0.654,0.0,0.0,1.761,CHN,False,0.52,0.502,0.58,0.45,0.559,0.891,1.0,0.78,0.804,0.0,0.0,0.0,0.0,0.0,0.5,0.614,0.0,0.001,0.1689,0.1915,0.0226,0.1915,0.4313,0.3525,0.86,0.06,0.0,1.539,1.486,0.0005,0.1903,0.6349,0.535,0.2029,0.7105,0.383,1.24,0.626,urbanizing-majority,0.244,0.0831,0.9577,0.8031,0.8863,0.6469,0.4071,0.9279,63.2,False
CHN,China,Manchu,lower_fertility_path,0.7,1.21,1.0,1.33,0.7,0.55,-0.15,0.55,0.0,0.55,0.54,0.54,0.55,0.01,9935249,6903726,0.654,0.0,0.0,1.761,unspecified,False,0.5,0.48,0.56,0.42,0.559,0.884,1.0,0.78,0.792,0.0,0.0,0.0,0.0,0.0,0.5,0.614,0.0,0.001,0.1689,0.1915,0.0226,0.1915,0.4313,0.3525,0.57,-0.13,0.03,1.539,1.486,0.0005,0.1903,0.6349,0.535,0.2029,0.7105,0.383,1.24,0.626,urbanizing-majority,0.244,0.0831,0.9577,0.8031,0.8863,0.6469,0.4071,0.9279,63.2,False
CHN,China,Uyghur,higher_fertility_path,1.35,1.47,1.0,1.33,0.8,0.95,0.15,0.95,0.0,0.94,0.95,0.94,0.95,0.01,11354570,11948659,0.654,0.0,0.0,1.761,unspecified,False,0.5,0.48,0.56,0.42,0.559,0.891,1.0,0.78,0.794,0.0,0.0,0.0,0.0,0.0,0.5,0.614,0.0,0.001,0.1689,0.1915,0.0226,0.1915,0.4313,0.3525,0.94,0.14,-0.01,1.539,1.486,0.0005,0.1903,0.6349,0.535,0.2029,0.7105,0.383,1.24,0.626,urbanizing-majority,0.244,0.0831,0.9577,0.8031,0.8863,0.6469,0.4071,0.9279,63.2,False
CHN,China,Miao/Hmong,higher_fertility_path,1.35,1.47,1.0,1.33,0.8,0.95,0.15,0.95,0.0,0.94,0.95,0.94,0.95,0.01,11354570,11948659,0.654,0.0,0.0,1.761,unspecified,False,0.5,0.48,0.56,0.42,0.559,0.891,1.0,0.78,0.794,0.0,0.0,0.0,0.0,0.0,0.5,0.614,0.0,0.001,0.1689,0.1915,0.0226,0.1915,0.4313,0.3525,0.94,0.14,-0.01,1.539,1.486,0.0005,0.1903,0.6349,0.535,0.2029,0.7105,0.383,1.24,0.626,urbanizing-majority,0.244,0.0831,0.9577,0.8031,0.8863,0.6469,0.4071,0.9279,63.2,False
CHN,China,Tibetan,higher_fertility_path,1.35,1.47,1.0,1.33,0.5,0.59,0.09,0.59,0.0,0.59,0.6,0.59,0.6,0.01,7096606,7467912,0.654,0.0,0.0,1.761,unspecified,False,0.5,0.48,0.56,0.42,0.559,0.869,1.0,0.78,0.788,0.0,0.0,0.0,0.0,0.0,0.5,0.614,0.0,0.001,0.1689,0.1915,0.0226,0.1915,0.4313,0.3525,0.59,0.09,-0.01,1.539,1.486,0.0005,0.1903,0.6349,0.535,0.2029,0.7105,0.383,1.24,0.626,urbanizing-majority,0.244,0.0831,0.9577,0.8031,0.8863,0.6469,0.4071,0.9279,63.2,False
CHN,China,Yi,higher_fertility_path,1.35,1.47,1.0,1.33,0.7,0.83,0.13,0.83,0.0,0.83,0.83,0.83,0.83,0.01,9935249,10455076,0.654,0.0,0.0,1.761,unspecified,False,0.5,0.48,0.56,0.42,0.559,0.884,1.0,0.78,0.792,0.0,0.0,0.0,0.0,0.0,0.5,0.614,0.0,0.001,0.1689,0.1915,0.0226,0.1915,0.4313,0.3525,0.82,0.12,-0.01,1.539,1.486,0.0005,0.1903,0.6349,0.535,0.2029,0.7105,0.383,1.24,0.626,urbanizing-majority,0.244,0.0831,0.9577,0.8031,0.8863,0.6469,0.4071,0.9279,63.2,False
CHN,China,Tujia,higher_fertility_path,1.35,1.47,1.0,1.33,0.7,0.83,0.13,0.83,0.0,0.83,0.83,0.83,0.83,0.01,9935249,10455076,0.654,0.0,0.0,1.761,unspecified,False,0.5,0.48,0.56,0.42,0.559,0.884,1.0,0.78,0.792,0.0,0.0,0.0,0.0,0.0,0.5,0.614,0.0,0.001,0.1689,0.1915,0.0226,0.1915,0.4313,0.3525,0.82,0.12,-0.01,1.539,1.486,0.0005,0.1903,0.6349,0.535,0.2029,0.7105,0.383,1.24,0.626,urbanizing-majority,0.244,0.0831,0.9577,0.8031,0.8863,0.6469,0.4071,0.9279,63.2,False
CHN,China,Other,higher_fertility_path,1.35,1.47,1.0,1.33,2.5,2.96,0.46,2.96,0.0,2.95,2.98,2.95,2.98,0.03,35483032,37339559,0.654,0.0,0.0,1.761,unspecified,False,0.5,0.48,0.56,0.42,0.559,0.97,1.0,0.78,0.815,0.0,0.0,0.0,0.0,0.0,0.5,0.614,0.0,0.001,0.1689,0.1915,0.0226,0.1915,0.4313,0.3525,2.93,0.43,-0.03,1.539,1.486,0.0005,0.1903,0.6349,0.535,0.2029,0.7105,0.383,1.24,0.626,urbanizing-majority,0.244,0.0831,0.9577,0.8031,0.8863,0.6469,0.4071,0.9279,63.2,False
CIV,Cote d'Ivoire,Akan (Baoule/Agni),largest_baseline_category,4.4,3.37,4.4,3.37,28.9,30.66,1.76,30.66,0.0,30.66,30.66,30.66,30.66,0.0,9228992,17089811,0.0,0.0,0.0,1.25,unspecified,False,0.5,0.48,0.56,0.42,0.454,1.228,1.0,0.78,0.822,0.62,0.0,0.777,0.0,0.0,1.0,1.0,0.0,0.001,0.8097,0.8041,-0.0056,0.8041,2.6166,0.2979,29.66,0.76,-1.0,2.227,2.384,0.0005,0.8072,0.4114,0.302,0.2209,0.66,0.2514,5.1,0.538,mixed-rural-urban,0.0,0.0799,0.7109,0.575,0.7093,0.1554,0.6575,0.0,53.16,True
CIV,Cote d'Ivoire,Voltaique/Gur,largest_baseline_category,4.4,3.37,4.4,3.37,16.1,15.65,-0.45,15.65,0.0,15.65,15.65,15.65,15.65,0.0,5141411,8723788,0.0,0.0,0.0,1.25,unspecified,False,0.5,0.48,0.56,0.42,0.454,1.161,1.0,0.78,0.808,0.62,0.0,0.777,0.0,0.0,1.0,1.0,0.0,0.001,0.8097,0.8041,-0.0056,0.8041,2.6166,0.2979,15.87,-0.23,0.23,2.227,2.384,0.0005,0.8072,0.4114,0.302,0.2209,0.66,0.2514,5.1,0.538,mixed-rural-urban,0.0,0.0799,0.7109,0.575,0.7093,0.1554,0.6575,0.0,53.16,False
CIV,Cote d'Ivoire,Northern Mande (Malinke),largest_baseline_category,4.4,3.37,4.4,3.37,14.5,14.09,-0.41,14.09,0.0,14.09,14.09,14.09,14.09,0.0,4630463,7856827,0.0,0.0,0.0,1.25,unspecified,False,0.5,0.48,0.56,0.42,0.454,1.149,1.0,0.78,0.805,0.62,0.0,0.777,0.0,0.0,1.0,1.0,0.0,0.001,0.8097,0.8041,-0.0056,0.8041,2.6166,0.2979,14.3,-0.2,0.2,2.227,2.384,0.0005,0.8072,0.4114,0.302,0.2209,0.66,0.2514,5.1,0.538,mixed-rural-urban,0.0,0.0799,0.7109,0.575,0.7093,0.1554,0.6575,0.0,53.16,False
CIV,Cote d'Ivoire,Krou (Bete),largest_baseline_category,4.4,3.37,4.4,3.37,8.5,8.26,-0.24,8.26,0.0,8.26,8.26,8.26,8.26,0.0,2714409,4605726,0.0,0.0,0.0,1.25,unspecified,False,0.5,0.48,0.56,0.42,0.454,1.09,1.0,0.78,0.792,0.62,0.0,0.777,0.0,0.0,1.0,1.0,0.0,0.001,0.8097,0.8041,-0.0056,0.8041,2.6166,0.2979,8.38,-0.12,0.12,2.227,2.384,0.0005,0.8072,0.4114,0.302,0.2209,0.66,0.2514,5.1,0.538,mixed-rural-urban,0.0,0.0799,0.7109,0.575,0.7093,0.1554,0.6575,0.0,53.16,False
CIV,Cote d'Ivoire,Southern Mande (Dan),largest_baseline_category,4.4,3.37,4.4,3.37,6.9,6.71,-0.19,6.71,0.0,6.71,6.71,6.71,6.71,0.0,2203462,3738766,0.0,0.0,0.0,1.25,unspecified,False,0.5,0.48,0.56,0.42,0.454,1.068,1.0,0.78,0.787,0.62,0.0,0.777,0.0,0.0,1.0,1.0,0.0,0.001,0.8097,0.8041,-0.0056,0.8041,2.6166,0.2979,6.8,-0.1,0.1,2.227,2.384,0.0005,0.8072,0.4114,0.302,0.2209,0.66,0.2514,5.1,0.538,mixed-rural-urban,0.0,0.0799,0.7109,0.575,0.7093,0.1554,0.6575,0.0,53.16,False
CIV,Cote d'Ivoire,Senoufo,largest_baseline_category,4.4,3.37,4.4,3.37,3.5,3.4,-0.1,3.4,0.0,3.4,3.4,3.4,3.4,0.0,1117698,1896476,0.0,0.0,0.0,1.25,unspecified,False,0.5,0.48,0.56,0.42,0.454,1.0,1.0,0.78,0.772,0.62,0.0,0.777,0.0,0.0,1.0,1.0,0.0,0.001,0.8097,0.8041,-0.0056,0.8041,2.6166,0.2979,3.45,-0.05,0.05,2.227,2.384,0.0005,0.8072,0.4114,0.302,0.2209,0.66,0.2514,5.1,0.538,mixed-rural-urban,0.0,0.0799,0.7109,0.575,0.7093,0.1554,0.6575,0.0,53.16,False
CIV,Cote d'Ivoire,Other,identity_category_transition,4.4,3.37,4.4,3.37,21.6,21.23,-0.37,21.23,0.0,21.23,21.23,21.23,21.23,0.0,6897793,11835590,0.0,0.0,0.0,1.25,unspecified,False,0.5,0.48,0.56,0.42,0.454,1.194,1.0,0.78,0.815,0.62,0.0,0.777,0.0,0.0,1.0,1.0,0.0,0.001,0.8097,0.8041,-0.0056,0.8041,2.6166,0.2979,21.54,-0.06,0.31,2.227,2.384,0.0005,0.8072,0.4114,0.302,0.2209,0.66,0.2514,5.1,0.538,mixed-rural-urban,0.0,0.0799,0.7109,0.575,0.7093,0.1554,0.6575,0.0,53.16,False
CMR,Cameroon,Bamileke-Bamum,largest_baseline_category,4.2,3.26,4.2,3.26,24.3,25.74,1.44,25.74,0.0,25.75,25.73,25.73,25.75,0.02,7077071,13153346,0.0,0.0,0.0,1.25,unspecified,False,0.5,0.48,0.56,0.42,0.454,1.208,1.0,0.78,0.818,0.64,0.0,0.786,0.0,0.0,1.0,1.0,0.0,0.001,0.8261,0.8243,-0.0018,0.8243,2.7353,0.2676,24.73,0.43,-1.01,2.244,2.406,0.0005,0.8262,0.4566,0.2907,0.1737,0.6798,0.2405,5.69,0.535,mixed-rural-urban,0.0,0.0916,0.7392,0.6375,0.6661,0.2265,0.6211,0.0,53.66,True
CMR,Cameroon,Fang-Beti,largest_baseline_category,4.2,3.26,4.2,3.26,19.6,18.71,-0.89,18.71,0.0,18.72,18.7,18.7,18.72,0.02,5708255,9559436,0.0,0.0,0.0,1.25,unspecified,False,0.5,0.48,0.56,0.42,0.454,1.183,1.0,0.78,0.813,0.64,0.0,0.786,0.0,0.0,1.0,1.0,0.0,0.001,0.8261,0.8243,-0.0018,0.8243,2.7353,0.2676,19.02,-0.58,0.31,2.244,2.406,0.0005,0.8262,0.4566,0.2907,0.1737,0.6798,0.2405,5.69,0.535,mixed-rural-urban,0.0,0.0916,0.7392,0.6375,0.6661,0.2265,0.6211,0.0,53.66,False
CMR,Cameroon,Biu-Mandara,largest_baseline_category,4.2,3.26,4.2,3.26,14.6,13.94,-0.66,13.94,0.0,13.94,13.93,13.93,13.94,0.01,4252067,7120804,0.0,0.0,0.0,1.25,unspecified,False,0.5,0.48,0.56,0.42,0.454,1.15,1.0,0.78,0.805,0.64,0.0,0.786,0.0,0.0,1.0,1.0,0.0,0.001,0.8261,0.8243,-0.0018,0.8243,2.7353,0.2676,14.17,-0.43,0.23,2.244,2.406,0.0005,0.8262,0.4566,0.2907,0.1737,0.6798,0.2405,5.69,0.535,mixed-rural-urban,0.0,0.0916,0.7392,0.6375,0.6661,0.2265,0.6211,0.0,53.66,False
CMR,Cameroon,Arab-Choa/Hausa,higher_fertility_path,4.85,3.52,4.2,3.26,10.7,12.0,1.3,12.0,0.0,11.96,12.04,11.96,12.04,0.08,3116241,6131613,0.0,0.0,0.0,1.25,unspecified,False,0.5,0.48,0.56,0.42,0.454,1.115,1.0,0.78,0.797,0.64,0.0,0.786,0.0,0.0,1.0,1.0,0.0,0.001,0.8261,0.8243,-0.0018,0.8243,2.7353,0.2676,11.98,1.28,-0.02,2.244,2.406,0.0005,0.8262,0.4566,0.2907,0.1737,0.6798,0.2405,5.69,0.535,mixed-rural-urban,0.0,0.0916,0.7392,0.6375,0.6661,0.2265,0.6211,0.0,53.66,False
CMR,Cameroon,Mbam,largest_baseline_category,4.2,3.26,4.2,3.26,4.6,4.39,-0.21,4.39,0.0,4.39,4.39,4.39,4.39,0.0,1339692,2243541,0.0,0.0,0.0,1.25,unspecified,False,0.5,0.48,0.56,0.42,0.454,1.027,1.0,0.78,0.778,0.64,0.0,0.786,0.0,0.0,1.0,1.0,0.0,0.001,0.8261,0.8243,-0.0018,0.8243,2.7353,0.2676,4.46,-0.14,0.07,2.244,2.406,0.0005,0.8262,0.4566,0.2907,0.1737,0.6798,0.2405,5.69,0.535,mixed-rural-urban,0.0,0.0916,0.7392,0.6375,0.6661,0.2265,0.6211,0.0,53.66,False
CMR,Cameroon,Maka-Njem,largest_baseline_category,4.2,3.26,4.2,3.26,3.3,3.15,-0.15,3.15,0.0,3.15,3.15,3.15,3.15,0.0,961084,1609497,0.0,0.0,0.0,1.25,unspecified,False,0.5,0.48,0.56,0.42,0.454,0.995,1.0,0.78,0.771,0.64,0.0,0.786,0.0,0.0,1.0,1.0,0.0,0.001,0.8261,0.8243,-0.0018,0.8243,2.7353,0.2676,3.2,-0.1,0.05,2.244,2.406,0.0005,0.8262,0.4566,0.2907,0.1737,0.6798,0.2405,5.69,0.535,mixed-rural-urban,0.0,0.0916,0.7392,0.6375,0.6661,0.2265,0.6211,0.0,53.66,False
CMR,Cameroon,Grassfields (Tikar),largest_baseline_category,4.2,3.26,4.2,3.26,3.0,2.86,-0.14,2.86,0.0,2.86,2.86,2.86,2.86,0.0,873712,1463179,0.0,0.0,0.0,1.25,unspecified,False,0.5,0.48,0.56,0.42,0.454,0.986,1.0,0.78,0.769,0.64,0.0,0.786,0.0,0.0,1.0,1.0,0.0,0.001,0.8261,0.8243,-0.0018,0.8243,2.7353,0.2676,2.91,-0.09,0.05,2.244,2.406,0.0005,0.8262,0.4566,0.2907,0.1737,0.6798,0.2405,5.69,0.535,mixed-rural-urban,0.0,0.0916,0.7392,0.6375,0.6661,0.2265,0.6211,0.0,53.66,False
CMR,Cameroon,Other,identity_category_transition,4.2,3.26,4.2,3.26,19.9,19.21,-0.69,19.21,0.0,19.22,19.2,19.2,19.22,0.02,5795626,9814908,0.0,0.0,0.0,1.25,unspecified,False,0.5,0.48,0.56,0.42,0.454,1.185,1.0,0.78,0.813,0.64,0.0,0.786,0.0,0.0,1.0,1.0,0.0,0.001,0.8261,0.8243,-0.0018,0.8243,2.7353,0.2676,19.53,-0.37,0.32,2.244,2.406,0.0005,0.8262,0.4566,0.2907,0.1737,0.6798,0.2405,5.69,0.535,mixed-rural-urban,0.0,0.0916,0.7392,0.6375,0.6661,0.2265,0.6211,0.0,53.66,False
COD,Congo (DRC),Luba,largest_baseline_category,6.0,4.25,6.0,4.25,18.0,17.34,-0.66,17.34,0.0,17.34,17.34,17.34,17.34,0.01,19669728,37848036,0.0,0.0,0.0,1.25,unspecified,False,0.5,0.48,0.56,0.42,0.454,1.173,1.0,0.78,0.81,0.0,0.0,0.841,0.0,0.0,1.0,1.0,0.0,0.001,0.8605,0.857,-0.0035,0.857,2.9532,0.3072,17.6,-0.4,0.26,2.223,2.455,0.0005,0.8592,0.3849,0.254,0.1249,0.6459,0.2514,6.99,0.424,mixed-rural-urban,0.0,0.0339,0.6546,0.5976,0.4391,0.1154,0.72,0.0,50.64,False
COD,Congo (DRC),Kongo,largest_baseline_category,6.0,4.25,6.0,4.25,16.0,15.42,-0.58,15.42,0.0,15.42,15.41,15.41,15.42,0.01,17484202,33642698,0.0,0.0,0.0,1.25,unspecified,False,0.5,0.48,0.56,0.42,0.454,1.16,1.0,0.78,0.807,0.0,0.0,0.841,0.0,0.0,1.0,1.0,0.0,0.001,0.8605,0.857,-0.0035,0.857,2.9532,0.3072,15.65,-0.35,0.23,2.223,2.455,0.0005,0.8592,0.3849,0.254,0.1249,0.6459,0.2514,6.99,0.424,mixed-rural-urban,0.0,0.0339,0.6546,0.5976,0.4391,0.1154,0.72,0.0,50.64,False
COD,Congo (DRC),Mongo,largest_baseline_category,6.0,4.25,6.0,4.25,13.8,13.3,-0.5,13.3,0.0,13.3,13.29,13.29,13.3,0.0,15080124,29016827,0.0,0.0,0.0,1.25,unspecified,False,0.5,0.48,0.56,0.42,0.454,1.143,1.0,0.78,0.804,0.0,0.0,0.841,0.0,0.0,1.0,1.0,0.0,0.001,0.8605,0.857,-0.0035,0.857,2.9532,0.3072,13.5,-0.3,0.2,2.223,2.455,0.0005,0.8592,0.3849,0.254,0.1249,0.6459,0.2514,6.99,0.424,mixed-rural-urban,0.0,0.0339,0.6546,0.5976,0.4391,0.1154,0.72,0.0,50.64,False
COD,Congo (DRC),Banyarwanda,higher_fertility_path,6.35,4.39,6.0,4.25,10.3,10.79,0.49,10.79,0.0,10.78,10.81,10.78,10.81,0.03,11255455,23553319,0.0,0.0,0.0,1.25,unspecified,False,0.5,0.48,0.56,0.42,0.454,1.111,1.0,0.78,0.797,0.0,0.0,0.841,0.0,0.0,1.0,1.0,0.0,0.001,0.8605,0.857,-0.0035,0.857,2.9532,0.3072,10.88,0.58,0.09,2.223,2.455,0.0005,0.8592,0.3849,0.254,0.1249,0.6459,0.2514,6.99,0.424,mixed-rural-urban,0.0,0.0339,0.6546,0.5976,0.4391,0.1154,0.72,0.0,50.64,False
COD,Congo (DRC),Azande,largest_baseline_category,6.0,4.25,6.0,4.25,6.1,5.88,-0.22,5.88,0.0,5.88,5.88,5.88,5.88,0.0,6665852,12826279,0.0,0.0,0.0,1.25,unspecified,False,0.5,0.48,0.56,0.42,0.454,1.055,1.0,0.78,0.784,0.0,0.0,0.841,0.0,0.0,1.0,1.0,0.0,0.001,0.8605,0.857,-0.0035,0.857,2.9532,0.3072,5.97,-0.13,0.09,2.223,2.455,0.0005,0.8592,0.3849,0.254,0.1249,0.6459,0.2514,6.99,0.424,mixed-rural-urban,0.0,0.0339,0.6546,0.5976,0.4391,0.1154,0.72,0.0,50.64,False
COD,Congo (DRC),Bangi-Ngale,largest_baseline_category,6.0,4.25,6.0,4.25,5.4,5.2,-0.2,5.2,0.0,5.2,5.2,5.2,5.2,0.0,5900918,11354411,0.0,0.0,0.0,1.25,unspecified,False,0.5,0.48,0.56,0.42,0.454,1.043,1.0,0.78,0.781,0.0,0.0,0.841,0.0,0.0,1.0,1.0,0.0,0.001,0.8605,0.857,-0.0035,0.857,2.9532,0.3072,5.28,-0.12,0.08,2.223,2.455,0.0005,0.8592,0.3849,0.254,0.1249,0.6459,0.2514,6.99,0.424,mixed-rural-urban,0.0,0.0339,0.6546,0.5976,0.4391,0.1154,0.72,0.0,50.64,False
COD,Congo (DRC),Chokwe,largest_baseline_category,6.0,4.25,6.0,4.25,4.5,4.34,-0.16,4.34,0.0,4.34,4.33,4.33,4.34,0.0,4917432,9462009,0.0,0.0,0.0,1.25,unspecified,False,0.5,0.48,0.56,0.42,0.454,1.025,1.0,0.78,0.777,0.0,0.0,0.841,0.0,0.0,1.0,1.0,0.0,0.001,0.8605,0.857,-0.0035,0.857,2.9532,0.3072,4.4,-0.1,0.07,2.223,2.455,0.0005,0.8592,0.3849,0.254,0.1249,0.6459,0.2514,6.99,0.424,mixed-rural-urban,0.0,0.0339,0.6546,0.5976,0.4391,0.1154,0.72,0.0,50.64,False
COD,Congo (DRC),Lulua,largest_baseline_category,6.0,4.25,6.0,4.25,3.0,2.89,-0.11,2.89,0.0,2.89,2.89,2.89,2.89,0.0,3278288,6308006,0.0,0.0,0.0,1.25,unspecified,False,0.5,0.48,0.56,0.42,0.454,0.986,1.0,0.78,0.769,0.0,0.0,0.841,0.0,0.0,1.0,1.0,0.0,0.001,0.8605,0.857,-0.0035,0.857,2.9532,0.3072,2.93,-0.07,0.04,2.223,2.455,0.0005,0.8592,0.3849,0.254,0.1249,0.6459,0.2514,6.99,0.424,mixed-rural-urban,0.0,0.0339,0.6546,0.5976,0.4391,0.1154,0.72,0.0,50.64,False
COD,Congo (DRC),Tshokwe/Lunda,largest_baseline_category,6.0,4.25,6.0,4.25,2.5,2.41,-0.09,2.41,0.0,2.41,2.41,2.41,2.41,0.0,2731907,5256672,0.0,0.0,0.0,1.25,unspecified,False,0.5,0.48,0.56,0.42,0.454,0.97,1.0,0.78,0.765,0.0,0.0,0.841,0.0,0.0,1.0,1.0,0.0,0.001,0.8605,0.857,-0.0035,0.857,2.9532,0.3072,2.45,-0.05,0.04,2.223,2.455,0.0005,0.8592,0.3849,0.254,0.1249,0.6459,0.2514,6.99,0.424,mixed-rural-urban,0.0,0.0339,0.6546,0.5976,0.4391,0.1154,0.72,0.0,50.64,False
COD,Congo (DRC),Other,identity_category_transition,6.0,4.25,6.0,4.25,20.4,22.44,2.04,22.44,0.0,22.45,22.44,22.44,22.45,0.01,22292358,48977815,0.0,0.0,0.0,1.25,unspecified,False,0.5,0.48,0.56,0.42,0.454,1.188,1.0,0.78,0.814,0.0,0.0,0.841,0.0,0.0,1.0,1.0,0.0,0.001,0.8605,0.857,-0.0035,0.857,2.9532,0.3072,21.34,0.94,-1.1,2.223,2.455,0.0005,0.8592,0.3849,0.254,0.1249,0.6459,0.2514,6.99,0.424,mixed-rural-urban,0.0,0.0339,0.6546,0.5976,0.4391,0.1154,0.72,0.0,50.64,True
COG,Congo,Kongo,largest_baseline_category,4.2,3.26,4.2,3.26,48.5,49.81,1.31,49.81,0.0,49.81,49.81,49.81,49.81,0.0,3071490,5482153,0.0,0.0,0.0,1.25,unspecified,False,0.5,0.48,0.56,0.42,0.454,1.288,1.0,0.78,0.836,0.0,0.0,0.0,0.0,0.0,1.0,1.0,0.0,0.001,0.6906,0.6815,-0.0091,0.6815,1.9903,0.2223,49.09,0.59,-0.72,2.097,2.217,0.0005,0.6866,0.5494,0.297,0.1145,0.7222,0.2262,3.14,0.55,mixed-rural-urban,0.0,0.053,0.7496,0.6983,0.6609,0.4112,0.5729,0.0,53.0,True
COG,Congo,Sangha,largest_baseline_category,4.2,3.26,4.2,3.26,19.1,18.6,-0.5,18.6,0.0,18.6,18.6,18.6,18.6,0.0,1209597,2047662,0.0,0.0,0.0,1.25,unspecified,False,0.5,0.48,0.56,0.42,0.454,1.18,1.0,0.78,0.812,0.0,0.0,0.0,0.0,0.0,1.0,1.0,0.0,0.001,0.6906,0.6815,-0.0091,0.6815,1.9903,0.2223,18.87,-0.23,0.27,2.097,2.217,0.0005,0.6866,0.5494,0.297,0.1145,0.7222,0.2262,3.14,0.55,mixed-rural-urban,0.0,0.053,0.7496,0.6983,0.6609,0.4112,0.5729,0.0,53.0,False
COG,Congo,Teke,largest_baseline_category,4.2,3.26,4.2,3.26,14.5,14.12,-0.38,14.12,0.0,14.12,14.12,14.12,14.12,0.0,918281,1554508,0.0,0.0,0.0,1.25,unspecified,False,0.5,0.48,0.56,0.42,0.454,1.149,1.0,0.78,0.805,0.0,0.0,0.0,0.0,0.0,1.0,1.0,0.0,0.001,0.6906,0.6815,-0.0091,0.6815,1.9903,0.2223,14.33,-0.17,0.2,2.097,2.217,0.0005,0.6866,0.5494,0.297,0.1145,0.7222,0.2262,3.14,0.55,mixed-rural-urban,0.0,0.053,0.7496,0.6983,0.6609,0.4112,0.5729,0.0,53.0,False
COG,Congo,M'Bochi,largest_baseline_category,4.2,3.26,4.2,3.26,12.3,11.98,-0.32,11.98,0.0,11.98,11.98,11.98,11.98,0.0,778955,1318651,0.0,0.0,0.0,1.25,unspecified,False,0.5,0.48,0.56,0.42,0.454,1.131,1.0,0.78,0.801,0.0,0.0,0.0,0.0,0.0,1.0,1.0,0.0,0.001,0.6906,0.6815,-0.0091,0.6815,1.9903,0.2223,12.15,-0.15,0.17,2.097,2.217,0.0005,0.6866,0.5494,0.297,0.1145,0.7222,0.2262,3.14,0.55,mixed-rural-urban,0.0,0.053,0.7496,0.6983,0.6609,0.4112,0.5729,0.0,53.0,False
COG,Congo,Punu,largest_baseline_category,4.2,3.26,4.2,3.26,3.0,2.92,-0.08,2.92,0.0,2.92,2.92,2.92,2.92,0.0,189989,321622,0.0,0.0,0.0,1.25,unspecified,False,0.5,0.48,0.56,0.42,0.454,0.986,1.0,0.78,0.769,0.0,0.0,0.0,0.0,0.0,1.0,1.0,0.0,0.001,0.6906,0.6815,-0.0091,0.6815,1.9903,0.2223,2.96,-0.04,0.04,2.097,2.217,0.0005,0.6866,0.5494,0.297,0.1145,0.7222,0.2262,3.14,0.55,mixed-rural-urban,0.0,0.053,0.7496,0.6983,0.6609,0.4112,0.5729,0.0,53.0,False
COG,Congo,Other,identity_category_transition,4.2,3.26,4.2,3.26,2.6,2.56,-0.04,2.56,0.0,2.56,2.56,2.56,2.56,0.0,164657,281874,0.0,0.0,0.0,1.25,unspecified,False,0.5,0.48,0.56,0.42,0.454,0.974,1.0,0.78,0.766,0.0,0.0,0.0,0.0,0.0,1.0,1.0,0.0,0.001,0.6906,0.6815,-0.0091,0.6815,1.9903,0.2223,2.6,-0.0,0.04,2.097,2.217,0.0005,0.6866,0.5494,0.297,0.1145,0.7222,0.2262,3.14,0.55,mixed-rural-urban,0.0,0.053,0.7496,0.6983,0.6609,0.4112,0.5729,0.0,53.0,False
COL,Colombia,Mestizo,largest_baseline_category,1.7,1.82,1.7,1.82,45.0,45.69,0.69,45.86,-0.16,45.78,45.6,45.6,45.78,0.18,23798862,27134789,0.171,0.0,0.0,1.518,unspecified,False,0.5,0.48,0.56,0.42,0.512,1.279,1.0,0.78,0.87,0.0,0.0,0.586,0.0,0.0,1.0,1.06,0.0,0.0015,0.6362,0.648,0.0118,0.648,1.7629,0.1431,44.73,-0.27,-0.97,2.058,2.141,0.0007,0.6498,0.7191,0.3713,0.1127,0.7984,0.2094,2.84,0.594,urbanizing-majority,0.07,0.0454,0.9205,0.7614,0.8258,0.6656,0.2743,0.5084,62.2,True
COL,Colombia,White (Spanish/European descent),largest_baseline_category,1.7,1.82,1.7,1.82,39.2,36.51,-2.69,36.65,-0.14,36.58,36.43,36.43,36.58,0.15,20731453,21683089,0.171,0.0,0.0,1.518,unspecified,False,0.5,0.48,0.56,0.42,0.512,1.263,1.0,0.78,0.866,0.0,0.0,0.586,0.0,0.0,1.0,1.06,0.0,0.0015,0.6362,0.648,0.0118,0.648,1.7629,0.1431,37.46,-1.74,0.95,2.058,2.141,0.0007,0.6498,0.7191,0.3713,0.1127,0.7984,0.2094,2.84,0.594,urbanizing-majority,0.07,0.0454,0.9205,0.7614,0.8258,0.6656,0.2743,0.5084,62.2,False
COL,Colombia,Afro-Colombian,higher_fertility_path,2.05,1.96,1.7,1.82,6.8,7.42,0.62,7.44,-0.03,7.4,7.43,7.4,7.43,0.03,3596272,4403930,0.171,0.0,0.0,1.518,COL,False,0.632,0.586,0.78,0.6,0.512,1.066,1.0,0.78,0.888,0.0,0.0,0.586,0.0,0.0,1.0,1.06,0.0,0.0015,0.6362,0.648,0.0118,0.648,1.7629,0.1431,7.44,0.64,0.02,2.058,2.141,0.0007,0.6498,0.7191,0.3713,0.1127,0.7984,0.2094,2.84,0.594,urbanizing-majority,0.07,0.0454,0.9205,0.7614,0.8258,0.6656,0.2743,0.5084,62.2,False
COL,Colombia,Indigenous (Wayuu/Embera/etc.),higher_fertility_path,2.55,2.16,1.7,1.82,4.3,5.55,1.25,5.58,-0.02,5.52,5.59,5.52,5.59,0.07,2274113,3298628,0.171,0.0,0.0,1.518,unspecified,False,0.5,0.48,0.56,0.42,0.512,1.02,1.0,0.78,0.805,0.0,0.0,0.586,0.0,0.0,1.0,1.06,0.0,0.0015,0.6362,0.648,0.0118,0.648,1.7629,0.1431,5.42,1.12,-0.13,2.058,2.141,0.0007,0.6498,0.7191,0.3713,0.1127,0.7984,0.2094,2.84,0.594,urbanizing-majority,0.07,0.0454,0.9205,0.7614,0.8258,0.6656,0.2743,0.5084,62.2,False
COL,Colombia,Venezuelan migrant,migration_linked,1.7,1.82,1.7,1.82,3.0,3.22,0.22,2.87,0.35,3.11,3.35,3.11,3.35,0.24,1586591,1914002,0.171,0.0,0.0,1.518,VEN,True,0.636,0.596,0.78,0.64,0.512,0.986,1.0,0.78,0.864,0.0,0.0,0.586,0.0,0.0,1.0,1.06,0.0,0.0015,0.6362,0.648,0.0118,0.648,1.7629,0.1431,3.31,0.31,0.08,2.058,2.141,0.0007,0.6498,0.7191,0.3713,0.1127,0.7984,0.2094,2.84,0.594,urbanizing-majority,0.07,0.0454,0.9205,0.7614,0.8258,0.6656,0.2743,0.5084,62.2,False
COL,Colombia,Other,identity_category_transition,1.7,1.82,1.7,1.82,1.7,1.6,-0.1,1.61,-0.01,1.6,1.6,1.6,1.6,0.01,899068,950913,0.171,0.0,0.0,1.518,unspecified,False,0.5,0.48,0.56,0.42,0.512,0.939,1.0,0.78,0.785,0.0,0.0,0.586,0.0,0.0,1.0,1.06,0.0,0.0015,0.6362,0.648,0.0118,0.648,1.7629,0.1431,1.64,-0.06,0.04,2.058,2.141,0.0007,0.6498,0.7191,0.3713,0.1127,0.7984,0.2094,2.84,0.594,urbanizing-majority,0.07,0.0454,0.9205,0.7614,0.8258,0.6656,0.2743,0.5084,62.2,False
COM,Comoros,Comorian (Antalote/Cafre/Makoa),largest_baseline_category,3.9,3.09,3.9,3.09,97.0,97.05,0.05,97.05,0.0,97.05,97.05,97.05,97.05,0.0,840633,1268925,0.0,0.0,0.0,1.25,unspecified,False,0.5,0.48,0.56,0.42,0.454,1.3,1.0,0.78,0.839,0.0,0.0,0.0,0.0,0.0,1.0,1.0,0.0,0.001,0.0582,0.0574,-0.0008,0.0574,0.1147,0.2752,97.0,0.0,-0.04,1.276,1.331,0.0005,0.0582,0.4579,0.2432,0.1486,0.6819,0.2284,1.06,0.381,mixed-rural-urban,0.0,0.0667,0.7589,0.6449,0.6137,0.2062,0.5788,0.0,54.42,True
COM,Comoros,Makua / Other,identity_category_transition,3.9,3.09,3.9,3.09,3.0,2.95,-0.05,2.95,0.0,2.95,2.95,2.95,2.95,0.0,25999,38636,0.0,0.0,0.0,1.25,unspecified,False,0.5,0.48,0.56,0.42,0.454,0.986,1.0,0.78,0.769,0.0,0.0,0.0,0.0,0.0,1.0,1.0,0.0,0.001,0.0582,0.0574,-0.0008,0.0574,0.1147,0.2752,3.0,-0.0,0.04,1.276,1.331,0.0005,0.0582,0.4579,0.2432,0.1486,0.6819,0.2284,1.06,0.381,mixed-rural-urban,0.0,0.0667,0.7589,0.6449,0.6137,0.2062,0.5788,0.0,54.42,False
CPV,Cape Verde,Creole (Mulatto),largest_baseline_category,2.1,2.1,2.1,2.1,71.0,71.85,0.85,71.85,0.0,71.85,71.85,71.85,71.85,0.01,372663,406766,0.0,0.0,0.0,1.25,unspecified,False,0.5,0.48,0.56,0.42,0.454,1.3,1.0,0.78,0.839,0.0,0.0,0.0,0.0,0.0,1.0,1.0,0.0,0.001,0.4174,0.4091,-0.0083,0.4091,0.8377,0.1467,71.43,0.43,-0.42,1.783,1.834,0.0005,0.413,0.6686,0.297,0.1149,0.7546,0.2153,1.69,0.55,mixed-rural-urban,0.0,0.1527,0.9591,0.7174,0.8033,0.5567,0.2095,0.1487,60.5,True
CPV,Cape Verde,African,largest_baseline_category,2.1,2.1,2.1,2.1,28.0,27.32,-0.68,27.32,0.0,27.32,27.32,27.32,27.32,0.0,146966,154679,0.0,0.0,0.0,1.25,unspecified,False,0.5,0.48,0.56,0.42,0.454,1.224,1.0,0.78,0.822,0.0,0.0,0.0,0.0,0.0,1.0,1.0,0.0,0.001,0.4174,0.4091,-0.0083,0.4091,0.8377,0.1467,27.71,-0.29,0.39,1.783,1.834,0.0005,0.413,0.6686,0.297,0.1149,0.7546,0.2153,1.69,0.55,mixed-rural-urban,0.0,0.1527,0.9591,0.7174,0.8033,0.5567,0.2095,0.1487,60.5,False
CPV,Cape Verde,European,lower_fertility_path,1.7,1.94,2.1,2.1,1.0,0.83,-0.17,0.83,0.0,0.83,0.83,0.83,0.83,0.01,5249,4697,0.0,0.0,0.0,1.25,unspecified,False,0.5,0.48,0.56,0.42,0.454,0.903,1.0,0.78,0.75,0.0,0.0,0.0,0.0,0.0,1.0,1.0,0.0,0.001,0.4174,0.4091,-0.0083,0.4091,0.8377,0.1467,0.86,-0.14,0.03,1.783,1.834,0.0005,0.413,0.6686,0.297,0.1149,0.7546,0.2153,1.69,0.55,mixed-rural-urban,0.0,0.1527,0.9591,0.7174,0.8033,0.5567,0.2095,0.1487,60.5,False
CRI,Costa Rica,White or Mestizo,largest_baseline_category,1.5,1.68,1.5,1.68,80.0,78.78,-1.22,79.58,-0.8,79.05,78.46,78.46,79.05,0.59,4103927,4218211,0.257,0.0,0.0,1.652,unspecified,False,0.5,0.48,0.56,0.42,0.541,1.3,1.0,0.78,0.894,0.0,0.0,0.0,0.0,0.0,1.0,1.09,0.0,0.001,0.35,0.3684,0.0183,0.3684,0.9057,0.1505,78.62,-1.38,-0.17,1.705,1.74,0.0005,0.3707,0.7473,0.399,0.1722,0.8081,0.216,1.58,0.55,mixed-rural-urban,0.116,0.0496,0.9691,0.8154,0.87,0.7106,0.234,0.5386,65.1,True
CRI,Costa Rica,Mulatto,largest_baseline_category,1.5,1.68,1.5,1.68,6.7,6.39,-0.31,6.45,-0.07,6.41,6.36,6.36,6.41,0.05,343704,341875,0.257,0.0,0.0,1.652,unspecified,False,0.5,0.48,0.56,0.42,0.541,1.065,1.0,0.78,0.832,0.0,0.0,0.0,0.0,0.0,1.0,1.09,0.0,0.001,0.35,0.3684,0.0183,0.3684,0.9057,0.1505,6.49,-0.21,0.1,1.705,1.74,0.0005,0.3707,0.7473,0.399,0.1722,0.8081,0.216,1.58,0.55,mixed-rural-urban,0.116,0.0496,0.9691,0.8154,0.87,0.7106,0.234,0.5386,65.1,False
CRI,Costa Rica,Indigenous (Bribri/Cabecar),higher_fertility_path,2.35,2.02,1.5,1.68,2.4,3.25,0.85,3.28,-0.03,3.23,3.26,3.23,3.26,0.04,123118,173878,0.257,0.0,0.0,1.652,unspecified,False,0.5,0.48,0.56,0.42,0.541,0.967,1.0,0.78,0.806,0.0,0.0,0.0,0.0,0.0,1.0,1.09,0.0,0.001,0.35,0.3684,0.0183,0.3684,0.9057,0.1505,3.13,0.73,-0.12,1.705,1.74,0.0005,0.3707,0.7473,0.399,0.1722,0.8081,0.216,1.58,0.55,mixed-rural-urban,0.116,0.0496,0.9691,0.8154,0.87,0.7106,0.234,0.5386,65.1,False
CRI,Costa Rica,Black,largest_baseline_category,1.5,1.68,1.5,1.68,1.1,1.05,-0.05,1.06,-0.01,1.05,1.04,1.04,1.05,0.01,56429,56129,0.257,0.0,0.0,1.652,unspecified,False,0.5,0.48,0.56,0.42,0.541,0.909,1.0,0.78,0.791,0.0,0.0,0.0,0.0,0.0,1.0,1.09,0.0,0.001,0.35,0.3684,0.0183,0.3684,0.9057,0.1505,1.07,-0.03,0.02,1.705,1.74,0.0005,0.3707,0.7473,0.399,0.1722,0.8081,0.216,1.58,0.55,mixed-rural-urban,0.116,0.0496,0.9691,0.8154,0.87,0.7106,0.234,0.5386,65.1,False
CRI,Costa Rica,Nicaraguan migrant,migration_linked,1.5,1.68,1.5,1.68,6.5,7.16,0.66,6.4,0.76,6.92,7.44,6.92,7.44,0.51,333444,383174,0.257,0.0,0.0,1.652,unspecified,True,0.5,0.48,0.56,0.42,0.541,1.062,1.0,0.78,0.831,0.0,0.0,0.0,0.0,0.0,1.0,1.09,0.0,0.001,0.35,0.3684,0.0183,0.3684,0.9057,0.1505,7.27,0.77,0.11,1.705,1.74,0.0005,0.3707,0.7473,0.399,0.1722,0.8081,0.216,1.58,0.55,mixed-rural-urban,0.116,0.0496,0.9691,0.8154,0.87,0.7106,0.234,0.5386,65.1,False
CRI,Costa Rica,Other Central American migrant,migration_linked,1.5,1.68,1.5,1.68,1.5,1.64,0.14,1.48,0.17,1.59,1.71,1.59,1.71,0.11,76949,88001,0.257,0.0,0.0,1.652,unspecified,True,0.5,0.48,0.56,0.42,0.541,0.93,1.0,0.78,0.796,0.0,0.0,0.0,0.0,0.0,1.0,1.09,0.0,0.001,0.35,0.3684,0.0183,0.3684,0.9057,0.1505,1.67,0.17,0.03,1.705,1.74,0.0005,0.3707,0.7473,0.399,0.1722,0.8081,0.216,1.58,0.55,mixed-rural-urban,0.116,0.0496,0.9691,0.8154,0.87,0.7106,0.234,0.5386,65.1,False
CRI,Costa Rica,Other,identity_category_transition,1.5,1.68,1.5,1.68,1.8,1.73,-0.07,1.75,-0.02,1.74,1.73,1.73,1.74,0.01,92338,92880,0.257,0.0,0.0,1.652,unspecified,False,0.5,0.48,0.56,0.42,0.541,0.944,1.0,0.78,0.8,0.0,0.0,0.0,0.0,0.0,1.0,1.09,0.0,0.001,0.35,0.3684,0.0183,0.3684,0.9057,0.1505,1.76,-0.04,0.03,1.705,1.74,0.0005,0.3707,0.7473,0.399,0.1722,0.8081,0.216,1.58,0.55,mixed-rural-urban,0.116,0.0496,0.9691,0.8154,0.87,0.7106,0.234,0.5386,65.1,False
CUB,Cuba,White (Spanish descent),lower_fertility_path,0.9,1.41,1.4,1.61,62.1,56.58,-5.52,56.58,0.0,56.8,56.35,56.35,56.8,0.45,6818444,5308042,0.541,0.0,0.0,1.757,unspecified,False,0.5,0.48,0.56,0.42,0.544,1.3,1.0,0.78,0.896,0.0,0.0,0.0,0.0,0.0,0.6,0.714,0.0,0.001,0.5294,0.5668,0.0373,0.5668,1.3928,0.3659,56.92,-5.18,0.35,1.911,1.991,0.0005,0.5648,0.5743,0.4914,0.2358,0.6837,0.3818,2.31,0.55,mixed-rural-urban,0.244,-0.0105,0.8774,0.7372,0.6562,0.5766,0.531,1.0,58.16,True
CUB,Cuba,Mulatto (Mixed),largest_baseline_category,1.4,1.61,1.4,1.61,27.6,31.87,4.27,31.87,0.0,31.7,32.04,31.7,32.04,0.35,3030420,2989853,0.541,0.0,0.0,1.757,unspecified,False,0.5,0.48,0.56,0.42,0.544,1.222,1.0,0.78,0.875,0.0,0.0,0.0,0.0,0.0,0.6,0.714,0.0,0.001,0.5294,0.5668,0.0373,0.5668,1.3928,0.3659,31.58,3.98,-0.28,1.911,1.991,0.0005,0.5648,0.5743,0.4914,0.2358,0.6837,0.3818,2.31,0.55,mixed-rural-urban,0.244,-0.0105,0.8774,0.7372,0.6562,0.5766,0.531,1.0,58.16,False
CUB,Cuba,Black,largest_baseline_category,1.4,1.61,1.4,1.61,9.3,10.74,1.44,10.74,0.0,10.68,10.8,10.68,10.8,0.12,1021120,1007450,0.541,0.0,0.0,1.757,unspecified,False,0.5,0.48,0.56,0.42,0.544,1.1,1.0,0.78,0.843,0.0,0.0,0.0,0.0,0.0,0.6,0.714,0.0,0.001,0.5294,0.5668,0.0373,0.5668,1.3928,0.3659,10.64,1.34,-0.1,1.911,1.991,0.0005,0.5648,0.5743,0.4914,0.2358,0.6837,0.3818,2.31,0.55,mixed-rural-urban,0.244,-0.0105,0.8774,0.7372,0.6562,0.5766,0.531,1.0,58.16,False
CUB,Cuba,Chinese-Cuban,lower_fertility_path,0.8,1.37,1.4,1.61,1.0,0.82,-0.18,0.82,0.0,0.82,0.81,0.81,0.82,0.01,109798,76650,0.541,0.0,0.0,1.757,CHN,False,0.52,0.502,0.58,0.45,0.544,0.903,1.0,0.78,0.8,0.0,0.0,0.0,0.0,0.0,0.6,0.714,0.0,0.001,0.5294,0.5668,0.0373,0.5668,1.3928,0.3659,0.85,-0.15,0.03,1.911,1.991,0.0005,0.5648,0.5743,0.4914,0.2358,0.6837,0.3818,2.31,0.55,mixed-rural-urban,0.244,-0.0105,0.8774,0.7372,0.6562,0.5766,0.531,1.0,58.16,False
CYP,Cyprus,Greek Cypriot,largest_baseline_category,1.3,1.54,1.3,1.54,77.0,71.87,-5.13,72.36,-0.49,72.17,71.53,71.53,72.17,0.64,1045881,1084075,0.343,0.272,0.138,1.959,unspecified,False,0.5,0.48,0.56,0.42,0.612,1.3,1.0,0.78,0.939,0.0,0.0,0.0,0.0,0.0,1.0,1.148,0.0,0.001,0.3722,0.4286,0.0564,0.4286,0.9613,0.1368,72.38,-4.62,0.51,1.731,1.771,0.0005,0.424,0.8061,0.4434,0.1912,0.8418,0.2089,1.75,0.55,mixed-rural-urban,0.154,0.0072,0.9508,0.8877,0.9232,0.8046,0.1959,0.5443,67.86,True
CYP,Cyprus,Turkish Cypriot,higher_fertility_path,2.05,1.84,1.3,1.54,18.0,22.84,4.84,23.0,-0.16,22.73,22.94,22.73,22.94,0.21,244492,344601,0.343,0.272,0.138,1.959,unspecified,False,0.5,0.48,0.56,0.42,0.612,1.173,1.0,0.78,0.901,0.0,0.0,0.0,0.0,0.0,1.0,1.148,0.0,0.001,0.3722,0.4286,0.0564,0.4286,0.9613,0.1368,22.19,4.19,-0.65,1.731,1.771,0.0005,0.424,0.8061,0.4434,0.1912,0.8418,0.2089,1.75,0.55,mixed-rural-urban,0.154,0.0072,0.9508,0.8877,0.9232,0.8046,0.1959,0.5443,67.86,False
CYP,Cyprus,Foreign residents,migration_linked,1.3,1.54,1.3,1.54,5.0,5.29,0.29,4.64,0.65,5.1,5.53,5.1,5.53,0.43,67914,79809,0.343,0.272,0.138,1.959,unspecified,True,0.5,0.48,0.56,0.42,0.612,1.035,1.0,0.78,0.86,0.0,0.0,0.0,0.0,0.0,1.0,1.148,0.0,0.001,0.3722,0.4286,0.0564,0.4286,0.9613,0.1368,5.43,0.43,0.14,1.731,1.771,0.0005,0.424,0.8061,0.4434,0.1912,0.8418,0.2089,1.75,0.55,mixed-rural-urban,0.154,0.0072,0.9508,0.8877,0.9232,0.8046,0.1959,0.5443,67.86,False
CZE,Czechia,Czech,largest_baseline_category,1.5,1.68,1.5,1.68,76.0,73.92,-2.08,75.95,-2.03,74.56,73.15,73.15,74.56,1.4,8159251,7262709,0.393,0.327,0.166,2.072,unspecified,False,0.5,0.48,0.56,0.42,0.638,1.3,1.0,0.78,0.955,0.0,0.0,0.0,0.0,0.0,1.0,1.171,0.0,0.001,0.4093,0.4382,0.0289,0.4382,1.1259,0.1487,73.62,-2.38,-0.3,1.894,1.823,0.0005,0.4422,0.7493,0.518,0.1253,0.838,0.2034,1.78,0.77,urbanizing-majority,0.091,0.003,0.9216,0.9108,0.9216,0.7018,0.3867,0.8782,63.34,True
CZE,Czechia,Moravian,largest_baseline_category,1.5,1.68,1.5,1.68,5.0,4.7,-0.3,4.83,-0.13,4.74,4.65,4.65,4.74,0.09,536793,461508,0.393,0.327,0.166,2.072,unspecified,False,0.5,0.48,0.56,0.42,0.638,1.035,1.0,0.78,0.873,0.0,0.0,0.0,0.0,0.0,1.0,1.171,0.0,0.001,0.4093,0.4382,0.0289,0.4382,1.1259,0.1487,4.77,-0.23,0.07,1.894,1.823,0.0005,0.4422,0.7493,0.518,0.1253,0.838,0.2034,1.78,0.77,urbanizing-majority,0.091,0.003,0.9216,0.9108,0.9216,0.7018,0.3867,0.8782,63.34,False
CZE,Czechia,Slovak,migration_linked,1.5,1.68,1.5,1.68,2.3,2.55,0.25,2.27,0.27,2.46,2.65,2.46,2.65,0.19,246925,250148,0.393,0.327,0.166,2.072,unspecified,True,0.5,0.48,0.56,0.42,0.638,0.963,1.0,0.78,0.85,0.0,0.0,0.0,0.0,0.0,1.0,1.171,0.0,0.001,0.4093,0.4382,0.0289,0.4382,1.1259,0.1487,2.58,0.28,0.04,1.894,1.823,0.0005,0.4422,0.7493,0.518,0.1253,0.838,0.2034,1.78,0.77,urbanizing-majority,0.091,0.003,0.9216,0.9108,0.9216,0.7018,0.3867,0.8782,63.34,False
CZE,Czechia,Ukrainian,migration_linked,1.5,1.68,1.5,1.68,4.0,4.48,0.48,3.95,0.53,4.32,4.68,4.32,4.68,0.36,429434,440439,0.393,0.327,0.166,2.072,UKR,True,0.615,0.539,0.82,0.52,0.638,1.013,1.0,0.78,0.939,0.0,0.0,0.0,0.0,0.0,1.0,1.171,0.0,0.001,0.4093,0.4382,0.0289,0.4382,1.1259,0.1487,4.55,0.55,0.07,1.894,1.823,0.0005,0.4422,0.7493,0.518,0.1253,0.838,0.2034,1.78,0.77,urbanizing-majority,0.091,0.003,0.9216,0.9108,0.9216,0.7018,0.3867,0.8782,63.34,False
CZE,Czechia,Vietnamese,migration_linked,1.5,1.68,1.5,1.68,1.2,1.35,0.15,1.18,0.17,1.3,1.41,1.3,1.41,0.11,128830,132669,0.393,0.327,0.166,2.072,VNM,True,0.71,0.674,0.84,0.68,0.638,0.915,1.0,0.78,0.956,0.0,0.0,0.0,0.0,0.0,1.0,1.171,0.0,0.001,0.4093,0.4382,0.0289,0.4382,1.1259,0.1487,1.37,0.17,0.02,1.894,1.823,0.0005,0.4422,0.7493,0.518,0.1253,0.838,0.2034,1.78,0.77,urbanizing-majority,0.091,0.003,0.9216,0.9108,0.9216,0.7018,0.3867,0.8782,63.34,False
CZE,Czechia,Russian,migration_linked,1.5,1.68,1.5,1.68,0.9,0.99,0.09,0.89,0.1,0.96,1.03,0.96,1.03,0.07,96623,97567,0.393,0.327,0.166,2.072,unspecified,True,0.5,0.48,0.56,0.42,0.638,0.897,1.0,0.78,0.83,0.0,0.0,0.0,0.0,0.0,1.0,1.171,0.0,0.001,0.4093,0.4382,0.0289,0.4382,1.1259,0.1487,1.01,0.11,0.01,1.894,1.823,0.0005,0.4422,0.7493,0.518,0.1253,0.838,0.2034,1.78,0.77,urbanizing-majority,0.091,0.003,0.9216,0.9108,0.9216,0.7018,0.3867,0.8782,63.34,False
CZE,Czechia,Romani,higher_fertility_path,2.55,2.1,1.5,1.68,1.0,1.42,0.42,1.46,-0.04,1.42,1.42,1.42,1.42,0.0,107359,139894,0.393,0.327,0.166,2.072,unspecified,False,0.5,0.48,0.56,0.42,0.638,0.903,1.0,0.78,0.832,0.0,0.0,0.0,0.0,0.0,1.0,1.171,0.0,0.001,0.4093,0.4382,0.0289,0.4382,1.1259,0.1487,1.35,0.35,-0.07,1.894,1.823,0.0005,0.4422,0.7493,0.518,0.1253,0.838,0.2034,1.78,0.77,urbanizing-majority,0.091,0.003,0.9216,0.9108,0.9216,0.7018,0.3867,0.8782,63.34,False
CZE,Czechia,Polish,largest_baseline_category,1.5,1.68,1.5,1.68,0.6,0.56,-0.04,0.58,-0.02,0.57,0.56,0.56,0.57,0.01,64415,55381,0.393,0.327,0.166,2.072,unspecified,False,0.5,0.48,0.56,0.42,0.638,0.876,1.0,0.78,0.823,0.0,0.0,0.0,0.0,0.0,1.0,1.171,0.0,0.001,0.4093,0.4382,0.0289,0.4382,1.1259,0.1487,0.57,-0.03,0.01,1.894,1.823,0.0005,0.4422,0.7493,0.518,0.1253,0.838,0.2034,1.78,0.77,urbanizing-majority,0.091,0.003,0.9216,0.9108,0.9216,0.7018,0.3867,0.8782,63.34,False
CZE,Czechia,Other,migration_linked,1.5,1.68,1.5,1.68,9.0,10.03,1.03,8.89,1.14,9.68,10.45,9.68,10.45,0.77,966227,985227,0.393,0.327,0.166,2.072,unspecified,True,0.5,0.48,0.56,0.42,0.638,1.096,1.0,0.78,0.892,0.0,0.0,0.0,0.0,0.0,1.0,1.171,0.0,0.001,0.4093,0.4382,0.0289,0.4382,1.1259,0.1487,10.18,1.18,0.15,1.894,1.823,0.0005,0.4422,0.7493,0.518,0.1253,0.838,0.2034,1.78,0.77,urbanizing-majority,0.091,0.003,0.9216,0.9108,0.9216,0.7018,0.3867,0.8782,63.34,False
DEU,Germany,German,largest_baseline_category,1.4,1.61,1.4,1.61,83.5,77.1,-6.4,81.83,-4.73,78.76,75.16,75.16,78.76,3.6,70601115,60368750,0.418,0.346,0.24,2.203,unspecified,False,0.5,0.48,0.56,0.42,0.786,1.3,1.0,0.8,1.055,0.0,1.04,0.0,0.774,0.371,1.0,1.194,0.07,0.0008,0.2999,0.4003,0.1003,0.4003,1.0363,0.1363,77.3,-6.2,0.2,1.977,1.88,0.0004,0.3974,0.7733,0.5519,0.1302,0.8553,0.1942,1.67,0.832,metropolitan-heavy,0.07,-0.0099,0.932,0.957,0.9585,0.7305,0.3821,0.9102,64.26,True
DEU,Germany,Turkish,higher_fertility_path,2.1,1.89,1.4,1.61,2.4,2.95,0.55,3.13,-0.18,2.99,2.9,2.9,2.99,0.09,2029254,2307334,0.418,0.346,0.24,2.203,unspecified,False,0.5,0.48,0.56,0.42,0.786,0.967,1.0,0.8,0.926,0.0,1.04,0.0,0.774,0.371,1.0,1.194,0.07,0.0008,0.2999,0.4003,0.1003,0.4003,1.0363,0.1363,2.85,0.45,-0.1,1.977,1.88,0.0004,0.3974,0.7733,0.5519,0.1302,0.8553,0.1942,1.67,0.832,metropolitan-heavy,0.07,-0.0099,0.932,0.957,0.9585,0.7305,0.3821,0.9102,64.26,False
DEU,Germany,Syrian,higher_fertility_path,2.6,2.09,1.4,1.61,1.4,3.6,2.2,2.16,1.44,3.06,4.32,3.06,4.32,1.25,1183731,2816269,0.418,0.346,0.24,2.203,SYR,True,0.672,0.726,0.6,0.74,0.786,0.925,1.18,0.8,1.121,0.0,1.04,0.0,0.774,0.371,1.0,1.194,0.07,0.0008,0.2999,0.4003,0.1003,0.4003,1.0363,0.1363,3.39,1.99,-0.21,1.977,1.88,0.0004,0.3974,0.7733,0.5519,0.1302,0.8553,0.1942,1.67,0.832,metropolitan-heavy,0.07,-0.0099,0.932,0.957,0.9585,0.7305,0.3821,0.9102,64.26,False
DEU,Germany,Polish,migration_linked,1.4,1.61,1.4,1.61,1.2,1.51,0.31,1.17,0.33,1.4,1.64,1.4,1.64,0.23,1014627,1179386,0.418,0.346,0.24,2.203,unspecified,True,0.5,0.48,0.56,0.42,0.786,0.915,1.0,0.8,0.905,0.0,1.04,0.0,0.774,0.371,1.0,1.194,0.07,0.0008,0.2999,0.4003,0.1003,0.4003,1.0363,0.1363,1.53,0.33,0.03,1.977,1.88,0.0004,0.3974,0.7733,0.5519,0.1302,0.8553,0.1942,1.67,0.832,metropolitan-heavy,0.07,-0.0099,0.932,0.957,0.9585,0.7305,0.3821,0.9102,64.26,False
DEU,Germany,Romanian,migration_linked,1.4,1.61,1.4,1.61,1.0,1.35,0.35,0.98,0.38,1.23,1.51,1.23,1.51,0.28,845522,1059641,0.418,0.346,0.24,2.203,unspecified,True,0.5,0.48,0.56,0.42,0.786,0.903,1.0,0.8,0.901,0.0,1.04,0.0,0.774,0.371,1.0,1.194,0.07,0.0008,0.2999,0.4003,0.1003,0.4003,1.0363,0.1363,1.38,0.38,0.02,1.977,1.88,0.0004,0.3974,0.7733,0.5519,0.1302,0.8553,0.1942,1.67,0.832,metropolitan-heavy,0.07,-0.0099,0.932,0.957,0.9585,0.7305,0.3821,0.9102,64.26,False
DEU,Germany,Italian,migration_linked,1.3,1.57,1.4,1.61,0.9,1.0,0.1,0.84,0.16,0.95,1.05,0.95,1.05,0.1,760970,779075,0.418,0.346,0.24,2.203,unspecified,True,0.5,0.48,0.56,0.42,0.786,0.897,1.0,0.8,0.899,0.0,1.04,0.0,0.774,0.371,1.0,1.194,0.07,0.0008,0.2999,0.4003,0.1003,0.4003,1.0363,0.1363,1.02,0.12,0.03,1.977,1.88,0.0004,0.3974,0.7733,0.5519,0.1302,0.8553,0.1942,1.67,0.832,metropolitan-heavy,0.07,-0.0099,0.932,0.957,0.9585,0.7305,0.3821,0.9102,64.26,False
DEU,Germany,Ukrainian,migration_linked,1.7,1.73,1.4,1.61,0.8,2.04,1.24,0.89,1.15,1.6,2.41,1.6,2.41,0.81,676418,1599659,0.418,0.346,0.24,2.203,UKR,True,0.615,0.539,0.82,0.52,0.786,0.891,1.24,0.8,1.078,0.0,1.04,0.0,0.774,0.371,1.0,1.194,0.07,0.0008,0.2999,0.4003,0.1003,0.4003,1.0363,0.1363,2.03,1.23,-0.01,1.977,1.88,0.0004,0.3974,0.7733,0.5519,0.1302,0.8553,0.1942,1.67,0.832,metropolitan-heavy,0.07,-0.0099,0.932,0.957,0.9585,0.7305,0.3821,0.9102,64.26,False
DEU,Germany,Russian,migration_linked,1.4,1.61,1.4,1.61,0.7,0.75,0.05,0.68,0.07,0.73,0.77,0.73,0.77,0.04,591866,588160,0.418,0.346,0.24,2.203,unspecified,True,0.5,0.48,0.56,0.42,0.786,0.884,1.0,0.8,0.893,0.0,1.04,0.0,0.774,0.371,1.0,1.194,0.07,0.0008,0.2999,0.4003,0.1003,0.4003,1.0363,0.1363,0.76,0.06,0.01,1.977,1.88,0.0004,0.3974,0.7733,0.5519,0.1302,0.8553,0.1942,1.67,0.832,metropolitan-heavy,0.07,-0.0099,0.932,0.957,0.9585,0.7305,0.3821,0.9102,64.26,False
DEU,Germany,Greek,migration_linked,1.4,1.61,1.4,1.61,0.6,0.64,0.04,0.59,0.06,0.63,0.66,0.63,0.66,0.03,507313,503906,0.418,0.346,0.24,2.203,unspecified,True,0.5,0.48,0.56,0.42,0.786,0.876,1.0,0.8,0.891,0.0,1.04,0.0,0.774,0.371,1.0,1.194,0.07,0.0008,0.2999,0.4003,0.1003,0.4003,1.0363,0.1363,0.65,0.05,0.01,1.977,1.88,0.0004,0.3974,0.7733,0.5519,0.1302,0.8553,0.1942,1.67,0.832,metropolitan-heavy,0.07,-0.0099,0.932,0.957,0.9585,0.7305,0.3821,0.9102,64.26,False
DEU,Germany,Iraqi,higher_fertility_path,2.4,2.01,1.4,1.61,0.5,1.04,0.54,0.72,0.32,0.93,1.19,0.93,1.19,0.27,422761,817669,0.418,0.346,0.24,2.203,IRQ,True,0.651,0.702,0.58,0.7,0.786,0.869,1.0,0.8,0.99,0.0,1.04,0.0,0.774,0.371,1.0,1.194,0.07,0.0008,0.2999,0.4003,0.1003,0.4003,1.0363,0.1363,0.99,0.49,-0.05,1.977,1.88,0.0004,0.3974,0.7733,0.5519,0.1302,0.8553,0.1942,1.67,0.832,metropolitan-heavy,0.07,-0.0099,0.932,0.957,0.9585,0.7305,0.3821,0.9102,64.26,False
DEU,Germany,Afghan,higher_fertility_path,2.4,2.01,1.4,1.61,0.4,0.92,0.52,0.58,0.35,0.8,1.09,0.8,1.09,0.29,338209,723819,0.418,0.346,0.24,2.203,AFG,True,0.667,0.804,0.42,0.86,0.786,0.86,1.0,0.8,0.996,0.0,1.04,0.0,0.774,0.371,1.0,1.194,0.07,0.0008,0.2999,0.4003,0.1003,0.4003,1.0363,0.1363,0.88,0.48,-0.05,1.977,1.88,0.0004,0.3974,0.7733,0.5519,0.1302,0.8553,0.1942,1.67,0.832,metropolitan-heavy,0.07,-0.0099,0.932,0.957,0.9585,0.7305,0.3821,0.9102,64.26,False
DEU,Germany,Bulgarian,migration_linked,1.4,1.61,1.4,1.61,0.4,0.43,0.03,0.39,0.04,0.42,0.44,0.42,0.44,0.02,338209,335598,0.418,0.346,0.24,2.203,unspecified,True,0.5,0.48,0.56,0.42,0.786,0.86,1.0,0.8,0.884,0.0,1.04,0.0,0.774,0.371,1.0,1.194,0.07,0.0008,0.2999,0.4003,0.1003,0.4003,1.0363,0.1363,0.44,0.04,0.01,1.977,1.88,0.0004,0.3974,0.7733,0.5519,0.1302,0.8553,0.1942,1.67,0.832,metropolitan-heavy,0.07,-0.0099,0.932,0.957,0.9585,0.7305,0.3821,0.9102,64.26,False
DEU,Germany,Croatian,migration_linked,1.4,1.61,1.4,1.61,0.3,0.32,0.02,0.29,0.03,0.31,0.33,0.31,0.33,0.02,253657,251557,0.418,0.346,0.24,2.203,unspecified,True,0.5,0.48,0.56,0.42,0.786,0.851,1.0,0.8,0.881,0.0,1.04,0.0,0.774,0.371,1.0,1.194,0.07,0.0008,0.2999,0.4003,0.1003,0.4003,1.0363,0.1363,0.33,0.03,0.01,1.977,1.88,0.0004,0.3974,0.7733,0.5519,0.1302,0.8553,0.1942,1.67,0.832,metropolitan-heavy,0.07,-0.0099,0.932,0.957,0.9585,0.7305,0.3821,0.9102,64.26,False
DEU,Germany,Serbian,migration_linked,1.4,1.61,1.4,1.61,0.3,0.32,0.02,0.29,0.03,0.31,0.33,0.31,0.33,0.02,253657,251557,0.418,0.346,0.24,2.203,unspecified,True,0.5,0.48,0.56,0.42,0.786,0.851,1.0,0.8,0.881,0.0,1.04,0.0,0.774,0.371,1.0,1.194,0.07,0.0008,0.2999,0.4003,0.1003,0.4003,1.0363,0.1363,0.33,0.03,0.01,1.977,1.88,0.0004,0.3974,0.7733,0.5519,0.1302,0.8553,0.1942,1.67,0.832,metropolitan-heavy,0.07,-0.0099,0.932,0.957,0.9585,0.7305,0.3821,0.9102,64.26,False
DEU,Germany,Kosovar,higher_fertility_path,1.75,1.75,1.4,1.61,0.3,0.32,0.02,0.34,-0.02,0.33,0.32,0.32,0.33,0.01,253657,252060,0.418,0.346,0.24,2.203,unspecified,False,0.5,0.48,0.56,0.42,0.786,0.851,1.0,0.8,0.881,0.0,1.04,0.0,0.774,0.371,1.0,1.194,0.07,0.0008,0.2999,0.4003,0.1003,0.4003,1.0363,0.1363,0.32,0.02,-0.0,1.977,1.88,0.0004,0.3974,0.7733,0.5519,0.1302,0.8553,0.1942,1.67,0.832,metropolitan-heavy,0.07,-0.0099,0.932,0.957,0.9585,0.7305,0.3821,0.9102,64.26,False
DEU,Germany,Spanish,migration_linked,1.3,1.57,1.4,1.61,0.4,0.41,0.01,0.37,0.04,0.4,0.42,0.4,0.42,0.02,338209,319819,0.418,0.346,0.24,2.203,unspecified,True,0.5,0.48,0.56,0.42,0.786,0.86,1.0,0.8,0.884,0.0,1.04,0.0,0.774,0.371,1.0,1.194,0.07,0.0008,0.2999,0.4003,0.1003,0.4003,1.0363,0.1363,0.42,0.02,0.01,1.977,1.88,0.0004,0.3974,0.7733,0.5519,0.1302,0.8553,0.1942,1.67,0.832,metropolitan-heavy,0.07,-0.0099,0.932,0.957,0.9585,0.7305,0.3821,0.9102,64.26,False
DEU,Germany,French,migration_linked,1.3,1.57,1.4,1.61,0.4,0.41,0.01,0.37,0.04,0.4,0.42,0.4,0.42,0.02,338209,319819,0.418,0.346,0.24,2.203,unspecified,True,0.5,0.48,0.56,0.42,0.786,0.86,1.0,0.8,0.884,0.0,1.04,0.0,0.774,0.371,1.0,1.194,0.07,0.0008,0.2999,0.4003,0.1003,0.4003,1.0363,0.1363,0.42,0.02,0.01,1.977,1.88,0.0004,0.3974,0.7733,0.5519,0.1302,0.8553,0.1942,1.67,0.832,metropolitan-heavy,0.07,-0.0099,0.932,0.957,0.9585,0.7305,0.3821,0.9102,64.26,False
DEU,Germany,Dutch,migration_linked,1.3,1.57,1.4,1.61,0.4,0.41,0.01,0.37,0.04,0.4,0.42,0.4,0.42,0.02,338209,319819,0.418,0.346,0.24,2.203,unspecified,True,0.5,0.48,0.56,0.42,0.786,0.86,1.0,0.8,0.884,0.0,1.04,0.0,0.774,0.371,1.0,1.194,0.07,0.0008,0.2999,0.4003,0.1003,0.4003,1.0363,0.1363,0.42,0.02,0.01,1.977,1.88,0.0004,0.3974,0.7733,0.5519,0.1302,0.8553,0.1942,1.67,0.832,metropolitan-heavy,0.07,-0.0099,0.932,0.957,0.9585,0.7305,0.3821,0.9102,64.26,False
DEU,Germany,British,migration_linked,1.3,1.57,1.4,1.61,0.3,0.31,0.01,0.28,0.03,0.3,0.31,0.3,0.31,0.01,253657,239730,0.418,0.346,0.24,2.203,unspecified,True,0.5,0.48,0.56,0.42,0.786,0.851,1.0,0.8,0.881,0.0,1.04,0.0,0.774,0.371,1.0,1.194,0.07,0.0008,0.2999,0.4003,0.1003,0.4003,1.0363,0.1363,0.31,0.01,0.01,1.977,1.88,0.0004,0.3974,0.7733,0.5519,0.1302,0.8553,0.1942,1.67,0.832,metropolitan-heavy,0.07,-0.0099,0.932,0.957,0.9585,0.7305,0.3821,0.9102,64.26,False
DEU,Germany,Other,migration_linked,1.4,1.61,1.4,1.61,3.8,4.17,0.37,3.71,0.45,4.04,4.31,4.04,4.31,0.28,3212985,3260980,0.418,0.346,0.24,2.203,unspecified,True,0.5,0.48,0.56,0.42,0.786,1.008,1.0,0.8,0.942,0.0,1.04,0.0,0.774,0.371,1.0,1.194,0.07,0.0008,0.2999,0.4003,0.1003,0.4003,1.0363,0.1363,4.24,0.44,0.07,1.977,1.88,0.0004,0.3974,0.7733,0.5519,0.1302,0.8553,0.1942,1.67,0.832,metropolitan-heavy,0.07,-0.0099,0.932,0.957,0.9585,0.7305,0.3821,0.9102,64.26,False
DJI,Djibouti,Somali (Issa),higher_fertility_path,4.35,3.23,3.6,2.93,60.0,63.02,3.02,63.2,-0.18,63.02,63.01,63.01,63.02,0.01,701236,964581,0.0,0.0,0.0,1.25,SOM;ETH;KEN,False,0.717,0.799,0.567,0.747,0.454,1.3,1.0,0.78,0.964,0.0,0.0,0.0,0.0,0.0,1.0,1.0,0.0,0.001,0.5162,0.498,-0.0182,0.498,1.1187,0.234,62.2,2.2,-0.82,1.78,1.973,0.0005,0.5037,0.4786,0.2263,0.1399,0.6524,0.2566,1.99,0.339,rural-heavy,0.0,0.1361,0.7488,0.5022,0.7272,0.2344,0.3028,0.0,59.42,True
DJI,Djibouti,Afar,higher_fertility_path,3.95,3.07,3.6,2.93,35.0,32.2,-2.8,32.29,-0.09,32.28,32.12,32.12,32.28,0.16,409054,492831,0.0,0.0,0.0,1.25,unspecified,False,0.5,0.48,0.56,0.42,0.454,1.25,1.0,0.78,0.827,0.0,0.0,0.0,0.0,0.0,1.0,1.0,0.0,0.001,0.5162,0.498,-0.0182,0.498,1.1187,0.234,32.9,-2.1,0.7,1.78,1.973,0.0005,0.5037,0.4786,0.2263,0.1399,0.6524,0.2566,1.99,0.339,rural-heavy,0.0,0.1361,0.7488,0.5022,0.7272,0.2344,0.3028,0.0,59.42,False
DJI,Djibouti,Arab,higher_fertility_path,4.35,3.23,3.6,2.93,2.0,2.01,0.01,2.02,-0.01,2.01,2.01,2.01,2.01,0.0,23375,30826,0.0,0.0,0.0,1.25,unspecified,False,0.5,0.48,0.56,0.42,0.454,0.952,1.0,0.78,0.761,0.0,0.0,0.0,0.0,0.0,1.0,1.0,0.0,0.001,0.5162,0.498,-0.0182,0.498,1.1187,0.234,2.03,0.03,0.02,1.78,1.973,0.0005,0.5037,0.4786,0.2263,0.1399,0.6524,0.2566,1.99,0.339,rural-heavy,0.0,0.1361,0.7488,0.5022,0.7272,0.2344,0.3028,0.0,59.42,False
DJI,Djibouti,Other (French/Ethiopian),migration_linked,3.5,2.89,3.6,2.93,3.0,2.76,-0.24,2.48,0.28,2.69,2.86,2.69,2.86,0.17,35062,42308,0.0,0.0,0.0,1.25,ETH,True,0.71,0.81,0.52,0.76,0.454,0.986,1.0,0.78,0.861,0.0,0.0,0.0,0.0,0.0,1.0,1.0,0.0,0.001,0.5162,0.498,-0.0182,0.498,1.1187,0.234,2.87,-0.13,0.1,1.78,1.973,0.0005,0.5037,0.4786,0.2263,0.1399,0.6524,0.2566,1.99,0.339,rural-heavy,0.0,0.1361,0.7488,0.5022,0.7272,0.2344,0.3028,0.0,59.42,False
DMA,Dominica,Black,largest_baseline_category,1.7,1.82,1.7,1.82,86.6,86.84,0.24,86.84,0.0,86.84,86.84,86.84,86.84,0.0,57352,54896,0.243,0.0,0.0,1.63,unspecified,False,0.5,0.48,0.56,0.42,0.536,1.3,1.0,0.78,0.891,0.0,0.0,0.0,0.0,0.0,1.0,1.085,0.0,0.001,0.2407,0.2368,-0.0039,0.2368,0.5173,0.1224,86.65,0.05,-0.19,1.579,1.587,0.0005,0.2398,0.7848,0.3934,0.1692,0.81,0.2165,1.31,0.55,mixed-rural-urban,0.109,0.0859,0.8585,0.8387,0.8435,0.7421,0.0738,0.117,65.6,True
DMA,Dominica,Mixed,identity_category_transition,1.7,1.82,1.7,1.82,9.1,8.96,-0.14,8.96,0.0,8.96,8.96,8.96,8.96,0.0,6027,5661,0.243,0.0,0.0,1.63,unspecified,False,0.5,0.48,0.56,0.42,0.536,1.098,1.0,0.78,0.838,0.0,0.0,0.0,0.0,0.0,1.0,1.085,0.0,0.001,0.2407,0.2368,-0.0039,0.2368,0.5173,0.1224,9.08,-0.02,0.13,1.579,1.587,0.0005,0.2398,0.7848,0.3934,0.1692,0.81,0.2165,1.31,0.55,mixed-rural-urban,0.109,0.0859,0.8585,0.8387,0.8435,0.7421,0.0738,0.117,65.6,False
DMA,Dominica,Indigenous (Kalinago),largest_baseline_category,1.7,1.82,1.7,1.82,2.9,2.82,-0.08,2.82,0.0,2.82,2.82,2.82,2.82,0.0,1921,1784,0.243,0.0,0.0,1.63,unspecified,False,0.5,0.48,0.56,0.42,0.536,0.983,1.0,0.78,0.808,0.0,0.0,0.0,0.0,0.0,1.0,1.085,0.0,0.001,0.2407,0.2368,-0.0039,0.2368,0.5173,0.1224,2.86,-0.04,0.04,1.579,1.587,0.0005,0.2398,0.7848,0.3934,0.1692,0.81,0.2165,1.31,0.55,mixed-rural-urban,0.109,0.0859,0.8585,0.8387,0.8435,0.7421,0.0738,0.117,65.6,False
DMA,Dominica,Other,identity_category_transition,1.7,1.82,1.7,1.82,1.4,1.38,-0.02,1.38,0.0,1.38,1.38,1.38,1.38,0.0,927,871,0.243,0.0,0.0,1.63,unspecified,False,0.5,0.48,0.56,0.42,0.536,0.925,1.0,0.78,0.793,0.0,0.0,0.0,0.0,0.0,1.0,1.085,0.0,0.001,0.2407,0.2368,-0.0039,0.2368,0.5173,0.1224,1.4,-0.0,0.02,1.579,1.587,0.0005,0.2398,0.7848,0.3934,0.1692,0.81,0.2165,1.31,0.55,mixed-rural-urban,0.109,0.0859,0.8585,0.8387,0.8435,0.7421,0.0738,0.117,65.6,False
DNK,Denmark,Danish,largest_baseline_category,1.5,1.68,1.5,1.68,83.0,79.62,-3.38,81.85,-2.24,80.38,78.68,78.68,80.38,1.7,4961256,4876557,0.257,0.204,0.116,1.797,unspecified,False,0.5,0.48,0.56,0.42,0.648,1.3,1.0,0.78,0.962,0.0,0.0,0.0,0.526,0.399,1.0,1.113,0.09,0.001,0.3077,0.3618,0.054,0.3618,0.9136,0.1165,79.6,-3.4,-0.02,2.033,1.951,0.0005,0.3619,0.7859,0.4815,0.092,0.8536,0.184,1.57,0.825,metropolitan-heavy,0.045,-0.0021,0.9483,0.9395,0.9927,0.7507,0.3285,0.7681,64.4,True
DNK,Denmark,Other Nordic/European,migration_linked,1.4,1.64,1.5,1.68,4.0,4.15,0.15,3.73,0.41,4.03,4.29,4.03,4.29,0.26,239097,253964,0.257,0.204,0.116,1.797,unspecified,True,0.5,0.48,0.56,0.42,0.648,1.013,1.0,0.78,0.871,0.0,0.0,0.0,0.526,0.399,1.0,1.113,0.09,0.001,0.3077,0.3618,0.054,0.3618,0.9136,0.1165,4.26,0.26,0.11,2.033,1.951,0.0005,0.3619,0.7859,0.4815,0.092,0.8536,0.184,1.57,0.825,metropolitan-heavy,0.045,-0.0021,0.9483,0.9395,0.9927,0.7507,0.3285,0.7681,64.4,False
DNK,Denmark,Polish,migration_linked,1.5,1.68,1.5,1.68,1.3,1.4,0.1,1.27,0.13,1.36,1.45,1.36,1.45,0.09,77706,86039,0.257,0.204,0.116,1.797,unspecified,True,0.5,0.48,0.56,0.42,0.648,0.92,1.0,0.78,0.842,0.0,0.0,0.0,0.526,0.399,1.0,1.113,0.09,0.001,0.3077,0.3618,0.054,0.3618,0.9136,0.1165,1.43,0.13,0.02,2.033,1.951,0.0005,0.3619,0.7859,0.4815,0.092,0.8536,0.184,1.57,0.825,metropolitan-heavy,0.045,-0.0021,0.9483,0.9395,0.9927,0.7507,0.3285,0.7681,64.4,False
DNK,Denmark,Syrian,higher_fertility_path,2.25,1.98,1.5,1.68,1.1,2.0,0.9,1.44,0.56,1.8,2.26,1.8,2.26,0.46,65752,122734,0.257,0.204,0.116,1.797,SYR,True,0.672,0.726,0.6,0.74,0.648,0.909,1.0,0.78,0.938,0.0,0.0,0.0,0.526,0.399,1.0,1.113,0.09,0.001,0.3077,0.3618,0.054,0.3618,0.9136,0.1165,1.94,0.84,-0.07,2.033,1.951,0.0005,0.3619,0.7859,0.4815,0.092,0.8536,0.184,1.57,0.825,metropolitan-heavy,0.045,-0.0021,0.9483,0.9395,0.9927,0.7507,0.3285,0.7681,64.4,False
DNK,Denmark,Turkish,higher_fertility_path,2.25,1.98,1.5,1.68,1.0,1.27,0.27,1.31,-0.04,1.28,1.27,1.27,1.28,0.01,59774,78089,0.257,0.204,0.116,1.797,unspecified,False,0.5,0.48,0.56,0.42,0.648,0.903,1.0,0.78,0.836,0.0,0.0,0.0,0.526,0.399,1.0,1.113,0.09,0.001,0.3077,0.3618,0.054,0.3618,0.9136,0.1165,1.23,0.23,-0.04,2.033,1.951,0.0005,0.3619,0.7859,0.4815,0.092,0.8536,0.184,1.57,0.825,metropolitan-heavy,0.045,-0.0021,0.9483,0.9395,0.9927,0.7507,0.3285,0.7681,64.4,False
DNK,Denmark,Somali,higher_fertility_path,2.8,2.2,1.5,1.68,0.8,1.25,0.45,1.25,-0.0,1.24,1.26,1.24,1.26,0.02,47819,76453,0.257,0.204,0.116,1.797,SOM;ETH;KEN,True,0.717,0.799,0.567,0.747,0.648,0.891,1.05,0.78,0.976,0.0,0.0,0.0,0.526,0.399,1.0,1.113,0.09,0.001,0.3077,0.3618,0.054,0.3618,0.9136,0.1165,1.17,0.37,-0.08,2.033,1.951,0.0005,0.3619,0.7859,0.4815,0.092,0.8536,0.184,1.57,0.825,metropolitan-heavy,0.045,-0.0021,0.9483,0.9395,0.9927,0.7507,0.3285,0.7681,64.4,False
DNK,Denmark,Pakistani,higher_fertility_path,2.3,2.0,1.5,1.68,0.7,0.91,0.21,0.93,-0.03,0.91,0.9,0.9,0.91,0.0,41842,55607,0.257,0.204,0.116,1.797,PAK,False,0.769,0.814,0.7,0.74,0.648,0.884,1.0,0.78,0.981,0.0,0.0,0.0,0.526,0.399,1.0,1.113,0.09,0.001,0.3077,0.3618,0.054,0.3618,0.9136,0.1165,0.87,0.17,-0.03,2.033,1.951,0.0005,0.3619,0.7859,0.4815,0.092,0.8536,0.184,1.57,0.825,metropolitan-heavy,0.045,-0.0021,0.9483,0.9395,0.9927,0.7507,0.3285,0.7681,64.4,False
DNK,Denmark,Iraqi,higher_fertility_path,2.25,1.98,1.5,1.68,0.6,0.76,0.16,0.79,-0.02,0.77,0.76,0.76,0.77,0.0,35865,46853,0.257,0.204,0.116,1.797,IRQ,False,0.651,0.702,0.58,0.7,0.648,0.876,1.0,0.78,0.912,0.0,0.0,0.0,0.526,0.399,1.0,1.113,0.09,0.001,0.3077,0.3618,0.054,0.3618,0.9136,0.1165,0.74,0.14,-0.03,2.033,1.951,0.0005,0.3619,0.7859,0.4815,0.092,0.8536,0.184,1.57,0.825,metropolitan-heavy,0.045,-0.0021,0.9483,0.9395,0.9927,0.7507,0.3285,0.7681,64.4,False
DNK,Denmark,Iranian,migration_linked,1.9,1.84,1.5,1.68,0.5,0.64,0.14,0.58,0.06,0.62,0.66,0.62,0.66,0.04,29887,38964,0.257,0.204,0.116,1.797,unspecified,True,0.5,0.48,0.56,0.42,0.648,0.869,1.0,0.78,0.825,0.0,0.0,0.0,0.526,0.399,1.0,1.113,0.09,0.001,0.3077,0.3618,0.054,0.3618,0.9136,0.1165,0.63,0.13,-0.01,2.033,1.951,0.0005,0.3619,0.7859,0.4815,0.092,0.8536,0.184,1.57,0.825,metropolitan-heavy,0.045,-0.0021,0.9483,0.9395,0.9927,0.7507,0.3285,0.7681,64.4,False
DNK,Denmark,Ukrainian,migration_linked,1.5,1.68,1.5,1.68,0.5,0.92,0.42,0.49,0.43,0.77,1.15,0.77,1.15,0.38,29887,56551,0.257,0.204,0.116,1.797,UKR,True,0.615,0.539,0.82,0.52,0.648,0.869,1.0,0.78,0.889,0.0,0.0,0.0,0.526,0.399,1.0,1.113,0.09,0.001,0.3077,0.3618,0.054,0.3618,0.9136,0.1165,0.94,0.44,0.02,2.033,1.951,0.0005,0.3619,0.7859,0.4815,0.092,0.8536,0.184,1.57,0.825,metropolitan-heavy,0.045,-0.0021,0.9483,0.9395,0.9927,0.7507,0.3285,0.7681,64.4,False
DNK,Denmark,Afghan,migration_linked,1.5,1.68,1.5,1.68,0.4,0.44,0.04,0.39,0.05,0.42,0.46,0.42,0.46,0.03,23910,26869,0.257,0.204,0.116,1.797,AFG,True,0.667,0.804,0.42,0.86,0.648,0.86,1.0,0.78,0.914,0.0,0.0,0.0,0.526,0.399,1.0,1.113,0.09,0.001,0.3077,0.3618,0.054,0.3618,0.9136,0.1165,0.45,0.05,0.01,2.033,1.951,0.0005,0.3619,0.7859,0.4815,0.092,0.8536,0.184,1.57,0.825,metropolitan-heavy,0.045,-0.0021,0.9483,0.9395,0.9927,0.7507,0.3285,0.7681,64.4,False
DNK,Denmark,Lebanese,migration_linked,1.5,1.68,1.5,1.68,0.3,0.32,0.02,0.29,0.03,0.31,0.33,0.31,0.33,0.02,17932,19793,0.257,0.204,0.116,1.797,unspecified,True,0.5,0.48,0.56,0.42,0.648,0.851,1.0,0.78,0.82,0.0,0.0,0.0,0.526,0.399,1.0,1.113,0.09,0.001,0.3077,0.3618,0.054,0.3618,0.9136,0.1165,0.33,0.03,0.01,2.033,1.951,0.0005,0.3619,0.7859,0.4815,0.092,0.8536,0.184,1.57,0.825,metropolitan-heavy,0.045,-0.0021,0.9483,0.9395,0.9927,0.7507,0.3285,0.7681,64.4,False
DNK,Denmark,Filipino,migration_linked,1.5,1.68,1.5,1.68,0.4,0.44,0.04,0.39,0.05,0.43,0.46,0.43,0.46,0.03,23910,26938,0.257,0.204,0.116,1.797,PHL,True,0.759,0.718,0.88,0.64,0.648,0.86,1.0,0.78,0.965,0.0,0.0,0.0,0.526,0.399,1.0,1.113,0.09,0.001,0.3077,0.3618,0.054,0.3618,0.9136,0.1165,0.45,0.05,0.01,2.033,1.951,0.0005,0.3619,0.7859,0.4815,0.092,0.8536,0.184,1.57,0.825,metropolitan-heavy,0.045,-0.0021,0.9483,0.9395,0.9927,0.7507,0.3285,0.7681,64.4,False
DNK,Denmark,Thai,migration_linked,1.5,1.68,1.5,1.68,0.4,0.43,0.03,0.39,0.04,0.42,0.45,0.42,0.45,0.03,23910,26402,0.257,0.204,0.116,1.797,unspecified,True,0.5,0.48,0.56,0.42,0.648,0.86,1.0,0.78,0.823,0.0,0.0,0.0,0.526,0.399,1.0,1.113,0.09,0.001,0.3077,0.3618,0.054,0.3618,0.9136,0.1165,0.44,0.04,0.01,2.033,1.951,0.0005,0.3619,0.7859,0.4815,0.092,0.8536,0.184,1.57,0.825,metropolitan-heavy,0.045,-0.0021,0.9483,0.9395,0.9927,0.7507,0.3285,0.7681,64.4,False
DNK,Denmark,Indian,migration_linked,1.5,1.68,1.5,1.68,0.4,0.44,0.04,0.39,0.05,0.42,0.46,0.42,0.46,0.03,23910,26881,0.257,0.204,0.116,1.797,IND;PAK;BGD;LKA;NPL,True,0.718,0.719,0.752,0.684,0.648,0.86,1.0,0.78,0.942,0.0,0.0,0.0,0.526,0.399,1.0,1.113,0.09,0.001,0.3077,0.3618,0.054,0.3618,0.9136,0.1165,0.45,0.05,0.01,2.033,1.951,0.0005,0.3619,0.7859,0.4815,0.092,0.8536,0.184,1.57,0.825,metropolitan-heavy,0.045,-0.0021,0.9483,0.9395,0.9927,0.7507,0.3285,0.7681,64.4,False
DNK,Denmark,Other Middle Eastern/African/Asian,migration_linked,1.5,1.68,1.5,1.68,1.8,1.96,0.16,1.76,0.21,1.9,2.04,1.9,2.04,0.13,107594,120312,0.257,0.204,0.116,1.797,unspecified,True,0.5,0.48,0.56,0.42,0.648,0.944,1.0,0.78,0.849,0.0,0.0,0.0,0.526,0.399,1.0,1.113,0.09,0.001,0.3077,0.3618,0.054,0.3618,0.9136,0.1165,2.0,0.2,0.03,2.033,1.951,0.0005,0.3619,0.7859,0.4815,0.092,0.8536,0.184,1.57,0.825,metropolitan-heavy,0.045,-0.0021,0.9483,0.9395,0.9927,0.7507,0.3285,0.7681,64.4,False
DNK,Denmark,Other,migration_linked,1.5,1.68,1.5,1.68,2.8,3.03,0.23,2.74,0.3,2.95,3.14,2.95,3.14,0.19,167368,185824,0.257,0.204,0.116,1.797,unspecified,True,0.5,0.48,0.56,0.42,0.648,0.98,1.0,0.78,0.861,0.0,0.0,0.0,0.526,0.399,1.0,1.113,0.09,0.001,0.3077,0.3618,0.054,0.3618,0.9136,0.1165,3.09,0.29,0.05,2.033,1.951,0.0005,0.3619,0.7859,0.4815,0.092,0.8536,0.184,1.57,0.825,metropolitan-heavy,0.045,-0.0021,0.9483,0.9395,0.9927,0.7507,0.3285,0.7681,64.4,False
DOM,Dominican Rep.,Mixed (Mulatto),largest_baseline_category,2.1,2.1,2.1,2.1,69.6,72.37,2.77,72.43,-0.07,72.33,72.41,72.33,72.41,0.08,7953580,9405114,0.0,0.0,0.0,1.25,unspecified,False,0.5,0.48,0.56,0.42,0.454,1.3,1.0,0.78,0.839,0.0,0.0,0.0,0.0,0.0,1.0,1.0,0.0,0.001,0.4723,0.4399,-0.0324,0.4399,1.056,0.1159,71.62,2.02,-0.75,1.907,1.911,0.0005,0.4489,0.7292,0.3298,0.0797,0.7912,0.2011,1.79,0.661,urbanizing-majority,0.0,0.0696,0.8842,0.7896,0.866,0.668,0.2179,0.2775,60.78,True
DOM,Dominican Rep.,Black,largest_baseline_category,2.1,2.1,2.1,2.1,15.8,15.84,0.04,15.85,-0.01,15.83,15.85,15.83,15.85,0.02,1805554,2058528,0.0,0.0,0.0,1.25,unspecified,False,0.5,0.48,0.56,0.42,0.454,1.159,1.0,0.78,0.807,0.0,0.0,0.0,0.0,0.0,1.0,1.0,0.0,0.001,0.4723,0.4399,-0.0324,0.4399,1.056,0.1159,15.99,0.19,0.15,1.907,1.911,0.0005,0.4489,0.7292,0.3298,0.0797,0.7912,0.2011,1.79,0.661,urbanizing-majority,0.0,0.0696,0.8842,0.7896,0.866,0.668,0.2179,0.2775,60.78,False
DOM,Dominican Rep.,White,lower_fertility_path,1.5,1.86,2.1,2.1,13.5,10.58,-2.92,10.59,-0.01,10.66,10.5,10.5,10.66,0.16,1542720,1374813,0.0,0.0,0.0,1.25,unspecified,False,0.5,0.48,0.56,0.42,0.454,1.141,1.0,0.78,0.803,0.0,0.0,0.0,0.0,0.0,1.0,1.0,0.0,0.001,0.4723,0.4399,-0.0324,0.4399,1.056,0.1159,11.16,-2.34,0.58,1.907,1.911,0.0005,0.4489,0.7292,0.3298,0.0797,0.7912,0.2011,1.79,0.661,urbanizing-majority,0.0,0.0696,0.8842,0.7896,0.866,0.668,0.2179,0.2775,60.78,False
DOM,Dominican Rep.,Haitian migrant,migration_linked,2.1,2.1,2.1,2.1,0.8,0.91,0.11,0.82,0.09,0.88,0.94,0.88,0.94,0.06,91420,118312,0.0,0.0,0.0,1.25,HTI,True,0.658,0.768,0.48,0.86,0.454,0.891,1.0,0.78,0.81,0.0,0.0,0.0,0.0,0.0,1.0,1.0,0.0,0.001,0.4723,0.4399,-0.0324,0.4399,1.056,0.1159,0.92,0.12,0.01,1.907,1.911,0.0005,0.4489,0.7292,0.3298,0.0797,0.7912,0.2011,1.79,0.661,urbanizing-majority,0.0,0.0696,0.8842,0.7896,0.866,0.668,0.2179,0.2775,60.78,False
DOM,Dominican Rep.,Other,identity_category_transition,2.1,2.1,2.1,2.1,0.3,0.3,0.0,0.3,-0.0,0.3,0.3,0.3,0.3,0.0,34283,39526,0.0,0.0,0.0,1.25,unspecified,False,0.5,0.48,0.56,0.42,0.454,0.851,1.0,0.78,0.739,0.0,0.0,0.0,0.0,0.0,1.0,1.0,0.0,0.001,0.4723,0.4399,-0.0324,0.4399,1.056,0.1159,0.31,0.01,0.0,1.907,1.911,0.0005,0.4489,0.7292,0.3298,0.0797,0.7912,0.2011,1.79,0.661,urbanizing-majority,0.0,0.0696,0.8842,0.7896,0.866,0.668,0.2179,0.2775,60.78,False
DZA,Algeria,Arab,largest_baseline_category,2.9,2.42,2.9,2.42,55.0,56.18,1.18,56.18,0.0,56.18,56.18,56.18,56.18,0.0,25747866,33463937,0.0,0.0,0.0,1.25,unspecified,False,0.5,0.48,0.56,0.42,0.454,1.3,1.0,0.78,0.839,0.0,0.0,0.626,0.0,0.0,1.0,1.0,0.0,0.001,0.6285,0.6189,-0.0097,0.6189,1.7104,0.1358,55.54,0.54,-0.64,2.025,2.13,0.0005,0.6241,0.6888,0.297,0.1143,0.7625,0.216,2.62,0.55,mixed-rural-urban,0.0,0.0386,0.8989,0.7211,0.7945,0.6198,0.2345,0.2276,59.86,True
DZA,Algeria,Amazigh (Kabyle),largest_baseline_category,2.9,2.42,2.9,2.42,23.0,22.42,-0.58,22.42,0.0,22.42,22.42,22.42,22.42,0.0,10767289,13354286,0.0,0.0,0.0,1.25,unspecified,False,0.5,0.48,0.56,0.42,0.454,1.201,1.0,0.78,0.817,0.0,0.0,0.626,0.0,0.0,1.0,1.0,0.0,0.001,0.6285,0.6189,-0.0097,0.6189,1.7104,0.1358,22.74,-0.26,0.32,2.025,2.13,0.0005,0.6241,0.6888,0.297,0.1143,0.7625,0.216,2.62,0.55,mixed-rural-urban,0.0,0.0386,0.8989,0.7211,0.7945,0.6198,0.2345,0.2276,59.86,False
DZA,Algeria,Amazigh (Chaoui/Aurès),largest_baseline_category,2.9,2.42,2.9,2.42,7.0,6.82,-0.18,6.82,0.0,6.82,6.82,6.82,6.82,0.0,3277001,4064348,0.0,0.0,0.0,1.25,unspecified,False,0.5,0.48,0.56,0.42,0.454,1.07,1.0,0.78,0.787,0.0,0.0,0.626,0.0,0.0,1.0,1.0,0.0,0.001,0.6285,0.6189,-0.0097,0.6189,1.7104,0.1358,6.92,-0.08,0.1,2.025,2.13,0.0005,0.6241,0.6888,0.297,0.1143,0.7625,0.216,2.62,0.55,mixed-rural-urban,0.0,0.0386,0.8989,0.7211,0.7945,0.6198,0.2345,0.2276,59.86,False
DZA,Algeria,Arab-Berber (mixed),largest_baseline_category,2.9,2.42,2.9,2.42,10.0,9.75,-0.25,9.75,0.0,9.75,9.75,9.75,9.75,0.0,4681430,5806211,0.0,0.0,0.0,1.25,unspecified,False,0.5,0.48,0.56,0.42,0.454,1.108,1.0,0.78,0.796,0.0,0.0,0.626,0.0,0.0,1.0,1.0,0.0,0.001,0.6285,0.6189,-0.0097,0.6189,1.7104,0.1358,9.89,-0.11,0.14,2.025,2.13,0.0005,0.6241,0.6888,0.297,0.1143,0.7625,0.216,2.62,0.55,mixed-rural-urban,0.0,0.0386,0.8989,0.7211,0.7945,0.6198,0.2345,0.2276,59.86,False
DZA,Algeria,Mozabite/Tuareg,largest_baseline_category,2.9,2.42,2.9,2.42,3.0,2.92,-0.08,2.92,0.0,2.92,2.92,2.92,2.92,0.0,1404429,1741863,0.0,0.0,0.0,1.25,unspecified,False,0.5,0.48,0.56,0.42,0.454,0.986,1.0,0.78,0.769,0.0,0.0,0.626,0.0,0.0,1.0,1.0,0.0,0.001,0.6285,0.6189,-0.0097,0.6189,1.7104,0.1358,2.97,-0.03,0.04,2.025,2.13,0.0005,0.6241,0.6888,0.297,0.1143,0.7625,0.216,2.62,0.55,mixed-rural-urban,0.0,0.0386,0.8989,0.7211,0.7945,0.6198,0.2345,0.2276,59.86,False
DZA,Algeria,European,lower_fertility_path,2.5,2.26,2.9,2.42,0.5,0.43,-0.07,0.43,0.0,0.43,0.43,0.43,0.43,0.0,234072,254177,0.0,0.0,0.0,1.25,unspecified,False,0.5,0.48,0.56,0.42,0.454,0.869,1.0,0.78,0.743,0.0,0.0,0.626,0.0,0.0,1.0,1.0,0.0,0.001,0.6285,0.6189,-0.0097,0.6189,1.7104,0.1358,0.44,-0.06,0.02,2.025,2.13,0.0005,0.6241,0.6888,0.297,0.1143,0.7625,0.216,2.62,0.55,mixed-rural-urban,0.0,0.0386,0.8989,0.7211,0.7945,0.6198,0.2345,0.2276,59.86,False
DZA,Algeria,Other,identity_category_transition,2.9,2.42,2.9,2.42,1.5,1.48,-0.02,1.48,0.0,1.48,1.48,1.48,1.48,0.0,702215,880727,0.0,0.0,0.0,1.25,unspecified,False,0.5,0.48,0.56,0.42,0.454,0.93,1.0,0.78,0.756,0.0,0.0,0.626,0.0,0.0,1.0,1.0,0.0,0.001,0.6285,0.6189,-0.0097,0.6189,1.7104,0.1358,1.5,-0.0,0.02,2.025,2.13,0.0005,0.6241,0.6888,0.297,0.1143,0.7625,0.216,2.62,0.55,mixed-rural-urban,0.0,0.0386,0.8989,0.7211,0.7945,0.6198,0.2345,0.2276,59.86,False
ECU,Ecuador,Mestizo,largest_baseline_category,1.9,1.96,1.9,1.96,71.9,71.08,-0.82,71.08,0.0,71.12,71.03,71.03,71.12,0.09,13039409,15166208,0.086,0.0,0.0,1.384,unspecified,False,0.5,0.48,0.56,0.42,0.483,1.3,1.0,0.78,0.857,0.0,0.0,0.0,0.0,0.0,1.0,1.03,0.0,0.001,0.4637,0.4732,0.0095,0.4732,1.2291,0.1424,70.92,-0.98,-0.16,1.833,1.899,0.0005,0.4755,0.6956,0.3212,0.0956,0.7751,0.2135,1.9,0.545,mixed-rural-urban,0.039,0.0367,0.9106,0.7602,0.7782,0.6238,0.2659,0.365,59.94,True
ECU,Ecuador,Montubio,largest_baseline_category,1.9,1.96,1.9,1.96,7.4,7.05,-0.35,7.05,0.0,7.06,7.05,7.05,7.06,0.01,1342025,1505064,0.086,0.0,0.0,1.384,unspecified,False,0.5,0.48,0.56,0.42,0.483,1.075,1.0,0.78,0.804,0.0,0.0,0.0,0.0,0.0,1.0,1.03,0.0,0.001,0.4637,0.4732,0.0095,0.4732,1.2291,0.1424,7.18,-0.22,0.13,1.833,1.899,0.0005,0.4755,0.6956,0.3212,0.0956,0.7751,0.2135,1.9,0.545,mixed-rural-urban,0.039,0.0367,0.9106,0.7602,0.7782,0.6238,0.2659,0.365,59.94,False
ECU,Ecuador,Afroecuadorian,higher_fertility_path,2.25,2.1,1.9,1.96,7.2,7.96,0.76,7.96,0.0,7.93,7.98,7.93,7.98,0.05,1305754,1698084,0.086,0.0,0.0,1.384,unspecified,False,0.5,0.48,0.56,0.42,0.483,1.072,1.0,0.78,0.803,0.0,0.0,0.0,0.0,0.0,1.0,1.03,0.0,0.001,0.4637,0.4732,0.0095,0.4732,1.2291,0.1424,7.93,0.73,-0.02,1.833,1.899,0.0005,0.4755,0.6956,0.3212,0.0956,0.7751,0.2135,1.9,0.545,mixed-rural-urban,0.039,0.0367,0.9106,0.7602,0.7782,0.6238,0.2659,0.365,59.94,False
ECU,Ecuador,Amerindian,higher_fertility_path,2.75,2.3,1.9,1.96,7.0,9.07,2.07,9.07,0.0,9.01,9.14,9.01,9.14,0.13,1269483,1935778,0.086,0.0,0.0,1.384,IND;PAK;BGD;LKA;NPL,False,0.718,0.719,0.752,0.684,0.483,1.07,1.0,0.78,0.913,0.0,0.0,0.0,0.0,0.0,1.0,1.03,0.0,0.001,0.4637,0.4732,0.0095,0.4732,1.2291,0.1424,8.83,1.83,-0.25,1.833,1.899,0.0005,0.4755,0.6956,0.3212,0.0956,0.7751,0.2135,1.9,0.545,mixed-rural-urban,0.039,0.0367,0.9106,0.7602,0.7782,0.6238,0.2659,0.365,59.94,False
ECU,Ecuador,White,lower_fertility_path,1.3,1.72,1.9,1.96,6.1,4.45,-1.65,4.45,0.0,4.49,4.41,4.41,4.49,0.09,1106264,949827,0.086,0.0,0.0,1.384,unspecified,False,0.5,0.48,0.56,0.42,0.483,1.055,1.0,0.78,0.799,0.0,0.0,0.0,0.0,0.0,1.0,1.03,0.0,0.001,0.4637,0.4732,0.0095,0.4732,1.2291,0.1424,4.74,-1.36,0.29,1.833,1.899,0.0005,0.4755,0.6956,0.3212,0.0956,0.7751,0.2135,1.9,0.545,mixed-rural-urban,0.039,0.0367,0.9106,0.7602,0.7782,0.6238,0.2659,0.365,59.94,False
ECU,Ecuador,Other,identity_category_transition,1.9,1.96,1.9,1.96,0.4,0.39,-0.01,0.39,0.0,0.39,0.39,0.39,0.39,0.0,72542,82270,0.086,0.0,0.0,1.384,unspecified,False,0.5,0.48,0.56,0.42,0.483,0.86,1.0,0.78,0.753,0.0,0.0,0.0,0.0,0.0,1.0,1.03,0.0,0.001,0.4637,0.4732,0.0095,0.4732,1.2291,0.1424,0.39,-0.01,0.01,1.833,1.899,0.0005,0.4755,0.6956,0.3212,0.0956,0.7751,0.2135,1.9,0.545,mixed-rural-urban,0.039,0.0367,0.9106,0.7602,0.7782,0.6238,0.2659,0.365,59.94,False
EGY,Egypt,Egyptian (Sunni Muslim),largest_baseline_category,2.9,2.42,2.9,2.42,84.9,84.83,-0.07,84.94,-0.12,84.87,84.77,84.77,84.87,0.1,98940979,137105586,0.0,0.0,0.0,1.25,EGY,False,0.7,0.706,0.72,0.66,0.454,1.3,1.0,0.78,0.954,0.58,0.0,0.706,0.0,0.0,1.0,1.0,0.0,0.001,0.2686,0.2703,0.0018,0.2703,0.6078,0.188,84.66,-0.24,-0.16,1.517,1.626,0.0005,0.2728,0.6243,0.2345,0.1705,0.7644,0.1825,1.37,0.378,rural-heavy,0.0,0.0513,0.8253,0.7787,0.8126,0.4501,0.362,0.0,57.68,True
EGY,Egypt,Egyptian (Coptic Christian),largest_baseline_category,2.9,2.42,2.9,2.42,10.0,9.69,-0.31,9.7,-0.01,9.69,9.68,9.68,9.69,0.01,11653826,15661370,0.0,0.0,0.0,1.25,EGY,False,0.7,0.706,0.72,0.66,0.454,1.108,1.0,0.78,0.894,0.58,0.0,0.706,0.0,0.0,1.0,1.0,0.0,0.001,0.2686,0.2703,0.0018,0.2703,0.6078,0.188,9.84,-0.16,0.15,1.517,1.626,0.0005,0.2728,0.6243,0.2345,0.1705,0.7644,0.1825,1.37,0.378,rural-heavy,0.0,0.0513,0.8253,0.7787,0.8126,0.4501,0.362,0.0,57.68,False
EGY,Egypt,Nubian,largest_baseline_category,2.9,2.42,2.9,2.42,1.0,0.97,-0.03,0.97,-0.0,0.97,0.97,0.97,0.97,0.0,1165383,1566137,0.0,0.0,0.0,1.25,unspecified,False,0.5,0.48,0.56,0.42,0.454,0.903,1.0,0.78,0.75,0.58,0.0,0.706,0.0,0.0,1.0,1.0,0.0,0.001,0.2686,0.2703,0.0018,0.2703,0.6078,0.188,0.98,-0.02,0.01,1.517,1.626,0.0005,0.2728,0.6243,0.2345,0.1705,0.7644,0.1825,1.37,0.378,rural-heavy,0.0,0.0513,0.8253,0.7787,0.8126,0.4501,0.362,0.0,57.68,False
EGY,Egypt,Bedouin Arab,largest_baseline_category,2.9,2.42,2.9,2.42,1.0,0.97,-0.03,0.97,-0.0,0.97,0.97,0.97,0.97,0.0,1165383,1566137,0.0,0.0,0.0,1.25,unspecified,False,0.5,0.48,0.56,0.42,0.454,0.903,1.0,0.78,0.75,0.58,0.0,0.706,0.0,0.0,1.0,1.0,0.0,0.001,0.2686,0.2703,0.0018,0.2703,0.6078,0.188,0.98,-0.02,0.01,1.517,1.626,0.0005,0.2728,0.6243,0.2345,0.1705,0.7644,0.1825,1.37,0.378,rural-heavy,0.0,0.0513,0.8253,0.7787,0.8126,0.4501,0.362,0.0,57.68,False
EGY,Egypt,Sudanese migrant,migration_linked,3.3,2.58,2.9,2.42,0.7,0.85,0.15,0.78,0.08,0.83,0.88,0.83,0.88,0.06,815768,1376379,0.0,0.0,0.0,1.25,unspecified,True,0.5,0.48,0.56,0.42,0.454,0.884,1.0,0.78,0.746,0.58,0.0,0.706,0.0,0.0,1.0,1.0,0.0,0.001,0.2686,0.2703,0.0018,0.2703,0.6078,0.188,0.85,0.15,-0.0,1.517,1.626,0.0005,0.2728,0.6243,0.2345,0.1705,0.7644,0.1825,1.37,0.378,rural-heavy,0.0,0.0513,0.8253,0.7787,0.8126,0.4501,0.362,0.0,57.68,False
EGY,Egypt,Syrian migrant,migration_linked,3.3,2.58,2.9,2.42,0.5,0.61,0.11,0.55,0.06,0.59,0.64,0.59,0.64,0.04,582691,991779,0.0,0.0,0.0,1.25,SYR,True,0.672,0.726,0.6,0.74,0.454,0.869,1.0,0.78,0.809,0.58,0.0,0.706,0.0,0.0,1.0,1.0,0.0,0.001,0.2686,0.2703,0.0018,0.2703,0.6078,0.188,0.61,0.11,-0.0,1.517,1.626,0.0005,0.2728,0.6243,0.2345,0.1705,0.7644,0.1825,1.37,0.378,rural-heavy,0.0,0.0513,0.8253,0.7787,0.8126,0.4501,0.362,0.0,57.68,False
EGY,Egypt,Other Arab,identity_category_transition,3.3,2.58,2.9,2.42,1.9,2.08,0.18,2.08,-0.0,2.07,2.09,2.07,2.09,0.01,2214227,3362808,0.0,0.0,0.0,1.25,unspecified,False,0.5,0.48,0.56,0.42,0.454,0.948,1.0,0.78,0.76,0.58,0.0,0.706,0.0,0.0,1.0,1.0,0.0,0.001,0.2686,0.2703,0.0018,0.2703,0.6078,0.188,2.07,0.17,-0.01,1.517,1.626,0.0005,0.2728,0.6243,0.2345,0.1705,0.7644,0.1825,1.37,0.378,rural-heavy,0.0,0.0513,0.8253,0.7787,0.8126,0.4501,0.362,0.0,57.68,False
ERI,Eritrea,Tigrinya,largest_baseline_category,3.9,3.09,3.9,3.09,55.0,54.44,-0.56,54.44,0.0,54.48,54.41,54.41,54.48,0.08,1944586,3101169,0.0,0.0,0.0,1.25,unspecified,False,0.5,0.48,0.56,0.42,0.337,1.3,1.0,0.78,0.764,0.0,0.0,0.767,0.0,0.0,0.5,0.5,0.0,0.001,0.6032,0.6014,-0.0018,0.6014,1.5807,0.4407,53.93,-1.07,-0.52,1.903,2.095,0.0005,0.6051,0.2758,0.2332,0.1001,0.4942,0.4323,2.51,0.381,mixed-rural-urban,0.0,0.0243,0.7549,0.4103,0.4734,0.0879,0.6583,0.0,53.06,True
ERI,Eritrea,Tigre,higher_fertility_path,4.25,3.23,3.9,3.09,30.0,31.36,1.36,31.36,0.0,31.31,31.41,31.31,31.41,0.1,1060683,1786410,0.0,0.0,0.0,1.25,unspecified,False,0.5,0.48,0.56,0.42,0.337,1.232,1.0,0.78,0.753,0.0,0.0,0.767,0.0,0.0,0.5,0.5,0.0,0.001,0.6032,0.6014,-0.0018,0.6014,1.5807,0.4407,31.64,1.64,0.28,1.903,2.095,0.0005,0.6051,0.2758,0.2332,0.1001,0.4942,0.4323,2.51,0.381,mixed-rural-urban,0.0,0.0243,0.7549,0.4103,0.4734,0.0879,0.6583,0.0,53.06,False
ERI,Eritrea,Saho,largest_baseline_category,3.9,3.09,3.9,3.09,4.0,3.78,-0.22,3.78,0.0,3.78,3.77,3.77,3.78,0.01,141424,215032,0.0,0.0,0.0,1.25,unspecified,False,0.5,0.48,0.56,0.42,0.337,1.013,1.0,0.78,0.717,0.0,0.0,0.767,0.0,0.0,0.5,0.5,0.0,0.001,0.6032,0.6014,-0.0018,0.6014,1.5807,0.4407,3.84,-0.16,0.06,1.903,2.095,0.0005,0.6051,0.2758,0.2332,0.1001,0.4942,0.4323,2.51,0.381,mixed-rural-urban,0.0,0.0243,0.7549,0.4103,0.4734,0.0879,0.6583,0.0,53.06,False
ERI,Eritrea,Kunama,largest_baseline_category,3.9,3.09,3.9,3.09,2.0,1.89,-0.11,1.89,0.0,1.89,1.89,1.89,1.89,0.0,70712,107516,0.0,0.0,0.0,1.25,unspecified,False,0.5,0.48,0.56,0.42,0.337,0.952,1.0,0.78,0.707,0.0,0.0,0.767,0.0,0.0,0.5,0.5,0.0,0.001,0.6032,0.6014,-0.0018,0.6014,1.5807,0.4407,1.92,-0.08,0.03,1.903,2.095,0.0005,0.6051,0.2758,0.2332,0.1001,0.4942,0.4323,2.51,0.381,mixed-rural-urban,0.0,0.0243,0.7549,0.4103,0.4734,0.0879,0.6583,0.0,53.06,False
ERI,Eritrea,Rashaida,largest_baseline_category,3.9,3.09,3.9,3.09,2.0,1.89,-0.11,1.89,0.0,1.89,1.89,1.89,1.89,0.0,70712,107516,0.0,0.0,0.0,1.25,unspecified,False,0.5,0.48,0.56,0.42,0.337,0.952,1.0,0.78,0.707,0.0,0.0,0.767,0.0,0.0,0.5,0.5,0.0,0.001,0.6032,0.6014,-0.0018,0.6014,1.5807,0.4407,1.92,-0.08,0.03,1.903,2.095,0.0005,0.6051,0.2758,0.2332,0.1001,0.4942,0.4323,2.51,0.381,mixed-rural-urban,0.0,0.0243,0.7549,0.4103,0.4734,0.0879,0.6583,0.0,53.06,False
ERI,Eritrea,Bilen,largest_baseline_category,3.9,3.09,3.9,3.09,2.0,1.89,-0.11,1.89,0.0,1.89,1.89,1.89,1.89,0.0,70712,107516,0.0,0.0,0.0,1.25,unspecified,False,0.5,0.48,0.56,0.42,0.337,0.952,1.0,0.78,0.707,0.0,0.0,0.767,0.0,0.0,0.5,0.5,0.0,0.001,0.6032,0.6014,-0.0018,0.6014,1.5807,0.4407,1.92,-0.08,0.03,1.903,2.095,0.0005,0.6051,0.2758,0.2332,0.1001,0.4942,0.4323,2.51,0.381,mixed-rural-urban,0.0,0.0243,0.7549,0.4103,0.4734,0.0879,0.6583,0.0,53.06,False
ERI,Eritrea,Nara,largest_baseline_category,3.9,3.09,3.9,3.09,1.5,1.42,-0.08,1.42,0.0,1.42,1.41,1.41,1.42,0.0,53034,80637,0.0,0.0,0.0,1.25,unspecified,False,0.5,0.48,0.56,0.42,0.337,0.93,1.0,0.78,0.703,0.0,0.0,0.767,0.0,0.0,0.5,0.5,0.0,0.001,0.6032,0.6014,-0.0018,0.6014,1.5807,0.4407,1.44,-0.06,0.02,1.903,2.095,0.0005,0.6051,0.2758,0.2332,0.1001,0.4942,0.4323,2.51,0.381,mixed-rural-urban,0.0,0.0243,0.7549,0.4103,0.4734,0.0879,0.6583,0.0,53.06,False
ERI,Eritrea,Other,identity_category_transition,3.9,3.09,3.9,3.09,3.5,3.34,-0.16,3.34,0.0,3.34,3.34,3.34,3.34,0.0,123746,190269,0.0,0.0,0.0,1.25,unspecified,False,0.5,0.48,0.56,0.42,0.337,1.0,1.0,0.78,0.715,0.0,0.0,0.767,0.0,0.0,0.5,0.5,0.0,0.001,0.6032,0.6014,-0.0018,0.6014,1.5807,0.4407,3.4,-0.1,0.06,1.903,2.095,0.0005,0.6051,0.2758,0.2332,0.1001,0.4942,0.4323,2.51,0.381,mixed-rural-urban,0.0,0.0243,0.7549,0.4103,0.4734,0.0879,0.6583,0.0,53.06,False
ESP,Spain,Spanish,largest_baseline_category,1.2,1.47,1.2,1.47,79.2,71.92,-7.28,77.95,-6.02,73.95,69.79,69.79,73.95,4.16,37945142,32314529,0.484,0.397,0.226,2.29,unspecified,False,0.5,0.48,0.56,0.42,0.77,1.3,1.0,0.78,1.04,0.0,0.0,0.0,0.63,0.239,1.0,1.215,0.05,0.001,0.3682,0.4746,0.1065,0.4746,1.2865,0.157,71.96,-7.24,0.04,1.962,1.915,0.0005,0.4742,0.7319,0.5484,0.1342,0.8218,0.2259,1.9,0.751,urbanizing-majority,0.12,-0.0039,0.9763,0.8514,0.919,0.6952,0.3872,0.9167,64.1,True
ESP,Spain,Moroccan,higher_fertility_path,2.1,1.83,1.2,1.47,2.3,4.49,2.19,3.31,1.17,4.07,5.02,4.07,5.02,0.95,1101942,2015258,0.484,0.397,0.226,2.29,MAR,True,0.63,0.613,0.7,0.58,0.77,0.963,1.24,0.78,1.117,0.0,0.0,0.0,0.63,0.239,1.0,1.215,0.05,0.001,0.3682,0.4746,0.1065,0.4746,1.2865,0.157,4.29,1.99,-0.2,1.962,1.915,0.0005,0.4742,0.7319,0.5484,0.1342,0.8218,0.2259,1.9,0.751,urbanizing-majority,0.12,-0.0039,0.9763,0.8514,0.919,0.6952,0.3872,0.9167,64.1,False
ESP,Spain,Romanian,migration_linked,1.2,1.47,1.2,1.47,1.9,2.0,0.1,1.85,0.15,1.96,2.05,1.96,2.05,0.09,910300,899128,0.484,0.397,0.226,2.29,unspecified,True,0.5,0.48,0.56,0.42,0.77,0.948,1.0,0.78,0.907,0.0,0.0,0.0,0.63,0.239,1.0,1.215,0.05,0.001,0.3682,0.4746,0.1065,0.4746,1.2865,0.157,2.04,0.14,0.04,1.962,1.915,0.0005,0.4742,0.7319,0.5484,0.1342,0.8218,0.2259,1.9,0.751,urbanizing-majority,0.12,-0.0039,0.9763,0.8514,0.919,0.6952,0.3872,0.9167,64.1,False
ESP,Spain,Latin American,migration_linked,1.2,1.47,1.2,1.47,5.0,5.3,0.3,4.87,0.43,5.18,5.44,5.18,5.44,0.26,2395527,2379136,0.484,0.397,0.226,2.29,unspecified,True,0.5,0.48,0.56,0.42,0.77,1.035,1.0,0.78,0.94,0.0,0.0,0.0,0.63,0.239,1.0,1.215,0.05,0.001,0.3682,0.4746,0.1065,0.4746,1.2865,0.157,5.4,0.4,0.1,1.962,1.915,0.0005,0.4742,0.7319,0.5484,0.1342,0.8218,0.2259,1.9,0.751,urbanizing-majority,0.12,-0.0039,0.9763,0.8514,0.919,0.6952,0.3872,0.9167,64.1,False
ESP,Spain,British,migration_linked,1.1,1.43,1.2,1.47,1.2,1.2,-0.0,1.11,0.09,1.17,1.22,1.17,1.22,0.05,574926,536924,0.484,0.397,0.226,2.29,unspecified,True,0.5,0.48,0.56,0.42,0.77,0.915,1.0,0.78,0.895,0.0,0.0,0.0,0.63,0.239,1.0,1.215,0.05,0.001,0.3682,0.4746,0.1065,0.4746,1.2865,0.157,1.23,0.03,0.04,1.962,1.915,0.0005,0.4742,0.7319,0.5484,0.1342,0.8218,0.2259,1.9,0.751,urbanizing-majority,0.12,-0.0039,0.9763,0.8514,0.919,0.6952,0.3872,0.9167,64.1,False
ESP,Spain,Colombian,migration_linked,1.7,1.67,1.2,1.47,1.2,2.62,1.42,1.48,1.14,2.2,3.19,2.2,3.19,0.99,574926,1176376,0.484,0.397,0.226,2.29,COL,True,0.632,0.586,0.78,0.6,0.77,0.915,1.24,0.78,1.091,0.0,0.0,0.0,0.63,0.239,1.0,1.215,0.05,0.001,0.3682,0.4746,0.1065,0.4746,1.2865,0.157,2.57,1.37,-0.05,1.962,1.915,0.0005,0.4742,0.7319,0.5484,0.1342,0.8218,0.2259,1.9,0.751,urbanizing-majority,0.12,-0.0039,0.9763,0.8514,0.919,0.6952,0.3872,0.9167,64.1,False
ESP,Spain,Venezuelan,migration_linked,1.8,1.71,1.2,1.47,1.0,3.18,2.18,1.28,1.9,2.5,3.53,2.5,3.53,1.03,479105,1430296,0.484,0.397,0.226,2.29,VEN,True,0.636,0.596,0.78,0.64,0.77,0.903,1.28,0.78,1.104,0.0,0.0,0.0,0.63,0.239,1.0,1.215,0.05,0.001,0.3682,0.4746,0.1065,0.4746,1.2865,0.157,3.1,2.1,-0.08,1.962,1.915,0.0005,0.4742,0.7319,0.5484,0.1342,0.8218,0.2259,1.9,0.751,urbanizing-majority,0.12,-0.0039,0.9763,0.8514,0.919,0.6952,0.3872,0.9167,64.1,False
ESP,Spain,Ecuadorian,migration_linked,1.9,1.75,1.2,1.47,0.7,1.27,0.57,0.93,0.33,1.15,1.41,1.15,1.41,0.26,335374,568503,0.484,0.397,0.226,2.29,unspecified,True,0.5,0.48,0.56,0.42,0.77,0.884,1.0,0.78,0.883,0.0,0.0,0.0,0.63,0.239,1.0,1.215,0.05,0.001,0.3682,0.4746,0.1065,0.4746,1.2865,0.157,1.22,0.52,-0.04,1.962,1.915,0.0005,0.4742,0.7319,0.5484,0.1342,0.8218,0.2259,1.9,0.751,urbanizing-majority,0.12,-0.0039,0.9763,0.8514,0.919,0.6952,0.3872,0.9167,64.1,False
ESP,Spain,Peruvian,migration_linked,1.9,1.75,1.2,1.47,0.6,1.08,0.48,0.8,0.28,0.99,1.21,0.99,1.21,0.23,287463,486743,0.484,0.397,0.226,2.29,unspecified,True,0.5,0.48,0.56,0.42,0.77,0.876,1.0,0.78,0.88,0.0,0.0,0.0,0.63,0.239,1.0,1.215,0.05,0.001,0.3682,0.4746,0.1065,0.4746,1.2865,0.157,1.05,0.45,-0.04,1.962,1.915,0.0005,0.4742,0.7319,0.5484,0.1342,0.8218,0.2259,1.9,0.751,urbanizing-majority,0.12,-0.0039,0.9763,0.8514,0.919,0.6952,0.3872,0.9167,64.1,False
ESP,Spain,Italian,migration_linked,1.1,1.43,1.2,1.47,1.3,1.3,-0.0,1.2,0.1,1.27,1.33,1.27,1.33,0.05,622837,581863,0.484,0.397,0.226,2.29,unspecified,True,0.5,0.48,0.56,0.42,0.77,0.92,1.0,0.78,0.897,0.0,0.0,0.0,0.63,0.239,1.0,1.215,0.05,0.001,0.3682,0.4746,0.1065,0.4746,1.2865,0.157,1.33,0.03,0.04,1.962,1.915,0.0005,0.4742,0.7319,0.5484,0.1342,0.8218,0.2259,1.9,0.751,urbanizing-majority,0.12,-0.0039,0.9763,0.8514,0.919,0.6952,0.3872,0.9167,64.1,False
ESP,Spain,German,migration_linked,1.1,1.43,1.2,1.47,1.2,1.2,-0.0,1.11,0.09,1.17,1.22,1.17,1.22,0.05,574926,536924,0.484,0.397,0.226,2.29,unspecified,True,0.5,0.48,0.56,0.42,0.77,0.915,1.0,0.78,0.895,0.0,0.0,0.0,0.63,0.239,1.0,1.215,0.05,0.001,0.3682,0.4746,0.1065,0.4746,1.2865,0.157,1.23,0.03,0.04,1.962,1.915,0.0005,0.4742,0.7319,0.5484,0.1342,0.8218,0.2259,1.9,0.751,urbanizing-majority,0.12,-0.0039,0.9763,0.8514,0.919,0.6952,0.3872,0.9167,64.1,False
ESP,Spain,French,migration_linked,1.1,1.43,1.2,1.47,1.0,1.0,-0.0,0.92,0.07,0.98,1.02,0.98,1.02,0.04,479105,447115,0.484,0.397,0.226,2.29,unspecified,True,0.5,0.48,0.56,0.42,0.77,0.903,1.0,0.78,0.89,0.0,0.0,0.0,0.63,0.239,1.0,1.215,0.05,0.001,0.3682,0.4746,0.1065,0.4746,1.2865,0.157,1.02,0.02,0.03,1.962,1.915,0.0005,0.4742,0.7319,0.5484,0.1342,0.8218,0.2259,1.9,0.751,urbanizing-majority,0.12,-0.0039,0.9763,0.8514,0.919,0.6952,0.3872,0.9167,64.1,False
ESP,Spain,Chinese,migration_linked,1.0,1.39,1.2,1.47,0.8,0.75,-0.05,0.7,0.06,0.74,0.77,0.74,0.77,0.03,383284,338382,0.484,0.397,0.226,2.29,CHN,True,0.52,0.502,0.58,0.45,0.77,0.891,1.0,0.78,0.899,0.0,0.0,0.0,0.63,0.239,1.0,1.215,0.05,0.001,0.3682,0.4746,0.1065,0.4746,1.2865,0.157,0.78,-0.02,0.03,1.962,1.915,0.0005,0.4742,0.7319,0.5484,0.1342,0.8218,0.2259,1.9,0.751,urbanizing-majority,0.12,-0.0039,0.9763,0.8514,0.919,0.6952,0.3872,0.9167,64.1,False
ESP,Spain,Ukrainian,migration_linked,1.2,1.47,1.2,1.47,0.7,0.74,0.04,0.68,0.06,0.73,0.76,0.73,0.76,0.04,335374,333613,0.484,0.397,0.226,2.29,UKR,True,0.615,0.539,0.82,0.52,0.77,0.884,1.0,0.78,0.96,0.0,0.0,0.0,0.63,0.239,1.0,1.215,0.05,0.001,0.3682,0.4746,0.1065,0.4746,1.2865,0.157,0.76,0.06,0.01,1.962,1.915,0.0005,0.4742,0.7319,0.5484,0.1342,0.8218,0.2259,1.9,0.751,urbanizing-majority,0.12,-0.0039,0.9763,0.8514,0.919,0.6952,0.3872,0.9167,64.1,False
ESP,Spain,Portuguese,migration_linked,1.1,1.43,1.2,1.47,0.7,0.7,-0.0,0.65,0.05,0.68,0.71,0.68,0.71,0.03,335374,312596,0.484,0.397,0.226,2.29,unspecified,True,0.5,0.48,0.56,0.42,0.77,0.884,1.0,0.78,0.883,0.0,0.0,0.0,0.63,0.239,1.0,1.215,0.05,0.001,0.3682,0.4746,0.1065,0.4746,1.2865,0.157,0.72,0.02,0.02,1.962,1.915,0.0005,0.4742,0.7319,0.5484,0.1342,0.8218,0.2259,1.9,0.751,urbanizing-majority,0.12,-0.0039,0.9763,0.8514,0.919,0.6952,0.3872,0.9167,64.1,False
ESP,Spain,Other,migration_linked,1.2,1.47,1.2,1.47,1.2,1.27,0.07,1.17,0.1,1.24,1.31,1.24,1.31,0.06,574926,571176,0.484,0.397,0.226,2.29,unspecified,True,0.5,0.48,0.56,0.42,0.77,0.915,1.0,0.78,0.895,0.0,0.0,0.0,0.63,0.239,1.0,1.215,0.05,0.001,0.3682,0.4746,0.1065,0.4746,1.2865,0.157,1.3,0.1,0.02,1.962,1.915,0.0005,0.4742,0.7319,0.5484,0.1342,0.8218,0.2259,1.9,0.751,urbanizing-majority,0.12,-0.0039,0.9763,0.8514,0.919,0.6952,0.3872,0.9167,64.1,False
EST,Estonia,Estonian,largest_baseline_category,1.5,1.68,1.5,1.68,69.1,72.3,3.2,73.1,-0.8,72.45,72.1,72.1,72.45,0.36,940139,849016,0.483,0.403,0.195,2.248,unspecified,False,0.5,0.48,0.56,0.42,0.68,1.3,1.0,0.78,0.982,0.0,0.0,0.0,0.0,0.0,1.0,1.208,0.0,0.001,0.4641,0.4365,-0.0276,0.4365,1.0335,0.174,71.35,2.25,-0.95,1.931,1.9,0.0005,0.4467,0.7309,0.5402,0.1505,0.8342,0.213,1.77,0.722,urbanizing-majority,0.134,0.0028,0.9111,0.9081,0.9043,0.6813,0.4422,0.945,61.62,True
EST,Estonia,Russian,lower_fertility_path,1.1,1.52,1.5,1.68,23.7,19.39,-4.31,19.61,-0.22,19.56,19.2,19.2,19.56,0.36,322450,227693,0.483,0.403,0.195,2.248,unspecified,False,0.5,0.48,0.56,0.42,0.68,1.205,1.0,0.78,0.951,0.0,0.0,0.0,0.0,0.0,1.0,1.208,0.0,0.001,0.4641,0.4365,-0.0276,0.4365,1.0335,0.174,20.26,-3.44,0.87,1.931,1.9,0.0005,0.4467,0.7309,0.5402,0.1505,0.8342,0.213,1.77,0.722,urbanizing-majority,0.134,0.0028,0.9111,0.9081,0.9043,0.6813,0.4422,0.945,61.62,False
EST,Estonia,Ukrainian,migration_linked,1.5,1.68,1.5,1.68,2.1,2.55,0.45,2.19,0.36,2.43,2.69,2.43,2.69,0.26,28572,29931,0.483,0.403,0.195,2.248,UKR,True,0.615,0.539,0.82,0.52,0.68,0.956,1.0,0.78,0.941,0.0,0.0,0.0,0.0,0.0,1.0,1.208,0.0,0.001,0.4641,0.4365,-0.0276,0.4365,1.0335,0.174,2.57,0.47,0.02,1.931,1.9,0.0005,0.4467,0.7309,0.5402,0.1505,0.8342,0.213,1.77,0.722,urbanizing-majority,0.134,0.0028,0.9111,0.9081,0.9043,0.6813,0.4422,0.945,61.62,False
EST,Estonia,Belarusian,lower_fertility_path,1.1,1.52,1.5,1.68,1.0,0.82,-0.18,0.83,-0.01,0.83,0.81,0.81,0.83,0.02,13605,9607,0.483,0.403,0.195,2.248,unspecified,False,0.5,0.48,0.56,0.42,0.68,0.903,1.0,0.78,0.85,0.0,0.0,0.0,0.0,0.0,1.0,1.208,0.0,0.001,0.4641,0.4365,-0.0276,0.4365,1.0335,0.174,0.85,-0.15,0.04,1.931,1.9,0.0005,0.4467,0.7309,0.5402,0.1505,0.8342,0.213,1.77,0.722,urbanizing-majority,0.134,0.0028,0.9111,0.9081,0.9043,0.6813,0.4422,0.945,61.62,False
EST,Estonia,Other,migration_linked,1.5,1.68,1.5,1.68,4.1,4.94,0.84,4.28,0.66,4.73,5.2,4.73,5.2,0.47,55782,58016,0.483,0.403,0.195,2.248,unspecified,True,0.5,0.48,0.56,0.42,0.68,1.016,1.0,0.78,0.888,0.0,0.0,0.0,0.0,0.0,1.0,1.208,0.0,0.001,0.4641,0.4365,-0.0276,0.4365,1.0335,0.174,4.97,0.87,0.03,1.931,1.9,0.0005,0.4467,0.7309,0.5402,0.1505,0.8342,0.213,1.77,0.722,urbanizing-majority,0.134,0.0028,0.9111,0.9081,0.9043,0.6813,0.4422,0.945,61.62,False
ETH,Ethiopia,Oromo,largest_baseline_category,3.9,3.09,3.9,3.09,35.8,36.87,1.07,36.87,0.0,36.89,36.86,36.86,36.89,0.03,47277398,82972424,0.0,0.0,0.0,1.25,unspecified,False,0.5,0.48,0.56,0.42,0.454,1.253,1.0,0.78,0.828,0.88,0.0,0.81,0.0,0.0,1.0,1.0,0.0,0.001,0.7837,0.7805,-0.0032,0.7805,2.506,0.3301,36.03,0.23,-0.85,2.083,2.347,0.0005,0.7843,0.3383,0.2285,0.2537,0.6234,0.2578,4.56,0.331,rural-heavy,0.0,0.1207,0.8,0.4673,0.6304,0.0336,0.6919,0.0,52.74,True
ETH,Ethiopia,Amhara,largest_baseline_category,3.9,3.09,3.9,3.09,24.1,23.1,-1.0,23.1,0.0,23.11,23.1,23.1,23.11,0.02,31826405,51990776,0.0,0.0,0.0,1.25,unspecified,False,0.5,0.48,0.56,0.42,0.454,1.207,1.0,0.78,0.818,0.88,0.0,0.81,0.0,0.0,1.0,1.0,0.0,0.001,0.7837,0.7805,-0.0032,0.7805,2.506,0.3301,23.47,-0.63,0.37,2.083,2.347,0.0005,0.7843,0.3383,0.2285,0.2537,0.6234,0.2578,4.56,0.331,rural-heavy,0.0,0.1207,0.8,0.4673,0.6304,0.0336,0.6919,0.0,52.74,False
ETH,Ethiopia,Somali,higher_fertility_path,4.65,3.39,3.9,3.09,7.2,8.34,1.14,8.34,0.0,8.3,8.37,8.3,8.37,0.07,9508303,18758604,0.0,0.0,0.0,1.25,SOM;ETH;KEN,False,0.717,0.799,0.567,0.747,0.454,1.072,1.0,0.78,0.892,0.88,0.0,0.81,0.0,0.0,1.0,1.0,0.0,0.001,0.7837,0.7805,-0.0032,0.7805,2.506,0.3301,8.31,1.11,-0.03,2.083,2.347,0.0005,0.7843,0.3383,0.2285,0.2537,0.6234,0.2578,4.56,0.331,rural-heavy,0.0,0.1207,0.8,0.4673,0.6304,0.0336,0.6919,0.0,52.74,False
ETH,Ethiopia,Tigray,largest_baseline_category,3.9,3.09,3.9,3.09,5.7,5.46,-0.24,5.46,0.0,5.47,5.46,5.46,5.47,0.0,7527407,12296574,0.0,0.0,0.0,1.25,unspecified,False,0.5,0.48,0.56,0.42,0.454,1.048,1.0,0.78,0.783,0.88,0.0,0.81,0.0,0.0,1.0,1.0,0.0,0.001,0.7837,0.7805,-0.0032,0.7805,2.506,0.3301,5.55,-0.15,0.09,2.083,2.347,0.0005,0.7843,0.3383,0.2285,0.2537,0.6234,0.2578,4.56,0.331,rural-heavy,0.0,0.1207,0.8,0.4673,0.6304,0.0336,0.6919,0.0,52.74,False
ETH,Ethiopia,Sidama,largest_baseline_category,3.9,3.09,3.9,3.09,4.1,3.93,-0.17,3.93,0.0,3.93,3.93,3.93,3.93,0.0,5414451,8844904,0.0,0.0,0.0,1.25,unspecified,False,0.5,0.48,0.56,0.42,0.454,1.016,1.0,0.78,0.775,0.88,0.0,0.81,0.0,0.0,1.0,1.0,0.0,0.001,0.7837,0.7805,-0.0032,0.7805,2.506,0.3301,3.99,-0.11,0.06,2.083,2.347,0.0005,0.7843,0.3383,0.2285,0.2537,0.6234,0.2578,4.56,0.331,rural-heavy,0.0,0.1207,0.8,0.4673,0.6304,0.0336,0.6919,0.0,52.74,False
ETH,Ethiopia,Gurage,largest_baseline_category,3.9,3.09,3.9,3.09,2.5,2.4,-0.1,2.4,0.0,2.4,2.4,2.4,2.4,0.0,3301494,5393234,0.0,0.0,0.0,1.25,unspecified,False,0.5,0.48,0.56,0.42,0.454,0.97,1.0,0.78,0.765,0.88,0.0,0.81,0.0,0.0,1.0,1.0,0.0,0.001,0.7837,0.7805,-0.0032,0.7805,2.506,0.3301,2.44,-0.06,0.04,2.083,2.347,0.0005,0.7843,0.3383,0.2285,0.2537,0.6234,0.2578,4.56,0.331,rural-heavy,0.0,0.1207,0.8,0.4673,0.6304,0.0336,0.6919,0.0,52.74,False
ETH,Ethiopia,Welaita,largest_baseline_category,3.9,3.09,3.9,3.09,2.3,2.21,-0.09,2.21,0.0,2.21,2.2,2.2,2.21,0.0,3037375,4961775,0.0,0.0,0.0,1.25,unspecified,False,0.5,0.48,0.56,0.42,0.454,0.963,1.0,0.78,0.764,0.88,0.0,0.81,0.0,0.0,1.0,1.0,0.0,0.001,0.7837,0.7805,-0.0032,0.7805,2.506,0.3301,2.24,-0.06,0.04,2.083,2.347,0.0005,0.7843,0.3383,0.2285,0.2537,0.6234,0.2578,4.56,0.331,rural-heavy,0.0,0.1207,0.8,0.4673,0.6304,0.0336,0.6919,0.0,52.74,False
ETH,Ethiopia,Hadiya,largest_baseline_category,3.9,3.09,3.9,3.09,1.7,1.63,-0.07,1.63,0.0,1.63,1.63,1.63,1.63,0.0,2245016,3667399,0.0,0.0,0.0,1.25,unspecified,False,0.5,0.48,0.56,0.42,0.454,0.939,1.0,0.78,0.758,0.88,0.0,0.81,0.0,0.0,1.0,1.0,0.0,0.001,0.7837,0.7805,-0.0032,0.7805,2.506,0.3301,1.66,-0.04,0.03,2.083,2.347,0.0005,0.7843,0.3383,0.2285,0.2537,0.6234,0.2578,4.56,0.331,rural-heavy,0.0,0.1207,0.8,0.4673,0.6304,0.0336,0.6919,0.0,52.74,False
ETH,Ethiopia,Afar,largest_baseline_category,3.9,3.09,3.9,3.09,1.7,1.63,-0.07,1.63,0.0,1.63,1.63,1.63,1.63,0.0,2245016,3667399,0.0,0.0,0.0,1.25,unspecified,False,0.5,0.48,0.56,0.42,0.454,0.939,1.0,0.78,0.758,0.88,0.0,0.81,0.0,0.0,1.0,1.0,0.0,0.001,0.7837,0.7805,-0.0032,0.7805,2.506,0.3301,1.66,-0.04,0.03,2.083,2.347,0.0005,0.7843,0.3383,0.2285,0.2537,0.6234,0.2578,4.56,0.331,rural-heavy,0.0,0.1207,0.8,0.4673,0.6304,0.0336,0.6919,0.0,52.74,False
ETH,Ethiopia,Gamo,largest_baseline_category,3.9,3.09,3.9,3.09,1.5,1.44,-0.06,1.44,0.0,1.44,1.44,1.44,1.44,0.0,1980897,3235940,0.0,0.0,0.0,1.25,unspecified,False,0.5,0.48,0.56,0.42,0.454,0.93,1.0,0.78,0.756,0.88,0.0,0.81,0.0,0.0,1.0,1.0,0.0,0.001,0.7837,0.7805,-0.0032,0.7805,2.506,0.3301,1.46,-0.04,0.02,2.083,2.347,0.0005,0.7843,0.3383,0.2285,0.2537,0.6234,0.2578,4.56,0.331,rural-heavy,0.0,0.1207,0.8,0.4673,0.6304,0.0336,0.6919,0.0,52.74,False
ETH,Ethiopia,Other,identity_category_transition,3.9,3.09,3.9,3.09,13.4,12.99,-0.41,12.99,0.0,13.0,12.99,12.99,13.0,0.01,17696009,29232841,0.0,0.0,0.0,1.25,unspecified,False,0.5,0.48,0.56,0.42,0.454,1.14,1.0,0.78,0.803,0.88,0.0,0.81,0.0,0.0,1.0,1.0,0.0,0.001,0.7837,0.7805,-0.0032,0.7805,2.506,0.3301,13.2,-0.2,0.21,2.083,2.347,0.0005,0.7843,0.3383,0.2285,0.2537,0.6234,0.2578,4.56,0.331,rural-heavy,0.0,0.1207,0.8,0.4673,0.6304,0.0336,0.6919,0.0,52.74,False
FIN,Finland,Finnish,largest_baseline_category,1.3,1.54,1.3,1.54,86.9,85.77,-1.13,86.73,-0.96,86.08,85.39,85.39,86.08,0.69,4881443,4590002,0.417,0.341,0.194,2.145,unspecified,False,0.5,0.48,0.56,0.42,0.739,1.3,1.0,0.78,1.02,0.0,0.0,0.0,0.565,0.384,1.0,1.185,0.06,0.001,0.2402,0.2593,0.0191,0.2593,0.5989,0.1295,85.64,-1.26,-0.13,1.854,1.766,0.0005,0.2614,0.7824,0.5281,0.113,0.8531,0.1977,1.35,0.779,urbanizing-majority,0.092,-0.0031,0.9477,0.9375,0.9495,0.7513,0.342,0.8142,64.58,True
FIN,Finland,Swedish-speaking,largest_baseline_category,1.3,1.54,1.3,1.54,5.2,4.98,-0.22,5.04,-0.06,5.0,4.96,4.96,5.0,0.04,292100,266507,0.417,0.341,0.194,2.145,unspecified,False,0.5,0.48,0.56,0.42,0.739,1.039,1.0,0.78,0.926,0.0,0.0,0.0,0.565,0.384,1.0,1.185,0.06,0.001,0.2402,0.2593,0.0191,0.2593,0.5989,0.1295,5.06,-0.14,0.08,1.854,1.766,0.0005,0.2614,0.7824,0.5281,0.113,0.8531,0.1977,1.35,0.779,urbanizing-majority,0.092,-0.0031,0.9477,0.9375,0.9495,0.7513,0.342,0.8142,64.58,False
FIN,Finland,Russian,migration_linked,1.3,1.54,1.3,1.54,1.5,1.71,0.21,1.49,0.22,1.64,1.79,1.64,1.79,0.15,84260,91374,0.417,0.341,0.194,2.145,unspecified,True,0.5,0.48,0.56,0.42,0.739,0.93,1.0,0.78,0.886,0.0,0.0,0.0,0.565,0.384,1.0,1.185,0.06,0.001,0.2402,0.2593,0.0191,0.2593,0.5989,0.1295,1.73,0.23,0.03,1.854,1.766,0.0005,0.2614,0.7824,0.5281,0.113,0.8531,0.1977,1.35,0.779,urbanizing-majority,0.092,-0.0031,0.9477,0.9375,0.9495,0.7513,0.342,0.8142,64.58,False
FIN,Finland,Estonian,migration_linked,1.3,1.54,1.3,1.54,0.9,1.02,0.12,0.89,0.13,0.98,1.07,0.98,1.07,0.09,50556,54720,0.417,0.341,0.194,2.145,unspecified,True,0.5,0.48,0.56,0.42,0.739,0.897,1.0,0.78,0.874,0.0,0.0,0.0,0.565,0.384,1.0,1.185,0.06,0.001,0.2402,0.2593,0.0191,0.2593,0.5989,0.1295,1.04,0.14,0.02,1.854,1.766,0.0005,0.2614,0.7824,0.5281,0.113,0.8531,0.1977,1.35,0.779,urbanizing-majority,0.092,-0.0031,0.9477,0.9375,0.9495,0.7513,0.342,0.8142,64.58,False
FIN,Finland,Somali,higher_fertility_path,2.05,1.84,1.3,1.54,0.6,0.83,0.23,0.82,0.01,0.82,0.84,0.82,0.84,0.02,33704,44410,0.417,0.341,0.194,2.145,SOM;ETH;KEN,True,0.717,0.799,0.567,0.747,0.739,0.876,1.047,0.78,1.026,0.0,0.0,0.0,0.565,0.384,1.0,1.185,0.06,0.001,0.2402,0.2593,0.0191,0.2593,0.5989,0.1295,0.8,0.2,-0.03,1.854,1.766,0.0005,0.2614,0.7824,0.5281,0.113,0.8531,0.1977,1.35,0.779,urbanizing-majority,0.092,-0.0031,0.9477,0.9375,0.9495,0.7513,0.342,0.8142,64.58,False
FIN,Finland,Iraqi,higher_fertility_path,2.05,1.84,1.3,1.54,0.5,0.67,0.17,0.68,-0.01,0.67,0.68,0.67,0.68,0.01,28087,36094,0.417,0.341,0.194,2.145,IRQ,False,0.651,0.702,0.58,0.7,0.739,0.869,1.0,0.78,0.959,0.0,0.0,0.0,0.565,0.384,1.0,1.185,0.06,0.001,0.2402,0.2593,0.0191,0.2593,0.5989,0.1295,0.65,0.15,-0.03,1.854,1.766,0.0005,0.2614,0.7824,0.5281,0.113,0.8531,0.1977,1.35,0.779,urbanizing-majority,0.092,-0.0031,0.9477,0.9375,0.9495,0.7513,0.342,0.8142,64.58,False
FIN,Finland,Vietnamese,migration_linked,1.3,1.54,1.3,1.54,0.3,0.35,0.05,0.3,0.05,0.33,0.37,0.33,0.37,0.03,16852,18572,0.417,0.341,0.194,2.145,VNM,True,0.71,0.674,0.84,0.68,0.739,0.851,1.0,0.78,0.988,0.0,0.0,0.0,0.565,0.384,1.0,1.185,0.06,0.001,0.2402,0.2593,0.0191,0.2593,0.5989,0.1295,0.35,0.05,0.01,1.854,1.766,0.0005,0.2614,0.7824,0.5281,0.113,0.8531,0.1977,1.35,0.779,urbanizing-majority,0.092,-0.0031,0.9477,0.9375,0.9495,0.7513,0.342,0.8142,64.58,False
FIN,Finland,Sami (indigenous),largest_baseline_category,1.3,1.54,1.3,1.54,0.1,0.1,-0.0,0.1,-0.0,0.1,0.1,0.1,0.1,0.0,5617,5125,0.417,0.341,0.194,2.145,unspecified,False,0.5,0.48,0.56,0.42,0.739,0.831,1.0,0.78,0.851,0.0,0.0,0.0,0.565,0.384,1.0,1.185,0.06,0.001,0.2402,0.2593,0.0191,0.2593,0.5989,0.1295,0.1,-0.0,0.0,1.854,1.766,0.0005,0.2614,0.7824,0.5281,0.113,0.8531,0.1977,1.35,0.779,urbanizing-majority,0.092,-0.0031,0.9477,0.9375,0.9495,0.7513,0.342,0.8142,64.58,False
FIN,Finland,Other,migration_linked,1.3,1.54,1.3,1.54,4.0,4.58,0.58,3.96,0.61,4.38,4.81,4.38,4.81,0.42,224692,244840,0.417,0.341,0.194,2.145,unspecified,True,0.5,0.48,0.56,0.42,0.739,1.013,1.0,0.78,0.916,0.0,0.0,0.0,0.565,0.384,1.0,1.185,0.06,0.001,0.2402,0.2593,0.0191,0.2593,0.5989,0.1295,4.64,0.64,0.07,1.854,1.766,0.0005,0.2614,0.7824,0.5281,0.113,0.8531,0.1977,1.35,0.779,urbanizing-majority,0.092,-0.0031,0.9477,0.9375,0.9495,0.7513,0.342,0.8142,64.58,False
FJI,Fiji,iTaukei (indigenous Fijian),higher_fertility_path,3.55,2.68,2.7,2.34,56.8,66.61,9.81,66.61,0.0,66.38,66.83,66.38,66.83,0.45,527558,666258,0.0,0.0,0.0,1.25,unspecified,False,0.5,0.48,0.56,0.42,0.454,1.3,1.0,0.78,0.839,0.0,0.0,0.0,0.0,0.0,1.0,1.0,0.0,0.001,0.5346,0.4741,-0.0605,0.4741,1.0663,0.1195,64.75,7.95,-1.86,1.917,1.998,0.0005,0.4885,0.7515,0.297,0.1147,0.8116,0.1781,1.9,0.55,mixed-rural-urban,0.0,0.11,0.8278,0.8611,0.8345,0.6762,0.2025,0.2411,60.9,True
FJI,Fiji,Fijian Indian,lower_fertility_path,2.3,2.18,2.7,2.34,37.5,28.39,-9.11,28.39,0.0,28.6,28.18,28.18,28.6,0.42,348300,283974,0.0,0.0,0.0,1.25,IND;PAK;BGD;LKA;NPL,False,0.718,0.719,0.752,0.684,0.454,1.258,1.0,0.78,0.951,0.0,0.0,0.0,0.0,0.0,1.0,1.0,0.0,0.001,0.5346,0.4741,-0.0605,0.4741,1.0663,0.1195,30.08,-7.42,1.69,1.917,1.998,0.0005,0.4885,0.7515,0.297,0.1147,0.8116,0.1781,1.9,0.55,mixed-rural-urban,0.0,0.11,0.8278,0.8611,0.8345,0.6762,0.2025,0.2411,60.9,False
FJI,Fiji,Rotuman,largest_baseline_category,2.7,2.34,2.7,2.34,1.2,1.04,-0.16,1.04,0.0,1.05,1.04,1.04,1.05,0.01,11146,10441,0.0,0.0,0.0,1.25,unspecified,False,0.5,0.48,0.56,0.42,0.454,0.915,1.0,0.78,0.753,0.0,0.0,0.0,0.0,0.0,1.0,1.0,0.0,0.001,0.5346,0.4741,-0.0605,0.4741,1.0663,0.1195,1.08,-0.12,0.04,1.917,1.998,0.0005,0.4885,0.7515,0.297,0.1147,0.8116,0.1781,1.9,0.55,mixed-rural-urban,0.0,0.11,0.8278,0.8611,0.8345,0.6762,0.2025,0.2411,60.9,False
FJI,Fiji,Other,identity_category_transition,2.7,2.34,2.7,2.34,4.5,3.96,-0.54,3.96,0.0,3.97,3.95,3.95,3.97,0.03,41796,39593,0.0,0.0,0.0,1.25,unspecified,False,0.5,0.48,0.56,0.42,0.454,1.025,1.0,0.78,0.777,0.0,0.0,0.0,0.0,0.0,1.0,1.0,0.0,0.001,0.5346,0.4741,-0.0605,0.4741,1.0663,0.1195,4.1,-0.4,0.14,1.917,1.998,0.0005,0.4885,0.7515,0.297,0.1147,0.8116,0.1781,1.9,0.55,mixed-rural-urban,0.0,0.11,0.8278,0.8611,0.8345,0.6762,0.2025,0.2411,60.9,False
FRA,France,French (native),largest_baseline_category,1.7,1.82,1.7,1.82,83.0,74.5,-8.5,79.93,-5.43,76.38,72.18,72.18,76.38,4.2,55235282,50825832,0.171,0.136,0.084,1.623,unspecified,False,0.5,0.48,0.56,0.42,0.616,1.3,1.0,0.8,0.946,0.0,0.96,0.0,0.595,0.595,1.0,1.077,0.08,0.0008,0.3073,0.4331,0.1257,0.4331,1.1218,0.1497,74.98,-8.02,0.48,2.014,1.92,0.0004,0.4266,0.7074,0.4544,0.084,0.8157,0.1992,1.76,0.837,metropolitan-heavy,0.028,0.0003,0.9721,0.8468,0.947,0.6469,0.4421,0.8882,60.56,True
FRA,France,Algerian origin,higher_fertility_path,2.4,2.1,1.7,1.82,2.8,4.31,1.51,3.45,0.86,4.02,4.66,4.02,4.66,0.64,1863359,2941446,0.171,0.136,0.084,1.623,DZA,True,0.632,0.626,0.68,0.6,0.616,0.98,1.3,0.8,1.041,0.0,0.96,0.0,0.595,0.595,1.0,1.077,0.08,0.0008,0.3073,0.4331,0.1257,0.4331,1.1218,0.1497,4.21,1.41,-0.1,2.014,1.92,0.0004,0.4266,0.7074,0.4544,0.084,0.8157,0.1992,1.76,0.837,metropolitan-heavy,0.028,0.0003,0.9721,0.8468,0.947,0.6469,0.4421,0.8882,60.56,False
FRA,France,Moroccan origin,higher_fertility_path,2.5,2.14,1.7,1.82,2.6,4.12,1.52,3.31,0.81,3.84,4.45,3.84,4.45,0.61,1730262,2808922,0.171,0.136,0.084,1.623,MAR,True,0.63,0.613,0.7,0.58,0.616,0.974,1.28,0.8,1.029,0.0,0.96,0.0,0.595,0.595,1.0,1.077,0.08,0.0008,0.3073,0.4331,0.1257,0.4331,1.1218,0.1497,4.0,1.4,-0.11,2.014,1.92,0.0004,0.4266,0.7074,0.4544,0.084,0.8157,0.1992,1.76,0.837,metropolitan-heavy,0.028,0.0003,0.9721,0.8468,0.947,0.6469,0.4421,0.8882,60.56,False
FRA,France,Tunisian origin,higher_fertility_path,2.3,2.06,1.7,1.82,0.9,1.3,0.4,1.07,0.23,1.23,1.39,1.23,1.39,0.17,598937,888410,0.171,0.136,0.084,1.623,TUN,True,0.589,0.536,0.74,0.52,0.616,0.897,1.22,0.8,0.943,0.0,0.96,0.0,0.595,0.595,1.0,1.077,0.08,0.0008,0.3073,0.4331,0.1257,0.4331,1.1218,0.1497,1.28,0.38,-0.02,2.014,1.92,0.0004,0.4266,0.7074,0.4544,0.084,0.8157,0.1992,1.76,0.837,metropolitan-heavy,0.028,0.0003,0.9721,0.8468,0.947,0.6469,0.4421,0.8882,60.56,False
FRA,France,Other North African,higher_fertility_path,2.5,2.14,1.7,1.82,0.7,1.05,0.35,0.89,0.16,0.99,1.11,0.99,1.11,0.12,465840,714604,0.171,0.136,0.084,1.623,unspecified,True,0.5,0.48,0.56,0.42,0.616,0.884,1.0,0.8,0.819,0.0,0.96,0.0,0.595,0.595,1.0,1.077,0.08,0.0008,0.3073,0.4331,0.1257,0.4331,1.1218,0.1497,1.02,0.32,-0.03,2.014,1.92,0.0004,0.4266,0.7074,0.4544,0.084,0.8157,0.1992,1.76,0.837,metropolitan-heavy,0.028,0.0003,0.9721,0.8468,0.947,0.6469,0.4421,0.8882,60.56,False
FRA,France,Sub-Saharan African,higher_fertility_path,2.8,2.26,1.7,1.82,4.0,8.62,4.62,5.6,3.02,7.53,10.03,7.53,10.03,2.5,2661941,5881632,0.171,0.136,0.084,1.623,NGA;GHA;KEN;UGA;TZA;ETH;SEN;CIV;CMR;COD,True,0.732,0.782,0.634,0.652,0.616,1.013,1.083,0.8,1.04,0.0,0.96,0.0,0.595,0.595,1.0,1.077,0.08,0.0008,0.3073,0.4331,0.1257,0.4331,1.1218,0.1497,8.27,4.27,-0.35,2.014,1.92,0.0004,0.4266,0.7074,0.4544,0.084,0.8157,0.1992,1.76,0.837,metropolitan-heavy,0.028,0.0003,0.9721,0.8468,0.947,0.6469,0.4421,0.8882,60.56,False
FRA,France,Portuguese,migration_linked,1.6,1.78,1.7,1.82,1.4,1.44,0.04,1.29,0.15,1.4,1.48,1.4,1.48,0.08,931679,980411,0.171,0.136,0.084,1.623,unspecified,True,0.5,0.48,0.56,0.42,0.616,0.925,1.0,0.8,0.832,0.0,0.96,0.0,0.595,0.595,1.0,1.077,0.08,0.0008,0.3073,0.4331,0.1257,0.4331,1.1218,0.1497,1.48,0.08,0.04,2.014,1.92,0.0004,0.4266,0.7074,0.4544,0.084,0.8157,0.1992,1.76,0.837,metropolitan-heavy,0.028,0.0003,0.9721,0.8468,0.947,0.6469,0.4421,0.8882,60.56,False
FRA,France,Italian,migration_linked,1.6,1.78,1.7,1.82,0.9,0.87,-0.03,0.83,0.04,0.86,0.88,0.86,0.88,0.02,598937,592917,0.171,0.136,0.084,1.623,unspecified,True,0.5,0.48,0.56,0.42,0.616,0.897,1.0,0.8,0.823,0.0,0.96,0.0,0.595,0.595,1.0,1.077,0.08,0.0008,0.3073,0.4331,0.1257,0.4331,1.1218,0.1497,0.89,-0.01,0.03,2.014,1.92,0.0004,0.4266,0.7074,0.4544,0.084,0.8157,0.1992,1.76,0.837,metropolitan-heavy,0.028,0.0003,0.9721,0.8468,0.947,0.6469,0.4421,0.8882,60.56,False
FRA,France,Spanish,migration_linked,1.6,1.78,1.7,1.82,0.7,0.68,-0.02,0.64,0.03,0.67,0.68,0.67,0.68,0.01,465840,460903,0.171,0.136,0.084,1.623,unspecified,True,0.5,0.48,0.56,0.42,0.616,0.884,1.0,0.8,0.819,0.0,0.96,0.0,0.595,0.595,1.0,1.077,0.08,0.0008,0.3073,0.4331,0.1257,0.4331,1.1218,0.1497,0.7,-0.0,0.02,2.014,1.92,0.0004,0.4266,0.7074,0.4544,0.084,0.8157,0.1992,1.76,0.837,metropolitan-heavy,0.028,0.0003,0.9721,0.8468,0.947,0.6469,0.4421,0.8882,60.56,False
FRA,France,Turkish,higher_fertility_path,2.1,1.98,1.7,1.82,0.6,0.63,0.03,0.67,-0.05,0.64,0.61,0.61,0.64,0.03,399291,426602,0.171,0.136,0.084,1.623,unspecified,False,0.5,0.48,0.56,0.42,0.616,0.876,1.0,0.8,0.817,0.0,0.96,0.0,0.595,0.595,1.0,1.077,0.08,0.0008,0.3073,0.4331,0.1257,0.4331,1.1218,0.1497,0.62,0.02,-0.0,2.014,1.92,0.0004,0.4266,0.7074,0.4544,0.084,0.8157,0.1992,1.76,0.837,metropolitan-heavy,0.028,0.0003,0.9721,0.8468,0.947,0.6469,0.4421,0.8882,60.56,False
FRA,France,Southeast Asian (Vietnamese/Cambodian),migration_linked,1.9,1.9,1.7,1.82,0.6,0.71,0.11,0.62,0.09,0.68,0.74,0.68,0.74,0.05,399291,483385,0.171,0.136,0.084,1.623,VNM,True,0.71,0.674,0.84,0.68,0.616,0.876,1.0,0.8,0.93,0.0,0.96,0.0,0.595,0.595,1.0,1.077,0.08,0.0008,0.3073,0.4331,0.1257,0.4331,1.1218,0.1497,0.71,0.11,0.0,2.014,1.92,0.0004,0.4266,0.7074,0.4544,0.084,0.8157,0.1992,1.76,0.837,metropolitan-heavy,0.028,0.0003,0.9721,0.8468,0.947,0.6469,0.4421,0.8882,60.56,False
FRA,France,Chinese,migration_linked,1.5,1.74,1.7,1.82,0.4,0.37,-0.03,0.35,0.02,0.37,0.37,0.37,0.37,0.01,266194,252321,0.171,0.136,0.084,1.623,CHN,True,0.52,0.502,0.58,0.45,0.616,0.86,1.0,0.8,0.823,0.0,0.96,0.0,0.595,0.595,1.0,1.077,0.08,0.0008,0.3073,0.4331,0.1257,0.4331,1.1218,0.1497,0.38,-0.02,0.01,2.014,1.92,0.0004,0.4266,0.7074,0.4544,0.084,0.8157,0.1992,1.76,0.837,metropolitan-heavy,0.028,0.0003,0.9721,0.8468,0.947,0.6469,0.4421,0.8882,60.56,False
FRA,France,Other European,migration_linked,1.7,1.82,1.7,1.82,1.3,1.31,0.01,1.25,0.06,1.3,1.32,1.3,1.32,0.03,865131,893795,0.171,0.136,0.084,1.623,unspecified,True,0.5,0.48,0.56,0.42,0.616,0.92,1.0,0.8,0.83,0.0,0.96,0.0,0.595,0.595,1.0,1.077,0.08,0.0008,0.3073,0.4331,0.1257,0.4331,1.1218,0.1497,1.34,0.04,0.03,2.014,1.92,0.0004,0.4266,0.7074,0.4544,0.084,0.8157,0.1992,1.76,0.837,metropolitan-heavy,0.028,0.0003,0.9721,0.8468,0.947,0.6469,0.4421,0.8882,60.56,False
FRA,France,Other,migration_linked,1.7,1.82,1.7,1.82,0.1,0.1,0.0,0.1,0.0,0.1,0.1,0.1,0.1,0.0,66549,68502,0.171,0.136,0.084,1.623,unspecified,True,0.5,0.48,0.56,0.42,0.616,0.831,1.0,0.8,0.803,0.0,0.96,0.0,0.595,0.595,1.0,1.077,0.08,0.0008,0.3073,0.4331,0.1257,0.4331,1.1218,0.1497,0.1,0.0,0.0,2.014,1.92,0.0004,0.4266,0.7074,0.4544,0.084,0.8157,0.1992,1.76,0.837,metropolitan-heavy,0.028,0.0003,0.9721,0.8468,0.947,0.6469,0.4421,0.8882,60.56,False
FSM,Micronesia,Chuukese,largest_baseline_category,2.6,2.3,2.6,2.3,48.8,50.03,1.23,50.03,0.0,50.03,50.03,50.03,50.03,0.0,55227,63249,0.0,0.0,0.0,1.25,unspecified,False,0.5,0.48,0.56,0.42,0.454,1.289,1.0,0.78,0.836,0.0,0.0,0.0,0.0,0.0,1.0,1.0,0.0,0.001,0.6724,0.6646,-0.0079,0.6646,1.8854,0.184,49.31,0.51,-0.72,2.076,2.191,0.0005,0.6692,0.6085,0.297,0.1148,0.7344,0.2235,2.98,0.55,mixed-rural-urban,0.0,0.1276,0.8258,0.7199,0.6889,0.4775,0.3751,0.0,56.8,True
FSM,Micronesia,Pohnpeian,largest_baseline_category,2.6,2.3,2.6,2.3,24.2,23.54,-0.66,23.54,0.0,23.54,23.54,23.54,23.54,0.0,27387,29756,0.0,0.0,0.0,1.25,unspecified,False,0.5,0.48,0.56,0.42,0.454,1.207,1.0,0.78,0.818,0.0,0.0,0.0,0.0,0.0,1.0,1.0,0.0,0.001,0.6724,0.6646,-0.0079,0.6646,1.8854,0.184,23.88,-0.32,0.34,2.076,2.191,0.0005,0.6692,0.6085,0.297,0.1148,0.7344,0.2235,2.98,0.55,mixed-rural-urban,0.0,0.1276,0.8258,0.7199,0.6889,0.4775,0.3751,0.0,56.8,False
FSM,Micronesia,Kosraean,largest_baseline_category,2.6,2.3,2.6,2.3,6.2,6.03,-0.17,6.03,0.0,6.03,6.03,6.03,6.03,0.0,7017,7624,0.0,0.0,0.0,1.25,unspecified,False,0.5,0.48,0.56,0.42,0.454,1.057,1.0,0.78,0.785,0.0,0.0,0.0,0.0,0.0,1.0,1.0,0.0,0.001,0.6724,0.6646,-0.0079,0.6646,1.8854,0.184,6.12,-0.08,0.09,2.076,2.191,0.0005,0.6692,0.6085,0.297,0.1148,0.7344,0.2235,2.98,0.55,mixed-rural-urban,0.0,0.1276,0.8258,0.7199,0.6889,0.4775,0.3751,0.0,56.8,False
FSM,Micronesia,Yapese,largest_baseline_category,2.6,2.3,2.6,2.3,5.2,5.06,-0.14,5.06,0.0,5.06,5.06,5.06,5.06,0.0,5885,6394,0.0,0.0,0.0,1.25,unspecified,False,0.5,0.48,0.56,0.42,0.454,1.039,1.0,0.78,0.781,0.0,0.0,0.0,0.0,0.0,1.0,1.0,0.0,0.001,0.6724,0.6646,-0.0079,0.6646,1.8854,0.184,5.13,-0.07,0.07,2.076,2.191,0.0005,0.6692,0.6085,0.297,0.1148,0.7344,0.2235,2.98,0.55,mixed-rural-urban,0.0,0.1276,0.8258,0.7199,0.6889,0.4775,0.3751,0.0,56.8,False
FSM,Micronesia,Other,identity_category_transition,2.6,2.3,2.6,2.3,15.6,15.34,-0.26,15.34,0.0,15.34,15.34,15.34,15.34,0.0,17655,19397,0.0,0.0,0.0,1.25,unspecified,False,0.5,0.48,0.56,0.42,0.454,1.157,1.0,0.78,0.807,0.0,0.0,0.0,0.0,0.0,1.0,1.0,0.0,0.001,0.6724,0.6646,-0.0079,0.6646,1.8854,0.184,15.56,-0.04,0.22,2.076,2.191,0.0005,0.6692,0.6085,0.297,0.1148,0.7344,0.2235,2.98,0.55,mixed-rural-urban,0.0,0.1276,0.8258,0.7199,0.6889,0.4775,0.3751,0.0,56.8,False
GAB,Gabon,Fang,largest_baseline_category,3.4,2.81,3.4,2.81,23.2,22.49,-0.71,22.54,-0.04,22.51,22.48,22.48,22.51,0.03,589037,918704,0.0,0.0,0.0,1.25,unspecified,False,0.5,0.48,0.56,0.42,0.454,1.202,1.0,0.78,0.817,0.0,0.0,0.0,0.0,0.0,1.0,1.0,0.0,0.001,0.8122,0.8079,-0.0044,0.8079,2.637,0.176,22.81,-0.39,0.32,2.237,2.387,0.0005,0.8105,0.6334,0.297,0.1145,0.753,0.2121,5.2,0.55,mixed-rural-urban,0.0,0.062,0.7968,0.7565,0.8335,0.5215,0.3898,0.0,56.6,False
GAB,Gabon,Shirazi-Punu,largest_baseline_category,3.4,2.81,3.4,2.81,18.7,18.13,-0.57,18.17,-0.04,18.14,18.12,18.12,18.14,0.02,474784,740507,0.0,0.0,0.0,1.25,unspecified,False,0.5,0.48,0.56,0.42,0.454,1.178,1.0,0.78,0.811,0.0,0.0,0.0,0.0,0.0,1.0,1.0,0.0,0.001,0.8122,0.8079,-0.0044,0.8079,2.637,0.176,18.39,-0.31,0.26,2.237,2.387,0.0005,0.8105,0.6334,0.297,0.1145,0.753,0.2121,5.2,0.55,mixed-rural-urban,0.0,0.062,0.7968,0.7565,0.8335,0.5215,0.3898,0.0,56.6,False
GAB,Gabon,Nzabi,largest_baseline_category,3.4,2.81,3.4,2.81,11.5,11.15,-0.35,11.17,-0.02,11.16,11.14,11.14,11.16,0.01,291980,455392,0.0,0.0,0.0,1.25,unspecified,False,0.5,0.48,0.56,0.42,0.454,1.123,1.0,0.78,0.799,0.0,0.0,0.0,0.0,0.0,1.0,1.0,0.0,0.001,0.8122,0.8079,-0.0044,0.8079,2.637,0.176,11.31,-0.19,0.16,2.237,2.387,0.0005,0.8105,0.6334,0.297,0.1145,0.753,0.2121,5.2,0.55,mixed-rural-urban,0.0,0.062,0.7968,0.7565,0.8335,0.5215,0.3898,0.0,56.6,False
GAB,Gabon,Mbamba,largest_baseline_category,3.4,2.81,3.4,2.81,11.0,10.66,-0.34,10.69,-0.02,10.67,10.66,10.66,10.67,0.01,279285,435592,0.0,0.0,0.0,1.25,unspecified,False,0.5,0.48,0.56,0.42,0.454,1.118,1.0,0.78,0.798,0.0,0.0,0.0,0.0,0.0,1.0,1.0,0.0,0.001,0.8122,0.8079,-0.0044,0.8079,2.637,0.176,10.82,-0.18,0.15,2.237,2.387,0.0005,0.8105,0.6334,0.297,0.1145,0.753,0.2121,5.2,0.55,mixed-rural-urban,0.0,0.062,0.7968,0.7565,0.8335,0.5215,0.3898,0.0,56.6,False
GAB,Gabon,Tsogo,largest_baseline_category,3.4,2.81,3.4,2.81,4.0,3.88,-0.12,3.89,-0.01,3.88,3.88,3.88,3.88,0.01,101558,158397,0.0,0.0,0.0,1.25,unspecified,False,0.5,0.48,0.56,0.42,0.454,1.013,1.0,0.78,0.775,0.0,0.0,0.0,0.0,0.0,1.0,1.0,0.0,0.001,0.8122,0.8079,-0.0044,0.8079,2.637,0.176,3.93,-0.07,0.06,2.237,2.387,0.0005,0.8105,0.6334,0.297,0.1145,0.753,0.2121,5.2,0.55,mixed-rural-urban,0.0,0.062,0.7968,0.7565,0.8335,0.5215,0.3898,0.0,56.6,False
GAB,Gabon,Kota,largest_baseline_category,3.4,2.81,3.4,2.81,3.0,2.91,-0.09,2.91,-0.01,2.91,2.91,2.91,2.91,0.0,76169,118798,0.0,0.0,0.0,1.25,unspecified,False,0.5,0.48,0.56,0.42,0.454,0.986,1.0,0.78,0.769,0.0,0.0,0.0,0.0,0.0,1.0,1.0,0.0,0.001,0.8122,0.8079,-0.0044,0.8079,2.637,0.176,2.95,-0.05,0.04,2.237,2.387,0.0005,0.8105,0.6334,0.297,0.1145,0.753,0.2121,5.2,0.55,mixed-rural-urban,0.0,0.062,0.7968,0.7565,0.8335,0.5215,0.3898,0.0,56.6,False
GAB,Gabon,Other African,identity_category_transition,3.4,2.81,3.4,2.81,26.6,28.65,2.05,28.7,-0.05,28.67,28.63,28.63,28.67,0.04,675361,1170248,0.0,0.0,0.0,1.25,unspecified,False,0.5,0.48,0.56,0.42,0.454,1.218,1.0,0.78,0.82,0.0,0.0,0.0,0.0,0.0,1.0,1.0,0.0,0.001,0.8122,0.8079,-0.0044,0.8079,2.637,0.176,27.62,1.02,-1.03,2.237,2.387,0.0005,0.8105,0.6334,0.297,0.1145,0.753,0.2121,5.2,0.55,mixed-rural-urban,0.0,0.062,0.7968,0.7565,0.8335,0.5215,0.3898,0.0,56.6,True
GAB,Gabon,French expatriate,migration_linked,3.3,2.77,3.4,2.81,2.0,2.13,0.13,1.94,0.19,2.07,2.2,2.07,2.2,0.13,50779,86901,0.0,0.0,0.0,1.25,unspecified,True,0.5,0.48,0.56,0.42,0.454,0.952,1.0,0.78,0.761,0.0,0.0,0.0,0.0,0.0,1.0,1.0,0.0,0.001,0.8122,0.8079,-0.0044,0.8079,2.637,0.176,2.17,0.17,0.04,2.237,2.387,0.0005,0.8105,0.6334,0.297,0.1145,0.753,0.2121,5.2,0.55,mixed-rural-urban,0.0,0.062,0.7968,0.7565,0.8335,0.5215,0.3898,0.0,56.6,False
GBR,UK,White British,largest_baseline_category,1.5,1.68,1.5,1.68,74.4,65.48,-8.92,71.52,-6.04,67.52,62.99,62.99,67.52,4.52,51438810,49441798,0.257,0.204,0.134,1.819,unspecified,False,0.5,0.48,0.56,0.42,0.686,1.3,1.0,0.84,1.001,0.0,1.05,0.0,0.71,0.682,1.0,1.117,0.1,0.0009,0.439,0.558,0.119,0.558,1.5891,0.1299,61.74,-12.66,-3.74,2.17,2.165,0.0004,0.5997,0.7764,0.4598,0.0935,0.8547,0.179,2.26,0.754,urbanizing-majority,0.063,-0.0018,0.9387,0.9511,0.9427,0.7297,0.3568,0.7783,63.0,True
GBR,UK,Other White,migration_linked,1.3,1.6,1.5,1.68,4.6,4.19,-0.41,3.99,0.2,4.16,4.22,4.16,4.22,0.06,3180357,3162955,0.257,0.204,0.134,1.819,unspecified,True,0.5,0.48,0.56,0.42,0.686,1.027,1.0,0.84,0.906,0.0,1.05,0.0,0.71,0.682,1.0,1.117,0.1,0.0009,0.439,0.558,0.119,0.558,1.5891,0.1299,4.09,-0.51,-0.09,2.17,2.165,0.0004,0.5997,0.7764,0.4598,0.0935,0.8547,0.179,2.26,0.754,urbanizing-majority,0.063,-0.0018,0.9387,0.9511,0.9427,0.7297,0.3568,0.7783,63.0,False
GBR,UK,Indian,higher_fertility_path,1.85,1.82,1.5,1.68,3.1,4.84,1.74,3.42,1.42,4.36,5.44,4.36,5.44,1.07,2143284,3654966,0.257,0.204,0.134,1.819,IND;PAK;BGD;LKA;NPL,True,0.718,0.719,0.752,0.684,0.686,0.989,1.168,0.84,1.126,0.0,1.05,0.0,0.71,0.682,1.0,1.117,0.1,0.0009,0.439,0.558,0.119,0.558,1.5891,0.1299,4.53,1.43,-0.31,2.17,2.165,0.0004,0.5997,0.7764,0.4598,0.0935,0.8547,0.179,2.26,0.754,urbanizing-majority,0.063,-0.0018,0.9387,0.9511,0.9427,0.7297,0.3568,0.7783,63.0,False
GBR,UK,Pakistani,higher_fertility_path,2.8,2.2,1.5,1.68,2.3,4.72,2.42,3.49,1.22,4.28,5.25,4.28,5.25,0.98,1590178,3560552,0.257,0.204,0.134,1.819,PAK,True,0.769,0.814,0.7,0.74,0.686,0.963,1.32,0.84,1.229,0.0,1.05,0.0,0.71,0.682,1.0,1.117,0.1,0.0009,0.439,0.558,0.119,0.558,1.5891,0.1299,4.18,1.88,-0.53,2.17,2.165,0.0004,0.5997,0.7764,0.4598,0.0935,0.8547,0.179,2.26,0.754,urbanizing-majority,0.063,-0.0018,0.9387,0.9511,0.9427,0.7297,0.3568,0.7783,63.0,False
GBR,UK,Bangladeshi,higher_fertility_path,2.9,2.24,1.5,1.68,1.0,2.03,1.03,1.56,0.47,1.86,2.23,1.86,2.23,0.37,691382,1533865,0.257,0.204,0.134,1.819,BGD,True,0.735,0.788,0.68,0.84,0.686,0.903,1.22,0.84,1.113,0.0,1.05,0.0,0.71,0.682,1.0,1.117,0.1,0.0009,0.439,0.558,0.119,0.558,1.5891,0.1299,1.79,0.79,-0.24,2.17,2.165,0.0004,0.5997,0.7764,0.4598,0.0935,0.8547,0.179,2.26,0.754,urbanizing-majority,0.063,-0.0018,0.9387,0.9511,0.9427,0.7297,0.3568,0.7783,63.0,False
GBR,UK,Chinese,migration_linked,1.3,1.6,1.5,1.68,0.8,0.78,-0.02,0.69,0.08,0.76,0.8,0.76,0.8,0.04,553105,585292,0.257,0.204,0.134,1.819,CHN,True,0.52,0.502,0.58,0.45,0.686,0.891,1.0,0.84,0.872,0.0,1.05,0.0,0.71,0.682,1.0,1.117,0.1,0.0009,0.439,0.558,0.119,0.558,1.5891,0.1299,0.76,-0.04,-0.02,2.17,2.165,0.0004,0.5997,0.7764,0.4598,0.0935,0.8547,0.179,2.26,0.754,urbanizing-majority,0.063,-0.0018,0.9387,0.9511,0.9427,0.7297,0.3568,0.7783,63.0,False
GBR,UK,Other Asian,migration_linked,1.5,1.68,1.5,1.68,1.5,1.95,0.45,1.43,0.52,1.78,2.15,1.78,2.15,0.37,1037073,1470664,0.257,0.204,0.134,1.819,unspecified,True,0.5,0.48,0.56,0.42,0.686,0.93,1.0,0.84,0.873,0.0,1.05,0.0,0.71,0.682,1.0,1.117,0.1,0.0009,0.439,0.558,0.119,0.558,1.5891,0.1299,1.87,0.37,-0.08,2.17,2.165,0.0004,0.5997,0.7764,0.4598,0.0935,0.8547,0.179,2.26,0.754,urbanizing-majority,0.063,-0.0018,0.9387,0.9511,0.9427,0.7297,0.3568,0.7783,63.0,False
GBR,UK,Black African,higher_fertility_path,2.4,2.04,1.5,1.68,2.5,5.34,2.84,3.35,1.99,4.62,6.24,4.62,6.24,1.62,1728455,4031596,0.257,0.204,0.134,1.819,NGA;GHA;KEN;UGA;TZA;ETH;SEN;CIV;CMR;COD,True,0.732,0.782,0.634,0.652,0.686,0.97,1.07,0.84,1.078,0.0,1.05,0.0,0.71,0.682,1.0,1.117,0.1,0.0009,0.439,0.558,0.119,0.558,1.5891,0.1299,4.83,2.33,-0.51,2.17,2.165,0.0004,0.5997,0.7764,0.4598,0.0935,0.8547,0.179,2.26,0.754,urbanizing-majority,0.063,-0.0018,0.9387,0.9511,0.9427,0.7297,0.3568,0.7783,63.0,False
GBR,UK,Black Caribbean,largest_baseline_category,1.5,1.68,1.5,1.68,1.1,0.94,-0.16,1.02,-0.09,0.97,0.9,0.9,0.97,0.07,760520,706942,0.257,0.204,0.134,1.819,unspecified,False,0.5,0.48,0.56,0.42,0.686,0.909,1.0,0.84,0.865,0.0,1.05,0.0,0.71,0.682,1.0,1.117,0.1,0.0009,0.439,0.558,0.119,0.558,1.5891,0.1299,0.9,-0.2,-0.04,2.17,2.165,0.0004,0.5997,0.7764,0.4598,0.0935,0.8547,0.179,2.26,0.754,urbanizing-majority,0.063,-0.0018,0.9387,0.9511,0.9427,0.7297,0.3568,0.7783,63.0,False
GBR,UK,Mixed/Multiple,identity_category_transition,1.5,1.68,1.5,1.68,2.9,3.38,0.48,3.7,-0.32,3.49,3.25,3.25,3.49,0.24,2005007,2554235,0.257,0.204,0.134,1.819,unspecified,False,0.5,0.48,0.56,0.42,0.686,0.983,1.0,0.84,0.891,0.0,1.05,0.0,0.71,0.682,1.0,1.117,0.1,0.0009,0.439,0.558,0.119,0.558,1.5891,0.1299,9.27,6.37,5.88,2.17,2.165,0.0004,0.5997,0.7764,0.4598,0.0935,0.8547,0.179,2.26,0.754,urbanizing-majority,0.063,-0.0018,0.9387,0.9511,0.9427,0.7297,0.3568,0.7783,63.0,False
GBR,UK,Arab,migration_linked,2.5,2.08,1.5,1.68,0.6,1.05,0.45,0.83,0.22,0.98,1.14,0.98,1.14,0.17,414829,794109,0.257,0.204,0.134,1.819,unspecified,True,0.5,0.48,0.56,0.42,0.686,0.876,1.0,0.84,0.854,0.0,1.05,0.0,0.71,0.682,1.0,1.117,0.1,0.0009,0.439,0.558,0.119,0.558,1.5891,0.1299,0.95,0.35,-0.11,2.17,2.165,0.0004,0.5997,0.7764,0.4598,0.0935,0.8547,0.179,2.26,0.754,urbanizing-majority,0.063,-0.0018,0.9387,0.9511,0.9427,0.7297,0.3568,0.7783,63.0,False
GBR,UK,White Irish,migration_linked,1.6,1.72,1.5,1.68,1.0,1.11,0.11,0.99,0.11,1.08,1.14,1.08,1.14,0.07,691382,837594,0.257,0.204,0.134,1.819,unspecified,True,0.5,0.48,0.56,0.42,0.686,0.903,1.0,0.84,0.863,0.0,1.05,0.0,0.71,0.682,1.0,1.117,0.1,0.0009,0.439,0.558,0.119,0.558,1.5891,0.1299,1.06,0.06,-0.05,2.17,2.165,0.0004,0.5997,0.7764,0.4598,0.0935,0.8547,0.179,2.26,0.754,urbanizing-majority,0.063,-0.0018,0.9387,0.9511,0.9427,0.7297,0.3568,0.7783,63.0,False
GBR,UK,Other,migration_linked,1.5,1.68,1.5,1.68,4.2,4.2,-0.0,4.0,0.2,4.16,4.24,4.16,4.24,0.08,2903804,3170118,0.257,0.204,0.134,1.819,unspecified,True,0.5,0.48,0.56,0.42,0.686,1.018,1.0,0.84,0.903,0.0,1.05,0.0,0.71,0.682,1.0,1.117,0.1,0.0009,0.439,0.558,0.119,0.558,1.5891,0.1299,4.03,-0.17,-0.17,2.17,2.165,0.0004,0.5997,0.7764,0.4598,0.0935,0.8547,0.179,2.26,0.754,urbanizing-majority,0.063,-0.0018,0.9387,0.9511,0.9427,0.7297,0.3568,0.7783,63.0,False
GEO,Georgia,Georgian (Kartvelian),largest_baseline_category,1.7,1.82,1.7,1.82,86.0,86.23,0.23,86.31,-0.08,86.26,86.2,86.2,86.26,0.06,3274594,3159503,0.231,0.0,0.0,1.61,unspecified,False,0.5,0.48,0.56,0.42,0.532,1.3,1.0,0.78,0.888,0.0,0.0,0.0,0.0,0.0,1.0,1.081,0.0,0.001,0.254,0.2497,-0.0044,0.2497,0.5638,0.1646,86.04,0.04,-0.19,1.673,1.606,0.0005,0.253,0.7367,0.4301,0.1382,0.8424,0.1808,1.33,0.693,urbanizing-majority,0.071,0.0331,0.8704,0.9284,0.8349,0.6853,0.4612,0.8807,59.46,True
GEO,Georgia,Azerbaijani,higher_fertility_path,2.05,1.96,1.7,1.82,6.3,7.18,0.88,7.18,-0.01,7.15,7.2,7.15,7.2,0.05,239883,262931,0.231,0.0,0.0,1.61,unspecified,False,0.5,0.48,0.56,0.42,0.532,1.059,1.0,0.78,0.826,0.0,0.0,0.0,0.0,0.0,1.0,1.081,0.0,0.001,0.254,0.2497,-0.0044,0.2497,0.5638,0.1646,7.11,0.81,-0.07,1.673,1.606,0.0005,0.253,0.7367,0.4301,0.1382,0.8424,0.1808,1.33,0.693,urbanizing-majority,0.071,0.0331,0.8704,0.9284,0.8349,0.6853,0.4612,0.8807,59.46,False
GEO,Georgia,Armenian,lower_fertility_path,1.3,1.66,1.7,1.82,4.5,3.62,-0.88,3.62,-0.0,3.64,3.6,3.6,3.64,0.05,171345,132623,0.231,0.0,0.0,1.61,unspecified,False,0.5,0.48,0.56,0.42,0.532,1.025,1.0,0.78,0.817,0.0,0.0,0.0,0.0,0.0,1.0,1.081,0.0,0.001,0.254,0.2497,-0.0044,0.2497,0.5638,0.1646,3.8,-0.7,0.18,1.673,1.606,0.0005,0.253,0.7367,0.4301,0.1382,0.8424,0.1808,1.33,0.693,urbanizing-majority,0.071,0.0331,0.8704,0.9284,0.8349,0.6853,0.4612,0.8807,59.46,False
GEO,Georgia,Russian,lower_fertility_path,1.3,1.66,1.7,1.82,1.5,1.21,-0.29,1.21,-0.0,1.21,1.2,1.2,1.21,0.02,57115,44208,0.231,0.0,0.0,1.61,unspecified,False,0.5,0.48,0.56,0.42,0.532,0.93,1.0,0.78,0.792,0.0,0.0,0.0,0.0,0.0,1.0,1.081,0.0,0.001,0.254,0.2497,-0.0044,0.2497,0.5638,0.1646,1.27,-0.23,0.06,1.673,1.606,0.0005,0.253,0.7367,0.4301,0.1382,0.8424,0.1808,1.33,0.693,urbanizing-majority,0.071,0.0331,0.8704,0.9284,0.8349,0.6853,0.4612,0.8807,59.46,False
GEO,Georgia,Ossetian,largest_baseline_category,1.7,1.82,1.7,1.82,0.9,0.88,-0.02,0.88,-0.0,0.88,0.88,0.88,0.88,0.0,34269,32081,0.231,0.0,0.0,1.61,unspecified,False,0.5,0.48,0.56,0.42,0.532,0.897,1.0,0.78,0.783,0.0,0.0,0.0,0.0,0.0,1.0,1.081,0.0,0.001,0.254,0.2497,-0.0044,0.2497,0.5638,0.1646,0.89,-0.01,0.01,1.673,1.606,0.0005,0.253,0.7367,0.4301,0.1382,0.8424,0.1808,1.33,0.693,urbanizing-majority,0.071,0.0331,0.8704,0.9284,0.8349,0.6853,0.4612,0.8807,59.46,False
GEO,Georgia,Other,migration_linked,1.7,1.82,1.7,1.82,0.8,0.89,0.09,0.8,0.09,0.86,0.93,0.86,0.93,0.07,30461,32666,0.231,0.0,0.0,1.61,unspecified,True,0.5,0.48,0.56,0.42,0.532,0.891,1.0,0.78,0.782,0.0,0.0,0.0,0.0,0.0,1.0,1.081,0.0,0.001,0.254,0.2497,-0.0044,0.2497,0.5638,0.1646,0.9,0.1,0.01,1.673,1.606,0.0005,0.253,0.7367,0.4301,0.1382,0.8424,0.1808,1.33,0.693,urbanizing-majority,0.071,0.0331,0.8704,0.9284,0.8349,0.6853,0.4612,0.8807,59.46,False
GHA,Ghana,Akan,largest_baseline_category,3.5,2.87,3.5,2.87,45.7,47.09,1.39,47.09,0.0,47.09,47.09,47.09,47.09,0.0,15733330,23803254,0.0,0.0,0.0,1.25,unspecified,False,0.5,0.48,0.56,0.42,0.454,1.281,1.0,0.78,0.834,0.74,0.0,0.698,0.0,0.0,1.0,1.0,0.0,0.001,0.729,0.7193,-0.0097,0.7193,2.2059,0.2267,46.32,0.62,-0.76,2.125,2.271,0.0005,0.7247,0.5434,0.2853,0.1834,0.7277,0.2076,3.56,0.52,mixed-rural-urban,0.0,0.1148,0.7809,0.7019,0.7478,0.3194,0.4504,0.0,57.02,True
GHA,Ghana,Mole-Dagbani,largest_baseline_category,3.5,2.87,3.5,2.87,18.5,18.02,-0.48,18.02,0.0,18.02,18.02,18.02,18.02,0.0,6369072,9110442,0.0,0.0,0.0,1.25,unspecified,False,0.5,0.48,0.56,0.42,0.454,1.176,1.0,0.78,0.811,0.74,0.0,0.698,0.0,0.0,1.0,1.0,0.0,0.001,0.729,0.7193,-0.0097,0.7193,2.2059,0.2267,18.28,-0.22,0.26,2.125,2.271,0.0005,0.7247,0.5434,0.2853,0.1834,0.7277,0.2076,3.56,0.52,mixed-rural-urban,0.0,0.1148,0.7809,0.7019,0.7478,0.3194,0.4504,0.0,57.02,False
GHA,Ghana,Ewe,largest_baseline_category,3.5,2.87,3.5,2.87,12.8,12.47,-0.33,12.47,0.0,12.47,12.47,12.47,12.47,0.0,4406709,6303441,0.0,0.0,0.0,1.25,unspecified,False,0.5,0.48,0.56,0.42,0.454,1.135,1.0,0.78,0.802,0.74,0.0,0.698,0.0,0.0,1.0,1.0,0.0,0.001,0.729,0.7193,-0.0097,0.7193,2.2059,0.2267,12.65,-0.15,0.18,2.125,2.271,0.0005,0.7247,0.5434,0.2853,0.1834,0.7277,0.2076,3.56,0.52,mixed-rural-urban,0.0,0.1148,0.7809,0.7019,0.7478,0.3194,0.4504,0.0,57.02,False
GHA,Ghana,Ga-Dangme,largest_baseline_category,3.5,2.87,3.5,2.87,7.1,6.92,-0.18,6.92,0.0,6.92,6.92,6.92,6.92,0.0,2444347,3496440,0.0,0.0,0.0,1.25,unspecified,False,0.5,0.48,0.56,0.42,0.454,1.071,1.0,0.78,0.788,0.74,0.0,0.698,0.0,0.0,1.0,1.0,0.0,0.001,0.729,0.7193,-0.0097,0.7193,2.2059,0.2267,7.02,-0.08,0.1,2.125,2.271,0.0005,0.7247,0.5434,0.2853,0.1834,0.7277,0.2076,3.56,0.52,mixed-rural-urban,0.0,0.1148,0.7809,0.7019,0.7478,0.3194,0.4504,0.0,57.02,False
GHA,Ghana,Gurma,largest_baseline_category,3.5,2.87,3.5,2.87,6.4,6.23,-0.17,6.23,0.0,6.23,6.23,6.23,6.23,0.0,2203355,3151720,0.0,0.0,0.0,1.25,unspecified,False,0.5,0.48,0.56,0.42,0.454,1.06,1.0,0.78,0.785,0.74,0.0,0.698,0.0,0.0,1.0,1.0,0.0,0.001,0.729,0.7193,-0.0097,0.7193,2.2059,0.2267,6.32,-0.08,0.09,2.125,2.271,0.0005,0.7247,0.5434,0.2853,0.1834,0.7277,0.2076,3.56,0.52,mixed-rural-urban,0.0,0.1148,0.7809,0.7019,0.7478,0.3194,0.4504,0.0,57.02,False
GHA,Ghana,Guan,largest_baseline_category,3.5,2.87,3.5,2.87,3.2,3.12,-0.08,3.12,0.0,3.12,3.12,3.12,3.12,0.0,1101677,1575860,0.0,0.0,0.0,1.25,unspecified,False,0.5,0.48,0.56,0.42,0.454,0.992,1.0,0.78,0.77,0.74,0.0,0.698,0.0,0.0,1.0,1.0,0.0,0.001,0.729,0.7193,-0.0097,0.7193,2.2059,0.2267,3.16,-0.04,0.04,2.125,2.271,0.0005,0.7247,0.5434,0.2853,0.1834,0.7277,0.2076,3.56,0.52,mixed-rural-urban,0.0,0.1148,0.7809,0.7019,0.7478,0.3194,0.4504,0.0,57.02,False
GHA,Ghana,Grusi,largest_baseline_category,3.5,2.87,3.5,2.87,2.6,2.53,-0.07,2.53,0.0,2.53,2.53,2.53,2.53,0.0,895113,1280386,0.0,0.0,0.0,1.25,unspecified,False,0.5,0.48,0.56,0.42,0.454,0.974,1.0,0.78,0.766,0.74,0.0,0.698,0.0,0.0,1.0,1.0,0.0,0.001,0.729,0.7193,-0.0097,0.7193,2.2059,0.2267,2.57,-0.03,0.04,2.125,2.271,0.0005,0.7247,0.5434,0.2853,0.1834,0.7277,0.2076,3.56,0.52,mixed-rural-urban,0.0,0.1148,0.7809,0.7019,0.7478,0.3194,0.4504,0.0,57.02,False
GHA,Ghana,Mande,largest_baseline_category,3.5,2.87,3.5,2.87,2.0,1.95,-0.05,1.95,0.0,1.95,1.95,1.95,1.95,0.0,688548,984913,0.0,0.0,0.0,1.25,unspecified,False,0.5,0.48,0.56,0.42,0.454,0.952,1.0,0.78,0.761,0.74,0.0,0.698,0.0,0.0,1.0,1.0,0.0,0.001,0.729,0.7193,-0.0097,0.7193,2.2059,0.2267,1.98,-0.02,0.03,2.125,2.271,0.0005,0.7247,0.5434,0.2853,0.1834,0.7277,0.2076,3.56,0.52,mixed-rural-urban,0.0,0.1148,0.7809,0.7019,0.7478,0.3194,0.4504,0.0,57.02,False
GHA,Ghana,Other,identity_category_transition,3.5,2.87,3.5,2.87,1.7,1.67,-0.03,1.67,0.0,1.67,1.67,1.67,1.67,0.0,585266,846591,0.0,0.0,0.0,1.25,unspecified,False,0.5,0.48,0.56,0.42,0.454,0.939,1.0,0.78,0.758,0.74,0.0,0.698,0.0,0.0,1.0,1.0,0.0,0.001,0.729,0.7193,-0.0097,0.7193,2.2059,0.2267,1.7,-0.0,0.02,2.125,2.271,0.0005,0.7247,0.5434,0.2853,0.1834,0.7277,0.2076,3.56,0.52,mixed-rural-urban,0.0,0.1148,0.7809,0.7019,0.7478,0.3194,0.4504,0.0,57.02,False
GIN,Guinea,Fulani (Peulh),higher_fertility_path,4.85,3.52,4.2,3.26,33.4,38.76,5.36,38.76,0.0,38.67,38.85,38.67,38.85,0.18,4928096,9071081,0.0,0.0,0.0,1.25,unspecified,False,0.5,0.48,0.56,0.42,0.454,1.245,1.0,0.78,0.826,0.0,0.0,0.793,0.0,0.0,1.0,1.0,0.0,0.001,0.7452,0.7287,-0.0165,0.7287,2.1758,0.3263,37.47,4.07,-1.29,2.061,2.293,0.0005,0.7334,0.3275,0.2408,0.1534,0.6019,0.2808,3.69,0.372,rural-heavy,0.0,0.085,0.6939,0.4537,0.6358,0.0445,0.7006,0.0,52.4,True
GIN,Guinea,Malinke,largest_baseline_category,4.2,3.26,4.2,3.26,29.8,27.4,-2.4,27.4,0.0,27.44,27.36,27.36,27.44,0.08,4396924,6413385,0.0,0.0,0.0,1.25,unspecified,False,0.5,0.48,0.56,0.42,0.454,1.231,1.0,0.78,0.823,0.0,0.0,0.793,0.0,0.0,1.0,1.0,0.0,0.001,0.7452,0.7287,-0.0165,0.7287,2.1758,0.3263,27.98,-1.82,0.58,2.061,2.293,0.0005,0.7334,0.3275,0.2408,0.1534,0.6019,0.2808,3.69,0.372,rural-heavy,0.0,0.085,0.6939,0.4537,0.6358,0.0445,0.7006,0.0,52.4,False
GIN,Guinea,Susu,largest_baseline_category,4.2,3.26,4.2,3.26,21.0,19.31,-1.69,19.31,0.0,19.34,19.28,19.28,19.34,0.06,3098504,4519500,0.0,0.0,0.0,1.25,unspecified,False,0.5,0.48,0.56,0.42,0.454,1.191,1.0,0.78,0.814,0.0,0.0,0.793,0.0,0.0,1.0,1.0,0.0,0.001,0.7452,0.7287,-0.0165,0.7287,2.1758,0.3263,19.72,-1.28,0.41,2.061,2.293,0.0005,0.7334,0.3275,0.2408,0.1534,0.6019,0.2808,3.69,0.372,rural-heavy,0.0,0.085,0.6939,0.4537,0.6358,0.0445,0.7006,0.0,52.4,False
GIN,Guinea,Guerze,largest_baseline_category,4.2,3.26,4.2,3.26,7.8,7.17,-0.63,7.17,0.0,7.18,7.16,7.16,7.18,0.02,1150873,1678671,0.0,0.0,0.0,1.25,unspecified,False,0.5,0.48,0.56,0.42,0.454,1.081,1.0,0.78,0.79,0.0,0.0,0.793,0.0,0.0,1.0,1.0,0.0,0.001,0.7452,0.7287,-0.0165,0.7287,2.1758,0.3263,7.32,-0.48,0.15,2.061,2.293,0.0005,0.7334,0.3275,0.2408,0.1534,0.6019,0.2808,3.69,0.372,rural-heavy,0.0,0.085,0.6939,0.4537,0.6358,0.0445,0.7006,0.0,52.4,False
GIN,Guinea,Kissi,largest_baseline_category,4.2,3.26,4.2,3.26,6.3,5.79,-0.51,5.79,0.0,5.8,5.78,5.78,5.8,0.02,929551,1355850,0.0,0.0,0.0,1.25,unspecified,False,0.5,0.48,0.56,0.42,0.454,1.059,1.0,0.78,0.785,0.0,0.0,0.793,0.0,0.0,1.0,1.0,0.0,0.001,0.7452,0.7287,-0.0165,0.7287,2.1758,0.3263,5.92,-0.38,0.12,2.061,2.293,0.0005,0.7334,0.3275,0.2408,0.1534,0.6019,0.2808,3.69,0.372,rural-heavy,0.0,0.085,0.6939,0.4537,0.6358,0.0445,0.7006,0.0,52.4,False
GIN,Guinea,Toma,largest_baseline_category,4.2,3.26,4.2,3.26,1.6,1.47,-0.13,1.47,0.0,1.47,1.47,1.47,1.47,0.0,236076,344343,0.0,0.0,0.0,1.25,unspecified,False,0.5,0.48,0.56,0.42,0.454,0.935,1.0,0.78,0.757,0.0,0.0,0.793,0.0,0.0,1.0,1.0,0.0,0.001,0.7452,0.7287,-0.0165,0.7287,2.1758,0.3263,1.5,-0.1,0.03,2.061,2.293,0.0005,0.7334,0.3275,0.2408,0.1534,0.6019,0.2808,3.69,0.372,rural-heavy,0.0,0.085,0.6939,0.4537,0.6358,0.0445,0.7006,0.0,52.4,False
GIN,Guinea,Other,identity_category_transition,4.2,3.26,4.2,3.26,0.1,0.09,-0.01,0.09,0.0,0.09,0.09,0.09,0.09,0.0,14755,21763,0.0,0.0,0.0,1.25,unspecified,False,0.5,0.48,0.56,0.42,0.454,0.831,1.0,0.78,0.735,0.0,0.0,0.793,0.0,0.0,1.0,1.0,0.0,0.001,0.7452,0.7287,-0.0165,0.7287,2.1758,0.3263,0.09,-0.01,0.0,2.061,2.293,0.0005,0.7334,0.3275,0.2408,0.1534,0.6019,0.2808,3.69,0.372,rural-heavy,0.0,0.085,0.6939,0.4537,0.6358,0.0445,0.7006,0.0,52.4,False
GMB,Gambia,Mandinka,largest_baseline_category,4.4,3.37,4.4,3.37,34.4,35.29,0.89,35.29,0.0,35.31,35.27,35.27,35.31,0.03,949440,1518152,0.0,0.0,0.0,1.25,unspecified,False,0.5,0.48,0.56,0.42,0.454,1.248,1.0,0.78,0.827,0.0,0.0,0.759,0.0,0.0,1.0,1.0,0.0,0.001,0.7889,0.7815,-0.0074,0.7815,2.4954,0.334,34.43,0.03,-0.86,2.067,2.354,0.0005,0.7853,0.3424,0.223,0.2091,0.6144,0.2695,4.58,0.29,rural-heavy,0.0,0.0662,0.7391,0.49,0.5677,0.0683,0.711,0.0,52.14,True
GMB,Gambia,Fula,higher_fertility_path,4.75,3.51,4.4,3.37,22.5,23.59,1.09,23.59,0.0,23.55,23.63,23.55,23.63,0.08,621000,1014721,0.0,0.0,0.0,1.25,unspecified,False,0.5,0.48,0.56,0.42,0.454,1.199,1.0,0.78,0.816,0.0,0.0,0.759,0.0,0.0,1.0,1.0,0.0,0.001,0.7889,0.7815,-0.0074,0.7815,2.4954,0.334,23.77,1.27,0.18,2.067,2.354,0.0005,0.7853,0.3424,0.223,0.2091,0.6144,0.2695,4.58,0.29,rural-heavy,0.0,0.0662,0.7391,0.49,0.5677,0.0683,0.711,0.0,52.14,False
GMB,Gambia,Wolof,largest_baseline_category,4.4,3.37,4.4,3.37,12.3,11.71,-0.59,11.71,0.0,11.71,11.7,11.7,11.71,0.01,339480,503680,0.0,0.0,0.0,1.25,unspecified,False,0.5,0.48,0.56,0.42,0.454,1.131,1.0,0.78,0.801,0.0,0.0,0.759,0.0,0.0,1.0,1.0,0.0,0.001,0.7889,0.7815,-0.0074,0.7815,2.4954,0.334,11.9,-0.4,0.19,2.067,2.354,0.0005,0.7853,0.3424,0.223,0.2091,0.6144,0.2695,4.58,0.29,rural-heavy,0.0,0.0662,0.7391,0.49,0.5677,0.0683,0.711,0.0,52.14,False
GMB,Gambia,Jola,largest_baseline_category,4.4,3.37,4.4,3.37,10.7,10.19,-0.51,10.19,0.0,10.19,10.18,10.18,10.19,0.01,295320,438161,0.0,0.0,0.0,1.25,unspecified,False,0.5,0.48,0.56,0.42,0.454,1.115,1.0,0.78,0.797,0.0,0.0,0.759,0.0,0.0,1.0,1.0,0.0,0.001,0.7889,0.7815,-0.0074,0.7815,2.4954,0.334,10.35,-0.35,0.17,2.067,2.354,0.0005,0.7853,0.3424,0.223,0.2091,0.6144,0.2695,4.58,0.29,rural-heavy,0.0,0.0662,0.7391,0.49,0.5677,0.0683,0.711,0.0,52.14,False
GMB,Gambia,Serahule,largest_baseline_category,4.4,3.37,4.4,3.37,8.2,7.81,-0.39,7.81,0.0,7.81,7.8,7.8,7.81,0.01,226320,335787,0.0,0.0,0.0,1.25,unspecified,False,0.5,0.48,0.56,0.42,0.454,1.086,1.0,0.78,0.791,0.0,0.0,0.759,0.0,0.0,1.0,1.0,0.0,0.001,0.7889,0.7815,-0.0074,0.7815,2.4954,0.334,7.93,-0.27,0.13,2.067,2.354,0.0005,0.7853,0.3424,0.223,0.2091,0.6144,0.2695,4.58,0.29,rural-heavy,0.0,0.0662,0.7391,0.49,0.5677,0.0683,0.711,0.0,52.14,False
GMB,Gambia,Serer,largest_baseline_category,4.4,3.37,4.4,3.37,3.0,2.86,-0.14,2.86,0.0,2.86,2.85,2.85,2.86,0.0,82800,122849,0.0,0.0,0.0,1.25,unspecified,False,0.5,0.48,0.56,0.42,0.454,0.986,1.0,0.78,0.769,0.0,0.0,0.759,0.0,0.0,1.0,1.0,0.0,0.001,0.7889,0.7815,-0.0074,0.7815,2.4954,0.334,2.9,-0.1,0.05,2.067,2.354,0.0005,0.7853,0.3424,0.223,0.2091,0.6144,0.2695,4.58,0.29,rural-heavy,0.0,0.0662,0.7391,0.49,0.5677,0.0683,0.711,0.0,52.14,False
GMB,Gambia,Other,identity_category_transition,4.4,3.37,4.4,3.37,8.9,8.57,-0.33,8.57,0.0,8.57,8.56,8.56,8.57,0.01,245640,368550,0.0,0.0,0.0,1.25,unspecified,False,0.5,0.48,0.56,0.42,0.454,1.095,1.0,0.78,0.793,0.0,0.0,0.759,0.0,0.0,1.0,1.0,0.0,0.001,0.7889,0.7815,-0.0074,0.7815,2.4954,0.334,8.71,-0.19,0.14,2.067,2.354,0.0005,0.7853,0.3424,0.223,0.2091,0.6144,0.2695,4.58,0.29,rural-heavy,0.0,0.0662,0.7391,0.49,0.5677,0.0683,0.711,0.0,52.14,False
GNB,Guinea-Bissau,Balanta,largest_baseline_category,4.3,3.31,4.3,3.31,28.5,29.66,1.16,29.66,0.0,29.67,29.65,29.65,29.67,0.03,627388,1019903,0.0,0.0,0.0,1.25,unspecified,False,0.5,0.48,0.56,0.42,0.454,1.226,1.0,0.78,0.822,0.0,0.0,0.0,0.0,0.0,1.0,1.0,0.0,0.001,0.8176,0.8103,-0.0073,0.8103,2.6601,0.3163,28.72,0.22,-0.95,2.086,2.395,0.0005,0.8135,0.3499,0.2003,0.1431,0.6157,0.2656,5.27,0.265,rural-heavy,0.0,0.0735,0.7354,0.4923,0.5601,0.0757,0.6915,0.0,52.56,True
GNB,Guinea-Bissau,Fula,higher_fertility_path,4.65,3.45,4.3,3.31,22.5,23.6,1.1,23.6,0.0,23.56,23.64,23.56,23.64,0.08,495306,811576,0.0,0.0,0.0,1.25,unspecified,False,0.5,0.48,0.56,0.42,0.454,1.199,1.0,0.78,0.816,0.0,0.0,0.0,0.0,0.0,1.0,1.0,0.0,0.001,0.8176,0.8103,-0.0073,0.8103,2.6601,0.3163,23.78,1.28,0.18,2.086,2.395,0.0005,0.8135,0.3499,0.2003,0.1431,0.6157,0.2656,5.27,0.265,rural-heavy,0.0,0.0735,0.7354,0.4923,0.5601,0.0757,0.6915,0.0,52.56,False
GNB,Guinea-Bissau,Manjaco,largest_baseline_category,4.3,3.31,4.3,3.31,14.7,13.99,-0.71,13.99,0.0,13.99,13.98,13.98,13.99,0.01,323600,480925,0.0,0.0,0.0,1.25,unspecified,False,0.5,0.48,0.56,0.42,0.454,1.15,1.0,0.78,0.805,0.0,0.0,0.0,0.0,0.0,1.0,1.0,0.0,0.001,0.8176,0.8103,-0.0073,0.8103,2.6601,0.3163,14.22,-0.48,0.23,2.086,2.395,0.0005,0.8135,0.3499,0.2003,0.1431,0.6157,0.2656,5.27,0.265,rural-heavy,0.0,0.0735,0.7354,0.4923,0.5601,0.0757,0.6915,0.0,52.56,False
GNB,Guinea-Bissau,Mandinga,largest_baseline_category,4.3,3.31,4.3,3.31,9.1,8.66,-0.44,8.66,0.0,8.66,8.65,8.65,8.66,0.01,200324,297715,0.0,0.0,0.0,1.25,unspecified,False,0.5,0.48,0.56,0.42,0.454,1.098,1.0,0.78,0.794,0.0,0.0,0.0,0.0,0.0,1.0,1.0,0.0,0.001,0.8176,0.8103,-0.0073,0.8103,2.6601,0.3163,8.8,-0.3,0.14,2.086,2.395,0.0005,0.8135,0.3499,0.2003,0.1431,0.6157,0.2656,5.27,0.265,rural-heavy,0.0,0.0735,0.7354,0.4923,0.5601,0.0757,0.6915,0.0,52.56,False
GNB,Guinea-Bissau,Papel,largest_baseline_category,4.3,3.31,4.3,3.31,8.2,7.8,-0.4,7.8,0.0,7.81,7.8,7.8,7.81,0.01,180512,268271,0.0,0.0,0.0,1.25,unspecified,False,0.5,0.48,0.56,0.42,0.454,1.086,1.0,0.78,0.791,0.0,0.0,0.0,0.0,0.0,1.0,1.0,0.0,0.001,0.8176,0.8103,-0.0073,0.8103,2.6601,0.3163,7.93,-0.27,0.13,2.086,2.395,0.0005,0.8135,0.3499,0.2003,0.1431,0.6157,0.2656,5.27,0.265,rural-heavy,0.0,0.0735,0.7354,0.4923,0.5601,0.0757,0.6915,0.0,52.56,False
GNB,Guinea-Bissau,Beafada,largest_baseline_category,4.3,3.31,4.3,3.31,3.0,2.85,-0.15,2.85,0.0,2.86,2.85,2.85,2.86,0.0,66041,98148,0.0,0.0,0.0,1.25,unspecified,False,0.5,0.48,0.56,0.42,0.454,0.986,1.0,0.78,0.769,0.0,0.0,0.0,0.0,0.0,1.0,1.0,0.0,0.001,0.8176,0.8103,-0.0073,0.8103,2.6601,0.3163,2.9,-0.1,0.05,2.086,2.395,0.0005,0.8135,0.3499,0.2003,0.1431,0.6157,0.2656,5.27,0.265,rural-heavy,0.0,0.0735,0.7354,0.4923,0.5601,0.0757,0.6915,0.0,52.56,False
GNB,Guinea-Bissau,Mancanha,largest_baseline_category,4.3,3.31,4.3,3.31,3.0,2.85,-0.15,2.85,0.0,2.86,2.85,2.85,2.86,0.0,66041,98148,0.0,0.0,0.0,1.25,unspecified,False,0.5,0.48,0.56,0.42,0.454,0.986,1.0,0.78,0.769,0.0,0.0,0.0,0.0,0.0,1.0,1.0,0.0,0.001,0.8176,0.8103,-0.0073,0.8103,2.6601,0.3163,2.9,-0.1,0.05,2.086,2.395,0.0005,0.8135,0.3499,0.2003,0.1431,0.6157,0.2656,5.27,0.265,rural-heavy,0.0,0.0735,0.7354,0.4923,0.5601,0.0757,0.6915,0.0,52.56,False
GNB,Guinea-Bissau,Other,identity_category_transition,4.3,3.31,4.3,3.31,11.0,10.58,-0.42,10.58,0.0,10.59,10.58,10.58,10.59,0.01,242150,363923,0.0,0.0,0.0,1.25,unspecified,False,0.5,0.48,0.56,0.42,0.454,1.118,1.0,0.78,0.798,0.0,0.0,0.0,0.0,0.0,1.0,1.0,0.0,0.001,0.8176,0.8103,-0.0073,0.8103,2.6601,0.3163,10.76,-0.24,0.17,2.086,2.395,0.0005,0.8135,0.3499,0.2003,0.1431,0.6157,0.2656,5.27,0.265,rural-heavy,0.0,0.0735,0.7354,0.4923,0.5601,0.0757,0.6915,0.0,52.56,False
GNQ,Equatorial Guinea,Fang,largest_baseline_category,4.0,3.15,4.0,3.15,85.7,85.93,0.23,86.03,-0.1,85.96,85.89,85.89,85.96,0.07,1621892,2701373,0.0,0.0,0.0,1.25,unspecified,False,0.5,0.48,0.56,0.42,0.454,1.3,1.0,0.78,0.839,0.0,0.0,0.0,0.0,0.0,1.0,1.0,0.0,0.001,0.2594,0.2558,-0.0036,0.2558,0.5855,0.1909,85.73,0.03,-0.2,1.601,1.613,0.0005,0.2591,0.5981,0.297,0.1145,0.736,0.2219,1.34,0.55,mixed-rural-urban,0.0,0.0535,0.721,0.6949,0.7685,0.4756,0.4297,0.0,55.44,True
GNQ,Equatorial Guinea,Bubi,largest_baseline_category,4.0,3.15,4.0,3.15,6.5,6.32,-0.18,6.33,-0.01,6.33,6.32,6.32,6.33,0.01,123014,198770,0.0,0.0,0.0,1.25,unspecified,False,0.5,0.48,0.56,0.42,0.454,1.062,1.0,0.78,0.786,0.0,0.0,0.0,0.0,0.0,1.0,1.0,0.0,0.001,0.2594,0.2558,-0.0036,0.2558,0.5855,0.1909,6.41,-0.09,0.09,1.601,1.613,0.0005,0.2591,0.5981,0.297,0.1145,0.736,0.2219,1.34,0.55,mixed-rural-urban,0.0,0.0535,0.721,0.6949,0.7685,0.4756,0.4297,0.0,55.44,False
GNQ,Equatorial Guinea,Ndowe,largest_baseline_category,4.0,3.15,4.0,3.15,3.6,3.5,-0.1,3.51,-0.0,3.5,3.5,3.5,3.5,0.0,68131,110088,0.0,0.0,0.0,1.25,unspecified,False,0.5,0.48,0.56,0.42,0.454,1.003,1.0,0.78,0.773,0.0,0.0,0.0,0.0,0.0,1.0,1.0,0.0,0.001,0.2594,0.2558,-0.0036,0.2558,0.5855,0.1909,3.55,-0.05,0.05,1.601,1.613,0.0005,0.2591,0.5981,0.297,0.1145,0.736,0.2219,1.34,0.55,mixed-rural-urban,0.0,0.0535,0.721,0.6949,0.7685,0.4756,0.4297,0.0,55.44,False
GNQ,Equatorial Guinea,Annobon,largest_baseline_category,4.0,3.15,4.0,3.15,1.6,1.56,-0.04,1.56,-0.0,1.56,1.56,1.56,1.56,0.0,30280,48928,0.0,0.0,0.0,1.25,unspecified,False,0.5,0.48,0.56,0.42,0.454,0.935,1.0,0.78,0.757,0.0,0.0,0.0,0.0,0.0,1.0,1.0,0.0,0.001,0.2594,0.2558,-0.0036,0.2558,0.5855,0.1909,1.58,-0.02,0.02,1.601,1.613,0.0005,0.2591,0.5981,0.297,0.1145,0.736,0.2219,1.34,0.55,mixed-rural-urban,0.0,0.0535,0.721,0.6949,0.7685,0.4756,0.4297,0.0,55.44,False
GNQ,Equatorial Guinea,European,migration_linked,4.0,3.15,4.0,3.15,1.2,1.31,0.11,1.2,0.12,1.28,1.36,1.28,1.36,0.08,22710,41278,0.0,0.0,0.0,1.25,unspecified,True,0.5,0.48,0.56,0.42,0.454,0.915,1.0,0.78,0.753,0.0,0.0,0.0,0.0,0.0,1.0,1.0,0.0,0.001,0.2594,0.2558,-0.0036,0.2558,0.5855,0.1909,1.33,0.13,0.02,1.601,1.613,0.0005,0.2591,0.5981,0.297,0.1145,0.736,0.2219,1.34,0.55,mixed-rural-urban,0.0,0.0535,0.721,0.6949,0.7685,0.4756,0.4297,0.0,55.44,False
GNQ,Equatorial Guinea,Other,identity_category_transition,4.0,3.15,4.0,3.15,1.4,1.38,-0.02,1.38,-0.0,1.38,1.38,1.38,1.38,0.0,26495,43294,0.0,0.0,0.0,1.25,unspecified,False,0.5,0.48,0.56,0.42,0.454,0.925,1.0,0.78,0.755,0.0,0.0,0.0,0.0,0.0,1.0,1.0,0.0,0.001,0.2594,0.2558,-0.0036,0.2558,0.5855,0.1909,1.4,-0.0,0.02,1.601,1.613,0.0005,0.2591,0.5981,0.297,0.1145,0.736,0.2219,1.34,0.55,mixed-rural-urban,0.0,0.0535,0.721,0.6949,0.7685,0.4756,0.4297,0.0,55.44,False
GRC,Greece,Greek,largest_baseline_category,1.3,1.54,1.3,1.54,91.6,90.27,-1.33,91.65,-1.37,90.7,89.75,89.75,90.7,0.96,9203797,7954853,0.544,0.451,0.201,2.352,unspecified,False,0.5,0.48,0.56,0.42,0.761,1.3,1.0,0.78,1.034,0.0,0.0,0.0,0.463,0.157,1.0,1.231,0.04,0.001,0.1582,0.1815,0.0232,0.1815,0.3948,0.1538,90.13,-1.47,-0.14,1.748,1.592,0.0005,0.1839,0.7291,0.5968,0.1448,0.8269,0.2245,1.22,0.848,metropolitan-heavy,0.083,-0.0104,0.9406,0.8795,0.8742,0.6956,0.4498,0.9949,62.18,True
GRC,Greece,Albanian,migration_linked,1.3,1.54,1.3,1.54,4.4,5.09,0.69,4.38,0.72,4.87,5.37,4.87,5.37,0.5,442104,448950,0.544,0.451,0.201,2.352,unspecified,True,0.5,0.48,0.56,0.42,0.761,1.022,1.0,0.78,0.931,0.0,0.0,0.0,0.463,0.157,1.0,1.231,0.04,0.001,0.1582,0.1815,0.0232,0.1815,0.3948,0.1538,5.17,0.77,0.07,1.748,1.592,0.0005,0.1839,0.7291,0.5968,0.1448,0.8269,0.2245,1.22,0.848,metropolitan-heavy,0.083,-0.0104,0.9406,0.8795,0.8742,0.6956,0.4498,0.9949,62.18,False
GRC,Greece,Bulgarian,migration_linked,1.3,1.54,1.3,1.54,0.3,0.34,0.04,0.3,0.05,0.33,0.36,0.33,0.36,0.03,30143,30281,0.544,0.451,0.201,2.352,unspecified,True,0.5,0.48,0.56,0.42,0.761,0.851,1.0,0.78,0.867,0.0,0.0,0.0,0.463,0.157,1.0,1.231,0.04,0.001,0.1582,0.1815,0.0232,0.1815,0.3948,0.1538,0.35,0.05,0.0,1.748,1.592,0.0005,0.1839,0.7291,0.5968,0.1448,0.8269,0.2245,1.22,0.848,metropolitan-heavy,0.083,-0.0104,0.9406,0.8795,0.8742,0.6956,0.4498,0.9949,62.18,False
GRC,Greece,Romanian,migration_linked,1.3,1.54,1.3,1.54,0.5,0.57,0.07,0.5,0.08,0.55,0.6,0.55,0.6,0.05,50239,50523,0.544,0.451,0.201,2.352,unspecified,True,0.5,0.48,0.56,0.42,0.761,0.869,1.0,0.78,0.873,0.0,0.0,0.0,0.463,0.157,1.0,1.231,0.04,0.001,0.1582,0.1815,0.0232,0.1815,0.3948,0.1538,0.58,0.08,0.01,1.748,1.592,0.0005,0.1839,0.7291,0.5968,0.1448,0.8269,0.2245,1.22,0.848,metropolitan-heavy,0.083,-0.0104,0.9406,0.8795,0.8742,0.6956,0.4498,0.9949,62.18,False
GRC,Greece,Pakistani,migration_linked,1.3,1.54,1.3,1.54,0.3,0.35,0.05,0.3,0.06,0.34,0.38,0.34,0.38,0.04,30143,31257,0.544,0.451,0.201,2.352,PAK,True,0.769,0.814,0.7,0.74,0.761,0.851,1.0,0.78,1.038,0.0,0.0,0.0,0.463,0.157,1.0,1.231,0.04,0.001,0.1582,0.1815,0.0232,0.1815,0.3948,0.1538,0.36,0.06,0.01,1.748,1.592,0.0005,0.1839,0.7291,0.5968,0.1448,0.8269,0.2245,1.22,0.848,metropolitan-heavy,0.083,-0.0104,0.9406,0.8795,0.8742,0.6956,0.4498,0.9949,62.18,False
GRC,Greece,Georgian,migration_linked,1.3,1.54,1.3,1.54,0.2,0.23,0.03,0.2,0.03,0.22,0.24,0.22,0.24,0.02,20096,20175,0.544,0.451,0.201,2.352,unspecified,True,0.5,0.48,0.56,0.42,0.761,0.842,1.0,0.78,0.863,0.0,0.0,0.0,0.463,0.157,1.0,1.231,0.04,0.001,0.1582,0.1815,0.0232,0.1815,0.3948,0.1538,0.23,0.03,0.0,1.748,1.592,0.0005,0.1839,0.7291,0.5968,0.1448,0.8269,0.2245,1.22,0.848,metropolitan-heavy,0.083,-0.0104,0.9406,0.8795,0.8742,0.6956,0.4498,0.9949,62.18,False
GRC,Greece,Other,migration_linked,1.3,1.54,1.3,1.54,2.7,3.13,0.43,2.69,0.45,2.99,3.3,2.99,3.3,0.31,271291,276031,0.544,0.451,0.201,2.352,unspecified,True,0.5,0.48,0.56,0.42,0.761,0.977,1.0,0.78,0.914,0.0,0.0,0.0,0.463,0.157,1.0,1.231,0.04,0.001,0.1582,0.1815,0.0232,0.1815,0.3948,0.1538,3.18,0.48,0.04,1.748,1.592,0.0005,0.1839,0.7291,0.5968,0.1448,0.8269,0.2245,1.22,0.848,metropolitan-heavy,0.083,-0.0104,0.9406,0.8795,0.8742,0.6956,0.4498,0.9949,62.18,False
GRD,Grenada,African descent,largest_baseline_category,1.9,1.96,1.9,1.96,82.4,82.5,0.1,82.69,-0.2,82.56,82.42,82.42,82.56,0.13,96588,93433,0.139,0.0,0.0,1.467,unspecified,False,0.5,0.48,0.56,0.42,0.501,1.3,1.0,0.78,0.868,0.0,0.0,0.0,0.0,0.0,1.0,1.049,0.0,0.001,0.3024,0.3014,-0.001,0.3014,0.666,0.1179,82.25,-0.15,-0.25,1.65,1.673,0.0005,0.305,0.7761,0.352,0.1456,0.812,0.2006,1.43,0.55,mixed-rural-urban,0.062,0.0668,0.9034,0.853,0.8192,0.7274,0.1269,0.1594,63.4,True
GRD,Grenada,Mixed,identity_category_transition,1.9,1.96,1.9,1.96,13.3,13.05,-0.25,13.08,-0.03,13.06,13.04,13.04,13.06,0.02,15590,14777,0.139,0.0,0.0,1.467,unspecified,False,0.5,0.48,0.56,0.42,0.501,1.139,1.0,0.78,0.829,0.0,0.0,0.0,0.0,0.0,1.0,1.049,0.0,0.001,0.3024,0.3014,-0.001,0.3014,0.666,0.1179,13.23,-0.07,0.19,1.65,1.673,0.0005,0.305,0.7761,0.352,0.1456,0.812,0.2006,1.43,0.55,mixed-rural-urban,0.062,0.0668,0.9034,0.853,0.8192,0.7274,0.1269,0.1594,63.4,False
GRD,Grenada,East Indian,largest_baseline_category,1.9,1.96,1.9,1.96,2.2,2.13,-0.07,2.14,-0.01,2.14,2.13,2.13,2.14,0.0,2579,2417,0.139,0.0,0.0,1.467,IND;PAK;BGD;LKA;NPL,False,0.718,0.719,0.752,0.684,0.501,0.96,1.0,0.78,0.888,0.0,0.0,0.0,0.0,0.0,1.0,1.049,0.0,0.001,0.3024,0.3014,-0.001,0.3014,0.666,0.1179,2.16,-0.04,0.03,1.65,1.673,0.0005,0.305,0.7761,0.352,0.1456,0.812,0.2006,1.43,0.55,mixed-rural-urban,0.062,0.0668,0.9034,0.853,0.8192,0.7274,0.1269,0.1594,63.4,False
GRD,Grenada,Other,migration_linked,1.9,1.96,1.9,1.96,2.1,2.32,0.22,2.09,0.23,2.25,2.41,2.25,2.41,0.16,2462,2628,0.139,0.0,0.0,1.467,unspecified,True,0.5,0.48,0.56,0.42,0.501,0.956,1.0,0.78,0.784,0.0,0.0,0.0,0.0,0.0,1.0,1.049,0.0,0.001,0.3024,0.3014,-0.001,0.3014,0.666,0.1179,2.35,0.25,0.03,1.65,1.673,0.0005,0.305,0.7761,0.352,0.1456,0.812,0.2006,1.43,0.55,mixed-rural-urban,0.062,0.0668,0.9034,0.853,0.8192,0.7274,0.1269,0.1594,63.4,False
GTM,Guatemala,Ladino (Mestizo),largest_baseline_category,2.3,2.18,2.3,2.18,56.0,54.18,-1.82,54.18,0.0,54.25,54.1,54.1,54.25,0.15,10307565,13366490,0.0,0.0,0.0,1.25,unspecified,False,0.5,0.48,0.56,0.42,0.454,1.3,1.0,0.78,0.839,0.0,0.0,0.663,0.0,0.0,1.0,1.0,0.0,0.001,0.6502,0.6664,0.0162,0.6664,1.9822,0.1619,53.93,-2.07,-0.24,2.106,2.16,0.0005,0.6687,0.6153,0.3228,0.065,0.7278,0.2354,3.0,0.651,urbanizing-majority,0.0,0.1274,0.9013,0.6615,0.8251,0.4894,0.3001,0.0,57.92,True
GTM,Guatemala,Maya: K'iche',higher_fertility_path,2.65,2.32,2.3,2.18,9.1,9.6,0.5,9.6,0.0,9.58,9.62,9.58,9.62,0.04,1674979,2368294,0.0,0.0,0.0,1.25,unspecified,False,0.5,0.48,0.56,0.42,0.454,1.098,1.0,0.78,0.794,0.0,0.0,0.663,0.0,0.0,1.0,1.0,0.0,0.001,0.6502,0.6664,0.0162,0.6664,1.9822,0.1619,9.63,0.53,0.03,2.106,2.16,0.0005,0.6687,0.6153,0.3228,0.065,0.7278,0.2354,3.0,0.651,urbanizing-majority,0.0,0.1274,0.9013,0.6615,0.8251,0.4894,0.3001,0.0,57.92,False
GTM,Guatemala,Maya: Q'eqchi',higher_fertility_path,2.65,2.32,2.3,2.18,8.7,9.18,0.48,9.18,0.0,9.16,9.2,9.16,9.2,0.04,1601354,2264194,0.0,0.0,0.0,1.25,unspecified,False,0.5,0.48,0.56,0.42,0.454,1.093,1.0,0.78,0.792,0.0,0.0,0.663,0.0,0.0,1.0,1.0,0.0,0.001,0.6502,0.6664,0.0162,0.6664,1.9822,0.1619,9.21,0.51,0.03,2.106,2.16,0.0005,0.6687,0.6153,0.3228,0.065,0.7278,0.2354,3.0,0.651,urbanizing-majority,0.0,0.1274,0.9013,0.6615,0.8251,0.4894,0.3001,0.0,57.92,False
GTM,Guatemala,Maya: Kaqchikel,higher_fertility_path,2.65,2.32,2.3,2.18,7.8,8.23,0.43,8.23,0.0,8.21,8.24,8.21,8.24,0.03,1435697,2029967,0.0,0.0,0.0,1.25,unspecified,False,0.5,0.48,0.56,0.42,0.454,1.081,1.0,0.78,0.79,0.0,0.0,0.663,0.0,0.0,1.0,1.0,0.0,0.001,0.6502,0.6664,0.0162,0.6664,1.9822,0.1619,8.26,0.46,0.03,2.106,2.16,0.0005,0.6687,0.6153,0.3228,0.065,0.7278,0.2354,3.0,0.651,urbanizing-majority,0.0,0.1274,0.9013,0.6615,0.8251,0.4894,0.3001,0.0,57.92,False
GTM,Guatemala,Maya: Mam,higher_fertility_path,2.65,2.32,2.3,2.18,5.9,6.22,0.32,6.22,0.0,6.21,6.24,6.21,6.24,0.02,1085976,1535488,0.0,0.0,0.0,1.25,unspecified,False,0.5,0.48,0.56,0.42,0.454,1.052,1.0,0.78,0.783,0.0,0.0,0.663,0.0,0.0,1.0,1.0,0.0,0.001,0.6502,0.6664,0.0162,0.6664,1.9822,0.1619,6.25,0.35,0.02,2.106,2.16,0.0005,0.6687,0.6153,0.3228,0.065,0.7278,0.2354,3.0,0.651,urbanizing-majority,0.0,0.1274,0.9013,0.6615,0.8251,0.4894,0.3001,0.0,57.92,False
GTM,Guatemala,Other Maya,higher_fertility_path,2.65,2.32,2.3,2.18,10.2,10.76,0.56,10.76,0.0,10.74,10.78,10.74,10.78,0.04,1877449,2654572,0.0,0.0,0.0,1.25,unspecified,False,0.5,0.48,0.56,0.42,0.454,1.11,1.0,0.78,0.796,0.0,0.0,0.663,0.0,0.0,1.0,1.0,0.0,0.001,0.6502,0.6664,0.0162,0.6664,1.9822,0.1619,10.8,0.6,0.04,2.106,2.16,0.0005,0.6687,0.6153,0.3228,0.065,0.7278,0.2354,3.0,0.651,urbanizing-majority,0.0,0.1274,0.9013,0.6615,0.8251,0.4894,0.3001,0.0,57.92,False
GTM,Guatemala,Garifuna,higher_fertility_path,2.65,2.32,2.3,2.18,0.4,0.42,0.02,0.42,0.0,0.42,0.42,0.42,0.42,0.0,73625,104101,0.0,0.0,0.0,1.25,unspecified,False,0.5,0.48,0.56,0.42,0.454,0.86,1.0,0.78,0.741,0.0,0.0,0.663,0.0,0.0,1.0,1.0,0.0,0.001,0.6502,0.6664,0.0162,0.6664,1.9822,0.1619,0.42,0.02,0.0,2.106,2.16,0.0005,0.6687,0.6153,0.3228,0.065,0.7278,0.2354,3.0,0.651,urbanizing-majority,0.0,0.1274,0.9013,0.6615,0.8251,0.4894,0.3001,0.0,57.92,False
GTM,Guatemala,Xinca,largest_baseline_category,2.3,2.18,2.3,2.18,0.1,0.09,-0.01,0.09,0.0,0.09,0.09,0.09,0.09,0.0,18406,22761,0.0,0.0,0.0,1.25,unspecified,False,0.5,0.48,0.56,0.42,0.454,0.831,1.0,0.78,0.735,0.0,0.0,0.663,0.0,0.0,1.0,1.0,0.0,0.001,0.6502,0.6664,0.0162,0.6664,1.9822,0.1619,0.09,-0.01,0.0,2.106,2.16,0.0005,0.6687,0.6153,0.3228,0.065,0.7278,0.2354,3.0,0.651,urbanizing-majority,0.0,0.1274,0.9013,0.6615,0.8251,0.4894,0.3001,0.0,57.92,False
GTM,Guatemala,White,lower_fertility_path,1.7,1.94,2.3,2.18,1.8,1.32,-0.48,1.32,0.0,1.33,1.31,1.31,1.33,0.02,331315,324994,0.0,0.0,0.0,1.25,unspecified,False,0.5,0.48,0.56,0.42,0.454,0.944,1.0,0.78,0.759,0.0,0.0,0.663,0.0,0.0,1.0,1.0,0.0,0.001,0.6502,0.6664,0.0162,0.6664,1.9822,0.1619,1.4,-0.4,0.08,2.106,2.16,0.0005,0.6687,0.6153,0.3228,0.065,0.7278,0.2354,3.0,0.651,urbanizing-majority,0.0,0.1274,0.9013,0.6615,0.8251,0.4894,0.3001,0.0,57.92,False
GUY,Guyana,East Indian,largest_baseline_category,2.0,2.03,2.0,2.03,39.8,39.87,0.07,39.87,0.0,39.91,39.83,39.83,39.91,0.08,330775,375049,0.043,0.0,0.0,1.317,IND;PAK;BGD;LKA;NPL,False,0.718,0.719,0.752,0.684,0.468,1.265,1.0,0.78,0.966,0.0,0.0,0.0,0.0,0.0,1.0,1.015,0.0,0.001,0.7051,0.7121,0.007,0.7121,2.07,0.1435,39.26,-0.54,-0.62,2.113,2.237,0.0005,0.7133,0.6952,0.314,0.1242,0.7724,0.2115,3.47,0.55,mixed-rural-urban,0.019,0.0738,0.8361,0.7631,0.9618,0.6166,0.2451,0.2673,59.6,True
GUY,Guyana,African descent,largest_baseline_category,2.0,2.03,2.0,2.03,29.3,27.49,-1.81,27.49,0.0,27.52,27.46,27.46,27.52,0.06,243510,258591,0.043,0.0,0.0,1.317,unspecified,False,0.5,0.48,0.56,0.42,0.468,1.229,1.0,0.78,0.832,0.0,0.0,0.0,0.0,0.0,1.0,1.015,0.0,0.001,0.7051,0.7121,0.007,0.7121,2.07,0.1435,28.05,-1.25,0.56,2.113,2.237,0.0005,0.7133,0.6952,0.314,0.1242,0.7724,0.2115,3.47,0.55,mixed-rural-urban,0.019,0.0738,0.8361,0.7631,0.9618,0.6166,0.2451,0.2673,59.6,False
GUY,Guyana,Mixed,identity_category_transition,2.0,2.03,2.0,2.03,19.9,18.88,-1.02,18.88,0.0,18.9,18.86,18.86,18.9,0.04,165387,177606,0.043,0.0,0.0,1.317,unspecified,False,0.5,0.48,0.56,0.42,0.468,1.185,1.0,0.78,0.821,0.0,0.0,0.0,0.0,0.0,1.0,1.015,0.0,0.001,0.7051,0.7121,0.007,0.7121,2.07,0.1435,19.27,-0.63,0.39,2.113,2.237,0.0005,0.7133,0.6952,0.314,0.1242,0.7724,0.2115,3.47,0.55,mixed-rural-urban,0.019,0.0738,0.8361,0.7631,0.9618,0.6166,0.2451,0.2673,59.6,False
GUY,Guyana,Amerindian (Arawak/Carib),higher_fertility_path,2.85,2.37,2.0,2.03,10.5,13.28,2.78,13.28,0.0,13.19,13.37,13.19,13.37,0.18,87265,124900,0.043,0.0,0.0,1.317,IND;PAK;BGD;LKA;NPL,False,0.718,0.719,0.752,0.684,0.468,1.113,1.0,0.78,0.916,0.0,0.0,0.0,0.0,0.0,1.0,1.015,0.0,0.001,0.7051,0.7121,0.007,0.7121,2.07,0.1435,12.94,2.44,-0.34,2.113,2.237,0.0005,0.7133,0.6952,0.314,0.1242,0.7724,0.2115,3.47,0.55,mixed-rural-urban,0.019,0.0738,0.8361,0.7631,0.9618,0.6166,0.2451,0.2673,59.6,False
GUY,Guyana,Other,identity_category_transition,2.0,2.03,2.0,2.03,0.5,0.47,-0.03,0.47,0.0,0.47,0.47,0.47,0.47,0.0,4155,4462,0.043,0.0,0.0,1.317,unspecified,False,0.5,0.48,0.56,0.42,0.468,0.869,1.0,0.78,0.749,0.0,0.0,0.0,0.0,0.0,1.0,1.015,0.0,0.001,0.7051,0.7121,0.007,0.7121,2.07,0.1435,0.48,-0.02,0.01,2.113,2.237,0.0005,0.7133,0.6952,0.314,0.1242,0.7724,0.2115,3.47,0.55,mixed-rural-urban,0.019,0.0738,0.8361,0.7631,0.9618,0.6166,0.2451,0.2673,59.6,False
HKG,Hong Kong,Chinese,largest_baseline_category,0.8,1.19,0.8,1.19,91.6,83.77,-7.83,89.33,-5.56,85.79,81.11,81.11,85.79,4.68,6792061,5101854,0.859,0.0,0.0,2.592,CHN,False,0.52,0.502,0.58,0.45,0.746,1.3,1.0,0.78,1.044,0.0,0.0,0.0,0.0,0.0,1.0,1.301,0.0,0.001,0.1594,0.2902,0.1308,0.2902,0.6743,0.1663,84.28,-7.32,0.52,1.486,1.473,0.0005,0.2822,0.8617,0.6377,0.3072,0.8574,0.2631,1.41,0.55,mixed-rural-urban,0.386,0.0049,1.0,0.8989,0.9839,0.8801,0.0,0.0,79.48,True
HKG,Hong Kong,Filipino,migration_linked,1.6,1.51,0.8,1.19,2.7,7.06,4.36,4.07,2.99,5.95,8.53,5.95,8.53,2.59,200203,429745,0.859,0.0,0.0,2.592,PHL,True,0.759,0.718,0.88,0.64,0.746,0.977,1.0,0.78,1.091,0.0,0.0,0.0,0.0,0.0,1.0,1.301,0.0,0.001,0.1594,0.2902,0.1308,0.2902,0.6743,0.1663,6.71,4.01,-0.34,1.486,1.473,0.0005,0.2822,0.8617,0.6377,0.3072,0.8574,0.2631,1.41,0.55,mixed-rural-urban,0.386,0.0049,1.0,0.8989,0.9839,0.8801,0.0,0.0,79.48,False
HKG,Hong Kong,Indonesian,migration_linked,1.7,1.55,0.8,1.19,1.9,5.12,3.22,2.99,2.13,4.33,6.18,4.33,6.18,1.85,140883,312107,0.859,0.0,0.0,2.592,IDN,True,0.736,0.74,0.78,0.76,0.746,0.948,1.0,0.78,1.059,0.0,0.0,0.0,0.0,0.0,1.0,1.301,0.0,0.001,0.1594,0.2902,0.1308,0.2902,0.6743,0.1663,4.84,2.94,-0.28,1.486,1.473,0.0005,0.2822,0.8617,0.6377,0.3072,0.8574,0.2631,1.41,0.55,mixed-rural-urban,0.386,0.0049,1.0,0.8989,0.9839,0.8801,0.0,0.0,79.48,False
HKG,Hong Kong,White (Western expatriates),migration_linked,0.7,1.15,0.8,1.19,1.2,1.22,0.02,1.09,0.12,1.19,1.25,1.19,1.25,0.06,88979,74131,0.859,0.0,0.0,2.592,unspecified,True,0.5,0.48,0.56,0.42,0.746,0.915,1.0,0.78,0.884,0.0,0.0,0.0,0.0,0.0,1.0,1.301,0.0,0.001,0.1594,0.2902,0.1308,0.2902,0.6743,0.1663,1.26,0.06,0.04,1.486,1.473,0.0005,0.2822,0.8617,0.6377,0.3072,0.8574,0.2631,1.41,0.55,mixed-rural-urban,0.386,0.0049,1.0,0.8989,0.9839,0.8801,0.0,0.0,79.48,False
HKG,Hong Kong,South Asian,migration_linked,0.8,1.19,0.8,1.19,1.0,1.11,0.11,0.97,0.14,1.07,1.15,1.07,1.15,0.08,74149,67505,0.859,0.0,0.0,2.592,IND;PAK;BGD;LKA;NPL,True,0.718,0.719,0.752,0.684,0.746,0.903,1.0,0.78,1.023,0.0,0.0,0.0,0.0,0.0,1.0,1.301,0.0,0.001,0.1594,0.2902,0.1308,0.2902,0.6743,0.1663,1.13,0.13,0.03,1.486,1.473,0.0005,0.2822,0.8617,0.6377,0.3072,0.8574,0.2631,1.41,0.55,mixed-rural-urban,0.386,0.0049,1.0,0.8989,0.9839,0.8801,0.0,0.0,79.48,False
HKG,Hong Kong,Other,migration_linked,0.8,1.19,0.8,1.19,1.6,1.73,0.13,1.55,0.18,1.68,1.78,1.68,1.78,0.1,118639,105275,0.859,0.0,0.0,2.592,unspecified,True,0.5,0.48,0.56,0.42,0.746,0.935,1.0,0.78,0.891,0.0,0.0,0.0,0.0,0.0,1.0,1.301,0.0,0.001,0.1594,0.2902,0.1308,0.2902,0.6743,0.1663,1.77,0.17,0.04,1.486,1.473,0.0005,0.2822,0.8617,0.6377,0.3072,0.8574,0.2631,1.41,0.55,mixed-rural-urban,0.386,0.0049,1.0,0.8989,0.9839,0.8801,0.0,0.0,79.48,False
HND,Honduras,Mestizo,largest_baseline_category,2.3,2.18,2.3,2.18,90.0,88.5,-1.5,88.5,0.0,88.56,88.45,88.45,88.56,0.1,9743134,13140013,0.0,0.0,0.0,1.25,unspecified,False,0.5,0.48,0.56,0.42,0.454,1.3,1.0,0.78,0.839,0.0,0.0,0.656,0.0,0.0,1.0,1.0,0.0,0.001,0.1874,0.2129,0.0255,0.2129,0.4771,0.1917,88.61,-1.39,0.1,1.527,1.512,0.0005,0.2113,0.5845,0.3048,0.1245,0.7171,0.2324,1.27,0.566,mixed-rural-urban,0.0,0.0957,0.8654,0.6648,0.7064,0.4128,0.3038,0.0,58.3,True
HND,Honduras,Indigenous: Lenca,higher_fertility_path,3.15,2.52,2.3,2.18,4.0,5.04,1.04,5.04,0.0,5.01,5.08,5.01,5.08,0.07,433028,748965,0.0,0.0,0.0,1.25,unspecified,False,0.5,0.48,0.56,0.42,0.454,1.013,1.0,0.78,0.775,0.0,0.0,0.656,0.0,0.0,1.0,1.0,0.0,0.001,0.1874,0.2129,0.0255,0.2129,0.4771,0.1917,4.94,0.94,-0.1,1.527,1.512,0.0005,0.2113,0.5845,0.3048,0.1245,0.7171,0.2324,1.27,0.566,mixed-rural-urban,0.0,0.0957,0.8654,0.6648,0.7064,0.4128,0.3038,0.0,58.3,False
HND,Honduras,Indigenous: Miskito,higher_fertility_path,3.15,2.52,2.3,2.18,2.0,2.52,0.52,2.52,0.0,2.51,2.54,2.51,2.54,0.03,216514,374482,0.0,0.0,0.0,1.25,unspecified,False,0.5,0.48,0.56,0.42,0.454,0.952,1.0,0.78,0.761,0.0,0.0,0.656,0.0,0.0,1.0,1.0,0.0,0.001,0.1874,0.2129,0.0255,0.2129,0.4771,0.1917,2.47,0.47,-0.05,1.527,1.512,0.0005,0.2113,0.5845,0.3048,0.1245,0.7171,0.2324,1.27,0.566,mixed-rural-urban,0.0,0.0957,0.8654,0.6648,0.7064,0.4128,0.3038,0.0,58.3,False
HND,Honduras,Other Indigenous,higher_fertility_path,3.15,2.52,2.3,2.18,1.0,1.26,0.26,1.26,0.0,1.25,1.27,1.25,1.27,0.02,108257,187241,0.0,0.0,0.0,1.25,unspecified,False,0.5,0.48,0.56,0.42,0.454,0.903,1.0,0.78,0.75,0.0,0.0,0.656,0.0,0.0,1.0,1.0,0.0,0.001,0.1874,0.2129,0.0255,0.2129,0.4771,0.1917,1.24,0.24,-0.03,1.527,1.512,0.0005,0.2113,0.5845,0.3048,0.1245,0.7171,0.2324,1.27,0.566,mixed-rural-urban,0.0,0.0957,0.8654,0.6648,0.7064,0.4128,0.3038,0.0,58.3,False
HND,Honduras,Black (Garifuna),largest_baseline_category,2.3,2.18,2.3,2.18,2.0,1.91,-0.09,1.91,0.0,1.91,1.91,1.91,1.91,0.0,216514,283598,0.0,0.0,0.0,1.25,unspecified,False,0.5,0.48,0.56,0.42,0.454,0.952,1.0,0.78,0.761,0.0,0.0,0.656,0.0,0.0,1.0,1.0,0.0,0.001,0.1874,0.2129,0.0255,0.2129,0.4771,0.1917,1.94,-0.06,0.03,1.527,1.512,0.0005,0.2113,0.5845,0.3048,0.1245,0.7171,0.2324,1.27,0.566,mixed-rural-urban,0.0,0.0957,0.8654,0.6648,0.7064,0.4128,0.3038,0.0,58.3,False
HND,Honduras,White,lower_fertility_path,1.7,1.94,2.3,2.18,1.0,0.76,-0.24,0.76,0.0,0.76,0.75,0.75,0.76,0.01,108257,112482,0.0,0.0,0.0,1.25,unspecified,False,0.5,0.48,0.56,0.42,0.454,0.903,1.0,0.78,0.75,0.0,0.0,0.656,0.0,0.0,1.0,1.0,0.0,0.001,0.1874,0.2129,0.0255,0.2129,0.4771,0.1917,0.8,-0.2,0.04,1.527,1.512,0.0005,0.2113,0.5845,0.3048,0.1245,0.7171,0.2324,1.27,0.566,mixed-rural-urban,0.0,0.0957,0.8654,0.6648,0.7064,0.4128,0.3038,0.0,58.3,False
HRV,Croatia,Croat,largest_baseline_category,1.5,1.68,1.5,1.68,90.4,90.71,0.31,91.23,-0.52,90.85,90.53,90.53,90.85,0.33,3503294,2933667,0.534,0.445,0.198,2.333,unspecified,False,0.5,0.48,0.56,0.42,0.703,1.3,1.0,0.78,0.997,0.0,0.0,0.0,0.0,0.0,1.0,1.227,0.0,0.001,0.1796,0.1743,-0.0053,0.1743,0.3806,0.1656,90.47,0.07,-0.24,1.635,1.501,0.0005,0.1785,0.7285,0.5755,0.1581,0.8246,0.2269,1.21,0.778,urbanizing-majority,0.119,0.0146,0.9142,0.8826,0.9144,0.6913,0.43,0.9481,62.34,True
HRV,Croatia,Serb,lower_fertility_path,1.1,1.52,1.5,1.68,4.4,3.48,-0.92,3.5,-0.02,3.51,3.45,3.45,3.51,0.06,170514,112532,0.534,0.445,0.198,2.333,unspecified,False,0.5,0.48,0.56,0.42,0.703,1.022,1.0,0.78,0.902,0.0,0.0,0.0,0.0,0.0,1.0,1.227,0.0,0.001,0.1796,0.1743,-0.0053,0.1743,0.3806,0.1656,3.66,-0.74,0.18,1.635,1.501,0.0005,0.1785,0.7285,0.5755,0.1581,0.8246,0.2269,1.21,0.778,urbanizing-majority,0.119,0.0146,0.9142,0.8826,0.9144,0.6913,0.43,0.9481,62.34,False
HRV,Croatia,Bosniak,higher_fertility_path,1.85,1.82,1.5,1.68,0.9,1.04,0.14,1.05,-0.01,1.04,1.04,1.04,1.04,0.01,34878,33618,0.534,0.445,0.198,2.333,unspecified,False,0.5,0.48,0.56,0.42,0.703,0.897,1.0,0.78,0.859,0.0,0.0,0.0,0.0,0.0,1.0,1.227,0.0,0.001,0.1796,0.1743,-0.0053,0.1743,0.3806,0.1656,1.03,0.13,-0.01,1.635,1.501,0.0005,0.1785,0.7285,0.5755,0.1581,0.8246,0.2269,1.21,0.778,urbanizing-majority,0.119,0.0146,0.9142,0.8826,0.9144,0.6913,0.43,0.9481,62.34,False
HRV,Croatia,Italian,lower_fertility_path,1.0,1.48,1.5,1.68,0.6,0.45,-0.15,0.45,-0.0,0.45,0.44,0.44,0.45,0.01,23252,14504,0.534,0.445,0.198,2.333,unspecified,False,0.5,0.48,0.56,0.42,0.703,0.876,1.0,0.78,0.852,0.0,0.0,0.0,0.0,0.0,1.0,1.227,0.0,0.001,0.1796,0.1743,-0.0053,0.1743,0.3806,0.1656,0.48,-0.12,0.03,1.635,1.501,0.0005,0.1785,0.7285,0.5755,0.1581,0.8246,0.2269,1.21,0.778,urbanizing-majority,0.119,0.0146,0.9142,0.8826,0.9144,0.6913,0.43,0.9481,62.34,False
HRV,Croatia,Albanian,higher_fertility_path,1.85,1.82,1.5,1.68,0.4,0.46,0.06,0.46,-0.0,0.46,0.46,0.46,0.46,0.0,15501,14942,0.534,0.445,0.198,2.333,unspecified,False,0.5,0.48,0.56,0.42,0.703,0.86,1.0,0.78,0.846,0.0,0.0,0.0,0.0,0.0,1.0,1.227,0.0,0.001,0.1796,0.1743,-0.0053,0.1743,0.3806,0.1656,0.46,0.06,-0.01,1.635,1.501,0.0005,0.1785,0.7285,0.5755,0.1581,0.8246,0.2269,1.21,0.778,urbanizing-majority,0.119,0.0146,0.9142,0.8826,0.9144,0.6913,0.43,0.9481,62.34,False
HRV,Croatia,Other,migration_linked,1.5,1.68,1.5,1.68,3.3,3.86,0.56,3.31,0.55,3.69,4.07,3.69,4.07,0.39,127886,124893,0.534,0.445,0.198,2.333,unspecified,True,0.5,0.48,0.56,0.42,0.703,0.995,1.0,0.78,0.892,0.0,0.0,0.0,0.0,0.0,1.0,1.227,0.0,0.001,0.1796,0.1743,-0.0053,0.1743,0.3806,0.1656,3.91,0.61,0.05,1.635,1.501,0.0005,0.1785,0.7285,0.5755,0.1581,0.8246,0.2269,1.21,0.778,urbanizing-majority,0.119,0.0146,0.9142,0.8826,0.9144,0.6913,0.43,0.9481,62.34,False
HTI,Haiti,Black (African descent),largest_baseline_category,2.5,2.26,2.5,2.26,93.0,93.12,0.12,93.15,-0.04,93.13,93.1,93.1,93.13,0.02,10948483,13698180,0.0,0.0,0.0,1.25,unspecified,False,0.5,0.48,0.56,0.42,0.454,1.3,1.0,0.78,0.839,0.0,0.0,0.768,0.0,0.0,1.0,1.0,0.0,0.001,0.1327,0.1306,-0.0021,0.1306,0.275,0.1778,93.01,0.01,-0.11,1.455,1.436,0.0005,0.1325,0.5906,0.297,0.1146,0.7115,0.2437,1.15,0.55,mixed-rural-urban,0.0,0.0878,0.7642,0.5873,0.589,0.4687,0.3073,0.0335,57.58,True
HTI,Haiti,Mixed (Mulatto),identity_category_transition,2.5,2.26,2.5,2.26,4.5,4.43,-0.07,4.43,-0.0,4.43,4.43,4.43,4.43,0.0,529765,651791,0.0,0.0,0.0,1.25,unspecified,False,0.5,0.48,0.56,0.42,0.454,1.025,1.0,0.78,0.777,0.0,0.0,0.768,0.0,0.0,1.0,1.0,0.0,0.001,0.1327,0.1306,-0.0021,0.1306,0.275,0.1778,4.49,-0.01,0.06,1.455,1.436,0.0005,0.1325,0.5906,0.297,0.1146,0.7115,0.2437,1.15,0.55,mixed-rural-urban,0.0,0.0878,0.7642,0.5873,0.589,0.4687,0.3073,0.0335,57.58,False
HTI,Haiti,White (French/Levantine descent),lower_fertility_path,2.0,2.06,2.5,2.26,0.3,0.24,-0.06,0.24,-0.0,0.24,0.24,0.24,0.24,0.0,35318,35829,0.0,0.0,0.0,1.25,unspecified,False,0.5,0.48,0.56,0.42,0.454,0.851,1.0,0.78,0.739,0.0,0.0,0.768,0.0,0.0,1.0,1.0,0.0,0.001,0.1327,0.1306,-0.0021,0.1306,0.275,0.1778,0.25,-0.05,0.01,1.455,1.436,0.0005,0.1325,0.5906,0.297,0.1146,0.7115,0.2437,1.15,0.55,mixed-rural-urban,0.0,0.0878,0.7642,0.5873,0.589,0.4687,0.3073,0.0335,57.58,False
HTI,Haiti,Dominican migrant,migration_linked,2.5,2.26,2.5,2.26,0.4,0.44,0.04,0.4,0.04,0.43,0.45,0.43,0.45,0.03,47090,64355,0.0,0.0,0.0,1.25,unspecified,True,0.5,0.48,0.56,0.42,0.454,0.86,1.0,0.78,0.741,0.0,0.0,0.768,0.0,0.0,1.0,1.0,0.0,0.001,0.1327,0.1306,-0.0021,0.1306,0.275,0.1778,0.44,0.04,0.01,1.455,1.436,0.0005,0.1325,0.5906,0.297,0.1146,0.7115,0.2437,1.15,0.55,mixed-rural-urban,0.0,0.0878,0.7642,0.5873,0.589,0.4687,0.3073,0.0335,57.58,False
HTI,Haiti,Other,identity_category_transition,2.5,2.26,2.5,2.26,1.8,1.77,-0.03,1.77,-0.0,1.77,1.77,1.77,1.77,0.0,211906,260716,0.0,0.0,0.0,1.25,unspecified,False,0.5,0.48,0.56,0.42,0.454,0.944,1.0,0.78,0.759,0.0,0.0,0.768,0.0,0.0,1.0,1.0,0.0,0.001,0.1327,0.1306,-0.0021,0.1306,0.275,0.1778,1.8,-0.0,0.03,1.455,1.436,0.0005,0.1325,0.5906,0.297,0.1146,0.7115,0.2437,1.15,0.55,mixed-rural-urban,0.0,0.0878,0.7642,0.5873,0.589,0.4687,0.3073,0.0335,57.58,False
HUN,Hungary,Hungarian,largest_baseline_category,1.5,1.68,1.5,1.68,87.3,85.51,-1.79,86.49,-0.98,85.85,85.11,85.11,85.85,0.74,8447266,7460927,0.416,0.347,0.103,2.029,unspecified,False,0.5,0.48,0.56,0.42,0.648,1.3,1.0,0.78,0.962,0.0,0.0,0.0,0.0,0.0,1.0,1.166,0.0,0.001,0.2328,0.2617,0.0289,0.2617,0.5965,0.1993,85.49,-1.81,-0.02,1.57,1.576,0.0005,0.2621,0.7201,0.4698,0.2077,0.8178,0.2247,1.35,0.55,mixed-rural-urban,0.187,0.0113,0.8843,0.8633,0.8966,0.693,0.4297,0.9393,62.18,True
HUN,Hungary,Romani,higher_fertility_path,2.55,2.1,1.5,1.68,3.2,4.61,1.41,4.66,-0.05,4.58,4.64,4.58,4.64,0.06,309636,402194,0.416,0.347,0.103,2.029,unspecified,False,0.5,0.48,0.56,0.42,0.648,0.992,1.0,0.78,0.865,0.0,0.0,0.0,0.0,0.0,1.0,1.166,0.0,0.001,0.2328,0.2617,0.0289,0.2617,0.5965,0.1993,4.4,1.2,-0.21,1.57,1.576,0.0005,0.2621,0.7201,0.4698,0.2077,0.8178,0.2247,1.35,0.55,mixed-rural-urban,0.187,0.0113,0.8843,0.8633,0.8966,0.693,0.4297,0.9393,62.18,False
HUN,Hungary,German,lower_fertility_path,1.0,1.48,1.5,1.68,1.2,0.87,-0.33,0.88,-0.01,0.89,0.86,0.86,0.89,0.02,116114,76282,0.416,0.347,0.103,2.029,unspecified,False,0.5,0.48,0.56,0.42,0.648,0.915,1.0,0.78,0.84,0.0,0.0,0.0,0.0,0.0,1.0,1.166,0.0,0.001,0.2328,0.2617,0.0289,0.2617,0.5965,0.1993,0.93,-0.27,0.06,1.57,1.576,0.0005,0.2621,0.7201,0.4698,0.2077,0.8178,0.2247,1.35,0.55,mixed-rural-urban,0.187,0.0113,0.8843,0.8633,0.8966,0.693,0.4297,0.9393,62.18,False
HUN,Hungary,Slovak,lower_fertility_path,1.1,1.52,1.5,1.68,0.8,0.62,-0.18,0.62,-0.01,0.62,0.61,0.61,0.62,0.01,77409,53805,0.416,0.347,0.103,2.029,unspecified,False,0.5,0.48,0.56,0.42,0.648,0.891,1.0,0.78,0.832,0.0,0.0,0.0,0.0,0.0,1.0,1.166,0.0,0.001,0.2328,0.2617,0.0289,0.2617,0.5965,0.1993,0.65,-0.15,0.03,1.57,1.576,0.0005,0.2621,0.7201,0.4698,0.2077,0.8178,0.2247,1.35,0.55,mixed-rural-urban,0.187,0.0113,0.8843,0.8633,0.8966,0.693,0.4297,0.9393,62.18,False
HUN,Hungary,Ukrainian,migration_linked,1.5,1.68,1.5,1.68,1.0,1.13,0.13,0.98,0.14,1.08,1.18,1.08,1.18,0.1,96761,98242,0.416,0.347,0.103,2.029,UKR,True,0.615,0.539,0.82,0.52,0.648,0.903,1.0,0.78,0.903,0.0,0.0,0.0,0.0,0.0,1.0,1.166,0.0,0.001,0.2328,0.2617,0.0289,0.2617,0.5965,0.1993,1.14,0.14,0.02,1.57,1.576,0.0005,0.2621,0.7201,0.4698,0.2077,0.8178,0.2247,1.35,0.55,mixed-rural-urban,0.187,0.0113,0.8843,0.8633,0.8966,0.693,0.4297,0.9393,62.18,False
HUN,Hungary,Chinese,migration_linked,1.3,1.6,1.5,1.68,0.4,0.41,0.01,0.36,0.05,0.39,0.42,0.39,0.42,0.03,38705,35456,0.416,0.347,0.103,2.029,CHN,True,0.52,0.502,0.58,0.45,0.648,0.86,1.0,0.78,0.834,0.0,0.0,0.0,0.0,0.0,1.0,1.166,0.0,0.001,0.2328,0.2617,0.0289,0.2617,0.5965,0.1993,0.42,0.02,0.01,1.57,1.576,0.0005,0.2621,0.7201,0.4698,0.2077,0.8178,0.2247,1.35,0.55,mixed-rural-urban,0.187,0.0113,0.8843,0.8633,0.8966,0.693,0.4297,0.9393,62.18,False
HUN,Hungary,Other,migration_linked,1.5,1.68,1.5,1.68,6.1,6.86,0.76,6.0,0.86,6.59,7.18,6.59,7.18,0.59,590244,598441,0.416,0.347,0.103,2.029,unspecified,True,0.5,0.48,0.56,0.42,0.648,1.055,1.0,0.78,0.885,0.0,0.0,0.0,0.0,0.0,1.0,1.166,0.0,0.001,0.2328,0.2617,0.0289,0.2617,0.5965,0.1993,6.97,0.87,0.11,1.57,1.576,0.0005,0.2621,0.7201,0.4698,0.2077,0.8178,0.2247,1.35,0.55,mixed-rural-urban,0.187,0.0113,0.8843,0.8633,0.8966,0.693,0.4297,0.9393,62.18,False
IDN,Indonesia,Javanese,largest_baseline_category,2.1,2.1,2.1,2.1,40.1,41.27,1.17,41.27,0.0,41.28,41.26,41.26,41.28,0.02,113678661,132359775,0.0,0.0,0.0,1.25,unspecified,False,0.5,0.48,0.56,0.42,0.454,1.266,1.0,0.78,0.831,0.0,0.0,0.74,0.0,0.0,1.0,1.0,0.0,0.001,0.7848,0.778,-0.0068,0.778,2.5327,0.1078,40.47,0.37,-0.8,2.211,2.349,0.0005,0.783,0.7541,0.2873,0.0499,0.8234,0.1641,4.51,0.561,mixed-rural-urban,0.0,0.1444,0.9125,0.8363,0.87,0.662,0.1919,0.3032,62.66,True
IDN,Indonesia,Sundanese,largest_baseline_category,2.1,2.1,2.1,2.1,15.5,14.96,-0.54,14.96,0.0,14.97,14.96,14.96,14.97,0.01,43940630,47989437,0.0,0.0,0.0,1.25,unspecified,False,0.5,0.48,0.56,0.42,0.454,1.156,1.0,0.78,0.807,0.0,0.0,0.74,0.0,0.0,1.0,1.0,0.0,0.001,0.7848,0.778,-0.0068,0.778,2.5327,0.1078,15.2,-0.3,0.23,2.211,2.349,0.0005,0.783,0.7541,0.2873,0.0499,0.8234,0.1641,4.51,0.561,mixed-rural-urban,0.0,0.1444,0.9125,0.8363,0.87,0.662,0.1919,0.3032,62.66,False
IDN,Indonesia,Malay,higher_fertility_path,2.45,2.24,2.1,2.1,3.7,4.11,0.41,4.11,0.0,4.09,4.12,4.09,4.12,0.03,10489054,13175997,0.0,0.0,0.0,1.25,unspecified,False,0.5,0.48,0.56,0.42,0.454,1.006,1.0,0.78,0.773,0.0,0.0,0.74,0.0,0.0,1.0,1.0,0.0,0.001,0.7848,0.778,-0.0068,0.778,2.5327,0.1078,4.09,0.39,-0.02,2.211,2.349,0.0005,0.783,0.7541,0.2873,0.0499,0.8234,0.1641,4.51,0.561,mixed-rural-urban,0.0,0.1444,0.9125,0.8363,0.87,0.662,0.1919,0.3032,62.66,False
IDN,Indonesia,Batak,largest_baseline_category,2.1,2.1,2.1,2.1,3.6,3.48,-0.12,3.48,0.0,3.48,3.47,3.47,3.48,0.0,10205566,11145934,0.0,0.0,0.0,1.25,unspecified,False,0.5,0.48,0.56,0.42,0.454,1.003,1.0,0.78,0.773,0.0,0.0,0.74,0.0,0.0,1.0,1.0,0.0,0.001,0.7848,0.778,-0.0068,0.778,2.5327,0.1078,3.53,-0.07,0.05,2.211,2.349,0.0005,0.783,0.7541,0.2873,0.0499,0.8234,0.1641,4.51,0.561,mixed-rural-urban,0.0,0.1444,0.9125,0.8363,0.87,0.662,0.1919,0.3032,62.66,False
IDN,Indonesia,Madurese,largest_baseline_category,2.1,2.1,2.1,2.1,3.0,2.9,-0.1,2.9,0.0,2.9,2.9,2.9,2.9,0.0,8504638,9288278,0.0,0.0,0.0,1.25,unspecified,False,0.5,0.48,0.56,0.42,0.454,0.986,1.0,0.78,0.769,0.0,0.0,0.74,0.0,0.0,1.0,1.0,0.0,0.001,0.7848,0.778,-0.0068,0.778,2.5327,0.1078,2.94,-0.06,0.05,2.211,2.349,0.0005,0.783,0.7541,0.2873,0.0499,0.8234,0.1641,4.51,0.561,mixed-rural-urban,0.0,0.1444,0.9125,0.8363,0.87,0.662,0.1919,0.3032,62.66,False
IDN,Indonesia,Betawi,largest_baseline_category,2.1,2.1,2.1,2.1,2.9,2.8,-0.1,2.8,0.0,2.8,2.8,2.8,2.8,0.0,8221150,8978669,0.0,0.0,0.0,1.25,unspecified,False,0.5,0.48,0.56,0.42,0.454,0.983,1.0,0.78,0.768,0.0,0.0,0.74,0.0,0.0,1.0,1.0,0.0,0.001,0.7848,0.778,-0.0068,0.778,2.5327,0.1078,2.84,-0.06,0.04,2.211,2.349,0.0005,0.783,0.7541,0.2873,0.0499,0.8234,0.1641,4.51,0.561,mixed-rural-urban,0.0,0.1444,0.9125,0.8363,0.87,0.662,0.1919,0.3032,62.66,False
IDN,Indonesia,Minangkabau,largest_baseline_category,2.1,2.1,2.1,2.1,2.7,2.61,-0.09,2.61,0.0,2.61,2.61,2.61,2.61,0.0,7654174,8359450,0.0,0.0,0.0,1.25,unspecified,False,0.5,0.48,0.56,0.42,0.454,0.977,1.0,0.78,0.767,0.0,0.0,0.74,0.0,0.0,1.0,1.0,0.0,0.001,0.7848,0.778,-0.0068,0.778,2.5327,0.1078,2.65,-0.05,0.04,2.211,2.349,0.0005,0.783,0.7541,0.2873,0.0499,0.8234,0.1641,4.51,0.561,mixed-rural-urban,0.0,0.1444,0.9125,0.8363,0.87,0.662,0.1919,0.3032,62.66,False
IDN,Indonesia,Bugis,largest_baseline_category,2.1,2.1,2.1,2.1,2.7,2.61,-0.09,2.61,0.0,2.61,2.61,2.61,2.61,0.0,7654174,8359450,0.0,0.0,0.0,1.25,unspecified,False,0.5,0.48,0.56,0.42,0.454,0.977,1.0,0.78,0.767,0.0,0.0,0.74,0.0,0.0,1.0,1.0,0.0,0.001,0.7848,0.778,-0.0068,0.778,2.5327,0.1078,2.65,-0.05,0.04,2.211,2.349,0.0005,0.783,0.7541,0.2873,0.0499,0.8234,0.1641,4.51,0.561,mixed-rural-urban,0.0,0.1444,0.9125,0.8363,0.87,0.662,0.1919,0.3032,62.66,False
IDN,Indonesia,Bantenese,largest_baseline_category,2.1,2.1,2.1,2.1,2.0,1.93,-0.07,1.93,0.0,1.93,1.93,1.93,1.93,0.0,5669759,6192185,0.0,0.0,0.0,1.25,unspecified,False,0.5,0.48,0.56,0.42,0.454,0.952,1.0,0.78,0.761,0.0,0.0,0.74,0.0,0.0,1.0,1.0,0.0,0.001,0.7848,0.778,-0.0068,0.778,2.5327,0.1078,1.96,-0.04,0.03,2.211,2.349,0.0005,0.783,0.7541,0.2873,0.0499,0.8234,0.1641,4.51,0.561,mixed-rural-urban,0.0,0.1444,0.9125,0.8363,0.87,0.662,0.1919,0.3032,62.66,False
IDN,Indonesia,Banjarese,largest_baseline_category,2.1,2.1,2.1,2.1,1.7,1.64,-0.06,1.64,0.0,1.64,1.64,1.64,1.64,0.0,4819295,5263358,0.0,0.0,0.0,1.25,unspecified,False,0.5,0.48,0.56,0.42,0.454,0.939,1.0,0.78,0.758,0.0,0.0,0.74,0.0,0.0,1.0,1.0,0.0,0.001,0.7848,0.778,-0.0068,0.778,2.5327,0.1078,1.67,-0.03,0.03,2.211,2.349,0.0005,0.783,0.7541,0.2873,0.0499,0.8234,0.1641,4.51,0.561,mixed-rural-urban,0.0,0.1444,0.9125,0.8363,0.87,0.662,0.1919,0.3032,62.66,False
IDN,Indonesia,Balinese,largest_baseline_category,2.1,2.1,2.1,2.1,1.7,1.64,-0.06,1.64,0.0,1.64,1.64,1.64,1.64,0.0,4819295,5263358,0.0,0.0,0.0,1.25,unspecified,False,0.5,0.48,0.56,0.42,0.454,0.939,1.0,0.78,0.758,0.0,0.0,0.74,0.0,0.0,1.0,1.0,0.0,0.001,0.7848,0.778,-0.0068,0.778,2.5327,0.1078,1.67,-0.03,0.03,2.211,2.349,0.0005,0.783,0.7541,0.2873,0.0499,0.8234,0.1641,4.51,0.561,mixed-rural-urban,0.0,0.1444,0.9125,0.8363,0.87,0.662,0.1919,0.3032,62.66,False
IDN,Indonesia,Acehnese,largest_baseline_category,2.1,2.1,2.1,2.1,1.4,1.35,-0.05,1.35,0.0,1.35,1.35,1.35,1.35,0.0,3968831,4334530,0.0,0.0,0.0,1.25,unspecified,False,0.5,0.48,0.56,0.42,0.454,0.925,1.0,0.78,0.755,0.0,0.0,0.74,0.0,0.0,1.0,1.0,0.0,0.001,0.7848,0.778,-0.0068,0.778,2.5327,0.1078,1.37,-0.03,0.02,2.211,2.349,0.0005,0.783,0.7541,0.2873,0.0499,0.8234,0.1641,4.51,0.561,mixed-rural-urban,0.0,0.1444,0.9125,0.8363,0.87,0.662,0.1919,0.3032,62.66,False
IDN,Indonesia,Dayak,higher_fertility_path,2.45,2.24,2.1,2.1,1.4,1.55,0.15,1.55,0.0,1.55,1.56,1.55,1.56,0.01,3968831,4985512,0.0,0.0,0.0,1.25,unspecified,False,0.5,0.48,0.56,0.42,0.454,0.925,1.0,0.78,0.755,0.0,0.0,0.74,0.0,0.0,1.0,1.0,0.0,0.001,0.7848,0.778,-0.0068,0.778,2.5327,0.1078,1.55,0.15,-0.01,2.211,2.349,0.0005,0.783,0.7541,0.2873,0.0499,0.8234,0.1641,4.51,0.561,mixed-rural-urban,0.0,0.1444,0.9125,0.8363,0.87,0.662,0.1919,0.3032,62.66,False
IDN,Indonesia,Sasak,largest_baseline_category,2.1,2.1,2.1,2.1,1.3,1.25,-0.05,1.25,0.0,1.26,1.25,1.25,1.26,0.0,3685343,4024921,0.0,0.0,0.0,1.25,unspecified,False,0.5,0.48,0.56,0.42,0.454,0.92,1.0,0.78,0.754,0.0,0.0,0.74,0.0,0.0,1.0,1.0,0.0,0.001,0.7848,0.778,-0.0068,0.778,2.5327,0.1078,1.27,-0.03,0.02,2.211,2.349,0.0005,0.783,0.7541,0.2873,0.0499,0.8234,0.1641,4.51,0.561,mixed-rural-urban,0.0,0.1444,0.9125,0.8363,0.87,0.662,0.1919,0.3032,62.66,False
IDN,Indonesia,Chinese Indonesian,largest_baseline_category,2.1,2.1,2.1,2.1,1.2,1.16,-0.04,1.16,0.0,1.16,1.16,1.16,1.16,0.0,3401855,3715311,0.0,0.0,0.0,1.25,IDN,False,0.736,0.74,0.78,0.76,0.454,0.915,1.0,0.78,0.849,0.0,0.0,0.74,0.0,0.0,1.0,1.0,0.0,0.001,0.7848,0.778,-0.0068,0.778,2.5327,0.1078,1.18,-0.02,0.02,2.211,2.349,0.0005,0.783,0.7541,0.2873,0.0499,0.8234,0.1641,4.51,0.561,mixed-rural-urban,0.0,0.1444,0.9125,0.8363,0.87,0.662,0.1919,0.3032,62.66,False
IDN,Indonesia,Other,identity_category_transition,2.1,2.1,2.1,2.1,15.1,14.74,-0.36,14.74,0.0,14.74,14.74,14.74,14.74,0.01,42806678,47276778,0.0,0.0,0.0,1.25,unspecified,False,0.5,0.48,0.56,0.42,0.454,1.153,1.0,0.78,0.806,0.0,0.0,0.74,0.0,0.0,1.0,1.0,0.0,0.001,0.7848,0.778,-0.0068,0.778,2.5327,0.1078,14.97,-0.13,0.23,2.211,2.349,0.0005,0.783,0.7541,0.2873,0.0499,0.8234,0.1641,4.51,0.561,mixed-rural-urban,0.0,0.1444,0.9125,0.8363,0.87,0.662,0.1919,0.3032,62.66,False
IND,India,Hindi-speaking (North/Central Indo-Aryan),largest_baseline_category,2.0,2.03,2.0,2.03,43.6,44.23,0.63,44.23,0.0,44.25,44.2,44.2,44.25,0.05,632608002,742817341,0.043,0.0,0.0,1.317,unspecified,False,0.5,0.48,0.56,0.42,0.468,1.276,1.0,0.78,0.842,0.62,0.0,0.679,0.0,0.0,1.0,1.015,0.0,0.001,0.7812,0.7766,-0.0046,0.7766,2.5652,0.1533,43.56,-0.04,-0.66,2.142,2.344,0.0005,0.7817,0.7024,0.28,0.206,0.7965,0.1762,4.48,0.443,mixed-rural-urban,0.024,0.1508,0.9017,0.7828,0.8271,0.5504,0.1605,0.1852,62.06,True
IND,India,Bengali,largest_baseline_category,2.0,2.03,2.0,2.03,8.3,7.93,-0.37,7.93,0.0,7.94,7.93,7.93,7.94,0.01,120427670,133261683,0.043,0.0,0.0,1.317,unspecified,False,0.5,0.48,0.56,0.42,0.468,1.088,1.0,0.78,0.799,0.62,0.0,0.679,0.0,0.0,1.0,1.015,0.0,0.001,0.7812,0.7766,-0.0046,0.7766,2.5652,0.1533,8.07,-0.23,0.14,2.142,2.344,0.0005,0.7817,0.7024,0.28,0.206,0.7965,0.1762,4.48,0.443,mixed-rural-urban,0.024,0.1508,0.9017,0.7828,0.8271,0.5504,0.1605,0.1852,62.06,False
IND,India,Marathi,largest_baseline_category,2.0,2.03,2.0,2.03,6.9,6.6,-0.3,6.6,0.0,6.6,6.59,6.59,6.6,0.01,100114569,110783809,0.043,0.0,0.0,1.317,unspecified,False,0.5,0.48,0.56,0.42,0.468,1.068,1.0,0.78,0.795,0.62,0.0,0.679,0.0,0.0,1.0,1.015,0.0,0.001,0.7812,0.7766,-0.0046,0.7766,2.5652,0.1533,6.71,-0.19,0.12,2.142,2.344,0.0005,0.7817,0.7024,0.28,0.206,0.7965,0.1762,4.48,0.443,mixed-rural-urban,0.024,0.1508,0.9017,0.7828,0.8271,0.5504,0.1605,0.1852,62.06,False
IND,India,Telugu (Dravidian),largest_baseline_category,2.0,2.03,2.0,2.03,6.7,6.4,-0.3,6.4,0.0,6.41,6.4,6.4,6.41,0.01,97212698,107572684,0.043,0.0,0.0,1.317,unspecified,False,0.5,0.48,0.56,0.42,0.468,1.065,1.0,0.78,0.794,0.62,0.0,0.679,0.0,0.0,1.0,1.015,0.0,0.001,0.7812,0.7766,-0.0046,0.7766,2.5652,0.1533,6.52,-0.18,0.11,2.142,2.344,0.0005,0.7817,0.7024,0.28,0.206,0.7965,0.1762,4.48,0.443,mixed-rural-urban,0.024,0.1508,0.9017,0.7828,0.8271,0.5504,0.1605,0.1852,62.06,False
IND,India,Tamil (Dravidian),largest_baseline_category,2.0,2.03,2.0,2.03,5.7,5.45,-0.25,5.45,0.0,5.45,5.45,5.45,5.45,0.01,82703340,91517060,0.043,0.0,0.0,1.317,unspecified,False,0.5,0.48,0.56,0.42,0.468,1.048,1.0,0.78,0.79,0.62,0.0,0.679,0.0,0.0,1.0,1.015,0.0,0.001,0.7812,0.7766,-0.0046,0.7766,2.5652,0.1533,5.54,-0.16,0.1,2.142,2.344,0.0005,0.7817,0.7024,0.28,0.206,0.7965,0.1762,4.48,0.443,mixed-rural-urban,0.024,0.1508,0.9017,0.7828,0.8271,0.5504,0.1605,0.1852,62.06,False
IND,India,Gujarati,largest_baseline_category,2.0,2.03,2.0,2.03,4.6,4.4,-0.2,4.4,0.0,4.4,4.39,4.39,4.4,0.0,66743046,73855873,0.043,0.0,0.0,1.317,unspecified,False,0.5,0.48,0.56,0.42,0.468,1.027,1.0,0.78,0.785,0.62,0.0,0.679,0.0,0.0,1.0,1.015,0.0,0.001,0.7812,0.7766,-0.0046,0.7766,2.5652,0.1533,4.47,-0.13,0.08,2.142,2.344,0.0005,0.7817,0.7024,0.28,0.206,0.7965,0.1762,4.48,0.443,mixed-rural-urban,0.024,0.1508,0.9017,0.7828,0.8271,0.5504,0.1605,0.1852,62.06,False
IND,India,Urdu-speaking (Muslim),higher_fertility_path,2.95,2.41,2.0,2.03,4.2,5.57,1.37,5.57,0.0,5.52,5.61,5.52,5.61,0.09,60939303,93538685,0.043,0.0,0.0,1.317,unspecified,False,0.5,0.48,0.56,0.42,0.468,1.018,1.0,0.78,0.783,0.62,0.0,0.679,0.0,0.0,1.0,1.015,0.0,0.001,0.7812,0.7766,-0.0046,0.7766,2.5652,0.1533,5.4,1.2,-0.17,2.142,2.344,0.0005,0.7817,0.7024,0.28,0.206,0.7965,0.1762,4.48,0.443,mixed-rural-urban,0.024,0.1508,0.9017,0.7828,0.8271,0.5504,0.1605,0.1852,62.06,False
IND,India,Kannada (Dravidian),largest_baseline_category,2.0,2.03,2.0,2.03,3.6,3.44,-0.16,3.44,0.0,3.44,3.44,3.44,3.44,0.0,52233688,57800248,0.043,0.0,0.0,1.317,unspecified,False,0.5,0.48,0.56,0.42,0.468,1.003,1.0,0.78,0.78,0.62,0.0,0.679,0.0,0.0,1.0,1.015,0.0,0.001,0.7812,0.7766,-0.0046,0.7766,2.5652,0.1533,3.5,-0.1,0.06,2.142,2.344,0.0005,0.7817,0.7024,0.28,0.206,0.7965,0.1762,4.48,0.443,mixed-rural-urban,0.024,0.1508,0.9017,0.7828,0.8271,0.5504,0.1605,0.1852,62.06,False
IND,India,Odia,largest_baseline_category,2.0,2.03,2.0,2.03,3.1,2.96,-0.14,2.96,0.0,2.97,2.96,2.96,2.97,0.0,44979009,49772436,0.043,0.0,0.0,1.317,unspecified,False,0.5,0.48,0.56,0.42,0.468,0.989,1.0,0.78,0.777,0.62,0.0,0.679,0.0,0.0,1.0,1.015,0.0,0.001,0.7812,0.7766,-0.0046,0.7766,2.5652,0.1533,3.02,-0.08,0.05,2.142,2.344,0.0005,0.7817,0.7024,0.28,0.206,0.7965,0.1762,4.48,0.443,mixed-rural-urban,0.024,0.1508,0.9017,0.7828,0.8271,0.5504,0.1605,0.1852,62.06,False
IND,India,Malayalam (Dravidian),largest_baseline_category,2.0,2.03,2.0,2.03,2.9,2.77,-0.13,2.77,0.0,2.77,2.77,2.77,2.77,0.0,42077138,46561311,0.043,0.0,0.0,1.317,unspecified,False,0.5,0.48,0.56,0.42,0.468,0.983,1.0,0.78,0.775,0.62,0.0,0.679,0.0,0.0,1.0,1.015,0.0,0.001,0.7812,0.7766,-0.0046,0.7766,2.5652,0.1533,2.82,-0.08,0.05,2.142,2.344,0.0005,0.7817,0.7024,0.28,0.206,0.7965,0.1762,4.48,0.443,mixed-rural-urban,0.024,0.1508,0.9017,0.7828,0.8271,0.5504,0.1605,0.1852,62.06,False
IND,India,Punjabi,largest_baseline_category,2.0,2.03,2.0,2.03,2.7,2.58,-0.12,2.58,0.0,2.58,2.58,2.58,2.58,0.0,39175266,43350186,0.043,0.0,0.0,1.317,unspecified,False,0.5,0.48,0.56,0.42,0.468,0.977,1.0,0.78,0.774,0.62,0.0,0.679,0.0,0.0,1.0,1.015,0.0,0.001,0.7812,0.7766,-0.0046,0.7766,2.5652,0.1533,2.63,-0.07,0.05,2.142,2.344,0.0005,0.7817,0.7024,0.28,0.206,0.7965,0.1762,4.48,0.443,mixed-rural-urban,0.024,0.1508,0.9017,0.7828,0.8271,0.5504,0.1605,0.1852,62.06,False
IND,India,Assamese,largest_baseline_category,2.0,2.03,2.0,2.03,1.3,1.24,-0.06,1.24,0.0,1.24,1.24,1.24,1.24,0.0,18862165,20872312,0.043,0.0,0.0,1.317,unspecified,False,0.5,0.48,0.56,0.42,0.468,0.92,1.0,0.78,0.761,0.62,0.0,0.679,0.0,0.0,1.0,1.015,0.0,0.001,0.7812,0.7766,-0.0046,0.7766,2.5652,0.1533,1.26,-0.04,0.02,2.142,2.344,0.0005,0.7817,0.7024,0.28,0.206,0.7965,0.1762,4.48,0.443,mixed-rural-urban,0.024,0.1508,0.9017,0.7828,0.8271,0.5504,0.1605,0.1852,62.06,False
IND,India,Other Indo-Aryan,largest_baseline_category,2.0,2.03,2.0,2.03,3.0,2.87,-0.13,2.87,0.0,2.87,2.87,2.87,2.87,0.0,43528074,48166873,0.043,0.0,0.0,1.317,unspecified,False,0.5,0.48,0.56,0.42,0.468,0.986,1.0,0.78,0.776,0.62,0.0,0.679,0.0,0.0,1.0,1.015,0.0,0.001,0.7812,0.7766,-0.0046,0.7766,2.5652,0.1533,2.92,-0.08,0.05,2.142,2.344,0.0005,0.7817,0.7024,0.28,0.206,0.7965,0.1762,4.48,0.443,mixed-rural-urban,0.024,0.1508,0.9017,0.7828,0.8271,0.5504,0.1605,0.1852,62.06,False
IND,India,Other Dravidian,largest_baseline_category,2.0,2.03,2.0,2.03,0.5,0.48,-0.02,0.48,0.0,0.48,0.48,0.48,0.48,0.0,7254679,8027812,0.043,0.0,0.0,1.317,unspecified,False,0.5,0.48,0.56,0.42,0.468,0.869,1.0,0.78,0.749,0.62,0.0,0.679,0.0,0.0,1.0,1.015,0.0,0.001,0.7812,0.7766,-0.0046,0.7766,2.5652,0.1533,0.49,-0.01,0.01,2.142,2.344,0.0005,0.7817,0.7024,0.28,0.206,0.7965,0.1762,4.48,0.443,mixed-rural-urban,0.024,0.1508,0.9017,0.7828,0.8271,0.5504,0.1605,0.1852,62.06,False
IND,India,Scheduled Tribes (Adivasi),higher_fertility_path,2.35,2.17,2.0,2.03,2.0,2.21,0.21,2.21,0.0,2.2,2.21,2.2,2.21,0.01,29018716,37078378,0.043,0.0,0.0,1.317,unspecified,False,0.5,0.48,0.56,0.42,0.468,0.952,1.0,0.78,0.768,0.62,0.0,0.679,0.0,0.0,1.0,1.015,0.0,0.001,0.7812,0.7766,-0.0046,0.7766,2.5652,0.1533,2.2,0.2,-0.01,2.142,2.344,0.0005,0.7817,0.7024,0.28,0.206,0.7965,0.1762,4.48,0.443,mixed-rural-urban,0.024,0.1508,0.9017,0.7828,0.8271,0.5504,0.1605,0.1852,62.06,False
IND,India,Other,identity_category_transition,2.0,2.03,2.0,2.03,0.9,0.87,-0.03,0.87,0.0,0.87,0.87,0.87,0.87,0.0,13058422,14612573,0.043,0.0,0.0,1.317,unspecified,False,0.5,0.48,0.56,0.42,0.468,0.897,1.0,0.78,0.755,0.62,0.0,0.679,0.0,0.0,1.0,1.015,0.0,0.001,0.7812,0.7766,-0.0046,0.7766,2.5652,0.1533,0.89,-0.01,0.02,2.142,2.344,0.0005,0.7817,0.7024,0.28,0.206,0.7965,0.1762,4.48,0.443,mixed-rural-urban,0.024,0.1508,0.9017,0.7828,0.8271,0.5504,0.1605,0.1852,62.06,False
IRL,Ireland,Irish,largest_baseline_category,1.6,1.75,1.6,1.75,76.6,74.62,-1.98,76.96,-2.34,75.33,73.77,73.77,75.33,1.56,4025342,4454563,0.214,0.17,0.118,1.732,unspecified,False,0.5,0.48,0.56,0.42,0.674,1.3,1.0,0.78,0.979,0.0,1.04,0.0,0.733,0.675,1.0,1.099,0.0,0.001,0.3996,0.4277,0.0281,0.4277,1.0891,0.1111,74.22,-2.38,-0.39,1.884,1.809,0.0005,0.4329,0.7862,0.4502,0.0911,0.8436,0.1903,1.75,0.772,urbanizing-majority,0.049,0.0023,0.9598,0.897,1.0,0.7628,0.2856,0.6422,64.26,True
IRL,Ireland,Other White British,migration_linked,1.5,1.71,1.6,1.75,10.2,10.77,0.57,9.7,1.07,10.45,11.15,10.45,11.15,0.7,536012,642969,0.214,0.17,0.118,1.732,unspecified,True,0.5,0.48,0.56,0.42,0.674,1.11,1.0,0.78,0.916,0.0,1.04,0.0,0.733,0.675,1.0,1.099,0.0,0.001,0.3996,0.4277,0.0281,0.4277,1.0891,0.1111,11.01,0.81,0.24,1.884,1.809,0.0005,0.4329,0.7862,0.4502,0.0911,0.8436,0.1903,1.75,0.772,urbanizing-majority,0.049,0.0023,0.9598,0.897,1.0,0.7628,0.2856,0.6422,64.26,False
IRL,Ireland,Polish,migration_linked,1.6,1.75,1.6,1.75,3.0,3.29,0.29,2.98,0.31,3.19,3.4,3.19,3.4,0.21,157650,196417,0.214,0.17,0.118,1.732,unspecified,True,0.5,0.48,0.56,0.42,0.674,0.986,1.0,0.78,0.875,0.0,1.04,0.0,0.733,0.675,1.0,1.099,0.0,0.001,0.3996,0.4277,0.0281,0.4277,1.0891,0.1111,3.34,0.34,0.05,1.884,1.809,0.0005,0.4329,0.7862,0.4502,0.0911,0.8436,0.1903,1.75,0.772,urbanizing-majority,0.049,0.0023,0.9598,0.897,1.0,0.7628,0.2856,0.6422,64.26,False
IRL,Ireland,Other EU (Romanian/Lithuanian),migration_linked,1.6,1.75,1.6,1.75,4.0,4.39,0.39,3.97,0.42,4.26,4.55,4.26,4.55,0.28,210201,262214,0.214,0.17,0.118,1.732,unspecified,True,0.5,0.48,0.56,0.42,0.674,1.013,1.0,0.78,0.884,0.0,1.04,0.0,0.733,0.675,1.0,1.099,0.0,0.001,0.3996,0.4277,0.0281,0.4277,1.0891,0.1111,4.45,0.45,0.06,1.884,1.809,0.0005,0.4329,0.7862,0.4502,0.0911,0.8436,0.1903,1.75,0.772,urbanizing-majority,0.049,0.0023,0.9598,0.897,1.0,0.7628,0.2856,0.6422,64.26,False
IRL,Ireland,Indian,migration_linked,1.6,1.75,1.6,1.75,0.9,1.0,0.1,0.89,0.11,0.97,1.04,0.97,1.04,0.07,47295,59810,0.214,0.17,0.118,1.732,IND;PAK;BGD;LKA;NPL,True,0.718,0.719,0.752,0.684,0.674,0.897,1.0,0.78,0.975,0.0,1.04,0.0,0.733,0.675,1.0,1.099,0.0,0.001,0.3996,0.4277,0.0281,0.4277,1.0891,0.1111,1.02,0.12,0.01,1.884,1.809,0.0005,0.4329,0.7862,0.4502,0.0911,0.8436,0.1903,1.75,0.772,urbanizing-majority,0.049,0.0023,0.9598,0.897,1.0,0.7628,0.2856,0.6422,64.26,False
IRL,Ireland,Nigerian,higher_fertility_path,1.95,1.89,1.6,1.75,0.5,0.59,0.09,0.57,0.02,0.58,0.59,0.58,0.59,0.01,26275,35062,0.214,0.17,0.118,1.732,NGA,True,0.78,0.818,0.68,0.58,0.674,0.869,1.22,0.78,1.095,0.0,1.04,0.0,0.733,0.675,1.0,1.099,0.0,0.001,0.3996,0.4277,0.0281,0.4277,1.0891,0.1111,0.58,0.08,-0.01,1.884,1.809,0.0005,0.4329,0.7862,0.4502,0.0911,0.8436,0.1903,1.75,0.772,urbanizing-majority,0.049,0.0023,0.9598,0.897,1.0,0.7628,0.2856,0.6422,64.26,False
IRL,Ireland,Filipino,migration_linked,1.6,1.75,1.6,1.75,0.7,0.78,0.08,0.7,0.09,0.75,0.81,0.75,0.81,0.06,36785,46580,0.214,0.17,0.118,1.732,PHL,True,0.759,0.718,0.88,0.64,0.674,0.884,1.0,0.78,0.993,0.0,1.04,0.0,0.733,0.675,1.0,1.099,0.0,0.001,0.3996,0.4277,0.0281,0.4277,1.0891,0.1111,0.79,0.09,0.01,1.884,1.809,0.0005,0.4329,0.7862,0.4502,0.0911,0.8436,0.1903,1.75,0.772,urbanizing-majority,0.049,0.0023,0.9598,0.897,1.0,0.7628,0.2856,0.6422,64.26,False
IRL,Ireland,Asian (other),migration_linked,1.6,1.75,1.6,1.75,1.7,1.86,0.16,1.69,0.17,1.81,1.92,1.81,1.92,0.12,89335,111060,0.214,0.17,0.118,1.732,unspecified,True,0.5,0.48,0.56,0.42,0.674,0.939,1.0,0.78,0.86,0.0,1.04,0.0,0.733,0.675,1.0,1.099,0.0,0.001,0.3996,0.4277,0.0281,0.4277,1.0891,0.1111,1.89,0.19,0.03,1.884,1.809,0.0005,0.4329,0.7862,0.4502,0.0911,0.8436,0.1903,1.75,0.772,urbanizing-majority,0.049,0.0023,0.9598,0.897,1.0,0.7628,0.2856,0.6422,64.26,False
IRL,Ireland,African (other),higher_fertility_path,1.95,1.89,1.6,1.75,1.1,1.28,0.18,1.26,0.02,1.27,1.29,1.27,1.29,0.03,57805,76512,0.214,0.17,0.118,1.732,NGA;GHA;KEN;UGA;TZA;ETH;SEN;CIV;CMR;COD,True,0.732,0.782,0.634,0.652,0.674,0.909,1.022,0.78,0.999,0.0,1.04,0.0,0.733,0.675,1.0,1.099,0.0,0.001,0.3996,0.4277,0.0281,0.4277,1.0891,0.1111,1.27,0.17,-0.02,1.884,1.809,0.0005,0.4329,0.7862,0.4502,0.0911,0.8436,0.1903,1.75,0.772,urbanizing-majority,0.049,0.0023,0.9598,0.897,1.0,0.7628,0.2856,0.6422,64.26,False
IRL,Ireland,Other,migration_linked,1.6,1.75,1.6,1.75,1.3,1.42,0.12,1.29,0.13,1.38,1.47,1.38,1.47,0.09,68315,84852,0.214,0.17,0.118,1.732,unspecified,True,0.5,0.48,0.56,0.42,0.674,0.92,1.0,0.78,0.853,0.0,1.04,0.0,0.733,0.675,1.0,1.099,0.0,0.001,0.3996,0.4277,0.0281,0.4277,1.0891,0.1111,1.44,0.14,0.02,1.884,1.809,0.0005,0.4329,0.7862,0.4502,0.0911,0.8436,0.1903,1.75,0.772,urbanizing-majority,0.049,0.0023,0.9598,0.897,1.0,0.7628,0.2856,0.6422,64.26,False
IRN,Iran,Persian,largest_baseline_category,1.7,1.82,1.7,1.82,59.0,57.56,-1.44,57.56,0.0,57.63,57.48,57.48,57.63,0.14,54024965,58627846,0.171,0.0,0.0,1.411,unspecified,False,0.5,0.48,0.56,0.42,0.419,1.3,1.0,0.78,0.816,0.0,0.0,0.0,0.0,0.0,0.6,0.636,0.0,0.001,0.6109,0.6256,0.0147,0.6256,1.7897,0.2825,57.32,-1.68,-0.23,2.005,2.105,0.0005,0.6278,0.6384,0.3586,0.1528,0.7032,0.3303,2.67,0.55,mixed-rural-urban,0.077,0.0191,0.8976,0.7822,0.7798,0.6371,0.3626,0.5921,59.2,True
IRN,Iran,Azeri,largest_baseline_category,1.7,1.82,1.7,1.82,16.0,14.92,-1.08,14.92,0.0,14.94,14.91,14.91,14.94,0.04,14650838,15202174,0.171,0.0,0.0,1.411,unspecified,False,0.5,0.48,0.56,0.42,0.419,1.16,1.0,0.78,0.788,0.0,0.0,0.0,0.0,0.0,0.6,0.636,0.0,0.001,0.6109,0.6256,0.0147,0.6256,1.7897,0.2825,15.23,-0.77,0.31,2.005,2.105,0.0005,0.6278,0.6384,0.3586,0.1528,0.7032,0.3303,2.67,0.55,mixed-rural-urban,0.077,0.0191,0.8976,0.7822,0.7798,0.6371,0.3626,0.5921,59.2,False
IRN,Iran,Kurd,higher_fertility_path,2.45,2.12,1.7,1.82,10.0,12.53,2.53,12.53,0.0,12.45,12.61,12.45,12.61,0.16,9156774,12762133,0.171,0.0,0.0,1.411,unspecified,False,0.5,0.48,0.56,0.42,0.419,1.108,1.0,0.78,0.777,0.0,0.0,0.0,0.0,0.0,0.6,0.636,0.0,0.001,0.6109,0.6256,0.0147,0.6256,1.7897,0.2825,12.29,2.29,-0.24,2.005,2.105,0.0005,0.6278,0.6384,0.3586,0.1528,0.7032,0.3303,2.67,0.55,mixed-rural-urban,0.077,0.0191,0.8976,0.7822,0.7798,0.6371,0.3626,0.5921,59.2,False
IRN,Iran,Lur,largest_baseline_category,1.7,1.82,1.7,1.82,6.0,5.6,-0.4,5.6,0.0,5.6,5.59,5.59,5.6,0.01,5494064,5700815,0.171,0.0,0.0,1.411,unspecified,False,0.5,0.48,0.56,0.42,0.419,1.054,1.0,0.78,0.766,0.0,0.0,0.0,0.0,0.0,0.6,0.636,0.0,0.001,0.6109,0.6256,0.0147,0.6256,1.7897,0.2825,5.71,-0.29,0.12,2.005,2.105,0.0005,0.6278,0.6384,0.3586,0.1528,0.7032,0.3303,2.67,0.55,mixed-rural-urban,0.077,0.0191,0.8976,0.7822,0.7798,0.6371,0.3626,0.5921,59.2,False
IRN,Iran,Gilaki/Mazandarani,largest_baseline_category,1.7,1.82,1.7,1.82,2.5,2.33,-0.17,2.33,0.0,2.33,2.33,2.33,2.33,0.01,2289193,2375340,0.171,0.0,0.0,1.411,unspecified,False,0.5,0.48,0.56,0.42,0.419,0.97,1.0,0.78,0.749,0.0,0.0,0.0,0.0,0.0,0.6,0.636,0.0,0.001,0.6109,0.6256,0.0147,0.6256,1.7897,0.2825,2.38,-0.12,0.05,2.005,2.105,0.0005,0.6278,0.6384,0.3586,0.1528,0.7032,0.3303,2.67,0.55,mixed-rural-urban,0.077,0.0191,0.8976,0.7822,0.7798,0.6371,0.3626,0.5921,59.2,False
IRN,Iran,Baloch,higher_fertility_path,2.05,1.96,1.7,1.82,2.2,2.4,0.2,2.4,0.0,2.4,2.41,2.4,2.41,0.01,2014490,2447399,0.171,0.0,0.0,1.411,unspecified,False,0.5,0.48,0.56,0.42,0.419,0.96,1.0,0.78,0.747,0.0,0.0,0.0,0.0,0.0,0.6,0.636,0.0,0.001,0.6109,0.6256,0.0147,0.6256,1.7897,0.2825,2.4,0.2,0.0,2.005,2.105,0.0005,0.6278,0.6384,0.3586,0.1528,0.7032,0.3303,2.67,0.55,mixed-rural-urban,0.077,0.0191,0.8976,0.7822,0.7798,0.6371,0.3626,0.5921,59.2,False
IRN,Iran,Arab,higher_fertility_path,2.45,2.12,1.7,1.82,2.0,2.51,0.51,2.51,0.0,2.49,2.52,2.49,2.52,0.03,1831355,2552427,0.171,0.0,0.0,1.411,unspecified,False,0.5,0.48,0.56,0.42,0.419,0.952,1.0,0.78,0.745,0.0,0.0,0.0,0.0,0.0,0.6,0.636,0.0,0.001,0.6109,0.6256,0.0147,0.6256,1.7897,0.2825,2.46,0.46,-0.05,2.005,2.105,0.0005,0.6278,0.6384,0.3586,0.1528,0.7032,0.3303,2.67,0.55,mixed-rural-urban,0.077,0.0191,0.8976,0.7822,0.7798,0.6371,0.3626,0.5921,59.2,False
IRN,Iran,Turkmen,largest_baseline_category,1.7,1.82,1.7,1.82,1.5,1.4,-0.1,1.4,0.0,1.4,1.4,1.4,1.4,0.0,1373516,1425204,0.171,0.0,0.0,1.411,unspecified,False,0.5,0.48,0.56,0.42,0.419,0.93,1.0,0.78,0.74,0.0,0.0,0.0,0.0,0.0,0.6,0.636,0.0,0.001,0.6109,0.6256,0.0147,0.6256,1.7897,0.2825,1.43,-0.07,0.03,2.005,2.105,0.0005,0.6278,0.6384,0.3586,0.1528,0.7032,0.3303,2.67,0.55,mixed-rural-urban,0.077,0.0191,0.8976,0.7822,0.7798,0.6371,0.3626,0.5921,59.2,False
IRN,Iran,Other,identity_category_transition,1.7,1.82,1.7,1.82,0.8,0.75,-0.05,0.75,0.0,0.76,0.75,0.75,0.76,0.0,732542,768657,0.171,0.0,0.0,1.411,unspecified,False,0.5,0.48,0.56,0.42,0.419,0.891,1.0,0.78,0.732,0.0,0.0,0.0,0.0,0.0,0.6,0.636,0.0,0.001,0.6109,0.6256,0.0147,0.6256,1.7897,0.2825,0.77,-0.03,0.02,2.005,2.105,0.0005,0.6278,0.6384,0.3586,0.1528,0.7032,0.3303,2.67,0.55,mixed-rural-urban,0.077,0.0191,0.8976,0.7822,0.7798,0.6371,0.3626,0.5921,59.2,False
IRQ,Iraq,Arab (Shia),higher_fertility_path,4.15,3.11,3.4,2.81,55.0,56.91,1.91,56.91,0.0,56.89,56.93,56.89,56.93,0.04,25323108,40933678,0.0,0.0,0.0,1.25,unspecified,False,0.5,0.48,0.56,0.42,0.454,1.3,1.0,0.78,0.839,0.0,0.0,0.702,0.0,0.0,1.0,1.0,0.0,0.001,0.6291,0.6105,-0.0187,0.6105,1.6665,0.2803,56.2,1.2,-0.71,2.034,2.131,0.0005,0.6168,0.4393,0.3077,0.1396,0.6705,0.2491,2.57,0.565,mixed-rural-urban,0.0,0.0265,0.8254,0.605,0.7522,0.2058,0.6354,0.0,52.3,True
IRQ,Iraq,Arab (Sunni),higher_fertility_path,4.15,3.11,3.4,2.81,18.0,17.78,-0.22,17.78,0.0,17.77,17.79,17.77,17.79,0.01,8287563,12788854,0.0,0.0,0.0,1.25,unspecified,False,0.5,0.48,0.56,0.42,0.454,1.173,1.0,0.78,0.81,0.0,0.0,0.702,0.0,0.0,1.0,1.0,0.0,0.001,0.6291,0.6105,-0.0187,0.6105,1.6665,0.2803,18.01,0.01,0.23,2.034,2.131,0.0005,0.6168,0.4393,0.3077,0.1396,0.6705,0.2491,2.57,0.565,mixed-rural-urban,0.0,0.0265,0.8254,0.605,0.7522,0.2058,0.6354,0.0,52.3,False
IRQ,Iraq,Kurdish,higher_fertility_path,4.15,3.11,3.4,2.81,18.0,17.78,-0.22,17.78,0.0,17.77,17.79,17.77,17.79,0.01,8287563,12788854,0.0,0.0,0.0,1.25,unspecified,False,0.5,0.48,0.56,0.42,0.454,1.173,1.0,0.78,0.81,0.0,0.0,0.702,0.0,0.0,1.0,1.0,0.0,0.001,0.6291,0.6105,-0.0187,0.6105,1.6665,0.2803,18.01,0.01,0.23,2.034,2.131,0.0005,0.6168,0.4393,0.3077,0.1396,0.6705,0.2491,2.57,0.565,mixed-rural-urban,0.0,0.0265,0.8254,0.605,0.7522,0.2058,0.6354,0.0,52.3,False
IRQ,Iraq,Turkmen,higher_fertility_path,3.75,2.95,3.4,2.81,2.0,1.8,-0.2,1.8,0.0,1.8,1.8,1.8,1.8,0.01,920840,1294226,0.0,0.0,0.0,1.25,unspecified,False,0.5,0.48,0.56,0.42,0.454,0.952,1.0,0.78,0.761,0.0,0.0,0.702,0.0,0.0,1.0,1.0,0.0,0.001,0.6291,0.6105,-0.0187,0.6105,1.6665,0.2803,1.84,-0.16,0.05,2.034,2.131,0.0005,0.6168,0.4393,0.3077,0.1396,0.6705,0.2491,2.57,0.565,mixed-rural-urban,0.0,0.0265,0.8254,0.605,0.7522,0.2058,0.6354,0.0,52.3,False
IRQ,Iraq,Assyrian/Chaldean,lower_fertility_path,3.4,2.81,3.4,2.81,1.0,0.8,-0.2,0.8,0.0,0.8,0.79,0.79,0.8,0.01,460420,573571,0.0,0.0,0.0,1.25,SYR,False,0.672,0.726,0.6,0.74,0.454,0.903,1.0,0.78,0.82,0.0,0.0,0.702,0.0,0.0,1.0,1.0,0.0,0.001,0.6291,0.6105,-0.0187,0.6105,1.6665,0.2803,0.83,-0.17,0.03,2.034,2.131,0.0005,0.6168,0.4393,0.3077,0.1396,0.6705,0.2491,2.57,0.565,mixed-rural-urban,0.0,0.0265,0.8254,0.605,0.7522,0.2058,0.6354,0.0,52.3,False
IRQ,Iraq,Yazidi,higher_fertility_path,3.75,2.95,3.4,2.81,0.5,0.45,-0.05,0.45,0.0,0.45,0.45,0.45,0.45,0.0,230210,323557,0.0,0.0,0.0,1.25,unspecified,False,0.5,0.48,0.56,0.42,0.454,0.869,1.0,0.78,0.743,0.0,0.0,0.702,0.0,0.0,1.0,1.0,0.0,0.001,0.6291,0.6105,-0.0187,0.6105,1.6665,0.2803,0.46,-0.04,0.01,2.034,2.131,0.0005,0.6168,0.4393,0.3077,0.1396,0.6705,0.2491,2.57,0.565,mixed-rural-urban,0.0,0.0265,0.8254,0.605,0.7522,0.2058,0.6354,0.0,52.3,False
IRQ,Iraq,Other,identity_category_transition,3.4,2.81,3.4,2.81,5.5,4.49,-1.01,4.49,0.0,4.51,4.46,4.46,4.51,0.04,2532311,3226018,0.0,0.0,0.0,1.25,unspecified,False,0.5,0.48,0.56,0.42,0.454,1.045,1.0,0.78,0.782,0.0,0.0,0.702,0.0,0.0,1.0,1.0,0.0,0.001,0.6291,0.6105,-0.0187,0.6105,1.6665,0.2803,4.65,-0.85,0.17,2.034,2.131,0.0005,0.6168,0.4393,0.3077,0.1396,0.6705,0.2491,2.57,0.565,mixed-rural-urban,0.0,0.0265,0.8254,0.605,0.7522,0.2058,0.6354,0.0,52.3,False
ISL,Iceland,Icelandic,largest_baseline_category,1.6,1.75,1.6,1.75,81.3,79.52,-1.78,81.45,-1.93,80.11,78.81,78.81,80.11,1.3,319837,344307,0.214,0.17,0.093,1.701,unspecified,False,0.5,0.48,0.56,0.42,0.553,1.3,1.0,0.78,0.901,0.0,0.0,0.0,0.0,0.0,1.0,1.094,0.0,0.001,0.3298,0.3566,0.0268,0.3566,0.8668,0.126,79.23,-2.07,-0.29,1.682,1.712,0.0005,0.3609,0.8211,0.389,0.1622,0.866,0.1713,1.55,0.55,mixed-rural-urban,0.096,-0.002,0.9602,0.9711,0.9788,0.8084,0.2576,0.5805,64.6,True
ISL,Iceland,Polish,migration_linked,1.6,1.75,1.6,1.75,5.6,6.14,0.54,5.56,0.58,5.96,6.35,5.96,6.35,0.39,22031,26566,0.214,0.17,0.093,1.701,unspecified,True,0.5,0.48,0.56,0.42,0.553,1.046,1.0,0.78,0.833,0.0,0.0,0.0,0.0,0.0,1.0,1.094,0.0,0.001,0.3298,0.3566,0.0268,0.3566,0.8668,0.126,6.22,0.62,0.09,1.682,1.712,0.0005,0.3609,0.8211,0.389,0.1622,0.866,0.1713,1.55,0.55,mixed-rural-urban,0.096,-0.002,0.9602,0.9711,0.9788,0.8084,0.2576,0.5805,64.6,False
ISL,Iceland,Danish,migration_linked,1.6,1.75,1.6,1.75,1.0,1.09,0.09,0.99,0.1,1.06,1.13,1.06,1.13,0.07,3934,4718,0.214,0.17,0.093,1.701,unspecified,True,0.5,0.48,0.56,0.42,0.553,0.903,1.0,0.78,0.794,0.0,0.0,0.0,0.0,0.0,1.0,1.094,0.0,0.001,0.3298,0.3566,0.0268,0.3566,0.8668,0.126,1.11,0.11,0.02,1.682,1.712,0.0005,0.3609,0.8211,0.389,0.1622,0.866,0.1713,1.55,0.55,mixed-rural-urban,0.096,-0.002,0.9602,0.9711,0.9788,0.8084,0.2576,0.5805,64.6,False
ISL,Iceland,Lithuanian,migration_linked,1.6,1.75,1.6,1.75,0.7,0.76,0.06,0.69,0.07,0.74,0.79,0.74,0.79,0.05,2754,3300,0.214,0.17,0.093,1.701,unspecified,True,0.5,0.48,0.56,0.42,0.553,0.884,1.0,0.78,0.789,0.0,0.0,0.0,0.0,0.0,1.0,1.094,0.0,0.001,0.3298,0.3566,0.0268,0.3566,0.8668,0.126,0.77,0.07,0.01,1.682,1.712,0.0005,0.3609,0.8211,0.389,0.1622,0.866,0.1713,1.55,0.55,mixed-rural-urban,0.096,-0.002,0.9602,0.9711,0.9788,0.8084,0.2576,0.5805,64.6,False
ISL,Iceland,Filipino,migration_linked,1.6,1.75,1.6,1.75,0.6,0.66,0.06,0.6,0.07,0.64,0.69,0.64,0.69,0.05,2360,2876,0.214,0.17,0.093,1.701,PHL,True,0.759,0.718,0.88,0.64,0.553,0.876,1.0,0.78,0.91,0.0,0.0,0.0,0.0,0.0,1.0,1.094,0.0,0.001,0.3298,0.3566,0.0268,0.3566,0.8668,0.126,0.67,0.07,0.01,1.682,1.712,0.0005,0.3609,0.8211,0.389,0.1622,0.866,0.1713,1.55,0.55,mixed-rural-urban,0.096,-0.002,0.9602,0.9711,0.9788,0.8084,0.2576,0.5805,64.6,False
ISL,Iceland,Other European,migration_linked,1.6,1.75,1.6,1.75,6.0,6.58,0.58,5.95,0.62,6.38,6.8,6.38,6.8,0.42,23604,28471,0.214,0.17,0.093,1.701,unspecified,True,0.5,0.48,0.56,0.42,0.553,1.054,1.0,0.78,0.835,0.0,0.0,0.0,0.0,0.0,1.0,1.094,0.0,0.001,0.3298,0.3566,0.0268,0.3566,0.8668,0.126,6.67,0.67,0.09,1.682,1.712,0.0005,0.3609,0.8211,0.389,0.1622,0.866,0.1713,1.55,0.55,mixed-rural-urban,0.096,-0.002,0.9602,0.9711,0.9788,0.8084,0.2576,0.5805,64.6,False
ISL,Iceland,Other,migration_linked,1.6,1.75,1.6,1.75,4.8,5.26,0.46,4.76,0.49,5.1,5.44,5.1,5.44,0.33,18883,22758,0.214,0.17,0.093,1.701,unspecified,True,0.5,0.48,0.56,0.42,0.553,1.031,1.0,0.78,0.829,0.0,0.0,0.0,0.0,0.0,1.0,1.094,0.0,0.001,0.3298,0.3566,0.0268,0.3566,0.8668,0.126,5.33,0.53,0.07,1.682,1.712,0.0005,0.3609,0.8211,0.389,0.1622,0.866,0.1713,1.55,0.55,mixed-rural-urban,0.096,-0.002,0.9602,0.9711,0.9788,0.8084,0.2576,0.5805,64.6,False
ISR,Israel,Jewish (Haredi/Orthodox),higher_fertility_path,6.4,3.82,2.9,2.42,14.0,28.68,14.68,28.87,-0.19,28.27,29.07,28.27,29.07,0.8,1314182,3754886,0.0,0.0,0.0,1.25,unspecified,False,0.5,0.48,0.56,0.42,0.454,1.145,1.0,0.78,0.804,0.0,0.0,0.0,0.0,0.0,1.0,1.0,0.0,0.001,0.5967,0.6826,0.0859,0.6826,1.9371,0.0843,26.05,12.05,-2.63,2.103,2.085,0.0005,0.6768,0.7958,0.3551,0.0345,0.8389,0.1704,3.15,0.758,urbanizing-majority,0.0,0.0094,0.9656,0.8881,0.9332,0.7387,0.163,0.2105,62.42,False
ISR,Israel,Jewish (Non-Haredi),largest_baseline_category,2.1,2.1,2.9,2.42,59.2,44.86,-14.34,45.16,-0.3,45.4,44.31,44.31,45.4,1.09,5557113,5873826,0.0,0.0,0.0,1.25,unspecified,False,0.5,0.48,0.56,0.42,0.454,1.3,1.0,0.78,0.839,0.0,0.0,0.0,0.0,0.0,1.0,1.0,0.0,0.001,0.5967,0.6826,0.0859,0.6826,1.9371,0.0843,46.96,-12.24,2.09,2.103,2.085,0.0005,0.6768,0.7958,0.3551,0.0345,0.8389,0.1704,3.15,0.758,urbanizing-majority,0.0,0.0094,0.9656,0.8881,0.9332,0.7387,0.163,0.2105,62.42,True
ISR,Israel,Arab Muslim (incl. Bedouin),higher_fertility_path,3.1,2.5,2.9,2.42,16.8,16.92,0.12,17.03,-0.11,16.94,16.88,16.88,16.94,0.06,1577019,2214802,0.0,0.0,0.0,1.25,unspecified,False,0.5,0.48,0.56,0.42,0.454,1.166,1.0,0.78,0.809,0.0,0.0,0.0,0.0,0.0,1.0,1.0,0.0,0.001,0.5967,0.6826,0.0859,0.6826,1.9371,0.0843,17.13,0.33,0.21,2.103,2.085,0.0005,0.6768,0.7958,0.3551,0.0345,0.8389,0.1704,3.15,0.758,urbanizing-majority,0.0,0.0094,0.9656,0.8881,0.9332,0.7387,0.163,0.2105,62.42,False
ISR,Israel,Arab Christian,largest_baseline_category,2.2,2.14,2.9,2.42,1.7,1.27,-0.43,1.28,-0.01,1.28,1.25,1.25,1.28,0.03,159579,165939,0.0,0.0,0.0,1.25,unspecified,False,0.5,0.48,0.56,0.42,0.454,0.939,1.0,0.78,0.758,0.0,0.0,0.0,0.0,0.0,1.0,1.0,0.0,0.001,0.5967,0.6826,0.0859,0.6826,1.9371,0.0843,1.36,-0.34,0.09,2.103,2.085,0.0005,0.6768,0.7958,0.3551,0.0345,0.8389,0.1704,3.15,0.758,urbanizing-majority,0.0,0.0094,0.9656,0.8881,0.9332,0.7387,0.163,0.2105,62.42,False
ISR,Israel,Druze,largest_baseline_category,2.3,2.18,2.9,2.42,1.6,1.23,-0.37,1.24,-0.01,1.25,1.22,1.22,1.25,0.02,150192,161611,0.0,0.0,0.0,1.25,unspecified,False,0.5,0.48,0.56,0.42,0.454,0.935,1.0,0.78,0.757,0.0,0.0,0.0,0.0,0.0,1.0,1.0,0.0,0.001,0.5967,0.6826,0.0859,0.6826,1.9371,0.0843,1.31,-0.29,0.08,2.103,2.085,0.0005,0.6768,0.7958,0.3551,0.0345,0.8389,0.1704,3.15,0.758,urbanizing-majority,0.0,0.0094,0.9656,0.8881,0.9332,0.7387,0.163,0.2105,62.42,False
ISR,Israel,Other (incl. migrant workers),migration_linked,2.9,2.42,2.9,2.42,6.7,7.04,0.34,6.42,0.62,6.86,7.26,6.86,7.26,0.41,628930,921659,0.0,0.0,0.0,1.25,unspecified,True,0.5,0.48,0.56,0.42,0.454,1.065,1.0,0.78,0.786,0.0,0.0,0.0,0.0,0.0,1.0,1.0,0.0,0.001,0.5967,0.6826,0.0859,0.6826,1.9371,0.0843,7.2,0.5,0.16,2.103,2.085,0.0005,0.6768,0.7958,0.3551,0.0345,0.8389,0.1704,3.15,0.758,urbanizing-majority,0.0,0.0094,0.9656,0.8881,0.9332,0.7387,0.163,0.2105,62.42,False
ITA,Italy,Italian,largest_baseline_category,1.2,1.47,1.2,1.47,88.5,83.15,-5.35,87.5,-4.34,84.66,81.23,81.23,84.66,3.43,52518440,43150022,0.592,0.489,0.248,2.485,unspecified,False,0.5,0.48,0.56,0.42,0.828,1.3,1.0,0.78,1.077,0.0,0.0,0.0,0.658,0.513,1.0,1.257,0.05,0.001,0.2153,0.3056,0.0903,0.3056,0.745,0.1838,83.25,-5.25,0.09,1.767,1.701,0.0005,0.3041,0.6999,0.5767,0.1423,0.8097,0.2431,1.44,0.717,urbanizing-majority,0.167,-0.0118,0.9671,0.8202,0.9289,0.6633,0.4624,1.0,61.6,True
ITA,Italy,Romanian,migration_linked,1.2,1.47,1.2,1.47,2.0,2.64,0.64,1.96,0.68,2.42,2.91,2.42,2.91,0.48,1186857,1369287,0.592,0.489,0.248,2.485,unspecified,True,0.5,0.48,0.56,0.42,0.828,0.952,1.0,0.78,0.936,0.0,0.0,0.0,0.658,0.513,1.0,1.257,0.05,0.001,0.2153,0.3056,0.0903,0.3056,0.745,0.1838,2.69,0.69,0.05,1.767,1.701,0.0005,0.3041,0.6999,0.5767,0.1423,0.8097,0.2431,1.44,0.717,urbanizing-majority,0.167,-0.0118,0.9671,0.8202,0.9289,0.6633,0.4624,1.0,61.6,False
ITA,Italy,Albanian,migration_linked,1.2,1.47,1.2,1.47,1.5,1.66,0.16,1.47,0.19,1.61,1.72,1.61,1.72,0.12,890143,862417,0.592,0.489,0.248,2.485,unspecified,True,0.5,0.48,0.56,0.42,0.828,0.93,1.0,0.78,0.927,0.0,0.0,0.0,0.658,0.513,1.0,1.257,0.05,0.001,0.2153,0.3056,0.0903,0.3056,0.745,0.1838,1.69,0.19,0.03,1.767,1.701,0.0005,0.3041,0.6999,0.5767,0.1423,0.8097,0.2431,1.44,0.717,urbanizing-majority,0.167,-0.0118,0.9671,0.8202,0.9289,0.6633,0.4624,1.0,61.6,False
ITA,Italy,Moroccan,higher_fertility_path,2.15,1.85,1.2,1.47,1.2,2.68,1.48,1.77,0.9,2.35,3.1,2.35,3.1,0.75,712114,1389679,0.592,0.489,0.248,2.485,MAR,True,0.63,0.613,0.7,0.58,0.828,0.915,1.0,0.78,1.017,0.0,0.0,0.0,0.658,0.513,1.0,1.257,0.05,0.001,0.2153,0.3056,0.0903,0.3056,0.745,0.1838,2.55,1.35,-0.12,1.767,1.701,0.0005,0.3041,0.6999,0.5767,0.1423,0.8097,0.2431,1.44,0.717,urbanizing-majority,0.167,-0.0118,0.9671,0.8202,0.9289,0.6633,0.4624,1.0,61.6,False
ITA,Italy,Chinese,migration_linked,1.0,1.39,1.2,1.47,0.8,0.79,-0.01,0.7,0.09,0.77,0.82,0.77,0.82,0.05,474743,411594,0.592,0.489,0.248,2.485,CHN,True,0.52,0.502,0.58,0.45,0.828,0.891,1.0,0.78,0.926,0.0,0.0,0.0,0.658,0.513,1.0,1.257,0.05,0.001,0.2153,0.3056,0.0903,0.3056,0.745,0.1838,0.82,0.02,0.03,1.767,1.701,0.0005,0.3041,0.6999,0.5767,0.1423,0.8097,0.2431,1.44,0.717,urbanizing-majority,0.167,-0.0118,0.9671,0.8202,0.9289,0.6633,0.4624,1.0,61.6,False
ITA,Italy,Ukrainian,migration_linked,1.2,1.47,1.2,1.47,0.7,0.78,0.08,0.69,0.1,0.75,0.81,0.75,0.81,0.06,415400,406234,0.592,0.489,0.248,2.485,UKR,True,0.615,0.539,0.82,0.52,0.828,0.884,1.0,0.78,0.991,0.0,0.0,0.0,0.658,0.513,1.0,1.257,0.05,0.001,0.2153,0.3056,0.0903,0.3056,0.745,0.1838,0.8,0.1,0.01,1.767,1.701,0.0005,0.3041,0.6999,0.5767,0.1423,0.8097,0.2431,1.44,0.717,urbanizing-majority,0.167,-0.0118,0.9671,0.8202,0.9289,0.6633,0.4624,1.0,61.6,False
ITA,Italy,Indian,migration_linked,1.9,1.75,1.2,1.47,0.5,1.28,0.78,0.67,0.61,1.05,1.57,1.05,1.57,0.52,296714,663537,0.592,0.489,0.248,2.485,IND;PAK;BGD;LKA;NPL,True,0.718,0.719,0.752,0.684,0.828,0.869,1.062,0.78,1.087,0.0,0.0,0.0,0.658,0.513,1.0,1.257,0.05,0.001,0.2153,0.3056,0.0903,0.3056,0.745,0.1838,1.24,0.74,-0.04,1.767,1.701,0.0005,0.3041,0.6999,0.5767,0.1423,0.8097,0.2431,1.44,0.717,urbanizing-majority,0.167,-0.0118,0.9671,0.8202,0.9289,0.6633,0.4624,1.0,61.6,False
ITA,Italy,Filipino,migration_linked,1.2,1.47,1.2,1.47,0.5,0.57,0.07,0.49,0.08,0.55,0.6,0.55,0.6,0.05,296714,295460,0.592,0.489,0.248,2.485,PHL,True,0.759,0.718,0.88,0.64,0.828,0.869,1.0,0.78,1.085,0.0,0.0,0.0,0.658,0.513,1.0,1.257,0.05,0.001,0.2153,0.3056,0.0903,0.3056,0.745,0.1838,0.58,0.08,0.01,1.767,1.701,0.0005,0.3041,0.6999,0.5767,0.1423,0.8097,0.2431,1.44,0.717,urbanizing-majority,0.167,-0.0118,0.9671,0.8202,0.9289,0.6633,0.4624,1.0,61.6,False
ITA,Italy,Egyptian,migration_linked,2.0,1.79,1.2,1.47,0.4,0.98,0.58,0.56,0.42,0.83,1.2,0.83,1.2,0.37,237371,510293,0.592,0.489,0.248,2.485,EGY,True,0.7,0.706,0.72,0.66,0.828,0.86,1.18,0.78,1.126,0.0,0.0,0.0,0.658,0.513,1.0,1.257,0.05,0.001,0.2153,0.3056,0.0903,0.3056,0.745,0.1838,0.95,0.55,-0.04,1.767,1.701,0.0005,0.3041,0.6999,0.5767,0.1423,0.8097,0.2431,1.44,0.717,urbanizing-majority,0.167,-0.0118,0.9671,0.8202,0.9289,0.6633,0.4624,1.0,61.6,False
ITA,Italy,Bangladeshi,migration_linked,2.2,1.87,1.2,1.47,0.4,1.07,0.67,0.6,0.47,0.9,1.32,0.9,1.32,0.42,237371,557431,0.592,0.489,0.248,2.485,BGD,True,0.735,0.788,0.68,0.84,0.828,0.86,1.16,0.78,1.145,0.0,0.0,0.0,0.658,0.513,1.0,1.257,0.05,0.001,0.2153,0.3056,0.0903,0.3056,0.745,0.1838,1.02,0.62,-0.05,1.767,1.701,0.0005,0.3041,0.6999,0.5767,0.1423,0.8097,0.2431,1.44,0.717,urbanizing-majority,0.167,-0.0118,0.9671,0.8202,0.9289,0.6633,0.4624,1.0,61.6,False
ITA,Italy,Pakistani,migration_linked,2.1,1.83,1.2,1.47,0.3,0.78,0.48,0.44,0.35,0.65,0.96,0.65,0.96,0.31,178029,406069,0.592,0.489,0.248,2.485,PAK,True,0.769,0.814,0.7,0.74,0.828,0.851,1.15,0.78,1.161,0.0,0.0,0.0,0.658,0.513,1.0,1.257,0.05,0.001,0.2153,0.3056,0.0903,0.3056,0.745,0.1838,0.75,0.45,-0.03,1.767,1.701,0.0005,0.3041,0.6999,0.5767,0.1423,0.8097,0.2431,1.44,0.717,urbanizing-majority,0.167,-0.0118,0.9671,0.8202,0.9289,0.6633,0.4624,1.0,61.6,False
ITA,Italy,Nigerian,migration_linked,1.2,1.47,1.2,1.47,0.3,0.37,0.07,0.29,0.07,0.34,0.39,0.34,0.39,0.05,178029,190676,0.592,0.489,0.248,2.485,NGA,True,0.78,0.818,0.68,0.58,0.828,0.851,1.18,0.78,1.185,0.0,0.0,0.0,0.658,0.513,1.0,1.257,0.05,0.001,0.2153,0.3056,0.0903,0.3056,0.745,0.1838,0.37,0.07,0.01,1.767,1.701,0.0005,0.3041,0.6999,0.5767,0.1423,0.8097,0.2431,1.44,0.717,urbanizing-majority,0.167,-0.0118,0.9671,0.8202,0.9289,0.6633,0.4624,1.0,61.6,False
ITA,Italy,Sri Lankan,migration_linked,1.2,1.47,1.2,1.47,0.3,0.33,0.03,0.29,0.04,0.32,0.34,0.32,0.34,0.02,178029,171520,0.592,0.489,0.248,2.485,unspecified,True,0.5,0.48,0.56,0.42,0.828,0.851,1.0,0.78,0.895,0.0,0.0,0.0,0.658,0.513,1.0,1.257,0.05,0.001,0.2153,0.3056,0.0903,0.3056,0.745,0.1838,0.34,0.04,0.01,1.767,1.701,0.0005,0.3041,0.6999,0.5767,0.1423,0.8097,0.2431,1.44,0.717,urbanizing-majority,0.167,-0.0118,0.9671,0.8202,0.9289,0.6633,0.4624,1.0,61.6,False
ITA,Italy,Moldovan,migration_linked,1.2,1.47,1.2,1.47,0.4,0.44,0.04,0.39,0.05,0.43,0.46,0.43,0.46,0.03,237371,228838,0.592,0.489,0.248,2.485,unspecified,True,0.5,0.48,0.56,0.42,0.828,0.86,1.0,0.78,0.899,0.0,0.0,0.0,0.658,0.513,1.0,1.257,0.05,0.001,0.2153,0.3056,0.0903,0.3056,0.745,0.1838,0.45,0.05,0.01,1.767,1.701,0.0005,0.3041,0.6999,0.5767,0.1423,0.8097,0.2431,1.44,0.717,urbanizing-majority,0.167,-0.0118,0.9671,0.8202,0.9289,0.6633,0.4624,1.0,61.6,False
ITA,Italy,Other,migration_linked,1.2,1.47,1.2,1.47,2.2,2.46,0.26,2.16,0.3,2.37,2.56,2.37,2.56,0.19,1305543,1278040,0.592,0.489,0.248,2.485,unspecified,True,0.5,0.48,0.56,0.42,0.828,0.96,1.0,0.78,0.939,0.0,0.0,0.0,0.658,0.513,1.0,1.257,0.05,0.001,0.2153,0.3056,0.0903,0.3056,0.745,0.1838,2.51,0.31,0.04,1.767,1.701,0.0005,0.3041,0.6999,0.5767,0.1423,0.8097,0.2431,1.44,0.717,urbanizing-majority,0.167,-0.0118,0.9671,0.8202,0.9289,0.6633,0.4624,1.0,61.6,False
JAM,Jamaica,Black (African descent),largest_baseline_category,1.7,1.82,1.7,1.82,92.1,92.15,0.05,92.23,-0.08,92.18,92.13,92.13,92.18,0.05,2614887,2262336,0.395,0.0,0.0,1.866,unspecified,False,0.5,0.48,0.56,0.42,0.588,1.3,1.0,0.78,0.924,0.0,0.0,0.0,0.0,0.0,1.0,1.138,0.0,0.001,0.1479,0.147,-0.0009,0.147,0.3072,0.1774,92.04,-0.06,-0.11,1.551,1.457,0.0005,0.149,0.6996,0.4986,0.2043,0.7862,0.2419,1.17,0.694,urbanizing-majority,0.121,0.0891,0.8638,0.7879,0.7783,0.6264,0.2799,0.4931,61.6,True
JAM,Jamaica,Mixed,identity_category_transition,1.7,1.82,1.7,1.82,6.1,6.0,-0.1,6.01,-0.01,6.0,6.0,6.0,6.0,0.0,173190,147306,0.395,0.0,0.0,1.866,unspecified,False,0.5,0.48,0.56,0.42,0.588,1.055,1.0,0.78,0.853,0.0,0.0,0.0,0.0,0.0,1.0,1.138,0.0,0.001,0.1479,0.147,-0.0009,0.147,0.3072,0.1774,6.09,-0.01,0.09,1.551,1.457,0.0005,0.149,0.6996,0.4986,0.2043,0.7862,0.2419,1.17,0.694,urbanizing-majority,0.121,0.0891,0.8638,0.7879,0.7783,0.6264,0.2799,0.4931,61.6,False
JAM,Jamaica,East Indian,largest_baseline_category,1.7,1.82,1.7,1.82,0.8,0.78,-0.02,0.78,-0.0,0.78,0.78,0.78,0.78,0.0,22713,19104,0.395,0.0,0.0,1.866,IND;PAK;BGD;LKA;NPL,False,0.718,0.719,0.752,0.684,0.588,0.891,1.0,0.78,0.918,0.0,0.0,0.0,0.0,0.0,1.0,1.138,0.0,0.001,0.1479,0.147,-0.0009,0.147,0.3072,0.1774,0.79,-0.01,0.01,1.551,1.457,0.0005,0.149,0.6996,0.4986,0.2043,0.7862,0.2419,1.17,0.694,urbanizing-majority,0.121,0.0891,0.8638,0.7879,0.7783,0.6264,0.2799,0.4931,61.6,False
JAM,Jamaica,Other,identity_category_transition,1.7,1.82,1.7,1.82,1.0,1.07,0.07,0.98,0.08,1.04,1.1,1.04,1.1,0.06,28392,26199,0.395,0.0,0.0,1.866,unspecified,False,0.5,0.48,0.56,0.42,0.588,0.903,1.0,0.78,0.81,0.0,0.0,0.0,0.0,0.0,1.0,1.138,0.0,0.001,0.1479,0.147,-0.0009,0.147,0.3072,0.1774,1.08,0.08,0.02,1.551,1.457,0.0005,0.149,0.6996,0.4986,0.2043,0.7862,0.2419,1.17,0.694,urbanizing-majority,0.121,0.0891,0.8638,0.7879,0.7783,0.6264,0.2799,0.4931,61.6,False
JOR,Jordan,Transjordanian Arab,higher_fertility_path,3.45,2.64,2.7,2.34,40.0,43.42,3.42,43.42,0.0,43.37,43.47,43.37,43.47,0.1,4621154,7107181,0.0,0.0,0.0,1.25,unspecified,False,0.5,0.48,0.56,0.42,0.454,1.266,1.0,0.78,0.831,0.0,0.0,0.0,0.0,0.0,1.0,1.0,0.0,0.001,0.7228,0.7088,-0.014,0.7088,2.093,0.1512,42.3,2.3,-1.12,2.238,2.262,0.0005,0.714,0.6716,0.3535,0.0588,0.7805,0.2001,3.43,0.74,urbanizing-majority,0.0,0.0755,0.9376,0.8014,0.7595,0.5538,0.3394,0.0806,56.5,True
JOR,Jordan,Jordanian of Palestinian origin,higher_fertility_path,3.05,2.48,2.7,2.34,30.0,27.49,-2.51,27.49,0.0,27.54,27.44,27.44,27.54,0.1,3465866,4499142,0.0,0.0,0.0,1.25,unspecified,False,0.5,0.48,0.56,0.42,0.454,1.232,1.0,0.78,0.823,0.0,0.0,0.0,0.0,0.0,1.0,1.0,0.0,0.001,0.7228,0.7088,-0.014,0.7088,2.093,0.1512,28.17,-1.83,0.68,2.238,2.262,0.0005,0.714,0.6716,0.3535,0.0588,0.7805,0.2001,3.43,0.74,urbanizing-majority,0.0,0.0755,0.9376,0.8014,0.7595,0.5538,0.3394,0.0806,56.5,False
JOR,Jordan,Palestinian,higher_fertility_path,3.05,2.48,2.7,2.34,7.0,6.41,-0.59,6.41,0.0,6.43,6.4,6.4,6.43,0.02,808702,1049800,0.0,0.0,0.0,1.25,unspecified,False,0.5,0.48,0.56,0.42,0.454,1.07,1.0,0.78,0.787,0.0,0.0,0.0,0.0,0.0,1.0,1.0,0.0,0.001,0.7228,0.7088,-0.014,0.7088,2.093,0.1512,6.57,-0.43,0.16,2.238,2.262,0.0005,0.714,0.6716,0.3535,0.0588,0.7805,0.2001,3.43,0.74,urbanizing-majority,0.0,0.0755,0.9376,0.8014,0.7595,0.5538,0.3394,0.0806,56.5,False
JOR,Jordan,Syrian,higher_fertility_path,3.45,2.64,2.7,2.34,13.0,13.26,0.26,13.26,0.0,13.25,13.28,13.25,13.28,0.03,1501875,2170751,0.0,0.0,0.0,1.25,SYR,False,0.672,0.726,0.6,0.74,0.454,1.137,1.0,0.78,0.89,0.0,0.0,0.0,0.0,0.0,1.0,1.0,0.0,0.001,0.7228,0.7088,-0.014,0.7088,2.093,0.1512,13.37,0.37,0.1,2.238,2.262,0.0005,0.714,0.6716,0.3535,0.0588,0.7805,0.2001,3.43,0.74,urbanizing-majority,0.0,0.0755,0.9376,0.8014,0.7595,0.5538,0.3394,0.0806,56.5,False
JOR,Jordan,Egyptian,higher_fertility_path,3.45,2.64,2.7,2.34,7.0,7.14,0.14,7.14,0.0,7.13,7.15,7.13,7.15,0.02,808702,1168866,0.0,0.0,0.0,1.25,EGY,False,0.7,0.706,0.72,0.66,0.454,1.07,1.0,0.78,0.882,0.0,0.0,0.0,0.0,0.0,1.0,1.0,0.0,0.001,0.7228,0.7088,-0.014,0.7088,2.093,0.1512,7.2,0.2,0.06,2.238,2.262,0.0005,0.714,0.6716,0.3535,0.0588,0.7805,0.2001,3.43,0.74,urbanizing-majority,0.0,0.0755,0.9376,0.8014,0.7595,0.5538,0.3394,0.0806,56.5,False
JOR,Jordan,Other Arab,largest_baseline_category,2.7,2.34,2.7,2.34,1.5,1.21,-0.29,1.21,0.0,1.22,1.21,1.21,1.22,0.01,173293,198687,0.0,0.0,0.0,1.25,unspecified,False,0.5,0.48,0.56,0.42,0.454,0.93,1.0,0.78,0.756,0.0,0.0,0.0,0.0,0.0,1.0,1.0,0.0,0.001,0.7228,0.7088,-0.014,0.7088,2.093,0.1512,1.27,-0.23,0.05,2.238,2.262,0.0005,0.714,0.6716,0.3535,0.0588,0.7805,0.2001,3.43,0.74,urbanizing-majority,0.0,0.0755,0.9376,0.8014,0.7595,0.5538,0.3394,0.0806,56.5,False
JOR,Jordan,Circassian/Chechen/Armenian,lower_fertility_path,2.3,2.18,2.7,2.34,1.5,1.06,-0.44,1.06,0.0,1.07,1.05,1.05,1.07,0.02,173293,172928,0.0,0.0,0.0,1.25,unspecified,False,0.5,0.48,0.56,0.42,0.454,0.93,1.0,0.78,0.756,0.0,0.0,0.0,0.0,0.0,1.0,1.0,0.0,0.001,0.7228,0.7088,-0.014,0.7088,2.093,0.1512,1.13,-0.37,0.07,2.238,2.262,0.0005,0.714,0.6716,0.3535,0.0588,0.7805,0.2001,3.43,0.74,urbanizing-majority,0.0,0.0755,0.9376,0.8014,0.7595,0.5538,0.3394,0.0806,56.5,False
JPN,Japan,Japanese,largest_baseline_category,1.2,1.47,1.2,1.47,97.4,96.2,-1.2,97.43,-1.23,96.64,95.63,95.63,96.64,1.01,120535462,101132952,0.636,0.0,0.0,2.343,unspecified,False,0.5,0.48,0.56,0.42,0.83,1.3,1.0,0.68,1.048,0.0,0.88,0.0,0.554,0.111,1.1,1.345,0.0,0.001,0.0512,0.0742,0.023,0.0742,0.155,0.1839,96.17,-1.23,-0.04,1.493,1.322,0.0005,0.0749,0.706,0.6023,0.1578,0.8354,0.2352,1.08,0.789,metropolitan-heavy,0.134,-0.0172,0.973,0.8475,0.9071,0.6417,0.4878,1.0,60.28,True
JPN,Japan,Chinese,migration_linked,1.0,1.39,1.2,1.47,0.8,1.06,0.26,0.71,0.35,0.95,1.21,0.95,1.21,0.27,990024,1116495,0.636,0.0,0.0,2.343,CHN,True,0.52,0.502,0.58,0.45,0.83,0.891,1.0,0.68,0.905,0.0,0.88,0.0,0.554,0.111,1.1,1.345,0.0,0.001,0.0512,0.0742,0.023,0.0742,0.155,0.1839,1.1,0.3,0.04,1.493,1.322,0.0005,0.0749,0.706,0.6023,0.1578,0.8354,0.2352,1.08,0.789,metropolitan-heavy,0.134,-0.0172,0.973,0.8475,0.9071,0.6417,0.4878,1.0,60.28,False
JPN,Japan,Korean,lower_fertility_path,0.7,1.27,1.2,1.47,0.4,0.28,-0.12,0.29,-0.0,0.29,0.28,0.28,0.29,0.01,495012,295908,0.636,0.0,0.0,2.343,unspecified,False,0.5,0.48,0.56,0.42,0.83,0.86,1.0,0.68,0.88,0.0,0.88,0.0,0.554,0.111,1.1,1.345,0.0,0.001,0.0512,0.0742,0.023,0.0742,0.155,0.1839,0.3,-0.1,0.02,1.493,1.322,0.0005,0.0749,0.706,0.6023,0.1578,0.8354,0.2352,1.08,0.789,metropolitan-heavy,0.134,-0.0172,0.973,0.8475,0.9071,0.6417,0.4878,1.0,60.28,False
JPN,Japan,Filipino,migration_linked,1.7,1.67,1.2,1.47,0.4,0.92,0.52,0.5,0.41,0.76,1.13,0.76,1.13,0.37,495012,961940,0.636,0.0,0.0,2.343,PHL,True,0.759,0.718,0.88,0.64,0.83,0.86,1.2,0.68,1.151,0.0,0.88,0.0,0.554,0.111,1.1,1.345,0.0,0.001,0.0512,0.0742,0.023,0.0742,0.155,0.1839,0.89,0.49,-0.02,1.493,1.322,0.0005,0.0749,0.706,0.6023,0.1578,0.8354,0.2352,1.08,0.789,metropolitan-heavy,0.134,-0.0172,0.973,0.8475,0.9071,0.6417,0.4878,1.0,60.28,False
JPN,Japan,Vietnamese,migration_linked,1.5,1.59,1.2,1.47,0.3,0.7,0.4,0.35,0.35,0.57,0.87,0.57,0.87,0.31,371259,735998,0.636,0.0,0.0,2.343,VNM,True,0.71,0.674,0.84,0.68,0.83,0.851,1.28,0.68,1.144,0.0,0.88,0.0,0.554,0.111,1.1,1.345,0.0,0.001,0.0512,0.0742,0.023,0.0742,0.155,0.1839,0.69,0.39,-0.01,1.493,1.322,0.0005,0.0749,0.706,0.6023,0.1578,0.8354,0.2352,1.08,0.789,metropolitan-heavy,0.134,-0.0172,0.973,0.8475,0.9071,0.6417,0.4878,1.0,60.28,False
JPN,Japan,Brazilian (Nikkei),migration_linked,1.4,1.55,1.2,1.47,0.2,0.25,0.05,0.22,0.03,0.24,0.27,0.24,0.27,0.03,247506,267863,0.636,0.0,0.0,2.343,unspecified,True,0.5,0.48,0.56,0.42,0.83,0.842,1.0,0.68,0.873,0.0,0.88,0.0,0.554,0.111,1.1,1.345,0.0,0.001,0.0512,0.0742,0.023,0.0742,0.155,0.1839,0.25,0.05,-0.0,1.493,1.322,0.0005,0.0749,0.706,0.6023,0.1578,0.8354,0.2352,1.08,0.789,metropolitan-heavy,0.134,-0.0172,0.973,0.8475,0.9071,0.6417,0.4878,1.0,60.28,False
JPN,Japan,Other,migration_linked,1.2,1.47,1.2,1.47,0.5,0.58,0.08,0.5,0.08,0.56,0.61,0.56,0.61,0.06,618765,612007,0.636,0.0,0.0,2.343,unspecified,True,0.5,0.48,0.56,0.42,0.83,0.869,1.0,0.68,0.883,0.0,0.88,0.0,0.554,0.111,1.1,1.345,0.0,0.001,0.0512,0.0742,0.023,0.0742,0.155,0.1839,0.59,0.09,0.01,1.493,1.322,0.0005,0.0749,0.706,0.6023,0.1578,0.8354,0.2352,1.08,0.789,metropolitan-heavy,0.134,-0.0172,0.973,0.8475,0.9071,0.6417,0.4878,1.0,60.28,False
KAZ,Kazakhstan,Kazakh,higher_fertility_path,3.25,2.56,2.9,2.42,70.4,74.16,3.76,74.61,-0.45,74.21,74.08,74.08,74.21,0.13,14497172,19685113,0.0,0.0,0.0,1.25,unspecified,False,0.5,0.48,0.56,0.42,0.454,1.3,1.0,0.78,0.839,0.0,0.0,0.0,0.0,0.0,1.0,1.0,0.0,0.001,0.4746,0.4294,-0.0453,0.4294,1.0748,0.1043,73.24,2.84,-0.92,1.911,1.914,0.0005,0.4411,0.7769,0.3288,0.0718,0.8376,0.1642,1.75,0.663,urbanizing-majority,0.0,0.0487,0.8816,0.8747,0.901,0.7132,0.2176,0.3481,62.14,True
KAZ,Kazakhstan,Russian,lower_fertility_path,2.5,2.26,2.9,2.42,15.5,12.23,-3.27,12.31,-0.08,12.33,12.14,12.14,12.33,0.19,3191849,3247071,0.0,0.0,0.0,1.25,unspecified,False,0.5,0.48,0.56,0.42,0.454,1.156,1.0,0.78,0.807,0.0,0.0,0.0,0.0,0.0,1.0,1.0,0.0,0.001,0.4746,0.4294,-0.0453,0.4294,1.0748,0.1043,12.83,-2.67,0.6,1.911,1.914,0.0005,0.4411,0.7769,0.3288,0.0718,0.8376,0.1642,1.75,0.663,urbanizing-majority,0.0,0.0487,0.8816,0.8747,0.901,0.7132,0.2176,0.3481,62.14,False
KAZ,Kazakhstan,Uzbek,higher_fertility_path,3.25,2.56,2.9,2.42,3.2,3.25,0.05,3.27,-0.02,3.25,3.25,3.25,3.25,0.01,658962,863321,0.0,0.0,0.0,1.25,unspecified,False,0.5,0.48,0.56,0.42,0.454,0.992,1.0,0.78,0.77,0.0,0.0,0.0,0.0,0.0,1.0,1.0,0.0,0.001,0.4746,0.4294,-0.0453,0.4294,1.0748,0.1043,3.28,0.08,0.02,1.911,1.914,0.0005,0.4411,0.7769,0.3288,0.0718,0.8376,0.1642,1.75,0.663,urbanizing-majority,0.0,0.0487,0.8816,0.8747,0.901,0.7132,0.2176,0.3481,62.14,False
KAZ,Kazakhstan,Ukrainian,lower_fertility_path,2.5,2.26,2.9,2.42,2.0,1.58,-0.42,1.59,-0.01,1.59,1.57,1.57,1.59,0.02,411851,418977,0.0,0.0,0.0,1.25,UKR,False,0.615,0.539,0.82,0.52,0.454,0.952,1.0,0.78,0.81,0.0,0.0,0.0,0.0,0.0,1.0,1.0,0.0,0.001,0.4746,0.4294,-0.0453,0.4294,1.0748,0.1043,1.66,-0.34,0.08,1.911,1.914,0.0005,0.4411,0.7769,0.3288,0.0718,0.8376,0.1642,1.75,0.663,urbanizing-majority,0.0,0.0487,0.8816,0.8747,0.901,0.7132,0.2176,0.3481,62.14,False
KAZ,Kazakhstan,Uyghur,higher_fertility_path,3.25,2.56,2.9,2.42,1.5,1.52,0.02,1.53,-0.01,1.53,1.52,1.52,1.53,0.0,308889,404682,0.0,0.0,0.0,1.25,unspecified,False,0.5,0.48,0.56,0.42,0.454,0.93,1.0,0.78,0.756,0.0,0.0,0.0,0.0,0.0,1.0,1.0,0.0,0.001,0.4746,0.4294,-0.0453,0.4294,1.0748,0.1043,1.54,0.04,0.01,1.911,1.914,0.0005,0.4411,0.7769,0.3288,0.0718,0.8376,0.1642,1.75,0.663,urbanizing-majority,0.0,0.0487,0.8816,0.8747,0.901,0.7132,0.2176,0.3481,62.14,False
KAZ,Kazakhstan,German,lower_fertility_path,2.4,2.22,2.9,2.42,1.1,0.84,-0.26,0.85,-0.01,0.85,0.83,0.83,0.85,0.02,226518,223095,0.0,0.0,0.0,1.25,unspecified,False,0.5,0.48,0.56,0.42,0.454,0.909,1.0,0.78,0.752,0.0,0.0,0.0,0.0,0.0,1.0,1.0,0.0,0.001,0.4746,0.4294,-0.0453,0.4294,1.0748,0.1043,0.89,-0.21,0.05,1.911,1.914,0.0005,0.4411,0.7769,0.3288,0.0718,0.8376,0.1642,1.75,0.663,urbanizing-majority,0.0,0.0487,0.8816,0.8747,0.901,0.7132,0.2176,0.3481,62.14,False
KAZ,Kazakhstan,Other,migration_linked,2.9,2.42,2.9,2.42,6.3,6.41,0.11,5.84,0.57,6.25,6.61,6.25,6.61,0.36,1297332,1702009,0.0,0.0,0.0,1.25,unspecified,True,0.5,0.48,0.56,0.42,0.454,1.059,1.0,0.78,0.785,0.0,0.0,0.0,0.0,0.0,1.0,1.0,0.0,0.001,0.4746,0.4294,-0.0453,0.4294,1.0748,0.1043,6.57,0.27,0.16,1.911,1.914,0.0005,0.4411,0.7769,0.3288,0.0718,0.8376,0.1642,1.75,0.663,urbanizing-majority,0.0,0.0487,0.8816,0.8747,0.901,0.7132,0.2176,0.3481,62.14,False
KEN,Kenya,Kikuyu,largest_baseline_category,3.2,2.71,3.2,2.71,17.1,18.94,1.84,18.94,0.0,18.95,18.93,18.93,18.95,0.02,9650034,15833345,0.0,0.0,0.0,1.25,unspecified,False,0.5,0.48,0.56,0.42,0.454,1.168,1.0,0.78,0.809,0.78,0.0,0.767,0.0,0.0,1.0,1.0,0.0,0.001,0.8912,0.8887,-0.0025,0.8887,3.1686,0.2331,17.82,0.72,-1.12,2.272,2.498,0.0005,0.8906,0.5477,0.2611,0.1943,0.7411,0.1929,8.98,0.45,mixed-rural-urban,0.0,0.1013,0.7478,0.7337,0.7069,0.3304,0.5122,0.0,55.6,True
KEN,Kenya,Luhya,largest_baseline_category,3.2,2.71,3.2,2.71,14.3,13.71,-0.59,13.71,0.0,13.71,13.7,13.7,13.71,0.01,8069911,11457476,0.0,0.0,0.0,1.25,unspecified,False,0.5,0.48,0.56,0.42,0.454,1.147,1.0,0.78,0.805,0.78,0.0,0.767,0.0,0.0,1.0,1.0,0.0,0.001,0.8912,0.8887,-0.0025,0.8887,3.1686,0.2331,13.93,-0.37,0.23,2.272,2.498,0.0005,0.8906,0.5477,0.2611,0.1943,0.7411,0.1929,8.98,0.45,mixed-rural-urban,0.0,0.1013,0.7478,0.7337,0.7069,0.3304,0.5122,0.0,55.6,False
KEN,Kenya,Kalenjin,largest_baseline_category,3.2,2.71,3.2,2.71,13.4,12.84,-0.56,12.84,0.0,12.85,12.84,12.84,12.85,0.01,7562015,10736376,0.0,0.0,0.0,1.25,unspecified,False,0.5,0.48,0.56,0.42,0.454,1.14,1.0,0.78,0.803,0.78,0.0,0.767,0.0,0.0,1.0,1.0,0.0,0.001,0.8912,0.8887,-0.0025,0.8887,3.1686,0.2331,13.06,-0.34,0.21,2.272,2.498,0.0005,0.8906,0.5477,0.2611,0.1943,0.7411,0.1929,8.98,0.45,mixed-rural-urban,0.0,0.1013,0.7478,0.7337,0.7069,0.3304,0.5122,0.0,55.6,False
KEN,Kenya,Luo,largest_baseline_category,3.2,2.71,3.2,2.71,10.7,10.26,-0.44,10.26,0.0,10.26,10.25,10.25,10.26,0.01,6038325,8573076,0.0,0.0,0.0,1.25,unspecified,False,0.5,0.48,0.56,0.42,0.454,1.115,1.0,0.78,0.797,0.78,0.0,0.767,0.0,0.0,1.0,1.0,0.0,0.001,0.8912,0.8887,-0.0025,0.8887,3.1686,0.2331,10.43,-0.27,0.17,2.272,2.498,0.0005,0.8906,0.5477,0.2611,0.1943,0.7411,0.1929,8.98,0.45,mixed-rural-urban,0.0,0.1013,0.7478,0.7337,0.7069,0.3304,0.5122,0.0,55.6,False
KEN,Kenya,Kamba,largest_baseline_category,3.2,2.71,3.2,2.71,10.1,9.68,-0.42,9.68,0.0,9.68,9.68,9.68,9.68,0.01,5699728,8092343,0.0,0.0,0.0,1.25,unspecified,False,0.5,0.48,0.56,0.42,0.454,1.109,1.0,0.78,0.796,0.78,0.0,0.767,0.0,0.0,1.0,1.0,0.0,0.001,0.8912,0.8887,-0.0025,0.8887,3.1686,0.2331,9.84,-0.26,0.16,2.272,2.498,0.0005,0.8906,0.5477,0.2611,0.1943,0.7411,0.1929,8.98,0.45,mixed-rural-urban,0.0,0.1013,0.7478,0.7337,0.7069,0.3304,0.5122,0.0,55.6,False
KEN,Kenya,Somali,higher_fertility_path,3.95,3.01,3.2,2.71,6.8,8.03,1.23,8.03,0.0,8.0,8.07,8.0,8.07,0.08,3837440,6716602,0.0,0.0,0.0,1.25,SOM;ETH;KEN,False,0.717,0.799,0.567,0.747,0.454,1.066,1.0,0.78,0.89,0.78,0.0,0.767,0.0,0.0,1.0,1.0,0.0,0.001,0.8912,0.8887,-0.0025,0.8887,3.1686,0.2331,7.95,1.15,-0.08,2.272,2.498,0.0005,0.8906,0.5477,0.2611,0.1943,0.7411,0.1929,8.98,0.45,mixed-rural-urban,0.0,0.1013,0.7478,0.7337,0.7069,0.3304,0.5122,0.0,55.6,False
KEN,Kenya,Kisii,largest_baseline_category,3.2,2.71,3.2,2.71,5.7,5.46,-0.24,5.46,0.0,5.47,5.46,5.46,5.47,0.0,3216678,4566966,0.0,0.0,0.0,1.25,unspecified,False,0.5,0.48,0.56,0.42,0.454,1.048,1.0,0.78,0.783,0.78,0.0,0.767,0.0,0.0,1.0,1.0,0.0,0.001,0.8912,0.8887,-0.0025,0.8887,3.1686,0.2331,5.55,-0.15,0.09,2.272,2.498,0.0005,0.8906,0.5477,0.2611,0.1943,0.7411,0.1929,8.98,0.45,mixed-rural-urban,0.0,0.1013,0.7478,0.7337,0.7069,0.3304,0.5122,0.0,55.6,False
KEN,Kenya,Mijikenda,largest_baseline_category,3.2,2.71,3.2,2.71,5.2,4.98,-0.22,4.98,0.0,4.99,4.98,4.98,4.99,0.0,2934513,4166355,0.0,0.0,0.0,1.25,unspecified,False,0.5,0.48,0.56,0.42,0.454,1.039,1.0,0.78,0.781,0.78,0.0,0.767,0.0,0.0,1.0,1.0,0.0,0.001,0.8912,0.8887,-0.0025,0.8887,3.1686,0.2331,5.07,-0.13,0.08,2.272,2.498,0.0005,0.8906,0.5477,0.2611,0.1943,0.7411,0.1929,8.98,0.45,mixed-rural-urban,0.0,0.1013,0.7478,0.7337,0.7069,0.3304,0.5122,0.0,55.6,False
KEN,Kenya,Meru,largest_baseline_category,3.2,2.71,3.2,2.71,4.2,4.03,-0.17,4.03,0.0,4.03,4.02,4.02,4.03,0.0,2370184,3365133,0.0,0.0,0.0,1.25,unspecified,False,0.5,0.48,0.56,0.42,0.454,1.018,1.0,0.78,0.776,0.78,0.0,0.767,0.0,0.0,1.0,1.0,0.0,0.001,0.8912,0.8887,-0.0025,0.8887,3.1686,0.2331,4.09,-0.11,0.07,2.272,2.498,0.0005,0.8906,0.5477,0.2611,0.1943,0.7411,0.1929,8.98,0.45,mixed-rural-urban,0.0,0.1013,0.7478,0.7337,0.7069,0.3304,0.5122,0.0,55.6,False
KEN,Kenya,Turkana,largest_baseline_category,3.2,2.71,3.2,2.71,2.5,2.4,-0.1,2.4,0.0,2.4,2.4,2.4,2.4,0.0,1410824,2003055,0.0,0.0,0.0,1.25,unspecified,False,0.5,0.48,0.56,0.42,0.454,0.97,1.0,0.78,0.765,0.78,0.0,0.767,0.0,0.0,1.0,1.0,0.0,0.001,0.8912,0.8887,-0.0025,0.8887,3.1686,0.2331,2.44,-0.06,0.04,2.272,2.498,0.0005,0.8906,0.5477,0.2611,0.1943,0.7411,0.1929,8.98,0.45,mixed-rural-urban,0.0,0.1013,0.7478,0.7337,0.7069,0.3304,0.5122,0.0,55.6,False
KEN,Kenya,Maasai,largest_baseline_category,3.2,2.71,3.2,2.71,2.2,2.11,-0.09,2.11,0.0,2.11,2.11,2.11,2.11,0.0,1241525,1762689,0.0,0.0,0.0,1.25,unspecified,False,0.5,0.48,0.56,0.42,0.454,0.96,1.0,0.78,0.763,0.78,0.0,0.767,0.0,0.0,1.0,1.0,0.0,0.001,0.8912,0.8887,-0.0025,0.8887,3.1686,0.2331,2.14,-0.06,0.03,2.272,2.498,0.0005,0.8906,0.5477,0.2611,0.1943,0.7411,0.1929,8.98,0.45,mixed-rural-urban,0.0,0.1013,0.7478,0.7337,0.7069,0.3304,0.5122,0.0,55.6,False
KEN,Kenya,Other,identity_category_transition,3.2,2.71,3.2,2.71,7.8,7.56,-0.24,7.56,0.0,7.56,7.56,7.56,7.56,0.01,4401770,6319817,0.0,0.0,0.0,1.25,unspecified,False,0.5,0.48,0.56,0.42,0.454,1.081,1.0,0.78,0.79,0.78,0.0,0.767,0.0,0.0,1.0,1.0,0.0,0.001,0.8912,0.8887,-0.0025,0.8887,3.1686,0.2331,7.69,-0.11,0.12,2.272,2.498,0.0005,0.8906,0.5477,0.2611,0.1943,0.7411,0.1929,8.98,0.45,mixed-rural-urban,0.0,0.1013,0.7478,0.7337,0.7069,0.3304,0.5122,0.0,55.6,False
KGZ,Kyrgyzstan,Kyrgyz,higher_fertility_path,3.35,2.74,3.0,2.6,73.8,75.82,2.02,75.82,0.0,75.79,75.86,75.79,75.86,0.07,5303278,7311709,0.0,0.0,0.0,1.25,unspecified,False,0.5,0.48,0.56,0.42,0.454,1.3,1.0,0.78,0.839,0.0,0.0,0.0,0.0,0.0,1.0,1.0,0.0,0.001,0.4279,0.3998,-0.0282,0.3998,0.9551,0.1535,75.29,1.49,-0.53,1.744,1.849,0.0005,0.407,0.6922,0.2643,0.118,0.7867,0.1801,1.67,0.457,mixed-rural-urban,0.0,0.0856,0.8414,0.8581,0.7242,0.5552,0.2577,0.135,59.38,True
KGZ,Kyrgyzstan,Uzbek,higher_fertility_path,3.35,2.74,3.0,2.6,14.8,14.69,-0.11,14.69,0.0,14.68,14.69,14.68,14.69,0.01,1063530,1416309,0.0,0.0,0.0,1.25,unspecified,False,0.5,0.48,0.56,0.42,0.454,1.151,1.0,0.78,0.805,0.0,0.0,0.0,0.0,0.0,1.0,1.0,0.0,0.001,0.4279,0.3998,-0.0282,0.3998,0.9551,0.1535,14.86,0.06,0.18,1.744,1.849,0.0005,0.407,0.6922,0.2643,0.118,0.7867,0.1801,1.67,0.457,mixed-rural-urban,0.0,0.0856,0.8414,0.8581,0.7242,0.5552,0.2577,0.135,59.38,False
KGZ,Kyrgyzstan,Russian,lower_fertility_path,2.6,2.44,3.0,2.6,5.9,4.59,-1.31,4.59,0.0,4.61,4.56,4.56,4.61,0.06,423975,442232,0.0,0.0,0.0,1.25,unspecified,False,0.5,0.48,0.56,0.42,0.454,1.052,1.0,0.78,0.783,0.0,0.0,0.0,0.0,0.0,1.0,1.0,0.0,0.001,0.4279,0.3998,-0.0282,0.3998,0.9551,0.1535,4.81,-1.09,0.22,1.744,1.849,0.0005,0.407,0.6922,0.2643,0.118,0.7867,0.1801,1.67,0.457,mixed-rural-urban,0.0,0.0856,0.8414,0.8581,0.7242,0.5552,0.2577,0.135,59.38,False
KGZ,Kyrgyzstan,Dungan,largest_baseline_category,3.0,2.6,3.0,2.6,1.1,0.97,-0.13,0.97,0.0,0.97,0.97,0.97,0.97,0.0,79046,93697,0.0,0.0,0.0,1.25,unspecified,False,0.5,0.48,0.56,0.42,0.454,0.909,1.0,0.78,0.752,0.0,0.0,0.0,0.0,0.0,1.0,1.0,0.0,0.001,0.4279,0.3998,-0.0282,0.3998,0.9551,0.1535,1.0,-0.1,0.03,1.744,1.849,0.0005,0.407,0.6922,0.2643,0.118,0.7867,0.1801,1.67,0.457,mixed-rural-urban,0.0,0.0856,0.8414,0.8581,0.7242,0.5552,0.2577,0.135,59.38,False
KGZ,Kyrgyzstan,Other,identity_category_transition,3.0,2.6,3.0,2.6,4.4,3.93,-0.47,3.93,0.0,3.94,3.92,3.92,3.94,0.02,316185,379002,0.0,0.0,0.0,1.25,unspecified,False,0.5,0.48,0.56,0.42,0.454,1.022,1.0,0.78,0.777,0.0,0.0,0.0,0.0,0.0,1.0,1.0,0.0,0.001,0.4279,0.3998,-0.0282,0.3998,0.9551,0.1535,4.04,-0.36,0.11,1.744,1.849,0.0005,0.407,0.6922,0.2643,0.118,0.7867,0.1801,1.67,0.457,mixed-rural-urban,0.0,0.0856,0.8414,0.8581,0.7242,0.5552,0.2577,0.135,59.38,False
KHM,Cambodia,Khmer,largest_baseline_category,2.4,2.22,2.4,2.22,92.3,91.16,-1.14,91.69,-0.53,91.34,90.94,90.94,91.34,0.4,16280616,19992026,0.0,0.0,0.0,1.25,unspecified,False,0.5,0.48,0.56,0.42,0.454,1.3,1.0,0.78,0.839,0.0,0.0,0.0,0.0,0.0,1.0,1.0,0.0,0.001,0.1454,0.1657,0.0203,0.1657,0.3559,0.184,91.14,-1.16,-0.02,1.461,1.454,0.0005,0.166,0.6113,0.301,0.1624,0.7289,0.2235,1.2,0.533,mixed-rural-urban,0.0,0.1486,0.8667,0.6738,0.7358,0.4323,0.2101,0.0809,60.72,True
KHM,Cambodia,Vietnamese,migration_linked,2.4,2.22,2.4,2.22,4.7,5.15,0.45,4.64,0.51,4.99,5.34,4.99,5.34,0.34,829024,1129099,0.0,0.0,0.0,1.25,VNM,True,0.71,0.674,0.84,0.68,0.454,1.029,1.0,0.78,0.875,0.0,0.0,0.0,0.0,0.0,1.0,1.0,0.0,0.001,0.1454,0.1657,0.0203,0.1657,0.3559,0.184,5.23,0.53,0.08,1.461,1.454,0.0005,0.166,0.6113,0.301,0.1624,0.7289,0.2235,1.2,0.533,mixed-rural-urban,0.0,0.1486,0.8667,0.6738,0.7358,0.4323,0.2101,0.0809,60.72,False
KHM,Cambodia,Cham (Muslim),higher_fertility_path,3.35,2.6,2.4,2.22,2.0,2.59,0.59,2.6,-0.02,2.57,2.6,2.57,2.6,0.03,352776,567715,0.0,0.0,0.0,1.25,unspecified,False,0.5,0.48,0.56,0.42,0.454,0.952,1.0,0.78,0.761,0.0,0.0,0.0,0.0,0.0,1.0,1.0,0.0,0.001,0.1454,0.1657,0.0203,0.1657,0.3559,0.184,2.52,0.52,-0.07,1.461,1.454,0.0005,0.166,0.6113,0.301,0.1624,0.7289,0.2235,1.2,0.533,mixed-rural-urban,0.0,0.1486,0.8667,0.6738,0.7358,0.4323,0.2101,0.0809,60.72,False
KHM,Cambodia,Chinese (Khmer-Chen),migration_linked,2.2,2.14,2.4,2.22,0.5,0.5,0.0,0.46,0.04,0.49,0.52,0.49,0.52,0.03,88194,110747,0.0,0.0,0.0,1.25,CHN,True,0.52,0.502,0.58,0.45,0.454,0.869,1.0,0.78,0.751,0.0,0.0,0.0,0.0,0.0,1.0,1.0,0.0,0.001,0.1454,0.1657,0.0203,0.1657,0.3559,0.184,0.52,0.02,0.01,1.461,1.454,0.0005,0.166,0.6113,0.301,0.1624,0.7289,0.2235,1.2,0.533,mixed-rural-urban,0.0,0.1486,0.8667,0.6738,0.7358,0.4323,0.2101,0.0809,60.72,False
KHM,Cambodia,Tampuan/Jarai (indigenous uplands),higher_fertility_path,3.25,2.56,2.4,2.22,0.4,0.5,0.1,0.51,-0.0,0.5,0.51,0.5,0.51,0.0,70555,110577,0.0,0.0,0.0,1.25,unspecified,False,0.5,0.48,0.56,0.42,0.454,0.86,1.0,0.78,0.741,0.0,0.0,0.0,0.0,0.0,1.0,1.0,0.0,0.001,0.1454,0.1657,0.0203,0.1657,0.3559,0.184,0.49,0.09,-0.01,1.461,1.454,0.0005,0.166,0.6113,0.301,0.1624,0.7289,0.2235,1.2,0.533,mixed-rural-urban,0.0,0.1486,0.8667,0.6738,0.7358,0.4323,0.2101,0.0809,60.72,False
KHM,Cambodia,Other,identity_category_transition,2.4,2.22,2.4,2.22,0.1,0.1,-0.0,0.1,-0.0,0.1,0.1,0.1,0.1,0.0,17639,21290,0.0,0.0,0.0,1.25,unspecified,False,0.5,0.48,0.56,0.42,0.454,0.831,1.0,0.78,0.735,0.0,0.0,0.0,0.0,0.0,1.0,1.0,0.0,0.001,0.1454,0.1657,0.0203,0.1657,0.3559,0.184,0.1,-0.0,0.0,1.461,1.454,0.0005,0.166,0.6113,0.301,0.1624,0.7289,0.2235,1.2,0.533,mixed-rural-urban,0.0,0.1486,0.8667,0.6738,0.7358,0.4323,0.2101,0.0809,60.72,False
KIR,Kiribati,I-Kiribati,largest_baseline_category,3.4,2.81,3.4,2.81,95.8,95.86,0.06,95.86,0.0,95.86,95.86,95.86,95.86,0.0,128871,175081,0.0,0.0,0.0,1.25,unspecified,False,0.5,0.48,0.56,0.42,0.454,1.3,1.0,0.78,0.839,0.0,0.0,0.0,0.0,0.0,1.0,1.0,0.0,0.001,0.0805,0.0793,-0.0012,0.0793,0.1586,0.159,95.8,0.0,-0.06,1.395,1.363,0.0005,0.0804,0.6646,0.297,0.1148,0.7628,0.2066,1.09,0.55,mixed-rural-urban,0.0,0.1329,0.8234,0.7918,0.7192,0.5501,0.3006,0.0,58.3,True
KIR,Kiribati,Mixed / Other,identity_category_transition,3.4,2.81,3.4,2.81,4.2,4.14,-0.06,4.14,0.0,4.14,4.14,4.14,4.14,0.0,5650,7554,0.0,0.0,0.0,1.25,unspecified,False,0.5,0.48,0.56,0.42,0.454,1.018,1.0,0.78,0.776,0.0,0.0,0.0,0.0,0.0,1.0,1.0,0.0,0.001,0.0805,0.0793,-0.0012,0.0793,0.1586,0.159,4.2,-0.0,0.06,1.395,1.363,0.0005,0.0804,0.6646,0.297,0.1148,0.7628,0.2066,1.09,0.55,mixed-rural-urban,0.0,0.1329,0.8234,0.7918,0.7192,0.5501,0.3006,0.0,58.3,False
KNA,Saint Kitts & Nevis,African descent,largest_baseline_category,1.6,1.75,1.6,1.75,92.5,92.88,0.38,92.99,-0.11,92.9,92.85,92.85,92.9,0.05,43352,41122,0.302,0.0,0.0,1.721,unspecified,False,0.5,0.48,0.56,0.42,0.556,1.3,1.0,0.78,0.904,0.0,0.0,0.0,0.0,0.0,1.0,1.106,0.0,0.001,0.1427,0.1358,-0.0069,0.1358,0.2919,0.1083,92.72,0.22,-0.16,1.467,1.45,0.0005,0.1388,0.8394,0.4167,0.1822,0.8413,0.2046,1.16,0.55,mixed-rural-urban,0.136,0.056,0.8607,0.924,0.9044,0.8195,0.0323,0.0824,67.4,True
KNA,Saint Kitts & Nevis,Mixed,identity_category_transition,1.6,1.75,1.6,1.75,3.0,2.96,-0.04,2.97,-0.0,2.96,2.96,2.96,2.96,0.0,1406,1311,0.302,0.0,0.0,1.721,unspecified,False,0.5,0.48,0.56,0.42,0.556,0.986,1.0,0.78,0.818,0.0,0.0,0.0,0.0,0.0,1.0,1.106,0.0,0.001,0.1427,0.1358,-0.0069,0.1358,0.2919,0.1083,3.0,0.0,0.04,1.467,1.45,0.0005,0.1388,0.8394,0.4167,0.1822,0.8413,0.2046,1.16,0.55,mixed-rural-urban,0.136,0.056,0.8607,0.924,0.9044,0.8195,0.0323,0.0824,67.4,False
KNA,Saint Kitts & Nevis,European,lower_fertility_path,1.2,1.59,1.6,1.75,2.1,1.68,-0.42,1.68,-0.0,1.69,1.67,1.67,1.69,0.02,984,744,0.302,0.0,0.0,1.721,unspecified,False,0.5,0.48,0.56,0.42,0.556,0.956,1.0,0.78,0.81,0.0,0.0,0.0,0.0,0.0,1.0,1.106,0.0,0.001,0.1427,0.1358,-0.0069,0.1358,0.2919,0.1083,1.77,-0.33,0.09,1.467,1.45,0.0005,0.1388,0.8394,0.4167,0.1822,0.8413,0.2046,1.16,0.55,mixed-rural-urban,0.136,0.056,0.8607,0.924,0.9044,0.8195,0.0323,0.0824,67.4,False
KNA,Saint Kitts & Nevis,Indian,largest_baseline_category,1.6,1.75,1.6,1.75,1.5,1.46,-0.04,1.47,-0.0,1.46,1.46,1.46,1.46,0.0,703,648,0.302,0.0,0.0,1.721,IND;PAK;BGD;LKA;NPL,False,0.718,0.719,0.752,0.684,0.556,0.93,1.0,0.78,0.914,0.0,0.0,0.0,0.0,0.0,1.0,1.106,0.0,0.001,0.1427,0.1358,-0.0069,0.1358,0.2919,0.1083,1.48,-0.02,0.02,1.467,1.45,0.0005,0.1388,0.8394,0.4167,0.1822,0.8413,0.2046,1.16,0.55,mixed-rural-urban,0.136,0.056,0.8607,0.924,0.9044,0.8195,0.0323,0.0824,67.4,False
KNA,Saint Kitts & Nevis,Other,migration_linked,1.6,1.75,1.6,1.75,0.9,1.01,0.11,0.9,0.11,0.98,1.06,0.98,1.06,0.08,422,448,0.302,0.0,0.0,1.721,unspecified,True,0.5,0.48,0.56,0.42,0.556,0.897,1.0,0.78,0.794,0.0,0.0,0.0,0.0,0.0,1.0,1.106,0.0,0.001,0.1427,0.1358,-0.0069,0.1358,0.2919,0.1083,1.03,0.13,0.01,1.467,1.45,0.0005,0.1388,0.8394,0.4167,0.1822,0.8413,0.2046,1.16,0.55,mixed-rural-urban,0.136,0.056,0.8607,0.924,0.9044,0.8195,0.0323,0.0824,67.4,False
KOR,South Korea,Korean,largest_baseline_category,0.7,1.12,0.7,1.12,96.3,93.4,-2.9,95.59,-2.2,94.21,92.36,92.36,94.21,1.84,49804036,42163424,0.809,0.0,0.0,2.64,unspecified,False,0.5,0.48,0.56,0.42,0.896,1.3,1.0,0.66,1.082,0.0,0.86,0.0,0.607,0.146,1.1,1.411,0.0,0.001,0.0722,0.1259,0.0537,0.1259,0.2663,0.1388,93.57,-2.73,0.17,1.518,1.351,0.0005,0.1229,0.7979,0.6672,0.1923,0.8635,0.2421,1.14,0.791,metropolitan-heavy,0.169,-0.0126,0.9737,0.883,0.9188,0.783,0.2845,0.7902,68.06,True
KOR,South Korea,Chinese (incl. Korean-Chinese),migration_linked,0.7,1.12,0.7,1.12,1.5,1.74,0.24,1.48,0.26,1.66,1.84,1.66,1.84,0.18,775764,787367,0.809,0.0,0.0,2.64,CHN,True,0.52,0.502,0.58,0.45,0.896,0.93,1.0,0.66,0.946,0.0,0.86,0.0,0.607,0.146,1.1,1.411,0.0,0.001,0.0722,0.1259,0.0537,0.1259,0.2663,0.1388,1.77,0.27,0.03,1.518,1.351,0.0005,0.1229,0.7979,0.6672,0.1923,0.8635,0.2421,1.14,0.791,metropolitan-heavy,0.169,-0.0126,0.9737,0.883,0.9188,0.783,0.2845,0.7902,68.06,False
KOR,South Korea,Vietnamese,migration_linked,0.7,1.12,0.7,1.12,0.4,0.49,0.09,0.4,0.09,0.46,0.52,0.46,0.52,0.06,206870,219260,0.809,0.0,0.0,2.64,VNM,True,0.71,0.674,0.84,0.68,0.896,0.86,1.26,0.66,1.18,0.0,0.86,0.0,0.607,0.146,1.1,1.411,0.0,0.001,0.0722,0.1259,0.0537,0.1259,0.2663,0.1388,0.49,0.09,0.01,1.518,1.351,0.0005,0.1229,0.7979,0.6672,0.1923,0.8635,0.2421,1.14,0.791,metropolitan-heavy,0.169,-0.0126,0.9737,0.883,0.9188,0.783,0.2845,0.7902,68.06,False
KOR,South Korea,Thai,migration_linked,0.7,1.12,0.7,1.12,0.3,0.35,0.05,0.3,0.05,0.33,0.36,0.33,0.36,0.03,155153,156055,0.809,0.0,0.0,2.64,unspecified,True,0.5,0.48,0.56,0.42,0.896,0.851,1.0,0.66,0.898,0.0,0.86,0.0,0.607,0.146,1.1,1.411,0.0,0.001,0.0722,0.1259,0.0537,0.1259,0.2663,0.1388,0.35,0.05,0.01,1.518,1.351,0.0005,0.1229,0.7979,0.6672,0.1923,0.8635,0.2421,1.14,0.791,metropolitan-heavy,0.169,-0.0126,0.9737,0.883,0.9188,0.783,0.2845,0.7902,68.06,False
KOR,South Korea,Filipino,migration_linked,0.7,1.12,0.7,1.12,0.2,0.24,0.04,0.2,0.04,0.23,0.26,0.23,0.26,0.03,103435,109326,0.809,0.0,0.0,2.64,PHL,True,0.759,0.718,0.88,0.64,0.896,0.842,1.18,0.66,1.167,0.0,0.86,0.0,0.607,0.146,1.1,1.411,0.0,0.001,0.0722,0.1259,0.0537,0.1259,0.2663,0.1388,0.25,0.05,0.0,1.518,1.351,0.0005,0.1229,0.7979,0.6672,0.1923,0.8635,0.2421,1.14,0.791,metropolitan-heavy,0.169,-0.0126,0.9737,0.883,0.9188,0.783,0.2845,0.7902,68.06,False
KOR,South Korea,Other (incl. foreign workers),migration_linked,1.5,1.44,0.7,1.12,1.3,3.78,2.48,2.03,1.75,3.11,4.65,3.11,4.65,1.54,672329,1707701,0.809,0.0,0.0,2.64,unspecified,True,0.5,0.48,0.56,0.42,0.896,0.92,1.0,0.66,0.926,0.0,0.86,0.0,0.607,0.146,1.1,1.411,0.0,0.001,0.0722,0.1259,0.0537,0.1259,0.2663,0.1388,3.57,2.27,-0.22,1.518,1.351,0.0005,0.1229,0.7979,0.6672,0.1923,0.8635,0.2421,1.14,0.791,metropolitan-heavy,0.169,-0.0126,0.9737,0.883,0.9188,0.783,0.2845,0.7902,68.06,False
KWT,Kuwait,Kuwaiti,higher_fertility_path,1.95,1.89,1.6,1.75,31.0,31.09,0.09,35.13,-4.04,32.21,29.82,29.82,32.21,2.39,1529697,1980022,0.214,0.0,0.0,2.152,unspecified,False,0.5,0.48,0.56,0.42,0.687,1.236,1.0,0.48,0.895,0.0,1.1,0.0,0.661,0.291,1.2,1.29,0.0,0.001,0.8164,0.8181,0.0017,0.8181,2.7168,0.1174,29.74,-1.26,-1.35,2.241,2.393,0.0005,0.8227,0.7909,0.416,0.1624,0.8386,0.2328,5.5,0.55,mixed-rural-urban,0.096,0.0291,0.9547,0.7352,0.9746,0.769,0.1141,0.3168,72.24,True
KWT,Kuwait,Indian,migration_linked,1.6,1.75,1.6,1.75,14.0,13.68,-0.32,12.75,0.94,13.43,13.97,13.43,13.97,0.54,690831,871192,0.214,0.0,0.0,2.152,IND;PAK;BGD;LKA;NPL,True,0.718,0.719,0.752,0.684,0.687,1.145,1.0,0.48,1.01,0.0,1.1,0.0,0.661,0.291,1.2,1.29,0.0,0.001,0.8164,0.8181,0.0017,0.8181,2.7168,0.1174,14.03,0.03,0.35,2.241,2.393,0.0005,0.8227,0.7909,0.416,0.1624,0.8386,0.2328,5.5,0.55,mixed-rural-urban,0.096,0.0291,0.9547,0.7352,0.9746,0.769,0.1141,0.3168,72.24,False
KWT,Kuwait,Egyptian,migration_linked,2.0,1.91,1.6,1.75,10.0,11.4,1.4,10.68,0.72,11.16,11.67,11.16,11.67,0.51,493451,725676,0.214,0.0,0.0,2.152,EGY,True,0.7,0.706,0.72,0.66,0.687,1.108,1.0,0.48,0.984,0.0,1.1,0.0,0.661,0.291,1.2,1.29,0.0,0.001,0.8164,0.8181,0.0017,0.8181,2.7168,0.1174,11.37,1.37,-0.03,2.241,2.393,0.0005,0.8227,0.7909,0.416,0.1624,0.8386,0.2328,5.5,0.55,mixed-rural-urban,0.096,0.0291,0.9547,0.7352,0.9746,0.769,0.1141,0.3168,72.24,False
KWT,Kuwait,Bangladeshi,migration_linked,1.6,1.75,1.6,1.75,8.0,7.81,-0.19,7.28,0.53,7.67,7.98,7.67,7.98,0.3,394761,497556,0.214,0.0,0.0,2.152,BGD,True,0.735,0.788,0.68,0.84,0.687,1.084,1.0,0.48,0.996,0.0,1.1,0.0,0.661,0.291,1.2,1.29,0.0,0.001,0.8164,0.8181,0.0017,0.8181,2.7168,0.1174,8.01,0.01,0.2,2.241,2.393,0.0005,0.8227,0.7909,0.416,0.1624,0.8386,0.2328,5.5,0.55,mixed-rural-urban,0.096,0.0291,0.9547,0.7352,0.9746,0.769,0.1141,0.3168,72.24,False
KWT,Kuwait,Pakistani,migration_linked,1.6,1.75,1.6,1.75,6.0,5.87,-0.13,5.46,0.4,5.76,5.99,5.76,5.99,0.23,296070,373470,0.214,0.0,0.0,2.152,PAK,True,0.769,0.814,0.7,0.74,0.687,1.054,1.0,0.48,1.003,0.0,1.1,0.0,0.661,0.291,1.2,1.29,0.0,0.001,0.8164,0.8181,0.0017,0.8181,2.7168,0.1174,6.02,0.02,0.15,2.241,2.393,0.0005,0.8227,0.7909,0.416,0.1624,0.8386,0.2328,5.5,0.55,mixed-rural-urban,0.096,0.0291,0.9547,0.7352,0.9746,0.769,0.1141,0.3168,72.24,False
KWT,Kuwait,Filipino,migration_linked,1.6,1.75,1.6,1.75,5.0,4.86,-0.14,4.55,0.31,4.78,4.95,4.78,4.95,0.17,246725,309466,0.214,0.0,0.0,2.152,PHL,True,0.759,0.718,0.88,0.64,0.687,1.035,1.0,0.48,0.99,0.0,1.1,0.0,0.661,0.291,1.2,1.29,0.0,0.001,0.8164,0.8181,0.0017,0.8181,2.7168,0.1174,4.98,-0.02,0.12,2.241,2.393,0.0005,0.8227,0.7909,0.416,0.1624,0.8386,0.2328,5.5,0.55,mixed-rural-urban,0.096,0.0291,0.9547,0.7352,0.9746,0.769,0.1141,0.3168,72.24,False
KWT,Kuwait,Syrian,migration_linked,2.0,1.91,1.6,1.75,3.0,3.39,0.39,3.2,0.18,3.32,3.45,3.32,3.45,0.13,148035,215554,0.214,0.0,0.0,2.152,SYR,True,0.672,0.726,0.6,0.74,0.687,0.986,1.0,0.48,0.921,0.0,1.1,0.0,0.661,0.291,1.2,1.29,0.0,0.001,0.8164,0.8181,0.0017,0.8181,2.7168,0.1174,3.38,0.38,-0.01,2.241,2.393,0.0005,0.8227,0.7909,0.416,0.1624,0.8386,0.2328,5.5,0.55,mixed-rural-urban,0.096,0.0291,0.9547,0.7352,0.9746,0.769,0.1141,0.3168,72.24,False
KWT,Kuwait,Nepali,migration_linked,1.6,1.75,1.6,1.75,2.0,1.88,-0.12,1.82,0.06,1.87,1.9,1.87,1.9,0.03,98690,119930,0.214,0.0,0.0,2.152,unspecified,True,0.5,0.48,0.56,0.42,0.687,0.952,1.0,0.48,0.816,0.0,1.1,0.0,0.661,0.291,1.2,1.29,0.0,0.001,0.8164,0.8181,0.0017,0.8181,2.7168,0.1174,1.93,-0.07,0.05,2.241,2.393,0.0005,0.8227,0.7909,0.416,0.1624,0.8386,0.2328,5.5,0.55,mixed-rural-urban,0.096,0.0291,0.9547,0.7352,0.9746,0.769,0.1141,0.3168,72.24,False
KWT,Kuwait,Other foreign,migration_linked,1.6,1.75,1.6,1.75,21.0,20.02,-0.98,19.12,0.9,19.8,20.27,19.8,20.27,0.47,1036247,1274892,0.214,0.0,0.0,2.152,unspecified,True,0.5,0.48,0.56,0.42,0.687,1.191,1.0,0.48,0.883,0.0,1.1,0.0,0.661,0.291,1.2,1.29,0.0,0.001,0.8164,0.8181,0.0017,0.8181,2.7168,0.1174,20.54,-0.46,0.51,2.241,2.393,0.0005,0.8227,0.7909,0.416,0.1624,0.8386,0.2328,5.5,0.55,mixed-rural-urban,0.096,0.0291,0.9547,0.7352,0.9746,0.769,0.1141,0.3168,72.24,False
LAO,Laos,Lao (Lao Lum),largest_baseline_category,2.4,2.22,2.4,2.22,53.2,53.65,0.45,53.65,0.0,53.66,53.63,53.63,53.66,0.04,4133546,5234485,0.0,0.0,0.0,1.25,unspecified,False,0.5,0.48,0.56,0.42,0.454,1.299,1.0,0.78,0.838,0.0,0.0,0.0,0.0,0.0,1.0,1.0,0.0,0.001,0.6695,0.6655,-0.0039,0.6655,1.9645,0.1781,53.07,-0.13,-0.57,2.102,2.187,0.0005,0.6705,0.6061,0.3175,0.1193,0.7247,0.2303,2.99,0.605,urbanizing-majority,0.0,0.1535,0.8539,0.6744,0.7942,0.4347,0.2402,0.0029,59.82,True
LAO,Laos,Khmou,largest_baseline_category,2.4,2.22,2.4,2.22,11.0,10.56,-0.44,10.56,0.0,10.57,10.56,10.56,10.57,0.01,854681,1030799,0.0,0.0,0.0,1.25,unspecified,False,0.5,0.48,0.56,0.42,0.454,1.118,1.0,0.78,0.798,0.0,0.0,0.0,0.0,0.0,1.0,1.0,0.0,0.001,0.6695,0.6655,-0.0039,0.6655,1.9645,0.1781,10.73,-0.27,0.17,2.102,2.187,0.0005,0.6705,0.6061,0.3175,0.1193,0.7247,0.2303,2.99,0.605,urbanizing-majority,0.0,0.1535,0.8539,0.6744,0.7942,0.4347,0.2402,0.0029,59.82,False
LAO,Laos,Hmong,higher_fertility_path,2.75,2.36,2.4,2.22,9.2,10.08,0.88,10.08,0.0,10.05,10.11,10.05,10.11,0.06,714824,983111,0.0,0.0,0.0,1.25,unspecified,False,0.5,0.48,0.56,0.42,0.454,1.099,1.0,0.78,0.794,0.0,0.0,0.0,0.0,0.0,1.0,1.0,0.0,0.001,0.6695,0.6655,-0.0039,0.6655,1.9645,0.1781,10.06,0.86,-0.01,2.102,2.187,0.0005,0.6705,0.6061,0.3175,0.1193,0.7247,0.2303,2.99,0.605,urbanizing-majority,0.0,0.1535,0.8539,0.6744,0.7942,0.4347,0.2402,0.0029,59.82,False
LAO,Laos,Phouthay (Lao Tai),largest_baseline_category,2.4,2.22,2.4,2.22,3.4,3.27,-0.13,3.27,0.0,3.27,3.26,3.26,3.27,0.0,264174,318611,0.0,0.0,0.0,1.25,unspecified,False,0.5,0.48,0.56,0.42,0.454,0.998,1.0,0.78,0.771,0.0,0.0,0.0,0.0,0.0,1.0,1.0,0.0,0.001,0.6695,0.6655,-0.0039,0.6655,1.9645,0.1781,3.32,-0.08,0.05,2.102,2.187,0.0005,0.6705,0.6061,0.3175,0.1193,0.7247,0.2303,2.99,0.605,urbanizing-majority,0.0,0.1535,0.8539,0.6744,0.7942,0.4347,0.2402,0.0029,59.82,False
LAO,Laos,Tai,largest_baseline_category,2.4,2.22,2.4,2.22,3.1,2.98,-0.12,2.98,0.0,2.98,2.98,2.98,2.98,0.0,240865,290498,0.0,0.0,0.0,1.25,unspecified,False,0.5,0.48,0.56,0.42,0.454,0.989,1.0,0.78,0.77,0.0,0.0,0.0,0.0,0.0,1.0,1.0,0.0,0.001,0.6695,0.6655,-0.0039,0.6655,1.9645,0.1781,3.03,-0.07,0.05,2.102,2.187,0.0005,0.6705,0.6061,0.3175,0.1193,0.7247,0.2303,2.99,0.605,urbanizing-majority,0.0,0.1535,0.8539,0.6744,0.7942,0.4347,0.2402,0.0029,59.82,False
LAO,Laos,Makong,largest_baseline_category,2.4,2.22,2.4,2.22,2.5,2.4,-0.1,2.4,0.0,2.4,2.4,2.4,2.4,0.0,194246,234273,0.0,0.0,0.0,1.25,unspecified,False,0.5,0.48,0.56,0.42,0.454,0.97,1.0,0.78,0.765,0.0,0.0,0.0,0.0,0.0,1.0,1.0,0.0,0.001,0.6695,0.6655,-0.0039,0.6655,1.9645,0.1781,2.44,-0.06,0.04,2.102,2.187,0.0005,0.6705,0.6061,0.3175,0.1193,0.7247,0.2303,2.99,0.605,urbanizing-majority,0.0,0.1535,0.8539,0.6744,0.7942,0.4347,0.2402,0.0029,59.82,False
LAO,Laos,Katong (Lao Theung),largest_baseline_category,2.4,2.22,2.4,2.22,2.2,2.11,-0.09,2.11,0.0,2.11,2.11,2.11,2.11,0.0,170936,206160,0.0,0.0,0.0,1.25,unspecified,False,0.5,0.48,0.56,0.42,0.454,0.96,1.0,0.78,0.763,0.0,0.0,0.0,0.0,0.0,1.0,1.0,0.0,0.001,0.6695,0.6655,-0.0039,0.6655,1.9645,0.1781,2.15,-0.05,0.03,2.102,2.187,0.0005,0.6705,0.6061,0.3175,0.1193,0.7247,0.2303,2.99,0.605,urbanizing-majority,0.0,0.1535,0.8539,0.6744,0.7942,0.4347,0.2402,0.0029,59.82,False
LAO,Laos,Other,identity_category_transition,2.4,2.22,2.4,2.22,15.4,14.96,-0.44,14.96,0.0,14.96,14.95,14.95,14.96,0.01,1196553,1459348,0.0,0.0,0.0,1.25,unspecified,False,0.5,0.48,0.56,0.42,0.454,1.156,1.0,0.78,0.806,0.0,0.0,0.0,0.0,0.0,1.0,1.0,0.0,0.001,0.6695,0.6655,-0.0039,0.6655,1.9645,0.1781,15.2,-0.2,0.24,2.102,2.187,0.0005,0.6705,0.6061,0.3175,0.1193,0.7247,0.2303,2.99,0.605,urbanizing-majority,0.0,0.1535,0.8539,0.6744,0.7942,0.4347,0.2402,0.0029,59.82,False
LBN,Lebanon,Lebanese Arab (Sunni Muslim),largest_baseline_category,2.1,2.1,2.1,2.1,27.0,26.5,-0.5,26.52,-0.02,26.5,26.49,26.49,26.5,0.01,1567610,1854578,0.0,0.0,0.0,1.25,unspecified,False,0.5,0.48,0.56,0.42,0.454,1.22,1.0,0.78,0.821,0.0,0.0,0.0,0.0,0.0,1.0,1.0,0.0,0.001,0.7619,0.7548,-0.007,0.7548,2.3211,0.1588,26.86,-0.14,0.36,2.179,2.317,0.0005,0.758,0.6542,0.297,0.1141,0.7583,0.2155,4.08,0.55,mixed-rural-urban,0.0,0.0162,0.8965,0.6984,0.724,0.5853,0.3632,0.4946,57.5,False
LBN,Lebanon,Lebanese Arab (Shia Muslim),largest_baseline_category,2.1,2.1,2.1,2.1,33.0,34.96,1.96,34.98,-0.03,34.96,34.95,34.95,34.96,0.01,1915967,2446856,0.0,0.0,0.0,1.25,unspecified,False,0.5,0.48,0.56,0.42,0.454,1.243,1.0,0.78,0.826,0.0,0.0,0.0,0.0,0.0,1.0,1.0,0.0,0.001,0.7619,0.7548,-0.007,0.7548,2.3211,0.1588,34.0,1.0,-0.96,2.179,2.317,0.0005,0.758,0.6542,0.297,0.1141,0.7583,0.2155,4.08,0.55,mixed-rural-urban,0.0,0.0162,0.8965,0.6984,0.724,0.5853,0.3632,0.4946,57.5,True
LBN,Lebanon,Lebanese Arab (Maronite Christian),lower_fertility_path,2.1,2.1,2.1,2.1,21.0,20.38,-0.62,20.39,-0.02,20.38,20.38,20.38,20.38,0.01,1219252,1426398,0.0,0.0,0.0,1.25,unspecified,False,0.5,0.48,0.56,0.42,0.454,1.191,1.0,0.78,0.814,0.0,0.0,0.0,0.0,0.0,1.0,1.0,0.0,0.001,0.7619,0.7548,-0.007,0.7548,2.3211,0.1588,20.66,-0.34,0.28,2.179,2.317,0.0005,0.758,0.6542,0.297,0.1141,0.7583,0.2155,4.08,0.55,mixed-rural-urban,0.0,0.0162,0.8965,0.6984,0.724,0.5853,0.3632,0.4946,57.5,False
LBN,Lebanon,Lebanese Arab (Orthodox/Greek Catholic Christian),lower_fertility_path,2.1,2.1,2.1,2.1,9.0,8.73,-0.27,8.74,-0.01,8.73,8.73,8.73,8.73,0.0,522537,611314,0.0,0.0,0.0,1.25,unspecified,False,0.5,0.48,0.56,0.42,0.454,1.096,1.0,0.78,0.793,0.0,0.0,0.0,0.0,0.0,1.0,1.0,0.0,0.001,0.7619,0.7548,-0.007,0.7548,2.3211,0.1588,8.85,-0.15,0.12,2.179,2.317,0.0005,0.758,0.6542,0.297,0.1141,0.7583,0.2155,4.08,0.55,mixed-rural-urban,0.0,0.0162,0.8965,0.6984,0.724,0.5853,0.3632,0.4946,57.5,False
LBN,Lebanon,Druze,largest_baseline_category,2.1,2.1,2.1,2.1,5.0,4.91,-0.09,4.91,-0.0,4.91,4.91,4.91,4.91,0.0,290298,343440,0.0,0.0,0.0,1.25,unspecified,False,0.5,0.48,0.56,0.42,0.454,1.035,1.0,0.78,0.78,0.0,0.0,0.0,0.0,0.0,1.0,1.0,0.0,0.001,0.7619,0.7548,-0.007,0.7548,2.3211,0.1588,4.97,-0.03,0.07,2.179,2.317,0.0005,0.758,0.6542,0.297,0.1141,0.7583,0.2155,4.08,0.55,mixed-rural-urban,0.0,0.0162,0.8965,0.6984,0.724,0.5853,0.3632,0.4946,57.5,False
LBN,Lebanon,Armenian,lower_fertility_path,1.7,1.94,2.1,2.1,4.0,3.34,-0.66,3.34,-0.0,3.35,3.32,3.32,3.35,0.03,232238,233594,0.0,0.0,0.0,1.25,unspecified,False,0.5,0.48,0.56,0.42,0.454,1.013,1.0,0.78,0.775,0.0,0.0,0.0,0.0,0.0,1.0,1.0,0.0,0.001,0.7619,0.7548,-0.007,0.7548,2.3211,0.1588,3.47,-0.53,0.13,2.179,2.317,0.0005,0.758,0.6542,0.297,0.1141,0.7583,0.2155,4.08,0.55,mixed-rural-urban,0.0,0.0162,0.8965,0.6984,0.724,0.5853,0.3632,0.4946,57.5,False
LBN,Lebanon,Syrian refugee,migration_linked,2.5,2.26,2.1,2.1,0.6,0.76,0.16,0.69,0.07,0.74,0.79,0.74,0.79,0.06,34836,53389,0.0,0.0,0.0,1.25,SYR,True,0.672,0.726,0.6,0.74,0.454,0.876,1.0,0.78,0.812,0.0,0.0,0.0,0.0,0.0,1.0,1.0,0.0,0.001,0.7619,0.7548,-0.007,0.7548,2.3211,0.1588,0.76,0.16,-0.01,2.179,2.317,0.0005,0.758,0.6542,0.297,0.1141,0.7583,0.2155,4.08,0.55,mixed-rural-urban,0.0,0.0162,0.8965,0.6984,0.724,0.5853,0.3632,0.4946,57.5,False
LBN,Lebanon,Palestinian refugee,higher_fertility_path,2.45,2.24,2.1,2.1,0.2,0.23,0.03,0.23,-0.0,0.22,0.23,0.22,0.23,0.0,11612,15801,0.0,0.0,0.0,1.25,unspecified,False,0.5,0.48,0.56,0.42,0.454,0.842,1.0,0.78,0.737,0.0,0.0,0.0,0.0,0.0,1.0,1.0,0.0,0.001,0.7619,0.7548,-0.007,0.7548,2.3211,0.1588,0.22,0.02,-0.0,2.179,2.317,0.0005,0.758,0.6542,0.297,0.1141,0.7583,0.2155,4.08,0.55,mixed-rural-urban,0.0,0.0162,0.8965,0.6984,0.724,0.5853,0.3632,0.4946,57.5,False
LBN,Lebanon,Other,identity_category_transition,2.1,2.1,2.1,2.1,0.2,0.2,-0.0,0.2,-0.0,0.2,0.2,0.2,0.2,0.0,11612,13892,0.0,0.0,0.0,1.25,unspecified,False,0.5,0.48,0.56,0.42,0.454,0.842,1.0,0.78,0.737,0.0,0.0,0.0,0.0,0.0,1.0,1.0,0.0,0.001,0.7619,0.7548,-0.007,0.7548,2.3211,0.1588,0.2,0.0,0.0,2.179,2.317,0.0005,0.758,0.6542,0.297,0.1141,0.7583,0.2155,4.08,0.55,mixed-rural-urban,0.0,0.0162,0.8965,0.6984,0.724,0.5853,0.3632,0.4946,57.5,False
LBR,Liberia,Kpelle,largest_baseline_category,4.1,3.2,4.1,3.2,20.3,19.73,-0.57,19.73,0.0,19.73,19.73,19.73,19.73,0.0,1139401,1758187,0.0,0.0,0.0,1.25,unspecified,False,0.5,0.48,0.56,0.42,0.454,1.187,1.0,0.78,0.813,0.0,0.0,0.769,0.0,0.0,1.0,1.0,0.0,0.001,0.8658,0.8612,-0.0046,0.8612,2.9861,0.3003,20.02,-0.28,0.29,2.246,2.462,0.0005,0.8637,0.3899,0.2617,0.1098,0.6471,0.2521,7.21,0.455,mixed-rural-urban,0.0,0.0751,0.6923,0.5903,0.4901,0.1193,0.697,0.0,52.24,False
LBR,Liberia,Bassa,largest_baseline_category,4.1,3.2,4.1,3.2,13.4,13.02,-0.38,13.02,0.0,13.02,13.02,13.02,13.02,0.0,752117,1160577,0.0,0.0,0.0,1.25,unspecified,False,0.5,0.48,0.56,0.42,0.454,1.14,1.0,0.78,0.803,0.0,0.0,0.769,0.0,0.0,1.0,1.0,0.0,0.001,0.8658,0.8612,-0.0046,0.8612,2.9861,0.3003,13.21,-0.19,0.19,2.246,2.462,0.0005,0.8637,0.3899,0.2617,0.1098,0.6471,0.2521,7.21,0.455,mixed-rural-urban,0.0,0.0751,0.6923,0.5903,0.4901,0.1193,0.697,0.0,52.24,False
LBR,Liberia,Grebo,largest_baseline_category,4.1,3.2,4.1,3.2,10.0,9.72,-0.28,9.72,0.0,9.72,9.72,9.72,9.72,0.0,561281,866102,0.0,0.0,0.0,1.25,unspecified,False,0.5,0.48,0.56,0.42,0.454,1.108,1.0,0.78,0.796,0.0,0.0,0.769,0.0,0.0,1.0,1.0,0.0,0.001,0.8658,0.8612,-0.0046,0.8612,2.9861,0.3003,9.86,-0.14,0.14,2.246,2.462,0.0005,0.8637,0.3899,0.2617,0.1098,0.6471,0.2521,7.21,0.455,mixed-rural-urban,0.0,0.0751,0.6923,0.5903,0.4901,0.1193,0.697,0.0,52.24,False
LBR,Liberia,Gio,largest_baseline_category,4.1,3.2,4.1,3.2,8.0,7.78,-0.22,7.78,0.0,7.78,7.78,7.78,7.78,0.0,449025,692882,0.0,0.0,0.0,1.25,unspecified,False,0.5,0.48,0.56,0.42,0.454,1.084,1.0,0.78,0.79,0.0,0.0,0.769,0.0,0.0,1.0,1.0,0.0,0.001,0.8658,0.8612,-0.0046,0.8612,2.9861,0.3003,7.89,-0.11,0.11,2.246,2.462,0.0005,0.8637,0.3899,0.2617,0.1098,0.6471,0.2521,7.21,0.455,mixed-rural-urban,0.0,0.0751,0.6923,0.5903,0.4901,0.1193,0.697,0.0,52.24,False
LBR,Liberia,Mano,largest_baseline_category,4.1,3.2,4.1,3.2,7.9,7.68,-0.22,7.68,0.0,7.68,7.68,7.68,7.68,0.0,443412,684221,0.0,0.0,0.0,1.25,unspecified,False,0.5,0.48,0.56,0.42,0.454,1.082,1.0,0.78,0.79,0.0,0.0,0.769,0.0,0.0,1.0,1.0,0.0,0.001,0.8658,0.8612,-0.0046,0.8612,2.9861,0.3003,7.79,-0.11,0.11,2.246,2.462,0.0005,0.8637,0.3899,0.2617,0.1098,0.6471,0.2521,7.21,0.455,mixed-rural-urban,0.0,0.0751,0.6923,0.5903,0.4901,0.1193,0.697,0.0,52.24,False
LBR,Liberia,Kru,largest_baseline_category,4.1,3.2,4.1,3.2,6.0,5.83,-0.17,5.83,0.0,5.83,5.83,5.83,5.83,0.0,336769,519661,0.0,0.0,0.0,1.25,unspecified,False,0.5,0.48,0.56,0.42,0.454,1.054,1.0,0.78,0.784,0.0,0.0,0.769,0.0,0.0,1.0,1.0,0.0,0.001,0.8658,0.8612,-0.0046,0.8612,2.9861,0.3003,5.92,-0.08,0.08,2.246,2.462,0.0005,0.8637,0.3899,0.2617,0.1098,0.6471,0.2521,7.21,0.455,mixed-rural-urban,0.0,0.0751,0.6923,0.5903,0.4901,0.1193,0.697,0.0,52.24,False
LBR,Liberia,Lorma,largest_baseline_category,4.1,3.2,4.1,3.2,4.8,4.67,-0.13,4.67,0.0,4.67,4.67,4.67,4.67,0.0,269415,415729,0.0,0.0,0.0,1.25,unspecified,False,0.5,0.48,0.56,0.42,0.454,1.031,1.0,0.78,0.779,0.0,0.0,0.769,0.0,0.0,1.0,1.0,0.0,0.001,0.8658,0.8612,-0.0046,0.8612,2.9861,0.3003,4.73,-0.07,0.07,2.246,2.462,0.0005,0.8637,0.3899,0.2617,0.1098,0.6471,0.2521,7.21,0.455,mixed-rural-urban,0.0,0.0751,0.6923,0.5903,0.4901,0.1193,0.697,0.0,52.24,False
LBR,Liberia,Kissi,largest_baseline_category,4.1,3.2,4.1,3.2,4.6,4.47,-0.13,4.47,0.0,4.47,4.47,4.47,4.47,0.0,258189,398407,0.0,0.0,0.0,1.25,unspecified,False,0.5,0.48,0.56,0.42,0.454,1.027,1.0,0.78,0.778,0.0,0.0,0.769,0.0,0.0,1.0,1.0,0.0,0.001,0.8658,0.8612,-0.0046,0.8612,2.9861,0.3003,4.54,-0.06,0.06,2.246,2.462,0.0005,0.8637,0.3899,0.2617,0.1098,0.6471,0.2521,7.21,0.455,mixed-rural-urban,0.0,0.0751,0.6923,0.5903,0.4901,0.1193,0.697,0.0,52.24,False
LBR,Liberia,Gola,largest_baseline_category,4.1,3.2,4.1,3.2,4.4,4.28,-0.12,4.28,0.0,4.28,4.28,4.28,4.28,0.0,246964,381085,0.0,0.0,0.0,1.25,unspecified,False,0.5,0.48,0.56,0.42,0.454,1.022,1.0,0.78,0.777,0.0,0.0,0.769,0.0,0.0,1.0,1.0,0.0,0.001,0.8658,0.8612,-0.0046,0.8612,2.9861,0.3003,4.34,-0.06,0.06,2.246,2.462,0.0005,0.8637,0.3899,0.2617,0.1098,0.6471,0.2521,7.21,0.455,mixed-rural-urban,0.0,0.0751,0.6923,0.5903,0.4901,0.1193,0.697,0.0,52.24,False
LBR,Liberia,Other,identity_category_transition,4.1,3.2,4.1,3.2,20.6,22.82,2.22,22.82,0.0,22.82,22.82,22.82,22.82,0.0,1156239,2033683,0.0,0.0,0.0,1.25,unspecified,False,0.5,0.48,0.56,0.42,0.454,1.189,1.0,0.78,0.814,0.0,0.0,0.769,0.0,0.0,1.0,1.0,0.0,0.001,0.8658,0.8612,-0.0046,0.8612,2.9861,0.3003,21.71,1.11,-1.12,2.246,2.462,0.0005,0.8637,0.3899,0.2617,0.1098,0.6471,0.2521,7.21,0.455,mixed-rural-urban,0.0,0.0751,0.6923,0.5903,0.4901,0.1193,0.697,0.0,52.24,True
LBY,Libya,Arab (Sunni),largest_baseline_category,2.4,2.22,2.4,2.22,88.0,87.93,-0.07,88.24,-0.31,88.03,87.82,87.82,88.03,0.21,6495306,8143039,0.0,0.0,0.0,1.25,unspecified,False,0.5,0.48,0.56,0.42,0.454,1.3,1.0,0.78,0.839,0.0,0.0,0.0,0.0,0.0,1.0,1.0,0.0,0.001,0.2224,0.2236,0.0012,0.2236,0.5086,0.1165,87.76,-0.24,-0.17,1.639,1.561,0.0005,0.2265,0.6928,0.3379,0.058,0.7547,0.2298,1.29,0.696,urbanizing-majority,0.0,0.0569,0.8096,0.6962,0.8352,0.6202,0.1731,0.1615,61.6,True
LBY,Libya,Amazigh (Berber),largest_baseline_category,2.4,2.22,2.4,2.22,4.0,3.88,-0.12,3.89,-0.01,3.88,3.88,3.88,3.88,0.01,295241,359351,0.0,0.0,0.0,1.25,unspecified,False,0.5,0.48,0.56,0.42,0.454,1.013,1.0,0.78,0.775,0.0,0.0,0.0,0.0,0.0,1.0,1.0,0.0,0.001,0.2224,0.2236,0.0012,0.2236,0.5086,0.1165,3.94,-0.06,0.06,1.639,1.561,0.0005,0.2265,0.6928,0.3379,0.058,0.7547,0.2298,1.29,0.696,urbanizing-majority,0.0,0.0569,0.8096,0.6962,0.8352,0.6202,0.1731,0.1615,61.6,False
LBY,Libya,Tuareg,largest_baseline_category,2.4,2.22,2.4,2.22,2.5,2.43,-0.07,2.43,-0.01,2.43,2.42,2.42,2.43,0.01,184526,224594,0.0,0.0,0.0,1.25,unspecified,False,0.5,0.48,0.56,0.42,0.454,0.97,1.0,0.78,0.765,0.0,0.0,0.0,0.0,0.0,1.0,1.0,0.0,0.001,0.2224,0.2236,0.0012,0.2236,0.5086,0.1165,2.46,-0.04,0.03,1.639,1.561,0.0005,0.2265,0.6928,0.3379,0.058,0.7547,0.2298,1.29,0.696,urbanizing-majority,0.0,0.0569,0.8096,0.6962,0.8352,0.6202,0.1731,0.1615,61.6,False
LBY,Libya,Tebu,largest_baseline_category,2.4,2.22,2.4,2.22,2.0,1.94,-0.06,1.95,-0.01,1.94,1.94,1.94,1.94,0.0,147621,179675,0.0,0.0,0.0,1.25,unspecified,False,0.5,0.48,0.56,0.42,0.454,0.952,1.0,0.78,0.761,0.0,0.0,0.0,0.0,0.0,1.0,1.0,0.0,0.001,0.2224,0.2236,0.0012,0.2236,0.5086,0.1165,1.97,-0.03,0.03,1.639,1.561,0.0005,0.2265,0.6928,0.3379,0.058,0.7547,0.2298,1.29,0.696,urbanizing-majority,0.0,0.0569,0.8096,0.6962,0.8352,0.6202,0.1731,0.1615,61.6,False
LBY,Libya,Sub-Saharan migrant,migration_linked,2.4,2.22,2.4,2.22,2.0,2.18,0.18,1.99,0.19,2.12,2.26,2.12,2.26,0.13,147621,202307,0.0,0.0,0.0,1.25,unspecified,True,0.5,0.48,0.56,0.42,0.454,0.952,1.0,0.78,0.761,0.0,0.0,0.0,0.0,0.0,1.0,1.0,0.0,0.001,0.2224,0.2236,0.0012,0.2236,0.5086,0.1165,2.22,0.22,0.03,1.639,1.561,0.0005,0.2265,0.6928,0.3379,0.058,0.7547,0.2298,1.29,0.696,urbanizing-majority,0.0,0.0569,0.8096,0.6962,0.8352,0.6202,0.1731,0.1615,61.6,False
LBY,Libya,Other,migration_linked,2.4,2.22,2.4,2.22,1.5,1.64,0.14,1.49,0.14,1.59,1.69,1.59,1.69,0.1,110715,151643,0.0,0.0,0.0,1.25,unspecified,True,0.5,0.48,0.56,0.42,0.454,0.93,1.0,0.78,0.756,0.0,0.0,0.0,0.0,0.0,1.0,1.0,0.0,0.001,0.2224,0.2236,0.0012,0.2236,0.5086,0.1165,1.66,0.16,0.02,1.639,1.561,0.0005,0.2265,0.6928,0.3379,0.058,0.7547,0.2298,1.29,0.696,urbanizing-majority,0.0,0.0569,0.8096,0.6962,0.8352,0.6202,0.1731,0.1615,61.6,False
LCA,Saint Lucia,Black/African descent,largest_baseline_category,1.4,1.61,1.4,1.61,85.3,85.36,0.06,85.55,-0.18,85.42,85.29,85.29,85.42,0.13,153328,146896,0.367,0.0,0.0,1.823,unspecified,False,0.5,0.48,0.56,0.42,0.579,1.3,1.0,0.78,0.918,0.0,0.0,0.0,0.0,0.0,1.0,1.128,0.0,0.001,0.2598,0.2591,-0.0007,0.2591,0.5658,0.136,85.15,-0.15,-0.21,1.601,1.614,0.0005,0.2623,0.7767,0.4426,0.1972,0.7981,0.2404,1.35,0.55,mixed-rural-urban,0.165,0.1189,0.9021,0.8028,0.8996,0.7291,0.0241,0.067,68.2,True
LCA,Saint Lucia,Mixed,identity_category_transition,1.4,1.61,1.4,1.61,10.9,10.7,-0.2,10.72,-0.02,10.71,10.69,10.69,10.71,0.02,19593,18412,0.367,0.0,0.0,1.823,unspecified,False,0.5,0.48,0.56,0.42,0.579,1.117,1.0,0.78,0.866,0.0,0.0,0.0,0.0,0.0,1.0,1.128,0.0,0.001,0.2598,0.2591,-0.0007,0.2591,0.5658,0.136,10.85,-0.05,0.15,1.601,1.614,0.0005,0.2623,0.7767,0.4426,0.1972,0.7981,0.2404,1.35,0.55,mixed-rural-urban,0.165,0.1189,0.9021,0.8028,0.8996,0.7291,0.0241,0.067,68.2,False
LCA,Saint Lucia,East Indian,largest_baseline_category,1.4,1.61,1.4,1.61,2.2,2.14,-0.06,2.14,-0.0,2.14,2.13,2.13,2.14,0.0,3955,3675,0.367,0.0,0.0,1.823,IND;PAK;BGD;LKA;NPL,False,0.718,0.719,0.752,0.684,0.579,0.96,1.0,0.78,0.94,0.0,0.0,0.0,0.0,0.0,1.0,1.128,0.0,0.001,0.2598,0.2591,-0.0007,0.2591,0.5658,0.136,2.17,-0.03,0.03,1.601,1.614,0.0005,0.2623,0.7767,0.4426,0.1972,0.7981,0.2404,1.35,0.55,mixed-rural-urban,0.165,0.1189,0.9021,0.8028,0.8996,0.7291,0.0241,0.067,68.2,False
LCA,Saint Lucia,Other,migration_linked,1.4,1.61,1.4,1.61,1.6,1.8,0.2,1.59,0.21,1.74,1.88,1.74,1.88,0.15,2876,3103,0.367,0.0,0.0,1.823,unspecified,True,0.5,0.48,0.56,0.42,0.579,0.935,1.0,0.78,0.814,0.0,0.0,0.0,0.0,0.0,1.0,1.128,0.0,0.001,0.2598,0.2591,-0.0007,0.2591,0.5658,0.136,1.83,0.23,0.03,1.601,1.614,0.0005,0.2623,0.7767,0.4426,0.1972,0.7981,0.2404,1.35,0.55,mixed-rural-urban,0.165,0.1189,0.9021,0.8028,0.8996,0.7291,0.0241,0.067,68.2,False
LIE,Liechtenstein,Liechtensteiner,largest_baseline_category,1.3,1.54,1.3,1.54,66.0,63.7,-2.3,66.32,-2.62,64.5,62.76,62.76,64.5,1.74,26331,27407,0.343,0.0,0.0,1.786,unspecified,False,0.5,0.48,0.56,0.42,0.57,1.3,1.0,0.78,0.913,0.0,0.0,0.0,0.0,0.0,1.0,1.12,0.0,0.001,0.5374,0.564,0.0266,0.564,1.5568,0.1313,63.2,-2.8,-0.51,1.921,2.002,0.0005,0.5694,0.8045,0.433,0.1912,0.8318,0.213,2.29,0.55,mixed-rural-urban,0.154,0.0076,0.9788,0.8639,1.0,0.7783,0.1024,0.1401,64.4,True
LIE,Liechtenstein,Swiss,migration_linked,1.2,1.5,1.3,1.54,9.0,9.25,0.25,8.45,0.8,9.02,9.52,9.02,9.52,0.5,3591,3979,0.343,0.0,0.0,1.786,unspecified,True,0.5,0.48,0.56,0.42,0.57,1.096,1.0,0.78,0.856,0.0,0.0,0.0,0.0,0.0,1.0,1.12,0.0,0.001,0.5374,0.564,0.0266,0.564,1.5568,0.1313,9.47,0.47,0.22,1.921,2.002,0.0005,0.5694,0.8045,0.433,0.1912,0.8318,0.213,2.29,0.55,mixed-rural-urban,0.154,0.0076,0.9788,0.8639,1.0,0.7783,0.1024,0.1401,64.4,False
LIE,Liechtenstein,Austrian / German,migration_linked,1.2,1.5,1.3,1.54,8.0,8.22,0.22,7.51,0.71,8.01,8.46,8.01,8.46,0.44,3192,3535,0.343,0.0,0.0,1.786,unspecified,True,0.5,0.48,0.56,0.42,0.57,1.084,1.0,0.78,0.852,0.0,0.0,0.0,0.0,0.0,1.0,1.12,0.0,0.001,0.5374,0.564,0.0266,0.564,1.5568,0.1313,8.41,0.41,0.2,1.921,2.002,0.0005,0.5694,0.8045,0.433,0.1912,0.8318,0.213,2.29,0.55,mixed-rural-urban,0.154,0.0076,0.9788,0.8639,1.0,0.7783,0.1024,0.1401,64.4,False
LIE,Liechtenstein,Italian,migration_linked,1.2,1.5,1.3,1.54,4.0,4.1,0.1,3.75,0.34,4.0,4.21,4.0,4.21,0.21,1596,1763,0.343,0.0,0.0,1.786,unspecified,True,0.5,0.48,0.56,0.42,0.57,1.013,1.0,0.78,0.833,0.0,0.0,0.0,0.0,0.0,1.0,1.12,0.0,0.001,0.5374,0.564,0.0266,0.564,1.5568,0.1313,4.19,0.19,0.1,1.921,2.002,0.0005,0.5694,0.8045,0.433,0.1912,0.8318,0.213,2.29,0.55,mixed-rural-urban,0.154,0.0076,0.9788,0.8639,1.0,0.7783,0.1024,0.1401,64.4,False
LIE,Liechtenstein,Turkish,higher_fertility_path,2.05,1.84,1.3,1.54,3.0,3.92,0.92,4.08,-0.16,3.93,3.89,3.89,3.93,0.04,1197,1686,0.343,0.0,0.0,1.786,unspecified,False,0.5,0.48,0.56,0.42,0.57,0.986,1.0,0.78,0.825,0.0,0.0,0.0,0.0,0.0,1.0,1.12,0.0,0.001,0.5374,0.564,0.0266,0.564,1.5568,0.1313,3.76,0.76,-0.16,1.921,2.002,0.0005,0.5694,0.8045,0.433,0.1912,0.8318,0.213,2.29,0.55,mixed-rural-urban,0.154,0.0076,0.9788,0.8639,1.0,0.7783,0.1024,0.1401,64.4,False
LIE,Liechtenstein,Other,migration_linked,1.3,1.54,1.3,1.54,10.0,10.82,0.82,9.88,0.94,10.53,11.16,10.53,11.16,0.62,3990,4654,0.343,0.0,0.0,1.786,unspecified,True,0.5,0.48,0.56,0.42,0.57,1.108,1.0,0.78,0.859,0.0,0.0,0.0,0.0,0.0,1.0,1.12,0.0,0.001,0.5374,0.564,0.0266,0.564,1.5568,0.1313,10.97,0.97,0.15,1.921,2.002,0.0005,0.5694,0.8045,0.433,0.1912,0.8318,0.213,2.29,0.55,mixed-rural-urban,0.154,0.0076,0.9788,0.8639,1.0,0.7783,0.1024,0.1401,64.4,False
LKA,Sri Lanka,Sinhalese,largest_baseline_category,1.9,1.96,1.9,1.96,74.5,74.31,-0.19,74.31,0.0,74.34,74.29,74.29,74.34,0.06,17212153,18440201,0.086,0.0,0.0,1.384,unspecified,False,0.5,0.48,0.56,0.42,0.483,1.3,1.0,0.78,0.857,0.0,0.0,0.59,0.0,0.0,1.0,1.03,0.0,0.001,0.4222,0.4229,0.0008,0.4229,1.036,0.1558,74.12,-0.38,-0.19,1.788,1.841,0.0005,0.4259,0.7057,0.331,0.1337,0.8007,0.1936,1.73,0.55,mixed-rural-urban,0.039,0.051,0.9156,0.7955,0.7765,0.6397,0.3413,0.594,60.3,True
LKA,Sri Lanka,Sri Lankan Tamil,lower_fertility_path,1.5,1.8,1.9,1.96,11.2,9.06,-2.14,9.06,0.0,9.11,9.0,9.0,9.11,0.11,2587599,2247609,0.086,0.0,0.0,1.384,unspecified,False,0.5,0.48,0.56,0.42,0.483,1.12,1.0,0.78,0.815,0.0,0.0,0.59,0.0,0.0,1.0,1.03,0.0,0.001,0.4222,0.4229,0.0008,0.4229,1.036,0.1558,9.48,-1.72,0.42,1.788,1.841,0.0005,0.4259,0.7057,0.331,0.1337,0.8007,0.1936,1.73,0.55,mixed-rural-urban,0.039,0.051,0.9156,0.7955,0.7765,0.6397,0.3413,0.594,60.3,False
LKA,Sri Lanka,Sri Lankan Moor (Muslim),higher_fertility_path,2.85,2.34,1.9,1.96,9.2,12.41,3.21,12.41,0.0,12.31,12.51,12.31,12.51,0.21,2125528,3079416,0.086,0.0,0.0,1.384,unspecified,False,0.5,0.48,0.56,0.42,0.483,1.099,1.0,0.78,0.809,0.0,0.0,0.59,0.0,0.0,1.0,1.03,0.0,0.001,0.4222,0.4229,0.0008,0.4229,1.036,0.1558,12.01,2.81,-0.4,1.788,1.841,0.0005,0.4259,0.7057,0.331,0.1337,0.8007,0.1936,1.73,0.55,mixed-rural-urban,0.039,0.051,0.9156,0.7955,0.7765,0.6397,0.3413,0.594,60.3,False
LKA,Sri Lanka,Indian Tamil,lower_fertility_path,1.5,1.8,1.9,1.96,4.2,3.4,-0.8,3.4,0.0,3.42,3.38,3.38,3.42,0.04,970350,842853,0.086,0.0,0.0,1.384,IND;PAK;BGD;LKA;NPL,False,0.718,0.719,0.752,0.684,0.483,1.018,1.0,0.78,0.895,0.0,0.0,0.59,0.0,0.0,1.0,1.03,0.0,0.001,0.4222,0.4229,0.0008,0.4229,1.036,0.1558,3.55,-0.65,0.16,1.788,1.841,0.0005,0.4259,0.7057,0.331,0.1337,0.8007,0.1936,1.73,0.55,mixed-rural-urban,0.039,0.051,0.9156,0.7955,0.7765,0.6397,0.3413,0.594,60.3,False
LKA,Sri Lanka,Malay,largest_baseline_category,1.9,1.96,1.9,1.96,0.5,0.48,-0.02,0.48,0.0,0.48,0.48,0.48,0.48,0.0,115518,119509,0.086,0.0,0.0,1.384,unspecified,False,0.5,0.48,0.56,0.42,0.483,0.869,1.0,0.78,0.755,0.0,0.0,0.59,0.0,0.0,1.0,1.03,0.0,0.001,0.4222,0.4229,0.0008,0.4229,1.036,0.1558,0.49,-0.01,0.01,1.788,1.841,0.0005,0.4259,0.7057,0.331,0.1337,0.8007,0.1936,1.73,0.55,mixed-rural-urban,0.039,0.051,0.9156,0.7955,0.7765,0.6397,0.3413,0.594,60.3,False
LKA,Sri Lanka,Burgher (mixed Dutch/Portuguese),lower_fertility_path,1.5,1.8,1.9,1.96,0.3,0.24,-0.06,0.24,0.0,0.24,0.24,0.24,0.24,0.0,69311,60204,0.086,0.0,0.0,1.384,unspecified,False,0.5,0.48,0.56,0.42,0.483,0.851,1.0,0.78,0.751,0.0,0.0,0.59,0.0,0.0,1.0,1.03,0.0,0.001,0.4222,0.4229,0.0008,0.4229,1.036,0.1558,0.25,-0.05,0.01,1.788,1.841,0.0005,0.4259,0.7057,0.331,0.1337,0.8007,0.1936,1.73,0.55,mixed-rural-urban,0.039,0.051,0.9156,0.7955,0.7765,0.6397,0.3413,0.594,60.3,False
LKA,Sri Lanka,Vedda (indigenous),largest_baseline_category,1.9,1.96,1.9,1.96,0.1,0.1,-0.0,0.1,0.0,0.1,0.1,0.1,0.1,0.0,23104,23902,0.086,0.0,0.0,1.384,unspecified,False,0.5,0.48,0.56,0.42,0.483,0.831,1.0,0.78,0.746,0.0,0.0,0.59,0.0,0.0,1.0,1.03,0.0,0.001,0.4222,0.4229,0.0008,0.4229,1.036,0.1558,0.1,-0.0,0.0,1.788,1.841,0.0005,0.4259,0.7057,0.331,0.1337,0.8007,0.1936,1.73,0.55,mixed-rural-urban,0.039,0.051,0.9156,0.7955,0.7765,0.6397,0.3413,0.594,60.3,False
LSO,Lesotho,Sotho (Basotho),largest_baseline_category,3.0,2.6,3.0,2.6,99.7,99.67,-0.03,99.7,-0.03,99.68,99.66,99.66,99.68,0.02,2330416,2983267,0.0,0.0,0.0,1.25,unspecified,False,0.5,0.48,0.56,0.42,0.454,1.3,1.0,0.78,0.839,0.0,0.0,0.0,0.0,0.0,1.0,1.0,0.0,0.001,0.006,0.0065,0.0006,0.0065,0.0131,0.2146,99.67,-0.03,-0.0,1.204,1.258,0.0005,0.0066,0.549,0.227,0.1103,0.7129,0.2135,1.01,0.358,rural-heavy,0.0,0.0849,0.6117,0.6798,0.6155,0.3318,0.371,0.0,58.68,True
LSO,Lesotho,Other,migration_linked,3.0,2.6,3.0,2.6,0.3,0.33,0.03,0.3,0.03,0.32,0.34,0.32,0.34,0.02,7012,9821,0.0,0.0,0.0,1.25,unspecified,True,0.5,0.48,0.56,0.42,0.454,0.851,1.0,0.78,0.739,0.0,0.0,0.0,0.0,0.0,1.0,1.0,0.0,0.001,0.006,0.0065,0.0006,0.0065,0.0131,0.2146,0.33,0.03,0.0,1.204,1.258,0.0005,0.0066,0.549,0.227,0.1103,0.7129,0.2135,1.01,0.358,rural-heavy,0.0,0.0849,0.6117,0.6798,0.6155,0.3318,0.371,0.0,58.68,False
LTU,Lithuania,Lithuanian,largest_baseline_category,1.4,1.61,1.4,1.61,84.6,86.55,1.95,87.04,-0.49,86.64,86.42,86.42,86.64,0.22,2418809,1954933,0.661,0.543,0.222,2.561,unspecified,False,0.5,0.48,0.56,0.42,0.762,1.3,1.0,0.78,1.034,0.0,0.0,0.0,0.0,0.0,1.0,1.276,0.0,0.001,0.2766,0.2454,-0.0312,0.2454,0.5573,0.1661,86.0,1.4,-0.55,1.75,1.637,0.0005,0.2543,0.7476,0.6214,0.1652,0.844,0.2205,1.33,0.785,metropolitan-heavy,0.142,0.0131,0.8766,0.9333,0.9154,0.7011,0.424,0.9487,62.68,True
LTU,Lithuania,Polish,lower_fertility_path,1.0,1.45,1.4,1.61,6.5,5.17,-1.33,5.2,-0.03,5.21,5.13,5.13,5.21,0.09,185842,116821,0.661,0.543,0.222,2.561,unspecified,False,0.5,0.48,0.56,0.42,0.762,1.062,1.0,0.78,0.946,0.0,0.0,0.0,0.0,0.0,1.0,1.276,0.0,0.001,0.2766,0.2454,-0.0312,0.2454,0.5573,0.1661,5.44,-1.06,0.27,1.75,1.637,0.0005,0.2543,0.7476,0.6214,0.1652,0.844,0.2205,1.33,0.785,metropolitan-heavy,0.142,0.0131,0.8766,0.9333,0.9154,0.7011,0.424,0.9487,62.68,False
LTU,Lithuania,Russian,lower_fertility_path,1.0,1.45,1.4,1.61,5.0,3.98,-1.02,4.0,-0.02,4.01,3.94,3.94,4.01,0.07,142956,89863,0.661,0.543,0.222,2.561,unspecified,False,0.5,0.48,0.56,0.42,0.762,1.035,1.0,0.78,0.936,0.0,0.0,0.0,0.0,0.0,1.0,1.276,0.0,0.001,0.2766,0.2454,-0.0312,0.2454,0.5573,0.1661,4.18,-0.82,0.2,1.75,1.637,0.0005,0.2543,0.7476,0.6214,0.1652,0.844,0.2205,1.33,0.785,metropolitan-heavy,0.142,0.0131,0.8766,0.9333,0.9154,0.7011,0.424,0.9487,62.68,False
LTU,Lithuania,Belarusian,lower_fertility_path,1.0,1.45,1.4,1.61,1.0,0.8,-0.2,0.8,-0.0,0.8,0.79,0.79,0.8,0.01,28591,17973,0.661,0.543,0.222,2.561,unspecified,False,0.5,0.48,0.56,0.42,0.762,0.903,1.0,0.78,0.886,0.0,0.0,0.0,0.0,0.0,1.0,1.276,0.0,0.001,0.2766,0.2454,-0.0312,0.2454,0.5573,0.1661,0.84,-0.16,0.04,1.75,1.637,0.0005,0.2543,0.7476,0.6214,0.1652,0.844,0.2205,1.33,0.785,metropolitan-heavy,0.142,0.0131,0.8766,0.9333,0.9154,0.7011,0.424,0.9487,62.68,False
LTU,Lithuania,Other,migration_linked,1.4,1.61,1.4,1.61,2.9,3.51,0.61,2.96,0.55,3.33,3.72,3.33,3.72,0.39,82914,79178,0.661,0.543,0.222,2.561,unspecified,True,0.5,0.48,0.56,0.42,0.762,0.983,1.0,0.78,0.916,0.0,0.0,0.0,0.0,0.0,1.0,1.276,0.0,0.001,0.2766,0.2454,-0.0312,0.2454,0.5573,0.1661,3.54,0.64,0.04,1.75,1.637,0.0005,0.2543,0.7476,0.6214,0.1652,0.844,0.2205,1.33,0.785,metropolitan-heavy,0.142,0.0131,0.8766,0.9333,0.9154,0.7011,0.424,0.9487,62.68,False
LUX,Luxembourg,Luxembourger,largest_baseline_category,1.4,1.61,1.4,1.61,52.9,49.85,-3.05,54.3,-4.44,51.16,48.33,48.33,51.16,2.83,356039,394572,0.3,0.238,0.162,2.39,unspecified,False,0.5,0.48,0.56,0.42,0.639,1.298,1.0,0.78,0.956,0.0,0.0,0.0,0.0,0.0,1.2,1.365,0.0,0.001,0.6649,0.6884,0.0236,0.6884,2.0407,0.1347,49.02,-3.88,-0.83,2.067,2.181,0.0005,0.6945,0.8087,0.4563,0.1815,0.8672,0.2196,3.21,0.55,mixed-rural-urban,0.135,0.0068,0.9567,0.8375,1.0,0.7856,0.1918,0.5327,68.2,True
LUX,Luxembourg,Portuguese,migration_linked,1.3,1.57,1.4,1.61,16.2,16.98,0.78,15.43,1.55,16.54,17.51,16.54,17.51,0.97,109033,134429,0.3,0.238,0.162,2.39,unspecified,True,0.5,0.48,0.56,0.42,0.639,1.161,1.0,0.78,0.913,0.0,0.0,0.0,0.0,0.0,1.2,1.365,0.0,0.001,0.6649,0.6884,0.0236,0.6884,2.0407,0.1347,17.33,1.13,0.34,2.067,2.181,0.0005,0.6945,0.8087,0.4563,0.1815,0.8672,0.2196,3.21,0.55,mixed-rural-urban,0.135,0.0068,0.9567,0.8375,1.0,0.7856,0.1918,0.5327,68.2,False
LUX,Luxembourg,French,migration_linked,1.3,1.57,1.4,1.61,7.4,7.72,0.32,7.05,0.67,7.53,7.94,7.53,7.94,0.42,49805,61094,0.3,0.238,0.162,2.39,unspecified,True,0.5,0.48,0.56,0.42,0.639,1.075,1.0,0.78,0.886,0.0,0.0,0.0,0.0,0.0,1.2,1.365,0.0,0.001,0.6649,0.6884,0.0236,0.6884,2.0407,0.1347,7.87,0.47,0.16,2.067,2.181,0.0005,0.6945,0.8087,0.4563,0.1815,0.8672,0.2196,3.21,0.55,mixed-rural-urban,0.135,0.0068,0.9567,0.8375,1.0,0.7856,0.1918,0.5327,68.2,False
LUX,Luxembourg,Italian,migration_linked,1.3,1.57,1.4,1.61,3.5,3.63,0.13,3.33,0.3,3.55,3.73,3.55,3.73,0.19,23556,28768,0.3,0.238,0.162,2.39,unspecified,True,0.5,0.48,0.56,0.42,0.639,1.0,1.0,0.78,0.863,0.0,0.0,0.0,0.0,0.0,1.2,1.365,0.0,0.001,0.6649,0.6884,0.0236,0.6884,2.0407,0.1347,3.71,0.21,0.07,2.067,2.181,0.0005,0.6945,0.8087,0.4563,0.1815,0.8672,0.2196,3.21,0.55,mixed-rural-urban,0.135,0.0068,0.9567,0.8375,1.0,0.7856,0.1918,0.5327,68.2,False
LUX,Luxembourg,Belgian,migration_linked,1.4,1.61,1.4,1.61,3.3,3.59,0.29,3.3,0.3,3.51,3.7,3.51,3.7,0.19,22210,28452,0.3,0.238,0.162,2.39,unspecified,True,0.5,0.48,0.56,0.42,0.639,0.995,1.0,0.78,0.861,0.0,0.0,0.0,0.0,0.0,1.2,1.365,0.0,0.001,0.6649,0.6884,0.0236,0.6884,2.0407,0.1347,3.63,0.33,0.04,2.067,2.181,0.0005,0.6945,0.8087,0.4563,0.1815,0.8672,0.2196,3.21,0.55,mixed-rural-urban,0.135,0.0068,0.9567,0.8375,1.0,0.7856,0.1918,0.5327,68.2,False
LUX,Luxembourg,German,migration_linked,1.3,1.57,1.4,1.61,2.3,2.38,0.08,2.19,0.19,2.33,2.45,2.33,2.45,0.12,15480,18863,0.3,0.238,0.162,2.39,unspecified,True,0.5,0.48,0.56,0.42,0.639,0.963,1.0,0.78,0.851,0.0,0.0,0.0,0.0,0.0,1.2,1.365,0.0,0.001,0.6649,0.6884,0.0236,0.6884,2.0407,0.1347,2.43,0.13,0.05,2.067,2.181,0.0005,0.6945,0.8087,0.4563,0.1815,0.8672,0.2196,3.21,0.55,mixed-rural-urban,0.135,0.0068,0.9567,0.8375,1.0,0.7856,0.1918,0.5327,68.2,False
LUX,Luxembourg,Other,migration_linked,1.4,1.61,1.4,1.61,14.4,15.83,1.43,14.4,1.43,15.39,16.34,15.39,16.34,0.95,96918,125282,0.3,0.238,0.162,2.39,unspecified,True,0.5,0.48,0.56,0.42,0.639,1.148,1.0,0.78,0.909,0.0,0.0,0.0,0.0,0.0,1.2,1.365,0.0,0.001,0.6649,0.6884,0.0236,0.6884,2.0407,0.1347,16.0,1.6,0.17,2.067,2.181,0.0005,0.6945,0.8087,0.4563,0.1815,0.8672,0.2196,3.21,0.55,mixed-rural-urban,0.135,0.0068,0.9567,0.8375,1.0,0.7856,0.1918,0.5327,68.2,False
LVA,Latvia,Latvian,largest_baseline_category,1.4,1.61,1.4,1.61,62.7,66.34,3.64,67.37,-1.03,66.55,66.06,66.06,66.55,0.49,1173665,1004229,0.625,0.516,0.198,2.475,unspecified,False,0.5,0.48,0.56,0.42,0.745,1.3,1.0,0.78,1.024,0.0,0.0,0.0,0.0,0.0,1.0,1.259,0.0,0.001,0.542,0.5138,-0.0282,0.5138,1.3113,0.2164,65.22,2.52,-1.11,1.926,2.009,0.0005,0.5247,0.7505,0.56,0.2548,0.8399,0.2354,2.06,0.55,mixed-rural-urban,0.281,0.0093,0.8719,0.9243,0.8995,0.7344,0.4129,0.9351,63.02,True
LVA,Latvia,Russian,lower_fertility_path,1.0,1.45,1.4,1.61,24.5,19.97,-4.53,20.28,-0.31,20.17,19.74,19.74,20.17,0.44,458609,302252,0.625,0.516,0.198,2.475,unspecified,False,0.5,0.48,0.56,0.42,0.745,1.209,1.0,0.78,0.991,0.0,0.0,0.0,0.0,0.0,1.0,1.259,0.0,0.001,0.542,0.5138,-0.0282,0.5138,1.3113,0.2164,20.85,-3.65,0.88,1.926,2.009,0.0005,0.5247,0.7505,0.56,0.2548,0.8399,0.2354,2.06,0.55,mixed-rural-urban,0.281,0.0093,0.8719,0.9243,0.8995,0.7344,0.4129,0.9351,63.02,False
LVA,Latvia,Belarusian,lower_fertility_path,1.0,1.45,1.4,1.61,3.1,2.53,-0.57,2.57,-0.04,2.55,2.5,2.5,2.55,0.06,58028,38244,0.625,0.516,0.198,2.475,unspecified,False,0.5,0.48,0.56,0.42,0.745,0.989,1.0,0.78,0.911,0.0,0.0,0.0,0.0,0.0,1.0,1.259,0.0,0.001,0.542,0.5138,-0.0282,0.5138,1.3113,0.2164,2.64,-0.46,0.11,1.926,2.009,0.0005,0.5247,0.7505,0.56,0.2548,0.8399,0.2354,2.06,0.55,mixed-rural-urban,0.281,0.0093,0.8719,0.9243,0.8995,0.7344,0.4129,0.9351,63.02,False
LVA,Latvia,Ukrainian,migration_linked,1.4,1.61,1.4,1.61,2.2,2.74,0.54,2.32,0.42,2.6,2.9,2.6,2.9,0.3,41181,41463,0.625,0.516,0.198,2.475,UKR,True,0.615,0.539,0.82,0.52,0.745,0.96,1.0,0.78,0.981,0.0,0.0,0.0,0.0,0.0,1.0,1.259,0.0,0.001,0.542,0.5138,-0.0282,0.5138,1.3113,0.2164,2.75,0.55,0.01,1.926,2.009,0.0005,0.5247,0.7505,0.56,0.2548,0.8399,0.2354,2.06,0.55,mixed-rural-urban,0.281,0.0093,0.8719,0.9243,0.8995,0.7344,0.4129,0.9351,63.02,False
LVA,Latvia,Polish,lower_fertility_path,1.0,1.45,1.4,1.61,2.0,1.63,-0.37,1.66,-0.03,1.65,1.61,1.61,1.65,0.04,37437,24674,0.625,0.516,0.198,2.475,unspecified,False,0.5,0.48,0.56,0.42,0.745,0.952,1.0,0.78,0.897,0.0,0.0,0.0,0.0,0.0,1.0,1.259,0.0,0.001,0.542,0.5138,-0.0282,0.5138,1.3113,0.2164,1.7,-0.3,0.07,1.926,2.009,0.0005,0.5247,0.7505,0.56,0.2548,0.8399,0.2354,2.06,0.55,mixed-rural-urban,0.281,0.0093,0.8719,0.9243,0.8995,0.7344,0.4129,0.9351,63.02,False
LVA,Latvia,Other,migration_linked,1.4,1.61,1.4,1.61,5.5,6.8,1.3,5.81,0.99,6.48,7.19,6.48,7.19,0.72,102953,102946,0.625,0.516,0.198,2.475,unspecified,True,0.5,0.48,0.56,0.42,0.745,1.045,1.0,0.78,0.931,0.0,0.0,0.0,0.0,0.0,1.0,1.259,0.0,0.001,0.542,0.5138,-0.0282,0.5138,1.3113,0.2164,6.83,1.33,0.03,1.926,2.009,0.0005,0.5247,0.7505,0.56,0.2548,0.8399,0.2354,2.06,0.55,mixed-rural-urban,0.281,0.0093,0.8719,0.9243,0.8995,0.7344,0.4129,0.9351,63.02,False
MAR,Morocco,Arab,largest_baseline_category,2.3,2.18,2.3,2.18,45.0,46.19,1.19,46.19,0.0,46.19,46.18,46.18,46.19,0.01,17136529,20063233,0.0,0.0,0.0,1.25,unspecified,False,0.5,0.48,0.56,0.42,0.454,1.279,1.0,0.78,0.834,0.0,0.0,0.613,0.0,0.0,1.0,1.0,0.0,0.001,0.7088,0.703,-0.0058,0.703,2.0864,0.1788,45.44,0.44,-0.74,2.077,2.242,0.0005,0.7073,0.6253,0.2688,0.1061,0.7547,0.1941,3.37,0.477,mixed-rural-urban,0.0,0.1062,0.9255,0.7466,0.7868,0.428,0.2568,0.3073,59.36,True
MAR,Morocco,Arabized Berber,largest_baseline_category,2.3,2.18,2.3,2.18,25.0,24.23,-0.77,24.23,0.0,24.24,24.23,24.23,24.24,0.01,9520294,10527775,0.0,0.0,0.0,1.25,unspecified,False,0.5,0.48,0.56,0.42,0.454,1.211,1.0,0.78,0.819,0.0,0.0,0.613,0.0,0.0,1.0,1.0,0.0,0.001,0.7088,0.703,-0.0058,0.703,2.0864,0.1788,24.6,-0.4,0.37,2.077,2.242,0.0005,0.7073,0.6253,0.2688,0.1061,0.7547,0.1941,3.37,0.477,mixed-rural-urban,0.0,0.1062,0.9255,0.7466,0.7868,0.428,0.2568,0.3073,59.36,False
MAR,Morocco,Amazigh (Tachelhit),largest_baseline_category,2.3,2.18,2.3,2.18,14.0,13.57,-0.43,13.57,0.0,13.57,13.57,13.57,13.57,0.0,5331365,5895554,0.0,0.0,0.0,1.25,unspecified,False,0.5,0.48,0.56,0.42,0.454,1.145,1.0,0.78,0.804,0.0,0.0,0.613,0.0,0.0,1.0,1.0,0.0,0.001,0.7088,0.703,-0.0058,0.703,2.0864,0.1788,13.78,-0.22,0.2,2.077,2.242,0.0005,0.7073,0.6253,0.2688,0.1061,0.7547,0.1941,3.37,0.477,mixed-rural-urban,0.0,0.1062,0.9255,0.7466,0.7868,0.428,0.2568,0.3073,59.36,False
MAR,Morocco,Amazigh (Tarifit),largest_baseline_category,2.3,2.18,2.3,2.18,5.0,4.85,-0.15,4.85,0.0,4.85,4.85,4.85,4.85,0.0,1904059,2105555,0.0,0.0,0.0,1.25,unspecified,False,0.5,0.48,0.56,0.42,0.454,1.035,1.0,0.78,0.78,0.0,0.0,0.613,0.0,0.0,1.0,1.0,0.0,0.001,0.7088,0.703,-0.0058,0.703,2.0864,0.1788,4.92,-0.08,0.07,2.077,2.242,0.0005,0.7073,0.6253,0.2688,0.1061,0.7547,0.1941,3.37,0.477,mixed-rural-urban,0.0,0.1062,0.9255,0.7466,0.7868,0.428,0.2568,0.3073,59.36,False
MAR,Morocco,Amazigh (Tamazight),largest_baseline_category,2.3,2.18,2.3,2.18,5.0,4.85,-0.15,4.85,0.0,4.85,4.85,4.85,4.85,0.0,1904059,2105555,0.0,0.0,0.0,1.25,unspecified,False,0.5,0.48,0.56,0.42,0.454,1.035,1.0,0.78,0.78,0.0,0.0,0.613,0.0,0.0,1.0,1.0,0.0,0.001,0.7088,0.703,-0.0058,0.703,2.0864,0.1788,4.92,-0.08,0.07,2.077,2.242,0.0005,0.7073,0.6253,0.2688,0.1061,0.7547,0.1941,3.37,0.477,mixed-rural-urban,0.0,0.1062,0.9255,0.7466,0.7868,0.428,0.2568,0.3073,59.36,False
MAR,Morocco,Haratin (sub-Saharan origin),higher_fertility_path,2.65,2.32,2.3,2.18,3.5,3.88,0.38,3.88,0.0,3.87,3.89,3.87,3.89,0.02,1332841,1685247,0.0,0.0,0.0,1.25,unspecified,False,0.5,0.48,0.56,0.42,0.454,1.0,1.0,0.78,0.772,0.0,0.0,0.613,0.0,0.0,1.0,1.0,0.0,0.001,0.7088,0.703,-0.0058,0.703,2.0864,0.1788,3.87,0.37,-0.01,2.077,2.242,0.0005,0.7073,0.6253,0.2688,0.1061,0.7547,0.1941,3.37,0.477,mixed-rural-urban,0.0,0.1062,0.9255,0.7466,0.7868,0.428,0.2568,0.3073,59.36,False
MAR,Morocco,Sahrawi,largest_baseline_category,2.3,2.18,2.3,2.18,1.5,1.45,-0.05,1.45,0.0,1.45,1.45,1.45,1.45,0.0,571218,631666,0.0,0.0,0.0,1.25,unspecified,False,0.5,0.48,0.56,0.42,0.454,0.93,1.0,0.78,0.756,0.0,0.0,0.613,0.0,0.0,1.0,1.0,0.0,0.001,0.7088,0.703,-0.0058,0.703,2.0864,0.1788,1.48,-0.02,0.02,2.077,2.242,0.0005,0.7073,0.6253,0.2688,0.1061,0.7547,0.1941,3.37,0.477,mixed-rural-urban,0.0,0.1062,0.9255,0.7466,0.7868,0.428,0.2568,0.3073,59.36,False
MAR,Morocco,Other,identity_category_transition,2.3,2.18,2.3,2.18,1.0,0.98,-0.02,0.98,0.0,0.98,0.98,0.98,0.98,0.0,380812,425847,0.0,0.0,0.0,1.25,unspecified,False,0.5,0.48,0.56,0.42,0.454,0.903,1.0,0.78,0.75,0.0,0.0,0.613,0.0,0.0,1.0,1.0,0.0,0.001,0.7088,0.703,-0.0058,0.703,2.0864,0.1788,1.0,-0.0,0.01,2.077,2.242,0.0005,0.7073,0.6253,0.2688,0.1061,0.7547,0.1941,3.37,0.477,mixed-rural-urban,0.0,0.1062,0.9255,0.7466,0.7868,0.428,0.2568,0.3073,59.36,False
MDA,Moldova,Moldovan / Romanian,largest_baseline_category,1.7,1.82,1.7,1.82,75.1,76.86,1.76,77.86,-0.99,77.11,76.55,76.55,77.11,0.56,2279260,1807671,0.562,0.0,0.0,2.128,unspecified,False,0.5,0.48,0.56,0.42,0.645,1.3,1.0,0.78,0.96,0.0,0.0,0.0,0.0,0.0,1.0,1.197,0.0,0.001,0.4216,0.3953,-0.0263,0.3953,0.9827,0.2852,76.2,1.1,-0.66,1.694,1.84,0.0005,0.4047,0.6447,0.475,0.2643,0.781,0.2615,1.65,0.38,rural-heavy,0.348,0.0222,0.8028,0.8358,0.7838,0.5599,0.4738,0.8782,58.8,True
MDA,Moldova,Ukrainian,lower_fertility_path,1.3,1.66,1.7,1.82,6.6,5.4,-1.2,5.47,-0.07,5.45,5.34,5.34,5.45,0.11,200308,126946,0.562,0.0,0.0,2.128,UKR,False,0.615,0.539,0.82,0.52,0.645,1.063,1.0,0.78,0.963,0.0,0.0,0.0,0.0,0.0,1.0,1.197,0.0,0.001,0.4216,0.3953,-0.0263,0.3953,0.9827,0.2852,5.62,-0.98,0.22,1.694,1.84,0.0005,0.4047,0.6447,0.475,0.2643,0.781,0.2615,1.65,0.38,rural-heavy,0.348,0.0222,0.8028,0.8358,0.7838,0.5599,0.4738,0.8782,58.8,False
MDA,Moldova,Gagauz,lower_fertility_path,1.3,1.66,1.7,1.82,4.6,3.76,-0.84,3.81,-0.05,3.8,3.72,3.72,3.8,0.07,139608,88478,0.562,0.0,0.0,2.128,unspecified,False,0.5,0.48,0.56,0.42,0.645,1.027,1.0,0.78,0.874,0.0,0.0,0.0,0.0,0.0,1.0,1.197,0.0,0.001,0.4216,0.3953,-0.0263,0.3953,0.9827,0.2852,3.91,-0.69,0.15,1.694,1.84,0.0005,0.4047,0.6447,0.475,0.2643,0.781,0.2615,1.65,0.38,rural-heavy,0.348,0.0222,0.8028,0.8358,0.7838,0.5599,0.4738,0.8782,58.8,False
MDA,Moldova,Russian,lower_fertility_path,1.3,1.66,1.7,1.82,4.1,3.35,-0.75,3.4,-0.04,3.38,3.32,3.32,3.38,0.07,124434,78860,0.562,0.0,0.0,2.128,unspecified,False,0.5,0.48,0.56,0.42,0.645,1.016,1.0,0.78,0.87,0.0,0.0,0.0,0.0,0.0,1.0,1.197,0.0,0.001,0.4216,0.3953,-0.0263,0.3953,0.9827,0.2852,3.49,-0.61,0.13,1.694,1.84,0.0005,0.4047,0.6447,0.475,0.2643,0.781,0.2615,1.65,0.38,rural-heavy,0.348,0.0222,0.8028,0.8358,0.7838,0.5599,0.4738,0.8782,58.8,False
MDA,Moldova,Bulgarian,lower_fertility_path,1.3,1.66,1.7,1.82,1.9,1.55,-0.35,1.57,-0.02,1.57,1.54,1.54,1.57,0.03,57664,36545,0.562,0.0,0.0,2.128,unspecified,False,0.5,0.48,0.56,0.42,0.645,0.948,1.0,0.78,0.849,0.0,0.0,0.0,0.0,0.0,1.0,1.197,0.0,0.001,0.4216,0.3953,-0.0263,0.3953,0.9827,0.2852,1.62,-0.28,0.06,1.694,1.84,0.0005,0.4047,0.6447,0.475,0.2643,0.781,0.2615,1.65,0.38,rural-heavy,0.348,0.0222,0.8028,0.8358,0.7838,0.5599,0.4738,0.8782,58.8,False
MDA,Moldova,Other,migration_linked,1.7,1.82,1.7,1.82,7.7,9.07,1.37,7.89,1.18,8.69,9.52,8.69,9.52,0.83,233692,213306,0.562,0.0,0.0,2.128,unspecified,True,0.5,0.48,0.56,0.42,0.645,1.08,1.0,0.78,0.89,0.0,0.0,0.0,0.0,0.0,1.0,1.197,0.0,0.001,0.4216,0.3953,-0.0263,0.3953,0.9827,0.2852,9.16,1.46,0.09,1.694,1.84,0.0005,0.4047,0.6447,0.475,0.2643,0.781,0.2615,1.65,0.38,rural-heavy,0.348,0.0222,0.8028,0.8358,0.7838,0.5599,0.4738,0.8782,58.8,False
MDG,Madagascar,Merina,largest_baseline_category,3.9,3.09,3.9,3.09,26.0,27.82,1.82,27.85,-0.03,27.82,27.81,27.81,27.82,0.02,8310890,14794103,0.0,0.0,0.0,1.25,unspecified,False,0.5,0.48,0.56,0.42,0.454,1.216,1.0,0.78,0.82,0.0,0.0,0.0,0.0,0.0,1.0,1.0,0.0,0.001,0.8442,0.8386,-0.0056,0.8386,2.8431,0.3048,26.78,0.78,-1.04,2.186,2.432,0.0005,0.8419,0.3792,0.2485,0.1576,0.6291,0.2654,6.2,0.391,mixed-rural-urban,0.0,0.093,0.7193,0.5226,0.519,0.1101,0.634,0.0,53.64,True
MDG,Madagascar,Betsimisaraka,largest_baseline_category,3.9,3.09,3.9,3.09,15.0,14.57,-0.43,14.58,-0.02,14.57,14.56,14.56,14.57,0.01,4794744,7748109,0.0,0.0,0.0,1.25,unspecified,False,0.5,0.48,0.56,0.42,0.454,1.153,1.0,0.78,0.806,0.0,0.0,0.0,0.0,0.0,1.0,1.0,0.0,0.001,0.8442,0.8386,-0.0056,0.8386,2.8431,0.3048,14.78,-0.22,0.21,2.186,2.432,0.0005,0.8419,0.3792,0.2485,0.1576,0.6291,0.2654,6.2,0.391,mixed-rural-urban,0.0,0.093,0.7193,0.5226,0.519,0.1101,0.634,0.0,53.64,False
MDG,Madagascar,Betsileo,largest_baseline_category,3.9,3.09,3.9,3.09,12.0,11.65,-0.35,11.67,-0.01,11.66,11.65,11.65,11.66,0.01,3835795,6198488,0.0,0.0,0.0,1.25,unspecified,False,0.5,0.48,0.56,0.42,0.454,1.128,1.0,0.78,0.8,0.0,0.0,0.0,0.0,0.0,1.0,1.0,0.0,0.001,0.8442,0.8386,-0.0056,0.8386,2.8431,0.3048,11.82,-0.18,0.17,2.186,2.432,0.0005,0.8419,0.3792,0.2485,0.1576,0.6291,0.2654,6.2,0.391,mixed-rural-urban,0.0,0.093,0.7193,0.5226,0.519,0.1101,0.634,0.0,53.64,False
MDG,Madagascar,Tsimihety,largest_baseline_category,3.9,3.09,3.9,3.09,7.0,6.8,-0.2,6.81,-0.01,6.8,6.8,6.8,6.8,0.01,2237547,3615784,0.0,0.0,0.0,1.25,unspecified,False,0.5,0.48,0.56,0.42,0.454,1.07,1.0,0.78,0.787,0.0,0.0,0.0,0.0,0.0,1.0,1.0,0.0,0.001,0.8442,0.8386,-0.0056,0.8386,2.8431,0.3048,6.9,-0.1,0.1,2.186,2.432,0.0005,0.8419,0.3792,0.2485,0.1576,0.6291,0.2654,6.2,0.391,mixed-rural-urban,0.0,0.093,0.7193,0.5226,0.519,0.1101,0.634,0.0,53.64,False
MDG,Madagascar,Sakalava,largest_baseline_category,3.9,3.09,3.9,3.09,6.0,5.83,-0.17,5.83,-0.01,5.83,5.82,5.82,5.83,0.0,1917898,3099244,0.0,0.0,0.0,1.25,unspecified,False,0.5,0.48,0.56,0.42,0.454,1.054,1.0,0.78,0.784,0.0,0.0,0.0,0.0,0.0,1.0,1.0,0.0,0.001,0.8442,0.8386,-0.0056,0.8386,2.8431,0.3048,5.91,-0.09,0.08,2.186,2.432,0.0005,0.8419,0.3792,0.2485,0.1576,0.6291,0.2654,6.2,0.391,mixed-rural-urban,0.0,0.093,0.7193,0.5226,0.519,0.1101,0.634,0.0,53.64,False
MDG,Madagascar,Antandroy,largest_baseline_category,3.9,3.09,3.9,3.09,5.0,4.86,-0.14,4.86,-0.01,4.86,4.85,4.85,4.86,0.0,1598248,2582703,0.0,0.0,0.0,1.25,unspecified,False,0.5,0.48,0.56,0.42,0.454,1.035,1.0,0.78,0.78,0.0,0.0,0.0,0.0,0.0,1.0,1.0,0.0,0.001,0.8442,0.8386,-0.0056,0.8386,2.8431,0.3048,4.93,-0.07,0.07,2.186,2.432,0.0005,0.8419,0.3792,0.2485,0.1576,0.6291,0.2654,6.2,0.391,mixed-rural-urban,0.0,0.093,0.7193,0.5226,0.519,0.1101,0.634,0.0,53.64,False
MDG,Madagascar,Antaisaka,largest_baseline_category,3.9,3.09,3.9,3.09,5.0,4.86,-0.14,4.86,-0.01,4.86,4.85,4.85,4.86,0.0,1598248,2582703,0.0,0.0,0.0,1.25,unspecified,False,0.5,0.48,0.56,0.42,0.454,1.035,1.0,0.78,0.78,0.0,0.0,0.0,0.0,0.0,1.0,1.0,0.0,0.001,0.8442,0.8386,-0.0056,0.8386,2.8431,0.3048,4.93,-0.07,0.07,2.186,2.432,0.0005,0.8419,0.3792,0.2485,0.1576,0.6291,0.2654,6.2,0.391,mixed-rural-urban,0.0,0.093,0.7193,0.5226,0.519,0.1101,0.634,0.0,53.64,False
MDG,Madagascar,Antanosy,largest_baseline_category,3.9,3.09,3.9,3.09,4.0,3.88,-0.12,3.89,-0.0,3.89,3.88,3.88,3.89,0.0,1278598,2066163,0.0,0.0,0.0,1.25,unspecified,False,0.5,0.48,0.56,0.42,0.454,1.013,1.0,0.78,0.775,0.0,0.0,0.0,0.0,0.0,1.0,1.0,0.0,0.001,0.8442,0.8386,-0.0056,0.8386,2.8431,0.3048,3.94,-0.06,0.06,2.186,2.432,0.0005,0.8419,0.3792,0.2485,0.1576,0.6291,0.2654,6.2,0.391,mixed-rural-urban,0.0,0.093,0.7193,0.5226,0.519,0.1101,0.634,0.0,53.64,False
MDG,Madagascar,Other Malagasy,identity_category_transition,3.9,3.09,3.9,3.09,19.0,18.66,-0.34,18.68,-0.02,18.67,18.65,18.65,18.67,0.01,6073342,9924647,0.0,0.0,0.0,1.25,unspecified,False,0.5,0.48,0.56,0.42,0.454,1.179,1.0,0.78,0.812,0.0,0.0,0.0,0.0,0.0,1.0,1.0,0.0,0.001,0.8442,0.8386,-0.0056,0.8386,2.8431,0.3048,18.93,-0.07,0.27,2.186,2.432,0.0005,0.8419,0.3792,0.2485,0.1576,0.6291,0.2654,6.2,0.391,mixed-rural-urban,0.0,0.093,0.7193,0.5226,0.519,0.1101,0.634,0.0,53.64,False
MDG,Madagascar,Other (French/Chinese/Indian),migration_linked,3.8,3.05,3.9,3.09,1.0,1.08,0.08,0.97,0.11,1.05,1.12,1.05,1.12,0.07,319650,573529,0.0,0.0,0.0,1.25,IND;PAK;BGD;LKA;NPL,True,0.718,0.719,0.752,0.684,0.454,0.903,1.0,0.78,0.838,0.0,0.0,0.0,0.0,0.0,1.0,1.0,0.0,0.001,0.8442,0.8386,-0.0056,0.8386,2.8431,0.3048,1.1,0.1,0.02,2.186,2.432,0.0005,0.8419,0.3792,0.2485,0.1576,0.6291,0.2654,6.2,0.391,mixed-rural-urban,0.0,0.093,0.7193,0.5226,0.519,0.1101,0.634,0.0,53.64,False
MDV,Maldives,Maldivian,largest_baseline_category,1.5,1.68,1.5,1.68,70.0,67.2,-2.8,70.62,-3.42,68.24,65.97,65.97,68.24,2.26,369461,396470,0.257,0.0,0.0,1.942,unspecified,False,0.5,0.48,0.56,0.42,0.564,1.3,1.0,0.78,0.909,0.0,0.0,0.0,0.0,0.0,1.1,1.199,0.0,0.001,0.4886,0.5224,0.0338,0.5224,1.4022,0.1604,66.69,-3.31,-0.52,1.864,1.934,0.0005,0.5285,0.7123,0.4164,0.1724,0.7904,0.2446,2.09,0.55,mixed-rural-urban,0.116,0.0745,0.9778,0.7139,0.8507,0.6409,0.1892,0.3444,63.64,True
MDV,Maldives,Bangladeshi expatriate,migration_linked,1.5,1.68,1.5,1.68,10.0,11.26,1.26,9.94,1.32,10.85,11.75,10.85,11.75,0.89,52780,66436,0.257,0.0,0.0,1.942,BGD,True,0.735,0.788,0.68,0.84,0.564,1.108,1.0,0.78,1.0,0.0,0.0,0.0,0.0,0.0,1.1,1.199,0.0,0.001,0.4886,0.5224,0.0338,0.5224,1.4022,0.1604,11.41,1.41,0.15,1.864,1.934,0.0005,0.5285,0.7123,0.4164,0.1724,0.7904,0.2446,2.09,0.55,mixed-rural-urban,0.116,0.0745,0.9778,0.7139,0.8507,0.6409,0.1892,0.3444,63.64,False
MDV,Maldives,Indian expatriate,migration_linked,1.5,1.68,1.5,1.68,6.0,6.71,0.71,5.97,0.74,6.48,6.98,6.48,6.98,0.5,31668,39576,0.257,0.0,0.0,1.942,IND;PAK;BGD;LKA;NPL,True,0.718,0.719,0.752,0.684,0.564,1.054,1.0,0.78,0.968,0.0,0.0,0.0,0.0,0.0,1.1,1.199,0.0,0.001,0.4886,0.5224,0.0338,0.5224,1.4022,0.1604,6.8,0.8,0.09,1.864,1.934,0.0005,0.5285,0.7123,0.4164,0.1724,0.7904,0.2446,2.09,0.55,mixed-rural-urban,0.116,0.0745,0.9778,0.7139,0.8507,0.6409,0.1892,0.3444,63.64,False
MDV,Maldives,Chinese expatriate,migration_linked,1.3,1.6,1.5,1.68,5.0,4.99,-0.01,4.52,0.46,4.86,5.14,4.86,5.14,0.28,26390,29420,0.257,0.0,0.0,1.942,CHN,True,0.52,0.502,0.58,0.45,0.564,1.035,1.0,0.78,0.848,0.0,0.0,0.0,0.0,0.0,1.1,1.199,0.0,0.001,0.4886,0.5224,0.0338,0.5224,1.4022,0.1604,5.14,0.14,0.15,1.864,1.934,0.0005,0.5285,0.7123,0.4164,0.1724,0.7904,0.2446,2.09,0.55,mixed-rural-urban,0.116,0.0745,0.9778,0.7139,0.8507,0.6409,0.1892,0.3444,63.64,False
MDV,Maldives,Sri Lankan expatriate,migration_linked,1.5,1.68,1.5,1.68,2.0,2.18,0.18,1.99,0.19,2.12,2.25,2.12,2.25,0.13,10556,12849,0.257,0.0,0.0,1.942,unspecified,True,0.5,0.48,0.56,0.42,0.564,0.952,1.0,0.78,0.813,0.0,0.0,0.0,0.0,0.0,1.1,1.199,0.0,0.001,0.4886,0.5224,0.0338,0.5224,1.4022,0.1604,2.21,0.21,0.03,1.864,1.934,0.0005,0.5285,0.7123,0.4164,0.1724,0.7904,0.2446,2.09,0.55,mixed-rural-urban,0.116,0.0745,0.9778,0.7139,0.8507,0.6409,0.1892,0.3444,63.64,False
MDV,Maldives,Other,migration_linked,1.5,1.68,1.5,1.68,7.0,7.66,0.66,6.96,0.7,7.45,7.92,7.45,7.92,0.47,36946,45211,0.257,0.0,0.0,1.942,unspecified,True,0.5,0.48,0.56,0.42,0.564,1.07,1.0,0.78,0.845,0.0,0.0,0.0,0.0,0.0,1.1,1.199,0.0,0.001,0.4886,0.5224,0.0338,0.5224,1.4022,0.1604,7.76,0.76,0.1,1.864,1.934,0.0005,0.5285,0.7123,0.4164,0.1724,0.7904,0.2446,2.09,0.55,mixed-rural-urban,0.116,0.0745,0.9778,0.7139,0.8507,0.6409,0.1892,0.3444,63.64,False
MEX,Mexico,Mestizo (Euro/Amerindian mix),largest_baseline_category,1.8,1.89,1.8,1.89,62.0,60.13,-1.87,60.13,0.0,60.23,60.03,60.03,60.23,0.19,81133821,89560519,0.129,0.0,0.0,1.451,IND;PAK;BGD;LKA;NPL,False,0.718,0.719,0.752,0.684,0.497,1.3,1.0,0.78,1.004,0.0,0.0,0.546,0.0,0.0,1.0,1.045,0.0,0.0015,0.5915,0.6135,0.0221,0.6135,1.7854,0.143,59.86,-2.14,-0.27,2.008,2.078,0.0007,0.6164,0.7177,0.357,0.1114,0.8001,0.2006,2.59,0.596,urbanizing-majority,0.052,0.0525,0.8903,0.7853,0.8523,0.6445,0.2644,0.3882,60.44,True
MEX,Mexico,Amerindian: Nahua,higher_fertility_path,2.65,2.23,1.8,1.89,7.4,9.24,1.84,9.24,0.0,9.18,9.3,9.18,9.3,0.12,9683714,13760540,0.129,0.0,0.0,1.451,IND;PAK;BGD;LKA;NPL,False,0.718,0.719,0.752,0.684,0.497,1.075,1.0,0.78,0.926,0.0,0.0,0.546,0.0,0.0,1.0,1.045,0.0,0.0015,0.5915,0.6135,0.0221,0.6135,1.7854,0.143,9.08,1.68,-0.16,2.008,2.078,0.0007,0.6164,0.7177,0.357,0.1114,0.8001,0.2006,2.59,0.596,urbanizing-majority,0.052,0.0525,0.8903,0.7853,0.8523,0.6445,0.2644,0.3882,60.44,False
MEX,Mexico,Amerindian: Maya,higher_fertility_path,2.65,2.23,1.8,1.89,6.5,8.11,1.61,8.11,0.0,8.06,8.17,8.06,8.17,0.11,8505965,12086961,0.129,0.0,0.0,1.451,IND;PAK;BGD;LKA;NPL,False,0.718,0.719,0.752,0.684,0.497,1.062,1.0,0.78,0.921,0.0,0.0,0.546,0.0,0.0,1.0,1.045,0.0,0.0015,0.5915,0.6135,0.0221,0.6135,1.7854,0.143,7.97,1.47,-0.14,2.008,2.078,0.0007,0.6164,0.7177,0.357,0.1114,0.8001,0.2006,2.59,0.596,urbanizing-majority,0.052,0.0525,0.8903,0.7853,0.8523,0.6445,0.2644,0.3882,60.44,False
MEX,Mexico,Amerindian: Mixtec,higher_fertility_path,2.65,2.23,1.8,1.89,2.4,3.0,0.6,3.0,0.0,2.98,3.02,2.98,3.02,0.04,3140664,4462878,0.129,0.0,0.0,1.451,IND;PAK;BGD;LKA;NPL,False,0.718,0.719,0.752,0.684,0.497,0.967,1.0,0.78,0.888,0.0,0.0,0.546,0.0,0.0,1.0,1.045,0.0,0.0015,0.5915,0.6135,0.0221,0.6135,1.7854,0.143,2.94,0.54,-0.05,2.008,2.078,0.0007,0.6164,0.7177,0.357,0.1114,0.8001,0.2006,2.59,0.596,urbanizing-majority,0.052,0.0525,0.8903,0.7853,0.8523,0.6445,0.2644,0.3882,60.44,False
MEX,Mexico,Amerindian: Zapotec,higher_fertility_path,2.65,2.23,1.8,1.89,1.7,2.12,0.42,2.12,0.0,2.11,2.14,2.11,2.14,0.03,2224637,3161205,0.129,0.0,0.0,1.451,IND;PAK;BGD;LKA;NPL,False,0.718,0.719,0.752,0.684,0.497,0.939,1.0,0.78,0.878,0.0,0.0,0.546,0.0,0.0,1.0,1.045,0.0,0.0015,0.5915,0.6135,0.0221,0.6135,1.7854,0.143,2.09,0.39,-0.04,2.008,2.078,0.0007,0.6164,0.7177,0.357,0.1114,0.8001,0.2006,2.59,0.596,urbanizing-majority,0.052,0.0525,0.8903,0.7853,0.8523,0.6445,0.2644,0.3882,60.44,False
MEX,Mexico,Amerindian: Otomi,higher_fertility_path,2.65,2.23,1.8,1.89,1.1,1.37,0.27,1.37,0.0,1.36,1.38,1.36,1.38,0.02,1439471,2045486,0.129,0.0,0.0,1.451,IND;PAK;BGD;LKA;NPL,False,0.718,0.719,0.752,0.684,0.497,0.909,1.0,0.78,0.868,0.0,0.0,0.546,0.0,0.0,1.0,1.045,0.0,0.0015,0.5915,0.6135,0.0221,0.6135,1.7854,0.143,1.35,0.25,-0.02,2.008,2.078,0.0007,0.6164,0.7177,0.357,0.1114,0.8001,0.2006,2.59,0.596,urbanizing-majority,0.052,0.0525,0.8903,0.7853,0.8523,0.6445,0.2644,0.3882,60.44,False
MEX,Mexico,Amerindian: Totonac,higher_fertility_path,2.65,2.23,1.8,1.89,0.9,1.12,0.22,1.12,0.0,1.12,1.13,1.12,1.13,0.01,1177749,1673579,0.129,0.0,0.0,1.451,IND;PAK;BGD;LKA;NPL,False,0.718,0.719,0.752,0.684,0.497,0.897,1.0,0.78,0.864,0.0,0.0,0.546,0.0,0.0,1.0,1.045,0.0,0.0015,0.5915,0.6135,0.0221,0.6135,1.7854,0.143,1.1,0.2,-0.02,2.008,2.078,0.0007,0.6164,0.7177,0.357,0.1114,0.8001,0.2006,2.59,0.596,urbanizing-majority,0.052,0.0525,0.8903,0.7853,0.8523,0.6445,0.2644,0.3882,60.44,False
MEX,Mexico,Other Amerindian,higher_fertility_path,2.65,2.23,1.8,1.89,1.0,1.25,0.25,1.25,0.0,1.24,1.26,1.24,1.26,0.02,1308610,1859532,0.129,0.0,0.0,1.451,IND;PAK;BGD;LKA;NPL,False,0.718,0.719,0.752,0.684,0.497,0.903,1.0,0.78,0.866,0.0,0.0,0.546,0.0,0.0,1.0,1.045,0.0,0.0015,0.5915,0.6135,0.0221,0.6135,1.7854,0.143,1.23,0.23,-0.02,2.008,2.078,0.0007,0.6164,0.7177,0.357,0.1114,0.8001,0.2006,2.59,0.596,urbanizing-majority,0.052,0.0525,0.8903,0.7853,0.8523,0.6445,0.2644,0.3882,60.44,False
MEX,Mexico,White (Spanish/European descent),lower_fertility_path,1.3,1.69,1.8,1.89,10.0,7.23,-2.77,7.23,0.0,7.3,7.16,7.16,7.3,0.13,13086100,10768756,0.129,0.0,0.0,1.451,unspecified,False,0.5,0.48,0.56,0.42,0.497,1.108,1.0,0.78,0.82,0.0,0.0,0.546,0.0,0.0,1.0,1.045,0.0,0.0015,0.5915,0.6135,0.0221,0.6135,1.7854,0.143,7.76,-2.24,0.53,2.008,2.078,0.0007,0.6164,0.7177,0.357,0.1114,0.8001,0.2006,2.59,0.596,urbanizing-majority,0.052,0.0525,0.8903,0.7853,0.8523,0.6445,0.2644,0.3882,60.44,False
MEX,Mexico,Afro-Mexican,largest_baseline_category,1.8,1.89,1.8,1.89,1.5,1.36,-0.14,1.36,0.0,1.37,1.36,1.36,1.37,0.0,1962915,2032075,0.129,0.0,0.0,1.451,MEX,False,0.593,0.546,0.74,0.56,0.497,0.93,1.0,0.78,0.818,0.0,0.0,0.546,0.0,0.0,1.0,1.045,0.0,0.0015,0.5915,0.6135,0.0221,0.6135,1.7854,0.143,1.41,-0.09,0.04,2.008,2.078,0.0007,0.6164,0.7177,0.357,0.1114,0.8001,0.2006,2.59,0.596,urbanizing-majority,0.052,0.0525,0.8903,0.7853,0.8523,0.6445,0.2644,0.3882,60.44,False
MEX,Mexico,Other,identity_category_transition,1.8,1.89,1.8,1.89,5.5,5.06,-0.44,5.06,0.0,5.07,5.05,5.05,5.07,0.02,7197355,7534736,0.129,0.0,0.0,1.451,unspecified,False,0.5,0.48,0.56,0.42,0.497,1.045,1.0,0.78,0.804,0.0,0.0,0.546,0.0,0.0,1.0,1.045,0.0,0.0015,0.5915,0.6135,0.0221,0.6135,1.7854,0.143,5.22,-0.28,0.16,2.008,2.078,0.0007,0.6164,0.7177,0.357,0.1114,0.8001,0.2006,2.59,0.596,urbanizing-majority,0.052,0.0525,0.8903,0.7853,0.8523,0.6445,0.2644,0.3882,60.44,False
MHL,Marshall Islands,Marshallese,largest_baseline_category,3.0,2.6,3.0,2.6,92.1,91.95,-0.15,92.2,-0.26,92.03,91.85,91.85,92.03,0.18,34604,23182,0.4,0.0,0.0,1.875,unspecified,False,0.5,0.48,0.56,0.42,0.59,1.3,1.0,0.78,0.925,0.0,0.0,0.0,0.0,0.0,1.0,1.14,0.0,0.001,0.1479,0.1507,0.0028,0.1507,0.3159,0.201,91.83,-0.27,-0.12,1.473,1.457,0.0005,0.1527,0.7131,0.4557,0.2046,0.8065,0.223,1.18,0.55,mixed-rural-urban,0.18,0.0809,0.798,0.9218,0.733,0.6256,0.3384,0.0,57.4,True
MHL,Marshall Islands,Mixed,identity_category_transition,3.0,2.6,3.0,2.6,5.9,5.79,-0.11,5.81,-0.02,5.8,5.78,5.78,5.8,0.01,2217,1460,0.4,0.0,0.0,1.875,unspecified,False,0.5,0.48,0.56,0.42,0.59,1.052,1.0,0.78,0.853,0.0,0.0,0.0,0.0,0.0,1.0,1.14,0.0,0.001,0.1479,0.1507,0.0028,0.1507,0.3159,0.201,5.87,-0.03,0.08,1.473,1.457,0.0005,0.1527,0.7131,0.4557,0.2046,0.8065,0.223,1.18,0.55,mixed-rural-urban,0.18,0.0809,0.798,0.9218,0.733,0.6256,0.3384,0.0,57.4,False
MHL,Marshall Islands,Other,migration_linked,3.0,2.6,3.0,2.6,2.0,2.26,0.26,1.99,0.27,2.18,2.37,2.18,2.37,0.19,751,570,0.4,0.0,0.0,1.875,unspecified,True,0.5,0.48,0.56,0.42,0.59,0.952,1.0,0.78,0.825,0.0,0.0,0.0,0.0,0.0,1.0,1.14,0.0,0.001,0.1479,0.1507,0.0028,0.1507,0.3159,0.201,2.29,0.29,0.03,1.473,1.457,0.0005,0.1527,0.7131,0.4557,0.2046,0.8065,0.223,1.18,0.55,mixed-rural-urban,0.18,0.0809,0.798,0.9218,0.733,0.6256,0.3384,0.0,57.4,False
MKD,North Macedonia,Macedonian,largest_baseline_category,1.4,1.61,1.4,1.61,58.4,55.5,-2.9,55.95,-0.45,55.74,55.24,55.24,55.74,0.49,1064638,839564,0.586,0.486,0.138,2.339,unspecified,False,0.5,0.48,0.56,0.42,0.727,1.3,1.0,0.78,1.012,0.0,0.0,0.0,0.0,0.0,1.0,1.233,0.0,0.001,0.5891,0.6112,0.022,0.6112,1.6497,0.2029,55.4,-3.0,-0.1,2.001,2.075,0.0005,0.6123,0.7087,0.5406,0.198,0.8005,0.2564,2.57,0.587,urbanizing-majority,0.242,0.045,0.9169,0.8149,0.8514,0.6765,0.3736,0.7843,62.2,True
MKD,North Macedonia,Albanian,higher_fertility_path,1.75,1.75,1.4,1.61,24.3,26.3,2.0,26.52,-0.22,26.29,26.3,26.29,26.3,0.0,442992,397896,0.586,0.486,0.138,2.339,unspecified,False,0.5,0.48,0.56,0.42,0.727,1.208,1.0,0.78,0.98,0.0,0.0,0.0,0.0,0.0,1.0,1.233,0.0,0.001,0.5891,0.6112,0.022,0.6112,1.6497,0.2029,26.25,1.95,-0.05,2.001,2.075,0.0005,0.6123,0.7087,0.5406,0.198,0.8005,0.2564,2.57,0.587,urbanizing-majority,0.242,0.045,0.9169,0.8149,0.8514,0.6765,0.3736,0.7843,62.2,False
MKD,North Macedonia,Turk,higher_fertility_path,1.75,1.75,1.4,1.61,3.9,4.22,0.32,4.26,-0.04,4.22,4.22,4.22,4.22,0.0,71097,63860,0.586,0.486,0.138,2.339,unspecified,False,0.5,0.48,0.56,0.42,0.727,1.011,1.0,0.78,0.91,0.0,0.0,0.0,0.0,0.0,1.0,1.233,0.0,0.001,0.5891,0.6112,0.022,0.6112,1.6497,0.2029,4.21,0.31,-0.01,2.001,2.075,0.0005,0.6123,0.7087,0.5406,0.198,0.8005,0.2564,2.57,0.587,urbanizing-majority,0.242,0.045,0.9169,0.8149,0.8514,0.6765,0.3736,0.7843,62.2,False
MKD,North Macedonia,Romani,higher_fertility_path,2.45,2.03,1.4,1.61,2.5,3.49,0.99,3.52,-0.03,3.47,3.52,3.47,3.52,0.05,45575,52840,0.586,0.486,0.138,2.339,unspecified,False,0.5,0.48,0.56,0.42,0.727,0.97,1.0,0.78,0.895,0.0,0.0,0.0,0.0,0.0,1.0,1.233,0.0,0.001,0.5891,0.6112,0.022,0.6112,1.6497,0.2029,3.35,0.85,-0.14,2.001,2.075,0.0005,0.6123,0.7087,0.5406,0.198,0.8005,0.2564,2.57,0.587,urbanizing-majority,0.242,0.045,0.9169,0.8149,0.8514,0.6765,0.3736,0.7843,62.2,False
MKD,North Macedonia,Serb,lower_fertility_path,1.0,1.45,1.4,1.61,1.8,1.31,-0.49,1.32,-0.01,1.32,1.29,1.29,1.32,0.03,32814,19813,0.586,0.486,0.138,2.339,unspecified,False,0.5,0.48,0.56,0.42,0.727,0.944,1.0,0.78,0.886,0.0,0.0,0.0,0.0,0.0,1.0,1.233,0.0,0.001,0.5891,0.6112,0.022,0.6112,1.6497,0.2029,1.39,-0.41,0.08,2.001,2.075,0.0005,0.6123,0.7087,0.5406,0.198,0.8005,0.2564,2.57,0.587,urbanizing-majority,0.242,0.045,0.9169,0.8149,0.8514,0.6765,0.3736,0.7843,62.2,False
MKD,North Macedonia,Other,identity_category_transition,1.4,1.61,1.4,1.61,9.1,9.17,0.07,8.42,0.75,8.96,9.43,8.96,9.43,0.47,165894,138713,0.586,0.486,0.138,2.339,unspecified,False,0.5,0.48,0.56,0.42,0.727,1.098,1.0,0.78,0.94,0.0,0.0,0.0,0.0,0.0,1.0,1.233,0.0,0.001,0.5891,0.6112,0.022,0.6112,1.6497,0.2029,9.39,0.29,0.22,2.001,2.075,0.0005,0.6123,0.7087,0.5406,0.198,0.8005,0.2564,2.57,0.587,urbanizing-majority,0.242,0.045,0.9169,0.8149,0.8514,0.6765,0.3736,0.7843,62.2,False
MLI,Mali,Bambara,largest_baseline_category,5.8,4.13,5.8,4.13,33.3,34.36,1.06,34.36,0.0,34.38,34.35,34.35,34.38,0.03,8151373,15859213,0.0,0.0,0.0,1.25,unspecified,False,0.5,0.48,0.56,0.42,0.454,1.244,1.0,0.78,0.826,0.0,0.0,0.836,0.0,0.0,1.0,1.0,0.0,0.001,0.8281,0.8211,-0.007,0.8211,2.7564,0.3445,33.48,0.18,-0.88,2.157,2.409,0.0005,0.8256,0.2728,0.2473,0.1822,0.5583,0.3163,5.59,0.373,rural-heavy,0.0,0.0663,0.668,0.3137,0.5454,0.0,0.72,0.0,50.3,True
MLI,Mali,Fulani (Peulh),higher_fertility_path,6.45,4.39,5.8,4.13,13.3,14.58,1.28,14.58,0.0,14.54,14.61,14.54,14.61,0.07,3255653,6728107,0.0,0.0,0.0,1.25,unspecified,False,0.5,0.48,0.56,0.42,0.454,1.139,1.0,0.78,0.803,0.0,0.0,0.836,0.0,0.0,1.0,1.0,0.0,0.001,0.8281,0.8211,-0.007,0.8211,2.7564,0.3445,14.65,1.35,0.07,2.157,2.409,0.0005,0.8256,0.2728,0.2473,0.1822,0.5583,0.3163,5.59,0.373,rural-heavy,0.0,0.0663,0.668,0.3137,0.5454,0.0,0.72,0.0,50.3,False
MLI,Mali,Sarakole,largest_baseline_category,5.8,4.13,5.8,4.13,9.6,9.17,-0.43,9.17,0.0,9.18,9.17,9.17,9.18,0.01,2349945,4232977,0.0,0.0,0.0,1.25,unspecified,False,0.5,0.48,0.56,0.42,0.454,1.103,1.0,0.78,0.795,0.0,0.0,0.836,0.0,0.0,1.0,1.0,0.0,0.001,0.8281,0.8211,-0.007,0.8211,2.7564,0.3445,9.32,-0.28,0.15,2.157,2.409,0.0005,0.8256,0.2728,0.2473,0.1822,0.5583,0.3163,5.59,0.373,rural-heavy,0.0,0.0663,0.668,0.3137,0.5454,0.0,0.72,0.0,50.3,False
MLI,Mali,Senufo,largest_baseline_category,5.8,4.13,5.8,4.13,9.6,9.17,-0.43,9.17,0.0,9.18,9.17,9.17,9.18,0.01,2349945,4232977,0.0,0.0,0.0,1.25,unspecified,False,0.5,0.48,0.56,0.42,0.454,1.103,1.0,0.78,0.795,0.0,0.0,0.836,0.0,0.0,1.0,1.0,0.0,0.001,0.8281,0.8211,-0.007,0.8211,2.7564,0.3445,9.32,-0.28,0.15,2.157,2.409,0.0005,0.8256,0.2728,0.2473,0.1822,0.5583,0.3163,5.59,0.373,rural-heavy,0.0,0.0663,0.668,0.3137,0.5454,0.0,0.72,0.0,50.3,False
MLI,Mali,Dogon,largest_baseline_category,5.8,4.13,5.8,4.13,8.7,8.31,-0.39,8.31,0.0,8.32,8.31,8.31,8.32,0.01,2129638,3836135,0.0,0.0,0.0,1.25,unspecified,False,0.5,0.48,0.56,0.42,0.454,1.093,1.0,0.78,0.792,0.0,0.0,0.836,0.0,0.0,1.0,1.0,0.0,0.001,0.8281,0.8211,-0.007,0.8211,2.7564,0.3445,8.44,-0.26,0.13,2.157,2.409,0.0005,0.8256,0.2728,0.2473,0.1822,0.5583,0.3163,5.59,0.373,rural-heavy,0.0,0.0663,0.668,0.3137,0.5454,0.0,0.72,0.0,50.3,False
MLI,Mali,Malinke,largest_baseline_category,5.8,4.13,5.8,4.13,8.7,8.31,-0.39,8.31,0.0,8.32,8.31,8.31,8.32,0.01,2129638,3836135,0.0,0.0,0.0,1.25,unspecified,False,0.5,0.48,0.56,0.42,0.454,1.093,1.0,0.78,0.792,0.0,0.0,0.836,0.0,0.0,1.0,1.0,0.0,0.001,0.8281,0.8211,-0.007,0.8211,2.7564,0.3445,8.44,-0.26,0.13,2.157,2.409,0.0005,0.8256,0.2728,0.2473,0.1822,0.5583,0.3163,5.59,0.373,rural-heavy,0.0,0.0663,0.668,0.3137,0.5454,0.0,0.72,0.0,50.3,False
MLI,Mali,Bobo,largest_baseline_category,5.8,4.13,5.8,4.13,6.7,6.4,-0.3,6.4,0.0,6.4,6.4,6.4,6.4,0.01,1640066,2954265,0.0,0.0,0.0,1.25,unspecified,False,0.5,0.48,0.56,0.42,0.454,1.065,1.0,0.78,0.786,0.0,0.0,0.836,0.0,0.0,1.0,1.0,0.0,0.001,0.8281,0.8211,-0.007,0.8211,2.7564,0.3445,6.5,-0.2,0.1,2.157,2.409,0.0005,0.8256,0.2728,0.2473,0.1822,0.5583,0.3163,5.59,0.373,rural-heavy,0.0,0.0663,0.668,0.3137,0.5454,0.0,0.72,0.0,50.3,False
MLI,Mali,Songhai,largest_baseline_category,5.8,4.13,5.8,4.13,5.9,5.64,-0.26,5.64,0.0,5.64,5.63,5.63,5.64,0.0,1444237,2601517,0.0,0.0,0.0,1.25,unspecified,False,0.5,0.48,0.56,0.42,0.454,1.052,1.0,0.78,0.783,0.0,0.0,0.836,0.0,0.0,1.0,1.0,0.0,0.001,0.8281,0.8211,-0.007,0.8211,2.7564,0.3445,5.73,-0.17,0.09,2.157,2.409,0.0005,0.8256,0.2728,0.2473,0.1822,0.5583,0.3163,5.59,0.373,rural-heavy,0.0,0.0663,0.668,0.3137,0.5454,0.0,0.72,0.0,50.3,False
MLI,Mali,Other,identity_category_transition,5.8,4.13,5.8,4.13,4.2,4.06,-0.14,4.06,0.0,4.06,4.06,4.06,4.06,0.0,1028101,1872755,0.0,0.0,0.0,1.25,unspecified,False,0.5,0.48,0.56,0.42,0.454,1.018,1.0,0.78,0.776,0.0,0.0,0.836,0.0,0.0,1.0,1.0,0.0,0.001,0.8281,0.8211,-0.007,0.8211,2.7564,0.3445,4.12,-0.08,0.06,2.157,2.409,0.0005,0.8256,0.2728,0.2473,0.1822,0.5583,0.3163,5.59,0.373,rural-heavy,0.0,0.0663,0.668,0.3137,0.5454,0.0,0.72,0.0,50.3,False
MLT,Malta,Maltese,largest_baseline_category,1.1,1.4,1.1,1.4,87.4,85.68,-1.72,87.23,-1.55,86.17,85.09,85.09,86.17,1.08,471621,459012,0.44,0.35,0.2,2.187,unspecified,False,0.5,0.48,0.56,0.42,0.657,1.3,1.0,0.78,0.968,0.0,0.0,0.0,0.0,0.0,1.0,1.194,0.0,0.001,0.2297,0.2576,0.0279,0.2576,0.5788,0.1568,85.52,-1.88,-0.16,1.567,1.572,0.0005,0.2601,0.7929,0.4864,0.213,0.8388,0.2223,1.35,0.55,mixed-rural-urban,0.198,0.0062,0.9754,0.875,0.9431,0.7937,0.2334,0.6482,68.1,True
MLT,Malta,Other European,migration_linked,1.1,1.4,1.1,1.4,5.0,5.66,0.66,4.95,0.71,5.44,5.93,5.44,5.93,0.49,26981,30326,0.44,0.35,0.2,2.187,unspecified,True,0.5,0.48,0.56,0.42,0.657,1.035,1.0,0.78,0.883,0.0,0.0,0.0,0.0,0.0,1.0,1.194,0.0,0.001,0.2297,0.2576,0.0279,0.2576,0.5788,0.1568,5.74,0.74,0.08,1.567,1.572,0.0005,0.2601,0.7929,0.4864,0.213,0.8388,0.2223,1.35,0.55,mixed-rural-urban,0.198,0.0062,0.9754,0.875,0.9431,0.7937,0.2334,0.6482,68.1,False
MLT,Malta,North African,higher_fertility_path,1.45,1.54,1.1,1.4,1.5,1.75,0.25,1.78,-0.03,1.75,1.74,1.74,1.75,0.0,8094,9353,0.44,0.35,0.2,2.187,unspecified,False,0.5,0.48,0.56,0.42,0.657,0.93,1.0,0.78,0.849,0.0,0.0,0.0,0.0,0.0,1.0,1.194,0.0,0.001,0.2297,0.2576,0.0279,0.2576,0.5788,0.1568,1.72,0.22,-0.03,1.567,1.572,0.0005,0.2601,0.7929,0.4864,0.213,0.8388,0.2223,1.35,0.55,mixed-rural-urban,0.198,0.0062,0.9754,0.875,0.9431,0.7937,0.2334,0.6482,68.1,False
MLT,Malta,Other,migration_linked,1.1,1.4,1.1,1.4,6.1,6.91,0.81,6.04,0.87,6.64,7.24,6.64,7.24,0.6,32916,37037,0.44,0.35,0.2,2.187,unspecified,True,0.5,0.48,0.56,0.42,0.657,1.055,1.0,0.78,0.889,0.0,0.0,0.0,0.0,0.0,1.0,1.194,0.0,0.001,0.2297,0.2576,0.0279,0.2576,0.5788,0.1568,7.02,0.92,0.1,1.567,1.572,0.0005,0.2601,0.7929,0.4864,0.213,0.8388,0.2223,1.35,0.55,mixed-rural-urban,0.198,0.0062,0.9754,0.875,0.9431,0.7937,0.2334,0.6482,68.1,False
MMR,Myanmar,Bamar,largest_baseline_category,2.5,2.26,2.5,2.26,68.0,68.15,0.15,68.5,-0.35,68.26,68.02,68.02,68.26,0.25,37060058,39952606,0.0,0.0,0.0,1.25,unspecified,False,0.5,0.48,0.56,0.42,0.454,1.3,1.0,0.78,0.839,0.0,0.0,0.0,0.0,0.0,1.0,1.0,0.0,0.001,0.5206,0.5191,-0.0015,0.5191,1.4235,0.1548,67.72,-0.28,-0.43,1.896,1.979,0.0005,0.5245,0.6337,0.3016,0.1525,0.7132,0.2518,2.08,0.541,mixed-rural-urban,0.0,0.0561,0.7603,0.606,0.6386,0.5392,0.1789,0.223,61.8,True
MMR,Myanmar,Shan,largest_baseline_category,2.5,2.26,2.5,2.26,9.0,8.68,-0.32,8.73,-0.05,8.7,8.66,8.66,8.7,0.03,4905008,5089471,0.0,0.0,0.0,1.25,unspecified,False,0.5,0.48,0.56,0.42,0.454,1.096,1.0,0.78,0.793,0.0,0.0,0.0,0.0,0.0,1.0,1.0,0.0,0.001,0.5206,0.5191,-0.0015,0.5191,1.4235,0.1548,8.81,-0.19,0.13,1.896,1.979,0.0005,0.5245,0.6337,0.3016,0.1525,0.7132,0.2518,2.08,0.541,mixed-rural-urban,0.0,0.0561,0.7603,0.606,0.6386,0.5392,0.1789,0.223,61.8,False
MMR,Myanmar,Karen,largest_baseline_category,2.5,2.26,2.5,2.26,7.0,6.75,-0.25,6.79,-0.04,6.76,6.74,6.74,6.76,0.02,3815006,3958477,0.0,0.0,0.0,1.25,unspecified,False,0.5,0.48,0.56,0.42,0.454,1.07,1.0,0.78,0.787,0.0,0.0,0.0,0.0,0.0,1.0,1.0,0.0,0.001,0.5206,0.5191,-0.0015,0.5191,1.4235,0.1548,6.85,-0.15,0.1,1.896,1.979,0.0005,0.5245,0.6337,0.3016,0.1525,0.7132,0.2518,2.08,0.541,mixed-rural-urban,0.0,0.0561,0.7603,0.606,0.6386,0.5392,0.1789,0.223,61.8,False
MMR,Myanmar,Rakhine,higher_fertility_path,2.85,2.4,2.5,2.26,4.0,4.39,0.39,4.41,-0.02,4.38,4.39,4.38,4.39,0.01,2180003,2572929,0.0,0.0,0.0,1.25,unspecified,False,0.5,0.48,0.56,0.42,0.454,1.013,1.0,0.78,0.775,0.0,0.0,0.0,0.0,0.0,1.0,1.0,0.0,0.001,0.5206,0.5191,-0.0015,0.5191,1.4235,0.1548,4.38,0.38,-0.01,1.896,1.979,0.0005,0.5245,0.6337,0.3016,0.1525,0.7132,0.2518,2.08,0.541,mixed-rural-urban,0.0,0.0561,0.7603,0.606,0.6386,0.5392,0.1789,0.223,61.8,False
MMR,Myanmar,Chinese,migration_linked,2.3,2.18,2.5,2.26,3.0,3.06,0.06,2.79,0.27,2.98,3.15,2.98,3.15,0.17,1635003,1793637,0.0,0.0,0.0,1.25,CHN,True,0.52,0.502,0.58,0.45,0.454,0.986,1.0,0.78,0.778,0.0,0.0,0.0,0.0,0.0,1.0,1.0,0.0,0.001,0.5206,0.5191,-0.0015,0.5191,1.4235,0.1548,3.14,0.14,0.08,1.896,1.979,0.0005,0.5245,0.6337,0.3016,0.1525,0.7132,0.2518,2.08,0.541,mixed-rural-urban,0.0,0.0561,0.7603,0.606,0.6386,0.5392,0.1789,0.223,61.8,False
MMR,Myanmar,Indian,migration_linked,2.5,2.26,2.5,2.26,2.0,2.2,0.2,1.98,0.21,2.13,2.28,2.13,2.28,0.15,1090002,1288097,0.0,0.0,0.0,1.25,IND;PAK;BGD;LKA;NPL,True,0.718,0.719,0.752,0.684,0.454,0.952,1.0,0.78,0.854,0.0,0.0,0.0,0.0,0.0,1.0,1.0,0.0,0.001,0.5206,0.5191,-0.0015,0.5191,1.4235,0.1548,2.23,0.23,0.03,1.896,1.979,0.0005,0.5245,0.6337,0.3016,0.1525,0.7132,0.2518,2.08,0.541,mixed-rural-urban,0.0,0.0561,0.7603,0.606,0.6386,0.5392,0.1789,0.223,61.8,False
MMR,Myanmar,Mon,largest_baseline_category,2.5,2.26,2.5,2.26,2.0,1.93,-0.07,1.94,-0.01,1.93,1.93,1.93,1.93,0.01,1090002,1130993,0.0,0.0,0.0,1.25,unspecified,False,0.5,0.48,0.56,0.42,0.454,0.952,1.0,0.78,0.761,0.0,0.0,0.0,0.0,0.0,1.0,1.0,0.0,0.001,0.5206,0.5191,-0.0015,0.5191,1.4235,0.1548,1.96,-0.04,0.03,1.896,1.979,0.0005,0.5245,0.6337,0.3016,0.1525,0.7132,0.2518,2.08,0.541,mixed-rural-urban,0.0,0.0561,0.7603,0.606,0.6386,0.5392,0.1789,0.223,61.8,False
MMR,Myanmar,Chin,largest_baseline_category,2.5,2.26,2.5,2.26,1.5,1.45,-0.05,1.45,-0.01,1.45,1.44,1.44,1.45,0.01,817501,848245,0.0,0.0,0.0,1.25,unspecified,False,0.5,0.48,0.56,0.42,0.454,0.93,1.0,0.78,0.756,0.0,0.0,0.0,0.0,0.0,1.0,1.0,0.0,0.001,0.5206,0.5191,-0.0015,0.5191,1.4235,0.1548,1.47,-0.03,0.02,1.896,1.979,0.0005,0.5245,0.6337,0.3016,0.1525,0.7132,0.2518,2.08,0.541,mixed-rural-urban,0.0,0.0561,0.7603,0.606,0.6386,0.5392,0.1789,0.223,61.8,False
MMR,Myanmar,Kachin,largest_baseline_category,2.5,2.26,2.5,2.26,1.0,0.96,-0.04,0.97,-0.01,0.97,0.96,0.96,0.97,0.0,545001,565497,0.0,0.0,0.0,1.25,unspecified,False,0.5,0.48,0.56,0.42,0.454,0.903,1.0,0.78,0.75,0.0,0.0,0.0,0.0,0.0,1.0,1.0,0.0,0.001,0.5206,0.5191,-0.0015,0.5191,1.4235,0.1548,0.98,-0.02,0.01,1.896,1.979,0.0005,0.5245,0.6337,0.3016,0.1525,0.7132,0.2518,2.08,0.541,mixed-rural-urban,0.0,0.0561,0.7603,0.606,0.6386,0.5392,0.1789,0.223,61.8,False
MMR,Myanmar,Kayin,largest_baseline_category,2.5,2.26,2.5,2.26,1.0,0.96,-0.04,0.97,-0.01,0.97,0.96,0.96,0.97,0.0,545001,565497,0.0,0.0,0.0,1.25,unspecified,False,0.5,0.48,0.56,0.42,0.454,0.903,1.0,0.78,0.75,0.0,0.0,0.0,0.0,0.0,1.0,1.0,0.0,0.001,0.5206,0.5191,-0.0015,0.5191,1.4235,0.1548,0.98,-0.02,0.01,1.896,1.979,0.0005,0.5245,0.6337,0.3016,0.1525,0.7132,0.2518,2.08,0.541,mixed-rural-urban,0.0,0.0561,0.7603,0.606,0.6386,0.5392,0.1789,0.223,61.8,False
MMR,Myanmar,Other,identity_category_transition,2.5,2.26,2.5,2.26,1.5,1.46,-0.04,1.47,-0.01,1.47,1.46,1.46,1.47,0.01,817501,857785,0.0,0.0,0.0,1.25,unspecified,False,0.5,0.48,0.56,0.42,0.454,0.93,1.0,0.78,0.756,0.0,0.0,0.0,0.0,0.0,1.0,1.0,0.0,0.001,0.5206,0.5191,-0.0015,0.5191,1.4235,0.1548,1.48,-0.02,0.02,1.896,1.979,0.0005,0.5245,0.6337,0.3016,0.1525,0.7132,0.2518,2.08,0.541,mixed-rural-urban,0.0,0.0561,0.7603,0.606,0.6386,0.5392,0.1789,0.223,61.8,False
MNE,Montenegro,Montenegrin,largest_baseline_category,1.7,1.82,1.7,1.82,45.0,47.01,2.01,47.56,-0.55,47.14,46.85,46.85,47.14,0.29,287316,250717,0.447,0.376,0.121,2.1,unspecified,False,0.5,0.48,0.56,0.42,0.663,1.279,1.0,0.78,0.965,0.0,0.0,0.0,0.0,0.0,1.0,1.181,0.0,0.001,0.6889,0.6915,0.0026,0.6915,2.0148,0.2123,46.06,1.06,-0.96,2.095,2.215,0.0005,0.6955,0.7088,0.4836,0.2148,0.8163,0.227,3.24,0.55,mixed-rural-urban,0.201,0.0129,0.8866,0.8811,0.8573,0.6706,0.462,0.8964,59.7,True
MNE,Montenegro,Serb,lower_fertility_path,1.3,1.66,1.7,1.82,28.7,23.43,-5.27,23.71,-0.28,23.64,23.21,23.21,23.64,0.43,183244,124969,0.447,0.376,0.121,2.1,unspecified,False,0.5,0.48,0.56,0.42,0.663,1.227,1.0,0.78,0.948,0.0,0.0,0.0,0.0,0.0,1.0,1.181,0.0,0.001,0.6889,0.6915,0.0026,0.6915,2.0148,0.2123,24.44,-4.26,1.01,2.095,2.215,0.0005,0.6955,0.7088,0.4836,0.2148,0.8163,0.227,3.24,0.55,mixed-rural-urban,0.201,0.0129,0.8866,0.8811,0.8573,0.6706,0.462,0.8964,59.7,False
MNE,Montenegro,Bosniak,higher_fertility_path,2.05,1.96,1.7,1.82,8.6,9.94,1.34,10.06,-0.12,9.93,9.95,9.93,9.95,0.02,54909,53029,0.447,0.376,0.121,2.1,unspecified,False,0.5,0.48,0.56,0.42,0.663,1.091,1.0,0.78,0.904,0.0,0.0,0.0,0.0,0.0,1.0,1.181,0.0,0.001,0.6889,0.6915,0.0026,0.6915,2.0148,0.2123,9.82,1.22,-0.12,2.095,2.215,0.0005,0.6955,0.7088,0.4836,0.2148,0.8163,0.227,3.24,0.55,mixed-rural-urban,0.201,0.0129,0.8866,0.8811,0.8573,0.6706,0.462,0.8964,59.7,False
MNE,Montenegro,Albanian,higher_fertility_path,2.05,1.96,1.7,1.82,4.9,5.67,0.77,5.73,-0.07,5.66,5.67,5.66,5.67,0.01,31286,30214,0.447,0.376,0.121,2.1,unspecified,False,0.5,0.48,0.56,0.42,0.663,1.033,1.0,0.78,0.885,0.0,0.0,0.0,0.0,0.0,1.0,1.181,0.0,0.001,0.6889,0.6915,0.0026,0.6915,2.0148,0.2123,5.6,0.7,-0.07,2.095,2.215,0.0005,0.6955,0.7088,0.4836,0.2148,0.8163,0.227,3.24,0.55,mixed-rural-urban,0.201,0.0129,0.8866,0.8811,0.8573,0.6706,0.462,0.8964,59.7,False
MNE,Montenegro,Other,identity_category_transition,1.7,1.82,1.7,1.82,12.8,13.95,1.15,12.93,1.01,13.62,14.32,13.62,14.32,0.7,81726,74369,0.447,0.376,0.121,2.1,unspecified,False,0.5,0.48,0.56,0.42,0.663,1.135,1.0,0.78,0.918,0.0,0.0,0.0,0.0,0.0,1.0,1.181,0.0,0.001,0.6889,0.6915,0.0026,0.6915,2.0148,0.2123,14.09,1.29,0.14,2.095,2.215,0.0005,0.6955,0.7088,0.4836,0.2148,0.8163,0.227,3.24,0.55,mixed-rural-urban,0.201,0.0129,0.8866,0.8811,0.8573,0.6706,0.462,0.8964,59.7,False
MNG,Mongolia,Khalkh,largest_baseline_category,2.8,2.38,2.8,2.38,81.9,81.53,-0.37,81.87,-0.33,81.65,81.4,81.4,81.65,0.25,2846468,3670246,0.0,0.0,0.0,1.25,unspecified,False,0.5,0.48,0.56,0.42,0.454,1.3,1.0,0.78,0.839,0.0,0.0,0.0,0.0,0.0,1.0,1.0,0.0,0.001,0.3232,0.3288,0.0056,0.3288,0.7995,0.1227,81.33,-0.57,-0.21,1.674,1.703,0.0005,0.332,0.732,0.297,0.1146,0.7925,0.1939,1.49,0.55,mixed-rural-urban,0.0,0.0919,0.8706,0.8132,0.834,0.6623,0.203,0.2657,61.34,True
MNG,Mongolia,Kazakh,higher_fertility_path,3.15,2.52,2.8,2.38,3.8,4.14,0.34,4.16,-0.02,4.13,4.15,4.13,4.15,0.01,132071,186366,0.0,0.0,0.0,1.25,unspecified,False,0.5,0.48,0.56,0.42,0.454,1.008,1.0,0.78,0.774,0.0,0.0,0.0,0.0,0.0,1.0,1.0,0.0,0.001,0.3232,0.3288,0.0056,0.3288,0.7995,0.1227,4.13,0.33,-0.01,1.674,1.703,0.0005,0.332,0.732,0.297,0.1146,0.7925,0.1939,1.49,0.55,mixed-rural-urban,0.0,0.0919,0.8706,0.8132,0.834,0.6623,0.203,0.2657,61.34,False
MNG,Mongolia,Dorvod,largest_baseline_category,2.8,2.38,2.8,2.38,2.7,2.6,-0.1,2.61,-0.01,2.61,2.6,2.6,2.61,0.01,93840,117203,0.0,0.0,0.0,1.25,unspecified,False,0.5,0.48,0.56,0.42,0.454,0.977,1.0,0.78,0.767,0.0,0.0,0.0,0.0,0.0,1.0,1.0,0.0,0.001,0.3232,0.3288,0.0056,0.3288,0.7995,0.1227,2.64,-0.06,0.04,1.674,1.703,0.0005,0.332,0.732,0.297,0.1146,0.7925,0.1939,1.49,0.55,mixed-rural-urban,0.0,0.0919,0.8706,0.8132,0.834,0.6623,0.203,0.2657,61.34,False
MNG,Mongolia,Bayad,largest_baseline_category,2.8,2.38,2.8,2.38,1.9,1.83,-0.07,1.84,-0.01,1.83,1.83,1.83,1.83,0.01,66035,82476,0.0,0.0,0.0,1.25,unspecified,False,0.5,0.48,0.56,0.42,0.454,0.948,1.0,0.78,0.76,0.0,0.0,0.0,0.0,0.0,1.0,1.0,0.0,0.001,0.3232,0.3288,0.0056,0.3288,0.7995,0.1227,1.86,-0.04,0.03,1.674,1.703,0.0005,0.332,0.732,0.297,0.1146,0.7925,0.1939,1.49,0.55,mixed-rural-urban,0.0,0.0919,0.8706,0.8132,0.834,0.6623,0.203,0.2657,61.34,False
MNG,Mongolia,Buryat,largest_baseline_category,2.8,2.38,2.8,2.38,1.7,1.64,-0.06,1.65,-0.01,1.64,1.64,1.64,1.64,0.01,59084,73795,0.0,0.0,0.0,1.25,unspecified,False,0.5,0.48,0.56,0.42,0.454,0.939,1.0,0.78,0.758,0.0,0.0,0.0,0.0,0.0,1.0,1.0,0.0,0.001,0.3232,0.3288,0.0056,0.3288,0.7995,0.1227,1.66,-0.04,0.02,1.674,1.703,0.0005,0.332,0.732,0.297,0.1146,0.7925,0.1939,1.49,0.55,mixed-rural-urban,0.0,0.0919,0.8706,0.8132,0.834,0.6623,0.203,0.2657,61.34,False
MNG,Mongolia,Other Mongol groups,identity_category_transition,2.8,2.38,2.8,2.38,4.0,3.9,-0.1,3.92,-0.02,3.91,3.89,3.89,3.91,0.01,139022,175587,0.0,0.0,0.0,1.25,unspecified,False,0.5,0.48,0.56,0.42,0.454,1.013,1.0,0.78,0.775,0.0,0.0,0.0,0.0,0.0,1.0,1.0,0.0,0.001,0.3232,0.3288,0.0056,0.3288,0.7995,0.1227,3.96,-0.04,0.06,1.674,1.703,0.0005,0.332,0.732,0.297,0.1146,0.7925,0.1939,1.49,0.55,mixed-rural-urban,0.0,0.0919,0.8706,0.8132,0.834,0.6623,0.203,0.2657,61.34,False
MNG,Mongolia,Other,migration_linked,2.8,2.38,2.8,2.38,4.0,4.35,0.35,3.96,0.39,4.23,4.49,4.23,4.49,0.26,139022,195819,0.0,0.0,0.0,1.25,unspecified,True,0.5,0.48,0.56,0.42,0.454,1.013,1.0,0.78,0.775,0.0,0.0,0.0,0.0,0.0,1.0,1.0,0.0,0.001,0.3232,0.3288,0.0056,0.3288,0.7995,0.1227,4.42,0.42,0.07,1.674,1.703,0.0005,0.332,0.732,0.297,0.1146,0.7925,0.1939,1.49,0.55,mixed-rural-urban,0.0,0.0919,0.8706,0.8132,0.834,0.6623,0.203,0.2657,61.34,False
MOZ,Mozambique,Makhuwa,largest_baseline_category,4.7,3.53,4.7,3.53,26.1,25.35,-0.75,25.35,0.0,25.35,25.35,25.35,25.35,0.0,9038891,16106510,0.0,0.0,0.0,1.25,unspecified,False,0.5,0.48,0.56,0.42,0.454,1.216,1.0,0.78,0.82,0.0,0.0,0.816,0.0,0.0,1.0,1.0,0.0,0.001,0.8271,0.8212,-0.0059,0.8212,2.7397,0.3178,25.72,-0.38,0.37,2.137,2.408,0.0005,0.8242,0.3506,0.2239,0.1311,0.6212,0.264,5.59,0.337,rural-heavy,0.0,0.0596,0.7067,0.5179,0.4611,0.0731,0.72,0.0,51.56,False
MOZ,Mozambique,Tsonga,largest_baseline_category,4.7,3.53,4.7,3.53,11.3,10.98,-0.32,10.98,0.0,10.98,10.98,10.98,10.98,0.0,3913390,6973317,0.0,0.0,0.0,1.25,unspecified,False,0.5,0.48,0.56,0.42,0.454,1.121,1.0,0.78,0.799,0.0,0.0,0.816,0.0,0.0,1.0,1.0,0.0,0.001,0.8271,0.8212,-0.0059,0.8212,2.7397,0.3178,11.13,-0.17,0.16,2.137,2.408,0.0005,0.8242,0.3506,0.2239,0.1311,0.6212,0.264,5.59,0.337,rural-heavy,0.0,0.0596,0.7067,0.5179,0.4611,0.0731,0.72,0.0,51.56,False
MOZ,Mozambique,Lomwe,largest_baseline_category,4.7,3.53,4.7,3.53,7.8,7.58,-0.22,7.58,0.0,7.58,7.58,7.58,7.58,0.0,2701278,4813440,0.0,0.0,0.0,1.25,unspecified,False,0.5,0.48,0.56,0.42,0.454,1.081,1.0,0.78,0.79,0.0,0.0,0.816,0.0,0.0,1.0,1.0,0.0,0.001,0.8271,0.8212,-0.0059,0.8212,2.7397,0.3178,7.69,-0.11,0.11,2.137,2.408,0.0005,0.8242,0.3506,0.2239,0.1311,0.6212,0.264,5.59,0.337,rural-heavy,0.0,0.0596,0.7067,0.5179,0.4611,0.0731,0.72,0.0,51.56,False
MOZ,Mozambique,Sena,largest_baseline_category,4.7,3.53,4.7,3.53,7.2,6.99,-0.21,6.99,0.0,6.99,6.99,6.99,6.99,0.0,2493487,4443175,0.0,0.0,0.0,1.25,unspecified,False,0.5,0.48,0.56,0.42,0.454,1.072,1.0,0.78,0.788,0.0,0.0,0.816,0.0,0.0,1.0,1.0,0.0,0.001,0.8271,0.8212,-0.0059,0.8212,2.7397,0.3178,7.09,-0.11,0.1,2.137,2.408,0.0005,0.8242,0.3506,0.2239,0.1311,0.6212,0.264,5.59,0.337,rural-heavy,0.0,0.0596,0.7067,0.5179,0.4611,0.0731,0.72,0.0,51.56,False
MOZ,Mozambique,Shona,largest_baseline_category,4.7,3.53,4.7,3.53,6.4,6.22,-0.18,6.22,0.0,6.22,6.22,6.22,6.22,0.0,2216433,3949489,0.0,0.0,0.0,1.25,unspecified,False,0.5,0.48,0.56,0.42,0.454,1.06,1.0,0.78,0.785,0.0,0.0,0.816,0.0,0.0,1.0,1.0,0.0,0.001,0.8271,0.8212,-0.0059,0.8212,2.7397,0.3178,6.31,-0.09,0.09,2.137,2.408,0.0005,0.8242,0.3506,0.2239,0.1311,0.6212,0.264,5.59,0.337,rural-heavy,0.0,0.0596,0.7067,0.5179,0.4611,0.0731,0.72,0.0,51.56,False
MOZ,Mozambique,Nyanja,largest_baseline_category,4.7,3.53,4.7,3.53,5.7,5.54,-0.16,5.54,0.0,5.54,5.54,5.54,5.54,0.0,1974011,3517514,0.0,0.0,0.0,1.25,unspecified,False,0.5,0.48,0.56,0.42,0.454,1.048,1.0,0.78,0.783,0.0,0.0,0.816,0.0,0.0,1.0,1.0,0.0,0.001,0.8271,0.8212,-0.0059,0.8212,2.7397,0.3178,5.62,-0.08,0.08,2.137,2.408,0.0005,0.8242,0.3506,0.2239,0.1311,0.6212,0.264,5.59,0.337,rural-heavy,0.0,0.0596,0.7067,0.5179,0.4611,0.0731,0.72,0.0,51.56,False
MOZ,Mozambique,Chopi,largest_baseline_category,4.7,3.53,4.7,3.53,3.4,3.3,-0.1,3.3,0.0,3.3,3.3,3.3,3.3,0.0,1177480,2098166,0.0,0.0,0.0,1.25,unspecified,False,0.5,0.48,0.56,0.42,0.454,0.998,1.0,0.78,0.771,0.0,0.0,0.816,0.0,0.0,1.0,1.0,0.0,0.001,0.8271,0.8212,-0.0059,0.8212,2.7397,0.3178,3.35,-0.05,0.05,2.137,2.408,0.0005,0.8242,0.3506,0.2239,0.1311,0.6212,0.264,5.59,0.337,rural-heavy,0.0,0.0596,0.7067,0.5179,0.4611,0.0731,0.72,0.0,51.56,False
MOZ,Mozambique,Ngoni,largest_baseline_category,4.7,3.53,4.7,3.53,3.0,2.91,-0.09,2.91,0.0,2.91,2.91,2.91,2.91,0.0,1038953,1851323,0.0,0.0,0.0,1.25,unspecified,False,0.5,0.48,0.56,0.42,0.454,0.986,1.0,0.78,0.769,0.0,0.0,0.816,0.0,0.0,1.0,1.0,0.0,0.001,0.8271,0.8212,-0.0059,0.8212,2.7397,0.3178,2.96,-0.04,0.04,2.137,2.408,0.0005,0.8242,0.3506,0.2239,0.1311,0.6212,0.264,5.59,0.337,rural-heavy,0.0,0.0596,0.7067,0.5179,0.4611,0.0731,0.72,0.0,51.56,False
MOZ,Mozambique,Shona (Ndau),largest_baseline_category,4.7,3.53,4.7,3.53,2.5,2.43,-0.07,2.43,0.0,2.43,2.43,2.43,2.43,0.0,865794,1542769,0.0,0.0,0.0,1.25,unspecified,False,0.5,0.48,0.56,0.42,0.454,0.97,1.0,0.78,0.765,0.0,0.0,0.816,0.0,0.0,1.0,1.0,0.0,0.001,0.8271,0.8212,-0.0059,0.8212,2.7397,0.3178,2.46,-0.04,0.04,2.137,2.408,0.0005,0.8242,0.3506,0.2239,0.1311,0.6212,0.264,5.59,0.337,rural-heavy,0.0,0.0596,0.7067,0.5179,0.4611,0.0731,0.72,0.0,51.56,False
MOZ,Mozambique,Other,identity_category_transition,4.7,3.53,4.7,3.53,26.6,28.7,2.1,28.7,0.0,28.7,28.7,28.7,28.7,0.0,9212050,18235255,0.0,0.0,0.0,1.25,unspecified,False,0.5,0.48,0.56,0.42,0.454,1.218,1.0,0.78,0.82,0.0,0.0,0.816,0.0,0.0,1.0,1.0,0.0,0.001,0.8271,0.8212,-0.0059,0.8212,2.7397,0.3178,27.67,1.07,-1.03,2.137,2.408,0.0005,0.8242,0.3506,0.2239,0.1311,0.6212,0.264,5.59,0.337,rural-heavy,0.0,0.0596,0.7067,0.5179,0.4611,0.0731,0.72,0.0,51.56,True
MRT,Mauritania,White Moor (Arab-Berber),largest_baseline_category,4.3,3.31,4.3,3.31,40.0,40.34,0.34,40.34,0.0,40.37,40.31,40.31,40.37,0.05,2067761,3798150,0.0,0.0,0.0,1.25,unspecified,False,0.5,0.48,0.56,0.42,0.454,1.266,1.0,0.78,0.831,0.0,0.0,0.0,0.0,0.0,1.0,1.0,0.0,0.001,0.685,0.6815,-0.0035,0.6815,1.8897,0.238,39.61,-0.39,-0.72,2.09,2.209,0.0005,0.6838,0.4834,0.297,0.1149,0.6699,0.2623,3.14,0.55,mixed-rural-urban,0.0,0.122,0.825,0.5449,0.7149,0.3161,0.5293,0.0,53.68,True
MRT,Mauritania,Black Moor (Haratin),largest_baseline_category,4.3,3.31,4.3,3.31,25.0,23.63,-1.37,23.63,0.0,23.64,23.61,23.61,23.64,0.03,1292351,2224492,0.0,0.0,0.0,1.25,unspecified,False,0.5,0.48,0.56,0.42,0.454,1.211,1.0,0.78,0.819,0.0,0.0,0.0,0.0,0.0,1.0,1.0,0.0,0.001,0.685,0.6815,-0.0035,0.6815,1.8897,0.238,24.04,-0.96,0.41,2.09,2.209,0.0005,0.6838,0.4834,0.297,0.1149,0.6699,0.2623,3.14,0.55,mixed-rural-urban,0.0,0.122,0.825,0.5449,0.7149,0.3161,0.5293,0.0,53.68,False
MRT,Mauritania,Sub-Saharan Mauritanian (Pulaar/Wolof/Soninke),higher_fertility_path,4.65,3.45,4.3,3.31,30.0,31.26,1.26,31.26,0.0,31.21,31.3,31.21,31.3,0.09,1550821,2943059,0.0,0.0,0.0,1.25,unspecified,False,0.5,0.48,0.56,0.42,0.454,1.232,1.0,0.78,0.823,0.0,0.0,0.0,0.0,0.0,1.0,1.0,0.0,0.001,0.685,0.6815,-0.0035,0.6815,1.8897,0.238,31.49,1.49,0.23,2.09,2.209,0.0005,0.6838,0.4834,0.297,0.1149,0.6699,0.2623,3.14,0.55,mixed-rural-urban,0.0,0.122,0.825,0.5449,0.7149,0.3161,0.5293,0.0,53.68,False
MRT,Mauritania,Other,identity_category_transition,4.3,3.31,4.3,3.31,5.0,4.78,-0.22,4.78,0.0,4.78,4.78,4.78,4.78,0.01,258470,449902,0.0,0.0,0.0,1.25,unspecified,False,0.5,0.48,0.56,0.42,0.454,1.035,1.0,0.78,0.78,0.0,0.0,0.0,0.0,0.0,1.0,1.0,0.0,0.001,0.685,0.6815,-0.0035,0.6815,1.8897,0.238,4.86,-0.14,0.08,2.09,2.209,0.0005,0.6838,0.4834,0.297,0.1149,0.6699,0.2623,3.14,0.55,mixed-rural-urban,0.0,0.122,0.825,0.5449,0.7149,0.3161,0.5293,0.0,53.68,False
MUS,Mauritius,Indo-Mauritian,largest_baseline_category,1.4,1.61,1.4,1.61,66.0,67.64,1.64,67.7,-0.06,67.63,67.64,67.63,67.64,0.01,838973,748893,0.512,0.0,0.0,2.05,unspecified,False,0.5,0.48,0.56,0.42,0.628,1.3,1.0,0.78,0.949,0.0,0.0,0.0,0.0,0.0,1.0,1.179,0.0,0.001,0.4846,0.4655,-0.0191,0.4655,1.046,0.1735,67.04,1.04,-0.6,1.86,1.928,0.0005,0.4716,0.7582,0.5001,0.2296,0.807,0.2498,1.87,0.55,mixed-rural-urban,0.23,0.0579,0.8899,0.8145,0.8894,0.7332,0.1806,0.4634,66.7,True
MUS,Mauritius,Creole (African/French),largest_baseline_category,1.4,1.61,1.4,1.61,28.0,27.6,-0.4,27.63,-0.03,27.6,27.6,27.6,27.6,0.0,355928,305604,0.512,0.0,0.0,2.05,unspecified,False,0.5,0.48,0.56,0.42,0.628,1.224,1.0,0.78,0.926,0.0,0.0,0.0,0.0,0.0,1.0,1.179,0.0,0.001,0.4846,0.4655,-0.0191,0.4655,1.046,0.1735,27.95,-0.05,0.34,1.86,1.928,0.0005,0.4716,0.7582,0.5001,0.2296,0.807,0.2498,1.87,0.55,mixed-rural-urban,0.23,0.0579,0.8899,0.8145,0.8894,0.7332,0.1806,0.4634,66.7,False
MUS,Mauritius,Sino-Mauritian,lower_fertility_path,0.8,1.37,1.4,1.61,3.0,2.09,-0.91,2.09,-0.0,2.12,2.07,2.07,2.12,0.05,38135,23168,0.512,0.0,0.0,2.05,unspecified,False,0.5,0.48,0.56,0.42,0.628,0.986,1.0,0.78,0.853,0.0,0.0,0.0,0.0,0.0,1.0,1.179,0.0,0.001,0.4846,0.4655,-0.0191,0.4655,1.046,0.1735,2.25,-0.75,0.16,1.86,1.928,0.0005,0.4716,0.7582,0.5001,0.2296,0.807,0.2498,1.87,0.55,mixed-rural-urban,0.23,0.0579,0.8899,0.8145,0.8894,0.7332,0.1806,0.4634,66.7,False
MUS,Mauritius,Franco-Mauritian,lower_fertility_path,1.0,1.45,1.4,1.61,2.0,1.58,-0.42,1.58,-0.0,1.59,1.57,1.57,1.59,0.02,25423,17500,0.512,0.0,0.0,2.05,unspecified,False,0.5,0.48,0.56,0.42,0.628,0.952,1.0,0.78,0.842,0.0,0.0,0.0,0.0,0.0,1.0,1.179,0.0,0.001,0.4846,0.4655,-0.0191,0.4655,1.046,0.1735,1.66,-0.34,0.08,1.86,1.928,0.0005,0.4716,0.7582,0.5001,0.2296,0.807,0.2498,1.87,0.55,mixed-rural-urban,0.23,0.0579,0.8899,0.8145,0.8894,0.7332,0.1806,0.4634,66.7,False
MUS,Mauritius,Other,identity_category_transition,1.4,1.61,1.4,1.61,1.0,1.09,0.09,1.0,0.09,1.06,1.12,1.06,1.12,0.06,12712,12033,0.512,0.0,0.0,2.05,unspecified,False,0.5,0.48,0.56,0.42,0.628,0.903,1.0,0.78,0.827,0.0,0.0,0.0,0.0,0.0,1.0,1.179,0.0,0.001,0.4846,0.4655,-0.0191,0.4655,1.046,0.1735,1.1,0.1,0.01,1.86,1.928,0.0005,0.4716,0.7582,0.5001,0.2296,0.807,0.2498,1.87,0.55,mixed-rural-urban,0.23,0.0579,0.8899,0.8145,0.8894,0.7332,0.1806,0.4634,66.7,False
MWI,Malawi,Chewa,largest_baseline_category,4.0,3.15,4.0,3.15,34.3,35.96,1.66,35.96,0.0,35.96,35.96,35.96,35.96,0.0,7427764,13435230,0.0,0.0,0.0,1.25,unspecified,False,0.5,0.48,0.56,0.42,0.454,1.248,1.0,0.78,0.827,0.0,0.0,0.814,0.0,0.0,1.0,1.0,0.0,0.001,0.8028,0.7952,-0.0076,0.7952,2.5891,0.3195,35.04,0.74,-0.92,2.112,2.374,0.0005,0.7995,0.354,0.2269,0.1369,0.6259,0.2598,4.88,0.342,rural-heavy,0.0,0.0672,0.7522,0.5361,0.4944,0.0706,0.72,0.0,51.06,True
MWI,Malawi,Lomwe,largest_baseline_category,4.0,3.15,4.0,3.15,18.8,18.3,-0.5,18.3,0.0,18.3,18.3,18.3,18.3,0.0,4071194,6838221,0.0,0.0,0.0,1.25,unspecified,False,0.5,0.48,0.56,0.42,0.454,1.178,1.0,0.78,0.811,0.0,0.0,0.814,0.0,0.0,1.0,1.0,0.0,0.001,0.8028,0.7952,-0.0076,0.7952,2.5891,0.3195,18.57,-0.23,0.26,2.112,2.374,0.0005,0.7995,0.354,0.2269,0.1369,0.6259,0.2598,4.88,0.342,rural-heavy,0.0,0.0672,0.7522,0.5361,0.4944,0.0706,0.72,0.0,51.06,False
MWI,Malawi,Yao,largest_baseline_category,4.0,3.15,4.0,3.15,13.2,12.85,-0.35,12.85,0.0,12.85,12.85,12.85,12.85,0.0,2858498,4801304,0.0,0.0,0.0,1.25,unspecified,False,0.5,0.48,0.56,0.42,0.454,1.138,1.0,0.78,0.803,0.0,0.0,0.814,0.0,0.0,1.0,1.0,0.0,0.001,0.8028,0.7952,-0.0076,0.7952,2.5891,0.3195,13.04,-0.16,0.19,2.112,2.374,0.0005,0.7995,0.354,0.2269,0.1369,0.6259,0.2598,4.88,0.342,rural-heavy,0.0,0.0672,0.7522,0.5361,0.4944,0.0706,0.72,0.0,51.06,False
MWI,Malawi,Ngoni,largest_baseline_category,4.0,3.15,4.0,3.15,10.4,10.12,-0.28,10.12,0.0,10.12,10.12,10.12,10.12,0.0,2252150,3782846,0.0,0.0,0.0,1.25,unspecified,False,0.5,0.48,0.56,0.42,0.454,1.112,1.0,0.78,0.797,0.0,0.0,0.814,0.0,0.0,1.0,1.0,0.0,0.001,0.8028,0.7952,-0.0076,0.7952,2.5891,0.3195,10.27,-0.13,0.15,2.112,2.374,0.0005,0.7995,0.354,0.2269,0.1369,0.6259,0.2598,4.88,0.342,rural-heavy,0.0,0.0672,0.7522,0.5361,0.4944,0.0706,0.72,0.0,51.06,False
MWI,Malawi,Tumbuka,largest_baseline_category,4.0,3.15,4.0,3.15,9.2,8.96,-0.24,8.96,0.0,8.96,8.96,8.96,8.96,0.0,1992286,3346364,0.0,0.0,0.0,1.25,unspecified,False,0.5,0.48,0.56,0.42,0.454,1.099,1.0,0.78,0.794,0.0,0.0,0.814,0.0,0.0,1.0,1.0,0.0,0.001,0.8028,0.7952,-0.0076,0.7952,2.5891,0.3195,9.09,-0.11,0.13,2.112,2.374,0.0005,0.7995,0.354,0.2269,0.1369,0.6259,0.2598,4.88,0.342,rural-heavy,0.0,0.0672,0.7522,0.5361,0.4944,0.0706,0.72,0.0,51.06,False
MWI,Malawi,Sena,largest_baseline_category,4.0,3.15,4.0,3.15,3.8,3.7,-0.1,3.7,0.0,3.7,3.7,3.7,3.7,0.0,822901,1382194,0.0,0.0,0.0,1.25,unspecified,False,0.5,0.48,0.56,0.42,0.454,1.008,1.0,0.78,0.774,0.0,0.0,0.814,0.0,0.0,1.0,1.0,0.0,0.001,0.8028,0.7952,-0.0076,0.7952,2.5891,0.3195,3.75,-0.05,0.05,2.112,2.374,0.0005,0.7995,0.354,0.2269,0.1369,0.6259,0.2598,4.88,0.342,rural-heavy,0.0,0.0672,0.7522,0.5361,0.4944,0.0706,0.72,0.0,51.06,False
MWI,Malawi,Mang'anja,largest_baseline_category,4.0,3.15,4.0,3.15,3.2,3.12,-0.08,3.12,0.0,3.12,3.12,3.12,3.12,0.0,692969,1163953,0.0,0.0,0.0,1.25,unspecified,False,0.5,0.48,0.56,0.42,0.454,0.992,1.0,0.78,0.77,0.0,0.0,0.814,0.0,0.0,1.0,1.0,0.0,0.001,0.8028,0.7952,-0.0076,0.7952,2.5891,0.3195,3.16,-0.04,0.04,2.112,2.374,0.0005,0.7995,0.354,0.2269,0.1369,0.6259,0.2598,4.88,0.342,rural-heavy,0.0,0.0672,0.7522,0.5361,0.4944,0.0706,0.72,0.0,51.06,False
MWI,Malawi,Other,identity_category_transition,4.0,3.15,4.0,3.15,7.1,6.99,-0.11,6.99,0.0,6.99,6.99,6.99,6.99,0.0,1537525,2611564,0.0,0.0,0.0,1.25,unspecified,False,0.5,0.48,0.56,0.42,0.454,1.071,1.0,0.78,0.788,0.0,0.0,0.814,0.0,0.0,1.0,1.0,0.0,0.001,0.8028,0.7952,-0.0076,0.7952,2.5891,0.3195,7.09,-0.01,0.1,2.112,2.374,0.0005,0.7995,0.354,0.2269,0.1369,0.6259,0.2598,4.88,0.342,rural-heavy,0.0,0.0672,0.7522,0.5361,0.4944,0.0706,0.72,0.0,51.06,False
MYS,Malaysia,Bumiputera (Malay),higher_fertility_path,1.95,1.89,1.6,1.75,57.9,65.01,7.11,65.22,-0.2,64.9,65.11,64.9,65.11,0.21,20587891,28793848,0.214,0.0,0.0,1.585,unspecified,False,0.5,0.48,0.56,0.42,0.527,1.3,1.0,0.78,0.885,0.0,0.0,0.0,0.0,0.0,1.0,1.075,0.0,0.0008,0.6049,0.5455,-0.0594,0.5455,1.4791,0.1227,63.57,5.67,-1.44,2.021,2.097,0.0004,0.5598,0.7769,0.3884,0.126,0.8286,0.1928,2.2,0.592,urbanizing-majority,0.087,0.0761,0.9296,0.8341,0.925,0.7154,0.145,0.3027,65.34,True
MYS,Malaysia,Chinese (Hokkien/Cantonese/Hakka),lower_fertility_path,1.0,1.51,1.6,1.75,22.6,15.32,-7.28,15.36,-0.05,15.52,15.11,15.11,15.52,0.4,8036033,6783449,0.214,0.0,0.0,1.585,CHN,False,0.52,0.502,0.58,0.45,0.527,1.199,1.0,0.78,0.872,0.0,0.0,0.0,0.0,0.0,1.0,1.075,0.0,0.0008,0.6049,0.5455,-0.0594,0.5455,1.4791,0.1227,16.57,-6.03,1.25,2.021,2.097,0.0004,0.5598,0.7769,0.3884,0.126,0.8286,0.1928,2.2,0.592,urbanizing-majority,0.087,0.0761,0.9296,0.8341,0.925,0.7154,0.145,0.3027,65.34,False
MYS,Malaysia,Indian (Tamil),lower_fertility_path,1.5,1.71,1.6,1.75,6.8,5.94,-0.86,5.95,-0.02,5.96,5.91,5.91,5.96,0.05,2417922,2628964,0.214,0.0,0.0,1.585,IND;PAK;BGD;LKA;NPL,False,0.718,0.719,0.752,0.684,0.527,1.066,1.0,0.78,0.945,0.0,0.0,0.0,0.0,0.0,1.0,1.075,0.0,0.0008,0.6049,0.5455,-0.0594,0.5455,1.4791,0.1227,6.11,-0.69,0.18,2.021,2.097,0.0004,0.5598,0.7769,0.3884,0.126,0.8286,0.1928,2.2,0.592,urbanizing-majority,0.087,0.0761,0.9296,0.8341,0.925,0.7154,0.145,0.3027,65.34,False
MYS,Malaysia,Iban (Sarawak),higher_fertility_path,1.95,1.89,1.6,1.75,3.0,3.26,0.26,3.27,-0.01,3.25,3.26,3.25,3.26,0.01,1066730,1442898,0.214,0.0,0.0,1.585,unspecified,False,0.5,0.48,0.56,0.42,0.527,0.986,1.0,0.78,0.804,0.0,0.0,0.0,0.0,0.0,1.0,1.075,0.0,0.0008,0.6049,0.5455,-0.0594,0.5455,1.4791,0.1227,3.24,0.24,-0.01,2.021,2.097,0.0004,0.5598,0.7769,0.3884,0.126,0.8286,0.1928,2.2,0.592,urbanizing-majority,0.087,0.0761,0.9296,0.8341,0.925,0.7154,0.145,0.3027,65.34,False
MYS,Malaysia,Kadazan-Dusun (Sabah),higher_fertility_path,1.95,1.89,1.6,1.75,2.0,2.17,0.17,2.18,-0.01,2.17,2.18,2.17,2.18,0.01,711153,961932,0.214,0.0,0.0,1.585,unspecified,False,0.5,0.48,0.56,0.42,0.527,0.952,1.0,0.78,0.795,0.0,0.0,0.0,0.0,0.0,1.0,1.075,0.0,0.0008,0.6049,0.5455,-0.0594,0.5455,1.4791,0.1227,2.16,0.16,-0.01,2.021,2.097,0.0004,0.5598,0.7769,0.3884,0.126,0.8286,0.1928,2.2,0.592,urbanizing-majority,0.087,0.0761,0.9296,0.8341,0.925,0.7154,0.145,0.3027,65.34,False
MYS,Malaysia,Other Bumiputera (Dayak/Melanau),higher_fertility_path,1.95,1.89,1.6,1.75,5.1,5.54,0.44,5.56,-0.02,5.53,5.55,5.53,5.55,0.02,1813441,2452927,0.214,0.0,0.0,1.585,unspecified,False,0.5,0.48,0.56,0.42,0.527,1.037,1.0,0.78,0.817,0.0,0.0,0.0,0.0,0.0,1.0,1.075,0.0,0.0008,0.6049,0.5455,-0.0594,0.5455,1.4791,0.1227,5.52,0.42,-0.02,2.021,2.097,0.0004,0.5598,0.7769,0.3884,0.126,0.8286,0.1928,2.2,0.592,urbanizing-majority,0.087,0.0761,0.9296,0.8341,0.925,0.7154,0.145,0.3027,65.34,False
MYS,Malaysia,Indonesian migrant workers,migration_linked,1.6,1.75,1.6,1.75,0.8,0.86,0.06,0.76,0.1,0.83,0.89,0.83,0.89,0.07,284461,379667,0.214,0.0,0.0,1.585,IDN,True,0.736,0.74,0.78,0.76,0.527,0.891,1.0,0.78,0.888,0.0,0.0,0.0,0.0,0.0,1.0,1.075,0.0,0.0008,0.6049,0.5455,-0.0594,0.5455,1.4791,0.1227,0.88,0.08,0.02,2.021,2.097,0.0004,0.5598,0.7769,0.3884,0.126,0.8286,0.1928,2.2,0.592,urbanizing-majority,0.087,0.0761,0.9296,0.8341,0.925,0.7154,0.145,0.3027,65.34,False
MYS,Malaysia,Bangladeshi/Nepali migrant,migration_linked,1.6,1.75,1.6,1.75,0.6,0.64,0.04,0.57,0.08,0.62,0.67,0.62,0.67,0.05,213346,284817,0.214,0.0,0.0,1.585,BGD,True,0.735,0.788,0.68,0.84,0.527,0.876,1.0,0.78,0.882,0.0,0.0,0.0,0.0,0.0,1.0,1.075,0.0,0.0008,0.6049,0.5455,-0.0594,0.5455,1.4791,0.1227,0.66,0.06,0.01,2.021,2.097,0.0004,0.5598,0.7769,0.3884,0.126,0.8286,0.1928,2.2,0.592,urbanizing-majority,0.087,0.0761,0.9296,0.8341,0.925,0.7154,0.145,0.3027,65.34,False
MYS,Malaysia,Other,migration_linked,1.6,1.75,1.6,1.75,1.2,1.27,0.07,1.14,0.13,1.23,1.31,1.23,1.31,0.09,426692,561260,0.214,0.0,0.0,1.585,unspecified,True,0.5,0.48,0.56,0.42,0.527,0.915,1.0,0.78,0.786,0.0,0.0,0.0,0.0,0.0,1.0,1.075,0.0,0.0008,0.6049,0.5455,-0.0594,0.5455,1.4791,0.1227,1.29,0.09,0.03,2.021,2.097,0.0004,0.5598,0.7769,0.3884,0.126,0.8286,0.1928,2.2,0.592,urbanizing-majority,0.087,0.0761,0.9296,0.8341,0.925,0.7154,0.145,0.3027,65.34,False
NAM,Namibia,Ovambo,largest_baseline_category,3.3,2.76,3.3,2.76,50.0,51.46,1.46,51.46,0.0,51.45,51.47,51.45,51.47,0.02,1515064,2321924,0.0,0.0,0.0,1.25,unspecified,False,0.5,0.48,0.56,0.42,0.454,1.292,1.0,0.78,0.837,0.0,0.0,0.0,0.0,0.0,1.0,1.0,0.0,0.001,0.7134,0.7003,-0.0131,0.7003,2.1588,0.1832,50.72,0.72,-0.74,2.123,2.249,0.0005,0.7069,0.621,0.297,0.1148,0.7519,0.208,3.34,0.55,mixed-rural-urban,0.0,0.1333,0.8367,0.7394,0.8222,0.4809,0.375,0.0,57.04,True
NAM,Namibia,Kavangos,largest_baseline_category,3.3,2.76,3.3,2.76,9.0,8.8,-0.2,8.8,0.0,8.8,8.8,8.8,8.8,0.0,272711,397061,0.0,0.0,0.0,1.25,unspecified,False,0.5,0.48,0.56,0.42,0.454,1.096,1.0,0.78,0.793,0.0,0.0,0.0,0.0,0.0,1.0,1.0,0.0,0.001,0.7134,0.7003,-0.0131,0.7003,2.1588,0.1832,8.92,-0.08,0.12,2.123,2.249,0.0005,0.7069,0.621,0.297,0.1148,0.7519,0.208,3.34,0.55,mixed-rural-urban,0.0,0.1333,0.8367,0.7394,0.8222,0.4809,0.375,0.0,57.04,False
NAM,Namibia,Herero,largest_baseline_category,3.3,2.76,3.3,2.76,7.0,6.84,-0.16,6.84,0.0,6.84,6.85,6.84,6.85,0.0,212109,308825,0.0,0.0,0.0,1.25,unspecified,False,0.5,0.48,0.56,0.42,0.454,1.07,1.0,0.78,0.787,0.0,0.0,0.0,0.0,0.0,1.0,1.0,0.0,0.001,0.7134,0.7003,-0.0131,0.7003,2.1588,0.1832,6.94,-0.06,0.09,2.123,2.249,0.0005,0.7069,0.621,0.297,0.1148,0.7519,0.208,3.34,0.55,mixed-rural-urban,0.0,0.1333,0.8367,0.7394,0.8222,0.4809,0.375,0.0,57.04,False
NAM,Namibia,Damara,largest_baseline_category,3.3,2.76,3.3,2.76,7.0,6.84,-0.16,6.84,0.0,6.84,6.85,6.84,6.85,0.0,212109,308825,0.0,0.0,0.0,1.25,unspecified,False,0.5,0.48,0.56,0.42,0.454,1.07,1.0,0.78,0.787,0.0,0.0,0.0,0.0,0.0,1.0,1.0,0.0,0.001,0.7134,0.7003,-0.0131,0.7003,2.1588,0.1832,6.94,-0.06,0.09,2.123,2.249,0.0005,0.7069,0.621,0.297,0.1148,0.7519,0.208,3.34,0.55,mixed-rural-urban,0.0,0.1333,0.8367,0.7394,0.8222,0.4809,0.375,0.0,57.04,False
NAM,Namibia,Nama,largest_baseline_category,3.3,2.76,3.3,2.76,5.0,4.89,-0.11,4.89,0.0,4.89,4.89,4.89,4.89,0.0,151506,220589,0.0,0.0,0.0,1.25,unspecified,False,0.5,0.48,0.56,0.42,0.454,1.035,1.0,0.78,0.78,0.0,0.0,0.0,0.0,0.0,1.0,1.0,0.0,0.001,0.7134,0.7003,-0.0131,0.7003,2.1588,0.1832,4.96,-0.04,0.07,2.123,2.249,0.0005,0.7069,0.621,0.297,0.1148,0.7519,0.208,3.34,0.55,mixed-rural-urban,0.0,0.1333,0.8367,0.7394,0.8222,0.4809,0.375,0.0,57.04,False
NAM,Namibia,Colored,identity_category_transition,3.3,2.76,3.3,2.76,4.0,3.95,-0.05,3.95,0.0,3.95,3.96,3.95,3.96,0.0,121205,178456,0.0,0.0,0.0,1.25,unspecified,False,0.5,0.48,0.56,0.42,0.454,1.013,1.0,0.78,0.775,0.0,0.0,0.0,0.0,0.0,1.0,1.0,0.0,0.001,0.7134,0.7003,-0.0131,0.7003,2.1588,0.1832,4.01,0.01,0.05,2.123,2.249,0.0005,0.7069,0.621,0.297,0.1148,0.7519,0.208,3.34,0.55,mixed-rural-urban,0.0,0.1333,0.8367,0.7394,0.8222,0.4809,0.375,0.0,57.04,False
NAM,Namibia,White (Afrikaner/German),lower_fertility_path,2.8,2.56,3.3,2.76,4.0,3.37,-0.63,3.37,0.0,3.38,3.35,3.35,3.38,0.03,121205,152026,0.0,0.0,0.0,1.25,unspecified,False,0.5,0.48,0.56,0.42,0.454,1.013,1.0,0.78,0.775,0.0,0.0,0.0,0.0,0.0,1.0,1.0,0.0,0.001,0.7134,0.7003,-0.0131,0.7003,2.1588,0.1832,3.49,-0.51,0.13,2.123,2.249,0.0005,0.7069,0.621,0.297,0.1148,0.7519,0.208,3.34,0.55,mixed-rural-urban,0.0,0.1333,0.8367,0.7394,0.8222,0.4809,0.375,0.0,57.04,False
NAM,Namibia,San (Bushmen),identity_category_transition,3.3,2.76,3.3,2.76,3.0,2.97,-0.03,2.97,0.0,2.97,2.97,2.97,2.97,0.0,90904,133842,0.0,0.0,0.0,1.25,unspecified,False,0.5,0.48,0.56,0.42,0.454,0.986,1.0,0.78,0.769,0.0,0.0,0.0,0.0,0.0,1.0,1.0,0.0,0.001,0.7134,0.7003,-0.0131,0.7003,2.1588,0.1832,3.01,0.01,0.04,2.123,2.249,0.0005,0.7069,0.621,0.297,0.1148,0.7519,0.208,3.34,0.55,mixed-rural-urban,0.0,0.1333,0.8367,0.7394,0.8222,0.4809,0.375,0.0,57.04,False
NAM,Namibia,Other,identity_category_transition,3.3,2.76,3.3,2.76,11.0,10.88,-0.12,10.88,0.0,10.87,10.88,10.87,10.88,0.0,333314,490754,0.0,0.0,0.0,1.25,unspecified,False,0.5,0.48,0.56,0.42,0.454,1.118,1.0,0.78,0.798,0.0,0.0,0.0,0.0,0.0,1.0,1.0,0.0,0.001,0.7134,0.7003,-0.0131,0.7003,2.1588,0.1832,11.02,0.02,0.15,2.123,2.249,0.0005,0.7069,0.621,0.297,0.1148,0.7519,0.208,3.34,0.55,mixed-rural-urban,0.0,0.1333,0.8367,0.7394,0.8222,0.4809,0.375,0.0,57.04,False
NER,Niger,Hausa,higher_fertility_path,7.0,4.74,6.6,4.58,53.1,55.99,2.89,55.99,0.0,55.96,56.02,55.96,56.02,0.06,14354213,29403277,0.0,0.0,0.0,1.25,unspecified,False,0.5,0.48,0.56,0.42,0.454,1.299,1.0,0.78,0.838,0.0,0.0,0.858,0.0,0.0,1.0,1.0,0.0,0.001,0.6504,0.6277,-0.0228,0.6277,1.7608,0.3402,55.23,2.13,-0.76,1.919,2.161,0.0005,0.634,0.2713,0.2207,0.1613,0.5546,0.3154,2.69,0.311,rural-heavy,0.0,0.0607,0.7053,0.3146,0.4974,0.0,0.72,0.0,50.0,True
NER,Niger,Songhai,largest_baseline_category,6.6,4.58,6.6,4.58,21.2,19.51,-1.69,19.51,0.0,19.53,19.48,19.48,19.53,0.04,5730872,10243365,0.0,0.0,0.0,1.25,unspecified,False,0.5,0.48,0.56,0.42,0.454,1.192,1.0,0.78,0.815,0.0,0.0,0.858,0.0,0.0,1.0,1.0,0.0,0.001,0.6504,0.6277,-0.0228,0.6277,1.7608,0.3402,19.87,-1.33,0.37,1.919,2.161,0.0005,0.634,0.2713,0.2207,0.1613,0.5546,0.3154,2.69,0.311,rural-heavy,0.0,0.0607,0.7053,0.3146,0.4974,0.0,0.72,0.0,50.0,False
NER,Niger,Tuareg,largest_baseline_category,6.6,4.58,6.6,4.58,10.4,9.57,-0.83,9.57,0.0,9.58,9.56,9.56,9.58,0.02,2811371,5025047,0.0,0.0,0.0,1.25,unspecified,False,0.5,0.48,0.56,0.42,0.454,1.112,1.0,0.78,0.797,0.0,0.0,0.858,0.0,0.0,1.0,1.0,0.0,0.001,0.6504,0.6277,-0.0228,0.6277,1.7608,0.3402,9.75,-0.65,0.18,1.919,2.161,0.0005,0.634,0.2713,0.2207,0.1613,0.5546,0.3154,2.69,0.311,rural-heavy,0.0,0.0607,0.7053,0.3146,0.4974,0.0,0.72,0.0,50.0,False
NER,Niger,Fulani (Peulh),higher_fertility_path,7.0,4.74,6.6,4.58,9.9,9.95,0.05,9.95,0.0,9.95,9.96,9.95,9.96,0.01,2676209,5227600,0.0,0.0,0.0,1.25,unspecified,False,0.5,0.48,0.56,0.42,0.454,1.107,1.0,0.78,0.796,0.0,0.0,0.858,0.0,0.0,1.0,1.0,0.0,0.001,0.6504,0.6277,-0.0228,0.6277,1.7608,0.3402,10.08,0.18,0.12,1.919,2.161,0.0005,0.634,0.2713,0.2207,0.1613,0.5546,0.3154,2.69,0.311,rural-heavy,0.0,0.0607,0.7053,0.3146,0.4974,0.0,0.72,0.0,50.0,False
NER,Niger,Kanuri (Manga),largest_baseline_category,6.6,4.58,6.6,4.58,4.4,4.05,-0.35,4.05,0.0,4.05,4.04,4.04,4.05,0.01,1189426,2125981,0.0,0.0,0.0,1.25,unspecified,False,0.5,0.48,0.56,0.42,0.454,1.022,1.0,0.78,0.777,0.0,0.0,0.858,0.0,0.0,1.0,1.0,0.0,0.001,0.6504,0.6277,-0.0228,0.6277,1.7608,0.3402,4.12,-0.28,0.08,1.919,2.161,0.0005,0.634,0.2713,0.2207,0.1613,0.5546,0.3154,2.69,0.311,rural-heavy,0.0,0.0607,0.7053,0.3146,0.4974,0.0,0.72,0.0,50.0,False
NER,Niger,Other,identity_category_transition,6.6,4.58,6.6,4.58,1.0,0.93,-0.07,0.93,0.0,0.93,0.93,0.93,0.93,0.0,270324,488612,0.0,0.0,0.0,1.25,unspecified,False,0.5,0.48,0.56,0.42,0.454,0.903,1.0,0.78,0.75,0.0,0.0,0.858,0.0,0.0,1.0,1.0,0.0,0.001,0.6504,0.6277,-0.0228,0.6277,1.7608,0.3402,0.95,-0.05,0.02,1.919,2.161,0.0005,0.634,0.2713,0.2207,0.1613,0.5546,0.3154,2.69,0.311,rural-heavy,0.0,0.0607,0.7053,0.3146,0.4974,0.0,0.72,0.0,50.0,False
NGA,Nigeria,Hausa,higher_fertility_path,5.25,3.73,4.6,3.47,30.0,34.73,4.73,34.73,0.0,34.66,34.8,34.66,34.8,0.14,69803845,124743500,0.0,0.0,0.0,1.25,unspecified,False,0.5,0.48,0.56,0.42,0.454,1.232,1.0,0.78,0.823,1.0,0.0,0.818,0.0,0.0,1.0,1.0,0.0,0.001,0.8151,0.7978,-0.0173,0.7978,2.6006,0.2094,33.38,3.38,-1.35,2.186,2.391,0.0005,0.8034,0.5932,0.2638,0.2257,0.7579,0.188,4.94,0.452,mixed-rural-urban,0.0,0.1625,0.6604,0.7543,0.7571,0.4091,0.4434,0.0,57.5,True
NGA,Nigeria,Yoruba,largest_baseline_category,4.6,3.47,4.6,3.47,15.5,14.2,-1.3,14.2,0.0,14.22,14.18,14.18,14.22,0.04,36065320,51015933,0.0,0.0,0.0,1.25,unspecified,False,0.5,0.48,0.56,0.42,0.454,1.156,1.0,0.78,0.807,1.0,0.0,0.818,0.0,0.0,1.0,1.0,0.0,0.001,0.8151,0.7978,-0.0173,0.7978,2.6006,0.2094,14.52,-0.98,0.32,2.186,2.391,0.0005,0.8034,0.5932,0.2638,0.2257,0.7579,0.188,4.94,0.452,mixed-rural-urban,0.0,0.1625,0.6604,0.7543,0.7571,0.4091,0.4434,0.0,57.5,False
NGA,Nigeria,Igbo,largest_baseline_category,4.6,3.47,4.6,3.47,15.2,13.93,-1.27,13.93,0.0,13.95,13.91,13.91,13.95,0.04,35367281,50028528,0.0,0.0,0.0,1.25,unspecified,False,0.5,0.48,0.56,0.42,0.454,1.154,1.0,0.78,0.806,1.0,0.0,0.818,0.0,0.0,1.0,1.0,0.0,0.001,0.8151,0.7978,-0.0173,0.7978,2.6006,0.2094,14.24,-0.96,0.32,2.186,2.391,0.0005,0.8034,0.5932,0.2638,0.2257,0.7579,0.188,4.94,0.452,mixed-rural-urban,0.0,0.1625,0.6604,0.7543,0.7571,0.4091,0.4434,0.0,57.5,False
NGA,Nigeria,Fulani,higher_fertility_path,5.25,3.73,4.6,3.47,6.0,6.41,0.41,6.41,0.0,6.4,6.43,6.4,6.43,0.03,13960769,23036801,0.0,0.0,0.0,1.25,unspecified,False,0.5,0.48,0.56,0.42,0.454,1.054,1.0,0.78,0.784,1.0,0.0,0.818,0.0,0.0,1.0,1.0,0.0,0.001,0.8151,0.7978,-0.0173,0.7978,2.6006,0.2094,6.44,0.44,0.02,2.186,2.391,0.0005,0.8034,0.5932,0.2638,0.2257,0.7579,0.188,4.94,0.452,mixed-rural-urban,0.0,0.1625,0.6604,0.7543,0.7571,0.4091,0.4434,0.0,57.5,False
NGA,Nigeria,Tiv,largest_baseline_category,4.6,3.47,4.6,3.47,2.4,2.2,-0.2,2.2,0.0,2.2,2.2,2.2,2.2,0.01,5584308,7899241,0.0,0.0,0.0,1.25,unspecified,False,0.5,0.48,0.56,0.42,0.454,0.967,1.0,0.78,0.765,1.0,0.0,0.818,0.0,0.0,1.0,1.0,0.0,0.001,0.8151,0.7978,-0.0173,0.7978,2.6006,0.2094,2.25,-0.15,0.05,2.186,2.391,0.0005,0.8034,0.5932,0.2638,0.2257,0.7579,0.188,4.94,0.452,mixed-rural-urban,0.0,0.1625,0.6604,0.7543,0.7571,0.4091,0.4434,0.0,57.5,False
NGA,Nigeria,Kanuri,largest_baseline_category,4.6,3.47,4.6,3.47,2.4,2.2,-0.2,2.2,0.0,2.2,2.2,2.2,2.2,0.01,5584308,7899241,0.0,0.0,0.0,1.25,unspecified,False,0.5,0.48,0.56,0.42,0.454,0.967,1.0,0.78,0.765,1.0,0.0,0.818,0.0,0.0,1.0,1.0,0.0,0.001,0.8151,0.7978,-0.0173,0.7978,2.6006,0.2094,2.25,-0.15,0.05,2.186,2.391,0.0005,0.8034,0.5932,0.2638,0.2257,0.7579,0.188,4.94,0.452,mixed-rural-urban,0.0,0.1625,0.6604,0.7543,0.7571,0.4091,0.4434,0.0,57.5,False
NGA,Nigeria,Ibibio,largest_baseline_category,4.6,3.47,4.6,3.47,1.8,1.65,-0.15,1.65,0.0,1.65,1.65,1.65,1.65,0.0,4188231,5924431,0.0,0.0,0.0,1.25,unspecified,False,0.5,0.48,0.56,0.42,0.454,0.944,1.0,0.78,0.759,1.0,0.0,0.818,0.0,0.0,1.0,1.0,0.0,0.001,0.8151,0.7978,-0.0173,0.7978,2.6006,0.2094,1.69,-0.11,0.04,2.186,2.391,0.0005,0.8034,0.5932,0.2638,0.2257,0.7579,0.188,4.94,0.452,mixed-rural-urban,0.0,0.1625,0.6604,0.7543,0.7571,0.4091,0.4434,0.0,57.5,False
NGA,Nigeria,Ijaw (Izon),largest_baseline_category,4.6,3.47,4.6,3.47,1.8,1.65,-0.15,1.65,0.0,1.65,1.65,1.65,1.65,0.0,4188231,5924431,0.0,0.0,0.0,1.25,unspecified,False,0.5,0.48,0.56,0.42,0.454,0.944,1.0,0.78,0.759,1.0,0.0,0.818,0.0,0.0,1.0,1.0,0.0,0.001,0.8151,0.7978,-0.0173,0.7978,2.6006,0.2094,1.69,-0.11,0.04,2.186,2.391,0.0005,0.8034,0.5932,0.2638,0.2257,0.7579,0.188,4.94,0.452,mixed-rural-urban,0.0,0.1625,0.6604,0.7543,0.7571,0.4091,0.4434,0.0,57.5,False
NGA,Nigeria,Esan,largest_baseline_category,4.6,3.47,4.6,3.47,1.0,0.92,-0.08,0.92,0.0,0.92,0.92,0.92,0.92,0.0,2326795,3291351,0.0,0.0,0.0,1.25,unspecified,False,0.5,0.48,0.56,0.42,0.454,0.903,1.0,0.78,0.75,1.0,0.0,0.818,0.0,0.0,1.0,1.0,0.0,0.001,0.8151,0.7978,-0.0173,0.7978,2.6006,0.2094,0.94,-0.06,0.02,2.186,2.391,0.0005,0.8034,0.5932,0.2638,0.2257,0.7579,0.188,4.94,0.452,mixed-rural-urban,0.0,0.1625,0.6604,0.7543,0.7571,0.4091,0.4434,0.0,57.5,False
NGA,Nigeria,Bini (Edo),largest_baseline_category,4.6,3.47,4.6,3.47,1.0,0.92,-0.08,0.92,0.0,0.92,0.92,0.92,0.92,0.0,2326795,3291351,0.0,0.0,0.0,1.25,unspecified,False,0.5,0.48,0.56,0.42,0.454,0.903,1.0,0.78,0.75,1.0,0.0,0.818,0.0,0.0,1.0,1.0,0.0,0.001,0.8151,0.7978,-0.0173,0.7978,2.6006,0.2094,0.94,-0.06,0.02,2.186,2.391,0.0005,0.8034,0.5932,0.2638,0.2257,0.7579,0.188,4.94,0.452,mixed-rural-urban,0.0,0.1625,0.6604,0.7543,0.7571,0.4091,0.4434,0.0,57.5,False
NGA,Nigeria,Nupe,largest_baseline_category,4.6,3.47,4.6,3.47,0.9,0.82,-0.08,0.82,0.0,0.83,0.82,0.82,0.83,0.0,2094115,2962215,0.0,0.0,0.0,1.25,unspecified,False,0.5,0.48,0.56,0.42,0.454,0.897,1.0,0.78,0.749,1.0,0.0,0.818,0.0,0.0,1.0,1.0,0.0,0.001,0.8151,0.7978,-0.0173,0.7978,2.6006,0.2094,0.84,-0.06,0.02,2.186,2.391,0.0005,0.8034,0.5932,0.2638,0.2257,0.7579,0.188,4.94,0.452,mixed-rural-urban,0.0,0.1625,0.6604,0.7543,0.7571,0.4091,0.4434,0.0,57.5,False
NGA,Nigeria,Urhobo,largest_baseline_category,4.6,3.47,4.6,3.47,0.8,0.73,-0.07,0.73,0.0,0.73,0.73,0.73,0.73,0.0,1861436,2633080,0.0,0.0,0.0,1.25,unspecified,False,0.5,0.48,0.56,0.42,0.454,0.891,1.0,0.78,0.748,1.0,0.0,0.818,0.0,0.0,1.0,1.0,0.0,0.001,0.8151,0.7978,-0.0173,0.7978,2.6006,0.2094,0.75,-0.05,0.02,2.186,2.391,0.0005,0.8034,0.5932,0.2638,0.2257,0.7579,0.188,4.94,0.452,mixed-rural-urban,0.0,0.1625,0.6604,0.7543,0.7571,0.4091,0.4434,0.0,57.5,False
NGA,Nigeria,Igala,largest_baseline_category,4.6,3.47,4.6,3.47,0.7,0.64,-0.06,0.64,0.0,0.64,0.64,0.64,0.64,0.0,1628756,2303945,0.0,0.0,0.0,1.25,unspecified,False,0.5,0.48,0.56,0.42,0.454,0.884,1.0,0.78,0.746,1.0,0.0,0.818,0.0,0.0,1.0,1.0,0.0,0.001,0.8151,0.7978,-0.0173,0.7978,2.6006,0.2094,0.66,-0.04,0.01,2.186,2.391,0.0005,0.8034,0.5932,0.2638,0.2257,0.7579,0.188,4.94,0.452,mixed-rural-urban,0.0,0.1625,0.6604,0.7543,0.7571,0.4091,0.4434,0.0,57.5,False
NGA,Nigeria,Other,identity_category_transition,4.6,3.47,4.6,3.47,20.5,19.0,-1.5,19.0,0.0,19.02,18.97,18.97,19.02,0.06,47699294,68231508,0.0,0.0,0.0,1.25,unspecified,False,0.5,0.48,0.56,0.42,0.454,1.188,1.0,0.78,0.814,1.0,0.0,0.818,0.0,0.0,1.0,1.0,0.0,0.001,0.8151,0.7978,-0.0173,0.7978,2.6006,0.2094,19.43,-1.07,0.43,2.186,2.391,0.0005,0.8034,0.5932,0.2638,0.2257,0.7579,0.188,4.94,0.452,mixed-rural-urban,0.0,0.1625,0.6604,0.7543,0.7571,0.4091,0.4434,0.0,57.5,False
NIC,Nicaragua,Mestizo,largest_baseline_category,2.3,2.18,2.3,2.18,69.0,71.08,2.08,71.08,0.0,71.04,71.12,71.04,71.12,0.08,4772134,6224083,0.0,0.0,0.0,1.25,unspecified,False,0.5,0.48,0.56,0.42,0.454,1.3,1.0,0.78,0.839,0.0,0.0,0.0,0.0,0.0,1.0,1.0,0.0,0.001,0.4892,0.4698,-0.0194,0.4698,1.2062,0.1761,70.47,1.47,-0.61,1.745,1.935,0.0005,0.4766,0.6305,0.2204,0.125,0.7463,0.1994,1.89,0.331,rural-heavy,0.0,0.0787,0.8969,0.7524,0.7161,0.4706,0.279,0.1431,58.9,True
NIC,Nicaragua,White,lower_fertility_path,1.7,1.94,2.3,2.18,17.0,13.39,-3.61,13.39,0.0,13.48,13.29,13.29,13.48,0.19,1175743,1172204,0.0,0.0,0.0,1.25,unspecified,False,0.5,0.48,0.56,0.42,0.454,1.167,1.0,0.78,0.809,0.0,0.0,0.0,0.0,0.0,1.0,1.0,0.0,0.001,0.4892,0.4698,-0.0194,0.4698,1.2062,0.1761,14.06,-2.94,0.68,1.745,1.935,0.0005,0.4766,0.6305,0.2204,0.125,0.7463,0.1994,1.89,0.331,rural-heavy,0.0,0.0787,0.8969,0.7524,0.7161,0.4706,0.279,0.1431,58.9,False
NIC,Nicaragua,Black (Creole),largest_baseline_category,2.3,2.18,2.3,2.18,5.0,4.96,-0.04,4.96,0.0,4.96,4.97,4.96,4.97,0.01,345807,434627,0.0,0.0,0.0,1.25,unspecified,False,0.5,0.48,0.56,0.42,0.454,1.035,1.0,0.78,0.78,0.0,0.0,0.0,0.0,0.0,1.0,1.0,0.0,0.001,0.4892,0.4698,-0.0194,0.4698,1.2062,0.1761,5.02,0.02,0.06,1.745,1.935,0.0005,0.4766,0.6305,0.2204,0.125,0.7463,0.1994,1.89,0.331,rural-heavy,0.0,0.0787,0.8969,0.7524,0.7161,0.4706,0.279,0.1431,58.9,False
NIC,Nicaragua,Miskito (Amerindian),higher_fertility_path,3.15,2.52,2.3,2.18,4.0,5.24,1.24,5.24,0.0,5.2,5.28,5.2,5.28,0.08,276645,459128,0.0,0.0,0.0,1.25,IND;PAK;BGD;LKA;NPL,False,0.718,0.719,0.752,0.684,0.454,1.013,1.0,0.78,0.873,0.0,0.0,0.0,0.0,0.0,1.0,1.0,0.0,0.001,0.4892,0.4698,-0.0194,0.4698,1.2062,0.1761,5.1,1.1,-0.14,1.745,1.935,0.0005,0.4766,0.6305,0.2204,0.125,0.7463,0.1994,1.89,0.331,rural-heavy,0.0,0.0787,0.8969,0.7524,0.7161,0.4706,0.279,0.1431,58.9,False
NIC,Nicaragua,Other Amerindian,higher_fertility_path,3.15,2.52,2.3,2.18,1.0,1.31,0.31,1.31,0.0,1.3,1.32,1.3,1.32,0.02,69161,114782,0.0,0.0,0.0,1.25,IND;PAK;BGD;LKA;NPL,False,0.718,0.719,0.752,0.684,0.454,0.903,1.0,0.78,0.838,0.0,0.0,0.0,0.0,0.0,1.0,1.0,0.0,0.001,0.4892,0.4698,-0.0194,0.4698,1.2062,0.1761,1.28,0.28,-0.04,1.745,1.935,0.0005,0.4766,0.6305,0.2204,0.125,0.7463,0.1994,1.89,0.331,rural-heavy,0.0,0.0787,0.8969,0.7524,0.7161,0.4706,0.279,0.1431,58.9,False
NIC,Nicaragua,Other,identity_category_transition,2.3,2.18,2.3,2.18,4.0,4.02,0.02,4.02,0.0,4.01,4.02,4.01,4.02,0.0,276645,351612,0.0,0.0,0.0,1.25,unspecified,False,0.5,0.48,0.56,0.42,0.454,1.013,1.0,0.78,0.775,0.0,0.0,0.0,0.0,0.0,1.0,1.0,0.0,0.001,0.4892,0.4698,-0.0194,0.4698,1.2062,0.1761,4.06,0.06,0.05,1.745,1.935,0.0005,0.4766,0.6305,0.2204,0.125,0.7463,0.1994,1.89,0.331,rural-heavy,0.0,0.0787,0.8969,0.7524,0.7161,0.4706,0.279,0.1431,58.9,False
NLD,Netherlands,Dutch,largest_baseline_category,1.4,1.61,1.4,1.61,75.4,71.3,-4.1,74.02,-2.72,72.24,70.12,70.12,72.24,2.12,13744470,13517095,0.3,0.238,0.159,1.918,unspecified,False,0.5,0.48,0.56,0.42,0.706,1.3,1.0,0.78,0.999,0.0,1.03,0.0,0.676,0.514,1.0,1.137,0.08,0.0012,0.4238,0.482,0.0582,0.482,1.3078,0.109,71.21,-4.19,-0.08,2.152,2.083,0.0005,0.483,0.7968,0.5072,0.104,0.8541,0.1911,1.93,0.845,metropolitan-heavy,0.047,-0.0014,0.9538,0.9286,0.979,0.7757,0.3007,0.7536,65.74,True
NLD,Netherlands,Other EU,migration_linked,1.4,1.61,1.4,1.61,6.4,6.85,0.45,6.16,0.69,6.65,7.09,6.65,7.09,0.44,1166639,1299447,0.3,0.238,0.159,1.918,unspecified,True,0.5,0.48,0.56,0.42,0.706,1.06,1.0,0.78,0.916,0.0,1.03,0.0,0.676,0.514,1.0,1.137,0.08,0.0012,0.4238,0.482,0.0582,0.482,1.3078,0.109,7.01,0.61,0.15,2.152,2.083,0.0005,0.483,0.7968,0.5072,0.104,0.8541,0.1911,1.93,0.845,metropolitan-heavy,0.047,-0.0014,0.9538,0.9286,0.979,0.7757,0.3007,0.7536,65.74,False
NLD,Netherlands,Turkish,higher_fertility_path,2.0,1.85,1.4,1.61,2.4,2.86,0.46,2.97,-0.11,2.88,2.83,2.83,2.88,0.05,437490,542262,0.3,0.238,0.159,1.918,unspecified,False,0.5,0.48,0.56,0.42,0.706,0.967,1.0,0.78,0.884,0.0,1.03,0.0,0.676,0.514,1.0,1.137,0.08,0.0012,0.4238,0.482,0.0582,0.482,1.3078,0.109,2.79,0.39,-0.07,2.152,2.083,0.0005,0.483,0.7968,0.5072,0.104,0.8541,0.1911,1.93,0.845,metropolitan-heavy,0.047,-0.0014,0.9538,0.9286,0.979,0.7757,0.3007,0.7536,65.74,False
NLD,Netherlands,Moroccan,higher_fertility_path,2.2,1.93,1.4,1.61,2.3,2.95,0.65,3.06,-0.11,2.96,2.92,2.92,2.96,0.04,419261,558799,0.3,0.238,0.159,1.918,MAR,False,0.63,0.613,0.7,0.58,0.706,0.963,1.0,0.78,0.97,0.0,1.03,0.0,0.676,0.514,1.0,1.137,0.08,0.0012,0.4238,0.482,0.0582,0.482,1.3078,0.109,2.84,0.54,-0.1,2.152,2.083,0.0005,0.483,0.7968,0.5072,0.104,0.8541,0.1911,1.93,0.845,metropolitan-heavy,0.047,-0.0014,0.9538,0.9286,0.979,0.7757,0.3007,0.7536,65.74,False
NLD,Netherlands,Surinamese,identity_category_transition,1.4,1.61,1.4,1.61,2.1,1.92,-0.18,2.0,-0.07,1.95,1.89,1.89,1.95,0.06,382804,364821,0.3,0.238,0.159,1.918,unspecified,False,0.5,0.48,0.56,0.42,0.706,0.956,1.0,0.78,0.88,0.0,1.03,0.0,0.676,0.514,1.0,1.137,0.08,0.0012,0.4238,0.482,0.0582,0.482,1.3078,0.109,1.97,-0.13,0.04,2.152,2.083,0.0005,0.483,0.7968,0.5072,0.104,0.8541,0.1911,1.93,0.845,metropolitan-heavy,0.047,-0.0014,0.9538,0.9286,0.979,0.7757,0.3007,0.7536,65.74,False
NLD,Netherlands,Indonesian,identity_category_transition,1.4,1.61,1.4,1.61,2.0,1.83,-0.17,1.9,-0.07,1.86,1.8,1.8,1.86,0.06,364575,347449,0.3,0.238,0.159,1.918,IDN,False,0.736,0.74,0.78,0.76,0.706,0.952,1.0,0.78,1.034,0.0,1.03,0.0,0.676,0.514,1.0,1.137,0.08,0.0012,0.4238,0.482,0.0582,0.482,1.3078,0.109,1.87,-0.13,0.04,2.152,2.083,0.0005,0.483,0.7968,0.5072,0.104,0.8541,0.1911,1.93,0.845,metropolitan-heavy,0.047,-0.0014,0.9538,0.9286,0.979,0.7757,0.3007,0.7536,65.74,False
NLD,Netherlands,Antillean/Aruban,identity_category_transition,1.4,1.61,1.4,1.61,0.7,0.64,-0.06,0.67,-0.02,0.65,0.63,0.63,0.65,0.02,127601,121607,0.3,0.238,0.159,1.918,unspecified,False,0.5,0.48,0.56,0.42,0.706,0.884,1.0,0.78,0.855,0.0,1.03,0.0,0.676,0.514,1.0,1.137,0.08,0.0012,0.4238,0.482,0.0582,0.482,1.3078,0.109,0.66,-0.04,0.01,2.152,2.083,0.0005,0.483,0.7968,0.5072,0.104,0.8541,0.1911,1.93,0.845,metropolitan-heavy,0.047,-0.0014,0.9538,0.9286,0.979,0.7757,0.3007,0.7536,65.74,False
NLD,Netherlands,Syrian,higher_fertility_path,2.15,1.91,1.4,1.61,0.6,1.38,0.78,0.78,0.59,1.16,1.68,1.16,1.68,0.52,109372,261343,0.3,0.238,0.159,1.918,SYR,True,0.672,0.726,0.6,0.74,0.706,0.876,1.0,0.78,0.957,0.0,1.03,0.0,0.676,0.514,1.0,1.137,0.08,0.0012,0.4238,0.482,0.0582,0.482,1.3078,0.109,1.34,0.74,-0.04,2.152,2.083,0.0005,0.483,0.7968,0.5072,0.104,0.8541,0.1911,1.93,0.845,metropolitan-heavy,0.047,-0.0014,0.9538,0.9286,0.979,0.7757,0.3007,0.7536,65.74,False
NLD,Netherlands,Chinese,migration_linked,1.2,1.53,1.4,1.61,0.5,0.48,-0.02,0.44,0.05,0.47,0.49,0.47,0.49,0.03,91144,91245,0.3,0.238,0.159,1.918,CHN,True,0.52,0.502,0.58,0.45,0.706,0.869,1.0,0.78,0.862,0.0,1.03,0.0,0.676,0.514,1.0,1.137,0.08,0.0012,0.4238,0.482,0.0582,0.482,1.3078,0.109,0.5,0.0,0.02,2.152,2.083,0.0005,0.483,0.7968,0.5072,0.104,0.8541,0.1911,1.93,0.845,metropolitan-heavy,0.047,-0.0014,0.9538,0.9286,0.979,0.7757,0.3007,0.7536,65.74,False
NLD,Netherlands,Iraqi,higher_fertility_path,2.15,1.91,1.4,1.61,0.4,0.5,0.1,0.52,-0.02,0.51,0.5,0.5,0.51,0.01,72915,95475,0.3,0.238,0.159,1.918,IRQ,False,0.651,0.702,0.58,0.7,0.706,0.86,1.0,0.78,0.937,0.0,1.03,0.0,0.676,0.514,1.0,1.137,0.08,0.0012,0.4238,0.482,0.0582,0.482,1.3078,0.109,0.49,0.09,-0.02,2.152,2.083,0.0005,0.483,0.7968,0.5072,0.104,0.8541,0.1911,1.93,0.845,metropolitan-heavy,0.047,-0.0014,0.9538,0.9286,0.979,0.7757,0.3007,0.7536,65.74,False
NLD,Netherlands,Polish,migration_linked,1.7,1.73,1.4,1.61,1.5,2.39,0.89,1.65,0.74,2.14,2.72,2.14,2.72,0.58,273431,453555,0.3,0.238,0.159,1.918,unspecified,True,0.5,0.48,0.56,0.42,0.706,0.93,1.0,0.78,0.871,0.0,1.03,0.0,0.676,0.514,1.0,1.137,0.08,0.0012,0.4238,0.482,0.0582,0.482,1.3078,0.109,2.39,0.89,-0.01,2.152,2.083,0.0005,0.483,0.7968,0.5072,0.104,0.8541,0.1911,1.93,0.845,metropolitan-heavy,0.047,-0.0014,0.9538,0.9286,0.979,0.7757,0.3007,0.7536,65.74,False
NLD,Netherlands,German,migration_linked,1.3,1.57,1.4,1.61,1.2,1.22,0.02,1.1,0.11,1.18,1.25,1.18,1.25,0.07,218745,230451,0.3,0.238,0.159,1.918,unspecified,True,0.5,0.48,0.56,0.42,0.706,0.915,1.0,0.78,0.866,0.0,1.03,0.0,0.676,0.514,1.0,1.137,0.08,0.0012,0.4238,0.482,0.0582,0.482,1.3078,0.109,1.25,0.05,0.04,2.152,2.083,0.0005,0.483,0.7968,0.5072,0.104,0.8541,0.1911,1.93,0.845,metropolitan-heavy,0.047,-0.0014,0.9538,0.9286,0.979,0.7757,0.3007,0.7536,65.74,False
NLD,Netherlands,Somali,higher_fertility_path,2.6,2.09,1.4,1.61,0.7,1.58,0.88,1.06,0.51,1.39,1.82,1.39,1.82,0.43,127601,298904,0.3,0.238,0.159,1.918,SOM;ETH;KEN,True,0.717,0.799,0.567,0.747,0.706,0.884,1.0,0.78,0.988,0.0,1.03,0.0,0.676,0.514,1.0,1.137,0.08,0.0012,0.4238,0.482,0.0582,0.482,1.3078,0.109,1.49,0.79,-0.09,2.152,2.083,0.0005,0.483,0.7968,0.5072,0.104,0.8541,0.1911,1.93,0.845,metropolitan-heavy,0.047,-0.0014,0.9538,0.9286,0.979,0.7757,0.3007,0.7536,65.74,False
NLD,Netherlands,Afghan,migration_linked,1.4,1.61,1.4,1.61,0.5,0.54,0.04,0.48,0.06,0.52,0.56,0.52,0.56,0.04,91144,102552,0.3,0.238,0.159,1.918,AFG,True,0.667,0.804,0.42,0.86,0.706,0.869,1.0,0.78,0.95,0.0,1.03,0.0,0.676,0.514,1.0,1.137,0.08,0.0012,0.4238,0.482,0.0582,0.482,1.3078,0.109,0.55,0.05,0.01,2.152,2.083,0.0005,0.483,0.7968,0.5072,0.104,0.8541,0.1911,1.93,0.845,metropolitan-heavy,0.047,-0.0014,0.9538,0.9286,0.979,0.7757,0.3007,0.7536,65.74,False
NLD,Netherlands,Other,migration_linked,1.4,1.61,1.4,1.61,3.3,3.55,0.25,3.18,0.38,3.44,3.68,3.44,3.68,0.24,601548,673465,0.3,0.238,0.159,1.918,unspecified,True,0.5,0.48,0.56,0.42,0.706,0.995,1.0,0.78,0.894,0.0,1.03,0.0,0.676,0.514,1.0,1.137,0.08,0.0012,0.4238,0.482,0.0582,0.482,1.3078,0.109,3.63,0.33,0.08,2.152,2.083,0.0005,0.483,0.7968,0.5072,0.104,0.8541,0.1911,1.93,0.845,metropolitan-heavy,0.047,-0.0014,0.9538,0.9286,0.979,0.7757,0.3007,0.7536,65.74,False
NOR,Norway,Norwegian,largest_baseline_category,1.4,1.61,1.4,1.61,81.5,79.06,-2.44,80.76,-1.7,79.61,78.4,78.4,79.61,1.21,4544975,4664346,0.3,0.238,0.142,1.896,unspecified,False,0.5,0.48,0.56,0.42,0.676,1.3,1.0,0.78,0.98,0.0,0.0,0.0,0.577,0.473,1.0,1.133,0.09,0.001,0.3294,0.3674,0.038,0.3674,0.9175,0.1034,78.94,-2.56,-0.12,2.029,1.981,0.0005,0.3691,0.8125,0.4807,0.0949,0.8587,0.1872,1.58,0.773,urbanizing-majority,0.068,-0.0024,0.9651,0.9388,1.0,0.7914,0.2495,0.6387,66.34,True
NOR,Norway,Other Nordic/European,migration_linked,1.3,1.57,1.4,1.61,5.9,6.22,0.32,5.52,0.7,6.01,6.47,6.01,6.47,0.45,329023,366843,0.3,0.238,0.142,1.896,unspecified,True,0.5,0.48,0.56,0.42,0.676,1.052,1.0,0.78,0.898,0.0,0.0,0.0,0.577,0.473,1.0,1.133,0.09,0.001,0.3294,0.3674,0.038,0.3674,0.9175,0.1034,6.38,0.48,0.16,2.029,1.981,0.0005,0.3691,0.8125,0.4807,0.0949,0.8587,0.1872,1.58,0.773,urbanizing-majority,0.068,-0.0024,0.9651,0.9388,1.0,0.7914,0.2495,0.6387,66.34,False
NOR,Norway,Polish,migration_linked,1.4,1.61,1.4,1.61,2.1,2.31,0.21,2.06,0.25,2.23,2.4,2.23,2.4,0.17,117110,136372,0.3,0.238,0.142,1.896,unspecified,True,0.5,0.48,0.56,0.42,0.676,0.956,1.0,0.78,0.866,0.0,0.0,0.0,0.577,0.473,1.0,1.133,0.09,0.001,0.3294,0.3674,0.038,0.3674,0.9175,0.1034,2.35,0.25,0.04,2.029,1.981,0.0005,0.3691,0.8125,0.4807,0.0949,0.8587,0.1872,1.58,0.773,urbanizing-majority,0.068,-0.0024,0.9651,0.9388,1.0,0.7914,0.2495,0.6387,66.34,False
NOR,Norway,Swedish,migration_linked,1.4,1.61,1.4,1.61,1.0,1.1,0.1,0.98,0.12,1.06,1.14,1.06,1.14,0.08,55767,64772,0.3,0.238,0.142,1.896,unspecified,True,0.5,0.48,0.56,0.42,0.676,0.903,1.0,0.78,0.849,0.0,0.0,0.0,0.577,0.473,1.0,1.133,0.09,0.001,0.3294,0.3674,0.038,0.3674,0.9175,0.1034,1.12,0.12,0.02,2.029,1.981,0.0005,0.3691,0.8125,0.4807,0.0949,0.8587,0.1872,1.58,0.773,urbanizing-majority,0.068,-0.0024,0.9651,0.9388,1.0,0.7914,0.2495,0.6387,66.34,False
NOR,Norway,Syrian,higher_fertility_path,2.15,1.91,1.4,1.61,1.1,1.44,0.34,1.47,-0.03,1.43,1.44,1.43,1.44,0.0,61343,84677,0.3,0.238,0.142,1.896,SYR,False,0.672,0.726,0.6,0.74,0.676,0.909,1.0,0.78,0.954,0.0,0.0,0.0,0.577,0.473,1.0,1.133,0.09,0.001,0.3294,0.3674,0.038,0.3674,0.9175,0.1034,1.38,0.28,-0.06,2.029,1.981,0.0005,0.3691,0.8125,0.4807,0.0949,0.8587,0.1872,1.58,0.773,urbanizing-majority,0.068,-0.0024,0.9651,0.9388,1.0,0.7914,0.2495,0.6387,66.34,False
NOR,Norway,Iraqi,higher_fertility_path,2.15,1.91,1.4,1.61,0.8,1.04,0.24,1.07,-0.02,1.04,1.04,1.04,1.04,0.0,44613,61583,0.3,0.238,0.142,1.896,IRQ,False,0.651,0.702,0.58,0.7,0.676,0.891,1.0,0.78,0.933,0.0,0.0,0.0,0.577,0.473,1.0,1.133,0.09,0.001,0.3294,0.3674,0.038,0.3674,0.9175,0.1034,1.0,0.2,-0.04,2.029,1.981,0.0005,0.3691,0.8125,0.4807,0.0949,0.8587,0.1872,1.58,0.773,urbanizing-majority,0.068,-0.0024,0.9651,0.9388,1.0,0.7914,0.2495,0.6387,66.34,False
NOR,Norway,Somali,higher_fertility_path,2.8,2.17,1.4,1.61,0.7,1.16,0.46,1.15,0.01,1.14,1.18,1.14,1.18,0.03,39037,68514,0.3,0.238,0.142,1.896,SOM;ETH;KEN,True,0.717,0.799,0.567,0.747,0.676,0.884,1.06,0.78,0.994,0.0,0.0,0.0,0.577,0.473,1.0,1.133,0.09,0.001,0.3294,0.3674,0.038,0.3674,0.9175,0.1034,1.08,0.38,-0.08,2.029,1.981,0.0005,0.3691,0.8125,0.4807,0.0949,0.8587,0.1872,1.58,0.773,urbanizing-majority,0.068,-0.0024,0.9651,0.9388,1.0,0.7914,0.2495,0.6387,66.34,False
NOR,Norway,Pakistani,higher_fertility_path,1.75,1.75,1.4,1.61,0.9,1.01,0.11,1.03,-0.02,1.01,1.0,1.0,1.01,0.01,50190,59468,0.3,0.238,0.142,1.896,PAK,False,0.769,0.814,0.7,0.74,0.676,0.897,1.0,0.78,1.006,0.0,0.0,0.0,0.577,0.473,1.0,1.133,0.09,0.001,0.3294,0.3674,0.038,0.3674,0.9175,0.1034,1.0,0.1,-0.01,2.029,1.981,0.0005,0.3691,0.8125,0.4807,0.0949,0.8587,0.1872,1.58,0.773,urbanizing-majority,0.068,-0.0024,0.9651,0.9388,1.0,0.7914,0.2495,0.6387,66.34,False
NOR,Norway,Eritrean,higher_fertility_path,1.75,1.75,1.4,1.61,0.5,0.58,0.08,0.57,0.0,0.57,0.58,0.57,0.58,0.01,27883,33996,0.3,0.238,0.142,1.896,ETH,True,0.71,0.81,0.52,0.76,0.676,0.869,1.0,0.78,0.958,0.0,0.0,0.0,0.577,0.473,1.0,1.133,0.09,0.001,0.3294,0.3674,0.038,0.3674,0.9175,0.1034,0.57,0.07,-0.01,2.029,1.981,0.0005,0.3691,0.8125,0.4807,0.0949,0.8587,0.1872,1.58,0.773,urbanizing-majority,0.068,-0.0024,0.9651,0.9388,1.0,0.7914,0.2495,0.6387,66.34,False
NOR,Norway,Vietnamese,migration_linked,1.4,1.61,1.4,1.61,0.5,0.56,0.06,0.49,0.07,0.54,0.58,0.54,0.58,0.05,27883,32914,0.3,0.238,0.142,1.896,VNM,True,0.71,0.674,0.84,0.68,0.676,0.869,1.0,0.78,0.958,0.0,0.0,0.0,0.577,0.473,1.0,1.133,0.09,0.001,0.3294,0.3674,0.038,0.3674,0.9175,0.1034,0.57,0.07,0.01,2.029,1.981,0.0005,0.3691,0.8125,0.4807,0.0949,0.8587,0.1872,1.58,0.773,urbanizing-majority,0.068,-0.0024,0.9651,0.9388,1.0,0.7914,0.2495,0.6387,66.34,False
NOR,Norway,Filipino,migration_linked,1.4,1.61,1.4,1.61,0.6,0.67,0.07,0.59,0.08,0.65,0.7,0.65,0.7,0.06,33460,39676,0.3,0.238,0.142,1.896,PHL,True,0.759,0.718,0.88,0.64,0.676,0.876,1.0,0.78,0.99,0.0,0.0,0.0,0.577,0.473,1.0,1.133,0.09,0.001,0.3294,0.3674,0.038,0.3674,0.9175,0.1034,0.68,0.08,0.01,2.029,1.981,0.0005,0.3691,0.8125,0.4807,0.0949,0.8587,0.1872,1.58,0.773,urbanizing-majority,0.068,-0.0024,0.9651,0.9388,1.0,0.7914,0.2495,0.6387,66.34,False
NOR,Norway,Other,migration_linked,1.4,1.61,1.4,1.61,4.4,4.86,0.46,4.32,0.54,4.69,5.06,4.69,5.06,0.37,245373,286666,0.3,0.238,0.142,1.896,unspecified,True,0.5,0.48,0.56,0.42,0.676,1.022,1.0,0.78,0.888,0.0,0.0,0.0,0.577,0.473,1.0,1.133,0.09,0.001,0.3294,0.3674,0.038,0.3674,0.9175,0.1034,4.94,0.54,0.08,2.029,1.981,0.0005,0.3691,0.8125,0.4807,0.0949,0.8587,0.1872,1.58,0.773,urbanizing-majority,0.068,-0.0024,0.9651,0.9388,1.0,0.7914,0.2495,0.6387,66.34,False
NPL,Nepal,Chhetri,largest_baseline_category,2.0,2.03,2.0,2.03,16.6,15.62,-0.98,15.62,0.0,15.64,15.61,15.61,15.64,0.03,4922075,5411455,0.043,0.0,0.0,1.317,unspecified,False,0.5,0.48,0.56,0.42,0.468,1.164,1.0,0.78,0.817,0.0,0.0,0.726,0.0,0.0,1.0,1.015,0.0,0.001,0.895,0.8927,-0.0023,0.8927,3.2071,0.1946,15.92,-0.68,0.3,2.322,2.503,0.0005,0.8951,0.6,0.3109,0.1405,0.7344,0.2203,9.32,0.532,mixed-rural-urban,0.02,0.1331,0.8789,0.6765,0.7242,0.4146,0.2701,0.0435,59.08,False
NPL,Nepal,Bahun,largest_baseline_category,2.0,2.03,2.0,2.03,12.2,11.48,-0.72,11.48,0.0,11.49,11.47,11.47,11.49,0.02,3617429,3977093,0.043,0.0,0.0,1.317,unspecified,False,0.5,0.48,0.56,0.42,0.468,1.13,1.0,0.78,0.809,0.0,0.0,0.726,0.0,0.0,1.0,1.015,0.0,0.001,0.895,0.8927,-0.0023,0.8927,3.2071,0.1946,11.7,-0.5,0.22,2.322,2.503,0.0005,0.8951,0.6,0.3109,0.1405,0.7344,0.2203,9.32,0.532,mixed-rural-urban,0.02,0.1331,0.8789,0.6765,0.7242,0.4146,0.2701,0.0435,59.08,False
NPL,Nepal,Magar,largest_baseline_category,2.0,2.03,2.0,2.03,7.1,6.68,-0.42,6.68,0.0,6.69,6.68,6.68,6.69,0.01,2105225,2314538,0.043,0.0,0.0,1.317,unspecified,False,0.5,0.48,0.56,0.42,0.468,1.071,1.0,0.78,0.795,0.0,0.0,0.726,0.0,0.0,1.0,1.015,0.0,0.001,0.895,0.8927,-0.0023,0.8927,3.2071,0.1946,6.81,-0.29,0.13,2.322,2.503,0.0005,0.8951,0.6,0.3109,0.1405,0.7344,0.2203,9.32,0.532,mixed-rural-urban,0.02,0.1331,0.8789,0.6765,0.7242,0.4146,0.2701,0.0435,59.08,False
NPL,Nepal,Tharu,higher_fertility_path,2.35,2.17,2.0,2.03,6.6,7.17,0.57,7.17,0.0,7.15,7.19,7.15,7.19,0.04,1956970,2484354,0.043,0.0,0.0,1.317,unspecified,False,0.5,0.48,0.56,0.42,0.468,1.063,1.0,0.78,0.794,0.0,0.0,0.726,0.0,0.0,1.0,1.015,0.0,0.001,0.895,0.8927,-0.0023,0.8927,3.2071,0.1946,7.17,0.57,0.0,2.322,2.503,0.0005,0.8951,0.6,0.3109,0.1405,0.7344,0.2203,9.32,0.532,mixed-rural-urban,0.02,0.1331,0.8789,0.6765,0.7242,0.4146,0.2701,0.0435,59.08,False
NPL,Nepal,Tamang,largest_baseline_category,2.0,2.03,2.0,2.03,5.8,5.46,-0.34,5.46,0.0,5.46,5.45,5.45,5.46,0.01,1719761,1890749,0.043,0.0,0.0,1.317,unspecified,False,0.5,0.48,0.56,0.42,0.468,1.05,1.0,0.78,0.791,0.0,0.0,0.726,0.0,0.0,1.0,1.015,0.0,0.001,0.895,0.8927,-0.0023,0.8927,3.2071,0.1946,5.56,-0.24,0.1,2.322,2.503,0.0005,0.8951,0.6,0.3109,0.1405,0.7344,0.2203,9.32,0.532,mixed-rural-urban,0.02,0.1331,0.8789,0.6765,0.7242,0.4146,0.2701,0.0435,59.08,False
NPL,Nepal,Newar,largest_baseline_category,2.0,2.03,2.0,2.03,5.0,4.71,-0.29,4.71,0.0,4.71,4.7,4.7,4.71,0.01,1482553,1629956,0.043,0.0,0.0,1.317,unspecified,False,0.5,0.48,0.56,0.42,0.468,1.035,1.0,0.78,0.787,0.0,0.0,0.726,0.0,0.0,1.0,1.015,0.0,0.001,0.895,0.8927,-0.0023,0.8927,3.2071,0.1946,4.79,-0.21,0.09,2.322,2.503,0.0005,0.8951,0.6,0.3109,0.1405,0.7344,0.2203,9.32,0.532,mixed-rural-urban,0.02,0.1331,0.8789,0.6765,0.7242,0.4146,0.2701,0.0435,59.08,False
NPL,Nepal,Kami (Dalit),largest_baseline_category,2.0,2.03,2.0,2.03,4.8,4.52,-0.28,4.52,0.0,4.52,4.51,4.51,4.52,0.01,1423251,1564758,0.043,0.0,0.0,1.317,unspecified,False,0.5,0.48,0.56,0.42,0.468,1.031,1.0,0.78,0.786,0.0,0.0,0.726,0.0,0.0,1.0,1.015,0.0,0.001,0.895,0.8927,-0.0023,0.8927,3.2071,0.1946,4.6,-0.2,0.09,2.322,2.503,0.0005,0.8951,0.6,0.3109,0.1405,0.7344,0.2203,9.32,0.532,mixed-rural-urban,0.02,0.1331,0.8789,0.6765,0.7242,0.4146,0.2701,0.0435,59.08,False
NPL,Nepal,Muslim (Madhesi),higher_fertility_path,2.95,2.41,2.0,2.03,4.4,5.74,1.34,5.74,0.0,5.7,5.79,5.7,5.79,0.09,1304646,1989635,0.043,0.0,0.0,1.317,unspecified,False,0.5,0.48,0.56,0.42,0.468,1.022,1.0,0.78,0.784,0.0,0.0,0.726,0.0,0.0,1.0,1.015,0.0,0.001,0.895,0.8927,-0.0023,0.8927,3.2071,0.1946,5.6,1.2,-0.15,2.322,2.503,0.0005,0.8951,0.6,0.3109,0.1405,0.7344,0.2203,9.32,0.532,mixed-rural-urban,0.02,0.1331,0.8789,0.6765,0.7242,0.4146,0.2701,0.0435,59.08,False
NPL,Nepal,Yadav,higher_fertility_path,2.35,2.17,2.0,2.03,4.0,4.35,0.35,4.35,0.0,4.33,4.36,4.33,4.36,0.02,1186042,1505669,0.043,0.0,0.0,1.317,unspecified,False,0.5,0.48,0.56,0.42,0.468,1.013,1.0,0.78,0.782,0.0,0.0,0.726,0.0,0.0,1.0,1.015,0.0,0.001,0.895,0.8927,-0.0023,0.8927,3.2071,0.1946,4.35,0.35,0.0,2.322,2.503,0.0005,0.8951,0.6,0.3109,0.1405,0.7344,0.2203,9.32,0.532,mixed-rural-urban,0.02,0.1331,0.8789,0.6765,0.7242,0.4146,0.2701,0.0435,59.08,False
NPL,Nepal,Rai,largest_baseline_category,2.0,2.03,2.0,2.03,2.3,2.16,-0.14,2.16,0.0,2.17,2.16,2.16,2.17,0.0,681974,749780,0.043,0.0,0.0,1.317,unspecified,False,0.5,0.48,0.56,0.42,0.468,0.963,1.0,0.78,0.771,0.0,0.0,0.726,0.0,0.0,1.0,1.015,0.0,0.001,0.895,0.8927,-0.0023,0.8927,3.2071,0.1946,2.21,-0.09,0.04,2.322,2.503,0.0005,0.8951,0.6,0.3109,0.1405,0.7344,0.2203,9.32,0.532,mixed-rural-urban,0.02,0.1331,0.8789,0.6765,0.7242,0.4146,0.2701,0.0435,59.08,False
NPL,Nepal,Gurung,largest_baseline_category,2.0,2.03,2.0,2.03,2.0,1.88,-0.12,1.88,0.0,1.88,1.88,1.88,1.88,0.0,593021,651982,0.043,0.0,0.0,1.317,unspecified,False,0.5,0.48,0.56,0.42,0.468,0.952,1.0,0.78,0.768,0.0,0.0,0.726,0.0,0.0,1.0,1.015,0.0,0.001,0.895,0.8927,-0.0023,0.8927,3.2071,0.1946,1.92,-0.08,0.04,2.322,2.503,0.0005,0.8951,0.6,0.3109,0.1405,0.7344,0.2203,9.32,0.532,mixed-rural-urban,0.02,0.1331,0.8789,0.6765,0.7242,0.4146,0.2701,0.0435,59.08,False
NPL,Nepal,Damai/Dholi,largest_baseline_category,2.0,2.03,2.0,2.03,1.8,1.69,-0.11,1.69,0.0,1.7,1.69,1.69,1.7,0.0,533719,586784,0.043,0.0,0.0,1.317,unspecified,False,0.5,0.48,0.56,0.42,0.468,0.944,1.0,0.78,0.766,0.0,0.0,0.726,0.0,0.0,1.0,1.015,0.0,0.001,0.895,0.8927,-0.0023,0.8927,3.2071,0.1946,1.73,-0.07,0.03,2.322,2.503,0.0005,0.8951,0.6,0.3109,0.1405,0.7344,0.2203,9.32,0.532,mixed-rural-urban,0.02,0.1331,0.8789,0.6765,0.7242,0.4146,0.2701,0.0435,59.08,False
NPL,Nepal,Thakuri,largest_baseline_category,2.0,2.03,2.0,2.03,1.6,1.51,-0.09,1.51,0.0,1.51,1.5,1.5,1.51,0.0,474417,521586,0.043,0.0,0.0,1.317,unspecified,False,0.5,0.48,0.56,0.42,0.468,0.935,1.0,0.78,0.764,0.0,0.0,0.726,0.0,0.0,1.0,1.015,0.0,0.001,0.895,0.8927,-0.0023,0.8927,3.2071,0.1946,1.53,-0.07,0.03,2.322,2.503,0.0005,0.8951,0.6,0.3109,0.1405,0.7344,0.2203,9.32,0.532,mixed-rural-urban,0.02,0.1331,0.8789,0.6765,0.7242,0.4146,0.2701,0.0435,59.08,False
NPL,Nepal,Limbu,largest_baseline_category,2.0,2.03,2.0,2.03,1.5,1.41,-0.09,1.41,0.0,1.41,1.41,1.41,1.41,0.0,444766,488987,0.043,0.0,0.0,1.317,unspecified,False,0.5,0.48,0.56,0.42,0.468,0.93,1.0,0.78,0.763,0.0,0.0,0.726,0.0,0.0,1.0,1.015,0.0,0.001,0.895,0.8927,-0.0023,0.8927,3.2071,0.1946,1.44,-0.06,0.03,2.322,2.503,0.0005,0.8951,0.6,0.3109,0.1405,0.7344,0.2203,9.32,0.532,mixed-rural-urban,0.02,0.1331,0.8789,0.6765,0.7242,0.4146,0.2701,0.0435,59.08,False
NPL,Nepal,Sarki,largest_baseline_category,2.0,2.03,2.0,2.03,1.4,1.32,-0.08,1.32,0.0,1.32,1.32,1.32,1.32,0.0,415115,456388,0.043,0.0,0.0,1.317,unspecified,False,0.5,0.48,0.56,0.42,0.468,0.925,1.0,0.78,0.762,0.0,0.0,0.726,0.0,0.0,1.0,1.015,0.0,0.001,0.895,0.8927,-0.0023,0.8927,3.2071,0.1946,1.34,-0.06,0.03,2.322,2.503,0.0005,0.8951,0.6,0.3109,0.1405,0.7344,0.2203,9.32,0.532,mixed-rural-urban,0.02,0.1331,0.8789,0.6765,0.7242,0.4146,0.2701,0.0435,59.08,False
NPL,Nepal,Teli,largest_baseline_category,2.0,2.03,2.0,2.03,1.1,1.04,-0.06,1.04,0.0,1.04,1.03,1.03,1.04,0.0,326162,358590,0.043,0.0,0.0,1.317,unspecified,False,0.5,0.48,0.56,0.42,0.468,0.909,1.0,0.78,0.758,0.0,0.0,0.726,0.0,0.0,1.0,1.015,0.0,0.001,0.895,0.8927,-0.0023,0.8927,3.2071,0.1946,1.05,-0.05,0.02,2.322,2.503,0.0005,0.8951,0.6,0.3109,0.1405,0.7344,0.2203,9.32,0.532,mixed-rural-urban,0.02,0.1331,0.8789,0.6765,0.7242,0.4146,0.2701,0.0435,59.08,False
NPL,Nepal,Chamar,largest_baseline_category,2.0,2.03,2.0,2.03,1.0,0.94,-0.06,0.94,0.0,0.94,0.94,0.94,0.94,0.0,296511,325991,0.043,0.0,0.0,1.317,unspecified,False,0.5,0.48,0.56,0.42,0.468,0.903,1.0,0.78,0.757,0.0,0.0,0.726,0.0,0.0,1.0,1.015,0.0,0.001,0.895,0.8927,-0.0023,0.8927,3.2071,0.1946,0.96,-0.04,0.02,2.322,2.503,0.0005,0.8951,0.6,0.3109,0.1405,0.7344,0.2203,9.32,0.532,mixed-rural-urban,0.02,0.1331,0.8789,0.6765,0.7242,0.4146,0.2701,0.0435,59.08,False
NPL,Nepal,Koiri,largest_baseline_category,2.0,2.03,2.0,2.03,1.0,0.94,-0.06,0.94,0.0,0.94,0.94,0.94,0.94,0.0,296511,325991,0.043,0.0,0.0,1.317,unspecified,False,0.5,0.48,0.56,0.42,0.468,0.903,1.0,0.78,0.757,0.0,0.0,0.726,0.0,0.0,1.0,1.015,0.0,0.001,0.895,0.8927,-0.0023,0.8927,3.2071,0.1946,0.96,-0.04,0.02,2.322,2.503,0.0005,0.8951,0.6,0.3109,0.1405,0.7344,0.2203,9.32,0.532,mixed-rural-urban,0.02,0.1331,0.8789,0.6765,0.7242,0.4146,0.2701,0.0435,59.08,False
NPL,Nepal,Other,identity_category_transition,2.0,2.03,2.0,2.03,19.8,21.38,1.58,21.38,0.0,21.4,21.36,21.36,21.4,0.04,5870909,7407734,0.043,0.0,0.0,1.317,unspecified,False,0.5,0.48,0.56,0.42,0.468,1.184,1.0,0.78,0.821,0.0,0.0,0.726,0.0,0.0,1.0,1.015,0.0,0.001,0.895,0.8927,-0.0023,0.8927,3.2071,0.1946,20.36,0.56,-1.03,2.322,2.503,0.0005,0.8951,0.6,0.3109,0.1405,0.7344,0.2203,9.32,0.532,mixed-rural-urban,0.02,0.1331,0.8789,0.6765,0.7242,0.4146,0.2701,0.0435,59.08,True
NRU,Nauru,Nauruan,largest_baseline_category,3.0,2.6,3.0,2.6,88.0,87.04,-0.96,87.37,-0.34,87.16,86.89,86.89,87.16,0.28,10532,13733,0.0,0.0,0.0,1.25,unspecified,False,0.5,0.48,0.56,0.42,0.454,1.3,1.0,0.78,0.839,0.0,0.0,0.0,0.0,0.0,1.0,1.0,0.0,0.001,0.2176,0.2329,0.0153,0.2329,0.5038,0.1395,86.99,-1.01,-0.05,1.553,1.555,0.0005,0.2338,0.6982,0.297,0.1147,0.7733,0.2047,1.3,0.55,mixed-rural-urban,0.0,0.1082,0.7544,0.8074,0.8765,0.6097,0.2468,0.1347,59.4,True
NRU,Nauru,Other Pacific Islander,identity_category_transition,3.5,2.8,3.0,2.6,8.0,8.87,0.87,8.9,-0.03,8.85,8.89,8.85,8.89,0.04,957,1399,0.0,0.0,0.0,1.25,unspecified,False,0.5,0.48,0.56,0.42,0.454,1.084,1.0,0.78,0.79,0.0,0.0,0.0,0.0,0.0,1.0,1.0,0.0,0.001,0.2176,0.2329,0.0153,0.2329,0.5038,0.1395,8.81,0.81,-0.06,1.553,1.555,0.0005,0.2338,0.6982,0.297,0.1147,0.7733,0.2047,1.3,0.55,mixed-rural-urban,0.0,0.1082,0.7544,0.8074,0.8765,0.6097,0.2468,0.1347,59.4,False
NRU,Nauru,Chinese / Asian,migration_linked,2.8,2.52,3.0,2.6,4.0,4.1,0.1,3.72,0.37,3.99,4.23,3.99,4.23,0.24,479,646,0.0,0.0,0.0,1.25,CHN,True,0.52,0.502,0.58,0.45,0.454,1.013,1.0,0.78,0.784,0.0,0.0,0.0,0.0,0.0,1.0,1.0,0.0,0.001,0.2176,0.2329,0.0153,0.2329,0.5038,0.1395,4.2,0.2,0.11,1.553,1.555,0.0005,0.2338,0.6982,0.297,0.1147,0.7733,0.2047,1.3,0.55,mixed-rural-urban,0.0,0.1082,0.7544,0.8074,0.8765,0.6097,0.2468,0.1347,59.4,False
NZL,New Zealand,European,largest_baseline_category,1.6,1.75,1.6,1.75,59.0,50.7,-8.3,55.13,-4.43,52.31,48.68,48.68,52.31,3.62,3076226,2917657,0.214,0.0,0.0,1.81,unspecified,False,0.5,0.48,0.56,0.42,0.664,1.3,1.0,0.88,0.996,0.0,1.15,0.0,0.791,0.301,1.3,1.397,0.16,0.0012,0.6027,0.6671,0.0643,0.6671,1.9102,0.1014,50.65,-8.35,-0.04,2.551,2.574,0.0005,0.6671,0.8349,0.474,0.0851,0.9174,0.1808,3.0,0.833,metropolitan-heavy,0.036,0.0033,0.9564,0.9407,0.9269,0.7713,0.2606,0.5678,64.16,True
NZL,New Zealand,Maori,higher_fertility_path,2.45,2.09,1.6,1.75,15.6,17.75,2.15,19.34,-1.59,18.16,17.18,17.18,18.16,0.99,813375,1021542,0.214,0.0,0.0,1.81,unspecified,False,0.5,0.48,0.56,0.42,0.664,1.157,1.0,0.88,0.947,0.0,1.15,0.0,0.791,0.301,1.3,1.397,0.16,0.0012,0.6027,0.6671,0.0643,0.6671,1.9102,0.1014,17.3,1.7,-0.45,2.551,2.574,0.0005,0.6671,0.8349,0.474,0.0851,0.9174,0.1808,3.0,0.833,metropolitan-heavy,0.036,0.0033,0.9564,0.9407,0.9269,0.7713,0.2606,0.5678,64.16,False
NZL,New Zealand,Asian,migration_linked,1.6,1.75,1.6,1.75,13.4,18.98,5.58,12.12,6.86,16.71,21.9,16.71,21.9,5.18,698668,1092166,0.214,0.0,0.0,1.81,unspecified,True,0.5,0.48,0.56,0.42,0.664,1.14,1.0,0.88,0.941,0.0,1.15,0.0,0.791,0.301,1.3,1.397,0.16,0.0012,0.6027,0.6671,0.0643,0.6671,1.9102,0.1014,19.57,6.17,0.59,2.551,2.574,0.0005,0.6671,0.8349,0.474,0.0851,0.9174,0.1808,3.0,0.833,metropolitan-heavy,0.036,0.0033,0.9564,0.9407,0.9269,0.7713,0.2606,0.5678,64.16,False
NZL,New Zealand,Pacific peoples,higher_fertility_path,2.45,2.09,1.6,1.75,7.7,8.76,1.06,9.55,-0.79,8.97,8.48,8.48,8.97,0.49,401474,504223,0.214,0.0,0.0,1.81,unspecified,False,0.5,0.48,0.56,0.42,0.664,1.08,1.0,0.88,0.921,0.0,1.15,0.0,0.791,0.301,1.3,1.397,0.16,0.0012,0.6027,0.6671,0.0643,0.6671,1.9102,0.1014,8.54,0.84,-0.22,2.551,2.574,0.0005,0.6671,0.8349,0.474,0.0851,0.9174,0.1808,3.0,0.833,metropolitan-heavy,0.036,0.0033,0.9564,0.9407,0.9269,0.7713,0.2606,0.5678,64.16,False
NZL,New Zealand,MELAA (ME/LatAm/African),migration_linked,1.6,1.75,1.6,1.75,1.9,1.85,-0.05,1.72,0.13,1.82,1.87,1.82,1.87,0.05,99065,106374,0.214,0.0,0.0,1.81,unspecified,True,0.5,0.48,0.56,0.42,0.664,0.948,1.0,0.88,0.875,0.0,1.15,0.0,0.791,0.301,1.3,1.397,0.16,0.0012,0.6027,0.6671,0.0643,0.6671,1.9102,0.1014,1.91,0.01,0.06,2.551,2.574,0.0005,0.6671,0.8349,0.474,0.0851,0.9174,0.1808,3.0,0.833,metropolitan-heavy,0.036,0.0033,0.9564,0.9407,0.9269,0.7713,0.2606,0.5678,64.16,False
NZL,New Zealand,Other,identity_category_transition,1.6,1.75,1.6,1.75,2.4,1.97,-0.43,2.15,-0.18,2.03,1.89,1.89,2.03,0.14,125135,113317,0.214,0.0,0.0,1.81,unspecified,False,0.5,0.48,0.56,0.42,0.664,0.967,1.0,0.88,0.882,0.0,1.15,0.0,0.791,0.301,1.3,1.397,0.16,0.0012,0.6027,0.6671,0.0643,0.6671,1.9102,0.1014,2.03,-0.37,0.06,2.551,2.574,0.0005,0.6671,0.8349,0.474,0.0851,0.9174,0.1808,3.0,0.833,metropolitan-heavy,0.036,0.0033,0.9564,0.9407,0.9269,0.7713,0.2606,0.5678,64.16,False
OMN,Oman,Omani,higher_fertility_path,2.75,2.36,2.4,2.22,55.6,55.93,0.33,59.15,-3.22,56.83,54.87,54.87,56.83,1.96,2936537,4377558,0.0,0.0,0.0,1.5,unspecified,False,0.5,0.48,0.56,0.42,0.568,1.3,1.0,0.48,0.85,0.0,1.02,0.0,0.565,0.237,1.1,1.1,0.0,0.001,0.6522,0.6493,-0.0028,0.6493,1.9113,0.0847,54.86,-0.74,-1.07,2.052,2.163,0.0005,0.6592,0.8144,0.312,0.1142,0.8505,0.1755,2.85,0.55,mixed-rural-urban,0.0,0.0283,0.9394,0.8192,0.9046,0.7708,0.0855,0.2073,66.88,True
OMN,Oman,Indian,migration_linked,2.4,2.22,2.4,2.22,14.8,14.67,-0.13,13.5,1.17,14.34,15.05,14.34,15.05,0.71,781668,1147959,0.0,0.0,0.0,1.5,IND;PAK;BGD;LKA;NPL,True,0.718,0.719,0.752,0.684,0.568,1.151,1.0,0.48,0.932,0.0,1.02,0.0,0.565,0.237,1.1,1.1,0.0,0.001,0.6522,0.6493,-0.0028,0.6493,1.9113,0.0847,15.05,0.25,0.38,2.052,2.163,0.0005,0.6592,0.8144,0.312,0.1142,0.8505,0.1755,2.85,0.55,mixed-rural-urban,0.0,0.0283,0.9394,0.8192,0.9046,0.7708,0.0855,0.2073,66.88,False
OMN,Oman,Bangladeshi,migration_linked,2.4,2.22,2.4,2.22,6.0,5.93,-0.07,5.47,0.46,5.81,6.09,5.81,6.09,0.28,316893,464401,0.0,0.0,0.0,1.5,BGD,True,0.735,0.788,0.68,0.84,0.568,1.054,1.0,0.48,0.908,0.0,1.02,0.0,0.565,0.237,1.1,1.1,0.0,0.001,0.6522,0.6493,-0.0028,0.6493,1.9113,0.0847,6.09,0.09,0.15,2.052,2.163,0.0005,0.6592,0.8144,0.312,0.1142,0.8505,0.1755,2.85,0.55,mixed-rural-urban,0.0,0.0283,0.9394,0.8192,0.9046,0.7708,0.0855,0.2073,66.88,False
OMN,Oman,Pakistani,migration_linked,2.4,2.22,2.4,2.22,5.0,4.95,-0.05,4.56,0.39,4.84,5.08,4.84,5.08,0.24,264077,387410,0.0,0.0,0.0,1.5,PAK,True,0.769,0.814,0.7,0.74,0.568,1.035,1.0,0.48,0.918,0.0,1.02,0.0,0.565,0.237,1.1,1.1,0.0,0.001,0.6522,0.6493,-0.0028,0.6493,1.9113,0.0847,5.08,0.08,0.13,2.052,2.163,0.0005,0.6592,0.8144,0.312,0.1142,0.8505,0.1755,2.85,0.55,mixed-rural-urban,0.0,0.0283,0.9394,0.8192,0.9046,0.7708,0.0855,0.2073,66.88,False
OMN,Oman,Filipino,migration_linked,2.4,2.22,2.4,2.22,3.0,2.95,-0.05,2.74,0.22,2.89,3.03,2.89,3.03,0.13,158446,231271,0.0,0.0,0.0,1.5,PHL,True,0.759,0.718,0.88,0.64,0.568,0.986,1.0,0.48,0.896,0.0,1.02,0.0,0.565,0.237,1.1,1.1,0.0,0.001,0.6522,0.6493,-0.0028,0.6493,1.9113,0.0847,3.03,0.03,0.08,2.052,2.163,0.0005,0.6592,0.8144,0.312,0.1142,0.8505,0.1755,2.85,0.55,mixed-rural-urban,0.0,0.0283,0.9394,0.8192,0.9046,0.7708,0.0855,0.2073,66.88,False
OMN,Oman,Egyptian,migration_linked,2.8,2.38,2.4,2.22,3.0,3.33,0.33,3.1,0.24,3.26,3.42,3.26,3.42,0.17,158446,260842,0.0,0.0,0.0,1.5,EGY,True,0.7,0.706,0.72,0.66,0.568,0.986,1.0,0.48,0.869,0.0,1.02,0.0,0.565,0.237,1.1,1.1,0.0,0.001,0.6522,0.6493,-0.0028,0.6493,1.9113,0.0847,3.34,0.34,0.01,2.052,2.163,0.0005,0.6592,0.8144,0.312,0.1142,0.8505,0.1755,2.85,0.55,mixed-rural-urban,0.0,0.0283,0.9394,0.8192,0.9046,0.7708,0.0855,0.2073,66.88,False
OMN,Oman,Sri Lankan,migration_linked,2.4,2.22,2.4,2.22,2.0,1.94,-0.06,1.82,0.11,1.91,1.97,1.91,1.97,0.06,105631,151484,0.0,0.0,0.0,1.5,unspecified,True,0.5,0.48,0.56,0.42,0.568,0.952,1.0,0.48,0.77,0.0,1.02,0.0,0.565,0.237,1.1,1.1,0.0,0.001,0.6522,0.6493,-0.0028,0.6493,1.9113,0.0847,1.99,-0.01,0.05,2.052,2.163,0.0005,0.6592,0.8144,0.312,0.1142,0.8505,0.1755,2.85,0.55,mixed-rural-urban,0.0,0.0283,0.9394,0.8192,0.9046,0.7708,0.0855,0.2073,66.88,False
OMN,Oman,Nepali,migration_linked,2.4,2.22,2.4,2.22,1.5,1.45,-0.05,1.37,0.08,1.43,1.48,1.43,1.48,0.05,79223,113532,0.0,0.0,0.0,1.5,unspecified,True,0.5,0.48,0.56,0.42,0.568,0.93,1.0,0.48,0.765,0.0,1.02,0.0,0.565,0.237,1.1,1.1,0.0,0.001,0.6522,0.6493,-0.0028,0.6493,1.9113,0.0847,1.49,-0.01,0.04,2.052,2.163,0.0005,0.6592,0.8144,0.312,0.1142,0.8505,0.1755,2.85,0.55,mixed-rural-urban,0.0,0.0283,0.9394,0.8192,0.9046,0.7708,0.0855,0.2073,66.88,False
OMN,Oman,Other foreign,migration_linked,2.4,2.22,2.4,2.22,9.1,8.85,-0.25,8.3,0.55,8.7,9.02,8.7,9.02,0.32,480620,692541,0.0,0.0,0.0,1.5,unspecified,True,0.5,0.48,0.56,0.42,0.568,1.098,1.0,0.48,0.804,0.0,1.02,0.0,0.565,0.237,1.1,1.1,0.0,0.001,0.6522,0.6493,-0.0028,0.6493,1.9113,0.0847,9.08,-0.02,0.23,2.052,2.163,0.0005,0.6592,0.8144,0.312,0.1142,0.8505,0.1755,2.85,0.55,mixed-rural-urban,0.0,0.0283,0.9394,0.8192,0.9046,0.7708,0.0855,0.2073,66.88,False
PAK,Pakistan,Punjabi,largest_baseline_category,3.5,2.87,3.5,2.87,44.7,45.35,0.65,45.35,0.0,45.37,45.33,45.33,45.37,0.04,112317315,168648369,0.0,0.0,0.0,1.25,unspecified,False,0.5,0.48,0.56,0.42,0.454,1.279,1.0,0.78,0.834,0.86,0.0,0.814,0.0,0.0,1.0,1.0,0.0,0.001,0.7414,0.7352,-0.0062,0.7352,2.2859,0.2477,44.66,-0.04,-0.7,2.155,2.288,0.0005,0.7401,0.4767,0.297,0.201,0.6821,0.2471,3.78,0.55,mixed-rural-urban,0.0,0.1397,0.8258,0.5435,0.7121,0.2845,0.5523,0.0,52.22,True
PAK,Pakistan,Pashtun,higher_fertility_path,3.85,3.01,3.5,2.87,15.4,16.43,1.03,16.43,0.0,16.39,16.46,16.39,16.46,0.07,38695451,61078932,0.0,0.0,0.0,1.25,unspecified,False,0.5,0.48,0.56,0.42,0.454,1.156,1.0,0.78,0.806,0.86,0.0,0.814,0.0,0.0,1.0,1.0,0.0,0.001,0.7414,0.7352,-0.0062,0.7352,2.2859,0.2477,16.5,1.1,0.07,2.155,2.288,0.0005,0.7401,0.4767,0.297,0.201,0.6821,0.2471,3.78,0.55,mixed-rural-urban,0.0,0.1397,0.8258,0.5435,0.7121,0.2845,0.5523,0.0,52.22,False
PAK,Pakistan,Sindhi,largest_baseline_category,3.5,2.87,3.5,2.87,14.1,13.5,-0.6,13.5,0.0,13.51,13.5,13.5,13.51,0.01,35428952,50206045,0.0,0.0,0.0,1.25,unspecified,False,0.5,0.48,0.56,0.42,0.454,1.146,1.0,0.78,0.804,0.86,0.0,0.814,0.0,0.0,1.0,1.0,0.0,0.001,0.7414,0.7352,-0.0062,0.7352,2.2859,0.2477,13.72,-0.38,0.22,2.155,2.288,0.0005,0.7401,0.4767,0.297,0.201,0.6821,0.2471,3.78,0.55,mixed-rural-urban,0.0,0.1397,0.8258,0.5435,0.7121,0.2845,0.5523,0.0,52.22,False
PAK,Pakistan,Saraiki,largest_baseline_category,3.5,2.87,3.5,2.87,8.4,8.04,-0.36,8.04,0.0,8.05,8.04,8.04,8.05,0.01,21106609,29909984,0.0,0.0,0.0,1.25,unspecified,False,0.5,0.48,0.56,0.42,0.454,1.089,1.0,0.78,0.792,0.86,0.0,0.814,0.0,0.0,1.0,1.0,0.0,0.001,0.7414,0.7352,-0.0062,0.7352,2.2859,0.2477,8.17,-0.23,0.13,2.155,2.288,0.0005,0.7401,0.4767,0.297,0.201,0.6821,0.2471,3.78,0.55,mixed-rural-urban,0.0,0.1397,0.8258,0.5435,0.7121,0.2845,0.5523,0.0,52.22,False
PAK,Pakistan,Muhajir (Urdu-speaking),largest_baseline_category,3.5,2.87,3.5,2.87,7.6,7.28,-0.32,7.28,0.0,7.28,7.27,7.27,7.28,0.01,19096456,27061414,0.0,0.0,0.0,1.25,unspecified,False,0.5,0.48,0.56,0.42,0.454,1.078,1.0,0.78,0.789,0.86,0.0,0.814,0.0,0.0,1.0,1.0,0.0,0.001,0.7414,0.7352,-0.0062,0.7352,2.2859,0.2477,7.4,-0.2,0.12,2.155,2.288,0.0005,0.7401,0.4767,0.297,0.201,0.6821,0.2471,3.78,0.55,mixed-rural-urban,0.0,0.1397,0.8258,0.5435,0.7121,0.2845,0.5523,0.0,52.22,False
PAK,Pakistan,Baloch,largest_baseline_category,3.5,2.87,3.5,2.87,3.6,3.45,-0.15,3.45,0.0,3.45,3.45,3.45,3.45,0.0,9045690,12818565,0.0,0.0,0.0,1.25,unspecified,False,0.5,0.48,0.56,0.42,0.454,1.003,1.0,0.78,0.773,0.86,0.0,0.814,0.0,0.0,1.0,1.0,0.0,0.001,0.7414,0.7352,-0.0062,0.7352,2.2859,0.2477,3.5,-0.1,0.06,2.155,2.288,0.0005,0.7401,0.4767,0.297,0.201,0.6821,0.2471,3.78,0.55,mixed-rural-urban,0.0,0.1397,0.8258,0.5435,0.7121,0.2845,0.5523,0.0,52.22,False
PAK,Pakistan,Hindko,largest_baseline_category,3.5,2.87,3.5,2.87,2.4,2.3,-0.1,2.3,0.0,2.3,2.3,2.3,2.3,0.0,6030460,8545710,0.0,0.0,0.0,1.25,unspecified,False,0.5,0.48,0.56,0.42,0.454,0.967,1.0,0.78,0.765,0.86,0.0,0.814,0.0,0.0,1.0,1.0,0.0,0.001,0.7414,0.7352,-0.0062,0.7352,2.2859,0.2477,2.34,-0.06,0.04,2.155,2.288,0.0005,0.7401,0.4767,0.297,0.201,0.6821,0.2471,3.78,0.55,mixed-rural-urban,0.0,0.1397,0.8258,0.5435,0.7121,0.2845,0.5523,0.0,52.22,False
PAK,Pakistan,Brahui,largest_baseline_category,3.5,2.87,3.5,2.87,1.2,1.15,-0.05,1.15,0.0,1.15,1.15,1.15,1.15,0.0,3015230,4272855,0.0,0.0,0.0,1.25,unspecified,False,0.5,0.48,0.56,0.42,0.454,0.915,1.0,0.78,0.753,0.86,0.0,0.814,0.0,0.0,1.0,1.0,0.0,0.001,0.7414,0.7352,-0.0062,0.7352,2.2859,0.2477,1.17,-0.03,0.02,2.155,2.288,0.0005,0.7401,0.4767,0.297,0.201,0.6821,0.2471,3.78,0.55,mixed-rural-urban,0.0,0.1397,0.8258,0.5435,0.7121,0.2845,0.5523,0.0,52.22,False
PAK,Pakistan,Pahari-Potwari,largest_baseline_category,3.5,2.87,3.5,2.87,1.0,0.96,-0.04,0.96,0.0,0.96,0.96,0.96,0.96,0.0,2512692,3560712,0.0,0.0,0.0,1.25,unspecified,False,0.5,0.48,0.56,0.42,0.454,0.903,1.0,0.78,0.75,0.86,0.0,0.814,0.0,0.0,1.0,1.0,0.0,0.001,0.7414,0.7352,-0.0062,0.7352,2.2859,0.2477,0.97,-0.03,0.02,2.155,2.288,0.0005,0.7401,0.4767,0.297,0.201,0.6821,0.2471,3.78,0.55,mixed-rural-urban,0.0,0.1397,0.8258,0.5435,0.7121,0.2845,0.5523,0.0,52.22,False
PAK,Pakistan,Other,identity_category_transition,3.5,2.87,3.5,2.87,1.6,1.55,-0.05,1.55,0.0,1.55,1.55,1.55,1.55,0.0,4020307,5761212,0.0,0.0,0.0,1.25,unspecified,False,0.5,0.48,0.56,0.42,0.454,0.935,1.0,0.78,0.757,0.86,0.0,0.814,0.0,0.0,1.0,1.0,0.0,0.001,0.7414,0.7352,-0.0062,0.7352,2.2859,0.2477,1.57,-0.03,0.03,2.155,2.288,0.0005,0.7401,0.4767,0.297,0.201,0.6821,0.2471,3.78,0.55,mixed-rural-urban,0.0,0.1397,0.8258,0.5435,0.7121,0.2845,0.5523,0.0,52.22,False
PAN,Panama,Mestizo,largest_baseline_category,2.1,2.1,2.1,2.1,60.0,59.42,-0.58,59.47,-0.05,59.48,59.36,59.36,59.48,0.12,2709346,3345686,0.0,0.0,0.0,1.25,unspecified,False,0.5,0.48,0.56,0.42,0.454,1.3,1.0,0.78,0.839,0.0,0.0,0.0,0.0,0.0,1.0,1.0,0.0,0.001,0.605,0.6063,0.0013,0.6063,1.7097,0.1284,59.12,-0.88,-0.3,1.998,2.097,0.0005,0.6103,0.7267,0.297,0.1143,0.7975,0.1902,2.54,0.55,mixed-rural-urban,0.0,0.0435,0.9422,0.8036,0.9078,0.6691,0.263,0.4336,61.36,True
PAN,Panama,Indigenous (Ngabe/Guna),higher_fertility_path,2.95,2.44,2.1,2.1,12.3,15.59,3.29,15.6,-0.01,15.49,15.69,15.49,15.69,0.2,555416,877772,0.0,0.0,0.0,1.25,unspecified,False,0.5,0.48,0.56,0.42,0.454,1.131,1.0,0.78,0.801,0.0,0.0,0.0,0.0,0.0,1.0,1.0,0.0,0.001,0.605,0.6063,0.0013,0.6063,1.7097,0.1284,15.19,2.89,-0.4,1.998,2.097,0.0005,0.6103,0.7267,0.297,0.1143,0.7975,0.1902,2.54,0.55,mixed-rural-urban,0.0,0.0435,0.9422,0.8036,0.9078,0.6691,0.263,0.4336,61.36,False
PAN,Panama,West Indian (Antillean),largest_baseline_category,2.1,2.1,2.1,2.1,9.2,8.72,-0.48,8.73,-0.01,8.73,8.71,8.71,8.73,0.02,415433,491099,0.0,0.0,0.0,1.25,IND;PAK;BGD;LKA;NPL,False,0.718,0.719,0.752,0.684,0.454,1.099,1.0,0.78,0.9,0.0,0.0,0.0,0.0,0.0,1.0,1.0,0.0,0.001,0.605,0.6063,0.0013,0.6063,1.7097,0.1284,8.89,-0.31,0.17,1.998,2.097,0.0005,0.6103,0.7267,0.297,0.1143,0.7975,0.1902,2.54,0.55,mixed-rural-urban,0.0,0.0435,0.9422,0.8036,0.9078,0.6691,0.263,0.4336,61.36,False
PAN,Panama,White,lower_fertility_path,1.5,1.86,2.1,2.1,6.7,4.96,-1.74,4.97,-0.0,5.01,4.92,4.92,5.01,0.09,302544,279554,0.0,0.0,0.0,1.25,unspecified,False,0.5,0.48,0.56,0.42,0.454,1.065,1.0,0.78,0.786,0.0,0.0,0.0,0.0,0.0,1.0,1.0,0.0,0.001,0.605,0.6063,0.0013,0.6063,1.7097,0.1284,5.29,-1.41,0.32,1.998,2.097,0.0005,0.6103,0.7267,0.297,0.1143,0.7975,0.1902,2.54,0.55,mixed-rural-urban,0.0,0.0435,0.9422,0.8036,0.9078,0.6691,0.263,0.4336,61.36,False
PAN,Panama,Mulatto/Afro-Panamanian,largest_baseline_category,2.1,2.1,2.1,2.1,8.0,7.58,-0.42,7.59,-0.01,7.59,7.58,7.58,7.59,0.02,361246,427043,0.0,0.0,0.0,1.25,unspecified,False,0.5,0.48,0.56,0.42,0.454,1.084,1.0,0.78,0.79,0.0,0.0,0.0,0.0,0.0,1.0,1.0,0.0,0.001,0.605,0.6063,0.0013,0.6063,1.7097,0.1284,7.73,-0.27,0.14,1.998,2.097,0.0005,0.6103,0.7267,0.297,0.1143,0.7975,0.1902,2.54,0.55,mixed-rural-urban,0.0,0.0435,0.9422,0.8036,0.9078,0.6691,0.263,0.4336,61.36,False
PAN,Panama,Chinese-Panamanian,largest_baseline_category,2.1,2.1,2.1,2.1,1.2,1.14,-0.06,1.14,-0.0,1.14,1.14,1.14,1.14,0.0,54187,64056,0.0,0.0,0.0,1.25,CHN,False,0.52,0.502,0.58,0.45,0.454,0.915,1.0,0.78,0.761,0.0,0.0,0.0,0.0,0.0,1.0,1.0,0.0,0.001,0.605,0.6063,0.0013,0.6063,1.7097,0.1284,1.16,-0.04,0.02,1.998,2.097,0.0005,0.6103,0.7267,0.297,0.1143,0.7975,0.1902,2.54,0.55,mixed-rural-urban,0.0,0.0435,0.9422,0.8036,0.9078,0.6691,0.263,0.4336,61.36,False
PAN,Panama,Venezuelan migrant,migration_linked,2.1,2.1,2.1,2.1,0.8,0.86,0.06,0.78,0.08,0.83,0.89,0.83,0.89,0.05,36125,48306,0.0,0.0,0.0,1.25,VEN,True,0.636,0.596,0.78,0.64,0.454,0.891,1.0,0.78,0.802,0.0,0.0,0.0,0.0,0.0,1.0,1.0,0.0,0.001,0.605,0.6063,0.0013,0.6063,1.7097,0.1284,0.87,0.07,0.02,1.998,2.097,0.0005,0.6103,0.7267,0.297,0.1143,0.7975,0.1902,2.54,0.55,mixed-rural-urban,0.0,0.0435,0.9422,0.8036,0.9078,0.6691,0.263,0.4336,61.36,False
PAN,Panama,Other,identity_category_transition,2.1,2.1,2.1,2.1,1.8,1.73,-0.07,1.73,-0.0,1.73,1.72,1.72,1.73,0.0,81280,97165,0.0,0.0,0.0,1.25,unspecified,False,0.5,0.48,0.56,0.42,0.454,0.944,1.0,0.78,0.759,0.0,0.0,0.0,0.0,0.0,1.0,1.0,0.0,0.001,0.605,0.6063,0.0013,0.6063,1.7097,0.1284,1.76,-0.04,0.03,1.998,2.097,0.0005,0.6103,0.7267,0.297,0.1143,0.7975,0.1902,2.54,0.55,mixed-rural-urban,0.0,0.0435,0.9422,0.8036,0.9078,0.6691,0.263,0.4336,61.36,False
PER,Peru,Mestizo,largest_baseline_category,2.0,2.03,2.0,2.03,60.2,59.1,-1.1,59.1,0.0,59.15,59.04,59.04,59.15,0.11,20599146,23983520,0.043,0.0,0.0,1.317,unspecified,False,0.5,0.48,0.56,0.42,0.468,1.3,1.0,0.78,0.848,0.0,0.0,0.0,0.0,0.0,1.0,1.015,0.0,0.001,0.5992,0.6075,0.0084,0.6075,1.7109,0.1309,58.84,-1.36,-0.25,2.044,2.089,0.0005,0.6104,0.7232,0.3412,0.0913,0.8012,0.1959,2.55,0.646,urbanizing-majority,0.015,0.0395,0.9142,0.8061,0.7858,0.6708,0.3059,0.5174,60.7,True
PER,Peru,Quechua,higher_fertility_path,2.35,2.17,2.0,2.03,16.5,17.9,1.4,17.9,0.0,17.85,17.95,17.85,17.95,0.1,5645945,7265433,0.043,0.0,0.0,1.317,unspecified,False,0.5,0.48,0.56,0.42,0.468,1.163,1.0,0.78,0.816,0.0,0.0,0.0,0.0,0.0,1.0,1.015,0.0,0.001,0.5992,0.6075,0.0084,0.6075,1.7109,0.1309,17.89,1.39,-0.01,2.044,2.089,0.0005,0.6104,0.7232,0.3412,0.0913,0.8012,0.1959,2.55,0.646,urbanizing-majority,0.015,0.0395,0.9142,0.8061,0.7858,0.6708,0.3059,0.5174,60.7,False
PER,Peru,Aymara,higher_fertility_path,2.35,2.17,2.0,2.03,4.0,4.34,0.34,4.34,0.0,4.33,4.35,4.33,4.35,0.02,1368714,1761317,0.043,0.0,0.0,1.317,unspecified,False,0.5,0.48,0.56,0.42,0.468,1.013,1.0,0.78,0.782,0.0,0.0,0.0,0.0,0.0,1.0,1.015,0.0,0.001,0.5992,0.6075,0.0084,0.6075,1.7109,0.1309,4.34,0.34,-0.0,2.044,2.089,0.0005,0.6104,0.7232,0.3412,0.0913,0.8012,0.1959,2.55,0.646,urbanizing-majority,0.015,0.0395,0.9142,0.8061,0.7858,0.6708,0.3059,0.5174,60.7,False
PER,Peru,Other Amerindian (Amazonian),higher_fertility_path,2.85,2.37,2.0,2.03,5.3,6.71,1.41,6.71,0.0,6.67,6.76,6.67,6.76,0.09,1813546,2724054,0.043,0.0,0.0,1.317,IND;PAK;BGD;LKA;NPL,False,0.718,0.719,0.752,0.684,0.468,1.041,1.0,0.78,0.893,0.0,0.0,0.0,0.0,0.0,1.0,1.015,0.0,0.001,0.5992,0.6075,0.0084,0.6075,1.7109,0.1309,6.54,1.24,-0.17,2.044,2.089,0.0005,0.6104,0.7232,0.3412,0.0913,0.8012,0.1959,2.55,0.646,urbanizing-majority,0.015,0.0395,0.9142,0.8061,0.7858,0.6708,0.3059,0.5174,60.7,False
PER,Peru,White,lower_fertility_path,1.4,1.79,2.0,2.03,5.9,4.29,-1.61,4.29,0.0,4.33,4.25,4.25,4.33,0.08,2018853,1741388,0.043,0.0,0.0,1.317,unspecified,False,0.5,0.48,0.56,0.42,0.468,1.052,1.0,0.78,0.791,0.0,0.0,0.0,0.0,0.0,1.0,1.015,0.0,0.001,0.5992,0.6075,0.0084,0.6075,1.7109,0.1309,4.58,-1.32,0.29,2.044,2.089,0.0005,0.6104,0.7232,0.3412,0.0913,0.8012,0.1959,2.55,0.646,urbanizing-majority,0.015,0.0395,0.9142,0.8061,0.7858,0.6708,0.3059,0.5174,60.7,False
PER,Peru,Afro-Peruvian,largest_baseline_category,2.0,2.03,2.0,2.03,3.6,3.38,-0.22,3.38,0.0,3.39,3.38,3.38,3.39,0.01,1231843,1372829,0.043,0.0,0.0,1.317,unspecified,False,0.5,0.48,0.56,0.42,0.468,1.003,1.0,0.78,0.78,0.0,0.0,0.0,0.0,0.0,1.0,1.015,0.0,0.001,0.5992,0.6075,0.0084,0.6075,1.7109,0.1309,3.45,-0.15,0.07,2.044,2.089,0.0005,0.6104,0.7232,0.3412,0.0913,0.8012,0.1959,2.55,0.646,urbanizing-majority,0.015,0.0395,0.9142,0.8061,0.7858,0.6708,0.3059,0.5174,60.7,False
PER,Peru,Other,identity_category_transition,2.0,2.03,2.0,2.03,4.5,4.28,-0.22,4.28,0.0,4.28,4.27,4.27,4.28,0.01,1539803,1735336,0.043,0.0,0.0,1.317,unspecified,False,0.5,0.48,0.56,0.42,0.468,1.025,1.0,0.78,0.785,0.0,0.0,0.0,0.0,0.0,1.0,1.015,0.0,0.001,0.5992,0.6075,0.0084,0.6075,1.7109,0.1309,4.36,-0.14,0.09,2.044,2.089,0.0005,0.6104,0.7232,0.3412,0.0913,0.8012,0.1959,2.55,0.646,urbanizing-majority,0.015,0.0395,0.9142,0.8061,0.7858,0.6708,0.3059,0.5174,60.7,False
PHL,Philippines,Tagalog,largest_baseline_category,2.8,2.38,2.8,2.38,28.1,29.8,1.7,29.8,0.0,29.81,29.78,29.78,29.81,0.03,32552069,40040089,0.0,0.0,0.0,1.25,unspecified,False,0.5,0.48,0.56,0.42,0.454,1.224,1.0,0.78,0.822,0.72,0.0,0.718,0.0,0.0,1.0,1.0,0.0,0.0012,0.8289,0.825,-0.0039,0.825,2.7625,0.1306,28.67,0.57,-1.13,2.291,2.41,0.0005,0.8285,0.7255,0.3123,0.1493,0.8143,0.1698,5.71,0.614,urbanizing-majority,0.0,0.121,0.8713,0.8351,0.8174,0.6103,0.2392,0.0676,59.56,True
PHL,Philippines,Cebuano,largest_baseline_category,2.8,2.38,2.8,2.38,13.1,12.47,-0.63,12.47,0.0,12.47,12.46,12.46,12.47,0.01,15175520,16754867,0.0,0.0,0.0,1.25,unspecified,False,0.5,0.48,0.56,0.42,0.454,1.138,1.0,0.78,0.802,0.72,0.0,0.718,0.0,0.0,1.0,1.0,0.0,0.0012,0.8289,0.825,-0.0039,0.825,2.7625,0.1306,12.72,-0.38,0.25,2.291,2.41,0.0005,0.8285,0.7255,0.3123,0.1493,0.8143,0.1698,5.71,0.614,urbanizing-majority,0.0,0.121,0.8713,0.8351,0.8174,0.6103,0.2392,0.0676,59.56,False
PHL,Philippines,Ilocano,largest_baseline_category,2.8,2.38,2.8,2.38,9.0,8.57,-0.43,8.57,0.0,8.57,8.56,8.56,8.57,0.01,10425930,11510977,0.0,0.0,0.0,1.25,unspecified,False,0.5,0.48,0.56,0.42,0.454,1.096,1.0,0.78,0.793,0.72,0.0,0.718,0.0,0.0,1.0,1.0,0.0,0.0012,0.8289,0.825,-0.0039,0.825,2.7625,0.1306,8.74,-0.26,0.17,2.291,2.41,0.0005,0.8285,0.7255,0.3123,0.1493,0.8143,0.1698,5.71,0.614,urbanizing-majority,0.0,0.121,0.8713,0.8351,0.8174,0.6103,0.2392,0.0676,59.56,False
PHL,Philippines,Hiligaynon (Ilonggo),largest_baseline_category,2.8,2.38,2.8,2.38,7.6,7.23,-0.37,7.23,0.0,7.24,7.23,7.23,7.24,0.01,8804118,9720381,0.0,0.0,0.0,1.25,unspecified,False,0.5,0.48,0.56,0.42,0.454,1.078,1.0,0.78,0.789,0.72,0.0,0.718,0.0,0.0,1.0,1.0,0.0,0.0012,0.8289,0.825,-0.0039,0.825,2.7625,0.1306,7.38,-0.22,0.14,2.291,2.41,0.0005,0.8285,0.7255,0.3123,0.1493,0.8143,0.1698,5.71,0.614,urbanizing-majority,0.0,0.121,0.8713,0.8351,0.8174,0.6103,0.2392,0.0676,59.56,False
PHL,Philippines,Bicolano,largest_baseline_category,2.8,2.38,2.8,2.38,6.0,5.71,-0.29,5.71,0.0,5.71,5.71,5.71,5.71,0.01,6950620,7673985,0.0,0.0,0.0,1.25,unspecified,False,0.5,0.48,0.56,0.42,0.454,1.054,1.0,0.78,0.784,0.72,0.0,0.718,0.0,0.0,1.0,1.0,0.0,0.0012,0.8289,0.825,-0.0039,0.825,2.7625,0.1306,5.82,-0.18,0.11,2.291,2.41,0.0005,0.8285,0.7255,0.3123,0.1493,0.8143,0.1698,5.71,0.614,urbanizing-majority,0.0,0.121,0.8713,0.8351,0.8174,0.6103,0.2392,0.0676,59.56,False
PHL,Philippines,Waray,largest_baseline_category,2.8,2.38,2.8,2.38,3.4,3.24,-0.16,3.24,0.0,3.24,3.23,3.23,3.24,0.0,3938685,4348591,0.0,0.0,0.0,1.25,unspecified,False,0.5,0.48,0.56,0.42,0.454,0.998,1.0,0.78,0.771,0.72,0.0,0.718,0.0,0.0,1.0,1.0,0.0,0.0012,0.8289,0.825,-0.0039,0.825,2.7625,0.1306,3.3,-0.1,0.06,2.291,2.41,0.0005,0.8285,0.7255,0.3123,0.1493,0.8143,0.1698,5.71,0.614,urbanizing-majority,0.0,0.121,0.8713,0.8351,0.8174,0.6103,0.2392,0.0676,59.56,False
PHL,Philippines,Kapampangan,largest_baseline_category,2.8,2.38,2.8,2.38,3.4,3.24,-0.16,3.24,0.0,3.24,3.23,3.23,3.24,0.0,3938685,4348591,0.0,0.0,0.0,1.25,unspecified,False,0.5,0.48,0.56,0.42,0.454,0.998,1.0,0.78,0.771,0.72,0.0,0.718,0.0,0.0,1.0,1.0,0.0,0.0012,0.8289,0.825,-0.0039,0.825,2.7625,0.1306,3.3,-0.1,0.06,2.291,2.41,0.0005,0.8285,0.7255,0.3123,0.1493,0.8143,0.1698,5.71,0.614,urbanizing-majority,0.0,0.121,0.8713,0.8351,0.8174,0.6103,0.2392,0.0676,59.56,False
PHL,Philippines,Pangasinan,largest_baseline_category,2.8,2.38,2.8,2.38,1.5,1.43,-0.07,1.43,0.0,1.43,1.43,1.43,1.43,0.0,1737655,1918496,0.0,0.0,0.0,1.25,unspecified,False,0.5,0.48,0.56,0.42,0.454,0.93,1.0,0.78,0.756,0.72,0.0,0.718,0.0,0.0,1.0,1.0,0.0,0.0012,0.8289,0.825,-0.0039,0.825,2.7625,0.1306,1.46,-0.04,0.03,2.291,2.41,0.0005,0.8285,0.7255,0.3123,0.1493,0.8143,0.1698,5.71,0.614,urbanizing-majority,0.0,0.121,0.8713,0.8351,0.8174,0.6103,0.2392,0.0676,59.56,False
PHL,Philippines,Muslim (Moro/Bangsamoro),higher_fertility_path,3.75,2.76,2.8,2.38,5.0,6.28,1.28,6.28,0.0,6.24,6.32,6.24,6.32,0.08,5792183,8439018,0.0,0.0,0.0,1.25,unspecified,False,0.5,0.48,0.56,0.42,0.454,1.035,1.0,0.78,0.78,0.72,0.0,0.718,0.0,0.0,1.0,1.0,0.0,0.0012,0.8289,0.825,-0.0039,0.825,2.7625,0.1306,6.14,1.14,-0.14,2.291,2.41,0.0005,0.8285,0.7255,0.3123,0.1493,0.8143,0.1698,5.71,0.614,urbanizing-majority,0.0,0.121,0.8713,0.8351,0.8174,0.6103,0.2392,0.0676,59.56,False
PHL,Philippines,Other,identity_category_transition,2.8,2.38,2.8,2.38,22.9,22.04,-0.86,22.04,0.0,22.05,22.03,22.03,22.05,0.02,26528199,29618437,0.0,0.0,0.0,1.25,unspecified,False,0.5,0.48,0.56,0.42,0.454,1.201,1.0,0.78,0.817,0.72,0.0,0.718,0.0,0.0,1.0,1.0,0.0,0.0012,0.8289,0.825,-0.0039,0.825,2.7625,0.1306,22.48,-0.42,0.44,2.291,2.41,0.0005,0.8285,0.7255,0.3123,0.1493,0.8143,0.1698,5.71,0.614,urbanizing-majority,0.0,0.121,0.8713,0.8351,0.8174,0.6103,0.2392,0.0676,59.56,False
PLW,Palau,Palauan,largest_baseline_category,1.7,1.82,1.7,1.82,66.3,63.71,-2.59,66.98,-3.27,64.7,62.55,62.55,64.7,2.15,11748,9899,0.373,0.0,0.0,1.833,unspecified,False,0.5,0.48,0.56,0.42,0.581,1.3,1.0,0.78,0.919,0.0,0.0,0.0,0.0,0.0,1.0,1.131,0.0,0.001,0.5176,0.5436,0.026,0.5436,1.4133,0.1467,63.15,-3.15,-0.57,1.898,1.975,0.0005,0.5493,0.7899,0.445,0.1984,0.8246,0.2205,2.19,0.55,mixed-rural-urban,0.168,0.0665,0.8226,0.9091,0.8286,0.7596,0.1622,0.2773,63.8,True
PLW,Palau,Filipino,migration_linked,1.7,1.82,1.7,1.82,12.6,13.96,1.36,12.52,1.44,13.52,14.49,13.52,14.49,0.97,2233,2169,0.373,0.0,0.0,1.833,PHL,True,0.759,0.718,0.88,0.64,0.581,1.133,1.0,0.78,1.039,0.0,0.0,0.0,0.0,0.0,1.0,1.131,0.0,0.001,0.5176,0.5436,0.026,0.5436,1.4133,0.1467,14.14,1.54,0.18,1.898,1.975,0.0005,0.5493,0.7899,0.445,0.1984,0.8246,0.2205,2.19,0.55,mixed-rural-urban,0.168,0.0665,0.8226,0.9091,0.8286,0.7596,0.1622,0.2773,63.8,False
PLW,Palau,Chinese,migration_linked,1.5,1.74,1.7,1.82,5.7,5.65,-0.05,5.2,0.45,5.53,5.8,5.53,5.8,0.27,1010,878,0.373,0.0,0.0,1.833,CHN,True,0.52,0.502,0.58,0.45,0.581,1.048,1.0,0.78,0.86,0.0,0.0,0.0,0.0,0.0,1.0,1.131,0.0,0.001,0.5176,0.5436,0.026,0.5436,1.4133,0.1467,5.82,0.12,0.16,1.898,1.975,0.0005,0.5493,0.7899,0.445,0.1984,0.8246,0.2205,2.19,0.55,mixed-rural-urban,0.168,0.0665,0.8226,0.9091,0.8286,0.7596,0.1622,0.2773,63.8,False
PLW,Palau,Other,migration_linked,1.7,1.82,1.7,1.82,15.4,16.67,1.27,15.3,1.37,16.25,17.16,16.25,17.16,0.91,2729,2590,0.373,0.0,0.0,1.833,unspecified,True,0.5,0.48,0.56,0.42,0.581,1.156,1.0,0.78,0.878,0.0,0.0,0.0,0.0,0.0,1.0,1.131,0.0,0.001,0.5176,0.5436,0.026,0.5436,1.4133,0.1467,16.89,1.49,0.22,1.898,1.975,0.0005,0.5493,0.7899,0.445,0.1984,0.8246,0.2205,2.19,0.55,mixed-rural-urban,0.168,0.0665,0.8226,0.9091,0.8286,0.7596,0.1622,0.2773,63.8,False
PNG,Papua New Guinea,Papuan / Melanesian (highlands),largest_baseline_category,3.2,2.71,3.2,2.71,48.0,48.9,0.9,49.25,-0.35,49.01,48.77,48.77,49.01,0.24,5076724,7289535,0.0,0.0,0.0,1.25,unspecified,False,0.5,0.48,0.56,0.42,0.454,1.287,1.0,0.78,0.836,0.0,0.0,0.0,0.0,0.0,1.0,1.0,0.0,0.001,0.6311,0.6307,-0.0005,0.6307,1.6833,0.1874,48.17,0.17,-0.73,2.028,2.134,0.0005,0.634,0.575,0.297,0.1147,0.7024,0.2491,2.71,0.55,mixed-rural-urban,0.0,0.1071,0.7991,0.609,0.6549,0.4469,0.3478,0.0,57.62,True
PNG,Papua New Guinea,Papuan / Melanesian (coastal & islands),largest_baseline_category,3.2,2.71,3.2,2.71,36.0,34.76,-1.24,35.01,-0.25,34.84,34.66,34.66,34.84,0.17,3807543,5181260,0.0,0.0,0.0,1.25,unspecified,False,0.5,0.48,0.56,0.42,0.454,1.253,1.0,0.78,0.828,0.0,0.0,0.0,0.0,0.0,1.0,1.0,0.0,0.001,0.6311,0.6307,-0.0005,0.6307,1.6833,0.1874,35.26,-0.74,0.5,2.028,2.134,0.0005,0.634,0.575,0.297,0.1147,0.7024,0.2491,2.71,0.55,mixed-rural-urban,0.0,0.1071,0.7991,0.609,0.6549,0.4469,0.3478,0.0,57.62,False
PNG,Papua New Guinea,Polynesian (Bougainville/outer islands),largest_baseline_category,3.2,2.71,3.2,2.71,6.0,5.79,-0.21,5.84,-0.04,5.81,5.78,5.78,5.81,0.03,634591,863543,0.0,0.0,0.0,1.25,unspecified,False,0.5,0.48,0.56,0.42,0.454,1.054,1.0,0.78,0.784,0.0,0.0,0.0,0.0,0.0,1.0,1.0,0.0,0.001,0.6311,0.6307,-0.0005,0.6307,1.6833,0.1874,5.88,-0.12,0.08,2.028,2.134,0.0005,0.634,0.575,0.297,0.1147,0.7024,0.2491,2.71,0.55,mixed-rural-urban,0.0,0.1071,0.7991,0.609,0.6549,0.4469,0.3478,0.0,57.62,False
PNG,Papua New Guinea,Chinese,migration_linked,3.0,2.63,3.2,2.71,0.2,0.21,0.01,0.19,0.02,0.2,0.21,0.2,0.21,0.01,21153,30639,0.0,0.0,0.0,1.25,CHN,True,0.52,0.502,0.58,0.45,0.454,0.842,1.0,0.78,0.745,0.0,0.0,0.0,0.0,0.0,1.0,1.0,0.0,0.001,0.6311,0.6307,-0.0005,0.6307,1.6833,0.1874,0.21,0.01,0.0,2.028,2.134,0.0005,0.634,0.575,0.297,0.1147,0.7024,0.2491,2.71,0.55,mixed-rural-urban,0.0,0.1071,0.7991,0.609,0.6549,0.4469,0.3478,0.0,57.62,False
PNG,Papua New Guinea,European,migration_linked,3.2,2.71,3.2,2.71,0.2,0.22,0.02,0.2,0.02,0.21,0.22,0.21,0.22,0.01,21153,32317,0.0,0.0,0.0,1.25,unspecified,True,0.5,0.48,0.56,0.42,0.454,0.842,1.0,0.78,0.737,0.0,0.0,0.0,0.0,0.0,1.0,1.0,0.0,0.001,0.6311,0.6307,-0.0005,0.6307,1.6833,0.1874,0.22,0.02,0.0,2.028,2.134,0.0005,0.634,0.575,0.297,0.1147,0.7024,0.2491,2.71,0.55,mixed-rural-urban,0.0,0.1071,0.7991,0.609,0.6549,0.4469,0.3478,0.0,57.62,False
PNG,Papua New Guinea,Mixed (Euro-Pacific),identity_category_transition,3.2,2.71,3.2,2.71,3.0,2.93,-0.07,2.95,-0.02,2.94,2.92,2.92,2.94,0.01,317295,436627,0.0,0.0,0.0,1.25,unspecified,False,0.5,0.48,0.56,0.42,0.454,0.986,1.0,0.78,0.769,0.0,0.0,0.0,0.0,0.0,1.0,1.0,0.0,0.001,0.6311,0.6307,-0.0005,0.6307,1.6833,0.1874,2.97,-0.03,0.04,2.028,2.134,0.0005,0.634,0.575,0.297,0.1147,0.7024,0.2491,2.71,0.55,mixed-rural-urban,0.0,0.1071,0.7991,0.609,0.6549,0.4469,0.3478,0.0,57.62,False
PNG,Papua New Guinea,Other,migration_linked,3.2,2.71,3.2,2.71,6.6,7.2,0.6,6.56,0.63,7.0,7.43,7.0,7.43,0.43,698050,1072671,0.0,0.0,0.0,1.25,unspecified,True,0.5,0.48,0.56,0.42,0.454,1.063,1.0,0.78,0.786,0.0,0.0,0.0,0.0,0.0,1.0,1.0,0.0,0.001,0.6311,0.6307,-0.0005,0.6307,1.6833,0.1874,7.3,0.7,0.1,2.028,2.134,0.0005,0.634,0.575,0.297,0.1147,0.7024,0.2491,2.71,0.55,mixed-rural-urban,0.0,0.1071,0.7991,0.609,0.6549,0.4469,0.3478,0.0,57.62,False
POL,Poland,Polish,largest_baseline_category,1.3,1.54,1.3,1.54,95.2,94.69,-0.51,95.3,-0.61,94.88,94.46,94.46,94.88,0.42,36689327,31072253,0.59,0.488,0.176,2.39,unspecified,False,0.5,0.48,0.56,0.42,0.729,1.3,1.0,0.78,1.013,0.0,0.0,0.0,0.0,0.0,1.0,1.241,0.0,0.001,0.0931,0.1026,0.0095,0.1026,0.2171,0.1994,94.61,-0.59,-0.08,1.41,1.38,0.0005,0.1042,0.7679,0.544,0.2466,0.8438,0.2303,1.11,0.55,mixed-rural-urban,0.265,-0.0,0.8994,0.9122,0.9064,0.7573,0.3538,0.8288,64.2,True
POL,Poland,Silesian,largest_baseline_category,1.3,1.54,1.3,1.54,1.1,1.06,-0.04,1.07,-0.01,1.07,1.06,1.06,1.07,0.0,423931,349327,0.59,0.488,0.176,2.39,unspecified,False,0.5,0.48,0.56,0.42,0.729,0.909,1.0,0.78,0.874,0.0,0.0,0.0,0.0,0.0,1.0,1.241,0.0,0.001,0.0931,0.1026,0.0095,0.1026,0.2171,0.1994,1.08,-0.02,0.02,1.41,1.38,0.0005,0.1042,0.7679,0.544,0.2466,0.8438,0.2303,1.11,0.55,mixed-rural-urban,0.265,-0.0,0.8994,0.9122,0.9064,0.7573,0.3538,0.8288,64.2,False
POL,Poland,German,lower_fertility_path,0.8,1.34,1.3,1.54,0.2,0.14,-0.06,0.14,-0.0,0.15,0.14,0.14,0.15,0.0,77078,47081,0.59,0.488,0.176,2.39,unspecified,False,0.5,0.48,0.56,0.42,0.729,0.842,1.0,0.78,0.85,0.0,0.0,0.0,0.0,0.0,1.0,1.241,0.0,0.001,0.0931,0.1026,0.0095,0.1026,0.2171,0.1994,0.15,-0.05,0.01,1.41,1.38,0.0005,0.1042,0.7679,0.544,0.2466,0.8438,0.2303,1.11,0.55,mixed-rural-urban,0.265,-0.0,0.8994,0.9122,0.9064,0.7573,0.3538,0.8288,64.2,False
POL,Poland,Ukrainian,migration_linked,1.3,1.54,1.3,1.54,2.0,2.36,0.36,1.99,0.36,2.24,2.5,2.24,2.5,0.26,770784,773077,0.59,0.488,0.176,2.39,UKR,True,0.615,0.539,0.82,0.52,0.729,0.952,1.0,0.78,0.968,0.0,0.0,0.0,0.0,0.0,1.0,1.241,0.0,0.001,0.0931,0.1026,0.0095,0.1026,0.2171,0.1994,2.39,0.39,0.03,1.41,1.38,0.0005,0.1042,0.7679,0.544,0.2466,0.8438,0.2303,1.11,0.55,mixed-rural-urban,0.265,-0.0,0.8994,0.9122,0.9064,0.7573,0.3538,0.8288,64.2,False
POL,Poland,Belarusian,migration_linked,1.3,1.54,1.3,1.54,0.4,0.46,0.06,0.4,0.06,0.44,0.49,0.44,0.49,0.05,154157,151960,0.59,0.488,0.176,2.39,unspecified,True,0.5,0.48,0.56,0.42,0.729,0.86,1.0,0.78,0.857,0.0,0.0,0.0,0.0,0.0,1.0,1.241,0.0,0.001,0.0931,0.1026,0.0095,0.1026,0.2171,0.1994,0.47,0.07,0.01,1.41,1.38,0.0005,0.1042,0.7679,0.544,0.2466,0.8438,0.2303,1.11,0.55,mixed-rural-urban,0.265,-0.0,0.8994,0.9122,0.9064,0.7573,0.3538,0.8288,64.2,False
POL,Poland,Russian,migration_linked,1.3,1.54,1.3,1.54,0.3,0.35,0.05,0.3,0.05,0.33,0.37,0.33,0.37,0.03,115618,113908,0.59,0.488,0.176,2.39,unspecified,True,0.5,0.48,0.56,0.42,0.729,0.851,1.0,0.78,0.854,0.0,0.0,0.0,0.0,0.0,1.0,1.241,0.0,0.001,0.0931,0.1026,0.0095,0.1026,0.2171,0.1994,0.35,0.05,0.0,1.41,1.38,0.0005,0.1042,0.7679,0.544,0.2466,0.8438,0.2303,1.11,0.55,mixed-rural-urban,0.265,-0.0,0.8994,0.9122,0.9064,0.7573,0.3538,0.8288,64.2,False
POL,Poland,Vietnamese,migration_linked,1.3,1.54,1.3,1.54,0.3,0.35,0.05,0.3,0.06,0.34,0.38,0.34,0.38,0.04,115618,116437,0.59,0.488,0.176,2.39,VNM,True,0.71,0.674,0.84,0.68,0.729,0.851,1.0,0.78,0.982,0.0,0.0,0.0,0.0,0.0,1.0,1.241,0.0,0.001,0.0931,0.1026,0.0095,0.1026,0.2171,0.1994,0.36,0.06,0.01,1.41,1.38,0.0005,0.1042,0.7679,0.544,0.2466,0.8438,0.2303,1.11,0.55,mixed-rural-urban,0.265,-0.0,0.8994,0.9122,0.9064,0.7573,0.3538,0.8288,64.2,False
POL,Poland,Other,migration_linked,1.3,1.54,1.3,1.54,0.5,0.58,0.08,0.5,0.08,0.55,0.61,0.55,0.61,0.06,192696,190047,0.59,0.488,0.176,2.39,unspecified,True,0.5,0.48,0.56,0.42,0.729,0.869,1.0,0.78,0.86,0.0,0.0,0.0,0.0,0.0,1.0,1.241,0.0,0.001,0.0931,0.1026,0.0095,0.1026,0.2171,0.1994,0.59,0.09,0.01,1.41,1.38,0.0005,0.1042,0.7679,0.544,0.2466,0.8438,0.2303,1.11,0.55,mixed-rural-urban,0.265,-0.0,0.8994,0.9122,0.9064,0.7573,0.3538,0.8288,64.2,False
PRT,Portugal,Portuguese,largest_baseline_category,1.4,1.61,1.4,1.61,89.0,87.55,-1.45,88.76,-1.21,87.94,87.09,87.09,87.94,0.85,9278509,8553906,0.4,0.329,0.18,2.099,unspecified,False,0.5,0.48,0.56,0.42,0.701,1.3,1.0,0.78,0.996,0.0,0.0,0.0,0.533,0.459,1.0,1.176,0.05,0.001,0.2049,0.2296,0.0247,0.2296,0.5215,0.1681,87.43,-1.57,-0.12,1.783,1.687,0.0005,0.2316,0.6944,0.5192,0.1181,0.8049,0.2274,1.3,0.768,urbanizing-majority,0.093,0.0052,0.9663,0.8141,0.9119,0.648,0.4594,1.0,61.76,True
PRT,Portugal,Brazilian,migration_linked,1.4,1.61,1.4,1.61,4.2,4.77,0.57,4.16,0.61,4.58,5.0,4.58,5.0,0.42,437862,465882,0.4,0.329,0.18,2.099,unspecified,True,0.5,0.48,0.56,0.42,0.701,1.018,1.0,0.78,0.899,0.0,0.0,0.0,0.533,0.459,1.0,1.176,0.05,0.001,0.2049,0.2296,0.0247,0.2296,0.5215,0.1681,4.84,0.64,0.07,1.783,1.687,0.0005,0.2316,0.6944,0.5192,0.1181,0.8049,0.2274,1.3,0.768,urbanizing-majority,0.093,0.0052,0.9663,0.8141,0.9119,0.648,0.4594,1.0,61.76,False
PRT,Portugal,African (PALOP - Angolan/Cape Verdean),higher_fertility_path,1.75,1.75,1.4,1.61,2.8,3.3,0.5,3.23,0.06,3.26,3.33,3.26,3.33,0.07,291908,321950,0.4,0.329,0.18,2.099,AGO;CPV;MOZ,True,0.644,0.701,0.547,0.657,0.701,0.98,1.08,0.78,1.017,0.0,0.0,0.0,0.533,0.459,1.0,1.176,0.05,0.001,0.2049,0.2296,0.0247,0.2296,0.5215,0.1681,3.26,0.46,-0.04,1.783,1.687,0.0005,0.2316,0.6944,0.5192,0.1181,0.8049,0.2274,1.3,0.768,urbanizing-majority,0.093,0.0052,0.9663,0.8141,0.9119,0.648,0.4594,1.0,61.76,False
PRT,Portugal,Other EU (UK/French/Italian),migration_linked,1.3,1.57,1.4,1.61,1.5,1.62,0.12,1.42,0.2,1.56,1.69,1.56,1.69,0.13,156379,157809,0.4,0.329,0.18,2.099,unspecified,True,0.5,0.48,0.56,0.42,0.701,0.93,1.0,0.78,0.869,0.0,0.0,0.0,0.533,0.459,1.0,1.176,0.05,0.001,0.2049,0.2296,0.0247,0.2296,0.5215,0.1681,1.65,0.15,0.04,1.783,1.687,0.0005,0.2316,0.6944,0.5192,0.1181,0.8049,0.2274,1.3,0.768,urbanizing-majority,0.093,0.0052,0.9663,0.8141,0.9119,0.648,0.4594,1.0,61.76,False
PRT,Portugal,Chinese,migration_linked,1.2,1.53,1.4,1.61,0.5,0.51,0.01,0.45,0.06,0.49,0.53,0.49,0.53,0.04,52126,49945,0.4,0.329,0.18,2.099,CHN,True,0.52,0.502,0.58,0.45,0.701,0.869,1.0,0.78,0.86,0.0,0.0,0.0,0.533,0.459,1.0,1.176,0.05,0.001,0.2049,0.2296,0.0247,0.2296,0.5215,0.1681,0.53,0.03,0.02,1.783,1.687,0.0005,0.2316,0.6944,0.5192,0.1181,0.8049,0.2274,1.3,0.768,urbanizing-majority,0.093,0.0052,0.9663,0.8141,0.9119,0.648,0.4594,1.0,61.76,False
PRT,Portugal,Nepali,migration_linked,1.4,1.61,1.4,1.61,0.3,0.34,0.04,0.3,0.04,0.32,0.35,0.32,0.35,0.03,31276,32979,0.4,0.329,0.18,2.099,unspecified,True,0.5,0.48,0.56,0.42,0.701,0.851,1.0,0.78,0.842,0.0,0.0,0.0,0.533,0.459,1.0,1.176,0.05,0.001,0.2049,0.2296,0.0247,0.2296,0.5215,0.1681,0.34,0.04,0.01,1.783,1.687,0.0005,0.2316,0.6944,0.5192,0.1181,0.8049,0.2274,1.3,0.768,urbanizing-majority,0.093,0.0052,0.9663,0.8141,0.9119,0.648,0.4594,1.0,61.76,False
PRT,Portugal,Ukrainian,migration_linked,1.4,1.61,1.4,1.61,0.3,0.34,0.04,0.3,0.04,0.33,0.36,0.33,0.36,0.03,31276,33284,0.4,0.329,0.18,2.099,UKR,True,0.615,0.539,0.82,0.52,0.701,0.851,1.0,0.78,0.909,0.0,0.0,0.0,0.533,0.459,1.0,1.176,0.05,0.001,0.2049,0.2296,0.0247,0.2296,0.5215,0.1681,0.35,0.05,0.01,1.783,1.687,0.0005,0.2316,0.6944,0.5192,0.1181,0.8049,0.2274,1.3,0.768,urbanizing-majority,0.093,0.0052,0.9663,0.8141,0.9119,0.648,0.4594,1.0,61.76,False
PRT,Portugal,Other,migration_linked,1.4,1.61,1.4,1.61,1.4,1.58,0.18,1.39,0.19,1.52,1.65,1.52,1.65,0.13,145954,154516,0.4,0.329,0.18,2.099,unspecified,True,0.5,0.48,0.56,0.42,0.701,0.925,1.0,0.78,0.867,0.0,0.0,0.0,0.533,0.459,1.0,1.176,0.05,0.001,0.2049,0.2296,0.0247,0.2296,0.5215,0.1681,1.61,0.21,0.02,1.783,1.687,0.0005,0.2316,0.6944,0.5192,0.1181,0.8049,0.2274,1.3,0.768,urbanizing-majority,0.093,0.0052,0.9663,0.8141,0.9119,0.648,0.4594,1.0,61.76,False
PRY,Paraguay,Mestizo (mestizo-criollo),largest_baseline_category,2.4,2.22,2.4,2.22,91.0,91.08,0.08,91.21,-0.14,91.12,91.02,91.02,91.12,0.09,6305528,7869346,0.0,0.0,0.0,1.25,unspecified,False,0.5,0.48,0.56,0.42,0.454,1.3,1.0,0.78,0.839,0.0,0.0,0.0,0.0,0.0,1.0,1.0,0.0,0.001,0.1693,0.1682,-0.0012,0.1682,0.3675,0.131,90.95,-0.05,-0.12,1.559,1.487,0.0005,0.1704,0.6957,0.3304,0.0803,0.7727,0.2123,1.2,0.663,urbanizing-majority,0.0,0.0531,0.8712,0.7571,0.8031,0.622,0.2583,0.2075,59.1,True
PRY,Paraguay,White (European descent),lower_fertility_path,1.8,1.98,2.4,2.22,4.0,3.11,-0.89,3.11,-0.0,3.13,3.08,3.08,3.13,0.05,277166,268409,0.0,0.0,0.0,1.25,unspecified,False,0.5,0.48,0.56,0.42,0.454,1.013,1.0,0.78,0.775,0.0,0.0,0.0,0.0,0.0,1.0,1.0,0.0,0.001,0.1693,0.1682,-0.0012,0.1682,0.3675,0.131,3.28,-0.72,0.17,1.559,1.487,0.0005,0.1704,0.6957,0.3304,0.0803,0.7727,0.2123,1.2,0.663,urbanizing-majority,0.0,0.0531,0.8712,0.7571,0.8031,0.622,0.2583,0.2075,59.1,False
PRY,Paraguay,Indigenous (Guarani/Guaiku),higher_fertility_path,3.25,2.56,2.4,2.22,2.5,3.19,0.69,3.2,-0.0,3.17,3.21,3.17,3.21,0.04,173229,275872,0.0,0.0,0.0,1.25,unspecified,False,0.5,0.48,0.56,0.42,0.454,0.97,1.0,0.78,0.765,0.0,0.0,0.0,0.0,0.0,1.0,1.0,0.0,0.001,0.1693,0.1682,-0.0012,0.1682,0.3675,0.131,3.11,0.61,-0.08,1.559,1.487,0.0005,0.1704,0.6957,0.3304,0.0803,0.7727,0.2123,1.2,0.663,urbanizing-majority,0.0,0.0531,0.8712,0.7571,0.8031,0.622,0.2583,0.2075,59.1,False
PRY,Paraguay,Brazilian (Brasiguayo),migration_linked,2.4,2.22,2.4,2.22,1.5,1.64,0.14,1.49,0.15,1.6,1.7,1.6,1.7,0.1,103937,141858,0.0,0.0,0.0,1.25,unspecified,True,0.5,0.48,0.56,0.42,0.454,0.93,1.0,0.78,0.756,0.0,0.0,0.0,0.0,0.0,1.0,1.0,0.0,0.001,0.1693,0.1682,-0.0012,0.1682,0.3675,0.131,1.67,0.17,0.02,1.559,1.487,0.0005,0.1704,0.6957,0.3304,0.0803,0.7727,0.2123,1.2,0.663,urbanizing-majority,0.0,0.0531,0.8712,0.7571,0.8031,0.622,0.2583,0.2075,59.1,False
PRY,Paraguay,Other,identity_category_transition,2.4,2.22,2.4,2.22,1.0,0.98,-0.02,0.99,-0.0,0.98,0.98,0.98,0.98,0.0,69292,84986,0.0,0.0,0.0,1.25,unspecified,False,0.5,0.48,0.56,0.42,0.454,0.903,1.0,0.78,0.75,0.0,0.0,0.0,0.0,0.0,1.0,1.0,0.0,0.001,0.1693,0.1682,-0.0012,0.1682,0.3675,0.131,1.0,-0.0,0.01,1.559,1.487,0.0005,0.1704,0.6957,0.3304,0.0803,0.7727,0.2123,1.2,0.663,urbanizing-majority,0.0,0.0531,0.8712,0.7571,0.8031,0.622,0.2583,0.2075,59.1,False
PSE,Palestine,Palestinian Arab (Sunni Muslim),higher_fertility_path,4.0,3.13,3.9,3.09,97.0,97.33,0.33,97.33,0.0,97.33,97.34,97.33,97.34,0.01,5330584,8226504,0.0,0.0,0.0,1.25,unspecified,False,0.5,0.48,0.56,0.42,0.454,1.3,1.0,0.78,0.839,0.0,0.0,0.0,0.0,0.0,1.0,1.0,0.0,0.001,0.0588,0.0524,-0.0064,0.0524,0.1073,0.249,97.27,0.27,-0.07,1.318,1.332,0.0005,0.0536,0.525,0.2654,0.1262,0.7286,0.2058,1.06,0.456,mixed-rural-urban,0.0,0.038,0.7249,0.7499,0.6641,0.3376,0.6403,0.0,51.6,True
PSE,Palestine,Palestinian Christian,lower_fertility_path,3.5,2.93,3.9,3.09,1.5,1.26,-0.24,1.26,0.0,1.26,1.25,1.25,1.26,0.01,82432,106176,0.0,0.0,0.0,1.25,unspecified,False,0.5,0.48,0.56,0.42,0.454,0.93,1.0,0.78,0.756,0.0,0.0,0.0,0.0,0.0,1.0,1.0,0.0,0.001,0.0588,0.0524,-0.0064,0.0524,0.1073,0.249,1.3,-0.2,0.04,1.318,1.332,0.0005,0.0536,0.525,0.2654,0.1262,0.7286,0.2058,1.06,0.456,mixed-rural-urban,0.0,0.038,0.7249,0.7499,0.6641,0.3376,0.6403,0.0,51.6,False
PSE,Palestine,Druze,largest_baseline_category,3.9,3.09,3.9,3.09,0.5,0.47,-0.03,0.47,0.0,0.47,0.47,0.47,0.47,0.0,27477,39443,0.0,0.0,0.0,1.25,unspecified,False,0.5,0.48,0.56,0.42,0.454,0.869,1.0,0.78,0.743,0.0,0.0,0.0,0.0,0.0,1.0,1.0,0.0,0.001,0.0588,0.0524,-0.0064,0.0524,0.1073,0.249,0.47,-0.03,0.01,1.318,1.332,0.0005,0.0536,0.525,0.2654,0.1262,0.7286,0.2058,1.06,0.456,mixed-rural-urban,0.0,0.038,0.7249,0.7499,0.6641,0.3376,0.6403,0.0,51.6,False
PSE,Palestine,Other,identity_category_transition,3.9,3.09,3.9,3.09,1.0,0.94,-0.06,0.94,0.0,0.94,0.94,0.94,0.94,0.0,54954,79773,0.0,0.0,0.0,1.25,unspecified,False,0.5,0.48,0.56,0.42,0.454,0.903,1.0,0.78,0.75,0.0,0.0,0.0,0.0,0.0,1.0,1.0,0.0,0.001,0.0588,0.0524,-0.0064,0.0524,0.1073,0.249,0.96,-0.04,0.02,1.318,1.332,0.0005,0.0536,0.525,0.2654,0.1262,0.7286,0.2058,1.06,0.456,mixed-rural-urban,0.0,0.038,0.7249,0.7499,0.6641,0.3376,0.6403,0.0,51.6,False
QAT,Qatar,Qatari,higher_fertility_path,2.15,2.03,1.8,1.89,11.6,10.5,-1.1,12.45,-1.95,11.02,9.91,9.91,11.02,1.11,353618,437202,0.129,0.0,0.0,2.0,unspecified,False,0.5,0.48,0.56,0.42,0.681,1.124,1.0,0.42,0.849,0.0,1.2,0.0,0.75,0.375,1.3,1.359,0.0,0.001,0.8623,0.8585,-0.0038,0.8585,2.9686,0.087,10.46,-1.14,-0.04,2.294,2.457,0.0005,0.8608,0.8459,0.381,0.1431,0.8855,0.2019,7.07,0.55,mixed-rural-urban,0.058,0.0253,0.9697,0.7805,1.0,0.8005,0.0148,0.0412,79.56,False
QAT,Qatar,Indian,migration_linked,1.8,1.89,1.8,1.89,17.4,17.03,-0.37,16.39,0.64,16.86,17.23,16.86,17.23,0.36,530427,709223,0.129,0.0,0.0,2.0,IND;PAK;BGD;LKA;NPL,True,0.718,0.719,0.752,0.684,0.681,1.169,1.108,0.42,1.045,0.0,1.2,0.0,0.75,0.375,1.3,1.359,0.0,0.001,0.8623,0.8585,-0.0038,0.8585,2.9686,0.087,17.38,-0.02,0.35,2.294,2.457,0.0005,0.8608,0.8459,0.381,0.1431,0.8855,0.2019,7.07,0.55,mixed-rural-urban,0.058,0.0253,0.9697,0.7805,1.0,0.8005,0.0148,0.0412,79.56,False
QAT,Qatar,Bangladeshi,migration_linked,1.8,1.89,1.8,1.89,13.5,13.12,-0.38,12.72,0.4,13.02,13.24,13.02,13.24,0.22,411538,546369,0.129,0.0,0.0,2.0,BGD,True,0.735,0.788,0.68,0.84,0.681,1.141,1.0,0.42,0.996,0.0,1.2,0.0,0.75,0.375,1.3,1.359,0.0,0.001,0.8623,0.8585,-0.0038,0.8585,2.9686,0.087,13.39,-0.11,0.27,2.294,2.457,0.0005,0.8608,0.8459,0.381,0.1431,0.8855,0.2019,7.07,0.55,mixed-rural-urban,0.058,0.0253,0.9697,0.7805,1.0,0.8005,0.0148,0.0412,79.56,False
QAT,Qatar,Nepali,migration_linked,1.8,1.89,1.8,1.89,7.6,7.14,-0.46,7.16,-0.02,7.16,7.12,7.12,7.16,0.03,231681,297451,0.129,0.0,0.0,2.0,unspecified,True,0.5,0.48,0.56,0.42,0.681,1.078,1.0,0.42,0.836,0.0,1.2,0.0,0.75,0.375,1.3,1.359,0.0,0.001,0.8623,0.8585,-0.0038,0.8585,2.9686,0.087,7.29,-0.31,0.15,2.294,2.457,0.0005,0.8608,0.8459,0.381,0.1431,0.8855,0.2019,7.07,0.55,mixed-rural-urban,0.058,0.0253,0.9697,0.7805,1.0,0.8005,0.0148,0.0412,79.56,False
QAT,Qatar,Egyptian,migration_linked,2.2,2.05,1.8,1.89,8.5,9.47,0.97,9.28,0.19,9.39,9.56,9.39,9.56,0.18,259116,394493,0.129,0.0,0.0,2.0,EGY,True,0.7,0.706,0.72,0.66,0.681,1.09,1.0,0.42,0.956,0.0,1.2,0.0,0.75,0.375,1.3,1.359,0.0,0.001,0.8623,0.8585,-0.0038,0.8585,2.9686,0.087,9.41,0.91,-0.06,2.294,2.457,0.0005,0.8608,0.8459,0.381,0.1431,0.8855,0.2019,7.07,0.55,mixed-rural-urban,0.058,0.0253,0.9697,0.7805,1.0,0.8005,0.0148,0.0412,79.56,False
QAT,Qatar,Filipino,migration_linked,1.8,1.89,1.8,1.89,7.3,7.05,-0.25,6.88,0.17,7.01,7.1,7.01,7.1,0.09,222535,293615,0.129,0.0,0.0,2.0,PHL,True,0.759,0.718,0.88,0.64,0.681,1.074,1.0,0.42,0.984,0.0,1.2,0.0,0.75,0.375,1.3,1.359,0.0,0.001,0.8623,0.8585,-0.0038,0.8585,2.9686,0.087,7.19,-0.11,0.14,2.294,2.457,0.0005,0.8608,0.8459,0.381,0.1431,0.8855,0.2019,7.07,0.55,mixed-rural-urban,0.058,0.0253,0.9697,0.7805,1.0,0.8005,0.0148,0.0412,79.56,False
QAT,Qatar,Sri Lankan,migration_linked,1.8,1.89,1.8,1.89,4.0,3.75,-0.25,3.77,-0.02,3.76,3.73,3.73,3.76,0.03,121937,156045,0.129,0.0,0.0,2.0,unspecified,True,0.5,0.48,0.56,0.42,0.681,1.013,1.0,0.42,0.819,0.0,1.2,0.0,0.75,0.375,1.3,1.359,0.0,0.001,0.8623,0.8585,-0.0038,0.8585,2.9686,0.087,3.82,-0.18,0.08,2.294,2.457,0.0005,0.8608,0.8459,0.381,0.1431,0.8855,0.2019,7.07,0.55,mixed-rural-urban,0.058,0.0253,0.9697,0.7805,1.0,0.8005,0.0148,0.0412,79.56,False
QAT,Qatar,Pakistani,migration_linked,1.8,1.89,1.8,1.89,4.0,3.94,-0.06,3.77,0.17,3.9,4.0,3.9,4.0,0.1,121937,164189,0.129,0.0,0.0,2.0,PAK,True,0.769,0.814,0.7,0.74,0.681,1.013,1.26,0.42,1.072,0.0,1.2,0.0,0.75,0.375,1.3,1.359,0.0,0.001,0.8623,0.8585,-0.0038,0.8585,2.9686,0.087,4.02,0.02,0.08,2.294,2.457,0.0005,0.8608,0.8459,0.381,0.1431,0.8855,0.2019,7.07,0.55,mixed-rural-urban,0.058,0.0253,0.9697,0.7805,1.0,0.8005,0.0148,0.0412,79.56,False
QAT,Qatar,Other Arab,migration_linked,2.2,2.05,1.8,1.89,3.0,3.25,0.25,3.28,-0.03,3.25,3.25,3.25,3.25,0.0,91453,135366,0.129,0.0,0.0,2.0,unspecified,True,0.5,0.48,0.56,0.42,0.681,0.986,1.0,0.42,0.812,0.0,1.2,0.0,0.75,0.375,1.3,1.359,0.0,0.001,0.8623,0.8585,-0.0038,0.8585,2.9686,0.087,3.23,0.23,-0.02,2.294,2.457,0.0005,0.8608,0.8459,0.381,0.1431,0.8855,0.2019,7.07,0.55,mixed-rural-urban,0.058,0.0253,0.9697,0.7805,1.0,0.8005,0.0148,0.0412,79.56,False
QAT,Qatar,Other foreign,migration_linked,1.8,1.89,1.8,1.89,23.1,24.75,1.65,24.3,0.45,24.64,24.86,24.64,24.86,0.21,704187,1030512,0.129,0.0,0.0,2.0,unspecified,True,0.5,0.48,0.56,0.42,0.681,1.202,1.0,0.42,0.869,0.0,1.2,0.0,0.75,0.375,1.3,1.359,0.0,0.001,0.8623,0.8585,-0.0038,0.8585,2.9686,0.087,23.8,0.7,-0.95,2.294,2.457,0.0005,0.8608,0.8459,0.381,0.1431,0.8855,0.2019,7.07,0.55,mixed-rural-urban,0.058,0.0253,0.9697,0.7805,1.0,0.8005,0.0148,0.0412,79.56,True
ROU,Romania,Romanian,largest_baseline_category,1.6,1.75,1.6,1.75,88.5,88.09,-0.41,88.33,-0.24,88.18,87.98,87.98,88.18,0.2,16828360,14118183,0.476,0.399,0.143,2.174,unspecified,False,0.5,0.48,0.56,0.42,0.677,1.3,1.0,0.78,0.98,0.0,0.0,0.0,0.0,0.0,1.0,1.195,0.0,0.001,0.2118,0.2191,0.0073,0.2191,0.4882,0.2166,88.02,-0.48,-0.07,1.574,1.547,0.0005,0.2204,0.6823,0.5101,0.2108,0.801,0.2403,1.28,0.602,urbanizing-majority,0.19,0.0273,0.8837,0.8204,0.9155,0.641,0.4862,1.0,60.36,True
ROU,Romania,Hungarian,lower_fertility_path,1.2,1.59,1.6,1.75,6.0,4.75,-1.25,4.76,-0.01,4.79,4.71,4.71,4.79,0.07,1140906,761497,0.476,0.399,0.143,2.174,unspecified,False,0.5,0.48,0.56,0.42,0.677,1.054,1.0,0.78,0.899,0.0,0.0,0.0,0.0,0.0,1.0,1.195,0.0,0.001,0.2118,0.2191,0.0073,0.2191,0.4882,0.2166,4.99,-1.01,0.24,1.574,1.547,0.0005,0.2204,0.6823,0.5101,0.2108,0.801,0.2403,1.28,0.602,urbanizing-majority,0.19,0.0273,0.8837,0.8204,0.9155,0.641,0.4862,1.0,60.36,False
ROU,Romania,Romani,higher_fertility_path,2.65,2.17,1.6,1.75,3.4,4.91,1.51,4.92,-0.01,4.86,4.95,4.86,4.95,0.09,646513,786946,0.476,0.399,0.143,2.174,unspecified,False,0.5,0.48,0.56,0.42,0.677,0.998,1.0,0.78,0.88,0.0,0.0,0.0,0.0,0.0,1.0,1.195,0.0,0.001,0.2118,0.2191,0.0073,0.2191,0.4882,0.2166,4.7,1.3,-0.21,1.574,1.547,0.0005,0.2204,0.6823,0.5101,0.2108,0.801,0.2403,1.28,0.602,urbanizing-majority,0.19,0.0273,0.8837,0.8204,0.9155,0.641,0.4862,1.0,60.36,False
ROU,Romania,Ukrainian,migration_linked,1.6,1.75,1.6,1.75,0.5,0.58,0.08,0.5,0.08,0.55,0.61,0.55,0.61,0.06,95075,92356,0.476,0.399,0.143,2.174,UKR,True,0.615,0.539,0.82,0.52,0.677,0.869,1.0,0.78,0.904,0.0,0.0,0.0,0.0,0.0,1.0,1.195,0.0,0.001,0.2118,0.2191,0.0073,0.2191,0.4882,0.2166,0.59,0.09,0.01,1.574,1.547,0.0005,0.2204,0.6823,0.5101,0.2108,0.801,0.2403,1.28,0.602,urbanizing-majority,0.19,0.0273,0.8837,0.8204,0.9155,0.641,0.4862,1.0,60.36,False
ROU,Romania,German,lower_fertility_path,1.1,1.55,1.6,1.75,0.4,0.3,-0.1,0.3,-0.0,0.3,0.3,0.3,0.3,0.01,76060,48146,0.476,0.399,0.143,2.174,unspecified,False,0.5,0.48,0.56,0.42,0.677,0.86,1.0,0.78,0.835,0.0,0.0,0.0,0.0,0.0,1.0,1.195,0.0,0.001,0.2118,0.2191,0.0073,0.2191,0.4882,0.2166,0.32,-0.08,0.02,1.574,1.547,0.0005,0.2204,0.6823,0.5101,0.2108,0.801,0.2403,1.28,0.602,urbanizing-majority,0.19,0.0273,0.8837,0.8204,0.9155,0.641,0.4862,1.0,60.36,False
ROU,Romania,Other,migration_linked,1.6,1.75,1.6,1.75,1.2,1.37,0.17,1.19,0.18,1.32,1.44,1.32,1.44,0.13,228181,220141,0.476,0.399,0.143,2.174,unspecified,True,0.5,0.48,0.56,0.42,0.677,0.915,1.0,0.78,0.853,0.0,0.0,0.0,0.0,0.0,1.0,1.195,0.0,0.001,0.2118,0.2191,0.0073,0.2191,0.4882,0.2166,1.39,0.19,0.02,1.574,1.547,0.0005,0.2204,0.6823,0.5101,0.2108,0.801,0.2403,1.28,0.602,urbanizing-majority,0.19,0.0273,0.8837,0.8204,0.9155,0.641,0.4862,1.0,60.36,False
RUS,Russia,Russian,largest_baseline_category,1.5,1.68,1.5,1.68,80.9,79.37,-1.53,79.37,0.0,79.42,79.31,79.31,79.42,0.11,117159721,108043428,0.352,0.0,0.0,1.69,unspecified,False,0.5,0.48,0.56,0.42,0.527,1.3,1.0,0.78,0.885,0.0,0.0,0.0,0.0,0.0,0.8,0.899,0.0,0.001,0.332,0.3532,0.0212,0.3532,0.8329,0.2303,79.38,-1.52,0.01,1.75,1.715,0.0005,0.3532,0.6831,0.4639,0.1746,0.7634,0.2821,1.55,0.668,urbanizing-majority,0.117,0.0083,0.8249,0.798,0.9013,0.6734,0.387,0.8257,62.28,True
RUS,Russia,Tatar,higher_fertility_path,1.85,1.82,1.5,1.68,3.9,4.39,0.49,4.39,0.0,4.37,4.4,4.37,4.4,0.03,5647996,5972147,0.352,0.0,0.0,1.69,unspecified,False,0.5,0.48,0.56,0.42,0.527,1.011,1.0,0.78,0.81,0.0,0.0,0.0,0.0,0.0,0.8,0.899,0.0,0.001,0.332,0.3532,0.0212,0.3532,0.8329,0.2303,4.36,0.46,-0.03,1.75,1.715,0.0005,0.3532,0.6831,0.4639,0.1746,0.7634,0.2821,1.55,0.668,urbanizing-majority,0.117,0.0083,0.8249,0.798,0.9013,0.6734,0.387,0.8257,62.28,False
RUS,Russia,Ukrainian,lower_fertility_path,1.1,1.52,1.5,1.68,1.4,1.08,-0.32,1.08,0.0,1.09,1.07,1.07,1.09,0.02,2027486,1467850,0.352,0.0,0.0,1.69,UKR,False,0.615,0.539,0.82,0.52,0.527,0.925,1.0,0.78,0.844,0.0,0.0,0.0,0.0,0.0,0.8,0.899,0.0,0.001,0.332,0.3532,0.0212,0.3532,0.8329,0.2303,1.14,-0.26,0.06,1.75,1.715,0.0005,0.3532,0.6831,0.4639,0.1746,0.7634,0.2821,1.55,0.668,urbanizing-majority,0.117,0.0083,0.8249,0.798,0.9013,0.6734,0.387,0.8257,62.28,False
RUS,Russia,Bashkir,higher_fertility_path,1.85,1.82,1.5,1.68,1.1,1.24,0.14,1.24,0.0,1.23,1.24,1.23,1.24,0.01,1593025,1684452,0.352,0.0,0.0,1.69,unspecified,False,0.5,0.48,0.56,0.42,0.527,0.909,1.0,0.78,0.784,0.0,0.0,0.0,0.0,0.0,0.8,0.899,0.0,0.001,0.332,0.3532,0.0212,0.3532,0.8329,0.2303,1.23,0.13,-0.01,1.75,1.715,0.0005,0.3532,0.6831,0.4639,0.1746,0.7634,0.2821,1.55,0.668,urbanizing-majority,0.117,0.0083,0.8249,0.798,0.9013,0.6734,0.387,0.8257,62.28,False
RUS,Russia,Chechen,higher_fertility_path,1.85,1.82,1.5,1.68,1.0,1.12,0.12,1.12,0.0,1.12,1.13,1.12,1.13,0.01,1448204,1531320,0.352,0.0,0.0,1.69,unspecified,False,0.5,0.48,0.56,0.42,0.527,0.903,1.0,0.78,0.783,0.0,0.0,0.0,0.0,0.0,0.8,0.899,0.0,0.001,0.332,0.3532,0.0212,0.3532,0.8329,0.2303,1.12,0.12,-0.01,1.75,1.715,0.0005,0.3532,0.6831,0.4639,0.1746,0.7634,0.2821,1.55,0.668,urbanizing-majority,0.117,0.0083,0.8249,0.798,0.9013,0.6734,0.387,0.8257,62.28,False
RUS,Russia,Chuvash,lower_fertility_path,1.1,1.52,1.5,1.68,1.0,0.77,-0.23,0.77,0.0,0.78,0.76,0.76,0.78,0.01,1448204,1048464,0.352,0.0,0.0,1.69,unspecified,False,0.5,0.48,0.56,0.42,0.527,0.903,1.0,0.78,0.783,0.0,0.0,0.0,0.0,0.0,0.8,0.899,0.0,0.001,0.332,0.3532,0.0212,0.3532,0.8329,0.2303,0.81,-0.19,0.04,1.75,1.715,0.0005,0.3532,0.6831,0.4639,0.1746,0.7634,0.2821,1.55,0.668,urbanizing-majority,0.117,0.0083,0.8249,0.798,0.9013,0.6734,0.387,0.8257,62.28,False
RUS,Russia,Other,higher_fertility_path,1.85,1.82,1.5,1.68,10.7,12.04,1.34,12.04,0.0,11.99,12.08,11.99,12.08,0.09,15495785,16385122,0.352,0.0,0.0,1.69,unspecified,False,0.5,0.48,0.56,0.42,0.527,1.115,1.0,0.78,0.837,0.0,0.0,0.0,0.0,0.0,0.8,0.899,0.0,0.001,0.332,0.3532,0.0212,0.3532,0.8329,0.2303,11.96,1.26,-0.07,1.75,1.715,0.0005,0.3532,0.6831,0.4639,0.1746,0.7634,0.2821,1.55,0.668,urbanizing-majority,0.117,0.0083,0.8249,0.798,0.9013,0.6734,0.387,0.8257,62.28,False
RWA,Rwanda,Hutu,largest_baseline_category,3.8,3.04,3.8,3.04,85.0,85.39,0.39,85.39,0.0,85.39,85.39,85.39,85.39,0.0,12118087,19389182,0.0,0.0,0.0,1.25,unspecified,False,0.5,0.48,0.56,0.42,0.454,1.3,1.0,0.78,0.839,0.66,0.0,0.716,0.0,0.0,1.0,1.0,0.0,0.001,0.2578,0.2522,-0.0056,0.2522,0.5181,0.2927,85.17,0.17,-0.21,1.47,1.611,0.0005,0.2553,0.4394,0.2148,0.1921,0.6995,0.1996,1.34,0.315,rural-heavy,0.0,0.1316,0.8165,0.6593,0.6638,0.1418,0.6467,0.0,53.16,True
RWA,Rwanda,Tutsi,largest_baseline_category,3.8,3.04,3.8,3.04,14.0,13.64,-0.36,13.64,0.0,13.64,13.64,13.64,13.64,0.0,1995920,3097475,0.0,0.0,0.0,1.25,unspecified,False,0.5,0.48,0.56,0.42,0.454,1.145,1.0,0.78,0.804,0.66,0.0,0.716,0.0,0.0,1.0,1.0,0.0,0.001,0.2578,0.2522,-0.0056,0.2522,0.5181,0.2927,13.84,-0.16,0.2,1.47,1.611,0.0005,0.2553,0.4394,0.2148,0.1921,0.6995,0.1996,1.34,0.315,rural-heavy,0.0,0.1316,0.8165,0.6593,0.6638,0.1418,0.6467,0.0,53.16,False
RWA,Rwanda,Twa,largest_baseline_category,3.8,3.04,3.8,3.04,1.0,0.97,-0.03,0.97,0.0,0.97,0.97,0.97,0.97,0.0,142566,221248,0.0,0.0,0.0,1.25,unspecified,False,0.5,0.48,0.56,0.42,0.454,0.903,1.0,0.78,0.75,0.66,0.0,0.716,0.0,0.0,1.0,1.0,0.0,0.001,0.2578,0.2522,-0.0056,0.2522,0.5181,0.2927,0.99,-0.01,0.01,1.47,1.611,0.0005,0.2553,0.4394,0.2148,0.1921,0.6995,0.1996,1.34,0.315,rural-heavy,0.0,0.1316,0.8165,0.6593,0.6638,0.1418,0.6467,0.0,53.16,False
SAU,Saudi Arabia,Saudi Arab,higher_fertility_path,3.15,2.52,2.4,2.22,58.4,61.04,2.64,64.14,-3.1,61.84,60.07,60.07,61.84,1.77,19834247,29112125,0.0,0.0,0.0,1.5,unspecified,False,0.5,0.48,0.56,0.42,0.599,1.3,1.0,0.44,0.858,0.0,1.08,0.0,0.644,0.361,1.1,1.1,0.0,0.001,0.623,0.5969,-0.0261,0.5969,1.7002,0.0912,59.63,1.23,-1.41,2.019,2.122,0.0005,0.6115,0.8219,0.312,0.114,0.8698,0.1592,2.48,0.55,mixed-rural-urban,0.0,0.004,0.9063,0.8697,0.9372,0.7823,0.161,0.3378,65.14,True
SAU,Saudi Arabia,Bangladeshi,migration_linked,2.4,2.22,2.4,2.22,4.8,4.42,-0.38,4.04,0.37,4.32,4.53,4.32,4.53,0.21,1630212,2106009,0.0,0.0,0.0,1.5,BGD,True,0.735,0.788,0.68,0.84,0.599,1.031,1.0,0.44,0.909,0.0,1.08,0.0,0.644,0.361,1.1,1.1,0.0,0.001,0.623,0.5969,-0.0261,0.5969,1.7002,0.0912,4.6,-0.2,0.18,2.019,2.122,0.0005,0.6115,0.8219,0.312,0.114,0.8698,0.1592,2.48,0.55,mixed-rural-urban,0.0,0.004,0.9063,0.8697,0.9372,0.7823,0.161,0.3378,65.14,False
SAU,Saudi Arabia,Indian,migration_linked,2.4,2.22,2.4,2.22,4.4,4.04,-0.36,3.71,0.33,3.95,4.14,3.95,4.14,0.18,1494361,1924807,0.0,0.0,0.0,1.5,IND;PAK;BGD;LKA;NPL,True,0.718,0.719,0.752,0.684,0.599,1.022,1.0,0.44,0.898,0.0,1.08,0.0,0.644,0.361,1.1,1.1,0.0,0.001,0.623,0.5969,-0.0261,0.5969,1.7002,0.0912,4.2,-0.2,0.16,2.019,2.122,0.0005,0.6115,0.8219,0.312,0.114,0.8698,0.1592,2.48,0.55,mixed-rural-urban,0.0,0.004,0.9063,0.8697,0.9372,0.7823,0.161,0.3378,65.14,False
SAU,Saudi Arabia,Pakistani,migration_linked,2.4,2.22,2.4,2.22,3.9,3.59,-0.31,3.29,0.31,3.51,3.69,3.51,3.69,0.17,1324547,1712750,0.0,0.0,0.0,1.5,PAK,True,0.769,0.814,0.7,0.74,0.599,1.011,1.0,0.44,0.919,0.0,1.08,0.0,0.644,0.361,1.1,1.1,0.0,0.001,0.623,0.5969,-0.0261,0.5969,1.7002,0.0912,3.74,-0.16,0.15,2.019,2.122,0.0005,0.6115,0.8219,0.312,0.114,0.8698,0.1592,2.48,0.55,mixed-rural-urban,0.0,0.004,0.9063,0.8697,0.9372,0.7823,0.161,0.3378,65.14,False
SAU,Saudi Arabia,Filipino,migration_linked,2.4,2.22,2.4,2.22,2.7,2.48,-0.22,2.27,0.2,2.42,2.54,2.42,2.54,0.11,916994,1180575,0.0,0.0,0.0,1.5,PHL,True,0.759,0.718,0.88,0.64,0.599,0.977,1.0,0.44,0.902,0.0,1.08,0.0,0.644,0.361,1.1,1.1,0.0,0.001,0.623,0.5969,-0.0261,0.5969,1.7002,0.0912,2.58,-0.12,0.1,2.019,2.122,0.0005,0.6115,0.8219,0.312,0.114,0.8698,0.1592,2.48,0.55,mixed-rural-urban,0.0,0.004,0.9063,0.8697,0.9372,0.7823,0.161,0.3378,65.14,False
SAU,Saudi Arabia,Egyptian,migration_linked,2.8,2.38,2.4,2.22,2.4,2.51,0.11,2.29,0.22,2.44,2.58,2.44,2.58,0.14,815106,1194964,0.0,0.0,0.0,1.5,EGY,True,0.7,0.706,0.72,0.66,0.599,0.967,1.22,0.44,0.941,0.0,1.08,0.0,0.644,0.361,1.1,1.1,0.0,0.001,0.623,0.5969,-0.0261,0.5969,1.7002,0.0912,2.55,0.15,0.04,2.019,2.122,0.0005,0.6115,0.8219,0.312,0.114,0.8698,0.1592,2.48,0.55,mixed-rural-urban,0.0,0.004,0.9063,0.8697,0.9372,0.7823,0.161,0.3378,65.14,False
SAU,Saudi Arabia,Yemeni,migration_linked,2.8,2.38,2.4,2.22,2.2,2.24,0.04,2.1,0.14,2.2,2.29,2.2,2.29,0.09,747181,1069380,0.0,0.0,0.0,1.5,unspecified,True,0.5,0.48,0.56,0.42,0.599,0.96,1.0,0.44,0.777,0.0,1.08,0.0,0.644,0.361,1.1,1.1,0.0,0.001,0.623,0.5969,-0.0261,0.5969,1.7002,0.0912,2.28,0.08,0.04,2.019,2.122,0.0005,0.6115,0.8219,0.312,0.114,0.8698,0.1592,2.48,0.55,mixed-rural-urban,0.0,0.004,0.9063,0.8697,0.9372,0.7823,0.161,0.3378,65.14,False
SAU,Saudi Arabia,Sudanese,migration_linked,2.8,2.38,2.4,2.22,1.5,1.55,0.05,1.43,0.12,1.52,1.59,1.52,1.59,0.08,509441,739529,0.0,0.0,0.0,1.5,unspecified,True,0.5,0.48,0.56,0.42,0.599,0.93,1.0,0.44,0.77,0.0,1.08,0.0,0.644,0.361,1.1,1.1,0.0,0.001,0.623,0.5969,-0.0261,0.5969,1.7002,0.0912,1.58,0.08,0.03,2.019,2.122,0.0005,0.6115,0.8219,0.312,0.114,0.8698,0.1592,2.48,0.55,mixed-rural-urban,0.0,0.004,0.9063,0.8697,0.9372,0.7823,0.161,0.3378,65.14,False
SAU,Saudi Arabia,Syrian,migration_linked,2.8,2.38,2.4,2.22,1.2,1.24,0.04,1.14,0.09,1.21,1.27,1.21,1.27,0.06,407553,589648,0.0,0.0,0.0,1.5,SYR,True,0.672,0.726,0.6,0.74,0.599,0.915,1.0,0.44,0.842,0.0,1.08,0.0,0.644,0.361,1.1,1.1,0.0,0.001,0.623,0.5969,-0.0261,0.5969,1.7002,0.0912,1.26,0.06,0.02,2.019,2.122,0.0005,0.6115,0.8219,0.312,0.114,0.8698,0.1592,2.48,0.55,mixed-rural-urban,0.0,0.004,0.9063,0.8697,0.9372,0.7823,0.161,0.3378,65.14,False
SAU,Saudi Arabia,Nepali,migration_linked,2.4,2.22,2.4,2.22,1.0,0.9,-0.1,0.84,0.06,0.89,0.92,0.89,0.92,0.03,339628,428917,0.0,0.0,0.0,1.5,unspecified,True,0.5,0.48,0.56,0.42,0.599,0.903,1.0,0.44,0.764,0.0,1.08,0.0,0.644,0.361,1.1,1.1,0.0,0.001,0.623,0.5969,-0.0261,0.5969,1.7002,0.0912,0.94,-0.06,0.04,2.019,2.122,0.0005,0.6115,0.8219,0.312,0.114,0.8698,0.1592,2.48,0.55,mixed-rural-urban,0.0,0.004,0.9063,0.8697,0.9372,0.7823,0.161,0.3378,65.14,False
SAU,Saudi Arabia,Sri Lankan,migration_linked,2.4,2.22,2.4,2.22,0.8,0.72,-0.08,0.67,0.05,0.71,0.73,0.71,0.73,0.02,271702,342988,0.0,0.0,0.0,1.5,unspecified,True,0.5,0.48,0.56,0.42,0.599,0.891,1.0,0.44,0.761,0.0,1.08,0.0,0.644,0.361,1.1,1.1,0.0,0.001,0.623,0.5969,-0.0261,0.5969,1.7002,0.0912,0.75,-0.05,0.03,2.019,2.122,0.0005,0.6115,0.8219,0.312,0.114,0.8698,0.1592,2.48,0.55,mixed-rural-urban,0.0,0.004,0.9063,0.8697,0.9372,0.7823,0.161,0.3378,65.14,False
SAU,Saudi Arabia,Other foreign,migration_linked,2.4,2.22,2.4,2.22,16.7,15.29,-1.41,14.07,1.22,14.98,15.66,14.98,15.66,0.68,5671779,7292220,0.0,0.0,0.0,1.5,unspecified,True,0.5,0.48,0.56,0.42,0.599,1.165,1.0,0.44,0.826,0.0,1.08,0.0,0.644,0.361,1.1,1.1,0.0,0.001,0.623,0.5969,-0.0261,0.5969,1.7002,0.0912,15.91,-0.79,0.62,2.019,2.122,0.0005,0.6115,0.8219,0.312,0.114,0.8698,0.1592,2.48,0.55,mixed-rural-urban,0.0,0.004,0.9063,0.8697,0.9372,0.7823,0.161,0.3378,65.14,False
SDN,Sudan,Sudanese Arab,largest_baseline_category,4.2,3.26,4.2,3.26,70.0,70.55,0.55,70.55,0.0,70.56,70.55,70.55,70.56,0.01,35314272,60115451,0.0,0.0,0.0,1.25,unspecified,False,0.5,0.48,0.56,0.42,0.454,1.3,1.0,0.78,0.839,0.0,0.0,0.828,0.0,0.0,1.0,1.0,0.0,0.001,0.4968,0.4896,-0.0072,0.4896,1.3239,0.3137,70.15,0.15,-0.41,1.762,1.945,0.0005,0.4949,0.3254,0.2239,0.1156,0.5941,0.2872,1.96,0.346,rural-heavy,0.0,0.0261,0.73,0.4014,0.5287,0.0587,0.6861,0.0,52.06,True
SDN,Sudan,Beja,largest_baseline_category,4.2,3.26,4.2,3.26,6.0,5.83,-0.17,5.83,0.0,5.83,5.83,5.83,5.83,0.0,3026938,4965447,0.0,0.0,0.0,1.25,unspecified,False,0.5,0.48,0.56,0.42,0.454,1.054,1.0,0.78,0.784,0.0,0.0,0.828,0.0,0.0,1.0,1.0,0.0,0.001,0.4968,0.4896,-0.0072,0.4896,1.3239,0.3137,5.91,-0.09,0.09,1.762,1.945,0.0005,0.4949,0.3254,0.2239,0.1156,0.5941,0.2872,1.96,0.346,rural-heavy,0.0,0.0261,0.73,0.4014,0.5287,0.0587,0.6861,0.0,52.06,False
SDN,Sudan,Fur,largest_baseline_category,4.2,3.26,4.2,3.26,5.0,4.86,-0.14,4.86,0.0,4.86,4.86,4.86,4.86,0.0,2522448,4137872,0.0,0.0,0.0,1.25,unspecified,False,0.5,0.48,0.56,0.42,0.454,1.035,1.0,0.78,0.78,0.0,0.0,0.828,0.0,0.0,1.0,1.0,0.0,0.001,0.4968,0.4896,-0.0072,0.4896,1.3239,0.3137,4.93,-0.07,0.07,1.762,1.945,0.0005,0.4949,0.3254,0.2239,0.1156,0.5941,0.2872,1.96,0.346,rural-heavy,0.0,0.0261,0.73,0.4014,0.5287,0.0587,0.6861,0.0,52.06,False
SDN,Sudan,Nubian,largest_baseline_category,4.2,3.26,4.2,3.26,5.0,4.86,-0.14,4.86,0.0,4.86,4.86,4.86,4.86,0.0,2522448,4137872,0.0,0.0,0.0,1.25,unspecified,False,0.5,0.48,0.56,0.42,0.454,1.035,1.0,0.78,0.78,0.0,0.0,0.828,0.0,0.0,1.0,1.0,0.0,0.001,0.4968,0.4896,-0.0072,0.4896,1.3239,0.3137,4.93,-0.07,0.07,1.762,1.945,0.0005,0.4949,0.3254,0.2239,0.1156,0.5941,0.2872,1.96,0.346,rural-heavy,0.0,0.0261,0.73,0.4014,0.5287,0.0587,0.6861,0.0,52.06,False
SDN,Sudan,Zaghawa,largest_baseline_category,4.2,3.26,4.2,3.26,3.0,2.91,-0.09,2.91,0.0,2.91,2.91,2.91,2.91,0.0,1513469,2482723,0.0,0.0,0.0,1.25,unspecified,False,0.5,0.48,0.56,0.42,0.454,0.986,1.0,0.78,0.769,0.0,0.0,0.828,0.0,0.0,1.0,1.0,0.0,0.001,0.4968,0.4896,-0.0072,0.4896,1.3239,0.3137,2.96,-0.04,0.04,1.762,1.945,0.0005,0.4949,0.3254,0.2239,0.1156,0.5941,0.2872,1.96,0.346,rural-heavy,0.0,0.0261,0.73,0.4014,0.5287,0.0587,0.6861,0.0,52.06,False
SDN,Sudan,Nuba,largest_baseline_category,4.2,3.26,4.2,3.26,2.5,2.43,-0.07,2.43,0.0,2.43,2.43,2.43,2.43,0.0,1261224,2068936,0.0,0.0,0.0,1.25,unspecified,False,0.5,0.48,0.56,0.42,0.454,0.97,1.0,0.78,0.765,0.0,0.0,0.828,0.0,0.0,1.0,1.0,0.0,0.001,0.4968,0.4896,-0.0072,0.4896,1.3239,0.3137,2.46,-0.04,0.04,1.762,1.945,0.0005,0.4949,0.3254,0.2239,0.1156,0.5941,0.2872,1.96,0.346,rural-heavy,0.0,0.0261,0.73,0.4014,0.5287,0.0587,0.6861,0.0,52.06,False
SDN,Sudan,Masalit,largest_baseline_category,4.2,3.26,4.2,3.26,2.0,1.94,-0.06,1.94,0.0,1.94,1.94,1.94,1.94,0.0,1008979,1655149,0.0,0.0,0.0,1.25,unspecified,False,0.5,0.48,0.56,0.42,0.454,0.952,1.0,0.78,0.761,0.0,0.0,0.828,0.0,0.0,1.0,1.0,0.0,0.001,0.4968,0.4896,-0.0072,0.4896,1.3239,0.3137,1.97,-0.03,0.03,1.762,1.945,0.0005,0.4949,0.3254,0.2239,0.1156,0.5941,0.2872,1.96,0.346,rural-heavy,0.0,0.0261,0.73,0.4014,0.5287,0.0587,0.6861,0.0,52.06,False
SDN,Sudan,Fellata (Fulani),higher_fertility_path,4.85,3.52,4.2,3.26,1.5,1.71,0.21,1.71,0.0,1.71,1.72,1.71,1.72,0.01,756734,1458523,0.0,0.0,0.0,1.25,unspecified,False,0.5,0.48,0.56,0.42,0.454,0.93,1.0,0.78,0.756,0.0,0.0,0.828,0.0,0.0,1.0,1.0,0.0,0.001,0.4968,0.4896,-0.0072,0.4896,1.3239,0.3137,1.71,0.21,-0.0,1.762,1.945,0.0005,0.4949,0.3254,0.2239,0.1156,0.5941,0.2872,1.96,0.346,rural-heavy,0.0,0.0261,0.73,0.4014,0.5287,0.0587,0.6861,0.0,52.06,False
SDN,Sudan,Other,identity_category_transition,4.2,3.26,4.2,3.26,5.0,4.91,-0.09,4.91,0.0,4.91,4.91,4.91,4.91,0.0,2522448,4184408,0.0,0.0,0.0,1.25,unspecified,False,0.5,0.48,0.56,0.42,0.454,1.035,1.0,0.78,0.78,0.0,0.0,0.828,0.0,0.0,1.0,1.0,0.0,0.001,0.4968,0.4896,-0.0072,0.4896,1.3239,0.3137,4.98,-0.02,0.07,1.762,1.945,0.0005,0.4949,0.3254,0.2239,0.1156,0.5941,0.2872,1.96,0.346,rural-heavy,0.0,0.0261,0.73,0.4014,0.5287,0.0587,0.6861,0.0,52.06,False
SEN,Senegal,Wolof,largest_baseline_category,4.2,3.26,4.2,3.26,39.7,41.23,1.53,41.23,0.0,41.23,41.23,41.23,41.23,0.0,7345289,12517959,0.0,0.0,0.0,1.25,unspecified,False,0.5,0.48,0.56,0.42,0.454,1.265,1.0,0.78,0.831,0.6,0.0,0.738,0.0,0.0,1.0,1.0,0.0,0.001,0.7336,0.7269,-0.0068,0.7269,2.1883,0.2827,40.38,0.68,-0.85,2.065,2.277,0.0005,0.7308,0.4109,0.2463,0.1857,0.6499,0.2533,3.66,0.403,mixed-rural-urban,0.0,0.1368,0.8411,0.51,0.6912,0.166,0.6087,0.0,53.74,True
SEN,Senegal,Pular (Fula),largest_baseline_category,4.2,3.26,4.2,3.26,27.5,26.78,-0.72,26.78,0.0,26.78,26.78,26.78,26.78,0.0,5088047,8131139,0.0,0.0,0.0,1.25,unspecified,False,0.5,0.48,0.56,0.42,0.454,1.222,1.0,0.78,0.821,0.6,0.0,0.738,0.0,0.0,1.0,1.0,0.0,0.001,0.7336,0.7269,-0.0068,0.7269,2.1883,0.2827,27.16,-0.34,0.39,2.065,2.277,0.0005,0.7308,0.4109,0.2463,0.1857,0.6499,0.2533,3.66,0.403,mixed-rural-urban,0.0,0.1368,0.8411,0.51,0.6912,0.166,0.6087,0.0,53.74,False
SEN,Senegal,Serer,largest_baseline_category,4.2,3.26,4.2,3.26,16.0,15.58,-0.42,15.58,0.0,15.58,15.58,15.58,15.58,0.0,2960318,4730845,0.0,0.0,0.0,1.25,unspecified,False,0.5,0.48,0.56,0.42,0.454,1.16,1.0,0.78,0.807,0.6,0.0,0.738,0.0,0.0,1.0,1.0,0.0,0.001,0.7336,0.7269,-0.0068,0.7269,2.1883,0.2827,15.8,-0.2,0.22,2.065,2.277,0.0005,0.7308,0.4109,0.2463,0.1857,0.6499,0.2533,3.66,0.403,mixed-rural-urban,0.0,0.1368,0.8411,0.51,0.6912,0.166,0.6087,0.0,53.74,False
SEN,Senegal,Mandinka,largest_baseline_category,4.2,3.26,4.2,3.26,4.9,4.77,-0.13,4.77,0.0,4.77,4.77,4.77,4.77,0.0,906597,1448821,0.0,0.0,0.0,1.25,unspecified,False,0.5,0.48,0.56,0.42,0.454,1.033,1.0,0.78,0.779,0.6,0.0,0.738,0.0,0.0,1.0,1.0,0.0,0.001,0.7336,0.7269,-0.0068,0.7269,2.1883,0.2827,4.84,-0.06,0.07,2.065,2.277,0.0005,0.7308,0.4109,0.2463,0.1857,0.6499,0.2533,3.66,0.403,mixed-rural-urban,0.0,0.1368,0.8411,0.51,0.6912,0.166,0.6087,0.0,53.74,False
SEN,Senegal,Jola,largest_baseline_category,4.2,3.26,4.2,3.26,4.2,4.09,-0.11,4.09,0.0,4.09,4.09,4.09,4.09,0.0,777083,1241847,0.0,0.0,0.0,1.25,unspecified,False,0.5,0.48,0.56,0.42,0.454,1.018,1.0,0.78,0.776,0.6,0.0,0.738,0.0,0.0,1.0,1.0,0.0,0.001,0.7336,0.7269,-0.0068,0.7269,2.1883,0.2827,4.15,-0.05,0.06,2.065,2.277,0.0005,0.7308,0.4109,0.2463,0.1857,0.6499,0.2533,3.66,0.403,mixed-rural-urban,0.0,0.1368,0.8411,0.51,0.6912,0.166,0.6087,0.0,53.74,False
SEN,Senegal,Soninke,largest_baseline_category,4.2,3.26,4.2,3.26,2.4,2.34,-0.06,2.34,0.0,2.34,2.34,2.34,2.34,0.0,444048,709627,0.0,0.0,0.0,1.25,unspecified,False,0.5,0.48,0.56,0.42,0.454,0.967,1.0,0.78,0.765,0.6,0.0,0.738,0.0,0.0,1.0,1.0,0.0,0.001,0.7336,0.7269,-0.0068,0.7269,2.1883,0.2827,2.37,-0.03,0.03,2.065,2.277,0.0005,0.7308,0.4109,0.2463,0.1857,0.6499,0.2533,3.66,0.403,mixed-rural-urban,0.0,0.1368,0.8411,0.51,0.6912,0.166,0.6087,0.0,53.74,False
SEN,Senegal,Other,identity_category_transition,4.2,3.26,4.2,3.26,5.3,5.22,-0.08,5.22,0.0,5.22,5.22,5.22,5.22,0.0,980605,1584716,0.0,0.0,0.0,1.25,unspecified,False,0.5,0.48,0.56,0.42,0.454,1.041,1.0,0.78,0.781,0.6,0.0,0.738,0.0,0.0,1.0,1.0,0.0,0.001,0.7336,0.7269,-0.0068,0.7269,2.1883,0.2827,5.29,-0.01,0.08,2.065,2.277,0.0005,0.7308,0.4109,0.2463,0.1857,0.6499,0.2533,3.66,0.403,mixed-rural-urban,0.0,0.1368,0.8411,0.51,0.6912,0.166,0.6087,0.0,53.74,False
SGP,Singapore,Chinese,largest_baseline_category,0.9,1.29,1.0,1.33,74.3,70.69,-3.61,71.25,-0.55,70.98,70.37,70.37,70.98,0.61,4333464,4299297,0.471,0.0,0.0,2.384,CHN,False,0.52,0.502,0.58,0.45,0.79,1.3,1.0,0.58,1.014,0.0,1.16,0.0,0.701,0.224,1.2,1.398,0.0,0.001,0.4214,0.4654,0.044,0.4654,1.1567,0.1113,70.96,-3.34,0.27,1.88,1.84,0.0005,0.4626,0.8356,0.542,0.1393,0.8882,0.2184,1.87,0.718,urbanizing-majority,0.133,0.0028,0.9774,0.874,1.0,0.8215,0.1962,0.5451,72.76,True
SGP,Singapore,Malay,higher_fertility_path,1.35,1.47,1.0,1.33,13.5,16.31,2.81,16.44,-0.13,16.25,16.36,16.25,16.36,0.11,787372,991784,0.471,0.0,0.0,2.384,unspecified,False,0.5,0.48,0.56,0.42,0.79,1.141,1.0,0.58,0.941,0.0,1.16,0.0,0.701,0.224,1.2,1.398,0.0,0.001,0.4214,0.4654,0.044,0.4654,1.1567,0.1113,15.94,2.44,-0.37,1.88,1.84,0.0005,0.4626,0.8356,0.542,0.1393,0.8882,0.2184,1.87,0.718,urbanizing-majority,0.133,0.0028,0.9774,0.874,1.0,0.8215,0.1962,0.5451,72.76,False
SGP,Singapore,Indian,largest_baseline_category,1.0,1.33,1.0,1.33,9.0,8.89,-0.11,8.86,0.04,8.88,8.91,8.88,8.91,0.03,524915,540952,0.471,0.0,0.0,2.384,IND;PAK;BGD;LKA;NPL,True,0.718,0.719,0.752,0.684,0.79,1.096,1.0,0.58,1.09,0.0,1.16,0.0,0.701,0.224,1.2,1.398,0.0,0.001,0.4214,0.4654,0.044,0.4654,1.1567,0.1113,9.0,0.0,0.11,1.88,1.84,0.0005,0.4626,0.8356,0.542,0.1393,0.8882,0.2184,1.87,0.718,urbanizing-majority,0.133,0.0028,0.9774,0.874,1.0,0.8215,0.1962,0.5451,72.76,False
SGP,Singapore,Filipino,migration_linked,1.7,1.61,1.0,1.33,0.7,1.21,0.51,1.0,0.2,1.13,1.3,1.13,1.3,0.17,40827,73294,0.471,0.0,0.0,2.384,PHL,True,0.759,0.718,0.88,0.64,0.79,0.884,1.0,0.58,1.011,0.0,1.16,0.0,0.701,0.224,1.2,1.398,0.0,0.001,0.4214,0.4654,0.044,0.4654,1.1567,0.1113,1.15,0.45,-0.06,1.88,1.84,0.0005,0.4626,0.8356,0.542,0.1393,0.8882,0.2184,1.87,0.718,urbanizing-majority,0.133,0.0028,0.9774,0.874,1.0,0.8215,0.1962,0.5451,72.76,False
SGP,Singapore,Malaysian,migration_linked,1.0,1.33,1.0,1.33,0.6,0.71,0.11,0.6,0.1,0.68,0.75,0.68,0.75,0.07,34994,43079,0.471,0.0,0.0,2.384,unspecified,True,0.5,0.48,0.56,0.42,0.79,0.876,1.0,0.58,0.851,0.0,1.16,0.0,0.701,0.224,1.2,1.398,0.0,0.001,0.4214,0.4654,0.044,0.4654,1.1567,0.1113,0.72,0.12,0.01,1.88,1.84,0.0005,0.4626,0.8356,0.542,0.1393,0.8882,0.2184,1.87,0.718,urbanizing-majority,0.133,0.0028,0.9774,0.874,1.0,0.8215,0.1962,0.5451,72.76,False
SGP,Singapore,Thai,migration_linked,1.0,1.33,1.0,1.33,0.3,0.35,0.05,0.3,0.05,0.34,0.37,0.34,0.37,0.04,17497,21505,0.471,0.0,0.0,2.384,unspecified,True,0.5,0.48,0.56,0.42,0.79,0.851,1.0,0.58,0.842,0.0,1.16,0.0,0.701,0.224,1.2,1.398,0.0,0.001,0.4214,0.4654,0.044,0.4654,1.1567,0.1113,0.36,0.06,0.0,1.88,1.84,0.0005,0.4626,0.8356,0.542,0.1393,0.8882,0.2184,1.87,0.718,urbanizing-majority,0.133,0.0028,0.9774,0.874,1.0,0.8215,0.1962,0.5451,72.76,False
SGP,Singapore,Indonesian,migration_linked,1.0,1.33,1.0,1.33,0.4,0.48,0.08,0.4,0.08,0.46,0.52,0.46,0.52,0.06,23330,29482,0.471,0.0,0.0,2.384,IDN,True,0.736,0.74,0.78,0.76,0.79,0.86,1.0,0.58,0.985,0.0,1.16,0.0,0.701,0.224,1.2,1.398,0.0,0.001,0.4214,0.4654,0.044,0.4654,1.1567,0.1113,0.49,0.09,0.01,1.88,1.84,0.0005,0.4626,0.8356,0.542,0.1393,0.8882,0.2184,1.87,0.718,urbanizing-majority,0.133,0.0028,0.9774,0.874,1.0,0.8215,0.1962,0.5451,72.76,False
SGP,Singapore,White (Western expatriates),migration_linked,0.8,1.25,1.0,1.33,0.5,0.52,0.02,0.44,0.08,0.5,0.55,0.5,0.55,0.05,29162,31580,0.471,0.0,0.0,2.384,unspecified,True,0.5,0.48,0.56,0.42,0.79,0.869,1.0,0.58,0.848,0.0,1.16,0.0,0.701,0.224,1.2,1.398,0.0,0.001,0.4214,0.4654,0.044,0.4654,1.1567,0.1113,0.54,0.04,0.02,1.88,1.84,0.0005,0.4626,0.8356,0.542,0.1393,0.8882,0.2184,1.87,0.718,urbanizing-majority,0.133,0.0028,0.9774,0.874,1.0,0.8215,0.1962,0.5451,72.76,False
SGP,Singapore,Other,migration_linked,1.0,1.33,1.0,1.33,0.7,0.83,0.13,0.7,0.13,0.79,0.88,0.79,0.88,0.09,40827,50721,0.471,0.0,0.0,2.384,unspecified,True,0.5,0.48,0.56,0.42,0.79,0.884,1.0,0.58,0.853,0.0,1.16,0.0,0.701,0.224,1.2,1.398,0.0,0.001,0.4214,0.4654,0.044,0.4654,1.1567,0.1113,0.84,0.14,0.01,1.88,1.84,0.0005,0.4626,0.8356,0.542,0.1393,0.8882,0.2184,1.87,0.718,urbanizing-majority,0.133,0.0028,0.9774,0.874,1.0,0.8215,0.1962,0.5451,72.76,False
SLB,Solomon Islands,Melanesian,largest_baseline_category,3.5,2.87,3.5,2.87,95.3,95.37,0.07,95.41,-0.04,95.39,95.36,95.36,95.39,0.03,780703,1248564,0.0,0.0,0.0,1.25,unspecified,False,0.5,0.48,0.56,0.42,0.454,1.3,1.0,0.78,0.839,0.0,0.0,0.0,0.0,0.0,1.0,1.0,0.0,0.001,0.0907,0.0893,-0.0014,0.0893,0.1847,0.2035,95.31,0.01,-0.07,1.407,1.377,0.0005,0.0905,0.5656,0.297,0.1149,0.7132,0.2356,1.1,0.55,mixed-rural-urban,0.0,0.1327,0.8722,0.6677,0.6322,0.4201,0.4324,0.0,55.8,True
SLB,Solomon Islands,Polynesian,largest_baseline_category,3.5,2.87,3.5,2.87,3.1,3.02,-0.08,3.02,-0.0,3.02,3.02,3.02,3.02,0.0,25395,39521,0.0,0.0,0.0,1.25,unspecified,False,0.5,0.48,0.56,0.42,0.454,0.989,1.0,0.78,0.77,0.0,0.0,0.0,0.0,0.0,1.0,1.0,0.0,0.001,0.0907,0.0893,-0.0014,0.0893,0.1847,0.2035,3.06,-0.04,0.04,1.407,1.377,0.0005,0.0905,0.5656,0.297,0.1149,0.7132,0.2356,1.1,0.55,mixed-rural-urban,0.0,0.1327,0.8722,0.6677,0.6322,0.4201,0.4324,0.0,55.8,False
SLB,Solomon Islands,Micronesian,largest_baseline_category,3.5,2.87,3.5,2.87,1.2,1.17,-0.03,1.17,-0.0,1.17,1.17,1.17,1.17,0.0,9830,15299,0.0,0.0,0.0,1.25,unspecified,False,0.5,0.48,0.56,0.42,0.454,0.915,1.0,0.78,0.753,0.0,0.0,0.0,0.0,0.0,1.0,1.0,0.0,0.001,0.0907,0.0893,-0.0014,0.0893,0.1847,0.2035,1.19,-0.01,0.02,1.407,1.377,0.0005,0.0905,0.5656,0.297,0.1149,0.7132,0.2356,1.1,0.55,mixed-rural-urban,0.0,0.1327,0.8722,0.6677,0.6322,0.4201,0.4324,0.0,55.8,False
SLB,Solomon Islands,Other,migration_linked,3.5,2.87,3.5,2.87,0.4,0.44,0.04,0.4,0.04,0.43,0.45,0.43,0.45,0.03,3277,5728,0.0,0.0,0.0,1.25,unspecified,True,0.5,0.48,0.56,0.42,0.454,0.86,1.0,0.78,0.741,0.0,0.0,0.0,0.0,0.0,1.0,1.0,0.0,0.001,0.0907,0.0893,-0.0014,0.0893,0.1847,0.2035,0.44,0.04,0.01,1.407,1.377,0.0005,0.0905,0.5656,0.297,0.1149,0.7132,0.2356,1.1,0.55,mixed-rural-urban,0.0,0.1327,0.8722,0.6677,0.6322,0.4201,0.4324,0.0,55.8,False
SLE,Sierra Leone,Temne,largest_baseline_category,4.0,3.15,4.0,3.15,35.5,37.11,1.61,37.11,0.0,37.11,37.11,37.11,37.11,0.0,3067920,4805184,0.0,0.0,0.0,1.25,unspecified,False,0.5,0.48,0.56,0.42,0.454,1.252,1.0,0.78,0.828,0.0,0.0,0.778,0.0,0.0,1.0,1.0,0.0,0.001,0.7416,0.7366,-0.0049,0.7366,2.24,0.3142,36.2,0.7,-0.91,2.034,2.288,0.0005,0.7396,0.3394,0.2231,0.1411,0.6013,0.2819,3.8,0.329,rural-heavy,0.0,0.0633,0.6736,0.4455,0.497,0.0707,0.6688,0.0,52.98,True
SLE,Sierra Leone,Mende,largest_baseline_category,4.0,3.15,4.0,3.15,33.2,32.31,-0.89,32.31,0.0,32.31,32.31,32.31,32.31,0.0,2869154,4183051,0.0,0.0,0.0,1.25,unspecified,False,0.5,0.48,0.56,0.42,0.454,1.244,1.0,0.78,0.826,0.0,0.0,0.778,0.0,0.0,1.0,1.0,0.0,0.001,0.7416,0.7366,-0.0049,0.7366,2.24,0.3142,32.77,-0.43,0.47,2.034,2.288,0.0005,0.7396,0.3394,0.2231,0.1411,0.6013,0.2819,3.8,0.329,rural-heavy,0.0,0.0633,0.6736,0.4455,0.497,0.0707,0.6688,0.0,52.98,False
SLE,Sierra Leone,Limba,largest_baseline_category,4.0,3.15,4.0,3.15,6.4,6.23,-0.17,6.23,0.0,6.23,6.23,6.23,6.23,0.0,553090,806371,0.0,0.0,0.0,1.25,unspecified,False,0.5,0.48,0.56,0.42,0.454,1.06,1.0,0.78,0.785,0.0,0.0,0.778,0.0,0.0,1.0,1.0,0.0,0.001,0.7416,0.7366,-0.0049,0.7366,2.24,0.3142,6.32,-0.08,0.09,2.034,2.288,0.0005,0.7396,0.3394,0.2231,0.1411,0.6013,0.2819,3.8,0.329,rural-heavy,0.0,0.0633,0.6736,0.4455,0.497,0.0707,0.6688,0.0,52.98,False
SLE,Sierra Leone,Kono,largest_baseline_category,4.0,3.15,4.0,3.15,4.4,4.28,-0.12,4.28,0.0,4.28,4.28,4.28,4.28,0.0,380249,554380,0.0,0.0,0.0,1.25,unspecified,False,0.5,0.48,0.56,0.42,0.454,1.022,1.0,0.78,0.777,0.0,0.0,0.778,0.0,0.0,1.0,1.0,0.0,0.001,0.7416,0.7366,-0.0049,0.7366,2.24,0.3142,4.34,-0.06,0.06,2.034,2.288,0.0005,0.7396,0.3394,0.2231,0.1411,0.6013,0.2819,3.8,0.329,rural-heavy,0.0,0.0633,0.6736,0.4455,0.497,0.0707,0.6688,0.0,52.98,False
SLE,Sierra Leone,Krio (Creole),largest_baseline_category,4.0,3.15,4.0,3.15,3.4,3.31,-0.09,3.31,0.0,3.31,3.31,3.31,3.31,0.0,293829,428385,0.0,0.0,0.0,1.25,unspecified,False,0.5,0.48,0.56,0.42,0.454,0.998,1.0,0.78,0.771,0.0,0.0,0.778,0.0,0.0,1.0,1.0,0.0,0.001,0.7416,0.7366,-0.0049,0.7366,2.24,0.3142,3.36,-0.04,0.05,2.034,2.288,0.0005,0.7396,0.3394,0.2231,0.1411,0.6013,0.2819,3.8,0.329,rural-heavy,0.0,0.0633,0.6736,0.4455,0.497,0.0707,0.6688,0.0,52.98,False
SLE,Sierra Leone,Koranko,largest_baseline_category,4.0,3.15,4.0,3.15,2.9,2.82,-0.08,2.82,0.0,2.82,2.82,2.82,2.82,0.0,250619,365387,0.0,0.0,0.0,1.25,unspecified,False,0.5,0.48,0.56,0.42,0.454,0.983,1.0,0.78,0.768,0.0,0.0,0.778,0.0,0.0,1.0,1.0,0.0,0.001,0.7416,0.7366,-0.0049,0.7366,2.24,0.3142,2.86,-0.04,0.04,2.034,2.288,0.0005,0.7396,0.3394,0.2231,0.1411,0.6013,0.2819,3.8,0.329,rural-heavy,0.0,0.0633,0.6736,0.4455,0.497,0.0707,0.6688,0.0,52.98,False
SLE,Sierra Leone,Sherbro,largest_baseline_category,4.0,3.15,4.0,3.15,2.6,2.53,-0.07,2.53,0.0,2.53,2.53,2.53,2.53,0.0,224693,327588,0.0,0.0,0.0,1.25,unspecified,False,0.5,0.48,0.56,0.42,0.454,0.974,1.0,0.78,0.766,0.0,0.0,0.778,0.0,0.0,1.0,1.0,0.0,0.001,0.7416,0.7366,-0.0049,0.7366,2.24,0.3142,2.57,-0.03,0.04,2.034,2.288,0.0005,0.7396,0.3394,0.2231,0.1411,0.6013,0.2819,3.8,0.329,rural-heavy,0.0,0.0633,0.6736,0.4455,0.497,0.0707,0.6688,0.0,52.98,False
SLE,Sierra Leone,Other,identity_category_transition,4.0,3.15,4.0,3.15,11.6,11.41,-0.19,11.41,0.0,11.41,11.41,11.41,11.41,0.0,1002475,1477985,0.0,0.0,0.0,1.25,unspecified,False,0.5,0.48,0.56,0.42,0.454,1.124,1.0,0.78,0.799,0.0,0.0,0.778,0.0,0.0,1.0,1.0,0.0,0.001,0.7416,0.7366,-0.0049,0.7366,2.24,0.3142,11.58,-0.02,0.16,2.034,2.288,0.0005,0.7396,0.3394,0.2231,0.1411,0.6013,0.2819,3.8,0.329,rural-heavy,0.0,0.0633,0.6736,0.4455,0.497,0.0707,0.6688,0.0,52.98,False
SLV,El Salvador,Mestizo,largest_baseline_category,1.9,1.96,1.9,1.96,86.3,89.16,2.86,89.16,0.0,89.09,89.24,89.09,89.24,0.15,5469864,5941218,0.086,0.0,0.0,1.384,unspecified,False,0.5,0.48,0.56,0.42,0.483,1.3,1.0,0.78,0.857,0.0,0.0,0.595,0.0,0.0,1.0,1.03,0.0,0.001,0.239,0.1954,-0.0436,0.1954,0.4024,0.1668,88.62,2.32,-0.55,1.557,1.585,0.0005,0.204,0.6369,0.3094,0.0938,0.74,0.2278,1.24,0.512,mixed-rural-urban,0.042,0.1064,0.8619,0.7036,0.7958,0.4962,0.2329,0.2253,59.98,True
SLV,El Salvador,White,lower_fertility_path,1.3,1.72,1.9,1.96,12.7,9.75,-2.95,9.75,0.0,9.83,9.67,9.67,9.83,0.16,804951,649880,0.086,0.0,0.0,1.384,unspecified,False,0.5,0.48,0.56,0.42,0.483,1.134,1.0,0.78,0.818,0.0,0.0,0.595,0.0,0.0,1.0,1.03,0.0,0.001,0.239,0.1954,-0.0436,0.1954,0.4024,0.1668,10.3,-2.4,0.55,1.557,1.585,0.0005,0.204,0.6369,0.3094,0.0938,0.74,0.2278,1.24,0.512,mixed-rural-urban,0.042,0.1064,0.8619,0.7036,0.7958,0.4962,0.2329,0.2253,59.98,False
SLV,El Salvador,Indigenous (Nahua-Pipil),higher_fertility_path,2.75,2.3,1.9,1.96,0.2,0.27,0.07,0.27,0.0,0.27,0.28,0.27,0.28,0.0,12676,18176,0.086,0.0,0.0,1.384,unspecified,False,0.5,0.48,0.56,0.42,0.483,0.842,1.0,0.78,0.749,0.0,0.0,0.595,0.0,0.0,1.0,1.03,0.0,0.001,0.239,0.1954,-0.0436,0.1954,0.4024,0.1668,0.26,0.06,-0.01,1.557,1.585,0.0005,0.204,0.6369,0.3094,0.0938,0.74,0.2278,1.24,0.512,mixed-rural-urban,0.042,0.1064,0.8619,0.7036,0.7958,0.4962,0.2329,0.2253,59.98,False
SLV,El Salvador,Other,identity_category_transition,1.9,1.96,1.9,1.96,0.8,0.81,0.01,0.81,0.0,0.81,0.81,0.81,0.81,0.0,50706,54074,0.086,0.0,0.0,1.384,unspecified,False,0.5,0.48,0.56,0.42,0.483,0.891,1.0,0.78,0.76,0.0,0.0,0.595,0.0,0.0,1.0,1.03,0.0,0.001,0.239,0.1954,-0.0436,0.1954,0.4024,0.1668,0.82,0.02,0.01,1.557,1.585,0.0005,0.204,0.6369,0.3094,0.0938,0.74,0.2278,1.24,0.512,mixed-rural-urban,0.042,0.1064,0.8619,0.7036,0.7958,0.4962,0.2329,0.2253,59.98,False
SMR,San Marino,Sammarinese,largest_baseline_category,1.2,1.47,1.2,1.47,84.0,82.8,-1.2,84.65,-1.84,83.35,82.14,82.14,83.35,1.22,28229,27920,0.386,0.0,0.0,1.853,unspecified,False,0.5,0.48,0.56,0.42,0.585,1.3,1.0,0.78,0.922,0.0,0.0,0.0,0.0,0.0,1.0,1.135,0.0,0.001,0.2784,0.2962,0.0178,0.2962,0.6488,0.1372,82.45,-1.55,-0.35,1.623,1.64,0.0005,0.3012,0.7901,0.45,0.2009,0.816,0.2309,1.42,0.55,mixed-rural-urban,0.174,0.011,1.0,0.8144,0.9749,0.7651,0.0786,0.1209,65.4,True
SMR,San Marino,Italian,migration_linked,1.1,1.43,1.2,1.47,12.0,12.74,0.74,11.36,1.38,12.33,13.23,12.33,13.23,0.9,4033,4295,0.386,0.0,0.0,1.853,unspecified,True,0.5,0.48,0.56,0.42,0.585,1.128,1.0,0.78,0.873,0.0,0.0,0.0,0.0,0.0,1.0,1.135,0.0,0.001,0.2784,0.2962,0.0178,0.2962,0.6488,0.1372,13.03,1.03,0.29,1.623,1.64,0.0005,0.3012,0.7901,0.45,0.2009,0.816,0.2309,1.42,0.55,mixed-rural-urban,0.174,0.011,1.0,0.8144,0.9749,0.7651,0.0786,0.1209,65.4,False
SMR,San Marino,Other,migration_linked,1.2,1.47,1.2,1.47,4.0,4.46,0.46,4.0,0.46,4.32,4.63,4.32,4.63,0.32,1344,1504,0.386,0.0,0.0,1.853,unspecified,True,0.5,0.48,0.56,0.42,0.585,1.013,1.0,0.78,0.84,0.0,0.0,0.0,0.0,0.0,1.0,1.135,0.0,0.001,0.2784,0.2962,0.0178,0.2962,0.6488,0.1372,4.52,0.52,0.06,1.623,1.64,0.0005,0.3012,0.7901,0.45,0.2009,0.816,0.2309,1.42,0.55,mixed-rural-urban,0.174,0.011,1.0,0.8144,0.9749,0.7651,0.0786,0.1209,65.4,False
SOM,Somalia,Somali (Hawiye),higher_fertility_path,6.75,4.55,6.0,4.25,30.0,29.43,-0.57,29.46,-0.03,29.43,29.43,29.43,29.43,0.01,5702746,10950021,0.0,0.0,0.0,1.25,SOM;ETH;KEN,False,0.717,0.799,0.567,0.747,0.454,1.232,1.0,0.78,0.942,0.0,0.0,0.822,0.0,0.0,1.0,1.0,0.0,0.001,0.773,0.7652,-0.0078,0.7652,2.3953,0.3403,29.84,-0.16,0.41,2.087,2.332,0.0005,0.7683,0.2654,0.2387,0.1617,0.5476,0.3247,4.26,0.36,rural-heavy,0.0,0.0341,0.6345,0.2938,0.4511,0.0,0.72,0.0,50.46,False
SOM,Somalia,Somali (Darood),higher_fertility_path,6.75,4.55,6.0,4.25,32.0,33.97,1.97,34.0,-0.03,33.97,33.96,33.96,33.97,0.01,6082930,12637845,0.0,0.0,0.0,1.25,SOM;ETH;KEN,False,0.717,0.799,0.567,0.747,0.454,1.24,1.0,0.78,0.945,0.0,0.0,0.822,0.0,0.0,1.0,1.0,0.0,0.001,0.773,0.7652,-0.0078,0.7652,2.3953,0.3403,32.99,0.99,-0.98,2.087,2.332,0.0005,0.7683,0.2654,0.2387,0.1617,0.5476,0.3247,4.26,0.36,rural-heavy,0.0,0.0341,0.6345,0.2938,0.4511,0.0,0.72,0.0,50.46,True
SOM,Somalia,Somali (Isaaq),higher_fertility_path,6.75,4.55,6.0,4.25,15.0,14.72,-0.28,14.73,-0.01,14.72,14.71,14.71,14.72,0.0,2851373,5475011,0.0,0.0,0.0,1.25,SOM;ETH;KEN,False,0.717,0.799,0.567,0.747,0.454,1.153,1.0,0.78,0.917,0.0,0.0,0.822,0.0,0.0,1.0,1.0,0.0,0.001,0.773,0.7652,-0.0078,0.7652,2.3953,0.3403,14.92,-0.08,0.2,2.087,2.332,0.0005,0.7683,0.2654,0.2387,0.1617,0.5476,0.3247,4.26,0.36,rural-heavy,0.0,0.0341,0.6345,0.2938,0.4511,0.0,0.72,0.0,50.46,False
SOM,Somalia,Somali (Rahanweyn),higher_fertility_path,6.75,4.55,6.0,4.25,6.0,5.89,-0.11,5.89,-0.01,5.89,5.89,5.89,5.89,0.0,1140549,2190004,0.0,0.0,0.0,1.25,SOM;ETH;KEN,False,0.717,0.799,0.567,0.747,0.454,1.054,1.0,0.78,0.886,0.0,0.0,0.822,0.0,0.0,1.0,1.0,0.0,0.001,0.773,0.7652,-0.0078,0.7652,2.3953,0.3403,5.97,-0.03,0.08,2.087,2.332,0.0005,0.7683,0.2654,0.2387,0.1617,0.5476,0.3247,4.26,0.36,rural-heavy,0.0,0.0341,0.6345,0.2938,0.4511,0.0,0.72,0.0,50.46,False
SOM,Somalia,Other Somali clans (Dir/other),higher_fertility_path,6.75,4.55,6.0,4.25,7.0,6.87,-0.13,6.87,-0.01,6.87,6.87,6.87,6.87,0.0,1330641,2555005,0.0,0.0,0.0,1.25,SOM;ETH;KEN,False,0.717,0.799,0.567,0.747,0.454,1.07,1.0,0.78,0.891,0.0,0.0,0.822,0.0,0.0,1.0,1.0,0.0,0.001,0.773,0.7652,-0.0078,0.7652,2.3953,0.3403,6.96,-0.04,0.09,2.087,2.332,0.0005,0.7683,0.2654,0.2387,0.1617,0.5476,0.3247,4.26,0.36,rural-heavy,0.0,0.0341,0.6345,0.2938,0.4511,0.0,0.72,0.0,50.46,False
SOM,Somalia,Bantu (Jareer),higher_fertility_path,6.35,4.39,6.0,4.25,5.0,4.58,-0.42,4.59,-0.0,4.59,4.57,4.57,4.59,0.02,950458,1705105,0.0,0.0,0.0,1.25,unspecified,False,0.5,0.48,0.56,0.42,0.454,1.035,1.0,0.78,0.78,0.0,0.0,0.822,0.0,0.0,1.0,1.0,0.0,0.001,0.773,0.7652,-0.0078,0.7652,2.3953,0.3403,4.67,-0.33,0.09,2.087,2.332,0.0005,0.7683,0.2654,0.2387,0.1617,0.5476,0.3247,4.26,0.36,rural-heavy,0.0,0.0341,0.6345,0.2938,0.4511,0.0,0.72,0.0,50.46,False
SOM,Somalia,Arab/Benadiri,largest_baseline_category,6.0,4.25,6.0,4.25,1.0,0.84,-0.16,0.84,-0.0,0.85,0.84,0.84,0.85,0.01,190092,313572,0.0,0.0,0.0,1.25,unspecified,False,0.5,0.48,0.56,0.42,0.454,0.903,1.0,0.78,0.75,0.0,0.0,0.822,0.0,0.0,1.0,1.0,0.0,0.001,0.773,0.7652,-0.0078,0.7652,2.3953,0.3403,0.86,-0.14,0.02,2.087,2.332,0.0005,0.7683,0.2654,0.2387,0.1617,0.5476,0.3247,4.26,0.36,rural-heavy,0.0,0.0341,0.6345,0.2938,0.4511,0.0,0.72,0.0,50.46,False
SOM,Somalia,Ethiopian migrant,migration_linked,6.0,4.25,6.0,4.25,1.0,0.96,-0.04,0.86,0.1,0.93,0.99,0.93,0.99,0.06,190092,356883,0.0,0.0,0.0,1.25,ETH,True,0.71,0.81,0.52,0.76,0.454,0.903,1.0,0.78,0.835,0.0,0.0,0.822,0.0,0.0,1.0,1.0,0.0,0.001,0.773,0.7652,-0.0078,0.7652,2.3953,0.3403,0.98,-0.02,0.02,2.087,2.332,0.0005,0.7683,0.2654,0.2387,0.1617,0.5476,0.3247,4.26,0.36,rural-heavy,0.0,0.0341,0.6345,0.2938,0.4511,0.0,0.72,0.0,50.46,False
SOM,Somalia,Other,higher_fertility_path,6.35,4.39,6.0,4.25,3.0,2.75,-0.25,2.75,-0.0,2.75,2.74,2.74,2.75,0.01,570275,1023063,0.0,0.0,0.0,1.25,unspecified,False,0.5,0.48,0.56,0.42,0.454,0.986,1.0,0.78,0.769,0.0,0.0,0.822,0.0,0.0,1.0,1.0,0.0,0.001,0.773,0.7652,-0.0078,0.7652,2.3953,0.3403,2.8,-0.2,0.05,2.087,2.332,0.0005,0.7683,0.2654,0.2387,0.1617,0.5476,0.3247,4.26,0.36,rural-heavy,0.0,0.0341,0.6345,0.2938,0.4511,0.0,0.72,0.0,50.46,False
SRB,Serbia,Serb,largest_baseline_category,1.5,1.68,1.5,1.68,80.6,79.66,-0.94,80.42,-0.76,79.91,79.36,79.36,79.91,0.55,5429391,4407238,0.559,0.464,0.138,2.296,unspecified,False,0.5,0.48,0.56,0.42,0.715,1.3,1.0,0.78,1.004,0.0,0.0,0.0,0.0,0.0,1.0,1.223,0.0,0.001,0.3381,0.3517,0.0136,0.3517,0.8404,0.2324,79.47,-1.13,-0.18,1.691,1.723,0.0005,0.3543,0.6925,0.529,0.24,0.808,0.2458,1.54,0.55,mixed-rural-urban,0.251,0.0268,0.8917,0.8466,0.8419,0.6535,0.4727,0.9807,60.7,True
SRB,Serbia,Hungarian,lower_fertility_path,1.1,1.52,1.5,1.68,2.8,2.17,-0.63,2.19,-0.02,2.19,2.15,2.15,2.19,0.04,188614,120207,0.559,0.464,0.138,2.296,unspecified,False,0.5,0.48,0.56,0.42,0.715,0.98,1.0,0.78,0.893,0.0,0.0,0.0,0.0,0.0,1.0,1.223,0.0,0.001,0.3381,0.3517,0.0136,0.3517,0.8404,0.2324,2.28,-0.52,0.11,1.691,1.723,0.0005,0.3543,0.6925,0.529,0.24,0.808,0.2458,1.54,0.55,mixed-rural-urban,0.251,0.0268,0.8917,0.8466,0.8419,0.6535,0.4727,0.9807,60.7,False
SRB,Serbia,Bosniak,higher_fertility_path,1.85,1.82,1.5,1.68,2.3,2.61,0.31,2.63,-0.03,2.6,2.61,2.6,2.61,0.0,154933,144215,0.559,0.464,0.138,2.296,unspecified,False,0.5,0.48,0.56,0.42,0.715,0.963,1.0,0.78,0.887,0.0,0.0,0.0,0.0,0.0,1.0,1.223,0.0,0.001,0.3381,0.3517,0.0136,0.3517,0.8404,0.2324,2.58,0.28,-0.02,1.691,1.723,0.0005,0.3543,0.6925,0.529,0.24,0.808,0.2458,1.54,0.55,mixed-rural-urban,0.251,0.0268,0.8917,0.8466,0.8419,0.6535,0.4727,0.9807,60.7,False
SRB,Serbia,Romani,higher_fertility_path,2.55,2.1,1.5,1.68,2.0,2.9,0.9,2.93,-0.03,2.88,2.92,2.88,2.92,0.04,134724,160454,0.559,0.464,0.138,2.296,unspecified,False,0.5,0.48,0.56,0.42,0.715,0.952,1.0,0.78,0.883,0.0,0.0,0.0,0.0,0.0,1.0,1.223,0.0,0.001,0.3381,0.3517,0.0136,0.3517,0.8404,0.2324,2.77,0.77,-0.13,1.691,1.723,0.0005,0.3543,0.6925,0.529,0.24,0.808,0.2458,1.54,0.55,mixed-rural-urban,0.251,0.0268,0.8917,0.8466,0.8419,0.6535,0.4727,0.9807,60.7,False
SRB,Serbia,Slovak,lower_fertility_path,1.1,1.52,1.5,1.68,0.7,0.54,-0.16,0.55,-0.01,0.55,0.54,0.54,0.55,0.01,47154,30052,0.559,0.464,0.138,2.296,unspecified,False,0.5,0.48,0.56,0.42,0.715,0.884,1.0,0.78,0.859,0.0,0.0,0.0,0.0,0.0,1.0,1.223,0.0,0.001,0.3381,0.3517,0.0136,0.3517,0.8404,0.2324,0.57,-0.13,0.03,1.691,1.723,0.0005,0.3543,0.6925,0.529,0.24,0.808,0.2458,1.54,0.55,mixed-rural-urban,0.251,0.0268,0.8917,0.8466,0.8419,0.6535,0.4727,0.9807,60.7,False
SRB,Serbia,Croat,lower_fertility_path,1.1,1.52,1.5,1.68,0.8,0.62,-0.18,0.63,-0.01,0.63,0.61,0.61,0.63,0.01,53890,34345,0.559,0.464,0.138,2.296,unspecified,False,0.5,0.48,0.56,0.42,0.715,0.891,1.0,0.78,0.861,0.0,0.0,0.0,0.0,0.0,1.0,1.223,0.0,0.001,0.3381,0.3517,0.0136,0.3517,0.8404,0.2324,0.65,-0.15,0.03,1.691,1.723,0.0005,0.3543,0.6925,0.529,0.24,0.808,0.2458,1.54,0.55,mixed-rural-urban,0.251,0.0268,0.8917,0.8466,0.8419,0.6535,0.4727,0.9807,60.7,False
SRB,Serbia,Albanian,higher_fertility_path,1.85,1.82,1.5,1.68,0.6,0.68,0.08,0.69,-0.01,0.68,0.68,0.68,0.68,0.0,40417,37621,0.559,0.464,0.138,2.296,unspecified,False,0.5,0.48,0.56,0.42,0.715,0.876,1.0,0.78,0.856,0.0,0.0,0.0,0.0,0.0,1.0,1.223,0.0,0.001,0.3381,0.3517,0.0136,0.3517,0.8404,0.2324,0.67,0.07,-0.01,1.691,1.723,0.0005,0.3543,0.6925,0.529,0.24,0.808,0.2458,1.54,0.55,mixed-rural-urban,0.251,0.0268,0.8917,0.8466,0.8419,0.6535,0.4727,0.9807,60.7,False
SRB,Serbia,Other,identity_category_transition,1.5,1.68,1.5,1.68,10.2,10.82,0.62,9.96,0.86,10.56,11.13,10.56,11.13,0.57,687094,598731,0.559,0.464,0.138,2.296,unspecified,False,0.5,0.48,0.56,0.42,0.715,1.11,1.0,0.78,0.938,0.0,0.0,0.0,0.0,0.0,1.0,1.223,0.0,0.001,0.3381,0.3517,0.0136,0.3517,0.8404,0.2324,10.99,0.79,0.17,1.691,1.723,0.0005,0.3543,0.6925,0.529,0.24,0.808,0.2458,1.54,0.55,mixed-rural-urban,0.251,0.0268,0.8917,0.8466,0.8419,0.6535,0.4727,0.9807,60.7,False
SSD,South Sudan,Dinka,higher_fertility_path,5.45,3.83,4.7,3.53,35.8,40.28,4.48,40.28,0.0,40.21,40.35,40.21,40.35,0.14,4275741,7388830,0.0,0.0,0.0,1.25,unspecified,False,0.5,0.48,0.56,0.42,0.454,1.253,1.0,0.78,0.828,0.0,0.0,0.0,0.0,0.0,1.0,1.0,0.0,0.001,0.7665,0.746,-0.0205,0.746,2.3039,0.3392,39.16,3.36,-1.13,2.064,2.323,0.0005,0.7515,0.2945,0.2334,0.1849,0.5728,0.3043,3.94,0.332,rural-heavy,0.0,0.0144,0.5827,0.3685,0.3034,0.0277,0.72,0.0,51.04,True
SSD,South Sudan,Nuer,higher_fertility_path,5.45,3.83,4.7,3.53,15.6,16.4,0.8,16.4,0.0,16.37,16.43,16.37,16.43,0.06,1863172,3008373,0.0,0.0,0.0,1.25,unspecified,False,0.5,0.48,0.56,0.42,0.454,1.157,1.0,0.78,0.807,0.0,0.0,0.0,0.0,0.0,1.0,1.0,0.0,0.001,0.7665,0.746,-0.0205,0.746,2.3039,0.3392,16.54,0.94,0.14,2.064,2.323,0.0005,0.7515,0.2945,0.2334,0.1849,0.5728,0.3043,3.94,0.332,rural-heavy,0.0,0.0144,0.5827,0.3685,0.3034,0.0277,0.72,0.0,51.04,False
SSD,South Sudan,Shilluk,largest_baseline_category,4.7,3.53,4.7,3.53,5.7,5.05,-0.65,5.05,0.0,5.06,5.04,5.04,5.06,0.02,680774,926030,0.0,0.0,0.0,1.25,unspecified,False,0.5,0.48,0.56,0.42,0.454,1.048,1.0,0.78,0.783,0.0,0.0,0.0,0.0,0.0,1.0,1.0,0.0,0.001,0.7665,0.746,-0.0205,0.746,2.3039,0.3392,5.16,-0.54,0.11,2.064,2.323,0.0005,0.7515,0.2945,0.2334,0.1849,0.5728,0.3043,3.94,0.332,rural-heavy,0.0,0.0144,0.5827,0.3685,0.3034,0.0277,0.72,0.0,51.04,False
SSD,South Sudan,Azande,largest_baseline_category,4.7,3.53,4.7,3.53,4.6,4.07,-0.53,4.07,0.0,4.08,4.07,4.07,4.08,0.02,549397,747322,0.0,0.0,0.0,1.25,unspecified,False,0.5,0.48,0.56,0.42,0.454,1.027,1.0,0.78,0.778,0.0,0.0,0.0,0.0,0.0,1.0,1.0,0.0,0.001,0.7665,0.746,-0.0205,0.746,2.3039,0.3392,4.17,-0.43,0.09,2.064,2.323,0.0005,0.7515,0.2945,0.2334,0.1849,0.5728,0.3043,3.94,0.332,rural-heavy,0.0,0.0144,0.5827,0.3685,0.3034,0.0277,0.72,0.0,51.04,False
SSD,South Sudan,Bari,largest_baseline_category,4.7,3.53,4.7,3.53,3.4,3.01,-0.39,3.01,0.0,3.02,3.0,3.0,3.02,0.01,406076,552369,0.0,0.0,0.0,1.25,unspecified,False,0.5,0.48,0.56,0.42,0.454,0.998,1.0,0.78,0.771,0.0,0.0,0.0,0.0,0.0,1.0,1.0,0.0,0.001,0.7665,0.746,-0.0205,0.746,2.3039,0.3392,3.08,-0.32,0.07,2.064,2.323,0.0005,0.7515,0.2945,0.2334,0.1849,0.5728,0.3043,3.94,0.332,rural-heavy,0.0,0.0144,0.5827,0.3685,0.3034,0.0277,0.72,0.0,51.04,False
SSD,South Sudan,Lotuko,largest_baseline_category,4.7,3.53,4.7,3.53,3.0,2.66,-0.34,2.66,0.0,2.66,2.65,2.65,2.66,0.01,358302,487384,0.0,0.0,0.0,1.25,unspecified,False,0.5,0.48,0.56,0.42,0.454,0.986,1.0,0.78,0.769,0.0,0.0,0.0,0.0,0.0,1.0,1.0,0.0,0.001,0.7665,0.746,-0.0205,0.746,2.3039,0.3392,2.72,-0.28,0.06,2.064,2.323,0.0005,0.7515,0.2945,0.2334,0.1849,0.5728,0.3043,3.94,0.332,rural-heavy,0.0,0.0144,0.5827,0.3685,0.3034,0.0277,0.72,0.0,51.04,False
SSD,South Sudan,Murle,largest_baseline_category,4.7,3.53,4.7,3.53,2.5,2.21,-0.29,2.21,0.0,2.22,2.21,2.21,2.22,0.01,298585,406153,0.0,0.0,0.0,1.25,unspecified,False,0.5,0.48,0.56,0.42,0.454,0.97,1.0,0.78,0.765,0.0,0.0,0.0,0.0,0.0,1.0,1.0,0.0,0.001,0.7665,0.746,-0.0205,0.746,2.3039,0.3392,2.26,-0.24,0.05,2.064,2.323,0.0005,0.7515,0.2945,0.2334,0.1849,0.5728,0.3043,3.94,0.332,rural-heavy,0.0,0.0144,0.5827,0.3685,0.3034,0.0277,0.72,0.0,51.04,False
SSD,South Sudan,Zande,largest_baseline_category,4.7,3.53,4.7,3.53,2.5,2.21,-0.29,2.21,0.0,2.22,2.21,2.21,2.22,0.01,298585,406153,0.0,0.0,0.0,1.25,unspecified,False,0.5,0.48,0.56,0.42,0.454,0.97,1.0,0.78,0.765,0.0,0.0,0.0,0.0,0.0,1.0,1.0,0.0,0.001,0.7665,0.746,-0.0205,0.746,2.3039,0.3392,2.26,-0.24,0.05,2.064,2.323,0.0005,0.7515,0.2945,0.2334,0.1849,0.5728,0.3043,3.94,0.332,rural-heavy,0.0,0.0144,0.5827,0.3685,0.3034,0.0277,0.72,0.0,51.04,False
SSD,South Sudan,Other (60+ groups),identity_category_transition,4.7,3.53,4.7,3.53,26.9,24.09,-2.81,24.09,0.0,24.15,24.04,24.04,24.15,0.11,3212777,4419360,0.0,0.0,0.0,1.25,unspecified,False,0.5,0.48,0.56,0.42,0.454,1.219,1.0,0.78,0.821,0.0,0.0,0.0,0.0,0.0,1.0,1.0,0.0,0.001,0.7665,0.746,-0.0205,0.746,2.3039,0.3392,24.64,-2.26,0.55,2.064,2.323,0.0005,0.7515,0.2945,0.2334,0.1849,0.5728,0.3043,3.94,0.332,rural-heavy,0.0,0.0144,0.5827,0.3685,0.3034,0.0277,0.72,0.0,51.04,False
STP,Sao Tome & Principe,Mestico (Forros),largest_baseline_category,3.8,3.04,3.8,3.04,44.9,46.08,1.18,46.37,-0.29,46.16,45.98,45.98,46.16,0.18,105761,168258,0.0,0.0,0.0,1.25,unspecified,False,0.5,0.48,0.56,0.42,0.454,1.279,1.0,0.78,0.834,0.0,0.0,0.0,0.0,0.0,1.0,1.0,0.0,0.001,0.7206,0.7129,-0.0077,0.7129,2.1423,0.3071,45.28,0.38,-0.81,1.988,2.259,0.0005,0.7182,0.4245,0.2229,0.2074,0.6737,0.227,3.48,0.29,rural-heavy,0.0,0.0626,0.81,0.6275,0.6737,0.1619,0.6609,0.0,53.0,True
STP,Sao Tome & Principe,Angolares,largest_baseline_category,3.8,3.04,3.8,3.04,15.0,14.54,-0.46,14.63,-0.09,14.57,14.51,14.51,14.57,0.06,35332,53086,0.0,0.0,0.0,1.25,unspecified,False,0.5,0.48,0.56,0.42,0.454,1.153,1.0,0.78,0.806,0.0,0.0,0.0,0.0,0.0,1.0,1.0,0.0,0.001,0.7206,0.7129,-0.0077,0.7129,2.1423,0.3071,14.74,-0.26,0.2,1.988,2.259,0.0005,0.7182,0.4245,0.2229,0.2074,0.6737,0.227,3.48,0.29,rural-heavy,0.0,0.0626,0.81,0.6275,0.6737,0.1619,0.6609,0.0,53.0,False
STP,Sao Tome & Principe,Tongas (mixed),identity_category_transition,3.8,3.04,3.8,3.04,10.0,9.8,-0.2,9.86,-0.06,9.82,9.78,9.78,9.82,0.04,23555,35789,0.0,0.0,0.0,1.25,unspecified,False,0.5,0.48,0.56,0.42,0.454,1.108,1.0,0.78,0.796,0.0,0.0,0.0,0.0,0.0,1.0,1.0,0.0,0.001,0.7206,0.7129,-0.0077,0.7129,2.1423,0.3071,9.94,-0.06,0.13,1.988,2.259,0.0005,0.7182,0.4245,0.2229,0.2074,0.6737,0.227,3.48,0.29,rural-heavy,0.0,0.0626,0.81,0.6275,0.6737,0.1619,0.6609,0.0,53.0,False
STP,Sao Tome & Principe,European descent,lower_fertility_path,3.2,2.8,3.8,3.04,4.0,3.3,-0.7,3.32,-0.02,3.32,3.27,3.27,3.32,0.04,9422,12036,0.0,0.0,0.0,1.25,unspecified,False,0.5,0.48,0.56,0.42,0.454,1.013,1.0,0.78,0.775,0.0,0.0,0.0,0.0,0.0,1.0,1.0,0.0,0.001,0.7206,0.7129,-0.0077,0.7129,2.1423,0.3071,3.41,-0.59,0.12,1.988,2.259,0.0005,0.7182,0.4245,0.2229,0.2074,0.6737,0.227,3.48,0.29,rural-heavy,0.0,0.0626,0.81,0.6275,0.6737,0.1619,0.6609,0.0,53.0,False
STP,Sao Tome & Principe,Other African,identity_category_transition,3.8,3.04,3.8,3.04,20.0,19.6,-0.4,19.73,-0.13,19.64,19.56,19.56,19.64,0.08,47110,71578,0.0,0.0,0.0,1.25,unspecified,False,0.5,0.48,0.56,0.42,0.454,1.185,1.0,0.78,0.813,0.0,0.0,0.0,0.0,0.0,1.0,1.0,0.0,0.001,0.7206,0.7129,-0.0077,0.7129,2.1423,0.3071,19.87,-0.13,0.27,1.988,2.259,0.0005,0.7182,0.4245,0.2229,0.2074,0.6737,0.227,3.48,0.29,rural-heavy,0.0,0.0626,0.81,0.6275,0.6737,0.1619,0.6609,0.0,53.0,False
STP,Sao Tome & Principe,Other,migration_linked,3.8,3.04,3.8,3.04,6.1,6.68,0.58,6.09,0.59,6.49,6.89,6.49,6.89,0.4,14368,24373,0.0,0.0,0.0,1.25,unspecified,True,0.5,0.48,0.56,0.42,0.454,1.055,1.0,0.78,0.784,0.0,0.0,0.0,0.0,0.0,1.0,1.0,0.0,0.001,0.7206,0.7129,-0.0077,0.7129,2.1423,0.3071,6.77,0.67,0.09,1.988,2.259,0.0005,0.7182,0.4245,0.2229,0.2074,0.6737,0.227,3.48,0.29,rural-heavy,0.0,0.0626,0.81,0.6275,0.6737,0.1619,0.6609,0.0,53.0,False
SUR,Suriname,Hindustani (East Indian),largest_baseline_category,2.1,2.1,2.1,2.1,27.4,27.87,0.47,27.99,-0.11,27.94,27.8,27.8,27.94,0.14,173836,204562,0.0,0.0,0.0,1.25,IND;PAK;BGD;LKA;NPL,False,0.718,0.719,0.752,0.684,0.454,1.222,1.0,0.78,0.94,0.0,0.0,0.0,0.0,0.0,1.0,1.0,0.0,0.001,0.8137,0.8122,-0.0016,0.8122,2.6618,0.1476,27.03,-0.37,-0.84,2.238,2.389,0.0005,0.8144,0.6583,0.297,0.1144,0.7452,0.2279,5.32,0.55,mixed-rural-urban,0.0,0.0534,0.8595,0.6668,0.8136,0.5877,0.274,0.3962,60.1,True
SUR,Suriname,Maroon (Ndyuka/Saramaka),higher_fertility_path,2.45,2.24,2.1,2.1,21.7,23.1,1.4,23.2,-0.1,23.08,23.11,23.08,23.11,0.04,137673,169519,0.0,0.0,0.0,1.25,unspecified,False,0.5,0.48,0.56,0.42,0.454,1.195,1.0,0.78,0.815,0.0,0.0,0.0,0.0,0.0,1.0,1.0,0.0,0.001,0.8137,0.8122,-0.0016,0.8122,2.6618,0.1476,23.14,1.44,0.04,2.238,2.389,0.0005,0.8144,0.6583,0.297,0.1144,0.7452,0.2279,5.32,0.55,mixed-rural-urban,0.0,0.0534,0.8595,0.6668,0.8136,0.5877,0.274,0.3962,60.1,False
SUR,Suriname,Creole,largest_baseline_category,2.1,2.1,2.1,2.1,15.7,14.53,-1.17,14.59,-0.06,14.57,14.49,14.49,14.57,0.08,99607,106633,0.0,0.0,0.0,1.25,unspecified,False,0.5,0.48,0.56,0.42,0.454,1.158,1.0,0.78,0.807,0.0,0.0,0.0,0.0,0.0,1.0,1.0,0.0,0.001,0.8137,0.8122,-0.0016,0.8122,2.6618,0.1476,14.83,-0.87,0.3,2.238,2.389,0.0005,0.8144,0.6583,0.297,0.1144,0.7452,0.2279,5.32,0.55,mixed-rural-urban,0.0,0.0534,0.8595,0.6668,0.8136,0.5877,0.274,0.3962,60.1,False
SUR,Suriname,Javanese,largest_baseline_category,2.1,2.1,2.1,2.1,13.7,12.68,-1.02,12.73,-0.05,12.71,12.64,12.64,12.71,0.07,86918,93049,0.0,0.0,0.0,1.25,unspecified,False,0.5,0.48,0.56,0.42,0.454,1.143,1.0,0.78,0.804,0.0,0.0,0.0,0.0,0.0,1.0,1.0,0.0,0.001,0.8137,0.8122,-0.0016,0.8122,2.6618,0.1476,12.94,-0.76,0.26,2.238,2.389,0.0005,0.8144,0.6583,0.297,0.1144,0.7452,0.2279,5.32,0.55,mixed-rural-urban,0.0,0.0534,0.8595,0.6668,0.8136,0.5877,0.274,0.3962,60.1,False
SUR,Suriname,Mixed,identity_category_transition,2.1,2.1,2.1,2.1,13.1,12.26,-0.84,12.31,-0.05,12.29,12.23,12.23,12.29,0.07,83111,89974,0.0,0.0,0.0,1.25,unspecified,False,0.5,0.48,0.56,0.42,0.454,1.138,1.0,0.78,0.802,0.0,0.0,0.0,0.0,0.0,1.0,1.0,0.0,0.001,0.8137,0.8122,-0.0016,0.8122,2.6618,0.1476,12.51,-0.59,0.25,2.238,2.389,0.0005,0.8144,0.6583,0.297,0.1144,0.7452,0.2279,5.32,0.55,mixed-rural-urban,0.0,0.0534,0.8595,0.6668,0.8136,0.5877,0.274,0.3962,60.1,False
SUR,Suriname,Amerindian,higher_fertility_path,2.95,2.44,2.1,2.1,4.1,5.07,0.97,5.09,-0.02,5.05,5.1,5.05,5.1,0.05,26012,37228,0.0,0.0,0.0,1.25,IND;PAK;BGD;LKA;NPL,False,0.718,0.719,0.752,0.684,0.454,1.016,1.0,0.78,0.874,0.0,0.0,0.0,0.0,0.0,1.0,1.0,0.0,0.001,0.8137,0.8122,-0.0016,0.8122,2.6618,0.1476,4.97,0.87,-0.11,2.238,2.389,0.0005,0.8144,0.6583,0.297,0.1144,0.7452,0.2279,5.32,0.55,mixed-rural-urban,0.0,0.0534,0.8595,0.6668,0.8136,0.5877,0.274,0.3962,60.1,False
SUR,Suriname,Other,migration_linked,2.1,2.1,2.1,2.1,4.3,4.49,0.19,4.09,0.4,4.37,4.63,4.37,4.63,0.26,27281,32943,0.0,0.0,0.0,1.25,unspecified,True,0.5,0.48,0.56,0.42,0.454,1.02,1.0,0.78,0.776,0.0,0.0,0.0,0.0,0.0,1.0,1.0,0.0,0.001,0.8137,0.8122,-0.0016,0.8122,2.6618,0.1476,4.58,0.28,0.09,2.238,2.389,0.0005,0.8144,0.6583,0.297,0.1144,0.7452,0.2279,5.32,0.55,mixed-rural-urban,0.0,0.0534,0.8595,0.6668,0.8136,0.5877,0.274,0.3962,60.1,False
SVK,Slovakia,Slovak,largest_baseline_category,1.5,1.68,1.5,1.68,80.7,80.51,-0.19,81.51,-1.0,80.81,80.14,80.14,80.81,0.67,4443955,3974452,0.425,0.355,0.128,2.073,unspecified,False,0.5,0.48,0.56,0.42,0.652,1.3,1.0,0.78,0.965,0.0,0.0,0.0,0.0,0.0,1.0,1.174,0.0,0.001,0.3358,0.3395,0.0037,0.3395,0.8074,0.1406,80.18,-0.52,-0.33,1.867,1.72,0.0005,0.3443,0.7286,0.5534,0.1049,0.8219,0.2157,1.51,0.874,metropolitan-heavy,0.053,0.0176,0.9128,0.881,0.8992,0.6734,0.399,0.863,62.36,True
SVK,Slovakia,Hungarian,lower_fertility_path,1.1,1.52,1.5,1.68,8.5,6.66,-1.84,6.74,-0.08,6.73,6.58,6.58,6.73,0.15,468075,328753,0.425,0.355,0.128,2.073,unspecified,False,0.5,0.48,0.56,0.42,0.652,1.09,1.0,0.78,0.898,0.0,0.0,0.0,0.0,0.0,1.0,1.174,0.0,0.001,0.3358,0.3395,0.0037,0.3395,0.8074,0.1406,7.01,-1.49,0.35,1.867,1.72,0.0005,0.3443,0.7286,0.5534,0.1049,0.8219,0.2157,1.51,0.874,metropolitan-heavy,0.053,0.0176,0.9128,0.881,0.8992,0.6734,0.399,0.863,62.36,False
SVK,Slovakia,Romani,higher_fertility_path,2.55,2.1,1.5,1.68,2.0,2.93,0.93,2.97,-0.04,2.91,2.95,2.91,2.95,0.04,110135,144554,0.425,0.355,0.128,2.073,unspecified,False,0.5,0.48,0.56,0.42,0.652,0.952,1.0,0.78,0.854,0.0,0.0,0.0,0.0,0.0,1.0,1.174,0.0,0.001,0.3358,0.3395,0.0037,0.3395,0.8074,0.1406,2.78,0.78,-0.15,1.867,1.72,0.0005,0.3443,0.7286,0.5534,0.1049,0.8219,0.2157,1.51,0.874,metropolitan-heavy,0.053,0.0176,0.9128,0.881,0.8992,0.6734,0.399,0.863,62.36,False
SVK,Slovakia,Czech,migration_linked,1.5,1.68,1.5,1.68,0.6,0.68,0.08,0.6,0.08,0.66,0.71,0.66,0.71,0.06,33041,33620,0.425,0.355,0.128,2.073,unspecified,True,0.5,0.48,0.56,0.42,0.652,0.876,1.0,0.78,0.83,0.0,0.0,0.0,0.0,0.0,1.0,1.174,0.0,0.001,0.3358,0.3395,0.0037,0.3395,0.8074,0.1406,0.69,0.09,0.01,1.867,1.72,0.0005,0.3443,0.7286,0.5534,0.1049,0.8219,0.2157,1.51,0.874,metropolitan-heavy,0.053,0.0176,0.9128,0.881,0.8992,0.6734,0.399,0.863,62.36,False
SVK,Slovakia,Rusyn / Ukrainian,largest_baseline_category,1.5,1.68,1.5,1.68,1.0,0.97,-0.03,0.98,-0.01,0.97,0.96,0.96,0.97,0.01,55068,47688,0.425,0.355,0.128,2.073,UKR,False,0.615,0.539,0.82,0.52,0.652,0.903,1.0,0.78,0.905,0.0,0.0,0.0,0.0,0.0,1.0,1.174,0.0,0.001,0.3358,0.3395,0.0037,0.3395,0.8074,0.1406,0.98,-0.02,0.01,1.867,1.72,0.0005,0.3443,0.7286,0.5534,0.1049,0.8219,0.2157,1.51,0.874,metropolitan-heavy,0.053,0.0176,0.9128,0.881,0.8992,0.6734,0.399,0.863,62.36,False
SVK,Slovakia,Other,migration_linked,1.5,1.68,1.5,1.68,7.2,8.25,1.05,7.2,1.05,7.92,8.65,7.92,8.65,0.73,396487,407426,0.425,0.355,0.128,2.073,unspecified,True,0.5,0.48,0.56,0.42,0.652,1.072,1.0,0.78,0.892,0.0,0.0,0.0,0.0,0.0,1.0,1.174,0.0,0.001,0.3358,0.3395,0.0037,0.3395,0.8074,0.1406,8.37,1.17,0.11,1.867,1.72,0.0005,0.3443,0.7286,0.5534,0.1049,0.8219,0.2157,1.51,0.874,metropolitan-heavy,0.053,0.0176,0.9128,0.881,0.8992,0.6734,0.399,0.863,62.36,False
SVN,Slovenia,Slovene,largest_baseline_category,1.6,1.75,1.6,1.75,83.1,81.43,-1.67,83.1,-1.67,81.96,80.81,80.81,81.96,1.15,1760633,1613651,0.317,0.264,0.128,1.905,unspecified,False,0.5,0.48,0.56,0.42,0.602,1.3,1.0,0.78,0.933,0.0,0.0,0.0,0.0,0.0,1.0,1.137,0.0,0.001,0.2942,0.318,0.0238,0.318,0.7136,0.1479,81.19,-1.91,-0.24,1.76,1.662,0.0005,0.3213,0.7475,0.4856,0.1065,0.8422,0.1927,1.47,0.766,urbanizing-majority,0.074,0.0,0.946,0.9258,0.9215,0.7046,0.4325,0.9591,62.42,True
SVN,Slovenia,Serb,migration_linked,1.6,1.75,1.6,1.75,2.0,2.22,0.22,1.98,0.23,2.14,2.3,2.14,2.3,0.16,42374,43893,0.317,0.264,0.128,1.905,unspecified,True,0.5,0.48,0.56,0.42,0.602,0.952,1.0,0.78,0.83,0.0,0.0,0.0,0.0,0.0,1.0,1.137,0.0,0.001,0.2942,0.318,0.0238,0.318,0.7136,0.1479,2.25,0.25,0.03,1.76,1.662,0.0005,0.3213,0.7475,0.4856,0.1065,0.8422,0.1927,1.47,0.766,urbanizing-majority,0.074,0.0,0.946,0.9258,0.9215,0.7046,0.4325,0.9591,62.42,False
SVN,Slovenia,Croat,identity_category_transition,1.6,1.75,1.6,1.75,1.8,1.73,-0.07,1.76,-0.04,1.74,1.71,1.71,1.74,0.02,38136,34245,0.317,0.264,0.128,1.905,unspecified,False,0.5,0.48,0.56,0.42,0.602,0.944,1.0,0.78,0.828,0.0,0.0,0.0,0.0,0.0,1.0,1.137,0.0,0.001,0.2942,0.318,0.0238,0.318,0.7136,0.1479,1.75,-0.05,0.03,1.76,1.662,0.0005,0.3213,0.7475,0.4856,0.1065,0.8422,0.1927,1.47,0.766,urbanizing-majority,0.074,0.0,0.946,0.9258,0.9215,0.7046,0.4325,0.9591,62.42,False
SVN,Slovenia,Bosniak,higher_fertility_path,1.95,1.89,1.6,1.75,1.1,1.23,0.13,1.26,-0.03,1.23,1.23,1.23,1.23,0.01,23306,24365,0.317,0.264,0.128,1.905,unspecified,False,0.5,0.48,0.56,0.42,0.602,0.909,1.0,0.78,0.818,0.0,0.0,0.0,0.0,0.0,1.0,1.137,0.0,0.001,0.2942,0.318,0.0238,0.318,0.7136,0.1479,1.22,0.12,-0.01,1.76,1.662,0.0005,0.3213,0.7475,0.4856,0.1065,0.8422,0.1927,1.47,0.766,urbanizing-majority,0.074,0.0,0.946,0.9258,0.9215,0.7046,0.4325,0.9591,62.42,False
SVN,Slovenia,Other,migration_linked,1.6,1.75,1.6,1.75,12.0,13.39,1.39,11.89,1.5,12.93,13.95,12.93,13.95,1.02,254243,265399,0.317,0.264,0.128,1.905,unspecified,True,0.5,0.48,0.56,0.42,0.602,1.128,1.0,0.78,0.882,0.0,0.0,0.0,0.0,0.0,1.0,1.137,0.0,0.001,0.2942,0.318,0.0238,0.318,0.7136,0.1479,13.59,1.59,0.19,1.76,1.662,0.0005,0.3213,0.7475,0.4856,0.1065,0.8422,0.1927,1.47,0.766,urbanizing-majority,0.074,0.0,0.946,0.9258,0.9215,0.7046,0.4325,0.9591,62.42,False
SWE,Sweden,Swedish,largest_baseline_category,1.5,1.68,1.5,1.68,78.0,73.13,-4.87,76.59,-3.46,74.3,71.68,71.68,74.3,2.62,8273455,8270310,0.257,0.204,0.126,1.81,unspecified,False,0.5,0.48,0.56,0.42,0.648,1.3,1.0,0.78,0.962,0.0,1.02,0.0,0.574,0.483,1.0,1.115,0.1,0.001,0.3861,0.458,0.0719,0.458,1.2291,0.1172,73.14,-4.86,0.01,2.12,2.091,0.0005,0.4577,0.7879,0.4659,0.0939,0.8519,0.1852,1.84,0.774,urbanizing-majority,0.058,-0.0014,0.9699,0.9303,0.9731,0.7544,0.308,0.6958,64.08,True
SWE,Sweden,Other Nordic/European,migration_linked,1.4,1.64,1.5,1.68,4.5,4.55,0.05,4.17,0.38,4.45,4.67,4.45,4.67,0.22,477315,514867,0.257,0.204,0.126,1.81,unspecified,True,0.5,0.48,0.56,0.42,0.648,1.025,1.0,0.78,0.875,0.0,1.02,0.0,0.574,0.483,1.0,1.115,0.1,0.001,0.3861,0.458,0.0719,0.458,1.2291,0.1172,4.68,0.18,0.13,2.12,2.091,0.0005,0.4577,0.7879,0.4659,0.0939,0.8519,0.1852,1.84,0.774,urbanizing-majority,0.058,-0.0014,0.9699,0.9303,0.9731,0.7544,0.308,0.6958,64.08,False
SWE,Sweden,Finnish,migration_linked,1.5,1.68,1.5,1.68,2.0,2.11,0.11,1.94,0.17,2.06,2.17,2.06,2.17,0.1,212140,238754,0.257,0.204,0.126,1.81,unspecified,True,0.5,0.48,0.56,0.42,0.648,0.952,1.0,0.78,0.852,0.0,1.02,0.0,0.574,0.483,1.0,1.115,0.1,0.001,0.3861,0.458,0.0719,0.458,1.2291,0.1172,2.15,0.15,0.04,2.12,2.091,0.0005,0.4577,0.7879,0.4659,0.0939,0.8519,0.1852,1.84,0.774,urbanizing-majority,0.058,-0.0014,0.9699,0.9303,0.9731,0.7544,0.308,0.6958,64.08,False
SWE,Sweden,Syrian,higher_fertility_path,2.25,1.98,1.5,1.68,1.8,3.46,1.66,2.35,1.11,3.06,3.97,3.06,3.97,0.91,190926,391202,0.257,0.204,0.126,1.81,SYR,True,0.672,0.726,0.6,0.74,0.648,0.944,1.0,0.78,0.953,0.0,1.02,0.0,0.574,0.483,1.0,1.115,0.1,0.001,0.3861,0.458,0.0719,0.458,1.2291,0.1172,3.35,1.55,-0.11,2.12,2.091,0.0005,0.4577,0.7879,0.4659,0.0939,0.8519,0.1852,1.84,0.774,urbanizing-majority,0.058,-0.0014,0.9699,0.9303,0.9731,0.7544,0.308,0.6958,64.08,False
SWE,Sweden,Iraqi,higher_fertility_path,2.25,1.98,1.5,1.68,1.4,1.74,0.34,1.82,-0.08,1.75,1.72,1.72,1.75,0.03,148498,196812,0.257,0.204,0.126,1.81,IRQ,False,0.651,0.702,0.58,0.7,0.648,0.925,1.0,0.78,0.932,0.0,1.02,0.0,0.574,0.483,1.0,1.115,0.1,0.001,0.3861,0.458,0.0719,0.458,1.2291,0.1172,1.68,0.28,-0.06,2.12,2.091,0.0005,0.4577,0.7879,0.4659,0.0939,0.8519,0.1852,1.84,0.774,urbanizing-majority,0.058,-0.0014,0.9699,0.9303,0.9731,0.7544,0.308,0.6958,64.08,False
SWE,Sweden,Iranian,migration_linked,1.9,1.84,1.5,1.68,1.0,1.24,0.24,1.15,0.1,1.21,1.28,1.21,1.28,0.07,106070,140576,0.257,0.204,0.126,1.81,unspecified,True,0.5,0.48,0.56,0.42,0.648,0.903,1.0,0.78,0.836,0.0,1.02,0.0,0.574,0.483,1.0,1.115,0.1,0.001,0.3861,0.458,0.0719,0.458,1.2291,0.1172,1.23,0.23,-0.01,2.12,2.091,0.0005,0.4577,0.7879,0.4659,0.0939,0.8519,0.1852,1.84,0.774,urbanizing-majority,0.058,-0.0014,0.9699,0.9303,0.9731,0.7544,0.308,0.6958,64.08,False
SWE,Sweden,Turkish,higher_fertility_path,2.25,1.98,1.5,1.68,0.6,0.75,0.15,0.78,-0.04,0.75,0.74,0.74,0.75,0.01,63642,84348,0.257,0.204,0.126,1.81,unspecified,False,0.5,0.48,0.56,0.42,0.648,0.876,1.0,0.78,0.828,0.0,1.02,0.0,0.574,0.483,1.0,1.115,0.1,0.001,0.3861,0.458,0.0719,0.458,1.2291,0.1172,0.72,0.12,-0.02,2.12,2.091,0.0005,0.4577,0.7879,0.4659,0.0939,0.8519,0.1852,1.84,0.774,urbanizing-majority,0.058,-0.0014,0.9699,0.9303,0.9731,0.7544,0.308,0.6958,64.08,False
SWE,Sweden,Afghan,higher_fertility_path,2.4,2.04,1.5,1.68,0.5,1.07,0.57,0.69,0.39,0.93,1.26,0.93,1.26,0.33,53035,121465,0.257,0.204,0.126,1.81,AFG,True,0.667,0.804,0.42,0.86,0.648,0.869,1.0,0.78,0.918,0.0,1.02,0.0,0.574,0.483,1.0,1.115,0.1,0.001,0.3861,0.458,0.0719,0.458,1.2291,0.1172,1.03,0.53,-0.04,2.12,2.091,0.0005,0.4577,0.7879,0.4659,0.0939,0.8519,0.1852,1.84,0.774,urbanizing-majority,0.058,-0.0014,0.9699,0.9303,0.9731,0.7544,0.308,0.6958,64.08,False
SWE,Sweden,Somalian,higher_fertility_path,2.8,2.2,1.5,1.68,0.7,1.56,0.86,1.09,0.48,1.39,1.79,1.39,1.79,0.4,74249,176923,0.257,0.204,0.126,1.81,SOM;ETH;KEN,True,0.717,0.799,0.567,0.747,0.648,0.884,1.067,0.78,0.979,0.0,1.02,0.0,0.574,0.483,1.0,1.115,0.1,0.001,0.3861,0.458,0.0719,0.458,1.2291,0.1172,1.47,0.77,-0.09,2.12,2.091,0.0005,0.4577,0.7879,0.4659,0.0939,0.8519,0.1852,1.84,0.774,urbanizing-majority,0.058,-0.0014,0.9699,0.9303,0.9731,0.7544,0.308,0.6958,64.08,False
SWE,Sweden,Eritrean,higher_fertility_path,1.85,1.82,1.5,1.68,0.4,0.44,0.04,0.45,-0.01,0.44,0.44,0.44,0.44,0.0,42428,49940,0.257,0.204,0.126,1.81,ETH,True,0.71,0.81,0.52,0.76,0.648,0.86,1.0,0.78,0.938,0.0,1.02,0.0,0.574,0.483,1.0,1.115,0.1,0.001,0.3861,0.458,0.0719,0.458,1.2291,0.1172,0.44,0.04,-0.0,2.12,2.091,0.0005,0.4577,0.7879,0.4659,0.0939,0.8519,0.1852,1.84,0.774,urbanizing-majority,0.058,-0.0014,0.9699,0.9303,0.9731,0.7544,0.308,0.6958,64.08,False
SWE,Sweden,Polish,migration_linked,1.5,1.68,1.5,1.68,1.3,1.37,0.07,1.26,0.11,1.34,1.4,1.34,1.4,0.06,137891,154964,0.257,0.204,0.126,1.81,unspecified,True,0.5,0.48,0.56,0.42,0.648,0.92,1.0,0.78,0.842,0.0,1.02,0.0,0.574,0.483,1.0,1.115,0.1,0.001,0.3861,0.458,0.0719,0.458,1.2291,0.1172,1.4,0.1,0.03,2.12,2.091,0.0005,0.4577,0.7879,0.4659,0.0939,0.8519,0.1852,1.84,0.774,urbanizing-majority,0.058,-0.0014,0.9699,0.9303,0.9731,0.7544,0.308,0.6958,64.08,False
SWE,Sweden,South/East Asian,migration_linked,1.5,1.68,1.5,1.68,3.3,3.49,0.19,3.2,0.29,3.41,3.58,3.41,3.58,0.17,350031,394724,0.257,0.204,0.126,1.81,unspecified,True,0.5,0.48,0.56,0.42,0.648,0.995,1.0,0.78,0.866,0.0,1.02,0.0,0.574,0.483,1.0,1.115,0.1,0.001,0.3861,0.458,0.0719,0.458,1.2291,0.1172,3.56,0.26,0.07,2.12,2.091,0.0005,0.4577,0.7879,0.4659,0.0939,0.8519,0.1852,1.84,0.774,urbanizing-majority,0.058,-0.0014,0.9699,0.9303,0.9731,0.7544,0.308,0.6958,64.08,False
SWE,Sweden,Indian,migration_linked,1.5,1.68,1.5,1.68,0.5,0.77,0.27,0.49,0.29,0.68,0.91,0.68,0.91,0.23,53035,87545,0.257,0.204,0.126,1.81,IND;PAK;BGD;LKA;NPL,True,0.718,0.719,0.752,0.684,0.648,0.869,1.0,0.78,0.946,0.0,1.02,0.0,0.574,0.483,1.0,1.115,0.1,0.001,0.3861,0.458,0.0719,0.458,1.2291,0.1172,0.79,0.29,0.01,2.12,2.091,0.0005,0.4577,0.7879,0.4659,0.0939,0.8519,0.1852,1.84,0.774,urbanizing-majority,0.058,-0.0014,0.9699,0.9303,0.9731,0.7544,0.308,0.6958,64.08,False
SWE,Sweden,Pakistani,higher_fertility_path,2.5,2.08,1.5,1.68,0.4,0.54,0.14,0.57,-0.03,0.54,0.54,0.54,0.54,0.01,42428,61118,0.257,0.204,0.126,1.81,PAK,False,0.769,0.814,0.7,0.74,0.648,0.86,1.0,0.78,0.97,0.0,1.02,0.0,0.574,0.483,1.0,1.115,0.1,0.001,0.3861,0.458,0.0719,0.458,1.2291,0.1172,0.52,0.12,-0.03,2.12,2.091,0.0005,0.4577,0.7879,0.4659,0.0939,0.8519,0.1852,1.84,0.774,urbanizing-majority,0.058,-0.0014,0.9699,0.9303,0.9731,0.7544,0.308,0.6958,64.08,False
SWE,Sweden,Chinese,migration_linked,1.3,1.6,1.5,1.68,0.4,0.38,-0.02,0.35,0.03,0.38,0.39,0.38,0.39,0.02,42428,43371,0.257,0.204,0.126,1.81,CHN,True,0.52,0.502,0.58,0.45,0.648,0.86,1.0,0.78,0.834,0.0,1.02,0.0,0.574,0.483,1.0,1.115,0.1,0.001,0.3861,0.458,0.0719,0.458,1.2291,0.1172,0.4,-0.0,0.01,2.12,2.091,0.0005,0.4577,0.7879,0.4659,0.0939,0.8519,0.1852,1.84,0.774,urbanizing-majority,0.058,-0.0014,0.9699,0.9303,0.9731,0.7544,0.308,0.6958,64.08,False
SWE,Sweden,Other,migration_linked,1.5,1.68,1.5,1.68,3.2,3.38,0.18,3.11,0.28,3.31,3.47,3.31,3.47,0.17,339424,382713,0.257,0.204,0.126,1.81,unspecified,True,0.5,0.48,0.56,0.42,0.648,0.992,1.0,0.78,0.865,0.0,1.02,0.0,0.574,0.483,1.0,1.115,0.1,0.001,0.3861,0.458,0.0719,0.458,1.2291,0.1172,3.45,0.25,0.07,2.12,2.091,0.0005,0.4577,0.7879,0.4659,0.0939,0.8519,0.1852,1.84,0.774,urbanizing-majority,0.058,-0.0014,0.9699,0.9303,0.9731,0.7544,0.308,0.6958,64.08,False
SWZ,Eswatini,Swazi (Emaswati),largest_baseline_category,3.0,2.6,3.0,2.6,84.3,84.67,0.37,84.67,0.0,84.67,84.67,84.67,84.67,0.0,1047705,1274540,0.0,0.0,0.0,1.25,unspecified,False,0.5,0.48,0.56,0.42,0.454,1.3,1.0,0.78,0.839,0.0,0.0,0.0,0.0,0.0,1.0,1.0,0.0,0.001,0.2777,0.2721,-0.0056,0.2721,0.6081,0.2342,84.45,0.15,-0.22,1.472,1.639,0.0005,0.2755,0.5444,0.2017,0.1285,0.727,0.1955,1.37,0.277,rural-heavy,0.0,0.0376,0.699,0.7632,0.737,0.3255,0.4907,0.0,56.44,True
SWZ,Eswatini,Zulu,largest_baseline_category,3.0,2.6,3.0,2.6,9.9,9.64,-0.26,9.64,0.0,9.64,9.64,9.64,9.64,0.0,123040,145140,0.0,0.0,0.0,1.25,unspecified,False,0.5,0.48,0.56,0.42,0.454,1.107,1.0,0.78,0.796,0.0,0.0,0.0,0.0,0.0,1.0,1.0,0.0,0.001,0.2777,0.2721,-0.0056,0.2721,0.6081,0.2342,9.78,-0.12,0.14,1.472,1.639,0.0005,0.2755,0.5444,0.2017,0.1285,0.727,0.1955,1.37,0.277,rural-heavy,0.0,0.0376,0.699,0.7632,0.737,0.3255,0.4907,0.0,56.44,False
SWZ,Eswatini,Tsonga,largest_baseline_category,3.0,2.6,3.0,2.6,2.0,1.95,-0.05,1.95,0.0,1.95,1.95,1.95,1.95,0.0,24857,29321,0.0,0.0,0.0,1.25,unspecified,False,0.5,0.48,0.56,0.42,0.454,0.952,1.0,0.78,0.761,0.0,0.0,0.0,0.0,0.0,1.0,1.0,0.0,0.001,0.2777,0.2721,-0.0056,0.2721,0.6081,0.2342,1.98,-0.02,0.03,1.472,1.639,0.0005,0.2755,0.5444,0.2017,0.1285,0.727,0.1955,1.37,0.277,rural-heavy,0.0,0.0376,0.699,0.7632,0.737,0.3255,0.4907,0.0,56.44,False
SWZ,Eswatini,Other,identity_category_transition,3.0,2.6,3.0,2.6,3.8,3.74,-0.06,3.74,0.0,3.74,3.74,3.74,3.74,0.0,47228,56337,0.0,0.0,0.0,1.25,unspecified,False,0.5,0.48,0.56,0.42,0.454,1.008,1.0,0.78,0.774,0.0,0.0,0.0,0.0,0.0,1.0,1.0,0.0,0.001,0.2777,0.2721,-0.0056,0.2721,0.6081,0.2342,3.8,-0.0,0.05,1.472,1.639,0.0005,0.2755,0.5444,0.2017,0.1285,0.727,0.1955,1.37,0.277,rural-heavy,0.0,0.0376,0.699,0.7632,0.737,0.3255,0.4907,0.0,56.44,False
SYC,Seychelles,Seychellois Creole (mixed),largest_baseline_category,2.2,2.14,2.2,2.14,76.0,77.12,1.12,77.12,0.0,77.1,77.13,77.1,77.13,0.03,99131,109320,0.0,0.0,0.0,1.25,unspecified,False,0.5,0.48,0.56,0.42,0.454,1.3,1.0,0.78,0.839,0.0,0.0,0.0,0.0,0.0,1.0,1.0,0.0,0.001,0.4056,0.3896,-0.016,0.3896,0.9562,0.1106,76.7,0.7,-0.42,1.769,1.818,0.0005,0.3956,0.7802,0.297,0.1143,0.8299,0.1714,1.64,0.55,mixed-rural-urban,0.0,0.0353,0.8504,0.9145,0.8861,0.7563,0.2749,0.6152,64.32,True
SYC,Seychelles,Other African,largest_baseline_category,2.2,2.14,2.2,2.14,10.0,9.81,-0.19,9.81,0.0,9.81,9.81,9.81,9.81,0.0,13044,13904,0.0,0.0,0.0,1.25,unspecified,False,0.5,0.48,0.56,0.42,0.454,1.108,1.0,0.78,0.796,0.0,0.0,0.0,0.0,0.0,1.0,1.0,0.0,0.001,0.4056,0.3896,-0.016,0.3896,0.9562,0.1106,9.94,-0.06,0.13,1.769,1.818,0.0005,0.3956,0.7802,0.297,0.1143,0.8299,0.1714,1.64,0.55,mixed-rural-urban,0.0,0.0353,0.8504,0.9145,0.8861,0.7563,0.2749,0.6152,64.32,False
SYC,Seychelles,Indian,largest_baseline_category,2.2,2.14,2.2,2.14,6.0,5.89,-0.11,5.89,0.0,5.88,5.89,5.88,5.89,0.0,7826,8342,0.0,0.0,0.0,1.25,IND;PAK;BGD;LKA;NPL,False,0.718,0.719,0.752,0.684,0.454,1.054,1.0,0.78,0.886,0.0,0.0,0.0,0.0,0.0,1.0,1.0,0.0,0.001,0.4056,0.3896,-0.016,0.3896,0.9562,0.1106,5.96,-0.04,0.08,1.769,1.818,0.0005,0.3956,0.7802,0.297,0.1143,0.8299,0.1714,1.64,0.55,mixed-rural-urban,0.0,0.0353,0.8504,0.9145,0.8861,0.7563,0.2749,0.6152,64.32,False
SYC,Seychelles,French/Chinese,lower_fertility_path,1.7,1.94,2.2,2.14,4.0,3.22,-0.78,3.22,0.0,3.24,3.2,3.2,3.24,0.04,5217,4565,0.0,0.0,0.0,1.25,CHN,False,0.52,0.502,0.58,0.45,0.454,1.013,1.0,0.78,0.784,0.0,0.0,0.0,0.0,0.0,1.0,1.0,0.0,0.001,0.4056,0.3896,-0.016,0.3896,0.9562,0.1106,3.38,-0.62,0.16,1.769,1.818,0.0005,0.3956,0.7802,0.297,0.1143,0.8299,0.1714,1.64,0.55,mixed-rural-urban,0.0,0.0353,0.8504,0.9145,0.8861,0.7563,0.2749,0.6152,64.32,False
SYC,Seychelles,Other,identity_category_transition,2.2,2.14,2.2,2.14,4.0,3.97,-0.03,3.97,0.0,3.97,3.97,3.97,3.97,0.0,5217,5624,0.0,0.0,0.0,1.25,unspecified,False,0.5,0.48,0.56,0.42,0.454,1.013,1.0,0.78,0.775,0.0,0.0,0.0,0.0,0.0,1.0,1.0,0.0,0.001,0.4056,0.3896,-0.016,0.3896,0.9562,0.1106,4.02,0.02,0.05,1.769,1.818,0.0005,0.3956,0.7802,0.297,0.1143,0.8299,0.1714,1.64,0.55,mixed-rural-urban,0.0,0.0353,0.8504,0.9145,0.8861,0.7563,0.2749,0.6152,64.32,False
SYR,Syria,Syrian Arab,higher_fertility_path,3.55,2.68,2.8,2.38,80.0,82.09,2.09,82.09,0.0,82.05,82.13,82.05,82.13,0.08,19738206,31024325,0.0,0.0,0.0,1.25,SYR,False,0.672,0.726,0.6,0.74,0.454,1.3,1.0,0.78,0.938,0.0,0.0,0.726,0.0,0.0,1.0,1.0,0.0,0.001,0.3462,0.3141,-0.0321,0.3141,0.7296,0.2459,81.65,1.65,-0.44,1.701,1.735,0.0005,0.3208,0.4599,0.297,0.1145,0.6578,0.2692,1.46,0.55,mixed-rural-urban,0.0,0.0561,0.8311,0.4841,0.5926,0.2829,0.5342,0.032,50.0,True
SYR,Syria,Kurdish,higher_fertility_path,3.55,2.68,2.8,2.38,9.5,9.44,-0.06,9.44,0.0,9.44,9.45,9.44,9.45,0.01,2343912,3568031,0.0,0.0,0.0,1.25,unspecified,False,0.5,0.48,0.56,0.42,0.454,1.102,1.0,0.78,0.795,0.0,0.0,0.726,0.0,0.0,1.0,1.0,0.0,0.001,0.3462,0.3141,-0.0321,0.3141,0.7296,0.2459,9.56,0.06,0.12,1.701,1.735,0.0005,0.3208,0.4599,0.297,0.1145,0.6578,0.2692,1.46,0.55,mixed-rural-urban,0.0,0.0561,0.8311,0.4841,0.5926,0.2829,0.5342,0.032,50.0,False
SYR,Syria,Turkmen,higher_fertility_path,3.15,2.52,2.8,2.38,2.0,1.79,-0.21,1.79,0.0,1.79,1.78,1.78,1.79,0.01,493455,675982,0.0,0.0,0.0,1.25,unspecified,False,0.5,0.48,0.56,0.42,0.454,0.952,1.0,0.78,0.761,0.0,0.0,0.726,0.0,0.0,1.0,1.0,0.0,0.001,0.3462,0.3141,-0.0321,0.3141,0.7296,0.2459,1.83,-0.17,0.05,1.701,1.735,0.0005,0.3208,0.4599,0.297,0.1145,0.6578,0.2692,1.46,0.55,mixed-rural-urban,0.0,0.0561,0.8311,0.4841,0.5926,0.2829,0.5342,0.032,50.0,False
SYR,Syria,Armenian,lower_fertility_path,2.4,2.22,2.8,2.38,1.0,0.69,-0.31,0.69,0.0,0.7,0.68,0.68,0.7,0.01,246728,261169,0.0,0.0,0.0,1.25,unspecified,False,0.5,0.48,0.56,0.42,0.454,0.903,1.0,0.78,0.75,0.0,0.0,0.726,0.0,0.0,1.0,1.0,0.0,0.001,0.3462,0.3141,-0.0321,0.3141,0.7296,0.2459,0.73,-0.27,0.04,1.701,1.735,0.0005,0.3208,0.4599,0.297,0.1145,0.6578,0.2692,1.46,0.55,mixed-rural-urban,0.0,0.0561,0.8311,0.4841,0.5926,0.2829,0.5342,0.032,50.0,False
SYR,Syria,Assyrian,lower_fertility_path,2.8,2.38,2.8,2.38,0.5,0.39,-0.11,0.39,0.0,0.39,0.39,0.39,0.39,0.0,123364,147913,0.0,0.0,0.0,1.25,SYR,False,0.672,0.726,0.6,0.74,0.454,0.869,1.0,0.78,0.809,0.0,0.0,0.726,0.0,0.0,1.0,1.0,0.0,0.001,0.3462,0.3141,-0.0321,0.3141,0.7296,0.2459,0.41,-0.09,0.02,1.701,1.735,0.0005,0.3208,0.4599,0.297,0.1145,0.6578,0.2692,1.46,0.55,mixed-rural-urban,0.0,0.0561,0.8311,0.4841,0.5926,0.2829,0.5342,0.032,50.0,False
SYR,Syria,Circassian,largest_baseline_category,2.8,2.38,2.8,2.38,0.5,0.4,-0.1,0.4,0.0,0.4,0.39,0.39,0.4,0.0,123364,149578,0.0,0.0,0.0,1.25,unspecified,False,0.5,0.48,0.56,0.42,0.454,0.869,1.0,0.78,0.743,0.0,0.0,0.726,0.0,0.0,1.0,1.0,0.0,0.001,0.3462,0.3141,-0.0321,0.3141,0.7296,0.2459,0.41,-0.09,0.02,1.701,1.735,0.0005,0.3208,0.4599,0.297,0.1145,0.6578,0.2692,1.46,0.55,mixed-rural-urban,0.0,0.0561,0.8311,0.4841,0.5926,0.2829,0.5342,0.032,50.0,False
SYR,Syria,Other,identity_category_transition,2.8,2.38,2.8,2.38,6.5,5.2,-1.3,5.2,0.0,5.23,5.18,5.18,5.23,0.06,1603729,1966377,0.0,0.0,0.0,1.25,unspecified,False,0.5,0.48,0.56,0.42,0.454,1.062,1.0,0.78,0.786,0.0,0.0,0.726,0.0,0.0,1.0,1.0,0.0,0.001,0.3462,0.3141,-0.0321,0.3141,0.7296,0.2459,5.41,-1.09,0.2,1.701,1.735,0.0005,0.3208,0.4599,0.297,0.1145,0.6578,0.2692,1.46,0.55,mixed-rural-urban,0.0,0.0561,0.8311,0.4841,0.5926,0.2829,0.5342,0.032,50.0,False
TCD,Chad,Sara,largest_baseline_category,5.9,4.19,5.9,4.19,27.7,28.76,1.06,28.76,0.0,28.78,28.74,28.74,28.78,0.03,5622859,11175724,0.0,0.0,0.0,1.25,unspecified,False,0.5,0.48,0.56,0.42,0.454,1.223,1.0,0.78,0.821,0.0,0.0,0.0,0.0,0.0,1.0,1.0,0.0,0.001,0.8538,0.8486,-0.0052,0.8486,2.9122,0.3487,27.81,0.11,-0.95,2.154,2.445,0.0005,0.8522,0.2763,0.2301,0.2018,0.5608,0.3112,6.6,0.313,rural-heavy,0.0,0.0399,0.5787,0.3396,0.4821,0.0,0.72,0.0,50.0,True
TCD,Chad,Arab,higher_fertility_path,6.65,4.49,5.9,4.19,12.3,13.57,1.27,13.57,0.0,13.53,13.61,13.53,13.61,0.08,2496793,5273129,0.0,0.0,0.0,1.25,unspecified,False,0.5,0.48,0.56,0.42,0.454,1.131,1.0,0.78,0.801,0.0,0.0,0.0,0.0,0.0,1.0,1.0,0.0,0.001,0.8538,0.8486,-0.0052,0.8486,2.9122,0.3487,13.63,1.33,0.05,2.154,2.445,0.0005,0.8522,0.2763,0.2301,0.2018,0.5608,0.3112,6.6,0.313,rural-heavy,0.0,0.0399,0.5787,0.3396,0.4821,0.0,0.72,0.0,50.0,False
TCD,Chad,Mayo-Kebbi,largest_baseline_category,5.9,4.19,5.9,4.19,11.5,10.89,-0.61,10.89,0.0,10.89,10.88,10.88,10.89,0.01,2334400,4230089,0.0,0.0,0.0,1.25,unspecified,False,0.5,0.48,0.56,0.42,0.454,1.123,1.0,0.78,0.799,0.0,0.0,0.0,0.0,0.0,1.0,1.0,0.0,0.001,0.8538,0.8486,-0.0052,0.8486,2.9122,0.3487,11.07,-0.43,0.18,2.154,2.445,0.0005,0.8522,0.2763,0.2301,0.2018,0.5608,0.3112,6.6,0.313,rural-heavy,0.0,0.0399,0.5787,0.3396,0.4821,0.0,0.72,0.0,50.0,False
TCD,Chad,Kanem-Bornou,higher_fertility_path,6.25,4.33,5.9,4.19,9.0,9.27,0.27,9.27,0.0,9.26,9.28,9.26,9.28,0.02,1826922,3602563,0.0,0.0,0.0,1.25,unspecified,False,0.5,0.48,0.56,0.42,0.454,1.096,1.0,0.78,0.793,0.0,0.0,0.0,0.0,0.0,1.0,1.0,0.0,0.001,0.8538,0.8486,-0.0052,0.8486,2.9122,0.3487,9.37,0.37,0.1,2.154,2.445,0.0005,0.8522,0.2763,0.2301,0.2018,0.5608,0.3112,6.6,0.313,rural-heavy,0.0,0.0399,0.5787,0.3396,0.4821,0.0,0.72,0.0,50.0,False
TCD,Chad,Ouaddai,largest_baseline_category,5.9,4.19,5.9,4.19,8.7,8.24,-0.46,8.24,0.0,8.24,8.23,8.23,8.24,0.01,1766024,3200154,0.0,0.0,0.0,1.25,unspecified,False,0.5,0.48,0.56,0.42,0.454,1.093,1.0,0.78,0.792,0.0,0.0,0.0,0.0,0.0,1.0,1.0,0.0,0.001,0.8538,0.8486,-0.0052,0.8486,2.9122,0.3487,8.37,-0.33,0.14,2.154,2.445,0.0005,0.8522,0.2763,0.2301,0.2018,0.5608,0.3112,6.6,0.313,rural-heavy,0.0,0.0399,0.5787,0.3396,0.4821,0.0,0.72,0.0,50.0,False
TCD,Chad,Hadjarai,largest_baseline_category,5.9,4.19,5.9,4.19,6.7,6.34,-0.36,6.34,0.0,6.35,6.34,6.34,6.35,0.01,1360042,2464486,0.0,0.0,0.0,1.25,unspecified,False,0.5,0.48,0.56,0.42,0.454,1.065,1.0,0.78,0.786,0.0,0.0,0.0,0.0,0.0,1.0,1.0,0.0,0.001,0.8538,0.8486,-0.0052,0.8486,2.9122,0.3487,6.45,-0.25,0.1,2.154,2.445,0.0005,0.8522,0.2763,0.2301,0.2018,0.5608,0.3112,6.6,0.313,rural-heavy,0.0,0.0399,0.5787,0.3396,0.4821,0.0,0.72,0.0,50.0,False
TCD,Chad,Tandjile,largest_baseline_category,5.9,4.19,5.9,4.19,6.5,6.15,-0.35,6.15,0.0,6.16,6.15,6.15,6.16,0.01,1319444,2390920,0.0,0.0,0.0,1.25,unspecified,False,0.5,0.48,0.56,0.42,0.454,1.062,1.0,0.78,0.786,0.0,0.0,0.0,0.0,0.0,1.0,1.0,0.0,0.001,0.8538,0.8486,-0.0052,0.8486,2.9122,0.3487,6.25,-0.25,0.1,2.154,2.445,0.0005,0.8522,0.2763,0.2301,0.2018,0.5608,0.3112,6.6,0.313,rural-heavy,0.0,0.0399,0.5787,0.3396,0.4821,0.0,0.72,0.0,50.0,False
TCD,Chad,Gorane (Toubou),largest_baseline_category,5.9,4.19,5.9,4.19,6.3,5.96,-0.34,5.96,0.0,5.97,5.96,5.96,5.97,0.01,1278845,2317353,0.0,0.0,0.0,1.25,unspecified,False,0.5,0.48,0.56,0.42,0.454,1.059,1.0,0.78,0.785,0.0,0.0,0.0,0.0,0.0,1.0,1.0,0.0,0.001,0.8538,0.8486,-0.0052,0.8486,2.9122,0.3487,6.06,-0.24,0.1,2.154,2.445,0.0005,0.8522,0.2763,0.2301,0.2018,0.5608,0.3112,6.6,0.313,rural-heavy,0.0,0.0399,0.5787,0.3396,0.4821,0.0,0.72,0.0,50.0,False
TCD,Chad,Other,identity_category_transition,5.9,4.19,5.9,4.19,11.3,10.82,-0.48,10.82,0.0,10.82,10.81,10.81,10.82,0.01,2293802,4203268,0.0,0.0,0.0,1.25,unspecified,False,0.5,0.48,0.56,0.42,0.454,1.121,1.0,0.78,0.799,0.0,0.0,0.0,0.0,0.0,1.0,1.0,0.0,0.001,0.8538,0.8486,-0.0052,0.8486,2.9122,0.3487,11.0,-0.3,0.18,2.154,2.445,0.0005,0.8522,0.2763,0.2301,0.2018,0.5608,0.3112,6.6,0.313,rural-heavy,0.0,0.0399,0.5787,0.3396,0.4821,0.0,0.72,0.0,50.0,False
TGO,Togo,Adja-Ewe/Mina,largest_baseline_category,4.3,3.31,4.3,3.31,42.4,43.83,1.43,43.83,0.0,43.83,43.83,43.83,43.83,0.0,3564379,6118577,0.0,0.0,0.0,1.25,unspecified,False,0.5,0.48,0.56,0.42,0.454,1.272,1.0,0.78,0.832,0.0,0.0,0.76,0.0,0.0,1.0,1.0,0.0,0.001,0.7111,0.7043,-0.0068,0.7043,2.0583,0.2783,43.02,0.62,-0.81,2.005,2.245,0.0005,0.7083,0.4359,0.2204,0.1079,0.6697,0.2324,3.38,0.341,rural-heavy,0.0,0.0696,0.7019,0.6375,0.5874,0.1793,0.6266,0.0,53.82,True
TGO,Togo,Kabye/Tem,largest_baseline_category,4.3,3.31,4.3,3.31,25.9,25.21,-0.69,25.21,0.0,25.21,25.21,25.21,25.21,0.0,2177297,3518645,0.0,0.0,0.0,1.25,unspecified,False,0.5,0.48,0.56,0.42,0.454,1.215,1.0,0.78,0.82,0.0,0.0,0.76,0.0,0.0,1.0,1.0,0.0,0.001,0.7111,0.7043,-0.0068,0.7043,2.0583,0.2783,25.57,-0.33,0.36,2.005,2.245,0.0005,0.7083,0.4359,0.2204,0.1079,0.6697,0.2324,3.38,0.341,rural-heavy,0.0,0.0696,0.7019,0.6375,0.5874,0.1793,0.6266,0.0,53.82,False
TGO,Togo,Akan-Peul/Gurma,largest_baseline_category,4.3,3.31,4.3,3.31,17.1,16.64,-0.46,16.64,0.0,16.64,16.64,16.64,16.64,0.0,1437521,2323121,0.0,0.0,0.0,1.25,unspecified,False,0.5,0.48,0.56,0.42,0.454,1.168,1.0,0.78,0.809,0.0,0.0,0.76,0.0,0.0,1.0,1.0,0.0,0.001,0.7111,0.7043,-0.0068,0.7043,2.0583,0.2783,16.88,-0.22,0.24,2.005,2.245,0.0005,0.7083,0.4359,0.2204,0.1079,0.6697,0.2324,3.38,0.341,rural-heavy,0.0,0.0696,0.7019,0.6375,0.5874,0.1793,0.6266,0.0,53.82,False
TGO,Togo,Akposso/Ake,largest_baseline_category,4.3,3.31,4.3,3.31,4.0,3.89,-0.11,3.89,0.0,3.89,3.89,3.89,3.89,0.0,336262,543420,0.0,0.0,0.0,1.25,unspecified,False,0.5,0.48,0.56,0.42,0.454,1.013,1.0,0.78,0.775,0.0,0.0,0.76,0.0,0.0,1.0,1.0,0.0,0.001,0.7111,0.7043,-0.0068,0.7043,2.0583,0.2783,3.95,-0.05,0.06,2.005,2.245,0.0005,0.7083,0.4359,0.2204,0.1079,0.6697,0.2324,3.38,0.341,rural-heavy,0.0,0.0696,0.7019,0.6375,0.5874,0.1793,0.6266,0.0,53.82,False
TGO,Togo,Other,identity_category_transition,4.3,3.31,4.3,3.31,10.6,10.43,-0.17,10.43,0.0,10.43,10.43,10.43,10.43,0.0,891095,1456259,0.0,0.0,0.0,1.25,unspecified,False,0.5,0.48,0.56,0.42,0.454,1.114,1.0,0.78,0.797,0.0,0.0,0.76,0.0,0.0,1.0,1.0,0.0,0.001,0.7111,0.7043,-0.0068,0.7043,2.0583,0.2783,10.58,-0.02,0.15,2.005,2.245,0.0005,0.7083,0.4359,0.2204,0.1079,0.6697,0.2324,3.38,0.341,rural-heavy,0.0,0.0696,0.7019,0.6375,0.5874,0.1793,0.6266,0.0,53.82,False
THA,Thailand,Central Thai,largest_baseline_category,1.3,1.54,1.3,1.54,36.0,37.07,1.07,37.1,-0.03,37.09,37.04,37.04,37.09,0.06,25800484,24605501,0.461,0.0,0.0,1.97,unspecified,False,0.5,0.48,0.56,0.42,0.61,1.253,1.0,0.78,0.924,0.0,0.0,0.0,0.0,0.0,1.0,1.161,0.0,0.001,0.732,0.7343,0.0023,0.7343,2.2166,0.1646,36.26,0.26,-0.8,2.253,2.275,0.0005,0.736,0.7216,0.5283,0.1628,0.8177,0.2223,3.76,0.747,urbanizing-majority,0.116,0.0621,0.9179,0.8081,0.8579,0.6653,0.3481,0.8024,63.98,True
THA,Thailand,Isan (Thai-Lao),largest_baseline_category,1.3,1.54,1.3,1.54,33.0,31.64,-1.36,31.67,-0.03,31.66,31.61,31.61,31.66,0.05,23650443,21003186,0.461,0.0,0.0,1.97,unspecified,False,0.5,0.48,0.56,0.42,0.61,1.243,1.0,0.78,0.921,0.0,0.0,0.0,0.0,0.0,1.0,1.161,0.0,0.001,0.732,0.7343,0.0023,0.7343,2.2166,0.1646,32.18,-0.82,0.54,2.253,2.275,0.0005,0.736,0.7216,0.5283,0.1628,0.8177,0.2223,3.76,0.747,urbanizing-majority,0.116,0.0621,0.9179,0.8081,0.8579,0.6653,0.3481,0.8024,63.98,False
THA,Thailand,Northern Thai (Lanna),largest_baseline_category,1.3,1.54,1.3,1.54,13.0,12.46,-0.54,12.47,-0.01,12.47,12.45,12.45,12.47,0.02,9316841,8273982,0.461,0.0,0.0,1.97,unspecified,False,0.5,0.48,0.56,0.42,0.61,1.137,1.0,0.78,0.889,0.0,0.0,0.0,0.0,0.0,1.0,1.161,0.0,0.001,0.732,0.7343,0.0023,0.7343,2.2166,0.1646,12.68,-0.32,0.21,2.253,2.275,0.0005,0.736,0.7216,0.5283,0.1628,0.8177,0.2223,3.76,0.747,urbanizing-majority,0.116,0.0621,0.9179,0.8081,0.8579,0.6653,0.3481,0.8024,63.98,False
THA,Thailand,Southern Thai,largest_baseline_category,1.3,1.54,1.3,1.54,4.0,3.84,-0.16,3.84,-0.0,3.84,3.83,3.83,3.84,0.01,2866720,2545841,0.461,0.0,0.0,1.97,unspecified,False,0.5,0.48,0.56,0.42,0.61,1.013,1.0,0.78,0.852,0.0,0.0,0.0,0.0,0.0,1.0,1.161,0.0,0.001,0.732,0.7343,0.0023,0.7343,2.2166,0.1646,3.9,-0.1,0.07,2.253,2.275,0.0005,0.736,0.7216,0.5283,0.1628,0.8177,0.2223,3.76,0.747,urbanizing-majority,0.116,0.0621,0.9179,0.8081,0.8579,0.6653,0.3481,0.8024,63.98,False
THA,Thailand,Thai Chinese,largest_baseline_category,1.3,1.54,1.3,1.54,10.0,9.59,-0.41,9.6,-0.01,9.59,9.58,9.58,9.59,0.01,7166801,6364602,0.461,0.0,0.0,1.97,CHN,False,0.52,0.502,0.58,0.45,0.61,1.108,1.0,0.78,0.894,0.0,0.0,0.0,0.0,0.0,1.0,1.161,0.0,0.001,0.732,0.7343,0.0023,0.7343,2.2166,0.1646,9.75,-0.25,0.16,2.253,2.275,0.0005,0.736,0.7216,0.5283,0.1628,0.8177,0.2223,3.76,0.747,urbanizing-majority,0.116,0.0621,0.9179,0.8081,0.8579,0.6653,0.3481,0.8024,63.98,False
THA,Thailand,Malay (Muslim),higher_fertility_path,2.25,1.92,1.3,1.54,3.0,4.35,1.35,4.36,-0.0,4.31,4.4,4.31,4.4,0.09,2150040,2889422,0.461,0.0,0.0,1.97,unspecified,False,0.5,0.48,0.56,0.42,0.61,0.986,1.0,0.78,0.844,0.0,0.0,0.0,0.0,0.0,1.0,1.161,0.0,0.001,0.732,0.7343,0.0023,0.7343,2.2166,0.1646,4.16,1.16,-0.2,2.253,2.275,0.0005,0.736,0.7216,0.5283,0.1628,0.8177,0.2223,3.76,0.747,urbanizing-majority,0.116,0.0621,0.9179,0.8081,0.8579,0.6653,0.3481,0.8024,63.98,False
THA,Thailand,Other,identity_category_transition,1.3,1.54,1.3,1.54,1.0,1.05,0.05,0.97,0.08,1.03,1.09,1.03,1.09,0.06,716680,700197,0.461,0.0,0.0,1.97,unspecified,False,0.5,0.48,0.56,0.42,0.61,0.903,1.0,0.78,0.82,0.0,0.0,0.0,0.0,0.0,1.0,1.161,0.0,0.001,0.732,0.7343,0.0023,0.7343,2.2166,0.1646,1.07,0.07,0.02,2.253,2.275,0.0005,0.736,0.7216,0.5283,0.1628,0.8177,0.2223,3.76,0.747,urbanizing-majority,0.116,0.0621,0.9179,0.8081,0.8579,0.6653,0.3481,0.8024,63.98,False
TJK,Tajikistan,Tajik,largest_baseline_category,3.5,2.87,3.5,2.87,84.3,84.69,0.39,84.74,-0.05,84.7,84.67,84.67,84.7,0.03,8928154,13189713,0.0,0.0,0.0,1.25,unspecified,False,0.5,0.48,0.56,0.42,0.454,1.3,1.0,0.78,0.839,0.0,0.0,0.0,0.0,0.0,1.0,1.0,0.0,0.001,0.2702,0.2646,-0.0056,0.2646,0.5561,0.2145,84.46,0.16,-0.23,1.601,1.628,0.0005,0.2679,0.5841,0.2945,0.1415,0.7426,0.2038,1.36,0.527,mixed-rural-urban,0.0,0.0801,0.8466,0.777,0.6971,0.3861,0.4149,0.0,56.72,True
TJK,Tajikistan,Uzbek,largest_baseline_category,3.5,2.87,3.5,2.87,13.8,13.44,-0.36,13.45,-0.01,13.45,13.44,13.44,13.45,0.01,1461548,2093711,0.0,0.0,0.0,1.25,unspecified,False,0.5,0.48,0.56,0.42,0.454,1.143,1.0,0.78,0.804,0.0,0.0,0.0,0.0,0.0,1.0,1.0,0.0,0.001,0.2702,0.2646,-0.0056,0.2646,0.5561,0.2145,13.64,-0.16,0.19,1.601,1.628,0.0005,0.2679,0.5841,0.2945,0.1415,0.7426,0.2038,1.36,0.527,mixed-rural-urban,0.0,0.0801,0.8466,0.777,0.6971,0.3861,0.4149,0.0,56.72,False
TJK,Tajikistan,Kyrgyz,largest_baseline_category,3.5,2.87,3.5,2.87,0.8,0.78,-0.02,0.78,-0.0,0.78,0.78,0.78,0.78,0.0,84727,121375,0.0,0.0,0.0,1.25,unspecified,False,0.5,0.48,0.56,0.42,0.454,0.891,1.0,0.78,0.748,0.0,0.0,0.0,0.0,0.0,1.0,1.0,0.0,0.001,0.2702,0.2646,-0.0056,0.2646,0.5561,0.2145,0.79,-0.01,0.01,1.601,1.628,0.0005,0.2679,0.5841,0.2945,0.1415,0.7426,0.2038,1.36,0.527,mixed-rural-urban,0.0,0.0801,0.8466,0.777,0.6971,0.3861,0.4149,0.0,56.72,False
TJK,Tajikistan,Russian,lower_fertility_path,3.1,2.71,3.5,2.87,0.5,0.43,-0.07,0.43,-0.0,0.44,0.43,0.43,0.44,0.0,52955,67555,0.0,0.0,0.0,1.25,unspecified,False,0.5,0.48,0.56,0.42,0.454,0.869,1.0,0.78,0.743,0.0,0.0,0.0,0.0,0.0,1.0,1.0,0.0,0.001,0.2702,0.2646,-0.0056,0.2646,0.5561,0.2145,0.45,-0.05,0.01,1.601,1.628,0.0005,0.2679,0.5841,0.2945,0.1415,0.7426,0.2038,1.36,0.527,mixed-rural-urban,0.0,0.0801,0.8466,0.777,0.6971,0.3861,0.4149,0.0,56.72,False
TJK,Tajikistan,Other,migration_linked,3.5,2.87,3.5,2.87,0.6,0.66,0.06,0.6,0.06,0.64,0.68,0.64,0.68,0.04,63546,102295,0.0,0.0,0.0,1.25,unspecified,True,0.5,0.48,0.56,0.42,0.454,0.876,1.0,0.78,0.744,0.0,0.0,0.0,0.0,0.0,1.0,1.0,0.0,0.001,0.2702,0.2646,-0.0056,0.2646,0.5561,0.2145,0.67,0.07,0.01,1.601,1.628,0.0005,0.2679,0.5841,0.2945,0.1415,0.7426,0.2038,1.36,0.527,mixed-rural-urban,0.0,0.0801,0.8466,0.777,0.6971,0.3861,0.4149,0.0,56.72,False
TKM,Turkmenistan,Turkmen,largest_baseline_category,2.9,2.42,2.9,2.42,85.0,85.74,0.74,85.74,0.0,85.73,85.76,85.73,85.76,0.02,6370320,8265446,0.0,0.0,0.0,1.25,unspecified,False,0.5,0.48,0.56,0.42,0.454,1.3,1.0,0.78,0.839,0.0,0.0,0.0,0.0,0.0,1.0,1.0,0.0,0.001,0.2698,0.2577,-0.0121,0.2577,0.5847,0.1284,85.47,0.47,-0.27,1.613,1.628,0.0005,0.2621,0.7146,0.297,0.1143,0.7785,0.2055,1.35,0.55,mixed-rural-urban,0.0,0.0335,0.7982,0.7898,0.8046,0.6533,0.234,0.161,59.8,True
TKM,Turkmenistan,Uzbek,largest_baseline_category,2.9,2.42,2.9,2.42,5.0,4.89,-0.11,4.89,0.0,4.89,4.89,4.89,4.89,0.0,374725,471618,0.0,0.0,0.0,1.25,unspecified,False,0.5,0.48,0.56,0.42,0.454,1.035,1.0,0.78,0.78,0.0,0.0,0.0,0.0,0.0,1.0,1.0,0.0,0.001,0.2698,0.2577,-0.0121,0.2577,0.5847,0.1284,4.96,-0.04,0.07,1.613,1.628,0.0005,0.2621,0.7146,0.297,0.1143,0.7785,0.2055,1.35,0.55,mixed-rural-urban,0.0,0.0335,0.7982,0.7898,0.8046,0.6533,0.234,0.161,59.8,False
TKM,Turkmenistan,Russian,lower_fertility_path,2.5,2.26,2.9,2.42,4.0,3.43,-0.57,3.43,0.0,3.44,3.41,3.41,3.44,0.03,299780,330335,0.0,0.0,0.0,1.25,unspecified,False,0.5,0.48,0.56,0.42,0.454,1.013,1.0,0.78,0.775,0.0,0.0,0.0,0.0,0.0,1.0,1.0,0.0,0.001,0.2698,0.2577,-0.0121,0.2577,0.5847,0.1284,3.55,-0.45,0.12,1.613,1.628,0.0005,0.2621,0.7146,0.297,0.1143,0.7785,0.2055,1.35,0.55,mixed-rural-urban,0.0,0.0335,0.7982,0.7898,0.8046,0.6533,0.234,0.161,59.8,False
TKM,Turkmenistan,Other,identity_category_transition,2.9,2.42,2.9,2.42,6.0,5.94,-0.06,5.94,0.0,5.94,5.94,5.94,5.94,0.0,449670,572307,0.0,0.0,0.0,1.25,unspecified,False,0.5,0.48,0.56,0.42,0.454,1.054,1.0,0.78,0.784,0.0,0.0,0.0,0.0,0.0,1.0,1.0,0.0,0.001,0.2698,0.2577,-0.0121,0.2577,0.5847,0.1284,6.02,0.02,0.08,1.613,1.628,0.0005,0.2621,0.7146,0.297,0.1143,0.7785,0.2055,1.35,0.55,mixed-rural-urban,0.0,0.0335,0.7982,0.7898,0.8046,0.6533,0.234,0.161,59.8,False
TLS,Timor-Leste,Tetum (Austronesian),largest_baseline_category,3.3,2.76,3.3,2.76,30.0,31.46,1.46,31.52,-0.06,31.49,31.43,31.43,31.49,0.05,420191,594402,0.0,0.0,0.0,1.25,unspecified,False,0.5,0.48,0.56,0.42,0.454,1.232,1.0,0.78,0.823,0.0,0.0,0.0,0.0,0.0,1.0,1.0,0.0,0.001,0.8196,0.8156,-0.004,0.8156,2.699,0.1868,30.51,0.51,-0.95,2.245,2.397,0.0005,0.819,0.5927,0.297,0.1146,0.722,0.234,5.42,0.55,mixed-rural-urban,0.0,0.0793,0.8022,0.6657,0.6795,0.4701,0.3851,0.0,56.74,True
TLS,Timor-Leste,Mambai,largest_baseline_category,3.3,2.76,3.3,2.76,15.0,14.45,-0.55,14.48,-0.03,14.46,14.44,14.44,14.46,0.03,210096,273054,0.0,0.0,0.0,1.25,unspecified,False,0.5,0.48,0.56,0.42,0.454,1.153,1.0,0.78,0.806,0.0,0.0,0.0,0.0,0.0,1.0,1.0,0.0,0.001,0.8196,0.8156,-0.004,0.8156,2.699,0.1868,14.68,-0.32,0.22,2.245,2.397,0.0005,0.819,0.5927,0.297,0.1146,0.722,0.234,5.42,0.55,mixed-rural-urban,0.0,0.0793,0.8022,0.6657,0.6795,0.4701,0.3851,0.0,56.74,False
TLS,Timor-Leste,Makasae,largest_baseline_category,3.3,2.76,3.3,2.76,10.0,9.64,-0.36,9.65,-0.02,9.64,9.63,9.63,9.64,0.02,140064,182036,0.0,0.0,0.0,1.25,unspecified,False,0.5,0.48,0.56,0.42,0.454,1.108,1.0,0.78,0.796,0.0,0.0,0.0,0.0,0.0,1.0,1.0,0.0,0.001,0.8196,0.8156,-0.004,0.8156,2.699,0.1868,9.78,-0.22,0.15,2.245,2.397,0.0005,0.819,0.5927,0.297,0.1146,0.722,0.234,5.42,0.55,mixed-rural-urban,0.0,0.0793,0.8022,0.6657,0.6795,0.4701,0.3851,0.0,56.74,False
TLS,Timor-Leste,Tokodede,largest_baseline_category,3.3,2.76,3.3,2.76,8.0,7.71,-0.29,7.72,-0.02,7.71,7.7,7.7,7.71,0.01,112051,145629,0.0,0.0,0.0,1.25,unspecified,False,0.5,0.48,0.56,0.42,0.454,1.084,1.0,0.78,0.79,0.0,0.0,0.0,0.0,0.0,1.0,1.0,0.0,0.001,0.8196,0.8156,-0.004,0.8156,2.699,0.1868,7.83,-0.17,0.12,2.245,2.397,0.0005,0.819,0.5927,0.297,0.1146,0.722,0.234,5.42,0.55,mixed-rural-urban,0.0,0.0793,0.8022,0.6657,0.6795,0.4701,0.3851,0.0,56.74,False
TLS,Timor-Leste,Galoli,largest_baseline_category,3.3,2.76,3.3,2.76,7.0,6.74,-0.26,6.76,-0.01,6.75,6.74,6.74,6.75,0.01,98045,127425,0.0,0.0,0.0,1.25,unspecified,False,0.5,0.48,0.56,0.42,0.454,1.07,1.0,0.78,0.787,0.0,0.0,0.0,0.0,0.0,1.0,1.0,0.0,0.001,0.8196,0.8156,-0.004,0.8156,2.699,0.1868,6.85,-0.15,0.1,2.245,2.397,0.0005,0.819,0.5927,0.297,0.1146,0.722,0.234,5.42,0.55,mixed-rural-urban,0.0,0.0793,0.8022,0.6657,0.6795,0.4701,0.3851,0.0,56.74,False
TLS,Timor-Leste,Other Austronesian,largest_baseline_category,3.3,2.76,3.3,2.76,20.0,19.27,-0.73,19.31,-0.04,19.29,19.25,19.25,19.29,0.03,280128,364072,0.0,0.0,0.0,1.25,unspecified,False,0.5,0.48,0.56,0.42,0.454,1.185,1.0,0.78,0.813,0.0,0.0,0.0,0.0,0.0,1.0,1.0,0.0,0.001,0.8196,0.8156,-0.004,0.8156,2.699,0.1868,19.57,-0.43,0.3,2.245,2.397,0.0005,0.819,0.5927,0.297,0.1146,0.722,0.234,5.42,0.55,mixed-rural-urban,0.0,0.0793,0.8022,0.6657,0.6795,0.4701,0.3851,0.0,56.74,False
TLS,Timor-Leste,Papuan (Fataluku/Bunak),higher_fertility_path,3.65,2.9,3.3,2.76,8.0,8.61,0.61,8.63,-0.02,8.6,8.63,8.6,8.63,0.03,112051,162731,0.0,0.0,0.0,1.25,unspecified,False,0.5,0.48,0.56,0.42,0.454,1.084,1.0,0.78,0.79,0.0,0.0,0.0,0.0,0.0,1.0,1.0,0.0,0.001,0.8196,0.8156,-0.004,0.8156,2.699,0.1868,8.63,0.63,0.02,2.245,2.397,0.0005,0.819,0.5927,0.297,0.1146,0.722,0.234,5.42,0.55,mixed-rural-urban,0.0,0.0793,0.8022,0.6657,0.6795,0.4701,0.3851,0.0,56.74,False
TLS,Timor-Leste,Chinese,migration_linked,3.1,2.68,3.3,2.76,1.0,1.03,0.03,0.94,0.09,1.0,1.06,1.0,1.06,0.06,14006,19430,0.0,0.0,0.0,1.25,CHN,True,0.52,0.502,0.58,0.45,0.454,0.903,1.0,0.78,0.759,0.0,0.0,0.0,0.0,0.0,1.0,1.0,0.0,0.001,0.8196,0.8156,-0.004,0.8156,2.699,0.1868,1.05,0.05,0.02,2.245,2.397,0.0005,0.819,0.5927,0.297,0.1146,0.722,0.234,5.42,0.55,mixed-rural-urban,0.0,0.0793,0.8022,0.6657,0.6795,0.4701,0.3851,0.0,56.74,False
TLS,Timor-Leste,Other,migration_linked,3.3,2.76,3.3,2.76,1.0,1.08,0.08,0.99,0.1,1.05,1.12,1.05,1.12,0.07,14006,20470,0.0,0.0,0.0,1.25,unspecified,True,0.5,0.48,0.56,0.42,0.454,0.903,1.0,0.78,0.75,0.0,0.0,0.0,0.0,0.0,1.0,1.0,0.0,0.001,0.8196,0.8156,-0.004,0.8156,2.699,0.1868,1.1,0.1,0.02,2.245,2.397,0.0005,0.819,0.5927,0.297,0.1146,0.722,0.234,5.42,0.55,mixed-rural-urban,0.0,0.0793,0.8022,0.6657,0.6795,0.4701,0.3851,0.0,56.74,False
TON,Tonga,Tongan,largest_baseline_category,3.3,2.76,3.3,2.76,96.6,96.65,0.05,96.65,0.0,96.65,96.65,96.65,96.65,0.0,100649,101682,0.0,0.0,0.0,1.25,unspecified,False,0.5,0.48,0.56,0.42,0.454,1.3,1.0,0.78,0.839,0.0,0.0,0.0,0.0,0.0,1.0,1.0,0.0,0.001,0.0657,0.0647,-0.001,0.0647,0.1295,0.1495,96.6,0.0,-0.05,1.378,1.342,0.0005,0.0656,0.7143,0.297,0.1145,0.8057,0.1763,1.07,0.55,mixed-rural-urban,0.0,0.0625,0.8652,0.9161,0.7252,0.6215,0.3516,0.0,57.0,True
TON,Tonga,Part-Tongan / Other,identity_category_transition,3.3,2.76,3.3,2.76,3.4,3.35,-0.05,3.35,0.0,3.35,3.35,3.35,3.35,0.0,3543,3523,0.0,0.0,0.0,1.25,unspecified,False,0.5,0.48,0.56,0.42,0.454,0.998,1.0,0.78,0.771,0.0,0.0,0.0,0.0,0.0,1.0,1.0,0.0,0.001,0.0657,0.0647,-0.001,0.0647,0.1295,0.1495,3.4,-0.0,0.05,1.378,1.342,0.0005,0.0656,0.7143,0.297,0.1145,0.8057,0.1763,1.07,0.55,mixed-rural-urban,0.0,0.0625,0.8652,0.9161,0.7252,0.6215,0.3516,0.0,57.0,False
TTO,Trinidad & Tobago,East Indian,largest_baseline_category,1.6,1.75,1.6,1.75,35.4,37.17,1.77,37.17,0.0,37.16,37.18,37.16,37.18,0.01,533753,520317,0.328,0.0,0.0,1.763,IND;PAK;BGD;LKA;NPL,False,0.718,0.719,0.752,0.684,0.565,1.251,1.0,0.78,1.047,0.0,0.0,0.0,0.0,0.0,1.0,1.115,0.0,0.001,0.7,0.6946,-0.0054,0.6946,1.9587,0.1752,36.22,0.82,-0.95,2.107,2.23,0.0005,0.6969,0.7205,0.4273,0.1882,0.799,0.23,3.27,0.55,mixed-rural-urban,0.148,0.032,0.8483,0.8043,0.8657,0.6893,0.3212,0.711,63.64,True
TTO,Trinidad & Tobago,African,largest_baseline_category,1.6,1.75,1.6,1.75,34.2,33.43,-0.77,33.43,0.0,33.42,33.43,33.42,33.43,0.01,515660,467906,0.328,0.0,0.0,1.763,unspecified,False,0.5,0.48,0.56,0.42,0.565,1.247,1.0,0.78,0.895,0.0,0.0,0.0,0.0,0.0,1.0,1.115,0.0,0.001,0.7,0.6946,-0.0054,0.6946,1.9587,0.1752,33.87,-0.33,0.44,2.107,2.23,0.0005,0.6969,0.7205,0.4273,0.1882,0.799,0.23,3.27,0.55,mixed-rural-urban,0.148,0.032,0.8483,0.8043,0.8657,0.6893,0.3212,0.711,63.64,False
TTO,Trinidad & Tobago,Mixed,identity_category_transition,1.6,1.75,1.6,1.75,22.8,22.54,-0.26,22.54,0.0,22.53,22.54,22.53,22.54,0.01,343773,315446,0.328,0.0,0.0,1.763,unspecified,False,0.5,0.48,0.56,0.42,0.565,1.2,1.0,0.78,0.882,0.0,0.0,0.0,0.0,0.0,1.0,1.115,0.0,0.001,0.7,0.6946,-0.0054,0.6946,1.9587,0.1752,22.83,0.03,0.3,2.107,2.23,0.0005,0.6969,0.7205,0.4273,0.1882,0.799,0.23,3.27,0.55,mixed-rural-urban,0.148,0.032,0.8483,0.8043,0.8657,0.6893,0.3212,0.711,63.64,False
TTO,Trinidad & Tobago,Other (incl. Chinese/Syrian),identity_category_transition,1.4,1.67,1.6,1.75,7.6,6.87,-0.73,6.87,0.0,6.89,6.85,6.85,6.89,0.04,114591,96130,0.328,0.0,0.0,1.763,SYR,False,0.672,0.726,0.6,0.74,0.565,1.078,1.0,0.78,0.951,0.0,0.0,0.0,0.0,0.0,1.0,1.115,0.0,0.001,0.7,0.6946,-0.0054,0.6946,1.9587,0.1752,7.07,-0.53,0.2,2.107,2.23,0.0005,0.6969,0.7205,0.4273,0.1882,0.799,0.23,3.27,0.55,mixed-rural-urban,0.148,0.032,0.8483,0.8043,0.8657,0.6893,0.3212,0.711,63.64,False
TUN,Tunisia,Arab,largest_baseline_category,2.0,2.03,2.0,2.03,92.0,91.99,-0.01,92.08,-0.09,92.02,91.95,91.95,92.02,0.07,11294935,12092218,0.043,0.0,0.0,1.317,unspecified,False,0.5,0.48,0.56,0.42,0.468,1.3,1.0,0.78,0.848,0.0,0.0,0.536,0.0,0.0,1.0,1.015,0.0,0.001,0.1522,0.1523,0.0001,0.1523,0.332,0.133,91.89,-0.11,-0.1,1.484,1.463,0.0005,0.1541,0.7136,0.3142,0.106,0.789,0.2007,1.18,0.561,mixed-rural-urban,0.019,0.0808,0.9295,0.7604,0.7998,0.6501,0.2513,0.4448,62.2,True
TUN,Tunisia,Amazigh (Berber),largest_baseline_category,2.0,2.03,2.0,2.03,2.0,1.94,-0.06,1.95,-0.0,1.94,1.94,1.94,1.94,0.0,245542,255545,0.043,0.0,0.0,1.317,unspecified,False,0.5,0.48,0.56,0.42,0.468,0.952,1.0,0.78,0.768,0.0,0.0,0.536,0.0,0.0,1.0,1.015,0.0,0.001,0.1522,0.1523,0.0001,0.1523,0.332,0.133,1.97,-0.03,0.03,1.484,1.463,0.0005,0.1541,0.7136,0.3142,0.106,0.789,0.2007,1.18,0.561,mixed-rural-urban,0.019,0.0808,0.9295,0.7604,0.7998,0.6501,0.2513,0.4448,62.2,False
TUN,Tunisia,Haratin/Black Tunisian,higher_fertility_path,2.35,2.17,2.0,2.03,2.5,2.81,0.31,2.81,-0.0,2.8,2.81,2.8,2.81,0.02,306928,368842,0.043,0.0,0.0,1.317,TUN,False,0.589,0.536,0.74,0.52,0.468,0.97,1.0,0.78,0.812,0.0,0.0,0.536,0.0,0.0,1.0,1.015,0.0,0.001,0.1522,0.1523,0.0001,0.1523,0.332,0.133,2.79,0.29,-0.02,1.484,1.463,0.0005,0.1541,0.7136,0.3142,0.106,0.789,0.2007,1.18,0.561,mixed-rural-urban,0.019,0.0808,0.9295,0.7604,0.7998,0.6501,0.2513,0.4448,62.2,False
TUN,Tunisia,European (Italian/French),lower_fertility_path,1.5,1.83,2.0,2.03,1.5,1.18,-0.32,1.18,-0.0,1.19,1.17,1.17,1.19,0.02,184157,155150,0.043,0.0,0.0,1.317,unspecified,False,0.5,0.48,0.56,0.42,0.468,0.93,1.0,0.78,0.763,0.0,0.0,0.536,0.0,0.0,1.0,1.015,0.0,0.001,0.1522,0.1523,0.0001,0.1523,0.332,0.133,1.24,-0.26,0.06,1.484,1.463,0.0005,0.1541,0.7136,0.3142,0.106,0.789,0.2007,1.18,0.561,mixed-rural-urban,0.019,0.0808,0.9295,0.7604,0.7998,0.6501,0.2513,0.4448,62.2,False
TUN,Tunisia,Libyan refugee,migration_linked,2.0,2.03,2.0,2.03,1.0,1.1,0.1,1.0,0.1,1.07,1.13,1.07,1.13,0.07,122771,144176,0.043,0.0,0.0,1.317,unspecified,True,0.5,0.48,0.56,0.42,0.468,0.903,1.0,0.78,0.757,0.0,0.0,0.536,0.0,0.0,1.0,1.015,0.0,0.001,0.1522,0.1523,0.0001,0.1523,0.332,0.133,1.11,0.11,0.02,1.484,1.463,0.0005,0.1541,0.7136,0.3142,0.106,0.789,0.2007,1.18,0.561,mixed-rural-urban,0.019,0.0808,0.9295,0.7604,0.7998,0.6501,0.2513,0.4448,62.2,False
TUN,Tunisia,Other,identity_category_transition,2.0,2.03,2.0,2.03,1.0,0.98,-0.02,0.98,-0.0,0.98,0.98,0.98,0.98,0.0,122771,129209,0.043,0.0,0.0,1.317,unspecified,False,0.5,0.48,0.56,0.42,0.468,0.903,1.0,0.78,0.757,0.0,0.0,0.536,0.0,0.0,1.0,1.015,0.0,0.001,0.1522,0.1523,0.0001,0.1523,0.332,0.133,1.0,-0.0,0.01,1.484,1.463,0.0005,0.1541,0.7136,0.3142,0.106,0.789,0.2007,1.18,0.561,mixed-rural-urban,0.019,0.0808,0.9295,0.7604,0.7998,0.6501,0.2513,0.4448,62.2,False
TUR,Turkey,Turkish,largest_baseline_category,1.6,1.75,1.6,1.75,70.0,65.75,-4.25,65.75,0.0,65.89,65.61,65.61,65.89,0.28,61231660,60003905,0.214,0.0,0.0,1.585,unspecified,False,0.5,0.48,0.56,0.42,0.527,1.3,1.0,0.78,0.885,0.0,0.0,0.0,0.0,0.0,1.0,1.075,0.0,0.001,0.47,0.5097,0.0397,0.5097,1.2661,0.1398,66.12,-3.88,0.36,1.891,1.908,0.0005,0.5071,0.7496,0.4082,0.1489,0.8152,0.2069,2.04,0.637,urbanizing-majority,0.078,0.0238,0.906,0.8238,0.9032,0.7142,0.2666,0.5206,62.86,True
TUR,Turkey,Kurdish (Kurmanji),higher_fertility_path,2.35,2.05,1.6,1.75,19.0,23.3,4.3,23.3,0.0,23.16,23.44,23.16,23.44,0.27,16620022,21264078,0.214,0.0,0.0,1.585,unspecified,False,0.5,0.48,0.56,0.42,0.527,1.179,1.0,0.78,0.854,0.0,0.0,0.0,0.0,0.0,1.0,1.075,0.0,0.001,0.47,0.5097,0.0397,0.5097,1.2661,0.1398,22.81,3.81,-0.49,1.891,1.908,0.0005,0.5071,0.7496,0.4082,0.1489,0.8152,0.2069,2.04,0.637,urbanizing-majority,0.078,0.0238,0.906,0.8238,0.9032,0.7142,0.2666,0.5206,62.86,False
TUR,Turkey,Zaza,higher_fertility_path,1.95,1.89,1.6,1.75,1.5,1.6,0.1,1.6,0.0,1.59,1.6,1.59,1.6,0.01,1312107,1456459,0.214,0.0,0.0,1.585,unspecified,False,0.5,0.48,0.56,0.42,0.527,0.93,1.0,0.78,0.79,0.0,0.0,0.0,0.0,0.0,1.0,1.075,0.0,0.001,0.47,0.5097,0.0397,0.5097,1.2661,0.1398,1.6,0.1,0.0,1.891,1.908,0.0005,0.5071,0.7496,0.4082,0.1489,0.8152,0.2069,2.04,0.637,urbanizing-majority,0.078,0.0238,0.906,0.8238,0.9032,0.7142,0.2666,0.5206,62.86,False
TUR,Turkey,Arab,higher_fertility_path,2.35,2.05,1.6,1.75,2.2,2.7,0.5,2.7,0.0,2.68,2.71,2.68,2.71,0.03,1924424,2462156,0.214,0.0,0.0,1.585,unspecified,False,0.5,0.48,0.56,0.42,0.527,0.96,1.0,0.78,0.797,0.0,0.0,0.0,0.0,0.0,1.0,1.075,0.0,0.001,0.47,0.5097,0.0397,0.5097,1.2661,0.1398,2.64,0.44,-0.06,1.891,1.908,0.0005,0.5071,0.7496,0.4082,0.1489,0.8152,0.2069,2.04,0.637,urbanizing-majority,0.078,0.0238,0.906,0.8238,0.9032,0.7142,0.2666,0.5206,62.86,False
TUR,Turkey,Circassian,largest_baseline_category,1.6,1.75,1.6,1.75,1.0,0.9,-0.1,0.9,0.0,0.91,0.9,0.9,0.91,0.0,874738,824720,0.214,0.0,0.0,1.585,unspecified,False,0.5,0.48,0.56,0.42,0.527,0.903,1.0,0.78,0.783,0.0,0.0,0.0,0.0,0.0,1.0,1.075,0.0,0.001,0.47,0.5097,0.0397,0.5097,1.2661,0.1398,0.93,-0.07,0.02,1.891,1.908,0.0005,0.5071,0.7496,0.4082,0.1489,0.8152,0.2069,2.04,0.637,urbanizing-majority,0.078,0.0238,0.906,0.8238,0.9032,0.7142,0.2666,0.5206,62.86,False
TUR,Turkey,Bosniak/Albanian,largest_baseline_category,1.6,1.75,1.6,1.75,0.8,0.72,-0.08,0.72,0.0,0.72,0.72,0.72,0.72,0.0,699790,659776,0.214,0.0,0.0,1.585,unspecified,False,0.5,0.48,0.56,0.42,0.527,0.891,1.0,0.78,0.779,0.0,0.0,0.0,0.0,0.0,1.0,1.075,0.0,0.001,0.47,0.5097,0.0397,0.5097,1.2661,0.1398,0.74,-0.06,0.02,1.891,1.908,0.0005,0.5071,0.7496,0.4082,0.1489,0.8152,0.2069,2.04,0.637,urbanizing-majority,0.078,0.0238,0.906,0.8238,0.9032,0.7142,0.2666,0.5206,62.86,False
TUR,Turkey,Other,identity_category_transition,1.6,1.75,1.6,1.75,5.5,5.03,-0.47,5.03,0.0,5.04,5.02,5.02,5.04,0.02,4811059,4586974,0.214,0.0,0.0,1.585,unspecified,False,0.5,0.48,0.56,0.42,0.527,1.045,1.0,0.78,0.819,0.0,0.0,0.0,0.0,0.0,1.0,1.075,0.0,0.001,0.47,0.5097,0.0397,0.5097,1.2661,0.1398,5.16,-0.34,0.14,1.891,1.908,0.0005,0.5071,0.7496,0.4082,0.1489,0.8152,0.2069,2.04,0.637,urbanizing-majority,0.078,0.0238,0.906,0.8238,0.9032,0.7142,0.2666,0.5206,62.86,False
TUV,Tuvalu,Tuvaluan,largest_baseline_category,3.2,2.71,3.2,2.71,96.0,95.63,-0.37,96.02,-0.39,95.75,95.48,95.48,95.75,0.27,9282,9373,0.0,0.0,0.0,1.25,unspecified,False,0.5,0.48,0.56,0.42,0.454,1.3,1.0,0.78,0.839,0.0,0.0,0.0,0.0,0.0,1.0,1.0,0.0,0.001,0.0768,0.0836,0.0068,0.0836,0.1673,0.1476,95.56,-0.44,-0.06,1.391,1.358,0.0005,0.0848,0.6921,0.297,0.1147,0.7772,0.1986,1.09,0.55,mixed-rural-urban,0.0,0.1106,0.8193,0.8326,0.7494,0.5906,0.2791,0.0,58.4,True
TUV,Tuvalu,Other,migration_linked,3.2,2.71,3.2,2.71,4.0,4.37,0.37,3.98,0.39,4.25,4.52,4.25,4.52,0.27,387,429,0.0,0.0,0.0,1.25,unspecified,True,0.5,0.48,0.56,0.42,0.454,1.013,1.0,0.78,0.775,0.0,0.0,0.0,0.0,0.0,1.0,1.0,0.0,0.001,0.0768,0.0836,0.0068,0.0836,0.1673,0.1476,4.44,0.44,0.06,1.391,1.358,0.0005,0.0848,0.6921,0.297,0.1147,0.7772,0.1986,1.09,0.55,mixed-rural-urban,0.0,0.1106,0.8193,0.8326,0.7494,0.5906,0.2791,0.0,58.4,False
TZA,Tanzania,Sukuma,largest_baseline_category,4.4,3.37,4.4,3.37,16.0,15.52,-0.48,15.52,0.0,15.52,15.52,15.52,15.52,0.0,10969626,20117447,0.0,0.0,0.0,1.25,unspecified,False,0.5,0.48,0.56,0.42,0.454,1.16,1.0,0.78,0.807,0.68,0.0,0.792,0.0,0.0,1.0,1.0,0.0,0.001,0.8044,0.7924,-0.012,0.7924,2.6292,0.3013,15.74,-0.26,0.22,2.254,2.376,0.0005,0.7981,0.4075,0.3185,0.2022,0.6684,0.2442,4.82,0.599,urbanizing-majority,0.0,0.1223,0.7977,0.5989,0.6504,0.1381,0.6973,0.0,52.16,False
TZA,Tanzania,Nyamwezi,largest_baseline_category,4.4,3.37,4.4,3.37,5.2,5.04,-0.16,5.04,0.0,5.04,5.04,5.04,5.04,0.0,3565128,6538170,0.0,0.0,0.0,1.25,unspecified,False,0.5,0.48,0.56,0.42,0.454,1.039,1.0,0.78,0.781,0.68,0.0,0.792,0.0,0.0,1.0,1.0,0.0,0.001,0.8044,0.7924,-0.012,0.7924,2.6292,0.3013,5.12,-0.08,0.07,2.254,2.376,0.0005,0.7981,0.4075,0.3185,0.2022,0.6684,0.2442,4.82,0.599,urbanizing-majority,0.0,0.1223,0.7977,0.5989,0.6504,0.1381,0.6973,0.0,52.16,False
TZA,Tanzania,Chagga,largest_baseline_category,4.4,3.37,4.4,3.37,4.8,4.66,-0.14,4.66,0.0,4.66,4.66,4.66,4.66,0.0,3290888,6035234,0.0,0.0,0.0,1.25,unspecified,False,0.5,0.48,0.56,0.42,0.454,1.031,1.0,0.78,0.779,0.68,0.0,0.792,0.0,0.0,1.0,1.0,0.0,0.001,0.8044,0.7924,-0.012,0.7924,2.6292,0.3013,4.72,-0.08,0.07,2.254,2.376,0.0005,0.7981,0.4075,0.3185,0.2022,0.6684,0.2442,4.82,0.599,urbanizing-majority,0.0,0.1223,0.7977,0.5989,0.6504,0.1381,0.6973,0.0,52.16,False
TZA,Tanzania,Njema,largest_baseline_category,4.4,3.37,4.4,3.37,4.6,4.46,-0.14,4.46,0.0,4.46,4.46,4.46,4.46,0.0,3153767,5783766,0.0,0.0,0.0,1.25,unspecified,False,0.5,0.48,0.56,0.42,0.454,1.027,1.0,0.78,0.778,0.68,0.0,0.792,0.0,0.0,1.0,1.0,0.0,0.001,0.8044,0.7924,-0.012,0.7924,2.6292,0.3013,4.53,-0.07,0.06,2.254,2.376,0.0005,0.7981,0.4075,0.3185,0.2022,0.6684,0.2442,4.82,0.599,urbanizing-majority,0.0,0.1223,0.7977,0.5989,0.6504,0.1381,0.6973,0.0,52.16,False
TZA,Tanzania,Haya,largest_baseline_category,4.4,3.37,4.4,3.37,4.5,4.37,-0.13,4.37,0.0,4.37,4.37,4.37,4.37,0.0,3085207,5658032,0.0,0.0,0.0,1.25,unspecified,False,0.5,0.48,0.56,0.42,0.454,1.025,1.0,0.78,0.777,0.68,0.0,0.792,0.0,0.0,1.0,1.0,0.0,0.001,0.8044,0.7924,-0.012,0.7924,2.6292,0.3013,4.43,-0.07,0.06,2.254,2.376,0.0005,0.7981,0.4075,0.3185,0.2022,0.6684,0.2442,4.82,0.599,urbanizing-majority,0.0,0.1223,0.7977,0.5989,0.6504,0.1381,0.6973,0.0,52.16,False
TZA,Tanzania,Hehe,largest_baseline_category,4.4,3.37,4.4,3.37,4.2,4.07,-0.13,4.07,0.0,4.07,4.07,4.07,4.07,0.0,2879527,5280830,0.0,0.0,0.0,1.25,unspecified,False,0.5,0.48,0.56,0.42,0.454,1.018,1.0,0.78,0.776,0.68,0.0,0.792,0.0,0.0,1.0,1.0,0.0,0.001,0.8044,0.7924,-0.012,0.7924,2.6292,0.3013,4.13,-0.07,0.06,2.254,2.376,0.0005,0.7981,0.4075,0.3185,0.2022,0.6684,0.2442,4.82,0.599,urbanizing-majority,0.0,0.1223,0.7977,0.5989,0.6504,0.1381,0.6973,0.0,52.16,False
TZA,Tanzania,Makonde,largest_baseline_category,4.4,3.37,4.4,3.37,4.0,3.88,-0.12,3.88,0.0,3.88,3.88,3.88,3.88,0.0,2742406,5029362,0.0,0.0,0.0,1.25,unspecified,False,0.5,0.48,0.56,0.42,0.454,1.013,1.0,0.78,0.775,0.68,0.0,0.792,0.0,0.0,1.0,1.0,0.0,0.001,0.8044,0.7924,-0.012,0.7924,2.6292,0.3013,3.94,-0.06,0.06,2.254,2.376,0.0005,0.7981,0.4075,0.3185,0.2022,0.6684,0.2442,4.82,0.599,urbanizing-majority,0.0,0.1223,0.7977,0.5989,0.6504,0.1381,0.6973,0.0,52.16,False
TZA,Tanzania,Ha,largest_baseline_category,4.4,3.37,4.4,3.37,3.5,3.4,-0.1,3.4,0.0,3.4,3.4,3.4,3.4,0.0,2399606,4400691,0.0,0.0,0.0,1.25,unspecified,False,0.5,0.48,0.56,0.42,0.454,1.0,1.0,0.78,0.772,0.68,0.0,0.792,0.0,0.0,1.0,1.0,0.0,0.001,0.8044,0.7924,-0.012,0.7924,2.6292,0.3013,3.44,-0.06,0.05,2.254,2.376,0.0005,0.7981,0.4075,0.3185,0.2022,0.6684,0.2442,4.82,0.599,urbanizing-majority,0.0,0.1223,0.7977,0.5989,0.6504,0.1381,0.6973,0.0,52.16,False
TZA,Tanzania,Gogo,largest_baseline_category,4.4,3.37,4.4,3.37,3.4,3.3,-0.1,3.3,0.0,3.3,3.3,3.3,3.3,0.0,2331046,4274957,0.0,0.0,0.0,1.25,unspecified,False,0.5,0.48,0.56,0.42,0.454,0.998,1.0,0.78,0.771,0.68,0.0,0.792,0.0,0.0,1.0,1.0,0.0,0.001,0.8044,0.7924,-0.012,0.7924,2.6292,0.3013,3.35,-0.05,0.05,2.254,2.376,0.0005,0.7981,0.4075,0.3185,0.2022,0.6684,0.2442,4.82,0.599,urbanizing-majority,0.0,0.1223,0.7977,0.5989,0.6504,0.1381,0.6973,0.0,52.16,False
TZA,Tanzania,Zaramo,largest_baseline_category,4.4,3.37,4.4,3.37,3.1,3.01,-0.09,3.01,0.0,3.01,3.01,3.01,3.01,0.0,2125365,3897755,0.0,0.0,0.0,1.25,unspecified,False,0.5,0.48,0.56,0.42,0.454,0.989,1.0,0.78,0.77,0.68,0.0,0.792,0.0,0.0,1.0,1.0,0.0,0.001,0.8044,0.7924,-0.012,0.7924,2.6292,0.3013,3.05,-0.05,0.04,2.254,2.376,0.0005,0.7981,0.4075,0.3185,0.2022,0.6684,0.2442,4.82,0.599,urbanizing-majority,0.0,0.1223,0.7977,0.5989,0.6504,0.1381,0.6973,0.0,52.16,False
TZA,Tanzania,Nyakyusa,largest_baseline_category,4.4,3.37,4.4,3.37,2.8,2.72,-0.08,2.72,0.0,2.72,2.72,2.72,2.72,0.0,1919685,3520553,0.0,0.0,0.0,1.25,unspecified,False,0.5,0.48,0.56,0.42,0.454,0.98,1.0,0.78,0.768,0.68,0.0,0.792,0.0,0.0,1.0,1.0,0.0,0.001,0.8044,0.7924,-0.012,0.7924,2.6292,0.3013,2.76,-0.04,0.04,2.254,2.376,0.0005,0.7981,0.4075,0.3185,0.2022,0.6684,0.2442,4.82,0.599,urbanizing-majority,0.0,0.1223,0.7977,0.5989,0.6504,0.1381,0.6973,0.0,52.16,False
TZA,Tanzania,Makua,largest_baseline_category,4.4,3.37,4.4,3.37,2.7,2.62,-0.08,2.62,0.0,2.62,2.62,2.62,2.62,0.0,1851124,3394819,0.0,0.0,0.0,1.25,unspecified,False,0.5,0.48,0.56,0.42,0.454,0.977,1.0,0.78,0.767,0.68,0.0,0.792,0.0,0.0,1.0,1.0,0.0,0.001,0.8044,0.7924,-0.012,0.7924,2.6292,0.3013,2.66,-0.04,0.04,2.254,2.376,0.0005,0.7981,0.4075,0.3185,0.2022,0.6684,0.2442,4.82,0.599,urbanizing-majority,0.0,0.1223,0.7977,0.5989,0.6504,0.1381,0.6973,0.0,52.16,False
TZA,Tanzania,Luguru,largest_baseline_category,4.4,3.37,4.4,3.37,2.2,2.13,-0.07,2.13,0.0,2.13,2.13,2.13,2.13,0.0,1508324,2766149,0.0,0.0,0.0,1.25,unspecified,False,0.5,0.48,0.56,0.42,0.454,0.96,1.0,0.78,0.763,0.68,0.0,0.792,0.0,0.0,1.0,1.0,0.0,0.001,0.8044,0.7924,-0.012,0.7924,2.6292,0.3013,2.16,-0.04,0.03,2.254,2.376,0.0005,0.7981,0.4075,0.3185,0.2022,0.6684,0.2442,4.82,0.599,urbanizing-majority,0.0,0.1223,0.7977,0.5989,0.6504,0.1381,0.6973,0.0,52.16,False
TZA,Tanzania,Other,identity_category_transition,4.4,3.37,4.4,3.37,39.0,40.83,1.83,40.83,0.0,40.83,40.83,40.83,40.83,0.0,26738463,52923325,0.0,0.0,0.0,1.25,unspecified,False,0.5,0.48,0.56,0.42,0.454,1.263,1.0,0.78,0.83,0.68,0.0,0.792,0.0,0.0,1.0,1.0,0.0,0.001,0.8044,0.7924,-0.012,0.7924,2.6292,0.3013,39.97,0.97,-0.85,2.254,2.376,0.0005,0.7981,0.4075,0.3185,0.2022,0.6684,0.2442,4.82,0.599,urbanizing-majority,0.0,0.1223,0.7977,0.5989,0.6504,0.1381,0.6973,0.0,52.16,True
UGA,Uganda,Baganda,largest_baseline_category,4.5,3.42,4.5,3.42,16.5,16.04,-0.46,16.04,0.0,16.04,16.04,16.04,16.04,0.0,8252490,13700360,0.0,0.0,0.0,1.25,unspecified,False,0.5,0.48,0.56,0.42,0.454,1.163,1.0,0.78,0.808,0.7,0.0,0.795,0.0,0.0,1.0,1.0,0.0,0.001,0.888,0.8818,-0.0062,0.8818,3.133,0.288,16.27,-0.23,0.23,2.256,2.493,0.0005,0.885,0.4352,0.2536,0.1876,0.6854,0.2236,8.46,0.428,mixed-rural-urban,0.0,0.095,0.8072,0.6436,0.5972,0.1811,0.6941,0.0,50.96,False
UGA,Uganda,Banyankole,largest_baseline_category,4.5,3.42,4.5,3.42,9.6,9.33,-0.27,9.33,0.0,9.33,9.33,9.33,9.33,0.0,4801449,7971119,0.0,0.0,0.0,1.25,unspecified,False,0.5,0.48,0.56,0.42,0.454,1.103,1.0,0.78,0.795,0.7,0.0,0.795,0.0,0.0,1.0,1.0,0.0,0.001,0.888,0.8818,-0.0062,0.8818,3.133,0.288,9.47,-0.13,0.13,2.256,2.493,0.0005,0.885,0.4352,0.2536,0.1876,0.6854,0.2236,8.46,0.428,mixed-rural-urban,0.0,0.095,0.8072,0.6436,0.5972,0.1811,0.6941,0.0,50.96,False
UGA,Uganda,Basoga,largest_baseline_category,4.5,3.42,4.5,3.42,8.8,8.55,-0.25,8.55,0.0,8.55,8.55,8.55,8.55,0.0,4401328,7306859,0.0,0.0,0.0,1.25,unspecified,False,0.5,0.48,0.56,0.42,0.454,1.094,1.0,0.78,0.793,0.7,0.0,0.795,0.0,0.0,1.0,1.0,0.0,0.001,0.888,0.8818,-0.0062,0.8818,3.133,0.288,8.68,-0.12,0.12,2.256,2.493,0.0005,0.885,0.4352,0.2536,0.1876,0.6854,0.2236,8.46,0.428,mixed-rural-urban,0.0,0.095,0.8072,0.6436,0.5972,0.1811,0.6941,0.0,50.96,False
UGA,Uganda,Bakiga,largest_baseline_category,4.5,3.42,4.5,3.42,7.1,6.9,-0.2,6.9,0.0,6.9,6.9,6.9,6.9,0.0,3551071,5895307,0.0,0.0,0.0,1.25,unspecified,False,0.5,0.48,0.56,0.42,0.454,1.071,1.0,0.78,0.788,0.7,0.0,0.795,0.0,0.0,1.0,1.0,0.0,0.001,0.888,0.8818,-0.0062,0.8818,3.133,0.288,7.0,-0.1,0.1,2.256,2.493,0.0005,0.885,0.4352,0.2536,0.1876,0.6854,0.2236,8.46,0.428,mixed-rural-urban,0.0,0.095,0.8072,0.6436,0.5972,0.1811,0.6941,0.0,50.96,False
UGA,Uganda,Iteso,largest_baseline_category,4.5,3.42,4.5,3.42,7.0,6.8,-0.2,6.8,0.0,6.8,6.8,6.8,6.8,0.0,3501056,5812274,0.0,0.0,0.0,1.25,unspecified,False,0.5,0.48,0.56,0.42,0.454,1.07,1.0,0.78,0.787,0.7,0.0,0.795,0.0,0.0,1.0,1.0,0.0,0.001,0.888,0.8818,-0.0062,0.8818,3.133,0.288,6.9,-0.1,0.1,2.256,2.493,0.0005,0.885,0.4352,0.2536,0.1876,0.6854,0.2236,8.46,0.428,mixed-rural-urban,0.0,0.095,0.8072,0.6436,0.5972,0.1811,0.6941,0.0,50.96,False
UGA,Uganda,Langi,largest_baseline_category,4.5,3.42,4.5,3.42,6.3,6.12,-0.18,6.12,0.0,6.12,6.12,6.12,6.12,0.0,3150951,5231047,0.0,0.0,0.0,1.25,unspecified,False,0.5,0.48,0.56,0.42,0.454,1.059,1.0,0.78,0.785,0.7,0.0,0.795,0.0,0.0,1.0,1.0,0.0,0.001,0.888,0.8818,-0.0062,0.8818,3.133,0.288,6.21,-0.09,0.09,2.256,2.493,0.0005,0.885,0.4352,0.2536,0.1876,0.6854,0.2236,8.46,0.428,mixed-rural-urban,0.0,0.095,0.8072,0.6436,0.5972,0.1811,0.6941,0.0,50.96,False
UGA,Uganda,Acholi,largest_baseline_category,4.5,3.42,4.5,3.42,4.7,4.57,-0.13,4.57,0.0,4.57,4.57,4.57,4.57,0.0,2350709,3902527,0.0,0.0,0.0,1.25,unspecified,False,0.5,0.48,0.56,0.42,0.454,1.029,1.0,0.78,0.778,0.7,0.0,0.795,0.0,0.0,1.0,1.0,0.0,0.001,0.888,0.8818,-0.0062,0.8818,3.133,0.288,4.63,-0.07,0.07,2.256,2.493,0.0005,0.885,0.4352,0.2536,0.1876,0.6854,0.2236,8.46,0.428,mixed-rural-urban,0.0,0.095,0.8072,0.6436,0.5972,0.1811,0.6941,0.0,50.96,False
UGA,Uganda,Bagisu,largest_baseline_category,4.5,3.42,4.5,3.42,4.6,4.47,-0.13,4.47,0.0,4.47,4.47,4.47,4.47,0.0,2300694,3819494,0.0,0.0,0.0,1.25,unspecified,False,0.5,0.48,0.56,0.42,0.454,1.027,1.0,0.78,0.778,0.7,0.0,0.795,0.0,0.0,1.0,1.0,0.0,0.001,0.888,0.8818,-0.0062,0.8818,3.133,0.288,4.54,-0.06,0.06,2.256,2.493,0.0005,0.885,0.4352,0.2536,0.1876,0.6854,0.2236,8.46,0.428,mixed-rural-urban,0.0,0.095,0.8072,0.6436,0.5972,0.1811,0.6941,0.0,50.96,False
UGA,Uganda,Lugbara,largest_baseline_category,4.5,3.42,4.5,3.42,4.2,4.08,-0.12,4.08,0.0,4.08,4.08,4.08,4.08,0.0,2100634,3487364,0.0,0.0,0.0,1.25,unspecified,False,0.5,0.48,0.56,0.42,0.454,1.018,1.0,0.78,0.776,0.7,0.0,0.795,0.0,0.0,1.0,1.0,0.0,0.001,0.888,0.8818,-0.0062,0.8818,3.133,0.288,4.14,-0.06,0.06,2.256,2.493,0.0005,0.885,0.4352,0.2536,0.1876,0.6854,0.2236,8.46,0.428,mixed-rural-urban,0.0,0.095,0.8072,0.6436,0.5972,0.1811,0.6941,0.0,50.96,False
UGA,Uganda,Bunyoro,largest_baseline_category,4.5,3.42,4.5,3.42,2.7,2.62,-0.08,2.62,0.0,2.62,2.62,2.62,2.62,0.0,1350407,2241877,0.0,0.0,0.0,1.25,unspecified,False,0.5,0.48,0.56,0.42,0.454,0.977,1.0,0.78,0.767,0.7,0.0,0.795,0.0,0.0,1.0,1.0,0.0,0.001,0.888,0.8818,-0.0062,0.8818,3.133,0.288,2.66,-0.04,0.04,2.256,2.493,0.0005,0.885,0.4352,0.2536,0.1876,0.6854,0.2236,8.46,0.428,mixed-rural-urban,0.0,0.095,0.8072,0.6436,0.5972,0.1811,0.6941,0.0,50.96,False
UGA,Uganda,Batoro,largest_baseline_category,4.5,3.42,4.5,3.42,2.7,2.62,-0.08,2.62,0.0,2.62,2.62,2.62,2.62,0.0,1350407,2241877,0.0,0.0,0.0,1.25,unspecified,False,0.5,0.48,0.56,0.42,0.454,0.977,1.0,0.78,0.767,0.7,0.0,0.795,0.0,0.0,1.0,1.0,0.0,0.001,0.888,0.8818,-0.0062,0.8818,3.133,0.288,2.66,-0.04,0.04,2.256,2.493,0.0005,0.885,0.4352,0.2536,0.1876,0.6854,0.2236,8.46,0.428,mixed-rural-urban,0.0,0.095,0.8072,0.6436,0.5972,0.1811,0.6941,0.0,50.96,False
UGA,Uganda,Bafumbira,largest_baseline_category,4.5,3.42,4.5,3.42,2.5,2.43,-0.07,2.43,0.0,2.43,2.43,2.43,2.43,0.0,1250377,2075812,0.0,0.0,0.0,1.25,unspecified,False,0.5,0.48,0.56,0.42,0.454,0.97,1.0,0.78,0.765,0.7,0.0,0.795,0.0,0.0,1.0,1.0,0.0,0.001,0.888,0.8818,-0.0062,0.8818,3.133,0.288,2.46,-0.04,0.04,2.256,2.493,0.0005,0.885,0.4352,0.2536,0.1876,0.6854,0.2236,8.46,0.428,mixed-rural-urban,0.0,0.095,0.8072,0.6436,0.5972,0.1811,0.6941,0.0,50.96,False
UGA,Uganda,Karamojong,largest_baseline_category,4.5,3.42,4.5,3.42,2.0,1.94,-0.06,1.94,0.0,1.94,1.94,1.94,1.94,0.0,1000302,1660650,0.0,0.0,0.0,1.25,unspecified,False,0.5,0.48,0.56,0.42,0.454,0.952,1.0,0.78,0.761,0.7,0.0,0.795,0.0,0.0,1.0,1.0,0.0,0.001,0.888,0.8818,-0.0062,0.8818,3.133,0.288,1.97,-0.03,0.03,2.256,2.493,0.0005,0.885,0.4352,0.2536,0.1876,0.6854,0.2236,8.46,0.428,mixed-rural-urban,0.0,0.095,0.8072,0.6436,0.5972,0.1811,0.6941,0.0,50.96,False
UGA,Uganda,Other,identity_category_transition,4.5,3.42,4.5,3.42,21.3,23.51,2.21,23.51,0.0,23.51,23.51,23.51,23.51,0.0,10653214,20084634,0.0,0.0,0.0,1.25,unspecified,False,0.5,0.48,0.56,0.42,0.454,1.193,1.0,0.78,0.815,0.7,0.0,0.795,0.0,0.0,1.0,1.0,0.0,0.001,0.888,0.8818,-0.0062,0.8818,3.133,0.288,22.4,1.1,-1.11,2.256,2.493,0.0005,0.885,0.4352,0.2536,0.1876,0.6854,0.2236,8.46,0.428,mixed-rural-urban,0.0,0.095,0.8072,0.6436,0.5972,0.1811,0.6941,0.0,50.96,True
UKR,Ukraine,Ukrainian,largest_baseline_category,1.2,1.47,1.2,1.47,77.8,81.33,3.53,81.57,-0.24,81.31,81.34,81.31,81.34,0.03,29455252,26017968,0.644,0.0,0.0,2.256,UKR,False,0.615,0.539,0.82,0.52,0.673,1.3,1.0,0.78,1.077,0.0,0.0,0.539,0.0,0.0,1.0,1.225,0.0,0.001,0.3643,0.3193,-0.045,0.3193,0.7169,0.2238,80.57,2.77,-0.77,1.721,1.76,0.0005,0.3298,0.7052,0.5525,0.2592,0.795,0.2695,1.47,0.55,mixed-rural-urban,0.29,0.0359,0.849,0.7939,0.8029,0.6789,0.3519,0.8069,63.86,True
UKR,Ukraine,Russian,lower_fertility_path,0.8,1.31,1.2,1.47,17.3,13.64,-3.66,13.68,-0.04,13.75,13.52,13.52,13.75,0.22,6549818,4362398,0.644,0.0,0.0,2.256,unspecified,False,0.5,0.48,0.56,0.42,0.673,1.169,1.0,0.78,0.935,0.0,0.0,0.539,0.0,0.0,1.0,1.225,0.0,0.001,0.3643,0.3193,-0.045,0.3193,0.7169,0.2238,14.32,-2.98,0.69,1.721,1.76,0.0005,0.3298,0.7052,0.5525,0.2592,0.795,0.2695,1.47,0.55,mixed-rural-urban,0.29,0.0359,0.849,0.7939,0.8029,0.6789,0.3519,0.8069,63.86,False
UKR,Ukraine,Romanian / Moldovan,lower_fertility_path,0.8,1.31,1.2,1.47,0.8,0.63,-0.17,0.63,-0.0,0.64,0.63,0.63,0.64,0.01,302882,201729,0.644,0.0,0.0,2.256,unspecified,False,0.5,0.48,0.56,0.42,0.673,0.891,1.0,0.78,0.843,0.0,0.0,0.539,0.0,0.0,1.0,1.225,0.0,0.001,0.3643,0.3193,-0.045,0.3193,0.7169,0.2238,0.66,-0.14,0.03,1.721,1.76,0.0005,0.3298,0.7052,0.5525,0.2592,0.795,0.2695,1.47,0.55,mixed-rural-urban,0.29,0.0359,0.849,0.7939,0.8029,0.6789,0.3519,0.8069,63.86,False
UKR,Ukraine,Belarusian,lower_fertility_path,0.8,1.31,1.2,1.47,0.6,0.47,-0.13,0.47,-0.0,0.48,0.47,0.47,0.48,0.01,227161,151297,0.644,0.0,0.0,2.256,unspecified,False,0.5,0.48,0.56,0.42,0.673,0.876,1.0,0.78,0.838,0.0,0.0,0.539,0.0,0.0,1.0,1.225,0.0,0.001,0.3643,0.3193,-0.045,0.3193,0.7169,0.2238,0.5,-0.1,0.02,1.721,1.76,0.0005,0.3298,0.7052,0.5525,0.2592,0.795,0.2695,1.47,0.55,mixed-rural-urban,0.29,0.0359,0.849,0.7939,0.8029,0.6789,0.3519,0.8069,63.86,False
UKR,Ukraine,Hungarian (Zakarpattia),lower_fertility_path,0.8,1.31,1.2,1.47,0.3,0.24,-0.06,0.24,-0.0,0.24,0.23,0.23,0.24,0.0,113581,75649,0.644,0.0,0.0,2.256,unspecified,False,0.5,0.48,0.56,0.42,0.673,0.851,1.0,0.78,0.83,0.0,0.0,0.539,0.0,0.0,1.0,1.225,0.0,0.001,0.3643,0.3193,-0.045,0.3193,0.7169,0.2238,0.25,-0.05,0.01,1.721,1.76,0.0005,0.3298,0.7052,0.5525,0.2592,0.795,0.2695,1.47,0.55,mixed-rural-urban,0.29,0.0359,0.849,0.7939,0.8029,0.6789,0.3519,0.8069,63.86,False
UKR,Ukraine,Bulgarian (Bessarabia),lower_fertility_path,1.2,1.47,1.2,1.47,0.4,0.4,0.0,0.4,-0.0,0.4,0.4,0.4,0.4,0.0,151441,128050,0.644,0.0,0.0,2.256,unspecified,False,0.5,0.48,0.56,0.42,0.673,0.86,1.0,0.78,0.833,0.0,0.0,0.539,0.0,0.0,1.0,1.225,0.0,0.001,0.3643,0.3193,-0.045,0.3193,0.7169,0.2238,0.4,0.0,0.0,1.721,1.76,0.0005,0.3298,0.7052,0.5525,0.2592,0.795,0.2695,1.47,0.55,mixed-rural-urban,0.29,0.0359,0.849,0.7939,0.8029,0.6789,0.3519,0.8069,63.86,False
UKR,Ukraine,Crimean Tatar,largest_baseline_category,1.2,1.47,1.2,1.47,0.5,0.51,0.01,0.51,-0.0,0.51,0.51,0.51,0.51,0.0,189301,161863,0.644,0.0,0.0,2.256,unspecified,False,0.5,0.48,0.56,0.42,0.673,0.869,1.0,0.78,0.836,0.0,0.0,0.539,0.0,0.0,1.0,1.225,0.0,0.001,0.3643,0.3193,-0.045,0.3193,0.7169,0.2238,0.51,0.01,0.0,1.721,1.76,0.0005,0.3298,0.7052,0.5525,0.2592,0.795,0.2695,1.47,0.55,mixed-rural-urban,0.29,0.0359,0.849,0.7939,0.8029,0.6789,0.3519,0.8069,63.86,False
UKR,Ukraine,Roma,higher_fertility_path,1.55,1.61,1.2,1.47,0.6,0.74,0.14,0.74,-0.0,0.73,0.74,0.73,0.74,0.01,227161,235388,0.644,0.0,0.0,2.256,unspecified,False,0.5,0.48,0.56,0.42,0.673,0.876,1.0,0.78,0.838,0.0,0.0,0.539,0.0,0.0,1.0,1.225,0.0,0.001,0.3643,0.3193,-0.045,0.3193,0.7169,0.2238,0.72,0.12,-0.01,1.721,1.76,0.0005,0.3298,0.7052,0.5525,0.2592,0.795,0.2695,1.47,0.55,mixed-rural-urban,0.29,0.0359,0.849,0.7939,0.8029,0.6789,0.3519,0.8069,63.86,False
UKR,Ukraine,Other,migration_linked,1.2,1.47,1.2,1.47,1.7,2.05,0.35,1.76,0.29,1.96,2.16,1.96,2.16,0.2,643624,655794,0.644,0.0,0.0,2.256,unspecified,True,0.5,0.48,0.56,0.42,0.673,0.939,1.0,0.78,0.859,0.0,0.0,0.539,0.0,0.0,1.0,1.225,0.0,0.001,0.3643,0.3193,-0.045,0.3193,0.7169,0.2238,2.07,0.37,0.02,1.721,1.76,0.0005,0.3298,0.7052,0.5525,0.2592,0.795,0.2695,1.47,0.55,mixed-rural-urban,0.29,0.0359,0.849,0.7939,0.8029,0.6789,0.3519,0.8069,63.86,False
URY,Uruguay,White (European),lower_fertility_path,0.9,1.44,1.5,1.68,87.7,83.58,-4.12,84.07,-0.49,83.88,83.24,83.24,83.88,0.64,2970033,2719957,0.318,0.0,0.0,1.747,unspecified,False,0.5,0.48,0.56,0.42,0.562,1.3,1.0,0.78,0.907,0.0,0.0,0.0,0.0,0.0,1.0,1.111,0.0,0.001,0.2258,0.2925,0.0666,0.2925,0.6773,0.1431,84.16,-3.54,0.58,1.682,1.566,0.0005,0.2833,0.7471,0.4823,0.1335,0.8282,0.2058,1.41,0.767,urbanizing-majority,0.074,0.0241,0.9154,0.8684,0.8751,0.7099,0.3546,0.749,62.54,True
URY,Uruguay,Black,largest_baseline_category,1.5,1.68,1.5,1.68,4.6,5.89,1.29,5.92,-0.04,5.85,5.93,5.85,5.93,0.09,155783,191663,0.318,0.0,0.0,1.747,unspecified,False,0.5,0.48,0.56,0.42,0.562,1.027,1.0,0.78,0.832,0.0,0.0,0.0,0.0,0.0,1.0,1.111,0.0,0.001,0.2258,0.2925,0.0666,0.2925,0.6773,0.1431,5.68,1.08,-0.21,1.682,1.566,0.0005,0.2833,0.7471,0.4823,0.1335,0.8282,0.2058,1.41,0.767,urbanizing-majority,0.074,0.0241,0.9154,0.8684,0.8751,0.7099,0.3546,0.749,62.54,False
URY,Uruguay,Indigenous,largest_baseline_category,1.5,1.68,1.5,1.68,2.4,3.07,0.67,3.09,-0.02,3.05,3.1,3.05,3.1,0.05,81278,99998,0.318,0.0,0.0,1.747,unspecified,False,0.5,0.48,0.56,0.42,0.562,0.967,1.0,0.78,0.816,0.0,0.0,0.0,0.0,0.0,1.0,1.111,0.0,0.001,0.2258,0.2925,0.0666,0.2925,0.6773,0.1431,2.96,0.56,-0.11,1.682,1.566,0.0005,0.2833,0.7471,0.4823,0.1335,0.8282,0.2058,1.41,0.767,urbanizing-majority,0.074,0.0241,0.9154,0.8684,0.8751,0.7099,0.3546,0.749,62.54,False
URY,Uruguay,Asian,migration_linked,1.5,1.68,1.5,1.68,0.5,0.74,0.24,0.66,0.08,0.71,0.78,0.71,0.78,0.07,16933,24023,0.318,0.0,0.0,1.747,unspecified,True,0.5,0.48,0.56,0.42,0.562,0.869,1.0,0.78,0.789,0.0,0.0,0.0,0.0,0.0,1.0,1.111,0.0,0.001,0.2258,0.2925,0.0666,0.2925,0.6773,0.1431,0.71,0.21,-0.03,1.682,1.566,0.0005,0.2833,0.7471,0.4823,0.1335,0.8282,0.2058,1.41,0.767,urbanizing-majority,0.074,0.0241,0.9154,0.8684,0.8751,0.7099,0.3546,0.749,62.54,False
URY,Uruguay,Other,identity_category_transition,1.5,1.68,1.5,1.68,4.8,6.72,1.92,6.25,0.47,6.52,6.96,6.52,6.96,0.44,162556,218713,0.318,0.0,0.0,1.747,unspecified,False,0.5,0.48,0.56,0.42,0.562,1.031,1.0,0.78,0.833,0.0,0.0,0.0,0.0,0.0,1.0,1.111,0.0,0.001,0.2258,0.2925,0.0666,0.2925,0.6773,0.1431,6.48,1.68,-0.24,1.682,1.566,0.0005,0.2833,0.7471,0.4823,0.1335,0.8282,0.2058,1.41,0.767,urbanizing-majority,0.074,0.0241,0.9154,0.8684,0.8751,0.7099,0.3546,0.749,62.54,False
USA,USA,White non-Hispanic,lower_fertility_path,1.4,1.67,1.6,1.75,57.0,44.57,-12.43,52.5,-7.92,47.21,41.4,41.4,47.21,5.81,196893143,169757266,0.214,0.0,0.0,1.652,unspecified,False,0.5,0.48,0.56,0.42,0.68,1.3,1.0,0.88,1.006,0.0,1.08,0.0,0.732,0.498,1.2,1.29,0.22,0.001,0.6482,0.7537,0.1055,0.7537,2.4117,0.1003,21.16,-35.84,-23.41,2.741,2.818,0.0005,0.6397,0.8229,0.4562,0.0825,0.8935,0.1825,4.06,0.81,metropolitan-heavy,0.041,0.0026,0.9138,0.9188,0.9913,0.7729,0.248,0.5541,64.6,True
USA,USA,Hispanic / Latino (Mexican),higher_fertility_path,1.8,1.83,1.6,1.75,11.0,18.05,7.05,11.87,6.19,15.99,20.6,15.99,20.6,4.61,37996922,68751858,0.214,0.0,0.0,1.652,MEX,True,0.593,0.546,0.74,0.56,0.68,1.118,1.36,0.88,1.184,0.0,1.08,0.0,0.732,0.498,1.2,1.29,0.22,0.001,0.6482,0.7537,0.1055,0.7537,2.4117,0.1003,8.46,-2.54,-9.6,2.741,2.818,0.0005,0.6397,0.8229,0.4562,0.0825,0.8935,0.1825,4.06,0.81,metropolitan-heavy,0.041,0.0026,0.9138,0.9188,0.9913,0.7729,0.248,0.5541,64.6,False
USA,USA,Hispanic / Latino (Puerto Rican),identity_category_transition,1.6,1.75,1.6,1.75,2.2,2.08,-0.12,2.16,-0.08,2.12,2.02,2.02,2.12,0.09,7599384,7923796,0.214,0.0,0.0,1.652,unspecified,True,0.5,0.48,0.56,0.42,0.68,0.96,1.0,0.88,0.887,0.0,1.08,0.0,0.732,0.498,1.2,1.29,0.22,0.001,0.6482,0.7537,0.1055,0.7537,2.4117,0.1003,0.99,-1.21,-1.09,2.741,2.818,0.0005,0.6397,0.8229,0.4562,0.0825,0.8935,0.1825,4.06,0.81,metropolitan-heavy,0.041,0.0026,0.9138,0.9188,0.9913,0.7729,0.248,0.5541,64.6,False
USA,USA,Hispanic / Latino (Salvadoran),higher_fertility_path,2.0,1.91,1.6,1.75,1.1,1.73,0.63,1.28,0.45,1.59,1.91,1.59,1.91,0.32,3799692,6604532,0.214,0.0,0.0,1.652,SLV,True,0.585,0.595,0.62,0.66,0.68,0.909,1.0,0.88,0.924,0.0,1.08,0.0,0.732,0.498,1.2,1.29,0.22,0.001,0.6482,0.7537,0.1055,0.7537,2.4117,0.1003,0.8,-0.3,-0.93,2.741,2.818,0.0005,0.6397,0.8229,0.4562,0.0825,0.8935,0.1825,4.06,0.81,metropolitan-heavy,0.041,0.0026,0.9138,0.9188,0.9913,0.7729,0.248,0.5541,64.6,False
USA,USA,Hispanic / Latino (Dominican),higher_fertility_path,1.8,1.83,1.6,1.75,1.0,1.33,0.33,1.08,0.25,1.25,1.41,1.25,1.41,0.16,3454266,5070340,0.214,0.0,0.0,1.652,unspecified,True,0.5,0.48,0.56,0.42,0.68,0.903,1.0,0.88,0.867,0.0,1.08,0.0,0.732,0.498,1.2,1.29,0.22,0.001,0.6482,0.7537,0.1055,0.7537,2.4117,0.1003,0.62,-0.38,-0.71,2.741,2.818,0.0005,0.6397,0.8229,0.4562,0.0825,0.8935,0.1825,4.06,0.81,metropolitan-heavy,0.041,0.0026,0.9138,0.9188,0.9913,0.7729,0.248,0.5541,64.6,False
USA,USA,Hispanic / Latino (Cuban),identity_category_transition,1.4,1.67,1.6,1.75,1.0,0.86,-0.14,0.9,-0.04,0.88,0.84,0.84,0.88,0.04,3454266,3285215,0.214,0.0,0.0,1.652,unspecified,True,0.5,0.48,0.56,0.42,0.68,0.903,1.0,0.88,0.867,0.0,1.08,0.0,0.732,0.498,1.2,1.29,0.22,0.001,0.6482,0.7537,0.1055,0.7537,2.4117,0.1003,0.42,-0.58,-0.45,2.741,2.818,0.0005,0.6397,0.8229,0.4562,0.0825,0.8935,0.1825,4.06,0.81,metropolitan-heavy,0.041,0.0026,0.9138,0.9188,0.9913,0.7729,0.248,0.5541,64.6,False
USA,USA,Hispanic / Latino (Guatemalan),higher_fertility_path,2.1,1.95,1.6,1.75,0.8,1.38,0.58,0.97,0.41,1.24,1.55,1.24,1.55,0.31,2763413,5257801,0.214,0.0,0.0,1.652,GTM,True,0.616,0.663,0.56,0.7,0.68,0.891,1.24,0.88,1.028,0.0,1.08,0.0,0.732,0.498,1.2,1.29,0.22,0.001,0.6482,0.7537,0.1055,0.7537,2.4117,0.1003,0.63,-0.17,-0.75,2.741,2.818,0.0005,0.6397,0.8229,0.4562,0.0825,0.8935,0.1825,4.06,0.81,metropolitan-heavy,0.041,0.0026,0.9138,0.9188,0.9913,0.7729,0.248,0.5541,64.6,False
USA,USA,Hispanic / Latino (Honduran),higher_fertility_path,2.2,1.99,1.6,1.75,0.4,0.76,0.36,0.5,0.26,0.67,0.87,0.67,0.87,0.2,1381706,2884836,0.214,0.0,0.0,1.652,HND,True,0.609,0.656,0.56,0.72,0.68,0.86,1.22,0.88,0.999,0.0,1.08,0.0,0.732,0.498,1.2,1.29,0.22,0.001,0.6482,0.7537,0.1055,0.7537,2.4117,0.1003,0.35,-0.05,-0.41,2.741,2.818,0.0005,0.6397,0.8229,0.4562,0.0825,0.8935,0.1825,4.06,0.81,metropolitan-heavy,0.041,0.0026,0.9138,0.9188,0.9913,0.7729,0.248,0.5541,64.6,False
USA,USA,Hispanic / Latino (Colombian),higher_fertility_path,1.6,1.75,1.6,1.75,0.4,0.5,0.1,0.4,0.11,0.47,0.54,0.47,0.54,0.07,1381706,1917229,0.214,0.0,0.0,1.652,COL,True,0.632,0.586,0.78,0.6,0.68,0.86,1.0,0.88,0.932,0.0,1.08,0.0,0.732,0.498,1.2,1.29,0.22,0.001,0.6482,0.7537,0.1055,0.7537,2.4117,0.1003,0.24,-0.16,-0.26,2.741,2.818,0.0005,0.6397,0.8229,0.4562,0.0825,0.8935,0.1825,4.06,0.81,metropolitan-heavy,0.041,0.0026,0.9138,0.9188,0.9913,0.7729,0.248,0.5541,64.6,False
USA,USA,Hispanic / Latino (Venezuelan),higher_fertility_path,1.7,1.79,1.6,1.75,0.3,0.48,0.18,0.31,0.17,0.42,0.55,0.42,0.55,0.13,1036280,1829775,0.214,0.0,0.0,1.652,VEN,True,0.636,0.596,0.78,0.64,0.68,0.851,1.0,0.88,0.931,0.0,1.08,0.0,0.732,0.498,1.2,1.29,0.22,0.001,0.6482,0.7537,0.1055,0.7537,2.4117,0.1003,0.23,-0.07,-0.25,2.741,2.818,0.0005,0.6397,0.8229,0.4562,0.0825,0.8935,0.1825,4.06,0.81,metropolitan-heavy,0.041,0.0026,0.9138,0.9188,0.9913,0.7729,0.248,0.5541,64.6,False
USA,USA,Hispanic / Latino (Other),higher_fertility_path,1.8,1.83,1.6,1.75,0.4,0.53,0.13,0.43,0.1,0.5,0.56,0.5,0.56,0.06,1381706,2015735,0.214,0.0,0.0,1.652,unspecified,True,0.5,0.48,0.56,0.42,0.68,0.86,1.0,0.88,0.852,0.0,1.08,0.0,0.732,0.498,1.2,1.29,0.22,0.001,0.6482,0.7537,0.1055,0.7537,2.4117,0.1003,0.25,-0.15,-0.28,2.741,2.818,0.0005,0.6397,0.8229,0.4562,0.0825,0.8935,0.1825,4.06,0.81,metropolitan-heavy,0.041,0.0026,0.9138,0.9188,0.9913,0.7729,0.248,0.5541,64.6,False
USA,USA,Black / African American,largest_baseline_category,1.7,1.79,1.6,1.75,10.8,9.46,-1.34,11.19,-1.72,9.99,8.81,8.81,9.99,1.18,37306069,36036573,0.214,0.0,0.0,1.652,unspecified,False,0.5,0.48,0.56,0.42,0.68,1.116,1.0,0.88,0.942,0.0,1.08,0.0,0.732,0.498,1.2,1.29,0.22,0.001,0.6482,0.7537,0.1055,0.7537,2.4117,0.1003,4.46,-6.34,-5.0,2.741,2.818,0.0005,0.6397,0.8229,0.4562,0.0825,0.8935,0.1825,4.06,0.81,metropolitan-heavy,0.041,0.0026,0.9138,0.9188,0.9913,0.7729,0.248,0.5541,64.6,False
USA,USA,Black (African immigrant),migration_linked,2.0,1.91,1.6,1.75,1.0,1.76,0.76,1.16,0.59,1.56,2.0,1.56,2.0,0.44,3454266,6697113,0.214,0.0,0.0,1.652,NGA;GHA;KEN;UGA;TZA;ETH;SEN;CIV;CMR;COD,True,0.732,0.782,0.634,0.652,0.68,0.903,1.03,0.88,1.029,0.0,1.08,0.0,0.732,0.498,1.2,1.29,0.22,0.001,0.6482,0.7537,0.1055,0.7537,2.4117,0.1003,0.81,-0.19,-0.95,2.741,2.818,0.0005,0.6397,0.8229,0.4562,0.0825,0.8935,0.1825,4.06,0.81,metropolitan-heavy,0.041,0.0026,0.9138,0.9188,0.9913,0.7729,0.248,0.5541,64.6,False
USA,USA,Black (Caribbean),migration_linked,1.7,1.79,1.6,1.75,0.6,0.68,0.08,0.62,0.05,0.66,0.69,0.66,0.69,0.02,2072559,2571493,0.214,0.0,0.0,1.652,unspecified,True,0.5,0.48,0.56,0.42,0.68,0.876,1.0,0.88,0.858,0.0,1.08,0.0,0.732,0.498,1.2,1.29,0.22,0.001,0.6482,0.7537,0.1055,0.7537,2.4117,0.1003,0.32,-0.28,-0.36,2.741,2.818,0.0005,0.6397,0.8229,0.4562,0.0825,0.8935,0.1825,4.06,0.81,metropolitan-heavy,0.041,0.0026,0.9138,0.9188,0.9913,0.7729,0.248,0.5541,64.6,False
USA,USA,Asian (Chinese),migration_linked,1.3,1.63,1.6,1.75,1.5,1.52,0.02,1.3,0.22,1.47,1.58,1.47,1.58,0.11,5181398,5793568,0.214,0.0,0.0,1.652,CHN,True,0.52,0.502,0.58,0.45,0.68,0.93,1.0,0.88,0.89,0.0,1.08,0.0,0.732,0.498,1.2,1.29,0.22,0.001,0.6482,0.7537,0.1055,0.7537,2.4117,0.1003,0.74,-0.76,-0.78,2.741,2.818,0.0005,0.6397,0.8229,0.4562,0.0825,0.8935,0.1825,4.06,0.81,metropolitan-heavy,0.041,0.0026,0.9138,0.9188,0.9913,0.7729,0.248,0.5541,64.6,False
USA,USA,Asian (Indian),migration_linked,1.5,1.71,1.6,1.75,1.6,2.57,0.97,1.52,1.04,2.21,3.02,2.21,3.02,0.81,5526825,9771141,0.214,0.0,0.0,1.652,IND;PAK;BGD;LKA;NPL,True,0.718,0.719,0.752,0.684,0.68,0.935,1.04,0.88,1.04,0.0,1.08,0.0,0.732,0.498,1.2,1.29,0.22,0.001,0.6482,0.7537,0.1055,0.7537,2.4117,0.1003,1.23,-0.37,-1.34,2.741,2.818,0.0005,0.6397,0.8229,0.4562,0.0825,0.8935,0.1825,4.06,0.81,metropolitan-heavy,0.041,0.0026,0.9138,0.9188,0.9913,0.7729,0.248,0.5541,64.6,False
USA,USA,Asian (Filipino),migration_linked,1.6,1.75,1.6,1.75,1.2,1.63,0.43,1.19,0.44,1.5,1.8,1.5,1.8,0.3,4145119,6226273,0.214,0.0,0.0,1.652,PHL,True,0.759,0.718,0.88,0.64,0.68,0.915,1.18,0.88,1.126,0.0,1.08,0.0,0.732,0.498,1.2,1.29,0.22,0.001,0.6482,0.7537,0.1055,0.7537,2.4117,0.1003,0.78,-0.42,-0.86,2.741,2.818,0.0005,0.6397,0.8229,0.4562,0.0825,0.8935,0.1825,4.06,0.81,metropolitan-heavy,0.041,0.0026,0.9138,0.9188,0.9913,0.7729,0.248,0.5541,64.6,False
USA,USA,Asian (Vietnamese),migration_linked,1.5,1.71,1.6,1.75,0.7,0.81,0.11,0.67,0.14,0.77,0.85,0.77,0.85,0.08,2417986,3068832,0.214,0.0,0.0,1.652,VNM,True,0.71,0.674,0.84,0.68,0.68,0.884,1.0,0.88,0.991,0.0,1.08,0.0,0.732,0.498,1.2,1.29,0.22,0.001,0.6482,0.7537,0.1055,0.7537,2.4117,0.1003,0.39,-0.31,-0.42,2.741,2.818,0.0005,0.6397,0.8229,0.4562,0.0825,0.8935,0.1825,4.06,0.81,metropolitan-heavy,0.041,0.0026,0.9138,0.9188,0.9913,0.7729,0.248,0.5541,64.6,False
USA,USA,Asian (Korean),migration_linked,1.1,1.55,1.6,1.75,0.5,0.42,-0.08,0.39,0.03,0.42,0.43,0.42,0.43,0.01,1727133,1618099,0.214,0.0,0.0,1.652,unspecified,True,0.5,0.48,0.56,0.42,0.68,0.869,1.0,0.88,0.855,0.0,1.08,0.0,0.732,0.498,1.2,1.29,0.22,0.001,0.6482,0.7537,0.1055,0.7537,2.4117,0.1003,0.21,-0.29,-0.21,2.741,2.818,0.0005,0.6397,0.8229,0.4562,0.0825,0.8935,0.1825,4.06,0.81,metropolitan-heavy,0.041,0.0026,0.9138,0.9188,0.9913,0.7729,0.248,0.5541,64.6,False
USA,USA,Asian (Japanese),migration_linked,1.0,1.51,1.6,1.75,0.3,0.2,-0.1,0.22,-0.02,0.21,0.19,0.19,0.21,0.02,1036280,759779,0.214,0.0,0.0,1.652,unspecified,True,0.5,0.48,0.56,0.42,0.68,0.851,1.0,0.88,0.849,0.0,1.08,0.0,0.732,0.498,1.2,1.29,0.22,0.001,0.6482,0.7537,0.1055,0.7537,2.4117,0.1003,0.1,-0.2,-0.1,2.741,2.818,0.0005,0.6397,0.8229,0.4562,0.0825,0.8935,0.1825,4.06,0.81,metropolitan-heavy,0.041,0.0026,0.9138,0.9188,0.9913,0.7729,0.248,0.5541,64.6,False
USA,USA,Asian (Pakistani),migration_linked,2.0,1.91,1.6,1.75,0.2,0.33,0.13,0.23,0.1,0.3,0.38,0.3,0.38,0.07,690853,1272562,0.214,0.0,0.0,1.652,PAK,True,0.769,0.814,0.7,0.74,0.68,0.842,1.0,0.88,1.005,0.0,1.08,0.0,0.732,0.498,1.2,1.29,0.22,0.001,0.6482,0.7537,0.1055,0.7537,2.4117,0.1003,0.15,-0.05,-0.18,2.741,2.818,0.0005,0.6397,0.8229,0.4562,0.0825,0.8935,0.1825,4.06,0.81,metropolitan-heavy,0.041,0.0026,0.9138,0.9188,0.9913,0.7729,0.248,0.5541,64.6,False
USA,USA,Asian (Bangladeshi),migration_linked,2.1,1.95,1.6,1.75,0.1,0.18,0.08,0.12,0.06,0.16,0.21,0.16,0.21,0.05,345427,699581,0.214,0.0,0.0,1.652,BGD,True,0.735,0.788,0.68,0.84,0.68,0.831,1.0,0.88,0.98,0.0,1.08,0.0,0.732,0.498,1.2,1.29,0.22,0.001,0.6482,0.7537,0.1055,0.7537,2.4117,0.1003,0.08,-0.02,-0.1,2.741,2.818,0.0005,0.6397,0.8229,0.4562,0.0825,0.8935,0.1825,4.06,0.81,metropolitan-heavy,0.041,0.0026,0.9138,0.9188,0.9913,0.7729,0.248,0.5541,64.6,False
USA,USA,Asian (Other),migration_linked,1.4,1.67,1.6,1.75,0.5,0.59,0.09,0.45,0.14,0.55,0.64,0.55,0.64,0.09,1727133,2264595,0.214,0.0,0.0,1.652,unspecified,True,0.5,0.48,0.56,0.42,0.68,0.869,1.0,0.88,0.855,0.0,1.08,0.0,0.732,0.498,1.2,1.29,0.22,0.001,0.6482,0.7537,0.1055,0.7537,2.4117,0.1003,0.29,-0.21,-0.31,2.741,2.818,0.0005,0.6397,0.8229,0.4562,0.0825,0.8935,0.1825,4.06,0.81,metropolitan-heavy,0.041,0.0026,0.9138,0.9188,0.9913,0.7729,0.248,0.5541,64.6,False
USA,USA,Middle Eastern / North African,migration_linked,2.0,1.91,1.6,1.75,0.5,0.8,0.3,0.58,0.22,0.73,0.89,0.73,0.89,0.16,1727133,3054704,0.214,0.0,0.0,1.652,unspecified,True,0.5,0.48,0.56,0.42,0.68,0.869,1.0,0.88,0.855,0.0,1.08,0.0,0.732,0.498,1.2,1.29,0.22,0.001,0.6482,0.7537,0.1055,0.7537,2.4117,0.1003,0.37,-0.13,-0.43,2.741,2.818,0.0005,0.6397,0.8229,0.4562,0.0825,0.8935,0.1825,4.06,0.81,metropolitan-heavy,0.041,0.0026,0.9138,0.9188,0.9913,0.7729,0.248,0.5541,64.6,False
USA,USA,Multiracial,identity_category_transition,1.6,1.75,1.6,1.75,3.4,5.42,2.02,6.39,-0.97,5.73,5.04,5.04,5.73,0.68,11744503,20635895,0.214,0.0,0.0,1.652,unspecified,False,0.5,0.48,0.56,0.42,0.68,0.998,1.0,0.88,0.9,0.0,1.08,0.0,0.732,0.498,1.2,1.29,0.22,0.001,0.6482,0.7537,0.1055,0.7537,2.4117,0.1003,55.29,51.89,49.87,2.741,2.818,0.0005,0.6397,0.8229,0.4562,0.0825,0.8935,0.1825,4.06,0.81,metropolitan-heavy,0.041,0.0026,0.9138,0.9188,0.9913,0.7729,0.248,0.5541,64.6,False
USA,USA,Native American,higher_fertility_path,1.8,1.83,1.6,1.75,1.1,1.0,-0.1,1.18,-0.18,1.05,0.93,0.93,1.05,0.12,3799692,3808187,0.214,0.0,0.0,1.652,unspecified,False,0.5,0.48,0.56,0.42,0.68,0.909,1.0,0.88,0.869,0.0,1.08,0.0,0.732,0.498,1.2,1.29,0.22,0.001,0.6482,0.7537,0.1055,0.7537,2.4117,0.1003,0.47,-0.63,-0.53,2.741,2.818,0.0005,0.6397,0.8229,0.4562,0.0825,0.8935,0.1825,4.06,0.81,metropolitan-heavy,0.041,0.0026,0.9138,0.9188,0.9913,0.7729,0.248,0.5541,64.6,False
USA,USA,Native Hawaiian / Pacific,largest_baseline_category,1.6,1.75,1.6,1.75,0.2,0.17,-0.03,0.2,-0.03,0.18,0.16,0.16,0.18,0.02,690853,637429,0.214,0.0,0.0,1.652,unspecified,False,0.5,0.48,0.56,0.42,0.68,0.842,1.0,0.88,0.846,0.0,1.08,0.0,0.732,0.498,1.2,1.29,0.22,0.001,0.6482,0.7537,0.1055,0.7537,2.4117,0.1003,0.08,-0.12,-0.09,2.741,2.818,0.0005,0.6397,0.8229,0.4562,0.0825,0.8935,0.1825,4.06,0.81,metropolitan-heavy,0.041,0.0026,0.9138,0.9188,0.9913,0.7729,0.248,0.5541,64.6,False
USA,USA,Other,identity_category_transition,1.6,1.75,1.6,1.75,0.2,0.17,-0.03,0.2,-0.03,0.18,0.15,0.15,0.18,0.02,690853,632696,0.214,0.0,0.0,1.652,unspecified,False,0.5,0.48,0.56,0.42,0.68,0.842,1.0,0.88,0.846,0.0,1.08,0.0,0.732,0.498,1.2,1.29,0.22,0.001,0.6482,0.7537,0.1055,0.7537,2.4117,0.1003,0.08,-0.12,-0.09,2.741,2.818,0.0005,0.6397,0.8229,0.4562,0.0825,0.8935,0.1825,4.06,0.81,metropolitan-heavy,0.041,0.0026,0.9138,0.9188,0.9913,0.7729,0.248,0.5541,64.6,False
UZB,Uzbekistan,Uzbek,largest_baseline_category,3.2,2.71,3.2,2.71,83.8,84.39,0.59,84.39,0.0,84.39,84.4,84.39,84.4,0.01,30471238,44062261,0.0,0.0,0.0,1.25,unspecified,False,0.5,0.48,0.56,0.42,0.454,1.3,1.0,0.78,0.839,0.0,0.0,0.0,0.0,0.0,1.0,1.0,0.0,0.001,0.2919,0.2822,-0.0096,0.2822,0.6631,0.145,84.13,0.33,-0.26,1.609,1.659,0.0005,0.2864,0.7024,0.2753,0.1019,0.7947,0.1747,1.39,0.497,mixed-rural-urban,0.0,0.0862,0.8653,0.8491,0.7677,0.5556,0.2156,0.148,60.54,True
UZB,Uzbekistan,Tajik,largest_baseline_category,3.2,2.71,3.2,2.71,4.8,4.69,-0.11,4.69,0.0,4.69,4.69,4.69,4.69,0.0,1745369,2446997,0.0,0.0,0.0,1.25,unspecified,False,0.5,0.48,0.56,0.42,0.454,1.031,1.0,0.78,0.779,0.0,0.0,0.0,0.0,0.0,1.0,1.0,0.0,0.001,0.2919,0.2822,-0.0096,0.2822,0.6631,0.145,4.75,-0.05,0.07,1.609,1.659,0.0005,0.2864,0.7024,0.2753,0.1019,0.7947,0.1747,1.39,0.497,mixed-rural-urban,0.0,0.0862,0.8653,0.8491,0.7677,0.5556,0.2156,0.148,60.54,False
UZB,Uzbekistan,Kazakh,largest_baseline_category,3.2,2.71,3.2,2.71,2.5,2.44,-0.06,2.44,0.0,2.44,2.44,2.44,2.44,0.0,909046,1274478,0.0,0.0,0.0,1.25,unspecified,False,0.5,0.48,0.56,0.42,0.454,0.97,1.0,0.78,0.765,0.0,0.0,0.0,0.0,0.0,1.0,1.0,0.0,0.001,0.2919,0.2822,-0.0096,0.2822,0.6631,0.145,2.48,-0.02,0.03,1.609,1.659,0.0005,0.2864,0.7024,0.2753,0.1019,0.7947,0.1747,1.39,0.497,mixed-rural-urban,0.0,0.0862,0.8653,0.8491,0.7677,0.5556,0.2156,0.148,60.54,False
UZB,Uzbekistan,Russian,lower_fertility_path,2.8,2.55,3.2,2.71,2.3,1.99,-0.31,1.99,0.0,1.99,1.98,1.98,1.99,0.01,836323,1037167,0.0,0.0,0.0,1.25,unspecified,False,0.5,0.48,0.56,0.42,0.454,0.963,1.0,0.78,0.764,0.0,0.0,0.0,0.0,0.0,1.0,1.0,0.0,0.001,0.2919,0.2822,-0.0096,0.2822,0.6631,0.145,2.05,-0.25,0.07,1.609,1.659,0.0005,0.2864,0.7024,0.2753,0.1019,0.7947,0.1747,1.39,0.497,mixed-rural-urban,0.0,0.0862,0.8653,0.8491,0.7677,0.5556,0.2156,0.148,60.54,False
UZB,Uzbekistan,Karakalpak,largest_baseline_category,3.2,2.71,3.2,2.71,2.2,2.15,-0.05,2.15,0.0,2.15,2.15,2.15,2.15,0.0,799961,1121540,0.0,0.0,0.0,1.25,unspecified,False,0.5,0.48,0.56,0.42,0.454,0.96,1.0,0.78,0.763,0.0,0.0,0.0,0.0,0.0,1.0,1.0,0.0,0.001,0.2919,0.2822,-0.0096,0.2822,0.6631,0.145,2.18,-0.02,0.03,1.609,1.659,0.0005,0.2864,0.7024,0.2753,0.1019,0.7947,0.1747,1.39,0.497,mixed-rural-urban,0.0,0.0862,0.8653,0.8491,0.7677,0.5556,0.2156,0.148,60.54,False
UZB,Uzbekistan,Other,identity_category_transition,3.2,2.71,3.2,2.71,4.4,4.34,-0.06,4.34,0.0,4.34,4.34,4.34,4.34,0.0,1599922,2268307,0.0,0.0,0.0,1.25,unspecified,False,0.5,0.48,0.56,0.42,0.454,1.022,1.0,0.78,0.777,0.0,0.0,0.0,0.0,0.0,1.0,1.0,0.0,0.001,0.2919,0.2822,-0.0096,0.2822,0.6631,0.145,4.41,0.01,0.06,1.609,1.659,0.0005,0.2864,0.7024,0.2753,0.1019,0.7947,0.1747,1.39,0.497,mixed-rural-urban,0.0,0.0862,0.8653,0.8491,0.7677,0.5556,0.2156,0.148,60.54,False
VCT,St. Vincent & Grenadines,Black,largest_baseline_category,1.7,1.82,1.7,1.82,66.0,66.87,0.87,67.15,-0.27,66.94,66.79,66.79,66.94,0.16,66416,59483,0.361,0.0,0.0,1.814,unspecified,False,0.5,0.48,0.56,0.42,0.576,1.3,1.0,0.78,0.917,0.0,0.0,0.0,0.0,0.0,1.0,1.126,0.0,0.001,0.5206,0.5104,-0.0102,0.5104,1.3076,0.1332,66.32,0.32,-0.55,1.901,1.979,0.0005,0.5166,0.8087,0.4401,0.1956,0.8314,0.215,2.04,0.55,mixed-rural-urban,0.162,0.0662,0.8492,0.9037,0.8411,0.7758,0.0928,0.1324,64.8,True
VCT,St. Vincent & Grenadines,Mixed,identity_category_transition,1.7,1.82,1.7,1.82,19.0,18.72,-0.28,18.8,-0.08,18.74,18.7,18.7,18.74,0.05,19120,16652,0.361,0.0,0.0,1.814,unspecified,False,0.5,0.48,0.56,0.42,0.576,1.179,1.0,0.78,0.883,0.0,0.0,0.0,0.0,0.0,1.0,1.126,0.0,0.001,0.5206,0.5104,-0.0102,0.5104,1.3076,0.1332,18.97,-0.03,0.25,1.901,1.979,0.0005,0.5166,0.8087,0.4401,0.1956,0.8314,0.215,2.04,0.55,mixed-rural-urban,0.162,0.0662,0.8492,0.9037,0.8411,0.7758,0.0928,0.1324,64.8,False
VCT,St. Vincent & Grenadines,East Indian,largest_baseline_category,1.7,1.82,1.7,1.82,6.0,5.85,-0.15,5.87,-0.02,5.85,5.84,5.84,5.85,0.01,6038,5200,0.361,0.0,0.0,1.814,IND;PAK;BGD;LKA;NPL,False,0.718,0.719,0.752,0.684,0.576,1.054,1.0,0.78,0.977,0.0,0.0,0.0,0.0,0.0,1.0,1.126,0.0,0.001,0.5206,0.5104,-0.0102,0.5104,1.3076,0.1332,5.92,-0.08,0.08,1.901,1.979,0.0005,0.5166,0.8087,0.4401,0.1956,0.8314,0.215,2.04,0.55,mixed-rural-urban,0.162,0.0662,0.8492,0.9037,0.8411,0.7758,0.0928,0.1324,64.8,False
VCT,St. Vincent & Grenadines,European,lower_fertility_path,1.3,1.66,1.7,1.82,4.0,3.22,-0.78,3.24,-0.01,3.25,3.2,3.2,3.25,0.05,4025,2866,0.361,0.0,0.0,1.814,unspecified,False,0.5,0.48,0.56,0.42,0.576,1.013,1.0,0.78,0.836,0.0,0.0,0.0,0.0,0.0,1.0,1.126,0.0,0.001,0.5206,0.5104,-0.0102,0.5104,1.3076,0.1332,3.38,-0.62,0.15,1.901,1.979,0.0005,0.5166,0.8087,0.4401,0.1956,0.8314,0.215,2.04,0.55,mixed-rural-urban,0.162,0.0662,0.8492,0.9037,0.8411,0.7758,0.0928,0.1324,64.8,False
VCT,St. Vincent & Grenadines,Other,identity_category_transition,1.7,1.82,1.7,1.82,5.0,5.34,0.34,4.95,0.39,5.22,5.48,5.22,5.48,0.26,5032,4747,0.361,0.0,0.0,1.814,unspecified,False,0.5,0.48,0.56,0.42,0.576,1.035,1.0,0.78,0.842,0.0,0.0,0.0,0.0,0.0,1.0,1.126,0.0,0.001,0.5206,0.5104,-0.0102,0.5104,1.3076,0.1332,5.41,0.41,0.07,1.901,1.979,0.0005,0.5166,0.8087,0.4401,0.1956,0.8314,0.215,2.04,0.55,mixed-rural-urban,0.162,0.0662,0.8492,0.9037,0.8411,0.7758,0.0928,0.1324,64.8,False
VEN,Venezuela,Mixed (Mestizo),higher_fertility_path,1.9,2.02,2.1,2.1,50.0,54.42,4.42,54.47,-0.05,54.35,54.48,54.35,54.48,0.13,14202772,16921807,0.0,0.0,0.0,1.25,unspecified,False,0.5,0.48,0.56,0.42,0.454,1.292,1.0,0.78,0.837,0.0,0.0,0.596,0.0,0.0,1.0,1.0,0.0,0.001,0.5718,0.573,0.0013,0.573,1.4123,0.1502,53.35,3.35,-1.07,1.96,2.05,0.0005,0.5755,0.6638,0.297,0.114,0.7556,0.22,2.34,0.55,mixed-rural-urban,0.0,0.0052,0.8104,0.696,0.6459,0.601,0.3204,0.3811,57.6,True
VEN,Venezuela,White (European descent),lower_fertility_path,1.5,1.86,2.1,2.1,42.0,35.77,-6.23,35.81,-0.03,35.93,35.61,35.61,35.93,0.32,11930328,11123368,0.0,0.0,0.0,1.25,unspecified,False,0.5,0.48,0.56,0.42,0.454,1.271,1.0,0.78,0.832,0.0,0.0,0.596,0.0,0.0,1.0,1.0,0.0,0.001,0.5718,0.573,0.0013,0.573,1.4123,0.1502,37.04,-4.96,1.26,1.96,2.05,0.0005,0.5755,0.6638,0.297,0.114,0.7556,0.22,2.34,0.55,mixed-rural-urban,0.0,0.0052,0.8104,0.696,0.6459,0.601,0.3204,0.3811,57.6,False
VEN,Venezuela,Black,largest_baseline_category,2.1,2.1,2.1,2.1,2.8,3.05,0.25,3.05,-0.0,3.04,3.06,3.04,3.06,0.02,795355,948713,0.0,0.0,0.0,1.25,unspecified,False,0.5,0.48,0.56,0.42,0.454,0.98,1.0,0.78,0.768,0.0,0.0,0.596,0.0,0.0,1.0,1.0,0.0,0.001,0.5718,0.573,0.0013,0.573,1.4123,0.1502,3.04,0.24,-0.01,1.96,2.05,0.0005,0.5755,0.6638,0.297,0.114,0.7556,0.22,2.34,0.55,mixed-rural-urban,0.0,0.0052,0.8104,0.696,0.6459,0.601,0.3204,0.3811,57.6,False
VEN,Venezuela,Indigenous (Wayuu/Warao),higher_fertility_path,2.95,2.44,2.1,2.1,2.6,3.79,1.19,3.79,-0.0,3.75,3.83,3.75,3.83,0.08,738544,1177729,0.0,0.0,0.0,1.25,unspecified,False,0.5,0.48,0.56,0.42,0.454,0.974,1.0,0.78,0.766,0.0,0.0,0.596,0.0,0.0,1.0,1.0,0.0,0.001,0.5718,0.573,0.0013,0.573,1.4123,0.1502,3.62,1.02,-0.16,1.96,2.05,0.0005,0.5755,0.6638,0.297,0.114,0.7556,0.22,2.34,0.55,mixed-rural-urban,0.0,0.0052,0.8104,0.696,0.6459,0.601,0.3204,0.3811,57.6,False
VEN,Venezuela,Colombian migrant,migration_linked,2.1,2.1,2.1,2.1,0.8,0.99,0.19,0.89,0.09,0.95,1.02,0.95,1.02,0.07,227244,306525,0.0,0.0,0.0,1.25,COL,True,0.632,0.586,0.78,0.6,0.454,0.891,1.0,0.78,0.8,0.0,0.0,0.596,0.0,0.0,1.0,1.0,0.0,0.001,0.5718,0.573,0.0013,0.573,1.4123,0.1502,0.98,0.18,-0.0,1.96,2.05,0.0005,0.5755,0.6638,0.297,0.114,0.7556,0.22,2.34,0.55,mixed-rural-urban,0.0,0.0052,0.8104,0.696,0.6459,0.601,0.3204,0.3811,57.6,False
VEN,Venezuela,Other,identity_category_transition,2.1,2.1,2.1,2.1,1.8,1.98,0.18,1.99,-0.0,1.98,1.99,1.98,1.99,0.01,511300,616746,0.0,0.0,0.0,1.25,unspecified,False,0.5,0.48,0.56,0.42,0.454,0.944,1.0,0.78,0.759,0.0,0.0,0.596,0.0,0.0,1.0,1.0,0.0,0.001,0.5718,0.573,0.0013,0.573,1.4123,0.1502,1.97,0.17,-0.01,1.96,2.05,0.0005,0.5755,0.6638,0.297,0.114,0.7556,0.22,2.34,0.55,mixed-rural-urban,0.0,0.0052,0.8104,0.696,0.6459,0.601,0.3204,0.3811,57.6,False
VNM,Vietnam,Kinh (Viet),largest_baseline_category,1.9,1.96,1.9,1.96,85.3,84.34,-0.96,84.34,0.0,84.37,84.3,84.3,84.37,0.07,86142495,92780198,0.086,0.0,0.0,1.384,unspecified,False,0.5,0.48,0.56,0.42,0.483,1.3,1.0,0.78,0.857,0.56,0.0,0.674,0.0,0.0,1.0,1.03,0.0,0.001,0.2686,0.2847,0.0161,0.2847,0.6775,0.1634,84.31,-0.99,-0.03,1.608,1.626,0.0005,0.2851,0.7064,0.3327,0.2082,0.8075,0.1793,1.4,0.544,mixed-rural-urban,0.039,0.0831,0.8908,0.8348,0.8232,0.5739,0.2511,0.4856,63.02,True
VNM,Vietnam,Tay,higher_fertility_path,2.25,2.1,1.9,1.96,1.9,2.11,0.21,2.11,0.0,2.11,2.12,2.11,2.12,0.01,1918766,2323914,0.086,0.0,0.0,1.384,unspecified,False,0.5,0.48,0.56,0.42,0.483,0.948,1.0,0.78,0.774,0.56,0.0,0.674,0.0,0.0,1.0,1.03,0.0,0.001,0.2686,0.2847,0.0161,0.2847,0.6775,0.1634,2.1,0.2,-0.01,1.608,1.626,0.0005,0.2851,0.7064,0.3327,0.2082,0.8075,0.1793,1.4,0.544,mixed-rural-urban,0.039,0.0831,0.8908,0.8348,0.8232,0.5739,0.2511,0.4856,63.02,False
VNM,Vietnam,Thai,higher_fertility_path,2.25,2.1,1.9,1.96,1.9,2.11,0.21,2.11,0.0,2.11,2.12,2.11,2.12,0.01,1918766,2323914,0.086,0.0,0.0,1.384,unspecified,False,0.5,0.48,0.56,0.42,0.483,0.948,1.0,0.78,0.774,0.56,0.0,0.674,0.0,0.0,1.0,1.03,0.0,0.001,0.2686,0.2847,0.0161,0.2847,0.6775,0.1634,2.1,0.2,-0.01,1.608,1.626,0.0005,0.2851,0.7064,0.3327,0.2082,0.8075,0.1793,1.4,0.544,mixed-rural-urban,0.039,0.0831,0.8908,0.8348,0.8232,0.5739,0.2511,0.4856,63.02,False
VNM,Vietnam,Muong,higher_fertility_path,2.25,2.1,1.9,1.96,1.5,1.67,0.17,1.67,0.0,1.66,1.67,1.66,1.67,0.01,1514815,1834669,0.086,0.0,0.0,1.384,unspecified,False,0.5,0.48,0.56,0.42,0.483,0.93,1.0,0.78,0.77,0.56,0.0,0.674,0.0,0.0,1.0,1.03,0.0,0.001,0.2686,0.2847,0.0161,0.2847,0.6775,0.1634,1.66,0.16,-0.01,1.608,1.626,0.0005,0.2851,0.7064,0.3327,0.2082,0.8075,0.1793,1.4,0.544,mixed-rural-urban,0.039,0.0831,0.8908,0.8348,0.8232,0.5739,0.2511,0.4856,63.02,False
VNM,Vietnam,Khmer Krom,higher_fertility_path,2.25,2.1,1.9,1.96,1.4,1.56,0.16,1.56,0.0,1.55,1.56,1.55,1.56,0.01,1413828,1712358,0.086,0.0,0.0,1.384,unspecified,False,0.5,0.48,0.56,0.42,0.483,0.925,1.0,0.78,0.768,0.56,0.0,0.674,0.0,0.0,1.0,1.03,0.0,0.001,0.2686,0.2847,0.0161,0.2847,0.6775,0.1634,1.55,0.15,-0.01,1.608,1.626,0.0005,0.2851,0.7064,0.3327,0.2082,0.8075,0.1793,1.4,0.544,mixed-rural-urban,0.039,0.0831,0.8908,0.8348,0.8232,0.5739,0.2511,0.4856,63.02,False
VNM,Vietnam,Hmong,higher_fertility_path,2.25,2.1,1.9,1.96,1.4,1.56,0.16,1.56,0.0,1.55,1.56,1.55,1.56,0.01,1413828,1712358,0.086,0.0,0.0,1.384,unspecified,False,0.5,0.48,0.56,0.42,0.483,0.925,1.0,0.78,0.768,0.56,0.0,0.674,0.0,0.0,1.0,1.03,0.0,0.001,0.2686,0.2847,0.0161,0.2847,0.6775,0.1634,1.55,0.15,-0.01,1.608,1.626,0.0005,0.2851,0.7064,0.3327,0.2082,0.8075,0.1793,1.4,0.544,mixed-rural-urban,0.039,0.0831,0.8908,0.8348,0.8232,0.5739,0.2511,0.4856,63.02,False
VNM,Vietnam,Nung,higher_fertility_path,2.25,2.1,1.9,1.96,1.0,1.11,0.11,1.11,0.0,1.11,1.12,1.11,1.12,0.01,1009877,1223113,0.086,0.0,0.0,1.384,unspecified,False,0.5,0.48,0.56,0.42,0.483,0.903,1.0,0.78,0.763,0.56,0.0,0.674,0.0,0.0,1.0,1.03,0.0,0.001,0.2686,0.2847,0.0161,0.2847,0.6775,0.1634,1.11,0.11,-0.01,1.608,1.626,0.0005,0.2851,0.7064,0.3327,0.2082,0.8075,0.1793,1.4,0.544,mixed-rural-urban,0.039,0.0831,0.8908,0.8348,0.8232,0.5739,0.2511,0.4856,63.02,False
VNM,Vietnam,Dao,higher_fertility_path,2.25,2.1,1.9,1.96,0.8,0.89,0.09,0.89,0.0,0.89,0.89,0.89,0.89,0.01,807901,978490,0.086,0.0,0.0,1.384,unspecified,False,0.5,0.48,0.56,0.42,0.483,0.891,1.0,0.78,0.76,0.56,0.0,0.674,0.0,0.0,1.0,1.03,0.0,0.001,0.2686,0.2847,0.0161,0.2847,0.6775,0.1634,0.89,0.09,-0.0,1.608,1.626,0.0005,0.2851,0.7064,0.3327,0.2082,0.8075,0.1793,1.4,0.544,mixed-rural-urban,0.039,0.0831,0.8908,0.8348,0.8232,0.5739,0.2511,0.4856,63.02,False
VNM,Vietnam,Other,identity_category_transition,1.9,1.96,1.9,1.96,4.8,4.65,-0.15,4.65,0.0,4.66,4.65,4.65,4.66,0.0,4847409,5119898,0.086,0.0,0.0,1.384,unspecified,False,0.5,0.48,0.56,0.42,0.483,1.031,1.0,0.78,0.793,0.56,0.0,0.674,0.0,0.0,1.0,1.03,0.0,0.001,0.2686,0.2847,0.0161,0.2847,0.6775,0.1634,4.73,-0.07,0.08,1.608,1.626,0.0005,0.2851,0.7064,0.3327,0.2082,0.8075,0.1793,1.4,0.544,mixed-rural-urban,0.039,0.0831,0.8908,0.8348,0.8232,0.5739,0.2511,0.4856,63.02,False
VUT,Vanuatu,Ni-Vanuatu,largest_baseline_category,3.6,2.93,3.6,2.93,97.6,97.37,-0.23,97.61,-0.24,97.45,97.29,97.29,97.45,0.16,319919,520358,0.0,0.0,0.0,1.25,unspecified,False,0.5,0.48,0.56,0.42,0.454,1.3,1.0,0.78,0.839,0.0,0.0,0.0,0.0,0.0,1.0,1.0,0.0,0.001,0.0468,0.0511,0.0043,0.0511,0.1023,0.1878,97.34,-0.26,-0.04,1.356,1.316,0.0005,0.0519,0.5986,0.297,0.1148,0.728,0.2285,1.05,0.55,mixed-rural-urban,0.0,0.1148,0.8722,0.7065,0.6465,0.4702,0.394,0.0,56.7,True
VUT,Vanuatu,Other (incl. Asian/European),migration_linked,3.6,2.93,3.6,2.93,2.4,2.63,0.23,2.39,0.24,2.55,2.71,2.55,2.71,0.16,7867,14033,0.0,0.0,0.0,1.25,unspecified,True,0.5,0.48,0.56,0.42,0.454,0.967,1.0,0.78,0.765,0.0,0.0,0.0,0.0,0.0,1.0,1.0,0.0,0.001,0.0468,0.0511,0.0043,0.0511,0.1023,0.1878,2.66,0.26,0.04,1.356,1.316,0.0005,0.0519,0.5986,0.297,0.1148,0.728,0.2285,1.05,0.55,mixed-rural-urban,0.0,0.1148,0.8722,0.7065,0.6465,0.4702,0.394,0.0,56.7,False
WSM,Samoa,Samoan,largest_baseline_category,3.7,2.98,3.7,2.98,96.0,95.63,-0.37,96.02,-0.39,95.75,95.48,95.48,95.75,0.27,209310,260801,0.0,0.0,0.0,1.25,unspecified,False,0.5,0.48,0.56,0.42,0.454,1.3,1.0,0.78,0.839,0.0,0.0,0.0,0.0,0.0,1.0,1.0,0.0,0.001,0.0768,0.0836,0.0068,0.0836,0.1673,0.1564,95.56,-0.44,-0.06,1.391,1.358,0.0005,0.0848,0.6843,0.297,0.1147,0.7822,0.1921,1.09,0.55,mixed-rural-urban,0.0,0.1054,0.8745,0.8437,0.7295,0.5761,0.3263,0.0,57.5,True
WSM,Samoa,Other,migration_linked,3.7,2.98,3.7,2.98,4.0,4.37,0.37,3.98,0.39,4.25,4.52,4.25,4.52,0.27,8721,11927,0.0,0.0,0.0,1.25,unspecified,True,0.5,0.48,0.56,0.42,0.454,1.013,1.0,0.78,0.775,0.0,0.0,0.0,0.0,0.0,1.0,1.0,0.0,0.001,0.0768,0.0836,0.0068,0.0836,0.1673,0.1564,4.44,0.44,0.06,1.391,1.358,0.0005,0.0848,0.6843,0.297,0.1147,0.7822,0.1921,1.09,0.55,mixed-rural-urban,0.0,0.1054,0.8745,0.8437,0.7295,0.5761,0.3263,0.0,57.5,False
YEM,Yemen,Arab (Zaydi/Shafi'i),higher_fertility_path,4.55,3.34,3.8,3.04,90.0,91.12,1.12,91.25,-0.13,91.14,91.1,91.1,91.14,0.04,36524856,64674971,0.0,0.0,0.0,1.25,unspecified,False,0.5,0.48,0.56,0.42,0.454,1.3,1.0,0.78,0.839,0.0,0.0,0.0,0.0,0.0,1.0,1.0,0.0,0.001,0.1879,0.1681,-0.0199,0.1681,0.371,0.2621,90.89,0.89,-0.23,1.519,1.513,0.0005,0.1722,0.4293,0.297,0.1146,0.642,0.2802,1.2,0.55,mixed-rural-urban,0.0,0.067,0.7974,0.4771,0.4071,0.2558,0.6202,0.0,50.84,True
YEM,Yemen,Mahra/Socotri,largest_baseline_category,3.8,3.04,3.8,3.04,2.0,1.63,-0.37,1.63,-0.0,1.63,1.62,1.62,1.63,0.02,811663,1153517,0.0,0.0,0.0,1.25,unspecified,False,0.5,0.48,0.56,0.42,0.454,0.952,1.0,0.78,0.761,0.0,0.0,0.0,0.0,0.0,1.0,1.0,0.0,0.001,0.1879,0.1681,-0.0199,0.1681,0.371,0.2621,1.68,-0.32,0.05,1.519,1.513,0.0005,0.1722,0.4293,0.297,0.1146,0.642,0.2802,1.2,0.55,mixed-rural-urban,0.0,0.067,0.7974,0.4771,0.4071,0.2558,0.6202,0.0,50.84,False
YEM,Yemen,Somali (refugee/descendant),higher_fertility_path,4.55,3.34,3.8,3.04,2.0,1.97,-0.03,1.97,-0.0,1.97,1.97,1.97,1.97,0.0,811663,1396576,0.0,0.0,0.0,1.25,SOM;ETH;KEN,False,0.717,0.799,0.567,0.747,0.454,0.952,1.0,0.78,0.853,0.0,0.0,0.0,0.0,0.0,1.0,1.0,0.0,0.001,0.1879,0.1681,-0.0199,0.1681,0.371,0.2621,1.99,-0.01,0.03,1.519,1.513,0.0005,0.1722,0.4293,0.297,0.1146,0.642,0.2802,1.2,0.55,mixed-rural-urban,0.0,0.067,0.7974,0.4771,0.4071,0.2558,0.6202,0.0,50.84,False
YEM,Yemen,Ethiopian/Eritrean migrant,migration_linked,3.8,3.04,3.8,3.04,1.5,1.39,-0.11,1.25,0.14,1.35,1.44,1.35,1.44,0.08,608748,985674,0.0,0.0,0.0,1.25,ETH,True,0.71,0.81,0.52,0.76,0.454,0.93,1.0,0.78,0.843,0.0,0.0,0.0,0.0,0.0,1.0,1.0,0.0,0.001,0.1879,0.1681,-0.0199,0.1681,0.371,0.2621,1.43,-0.07,0.05,1.519,1.513,0.0005,0.1722,0.4293,0.297,0.1146,0.642,0.2802,1.2,0.55,mixed-rural-urban,0.0,0.067,0.7974,0.4771,0.4071,0.2558,0.6202,0.0,50.84,False
YEM,Yemen,Akdam (muwalladeen),higher_fertility_path,4.15,3.18,3.8,3.04,2.5,2.25,-0.25,2.26,-0.0,2.26,2.25,2.25,2.26,0.01,1014579,1599180,0.0,0.0,0.0,1.25,unspecified,False,0.5,0.48,0.56,0.42,0.454,0.97,1.0,0.78,0.765,0.0,0.0,0.0,0.0,0.0,1.0,1.0,0.0,0.001,0.1879,0.1681,-0.0199,0.1681,0.371,0.2621,2.31,-0.19,0.05,1.519,1.513,0.0005,0.1722,0.4293,0.297,0.1146,0.642,0.2802,1.2,0.55,mixed-rural-urban,0.0,0.067,0.7974,0.4771,0.4071,0.2558,0.6202,0.0,50.84,False
YEM,Yemen,Other,identity_category_transition,3.8,3.04,3.8,3.04,2.0,1.64,-0.36,1.65,-0.0,1.65,1.64,1.64,1.65,0.02,811663,1166490,0.0,0.0,0.0,1.25,unspecified,False,0.5,0.48,0.56,0.42,0.454,0.952,1.0,0.78,0.761,0.0,0.0,0.0,0.0,0.0,1.0,1.0,0.0,0.001,0.1879,0.1681,-0.0199,0.1681,0.371,0.2621,1.7,-0.3,0.05,1.519,1.513,0.0005,0.1722,0.4293,0.297,0.1146,0.642,0.2802,1.2,0.55,mixed-rural-urban,0.0,0.067,0.7974,0.4771,0.4071,0.2558,0.6202,0.0,50.84,False
ZAF,South Africa,Zulu,largest_baseline_category,2.4,2.22,2.4,2.22,22.5,22.23,-0.27,22.23,0.0,22.22,22.24,22.22,22.24,0.02,14401617,17600572,0.0,0.0,0.0,1.25,unspecified,False,0.5,0.48,0.56,0.42,0.454,1.199,1.0,0.78,0.816,0.0,0.0,0.0,0.0,0.0,1.0,1.0,0.0,0.001,0.7292,0.7142,-0.015,0.7142,2.1396,0.1214,22.5,0.0,0.27,2.212,2.271,0.0005,0.72,0.7471,0.3379,0.0892,0.8205,0.1757,3.5,0.678,urbanizing-majority,0.0,0.0737,0.7855,0.8563,0.804,0.6697,0.2507,0.2364,59.4,False
ZAF,South Africa,Xhosa,largest_baseline_category,2.4,2.22,2.4,2.22,16.0,15.81,-0.19,15.81,0.0,15.8,15.81,15.8,15.81,0.01,10241150,12515963,0.0,0.0,0.0,1.25,unspecified,False,0.5,0.48,0.56,0.42,0.454,1.16,1.0,0.78,0.807,0.0,0.0,0.0,0.0,0.0,1.0,1.0,0.0,0.001,0.7292,0.7142,-0.015,0.7142,2.1396,0.1214,16.0,0.0,0.19,2.212,2.271,0.0005,0.72,0.7471,0.3379,0.0892,0.8205,0.1757,3.5,0.678,urbanizing-majority,0.0,0.0737,0.7855,0.8563,0.804,0.6697,0.2507,0.2364,59.4,False
ZAF,South Africa,Other Black African (Sotho/Pedi/Tswana/Venda/Tsonga),largest_baseline_category,2.4,2.22,2.4,2.22,42.9,44.96,2.06,44.96,0.0,44.95,44.98,44.95,44.98,0.04,27459083,35602020,0.0,0.0,0.0,1.25,NGA;GHA;KEN;UGA;TZA;ETH;SEN;CIV;CMR;COD,False,0.732,0.782,0.634,0.652,0.454,1.274,1.0,0.78,0.964,0.0,0.0,0.0,0.0,0.0,1.0,1.0,0.0,0.001,0.7292,0.7142,-0.015,0.7142,2.1396,0.1214,44.07,1.17,-0.9,2.212,2.271,0.0005,0.72,0.7471,0.3379,0.0892,0.8205,0.1757,3.5,0.678,urbanizing-majority,0.0,0.0737,0.7855,0.8563,0.804,0.6697,0.2507,0.2364,59.4,True
ZAF,South Africa,Colored (Mixed),largest_baseline_category,2.4,2.22,2.4,2.22,8.2,8.1,-0.1,8.1,0.0,8.1,8.1,8.1,8.1,0.01,5248589,6414431,0.0,0.0,0.0,1.25,unspecified,False,0.5,0.48,0.56,0.42,0.454,1.086,1.0,0.78,0.791,0.0,0.0,0.0,0.0,0.0,1.0,1.0,0.0,0.001,0.7292,0.7142,-0.015,0.7142,2.1396,0.1214,8.2,0.0,0.1,2.212,2.271,0.0005,0.72,0.7471,0.3379,0.0892,0.8205,0.1757,3.5,0.678,urbanizing-majority,0.0,0.0737,0.7855,0.8563,0.804,0.6697,0.2507,0.2364,59.4,False
ZAF,South Africa,White (Afrikaner),lower_fertility_path,1.8,1.98,2.4,2.22,5.0,3.94,-1.06,3.94,0.0,3.97,3.92,3.92,3.97,0.05,3200359,3122909,0.0,0.0,0.0,1.25,unspecified,False,0.5,0.48,0.56,0.42,0.454,1.035,1.0,0.78,0.78,0.0,0.0,0.0,0.0,0.0,1.0,1.0,0.0,0.001,0.7292,0.7142,-0.015,0.7142,2.1396,0.1214,4.15,-0.85,0.21,2.212,2.271,0.0005,0.72,0.7471,0.3379,0.0892,0.8205,0.1757,3.5,0.678,urbanizing-majority,0.0,0.0737,0.7855,0.8563,0.804,0.6697,0.2507,0.2364,59.4,False
ZAF,South Africa,White (English-speaking),lower_fertility_path,1.9,2.02,2.4,2.22,2.3,1.89,-0.41,1.89,0.0,1.9,1.88,1.88,1.9,0.02,1472165,1492950,0.0,0.0,0.0,1.25,unspecified,False,0.5,0.48,0.56,0.42,0.454,0.963,1.0,0.78,0.764,0.0,0.0,0.0,0.0,0.0,1.0,1.0,0.0,0.001,0.7292,0.7142,-0.015,0.7142,2.1396,0.1214,1.97,-0.33,0.09,2.212,2.271,0.0005,0.72,0.7471,0.3379,0.0892,0.8205,0.1757,3.5,0.678,urbanizing-majority,0.0,0.0737,0.7855,0.8563,0.804,0.6697,0.2507,0.2364,59.4,False
ZAF,South Africa,Indian/Asian,largest_baseline_category,2.4,2.22,2.4,2.22,2.7,2.67,-0.03,2.67,0.0,2.67,2.67,2.67,2.67,0.0,1728194,2112069,0.0,0.0,0.0,1.25,IND;PAK;BGD;LKA;NPL,False,0.718,0.719,0.752,0.684,0.454,0.977,1.0,0.78,0.862,0.0,0.0,0.0,0.0,0.0,1.0,1.0,0.0,0.001,0.7292,0.7142,-0.015,0.7142,2.1396,0.1214,2.7,0.0,0.03,2.212,2.271,0.0005,0.72,0.7471,0.3379,0.0892,0.8205,0.1757,3.5,0.678,urbanizing-majority,0.0,0.0737,0.7855,0.8563,0.804,0.6697,0.2507,0.2364,59.4,False
ZAF,South Africa,Other,identity_category_transition,2.4,2.22,2.4,2.22,0.4,0.4,-0.0,0.4,0.0,0.4,0.4,0.4,0.4,0.0,256029,316418,0.0,0.0,0.0,1.25,unspecified,False,0.5,0.48,0.56,0.42,0.454,0.86,1.0,0.78,0.741,0.0,0.0,0.0,0.0,0.0,1.0,1.0,0.0,0.001,0.7292,0.7142,-0.015,0.7142,2.1396,0.1214,0.4,0.0,0.0,2.212,2.271,0.0005,0.72,0.7471,0.3379,0.0892,0.8205,0.1757,3.5,0.678,urbanizing-majority,0.0,0.0737,0.7855,0.8563,0.804,0.6697,0.2507,0.2364,59.4,False
ZMB,Zambia,Bemba,largest_baseline_category,4.0,3.15,4.0,3.15,21.0,20.4,-0.6,20.4,0.0,20.4,20.4,20.4,20.4,0.0,4476142,7767256,0.0,0.0,0.0,1.25,unspecified,False,0.5,0.48,0.56,0.42,0.454,1.191,1.0,0.78,0.814,0.58,0.0,0.771,0.0,0.0,1.0,1.0,0.0,0.001,0.8417,0.8343,-0.0074,0.8343,2.8284,0.2462,20.69,-0.31,0.29,2.217,2.428,0.0005,0.838,0.4999,0.2668,0.1946,0.6917,0.2375,6.03,0.453,mixed-rural-urban,0.0,0.0691,0.7579,0.6423,0.6016,0.3182,0.5633,0.4175,50.0,False
ZMB,Zambia,Tonga,largest_baseline_category,4.0,3.15,4.0,3.15,13.6,13.21,-0.39,13.21,0.0,13.21,13.21,13.21,13.21,0.0,2898835,5030223,0.0,0.0,0.0,1.25,unspecified,False,0.5,0.48,0.56,0.42,0.454,1.142,1.0,0.78,0.803,0.58,0.0,0.771,0.0,0.0,1.0,1.0,0.0,0.001,0.8417,0.8343,-0.0074,0.8343,2.8284,0.2462,13.4,-0.2,0.19,2.217,2.428,0.0005,0.838,0.4999,0.2668,0.1946,0.6917,0.2375,6.03,0.453,mixed-rural-urban,0.0,0.0691,0.7579,0.6423,0.6016,0.3182,0.5633,0.4175,50.0,False
ZMB,Zambia,Chewa,largest_baseline_category,4.0,3.15,4.0,3.15,7.4,7.19,-0.21,7.19,0.0,7.19,7.19,7.19,7.19,0.0,1577307,2737033,0.0,0.0,0.0,1.25,unspecified,False,0.5,0.48,0.56,0.42,0.454,1.075,1.0,0.78,0.789,0.58,0.0,0.771,0.0,0.0,1.0,1.0,0.0,0.001,0.8417,0.8343,-0.0074,0.8343,2.8284,0.2462,7.29,-0.11,0.1,2.217,2.428,0.0005,0.838,0.4999,0.2668,0.1946,0.6917,0.2375,6.03,0.453,mixed-rural-urban,0.0,0.0691,0.7579,0.6423,0.6016,0.3182,0.5633,0.4175,50.0,False
ZMB,Zambia,Lozi,largest_baseline_category,4.0,3.15,4.0,3.15,5.5,5.34,-0.16,5.34,0.0,5.34,5.34,5.34,5.34,0.0,1172323,2034281,0.0,0.0,0.0,1.25,unspecified,False,0.5,0.48,0.56,0.42,0.454,1.045,1.0,0.78,0.782,0.58,0.0,0.771,0.0,0.0,1.0,1.0,0.0,0.001,0.8417,0.8343,-0.0074,0.8343,2.8284,0.2462,5.42,-0.08,0.08,2.217,2.428,0.0005,0.838,0.4999,0.2668,0.1946,0.6917,0.2375,6.03,0.453,mixed-rural-urban,0.0,0.0691,0.7579,0.6423,0.6016,0.3182,0.5633,0.4175,50.0,False
ZMB,Zambia,Nsenga,largest_baseline_category,4.0,3.15,4.0,3.15,5.3,5.15,-0.15,5.15,0.0,5.15,5.15,5.15,5.15,0.0,1129693,1960307,0.0,0.0,0.0,1.25,unspecified,False,0.5,0.48,0.56,0.42,0.454,1.041,1.0,0.78,0.781,0.58,0.0,0.771,0.0,0.0,1.0,1.0,0.0,0.001,0.8417,0.8343,-0.0074,0.8343,2.8284,0.2462,5.22,-0.08,0.07,2.217,2.428,0.0005,0.838,0.4999,0.2668,0.1946,0.6917,0.2375,6.03,0.453,mixed-rural-urban,0.0,0.0691,0.7579,0.6423,0.6016,0.3182,0.5633,0.4175,50.0,False
ZMB,Zambia,Tumbuka,largest_baseline_category,4.0,3.15,4.0,3.15,4.4,4.27,-0.13,4.27,0.0,4.27,4.27,4.27,4.27,0.0,937858,1627425,0.0,0.0,0.0,1.25,unspecified,False,0.5,0.48,0.56,0.42,0.454,1.022,1.0,0.78,0.777,0.58,0.0,0.771,0.0,0.0,1.0,1.0,0.0,0.001,0.8417,0.8343,-0.0074,0.8343,2.8284,0.2462,4.34,-0.06,0.06,2.217,2.428,0.0005,0.838,0.4999,0.2668,0.1946,0.6917,0.2375,6.03,0.453,mixed-rural-urban,0.0,0.0691,0.7579,0.6423,0.6016,0.3182,0.5633,0.4175,50.0,False
ZMB,Zambia,Ngoni,largest_baseline_category,4.0,3.15,4.0,3.15,4.0,3.88,-0.12,3.88,0.0,3.88,3.88,3.88,3.88,0.0,852598,1479477,0.0,0.0,0.0,1.25,unspecified,False,0.5,0.48,0.56,0.42,0.454,1.013,1.0,0.78,0.775,0.58,0.0,0.771,0.0,0.0,1.0,1.0,0.0,0.001,0.8417,0.8343,-0.0074,0.8343,2.8284,0.2462,3.94,-0.06,0.06,2.217,2.428,0.0005,0.838,0.4999,0.2668,0.1946,0.6917,0.2375,6.03,0.453,mixed-rural-urban,0.0,0.0691,0.7579,0.6423,0.6016,0.3182,0.5633,0.4175,50.0,False
ZMB,Zambia,Lala,largest_baseline_category,4.0,3.15,4.0,3.15,3.1,3.01,-0.09,3.01,0.0,3.01,3.01,3.01,3.01,0.0,660764,1146595,0.0,0.0,0.0,1.25,unspecified,False,0.5,0.48,0.56,0.42,0.454,0.989,1.0,0.78,0.77,0.58,0.0,0.771,0.0,0.0,1.0,1.0,0.0,0.001,0.8417,0.8343,-0.0074,0.8343,2.8284,0.2462,3.05,-0.05,0.04,2.217,2.428,0.0005,0.838,0.4999,0.2668,0.1946,0.6917,0.2375,6.03,0.453,mixed-rural-urban,0.0,0.0691,0.7579,0.6423,0.6016,0.3182,0.5633,0.4175,50.0,False
ZMB,Zambia,Kaonde,largest_baseline_category,4.0,3.15,4.0,3.15,2.9,2.82,-0.08,2.82,0.0,2.82,2.82,2.82,2.82,0.0,618134,1072621,0.0,0.0,0.0,1.25,unspecified,False,0.5,0.48,0.56,0.42,0.454,0.983,1.0,0.78,0.768,0.58,0.0,0.771,0.0,0.0,1.0,1.0,0.0,0.001,0.8417,0.8343,-0.0074,0.8343,2.8284,0.2462,2.86,-0.04,0.04,2.217,2.428,0.0005,0.838,0.4999,0.2668,0.1946,0.6917,0.2375,6.03,0.453,mixed-rural-urban,0.0,0.0691,0.7579,0.6423,0.6016,0.3182,0.5633,0.4175,50.0,False
ZMB,Zambia,Lunda,largest_baseline_category,4.0,3.15,4.0,3.15,2.7,2.62,-0.08,2.62,0.0,2.62,2.62,2.62,2.62,0.0,575504,998647,0.0,0.0,0.0,1.25,unspecified,False,0.5,0.48,0.56,0.42,0.454,0.977,1.0,0.78,0.767,0.58,0.0,0.771,0.0,0.0,1.0,1.0,0.0,0.001,0.8417,0.8343,-0.0074,0.8343,2.8284,0.2462,2.66,-0.04,0.04,2.217,2.428,0.0005,0.838,0.4999,0.2668,0.1946,0.6917,0.2375,6.03,0.453,mixed-rural-urban,0.0,0.0691,0.7579,0.6423,0.6016,0.3182,0.5633,0.4175,50.0,False
ZMB,Zambia,Luvale,largest_baseline_category,4.0,3.15,4.0,3.15,2.2,2.14,-0.06,2.14,0.0,2.14,2.14,2.14,2.14,0.0,468929,813712,0.0,0.0,0.0,1.25,unspecified,False,0.5,0.48,0.56,0.42,0.454,0.96,1.0,0.78,0.763,0.58,0.0,0.771,0.0,0.0,1.0,1.0,0.0,0.001,0.8417,0.8343,-0.0074,0.8343,2.8284,0.2462,2.17,-0.03,0.03,2.217,2.428,0.0005,0.838,0.4999,0.2668,0.1946,0.6917,0.2375,6.03,0.453,mixed-rural-urban,0.0,0.0691,0.7579,0.6423,0.6016,0.3182,0.5633,0.4175,50.0,False
ZMB,Zambia,Other,identity_category_transition,4.0,3.15,4.0,3.15,27.9,29.98,2.08,29.98,0.0,29.98,29.98,29.98,29.98,0.0,5946874,11415806,0.0,0.0,0.0,1.25,unspecified,False,0.5,0.48,0.56,0.42,0.454,1.224,1.0,0.78,0.822,0.58,0.0,0.771,0.0,0.0,1.0,1.0,0.0,0.001,0.8417,0.8343,-0.0074,0.8343,2.8284,0.2462,28.96,1.06,-1.01,2.217,2.428,0.0005,0.838,0.4999,0.2668,0.1946,0.6917,0.2375,6.03,0.453,mixed-rural-urban,0.0,0.0691,0.7579,0.6423,0.6016,0.3182,0.5633,0.4175,50.0,True
ZWE,Zimbabwe,Shona,largest_baseline_category,3.4,2.81,3.4,2.81,70.0,70.81,0.81,70.81,0.0,70.81,70.81,70.81,70.81,0.0,11644056,18316713,0.0,0.0,0.0,1.25,unspecified,False,0.5,0.48,0.56,0.42,0.454,1.3,1.0,0.78,0.839,0.62,0.0,0.692,0.0,0.0,1.0,1.0,0.0,0.001,0.4665,0.4572,-0.0093,0.4572,1.1079,0.2176,70.39,0.39,-0.43,1.839,1.903,0.0005,0.462,0.5506,0.297,0.1764,0.718,0.2308,1.84,0.55,mixed-rural-urban,0.0,0.052,0.7011,0.6718,0.5831,0.4167,0.5441,0.0,53.76,True
ZWE,Zimbabwe,Ndebele,largest_baseline_category,3.4,2.81,3.4,2.81,20.0,19.5,-0.5,19.5,0.0,19.5,19.5,19.5,19.5,0.0,3326873,5043535,0.0,0.0,0.0,1.25,unspecified,False,0.5,0.48,0.56,0.42,0.454,1.185,1.0,0.78,0.813,0.62,0.0,0.692,0.0,0.0,1.0,1.0,0.0,0.001,0.4665,0.4572,-0.0093,0.4572,1.1079,0.2176,19.78,-0.22,0.28,1.839,1.903,0.0005,0.462,0.5506,0.297,0.1764,0.718,0.2308,1.84,0.55,mixed-rural-urban,0.0,0.052,0.7011,0.6718,0.5831,0.4167,0.5441,0.0,53.76,False
ZWE,Zimbabwe,Kalanga,largest_baseline_category,3.4,2.81,3.4,2.81,3.0,2.92,-0.08,2.92,0.0,2.92,2.92,2.92,2.92,0.0,499031,756530,0.0,0.0,0.0,1.25,unspecified,False,0.5,0.48,0.56,0.42,0.454,0.986,1.0,0.78,0.769,0.62,0.0,0.692,0.0,0.0,1.0,1.0,0.0,0.001,0.4665,0.4572,-0.0093,0.4572,1.1079,0.2176,2.97,-0.03,0.04,1.839,1.903,0.0005,0.462,0.5506,0.297,0.1764,0.718,0.2308,1.84,0.55,mixed-rural-urban,0.0,0.052,0.7011,0.6718,0.5831,0.4167,0.5441,0.0,53.76,False
ZWE,Zimbabwe,Tonga,largest_baseline_category,3.4,2.81,3.4,2.81,1.5,1.46,-0.04,1.46,0.0,1.46,1.46,1.46,1.46,0.0,249515,378265,0.0,0.0,0.0,1.25,unspecified,False,0.5,0.48,0.56,0.42,0.454,0.93,1.0,0.78,0.756,0.62,0.0,0.692,0.0,0.0,1.0,1.0,0.0,0.001,0.4665,0.4572,-0.0093,0.4572,1.1079,0.2176,1.48,-0.02,0.02,1.839,1.903,0.0005,0.462,0.5506,0.297,0.1764,0.718,0.2308,1.84,0.55,mixed-rural-urban,0.0,0.052,0.7011,0.6718,0.5831,0.4167,0.5441,0.0,53.76,False
ZWE,Zimbabwe,Other Black African,largest_baseline_category,3.4,2.81,3.4,2.81,4.9,4.78,-0.12,4.78,0.0,4.78,4.78,4.78,4.78,0.0,815084,1235666,0.0,0.0,0.0,1.25,NGA;GHA;KEN;UGA;TZA;ETH;SEN;CIV;CMR;COD,False,0.732,0.782,0.634,0.652,0.454,1.033,1.0,0.78,0.886,0.62,0.0,0.692,0.0,0.0,1.0,1.0,0.0,0.001,0.4665,0.4572,-0.0093,0.4572,1.1079,0.2176,4.85,-0.05,0.07,1.839,1.903,0.0005,0.462,0.5506,0.297,0.1764,0.718,0.2308,1.84,0.55,mixed-rural-urban,0.0,0.052,0.7011,0.6718,0.5831,0.4167,0.5441,0.0,53.76,False
ZWE,Zimbabwe,White,lower_fertility_path,2.8,2.57,3.4,2.81,0.4,0.33,-0.07,0.33,0.0,0.33,0.33,0.33,0.33,0.0,66537,84674,0.0,0.0,0.0,1.25,unspecified,False,0.5,0.48,0.56,0.42,0.454,0.86,1.0,0.78,0.741,0.62,0.0,0.692,0.0,0.0,1.0,1.0,0.0,0.001,0.4665,0.4572,-0.0093,0.4572,1.1079,0.2176,0.34,-0.06,0.01,1.839,1.903,0.0005,0.462,0.5506,0.297,0.1764,0.718,0.2308,1.84,0.55,mixed-rural-urban,0.0,0.052,0.7011,0.6718,0.5831,0.4167,0.5441,0.0,53.76,False
ZWE,Zimbabwe,Other,identity_category_transition,3.4,2.81,3.4,2.81,0.2,0.2,-0.0,0.2,0.0,0.2,0.2,0.2,0.2,0.0,33269,51003,0.0,0.0,0.0,1.25,unspecified,False,0.5,0.48,0.56,0.42,0.454,0.842,1.0,0.78,0.737,0.62,0.0,0.692,0.0,0.0,1.0,1.0,0.0,0.001,0.4665,0.4572,-0.0093,0.4572,1.1079,0.2176,0.2,0.0,0.0,1.839,1.903,0.0005,0.462,0.5506,0.297,0.1764,0.718,0.2308,1.84,0.55,mixed-rural-urban,0.0,0.052,0.7011,0.6718,0.5831,0.4167,0.5441,0.0,53.76,False
