Rank_Economic_Strength_2050,ISO3,Country,Population_2025,Population_2050,GDP_PPP_PerCapita_2025,GDP_PPP_PerCapita_2025_2021_IntlDollar,GDP_PPP_PerCapita_2050,GDP_PPP_PerCapita_2050_2021_IntlDollar,GDP_Nominal_PerCapita_2025,GDP_Nominal_PerCapita_2025_2021_USD,GDP_Nominal_PerCapita_2050,GDP_Nominal_PerCapita_2050_2021_USD,GDP_PPP_Total_2025,GDP_PPP_Total_2050,GDP_PPP_Total_2050_2021_IntlDollar,GDP_Nominal_Total_2025,GDP_Nominal_Total_2050,GDP_Nominal_Total_2050_2021_USD,GDP_PPP_PerCapita_P10_2050,GDP_PPP_PerCapita_P90_2050,GDP_Nominal_PerCapita_P10_2050,GDP_Nominal_PerCapita_P90_2050,Real_GDP_PerCapita_CAGR_2025_2050,Structural_GDP_PerCapita_CAGR_Signal,Income_Index_2050,Income_Index_2050_Recomputed_From_PPP,Income_Index_2050_PPP_Mismatch,CPI_U_2021_Annual_Average_2013_Base,CPI_U_2025_Annual_Average_2013_Base,Observed_Inflation_Factor_2021_2025,Long_Run_USD_Inflation_Assumption_2026_2050,Inflation_Factor_2021_to_2050,Inflation_Factor_Low_2021_to_2050,Inflation_Factor_High_2021_to_2050,PPP_to_Nominal_Ratio_2025,PPP_to_Nominal_Ratio_2050,Economic_Strength_Score_2050,Growth_Prospect_Score,Industrialization_Signal,Future_Readiness,Demographic_Dividend,Resource_Drag,Growth_Volatility,Trajectory,Baseline_Source,PPP_Baseline_Year,Nominal_Baseline_Year,PPP_Baseline_Proxy,Nominal_Baseline_Proxy,Projection_Type,Rank_GDP_PPP_PerCapita_2050,Rank_GDP_Nominal_PerCapita_2050,Rank_GDP_PPP_Total_2050,Rank_GDP_Nominal_Total_2050,Rank_Economic_Resilience_2050
1,USA,USA,346725913,380846905,88120.49,74120.13,192718.34,98804.8,88120.49,74120.13,190505.93,97670.52,30553657731826.0,73396183532504.06,37629502279144.0,30553657731826.11,72553595345551.17,37197515592979.56,147280.31,284384.64,131030.58,309231.89,0.011565,0.022639,0.991258,0.991258,-1e-08,116.318,138.289,1.188887361,0.02,1.95049573,1.725010592,2.489266116,1.0,0.98852,74.58,0.6891,0.55,0.5534,0.504,0.012,0.22,slow_growth,World Bank API,2024,2024,False,False,Independent scenario projection; constant 2021 audit values and inflation-adjusted 2050-dollar values,10,3,3,1,1
2,CHN,China,1412848825,1260289089,28105.6,23640.25,92866.34,47611.66,13766.31,11579.15,49041.92,25143.31,39708960997428.46,117038434466707.36,60004455607177.74,19449712799323.81,61806999961007.28,31687841710050.13,70308.08,138314.42,33416.19,80346.93,0.028401,0.035597,0.886311,0.886311,0.0,116.318,138.289,1.188887361,0.02,1.95049573,1.725010592,2.489266116,0.48981,0.52809,71.49,0.7878,0.44,0.4388,0.2419,0.0131,0.22,fast_converger,World Bank API,2024,2024,False,False,Independent scenario projection; constant 2021 audit values and inflation-adjusted 2050-dollar values,59,59,1,2,2
3,IND,India,1459125378,1679589264,11121.25,9354.34,61523.38,31542.43,2689.36,2262.08,18404.51,9435.81,16227304306923.54,103334000204588.58,52978326788471.52,3924119131473.79,30912014919539.3,15848286380620.92,47559.2,89764.76,12804.45,29538.11,0.049821,0.037567,0.827123,0.827123,-0.0,116.318,138.289,1.188887361,0.02,1.95049573,1.725010592,2.489266116,0.24182,0.29915,66.53,0.7045,0.33,0.3316,0.4925,0.0138,0.22,accelerator,World Bank API,2024,2024,False,False,Independent scenario projection; constant 2021 audit values and inflation-adjusted 2050-dollar values,92,116,2,3,4
4,IDN,Indonesia,284836355,320712943,17131.08,14409.34,82917.48,42510.98,5122.36,4308.54,29568.01,15159.23,4879553882658.5,26592710635720.37,13633821505614.14,1459035237496.71,9482844769400.54,4861761357181.46,63909.68,121331.03,20510.92,47592.73,0.044225,0.039982,0.870022,0.870022,-1e-08,116.318,138.289,1.188887361,0.02,1.95049573,1.725010592,2.489266116,0.29901,0.3566,63.3,0.789,0.4,0.3951,0.4807,0.0132,0.22,frontier_jumper,World Bank API,2024,2024,False,False,Independent scenario projection; constant 2021 audit values and inflation-adjusted 2050-dollar values,66,83,4,4,8
5,DEU,Germany,84302554,78294606,75500.66,63505.31,153458.59,78676.71,57274.75,48175.09,116140.63,59544.16,6364898582484.26,12014979601535.72,6159962010826.26,4828407864406.36,9093185140819.03,4661986693485.15,116059.92,228797.11,79052.89,190474.23,0.008606,0.020872,0.958512,0.958512,-0.0,116.318,138.289,1.188887361,0.02,1.95049573,1.725010592,2.489266116,0.7586,0.75682,64.95,0.6756,0.51,0.5089,0.3496,0.0117,0.22,slow_growth,World Bank API,2024,2024,False,False,Independent scenario projection; constant 2021 audit values and inflation-adjusted 2050-dollar values,22,22,8,5,7
6,GBR,UK,69372821,75504685,64207.63,54006.49,137518.82,70504.55,54502.68,45843.43,115871.63,59406.24,4454264474358.86,10383315468715.51,5323423838816.75,3781004579068.29,8748850569866.81,4485449741578.16,104234.6,204585.39,79044.08,189619.17,0.01072,0.021772,0.942747,0.942747,-0.0,116.318,138.289,1.188887361,0.02,1.95049573,1.725010592,2.489266116,0.84885,0.84259,65.17,0.683,0.55,0.5485,0.3675,0.0118,0.22,slow_growth,World Bank API,2024,2024,False,False,Independent scenario projection; constant 2021 audit values and inflation-adjusted 2050-dollar values,29,23,12,6,5
7,FRA,France,66612043,68219681,63791.58,53656.54,141609.85,72601.98,47037.35,39564.17,104769.87,53714.48,4249287532923.77,9660578930477.25,4952883915568.38,3133253755068.44,7147367084330.84,3664384890947.35,106677.49,211954.7,71032.68,172495.86,0.012169,0.020265,0.946961,0.946961,1e-08,116.318,138.289,1.188887361,0.02,1.95049573,1.725010592,2.489266116,0.73736,0.73985,63.3,0.708,0.53,0.5299,0.2419,0.0119,0.22,slow_growth,World Bank API,2024,2024,False,False,Independent scenario projection; constant 2021 audit values and inflation-adjusted 2050-dollar values,26,28,14,7,8
8,JPN,Japan,122978897,105123163,55235.49,46459.82,107349.18,55036.87,34470.61,28994.01,67178.83,34441.93,6792799615917.71,11284885341749.35,5785649856019.81,4239157217126.85,7062051464392.8,3620644410715.38,80524.09,161352.87,45352.59,111071.62,0.0068,0.019928,0.907144,0.907144,-1e-08,116.318,138.289,1.188887361,0.02,1.95049573,1.725010592,2.489266116,0.62407,0.6258,63.23,0.6399,0.53,0.5328,0.2264,0.0117,0.22,stagnant,World Bank API,2024,2024,False,False,Independent scenario projection; constant 2021 audit values and inflation-adjusted 2050-dollar values,46,39,9,8,10
9,BRA,Brazil,212207161,217489300,23048.64,19386.73,61042.5,31295.89,10622.9,8935.16,29178.77,14959.67,4891086034271.9,13276090556978.84,6806521208977.0,2254256183472.16,6346069783590.94,3253567636517.34,45279.74,92768.45,19479.65,48778.41,0.019341,0.030295,0.825995,0.825995,2e-08,116.318,138.289,1.188887361,0.02,1.95049573,1.725010592,2.489266116,0.46089,0.47801,62.27,0.6813,0.37,0.3697,0.3844,0.0445,0.42,fast_converger,World Bank API,2024,2024,False,False,Independent scenario projection; constant 2021 audit values and inflation-adjusted 2050-dollar values,93,85,7,9,11
10,MEX,Mexico,131514162,148946266,26634.38,22402.78,73299.61,37579.99,14429.04,12136.59,41317.01,21182.82,3502798433478.58,10917703215225.2,5597399186817.34,1897622906394.2,6154013861364.05,3155102451880.6,56013.05,108172.89,28415.74,67071.54,0.020907,0.031527,0.852299,0.852299,1e-08,116.318,138.289,1.188887361,0.02,1.95049573,1.725010592,2.489266116,0.54174,0.56367,61.1,0.6886,0.38,0.3753,0.3905,0.0141,0.22,fast_converger,World Bank API,2024,2024,False,False,Independent scenario projection; constant 2021 audit values and inflation-adjusted 2050-dollar values,74,63,10,10,13
11,CAN,Canada,39953881,45621880,67017.45,56369.89,141518.26,72555.02,56304.93,47359.35,117833.46,60412.06,2677607316980.15,6456328926299.77,3310096415837.6,2249600376449.74,5375783778617.84,2756111533511.83,107560.19,209966.5,80602.81,192308.66,0.010148,0.023434,0.946868,0.946868,-0.0,116.318,138.289,1.188887361,0.02,1.95049573,1.725010592,2.489266116,0.84015,0.83264,66.86,0.6941,0.55,0.5511,0.5174,0.024,0.25,slow_growth,World Bank API,2024,2024,False,False,Independent scenario projection; constant 2021 audit values and inflation-adjusted 2050-dollar values,27,20,20,11,3
12,RUS,Russia,144476249,136132783,48442.72,40746.27,103086.86,52851.62,15199.3,12784.48,32011.05,16411.75,6998822930532.84,14033501027453.21,7194838116658.46,2195938539819.8,4357753450401.96,2234177385002.97,71321.68,167772.65,19932.45,57307.37,0.010459,0.015867,0.90132,0.90132,-1e-08,116.318,138.289,1.188887361,0.02,1.95049573,1.725010592,2.489266116,0.31376,0.31053,59.16,0.3921,0.39,0.3933,0.3036,0.2785,0.72,fast_converger,World Bank API,2024,2024,False,False,Independent scenario projection; constant 2021 audit values and inflation-adjusted 2050-dollar values,52,78,5,12,21
13,AUS,Australia,26915650,32506964,73711.29,62000.23,149904.9,76854.77,66037.51,55545.64,132113.68,67733.39,1983987217244.88,4872953211966.82,2498315241618.28,1777442467898.57,4294614796283.92,2201806817288.31,112954.35,224315.33,89593.7,217462.12,0.008628,0.022094,0.955144,0.955144,-0.0,116.318,138.289,1.188887361,0.02,1.95049573,1.725010592,2.489266116,0.89589,0.88132,65.11,0.6839,0.53,0.5349,0.4801,0.0383,0.3,slow_growth,World Bank API,2024,2024,False,False,Independent scenario projection; constant 2021 audit values and inflation-adjusted 2050-dollar values,23,12,26,13,6
14,ITA,Italy,59037393,51891098,63468.81,53385.05,124884.82,64027.22,41192.82,34648.21,81177.03,41618.67,3747033072751.72,6480410393859.2,3322442747687.56,2431916466374.74,4212365235213.81,2159638275318.06,93859.29,187351.86,54908.97,133959.71,0.007298,0.018877,0.928894,0.928894,1e-08,116.318,138.289,1.188887361,0.02,1.95049573,1.725010592,2.489266116,0.64902,0.65002,61.06,0.6032,0.51,0.5125,0.2641,0.0122,0.22,moderate,World Bank API,2024,2024,False,False,Independent scenario projection; constant 2021 audit values and inflation-adjusted 2050-dollar values,32,31,19,14,14
15,BGD,Bangladesh,174988380,214709097,10004.94,8415.38,49808.66,25536.41,2685.81,2259.09,16073.57,8240.76,1750748572013.91,10694372126829.15,5482899531721.77,469984798109.95,3451140811526.48,1769365991291.23,38220.37,73204.83,11100.56,25986.02,0.045402,0.035625,0.796759,0.796759,3e-08,116.318,138.289,1.188887361,0.02,1.95049573,1.725010592,2.489266116,0.26845,0.32271,57.04,0.7131,0.33,0.3284,0.3723,0.0137,0.22,accelerator,World Bank API,2024,2024,False,False,Independent scenario projection; constant 2021 audit values and inflation-adjusted 2050-dollar values,111,123,11,15,27
16,TUR,Turkey,87616404,91258068,46252.61,38904.11,104427.94,53539.18,16290.6,13702.39,37137.43,19040.0,4052487311259.42,9529892232049.85,4885882129104.24,1427323677317.26,3389090210448.04,1737553257681.33,75162.51,163483.56,24056.86,63953.15,0.012854,0.025036,0.903178,0.903178,0.0,116.318,138.289,1.188887361,0.02,1.95049573,1.725010592,2.489266116,0.35221,0.35563,59.67,0.6322,0.39,0.3902,0.4227,0.0654,0.65,fast_converger,World Bank API,2024,2024,False,False,Independent scenario projection; constant 2021 audit values and inflation-adjusted 2050-dollar values,51,71,15,16,19
17,ESP,Spain,47792263,44928562,59343.22,49914.92,116549.18,59753.62,36105.22,30368.92,71188.21,36497.5,2836146641752.4,5236387090494.55,2684644220894.44,1725550296628.84,3198384093499.13,1639780104950.61,88091.1,173873.54,48425.42,116822.11,0.007222,0.022036,0.918964,0.918964,1e-08,116.318,138.289,1.188887361,0.02,1.95049573,1.725010592,2.489266116,0.60841,0.6108,60.18,0.7441,0.51,0.5084,0.3574,0.0119,0.22,moderate,World Bank API,2024,2024,False,False,Independent scenario projection; constant 2021 audit values and inflation-adjusted 2050-dollar values,38,36,24,17,17
18,KOR,South Korea,51447850,45143134,62433.24,52514.01,116400.9,59677.6,37058.9,31171.08,69116.81,35435.51,3212056140960.04,5254701607013.46,2694033893598.4,1906600710500.54,3120149433766.8,1599669963455.28,88629.12,172394.02,47363.77,112600.99,0.005128,0.022635,0.918781,0.918781,1e-08,116.318,138.289,1.188887361,0.02,1.95049573,1.725010592,2.489266116,0.59358,0.59378,61.48,0.6772,0.56,0.5609,0.4588,0.0121,0.22,moderate,World Bank API,2024,2024,False,False,Independent scenario projection; constant 2021 audit values and inflation-adjusted 2050-dollar values,39,38,23,18,12
19,PHL,Philippines,116506669,134373432,12260.17,10312.31,57511.63,29485.65,4135.87,3478.78,22743.01,11660.12,1428391639074.91,7728035698696.26,3962087985250.8,481856701221.54,3056055657169.13,1566809713828.09,44166.25,84459.73,15719.01,36739.61,0.042918,0.037783,0.81743,0.81743,-2e-08,116.318,138.289,1.188887361,0.02,1.95049573,1.725010592,2.489266116,0.33734,0.39545,57.53,0.7388,0.35,0.3479,0.4489,0.0138,0.22,accelerator,World Bank API,2024,2024,False,False,Independent scenario projection; constant 2021 audit values and inflation-adjusted 2050-dollar values,101,101,17,19,25
20,SAU,Saudi Arabia,34409186,47693912,73043.36,61438.42,132334.5,67846.6,36074.56,30343.13,63441.35,32525.76,2513362437208.39,6311550170315.09,3235869769899.2,1241296313653.13,3025766268273.41,1551280641693.43,94672.19,208411.75,40847.39,109904.18,0.003976,0.01539,0.937223,0.937223,-0.0,116.318,138.289,1.188887361,0.02,1.95049573,1.725010592,2.489266116,0.49388,0.4794,59.02,0.5627,0.39,0.3886,0.5466,0.2493,0.6,moderate,World Bank API,2024,2024,False,False,Independent scenario projection; constant 2021 audit values and inflation-adjusted 2050-dollar values,30,43,21,20,22
21,PAK,Pakistan,255086257,371863799,6453.07,5427.82,27637.82,14169.64,1524.33,1282.15,7636.28,3915.04,1646089953489.19,10277505604481.42,5269176160862.36,388836092640.32,2839654670127.42,1455863053618.04,20734.9,41534.75,5156.11,12623.57,0.039129,0.030318,0.71209,0.71209,4e-08,116.318,138.289,1.188887361,0.02,1.95049573,1.725010592,2.489266116,0.23622,0.2763,53.07,0.6003,0.26,0.258,0.1302,0.0147,0.22,frontier_jumper,World Bank API,2024,2024,False,False,Independent scenario projection; constant 2021 audit values and inflation-adjusted 2050-dollar values,142,154,13,21,46
22,NLD,Netherlands,18256280,18958470,87128.68,73285.9,176994.11,90743.14,68977.67,58018.68,139483.38,71511.76,1590645662426.14,3355537470257.48,1720351097395.8,1259275685006.28,2644391458521.14,1355753523223.76,134676.97,262305.16,95521.14,227385.71,0.008583,0.022417,0.979023,0.979023,-0.0,116.318,138.289,1.188887361,0.02,1.95049573,1.725010592,2.489266116,0.79168,0.78807,60.65,0.6944,0.56,0.5554,0.456,0.0117,0.22,slow_growth,World Bank API,2024,2024,False,False,Independent scenario projection; constant 2021 audit values and inflation-adjusted 2050-dollar values,13,9,32,22,16
23,VNM,Vietnam,101320570,110008911,16979.1,14281.51,59869.16,30694.33,4886.81,4110.41,19470.14,9982.15,1720332507941.76,6586141051451.16,3376649817174.63,495134768046.59,2141888488573.85,1098125186942.02,45865.22,88133.24,13424.3,31528.13,0.031078,0.036075,0.823205,0.823205,1e-08,116.318,138.289,1.188887361,0.02,1.95049573,1.725010592,2.489266116,0.28781,0.32521,55.68,0.7539,0.35,0.3484,0.391,0.0131,0.22,accelerator,World Bank API,2024,2024,False,False,Independent scenario projection; constant 2021 audit values and inflation-adjusted 2050-dollar values,97,111,18,23,35
24,CHE,Switzerland,8937801,9342590,99644.41,83813.17,202973.81,104062.68,110107.29,92613.73,221714.38,113670.78,890601900298.7,1896301115912.02,972214953541.2,984117000683.98,2071386540810.11,1061979530909.58,154594.58,300519.93,151981.47,360623.92,0.008694,0.022332,0.998711,0.998711,1e-08,116.318,138.289,1.188887361,0.02,1.95049573,1.725010592,2.489266116,1.105,1.09233,59.66,0.6711,0.53,0.5344,0.4738,0.0117,0.22,slow_growth,World Bank API,2024,2024,False,False,Independent scenario projection; constant 2021 audit values and inflation-adjusted 2050-dollar values,8,2,44,24,20
25,ZAF,South Africa,64532949,79177332,15973.82,13435.94,52373.87,26851.57,6467.68,5440.11,22941.56,11761.91,1030837659436.77,4146823502103.87,2126035672611.24,417378388294.67,1816451855547.48,931277022163.0,40102.0,77139.64,15809.46,37168.81,0.028083,0.031991,0.803978,0.803978,-2e-08,116.318,138.289,1.188887361,0.02,1.95049573,1.725010592,2.489266116,0.40489,0.43803,56.33,0.6744,0.39,0.388,0.4308,0.0145,0.22,moderate,World Bank API,2024,2024,False,False,Independent scenario projection; constant 2021 audit values and inflation-adjusted 2050-dollar values,106,100,28,25,32
26,ARE,UAE,11168798,15367397,81149.53,68256.7,185902.57,95310.42,51417.66,43248.56,118189.4,60594.54,906342703516.81,2856838554596.04,1464673062376.74,574273518900.55,1816263380289.6,931180392749.8,140865.72,276647.07,80601.1,193469.22,0.013444,0.022759,0.986082,0.986082,-0.0,116.318,138.289,1.188887361,0.02,1.95049573,1.725010592,2.489266116,0.63362,0.63576,60.74,0.6295,0.41,0.4146,0.784,0.0833,0.38,moderate,World Bank API,2024,2024,False,False,Independent scenario projection; constant 2021 audit values and inflation-adjusted 2050-dollar values,11,18,35,26,15
27,NGA,Nigeria,236597650,359185557,9305.96,7827.45,37800.94,19380.17,1108.71,932.56,5037.73,2582.8,2201767769826.65,13577551272154.2,6961077156204.69,262319089508.08,1809481268814.02,927703270821.32,26160.53,61503.11,3137.77,9016.18,0.03693,0.022647,0.757105,0.757105,2e-08,116.318,138.289,1.188887361,0.02,1.95049573,1.725010592,2.489266116,0.11914,0.13327,49.37,0.4462,0.27,0.2662,0.3534,0.2979,0.72,frontier_jumper,World Bank API,2024,2024,False,False,Independent scenario projection; constant 2021 audit values and inflation-adjusted 2050-dollar values,125,167,6,27,62
28,MYS,Malaysia,35859264,44289762,40278.68,33879.31,121522.73,62303.51,12315.67,10358.99,40728.59,20881.15,1444363996835.88,5382212800090.85,2759407629664.62,441630740696.64,1803859643919.25,924821118962.61,93745.64,177670.1,28277.14,65501.15,0.024668,0.037159,0.924971,0.924971,1e-08,116.318,138.289,1.188887361,0.02,1.95049573,1.725010592,2.489266116,0.30576,0.33515,56.84,0.7929,0.4,0.3963,0.5647,0.0128,0.22,frontier_jumper,World Bank API,2024,2024,False,False,Independent scenario projection; constant 2021 audit values and inflation-adjusted 2050-dollar values,34,65,22,28,28
29,POL,Poland,38301568,32814092,52341.89,44025.95,106806.16,54758.47,25632.15,21559.78,53080.36,27213.78,2004776592242.51,3504747224006.12,1796849472359.24,981751386240.37,1741783973642.77,892995532621.14,80946.9,158911.03,36205.98,86872.9,0.008764,0.021056,0.906415,0.906415,0.0,116.318,138.289,1.188887361,0.02,1.95049573,1.725010592,2.489266116,0.48971,0.49698,56.81,0.68,0.37,0.3662,0.3909,0.0121,0.22,moderate,World Bank API,2024,2024,False,False,Independent scenario projection; constant 2021 audit values and inflation-adjusted 2050-dollar values,47,54,31,29,29
30,EGY,Egypt,118013619,161630196,19678.58,16552.09,55614.84,28513.18,3435.67,2889.82,10634.13,5452.01,2322339993208.37,8989036818958.49,4608590871983.28,405455586322.46,1718796687676.9,881210176925.34,42200.4,82648.08,7262.24,17383.48,0.021992,0.029113,0.812609,0.812609,1e-08,116.318,138.289,1.188887361,0.02,1.95049573,1.725010592,2.489266116,0.17459,0.19121,53.15,0.6169,0.31,0.3121,0.3432,0.0141,0.22,accelerator,World Bank API,2024,2024,False,False,Independent scenario projection; constant 2021 audit values and inflation-adjusted 2050-dollar values,103,143,16,30,45
31,THA,Thailand,71457155,66382731,25823.21,21720.49,76194.5,39064.17,7657.67,6441.04,24757.38,12692.86,1845253416684.89,5057998784527.38,2593186288848.27,547195455431.99,1643462320128.64,842586986741.35,57897.03,113074.91,16930.89,40414.76,0.023756,0.036693,0.857867,0.857867,0.0,116.318,138.289,1.188887361,0.02,1.95049573,1.725010592,2.489266116,0.29654,0.32492,55.88,0.8139,0.39,0.3891,0.3704,0.013,0.22,fast_converger,World Bank API,2024,2024,False,False,Independent scenario projection; constant 2021 audit values and inflation-adjusted 2050-dollar values,72,96,25,31,34
32,ISR,Israel,9507915,13092723,58652.05,49333.56,128664.41,65964.98,55517.26,46696.82,120386.61,61721.03,557658697089.05,1684567504255.57,863661210840.54,527853402131.58,1576188593661.83,808096408054.95,98949.66,188685.4,83325.24,194200.68,0.011689,0.023992,0.93318,0.93318,0.0,116.318,138.289,1.188887361,0.02,1.95049573,1.725010592,2.489266116,0.94655,0.93566,57.81,0.7187,0.53,0.5265,0.5442,0.0126,0.22,moderate,World Bank API,2024,2024,False,False,Independent scenario projection; constant 2021 audit values and inflation-adjusted 2050-dollar values,31,17,48,32,24
33,SWE,Sweden,10633192,11309632,72811.87,61243.71,169889.7,87100.78,58500.13,49205.78,136348.75,69904.67,774222631932.44,1921389981985.45,985077768712.96,622043129874.95,1542054215939.48,790596047920.67,129308.69,251704.18,93401.61,222211.86,0.014188,0.022324,0.973134,0.973134,1e-08,116.318,138.289,1.188887361,0.02,1.95049573,1.725010592,2.489266116,0.80344,0.80257,57.94,0.6865,0.53,0.533,0.4279,0.0117,0.22,slow_growth,World Bank API,2024,2024,False,False,Independent scenario projection; constant 2021 audit values and inflation-adjusted 2050-dollar values,18,10,43,33,23
34,BEL,Belgium,11743816,11870903,75806.04,63762.17,162680.67,83404.78,57787.52,48606.39,123956.46,63551.26,890252164843.93,1931166421313.79,990090053116.34,678645969432.57,1471475067230.32,754410811721.92,123513.99,241616.62,84701.65,202512.9,0.0108,0.021307,0.966901,0.966901,-0.0,116.318,138.289,1.188887361,0.02,1.95049573,1.725010592,2.489266116,0.76231,0.76196,57.37,0.6723,0.49,0.4913,0.4043,0.0119,0.22,slow_growth,World Bank API,2024,2024,False,False,Independent scenario projection; constant 2021 audit values and inflation-adjusted 2050-dollar values,20,15,42,34,26
35,ARG,Argentina,45793982,48308945,31082.92,26144.54,65192.04,33423.32,14248.27,11984.54,29330.12,15037.27,1423410572164.84,3149358817587.18,1614645327597.4,652485145726.64,1416907394963.31,726434502204.0,45404.06,105410.91,18384.7,52167.21,0.009873,0.019935,0.835449,0.835449,0.0,116.318,138.289,1.188887361,0.02,1.95049573,1.725010592,2.489266116,0.4584,0.4499,54.74,0.5626,0.39,0.3854,0.2798,0.1462,0.78,moderate,World Bank API,2024,2024,False,False,Independent scenario projection; constant 2021 audit values and inflation-adjusted 2050-dollar values,85,84,33,35,38
36,ETH,Ethiopia,134794639,225021870,3369.89,2834.49,15661.25,8029.37,1160.6,976.21,6281.41,3220.42,454243307124.56,3524124189707.45,1806783852321.9,156442976437.43,1413453712073.62,724663832914.2,11636.92,23761.01,4200.6,10483.06,0.042529,0.023565,0.630441,0.630441,-4e-08,116.318,138.289,1.188887361,0.02,1.95049573,1.725010592,2.489266116,0.3444,0.40108,46.64,0.439,0.16,0.1604,0.0129,0.0154,0.22,frontier_jumper,World Bank API,2024,2024,False,False,Independent scenario projection; constant 2021 audit values and inflation-adjusted 2050-dollar values,165,163,30,36,80
37,COL,Colombia,53122642,59385352,23075.95,19409.7,60972.89,31260.2,8176.64,6877.55,22629.25,11601.8,1225855165518.26,3620896335062.62,1856397980590.4,434364558765.27,1343846255898.57,688976773932.12,44819.36,93495.59,14970.68,38169.58,0.019246,0.028367,0.825831,0.825831,-1e-08,116.318,138.289,1.188887361,0.02,1.95049573,1.725010592,2.489266116,0.35434,0.37114,54.56,0.6311,0.37,0.3663,0.3913,0.0723,0.48,fast_converger,World Bank API,2024,2024,False,False,Independent scenario projection; constant 2021 audit values and inflation-adjusted 2050-dollar values,94,102,29,37,39
38,IRN,Iran,91943723,101861995,20202.6,16992.87,44272.27,22697.96,5268.36,4431.34,11462.83,5876.88,1857502594295.05,4509662159831.05,2312059488030.2,484393072112.24,1167626660179.59,598630718325.56,30425.71,72527.38,7089.95,20656.4,0.011647,0.015066,0.779821,0.779821,-1e-08,116.318,138.289,1.188887361,0.02,1.95049573,1.725010592,2.489266116,0.26078,0.25892,50.89,0.3926,0.3,0.3028,0.2918,0.3293,0.75,fast_converger,World Bank API,2024,2024,False,False,Independent scenario projection; constant 2021 audit values and inflation-adjusted 2050-dollar values,118,141,27,38,52
39,AUT,Austria,9105238,8724335,77484.42,65173.9,165937.04,85074.29,59583.84,50117.31,127463.82,65349.45,705514103622.69,1447690320735.99,742216605847.15,542525026437.56,1112037094832.62,570130494264.26,126344.88,245762.1,87346.15,207659.21,0.010716,0.022567,0.96975,0.96975,0.0,116.318,138.289,1.188887361,0.02,1.95049573,1.725010592,2.489266116,0.76898,0.76815,56.37,0.7088,0.54,0.5421,0.4565,0.0118,0.22,slow_growth,World Bank API,2024,2024,False,False,Independent scenario projection; constant 2021 audit values and inflation-adjusted 2050-dollar values,19,14,54,39,30
40,IRQ,Iraq,46838845,71928759,14607.65,12286.82,36526.5,18726.78,6124.9,5151.79,15073.34,7727.95,684205289988.25,2627306134554.14,1346994045466.02,286883196828.29,1084206721635.87,555862135321.96,24082.32,62317.46,8944.22,28288.1,0.017,0.008445,0.752175,0.752175,2e-08,116.318,138.289,1.188887361,0.02,1.95049573,1.725010592,2.489266116,0.41929,0.41267,43.98,0.3486,0.29,0.2907,0.0647,0.518,0.78,conflict_recovery,World Bank API,2024,2024,False,False,Independent scenario projection; constant 2021 audit values and inflation-adjusted 2050-dollar values,126,127,37,40,93
41,DNK,Denmark,5983021,6124830,82712.53,69571.38,194678.9,99809.96,72583.89,61051.95,169298.57,86797.71,494870761646.72,1192375172178.45,611319037306.8,434270881992.01,1036924966268.37,531621243824.17,147960.06,288848.24,115803.43,276310.13,0.014541,0.021927,0.992713,0.992713,-0.0,116.318,138.289,1.188887361,0.02,1.95049573,1.725010592,2.489266116,0.87754,0.86963,56.35,0.6921,0.54,0.545,0.4086,0.0116,0.22,slow_growth,World Bank API,2024,2024,False,False,Independent scenario projection; constant 2021 audit values and inflation-adjusted 2050-dollar values,9,7,58,41,31
42,NOR,Norway,5588752,5899827,108026.8,90863.78,204739.38,104967.87,91905.06,77303.42,172130.84,88249.79,603734993859.41,1207926935444.83,619292273558.49,513634585309.05,1015542153835.48,520658485946.96,155365.54,304240.08,117558.62,281362.62,0.005788,0.022429,0.999956,0.999956,1e-08,116.318,138.289,1.188887361,0.02,1.95049573,1.725010592,2.489266116,0.85076,0.84073,60.02,0.6764,0.54,0.5443,0.5102,0.0356,0.25,slow_growth,World Bank API,2024,2024,False,False,Independent scenario projection; constant 2021 audit values and inflation-adjusted 2050-dollar values,6,6,57,42,18
43,DZA,Algeria,47250050,59565550,17984.51,15127.18,49047.38,25146.11,5863.24,4931.71,16395.73,8405.93,849769198213.57,2921534177144.34,1497841872510.5,277038547448.78,976620535445.46,500703754550.52,34328.97,78922.7,10328.05,29020.81,0.020536,0.019164,0.794545,0.794545,-1e-08,116.318,138.289,1.188887361,0.02,1.95049573,1.725010592,2.489266116,0.32602,0.33428,48.96,0.4621,0.3,0.2981,0.4463,0.3505,0.68,moderate,World Bank API,2024,2024,False,False,Independent scenario projection; constant 2021 audit values and inflation-adjusted 2050-dollar values,113,121,34,43,63
44,KAZ,Kazakhstan,20794640,26544266,42073.91,35389.31,102859.78,52735.2,14543.01,12232.45,36438.83,18681.83,874911757300.16,2730337425835.39,1399817176363.2,302416571517.41,967242054603.26,495895499553.58,74150.52,160779.26,23641.53,62652.96,0.016083,0.027438,0.901003,0.901003,-1e-08,116.318,138.289,1.188887361,0.02,1.95049573,1.725010592,2.489266116,0.34565,0.35426,53.24,0.7127,0.42,0.421,0.468,0.1804,0.58,fast_converger,World Bank API,2024,2024,False,False,Independent scenario projection; constant 2021 audit values and inflation-adjusted 2050-dollar values,53,72,36,44,44
45,IRL,Ireland,5280863,5970040,143826.64,120975.84,204779.25,104988.31,115338.78,97014.06,161664.21,82883.65,759528861278.55,1222540316038.86,626784410232.4,609088368315.05,965141800913.47,494818720118.97,155659.54,303789.94,110597.72,263811.67,-0.005654,0.021647,0.999984,0.999984,-1e-08,116.318,138.289,1.188887361,0.02,1.95049573,1.725010592,2.489266116,0.80193,0.78946,55.91,0.6878,0.52,0.519,0.4396,0.0118,0.22,slow_growth,World Bank API,2024,2024,False,False,Independent scenario projection; constant 2021 audit values and inflation-adjusted 2050-dollar values,3,8,56,45,33
46,MAR,Morocco,38274518,43440432,10771.55,9060.2,46486.67,23833.26,4289.1,3607.66,21072.64,10803.74,412275936278.61,2019401108339.58,1035327110368.32,164163106705.13,915404598992.96,469318945294.88,35638.55,68384.44,14539.62,34098.91,0.039446,0.032722,0.786837,0.786837,-2e-08,116.318,138.289,1.188887361,0.02,1.95049573,1.725010592,2.489266116,0.39819,0.4533,50.3,0.6858,0.32,0.3156,0.379,0.0134,0.22,accelerator,World Bank API,2024,2024,False,False,Independent scenario projection; constant 2021 audit values and inflation-adjusted 2050-dollar values,115,108,41,46,56
47,PER,Peru,34443141,40583877,18408.36,15483.69,46147.71,23659.48,8777.33,7382.81,22454.74,11512.32,634041757103.08,1872853178167.86,960193426203.96,302318971248.52,911300399042.47,467214762298.47,33552.67,71529.48,14693.57,38285.61,0.017104,0.029443,0.785785,0.785785,-1e-08,116.318,138.289,1.188887361,0.02,1.95049573,1.725010592,2.489266116,0.47681,0.48658,52.76,0.68,0.39,0.3921,0.3472,0.1051,0.52,moderate,World Bank API,2024,2024,False,False,Independent scenario projection; constant 2021 audit values and inflation-adjusted 2050-dollar values,116,104,45,47,48
48,KEN,Kenya,57292232,83593234,6867.76,5776.63,26663.51,13670.12,2203.43,1853.36,9722.26,4984.51,393469421502.52,2228889088708.38,1142729539968.08,126239478443.81,812715513824.56,416671260110.05,20050.87,39977.96,6580.0,16034.79,0.035056,0.032796,0.706931,0.706931,-2e-08,116.318,138.289,1.188887361,0.02,1.95049573,1.725010592,2.489266116,0.32084,0.36463,48.63,0.6689,0.3,0.2963,0.2005,0.014,0.22,accelerator,World Bank API,2024,2024,False,False,Independent scenario projection; constant 2021 audit values and inflation-adjusted 2050-dollar values,144,147,39,48,64
49,HKG,Hong Kong,7359016,6090616,77283.81,65005.16,183124.96,93886.37,55673.82,46828.5,132426.17,67893.6,568732839884.84,1115343834688.08,571825827303.92,409704532959.65,806556933658.24,413513816558.47,142614.41,265231.58,92818.0,210981.4,0.014813,0.025777,0.983918,0.983918,1e-08,116.318,138.289,1.188887361,0.02,1.95049573,1.725010592,2.489266116,0.72038,0.72315,55.2,0.6297,0.41,0.4072,0.916,0.0123,0.22,moderate,World Bank API,2024,2024,False,False,Independent scenario projection; constant 2021 audit values and inflation-adjusted 2050-dollar values,12,11,60,49,37
50,ROU,Romania,18890488,16027269,50557.73,42525.25,113778.95,58333.35,20686.18,17399.62,48144.22,24683.07,955060276061.03,1823565840028.47,934924292121.15,390772101319.15,771620289983.25,395602142551.46,85433.07,170847.48,32534.99,79521.3,0.012723,0.030178,0.915506,0.915506,-0.0,116.318,138.289,1.188887361,0.02,1.95049573,1.725010592,2.489266116,0.40916,0.42314,52.43,0.7856,0.39,0.3873,0.1896,0.0125,0.22,moderate,World Bank API,2024,2024,False,False,Independent scenario projection; constant 2021 audit values and inflation-adjusted 2050-dollar values,40,61,46,50,49
51,CHL,Chile,19785857,20320305,37058.45,31170.7,80932.02,41493.05,17115.06,14395.86,37867.36,19414.23,733233199217.04,1644563266986.85,843151431380.25,338636096988.27,769476396038.58,394502989186.87,59819.65,123428.28,25190.17,63526.08,0.011508,0.027378,0.866538,0.866538,1e-08,116.318,138.289,1.188887361,0.02,1.95049573,1.725010592,2.489266116,0.46184,0.46789,54.14,0.7172,0.35,0.3486,0.4427,0.0833,0.42,moderate,World Bank API,2024,2024,False,False,Independent scenario projection; constant 2021 audit values and inflation-adjusted 2050-dollar values,68,70,50,51,42
52,TZA,Tanzania,70260372,129621091,4369.89,3675.62,17988.56,9222.56,1232.94,1037.06,5899.48,3024.61,307030357373.39,2331697278675.08,1195438289012.96,86627122102.44,764697264336.0,392052775311.45,13351.54,27321.53,3940.86,9856.32,0.037483,0.033823,0.650357,0.650357,-4e-08,116.318,138.289,1.188887361,0.02,1.95049573,1.725010592,2.489266116,0.28215,0.32796,46.79,0.727,0.33,0.3307,0.018,0.0139,0.22,frontier_jumper,World Bank API,2024,2024,False,False,Independent scenario projection; constant 2021 audit values and inflation-adjusted 2050-dollar values,158,164,38,52,78
53,SGP,Singapore,5841784,6081693,156846.33,131926.99,204736.53,104966.41,97179.83,81740.15,122896.08,63007.61,916262349670.37,1245144748957.97,638373480932.13,567703576091.88,747416228157.08,383192957825.26,156608.81,301844.91,84606.04,199305.47,-0.009103,0.024061,0.999954,0.999954,1e-08,116.318,138.289,1.188887361,0.02,1.95049573,1.725010592,2.489266116,0.61959,0.60026,55.45,0.678,0.52,0.522,0.631,0.0117,0.22,slow_growth,World Bank API,2024,2024,False,False,Independent scenario projection; constant 2021 audit values and inflation-adjusted 2050-dollar values,7,16,55,53,36
54,GTM,Guatemala,18614912,24670861,14846.25,12487.52,60644.64,31091.91,6344.57,5336.56,28839.57,14785.76,276361715239.05,1496155427214.06,767064189834.51,118103630727.53,711496971194.16,364777507638.37,46327.32,89526.24,19827.87,46831.64,0.037163,0.031488,0.825055,0.825055,2e-08,116.318,138.289,1.188887361,0.02,1.95049573,1.725010592,2.489266116,0.42735,0.47555,50.14,0.6842,0.34,0.3446,0.374,0.0144,0.22,accelerator,World Bank API,2024,2024,False,False,Independent scenario projection; constant 2021 audit values and inflation-adjusted 2050-dollar values,95,88,53,54,57
55,KWT,Kuwait,4983141,6367757,54377.26,45737.94,171623.98,87989.93,33633.75,28290.11,107167.6,54943.78,270969551360.45,1092859817734.92,560298492687.01,167601734891.84,682417257896.24,349868624299.27,123427.78,268892.87,69365.09,184696.01,0.026517,0.02368,0.974594,0.974594,0.0,116.318,138.289,1.188887361,0.02,1.95049573,1.725010592,2.489266116,0.61853,0.62443,50.71,0.6311,0.38,0.379,0.6953,0.3035,0.58,moderate,World Bank API,2024,2024,False,False,Independent scenario projection; constant 2021 audit values and inflation-adjusted 2050-dollar values,16,26,61,55,53
56,CZE,Czechia,10699333,9825542,58863.13,49511.11,118717.66,60865.38,32511.55,27346.2,66204.2,33942.24,629796232412.57,1166465391996.48,598035347535.96,347851920028.05,650492106278.67,333500912686.26,89747.57,177074.53,45043.84,108622.29,0.008293,0.021484,0.921614,0.921614,-1e-08,116.318,138.289,1.188887361,0.02,1.95049573,1.725010592,2.489266116,0.55232,0.55766,53.38,0.7497,0.49,0.4936,0.3275,0.012,0.22,moderate,World Bank API,2024,2024,False,False,Independent scenario projection; constant 2021 audit values and inflation-adjusted 2050-dollar values,36,40,59,56,43
57,FIN,Finland,5606853,5351645,66624.75,56039.58,144148.31,73903.42,54369.48,45731.4,117121.64,60047.11,373555194101.08,771430556631.53,395504868125.9,304841711869.19,626793430810.62,321350834581.14,109388.21,214198.78,79990.91,191442.02,0.01113,0.022837,0.949515,0.949515,-1e-08,116.318,138.289,1.188887361,0.02,1.95049573,1.725010592,2.489266116,0.81606,0.81251,54.42,0.6986,0.56,0.5635,0.4131,0.0117,0.22,slow_growth,World Bank API,2024,2024,False,False,Independent scenario projection; constant 2021 audit values and inflation-adjusted 2050-dollar values,25,21,75,57,41
58,UZB,Uzbekistan,36871340,52210751,12909.47,10858.45,40682.09,20857.31,3441.71,2894.9,11975.04,6139.49,475989636460.73,2124042685349.69,1088975818939.81,126900391033.28,625226019156.84,320547238023.94,31226.11,59774.38,8272.45,19354.48,0.026454,0.031237,0.767664,0.767664,1e-08,116.318,138.289,1.188887361,0.02,1.95049573,1.725010592,2.489266116,0.2666,0.29436,49.77,0.6756,0.3,0.2955,0.4563,0.0135,0.22,fast_converger,World Bank API,2024,2024,False,False,Independent scenario projection; constant 2021 audit values and inflation-adjusted 2050-dollar values,123,137,40,58,59
59,GHA,Ghana,34939885,50553046,8321.98,6999.81,35425.9,18162.51,2500.62,2103.33,12367.45,6340.67,290769192534.38,1790887061716.84,918170203505.46,87371379753.95,625212433825.96,320540272958.26,26776.83,52848.15,8413.2,20294.67,0.038876,0.033634,0.747777,0.747777,-0.0,116.318,138.289,1.188887361,0.02,1.95049573,1.725010592,2.489266116,0.30048,0.34911,47.57,0.7067,0.31,0.3116,0.2487,0.0137,0.22,accelerator,World Bank API,2024,2024,False,False,Independent scenario projection; constant 2021 audit values and inflation-adjusted 2050-dollar values,128,134,47,59,70
60,NZL,New Zealand,5233789,5755279,57135.19,48057.7,123203.0,63164.97,50620.63,42578.15,108031.31,55386.59,299033517761.32,709067663360.36,363532025376.63,264937691241.85,621750317879.28,318765280122.99,94061.45,181982.93,74230.52,175530.13,0.010994,0.024038,0.926945,0.926945,-1e-08,116.318,138.289,1.188887361,0.02,1.95049573,1.725010592,2.489266116,0.88598,0.87686,54.48,0.7135,0.55,0.5537,0.4845,0.0117,0.22,slow_growth,World Bank API,2024,2024,False,False,Independent scenario projection; constant 2021 audit values and inflation-adjusted 2050-dollar values,33,25,79,60,40
61,PRT,Portugal,10399304,9770270,53638.28,45116.37,110972.64,56894.58,29957.02,25197.52,62723.21,32157.57,557800749685.31,1084232610204.15,555875408136.6,311532134378.9,612822694461.2,314188175298.33,83451.05,166386.91,42450.88,103448.51,0.009321,0.021437,0.911916,0.911916,1e-08,116.318,138.289,1.188887361,0.02,1.95049573,1.725010592,2.489266116,0.5585,0.56521,52.84,0.715,0.52,0.5192,0.2456,0.012,0.22,moderate,World Bank API,2024,2024,False,False,Independent scenario projection; constant 2021 audit values and inflation-adjusted 2050-dollar values,44,44,62,61,47
62,CIV,Cote d'Ivoire,32625921,55746985,7890.09,6636.53,27112.42,13900.27,2802.38,2357.15,10542.71,5405.14,257421371570.99,1511435519778.19,774898143185.95,91430244829.92,587724041649.46,301320342561.98,20154.6,41116.37,7053.43,17586.98,0.030014,0.027306,0.709331,0.709331,0.0,116.318,138.289,1.188887361,0.02,1.95049573,1.725010592,2.489266116,0.35518,0.38885,45.71,0.612,0.32,0.3155,0.0616,0.0149,0.22,accelerator,World Bank API,2024,2024,False,False,Independent scenario projection; constant 2021 audit values and inflation-adjusted 2050-dollar values,143,144,52,62,81
63,UKR,Ukraine,37615690,31990136,19132.33,16092.63,51977.53,26648.37,5535.17,4655.76,16069.52,8238.69,719675615307.29,1662768314652.11,852484980478.32,208209423493.7,514066140865.45,263556660419.0,39456.8,77211.07,10978.72,26257.87,0.02038,0.026625,0.802886,0.802886,2e-08,116.318,138.289,1.188887361,0.02,1.95049573,1.725010592,2.489266116,0.28931,0.30916,50.32,0.5181,0.31,0.3104,0.3901,0.015,0.22,conflict_recovery,World Bank API,2024,2024,False,False,Independent scenario projection; constant 2021 audit values and inflation-adjusted 2050-dollar values,109,124,49,63,55
64,QAT,Qatar,3085226,4164465,129244.9,108710.8,204773.55,104985.39,77197.63,64932.67,117868.96,60430.26,398749705514.22,852772302511.76,437207982166.35,238172131763.02,490861156745.18,251659693018.04,150410.56,314230.21,77919.55,198960.19,-0.001394,0.019985,0.99998,0.99998,-0.0,116.318,138.289,1.188887361,0.02,1.95049573,1.725010592,2.489266116,0.5973,0.57561,52.05,0.6413,0.41,0.4053,0.7346,0.2113,0.5,moderate,World Bank API,2024,2024,False,False,Independent scenario projection; constant 2021 audit values and inflation-adjusted 2050-dollar values,4,19,72,64,50
65,DOM,Dominican Rep.,11484236,12996292,28512.55,23982.55,80656.04,41351.56,11242.72,9456.51,33884.66,17372.33,327444916104.56,1048229463328.45,537416948415.52,129114059676.26,440374914121.04,225775892383.52,61860.1,118600.27,23389.41,54808.08,0.022031,0.03375,0.866047,0.866047,-1e-08,116.318,138.289,1.188887361,0.02,1.95049573,1.725010592,2.489266116,0.39431,0.42011,50.37,0.7521,0.39,0.3913,0.4441,0.0135,0.22,fast_converger,World Bank API,2024,2024,False,False,Independent scenario projection; constant 2021 audit values and inflation-adjusted 2050-dollar values,69,75,65,65,54
66,AGO,Angola,38880022,74295397,10070.66,8470.66,21497.17,11021.39,2750.06,2313.14,5726.87,2936.11,391547642717.97,1597141086965.34,818838545541.83,106922328800.69,425480039298.88,218139436384.14,14111.68,36832.57,3383.43,10793.46,0.010585,0.010747,0.675971,0.675971,1e-08,116.318,138.289,1.188887361,0.02,1.95049573,1.725010592,2.489266116,0.27308,0.2664,40.85,0.3487,0.26,0.256,0.0796,0.5042,0.82,accelerator,World Bank API,2024,2024,False,False,Independent scenario projection; constant 2021 audit values and inflation-adjusted 2050-dollar values,150,165,51,66,115
67,HUN,Hungary,9637719,8725349,49858.32,41936.96,99762.53,51147.27,23938.33,20135.07,48512.52,24871.89,480520459603.68,870462906699.54,446277781147.23,230710907499.59,423288653422.5,217015934372.71,75170.27,149285.96,32898.42,79854.25,0.007973,0.027156,0.896608,0.896608,-1e-08,116.318,138.289,1.188887361,0.02,1.95049573,1.725010592,2.489266116,0.48013,0.48628,50.02,0.75,0.35,0.3479,0.2763,0.0122,0.22,moderate,World Bank API,2024,2024,False,False,Independent scenario projection; constant 2021 audit values and inflation-adjusted 2050-dollar values,57,60,71,67,58
68,GRC,Greece,9997225,8812069,45058.24,37899.5,85361.61,43764.06,25120.83,21129.69,47720.84,24466.01,450457364658.87,752212416436.63,385651916440.14,251138551256.15,420519341836.36,215596135527.23,64199.11,127972.31,32301.08,78696.28,0.005772,0.020087,0.874198,0.874198,-1e-08,116.318,138.289,1.188887361,0.02,1.95049573,1.725010592,2.489266116,0.55752,0.55904,51.77,0.6326,0.52,0.5231,0.2773,0.0123,0.22,stagnant,World Bank API,2024,2024,False,False,Independent scenario projection; constant 2021 audit values and inflation-adjusted 2050-dollar values,65,62,76,68,51
69,ECU,Ecuador,18249238,21337230,16254.22,13671.79,43784.38,22447.82,7001.36,5889.0,19354.4,9922.81,296627186387.57,934237323880.22,478974298338.6,127769483270.97,412969378643.35,211725343566.33,31534.12,68502.14,12545.38,33308.68,0.020032,0.02561,0.778228,0.778228,2e-08,116.318,138.289,1.188887361,0.02,1.95049573,1.725010592,2.489266116,0.43074,0.44204,47.38,0.5773,0.38,0.379,0.3854,0.1617,0.58,moderate,World Bank API,2024,2024,False,False,Independent scenario projection; constant 2021 audit values and inflation-adjusted 2050-dollar values,120,112,69,69,71
70,OMN,Oman,5362055,7826998,42884.36,36071.0,105488.84,54083.09,20811.07,17504.66,51772.75,26543.38,229948310093.05,825660909425.74,423308237263.82,111590101201.66,405225231972.74,207754995644.05,76876.79,163134.21,33957.25,88070.91,0.016333,0.025922,0.904631,0.904631,-0.0,116.318,138.289,1.188887361,0.02,1.95049573,1.725010592,2.489266116,0.48528,0.49079,49.51,0.6668,0.36,0.3576,0.625,0.2079,0.55,moderate,World Bank API,2024,2024,False,False,Independent scenario projection; constant 2021 audit values and inflation-adjusted 2050-dollar values,48,57,73,70,61
71,UGA,Uganda,51055668,85431201,3377.46,2840.86,12429.85,6372.66,1110.61,934.16,4611.68,2364.36,172438374823.86,1061896682386.44,544423997364.66,56702973032.66,393981438756.87,201990413317.29,9220.06,18890.23,3078.72,7709.45,0.032844,0.030335,0.597222,0.597222,1e-08,116.318,138.289,1.188887361,0.02,1.95049573,1.725010592,2.489266116,0.32883,0.37102,44.0,0.6225,0.29,0.2881,0.0084,0.0145,0.22,frontier_jumper,World Bank API,2024,2024,False,False,Independent scenario projection; constant 2021 audit values and inflation-adjusted 2050-dollar values,169,168,64,71,92
72,CMR,Cameroon,29760304,51096324,5758.86,4843.91,20063.85,10286.54,1882.9,1583.75,7243.16,3713.5,171385390557.4,1025189100393.24,525604380678.96,56035538635.39,370099093325.48,189746169426.27,14956.02,30344.59,4859.29,12050.03,0.030583,0.0289,0.666052,0.666052,5e-08,116.318,138.289,1.188887361,0.02,1.95049573,1.725010592,2.489266116,0.32696,0.36101,44.45,0.62,0.31,0.3138,0.1017,0.015,0.22,accelerator,World Bank API,2024,2024,False,False,Independent scenario projection; constant 2021 audit values and inflation-adjusted 2050-dollar values,152,156,67,72,90
73,COD,Congo (DRC),112222639,218246071,1862.25,1566.38,4137.98,2121.5,707.7,595.26,1615.46,828.23,208986123010.93,903097154927.56,463009039626.5,79419585027.22,352566723043.76,180757495414.6,3051.82,6324.43,1072.28,2715.95,0.012208,0.021373,0.439113,0.439113,-1.5e-07,116.318,138.289,1.188887361,0.02,1.95049573,1.725010592,2.489266116,0.38002,0.3904,42.52,0.4295,0.25,0.253,0.0,0.0167,0.22,frontier_jumper,World Bank API,2024,2024,False,False,Independent scenario projection; constant 2021 audit values and inflation-adjusted 2050-dollar values,190,188,70,73,102
74,LKA,Sri Lanka,23167102,24813694,16151.56,13585.45,43266.31,22182.21,4675.77,3932.89,13435.68,6888.34,374184931832.59,1073596875009.04,550422571183.74,108324018877.98,333388973777.95,170925251761.4,32870.5,64219.61,9186.69,21936.65,0.019805,0.028691,0.776517,0.776517,-1e-08,116.318,138.289,1.188887361,0.02,1.95049573,1.725010592,2.489266116,0.28949,0.31053,48.02,0.6519,0.3,0.3023,0.3206,0.0139,0.22,accelerator,World Bank API,2024,2024,False,False,Independent scenario projection; constant 2021 audit values and inflation-adjusted 2050-dollar values,121,129,63,74,68
75,SDN,Sudan,51476241,85206382,2152.01,1810.1,7719.52,3957.72,1000.0,841.12,3850.27,1974.0,110777161902.97,657752025922.99,337223002169.04,51476055212.09,328067848154.2,168197162926.94,5727.18,11729.52,2570.9,6435.38,0.031786,0.015629,0.528747,0.528747,1e-07,116.318,138.289,1.188887361,0.02,1.95049573,1.725010592,2.489266116,0.46468,0.49877,40.26,0.2308,0.11,0.1134,0.014,0.0167,0.22,conflict_recovery,World Bank API,2024,2024,False,False,Independent scenario projection; constant 2021 audit values and inflation-adjusted 2050-dollar values,178,172,81,75,122
76,NPL,Nepal,29829001,34642021,5946.55,5001.78,30060.94,15411.95,1511.34,1271.22,9228.73,4731.48,177379563969.49,1041371807327.4,533901095550.95,45081838584.09,319701897029.04,163908021969.2,23043.76,44225.4,6367.01,14934.95,0.046043,0.034966,0.724171,0.724171,-3e-08,116.318,138.289,1.188887361,0.02,1.95049573,1.725010592,2.489266116,0.25415,0.307,45.35,0.7005,0.28,0.2781,0.3843,0.0138,0.22,accelerator,World Bank API,2024,2024,False,False,Independent scenario projection; constant 2021 audit values and inflation-adjusted 2050-dollar values,137,150,66,76,84
77,VEN,Venezuela,28504545,31094887,7342.17,6175.67,17438.54,8940.57,4268.85,3590.62,9630.68,4937.56,209285258479.3,542249543070.04,278006013865.59,121681556731.04,299465046246.19,153532787372.45,11344.18,30144.05,5638.49,18312.23,0.014909,0.005746,0.645893,0.645893,6e-08,116.318,138.289,1.188887361,0.02,1.95049573,1.725010592,2.489266116,0.58141,0.55226,41.81,0.1435,0.27,0.2684,0.3288,0.6702,0.95,conflict_recovery,World Bank API with HDI-model proxy,2024,2024,True,False,Independent scenario projection; constant 2021 audit values and inflation-adjusted 2050-dollar values,161,148,85,77,110
78,PAN,Panama,4554069,5630682,42627.66,35855.09,107825.18,55280.91,19715.37,16583.04,51957.79,26638.25,194129314078.2,607129294134.21,311269224880.62,89785139581.78,292557773895.24,149991496692.7,82373.02,159168.93,35723.82,84368.72,0.017469,0.02892,0.90778,0.90778,-1e-08,116.318,138.289,1.188887361,0.02,1.95049573,1.725010592,2.489266116,0.4625,0.48187,48.2,0.7163,0.35,0.3451,0.3952,0.013,0.22,fast_converger,World Bank API,2024,2024,False,False,Independent scenario projection; constant 2021 audit values and inflation-adjusted 2050-dollar values,45,56,83,78,65
79,JOR,Jordan,11708715,16367354,12347.0,10385.34,38444.56,19710.15,5257.28,4422.02,17734.16,9092.13,144567445868.77,629235778879.12,322603002443.1,61556017260.89,290261344198.68,148814139746.58,29240.69,56998.39,12139.64,28922.19,0.025961,0.036138,0.759532,0.759532,-1e-08,116.318,138.289,1.188887361,0.02,1.95049573,1.725010592,2.489266116,0.42579,0.46129,47.35,0.805,0.38,0.379,0.346,0.013,0.22,fast_converger,World Bank API,2024,2024,False,False,Independent scenario projection; constant 2021 audit values and inflation-adjusted 2050-dollar values,124,118,82,79,73
80,SEN,Senegal,18857910,30364953,5268.56,4431.51,23896.63,12251.57,1797.17,1511.64,9491.28,4866.09,99354045710.08,725620197894.76,372018347226.21,33890884913.77,288202245232.85,147758459934.65,17863.29,36041.05,6385.46,15746.28,0.041515,0.03361,0.691182,0.691182,3e-08,116.318,138.289,1.188887361,0.02,1.95049573,1.725010592,2.489266116,0.34111,0.39718,42.82,0.7002,0.32,0.3172,0.098,0.0138,0.22,accelerator,World Bank API,2024,2024,False,False,Independent scenario projection; constant 2021 audit values and inflation-adjusted 2050-dollar values,147,149,77,80,100
81,LBY,Libya,7445712,9260610,14492.07,12189.61,65072.42,33361.99,6645.97,5590.08,30558.69,15667.14,107903783665.14,602610294602.78,308952378213.9,49484003577.03,282992097636.1,145087268444.44,43627.11,109217.57,18438.97,56418.68,0.041095,0.011692,0.835185,0.835185,-1e-08,116.318,138.289,1.188887361,0.02,1.95049573,1.725010592,2.489266116,0.45859,0.46961,43.25,0.2936,0.39,0.3931,0.5092,0.6378,0.88,conflict_recovery,World Bank API,2024,2024,False,False,Independent scenario projection; constant 2021 audit values and inflation-adjusted 2050-dollar values,86,80,84,81,98
82,SVK,Slovakia,5483654,4936493,48948.61,41171.78,101597.5,52088.04,26591.33,22366.57,55926.4,28672.91,268417223988.8,501535345715.55,257132244843.72,145817658114.84,276080263399.91,141543638930.94,76747.66,151650.89,38022.57,91827.23,0.009452,0.023032,0.899228,0.899228,0.0,116.318,138.289,1.188887361,0.02,1.95049573,1.725010592,2.489266116,0.54325,0.55047,49.66,0.7926,0.51,0.5118,0.3026,0.0121,0.22,moderate,World Bank API,2024,2024,False,False,Independent scenario projection; constant 2021 audit values and inflation-adjusted 2050-dollar values,56,51,88,82,60
83,CRI,Costa Rica,5138357,5354149,32539.15,27369.41,82917.48,42510.98,19443.04,16353.98,50879.13,26085.23,167197756155.26,443952569315.33,227610121056.02,99905289930.6,272414433787.04,139664204100.22,63486.36,122130.99,35060.37,82435.09,0.017769,0.031281,0.870022,0.870022,-1e-08,116.318,138.289,1.188887361,0.02,1.95049573,1.725010592,2.489266116,0.59753,0.61361,48.16,0.7363,0.33,0.3302,0.4741,0.0126,0.22,fast_converger,World Bank API,2024,2024,False,False,Independent scenario projection; constant 2021 audit values and inflation-adjusted 2050-dollar values,66,58,97,83,67
84,KHM,Cambodia,17787198,21931455,8264.98,6951.86,32592.74,16709.98,2721.21,2288.87,12179.64,6244.38,147010748524.35,714806312509.41,366474174420.9,48402702024.65,267117237631.53,136948383669.06,25057.83,47811.52,8427.52,19653.45,0.035702,0.035515,0.735795,0.735795,-2e-08,116.318,138.289,1.188887361,0.02,1.95049573,1.725010592,2.489266116,0.32925,0.37369,45.02,0.7012,0.3,0.3023,0.4408,0.0139,0.22,frontier_jumper,World Bank API,2024,2024,False,False,Independent scenario projection; constant 2021 audit values and inflation-adjusted 2050-dollar values,131,135,78,84,86
85,MMR,Myanmar,54653171,58623233,6163.02,5183.85,16574.38,8497.52,1394.54,1172.98,4004.44,2053.04,336828532809.87,971643534156.89,498152094882.16,76216029617.11,234753422532.25,120355773598.25,12741.8,24315.18,2770.63,6462.12,0.019966,0.026114,0.638587,0.638587,-1e-08,116.318,138.289,1.188887361,0.02,1.95049573,1.725010592,2.489266116,0.22628,0.2416,45.59,0.3853,0.31,0.3076,0.4749,0.016,0.22,conflict_recovery,World Bank API,2024,2024,False,False,Independent scenario projection; constant 2021 audit values and inflation-adjusted 2050-dollar values,162,171,68,85,83
86,AZE,Azerbaijan,10369407,11224921,25726.53,21639.17,68865.0,35306.41,7462.94,6277.25,20500.87,10510.6,266768895942.17,773004206673.83,396311663043.61,77386304894.34,230120655103.43,117980599248.16,48295.26,110596.04,12939.6,36216.46,0.019775,0.023072,0.843328,0.843328,1e-08,116.318,138.289,1.188887361,0.02,1.95049573,1.725010592,2.489266116,0.29009,0.2977,44.42,0.6037,0.38,0.3805,0.5289,0.3451,0.7,fast_converger,World Bank API,2024,2024,False,False,Independent scenario projection; constant 2021 audit values and inflation-adjusted 2050-dollar values,79,109,74,86,91
87,TUN,Tunisia,12309404,13145140,15054.09,12662.34,50856.93,26073.85,4335.08,3646.33,16440.63,8428.95,185306907984.2,668521505570.92,342744408589.0,53362234302.6,216114399543.88,110799729615.25,38948.56,74890.06,11331.89,26630.86,0.029313,0.035208,0.799753,0.799753,-1e-08,116.318,138.289,1.188887361,0.02,1.95049573,1.725010592,2.489266116,0.28797,0.32327,47.31,0.7267,0.4,0.4038,0.4247,0.0137,0.22,fast_converger,World Bank API,2024,2024,False,False,Independent scenario projection; constant 2021 audit values and inflation-adjusted 2050-dollar values,110,120,80,87,74
88,BGR,Bulgaria,6699749,5402218,43195.54,36332.75,90852.84,46579.36,18110.93,15233.51,39000.71,19995.28,289399312721.0,490806862750.78,251631857020.48,121338687202.23,210690317829.87,108018856204.72,68051.25,136753.28,26291.33,64574.99,0.009987,0.02921,0.88316,0.88316,-1e-08,116.318,138.289,1.188887361,0.02,1.95049573,1.725010592,2.489266116,0.41928,0.42927,46.65,0.7841,0.37,0.3657,0.1564,0.0125,0.22,moderate,World Bank API,2024,2024,False,False,Independent scenario projection; constant 2021 audit values and inflation-adjusted 2050-dollar values,61,66,90,88,79
89,HND,Honduras,10958022,14846781,7730.34,6502.16,26562.07,13618.11,3519.66,2960.47,13109.7,6721.21,84709179998.67,394361168066.3,202185096803.91,38568548082.62,194636838514.97,99788395063.63,20264.18,39263.64,9001.24,21316.41,0.030012,0.030358,0.706383,0.706383,3e-08,116.318,138.289,1.188887361,0.02,1.95049573,1.725010592,2.489266116,0.45531,0.49355,43.61,0.6137,0.31,0.3147,0.3705,0.0148,0.22,accelerator,World Bank API,2024,2024,False,False,Independent scenario projection; constant 2021 audit values and inflation-adjusted 2050-dollar values,145,131,100,89,96
90,URY,Uruguay,3381399,3254355,37737.28,31741.68,85922.83,44051.79,25066.04,21083.61,57739.3,29602.37,127604807874.4,279623385929.43,143360163045.45,84758290102.77,187904174920.57,96336624578.08,65158.01,127765.64,39406.99,94442.99,0.013196,0.031164,0.87514,0.87514,-1e-08,116.318,138.289,1.188887361,0.02,1.95049573,1.725010592,2.489266116,0.66422,0.67199,47.3,0.8124,0.4,0.4015,0.3326,0.0124,0.22,moderate,World Bank API,2024,2024,False,False,Independent scenario projection; constant 2021 audit values and inflation-adjusted 2050-dollar values,64,47,114,90,75
91,BOL,Bolivia,12538402,16110163,13214.94,11115.38,32685.61,16757.59,4530.39,3810.61,11481.76,5886.59,165694205987.27,526570468554.6,269967506387.17,56803851004.16,184973079826.77,94833880917.52,23342.49,51564.61,7379.75,19924.91,0.016556,0.024705,0.736204,0.736204,-3e-08,116.318,138.289,1.188887361,0.02,1.95049573,1.725010592,2.489266116,0.34282,0.35128,42.1,0.5309,0.31,0.3112,0.3811,0.1634,0.62,moderate,World Bank API,2024,2024,False,False,Independent scenario projection; constant 2021 audit values and inflation-adjusted 2050-dollar values,130,140,86,91,107
92,HRV,Croatia,3848461,3234155,50677.02,42625.58,112899.84,57882.64,24596.56,20688.72,56228.8,28827.95,195028523574.99,365135589099.29,187201429569.2,94658903794.33,181852654507.89,93234069510.48,85126.71,168831.98,38156.97,92493.86,0.012314,0.022728,0.914391,0.914391,1e-08,116.318,138.289,1.188887361,0.02,1.95049573,1.725010592,2.489266116,0.48536,0.49804,48.2,0.7854,0.52,0.5242,0.2775,0.0121,0.22,moderate,World Bank API,2024,2024,False,False,Independent scenario projection; constant 2021 audit values and inflation-adjusted 2050-dollar values,42,49,105,92,65
93,PNG,Papua New Guinea,10717031,14906592,5042.12,4241.04,18570.03,9520.67,3005.22,2527.76,11736.03,6016.94,54036515875.86,276815803777.11,141920743256.64,32207072895.97,174944138488.28,89692141214.02,14127.82,27525.28,8035.74,19135.2,0.032875,0.031839,0.65493,0.65493,0.0,116.318,138.289,1.188887361,0.02,1.95049573,1.725010592,2.489266116,0.59602,0.63199,42.64,0.6319,0.23,0.2289,0.3422,0.0145,0.22,moderate,World Bank API,2024,2024,False,False,Independent scenario projection; constant 2021 audit values and inflation-adjusted 2050-dollar values,157,138,115,93,101
94,BEN,Benin,14757381,24433814,4548.54,3825.88,17758.8,9104.76,1521.35,1279.64,6705.64,3437.91,67124464607.43,433915106265.12,222464012354.64,22451080914.64,163844288134.11,84001356978.42,13189.71,26954.98,4482.34,11195.88,0.035289,0.024213,0.648509,0.648509,2e-08,116.318,138.289,1.188887361,0.02,1.95049573,1.725010592,2.489266116,0.33447,0.3776,38.53,0.5524,0.22,0.2241,0.0279,0.0146,0.22,frontier_jumper,World Bank API,2024,2024,False,False,Independent scenario projection; constant 2021 audit values and inflation-adjusted 2050-dollar values,159,160,98,94,131
95,PRY,Paraguay,6988225,8640471,19190.3,16141.39,52047.36,26684.17,6650.2,5593.64,18885.84,9682.59,134106143972.22,449713701719.0,230563797044.07,46473124791.2,163182593680.33,83662112732.21,38229.25,79869.33,12484.64,31879.42,0.020311,0.029984,0.803079,0.803079,1e-08,116.318,138.289,1.188887361,0.02,1.95049573,1.725010592,2.489266116,0.34654,0.36286,43.86,0.6714,0.37,0.3729,0.4086,0.069,0.5,moderate,World Bank API,2024,2024,False,False,Independent scenario projection; constant 2021 audit values and inflation-adjusted 2050-dollar values,108,114,95,95,94
96,SRB,Serbia,6685423,5532862,33746.39,28384.85,68194.71,34962.76,14058.6,11825.0,28863.95,14798.26,225608913788.17,377311942261.13,193444126219.12,93987669775.61,159700237473.0,81876742914.14,51220.24,102369.87,19511.43,47661.74,0.008372,0.027842,0.841922,0.841922,-1e-08,116.318,138.289,1.188887361,0.02,1.95049573,1.725010592,2.489266116,0.4166,0.42326,45.31,0.7369,0.33,0.328,0.2167,0.0126,0.22,fast_converger,World Bank API,2024,2024,False,False,Independent scenario projection; constant 2021 audit values and inflation-adjusted 2050-dollar values,81,87,104,96,85
97,GIN,Guinea,15018937,23404593,4678.12,3934.87,16260.66,8336.68,1734.32,1458.78,6591.03,3379.16,70260325451.17,380574099855.03,195116602371.24,26047638526.82,154260381741.53,79087782319.82,12050.32,24734.99,4395.98,11028.58,0.030487,0.023225,0.63584,0.63584,4e-08,116.318,138.289,1.188887361,0.02,1.95049573,1.725010592,2.489266116,0.37073,0.40534,38.34,0.5347,0.25,0.2538,0.0058,0.0151,0.22,frontier_jumper,World Bank API,2024,2024,False,False,Independent scenario projection; constant 2021 audit values and inflation-adjusted 2050-dollar values,163,161,103,97,133
98,RWA,Rwanda,14514116,22707905,3896.9,3277.77,19749.49,10125.37,1091.28,917.9,6777.25,3474.63,56560085615.78,448469564375.17,229925940049.85,15839027627.62,153897159444.03,78901561816.06,14733.91,29844.72,4550.49,11265.69,0.046148,0.029575,0.663782,0.663782,-6e-08,116.318,138.289,1.188887361,0.02,1.95049573,1.725010592,2.489266116,0.28004,0.34316,38.45,0.6099,0.17,0.1692,0.0671,0.0137,0.22,frontier_jumper,World Bank API,2024,2024,False,False,Independent scenario projection; constant 2021 audit values and inflation-adjusted 2050-dollar values,154,159,96,98,132
99,SLV,El Salvador,6350404,6663348,13660.0,11489.73,49482.96,25369.43,5669.89,4769.07,22604.74,11589.23,86746500810.74,329722215184.84,169045340651.64,36006067618.1,150623278366.32,77223075148.96,37960.73,72744.57,15607.05,36554.19,0.032191,0.030307,0.795816,0.795816,-2e-08,116.318,138.289,1.188887361,0.02,1.95049573,1.725010592,2.489266116,0.41507,0.45682,43.37,0.6415,0.32,0.3152,0.4139,0.0142,0.22,accelerator,World Bank API,2024,2024,False,False,Independent scenario projection; constant 2021 audit values and inflation-adjusted 2050-dollar values,112,103,106,99,97
100,ZMB,Zambia,21796102,38083384,4307.87,3623.44,12816.01,6570.64,1211.54,1019.05,3802.38,1949.44,93894702171.26,488076849890.64,250232206245.76,26406756165.9,144807328359.14,74241294714.1,8812.73,20983.55,2353.18,6848.16,0.024093,0.020576,0.60162,0.60162,-8e-08,116.318,138.289,1.188887361,0.02,1.95049573,1.725010592,2.489266116,0.28124,0.29669,37.37,0.5437,0.29,0.2938,0.0443,0.2667,0.7,accelerator,World Bank API,2024,2024,False,False,Independent scenario projection; constant 2021 audit values and inflation-adjusted 2050-dollar values,168,173,91,100,142
101,TKM,Turkmenistan,7567405,9639706,21362.5,17968.48,52597.32,26966.13,5998.79,5045.72,14847.38,7612.11,161658683334.07,507022714976.37,259945565157.78,45395309422.13,143124404161.01,73378476010.17,35892.83,86763.44,9118.78,26941.12,0.016371,0.016012,0.80459,0.80459,-2e-08,116.318,138.289,1.188887361,0.02,1.95049573,1.725010592,2.489266116,0.28081,0.28228,39.48,0.4568,0.3,0.2955,0.4543,0.4961,0.76,moderate,World Bank API,2024,2024,False,False,Independent scenario projection; constant 2021 audit values and inflation-adjusted 2050-dollar values,105,128,87,101,125
102,BHR,Bahrain,1624844,2139472,68704.67,57789.05,147388.04,75564.4,30368.93,25544.0,66043.87,33860.05,111634354284.23,315332583795.23,161667917996.8,49344772780.8,141299018455.74,72442618691.02,111547.05,219594.05,44985.33,108238.94,0.010785,0.021933,0.95271,0.95271,-1e-08,116.318,138.289,1.188887361,0.02,1.95049573,1.725010592,2.489266116,0.44202,0.4481,47.85,0.6395,0.38,0.375,0.6801,0.0713,0.35,moderate,World Bank API,2024,2024,False,False,Independent scenario projection; constant 2021 audit values and inflation-adjusted 2050-dollar values,24,42,109,102,69
103,LUX,Luxembourg,677251,791461,159552.55,134203.25,204802.05,105000.0,140847.69,118470.18,178494.28,91512.26,108057056010.83,162092836634.11,83103405000.0,95389179425.83,141271262155.53,72428388308.57,156696.12,301870.64,122911.0,289403.36,-0.009768,0.022253,1.0,1.0,0.0,116.318,138.289,1.188887361,0.02,1.95049573,1.725010592,2.489266116,0.88277,0.87155,46.93,0.6422,0.41,0.4092,0.5928,0.0117,0.22,slow_growth,World Bank API,2024,2024,False,False,Independent scenario projection; constant 2021 audit values and inflation-adjusted 2050-dollar values,1,5,136,103,77
104,SVN,Slovenia,2113246,1981554,58774.22,49436.32,118591.37,60800.63,35018.16,29454.57,71154.8,36480.37,124204378407.11,234995202044.48,120479731579.02,74001991503.92,140997074647.01,72287815066.47,89345.51,177485.48,48246.56,117140.38,0.008311,0.020907,0.921461,0.921461,-1e-08,116.318,138.289,1.188887361,0.02,1.95049573,1.725010592,2.489266116,0.59581,0.6,47.38,0.738,0.54,0.536,0.2671,0.012,0.22,moderate,World Bank API,2024,2024,False,False,Independent scenario projection; constant 2021 audit values and inflation-adjusted 2050-dollar values,37,37,124,104,71
105,MLI,Mali,25083015,46154082,3384.7,2846.94,8668.26,4444.13,1114.03,937.03,3007.57,1541.95,84898369146.65,400075425467.47,205114740438.66,27943161935.1,138811701837.04,71167395895.12,6399.95,13234.21,1998.5,5050.97,0.017973,0.019003,0.54541,0.54541,-3e-08,116.318,138.289,1.188887361,0.02,1.95049573,1.725010592,2.489266116,0.32914,0.34696,37.4,0.338,0.25,0.2493,0.0,0.0161,0.22,frontier_jumper,World Bank API,2024,2024,False,False,Independent scenario projection; constant 2021 audit values and inflation-adjusted 2050-dollar values,177,176,99,105,141
106,LTU,Lithuania,2833311,2258767,56968.27,47917.3,113676.9,58281.03,30278.19,25467.67,61011.55,31280.02,161408835808.09,256769630784.92,131643267290.01,85787521969.77,137810870538.3,70654279520.07,85691.41,170035.53,41392.31,100385.78,0.007863,0.022781,0.915377,0.915377,1e-08,116.318,138.289,1.188887361,0.02,1.95049573,1.725010592,2.489266116,0.53149,0.53671,47.1,0.7791,0.52,0.5211,0.2956,0.012,0.22,moderate,World Bank API,2024,2024,False,False,Independent scenario projection; constant 2021 audit values and inflation-adjusted 2050-dollar values,41,46,120,106,76
107,BLR,Belarus,8989089,7453542,33905.86,28518.99,67275.89,34491.69,8797.48,7399.76,17727.79,9088.86,304782795273.61,501443702107.17,257085260065.98,79081332111.32,132134829736.64,67744229160.46,50699.24,100658.04,12023.73,29176.71,0.007635,0.022296,0.839972,0.839972,2e-08,116.318,138.289,1.188887361,0.02,1.95049573,1.725010592,2.489266116,0.25947,0.26351,44.62,0.492,0.33,0.329,0.267,0.0141,0.22,conflict_recovery,World Bank API,2024,2024,False,False,Independent scenario projection; constant 2021 audit values and inflation-adjusted 2050-dollar values,83,119,89,107,87
108,MDG,Madagascar,32597083,53185473,1937.24,1629.46,7215.39,3699.26,564.53,474.84,2379.12,1219.75,63148339878.27,383753974473.13,196746892849.98,18402163707.49,126534474802.9,64872982201.83,5375.85,10917.89,1595.31,3959.93,0.033339,0.025719,0.519039,0.519039,-7e-08,116.318,138.289,1.188887361,0.02,1.95049573,1.725010592,2.489266116,0.29141,0.32973,37.81,0.5268,0.22,0.2187,0.0764,0.0151,0.22,frontier_jumper,World Bank API,2024,2024,False,False,Independent scenario projection; constant 2021 audit values and inflation-adjusted 2050-dollar values,179,180,102,108,138
109,MOZ,Mozambique,35449465,63530959,1751.44,1473.18,4821.37,2471.87,673.57,566.55,1971.07,1010.55,62087614425.64,306306379301.98,157040271623.33,23877536686.07,125223759881.66,64200991537.7,3561.89,7356.57,1310.55,3308.25,0.020918,0.025251,0.461085,0.461085,1.8e-07,116.318,138.289,1.188887361,0.02,1.95049573,1.725010592,2.489266116,0.38458,0.40882,37.83,0.4509,0.26,0.2621,0.0,0.0152,0.22,conflict_recovery,World Bank API,2024,2024,False,False,Independent scenario projection; constant 2021 audit values and inflation-adjusted 2050-dollar values,187,183,110,109,137
110,LAO,Laos,7838188,9757284,10133.62,8523.62,48943.09,25092.64,2198.52,1849.23,12829.64,6577.63,79429226251.04,477551601495.3,244836014789.76,17232439075.38,125182421016.6,64179797507.69,37589.13,71870.32,8868.04,20723.61,0.044136,0.035097,0.794239,0.794239,-0.0,116.318,138.289,1.188887361,0.02,1.95049573,1.725010592,2.489266116,0.21695,0.26213,41.72,0.717,0.29,0.29,0.42,0.0139,0.22,frontier_jumper,World Bank API,2024,2024,False,False,Independent scenario projection; constant 2021 audit values and inflation-adjusted 2050-dollar values,114,132,92,110,112
111,NER,Niger,27731718,52513881,2081.78,1751.03,6208.21,3182.89,743.33,625.23,2378.29,1219.33,57731223454.68,326017377364.37,167145906696.09,20613751016.32,124893401922.54,64031620257.38,4588.56,9468.36,1582.04,3989.94,0.024191,0.018457,0.497427,0.497427,1.7e-07,116.318,138.289,1.188887361,0.02,1.95049573,1.725010592,2.489266116,0.35706,0.38309,37.0,0.2997,0.25,0.2535,0.0,0.0164,0.22,frontier_jumper,World Bank API,2024,2024,False,False,Independent scenario projection; constant 2021 audit values and inflation-adjusted 2050-dollar values,180,181,108,111,144
112,NAM,Namibia,3076892,4512303,12097.93,10175.84,59469.43,30489.39,4655.79,3916.09,26835.22,13758.16,37224034415.52,268344064914.58,137577365965.17,14325363914.45,121088662524.41,62080967744.36,45239.62,88155.58,18372.7,43757.65,0.044872,0.034195,0.822242,0.822242,0.0,116.318,138.289,1.188887361,0.02,1.95049573,1.725010592,2.489266116,0.38484,0.45124,42.01,0.7533,0.29,0.287,0.3254,0.013,0.22,accelerator,World Bank API,2024,2024,False,False,Independent scenario projection; constant 2021 audit values and inflation-adjusted 2050-dollar values,99,91,117,112,108
113,BFA,Burkina Faso,23969156,37304387,2956.63,2486.89,8818.91,4521.37,1001.32,842.23,3216.93,1649.29,70867939915.58,328984139015.45,168666936250.19,24000775787.01,120005471126.44,61525626155.51,6518.61,13449.09,2140.05,5396.49,0.024199,0.019162,0.547887,0.547887,-1e-07,116.318,138.289,1.188887361,0.02,1.95049573,1.725010592,2.489266116,0.33867,0.36478,36.63,0.3441,0.23,0.2338,0.0,0.0157,0.22,frontier_jumper,World Bank API,2024,2024,False,False,Independent scenario projection; constant 2021 audit values and inflation-adjusted 2050-dollar values,176,175,107,113,146
114,ZWE,Zimbabwe,16919225,25866386,6030.69,5072.55,11270.41,5778.23,2537.31,2134.19,4562.63,2339.22,102034553831.77,291524851595.69,149461927576.78,42929318791.56,118018725342.29,60507041109.06,7597.77,18814.82,2768.24,8378.53,0.005224,0.016487,0.583146,0.583146,1.2e-07,116.318,138.289,1.188887361,0.02,1.95049573,1.725010592,2.489266116,0.42073,0.40483,36.5,0.3602,0.23,0.2305,0.1842,0.2811,0.82,moderate,World Bank API,2024,2024,False,False,Independent scenario projection; constant 2021 audit values and inflation-adjusted 2050-dollar values,173,169,111,114,147
115,HTI,Haiti,11873884,14710871,3249.9,2733.56,11739.51,6018.73,2113.03,1777.32,7916.36,4058.64,38588883693.56,172698375543.54,88540760613.83,25089892290.19,116456525480.43,59706116586.38,8955.29,17354.64,5434.98,12873.12,0.032074,0.025566,0.589008,0.589008,6e-08,116.318,138.289,1.188887361,0.02,1.95049573,1.725010592,2.489266116,0.65018,0.67433,41.19,0.3573,0.23,0.2331,0.3624,0.0161,0.22,conflict_recovery,World Bank API,2024,2024,False,False,Independent scenario projection; constant 2021 audit values and inflation-adjusted 2050-dollar values,171,152,131,115,114
116,TJK,Tajikistan,10749191,15574648,5576.86,4690.82,24895.25,12763.55,1403.04,1180.13,7410.82,3799.46,59946734348.03,387734752191.41,198787798480.4,15081554139.34,115420969529.32,59175197223.18,18870.6,37034.77,5055.66,12126.97,0.040852,0.030113,0.697067,0.697067,4e-08,116.318,138.289,1.188887361,0.02,1.95049573,1.725010592,2.489266116,0.25158,0.29768,40.84,0.6432,0.28,0.2848,0.2777,0.0141,0.22,frontier_jumper,World Bank API,2024,2024,False,False,Independent scenario projection; constant 2021 audit values and inflation-adjusted 2050-dollar values,146,155,101,116,116
117,BWA,Botswana,2551386,3437433,21285.68,17903.87,78996.81,40500.89,7899.66,6644.58,32909.17,16872.21,54307991421.25,271546251977.87,139219095815.37,20155081080.74,113123072122.39,57997087796.37,60602.02,116133.02,22721.5,53217.66,0.033191,0.03266,0.863059,0.863059,-2e-08,116.318,138.289,1.188887361,0.02,1.95049573,1.725010592,2.489266116,0.37113,0.41659,42.2,0.7292,0.3,0.3005,0.4556,0.0128,0.22,accelerator,World Bank API,2024,2024,False,False,Independent scenario projection; constant 2021 audit values and inflation-adjusted 2050-dollar values,71,76,116,117,106
118,PSE,Palestine,5587190,8451896,4893.84,4116.32,19787.04,10144.62,3106.45,2612.91,13168.14,6751.18,27342810899.47,167237987294.62,85741273199.52,17356348222.78,111295772160.25,57060249056.53,14743.36,29938.59,8830.45,21916.33,0.036738,0.025823,0.664055,0.664055,-3e-08,116.318,138.289,1.188887361,0.02,1.95049573,1.725010592,2.489266116,0.63477,0.66549,40.38,0.5637,0.3,0.3024,0.0772,0.0155,0.22,moderate,World Bank API,2024,2024,False,False,Independent scenario projection; constant 2021 audit values and inflation-adjusted 2050-dollar values,153,130,133,118,120
119,CYP,Cyprus,1363777,1508484,64409.22,54176.05,120032.24,61539.35,39535.16,33253.91,73604.22,37736.16,87839825797.77,181066712659.08,92831124845.4,53917144280.47,111030792416.54,56924396544.99,92001.78,176611.48,50774.26,119128.71,0.005111,0.022259,0.923197,0.923197,0.0,116.318,138.289,1.188887361,0.02,1.95049573,1.725010592,2.489266116,0.61381,0.6132,45.63,0.6635,0.36,0.362,0.5778,0.0123,0.22,moderate,World Bank API,2024,2024,False,False,Independent scenario projection; constant 2021 audit values and inflation-adjusted 2050-dollar values,35,35,129,119,82
120,MNG,Mongolia,3510290,4501492,19635.6,16515.95,64523.39,33080.51,6913.68,5815.25,23887.63,12246.95,68926656063.95,290451539718.0,148911651120.92,24269012500.03,107529981718.37,55129565290.76,45411.18,103263.42,15130.78,42052.82,0.028174,0.024153,0.833967,0.833967,1e-08,116.318,138.289,1.188887361,0.02,1.95049573,1.725010592,2.489266116,0.3521,0.37022,39.23,0.6462,0.3,0.2972,0.4648,0.2856,0.72,frontier_jumper,World Bank API,2024,2024,False,False,Independent scenario projection; constant 2021 audit values and inflation-adjusted 2050-dollar values,89,97,112,120,126
121,GAB,Gabon,2585809,4084539,21963.42,18473.93,64324.85,32978.72,8391.28,7058.09,25240.44,12940.53,56793228412.61,262737368926.14,134702868010.08,21698240319.78,103095578836.66,52856090495.3,44920.82,103734.44,15863.84,44774.82,0.023451,0.019591,0.833524,0.833524,0.0,116.318,138.289,1.188887361,0.02,1.95049573,1.725010592,2.489266116,0.38206,0.39239,38.89,0.5448,0.3,0.302,0.327,0.3011,0.65,frontier_jumper,World Bank API,2024,2024,False,False,Independent scenario projection; constant 2021 audit values and inflation-adjusted 2050-dollar values,90,95,119,121,127
122,SYR,Syria,25080760,37793375,5209.47,4381.8,12039.88,6172.73,1122.35,944.03,2702.79,1385.69,130657428352.51,455027832446.15,233288299663.75,28149278210.69,102147376574.74,52369956510.41,9005.93,18147.0,1819.54,4481.12,0.013802,0.020267,0.59264,0.59264,-1.1e-07,116.318,138.289,1.188887361,0.02,1.95049573,1.725010592,2.489266116,0.21544,0.22449,38.89,0.3365,0.24,0.2445,0.094,0.0167,0.22,conflict_recovery,World Bank API,2022,2022,False,False,Independent scenario projection; constant 2021 audit values and inflation-adjusted 2050-dollar values,170,179,93,122,127
123,KGZ,Kyrgyzstan,7267758,9642949,8478.28,7131.27,30062.21,15412.6,2597.61,2184.91,10375.42,5319.38,61618071669.0,289888362624.24,148622915757.4,18878801442.37,100049658355.85,51294476986.83,23019.11,44275.93,7150.16,16809.13,0.031308,0.032925,0.724177,0.724177,3e-08,116.318,138.289,1.188887361,0.02,1.95049573,1.725010592,2.489266116,0.30638,0.34513,42.35,0.6805,0.33,0.327,0.4207,0.0135,0.22,frontier_jumper,World Bank API,2024,2024,False,False,Independent scenario projection; constant 2021 audit values and inflation-adjusted 2050-dollar values,136,145,113,123,104
124,YEM,Yemen,41465149,70976407,1061.61,892.95,3311.4,1697.72,405.86,341.37,1362.38,698.48,44020020401.77,235030962653.64,120498065692.04,16828883408.64,96696972350.22,49575587807.33,2466.26,5012.41,913.21,2268.44,0.026034,0.022194,0.40708,0.40708,1.1e-07,116.318,138.289,1.188887361,0.02,1.95049573,1.725010592,2.489266116,0.3823,0.41142,37.62,0.3184,0.17,0.1684,0.0578,0.0167,0.22,conflict_recovery,World Bank API with HDI-model proxy,2024,2024,True,True,Independent scenario projection; constant 2021 audit values and inflation-adjusted 2050-dollar values,192,190,123,124,139
125,AFG,Afghanistan,43625235,76885136,2270.39,1909.68,5856.52,3002.58,423.25,356.0,1164.74,597.15,99046475013.35,450279295951.51,230853771650.88,18464195817.63,89551049360.57,45911943289.55,4325.82,8937.68,774.28,1955.27,0.018266,0.015292,0.489044,0.489044,3e-08,116.318,138.289,1.188887361,0.02,1.95049573,1.725010592,2.489266116,0.18642,0.19888,35.14,0.2137,0.18,0.1791,0.0,0.017,0.22,conflict_recovery,World Bank API,2024,2024,False,False,Independent scenario projection; constant 2021 audit values and inflation-adjusted 2050-dollar values,184,191,94,125,152
126,NIC,Nicaragua,6979181,8756437,8960.12,7536.56,28413.51,14567.33,2926.01,2461.13,10199.86,5229.37,62534322453.27,248801153768.57,127557907403.21,20421131886.75,89314448934.74,45790640575.5,21706.69,41942.97,7013.03,16562.32,0.026711,0.027435,0.716069,0.716069,-1e-08,116.318,138.289,1.188887361,0.02,1.95049573,1.725010592,2.489266116,0.32656,0.35898,40.34,0.5595,0.26,0.2585,0.3806,0.0144,0.22,accelerator,World Bank API,2024,2024,False,False,Independent scenario projection; constant 2021 audit values and inflation-adjusted 2050-dollar values,140,146,121,126,121
127,MRT,Mauritania,5290005,9415604,7591.14,6385.08,28189.46,14452.46,2164.91,1820.96,9060.25,4645.1,40157144346.89,265420806680.96,136078640185.84,11452394542.67,85307704746.13,43736422190.82,21164.74,42332.19,6122.22,14966.38,0.033216,0.028685,0.714931,0.714931,-4e-08,116.318,138.289,1.188887361,0.02,1.95049573,1.725010592,2.489266116,0.28519,0.32141,38.55,0.6369,0.25,0.2538,0.1743,0.0145,0.22,frontier_jumper,World Bank API,2024,2024,False,False,Independent scenario projection; constant 2021 audit values and inflation-adjusted 2050-dollar values,141,151,118,127,130
128,LVA,Latvia,1856651,1513807,44794.46,37677.63,101782.13,52182.7,24073.98,20249.17,56001.13,28711.23,83167663644.38,154078506243.96,78994536538.9,44696981222.0,84774899917.17,43463258389.1,76851.46,151996.12,38055.71,91992.08,0.013113,0.020994,0.899489,0.899489,0.0,116.318,138.289,1.188887361,0.02,1.95049573,1.725010592,2.489266116,0.53743,0.55021,43.67,0.694,0.35,0.3503,0.3127,0.0121,0.22,moderate,World Bank API,2024,2024,False,False,Independent scenario projection; constant 2021 audit values and inflation-adjusted 2050-dollar values,55,50,137,128,95
129,GEO,Georgia,3802040,3664012,28286.1,23792.08,64960.71,33304.72,9228.43,7762.24,22108.48,11334.8,107544902165.81,238016836218.61,122028893736.64,35086844742.8,81005738361.56,41530846286.44,48871.96,97356.16,14969.61,36447.21,0.013545,0.029077,0.834938,0.834938,1e-08,116.318,138.289,1.188887361,0.02,1.95049573,1.725010592,2.489266116,0.32625,0.34034,43.12,0.7465,0.36,0.3632,0.2123,0.013,0.22,fast_converger,World Bank API,2024,2024,False,False,Independent scenario projection; constant 2021 audit values and inflation-adjusted 2050-dollar values,87,106,122,129,99
130,LBN,Lebanon,5847853,6999262,12147.46,10217.5,30034.2,15398.24,4559.61,3835.19,11313.54,5800.34,71036540403.35,210217244388.98,107776316098.88,26663901480.4,79186420189.68,40598099732.06,20727.94,48999.45,7027.18,20303.28,0.016541,0.0193,0.724043,0.724043,4e-08,116.318,138.289,1.188887361,0.02,1.95049573,1.725010592,2.489266116,0.37535,0.37669,38.32,0.3952,0.29,0.2929,0.2834,0.1112,0.9,conflict_recovery,World Bank API,2024,2024,False,False,Independent scenario projection; constant 2021 audit values and inflation-adjusted 2050-dollar values,138,142,128,130,134
131,ISL,Iceland,394858,432997,85265.38,71718.64,176716.06,90600.59,87614.03,73694.14,179501.35,92028.58,33667686397.07,76517525549.35,39229783668.23,34595070432.11,77723544092.33,39848097527.72,134915.59,261029.49,123337.84,291658.03,0.009392,0.020392,0.978797,0.978797,0.0,116.318,138.289,1.188887361,0.02,1.95049573,1.725010592,2.489266116,1.02755,1.01576,44.59,0.5949,0.4,0.404,0.4782,0.0117,0.22,slow_growth,World Bank API,2024,2024,False,False,Independent scenario projection; constant 2021 audit values and inflation-adjusted 2050-dollar values,14,4,151,131,88
132,EST,Estonia,1352865,1174264,51466.76,43289.85,105224.99,53947.82,32096.26,26996.89,66052.34,33864.38,69627554335.68,123561920680.3,63348982904.48,43421889164.08,77562879580.85,39765726410.99,79224.63,157580.86,44758.14,108809.15,0.008843,0.021252,0.904271,0.904271,1e-08,116.318,138.289,1.188887361,0.02,1.95049573,1.725010592,2.489266116,0.62363,0.62772,44.49,0.7564,0.52,0.5226,0.2541,0.012,0.22,moderate,World Bank API,2024,2024,False,False,Independent scenario projection; constant 2021 audit values and inflation-adjusted 2050-dollar values,50,41,142,132,89
133,COG,Congo,6469038,11006470,7092.8,5965.91,19357.75,9924.53,2513.84,2114.45,6912.41,3543.92,45883578870.55,213060531967.81,109234041709.1,16262130201.67,76081192933.76,39006080222.59,12914.45,32646.9,4150.43,12823.57,0.020567,0.012727,0.660902,0.660902,-3e-08,116.318,138.289,1.188887361,0.02,1.95049573,1.725010592,2.489266116,0.35442,0.35709,34.78,0.3382,0.25,0.2501,0.1631,0.4561,0.78,frontier_jumper,World Bank API,2024,2024,False,False,Independent scenario projection; constant 2021 audit values and inflation-adjusted 2050-dollar values,155,157,127,133,154
134,TCD,Chad,20812468,38857686,2791.78,2348.23,5582.12,2861.9,989.46,832.25,1922.01,985.4,58103796376.56,216908411145.68,111206811563.4,20593037946.44,74684937729.1,38290233895.48,3699.17,9476.26,1146.31,3589.11,0.007944,0.008962,0.482146,0.482146,4e-08,116.318,138.289,1.188887361,0.02,1.95049573,1.725010592,2.489266116,0.35442,0.34432,29.32,0.2082,0.24,0.2432,0.0,0.3773,0.78,frontier_jumper,World Bank API,2024,2024,False,False,Independent scenario projection; constant 2021 audit values and inflation-adjusted 2050-dollar values,185,184,126,134,178
135,MWI,Malawi,22114344,37361675,1907.7,1604.61,6079.27,3116.78,535.67,450.57,1891.44,969.72,42187561764.85,227131563616.34,116448121406.5,11846013744.16,70667284871.65,36230422743.45,4496.1,9265.9,1258.98,3171.18,0.026913,0.025472,0.49441,0.49441,-2e-08,116.318,138.289,1.188887361,0.02,1.95049573,1.725010592,2.489266116,0.28079,0.31113,35.15,0.5397,0.24,0.238,0.0,0.0148,0.22,frontier_jumper,World Bank API,2024,2024,False,False,Independent scenario projection; constant 2021 audit values and inflation-adjusted 2050-dollar values,182,185,125,135,151
136,SOM,Somalia,19506545,37206509,1631.3,1372.13,4497.43,2305.79,640.14,538.43,1861.85,954.55,31821068888.42,167333801862.28,85790396387.11,12486885891.46,69272940303.92,35515555981.12,3322.02,6863.42,1237.73,3125.45,0.02098,0.016837,0.451087,0.451087,1.8e-07,116.318,138.289,1.188887361,0.02,1.95049573,1.725010592,2.489266116,0.39241,0.41398,34.41,0.2263,0.24,0.243,0.0,0.017,0.22,conflict_recovery,World Bank API,2024,2024,False,False,Independent scenario projection; constant 2021 audit values and inflation-adjusted 2050-dollar values,188,186,132,136,156
137,JAM,Jamaica,2823347,2454944,13372.04,11247.52,43801.74,22456.72,8031.95,6755.85,27616.1,14158.5,37753911969.96,107530810158.12,55129990023.68,22676973105.12,67795973440.12,34758329579.25,33470.72,64643.05,18992.34,44831.73,0.028044,0.035871,0.778285,0.778285,0.0,116.318,138.289,1.188887361,0.02,1.95049573,1.725010592,2.489266116,0.60065,0.63048,42.32,0.7878,0.42,0.4175,0.3819,0.0132,0.22,moderate,World Bank API,2024,2024,False,False,Independent scenario projection; constant 2021 audit values and inflation-adjusted 2050-dollar values,119,89,145,137,105
138,ARM,Armenia,2953839,2495200,23579.55,19833.29,65667.69,33667.18,8826.95,7424.55,26261.54,13464.04,69650185459.98,163854022195.37,84006347536.0,26073390797.29,65527803434.33,33595461098.98,49994.2,97267.83,17994.12,42788.83,0.021392,0.031642,0.836494,0.836494,1e-08,116.318,138.289,1.188887361,0.02,1.95049573,1.725010592,2.489266116,0.37435,0.39992,42.39,0.7374,0.39,0.3865,0.3674,0.0133,0.22,fast_converger,World Bank API,2024,2024,False,False,Independent scenario projection; constant 2021 audit values and inflation-adjusted 2050-dollar values,84,93,134,138,103
139,CUB,Cuba,10913569,9381995,8782.08,7386.8,18729.48,9602.42,3005.33,2527.85,6563.46,3365.02,95843819503.5,175719880314.86,90089856427.9,32798875164.17,61578336329.27,31570608112.37,14009.06,28231.31,4418.34,10882.55,0.010548,0.023109,0.656159,0.656159,5e-08,116.318,138.289,1.188887361,0.02,1.95049573,1.725010592,2.489266116,0.34221,0.35043,40.02,0.4753,0.28,0.2779,0.1121,0.0142,0.22,stagnant,World Bank API with HDI-model proxy,2024,2024,True,True,Independent scenario projection; constant 2021 audit values and inflation-adjusted 2050-dollar values,156,162,130,139,123
140,TGO,Togo,8572152,13960022,3910.16,3288.92,11611.5,5953.1,1297.72,1091.55,4177.65,2141.84,33518479629.72,162096741464.53,83105406968.2,11124290758.17,58320120236.84,29900152729.33,8642.78,17586.65,2798.59,6960.17,0.024018,0.024988,0.587432,0.587432,-3e-08,116.318,138.289,1.188887361,0.02,1.95049573,1.725010592,2.489266116,0.33189,0.35979,35.5,0.5384,0.25,0.246,0.0924,0.0146,0.22,frontier_jumper,World Bank API,2024,2024,False,False,Independent scenario projection; constant 2021 audit values and inflation-adjusted 2050-dollar values,172,170,135,140,150
141,ALB,Albania,2768220,2240170,27565.01,23185.55,59490.53,30500.21,11741.72,9876.23,25942.71,13300.57,76306030943.3,133268899204.04,68325655435.7,32503673547.01,58116078734.4,29795542655.47,45073.29,88539.37,17690.06,42471.4,0.011029,0.032329,0.822293,0.822293,1e-08,116.318,138.289,1.188887361,0.02,1.95049573,1.725010592,2.489266116,0.42596,0.43608,41.79,0.7903,0.39,0.3924,0.3462,0.0125,0.22,fast_converger,World Bank API,2024,2024,False,False,Independent scenario projection; constant 2021 audit values and inflation-adjusted 2050-dollar values,98,94,140,141,111
142,TTO,Trinidad & Tobago,1503475,1399799,37197.77,31287.88,80443.11,41242.39,19153.84,16110.73,40893.61,20965.75,55925912770.01,112604178784.79,57731056279.61,28797319386.09,57242830589.66,29347836910.14,56839.3,128243.25,26005.06,71712.32,0.011111,0.022443,0.865667,0.865667,-2e-08,116.318,138.289,1.188887361,0.02,1.95049573,1.725010592,2.489266116,0.51492,0.50835,39.58,0.6347,0.33,0.3319,0.3725,0.2436,0.62,moderate,World Bank API,2024,2024,False,False,Independent scenario projection; constant 2021 audit values and inflation-adjusted 2050-dollar values,70,64,143,142,124
143,BIH,Bosnia & Herzegovina,3133528,2455171,25852.99,21745.53,60110.38,30818.0,9661.36,8126.39,23307.73,11949.65,81011048449.62,147581255439.24,75663459878.0,30274141377.13,57224470205.18,29338423721.38,45292.0,89951.32,15805.73,38366.38,0.014045,0.028033,0.823783,0.823783,2e-08,116.318,138.289,1.188887361,0.02,1.95049573,1.725010592,2.489266116,0.3737,0.38775,40.58,0.7078,0.31,0.3088,0.2596,0.0129,0.22,fast_converger,World Bank API,2024,2024,False,False,Independent scenario projection; constant 2021 audit values and inflation-adjusted 2050-dollar values,96,99,139,143,117
144,GUY,Guyana,835058,940608,81998.22,68970.55,156956.7,80470.16,30313.62,25497.47,56524.81,28979.71,68473288838.43,147634730969.97,75690876257.28,25313640121.6,53167684809.68,27258549701.52,109965.85,252313.81,35641.79,99952.33,0.006187,0.021512,0.961752,0.961752,0.0,116.318,138.289,1.188887361,0.02,1.95049573,1.725010592,2.489266116,0.36969,0.36013,37.61,0.622,0.35,0.3469,0.4126,0.2992,0.68,fast_converger,World Bank API,2024,2024,False,False,Independent scenario projection; constant 2021 audit values and inflation-adjusted 2050-dollar values,21,48,138,144,140
145,GNQ,Equatorial Guinea,1929826,3143731,17195.56,14463.57,40919.1,20978.82,7054.09,5933.36,16200.68,8305.93,33184439851.99,128638639511.62,65951766777.42,13613172429.36,50930577976.69,26111607004.79,26590.06,70806.92,9474.78,30837.25,0.014986,0.007212,0.768499,0.768499,3e-08,116.318,138.289,1.188887361,0.02,1.95049573,1.725010592,2.489266116,0.41023,0.39592,32.95,0.251,0.29,0.2914,0.2824,0.6618,0.9,frontier_jumper,World Bank API,2024,2024,False,False,Independent scenario projection; constant 2021 audit values and inflation-adjusted 2050-dollar values,122,122,141,145,161
146,MLT,Malta,539462,535728,71610.08,60232.86,137843.52,70671.02,44995.8,37846.98,86707.51,44454.09,38630926098.05,73846634768.1,37860444202.56,24273527265.53,46451638302.63,23815298633.4,105379.88,203339.38,59658.25,140696.89,0.006413,0.022083,0.943086,0.943086,1e-08,116.318,138.289,1.188887361,0.02,1.95049573,1.725010592,2.489266116,0.62834,0.62903,42.0,0.6702,0.38,0.3777,0.5518,0.012,0.22,moderate,World Bank API,2024,2024,False,False,Independent scenario projection; constant 2021 audit values and inflation-adjusted 2050-dollar values,28,30,152,146,109
147,BHS,Bahamas,402143,424272,42682.38,35901.12,112677.0,57768.39,40817.83,34332.8,106515.17,54609.28,17164411134.5,47805695315.4,24509510362.08,16414595085.52,45191402632.49,23169188185.43,87631.05,163418.07,74554.98,169929.56,0.019209,0.03453,0.914107,0.914107,-1e-08,116.318,138.289,1.188887361,0.02,1.95049573,1.725010592,2.489266116,0.95632,0.94531,41.24,0.7459,0.33,0.3265,0.7806,0.0126,0.22,moderate,World Bank API,2024,2024,False,False,Independent scenario projection; constant 2021 audit values and inflation-adjusted 2050-dollar values,43,27,157,147,113
148,MDA,Moldova,3005345,2351806,19138.43,16097.77,45520.24,23337.78,7772.53,6537.65,19189.42,9838.23,57517577886.69,107054774134.31,54885931030.68,23359126699.89,45129788748.96,23137599352.62,34220.63,68271.35,12983.38,31658.36,0.014967,0.025548,0.783817,0.783817,0.0,116.318,138.289,1.188887361,0.02,1.95049573,1.725010592,2.489266116,0.40612,0.42156,38.89,0.6445,0.31,0.3123,0.1731,0.0134,0.22,moderate,World Bank API,2024,2024,False,False,Independent scenario projection; constant 2021 audit values and inflation-adjusted 2050-dollar values,117,113,146,148,127
149,MUS,Mauritius,1264437,1107198,32748.17,27545.23,94909.27,48659.05,12388.69,10420.41,38676.25,19828.93,41407991439.18,105083353117.5,53875202841.9,15664720906.28,42822268391.92,21954556333.82,73008.79,139148.66,26776.48,62374.56,0.023021,0.033172,0.889439,0.889439,1e-08,116.318,138.289,1.188887361,0.02,1.95049573,1.725010592,2.489266116,0.3783,0.40751,40.53,0.7413,0.33,0.3251,0.5659,0.0126,0.22,moderate,World Bank API,2024,2024,False,False,Independent scenario projection; constant 2021 audit values and inflation-adjusted 2050-dollar values,58,67,148,149,118
150,MKD,North Macedonia,1809974,1512685,27851.24,23426.31,72821.35,37334.79,9586.4,8063.33,26590.22,13632.54,50410026185.9,110155761541.11,56475776811.15,17351127568.79,40222621402.8,20621742860.51,55190.95,108345.6,18137.34,43517.82,0.018817,0.031699,0.851358,0.851358,1e-08,116.318,138.289,1.188887361,0.02,1.95049573,1.725010592,2.489266116,0.3442,0.36514,40.42,0.7657,0.4,0.3968,0.3406,0.0126,0.22,fast_converger,World Bank API,2024,2024,False,False,Independent scenario projection; constant 2021 audit values and inflation-adjusted 2050-dollar values,76,92,144,150,119
151,BRN,Brunei,464800,519557,91900.45,77299.54,204802.05,105000.0,33849.82,28471.85,75130.83,38518.84,42715324777.74,106406339570.88,54553485000.0,15733397575.71,39034746562.57,20012731099.18,146402.9,322783.81,48336.6,130253.17,0.012326,0.021004,1.0,1.0,0.0,116.318,138.289,1.188887361,0.02,1.95049573,1.725010592,2.489266116,0.36833,0.36685,37.33,0.6444,0.37,0.3721,0.5287,0.2959,0.58,moderate,World Bank API,2024,2024,False,False,Independent scenario projection; constant 2021 audit values and inflation-adjusted 2050-dollar values,1,33,147,151,143
152,FJI,Fiji,931452,1000265,15990.82,13450.24,64758.12,33200.85,6640.9,5585.81,30184.27,15475.18,14894680276.28,64775277071.4,33209648225.25,6185677600.88,30192271609.0,15479281055.81,49824.96,94924.72,20901.43,48669.68,0.036804,0.033484,0.834489,0.834489,-1e-08,116.318,138.289,1.188887361,0.02,1.95049573,1.725010592,2.489266116,0.41529,0.46611,38.2,0.7119,0.3,0.2964,0.4734,0.0133,0.22,frontier_jumper,World Bank API,2024,2024,False,False,Independent scenario projection; constant 2021 audit values and inflation-adjusted 2050-dollar values,88,82,153,152,135
153,LBR,Liberia,5713480,8910534,1919.88,1614.85,5900.27,3025.01,872.45,733.84,2853.58,1463.0,10969183426.93,52574548330.37,26954454455.34,4984751547.32,25426914446.86,13036129251.95,4369.68,8980.98,1902.0,4777.87,0.025425,0.024612,0.490114,0.490114,-1.2e-07,116.318,138.289,1.188887361,0.02,1.95049573,1.725010592,2.489266116,0.45443,0.48364,31.24,0.5146,0.23,0.2301,0.0183,0.0155,0.22,frontier_jumper,World Bank API,2024,2024,False,False,Independent scenario projection; constant 2021 audit values and inflation-adjusted 2050-dollar values,183,177,155,153,168
154,DJI,Djibouti,1180913,1530546,8030.7,6754.8,30705.58,15742.45,3647.69,3068.15,15206.55,7796.25,9483553314.28,46996304959.36,24094543877.7,4307603202.48,23274323095.91,11932516812.61,23441.79,45356.91,10448.32,24708.68,0.034424,0.02673,0.727221,0.727221,1e-08,116.318,138.289,1.188887361,0.02,1.95049573,1.725010592,2.489266116,0.45422,0.49524,32.14,0.5446,0.24,0.2421,0.3559,0.0148,0.22,frontier_jumper,World Bank API,2024,2024,False,False,Independent scenario projection; constant 2021 audit values and inflation-adjusted 2050-dollar values,134,126,158,154,164
155,MDV,Maldives,530066,589963,27019.44,22726.66,72472.13,37155.75,13786.86,11596.44,38370.61,19672.24,14322087315.82,42755876254.64,21920517737.25,7307945647.94,22637242732.97,11605891968.98,55684.51,106374.87,26534.12,61952.59,0.019858,0.030458,0.850667,0.850667,-0.0,116.318,138.289,1.188887361,0.02,1.95049573,1.725010592,2.489266116,0.51026,0.52945,36.84,0.6939,0.32,0.3175,0.5135,0.0135,0.22,accelerator,World Bank API,2024,2024,False,False,Independent scenario projection; constant 2021 audit values and inflation-adjusted 2050-dollar values,77,68,161,155,145
156,BRB,Barbados,281751,264225,25450.91,21407.33,73163.58,37510.25,27896.03,23463.98,79270.35,40641.13,7170825455.74,19331647578.45,9911145806.25,7859742137.48,20945208566.04,10738402673.54,57001.8,105924.56,55583.63,126242.38,0.022689,0.037135,0.852032,0.852032,-0.0,116.318,138.289,1.188887361,0.02,1.95049573,1.725010592,2.489266116,1.09607,1.08347,38.19,0.7504,0.3,0.3035,0.8726,0.0125,0.22,moderate,World Bank API,2024,2024,False,False,Independent scenario projection; constant 2021 audit values and inflation-adjusted 2050-dollar values,75,32,172,156,136
157,BDI,Burundi,14343187,24131721,1222.78,1028.51,4007.74,2054.73,221.62,186.41,835.52,428.36,17538528933.7,96713714007.05,49584171090.33,3178774326.84,20162465495.9,10337097990.87,2964.47,6107.66,556.22,1400.63,0.028068,0.02493,0.434516,0.434516,-1.1e-07,116.318,138.289,1.188887361,0.02,1.95049573,1.725010592,2.489266116,0.18125,0.20848,28.93,0.4828,0.19,0.1868,0.0,0.0154,0.22,frontier_jumper,World Bank API,2024,2024,False,False,Independent scenario projection; constant 2021 audit values and inflation-adjusted 2050-dollar values,191,192,149,157,179
158,CAF,Central African Rep.,5473833,10616753,1294.99,1089.25,4210.34,2158.6,528.43,444.47,1848.51,947.72,7088570060.77,44700140713.99,22917323025.8,2892511034.06,19625217530.49,10061656236.73,3114.42,6416.22,1230.62,3098.69,0.027737,0.02376,0.441605,0.441605,-4e-08,116.318,138.289,1.188887361,0.02,1.95049573,1.725010592,2.489266116,0.40805,0.43904,29.5,0.4383,0.27,0.2661,0.0,0.0145,0.22,frontier_jumper,World Bank API,2024,2024,False,False,Independent scenario projection; constant 2021 audit values and inflation-adjusted 2050-dollar values,189,187,159,158,176
159,SLE,Sierra Leone,8777473,12948331,3603.43,3030.92,6189.1,3173.09,824.04,693.12,1409.77,722.77,31628979755.95,80138495932.98,41086219612.79,7232950602.3,18254116026.84,9358705965.03,4573.94,9440.21,937.67,2365.34,0.001835,0.021547,0.496984,0.496984,-1.2e-07,116.318,138.289,1.188887361,0.02,1.95049573,1.725010592,2.489266116,0.22868,0.22778,29.38,0.4571,0.23,0.2324,0.0402,0.0159,0.22,frontier_jumper,World Bank API,2024,2024,False,False,Independent scenario projection; constant 2021 audit values and inflation-adjusted 2050-dollar values,181,189,150,159,177
160,SWZ,Eswatini,1252023,1505338,12110.75,10186.63,32869.4,16851.82,4004.72,3368.46,11581.69,5937.82,15162937218.28,49479561312.17,25367685015.16,5014005796.13,17434357533.42,8938423838.47,24698.51,49320.52,7832.37,19116.15,0.020339,0.024342,0.73701,0.73701,3e-08,116.318,138.289,1.188887361,0.02,1.95049573,1.725010592,2.489266116,0.33068,0.35235,32.02,0.5564,0.26,0.2614,0.2184,0.0142,0.22,moderate,World Bank API,2024,2024,False,False,Independent scenario projection; constant 2021 audit values and inflation-adjusted 2050-dollar values,129,139,156,160,166
161,BTN,Bhutan,794844,882345,18329.87,15417.67,68418.05,35077.26,4363.13,3669.93,18552.92,9511.9,14569382797.33,60368320677.95,30950244974.7,3468004050.34,16370074912.53,8392776593.87,52735.3,100112.05,12870.21,29862.12,0.033428,0.031948,0.842392,0.842392,-1e-08,116.318,138.289,1.188887361,0.02,1.95049573,1.725010592,2.489266116,0.23803,0.27117,34.4,0.7185,0.31,0.3121,0.4743,0.0133,0.22,accelerator,World Bank API,2024,2024,False,False,Independent scenario projection; constant 2021 audit values and inflation-adjusted 2050-dollar values,80,115,154,161,157
162,LSO,Lesotho,2359762,2993088,3164.03,2661.34,14110.78,7234.46,1054.1,886.63,5440.14,2789.11,7466368879.73,42234816290.77,21653375412.48,2487436968.32,16282830603.95,8348047293.91,10730.11,20925.56,3723.11,8874.2,0.040812,0.030363,0.615455,0.615455,2e-08,116.318,138.289,1.188887361,0.02,1.95049573,1.725010592,2.489266116,0.33315,0.38553,31.09,0.5939,0.19,0.191,0.3194,0.014,0.22,moderate,World Bank API,2024,2024,False,False,Independent scenario projection; constant 2021 audit values and inflation-adjusted 2050-dollar values,166,166,162,162,169
163,MNE,Montenegro,634076,533299,34928.8,29379.4,75890.86,38908.5,13607.55,11445.62,30371.73,15571.29,22147507742.54,40472521414.35,20749864141.5,8628217869.64,16197214492.24,8304152754.5,57073.36,113779.78,20556.82,50088.48,0.0113,0.025423,0.857293,0.857293,2e-08,116.318,138.289,1.188887361,0.02,1.95049573,1.725010592,2.489266116,0.38958,0.4002,35.87,0.7156,0.33,0.3319,0.2107,0.0126,0.22,fast_converger,World Bank API,2024,2024,False,False,Independent scenario projection; constant 2021 audit values and inflation-adjusted 2050-dollar values,73,81,165,163,148
164,SLB,Solomon Islands,834110,1309112,2767.01,2327.4,15849.34,8125.8,1996.99,1679.71,12081.04,6193.83,2307994215.56,20748558837.63,10637582289.6,1665708489.95,15815433513.3,8108417397.08,12017.04,23571.59,8243.91,19763.99,0.051283,0.032807,0.632157,0.632157,5e-08,116.318,138.289,1.188887361,0.02,1.95049573,1.725010592,2.489266116,0.72171,0.76224,32.07,0.6488,0.21,0.2122,0.2631,0.0142,0.22,frontier_jumper,World Bank API,2024,2024,False,False,Independent scenario projection; constant 2021 audit values and inflation-adjusted 2050-dollar values,164,136,171,164,165
165,BLZ,Belize,420525,516628,14842.85,12484.66,53315.69,27334.43,7935.46,6674.69,30570.02,15672.95,6241787380.25,27544377780.77,14121731902.04,3337057898.14,15793329639.11,8097084957.93,40823.75,78525.65,21066.68,49527.33,0.031842,0.033096,0.80654,0.80654,0.0,116.318,138.289,1.188887361,0.02,1.95049573,1.725010592,2.489266116,0.53463,0.57338,34.42,0.7375,0.29,0.2909,0.4142,0.013,0.22,moderate,World Bank API,2024,2024,False,False,Independent scenario projection; constant 2021 audit values and inflation-adjusted 2050-dollar values,104,79,170,165,155
166,CPV,Cape Verde,526408,566142,11572.03,9733.49,52139.03,26731.17,5349.24,4499.37,27039.86,13863.07,6091607523.65,29518096394.4,15133638046.14,2815882699.98,15308401496.12,7848467062.78,40120.9,76417.67,18726.42,43594.13,0.041238,0.034628,0.803332,0.803332,-2e-08,116.318,138.289,1.188887361,0.02,1.95049573,1.725010592,2.489266116,0.46226,0.51861,33.91,0.7561,0.27,0.2737,0.4482,0.0129,0.22,frontier_jumper,World Bank API,2024,2024,False,False,Independent scenario projection; constant 2021 audit values and inflation-adjusted 2050-dollar values,107,90,169,166,159
167,TLS,Timor-Leste,1416852,1889248,4567.05,3841.45,22036.66,11297.98,1373.43,1155.22,7804.64,4001.36,6470839401.93,41632719141.89,21344686119.04,1945941418.48,14744905830.07,7559568370.37,16747.37,32698.0,5338.22,12738.58,0.044095,0.031123,0.679534,0.679534,-2e-08,116.318,138.289,1.188887361,0.02,1.95049573,1.725010592,2.489266116,0.30072,0.35417,32.6,0.6377,0.25,0.2451,0.3055,0.0144,0.22,moderate,World Bank API,2024,2024,False,False,Independent scenario projection; constant 2021 audit values and inflation-adjusted 2050-dollar values,149,153,163,167,163
168,SUR,Suriname,638002,733907,22277.5,18738.11,55981.26,28701.04,7103.79,5975.16,18179.46,9320.43,14213085937.58,41085035631.05,21063894163.28,4532230931.94,13342030660.42,6840328052.24,39384.03,89626.61,11510.68,32016.06,0.017201,0.020397,0.813553,0.813553,1e-08,116.318,138.289,1.188887361,0.02,1.95049573,1.725010592,2.489266116,0.31888,0.32474,30.36,0.5168,0.31,0.3061,0.3709,0.2613,0.68,moderate,World Bank API,2024,2024,False,False,Independent scenario projection; constant 2021 audit values and inflation-adjusted 2050-dollar values,102,117,164,168,171
169,GMB,Gambia,2807517,4301899,3561.93,2996.02,10121.55,5189.22,891.68,750.02,2756.94,1413.46,10000173352.11,43541892078.84,22323500328.78,2503420011.79,11860080831.18,6080546932.94,7484.5,15429.5,1834.79,4623.01,0.022215,0.023348,0.567691,0.567691,4e-08,116.318,138.289,1.188887361,0.02,1.95049573,1.725010592,2.489266116,0.25034,0.27238,27.68,0.52,0.25,0.2463,0.0004,0.0148,0.22,frontier_jumper,World Bank API,2024,2024,False,False,Independent scenario projection; constant 2021 audit values and inflation-adjusted 2050-dollar values,174,178,160,169,183
170,GNB,Guinea-Bissau,2239447,3438608,3164.35,2661.6,9601.06,4922.37,1021.25,859.0,3368.45,1726.97,7086382297.83,33014287461.6,16926100860.96,2287038615.09,11582789072.07,5938382172.06,7112.9,14609.12,2245.95,5638.04,0.024899,0.022913,0.560102,0.560102,3e-08,116.318,138.289,1.188887361,0.02,1.95049573,1.725010592,2.489266116,0.32274,0.35084,27.56,0.4889,0.24,0.2372,0.0236,0.0152,0.22,frontier_jumper,World Bank API,2024,2024,False,False,Independent scenario projection; constant 2021 audit values and inflation-adjusted 2050-dollar values,175,174,166,170,184
171,ERI,Eritrea,3601058,5696064,2106.84,1772.11,5251.24,2692.26,776.46,653.1,2018.79,1035.01,7586856544.62,29911408433.13,15335285264.64,2796088222.21,11499143286.06,5895497799.27,3893.99,7983.02,1347.3,3375.89,0.016869,0.017969,0.473362,0.473362,2.6e-07,116.318,138.289,1.188887361,0.02,1.95049573,1.725010592,2.489266116,0.36854,0.38444,27.53,0.2698,0.22,0.2248,0.0522,0.0165,0.22,conflict_recovery,World Bank API with HDI-model proxy,2024,2024,True,True,Independent scenario projection; constant 2021 audit values and inflation-adjusted 2050-dollar values,186,182,167,171,185
172,SSD,South Sudan,12142117,18341975,704.19,592.31,1610.19,825.53,259.53,218.29,578.57,296.63,8550410419.88,29534114988.06,15141850621.75,3151199937.62,10612120739.99,5440730053.7,1031.5,2825.37,333.57,1116.72,0.013368,0.002963,0.303435,0.303434,-5.7e-07,116.318,138.289,1.188887361,0.02,1.95049573,1.725010592,2.489266116,0.36854,0.35932,20.48,0.0476,0.24,0.2382,0.0,0.582,0.9,conflict_recovery,World Bank API with HDI-model proxy,2024,2024,True,True,Independent scenario projection; constant 2021 audit values and inflation-adjusted 2050-dollar values,193,193,168,172,192
173,LIE,Liechtenstein,40011,43024,173843.56,146223.74,204763.59,104980.28,224949.31,189209.94,235478.13,120727.32,6955659479.94,8809748606.5,4516671566.72,9000453022.32,10131210897.48,5194172301.73,157660.34,299933.09,163178.46,359919.71,-0.013167,0.02172,0.999973,0.999973,-0.0,116.318,138.289,1.188887361,0.02,1.95049573,1.725010592,2.489266116,1.25,1.15,35.7,0.6849,0.41,0.4056,0.6552,0.0118,0.22,moderate,World Bank API with HDI-model proxy,2024,2024,True,False,Independent scenario projection; constant 2021 audit values and inflation-adjusted 2050-dollar values,5,1,178,173,149
174,LCA,Saint Lucia,179450,172086,29132.54,24504.04,101858.63,52221.92,15017.27,12631.37,55848.33,28632.89,5227833982.75,17528444545.19,8986661325.12,2694848883.81,9610716143.41,4927319754.48,79338.15,147505.37,39150.47,88963.71,0.030729,0.036127,0.899597,0.899597,0.0,116.318,138.289,1.188887361,0.02,1.95049573,1.725010592,2.489266116,0.51548,0.54829,34.04,0.7518,0.31,0.3109,0.7769,0.0128,0.22,moderate,World Bank API,2024,2024,False,False,Independent scenario projection; constant 2021 audit values and inflation-adjusted 2050-dollar values,54,52,174,174,158
175,AND,Andorra,81965,82213,77077.87,64831.94,171548.77,87951.37,50459.23,42442.4,112969.08,57918.14,6317680903.22,14103539165.12,7230745981.81,4135885990.57,9287526654.17,4761623678.24,132780.77,249980.43,78695.45,181080.07,0.012274,0.022323,0.974531,0.974531,-1e-08,116.318,138.289,1.188887361,0.02,1.95049573,1.725010592,2.489266116,0.65465,0.65852,35.05,0.6868,0.39,0.3865,0.6913,0.012,0.22,moderate,World Bank API,2024,2024,False,False,Independent scenario projection; constant 2021 audit values and inflation-adjusted 2050-dollar values,17,24,175,175,153
176,COM,Comoros,880451,1307561,4151.04,3491.53,13939.94,7146.87,1905.18,1602.49,6893.19,3534.07,3654781312.78,18227321128.89,9344968484.07,1677418531.31,9013264687.76,4621012262.31,10421.21,21022.74,4637.88,11435.14,0.029068,0.025465,0.613704,0.613704,-2e-08,116.318,138.289,1.188887361,0.02,1.95049573,1.725010592,2.489266116,0.45897,0.49449,28.14,0.5488,0.27,0.2704,0.1294,0.0146,0.22,frontier_jumper,World Bank API,2024,2024,False,False,Independent scenario projection; constant 2021 audit values and inflation-adjusted 2050-dollar values,167,158,173,176,180
177,VUT,Vanuatu,334006,534391,4509.85,3793.34,17511.24,8977.84,4088.64,3439.05,15692.19,8045.23,1506319159.37,9357848300.39,4797676895.44,1365631314.16,8385766767.07,4299300242.69,13282.39,26032.95,10712.37,25661.55,0.035061,0.032517,0.646491,0.646491,6e-08,116.318,138.289,1.188887361,0.02,1.95049573,1.725010592,2.489266116,0.9066,0.89612,29.95,0.6628,0.22,0.2177,0.3094,0.014,0.22,frontier_jumper,World Bank API,2024,2024,False,False,Independent scenario projection; constant 2021 audit values and inflation-adjusted 2050-dollar values,160,125,177,177,174
178,SYC,Seychelles,130854,141756,34318.08,28865.71,92745.6,47549.76,18903.57,15900.22,52736.89,27037.69,4490664826.34,13147245820.99,6740463778.56,2473610901.07,7475771235.64,3832754473.2,70820.94,136970.05,36243.11,85672.12,0.020166,0.029352,0.886124,0.886124,-1e-08,116.318,138.289,1.188887361,0.02,1.95049573,1.725010592,2.489266116,0.55083,0.56862,33.39,0.7347,0.32,0.3242,0.434,0.0126,0.22,moderate,World Bank API,2024,2024,False,False,Independent scenario projection; constant 2021 audit values and inflation-adjusted 2050-dollar values,60,55,176,178,160
179,ATG,Antigua & Barbuda,93831,95062,34436.38,28965.22,87759.88,44993.63,23809.88,20027.03,61366.5,31462.0,3231197339.64,8342630017.72,4277184455.06,2234102490.11,5833621984.68,2990840684.12,68159.8,127451.58,42894.95,98033.21,0.017773,0.032526,0.878181,0.878181,-0.0,116.318,138.289,1.188887361,0.02,1.95049573,1.725010592,2.489266116,0.69142,0.69925,32.75,0.7266,0.32,0.3216,0.7525,0.0126,0.22,moderate,World Bank API,2024,2024,False,False,Independent scenario projection; constant 2021 audit values and inflation-adjusted 2050-dollar values,62,45,180,179,162
180,WSM,Samoa,219916,272728,9038.75,7602.69,31188.89,15990.24,5570.44,4685.43,20132.03,10321.49,1987766571.79,8506084914.12,4360986174.72,1225030366.92,5490568688.77,2814960629.34,23758.88,46170.26,13802.45,32782.54,0.030186,0.032926,0.729466,0.729466,4e-08,116.318,138.289,1.188887361,0.02,1.95049573,1.725010592,2.489266116,0.61628,0.64549,29.53,0.7145,0.25,0.2484,0.3712,0.0133,0.22,frontier_jumper,World Bank API,2024,2024,False,False,Independent scenario projection; constant 2021 audit values and inflation-adjusted 2050-dollar values,133,110,179,180,175
181,STP,Sao Tome & Principe,239553,365120,6422.82,5402.38,21159.04,10848.03,3585.5,3015.84,12464.21,6390.28,1538602077.05,7725587296.7,3960832713.6,858915593.67,4550932252.7,2333218259.22,15721.86,32102.42,8335.18,20801.72,0.028278,0.023663,0.673692,0.673692,-6e-08,116.318,138.289,1.188887361,0.02,1.95049573,1.725010592,2.489266116,0.55824,0.58907,24.41,0.5599,0.23,0.2301,0.0588,0.014,0.22,frontier_jumper,World Bank API,2024,2024,False,False,Independent scenario projection; constant 2021 audit values and inflation-adjusted 2050-dollar values,151,133,181,181,189
182,SMR,San Marino,33610,33719,82337.97,69256.33,172036.38,88201.36,62551.23,52613.25,130213.99,66759.43,2767407106.41,5800894565.56,2974061657.84,2102368108.49,4390685459.54,2251061302.58,133113.15,250774.88,90677.77,208792.1,0.009719,0.022136,0.974939,0.974939,0.0,116.318,138.289,1.188887361,0.02,1.95049573,1.725010592,2.489266116,0.75969,0.7569,31.82,0.6844,0.38,0.3836,0.6906,0.012,0.22,moderate,World Bank API,2023,2023,False,False,Independent scenario projection; constant 2021 audit values and inflation-adjusted 2050-dollar values,15,13,184,182,167
183,GRD,Grenada,117063,113255,20583.94,17313.62,58208.78,29843.07,11923.25,10028.92,34868.91,17876.95,2409619086.68,6592435448.78,3379876892.85,1395772126.43,3949077837.44,2024653412.92,44947.72,85020.62,24232.6,56023.05,0.022017,0.034204,0.819162,0.819162,1e-08,116.318,138.289,1.188887361,0.02,1.95049573,1.725010592,2.489266116,0.57925,0.59903,30.12,0.7454,0.3,0.296,0.607,0.0128,0.22,moderate,World Bank API,2024,2024,False,False,Independent scenario projection; constant 2021 audit values and inflation-adjusted 2050-dollar values,100,74,182,183,172
184,KIR,Kiribati,136112,182635,3858.26,3245.27,29029.29,14883.03,2640.09,2220.64,21603.58,11075.94,525157130.42,5301763734.52,2718162184.05,359348993.7,3945569865.77,2022854910.31,22255.11,42703.49,14906.02,34957.9,0.062815,0.034931,0.719151,0.719151,2e-08,116.318,138.289,1.188887361,0.02,1.95049573,1.725010592,2.489266116,0.68427,0.7442,27.76,0.6882,0.24,0.2371,0.3978,0.0138,0.22,frontier_jumper,World Bank API,2024,2024,False,False,Independent scenario projection; constant 2021 audit values and inflation-adjusted 2050-dollar values,139,107,185,184,182
185,VCT,St. Vincent & Grenadines,100154,88949,22040.81,18539.03,67794.08,34757.36,11899.58,10009.0,38349.0,19661.16,2207466396.28,6030215824.72,3091632414.64,1191785344.98,3411105338.43,1748840197.53,52504.2,98732.06,26729.99,61434.62,0.025459,0.034636,0.841075,0.841075,-0.0,116.318,138.289,1.188887361,0.02,1.95049573,1.725010592,2.489266116,0.53989,0.56567,30.06,0.7354,0.3,0.3033,0.67,0.0129,0.22,moderate,World Bank API,2024,2024,False,False,Independent scenario projection; constant 2021 audit values and inflation-adjusted 2050-dollar values,82,69,183,185,173
186,KNA,Saint Kitts & Nevis,46765,44274,36099.69,30364.26,105339.97,54006.77,24786.28,20848.3,73705.13,37787.9,1688184352.14,4663822022.05,2391095734.98,1159118441.26,3263221014.99,1673021357.67,81926.08,152774.84,51590.44,117584.22,0.023301,0.034458,0.904428,0.904428,0.0,116.318,138.289,1.188887361,0.02,1.95049573,1.725010592,2.489266116,0.68661,0.69969,30.52,0.742,0.32,0.3241,0.7693,0.0126,0.22,moderate,World Bank API,2024,2024,False,False,Independent scenario projection; constant 2021 audit values and inflation-adjusted 2050-dollar values,49,34,186,186,170
187,FSM,Micronesia,113654,126420,4601.14,3870.12,23516.99,12056.93,4393.81,3695.73,22197.85,11380.62,522937708.46,2973017937.33,1524237090.6,499373208.97,2806251794.52,1438737727.43,17892.57,34855.62,15200.02,36190.51,0.046503,0.033426,0.68888,0.68888,-5e-08,116.318,138.289,1.188887361,0.02,1.95049573,1.725010592,2.489266116,0.95494,0.94391,25.53,0.6825,0.23,0.2311,0.321,0.0138,0.22,frontier_jumper,World Bank API,2024,2024,False,False,Independent scenario projection; constant 2021 audit values and inflation-adjusted 2050-dollar values,148,105,189,187,187
188,TON,Tonga,104231,105205,8437.08,7096.62,30285.11,15526.88,6415.16,5395.94,23458.66,12027.02,879403597.71,3186145328.57,1633505410.4,668657117.9,2467968158.93,1265303030.64,23033.2,44903.9,16057.24,38260.51,0.031814,0.032141,0.725239,0.725239,-4e-08,116.318,138.289,1.188887361,0.02,1.95049573,1.725010592,2.489266116,0.76035,0.77459,26.68,0.7076,0.26,0.2558,0.3593,0.0133,0.22,frontier_jumper,World Bank API,2024,2024,False,False,Independent scenario projection; constant 2021 audit values and inflation-adjusted 2050-dollar values,135,98,188,188,186
189,DMA,Dominica,66107,63212,22102.1,18590.58,68967.6,35359.01,10781.11,9068.23,35600.31,18251.93,1461113764.03,4359579807.06,2235113740.12,712711762.63,2250366890.87,1153740998.15,53493.34,100291.93,24851.4,56946.54,0.026049,0.036119,0.843542,0.843542,1e-08,116.318,138.289,1.188887361,0.02,1.95049573,1.725010592,2.489266116,0.48779,0.51619,27.94,0.7624,0.3,0.3003,0.6936,0.0126,0.22,moderate,World Bank API,2024,2024,False,False,Independent scenario projection; constant 2021 audit values and inflation-adjusted 2050-dollar values,78,73,187,189,181
190,NRU,Nauru,12096,15779,14043.98,11812.71,86716.08,44458.48,14493.94,12191.18,88460.6,45352.88,169874928.95,1368292954.05,701510355.92,175317689.97,1395819846.75,715623123.39,66660.8,127222.04,61201.68,142759.6,0.054446,0.031732,0.876461,0.876461,1e-08,116.318,138.289,1.188887361,0.02,1.95049573,1.725010592,2.489266116,1.03204,1.02012,24.55,0.6846,0.3,0.2954,0.4331,0.0138,0.22,frontier_jumper,World Bank API,2024,2024,False,False,Independent scenario projection; constant 2021 audit values and inflation-adjusted 2050-dollar values,63,29,190,190,188
191,PLW,Palau,17630,15537,21716.77,18266.47,62141.49,31859.33,18736.46,15759.66,53278.03,27315.12,382859513.65,965492285.67,494998410.21,330317649.31,827780722.58,424395044.64,47859.03,91000.13,36929.46,85822.51,0.0225,0.031228,0.82856,0.82856,1e-08,116.318,138.289,1.188887361,0.02,1.95049573,1.725010592,2.489266116,0.86276,0.85737,23.83,0.6799,0.29,0.2931,0.552,0.0136,0.22,frontier_jumper,World Bank API,2024,2024,False,False,Independent scenario projection; constant 2021 audit values and inflation-adjusted 2050-dollar values,91,53,191,191,190
192,MHL,Marshall Islands,37000,25212,8499.61,7149.22,31955.36,16383.2,7831.37,6587.14,29102.88,14920.76,314484852.31,805658577.93,413053238.4,289759816.19,733741846.24,376182236.55,24332.56,47324.49,19944.47,47410.1,0.033726,0.031762,0.732956,0.732956,-3e-08,116.318,138.289,1.188887361,0.02,1.95049573,1.725010592,2.489266116,0.92138,0.91074,21.58,0.6727,0.25,0.2531,0.3761,0.0138,0.22,frontier_jumper,World Bank API,2024,2024,False,False,Independent scenario projection; constant 2021 audit values and inflation-adjusted 2050-dollar values,132,86,192,192,191
193,TUV,Tuvalu,9674,9802,6579.5,5534.16,35839.36,18374.49,6081.04,5114.9,32741.56,16786.28,63650573.79,351297448.8,180106750.98,58828474.82,320932787.98,164539087.67,27467.29,52738.0,22583.82,52997.5,0.049172,0.033575,0.749445,0.749445,3e-08,116.318,138.289,1.188887361,0.02,1.95049573,1.725010592,2.489266116,0.92424,0.91356,17.7,0.6868,0.25,0.2489,0.4176,0.0138,0.22,frontier_jumper,World Bank API,2024,2024,False,False,Independent scenario projection; constant 2021 audit values and inflation-adjusted 2050-dollar values,127,77,193,193,193
