ISO3,Country,Group,Share_2024_pct,Share_2050_pct,Change_pp,Share_2050_WithoutMigrationResponse_pct,Migration_Attributed_Change_pp,Share_2050_WithoutSSASourcePoolTransition_pct,SSA_SourcePoolTransition_Attributed_Change_pp,Share_2050_LowMigrationScenario_pct,Share_2050_HighMigrationScenario_pct,Share_2050_Migration_P10_pct,Share_2050_Migration_P90_pct,Migration_Uncertainty_Width_pp,Pop_2024,Pop_2050,Birth_Replacement_Pressure_2050,Europe_Migration_Response_2050,Migration_Origin_Candidates,Migration_Channel_Active,Migration_SourceSupply_2050,Migration_BroadLaborMobility_2050,Migration_SkillReadiness_2050,Migration_ClimatePressure_2050,Migration_DestinationPull_2050,Migration_DiasporaNetwork_2050,Migration_CorridorAffinity_2050,Migration_SettlementRetention_2050,Migration_CorridorMultiplier_2050,BroadLabor_Migration_SourcePressure_2050,BroadLabor_Migration_ProgramIntensity_2050,SSA_LateMigration_DestinationResponse_2050,SSA_SourcePoolTransition_2050,SSA_SourcePoolCapacity_2050,Inclusive_Mobility_Share_2050_pct,Inclusive_Mobility_Change_pp,Inclusive_Mobility_Delta_vs_Baseline_pp,Inclusive_Mobility_IdentityFormationMultiplier,Inclusive_Mobility_MixedIdentityMultiplier,Inclusive_Mobility_IdentityTransitionRate,Inclusive_Mobility_CompositionDiversity_2050,Anchor
AFG,Afghanistan,Pashtun,42.0,42.3,0.3,42.3,0.0,42.3,0.0,42.33,42.27,42.27,42.33,0.06,17911951,32522273,0.0,0.0,unspecified,False,0.5,0.48,0.56,0.42,0.454,1.271,1.0,0.78,0.832,0.804,0.0,0.0,1.0,0.761,41.58,-0.42,-0.71,2.038,2.273,0.0005,0.7368,True
AFG,Afghanistan,Tajik,27.0,25.56,-1.44,25.56,0.0,25.56,0.0,25.58,25.54,25.54,25.58,0.03,11514826,19652246,0.0,0.0,unspecified,False,0.5,0.48,0.56,0.42,0.454,1.22,1.0,0.78,0.821,0.804,0.0,0.0,1.0,0.761,25.99,-1.01,0.43,2.038,2.273,0.0005,0.7368,False
AFG,Afghanistan,Hazara,9.0,10.15,1.15,10.15,0.0,10.15,0.0,10.12,10.19,10.12,10.19,0.07,3838275,7805752,0.0,0.0,unspecified,False,0.5,0.48,0.56,0.42,0.454,1.096,1.0,0.78,0.793,0.804,0.0,0.0,1.0,0.761,10.16,1.16,0.01,2.038,2.273,0.0005,0.7368,False
AFG,Afghanistan,Uzbek,9.0,9.37,0.37,9.37,0.0,9.37,0.0,9.36,9.39,9.36,9.39,0.03,3838275,7207413,0.0,0.0,unspecified,False,0.5,0.48,0.56,0.42,0.454,1.096,1.0,0.78,0.793,0.804,0.0,0.0,1.0,0.761,9.46,0.46,0.08,2.038,2.273,0.0005,0.7368,False
AFG,Afghanistan,Aimaq,4.0,3.79,-0.21,3.79,0.0,3.79,0.0,3.79,3.78,3.78,3.79,0.01,1705900,2911444,0.0,0.0,unspecified,False,0.5,0.48,0.56,0.42,0.454,1.013,1.0,0.78,0.775,0.804,0.0,0.0,1.0,0.761,3.85,-0.15,0.06,2.038,2.273,0.0005,0.7368,False
AFG,Afghanistan,Turkmen,3.0,3.12,0.12,3.12,0.0,3.12,0.0,3.12,3.13,3.12,3.13,0.01,1279425,2402471,0.0,0.0,unspecified,False,0.5,0.48,0.56,0.42,0.454,0.986,1.0,0.78,0.769,0.804,0.0,0.0,1.0,0.761,3.15,0.15,0.03,2.038,2.273,0.0005,0.7368,False
AFG,Afghanistan,Baloch,2.0,1.89,-0.11,1.89,0.0,1.89,0.0,1.89,1.89,1.89,1.89,0.0,852950,1455722,0.0,0.0,unspecified,False,0.5,0.48,0.56,0.42,0.454,0.952,1.0,0.78,0.761,0.804,0.0,0.0,1.0,0.761,1.93,-0.07,0.03,2.038,2.273,0.0005,0.7368,False
AFG,Afghanistan,Nuristani,1.0,0.95,-0.05,0.95,0.0,0.95,0.0,0.95,0.95,0.95,0.95,0.0,426475,727861,0.0,0.0,unspecified,False,0.5,0.48,0.56,0.42,0.454,0.903,1.0,0.78,0.75,0.804,0.0,0.0,1.0,0.761,0.96,-0.04,0.02,2.038,2.273,0.0005,0.7368,False
AFG,Afghanistan,Pashayi,1.0,0.95,-0.05,0.95,0.0,0.95,0.0,0.95,0.95,0.95,0.95,0.0,426475,727861,0.0,0.0,unspecified,False,0.5,0.48,0.56,0.42,0.454,0.903,1.0,0.78,0.75,0.804,0.0,0.0,1.0,0.761,0.96,-0.04,0.02,2.038,2.273,0.0005,0.7368,False
AFG,Afghanistan,Other,2.0,1.91,-0.09,1.91,0.0,1.91,0.0,1.92,1.91,1.91,1.92,0.0,852950,1472093,0.0,0.0,unspecified,False,0.5,0.48,0.56,0.42,0.454,0.952,1.0,0.78,0.761,0.804,0.0,0.0,1.0,0.761,1.95,-0.05,0.03,2.038,2.273,0.0005,0.7368,False
AGO,Angola,Ovimbundu,37.0,38.58,1.58,38.58,0.0,38.58,0.0,38.58,38.58,38.58,38.58,0.0,14017766,28661708,0.0,0.0,unspecified,False,0.5,0.48,0.56,0.42,0.454,1.257,1.0,0.78,0.829,0.784,0.0,0.0,1.0,0.761,37.69,0.69,-0.89,2.165,2.3,0.0005,0.7473,True
AGO,Angola,Kimbundu,25.0,24.33,-0.67,24.33,0.0,24.33,0.0,24.33,24.33,24.33,24.33,0.0,9471464,18077397,0.0,0.0,unspecified,False,0.5,0.48,0.56,0.42,0.454,1.211,1.0,0.78,0.819,0.784,0.0,0.0,1.0,0.761,24.68,-0.32,0.35,2.165,2.3,0.0005,0.7473,False
AGO,Angola,Bakongo,13.0,12.65,-0.35,12.65,0.0,12.65,0.0,12.65,12.65,12.65,12.65,0.0,4925161,9400246,0.0,0.0,unspecified,False,0.5,0.48,0.56,0.42,0.454,1.137,1.0,0.78,0.802,0.784,0.0,0.0,1.0,0.761,12.83,-0.17,0.18,2.165,2.3,0.0005,0.7473,False
AGO,Angola,Chokwe,4.4,4.28,-0.12,4.28,0.0,4.28,0.0,4.28,4.28,4.28,4.28,0.0,1666978,3181622,0.0,0.0,unspecified,False,0.5,0.48,0.56,0.42,0.454,1.022,1.0,0.78,0.777,0.784,0.0,0.0,1.0,0.761,4.34,-0.06,0.06,2.165,2.3,0.0005,0.7473,False
AGO,Angola,Mestico (mixed),2.0,1.95,-0.05,1.95,0.0,1.95,0.0,1.95,1.95,1.95,1.95,0.0,757717,1446192,0.0,0.0,unspecified,False,0.5,0.48,0.56,0.42,0.454,0.952,1.0,0.78,0.761,0.784,0.0,0.0,1.0,0.761,1.97,-0.03,0.03,2.165,2.3,0.0005,0.7473,False
AGO,Angola,European,1.0,0.89,-0.11,0.89,0.0,0.89,0.0,0.89,0.88,0.88,0.89,0.0,378859,658619,0.0,0.0,unspecified,False,0.5,0.48,0.56,0.42,0.454,0.903,1.0,0.78,0.75,0.784,0.0,0.0,1.0,0.761,0.91,-0.09,0.02,2.165,2.3,0.0005,0.7473,False
AGO,Angola,Other African,17.6,17.32,-0.28,17.32,0.0,17.32,0.0,17.32,17.32,17.32,17.32,0.0,6667910,12869614,0.0,0.0,unspecified,False,0.5,0.48,0.56,0.42,0.454,1.171,1.0,0.78,0.81,0.784,0.0,0.0,1.0,0.761,17.57,-0.03,0.25,2.165,2.3,0.0005,0.7473,False
ALB,Albania,Albanian (Gheg),55.0,55.25,0.25,56.04,-0.78,55.25,0.0,55.5,54.97,54.97,55.5,0.53,1535466,1237801,0.525,0.15,unspecified,False,0.5,0.48,0.56,0.42,0.751,1.3,1.0,0.78,1.027,0.0,0.0,0.0,1.0,0.761,54.62,-0.38,-0.63,2.043,2.09,0.0005,0.6047,True
ALB,Albania,Albanian (Tosk),27.6,26.45,-1.15,26.83,-0.38,26.45,0.0,26.57,26.31,26.31,26.57,0.26,770525,592534,0.525,0.15,unspecified,False,0.5,0.48,0.56,0.42,0.751,1.222,1.0,0.78,0.999,0.0,0.0,0.0,1.0,0.761,26.83,-0.77,0.38,2.043,2.09,0.0005,0.6047,False
ALB,Albania,Greek,1.7,1.31,-0.39,1.33,-0.02,1.31,0.0,1.32,1.29,1.29,1.32,0.03,47460,29259,0.525,0.15,unspecified,False,0.5,0.48,0.56,0.42,0.751,0.939,1.0,0.78,0.895,0.0,0.0,0.0,1.0,0.761,1.37,-0.33,0.07,2.043,2.09,0.0005,0.6047,False
ALB,Albania,Romani / Egyptian,1.0,1.33,0.33,1.35,-0.02,1.33,0.0,1.33,1.34,1.33,1.34,0.01,27918,29828,0.525,0.15,EGY,False,0.7,0.706,0.72,0.66,0.751,0.903,1.0,0.78,1.014,0.0,0.0,0.0,1.0,0.761,1.29,0.29,-0.04,2.043,2.09,0.0005,0.6047,False
ALB,Albania,Macedonian,0.2,0.19,-0.01,0.19,-0.0,0.19,0.0,0.19,0.19,0.19,0.19,0.0,5584,4294,0.525,0.15,unspecified,False,0.5,0.48,0.56,0.42,0.751,0.842,1.0,0.78,0.859,0.0,0.0,0.0,1.0,0.761,0.19,-0.01,0.0,2.043,2.09,0.0005,0.6047,False
ALB,Albania,Other,14.5,15.47,0.97,14.26,1.21,15.47,0.0,15.1,15.91,15.1,15.91,0.81,404805,346454,0.525,0.15,unspecified,False,0.5,0.48,0.56,0.42,0.751,1.149,1.0,0.78,0.972,0.0,0.0,0.0,1.0,0.761,15.69,1.19,0.22,2.043,2.09,0.0005,0.6047,False
AND,Andorra,Andorran,48.3,46.0,-2.3,50.19,-4.19,46.0,0.0,47.21,44.58,44.58,47.21,2.63,39584,37815,0.0,0.0,unspecified,False,0.5,0.48,0.56,0.42,0.623,1.288,1.0,0.78,0.942,0.0,0.0,0.0,1.0,0.761,45.05,-3.25,-0.95,2.082,2.199,0.0005,0.6974,True
AND,Andorra,Spanish,24.8,25.65,0.85,23.59,2.06,25.65,0.0,25.06,26.34,25.06,26.34,1.28,20325,21091,0.0,0.0,unspecified,True,0.5,0.48,0.56,0.42,0.623,1.21,1.0,0.78,0.919,0.0,0.0,0.0,1.0,0.761,26.17,1.37,0.51,2.082,2.199,0.0005,0.6974,False
AND,Andorra,Portuguese,11.2,11.53,0.33,10.65,0.88,11.53,0.0,11.28,11.82,11.28,11.82,0.54,9179,9479,0.0,0.0,unspecified,True,0.5,0.48,0.56,0.42,0.623,1.12,1.0,0.78,0.891,0.0,0.0,0.0,1.0,0.761,11.76,0.56,0.23,2.082,2.199,0.0005,0.6974,False
AND,Andorra,French,4.5,4.61,0.11,4.28,0.33,4.61,0.0,4.52,4.72,4.52,4.72,0.2,3688,3789,0.0,0.0,unspecified,True,0.5,0.48,0.56,0.42,0.623,1.025,1.0,0.78,0.862,0.0,0.0,0.0,1.0,0.761,4.7,0.2,0.09,2.082,2.199,0.0005,0.6974,False
AND,Andorra,Other,11.2,12.21,1.01,11.29,0.92,12.21,0.0,11.93,12.54,11.93,12.54,0.61,9179,10040,0.0,0.0,unspecified,True,0.5,0.48,0.56,0.42,0.623,1.12,1.0,0.78,0.891,0.0,0.0,0.0,1.0,0.761,12.32,1.12,0.11,2.082,2.199,0.0005,0.6974,False
ARE,UAE,Emirati,11.6,10.46,-1.14,12.74,-2.28,10.46,-0.01,11.06,9.79,9.79,11.06,1.27,1279148,1606733,0.0,0.0,unspecified,False,0.5,0.48,0.56,0.42,0.747,1.124,1.0,0.46,0.887,0.0,0.814,0.44,1.0,0.761,10.37,-1.23,-0.09,2.277,2.436,0.0005,0.8442,False
ARE,UAE,Indian,25.8,27.72,1.92,26.82,0.89,27.74,-0.02,27.49,27.97,27.49,27.97,0.49,2845001,4259338,0.0,0.0,IND;PAK;BGD;LKA;NPL,True,0.718,0.719,0.752,0.684,0.747,1.215,1.18,0.46,1.167,0.0,0.814,0.44,1.0,0.761,26.83,1.03,-0.89,2.277,2.436,0.0005,0.8442,True
ARE,UAE,Pakistani,11.8,11.66,-0.14,11.11,0.55,11.66,-0.01,11.51,11.83,11.51,11.83,0.32,1301202,1791166,0.0,0.0,PAK,True,0.769,0.814,0.7,0.74,0.747,1.126,1.3,0.46,1.225,0.0,0.814,0.44,1.0,0.761,11.89,0.09,0.24,2.277,2.436,0.0005,0.8442,False
ARE,UAE,Bangladeshi,8.5,8.29,-0.21,8.0,0.29,8.3,-0.01,8.22,8.38,8.22,8.38,0.16,937306,1274101,0.0,0.0,BGD,True,0.735,0.788,0.68,0.84,0.747,1.09,1.26,0.46,1.156,0.0,0.814,0.44,1.0,0.761,8.46,-0.04,0.17,2.277,2.436,0.0005,0.8442,False
ARE,UAE,Filipino,6.1,5.78,-0.32,5.74,0.04,5.79,-0.0,5.78,5.78,5.78,5.78,0.0,672655,888517,0.0,0.0,PHL,True,0.759,0.718,0.88,0.64,0.747,1.055,1.0,0.46,1.03,0.0,0.814,0.44,1.0,0.761,5.9,-0.2,0.12,2.277,2.436,0.0005,0.8442,False
ARE,UAE,Egyptian,4.4,4.92,0.52,4.93,-0.01,4.92,-0.0,4.9,4.93,4.9,4.93,0.02,485194,755787,0.0,0.0,EGY,True,0.7,0.706,0.72,0.66,0.747,1.022,1.0,0.46,0.979,0.0,0.814,0.44,1.0,0.761,4.86,0.46,-0.06,2.277,2.436,0.0005,0.8442,False
ARE,UAE,Nepali,3.0,2.75,-0.25,2.82,-0.08,2.75,-0.0,2.77,2.72,2.72,2.77,0.06,330814,422220,0.0,0.0,unspecified,True,0.5,0.48,0.56,0.42,0.747,0.986,1.0,0.46,0.846,0.0,0.814,0.44,1.0,0.761,2.8,-0.2,0.06,2.277,2.436,0.0005,0.8442,False
ARE,UAE,Jordanian/Palestinian,2.0,1.83,-0.17,1.88,-0.05,1.83,-0.0,1.85,1.81,1.81,1.85,0.04,220543,280933,0.0,0.0,unspecified,True,0.5,0.48,0.56,0.42,0.747,0.952,1.0,0.46,0.835,0.0,0.814,0.44,1.0,0.761,1.87,-0.13,0.04,2.277,2.436,0.0005,0.8442,False
ARE,UAE,Sri Lankan,2.0,1.83,-0.17,1.88,-0.05,1.83,-0.0,1.85,1.81,1.81,1.85,0.04,220543,280933,0.0,0.0,unspecified,True,0.5,0.48,0.56,0.42,0.747,0.952,1.0,0.46,0.835,0.0,0.814,0.44,1.0,0.761,1.87,-0.13,0.04,2.277,2.436,0.0005,0.8442,False
ARE,UAE,Other Arab,2.5,2.72,0.22,2.8,-0.08,2.72,-0.0,2.73,2.7,2.7,2.73,0.03,275678,417894,0.0,0.0,unspecified,True,0.5,0.48,0.56,0.42,0.747,0.97,1.0,0.46,0.841,0.0,0.814,0.44,1.0,0.761,2.69,0.19,-0.03,2.277,2.436,0.0005,0.8442,False
ARE,UAE,Iranian,1.5,1.63,0.13,1.68,-0.05,1.63,-0.0,1.64,1.61,1.61,1.64,0.02,165407,250170,0.0,0.0,unspecified,True,0.5,0.48,0.56,0.42,0.747,0.93,1.0,0.46,0.829,0.0,0.814,0.44,1.0,0.761,1.61,0.11,-0.02,2.277,2.436,0.0005,0.8442,False
ARE,UAE,Other foreign,20.8,20.43,-0.37,19.58,0.85,20.37,0.06,20.21,20.69,20.21,20.69,0.48,2293644,3139606,0.0,0.0,NGA;ETH;GHA;KEN;UGA;TZA;RWA;COD;CIV;CMR;SEN;ZMB;ZWE;MOZ;MWI;AGO;SDN;SOM;ERI;BFA;NER;MLI;GIN;SLE;LBR;BEN;TGO;GMB,True,0.711,0.785,0.574,0.717,0.747,1.19,1.009,0.46,1.061,0.0,0.814,0.44,1.0,0.761,20.85,0.05,0.42,2.277,2.436,0.0005,0.8442,False
ARG,Argentina,Italian descent,35.0,35.14,0.14,35.16,-0.02,35.14,0.0,35.21,35.07,35.07,35.21,0.14,15993654,16977398,0.0,0.0,unspecified,False,0.5,0.48,0.56,0.42,0.483,1.25,1.0,0.78,0.845,0.0,0.0,0.0,1.0,0.761,34.38,-0.62,-0.76,2.209,2.269,0.0005,0.7364,True
ARG,Argentina,Spanish descent,30.0,27.55,-2.45,27.56,-0.02,27.55,0.0,27.6,27.49,27.49,27.6,0.11,13708846,13307200,0.0,0.0,unspecified,False,0.5,0.48,0.56,0.42,0.483,1.232,1.0,0.78,0.841,0.0,0.0,0.0,1.0,0.761,28.3,-1.7,0.75,2.209,2.269,0.0005,0.7364,False
ARG,Argentina,Other European descent,20.0,17.52,-2.48,17.53,-0.01,17.52,0.0,17.58,17.45,17.45,17.58,0.13,9139231,8462741,0.0,0.0,unspecified,False,0.5,0.48,0.56,0.42,0.483,1.185,1.0,0.78,0.83,0.0,0.0,0.0,1.0,0.761,18.16,-1.84,0.64,2.209,2.269,0.0005,0.7364,False
ARG,Argentina,Mestizo/Indigenous,14.0,18.57,4.57,18.59,-0.01,18.57,0.0,18.41,18.74,18.41,18.74,0.33,6397461,8972659,0.0,0.0,unspecified,False,0.5,0.48,0.56,0.42,0.483,1.145,1.0,0.78,0.82,0.0,0.0,0.0,1.0,0.761,17.95,3.95,-0.62,2.209,2.269,0.0005,0.7364,False
ARG,Argentina,East Asian,0.5,0.65,0.15,0.59,0.06,0.65,0.0,0.62,0.67,0.62,0.67,0.05,228481,312596,0.0,0.0,unspecified,True,0.5,0.48,0.56,0.42,0.483,0.869,1.0,0.78,0.755,0.0,0.0,0.0,1.0,0.761,0.64,0.14,-0.01,2.209,2.269,0.0005,0.7364,False
ARG,Argentina,Afro-Argentine,0.5,0.57,0.07,0.57,-0.0,0.57,0.0,0.57,0.57,0.57,0.57,0.01,228481,276350,0.0,0.0,unspecified,False,0.5,0.48,0.56,0.42,0.483,0.869,1.0,0.78,0.755,0.0,0.0,0.0,1.0,0.761,0.57,0.07,-0.01,2.209,2.269,0.0005,0.7364,False
ARM,Armenia,Armenian,98.1,97.92,-0.18,98.09,-0.17,97.92,0.0,97.97,97.85,97.85,97.97,0.12,2917340,2443257,0.0,0.0,unspecified,False,0.5,0.48,0.56,0.42,0.618,1.3,1.0,0.78,0.943,0.0,0.0,0.0,1.0,0.761,97.9,-0.2,-0.02,1.42,1.302,0.0005,0.0414,True
ARM,Armenia,Russian,0.4,0.32,-0.08,0.32,-0.0,0.32,0.0,0.32,0.32,0.32,0.32,0.0,11895,7949,0.0,0.0,unspecified,False,0.5,0.48,0.56,0.42,0.618,0.86,1.0,0.78,0.81,0.0,0.0,0.0,1.0,0.761,0.33,-0.07,0.02,1.42,1.302,0.0005,0.0414,False
ARM,Armenia,Yazidi (Kurdish),0.3,0.4,0.1,0.4,-0.0,0.4,0.0,0.39,0.4,0.39,0.4,0.01,8922,9874,0.0,0.0,unspecified,False,0.5,0.48,0.56,0.42,0.618,0.851,1.0,0.78,0.807,0.0,0.0,0.0,1.0,0.761,0.38,0.08,-0.01,1.42,1.302,0.0005,0.0414,False
ARM,Armenia,Other,1.2,1.37,0.17,1.19,0.17,1.37,0.0,1.31,1.43,1.31,1.43,0.12,35686,34120,0.0,0.0,unspecified,True,0.5,0.48,0.56,0.42,0.618,0.915,1.0,0.78,0.826,0.0,0.0,0.0,1.0,0.761,1.39,0.19,0.02,1.42,1.302,0.0005,0.0414,False
ATG,Antigua & Barbuda,African descent,87.3,87.14,-0.16,87.82,-0.68,87.14,0.0,87.34,86.89,86.89,87.34,0.44,81872,82835,0.0,0.0,unspecified,False,0.5,0.48,0.56,0.42,0.527,1.3,1.0,0.78,0.885,0.0,0.0,0.0,1.0,0.761,86.89,-0.41,-0.24,1.571,1.577,0.0005,0.24,True
ATG,Antigua & Barbuda,Mixed,4.7,4.6,-0.1,4.64,-0.04,4.6,0.0,4.62,4.59,4.59,4.62,0.02,4408,4377,0.0,0.0,unspecified,False,0.5,0.48,0.56,0.42,0.527,1.029,1.0,0.78,0.815,0.0,0.0,0.0,1.0,0.761,4.67,-0.03,0.06,1.571,1.577,0.0005,0.24,False
ATG,Antigua & Barbuda,Hispanic,2.7,3.0,0.3,2.7,0.31,3.0,0.0,2.91,3.12,2.91,3.12,0.21,2532,2853,0.0,0.0,unspecified,True,0.5,0.48,0.56,0.42,0.527,0.977,1.0,0.78,0.802,0.0,0.0,0.0,1.0,0.761,3.04,0.34,0.04,1.571,1.577,0.0005,0.24,False
ATG,Antigua & Barbuda,White,1.6,1.14,-0.46,1.15,-0.01,1.14,0.0,1.15,1.12,1.12,1.15,0.03,1501,1083,0.0,0.0,unspecified,False,0.5,0.48,0.56,0.42,0.527,0.935,1.0,0.78,0.791,0.0,0.0,0.0,1.0,0.761,1.22,-0.38,0.08,1.571,1.577,0.0005,0.24,False
ATG,Antigua & Barbuda,Other,3.7,4.12,0.42,3.69,0.42,4.12,0.0,3.99,4.28,3.99,4.28,0.29,3470,3914,0.0,0.0,unspecified,True,0.5,0.48,0.56,0.42,0.527,1.006,1.0,0.78,0.809,0.0,0.0,0.0,1.0,0.761,4.17,0.47,0.06,1.571,1.577,0.0005,0.24,False
AUS,Australia,English,25.9,24.74,-1.16,27.5,-2.76,24.77,-0.03,25.65,23.63,23.63,25.65,2.02,6918720,8042298,0.0,0.0,unspecified,False,0.5,0.48,0.56,0.42,0.702,1.215,1.0,0.9,0.996,0.0,0.931,0.391,1.0,0.761,23.59,-2.31,-1.15,2.796,2.886,0.0005,0.8644,True
AUS,Australia,Australian (European),21.0,17.74,-3.26,19.83,-2.1,17.76,-0.02,18.42,16.9,16.9,18.42,1.52,5609773,5765483,0.0,0.0,unspecified,False,0.5,0.48,0.56,0.42,0.702,1.191,1.0,0.9,0.987,0.0,0.931,0.391,1.0,0.761,18.07,-2.93,0.34,2.796,2.886,0.0005,0.8644,False
AUS,Australia,Other European descent,10.1,8.53,-1.57,9.54,-1.01,8.54,-0.01,8.86,8.13,8.13,8.86,0.73,2698034,2772923,0.0,0.0,unspecified,False,0.5,0.48,0.56,0.42,0.702,1.109,1.0,0.9,0.957,0.0,0.931,0.391,1.0,0.761,8.69,-1.41,0.16,2.796,2.886,0.0005,0.8644,False
AUS,Australia,Chinese,5.5,6.34,0.84,4.86,1.49,6.35,-0.01,5.9,6.87,5.9,6.87,0.97,1469226,2062547,0.0,0.0,CHN,True,0.52,0.502,0.58,0.45,0.702,1.045,1.0,0.9,0.949,0.0,0.931,0.391,1.0,0.761,6.58,1.08,0.23,2.796,2.886,0.0005,0.8644,False
AUS,Australia,Indian,3.1,5.47,2.37,2.99,2.47,5.48,-0.01,4.59,6.62,4.59,6.62,2.02,828109,1777739,0.0,0.0,IND;PAK;BGD;LKA;NPL,True,0.718,0.719,0.752,0.684,0.702,0.989,1.056,0.9,1.101,0.0,0.931,0.391,1.0,0.761,5.57,2.47,0.1,2.796,2.886,0.0005,0.8644,False
AUS,Australia,Filipino,1.6,2.7,1.1,1.55,1.15,2.7,-0.0,2.3,3.23,2.3,3.23,0.94,427411,876804,0.0,0.0,PHL,True,0.759,0.718,0.88,0.64,0.702,0.935,1.24,0.9,1.196,0.0,0.931,0.391,1.0,0.761,2.75,1.15,0.05,2.796,2.886,0.0005,0.8644,False
AUS,Australia,Vietnamese,1.3,1.74,0.44,1.26,0.49,1.75,-0.0,1.59,1.93,1.59,1.93,0.35,347272,566567,0.0,0.0,VNM,True,0.71,0.674,0.84,0.68,0.702,0.92,1.18,0.9,1.116,0.0,0.931,0.391,1.0,0.761,1.78,0.48,0.03,2.796,2.886,0.0005,0.8644,False
AUS,Australia,Aboriginal / Torres Strait,3.9,4.62,0.72,5.17,-0.55,4.63,-0.01,4.76,4.44,4.44,4.76,0.32,1041815,1501713,0.0,0.0,unspecified,False,0.5,0.48,0.56,0.42,0.702,1.011,1.0,0.9,0.921,0.0,0.931,0.391,1.0,0.761,4.45,0.55,-0.17,2.796,2.886,0.0005,0.8644,False
AUS,Australia,Middle Eastern,3.0,2.98,-0.02,3.34,-0.35,2.99,-0.0,3.09,2.85,2.85,3.09,0.23,801396,969701,0.0,0.0,unspecified,False,0.5,0.48,0.56,0.42,0.702,0.986,1.0,0.9,0.912,0.0,0.931,0.391,1.0,0.761,2.96,-0.04,-0.02,2.796,2.886,0.0005,0.8644,False
AUS,Australia,Italian,2.9,2.45,-0.45,2.74,-0.29,2.45,-0.0,2.54,2.33,2.33,2.54,0.21,774683,796186,0.0,0.0,unspecified,False,0.5,0.48,0.56,0.42,0.702,0.983,1.0,0.9,0.911,0.0,0.931,0.391,1.0,0.761,2.5,-0.4,0.05,2.796,2.886,0.0005,0.8644,False
AUS,Australia,German,2.5,2.11,-0.39,2.36,-0.25,2.11,-0.0,2.19,2.01,2.01,2.19,0.18,667830,686367,0.0,0.0,unspecified,False,0.5,0.48,0.56,0.42,0.702,0.97,1.0,0.9,0.906,0.0,0.931,0.391,1.0,0.761,2.15,-0.35,0.04,2.796,2.886,0.0005,0.8644,False
AUS,Australia,Greek,1.4,1.18,-0.22,1.32,-0.14,1.18,-0.0,1.23,1.13,1.13,1.23,0.1,373985,384366,0.0,0.0,unspecified,False,0.5,0.48,0.56,0.42,0.702,0.925,1.0,0.9,0.889,0.0,0.931,0.391,1.0,0.761,1.2,-0.2,0.02,2.796,2.886,0.0005,0.8644,False
AUS,Australia,New Zealander (Maori/Pacific),1.2,1.42,0.22,1.59,-0.17,1.42,-0.0,1.46,1.37,1.37,1.46,0.1,320558,462066,0.0,0.0,unspecified,False,0.5,0.48,0.56,0.42,0.702,0.915,1.0,0.9,0.885,0.0,0.931,0.391,1.0,0.761,1.37,0.17,-0.05,2.796,2.886,0.0005,0.8644,False
AUS,Australia,Korean,0.9,1.01,0.11,0.79,0.22,1.01,-0.0,0.95,1.09,0.95,1.09,0.14,240419,328653,0.0,0.0,unspecified,True,0.5,0.48,0.56,0.42,0.702,0.897,1.0,0.9,0.879,0.0,0.931,0.391,1.0,0.761,1.05,0.15,0.04,2.796,2.886,0.0005,0.8644,False
AUS,Australia,Sri Lankan,0.7,0.93,0.23,0.68,0.25,0.93,-0.0,0.85,1.03,0.85,1.03,0.18,186992,302597,0.0,0.0,unspecified,True,0.5,0.48,0.56,0.42,0.702,0.884,1.0,0.9,0.874,0.0,0.931,0.391,1.0,0.761,0.95,0.25,0.02,2.796,2.886,0.0005,0.8644,False
AUS,Australia,Other,15.0,16.03,1.03,14.49,1.54,15.92,0.11,15.62,16.44,15.62,16.44,0.82,4006981,5210955,0.0,0.0,NGA;ETH;GHA;KEN;UGA;TZA;RWA;COD;CIV;CMR;SEN;ZMB;ZWE;MOZ;MWI;AGO;SDN;SOM;ERI;BFA;NER;MLI;GIN;SLE;LBR;BEN;TGO;GMB,True,0.711,0.785,0.574,0.717,0.702,1.153,1.0,0.9,1.151,0.0,0.931,0.391,1.0,0.761,16.33,1.33,0.3,2.796,2.886,0.0005,0.8644,False
AUT,Austria,Austrian,80.8,76.74,-4.06,79.17,-2.43,76.74,0.0,77.6,75.66,75.66,77.6,1.94,7369619,6695256,0.335,0.197,unspecified,False,0.5,0.48,0.56,0.42,0.744,1.3,1.0,0.78,1.023,0.0,0.579,0.266,1.0,0.761,76.82,-3.98,0.08,1.989,1.908,0.0005,0.4022,True
AUT,Austria,German,2.3,2.39,0.09,2.12,0.27,2.39,0.0,2.32,2.48,2.32,2.48,0.17,209779,208700,0.335,0.197,unspecified,True,0.5,0.48,0.56,0.42,0.744,0.963,1.0,0.78,0.9,0.0,0.579,0.266,1.0,0.761,2.46,0.16,0.07,1.989,1.908,0.0005,0.4022,False
AUT,Austria,Turkish,2.5,3.24,0.74,3.34,-0.1,3.24,0.0,3.24,3.22,3.22,3.24,0.02,228020,282296,0.335,0.197,unspecified,False,0.5,0.48,0.56,0.42,0.744,0.97,1.0,0.78,0.903,0.0,0.579,0.266,1.0,0.761,3.12,0.62,-0.12,1.989,1.908,0.0005,0.4022,False
AUT,Austria,Serbian,2.2,2.43,0.23,2.51,-0.08,2.43,0.0,2.44,2.41,2.41,2.44,0.04,200658,211931,0.335,0.197,unspecified,False,0.5,0.48,0.56,0.42,0.744,0.96,1.0,0.78,0.899,0.0,0.579,0.266,1.0,0.761,2.4,0.2,-0.02,1.989,1.908,0.0005,0.4022,False
AUT,Austria,Bosnian,1.7,1.88,0.18,1.94,-0.06,1.88,0.0,1.89,1.86,1.86,1.89,0.03,155054,163765,0.335,0.197,unspecified,False,0.5,0.48,0.56,0.42,0.744,0.939,1.0,0.78,0.892,0.0,0.579,0.266,1.0,0.761,1.86,0.16,-0.02,1.989,1.908,0.0005,0.4022,False
AUT,Austria,Romanian,0.8,0.87,0.07,0.78,0.1,0.87,0.0,0.84,0.9,0.84,0.9,0.06,72967,76057,0.335,0.197,unspecified,True,0.5,0.48,0.56,0.42,0.744,0.891,1.0,0.78,0.874,0.0,0.579,0.266,1.0,0.761,0.89,0.09,0.02,1.989,1.908,0.0005,0.4022,False
AUT,Austria,Hungarian,0.6,0.65,0.05,0.58,0.07,0.65,0.0,0.63,0.68,0.63,0.68,0.05,54725,56996,0.335,0.197,unspecified,True,0.5,0.48,0.56,0.42,0.744,0.876,1.0,0.78,0.869,0.0,0.579,0.266,1.0,0.761,0.67,0.07,0.01,1.989,1.908,0.0005,0.4022,False
AUT,Austria,Croatian,0.5,0.54,0.04,0.48,0.06,0.54,0.0,0.53,0.56,0.53,0.56,0.04,45604,47476,0.335,0.197,unspecified,True,0.5,0.48,0.56,0.42,0.744,0.869,1.0,0.78,0.866,0.0,0.579,0.266,1.0,0.761,0.55,0.05,0.01,1.989,1.908,0.0005,0.4022,False
AUT,Austria,Polish,0.4,0.44,0.04,0.39,0.05,0.44,0.0,0.42,0.45,0.42,0.45,0.03,36483,37962,0.335,0.197,unspecified,True,0.5,0.48,0.56,0.42,0.744,0.86,1.0,0.78,0.863,0.0,0.579,0.266,1.0,0.761,0.44,0.04,0.01,1.989,1.908,0.0005,0.4022,False
AUT,Austria,Syrian,0.6,1.61,1.01,0.94,0.67,1.61,0.0,1.35,1.95,1.35,1.95,0.6,54725,140310,0.335,0.197,SYR,True,0.672,0.726,0.6,0.74,0.744,0.876,1.0,0.78,0.979,0.0,0.579,0.266,1.0,0.761,1.51,0.91,-0.09,1.989,1.908,0.0005,0.4022,False
AUT,Austria,Afghan,0.5,1.3,0.8,0.76,0.55,1.3,0.0,1.1,1.59,1.1,1.59,0.49,45604,113837,0.335,0.197,AFG,True,0.667,0.804,0.42,0.86,0.744,0.869,1.0,0.78,0.972,0.0,0.579,0.266,1.0,0.761,1.23,0.73,-0.07,1.989,1.908,0.0005,0.4022,False
AUT,Austria,Iraqi,0.4,0.52,0.12,0.53,-0.02,0.52,0.0,0.52,0.51,0.51,0.52,0.0,36483,45167,0.335,0.197,IRQ,False,0.651,0.702,0.58,0.7,0.744,0.86,1.0,0.78,0.958,0.0,0.579,0.266,1.0,0.761,0.5,0.1,-0.02,1.989,1.908,0.0005,0.4022,False
AUT,Austria,Indian,0.4,0.45,0.05,0.39,0.06,0.45,0.0,0.43,0.47,0.43,0.47,0.04,36483,38841,0.335,0.197,IND;PAK;BGD;LKA;NPL,True,0.718,0.719,0.752,0.684,0.744,0.86,1.0,0.78,1.0,0.0,0.579,0.266,1.0,0.761,0.45,0.05,0.01,1.989,1.908,0.0005,0.4022,False
AUT,Austria,Chinese,0.3,0.29,-0.01,0.26,0.03,0.29,0.0,0.29,0.3,0.29,0.3,0.02,27362,25688,0.335,0.197,CHN,True,0.52,0.502,0.58,0.45,0.744,0.851,1.0,0.78,0.872,0.0,0.579,0.266,1.0,0.761,0.31,0.01,0.01,1.989,1.908,0.0005,0.4022,False
AUT,Austria,Other,6.0,6.65,0.65,5.82,0.83,6.65,0.0,6.4,6.94,6.4,6.94,0.54,547249,580051,0.335,0.197,unspecified,True,0.5,0.48,0.56,0.42,0.744,1.054,1.0,0.78,0.933,0.0,0.579,0.266,1.0,0.761,6.78,0.78,0.13,1.989,1.908,0.0005,0.4022,False
AZE,Azerbaijan,Azerbaijani,91.6,91.13,-0.47,91.38,-0.24,91.13,0.0,91.22,91.03,91.03,91.22,0.19,9468305,10229764,0.0,0.0,unspecified,False,0.5,0.48,0.56,0.42,0.527,1.3,1.0,0.78,0.885,0.0,0.0,0.0,1.0,0.761,91.07,-0.53,-0.06,1.532,1.473,0.0005,0.169,True
AZE,Azerbaijan,Lezgin,2.0,2.28,0.28,2.28,-0.01,2.28,0.0,2.27,2.28,2.27,2.28,0.01,206732,255582,0.0,0.0,unspecified,False,0.5,0.48,0.56,0.42,0.527,0.952,1.0,0.78,0.795,0.0,0.0,0.0,1.0,0.761,2.26,0.26,-0.02,1.532,1.473,0.0005,0.169,False
AZE,Azerbaijan,Russian,1.3,1.03,-0.27,1.03,-0.0,1.03,0.0,1.04,1.02,1.02,1.04,0.02,134376,115615,0.0,0.0,unspecified,False,0.5,0.48,0.56,0.42,0.527,0.92,1.0,0.78,0.787,0.0,0.0,0.0,1.0,0.761,1.08,-0.22,0.05,1.532,1.473,0.0005,0.169,False
AZE,Azerbaijan,Talysh,1.3,1.48,0.18,1.48,-0.0,1.48,0.0,1.48,1.48,1.48,1.48,0.01,134376,166128,0.0,0.0,unspecified,False,0.5,0.48,0.56,0.42,0.527,0.92,1.0,0.78,0.787,0.0,0.0,0.0,1.0,0.761,1.47,0.17,-0.01,1.532,1.473,0.0005,0.169,False
AZE,Azerbaijan,Armenian (Nagorno-Karabakh),1.0,0.96,-0.04,0.96,-0.0,0.96,0.0,0.96,0.96,0.96,0.96,0.0,103366,107335,0.0,0.0,unspecified,False,0.5,0.48,0.56,0.42,0.527,0.903,1.0,0.78,0.783,0.0,0.0,0.0,1.0,0.761,0.97,-0.03,0.01,1.532,1.473,0.0005,0.169,False
AZE,Azerbaijan,Avars,0.6,0.68,0.08,0.68,-0.0,0.68,0.0,0.68,0.69,0.68,0.69,0.0,62019,76675,0.0,0.0,unspecified,False,0.5,0.48,0.56,0.42,0.527,0.876,1.0,0.78,0.776,0.0,0.0,0.0,1.0,0.761,0.68,0.08,-0.01,1.532,1.473,0.0005,0.169,False
AZE,Azerbaijan,Other,2.2,2.44,0.24,2.18,0.26,2.44,0.0,2.36,2.54,2.36,2.54,0.18,227405,273822,0.0,0.0,unspecified,True,0.5,0.48,0.56,0.42,0.527,0.96,1.0,0.78,0.797,0.0,0.0,0.0,1.0,0.761,2.48,0.28,0.04,1.532,1.473,0.0005,0.169,False
BDI,Burundi,Hutu,85.0,85.39,0.39,85.39,0.0,85.39,0.0,85.39,85.39,85.39,85.39,0.0,11940620,20604909,0.0,0.0,unspecified,False,0.5,0.48,0.56,0.42,0.454,1.3,1.0,0.78,0.839,0.0,0.0,0.0,1.0,0.761,85.17,0.17,-0.21,1.484,1.611,0.0005,0.2553,True
BDI,Burundi,Tutsi,14.0,13.64,-0.36,13.64,0.0,13.64,0.0,13.64,13.64,13.64,13.64,0.0,1966690,3291691,0.0,0.0,unspecified,False,0.5,0.48,0.56,0.42,0.454,1.145,1.0,0.78,0.804,0.0,0.0,0.0,1.0,0.761,13.84,-0.16,0.2,1.484,1.611,0.0005,0.2553,False
BDI,Burundi,Twa,1.0,0.97,-0.03,0.97,0.0,0.97,0.0,0.97,0.97,0.97,0.97,0.0,140478,235121,0.0,0.0,unspecified,False,0.5,0.48,0.56,0.42,0.454,0.903,1.0,0.78,0.75,0.0,0.0,0.0,1.0,0.761,0.99,-0.01,0.01,1.484,1.611,0.0005,0.2553,False
BEL,Belgium,Flemish,50.0,48.43,-1.57,50.19,-1.76,48.53,-0.1,48.99,47.77,47.77,48.99,1.22,5869380,5748946,0.204,0.126,unspecified,False,0.5,0.48,0.56,0.42,0.671,1.292,1.0,0.78,0.974,0.0,0.632,0.594,1.0,0.761,47.85,-2.15,-0.58,2.428,2.413,0.0005,0.6965,True
BEL,Belgium,Walloon,17.0,15.62,-1.38,16.2,-0.58,15.65,-0.03,15.8,15.4,15.4,15.8,0.4,1995589,1853911,0.204,0.126,unspecified,False,0.5,0.48,0.56,0.42,0.671,1.167,1.0,0.78,0.933,0.0,0.632,0.594,1.0,0.761,15.88,-1.12,0.27,2.428,2.413,0.0005,0.6965,False
BEL,Belgium,Italian,3.0,2.66,-0.34,2.76,-0.1,2.67,-0.01,2.7,2.62,2.62,2.7,0.08,352163,315955,0.204,0.126,unspecified,False,0.5,0.48,0.56,0.42,0.671,0.986,1.0,0.78,0.874,0.0,0.632,0.594,1.0,0.761,2.73,-0.27,0.07,2.428,2.413,0.0005,0.6965,False
BEL,Belgium,Moroccan,2.5,3.32,0.82,3.44,-0.12,3.32,-0.01,3.32,3.3,3.3,3.32,0.02,293469,393600,0.204,0.126,MAR,False,0.63,0.613,0.7,0.58,0.671,0.97,1.0,0.78,0.952,0.0,0.632,0.594,1.0,0.761,3.17,0.67,-0.14,2.428,2.413,0.0005,0.6965,False
BEL,Belgium,French,2.0,2.05,0.05,1.86,0.19,2.05,-0.0,2.0,2.11,2.0,2.11,0.12,234775,243168,0.204,0.126,unspecified,True,0.5,0.48,0.56,0.42,0.671,0.952,1.0,0.78,0.862,0.0,0.632,0.594,1.0,0.761,2.1,0.1,0.05,2.428,2.413,0.0005,0.6965,False
BEL,Belgium,Turkish,1.8,2.15,0.35,2.23,-0.08,2.16,-0.0,2.16,2.14,2.14,2.16,0.03,211298,255483,0.204,0.126,unspecified,False,0.5,0.48,0.56,0.42,0.671,0.944,1.0,0.78,0.86,0.0,0.632,0.594,1.0,0.761,2.1,0.3,-0.06,2.428,2.413,0.0005,0.6965,False
BEL,Belgium,Dutch,1.5,1.53,0.03,1.4,0.14,1.54,-0.0,1.5,1.58,1.5,1.58,0.09,176081,182187,0.204,0.126,unspecified,True,0.5,0.48,0.56,0.42,0.671,0.93,1.0,0.78,0.855,0.0,0.632,0.594,1.0,0.761,1.57,0.07,0.04,2.428,2.413,0.0005,0.6965,False
BEL,Belgium,German-speaking,0.8,0.73,-0.07,0.76,-0.03,0.74,-0.0,0.74,0.72,0.72,0.74,0.02,93910,87243,0.204,0.126,unspecified,False,0.5,0.48,0.56,0.42,0.671,0.891,1.0,0.78,0.842,0.0,0.632,0.594,1.0,0.761,0.75,-0.05,0.01,2.428,2.413,0.0005,0.6965,False
BEL,Belgium,Sub-Saharan African,2.0,2.48,0.48,2.26,0.22,2.28,0.2,2.4,2.56,2.4,2.56,0.16,234775,294129,0.204,0.126,NGA;ETH;GHA;KEN;UGA;TZA;RWA;COD;CIV;CMR;SEN;ZMB;ZWE;MOZ;MWI;AGO;SDN;SOM;ERI;BFA;NER;MLI;GIN;SLE;LBR;BEN;TGO;GMB,True,0.711,0.785,0.574,0.717,0.671,0.952,1.014,0.78,1.001,0.0,0.632,0.594,1.0,0.761,2.45,0.45,-0.02,2.428,2.413,0.0005,0.6965,False
BEL,Belgium,Other,19.4,21.03,1.63,18.9,2.12,21.07,-0.04,20.39,21.79,20.39,21.79,1.41,2277320,2496282,0.204,0.126,unspecified,True,0.5,0.48,0.56,0.42,0.671,1.182,1.0,0.78,0.938,0.0,0.632,0.594,1.0,0.761,21.39,1.99,0.36,2.428,2.413,0.0005,0.6965,False
BEN,Benin,Fon,38.4,39.44,1.04,39.44,0.0,39.44,0.0,39.45,39.43,39.43,39.45,0.03,5553685,9636333,0.0,0.0,unspecified,False,0.5,0.48,0.56,0.42,0.454,1.261,1.0,0.78,0.83,0.771,0.0,0.0,1.0,0.761,38.63,0.23,-0.81,2.098,2.358,0.0005,0.7904,True
BEN,Benin,Adja,15.1,14.5,-0.6,14.5,0.0,14.5,0.0,14.51,14.5,14.5,14.51,0.01,2183871,3543956,0.0,0.0,unspecified,False,0.5,0.48,0.56,0.42,0.454,1.153,1.0,0.78,0.806,0.771,0.0,0.0,1.0,0.761,14.73,-0.37,0.23,2.098,2.358,0.0005,0.7904,False
BEN,Benin,Yoruba,12.0,11.53,-0.47,11.53,0.0,11.53,0.0,11.53,11.52,11.52,11.53,0.01,1735527,2816389,0.0,0.0,unspecified,False,0.5,0.48,0.56,0.42,0.454,1.128,1.0,0.78,0.8,0.771,0.0,0.0,1.0,0.761,11.71,-0.29,0.18,2.098,2.358,0.0005,0.7904,False
BEN,Benin,Bariba,9.6,9.22,-0.38,9.22,0.0,9.22,0.0,9.22,9.22,9.22,9.22,0.01,1388421,2253111,0.0,0.0,unspecified,False,0.5,0.48,0.56,0.42,0.454,1.103,1.0,0.78,0.795,0.771,0.0,0.0,1.0,0.761,9.37,-0.23,0.15,2.098,2.358,0.0005,0.7904,False
BEN,Benin,Fulani (Peulh),8.6,9.62,1.02,9.62,0.0,9.62,0.0,9.59,9.65,9.59,9.65,0.06,1243794,2350511,0.0,0.0,unspecified,False,0.5,0.48,0.56,0.42,0.454,1.091,1.0,0.78,0.792,0.771,0.0,0.0,1.0,0.761,9.63,1.03,0.01,2.098,2.358,0.0005,0.7904,False
BEN,Benin,Ottamari (Somba),6.1,5.86,-0.24,5.86,0.0,5.86,0.0,5.86,5.86,5.86,5.86,0.0,882226,1431664,0.0,0.0,unspecified,False,0.5,0.48,0.56,0.42,0.454,1.055,1.0,0.78,0.784,0.771,0.0,0.0,1.0,0.761,5.95,-0.15,0.09,2.098,2.358,0.0005,0.7904,False
BEN,Benin,Yoa-Lokpa,4.3,4.13,-0.17,4.13,0.0,4.13,0.0,4.13,4.13,4.13,4.13,0.0,621897,1009206,0.0,0.0,unspecified,False,0.5,0.48,0.56,0.42,0.454,1.02,1.0,0.78,0.776,0.771,0.0,0.0,1.0,0.761,4.2,-0.1,0.07,2.098,2.358,0.0005,0.7904,False
BEN,Benin,Dendi,2.9,2.79,-0.11,2.79,0.0,2.79,0.0,2.79,2.78,2.78,2.79,0.0,419419,680627,0.0,0.0,unspecified,False,0.5,0.48,0.56,0.42,0.454,0.983,1.0,0.78,0.768,0.771,0.0,0.0,1.0,0.761,2.83,-0.07,0.04,2.098,2.358,0.0005,0.7904,False
BEN,Benin,Other,3.0,2.91,-0.09,2.91,0.0,2.91,0.0,2.92,2.91,2.91,2.92,0.0,433882,712016,0.0,0.0,unspecified,False,0.5,0.48,0.56,0.42,0.454,0.986,1.0,0.78,0.769,0.771,0.0,0.0,1.0,0.761,2.96,-0.04,0.05,2.098,2.358,0.0005,0.7904,False
BFA,Burkina Faso,Mossi,52.0,52.45,0.45,52.45,0.0,52.45,0.0,52.46,52.43,52.43,52.46,0.04,12245367,19564706,0.0,0.0,unspecified,False,0.5,0.48,0.56,0.42,0.454,1.296,1.0,0.78,0.838,0.824,0.0,0.0,1.0,0.761,51.83,-0.17,-0.61,1.961,2.22,0.0005,0.6936,True
BFA,Burkina Faso,Fulani,8.4,9.42,1.02,9.42,0.0,9.42,0.0,9.39,9.45,9.39,9.45,0.06,1978098,3513196,0.0,0.0,unspecified,False,0.5,0.48,0.56,0.42,0.454,1.089,1.0,0.78,0.792,0.824,0.0,0.0,1.0,0.761,9.43,1.03,0.02,1.961,2.22,0.0005,0.6936,False
BFA,Burkina Faso,Gurma,7.0,6.72,-0.28,6.72,0.0,6.72,0.0,6.72,6.71,6.71,6.72,0.0,1648415,2505532,0.0,0.0,unspecified,False,0.5,0.48,0.56,0.42,0.454,1.07,1.0,0.78,0.787,0.824,0.0,0.0,1.0,0.761,6.82,-0.18,0.11,1.961,2.22,0.0005,0.6936,False
BFA,Burkina Faso,Bobo,4.9,4.7,-0.2,4.7,0.0,4.7,0.0,4.7,4.7,4.7,4.7,0.0,1153890,1753873,0.0,0.0,unspecified,False,0.5,0.48,0.56,0.42,0.454,1.033,1.0,0.78,0.779,0.824,0.0,0.0,1.0,0.761,4.78,-0.12,0.07,1.961,2.22,0.0005,0.6936,False
BFA,Burkina Faso,Gurunsi,4.6,4.41,-0.19,4.41,0.0,4.41,0.0,4.42,4.41,4.41,4.42,0.0,1083244,1646493,0.0,0.0,unspecified,False,0.5,0.48,0.56,0.42,0.454,1.027,1.0,0.78,0.778,0.824,0.0,0.0,1.0,0.761,4.48,-0.12,0.07,1.961,2.22,0.0005,0.6936,False
BFA,Burkina Faso,Senufo,4.5,4.32,-0.18,4.32,0.0,4.32,0.0,4.32,4.32,4.32,4.32,0.0,1059695,1610699,0.0,0.0,unspecified,False,0.5,0.48,0.56,0.42,0.454,1.025,1.0,0.78,0.777,0.824,0.0,0.0,1.0,0.761,4.39,-0.11,0.07,1.961,2.22,0.0005,0.6936,False
BFA,Burkina Faso,Bissa,3.1,2.97,-0.13,2.97,0.0,2.97,0.0,2.98,2.97,2.97,2.98,0.0,730012,1109593,0.0,0.0,unspecified,False,0.5,0.48,0.56,0.42,0.454,0.989,1.0,0.78,0.77,0.824,0.0,0.0,1.0,0.761,3.02,-0.08,0.05,1.961,2.22,0.0005,0.6936,False
BFA,Burkina Faso,Lobi,2.5,2.4,-0.1,2.4,0.0,2.4,0.0,2.4,2.4,2.4,2.4,0.0,588720,894833,0.0,0.0,unspecified,False,0.5,0.48,0.56,0.42,0.454,0.97,1.0,0.78,0.765,0.824,0.0,0.0,1.0,0.761,2.44,-0.06,0.04,1.961,2.22,0.0005,0.6936,False
BFA,Burkina Faso,Other,13.0,12.61,-0.39,12.61,0.0,12.61,0.0,12.62,12.61,12.61,12.62,0.01,3061342,4705462,0.0,0.0,unspecified,False,0.5,0.48,0.56,0.42,0.454,1.137,1.0,0.78,0.802,0.824,0.0,0.0,1.0,0.761,12.81,-0.19,0.2,1.961,2.22,0.0005,0.6936,False
BGD,Bangladesh,Bengali,98.0,97.91,-0.09,97.91,0.0,97.91,0.0,97.91,97.91,97.91,97.91,0.01,170091119,210221706,0.0,0.0,unspecified,False,0.5,0.48,0.56,0.42,0.468,1.3,1.0,0.78,0.848,0.788,0.0,0.0,1.0,0.761,97.9,-0.1,-0.01,1.305,1.305,0.0005,0.0415,True
BGD,Bangladesh,Chakma,0.4,0.45,0.05,0.45,0.0,0.45,0.0,0.45,0.45,0.45,0.45,0.0,694249,964806,0.0,0.0,unspecified,False,0.5,0.48,0.56,0.42,0.468,0.86,1.0,0.78,0.747,0.788,0.0,0.0,1.0,0.761,0.45,0.05,-0.0,1.305,1.305,0.0005,0.0415,False
BGD,Bangladesh,Santal,0.3,0.34,0.04,0.34,0.0,0.34,0.0,0.34,0.34,0.34,0.34,0.0,520687,723604,0.0,0.0,unspecified,False,0.5,0.48,0.56,0.42,0.468,0.851,1.0,0.78,0.745,0.788,0.0,0.0,1.0,0.761,0.34,0.04,-0.0,1.305,1.305,0.0005,0.0415,False
BGD,Bangladesh,Marma,0.2,0.22,0.02,0.22,0.0,0.22,0.0,0.22,0.23,0.22,0.23,0.0,347125,482403,0.0,0.0,unspecified,False,0.5,0.48,0.56,0.42,0.468,0.842,1.0,0.78,0.743,0.788,0.0,0.0,1.0,0.761,0.22,0.02,-0.0,1.305,1.305,0.0005,0.0415,False
BGD,Bangladesh,Bihari (Urdu-speaking),0.3,0.29,-0.01,0.29,0.0,0.29,0.0,0.29,0.29,0.29,0.29,0.0,520687,626668,0.0,0.0,unspecified,False,0.5,0.48,0.56,0.42,0.468,0.851,1.0,0.78,0.745,0.788,0.0,0.0,1.0,0.761,0.3,-0.0,0.0,1.305,1.305,0.0005,0.0415,False
BGD,Bangladesh,Other,0.8,0.79,-0.01,0.79,0.0,0.79,0.0,0.79,0.79,0.79,0.79,0.0,1388499,1689909,0.0,0.0,unspecified,False,0.5,0.48,0.56,0.42,0.468,0.891,1.0,0.78,0.754,0.788,0.0,0.0,1.0,0.761,0.8,-0.0,0.01,1.305,1.305,0.0005,0.0415,False
BGR,Bulgaria,Bulgarian,84.0,79.76,-4.24,80.05,-0.29,79.76,0.0,79.98,79.52,79.52,79.98,0.46,5676456,4308629,0.462,0.166,unspecified,False,0.5,0.48,0.56,0.42,0.714,1.3,1.0,0.78,1.004,0.0,0.0,0.0,1.0,0.761,80.19,-3.81,0.43,1.728,1.648,0.0005,0.3409,True
BGR,Bulgaria,Turkish,8.8,10.98,2.18,11.02,-0.04,10.98,0.0,10.92,11.04,10.92,11.04,0.11,594676,593282,0.462,0.166,unspecified,False,0.5,0.48,0.56,0.42,0.714,1.094,1.0,0.78,0.932,0.0,0.0,0.0,1.0,0.761,10.73,1.93,-0.25,1.728,1.648,0.0005,0.3409,False
BGR,Bulgaria,Romani,4.9,6.73,1.83,6.76,-0.02,6.73,0.0,6.68,6.78,6.68,6.78,0.1,331127,363755,0.462,0.166,unspecified,False,0.5,0.48,0.56,0.42,0.714,1.033,1.0,0.78,0.911,0.0,0.0,0.0,1.0,0.761,6.49,1.59,-0.25,1.728,1.648,0.0005,0.3409,False
BGR,Bulgaria,Russian,0.5,0.55,0.05,0.47,0.08,0.55,0.0,0.53,0.58,0.53,0.58,0.05,33788,29619,0.462,0.166,unspecified,True,0.5,0.48,0.56,0.42,0.714,0.869,1.0,0.78,0.853,0.0,0.0,0.0,1.0,0.761,0.56,0.06,0.01,1.728,1.648,0.0005,0.3409,False
BGR,Bulgaria,Greek,0.3,0.33,0.03,0.28,0.05,0.33,0.0,0.31,0.35,0.31,0.35,0.03,20273,17753,0.462,0.166,unspecified,True,0.5,0.48,0.56,0.42,0.714,0.851,1.0,0.78,0.847,0.0,0.0,0.0,1.0,0.761,0.34,0.04,0.01,1.728,1.648,0.0005,0.3409,False
BGR,Bulgaria,Other,1.5,1.65,0.15,1.42,0.23,1.65,0.0,1.58,1.74,1.58,1.74,0.16,101365,89180,0.462,0.166,unspecified,True,0.5,0.48,0.56,0.42,0.714,0.93,1.0,0.78,0.875,0.0,0.0,0.0,1.0,0.761,1.69,0.19,0.04,1.728,1.648,0.0005,0.3409,False
BHR,Bahrain,Bahraini,48.4,48.65,0.25,52.82,-4.17,48.65,0.0,49.8,47.29,47.29,49.8,2.51,777817,1040842,0.0,0.0,unspecified,False,0.5,0.48,0.56,0.42,0.657,1.288,1.0,0.5,0.899,0.0,0.625,0.262,1.0,0.761,47.35,-1.05,-1.3,2.127,2.254,0.0005,0.7254,True
BHR,Bahrain,Indian,13.0,12.93,-0.07,11.77,1.16,12.93,0.0,12.61,13.31,12.61,13.31,0.7,208918,276662,0.0,0.0,IND;PAK;BGD;LKA;NPL,True,0.718,0.719,0.752,0.684,0.657,1.137,1.0,0.5,0.993,0.0,0.625,0.262,1.0,0.761,13.28,0.28,0.35,2.127,2.254,0.0005,0.7254,False
BHR,Bahrain,Bangladeshi,9.0,8.96,-0.04,8.15,0.81,8.96,0.0,8.74,9.23,8.74,9.23,0.49,144635,191720,0.0,0.0,BGD,True,0.735,0.788,0.68,0.84,0.657,1.096,1.0,0.5,0.987,0.0,0.625,0.262,1.0,0.761,9.2,0.2,0.24,2.127,2.254,0.0005,0.7254,False
BHR,Bahrain,Pakistani,6.0,5.97,-0.03,5.43,0.54,5.97,0.0,5.82,6.15,5.82,6.15,0.33,96424,127792,0.0,0.0,PAK,True,0.769,0.814,0.7,0.74,0.657,1.054,1.0,0.5,0.99,0.0,0.625,0.262,1.0,0.761,6.14,0.14,0.16,2.127,2.254,0.0005,0.7254,False
BHR,Bahrain,Filipino,4.0,3.96,-0.04,3.62,0.33,3.96,0.0,3.86,4.06,3.86,4.06,0.2,64282,84639,0.0,0.0,PHL,True,0.759,0.718,0.88,0.64,0.657,1.013,1.0,0.5,0.967,0.0,0.625,0.262,1.0,0.761,4.06,0.06,0.11,2.127,2.254,0.0005,0.7254,False
BHR,Bahrain,Egyptian,3.0,3.44,0.44,3.17,0.27,3.44,0.0,3.35,3.54,3.35,3.54,0.19,48212,73504,0.0,0.0,EGY,True,0.7,0.706,0.72,0.66,0.657,0.986,1.0,0.5,0.924,0.0,0.625,0.262,1.0,0.761,3.43,0.43,-0.0,2.127,2.254,0.0005,0.7254,False
BHR,Bahrain,Sri Lankan,2.0,1.93,-0.07,1.81,0.11,1.93,0.0,1.9,1.96,1.9,1.96,0.06,32141,41209,0.0,0.0,unspecified,True,0.5,0.48,0.56,0.42,0.657,0.952,1.0,0.5,0.808,0.0,0.625,0.262,1.0,0.761,1.98,-0.02,0.05,2.127,2.254,0.0005,0.7254,False
BHR,Bahrain,Nepali,1.5,1.44,-0.06,1.36,0.08,1.44,0.0,1.42,1.47,1.42,1.47,0.05,24106,30876,0.0,0.0,unspecified,True,0.5,0.48,0.56,0.42,0.657,0.93,1.0,0.5,0.802,0.0,0.625,0.262,1.0,0.761,1.48,-0.02,0.04,2.127,2.254,0.0005,0.7254,False
BHR,Bahrain,Other foreign,13.1,12.72,-0.38,11.86,0.86,12.72,0.0,12.5,12.99,12.5,12.99,0.49,210525,272227,0.0,0.0,unspecified,True,0.5,0.48,0.56,0.42,0.657,1.138,1.0,0.5,0.858,0.0,0.625,0.262,1.0,0.761,13.07,-0.03,0.34,2.127,2.254,0.0005,0.7254,False
BHS,Bahamas,Black,90.6,90.69,0.09,91.29,-0.6,90.69,0.0,90.86,90.48,90.48,90.86,0.38,363561,384763,0.0,0.0,unspecified,False,0.5,0.48,0.56,0.42,0.57,1.3,1.0,0.78,0.913,0.0,0.0,0.0,1.0,0.761,90.46,-0.14,-0.23,1.505,1.496,0.0005,0.1778,True
BHS,Bahamas,Mixed,2.5,2.46,-0.04,2.48,-0.02,2.46,0.0,2.46,2.45,2.45,2.46,0.01,10032,10433,0.0,0.0,unspecified,False,0.5,0.48,0.56,0.42,0.57,0.97,1.0,0.78,0.821,0.0,0.0,0.0,1.0,0.761,2.49,-0.01,0.03,1.505,1.496,0.0005,0.1778,False
BHS,Bahamas,White,2.1,1.42,-0.68,1.43,-0.01,1.42,0.0,1.44,1.4,1.4,1.44,0.04,8427,6036,0.0,0.0,unspecified,False,0.5,0.48,0.56,0.42,0.57,0.956,1.0,0.78,0.817,0.0,0.0,0.0,1.0,0.761,1.54,-0.56,0.12,1.505,1.496,0.0005,0.1778,False
BHS,Bahamas,Other,4.8,5.43,0.63,4.81,0.62,5.43,0.0,5.24,5.67,5.24,5.67,0.43,19262,23040,0.0,0.0,unspecified,True,0.5,0.48,0.56,0.42,0.57,1.031,1.0,0.78,0.838,0.0,0.0,0.0,1.0,0.761,5.5,0.7,0.07,1.505,1.496,0.0005,0.1778,False
BIH,Bosnia & Herzegovina,Bosniak (Muslim),50.1,55.47,5.37,55.67,-0.2,55.47,0.0,55.38,55.56,55.38,55.56,0.18,1585292,1362005,0.558,0.145,unspecified,False,0.5,0.48,0.56,0.42,0.773,1.292,1.0,0.78,1.039,0.0,0.0,0.0,1.0,0.761,54.37,4.27,-1.11,2.026,2.131,0.0002,0.6087,True
BIH,Bosnia & Herzegovina,Serb (Republika Srpska),30.8,26.68,-4.12,26.78,-0.1,26.68,0.0,26.83,26.53,26.53,26.83,0.3,974591,655109,0.558,0.145,unspecified,False,0.5,0.48,0.56,0.42,0.773,1.235,1.0,0.78,1.017,0.0,0.0,0.0,1.0,0.761,27.45,-3.35,0.77,2.026,2.131,0.0002,0.6087,False
BIH,Bosnia & Herzegovina,Croat,15.4,13.34,-2.06,13.39,-0.05,13.34,0.0,13.41,13.27,13.27,13.41,0.15,487295,327555,0.558,0.145,unspecified,False,0.5,0.48,0.56,0.42,0.773,1.156,1.0,0.78,0.987,0.0,0.0,0.0,1.0,0.761,13.73,-1.67,0.39,2.026,2.131,0.0002,0.6087,False
BIH,Bosnia & Herzegovina,Roma,0.5,0.64,0.14,0.65,-0.0,0.64,0.0,0.64,0.65,0.64,0.65,0.01,15821,15821,0.558,0.145,unspecified,False,0.5,0.48,0.56,0.42,0.773,0.869,1.0,0.78,0.878,0.0,0.0,0.0,1.0,0.761,0.62,0.12,-0.02,2.026,2.131,0.0002,0.6087,False
BIH,Bosnia & Herzegovina,Other,3.2,3.86,0.66,3.51,0.35,3.86,0.0,3.74,4.0,3.74,4.0,0.26,101256,94682,0.558,0.145,unspecified,False,0.5,0.48,0.56,0.42,0.773,0.992,1.0,0.78,0.925,0.0,0.0,0.0,1.0,0.761,3.83,0.63,-0.03,2.026,2.131,0.0002,0.6087,False
BLR,Belarus,Belarusian,83.7,85.3,1.6,85.91,-0.62,85.3,0.0,85.43,85.12,85.12,85.43,0.31,7580455,6357630,0.0,0.0,unspecified,False,0.5,0.48,0.56,0.42,0.587,1.3,1.0,0.78,0.923,0.0,0.0,0.0,1.0,0.761,84.81,1.11,-0.48,1.636,1.656,0.0005,0.2735,True
BLR,Belarus,Russian,8.3,6.58,-1.72,6.62,-0.05,6.58,0.0,6.63,6.51,6.51,6.63,0.12,751706,490141,0.0,0.0,unspecified,False,0.5,0.48,0.56,0.42,0.587,1.088,1.0,0.78,0.862,0.0,0.0,0.0,1.0,0.761,6.88,-1.42,0.3,1.636,1.656,0.0005,0.2735,False
BLR,Belarus,Polish,3.1,2.46,-0.64,2.47,-0.02,2.46,0.0,2.48,2.43,2.43,2.48,0.04,280758,183065,0.0,0.0,unspecified,False,0.5,0.48,0.56,0.42,0.587,0.989,1.0,0.78,0.834,0.0,0.0,0.0,1.0,0.761,2.57,-0.53,0.11,1.636,1.656,0.0005,0.2735,False
BLR,Belarus,Ukrainian,1.7,1.98,0.28,1.73,0.24,1.98,0.0,1.9,2.07,1.9,2.07,0.17,153964,147209,0.0,0.0,UKR,True,0.615,0.539,0.82,0.52,0.587,0.939,1.0,0.78,0.882,0.0,0.0,0.0,1.0,0.761,2.0,0.3,0.02,1.636,1.656,0.0005,0.2735,False
BLR,Belarus,Other,3.2,3.7,0.5,3.26,0.44,3.7,0.0,3.56,3.86,3.56,3.86,0.31,289814,275497,0.0,0.0,unspecified,True,0.5,0.48,0.56,0.42,0.587,0.992,1.0,0.78,0.835,0.0,0.0,0.0,1.0,0.761,3.74,0.54,0.04,1.636,1.656,0.0005,0.2735,False
BLZ,Belize,Mestizo,52.9,53.32,0.42,53.32,0.0,53.32,0.0,53.34,53.3,53.3,53.34,0.04,220634,275477,0.0,0.0,unspecified,False,0.5,0.48,0.56,0.42,0.468,1.298,1.0,0.78,0.847,0.0,0.0,0.0,1.0,0.761,52.77,-0.13,-0.55,2.041,2.149,0.0005,0.6458,True
BLZ,Belize,Creole,25.9,24.86,-1.04,24.86,0.0,24.86,0.0,24.87,24.85,24.85,24.87,0.02,108023,128418,0.0,0.0,unspecified,False,0.5,0.48,0.56,0.42,0.468,1.215,1.0,0.78,0.828,0.0,0.0,0.0,1.0,0.761,25.27,-0.63,0.41,2.041,2.149,0.0005,0.6458,False
BLZ,Belize,Maya: Q'eqchi',6.3,6.98,0.68,6.98,0.0,6.98,0.0,6.96,7.0,6.96,7.0,0.05,26276,36069,0.0,0.0,unspecified,False,0.5,0.48,0.56,0.42,0.468,1.059,1.0,0.78,0.792,0.0,0.0,0.0,1.0,0.761,6.96,0.66,-0.02,2.041,2.149,0.0005,0.6458,False
BLZ,Belize,Maya: Yucatec/Mopan,5.0,5.54,0.54,5.54,0.0,5.54,0.0,5.52,5.56,5.52,5.56,0.04,20854,28626,0.0,0.0,unspecified,False,0.5,0.48,0.56,0.42,0.468,1.035,1.0,0.78,0.787,0.0,0.0,0.0,1.0,0.761,5.52,0.52,-0.02,2.041,2.149,0.0005,0.6458,False
BLZ,Belize,Garifuna,6.1,5.85,-0.25,5.85,0.0,5.85,0.0,5.86,5.85,5.85,5.86,0.0,25442,30245,0.0,0.0,unspecified,False,0.5,0.48,0.56,0.42,0.468,1.055,1.0,0.78,0.792,0.0,0.0,0.0,1.0,0.761,5.95,-0.15,0.1,2.041,2.149,0.0005,0.6458,False
BLZ,Belize,East Indian,1.5,1.44,-0.06,1.44,0.0,1.44,0.0,1.44,1.44,1.44,1.44,0.0,6256,7437,0.0,0.0,IND;PAK;BGD;LKA;NPL,False,0.718,0.719,0.752,0.684,0.468,0.93,1.0,0.78,0.856,0.0,0.0,0.0,1.0,0.761,1.46,-0.04,0.02,2.041,2.149,0.0005,0.6458,False
BLZ,Belize,White/Mennonite,1.0,0.74,-0.26,0.74,0.0,0.74,0.0,0.75,0.74,0.74,0.75,0.01,4171,3838,0.0,0.0,unspecified,False,0.5,0.48,0.56,0.42,0.468,0.903,1.0,0.78,0.757,0.0,0.0,0.0,1.0,0.761,0.79,-0.21,0.05,2.041,2.149,0.0005,0.6458,False
BLZ,Belize,Other,1.3,1.26,-0.04,1.26,0.0,1.26,0.0,1.26,1.26,1.26,1.26,0.0,5422,6518,0.0,0.0,unspecified,False,0.5,0.48,0.56,0.42,0.468,0.92,1.0,0.78,0.761,0.0,0.0,0.0,1.0,0.761,1.28,-0.02,0.02,2.041,2.149,0.0005,0.6458,False
BOL,Bolivia,Mestizo (Cholo),55.0,54.0,-1.0,54.01,-0.01,54.0,0.0,54.06,53.94,53.94,54.06,0.12,6827325,8699418,0.0,0.0,unspecified,False,0.5,0.48,0.56,0.42,0.454,1.3,1.0,0.78,0.839,0.0,0.0,0.0,1.0,0.761,53.65,-1.35,-0.35,2.018,2.168,0.0005,0.6669,True
BOL,Bolivia,Quechua,13.0,13.81,0.81,13.81,-0.0,13.81,0.0,13.78,13.83,13.78,13.83,0.06,1613731,2224150,0.0,0.0,unspecified,False,0.5,0.48,0.56,0.42,0.454,1.137,1.0,0.78,0.802,0.0,0.0,0.0,1.0,0.761,13.84,0.84,0.04,2.018,2.168,0.0005,0.6669,False
BOL,Bolivia,Aymara,11.0,11.68,0.68,11.69,-0.0,11.68,0.0,11.66,11.71,11.66,11.71,0.05,1365465,1881973,0.0,0.0,unspecified,False,0.5,0.48,0.56,0.42,0.454,1.118,1.0,0.78,0.798,0.0,0.0,0.0,1.0,0.761,11.71,0.71,0.03,2.018,2.168,0.0005,0.6669,False
BOL,Bolivia,White (Criollo),5.0,3.78,-1.22,3.78,-0.0,3.78,0.0,3.81,3.75,3.75,3.81,0.06,620666,608995,0.0,0.0,unspecified,False,0.5,0.48,0.56,0.42,0.454,1.035,1.0,0.78,0.78,0.0,0.0,0.0,1.0,0.761,4.0,-1.0,0.22,2.018,2.168,0.0005,0.6669,False
BOL,Bolivia,Guarani (Chaco),2.0,2.12,0.12,2.12,-0.0,2.12,0.0,2.12,2.13,2.12,2.13,0.01,248266,342177,0.0,0.0,unspecified,False,0.5,0.48,0.56,0.42,0.454,0.952,1.0,0.78,0.761,0.0,0.0,0.0,1.0,0.761,2.13,0.13,0.01,2.018,2.168,0.0005,0.6669,False
BOL,Bolivia,Other Indigenous (Mojeño/Chiquitano),5.0,6.08,1.08,6.08,-0.0,6.08,0.0,6.05,6.12,6.05,6.12,0.07,620666,979617,0.0,0.0,unspecified,False,0.5,0.48,0.56,0.42,0.454,1.035,1.0,0.78,0.78,0.0,0.0,0.0,1.0,0.761,5.97,0.97,-0.11,2.018,2.168,0.0005,0.6669,False
BOL,Bolivia,Afro-Bolivian,0.2,0.19,-0.01,0.19,-0.0,0.19,0.0,0.19,0.19,0.19,0.19,0.0,24827,30154,0.0,0.0,unspecified,False,0.5,0.48,0.56,0.42,0.454,0.842,1.0,0.78,0.737,0.0,0.0,0.0,1.0,0.761,0.19,-0.01,0.0,2.018,2.168,0.0005,0.6669,False
BOL,Bolivia,Asian (Japanese/Chinese),0.3,0.3,-0.0,0.27,0.03,0.3,0.0,0.29,0.31,0.29,0.31,0.02,37240,47722,0.0,0.0,CHN,True,0.52,0.502,0.58,0.45,0.454,0.851,1.0,0.78,0.747,0.0,0.0,0.0,1.0,0.761,0.31,0.01,0.01,2.018,2.168,0.0005,0.6669,False
BOL,Bolivia,Other,8.5,8.04,-0.46,8.05,-0.0,8.04,0.0,8.05,8.04,8.04,8.05,0.02,1055132,1295959,0.0,0.0,unspecified,False,0.5,0.48,0.56,0.42,0.454,1.09,1.0,0.78,0.792,0.0,0.0,0.0,1.0,0.761,8.2,-0.3,0.16,2.018,2.168,0.0005,0.6669,False
BRA,Brazil,White: Portuguese descent,25.0,19.9,-5.1,19.92,-0.03,19.9,0.0,20.02,19.77,19.77,20.02,0.25,52999641,43271436,0.0,0.0,unspecified,False,0.5,0.48,0.56,0.42,0.527,1.211,1.0,0.78,0.862,0.563,0.0,0.0,1.0,0.761,21.08,-3.92,1.18,2.173,2.277,0.0008,0.6937,False
BRA,Brazil,White: Italian descent,8.0,6.37,-1.63,6.38,-0.01,6.37,0.0,6.41,6.33,6.33,6.41,0.08,16959885,13846860,0.0,0.0,unspecified,False,0.5,0.48,0.56,0.42,0.527,1.084,1.0,0.78,0.829,0.563,0.0,0.0,1.0,0.761,6.74,-1.26,0.38,2.173,2.277,0.0008,0.6937,False
BRA,Brazil,White: German descent,4.5,3.58,-0.92,3.59,-0.0,3.58,0.0,3.6,3.56,3.56,3.6,0.05,9539935,7788858,0.0,0.0,unspecified,False,0.5,0.48,0.56,0.42,0.527,1.025,1.0,0.78,0.814,0.563,0.0,0.0,1.0,0.761,3.79,-0.71,0.21,2.173,2.277,0.0008,0.6937,False
BRA,Brazil,White: Spanish descent,4.0,3.18,-0.82,3.19,-0.0,3.18,0.0,3.2,3.16,3.16,3.2,0.04,8479943,6923430,0.0,0.0,unspecified,False,0.5,0.48,0.56,0.42,0.527,1.013,1.0,0.78,0.811,0.563,0.0,0.0,1.0,0.761,3.37,-0.63,0.19,2.173,2.277,0.0008,0.6937,False
BRA,Brazil,White: Polish/Ukrainian descent,2.0,1.5,-0.5,1.51,-0.0,1.5,0.0,1.52,1.49,1.49,1.52,0.03,4239971,3273115,0.0,0.0,UKR,False,0.615,0.539,0.82,0.52,0.527,0.952,1.0,0.78,0.852,0.563,0.0,0.0,1.0,0.761,1.61,-0.39,0.11,2.173,2.277,0.0008,0.6937,False
BRA,Brazil,White: Other European,4.2,3.16,-1.04,3.16,-0.0,3.16,0.0,3.19,3.13,3.13,3.19,0.05,8903940,6873541,0.0,0.0,unspecified,False,0.5,0.48,0.56,0.42,0.527,1.018,1.0,0.78,0.812,0.563,0.0,0.0,1.0,0.761,3.38,-0.82,0.22,2.173,2.277,0.0008,0.6937,False
BRA,Brazil,Pardo (Mixed Euro/African/Indigenous),43.1,51.89,8.79,51.95,-0.06,51.89,0.0,51.72,52.05,51.72,52.05,0.33,91371382,112845482,0.0,0.0,unspecified,False,0.5,0.48,0.56,0.42,0.527,1.274,1.0,0.78,0.878,0.563,0.0,0.0,1.0,0.761,49.56,6.46,-2.32,2.173,2.277,0.0008,0.6937,True
BRA,Brazil,Black (African descent),7.6,8.65,1.05,8.66,-0.01,8.65,0.0,8.61,8.68,8.61,8.68,0.08,16111891,18803807,0.0,0.0,unspecified,False,0.5,0.48,0.56,0.42,0.527,1.078,1.0,0.78,0.828,0.563,0.0,0.0,1.0,0.761,8.65,1.05,-0.0,2.173,2.277,0.0008,0.6937,False
BRA,Brazil,Asian (Japanese/Chinese descent),1.1,1.18,0.08,1.05,0.13,1.18,0.0,1.14,1.23,1.14,1.23,0.09,2331984,2568704,0.0,0.0,CHN,True,0.52,0.502,0.58,0.45,0.527,0.909,1.0,0.78,0.794,0.563,0.0,0.0,1.0,0.761,1.22,0.12,0.04,2.173,2.277,0.0008,0.6937,False
BRA,Brazil,Indigenous,0.4,0.49,0.09,0.49,-0.0,0.49,0.0,0.49,0.49,0.49,0.49,0.01,847994,1068819,0.0,0.0,unspecified,False,0.5,0.48,0.56,0.42,0.527,0.86,1.0,0.78,0.772,0.563,0.0,0.0,1.0,0.761,0.49,0.09,-0.01,2.173,2.277,0.0008,0.6937,False
BRA,Brazil,Other,0.1,0.1,0.0,0.1,-0.0,0.1,0.0,0.1,0.1,0.1,0.1,0.0,211999,225248,0.0,0.0,unspecified,False,0.5,0.48,0.56,0.42,0.527,0.831,1.0,0.78,0.764,0.563,0.0,0.0,1.0,0.761,0.11,0.01,0.0,2.173,2.277,0.0008,0.6937,False
BRB,Barbados,Black,92.4,93.17,0.77,93.21,-0.04,93.17,0.0,93.16,93.18,93.16,93.18,0.01,261008,246180,0.0,0.0,unspecified,False,0.5,0.48,0.56,0.42,0.561,1.3,1.0,0.78,0.907,0.0,0.0,0.0,1.0,0.761,92.96,0.56,-0.21,1.468,1.452,0.0005,0.1342,True
BRB,Barbados,Mixed,3.1,3.07,-0.03,3.07,-0.0,3.07,0.0,3.07,3.07,3.07,3.07,0.0,8757,8121,0.0,0.0,unspecified,False,0.5,0.48,0.56,0.42,0.561,0.989,1.0,0.78,0.822,0.0,0.0,0.0,1.0,0.761,3.11,0.01,0.04,1.468,1.452,0.0005,0.1342,False
BRB,Barbados,White,2.7,1.95,-0.75,1.95,-0.0,1.95,0.0,1.97,1.92,1.92,1.97,0.04,7627,5139,0.0,0.0,unspecified,False,0.5,0.48,0.56,0.42,0.561,0.977,1.0,0.78,0.818,0.0,0.0,0.0,1.0,0.761,2.09,-0.61,0.14,1.468,1.452,0.0005,0.1342,False
BRB,Barbados,East Indian,1.3,1.27,-0.03,1.28,-0.0,1.27,0.0,1.27,1.27,1.27,1.27,0.0,3672,3368,0.0,0.0,IND;PAK;BGD;LKA;NPL,False,0.718,0.719,0.752,0.684,0.561,0.92,1.0,0.78,0.913,0.0,0.0,0.0,1.0,0.761,1.29,-0.01,0.02,1.468,1.452,0.0005,0.1342,False
BRB,Barbados,Other,0.5,0.54,0.04,0.5,0.04,0.54,0.0,0.52,0.55,0.52,0.55,0.03,1412,1416,0.0,0.0,unspecified,False,0.5,0.48,0.56,0.42,0.561,0.869,1.0,0.78,0.789,0.0,0.0,0.0,1.0,0.761,0.54,0.04,0.01,1.468,1.452,0.0005,0.1342,False
BRN,Brunei,Malay,65.7,69.0,3.3,71.3,-2.3,69.02,-0.01,69.58,68.28,68.28,69.58,1.3,304016,358508,0.0,0.0,unspecified,False,0.5,0.48,0.56,0.42,0.619,1.3,1.0,0.46,0.873,0.0,0.51,0.112,1.0,0.761,67.78,2.08,-1.23,1.894,1.97,0.0005,0.4861,True
BRN,Brunei,Chinese,10.3,6.63,-3.67,6.86,-0.23,6.64,-0.0,6.79,6.47,6.47,6.79,0.31,47662,34471,0.0,0.0,CHN,False,0.52,0.502,0.58,0.45,0.619,1.111,1.0,0.46,0.837,0.0,0.51,0.112,1.0,0.761,7.19,-3.11,0.56,1.894,1.97,0.0005,0.4861,False
BRN,Brunei,Indigenous (Dusun/Iban/etc.),3.4,2.94,-0.46,3.03,-0.1,2.94,-0.0,2.97,2.89,2.89,2.97,0.08,15733,15251,0.0,0.0,unspecified,False,0.5,0.48,0.56,0.42,0.619,0.998,1.0,0.46,0.798,0.0,0.51,0.112,1.0,0.761,3.02,-0.38,0.08,1.894,1.97,0.0005,0.4861,False
BRN,Brunei,Other foreign workers,20.6,21.43,0.83,18.8,2.62,21.41,0.02,20.66,22.35,20.66,22.35,1.69,95323,111327,0.0,0.0,NGA;ETH;GHA;KEN;UGA;TZA;RWA;COD;CIV;CMR;SEN;ZMB;ZWE;MOZ;MWI;AGO;SDN;SOM;ERI;BFA;NER;MLI;GIN;SLE;LBR;BEN;TGO;GMB,True,0.711,0.785,0.574,0.717,0.619,1.189,1.001,0.46,0.97,0.0,0.51,0.112,1.0,0.761,22.01,1.41,0.59,1.894,1.97,0.0005,0.4861,False
BTN,Bhutan,Ngalop (Bhote),50.0,51.27,1.27,51.27,0.0,51.27,0.0,51.27,51.27,51.27,51.27,0.0,395765,452403,0.0,0.0,unspecified,False,0.5,0.48,0.56,0.42,0.497,1.292,1.0,0.78,0.864,0.0,0.0,0.0,1.0,0.761,50.57,0.57,-0.7,1.992,2.104,0.0005,0.6077,True
BTN,Bhutan,Lhotshampa (Nepali),35.0,34.09,-0.91,34.09,0.0,34.09,0.0,34.09,34.09,34.09,34.09,0.0,277036,300824,0.0,0.0,unspecified,False,0.5,0.48,0.56,0.42,0.497,1.25,1.0,0.78,0.854,0.0,0.0,0.0,1.0,0.761,34.59,-0.41,0.49,1.992,2.104,0.0005,0.6077,False
BTN,Bhutan,Sharchop,13.0,12.66,-0.34,12.66,0.0,12.66,0.0,12.66,12.66,12.66,12.66,0.0,102899,111735,0.0,0.0,unspecified,False,0.5,0.48,0.56,0.42,0.497,1.137,1.0,0.78,0.827,0.0,0.0,0.0,1.0,0.761,12.85,-0.15,0.18,1.992,2.104,0.0005,0.6077,False
BTN,Bhutan,Other,2.0,1.97,-0.03,1.97,0.0,1.97,0.0,1.97,1.97,1.97,1.97,0.0,15831,17383,0.0,0.0,unspecified,False,0.5,0.48,0.56,0.42,0.497,0.952,1.0,0.78,0.782,0.0,0.0,0.0,1.0,0.761,2.0,-0.0,0.03,1.992,2.104,0.0005,0.6077,False
BWA,Botswana,Tswana (Batswana),79.0,79.71,0.71,79.71,0.0,79.71,0.0,79.7,79.72,79.7,79.72,0.01,1991705,2739946,0.0,0.0,unspecified,False,0.5,0.48,0.56,0.42,0.454,1.3,1.0,0.78,0.839,0.0,0.0,0.0,1.0,0.761,79.38,0.38,-0.33,1.686,1.756,0.0005,0.3559,True
BWA,Botswana,Kalanga,11.0,10.74,-0.26,10.74,0.0,10.74,0.0,10.74,10.74,10.74,10.74,0.0,277326,369211,0.0,0.0,unspecified,False,0.5,0.48,0.56,0.42,0.454,1.118,1.0,0.78,0.798,0.0,0.0,0.0,1.0,0.761,10.89,-0.11,0.15,1.686,1.756,0.0005,0.3559,False
BWA,Botswana,Basarwa (San),3.0,2.96,-0.04,2.96,0.0,2.96,0.0,2.96,2.96,2.96,2.96,0.0,75634,101826,0.0,0.0,unspecified,False,0.5,0.48,0.56,0.42,0.454,0.986,1.0,0.78,0.769,0.0,0.0,0.0,1.0,0.761,3.0,0.0,0.04,1.686,1.756,0.0005,0.3559,False
BWA,Botswana,Kgalagadi,2.0,1.95,-0.05,1.95,0.0,1.95,0.0,1.95,1.95,1.95,1.95,0.0,50423,67129,0.0,0.0,unspecified,False,0.5,0.48,0.56,0.42,0.454,0.952,1.0,0.78,0.761,0.0,0.0,0.0,1.0,0.761,1.98,-0.02,0.03,1.686,1.756,0.0005,0.3559,False
BWA,Botswana,Herero,1.5,1.46,-0.04,1.46,0.0,1.46,0.0,1.46,1.46,1.46,1.46,0.0,37817,50347,0.0,0.0,unspecified,False,0.5,0.48,0.56,0.42,0.454,0.93,1.0,0.78,0.756,0.0,0.0,0.0,1.0,0.761,1.49,-0.01,0.02,1.686,1.756,0.0005,0.3559,False
BWA,Botswana,White (European),1.5,1.2,-0.3,1.2,0.0,1.2,0.0,1.2,1.19,1.19,1.2,0.02,37817,41089,0.0,0.0,unspecified,False,0.5,0.48,0.56,0.42,0.454,0.93,1.0,0.78,0.756,0.0,0.0,0.0,1.0,0.761,1.26,-0.24,0.06,1.686,1.756,0.0005,0.3559,False
BWA,Botswana,Other,2.0,1.97,-0.03,1.97,0.0,1.97,0.0,1.97,1.98,1.97,1.98,0.0,50423,67884,0.0,0.0,unspecified,False,0.5,0.48,0.56,0.42,0.454,0.952,1.0,0.78,0.761,0.0,0.0,0.0,1.0,0.761,2.0,0.0,0.03,1.686,1.756,0.0005,0.3559,False
CAF,Central African Rep.,Baya,33.0,34.71,1.71,34.71,0.0,34.71,0.0,34.71,34.71,34.71,34.71,0.0,1759128,3685398,0.0,0.0,unspecified,False,0.5,0.48,0.56,0.42,0.454,1.243,1.0,0.78,0.826,0.0,0.0,0.0,1.0,0.761,33.77,0.77,-0.94,2.08,2.346,0.0005,0.7802,True
CAF,Central African Rep.,Banda,27.0,26.3,-0.7,26.3,0.0,26.3,0.0,26.3,26.3,26.3,26.3,0.0,1439287,2792295,0.0,0.0,unspecified,False,0.5,0.48,0.56,0.42,0.454,1.22,1.0,0.78,0.821,0.0,0.0,0.0,1.0,0.761,26.68,-0.32,0.38,2.08,2.346,0.0005,0.7802,False
CAF,Central African Rep.,Mandjia,13.0,12.66,-0.34,12.66,0.0,12.66,0.0,12.66,12.66,12.66,12.66,0.0,692990,1344438,0.0,0.0,unspecified,False,0.5,0.48,0.56,0.42,0.454,1.137,1.0,0.78,0.802,0.0,0.0,0.0,1.0,0.761,12.85,-0.15,0.18,2.08,2.346,0.0005,0.7802,False
CAF,Central African Rep.,Sara,10.0,9.74,-0.26,9.74,0.0,9.74,0.0,9.74,9.74,9.74,9.74,0.0,533069,1034183,0.0,0.0,unspecified,False,0.5,0.48,0.56,0.42,0.454,1.108,1.0,0.78,0.796,0.0,0.0,0.0,1.0,0.761,9.88,-0.12,0.14,2.08,2.346,0.0005,0.7802,False
CAF,Central African Rep.,Mboum,7.0,6.82,-0.18,6.82,0.0,6.82,0.0,6.82,6.82,6.82,6.82,0.0,373148,723928,0.0,0.0,unspecified,False,0.5,0.48,0.56,0.42,0.454,1.07,1.0,0.78,0.787,0.0,0.0,0.0,1.0,0.761,6.92,-0.08,0.1,2.08,2.346,0.0005,0.7802,False
CAF,Central African Rep.,M'Baka,4.0,3.9,-0.1,3.9,0.0,3.9,0.0,3.9,3.9,3.9,3.9,0.0,213228,413673,0.0,0.0,unspecified,False,0.5,0.48,0.56,0.42,0.454,1.013,1.0,0.78,0.775,0.0,0.0,0.0,1.0,0.761,3.95,-0.05,0.06,2.08,2.346,0.0005,0.7802,False
CAF,Central African Rep.,Yakoma,4.0,3.9,-0.1,3.9,0.0,3.9,0.0,3.9,3.9,3.9,3.9,0.0,213228,413673,0.0,0.0,unspecified,False,0.5,0.48,0.56,0.42,0.454,1.013,1.0,0.78,0.775,0.0,0.0,0.0,1.0,0.761,3.95,-0.05,0.06,2.08,2.346,0.0005,0.7802,False
CAF,Central African Rep.,Other,2.0,1.97,-0.03,1.97,0.0,1.97,0.0,1.97,1.97,1.97,1.97,0.0,106614,209163,0.0,0.0,unspecified,False,0.5,0.48,0.56,0.42,0.454,0.952,1.0,0.78,0.761,0.0,0.0,0.0,1.0,0.761,2.0,-0.0,0.03,2.08,2.346,0.0005,0.7802,False
CAN,Canada,White (European),67.0,50.07,-16.93,63.93,-13.86,50.49,-0.43,54.57,46.33,46.33,54.57,8.23,26627427,22841689,0.0,0.0,unspecified,False,0.5,0.48,0.56,0.42,0.747,1.3,1.0,0.92,1.062,0.0,1.055,0.865,1.0,0.761,45.72,-21.28,-4.35,2.388,2.429,0.0005,0.7581,True
CAN,Canada,South Asian (Indian),5.2,11.75,6.55,5.57,6.18,11.85,-0.1,9.65,12.54,9.65,12.54,2.88,2066606,5362046,0.0,0.0,IND;PAK;BGD;LKA;NPL,True,0.718,0.719,0.752,0.684,0.747,1.039,1.126,0.92,1.212,0.0,1.055,0.865,1.0,0.761,10.73,5.53,-1.02,2.388,2.429,0.0005,0.7581,False
CAN,Canada,South Asian (Pakistani),1.0,1.94,0.94,1.3,0.64,1.96,-0.02,1.73,2.25,1.73,2.25,0.52,397424,885233,0.0,0.0,PAK,True,0.769,0.814,0.7,0.74,0.747,0.903,1.28,0.92,1.251,0.0,1.055,0.865,1.0,0.761,1.72,0.72,-0.22,2.388,2.429,0.0005,0.7581,False
CAN,Canada,South Asian (Sri Lankan),0.6,0.94,0.34,0.7,0.25,0.95,-0.01,0.87,1.06,0.87,1.06,0.19,238455,430551,0.0,0.0,IND;PAK;BGD;LKA;NPL,True,0.718,0.719,0.752,0.684,0.747,0.876,1.126,0.92,1.109,0.0,1.055,0.865,1.0,0.761,0.85,0.25,-0.09,2.388,2.429,0.0005,0.7581,False
CAN,Canada,South Asian (Other),0.8,1.24,0.44,0.89,0.35,1.25,-0.01,1.13,1.4,1.13,1.4,0.27,317939,565032,0.0,0.0,IND;PAK;BGD;LKA;NPL,True,0.718,0.719,0.752,0.684,0.747,0.891,1.126,0.92,1.118,0.0,1.055,0.865,1.0,0.761,1.12,0.32,-0.12,2.388,2.429,0.0005,0.7581,False
CAN,Canada,Chinese,4.9,5.45,0.55,4.16,1.29,5.5,-0.05,5.12,6.01,5.12,6.01,0.89,1947379,2488503,0.0,0.0,CHN,True,0.52,0.502,0.58,0.45,0.747,1.033,1.14,0.92,1.033,0.0,1.055,0.865,1.0,0.761,5.2,0.3,-0.26,2.388,2.429,0.0005,0.7581,False
CAN,Canada,Black (African),2.4,5.89,3.49,3.1,2.79,5.09,0.81,4.99,6.83,4.99,6.83,1.84,953818,2689333,0.0,0.0,NGA;ETH;GHA;KEN;UGA;TZA;RWA;COD;CIV;CMR;SEN;ZMB;ZWE;MOZ;MWI;AGO;SDN;SOM;ERI;BFA;NER;MLI;GIN;SLE;LBR;BEN;TGO;GMB,True,0.711,0.785,0.574,0.717,0.747,0.967,1.023,0.92,1.104,0.0,1.055,0.865,1.0,0.761,5.28,2.88,-0.62,2.388,2.429,0.0005,0.7581,False
CAN,Canada,Black (Caribbean),2.0,2.47,0.47,2.32,0.14,2.49,-0.02,2.44,2.55,2.44,2.55,0.11,794849,1125145,0.0,0.0,unspecified,True,0.5,0.48,0.56,0.42,0.747,0.952,1.0,0.92,0.925,0.0,1.055,0.865,1.0,0.761,2.22,0.22,-0.25,2.388,2.429,0.0005,0.7581,False
CAN,Canada,Filipino,2.6,4.93,2.33,2.44,2.49,4.97,-0.04,4.06,5.44,4.06,5.44,1.38,1033303,2247529,0.0,0.0,PHL,True,0.759,0.718,0.88,0.64,0.747,0.974,1.28,0.92,1.296,0.0,1.055,0.865,1.0,0.761,4.61,2.01,-0.32,2.388,2.429,0.0005,0.7581,False
CAN,Canada,Arab,2.1,3.48,1.38,2.82,0.67,3.51,-0.03,3.28,3.81,3.28,3.81,0.53,834591,1589917,0.0,0.0,unspecified,True,0.5,0.48,0.56,0.42,0.747,0.956,1.0,0.92,0.927,0.0,1.055,0.865,1.0,0.761,3.06,0.96,-0.42,2.388,2.429,0.0005,0.7581,False
CAN,Canada,Indigenous: First Nations,3.0,2.81,-0.19,3.6,-0.79,2.83,-0.02,3.04,2.61,2.61,3.04,0.43,1192273,1281873,0.0,0.0,unspecified,False,0.5,0.48,0.56,0.42,0.747,0.986,1.0,0.92,0.939,0.0,1.055,0.865,1.0,0.761,2.51,-0.49,-0.3,2.388,2.429,0.0005,0.7581,False
CAN,Canada,Indigenous: Métis,1.7,1.47,-0.23,1.89,-0.42,1.49,-0.01,1.6,1.37,1.37,1.6,0.23,675621,672158,0.0,0.0,unspecified,False,0.5,0.48,0.56,0.42,0.747,0.939,1.0,0.92,0.92,0.0,1.055,0.865,1.0,0.761,1.33,-0.37,-0.14,2.388,2.429,0.0005,0.7581,False
CAN,Canada,Indigenous: Inuit,0.3,0.33,0.03,0.43,-0.09,0.34,-0.0,0.36,0.31,0.31,0.36,0.05,119227,152502,0.0,0.0,unspecified,False,0.5,0.48,0.56,0.42,0.747,0.851,1.0,0.92,0.885,0.0,1.055,0.865,1.0,0.761,0.29,-0.01,-0.04,2.388,2.429,0.0005,0.7581,False
CAN,Canada,Korean,0.5,0.43,-0.07,0.38,0.05,0.44,-0.0,0.43,0.45,0.43,0.45,0.03,198712,197574,0.0,0.0,unspecified,True,0.5,0.48,0.56,0.42,0.747,0.869,1.0,0.92,0.892,0.0,1.055,0.865,1.0,0.761,0.42,-0.08,-0.01,2.388,2.429,0.0005,0.7581,False
CAN,Canada,Japanese,0.2,0.13,-0.07,0.14,-0.01,0.13,-0.0,0.14,0.13,0.13,0.14,0.01,79485,59223,0.0,0.0,unspecified,True,0.5,0.48,0.56,0.42,0.747,0.842,1.0,0.92,0.882,0.0,1.055,0.865,1.0,0.761,0.13,-0.07,-0.0,2.388,2.429,0.0005,0.7581,False
CAN,Canada,Latin American,1.0,1.15,0.15,0.94,0.22,1.16,-0.01,1.1,1.25,1.1,1.25,0.15,397424,526863,0.0,0.0,unspecified,True,0.5,0.48,0.56,0.42,0.747,0.903,1.0,0.92,0.906,0.0,1.055,0.865,1.0,0.761,1.08,0.08,-0.08,2.388,2.429,0.0005,0.7581,False
CAN,Canada,Southeast Asian,1.2,1.39,0.19,1.13,0.26,1.4,-0.01,1.32,1.5,1.32,1.5,0.18,476909,633585,0.0,0.0,unspecified,True,0.5,0.48,0.56,0.42,0.747,0.915,1.0,0.92,0.91,0.0,1.055,0.865,1.0,0.761,1.3,0.1,-0.09,2.388,2.429,0.0005,0.7581,False
CAN,Canada,West Asian (Iranian/Afghan/Turkish),1.0,1.59,0.59,1.21,0.39,1.61,-0.01,1.48,1.78,1.48,1.78,0.3,397424,727003,0.0,0.0,AFG,True,0.667,0.804,0.42,0.86,0.747,0.903,1.0,0.92,1.025,0.0,1.055,0.865,1.0,0.761,1.43,0.43,-0.17,2.388,2.429,0.0005,0.7581,False
CAN,Canada,Multiple origins,1.5,1.66,0.16,2.13,-0.47,1.67,-0.01,1.81,1.53,1.53,1.81,0.28,596136,757386,0.0,0.0,unspecified,False,0.5,0.48,0.56,0.42,0.747,0.93,1.0,0.92,0.916,0.0,1.055,0.865,1.0,0.761,10.21,8.71,8.55,2.388,2.429,0.0005,0.7581,False
CAN,Canada,Other,1.0,0.85,-0.15,0.94,-0.09,0.86,-0.01,0.89,0.83,0.83,0.89,0.06,397424,388735,0.0,0.0,unspecified,True,0.5,0.48,0.56,0.42,0.747,0.903,1.0,0.92,0.906,0.0,1.055,0.865,1.0,0.761,0.8,-0.2,-0.06,2.388,2.429,0.0005,0.7581,False
CHE,Switzerland,Swiss,69.2,65.02,-4.18,69.23,-4.21,65.07,-0.05,66.35,63.39,63.39,66.35,2.97,6174009,6074208,0.238,0.155,unspecified,False,0.5,0.48,0.56,0.42,0.699,1.3,1.0,0.78,0.994,0.0,0.62,0.397,1.0,0.761,64.6,-4.6,-0.42,2.175,2.178,0.0005,0.5723,True
CHE,Switzerland,German,4.2,4.31,0.11,3.94,0.37,4.31,-0.0,4.21,4.42,4.21,4.42,0.21,374723,402760,0.238,0.155,unspecified,True,0.5,0.48,0.56,0.42,0.699,1.018,1.0,0.78,0.898,0.0,0.62,0.397,1.0,0.761,4.42,0.22,0.1,2.175,2.178,0.0005,0.5723,False
CHE,Switzerland,Italian,3.2,3.28,0.08,3.0,0.28,3.28,-0.0,3.2,3.36,3.2,3.36,0.16,285503,306432,0.238,0.155,unspecified,True,0.5,0.48,0.56,0.42,0.699,0.992,1.0,0.78,0.889,0.0,0.62,0.397,1.0,0.761,3.36,0.16,0.08,2.175,2.178,0.0005,0.5723,False
CHE,Switzerland,Portuguese,2.5,2.97,0.47,2.35,0.63,2.98,-0.0,2.78,3.21,2.78,3.21,0.43,223049,277744,0.238,0.155,unspecified,True,0.5,0.48,0.56,0.42,0.699,0.97,1.0,0.78,0.882,0.0,0.62,0.397,1.0,0.761,3.05,0.55,0.07,2.175,2.178,0.0005,0.5723,False
CHE,Switzerland,French,2.1,2.15,0.05,1.97,0.18,2.15,-0.0,2.1,2.2,2.1,2.2,0.1,187362,200694,0.238,0.155,unspecified,True,0.5,0.48,0.56,0.42,0.699,0.956,1.0,0.78,0.877,0.0,0.62,0.397,1.0,0.761,2.2,0.1,0.05,2.175,2.178,0.0005,0.5723,False
CHE,Switzerland,Kosovar Albanian,1.1,1.31,0.21,1.39,-0.09,1.31,-0.0,1.33,1.28,1.28,1.33,0.04,98142,122164,0.238,0.155,unspecified,False,0.5,0.48,0.56,0.42,0.699,0.909,1.0,0.78,0.861,0.0,0.62,0.397,1.0,0.761,1.27,0.17,-0.04,2.175,2.178,0.0005,0.5723,False
CHE,Switzerland,Spanish,1.1,1.12,0.02,1.03,0.09,1.12,-0.0,1.1,1.15,1.1,1.15,0.05,98142,104855,0.238,0.155,unspecified,True,0.5,0.48,0.56,0.42,0.699,0.909,1.0,0.78,0.861,0.0,0.62,0.397,1.0,0.761,1.15,0.05,0.03,2.175,2.178,0.0005,0.5723,False
CHE,Switzerland,Turkish,1.0,1.26,0.26,1.34,-0.08,1.26,-0.0,1.27,1.23,1.23,1.27,0.04,89220,117323,0.238,0.155,unspecified,False,0.5,0.48,0.56,0.42,0.699,0.903,1.0,0.78,0.859,0.0,0.62,0.397,1.0,0.761,1.21,0.21,-0.05,2.175,2.178,0.0005,0.5723,False
CHE,Switzerland,Serbian,0.8,0.86,0.06,0.79,0.07,0.86,-0.0,0.84,0.88,0.84,0.88,0.04,71376,79940,0.238,0.155,unspecified,True,0.5,0.48,0.56,0.42,0.699,0.891,1.0,0.78,0.854,0.0,0.62,0.397,1.0,0.761,0.87,0.07,0.01,2.175,2.178,0.0005,0.5723,False
CHE,Switzerland,Eritrean,0.8,0.96,0.16,0.92,0.05,0.89,0.07,0.95,0.98,0.95,0.98,0.03,71376,90083,0.238,0.155,NGA;ETH;GHA;KEN;UGA;TZA;RWA;COD;CIV;CMR;SEN;ZMB;ZWE;MOZ;MWI;AGO;SDN;SOM;ERI;BFA;NER;MLI;GIN;SLE;LBR;BEN;TGO;GMB,True,0.711,0.785,0.574,0.717,0.699,0.891,1.0,0.78,0.983,0.0,0.62,0.397,1.0,0.761,0.95,0.15,-0.01,2.175,2.178,0.0005,0.5723,False
CHE,Switzerland,Albanian,1.4,1.87,0.47,1.38,0.49,1.87,-0.0,1.71,2.07,1.71,2.07,0.36,124908,174694,0.238,0.155,unspecified,True,0.5,0.48,0.56,0.42,0.699,0.925,1.0,0.78,0.866,0.0,0.62,0.397,1.0,0.761,1.9,0.5,0.03,2.175,2.178,0.0005,0.5723,False
CHE,Switzerland,Romanian,1.3,1.39,0.09,1.28,0.11,1.39,-0.0,1.36,1.43,1.36,1.43,0.07,115986,130112,0.238,0.155,unspecified,True,0.5,0.48,0.56,0.42,0.699,0.92,1.0,0.78,0.864,0.0,0.62,0.397,1.0,0.761,1.41,0.11,0.02,2.175,2.178,0.0005,0.5723,False
CHE,Switzerland,Polish,1.2,1.29,0.09,1.18,0.1,1.29,-0.0,1.26,1.32,1.26,1.32,0.06,107064,120068,0.238,0.155,unspecified,True,0.5,0.48,0.56,0.42,0.699,0.915,1.0,0.78,0.862,0.0,0.62,0.397,1.0,0.761,1.3,0.1,0.02,2.175,2.178,0.0005,0.5723,False
CHE,Switzerland,Indian,1.1,2.17,1.07,1.29,0.88,2.18,-0.0,1.85,2.61,1.85,2.61,0.75,98142,203109,0.238,0.155,IND;PAK;BGD;LKA;NPL,True,0.718,0.719,0.752,0.684,0.699,0.909,1.0,0.78,0.996,0.0,0.62,0.397,1.0,0.761,2.14,1.04,-0.04,2.175,2.178,0.0005,0.5723,False
CHE,Switzerland,Chinese,0.8,0.78,-0.02,0.71,0.06,0.78,-0.0,0.76,0.79,0.76,0.79,0.03,71376,72578,0.238,0.155,CHN,True,0.52,0.502,0.58,0.45,0.699,0.891,1.0,0.78,0.867,0.0,0.62,0.397,1.0,0.761,0.8,0.0,0.03,2.175,2.178,0.0005,0.5723,False
CHE,Switzerland,Macedonian,0.7,0.75,0.05,0.69,0.06,0.75,-0.0,0.73,0.77,0.73,0.77,0.04,62454,69921,0.238,0.155,unspecified,True,0.5,0.48,0.56,0.42,0.699,0.884,1.0,0.78,0.852,0.0,0.62,0.397,1.0,0.761,0.76,0.06,0.01,2.175,2.178,0.0005,0.5723,False
CHE,Switzerland,Bosnian,0.7,0.75,0.05,0.69,0.06,0.75,-0.0,0.73,0.77,0.73,0.77,0.04,62454,69921,0.238,0.155,unspecified,True,0.5,0.48,0.56,0.42,0.699,0.884,1.0,0.78,0.852,0.0,0.62,0.397,1.0,0.761,0.76,0.06,0.01,2.175,2.178,0.0005,0.5723,False
CHE,Switzerland,Iranian,0.6,0.76,0.16,0.7,0.06,0.76,-0.0,0.74,0.79,0.74,0.79,0.04,53532,71231,0.238,0.155,unspecified,True,0.5,0.48,0.56,0.42,0.699,0.876,1.0,0.78,0.849,0.0,0.62,0.397,1.0,0.761,0.75,0.15,-0.01,2.175,2.178,0.0005,0.5723,False
CHE,Switzerland,Filipino,0.6,0.92,0.32,0.59,0.33,0.92,-0.0,0.81,1.07,0.81,1.07,0.26,53532,85961,0.238,0.155,PHL,True,0.759,0.718,0.88,0.64,0.699,0.876,1.0,0.78,1.005,0.0,0.62,0.397,1.0,0.761,0.93,0.33,0.01,2.175,2.178,0.0005,0.5723,False
CHE,Switzerland,Other,5.6,6.09,0.49,5.52,0.57,6.09,-0.0,5.92,6.28,5.92,6.28,0.36,499631,568792,0.238,0.155,unspecified,True,0.5,0.48,0.56,0.42,0.699,1.046,1.0,0.78,0.908,0.0,0.62,0.397,1.0,0.761,6.18,0.58,0.09,2.175,2.178,0.0005,0.5723,False
CHL,Chile,White (Spanish/European descent),60.0,53.34,-6.66,53.34,0.0,53.34,0.0,53.59,53.08,53.08,53.59,0.51,11858864,10838428,0.0,0.0,unspecified,False,0.5,0.48,0.56,0.42,0.541,1.3,1.0,0.78,0.894,0.0,0.0,0.0,1.0,0.761,54.1,-5.9,0.77,1.933,2.017,0.0005,0.593,True
CHL,Chile,Mestizo,28.9,31.99,3.09,31.99,0.0,31.99,0.0,31.86,32.11,31.86,32.11,0.26,5712020,6499491,0.0,0.0,unspecified,False,0.5,0.48,0.56,0.42,0.541,1.228,1.0,0.78,0.875,0.0,0.0,0.0,1.0,0.761,31.73,2.83,-0.26,1.933,2.017,0.0005,0.593,False
CHL,Chile,Mapuche,9.1,11.93,2.83,11.93,0.0,11.93,0.0,11.83,12.03,11.83,12.03,0.2,1798594,2424237,0.0,0.0,unspecified,False,0.5,0.48,0.56,0.42,0.541,1.098,1.0,0.78,0.84,0.0,0.0,0.0,1.0,0.761,11.53,2.43,-0.4,1.933,2.017,0.0005,0.593,False
CHL,Chile,Aymara,1.0,1.31,0.31,1.31,0.0,1.31,0.0,1.3,1.32,1.3,1.32,0.02,197648,266400,0.0,0.0,unspecified,False,0.5,0.48,0.56,0.42,0.541,0.903,1.0,0.78,0.789,0.0,0.0,0.0,1.0,0.761,1.27,0.27,-0.04,1.933,2.017,0.0005,0.593,False
CHL,Chile,Other indigenous,0.7,1.1,0.4,1.1,0.0,1.1,0.0,1.09,1.11,1.09,1.11,0.03,138353,223522,0.0,0.0,unspecified,False,0.5,0.48,0.56,0.42,0.541,0.884,1.0,0.78,0.784,0.0,0.0,0.0,1.0,0.761,1.03,0.33,-0.07,1.933,2.017,0.0005,0.593,False
CHL,Chile,Other,0.3,0.34,0.04,0.34,0.0,0.34,0.0,0.33,0.34,0.33,0.34,0.0,59294,68228,0.0,0.0,unspecified,False,0.5,0.48,0.56,0.42,0.541,0.851,1.0,0.78,0.775,0.0,0.0,0.0,1.0,0.761,0.33,0.03,-0.0,1.933,2.017,0.0005,0.593,False
CHN,China,Han Chinese,91.1,89.83,-1.27,89.83,0.0,89.83,0.0,89.87,89.78,89.78,89.87,0.09,1293001690,1132094397,0.0,0.0,CHN,False,0.52,0.502,0.58,0.45,0.559,1.3,1.0,0.78,0.92,0.0,0.0,0.0,1.0,0.761,89.9,-1.2,0.07,1.539,1.486,0.0005,0.1903,True
CHN,China,Zhuang,1.4,1.66,0.26,1.66,0.0,1.66,0.0,1.65,1.67,1.65,1.67,0.02,19870498,20910153,0.0,0.0,unspecified,False,0.5,0.48,0.56,0.42,0.559,0.925,1.0,0.78,0.803,0.0,0.0,0.0,1.0,0.761,1.64,0.24,-0.02,1.539,1.486,0.0005,0.1903,False
CHN,China,Hui (Chinese Muslim),0.8,0.85,0.05,0.85,0.0,0.85,0.0,0.85,0.86,0.85,0.86,0.0,11354570,10765872,0.0,0.0,CHN,False,0.52,0.502,0.58,0.45,0.559,0.891,1.0,0.78,0.804,0.0,0.0,0.0,1.0,0.761,0.86,0.06,0.0,1.539,1.486,0.0005,0.1903,False
CHN,China,Manchu,0.7,0.55,-0.15,0.55,0.0,0.55,0.0,0.55,0.54,0.54,0.55,0.01,9935249,6903726,0.0,0.0,unspecified,False,0.5,0.48,0.56,0.42,0.559,0.884,1.0,0.78,0.792,0.0,0.0,0.0,1.0,0.761,0.57,-0.13,0.03,1.539,1.486,0.0005,0.1903,False
CHN,China,Uyghur,0.8,0.95,0.15,0.95,0.0,0.95,0.0,0.94,0.95,0.94,0.95,0.01,11354570,11948659,0.0,0.0,unspecified,False,0.5,0.48,0.56,0.42,0.559,0.891,1.0,0.78,0.794,0.0,0.0,0.0,1.0,0.761,0.94,0.14,-0.01,1.539,1.486,0.0005,0.1903,False
CHN,China,Miao/Hmong,0.8,0.95,0.15,0.95,0.0,0.95,0.0,0.94,0.95,0.94,0.95,0.01,11354570,11948659,0.0,0.0,unspecified,False,0.5,0.48,0.56,0.42,0.559,0.891,1.0,0.78,0.794,0.0,0.0,0.0,1.0,0.761,0.94,0.14,-0.01,1.539,1.486,0.0005,0.1903,False
CHN,China,Tibetan,0.5,0.59,0.09,0.59,0.0,0.59,0.0,0.59,0.6,0.59,0.6,0.01,7096606,7467912,0.0,0.0,unspecified,False,0.5,0.48,0.56,0.42,0.559,0.869,1.0,0.78,0.788,0.0,0.0,0.0,1.0,0.761,0.59,0.09,-0.01,1.539,1.486,0.0005,0.1903,False
CHN,China,Yi,0.7,0.83,0.13,0.83,0.0,0.83,0.0,0.83,0.83,0.83,0.83,0.01,9935249,10455076,0.0,0.0,unspecified,False,0.5,0.48,0.56,0.42,0.559,0.884,1.0,0.78,0.792,0.0,0.0,0.0,1.0,0.761,0.82,0.12,-0.01,1.539,1.486,0.0005,0.1903,False
CHN,China,Tujia,0.7,0.83,0.13,0.83,0.0,0.83,0.0,0.83,0.83,0.83,0.83,0.01,9935249,10455076,0.0,0.0,unspecified,False,0.5,0.48,0.56,0.42,0.559,0.884,1.0,0.78,0.792,0.0,0.0,0.0,1.0,0.761,0.82,0.12,-0.01,1.539,1.486,0.0005,0.1903,False
CHN,China,Other,2.5,2.96,0.46,2.96,0.0,2.96,0.0,2.95,2.98,2.95,2.98,0.03,35483032,37339559,0.0,0.0,unspecified,False,0.5,0.48,0.56,0.42,0.559,0.97,1.0,0.78,0.815,0.0,0.0,0.0,1.0,0.761,2.93,0.43,-0.03,1.539,1.486,0.0005,0.1903,False
CIV,Cote d'Ivoire,Akan (Baoule/Agni),28.9,30.66,1.76,30.66,0.0,30.66,0.0,30.66,30.66,30.66,30.66,0.0,9228992,17089811,0.0,0.0,unspecified,False,0.5,0.48,0.56,0.42,0.454,1.228,1.0,0.78,0.822,0.777,0.0,0.0,1.0,0.761,29.66,0.76,-1.0,2.227,2.384,0.0005,0.8072,True
CIV,Cote d'Ivoire,Voltaique/Gur,16.1,15.65,-0.45,15.65,0.0,15.65,0.0,15.65,15.65,15.65,15.65,0.0,5141411,8723788,0.0,0.0,unspecified,False,0.5,0.48,0.56,0.42,0.454,1.161,1.0,0.78,0.808,0.777,0.0,0.0,1.0,0.761,15.87,-0.23,0.23,2.227,2.384,0.0005,0.8072,False
CIV,Cote d'Ivoire,Northern Mande (Malinke),14.5,14.09,-0.41,14.09,0.0,14.09,0.0,14.09,14.09,14.09,14.09,0.0,4630463,7856827,0.0,0.0,unspecified,False,0.5,0.48,0.56,0.42,0.454,1.149,1.0,0.78,0.805,0.777,0.0,0.0,1.0,0.761,14.3,-0.2,0.2,2.227,2.384,0.0005,0.8072,False
CIV,Cote d'Ivoire,Krou (Bete),8.5,8.26,-0.24,8.26,0.0,8.26,0.0,8.26,8.26,8.26,8.26,0.0,2714409,4605726,0.0,0.0,unspecified,False,0.5,0.48,0.56,0.42,0.454,1.09,1.0,0.78,0.792,0.777,0.0,0.0,1.0,0.761,8.38,-0.12,0.12,2.227,2.384,0.0005,0.8072,False
CIV,Cote d'Ivoire,Southern Mande (Dan),6.9,6.71,-0.19,6.71,0.0,6.71,0.0,6.71,6.71,6.71,6.71,0.0,2203462,3738766,0.0,0.0,unspecified,False,0.5,0.48,0.56,0.42,0.454,1.068,1.0,0.78,0.787,0.777,0.0,0.0,1.0,0.761,6.8,-0.1,0.1,2.227,2.384,0.0005,0.8072,False
CIV,Cote d'Ivoire,Senoufo,3.5,3.4,-0.1,3.4,0.0,3.4,0.0,3.4,3.4,3.4,3.4,0.0,1117698,1896476,0.0,0.0,unspecified,False,0.5,0.48,0.56,0.42,0.454,1.0,1.0,0.78,0.772,0.777,0.0,0.0,1.0,0.761,3.45,-0.05,0.05,2.227,2.384,0.0005,0.8072,False
CIV,Cote d'Ivoire,Other,21.6,21.23,-0.37,21.23,0.0,21.23,0.0,21.23,21.23,21.23,21.23,0.0,6897793,11835590,0.0,0.0,unspecified,False,0.5,0.48,0.56,0.42,0.454,1.194,1.0,0.78,0.815,0.777,0.0,0.0,1.0,0.761,21.54,-0.06,0.31,2.227,2.384,0.0005,0.8072,False
CMR,Cameroon,Bamileke-Bamum,24.3,25.74,1.44,25.74,0.0,25.74,0.0,25.75,25.73,25.73,25.75,0.02,7077071,13153346,0.0,0.0,unspecified,False,0.5,0.48,0.56,0.42,0.454,1.208,1.0,0.78,0.818,0.786,0.0,0.0,1.0,0.761,24.73,0.43,-1.01,2.244,2.406,0.0005,0.8262,True
CMR,Cameroon,Fang-Beti,19.6,18.71,-0.89,18.71,0.0,18.71,0.0,18.72,18.7,18.7,18.72,0.02,5708255,9559436,0.0,0.0,unspecified,False,0.5,0.48,0.56,0.42,0.454,1.183,1.0,0.78,0.813,0.786,0.0,0.0,1.0,0.761,19.02,-0.58,0.31,2.244,2.406,0.0005,0.8262,False
CMR,Cameroon,Biu-Mandara,14.6,13.94,-0.66,13.94,0.0,13.94,0.0,13.94,13.93,13.93,13.94,0.01,4252067,7120804,0.0,0.0,unspecified,False,0.5,0.48,0.56,0.42,0.454,1.15,1.0,0.78,0.805,0.786,0.0,0.0,1.0,0.761,14.17,-0.43,0.23,2.244,2.406,0.0005,0.8262,False
CMR,Cameroon,Arab-Choa/Hausa,10.7,12.0,1.3,12.0,0.0,12.0,0.0,11.96,12.04,11.96,12.04,0.08,3116241,6131613,0.0,0.0,unspecified,False,0.5,0.48,0.56,0.42,0.454,1.115,1.0,0.78,0.797,0.786,0.0,0.0,1.0,0.761,11.98,1.28,-0.02,2.244,2.406,0.0005,0.8262,False
CMR,Cameroon,Mbam,4.6,4.39,-0.21,4.39,0.0,4.39,0.0,4.39,4.39,4.39,4.39,0.0,1339692,2243541,0.0,0.0,unspecified,False,0.5,0.48,0.56,0.42,0.454,1.027,1.0,0.78,0.778,0.786,0.0,0.0,1.0,0.761,4.46,-0.14,0.07,2.244,2.406,0.0005,0.8262,False
CMR,Cameroon,Maka-Njem,3.3,3.15,-0.15,3.15,0.0,3.15,0.0,3.15,3.15,3.15,3.15,0.0,961084,1609497,0.0,0.0,unspecified,False,0.5,0.48,0.56,0.42,0.454,0.995,1.0,0.78,0.771,0.786,0.0,0.0,1.0,0.761,3.2,-0.1,0.05,2.244,2.406,0.0005,0.8262,False
CMR,Cameroon,Grassfields (Tikar),3.0,2.86,-0.14,2.86,0.0,2.86,0.0,2.86,2.86,2.86,2.86,0.0,873712,1463179,0.0,0.0,unspecified,False,0.5,0.48,0.56,0.42,0.454,0.986,1.0,0.78,0.769,0.786,0.0,0.0,1.0,0.761,2.91,-0.09,0.05,2.244,2.406,0.0005,0.8262,False
CMR,Cameroon,Other,19.9,19.21,-0.69,19.21,0.0,19.21,0.0,19.22,19.2,19.2,19.22,0.02,5795626,9814908,0.0,0.0,unspecified,False,0.5,0.48,0.56,0.42,0.454,1.185,1.0,0.78,0.813,0.786,0.0,0.0,1.0,0.761,19.53,-0.37,0.32,2.244,2.406,0.0005,0.8262,False
COD,Congo (DRC),Luba,18.0,17.34,-0.66,17.34,0.0,17.34,0.0,17.34,17.34,17.34,17.34,0.01,19669728,37848036,0.0,0.0,unspecified,False,0.5,0.48,0.56,0.42,0.454,1.173,1.0,0.78,0.81,0.841,0.0,0.0,1.0,0.761,17.6,-0.4,0.26,2.223,2.455,0.0005,0.8592,False
COD,Congo (DRC),Kongo,16.0,15.42,-0.58,15.42,0.0,15.42,0.0,15.42,15.41,15.41,15.42,0.01,17484202,33642698,0.0,0.0,unspecified,False,0.5,0.48,0.56,0.42,0.454,1.16,1.0,0.78,0.807,0.841,0.0,0.0,1.0,0.761,15.65,-0.35,0.23,2.223,2.455,0.0005,0.8592,False
COD,Congo (DRC),Mongo,13.8,13.3,-0.5,13.3,0.0,13.3,0.0,13.3,13.29,13.29,13.3,0.0,15080124,29016827,0.0,0.0,unspecified,False,0.5,0.48,0.56,0.42,0.454,1.143,1.0,0.78,0.804,0.841,0.0,0.0,1.0,0.761,13.5,-0.3,0.2,2.223,2.455,0.0005,0.8592,False
COD,Congo (DRC),Banyarwanda,10.3,10.79,0.49,10.79,0.0,10.79,0.0,10.78,10.81,10.78,10.81,0.03,11255455,23553319,0.0,0.0,unspecified,False,0.5,0.48,0.56,0.42,0.454,1.111,1.0,0.78,0.797,0.841,0.0,0.0,1.0,0.761,10.88,0.58,0.09,2.223,2.455,0.0005,0.8592,False
COD,Congo (DRC),Azande,6.1,5.88,-0.22,5.88,0.0,5.88,0.0,5.88,5.88,5.88,5.88,0.0,6665852,12826279,0.0,0.0,unspecified,False,0.5,0.48,0.56,0.42,0.454,1.055,1.0,0.78,0.784,0.841,0.0,0.0,1.0,0.761,5.97,-0.13,0.09,2.223,2.455,0.0005,0.8592,False
COD,Congo (DRC),Bangi-Ngale,5.4,5.2,-0.2,5.2,0.0,5.2,0.0,5.2,5.2,5.2,5.2,0.0,5900918,11354411,0.0,0.0,unspecified,False,0.5,0.48,0.56,0.42,0.454,1.043,1.0,0.78,0.781,0.841,0.0,0.0,1.0,0.761,5.28,-0.12,0.08,2.223,2.455,0.0005,0.8592,False
COD,Congo (DRC),Chokwe,4.5,4.34,-0.16,4.34,0.0,4.34,0.0,4.34,4.33,4.33,4.34,0.0,4917432,9462009,0.0,0.0,unspecified,False,0.5,0.48,0.56,0.42,0.454,1.025,1.0,0.78,0.777,0.841,0.0,0.0,1.0,0.761,4.4,-0.1,0.07,2.223,2.455,0.0005,0.8592,False
COD,Congo (DRC),Lulua,3.0,2.89,-0.11,2.89,0.0,2.89,0.0,2.89,2.89,2.89,2.89,0.0,3278288,6308006,0.0,0.0,unspecified,False,0.5,0.48,0.56,0.42,0.454,0.986,1.0,0.78,0.769,0.841,0.0,0.0,1.0,0.761,2.93,-0.07,0.04,2.223,2.455,0.0005,0.8592,False
COD,Congo (DRC),Tshokwe/Lunda,2.5,2.41,-0.09,2.41,0.0,2.41,0.0,2.41,2.41,2.41,2.41,0.0,2731907,5256672,0.0,0.0,unspecified,False,0.5,0.48,0.56,0.42,0.454,0.97,1.0,0.78,0.765,0.841,0.0,0.0,1.0,0.761,2.45,-0.05,0.04,2.223,2.455,0.0005,0.8592,False
COD,Congo (DRC),Other,20.4,22.44,2.04,22.44,0.0,22.44,0.0,22.45,22.44,22.44,22.45,0.01,22292358,48977815,0.0,0.0,unspecified,False,0.5,0.48,0.56,0.42,0.454,1.188,1.0,0.78,0.814,0.841,0.0,0.0,1.0,0.761,21.34,0.94,-1.1,2.223,2.455,0.0005,0.8592,True
COG,Congo,Kongo,48.5,49.81,1.31,49.81,0.0,49.81,0.0,49.81,49.81,49.81,49.81,0.0,3071490,5482153,0.0,0.0,unspecified,False,0.5,0.48,0.56,0.42,0.454,1.288,1.0,0.78,0.836,0.0,0.0,0.0,1.0,0.761,49.09,0.59,-0.72,2.097,2.217,0.0005,0.6866,True
COG,Congo,Sangha,19.1,18.6,-0.5,18.6,0.0,18.6,0.0,18.6,18.6,18.6,18.6,0.0,1209597,2047662,0.0,0.0,unspecified,False,0.5,0.48,0.56,0.42,0.454,1.18,1.0,0.78,0.812,0.0,0.0,0.0,1.0,0.761,18.87,-0.23,0.27,2.097,2.217,0.0005,0.6866,False
COG,Congo,Teke,14.5,14.12,-0.38,14.12,0.0,14.12,0.0,14.12,14.12,14.12,14.12,0.0,918281,1554508,0.0,0.0,unspecified,False,0.5,0.48,0.56,0.42,0.454,1.149,1.0,0.78,0.805,0.0,0.0,0.0,1.0,0.761,14.33,-0.17,0.2,2.097,2.217,0.0005,0.6866,False
COG,Congo,M'Bochi,12.3,11.98,-0.32,11.98,0.0,11.98,0.0,11.98,11.98,11.98,11.98,0.0,778955,1318651,0.0,0.0,unspecified,False,0.5,0.48,0.56,0.42,0.454,1.131,1.0,0.78,0.801,0.0,0.0,0.0,1.0,0.761,12.15,-0.15,0.17,2.097,2.217,0.0005,0.6866,False
COG,Congo,Punu,3.0,2.92,-0.08,2.92,0.0,2.92,0.0,2.92,2.92,2.92,2.92,0.0,189989,321622,0.0,0.0,unspecified,False,0.5,0.48,0.56,0.42,0.454,0.986,1.0,0.78,0.769,0.0,0.0,0.0,1.0,0.761,2.96,-0.04,0.04,2.097,2.217,0.0005,0.6866,False
COG,Congo,Other,2.6,2.56,-0.04,2.56,0.0,2.56,0.0,2.56,2.56,2.56,2.56,0.0,164657,281874,0.0,0.0,unspecified,False,0.5,0.48,0.56,0.42,0.454,0.974,1.0,0.78,0.766,0.0,0.0,0.0,1.0,0.761,2.6,-0.0,0.04,2.097,2.217,0.0005,0.6866,False
COL,Colombia,Mestizo,45.0,45.69,0.69,45.86,-0.16,45.69,0.0,45.78,45.6,45.6,45.78,0.18,23798862,27134789,0.0,0.0,unspecified,False,0.5,0.48,0.56,0.42,0.512,1.279,1.0,0.78,0.87,0.586,0.0,0.0,1.0,0.761,44.73,-0.27,-0.97,2.058,2.141,0.0007,0.6498,True
COL,Colombia,White (Spanish/European descent),39.2,36.51,-2.69,36.65,-0.14,36.51,0.0,36.58,36.43,36.43,36.58,0.15,20731453,21683089,0.0,0.0,unspecified,False,0.5,0.48,0.56,0.42,0.512,1.263,1.0,0.78,0.866,0.586,0.0,0.0,1.0,0.761,37.46,-1.74,0.95,2.058,2.141,0.0007,0.6498,False
COL,Colombia,Afro-Colombian,6.8,7.42,0.62,7.44,-0.03,7.42,0.0,7.4,7.43,7.4,7.43,0.03,3596272,4403930,0.0,0.0,COL,False,0.632,0.586,0.78,0.6,0.512,1.066,1.0,0.78,0.888,0.586,0.0,0.0,1.0,0.761,7.44,0.64,0.02,2.058,2.141,0.0007,0.6498,False
COL,Colombia,Indigenous (Wayuu/Embera/etc.),4.3,5.55,1.25,5.58,-0.02,5.55,0.0,5.52,5.59,5.52,5.59,0.07,2274113,3298628,0.0,0.0,unspecified,False,0.5,0.48,0.56,0.42,0.512,1.02,1.0,0.78,0.805,0.586,0.0,0.0,1.0,0.761,5.42,1.12,-0.13,2.058,2.141,0.0007,0.6498,False
COL,Colombia,Venezuelan migrant,3.0,3.22,0.22,2.87,0.35,3.22,0.0,3.11,3.35,3.11,3.35,0.24,1586591,1914002,0.0,0.0,VEN,True,0.636,0.596,0.78,0.64,0.512,0.986,1.0,0.78,0.864,0.586,0.0,0.0,1.0,0.761,3.31,0.31,0.08,2.058,2.141,0.0007,0.6498,False
COL,Colombia,Other,1.7,1.6,-0.1,1.61,-0.01,1.6,0.0,1.6,1.6,1.6,1.6,0.01,899068,950913,0.0,0.0,unspecified,False,0.5,0.48,0.56,0.42,0.512,0.939,1.0,0.78,0.785,0.586,0.0,0.0,1.0,0.761,1.64,-0.06,0.04,2.058,2.141,0.0007,0.6498,False
COM,Comoros,Comorian (Antalote/Cafre/Makoa),97.0,97.05,0.05,97.05,0.0,97.05,0.0,97.05,97.05,97.05,97.05,0.0,840633,1268925,0.0,0.0,unspecified,False,0.5,0.48,0.56,0.42,0.454,1.3,1.0,0.78,0.839,0.0,0.0,0.0,1.0,0.761,97.0,0.0,-0.04,1.276,1.331,0.0005,0.0582,True
COM,Comoros,Makua / Other,3.0,2.95,-0.05,2.95,0.0,2.95,0.0,2.95,2.95,2.95,2.95,0.0,25999,38636,0.0,0.0,unspecified,False,0.5,0.48,0.56,0.42,0.454,0.986,1.0,0.78,0.769,0.0,0.0,0.0,1.0,0.761,3.0,-0.0,0.04,1.276,1.331,0.0005,0.0582,False
CPV,Cape Verde,Creole (Mulatto),71.0,71.85,0.85,71.85,0.0,71.85,0.0,71.85,71.85,71.85,71.85,0.01,372663,406766,0.0,0.0,unspecified,False,0.5,0.48,0.56,0.42,0.454,1.3,1.0,0.78,0.839,0.0,0.0,0.0,1.0,0.761,71.43,0.43,-0.42,1.783,1.834,0.0005,0.413,True
CPV,Cape Verde,African,28.0,27.32,-0.68,27.32,0.0,27.32,0.0,27.32,27.32,27.32,27.32,0.0,146966,154679,0.0,0.0,unspecified,False,0.5,0.48,0.56,0.42,0.454,1.224,1.0,0.78,0.822,0.0,0.0,0.0,1.0,0.761,27.71,-0.29,0.39,1.783,1.834,0.0005,0.413,False
CPV,Cape Verde,European,1.0,0.83,-0.17,0.83,0.0,0.83,0.0,0.83,0.83,0.83,0.83,0.01,5249,4697,0.0,0.0,unspecified,False,0.5,0.48,0.56,0.42,0.454,0.903,1.0,0.78,0.75,0.0,0.0,0.0,1.0,0.761,0.86,-0.14,0.03,1.783,1.834,0.0005,0.413,False
CRI,Costa Rica,White or Mestizo,80.0,78.78,-1.22,79.58,-0.8,78.78,0.0,79.05,78.46,78.46,79.05,0.59,4103927,4218211,0.0,0.0,unspecified,False,0.5,0.48,0.56,0.42,0.541,1.3,1.0,0.78,0.894,0.0,0.0,0.0,1.0,0.761,78.62,-1.38,-0.17,1.705,1.74,0.0005,0.3707,True
CRI,Costa Rica,Mulatto,6.7,6.39,-0.31,6.45,-0.07,6.39,0.0,6.41,6.36,6.36,6.41,0.05,343704,341875,0.0,0.0,unspecified,False,0.5,0.48,0.56,0.42,0.541,1.065,1.0,0.78,0.832,0.0,0.0,0.0,1.0,0.761,6.49,-0.21,0.1,1.705,1.74,0.0005,0.3707,False
CRI,Costa Rica,Indigenous (Bribri/Cabecar),2.4,3.25,0.85,3.28,-0.03,3.25,0.0,3.23,3.26,3.23,3.26,0.04,123118,173878,0.0,0.0,unspecified,False,0.5,0.48,0.56,0.42,0.541,0.967,1.0,0.78,0.806,0.0,0.0,0.0,1.0,0.761,3.13,0.73,-0.12,1.705,1.74,0.0005,0.3707,False
CRI,Costa Rica,Black,1.1,1.05,-0.05,1.06,-0.01,1.05,0.0,1.05,1.04,1.04,1.05,0.01,56429,56129,0.0,0.0,unspecified,False,0.5,0.48,0.56,0.42,0.541,0.909,1.0,0.78,0.791,0.0,0.0,0.0,1.0,0.761,1.07,-0.03,0.02,1.705,1.74,0.0005,0.3707,False
CRI,Costa Rica,Nicaraguan migrant,6.5,7.16,0.66,6.4,0.76,7.16,0.0,6.92,7.44,6.92,7.44,0.51,333444,383174,0.0,0.0,unspecified,True,0.5,0.48,0.56,0.42,0.541,1.062,1.0,0.78,0.831,0.0,0.0,0.0,1.0,0.761,7.27,0.77,0.11,1.705,1.74,0.0005,0.3707,False
CRI,Costa Rica,Other Central American migrant,1.5,1.64,0.14,1.48,0.17,1.64,0.0,1.59,1.71,1.59,1.71,0.11,76949,88001,0.0,0.0,unspecified,True,0.5,0.48,0.56,0.42,0.541,0.93,1.0,0.78,0.796,0.0,0.0,0.0,1.0,0.761,1.67,0.17,0.03,1.705,1.74,0.0005,0.3707,False
CRI,Costa Rica,Other,1.8,1.73,-0.07,1.75,-0.02,1.73,0.0,1.74,1.73,1.73,1.74,0.01,92338,92880,0.0,0.0,unspecified,False,0.5,0.48,0.56,0.42,0.541,0.944,1.0,0.78,0.8,0.0,0.0,0.0,1.0,0.761,1.76,-0.04,0.03,1.705,1.74,0.0005,0.3707,False
CUB,Cuba,White (Spanish descent),62.1,56.58,-5.52,56.58,0.0,56.58,0.0,56.8,56.35,56.35,56.8,0.45,6818444,5308042,0.0,0.0,unspecified,False,0.5,0.48,0.56,0.42,0.544,1.3,1.0,0.78,0.896,0.0,0.0,0.0,1.0,0.761,56.92,-5.18,0.35,1.911,1.991,0.0005,0.5648,True
CUB,Cuba,Mulatto (Mixed),27.6,31.87,4.27,31.87,0.0,31.87,0.0,31.7,32.04,31.7,32.04,0.35,3030420,2989853,0.0,0.0,unspecified,False,0.5,0.48,0.56,0.42,0.544,1.222,1.0,0.78,0.875,0.0,0.0,0.0,1.0,0.761,31.58,3.98,-0.28,1.911,1.991,0.0005,0.5648,False
CUB,Cuba,Black,9.3,10.74,1.44,10.74,0.0,10.74,0.0,10.68,10.8,10.68,10.8,0.12,1021120,1007450,0.0,0.0,unspecified,False,0.5,0.48,0.56,0.42,0.544,1.1,1.0,0.78,0.843,0.0,0.0,0.0,1.0,0.761,10.64,1.34,-0.1,1.911,1.991,0.0005,0.5648,False
CUB,Cuba,Chinese-Cuban,1.0,0.82,-0.18,0.82,0.0,0.82,0.0,0.82,0.81,0.81,0.82,0.01,109798,76650,0.0,0.0,CHN,False,0.52,0.502,0.58,0.45,0.544,0.903,1.0,0.78,0.8,0.0,0.0,0.0,1.0,0.761,0.85,-0.15,0.03,1.911,1.991,0.0005,0.5648,False
CYP,Cyprus,Greek Cypriot,77.0,71.87,-5.13,72.36,-0.49,71.87,0.0,72.17,71.53,71.53,72.17,0.64,1045881,1084075,0.272,0.138,unspecified,False,0.5,0.48,0.56,0.42,0.612,1.3,1.0,0.78,0.939,0.0,0.0,0.0,1.0,0.761,72.38,-4.62,0.51,1.731,1.771,0.0005,0.424,True
CYP,Cyprus,Turkish Cypriot,18.0,22.84,4.84,23.0,-0.16,22.84,0.0,22.73,22.94,22.73,22.94,0.21,244492,344601,0.272,0.138,unspecified,False,0.5,0.48,0.56,0.42,0.612,1.173,1.0,0.78,0.901,0.0,0.0,0.0,1.0,0.761,22.19,4.19,-0.65,1.731,1.771,0.0005,0.424,False
CYP,Cyprus,Foreign residents,5.0,5.29,0.29,4.64,0.65,5.29,0.0,5.1,5.53,5.1,5.53,0.43,67914,79809,0.272,0.138,unspecified,True,0.5,0.48,0.56,0.42,0.612,1.035,1.0,0.78,0.86,0.0,0.0,0.0,1.0,0.761,5.43,0.43,0.14,1.731,1.771,0.0005,0.424,False
CZE,Czechia,Czech,76.0,73.92,-2.08,75.95,-2.03,73.92,0.0,74.56,73.15,73.15,74.56,1.4,8159251,7262709,0.327,0.166,unspecified,False,0.5,0.48,0.56,0.42,0.638,1.3,1.0,0.78,0.955,0.0,0.0,0.0,1.0,0.761,73.62,-2.38,-0.3,1.894,1.823,0.0005,0.4422,True
CZE,Czechia,Moravian,5.0,4.7,-0.3,4.83,-0.13,4.7,0.0,4.74,4.65,4.65,4.74,0.09,536793,461508,0.327,0.166,unspecified,False,0.5,0.48,0.56,0.42,0.638,1.035,1.0,0.78,0.873,0.0,0.0,0.0,1.0,0.761,4.77,-0.23,0.07,1.894,1.823,0.0005,0.4422,False
CZE,Czechia,Slovak,2.3,2.55,0.25,2.27,0.27,2.55,0.0,2.46,2.65,2.46,2.65,0.19,246925,250148,0.327,0.166,unspecified,True,0.5,0.48,0.56,0.42,0.638,0.963,1.0,0.78,0.85,0.0,0.0,0.0,1.0,0.761,2.58,0.28,0.04,1.894,1.823,0.0005,0.4422,False
CZE,Czechia,Ukrainian,4.0,4.48,0.48,3.95,0.53,4.48,0.0,4.32,4.68,4.32,4.68,0.36,429434,440439,0.327,0.166,UKR,True,0.615,0.539,0.82,0.52,0.638,1.013,1.0,0.78,0.939,0.0,0.0,0.0,1.0,0.761,4.55,0.55,0.07,1.894,1.823,0.0005,0.4422,False
CZE,Czechia,Vietnamese,1.2,1.35,0.15,1.18,0.17,1.35,0.0,1.3,1.41,1.3,1.41,0.11,128830,132669,0.327,0.166,VNM,True,0.71,0.674,0.84,0.68,0.638,0.915,1.0,0.78,0.956,0.0,0.0,0.0,1.0,0.761,1.37,0.17,0.02,1.894,1.823,0.0005,0.4422,False
CZE,Czechia,Russian,0.9,0.99,0.09,0.89,0.1,0.99,0.0,0.96,1.03,0.96,1.03,0.07,96623,97567,0.327,0.166,unspecified,True,0.5,0.48,0.56,0.42,0.638,0.897,1.0,0.78,0.83,0.0,0.0,0.0,1.0,0.761,1.01,0.11,0.01,1.894,1.823,0.0005,0.4422,False
CZE,Czechia,Romani,1.0,1.42,0.42,1.46,-0.04,1.42,0.0,1.42,1.42,1.42,1.42,0.0,107359,139894,0.327,0.166,unspecified,False,0.5,0.48,0.56,0.42,0.638,0.903,1.0,0.78,0.832,0.0,0.0,0.0,1.0,0.761,1.35,0.35,-0.07,1.894,1.823,0.0005,0.4422,False
CZE,Czechia,Polish,0.6,0.56,-0.04,0.58,-0.02,0.56,0.0,0.57,0.56,0.56,0.57,0.01,64415,55381,0.327,0.166,unspecified,False,0.5,0.48,0.56,0.42,0.638,0.876,1.0,0.78,0.823,0.0,0.0,0.0,1.0,0.761,0.57,-0.03,0.01,1.894,1.823,0.0005,0.4422,False
CZE,Czechia,Other,9.0,10.03,1.03,8.89,1.14,10.03,0.0,9.68,10.45,9.68,10.45,0.77,966227,985227,0.327,0.166,unspecified,True,0.5,0.48,0.56,0.42,0.638,1.096,1.0,0.78,0.892,0.0,0.0,0.0,1.0,0.761,10.18,1.18,0.15,1.894,1.823,0.0005,0.4422,False
DEU,Germany,German,83.5,76.93,-6.57,81.83,-4.9,77.0,-0.07,78.64,74.92,74.92,78.64,3.72,70601115,60231134,0.346,0.24,unspecified,False,0.5,0.48,0.56,0.42,0.786,1.3,1.0,0.8,1.055,0.0,0.774,0.371,1.0,0.761,77.12,-6.38,0.19,1.977,1.88,0.0004,0.3999,True
DEU,Germany,Turkish,2.4,2.94,0.54,3.13,-0.19,2.94,-0.0,2.98,2.89,2.89,2.98,0.1,2029254,2302027,0.346,0.24,unspecified,False,0.5,0.48,0.56,0.42,0.786,0.967,1.0,0.8,0.926,0.0,0.774,0.371,1.0,0.761,2.84,0.44,-0.1,1.977,1.88,0.0004,0.3999,False
DEU,Germany,Syrian,1.4,3.59,2.19,2.16,1.43,3.59,-0.0,3.06,4.3,3.06,4.3,1.24,1183731,2809791,0.346,0.24,SYR,True,0.672,0.726,0.6,0.74,0.786,0.925,1.18,0.8,1.121,0.0,0.774,0.371,1.0,0.761,3.38,1.98,-0.21,1.977,1.88,0.0004,0.3999,False
DEU,Germany,Polish,1.2,1.5,0.3,1.17,0.33,1.5,-0.0,1.4,1.63,1.4,1.63,0.23,1014627,1176673,0.346,0.24,unspecified,True,0.5,0.48,0.56,0.42,0.786,0.915,1.0,0.8,0.905,0.0,0.774,0.371,1.0,0.761,1.53,0.33,0.03,1.977,1.88,0.0004,0.3999,False
DEU,Germany,Romanian,1.0,1.35,0.35,0.98,0.37,1.35,-0.0,1.23,1.5,1.23,1.5,0.27,845522,1057204,0.346,0.24,unspecified,True,0.5,0.48,0.56,0.42,0.786,0.903,1.0,0.8,0.901,0.0,0.774,0.371,1.0,0.761,1.37,0.37,0.02,1.977,1.88,0.0004,0.3999,False
DEU,Germany,Italian,0.9,0.99,0.09,0.84,0.15,0.99,-0.0,0.95,1.05,0.95,1.05,0.1,760970,777283,0.346,0.24,unspecified,True,0.5,0.48,0.56,0.42,0.786,0.897,1.0,0.8,0.899,0.0,0.774,0.371,1.0,0.761,1.02,0.12,0.03,1.977,1.88,0.0004,0.3999,False
DEU,Germany,Ukrainian,0.8,2.04,1.24,0.89,1.15,2.04,-0.0,1.6,2.41,1.6,2.41,0.81,676418,1595980,0.346,0.24,UKR,True,0.615,0.539,0.82,0.52,0.786,0.891,1.24,0.8,1.078,0.0,0.774,0.371,1.0,0.761,2.02,1.22,-0.01,1.977,1.88,0.0004,0.3999,False
DEU,Germany,Russian,0.7,0.75,0.05,0.68,0.07,0.75,-0.0,0.73,0.77,0.73,0.77,0.04,591866,586807,0.346,0.24,unspecified,True,0.5,0.48,0.56,0.42,0.786,0.884,1.0,0.8,0.893,0.0,0.774,0.371,1.0,0.761,0.76,0.06,0.01,1.977,1.88,0.0004,0.3999,False
DEU,Germany,Greek,0.6,0.64,0.04,0.59,0.06,0.64,-0.0,0.63,0.66,0.63,0.66,0.03,507313,502747,0.346,0.24,unspecified,True,0.5,0.48,0.56,0.42,0.786,0.876,1.0,0.8,0.891,0.0,0.774,0.371,1.0,0.761,0.65,0.05,0.01,1.977,1.88,0.0004,0.3999,False
DEU,Germany,Iraqi,0.5,1.04,0.54,0.72,0.32,1.04,-0.0,0.93,1.19,0.93,1.19,0.26,422761,815788,0.346,0.24,IRQ,True,0.651,0.702,0.58,0.7,0.786,0.869,1.0,0.8,0.99,0.0,0.774,0.371,1.0,0.761,0.99,0.49,-0.05,1.977,1.88,0.0004,0.3999,False
DEU,Germany,Afghan,0.4,0.92,0.52,0.58,0.34,0.92,-0.0,0.8,1.09,0.8,1.09,0.29,338209,722154,0.346,0.24,AFG,True,0.667,0.804,0.42,0.86,0.786,0.86,1.0,0.8,0.996,0.0,0.774,0.371,1.0,0.761,0.88,0.48,-0.05,1.977,1.88,0.0004,0.3999,False
DEU,Germany,Bulgarian,0.4,0.43,0.03,0.39,0.04,0.43,-0.0,0.42,0.44,0.42,0.44,0.02,338209,334826,0.346,0.24,unspecified,True,0.5,0.48,0.56,0.42,0.786,0.86,1.0,0.8,0.884,0.0,0.774,0.371,1.0,0.761,0.43,0.03,0.01,1.977,1.88,0.0004,0.3999,False
DEU,Germany,Croatian,0.3,0.32,0.02,0.29,0.03,0.32,-0.0,0.31,0.33,0.31,0.33,0.02,253657,250978,0.346,0.24,unspecified,True,0.5,0.48,0.56,0.42,0.786,0.851,1.0,0.8,0.881,0.0,0.774,0.371,1.0,0.761,0.33,0.03,0.01,1.977,1.88,0.0004,0.3999,False
DEU,Germany,Serbian,0.3,0.32,0.02,0.29,0.03,0.32,-0.0,0.31,0.33,0.31,0.33,0.02,253657,250978,0.346,0.24,unspecified,True,0.5,0.48,0.56,0.42,0.786,0.851,1.0,0.8,0.881,0.0,0.774,0.371,1.0,0.761,0.33,0.03,0.01,1.977,1.88,0.0004,0.3999,False
DEU,Germany,Kosovar,0.3,0.32,0.02,0.34,-0.02,0.32,-0.0,0.33,0.31,0.31,0.33,0.01,253657,251480,0.346,0.24,unspecified,False,0.5,0.48,0.56,0.42,0.786,0.851,1.0,0.8,0.881,0.0,0.774,0.371,1.0,0.761,0.32,0.02,-0.0,1.977,1.88,0.0004,0.3999,False
DEU,Germany,Spanish,0.4,0.41,0.01,0.37,0.04,0.41,-0.0,0.4,0.42,0.4,0.42,0.02,338209,319084,0.346,0.24,unspecified,True,0.5,0.48,0.56,0.42,0.786,0.86,1.0,0.8,0.884,0.0,0.774,0.371,1.0,0.761,0.42,0.02,0.01,1.977,1.88,0.0004,0.3999,False
DEU,Germany,French,0.4,0.41,0.01,0.37,0.04,0.41,-0.0,0.4,0.42,0.4,0.42,0.02,338209,319084,0.346,0.24,unspecified,True,0.5,0.48,0.56,0.42,0.786,0.86,1.0,0.8,0.884,0.0,0.774,0.371,1.0,0.761,0.42,0.02,0.01,1.977,1.88,0.0004,0.3999,False
DEU,Germany,Dutch,0.4,0.41,0.01,0.37,0.04,0.41,-0.0,0.4,0.42,0.4,0.42,0.02,338209,319084,0.346,0.24,unspecified,True,0.5,0.48,0.56,0.42,0.786,0.86,1.0,0.8,0.884,0.0,0.774,0.371,1.0,0.761,0.42,0.02,0.01,1.977,1.88,0.0004,0.3999,False
DEU,Germany,British,0.3,0.31,0.01,0.28,0.03,0.31,-0.0,0.3,0.31,0.3,0.31,0.01,253657,239178,0.346,0.24,unspecified,True,0.5,0.48,0.56,0.42,0.786,0.851,1.0,0.8,0.881,0.0,0.774,0.371,1.0,0.761,0.31,0.01,0.01,1.977,1.88,0.0004,0.3999,False
DEU,Germany,Other,3.8,4.38,0.58,3.71,0.67,4.3,0.08,4.19,4.62,4.19,4.62,0.43,3212985,3432323,0.346,0.24,NGA;ETH;GHA;KEN;UGA;TZA;RWA;COD;CIV;CMR;SEN;ZMB;ZWE;MOZ;MWI;AGO;SDN;SOM;ERI;BFA;NER;MLI;GIN;SLE;LBR;BEN;TGO;GMB,True,0.711,0.785,0.574,0.717,0.786,1.008,1.0,0.8,1.107,0.0,0.774,0.371,1.0,0.761,4.46,0.66,0.07,1.977,1.88,0.0004,0.3999,False
DJI,Djibouti,Somali (Issa),60.0,63.02,3.02,63.2,-0.18,63.02,0.0,63.02,63.01,63.01,63.02,0.01,701236,964581,0.0,0.0,SOM;ETH;KEN,False,0.717,0.799,0.567,0.747,0.454,1.3,1.0,0.78,0.964,0.0,0.0,0.0,1.0,0.761,62.2,2.2,-0.82,1.78,1.973,0.0005,0.5037,True
DJI,Djibouti,Afar,35.0,32.2,-2.8,32.29,-0.09,32.2,0.0,32.28,32.12,32.12,32.28,0.16,409054,492831,0.0,0.0,unspecified,False,0.5,0.48,0.56,0.42,0.454,1.25,1.0,0.78,0.827,0.0,0.0,0.0,1.0,0.761,32.9,-2.1,0.7,1.78,1.973,0.0005,0.5037,False
DJI,Djibouti,Arab,2.0,2.01,0.01,2.02,-0.01,2.01,0.0,2.01,2.01,2.01,2.01,0.0,23375,30826,0.0,0.0,unspecified,False,0.5,0.48,0.56,0.42,0.454,0.952,1.0,0.78,0.761,0.0,0.0,0.0,1.0,0.761,2.03,0.03,0.02,1.78,1.973,0.0005,0.5037,False
DJI,Djibouti,Other (French/Ethiopian),3.0,2.76,-0.24,2.48,0.28,2.76,0.0,2.69,2.86,2.69,2.86,0.17,35062,42308,0.0,0.0,ETH,True,0.71,0.81,0.52,0.76,0.454,0.986,1.0,0.78,0.861,0.0,0.0,0.0,1.0,0.761,2.87,-0.13,0.1,1.78,1.973,0.0005,0.5037,False
DMA,Dominica,Black,86.6,86.84,0.24,86.84,0.0,86.84,0.0,86.84,86.84,86.84,86.84,0.0,57352,54896,0.0,0.0,unspecified,False,0.5,0.48,0.56,0.42,0.536,1.3,1.0,0.78,0.891,0.0,0.0,0.0,1.0,0.761,86.65,0.05,-0.19,1.579,1.587,0.0005,0.2398,True
DMA,Dominica,Mixed,9.1,8.96,-0.14,8.96,0.0,8.96,0.0,8.96,8.96,8.96,8.96,0.0,6027,5661,0.0,0.0,unspecified,False,0.5,0.48,0.56,0.42,0.536,1.098,1.0,0.78,0.838,0.0,0.0,0.0,1.0,0.761,9.08,-0.02,0.13,1.579,1.587,0.0005,0.2398,False
DMA,Dominica,Indigenous (Kalinago),2.9,2.82,-0.08,2.82,0.0,2.82,0.0,2.82,2.82,2.82,2.82,0.0,1921,1784,0.0,0.0,unspecified,False,0.5,0.48,0.56,0.42,0.536,0.983,1.0,0.78,0.808,0.0,0.0,0.0,1.0,0.761,2.86,-0.04,0.04,1.579,1.587,0.0005,0.2398,False
DMA,Dominica,Other,1.4,1.38,-0.02,1.38,0.0,1.38,0.0,1.38,1.38,1.38,1.38,0.0,927,871,0.0,0.0,unspecified,False,0.5,0.48,0.56,0.42,0.536,0.925,1.0,0.78,0.793,0.0,0.0,0.0,1.0,0.761,1.4,-0.0,0.02,1.579,1.587,0.0005,0.2398,False
DNK,Denmark,Danish,83.0,79.54,-3.46,81.85,-2.31,79.62,-0.07,80.33,78.58,78.58,80.33,1.75,4961256,4871984,0.204,0.116,unspecified,False,0.5,0.48,0.56,0.42,0.648,1.3,1.0,0.78,0.962,0.0,0.526,0.399,1.0,0.761,79.53,-3.47,-0.01,2.033,1.951,0.0005,0.3631,True
DNK,Denmark,Other Nordic/European,4.0,4.14,0.14,3.73,0.41,4.15,-0.0,4.03,4.28,4.03,4.28,0.25,239097,253724,0.204,0.116,unspecified,True,0.5,0.48,0.56,0.42,0.648,1.013,1.0,0.78,0.871,0.0,0.526,0.399,1.0,0.761,4.25,0.25,0.11,2.033,1.951,0.0005,0.3631,False
DNK,Denmark,Polish,1.3,1.4,0.1,1.27,0.13,1.4,-0.0,1.36,1.45,1.36,1.45,0.09,77706,85958,0.204,0.116,unspecified,True,0.5,0.48,0.56,0.42,0.648,0.92,1.0,0.78,0.842,0.0,0.526,0.399,1.0,0.761,1.43,0.13,0.02,2.033,1.951,0.0005,0.3631,False
DNK,Denmark,Syrian,1.1,2.0,0.9,1.44,0.56,2.0,-0.0,1.8,2.26,1.8,2.26,0.45,65752,122618,0.204,0.116,SYR,True,0.672,0.726,0.6,0.74,0.648,0.909,1.0,0.78,0.938,0.0,0.526,0.399,1.0,0.761,1.93,0.83,-0.07,2.033,1.951,0.0005,0.3631,False
DNK,Denmark,Turkish,1.0,1.27,0.27,1.31,-0.04,1.27,-0.0,1.28,1.27,1.27,1.28,0.01,59774,78015,0.204,0.116,unspecified,False,0.5,0.48,0.56,0.42,0.648,0.903,1.0,0.78,0.836,0.0,0.526,0.399,1.0,0.761,1.23,0.23,-0.04,2.033,1.951,0.0005,0.3631,False
DNK,Denmark,Somali,0.8,1.34,0.54,1.25,0.09,1.25,0.09,1.3,1.39,1.3,1.39,0.09,47819,82131,0.204,0.116,NGA;ETH;GHA;KEN;UGA;TZA;RWA;COD;CIV;CMR;SEN;ZMB;ZWE;MOZ;MWI;AGO;SDN;SOM;ERI;BFA;NER;MLI;GIN;SLE;LBR;BEN;TGO;GMB,True,0.711,0.785,0.574,0.717,0.648,0.891,1.005,0.78,0.954,0.0,0.526,0.399,1.0,0.761,1.26,0.46,-0.08,2.033,1.951,0.0005,0.3631,False
DNK,Denmark,Pakistani,0.7,0.91,0.21,0.93,-0.03,0.91,-0.0,0.91,0.9,0.9,0.91,0.0,41842,55555,0.204,0.116,PAK,False,0.769,0.814,0.7,0.74,0.648,0.884,1.0,0.78,0.981,0.0,0.526,0.399,1.0,0.761,0.87,0.17,-0.03,2.033,1.951,0.0005,0.3631,False
DNK,Denmark,Iraqi,0.6,0.76,0.16,0.79,-0.02,0.76,-0.0,0.77,0.76,0.76,0.77,0.0,35865,46809,0.204,0.116,IRQ,False,0.651,0.702,0.58,0.7,0.648,0.876,1.0,0.78,0.912,0.0,0.526,0.399,1.0,0.761,0.74,0.14,-0.03,2.033,1.951,0.0005,0.3631,False
DNK,Denmark,Iranian,0.5,0.64,0.14,0.58,0.06,0.64,-0.0,0.62,0.66,0.62,0.66,0.04,29887,38928,0.204,0.116,unspecified,True,0.5,0.48,0.56,0.42,0.648,0.869,1.0,0.78,0.825,0.0,0.526,0.399,1.0,0.761,0.63,0.13,-0.01,2.033,1.951,0.0005,0.3631,False
DNK,Denmark,Ukrainian,0.5,0.92,0.42,0.49,0.43,0.92,-0.0,0.76,1.15,0.76,1.15,0.38,29887,56497,0.204,0.116,UKR,True,0.615,0.539,0.82,0.52,0.648,0.869,1.0,0.78,0.889,0.0,0.526,0.399,1.0,0.761,0.94,0.44,0.02,2.033,1.951,0.0005,0.3631,False
DNK,Denmark,Afghan,0.4,0.44,0.04,0.39,0.05,0.44,-0.0,0.42,0.46,0.42,0.46,0.03,23910,26844,0.204,0.116,AFG,True,0.667,0.804,0.42,0.86,0.648,0.86,1.0,0.78,0.914,0.0,0.526,0.399,1.0,0.761,0.45,0.05,0.01,2.033,1.951,0.0005,0.3631,False
DNK,Denmark,Lebanese,0.3,0.32,0.02,0.29,0.03,0.32,-0.0,0.31,0.33,0.31,0.33,0.02,17932,19775,0.204,0.116,unspecified,True,0.5,0.48,0.56,0.42,0.648,0.851,1.0,0.78,0.82,0.0,0.526,0.399,1.0,0.761,0.33,0.03,0.01,2.033,1.951,0.0005,0.3631,False
DNK,Denmark,Filipino,0.4,0.44,0.04,0.39,0.05,0.44,-0.0,0.42,0.46,0.42,0.46,0.03,23910,26912,0.204,0.116,PHL,True,0.759,0.718,0.88,0.64,0.648,0.86,1.0,0.78,0.965,0.0,0.526,0.399,1.0,0.761,0.45,0.05,0.01,2.033,1.951,0.0005,0.3631,False
DNK,Denmark,Thai,0.4,0.43,0.03,0.39,0.04,0.43,-0.0,0.42,0.44,0.42,0.44,0.03,23910,26377,0.204,0.116,unspecified,True,0.5,0.48,0.56,0.42,0.648,0.86,1.0,0.78,0.823,0.0,0.526,0.399,1.0,0.761,0.44,0.04,0.01,2.033,1.951,0.0005,0.3631,False
DNK,Denmark,Indian,0.4,0.44,0.04,0.39,0.05,0.44,-0.0,0.42,0.46,0.42,0.46,0.03,23910,26855,0.204,0.116,IND;PAK;BGD;LKA;NPL,True,0.718,0.719,0.752,0.684,0.648,0.86,1.0,0.78,0.942,0.0,0.526,0.399,1.0,0.761,0.45,0.05,0.01,2.033,1.951,0.0005,0.3631,False
DNK,Denmark,Other Middle Eastern/African/Asian,1.8,1.96,0.16,1.76,0.2,1.96,-0.0,1.9,2.03,1.9,2.03,0.13,107594,120199,0.204,0.116,unspecified,True,0.5,0.48,0.56,0.42,0.648,0.944,1.0,0.78,0.849,0.0,0.526,0.399,1.0,0.761,2.0,0.2,0.03,2.033,1.951,0.0005,0.3631,False
DNK,Denmark,Other,2.8,3.03,0.23,2.74,0.3,3.03,-0.0,2.94,3.13,2.94,3.13,0.19,167368,185649,0.204,0.116,unspecified,True,0.5,0.48,0.56,0.42,0.648,0.98,1.0,0.78,0.861,0.0,0.526,0.399,1.0,0.761,3.08,0.28,0.05,2.033,1.951,0.0005,0.3631,False
DOM,Dominican Rep.,Mixed (Mulatto),69.6,72.37,2.77,72.43,-0.07,72.37,0.0,72.33,72.41,72.33,72.41,0.08,7953580,9405114,0.0,0.0,unspecified,False,0.5,0.48,0.56,0.42,0.454,1.3,1.0,0.78,0.839,0.0,0.0,0.0,1.0,0.761,71.62,2.02,-0.75,1.907,1.911,0.0005,0.4489,True
DOM,Dominican Rep.,Black,15.8,15.84,0.04,15.85,-0.01,15.84,0.0,15.83,15.85,15.83,15.85,0.02,1805554,2058528,0.0,0.0,unspecified,False,0.5,0.48,0.56,0.42,0.454,1.159,1.0,0.78,0.807,0.0,0.0,0.0,1.0,0.761,15.99,0.19,0.15,1.907,1.911,0.0005,0.4489,False
DOM,Dominican Rep.,White,13.5,10.58,-2.92,10.59,-0.01,10.58,0.0,10.66,10.5,10.5,10.66,0.16,1542720,1374813,0.0,0.0,unspecified,False,0.5,0.48,0.56,0.42,0.454,1.141,1.0,0.78,0.803,0.0,0.0,0.0,1.0,0.761,11.16,-2.34,0.58,1.907,1.911,0.0005,0.4489,False
DOM,Dominican Rep.,Haitian migrant,0.8,0.91,0.11,0.82,0.09,0.91,0.0,0.88,0.94,0.88,0.94,0.06,91420,118312,0.0,0.0,HTI,True,0.658,0.768,0.48,0.86,0.454,0.891,1.0,0.78,0.81,0.0,0.0,0.0,1.0,0.761,0.92,0.12,0.01,1.907,1.911,0.0005,0.4489,False
DOM,Dominican Rep.,Other,0.3,0.3,0.0,0.3,-0.0,0.3,0.0,0.3,0.3,0.3,0.3,0.0,34283,39526,0.0,0.0,unspecified,False,0.5,0.48,0.56,0.42,0.454,0.851,1.0,0.78,0.739,0.0,0.0,0.0,1.0,0.761,0.31,0.01,0.0,1.907,1.911,0.0005,0.4489,False
DZA,Algeria,Arab,55.0,56.18,1.18,56.18,0.0,56.18,0.0,56.18,56.18,56.18,56.18,0.0,25747866,33463937,0.0,0.0,unspecified,False,0.5,0.48,0.56,0.42,0.454,1.3,1.0,0.78,0.839,0.626,0.0,0.0,1.0,0.761,55.54,0.54,-0.64,2.025,2.13,0.0005,0.6241,True
DZA,Algeria,Amazigh (Kabyle),23.0,22.42,-0.58,22.42,0.0,22.42,0.0,22.42,22.42,22.42,22.42,0.0,10767289,13354286,0.0,0.0,unspecified,False,0.5,0.48,0.56,0.42,0.454,1.201,1.0,0.78,0.817,0.626,0.0,0.0,1.0,0.761,22.74,-0.26,0.32,2.025,2.13,0.0005,0.6241,False
DZA,Algeria,Amazigh (Chaoui/Aurès),7.0,6.82,-0.18,6.82,0.0,6.82,0.0,6.82,6.82,6.82,6.82,0.0,3277001,4064348,0.0,0.0,unspecified,False,0.5,0.48,0.56,0.42,0.454,1.07,1.0,0.78,0.787,0.626,0.0,0.0,1.0,0.761,6.92,-0.08,0.1,2.025,2.13,0.0005,0.6241,False
DZA,Algeria,Arab-Berber (mixed),10.0,9.75,-0.25,9.75,0.0,9.75,0.0,9.75,9.75,9.75,9.75,0.0,4681430,5806211,0.0,0.0,unspecified,False,0.5,0.48,0.56,0.42,0.454,1.108,1.0,0.78,0.796,0.626,0.0,0.0,1.0,0.761,9.89,-0.11,0.14,2.025,2.13,0.0005,0.6241,False
DZA,Algeria,Mozabite/Tuareg,3.0,2.92,-0.08,2.92,0.0,2.92,0.0,2.92,2.92,2.92,2.92,0.0,1404429,1741863,0.0,0.0,unspecified,False,0.5,0.48,0.56,0.42,0.454,0.986,1.0,0.78,0.769,0.626,0.0,0.0,1.0,0.761,2.97,-0.03,0.04,2.025,2.13,0.0005,0.6241,False
DZA,Algeria,European,0.5,0.43,-0.07,0.43,0.0,0.43,0.0,0.43,0.43,0.43,0.43,0.0,234072,254177,0.0,0.0,unspecified,False,0.5,0.48,0.56,0.42,0.454,0.869,1.0,0.78,0.743,0.626,0.0,0.0,1.0,0.761,0.44,-0.06,0.02,2.025,2.13,0.0005,0.6241,False
DZA,Algeria,Other,1.5,1.48,-0.02,1.48,0.0,1.48,0.0,1.48,1.48,1.48,1.48,0.0,702215,880727,0.0,0.0,unspecified,False,0.5,0.48,0.56,0.42,0.454,0.93,1.0,0.78,0.756,0.626,0.0,0.0,1.0,0.761,1.5,-0.0,0.02,2.025,2.13,0.0005,0.6241,False
ECU,Ecuador,Mestizo,71.9,71.08,-0.82,71.08,0.0,71.08,0.0,71.12,71.03,71.03,71.12,0.09,13039409,15166208,0.0,0.0,unspecified,False,0.5,0.48,0.56,0.42,0.483,1.3,1.0,0.78,0.857,0.0,0.0,0.0,1.0,0.761,70.92,-0.98,-0.16,1.833,1.899,0.0005,0.4755,True
ECU,Ecuador,Montubio,7.4,7.05,-0.35,7.05,0.0,7.05,0.0,7.06,7.05,7.05,7.06,0.01,1342025,1505064,0.0,0.0,unspecified,False,0.5,0.48,0.56,0.42,0.483,1.075,1.0,0.78,0.804,0.0,0.0,0.0,1.0,0.761,7.18,-0.22,0.13,1.833,1.899,0.0005,0.4755,False
ECU,Ecuador,Afroecuadorian,7.2,7.96,0.76,7.96,0.0,7.96,0.0,7.93,7.98,7.93,7.98,0.05,1305754,1698084,0.0,0.0,unspecified,False,0.5,0.48,0.56,0.42,0.483,1.072,1.0,0.78,0.803,0.0,0.0,0.0,1.0,0.761,7.93,0.73,-0.02,1.833,1.899,0.0005,0.4755,False
ECU,Ecuador,Amerindian,7.0,9.07,2.07,9.07,0.0,9.07,0.0,9.01,9.14,9.01,9.14,0.13,1269483,1935778,0.0,0.0,IND;PAK;BGD;LKA;NPL,False,0.718,0.719,0.752,0.684,0.483,1.07,1.0,0.78,0.913,0.0,0.0,0.0,1.0,0.761,8.83,1.83,-0.25,1.833,1.899,0.0005,0.4755,False
ECU,Ecuador,White,6.1,4.45,-1.65,4.45,0.0,4.45,0.0,4.49,4.41,4.41,4.49,0.09,1106264,949827,0.0,0.0,unspecified,False,0.5,0.48,0.56,0.42,0.483,1.055,1.0,0.78,0.799,0.0,0.0,0.0,1.0,0.761,4.74,-1.36,0.29,1.833,1.899,0.0005,0.4755,False
ECU,Ecuador,Other,0.4,0.39,-0.01,0.39,0.0,0.39,0.0,0.39,0.39,0.39,0.39,0.0,72542,82270,0.0,0.0,unspecified,False,0.5,0.48,0.56,0.42,0.483,0.86,1.0,0.78,0.753,0.0,0.0,0.0,1.0,0.761,0.39,-0.01,0.01,1.833,1.899,0.0005,0.4755,False
EGY,Egypt,Egyptian (Sunni Muslim),84.9,84.83,-0.07,84.94,-0.12,84.83,0.0,84.87,84.77,84.77,84.87,0.1,98940979,137105586,0.0,0.0,EGY,False,0.7,0.706,0.72,0.66,0.454,1.3,1.0,0.78,0.954,0.706,0.0,0.0,1.0,0.761,84.66,-0.24,-0.16,1.517,1.626,0.0005,0.2728,True
EGY,Egypt,Egyptian (Coptic Christian),10.0,9.69,-0.31,9.7,-0.01,9.69,0.0,9.69,9.68,9.68,9.69,0.01,11653826,15661370,0.0,0.0,EGY,False,0.7,0.706,0.72,0.66,0.454,1.108,1.0,0.78,0.894,0.706,0.0,0.0,1.0,0.761,9.84,-0.16,0.15,1.517,1.626,0.0005,0.2728,False
EGY,Egypt,Nubian,1.0,0.97,-0.03,0.97,-0.0,0.97,0.0,0.97,0.97,0.97,0.97,0.0,1165383,1566137,0.0,0.0,unspecified,False,0.5,0.48,0.56,0.42,0.454,0.903,1.0,0.78,0.75,0.706,0.0,0.0,1.0,0.761,0.98,-0.02,0.01,1.517,1.626,0.0005,0.2728,False
EGY,Egypt,Bedouin Arab,1.0,0.97,-0.03,0.97,-0.0,0.97,0.0,0.97,0.97,0.97,0.97,0.0,1165383,1566137,0.0,0.0,unspecified,False,0.5,0.48,0.56,0.42,0.454,0.903,1.0,0.78,0.75,0.706,0.0,0.0,1.0,0.761,0.98,-0.02,0.01,1.517,1.626,0.0005,0.2728,False
EGY,Egypt,Sudanese migrant,0.7,0.85,0.15,0.78,0.08,0.85,0.0,0.83,0.88,0.83,0.88,0.06,815768,1376379,0.0,0.0,unspecified,True,0.5,0.48,0.56,0.42,0.454,0.884,1.0,0.78,0.746,0.706,0.0,0.0,1.0,0.761,0.85,0.15,-0.0,1.517,1.626,0.0005,0.2728,False
EGY,Egypt,Syrian migrant,0.5,0.61,0.11,0.55,0.06,0.61,0.0,0.59,0.64,0.59,0.64,0.04,582691,991779,0.0,0.0,SYR,True,0.672,0.726,0.6,0.74,0.454,0.869,1.0,0.78,0.809,0.706,0.0,0.0,1.0,0.761,0.61,0.11,-0.0,1.517,1.626,0.0005,0.2728,False
EGY,Egypt,Other Arab,1.9,2.08,0.18,2.08,-0.0,2.08,0.0,2.07,2.09,2.07,2.09,0.01,2214227,3362808,0.0,0.0,unspecified,False,0.5,0.48,0.56,0.42,0.454,0.948,1.0,0.78,0.76,0.706,0.0,0.0,1.0,0.761,2.07,0.17,-0.01,1.517,1.626,0.0005,0.2728,False
ERI,Eritrea,Tigrinya,55.0,54.44,-0.56,54.44,0.0,54.44,0.0,54.48,54.41,54.41,54.48,0.08,1944586,3101169,0.0,0.0,unspecified,False,0.5,0.48,0.56,0.42,0.337,1.3,1.0,0.78,0.764,0.767,0.0,0.0,1.0,0.761,53.93,-1.07,-0.52,1.903,2.095,0.0005,0.6051,True
ERI,Eritrea,Tigre,30.0,31.36,1.36,31.36,0.0,31.36,0.0,31.31,31.41,31.31,31.41,0.1,1060683,1786410,0.0,0.0,unspecified,False,0.5,0.48,0.56,0.42,0.337,1.232,1.0,0.78,0.753,0.767,0.0,0.0,1.0,0.761,31.64,1.64,0.28,1.903,2.095,0.0005,0.6051,False
ERI,Eritrea,Saho,4.0,3.78,-0.22,3.78,0.0,3.78,0.0,3.78,3.77,3.77,3.78,0.01,141424,215032,0.0,0.0,unspecified,False,0.5,0.48,0.56,0.42,0.337,1.013,1.0,0.78,0.717,0.767,0.0,0.0,1.0,0.761,3.84,-0.16,0.06,1.903,2.095,0.0005,0.6051,False
ERI,Eritrea,Kunama,2.0,1.89,-0.11,1.89,0.0,1.89,0.0,1.89,1.89,1.89,1.89,0.0,70712,107516,0.0,0.0,unspecified,False,0.5,0.48,0.56,0.42,0.337,0.952,1.0,0.78,0.707,0.767,0.0,0.0,1.0,0.761,1.92,-0.08,0.03,1.903,2.095,0.0005,0.6051,False
ERI,Eritrea,Rashaida,2.0,1.89,-0.11,1.89,0.0,1.89,0.0,1.89,1.89,1.89,1.89,0.0,70712,107516,0.0,0.0,unspecified,False,0.5,0.48,0.56,0.42,0.337,0.952,1.0,0.78,0.707,0.767,0.0,0.0,1.0,0.761,1.92,-0.08,0.03,1.903,2.095,0.0005,0.6051,False
ERI,Eritrea,Bilen,2.0,1.89,-0.11,1.89,0.0,1.89,0.0,1.89,1.89,1.89,1.89,0.0,70712,107516,0.0,0.0,unspecified,False,0.5,0.48,0.56,0.42,0.337,0.952,1.0,0.78,0.707,0.767,0.0,0.0,1.0,0.761,1.92,-0.08,0.03,1.903,2.095,0.0005,0.6051,False
ERI,Eritrea,Nara,1.5,1.42,-0.08,1.42,0.0,1.42,0.0,1.42,1.41,1.41,1.42,0.0,53034,80637,0.0,0.0,unspecified,False,0.5,0.48,0.56,0.42,0.337,0.93,1.0,0.78,0.703,0.767,0.0,0.0,1.0,0.761,1.44,-0.06,0.02,1.903,2.095,0.0005,0.6051,False
ERI,Eritrea,Other,3.5,3.34,-0.16,3.34,0.0,3.34,0.0,3.34,3.34,3.34,3.34,0.0,123746,190269,0.0,0.0,unspecified,False,0.5,0.48,0.56,0.42,0.337,1.0,1.0,0.78,0.715,0.767,0.0,0.0,1.0,0.761,3.4,-0.1,0.06,1.903,2.095,0.0005,0.6051,False
ESP,Spain,Spanish,79.2,71.87,-7.33,77.95,-6.07,71.9,-0.02,73.92,69.73,69.73,73.92,4.19,37945142,32292064,0.397,0.226,unspecified,False,0.5,0.48,0.56,0.42,0.77,1.3,1.0,0.78,1.04,0.0,0.63,0.239,1.0,0.761,71.91,-7.29,0.04,1.962,1.915,0.0005,0.4749,True
ESP,Spain,Moroccan,2.3,4.48,2.18,3.31,1.17,4.48,-0.0,4.07,5.02,4.07,5.02,0.95,1101942,2013841,0.397,0.226,MAR,True,0.63,0.613,0.7,0.58,0.77,0.963,1.24,0.78,1.117,0.0,0.63,0.239,1.0,0.761,4.29,1.99,-0.2,1.962,1.915,0.0005,0.4749,False
ESP,Spain,Romanian,1.9,2.0,0.1,1.85,0.15,2.0,-0.0,1.96,2.05,1.96,2.05,0.09,910300,898496,0.397,0.226,unspecified,True,0.5,0.48,0.56,0.42,0.77,0.948,1.0,0.78,0.907,0.0,0.63,0.239,1.0,0.761,2.04,0.14,0.04,1.962,1.915,0.0005,0.4749,False
ESP,Spain,Latin American,5.0,5.29,0.29,4.87,0.42,5.29,-0.0,5.18,5.44,5.18,5.44,0.26,2395527,2377463,0.397,0.226,unspecified,True,0.5,0.48,0.56,0.42,0.77,1.035,1.0,0.78,0.94,0.0,0.63,0.239,1.0,0.761,5.4,0.4,0.1,1.962,1.915,0.0005,0.4749,False
ESP,Spain,British,1.2,1.19,-0.01,1.11,0.09,1.19,-0.0,1.17,1.22,1.17,1.22,0.05,574926,536547,0.397,0.226,unspecified,True,0.5,0.48,0.56,0.42,0.77,0.915,1.0,0.78,0.895,0.0,0.63,0.239,1.0,0.761,1.23,0.03,0.04,1.962,1.915,0.0005,0.4749,False
ESP,Spain,Colombian,1.2,2.62,1.42,1.48,1.14,2.62,-0.0,2.2,3.19,2.2,3.19,0.99,574926,1175549,0.397,0.226,COL,True,0.632,0.586,0.78,0.6,0.77,0.915,1.24,0.78,1.091,0.0,0.63,0.239,1.0,0.761,2.56,1.36,-0.05,1.962,1.915,0.0005,0.4749,False
ESP,Spain,Venezuelan,1.0,3.18,2.18,1.28,1.9,3.18,-0.0,2.5,3.53,2.5,3.53,1.03,479105,1429290,0.397,0.226,VEN,True,0.636,0.596,0.78,0.64,0.77,0.903,1.28,0.78,1.104,0.0,0.63,0.239,1.0,0.761,3.1,2.1,-0.08,1.962,1.915,0.0005,0.4749,False
ESP,Spain,Ecuadorian,0.7,1.26,0.56,0.93,0.33,1.26,-0.0,1.15,1.41,1.15,1.41,0.26,335374,568103,0.397,0.226,unspecified,True,0.5,0.48,0.56,0.42,0.77,0.884,1.0,0.78,0.883,0.0,0.63,0.239,1.0,0.761,1.22,0.52,-0.04,1.962,1.915,0.0005,0.4749,False
ESP,Spain,Peruvian,0.6,1.08,0.48,0.8,0.28,1.08,-0.0,0.98,1.21,0.98,1.21,0.22,287463,486400,0.397,0.226,unspecified,True,0.5,0.48,0.56,0.42,0.77,0.876,1.0,0.78,0.88,0.0,0.63,0.239,1.0,0.761,1.05,0.45,-0.04,1.962,1.915,0.0005,0.4749,False
ESP,Spain,Italian,1.3,1.29,-0.01,1.2,0.1,1.29,-0.0,1.27,1.32,1.27,1.32,0.05,622837,581454,0.397,0.226,unspecified,True,0.5,0.48,0.56,0.42,0.77,0.92,1.0,0.78,0.897,0.0,0.63,0.239,1.0,0.761,1.33,0.03,0.04,1.962,1.915,0.0005,0.4749,False
ESP,Spain,German,1.2,1.19,-0.01,1.11,0.09,1.19,-0.0,1.17,1.22,1.17,1.22,0.05,574926,536547,0.397,0.226,unspecified,True,0.5,0.48,0.56,0.42,0.77,0.915,1.0,0.78,0.895,0.0,0.63,0.239,1.0,0.761,1.23,0.03,0.04,1.962,1.915,0.0005,0.4749,False
ESP,Spain,French,1.0,0.99,-0.01,0.92,0.07,0.99,-0.0,0.98,1.02,0.98,1.02,0.04,479105,446800,0.397,0.226,unspecified,True,0.5,0.48,0.56,0.42,0.77,0.903,1.0,0.78,0.89,0.0,0.63,0.239,1.0,0.761,1.02,0.02,0.03,1.962,1.915,0.0005,0.4749,False
ESP,Spain,Chinese,0.8,0.75,-0.05,0.7,0.06,0.75,-0.0,0.74,0.77,0.74,0.77,0.03,383284,338144,0.397,0.226,CHN,True,0.52,0.502,0.58,0.45,0.77,0.891,1.0,0.78,0.899,0.0,0.63,0.239,1.0,0.761,0.78,-0.02,0.03,1.962,1.915,0.0005,0.4749,False
ESP,Spain,Ukrainian,0.7,0.74,0.04,0.68,0.06,0.74,-0.0,0.73,0.76,0.73,0.76,0.04,335374,333379,0.397,0.226,UKR,True,0.615,0.539,0.82,0.52,0.77,0.884,1.0,0.78,0.96,0.0,0.63,0.239,1.0,0.761,0.76,0.06,0.01,1.962,1.915,0.0005,0.4749,False
ESP,Spain,Portuguese,0.7,0.7,-0.0,0.65,0.05,0.7,-0.0,0.68,0.71,0.68,0.71,0.03,335374,312376,0.397,0.226,unspecified,True,0.5,0.48,0.56,0.42,0.77,0.884,1.0,0.78,0.883,0.0,0.63,0.239,1.0,0.761,0.72,0.02,0.02,1.962,1.915,0.0005,0.4749,False
ESP,Spain,Other,1.2,1.34,0.14,1.17,0.17,1.31,0.03,1.29,1.4,1.29,1.4,0.11,574926,602109,0.397,0.226,NGA;ETH;GHA;KEN;UGA;TZA;RWA;COD;CIV;CMR;SEN;ZMB;ZWE;MOZ;MWI;AGO;SDN;SOM;ERI;BFA;NER;MLI;GIN;SLE;LBR;BEN;TGO;GMB,True,0.711,0.785,0.574,0.717,0.77,0.915,1.0,0.78,1.04,0.0,0.63,0.239,1.0,0.761,1.37,0.17,0.03,1.962,1.915,0.0005,0.4749,False
EST,Estonia,Estonian,69.1,72.3,3.2,73.1,-0.8,72.3,0.0,72.45,72.1,72.1,72.45,0.36,940139,849016,0.403,0.195,unspecified,False,0.5,0.48,0.56,0.42,0.68,1.3,1.0,0.78,0.982,0.0,0.0,0.0,1.0,0.761,71.35,2.25,-0.95,1.931,1.9,0.0005,0.4467,True
EST,Estonia,Russian,23.7,19.39,-4.31,19.61,-0.22,19.39,0.0,19.56,19.2,19.2,19.56,0.36,322450,227693,0.403,0.195,unspecified,False,0.5,0.48,0.56,0.42,0.68,1.205,1.0,0.78,0.951,0.0,0.0,0.0,1.0,0.761,20.26,-3.44,0.87,1.931,1.9,0.0005,0.4467,False
EST,Estonia,Ukrainian,2.1,2.55,0.45,2.19,0.36,2.55,0.0,2.43,2.69,2.43,2.69,0.26,28572,29931,0.403,0.195,UKR,True,0.615,0.539,0.82,0.52,0.68,0.956,1.0,0.78,0.941,0.0,0.0,0.0,1.0,0.761,2.57,0.47,0.02,1.931,1.9,0.0005,0.4467,False
EST,Estonia,Belarusian,1.0,0.82,-0.18,0.83,-0.01,0.82,0.0,0.83,0.81,0.81,0.83,0.02,13605,9607,0.403,0.195,unspecified,False,0.5,0.48,0.56,0.42,0.68,0.903,1.0,0.78,0.85,0.0,0.0,0.0,1.0,0.761,0.85,-0.15,0.04,1.931,1.9,0.0005,0.4467,False
EST,Estonia,Other,4.1,4.94,0.84,4.28,0.66,4.94,0.0,4.73,5.2,4.73,5.2,0.47,55782,58016,0.403,0.195,unspecified,True,0.5,0.48,0.56,0.42,0.68,1.016,1.0,0.78,0.888,0.0,0.0,0.0,1.0,0.761,4.97,0.87,0.03,1.931,1.9,0.0005,0.4467,False
ETH,Ethiopia,Oromo,35.8,36.87,1.07,36.87,0.0,36.87,0.0,36.89,36.86,36.86,36.89,0.03,47277398,82972424,0.0,0.0,unspecified,False,0.5,0.48,0.56,0.42,0.454,1.253,1.0,0.78,0.828,0.81,0.0,0.0,1.0,0.761,36.03,0.23,-0.85,2.083,2.347,0.0005,0.7843,True
ETH,Ethiopia,Amhara,24.1,23.1,-1.0,23.1,0.0,23.1,0.0,23.11,23.1,23.1,23.11,0.02,31826405,51990776,0.0,0.0,unspecified,False,0.5,0.48,0.56,0.42,0.454,1.207,1.0,0.78,0.818,0.81,0.0,0.0,1.0,0.761,23.47,-0.63,0.37,2.083,2.347,0.0005,0.7843,False
ETH,Ethiopia,Somali,7.2,8.34,1.14,8.34,0.0,8.34,0.0,8.3,8.37,8.3,8.37,0.07,9508303,18758604,0.0,0.0,SOM;ETH;KEN,False,0.717,0.799,0.567,0.747,0.454,1.072,1.0,0.78,0.892,0.81,0.0,0.0,1.0,0.761,8.31,1.11,-0.03,2.083,2.347,0.0005,0.7843,False
ETH,Ethiopia,Tigray,5.7,5.46,-0.24,5.46,0.0,5.46,0.0,5.47,5.46,5.46,5.47,0.0,7527407,12296574,0.0,0.0,unspecified,False,0.5,0.48,0.56,0.42,0.454,1.048,1.0,0.78,0.783,0.81,0.0,0.0,1.0,0.761,5.55,-0.15,0.09,2.083,2.347,0.0005,0.7843,False
ETH,Ethiopia,Sidama,4.1,3.93,-0.17,3.93,0.0,3.93,0.0,3.93,3.93,3.93,3.93,0.0,5414451,8844904,0.0,0.0,unspecified,False,0.5,0.48,0.56,0.42,0.454,1.016,1.0,0.78,0.775,0.81,0.0,0.0,1.0,0.761,3.99,-0.11,0.06,2.083,2.347,0.0005,0.7843,False
ETH,Ethiopia,Gurage,2.5,2.4,-0.1,2.4,0.0,2.4,0.0,2.4,2.4,2.4,2.4,0.0,3301494,5393234,0.0,0.0,unspecified,False,0.5,0.48,0.56,0.42,0.454,0.97,1.0,0.78,0.765,0.81,0.0,0.0,1.0,0.761,2.44,-0.06,0.04,2.083,2.347,0.0005,0.7843,False
ETH,Ethiopia,Welaita,2.3,2.21,-0.09,2.21,0.0,2.21,0.0,2.21,2.2,2.2,2.21,0.0,3037375,4961775,0.0,0.0,unspecified,False,0.5,0.48,0.56,0.42,0.454,0.963,1.0,0.78,0.764,0.81,0.0,0.0,1.0,0.761,2.24,-0.06,0.04,2.083,2.347,0.0005,0.7843,False
ETH,Ethiopia,Hadiya,1.7,1.63,-0.07,1.63,0.0,1.63,0.0,1.63,1.63,1.63,1.63,0.0,2245016,3667399,0.0,0.0,unspecified,False,0.5,0.48,0.56,0.42,0.454,0.939,1.0,0.78,0.758,0.81,0.0,0.0,1.0,0.761,1.66,-0.04,0.03,2.083,2.347,0.0005,0.7843,False
ETH,Ethiopia,Afar,1.7,1.63,-0.07,1.63,0.0,1.63,0.0,1.63,1.63,1.63,1.63,0.0,2245016,3667399,0.0,0.0,unspecified,False,0.5,0.48,0.56,0.42,0.454,0.939,1.0,0.78,0.758,0.81,0.0,0.0,1.0,0.761,1.66,-0.04,0.03,2.083,2.347,0.0005,0.7843,False
ETH,Ethiopia,Gamo,1.5,1.44,-0.06,1.44,0.0,1.44,0.0,1.44,1.44,1.44,1.44,0.0,1980897,3235940,0.0,0.0,unspecified,False,0.5,0.48,0.56,0.42,0.454,0.93,1.0,0.78,0.756,0.81,0.0,0.0,1.0,0.761,1.46,-0.04,0.02,2.083,2.347,0.0005,0.7843,False
ETH,Ethiopia,Other,13.4,12.99,-0.41,12.99,0.0,12.99,0.0,13.0,12.99,12.99,13.0,0.01,17696009,29232841,0.0,0.0,unspecified,False,0.5,0.48,0.56,0.42,0.454,1.14,1.0,0.78,0.803,0.81,0.0,0.0,1.0,0.761,13.2,-0.2,0.21,2.083,2.347,0.0005,0.7843,False
FIN,Finland,Finnish,86.9,85.7,-1.2,86.73,-1.03,85.77,-0.06,86.04,85.3,85.3,86.04,0.73,4881443,4586578,0.341,0.194,unspecified,False,0.5,0.48,0.56,0.42,0.739,1.3,1.0,0.78,1.02,0.0,0.565,0.384,1.0,0.761,85.57,-1.33,-0.13,1.854,1.766,0.0005,0.2625,True
FIN,Finland,Swedish-speaking,5.2,4.98,-0.22,5.04,-0.06,4.98,-0.0,5.0,4.95,4.95,5.0,0.04,292100,266307,0.341,0.194,unspecified,False,0.5,0.48,0.56,0.42,0.739,1.039,1.0,0.78,0.926,0.0,0.565,0.384,1.0,0.761,5.05,-0.15,0.08,1.854,1.766,0.0005,0.2625,False
FIN,Finland,Russian,1.5,1.71,0.21,1.49,0.22,1.71,-0.0,1.64,1.79,1.64,1.79,0.15,84260,91306,0.341,0.194,unspecified,True,0.5,0.48,0.56,0.42,0.739,0.93,1.0,0.78,0.886,0.0,0.565,0.384,1.0,0.761,1.73,0.23,0.03,1.854,1.766,0.0005,0.2625,False
FIN,Finland,Estonian,0.9,1.02,0.12,0.89,0.13,1.02,-0.0,0.98,1.07,0.98,1.07,0.09,50556,54679,0.341,0.194,unspecified,True,0.5,0.48,0.56,0.42,0.739,0.897,1.0,0.78,0.874,0.0,0.565,0.384,1.0,0.761,1.04,0.14,0.02,1.854,1.766,0.0005,0.2625,False
FIN,Finland,Somali,0.6,0.9,0.3,0.82,0.09,0.83,0.07,0.87,0.94,0.87,0.94,0.07,33704,48371,0.341,0.194,NGA;ETH;GHA;KEN;UGA;TZA;RWA;COD;CIV;CMR;SEN;ZMB;ZWE;MOZ;MWI;AGO;SDN;SOM;ERI;BFA;NER;MLI;GIN;SLE;LBR;BEN;TGO;GMB,True,0.711,0.785,0.574,0.717,0.739,0.876,1.005,0.78,1.003,0.0,0.565,0.384,1.0,0.761,0.87,0.27,-0.03,1.854,1.766,0.0005,0.2625,False
FIN,Finland,Iraqi,0.5,0.67,0.17,0.68,-0.01,0.67,-0.0,0.67,0.68,0.67,0.68,0.01,28087,36067,0.341,0.194,IRQ,False,0.651,0.702,0.58,0.7,0.739,0.869,1.0,0.78,0.959,0.0,0.565,0.384,1.0,0.761,0.65,0.15,-0.03,1.854,1.766,0.0005,0.2625,False
FIN,Finland,Vietnamese,0.3,0.35,0.05,0.3,0.05,0.35,-0.0,0.33,0.37,0.33,0.37,0.03,16852,18558,0.341,0.194,VNM,True,0.71,0.674,0.84,0.68,0.739,0.851,1.0,0.78,0.988,0.0,0.565,0.384,1.0,0.761,0.35,0.05,0.01,1.854,1.766,0.0005,0.2625,False
FIN,Finland,Sami (indigenous),0.1,0.1,-0.0,0.1,-0.0,0.1,-0.0,0.1,0.1,0.1,0.1,0.0,5617,5121,0.341,0.194,unspecified,False,0.5,0.48,0.56,0.42,0.739,0.831,1.0,0.78,0.851,0.0,0.565,0.384,1.0,0.761,0.1,-0.0,0.0,1.854,1.766,0.0005,0.2625,False
FIN,Finland,Other,4.0,4.57,0.57,3.96,0.61,4.58,-0.0,4.38,4.8,4.38,4.8,0.42,224692,244657,0.341,0.194,unspecified,True,0.5,0.48,0.56,0.42,0.739,1.013,1.0,0.78,0.916,0.0,0.565,0.384,1.0,0.761,4.64,0.64,0.07,1.854,1.766,0.0005,0.2625,False
FJI,Fiji,iTaukei (indigenous Fijian),56.8,66.61,9.81,66.61,0.0,66.61,0.0,66.38,66.83,66.38,66.83,0.45,527558,666258,0.0,0.0,unspecified,False,0.5,0.48,0.56,0.42,0.454,1.3,1.0,0.78,0.839,0.0,0.0,0.0,1.0,0.761,64.75,7.95,-1.86,1.917,1.998,0.0005,0.4885,True
FJI,Fiji,Fijian Indian,37.5,28.39,-9.11,28.39,0.0,28.39,0.0,28.6,28.18,28.18,28.6,0.42,348300,283974,0.0,0.0,IND;PAK;BGD;LKA;NPL,False,0.718,0.719,0.752,0.684,0.454,1.258,1.0,0.78,0.951,0.0,0.0,0.0,1.0,0.761,30.08,-7.42,1.69,1.917,1.998,0.0005,0.4885,False
FJI,Fiji,Rotuman,1.2,1.04,-0.16,1.04,0.0,1.04,0.0,1.05,1.04,1.04,1.05,0.01,11146,10441,0.0,0.0,unspecified,False,0.5,0.48,0.56,0.42,0.454,0.915,1.0,0.78,0.753,0.0,0.0,0.0,1.0,0.761,1.08,-0.12,0.04,1.917,1.998,0.0005,0.4885,False
FJI,Fiji,Other,4.5,3.96,-0.54,3.96,0.0,3.96,0.0,3.97,3.95,3.95,3.97,0.03,41796,39593,0.0,0.0,unspecified,False,0.5,0.48,0.56,0.42,0.454,1.025,1.0,0.78,0.777,0.0,0.0,0.0,1.0,0.761,4.1,-0.4,0.14,1.917,1.998,0.0005,0.4885,False
FRA,France,French (native),83.0,74.4,-8.6,79.93,-5.53,74.59,-0.19,76.3,72.06,72.06,76.3,4.24,55235282,50755208,0.136,0.084,unspecified,False,0.5,0.48,0.56,0.42,0.616,1.3,1.0,0.8,0.946,0.0,0.595,0.595,1.0,0.761,74.88,-8.12,0.48,2.014,1.92,0.0004,0.428,True
FRA,France,Algerian origin,2.8,4.31,1.51,3.45,0.86,4.32,-0.01,4.01,4.65,4.01,4.65,0.64,1863359,2937357,0.136,0.084,DZA,True,0.632,0.626,0.68,0.6,0.616,0.98,1.3,0.8,1.041,0.0,0.595,0.595,1.0,0.761,4.21,1.41,-0.1,2.014,1.92,0.0004,0.428,False
FRA,France,Moroccan origin,2.6,4.11,1.51,3.31,0.8,4.12,-0.01,3.84,4.44,3.84,4.44,0.6,1730262,2805018,0.136,0.084,MAR,True,0.63,0.613,0.7,0.58,0.616,0.974,1.28,0.8,1.029,0.0,0.595,0.595,1.0,0.761,4.0,1.4,-0.11,2.014,1.92,0.0004,0.428,False
FRA,France,Tunisian origin,0.9,1.3,0.4,1.07,0.23,1.3,-0.0,1.22,1.39,1.22,1.39,0.17,598937,887175,0.136,0.084,TUN,True,0.589,0.536,0.74,0.52,0.616,0.897,1.22,0.8,0.943,0.0,0.595,0.595,1.0,0.761,1.28,0.38,-0.02,2.014,1.92,0.0004,0.428,False
FRA,France,Other North African,0.7,1.05,0.35,0.89,0.16,1.05,-0.0,0.99,1.11,0.99,1.11,0.11,465840,713611,0.136,0.084,unspecified,True,0.5,0.48,0.56,0.42,0.616,0.884,1.0,0.8,0.819,0.0,0.595,0.595,1.0,0.761,1.02,0.32,-0.03,2.014,1.92,0.0004,0.428,False
FRA,France,Sub-Saharan African,4.0,8.75,4.75,5.6,3.15,8.52,0.23,7.63,10.19,7.63,10.19,2.56,2661941,5968258,0.136,0.084,NGA;ETH;GHA;KEN;UGA;TZA;RWA;COD;CIV;CMR;SEN;ZMB;ZWE;MOZ;MWI;AGO;SDN;SOM;ERI;BFA;NER;MLI;GIN;SLE;LBR;BEN;TGO;GMB,True,0.711,0.785,0.574,0.717,0.616,1.013,1.03,0.8,1.002,0.0,0.595,0.595,1.0,0.761,8.4,4.4,-0.35,2.014,1.92,0.0004,0.428,False
FRA,France,Portuguese,1.4,1.44,0.04,1.29,0.15,1.44,-0.0,1.4,1.48,1.4,1.48,0.08,931679,979048,0.136,0.084,unspecified,True,0.5,0.48,0.56,0.42,0.616,0.925,1.0,0.8,0.832,0.0,0.595,0.595,1.0,0.761,1.48,0.08,0.04,2.014,1.92,0.0004,0.428,False
FRA,France,Italian,0.9,0.87,-0.03,0.83,0.04,0.87,-0.0,0.86,0.87,0.86,0.87,0.01,598937,592093,0.136,0.084,unspecified,True,0.5,0.48,0.56,0.42,0.616,0.897,1.0,0.8,0.823,0.0,0.595,0.595,1.0,0.761,0.89,-0.01,0.03,2.014,1.92,0.0004,0.428,False
FRA,France,Spanish,0.7,0.67,-0.03,0.64,0.03,0.68,-0.0,0.67,0.68,0.67,0.68,0.01,465840,460262,0.136,0.084,unspecified,True,0.5,0.48,0.56,0.42,0.616,0.884,1.0,0.8,0.819,0.0,0.595,0.595,1.0,0.761,0.69,-0.01,0.02,2.014,1.92,0.0004,0.428,False
FRA,France,Turkish,0.6,0.62,0.02,0.67,-0.05,0.63,-0.0,0.64,0.61,0.61,0.64,0.03,399291,426009,0.136,0.084,unspecified,False,0.5,0.48,0.56,0.42,0.616,0.876,1.0,0.8,0.817,0.0,0.595,0.595,1.0,0.761,0.62,0.02,-0.0,2.014,1.92,0.0004,0.428,False
FRA,France,Southeast Asian (Vietnamese/Cambodian),0.6,0.71,0.11,0.62,0.08,0.71,-0.0,0.68,0.74,0.68,0.74,0.05,399291,482714,0.136,0.084,VNM,True,0.71,0.674,0.84,0.68,0.616,0.876,1.0,0.8,0.93,0.0,0.595,0.595,1.0,0.761,0.71,0.11,0.0,2.014,1.92,0.0004,0.428,False
FRA,France,Chinese,0.4,0.37,-0.03,0.35,0.02,0.37,-0.0,0.37,0.37,0.37,0.37,0.01,266194,251970,0.136,0.084,CHN,True,0.52,0.502,0.58,0.45,0.616,0.86,1.0,0.8,0.823,0.0,0.595,0.595,1.0,0.761,0.38,-0.02,0.01,2.014,1.92,0.0004,0.428,False
FRA,France,Other European,1.3,1.31,0.01,1.25,0.06,1.31,-0.0,1.29,1.32,1.29,1.32,0.03,865131,892553,0.136,0.084,unspecified,True,0.5,0.48,0.56,0.42,0.616,0.92,1.0,0.8,0.83,0.0,0.595,0.595,1.0,0.761,1.34,0.04,0.03,2.014,1.92,0.0004,0.428,False
FRA,France,Other,0.1,0.1,0.0,0.1,0.0,0.1,-0.0,0.1,0.1,0.1,0.1,0.0,66549,68407,0.136,0.084,unspecified,True,0.5,0.48,0.56,0.42,0.616,0.831,1.0,0.8,0.803,0.0,0.595,0.595,1.0,0.761,0.1,0.0,0.0,2.014,1.92,0.0004,0.428,False
FSM,Micronesia,Chuukese,48.8,50.03,1.23,50.03,0.0,50.03,0.0,50.03,50.03,50.03,50.03,0.0,55227,63249,0.0,0.0,unspecified,False,0.5,0.48,0.56,0.42,0.454,1.289,1.0,0.78,0.836,0.0,0.0,0.0,1.0,0.761,49.31,0.51,-0.72,2.076,2.191,0.0005,0.6692,True
FSM,Micronesia,Pohnpeian,24.2,23.54,-0.66,23.54,0.0,23.54,0.0,23.54,23.54,23.54,23.54,0.0,27387,29756,0.0,0.0,unspecified,False,0.5,0.48,0.56,0.42,0.454,1.207,1.0,0.78,0.818,0.0,0.0,0.0,1.0,0.761,23.88,-0.32,0.34,2.076,2.191,0.0005,0.6692,False
FSM,Micronesia,Kosraean,6.2,6.03,-0.17,6.03,0.0,6.03,0.0,6.03,6.03,6.03,6.03,0.0,7017,7624,0.0,0.0,unspecified,False,0.5,0.48,0.56,0.42,0.454,1.057,1.0,0.78,0.785,0.0,0.0,0.0,1.0,0.761,6.12,-0.08,0.09,2.076,2.191,0.0005,0.6692,False
FSM,Micronesia,Yapese,5.2,5.06,-0.14,5.06,0.0,5.06,0.0,5.06,5.06,5.06,5.06,0.0,5885,6394,0.0,0.0,unspecified,False,0.5,0.48,0.56,0.42,0.454,1.039,1.0,0.78,0.781,0.0,0.0,0.0,1.0,0.761,5.13,-0.07,0.07,2.076,2.191,0.0005,0.6692,False
FSM,Micronesia,Other,15.6,15.34,-0.26,15.34,0.0,15.34,0.0,15.34,15.34,15.34,15.34,0.0,17655,19397,0.0,0.0,unspecified,False,0.5,0.48,0.56,0.42,0.454,1.157,1.0,0.78,0.807,0.0,0.0,0.0,1.0,0.761,15.56,-0.04,0.22,2.076,2.191,0.0005,0.6692,False
GAB,Gabon,Fang,23.2,22.49,-0.71,22.54,-0.04,22.49,0.0,22.51,22.48,22.48,22.51,0.03,589037,918704,0.0,0.0,unspecified,False,0.5,0.48,0.56,0.42,0.454,1.202,1.0,0.78,0.817,0.0,0.0,0.0,1.0,0.761,22.81,-0.39,0.32,2.237,2.387,0.0005,0.8105,False
GAB,Gabon,Shirazi-Punu,18.7,18.13,-0.57,18.17,-0.04,18.13,0.0,18.14,18.12,18.12,18.14,0.02,474784,740507,0.0,0.0,unspecified,False,0.5,0.48,0.56,0.42,0.454,1.178,1.0,0.78,0.811,0.0,0.0,0.0,1.0,0.761,18.39,-0.31,0.26,2.237,2.387,0.0005,0.8105,False
GAB,Gabon,Nzabi,11.5,11.15,-0.35,11.17,-0.02,11.15,0.0,11.16,11.14,11.14,11.16,0.01,291980,455392,0.0,0.0,unspecified,False,0.5,0.48,0.56,0.42,0.454,1.123,1.0,0.78,0.799,0.0,0.0,0.0,1.0,0.761,11.31,-0.19,0.16,2.237,2.387,0.0005,0.8105,False
GAB,Gabon,Mbamba,11.0,10.66,-0.34,10.69,-0.02,10.66,0.0,10.67,10.66,10.66,10.67,0.01,279285,435592,0.0,0.0,unspecified,False,0.5,0.48,0.56,0.42,0.454,1.118,1.0,0.78,0.798,0.0,0.0,0.0,1.0,0.761,10.82,-0.18,0.15,2.237,2.387,0.0005,0.8105,False
GAB,Gabon,Tsogo,4.0,3.88,-0.12,3.89,-0.01,3.88,0.0,3.88,3.88,3.88,3.88,0.01,101558,158397,0.0,0.0,unspecified,False,0.5,0.48,0.56,0.42,0.454,1.013,1.0,0.78,0.775,0.0,0.0,0.0,1.0,0.761,3.93,-0.07,0.06,2.237,2.387,0.0005,0.8105,False
GAB,Gabon,Kota,3.0,2.91,-0.09,2.91,-0.01,2.91,0.0,2.91,2.91,2.91,2.91,0.0,76169,118798,0.0,0.0,unspecified,False,0.5,0.48,0.56,0.42,0.454,0.986,1.0,0.78,0.769,0.0,0.0,0.0,1.0,0.761,2.95,-0.05,0.04,2.237,2.387,0.0005,0.8105,False
GAB,Gabon,Other African,26.6,28.65,2.05,28.7,-0.05,28.65,0.0,28.67,28.63,28.63,28.67,0.04,675361,1170248,0.0,0.0,unspecified,False,0.5,0.48,0.56,0.42,0.454,1.218,1.0,0.78,0.82,0.0,0.0,0.0,1.0,0.761,27.62,1.02,-1.03,2.237,2.387,0.0005,0.8105,True
GAB,Gabon,French expatriate,2.0,2.13,0.13,1.94,0.19,2.13,0.0,2.07,2.2,2.07,2.2,0.13,50779,86901,0.0,0.0,unspecified,True,0.5,0.48,0.56,0.42,0.454,0.952,1.0,0.78,0.761,0.0,0.0,0.0,1.0,0.761,2.17,0.17,0.04,2.237,2.387,0.0005,0.8105,False
GBR,UK,White British,74.4,65.28,-9.12,71.52,-6.25,65.53,-0.25,67.37,62.72,62.72,67.37,4.65,51438810,49285713,0.204,0.134,unspecified,False,0.5,0.48,0.56,0.42,0.686,1.3,1.0,0.84,1.001,0.0,0.71,0.682,1.0,0.761,61.55,-12.85,-3.72,2.17,2.165,0.0004,0.6019,True
GBR,UK,Other White,4.6,4.18,-0.42,3.99,0.19,4.19,-0.02,4.15,4.2,4.15,4.2,0.05,3180357,3152923,0.204,0.134,unspecified,True,0.5,0.48,0.56,0.42,0.686,1.027,1.0,0.84,0.906,0.0,0.71,0.682,1.0,0.761,4.08,-0.52,-0.09,2.17,2.165,0.0004,0.6019,False
GBR,UK,Indian,3.1,4.83,1.73,3.42,1.41,4.84,-0.02,4.35,5.41,4.35,5.41,1.06,2143284,3643374,0.204,0.134,IND;PAK;BGD;LKA;NPL,True,0.718,0.719,0.752,0.684,0.686,0.989,1.168,0.84,1.126,0.0,0.71,0.682,1.0,0.761,4.51,1.41,-0.31,2.17,2.165,0.0004,0.6019,False
GBR,UK,Pakistani,2.3,4.7,2.4,3.49,1.21,4.72,-0.02,4.27,5.23,4.27,5.23,0.96,1590178,3549259,0.204,0.134,PAK,True,0.769,0.814,0.7,0.74,0.686,0.963,1.32,0.84,1.229,0.0,0.71,0.682,1.0,0.761,4.17,1.87,-0.53,2.17,2.165,0.0004,0.6019,False
GBR,UK,Bangladeshi,1.0,2.03,1.03,1.56,0.46,2.03,-0.01,1.86,2.22,1.86,2.22,0.37,691382,1529000,0.204,0.134,BGD,True,0.735,0.788,0.68,0.84,0.686,0.903,1.22,0.84,1.113,0.0,0.71,0.682,1.0,0.761,1.79,0.79,-0.24,2.17,2.165,0.0004,0.6019,False
GBR,UK,Chinese,0.8,0.77,-0.03,0.69,0.08,0.78,-0.0,0.75,0.79,0.75,0.79,0.04,553105,583435,0.204,0.134,CHN,True,0.52,0.502,0.58,0.45,0.686,0.891,1.0,0.84,0.872,0.0,0.71,0.682,1.0,0.761,0.76,-0.04,-0.02,2.17,2.165,0.0004,0.6019,False
GBR,UK,Other Asian,1.5,1.94,0.44,1.43,0.51,1.95,-0.01,1.78,2.14,1.78,2.14,0.36,1037073,1465999,0.204,0.134,unspecified,True,0.5,0.48,0.56,0.42,0.686,0.93,1.0,0.84,0.873,0.0,0.71,0.682,1.0,0.761,1.86,0.36,-0.08,2.17,2.165,0.0004,0.6019,False
GBR,UK,Black African,2.5,5.64,3.14,3.35,2.29,5.27,0.36,4.83,6.65,4.83,6.65,1.82,1728455,4257549,0.204,0.134,NGA;ETH;GHA;KEN;UGA;TZA;RWA;COD;CIV;CMR;SEN;ZMB;ZWE;MOZ;MWI;AGO;SDN;SOM;ERI;BFA;NER;MLI;GIN;SLE;LBR;BEN;TGO;GMB,True,0.711,0.785,0.574,0.717,0.686,0.97,1.03,0.84,1.043,0.0,0.71,0.682,1.0,0.761,5.13,2.63,-0.51,2.17,2.165,0.0004,0.6019,False
GBR,UK,Black Caribbean,1.1,0.93,-0.17,1.02,-0.09,0.94,-0.0,0.96,0.9,0.9,0.96,0.07,760520,704700,0.204,0.134,unspecified,False,0.5,0.48,0.56,0.42,0.686,0.909,1.0,0.84,0.865,0.0,0.71,0.682,1.0,0.761,0.9,-0.2,-0.04,2.17,2.165,0.0004,0.6019,False
GBR,UK,Mixed/Multiple,2.9,3.37,0.47,3.7,-0.33,3.39,-0.01,3.48,3.24,3.24,3.48,0.24,2005007,2546142,0.204,0.134,unspecified,False,0.5,0.48,0.56,0.42,0.686,0.983,1.0,0.84,0.891,0.0,0.71,0.682,1.0,0.761,9.24,6.34,5.87,2.17,2.165,0.0004,0.6019,False
GBR,UK,Arab,0.6,1.05,0.45,0.83,0.22,1.05,-0.0,0.97,1.14,0.97,1.14,0.16,414829,791590,0.204,0.134,unspecified,True,0.5,0.48,0.56,0.42,0.686,0.876,1.0,0.84,0.854,0.0,0.71,0.682,1.0,0.761,0.94,0.34,-0.11,2.17,2.165,0.0004,0.6019,False
GBR,UK,White Irish,1.0,1.11,0.11,0.99,0.11,1.11,-0.0,1.07,1.14,1.07,1.14,0.06,691382,834937,0.204,0.134,unspecified,True,0.5,0.48,0.56,0.42,0.686,0.903,1.0,0.84,0.863,0.0,0.71,0.682,1.0,0.761,1.05,0.05,-0.05,2.17,2.165,0.0004,0.6019,False
GBR,UK,Other,4.2,4.19,-0.01,4.0,0.19,4.2,-0.02,4.15,4.22,4.15,4.22,0.07,2903804,3160063,0.204,0.134,unspecified,True,0.5,0.48,0.56,0.42,0.686,1.018,1.0,0.84,0.903,0.0,0.71,0.682,1.0,0.761,4.02,-0.18,-0.17,2.17,2.165,0.0004,0.6019,False
GEO,Georgia,Georgian (Kartvelian),86.0,86.23,0.23,86.31,-0.08,86.23,0.0,86.26,86.2,86.2,86.26,0.06,3274594,3159503,0.0,0.0,unspecified,False,0.5,0.48,0.56,0.42,0.532,1.3,1.0,0.78,0.888,0.0,0.0,0.0,1.0,0.761,86.04,0.04,-0.19,1.673,1.606,0.0005,0.253,True
GEO,Georgia,Azerbaijani,6.3,7.18,0.88,7.18,-0.01,7.18,0.0,7.15,7.2,7.15,7.2,0.05,239883,262931,0.0,0.0,unspecified,False,0.5,0.48,0.56,0.42,0.532,1.059,1.0,0.78,0.826,0.0,0.0,0.0,1.0,0.761,7.11,0.81,-0.07,1.673,1.606,0.0005,0.253,False
GEO,Georgia,Armenian,4.5,3.62,-0.88,3.62,-0.0,3.62,0.0,3.64,3.6,3.6,3.64,0.05,171345,132623,0.0,0.0,unspecified,False,0.5,0.48,0.56,0.42,0.532,1.025,1.0,0.78,0.817,0.0,0.0,0.0,1.0,0.761,3.8,-0.7,0.18,1.673,1.606,0.0005,0.253,False
GEO,Georgia,Russian,1.5,1.21,-0.29,1.21,-0.0,1.21,0.0,1.21,1.2,1.2,1.21,0.02,57115,44208,0.0,0.0,unspecified,False,0.5,0.48,0.56,0.42,0.532,0.93,1.0,0.78,0.792,0.0,0.0,0.0,1.0,0.761,1.27,-0.23,0.06,1.673,1.606,0.0005,0.253,False
GEO,Georgia,Ossetian,0.9,0.88,-0.02,0.88,-0.0,0.88,0.0,0.88,0.88,0.88,0.88,0.0,34269,32081,0.0,0.0,unspecified,False,0.5,0.48,0.56,0.42,0.532,0.897,1.0,0.78,0.783,0.0,0.0,0.0,1.0,0.761,0.89,-0.01,0.01,1.673,1.606,0.0005,0.253,False
GEO,Georgia,Other,0.8,0.89,0.09,0.8,0.09,0.89,0.0,0.86,0.93,0.86,0.93,0.07,30461,32666,0.0,0.0,unspecified,True,0.5,0.48,0.56,0.42,0.532,0.891,1.0,0.78,0.782,0.0,0.0,0.0,1.0,0.761,0.9,0.1,0.01,1.673,1.606,0.0005,0.253,False
GHA,Ghana,Akan,45.7,47.09,1.39,47.09,0.0,47.09,0.0,47.09,47.09,47.09,47.09,0.0,15733330,23803254,0.0,0.0,unspecified,False,0.5,0.48,0.56,0.42,0.454,1.281,1.0,0.78,0.834,0.698,0.0,0.0,1.0,0.761,46.32,0.62,-0.76,2.125,2.271,0.0005,0.7247,True
GHA,Ghana,Mole-Dagbani,18.5,18.02,-0.48,18.02,0.0,18.02,0.0,18.02,18.02,18.02,18.02,0.0,6369072,9110442,0.0,0.0,unspecified,False,0.5,0.48,0.56,0.42,0.454,1.176,1.0,0.78,0.811,0.698,0.0,0.0,1.0,0.761,18.28,-0.22,0.26,2.125,2.271,0.0005,0.7247,False
GHA,Ghana,Ewe,12.8,12.47,-0.33,12.47,0.0,12.47,0.0,12.47,12.47,12.47,12.47,0.0,4406709,6303441,0.0,0.0,unspecified,False,0.5,0.48,0.56,0.42,0.454,1.135,1.0,0.78,0.802,0.698,0.0,0.0,1.0,0.761,12.65,-0.15,0.18,2.125,2.271,0.0005,0.7247,False
GHA,Ghana,Ga-Dangme,7.1,6.92,-0.18,6.92,0.0,6.92,0.0,6.92,6.92,6.92,6.92,0.0,2444347,3496440,0.0,0.0,unspecified,False,0.5,0.48,0.56,0.42,0.454,1.071,1.0,0.78,0.788,0.698,0.0,0.0,1.0,0.761,7.02,-0.08,0.1,2.125,2.271,0.0005,0.7247,False
GHA,Ghana,Gurma,6.4,6.23,-0.17,6.23,0.0,6.23,0.0,6.23,6.23,6.23,6.23,0.0,2203355,3151720,0.0,0.0,unspecified,False,0.5,0.48,0.56,0.42,0.454,1.06,1.0,0.78,0.785,0.698,0.0,0.0,1.0,0.761,6.32,-0.08,0.09,2.125,2.271,0.0005,0.7247,False
GHA,Ghana,Guan,3.2,3.12,-0.08,3.12,0.0,3.12,0.0,3.12,3.12,3.12,3.12,0.0,1101677,1575860,0.0,0.0,unspecified,False,0.5,0.48,0.56,0.42,0.454,0.992,1.0,0.78,0.77,0.698,0.0,0.0,1.0,0.761,3.16,-0.04,0.04,2.125,2.271,0.0005,0.7247,False
GHA,Ghana,Grusi,2.6,2.53,-0.07,2.53,0.0,2.53,0.0,2.53,2.53,2.53,2.53,0.0,895113,1280386,0.0,0.0,unspecified,False,0.5,0.48,0.56,0.42,0.454,0.974,1.0,0.78,0.766,0.698,0.0,0.0,1.0,0.761,2.57,-0.03,0.04,2.125,2.271,0.0005,0.7247,False
GHA,Ghana,Mande,2.0,1.95,-0.05,1.95,0.0,1.95,0.0,1.95,1.95,1.95,1.95,0.0,688548,984913,0.0,0.0,unspecified,False,0.5,0.48,0.56,0.42,0.454,0.952,1.0,0.78,0.761,0.698,0.0,0.0,1.0,0.761,1.98,-0.02,0.03,2.125,2.271,0.0005,0.7247,False
GHA,Ghana,Other,1.7,1.67,-0.03,1.67,0.0,1.67,0.0,1.67,1.67,1.67,1.67,0.0,585266,846591,0.0,0.0,unspecified,False,0.5,0.48,0.56,0.42,0.454,0.939,1.0,0.78,0.758,0.698,0.0,0.0,1.0,0.761,1.7,-0.0,0.02,2.125,2.271,0.0005,0.7247,False
GIN,Guinea,Fulani (Peulh),33.4,38.76,5.36,38.76,0.0,38.76,0.0,38.67,38.85,38.67,38.85,0.18,4928096,9071081,0.0,0.0,unspecified,False,0.5,0.48,0.56,0.42,0.454,1.245,1.0,0.78,0.826,0.793,0.0,0.0,1.0,0.761,37.47,4.07,-1.29,2.061,2.293,0.0005,0.7334,True
GIN,Guinea,Malinke,29.8,27.4,-2.4,27.4,0.0,27.4,0.0,27.44,27.36,27.36,27.44,0.08,4396924,6413385,0.0,0.0,unspecified,False,0.5,0.48,0.56,0.42,0.454,1.231,1.0,0.78,0.823,0.793,0.0,0.0,1.0,0.761,27.98,-1.82,0.58,2.061,2.293,0.0005,0.7334,False
GIN,Guinea,Susu,21.0,19.31,-1.69,19.31,0.0,19.31,0.0,19.34,19.28,19.28,19.34,0.06,3098504,4519500,0.0,0.0,unspecified,False,0.5,0.48,0.56,0.42,0.454,1.191,1.0,0.78,0.814,0.793,0.0,0.0,1.0,0.761,19.72,-1.28,0.41,2.061,2.293,0.0005,0.7334,False
GIN,Guinea,Guerze,7.8,7.17,-0.63,7.17,0.0,7.17,0.0,7.18,7.16,7.16,7.18,0.02,1150873,1678671,0.0,0.0,unspecified,False,0.5,0.48,0.56,0.42,0.454,1.081,1.0,0.78,0.79,0.793,0.0,0.0,1.0,0.761,7.32,-0.48,0.15,2.061,2.293,0.0005,0.7334,False
GIN,Guinea,Kissi,6.3,5.79,-0.51,5.79,0.0,5.79,0.0,5.8,5.78,5.78,5.8,0.02,929551,1355850,0.0,0.0,unspecified,False,0.5,0.48,0.56,0.42,0.454,1.059,1.0,0.78,0.785,0.793,0.0,0.0,1.0,0.761,5.92,-0.38,0.12,2.061,2.293,0.0005,0.7334,False
GIN,Guinea,Toma,1.6,1.47,-0.13,1.47,0.0,1.47,0.0,1.47,1.47,1.47,1.47,0.0,236076,344343,0.0,0.0,unspecified,False,0.5,0.48,0.56,0.42,0.454,0.935,1.0,0.78,0.757,0.793,0.0,0.0,1.0,0.761,1.5,-0.1,0.03,2.061,2.293,0.0005,0.7334,False
GIN,Guinea,Other,0.1,0.09,-0.01,0.09,0.0,0.09,0.0,0.09,0.09,0.09,0.09,0.0,14755,21763,0.0,0.0,unspecified,False,0.5,0.48,0.56,0.42,0.454,0.831,1.0,0.78,0.735,0.793,0.0,0.0,1.0,0.761,0.09,-0.01,0.0,2.061,2.293,0.0005,0.7334,False
GMB,Gambia,Mandinka,34.4,35.29,0.89,35.29,0.0,35.29,0.0,35.31,35.27,35.27,35.31,0.03,949440,1518152,0.0,0.0,unspecified,False,0.5,0.48,0.56,0.42,0.454,1.248,1.0,0.78,0.827,0.759,0.0,0.0,1.0,0.761,34.43,0.03,-0.86,2.067,2.354,0.0005,0.7853,True
GMB,Gambia,Fula,22.5,23.59,1.09,23.59,0.0,23.59,0.0,23.55,23.63,23.55,23.63,0.08,621000,1014721,0.0,0.0,unspecified,False,0.5,0.48,0.56,0.42,0.454,1.199,1.0,0.78,0.816,0.759,0.0,0.0,1.0,0.761,23.77,1.27,0.18,2.067,2.354,0.0005,0.7853,False
GMB,Gambia,Wolof,12.3,11.71,-0.59,11.71,0.0,11.71,0.0,11.71,11.7,11.7,11.71,0.01,339480,503680,0.0,0.0,unspecified,False,0.5,0.48,0.56,0.42,0.454,1.131,1.0,0.78,0.801,0.759,0.0,0.0,1.0,0.761,11.9,-0.4,0.19,2.067,2.354,0.0005,0.7853,False
GMB,Gambia,Jola,10.7,10.19,-0.51,10.19,0.0,10.19,0.0,10.19,10.18,10.18,10.19,0.01,295320,438161,0.0,0.0,unspecified,False,0.5,0.48,0.56,0.42,0.454,1.115,1.0,0.78,0.797,0.759,0.0,0.0,1.0,0.761,10.35,-0.35,0.17,2.067,2.354,0.0005,0.7853,False
GMB,Gambia,Serahule,8.2,7.81,-0.39,7.81,0.0,7.81,0.0,7.81,7.8,7.8,7.81,0.01,226320,335787,0.0,0.0,unspecified,False,0.5,0.48,0.56,0.42,0.454,1.086,1.0,0.78,0.791,0.759,0.0,0.0,1.0,0.761,7.93,-0.27,0.13,2.067,2.354,0.0005,0.7853,False
GMB,Gambia,Serer,3.0,2.86,-0.14,2.86,0.0,2.86,0.0,2.86,2.85,2.85,2.86,0.0,82800,122849,0.0,0.0,unspecified,False,0.5,0.48,0.56,0.42,0.454,0.986,1.0,0.78,0.769,0.759,0.0,0.0,1.0,0.761,2.9,-0.1,0.05,2.067,2.354,0.0005,0.7853,False
GMB,Gambia,Other,8.9,8.57,-0.33,8.57,0.0,8.57,0.0,8.57,8.56,8.56,8.57,0.01,245640,368550,0.0,0.0,unspecified,False,0.5,0.48,0.56,0.42,0.454,1.095,1.0,0.78,0.793,0.759,0.0,0.0,1.0,0.761,8.71,-0.19,0.14,2.067,2.354,0.0005,0.7853,False
GNB,Guinea-Bissau,Balanta,28.5,29.66,1.16,29.66,0.0,29.66,0.0,29.67,29.65,29.65,29.67,0.03,627388,1019903,0.0,0.0,unspecified,False,0.5,0.48,0.56,0.42,0.454,1.226,1.0,0.78,0.822,0.0,0.0,0.0,1.0,0.761,28.72,0.22,-0.95,2.086,2.395,0.0005,0.8135,True
GNB,Guinea-Bissau,Fula,22.5,23.6,1.1,23.6,0.0,23.6,0.0,23.56,23.64,23.56,23.64,0.08,495306,811576,0.0,0.0,unspecified,False,0.5,0.48,0.56,0.42,0.454,1.199,1.0,0.78,0.816,0.0,0.0,0.0,1.0,0.761,23.78,1.28,0.18,2.086,2.395,0.0005,0.8135,False
GNB,Guinea-Bissau,Manjaco,14.7,13.99,-0.71,13.99,0.0,13.99,0.0,13.99,13.98,13.98,13.99,0.01,323600,480925,0.0,0.0,unspecified,False,0.5,0.48,0.56,0.42,0.454,1.15,1.0,0.78,0.805,0.0,0.0,0.0,1.0,0.761,14.22,-0.48,0.23,2.086,2.395,0.0005,0.8135,False
GNB,Guinea-Bissau,Mandinga,9.1,8.66,-0.44,8.66,0.0,8.66,0.0,8.66,8.65,8.65,8.66,0.01,200324,297715,0.0,0.0,unspecified,False,0.5,0.48,0.56,0.42,0.454,1.098,1.0,0.78,0.794,0.0,0.0,0.0,1.0,0.761,8.8,-0.3,0.14,2.086,2.395,0.0005,0.8135,False
GNB,Guinea-Bissau,Papel,8.2,7.8,-0.4,7.8,0.0,7.8,0.0,7.81,7.8,7.8,7.81,0.01,180512,268271,0.0,0.0,unspecified,False,0.5,0.48,0.56,0.42,0.454,1.086,1.0,0.78,0.791,0.0,0.0,0.0,1.0,0.761,7.93,-0.27,0.13,2.086,2.395,0.0005,0.8135,False
GNB,Guinea-Bissau,Beafada,3.0,2.85,-0.15,2.85,0.0,2.85,0.0,2.86,2.85,2.85,2.86,0.0,66041,98148,0.0,0.0,unspecified,False,0.5,0.48,0.56,0.42,0.454,0.986,1.0,0.78,0.769,0.0,0.0,0.0,1.0,0.761,2.9,-0.1,0.05,2.086,2.395,0.0005,0.8135,False
GNB,Guinea-Bissau,Mancanha,3.0,2.85,-0.15,2.85,0.0,2.85,0.0,2.86,2.85,2.85,2.86,0.0,66041,98148,0.0,0.0,unspecified,False,0.5,0.48,0.56,0.42,0.454,0.986,1.0,0.78,0.769,0.0,0.0,0.0,1.0,0.761,2.9,-0.1,0.05,2.086,2.395,0.0005,0.8135,False
GNB,Guinea-Bissau,Other,11.0,10.58,-0.42,10.58,0.0,10.58,0.0,10.59,10.58,10.58,10.59,0.01,242150,363923,0.0,0.0,unspecified,False,0.5,0.48,0.56,0.42,0.454,1.118,1.0,0.78,0.798,0.0,0.0,0.0,1.0,0.761,10.76,-0.24,0.17,2.086,2.395,0.0005,0.8135,False
GNQ,Equatorial Guinea,Fang,85.7,85.93,0.23,86.03,-0.1,85.93,0.0,85.96,85.89,85.89,85.96,0.07,1621892,2701373,0.0,0.0,unspecified,False,0.5,0.48,0.56,0.42,0.454,1.3,1.0,0.78,0.839,0.0,0.0,0.0,1.0,0.761,85.73,0.03,-0.2,1.601,1.613,0.0005,0.2591,True
GNQ,Equatorial Guinea,Bubi,6.5,6.32,-0.18,6.33,-0.01,6.32,0.0,6.33,6.32,6.32,6.33,0.01,123014,198770,0.0,0.0,unspecified,False,0.5,0.48,0.56,0.42,0.454,1.062,1.0,0.78,0.786,0.0,0.0,0.0,1.0,0.761,6.41,-0.09,0.09,1.601,1.613,0.0005,0.2591,False
GNQ,Equatorial Guinea,Ndowe,3.6,3.5,-0.1,3.51,-0.0,3.5,0.0,3.5,3.5,3.5,3.5,0.0,68131,110088,0.0,0.0,unspecified,False,0.5,0.48,0.56,0.42,0.454,1.003,1.0,0.78,0.773,0.0,0.0,0.0,1.0,0.761,3.55,-0.05,0.05,1.601,1.613,0.0005,0.2591,False
GNQ,Equatorial Guinea,Annobon,1.6,1.56,-0.04,1.56,-0.0,1.56,0.0,1.56,1.56,1.56,1.56,0.0,30280,48928,0.0,0.0,unspecified,False,0.5,0.48,0.56,0.42,0.454,0.935,1.0,0.78,0.757,0.0,0.0,0.0,1.0,0.761,1.58,-0.02,0.02,1.601,1.613,0.0005,0.2591,False
GNQ,Equatorial Guinea,European,1.2,1.31,0.11,1.2,0.12,1.31,0.0,1.28,1.36,1.28,1.36,0.08,22710,41278,0.0,0.0,unspecified,True,0.5,0.48,0.56,0.42,0.454,0.915,1.0,0.78,0.753,0.0,0.0,0.0,1.0,0.761,1.33,0.13,0.02,1.601,1.613,0.0005,0.2591,False
GNQ,Equatorial Guinea,Other,1.4,1.38,-0.02,1.38,-0.0,1.38,0.0,1.38,1.38,1.38,1.38,0.0,26495,43294,0.0,0.0,unspecified,False,0.5,0.48,0.56,0.42,0.454,0.925,1.0,0.78,0.755,0.0,0.0,0.0,1.0,0.761,1.4,-0.0,0.02,1.601,1.613,0.0005,0.2591,False
GRC,Greece,Greek,91.6,90.27,-1.33,91.65,-1.37,90.27,0.0,90.7,89.75,89.75,90.7,0.96,9203797,7954853,0.451,0.201,unspecified,False,0.5,0.48,0.56,0.42,0.761,1.3,1.0,0.78,1.034,0.0,0.463,0.157,1.0,0.761,90.13,-1.47,-0.14,1.748,1.592,0.0005,0.1839,True
GRC,Greece,Albanian,4.4,5.09,0.69,4.38,0.72,5.09,0.0,4.87,5.37,4.87,5.37,0.5,442104,448950,0.451,0.201,unspecified,True,0.5,0.48,0.56,0.42,0.761,1.022,1.0,0.78,0.931,0.0,0.463,0.157,1.0,0.761,5.17,0.77,0.07,1.748,1.592,0.0005,0.1839,False
GRC,Greece,Bulgarian,0.3,0.34,0.04,0.3,0.05,0.34,0.0,0.33,0.36,0.33,0.36,0.03,30143,30281,0.451,0.201,unspecified,True,0.5,0.48,0.56,0.42,0.761,0.851,1.0,0.78,0.867,0.0,0.463,0.157,1.0,0.761,0.35,0.05,0.0,1.748,1.592,0.0005,0.1839,False
GRC,Greece,Romanian,0.5,0.57,0.07,0.5,0.08,0.57,0.0,0.55,0.6,0.55,0.6,0.05,50239,50523,0.451,0.201,unspecified,True,0.5,0.48,0.56,0.42,0.761,0.869,1.0,0.78,0.873,0.0,0.463,0.157,1.0,0.761,0.58,0.08,0.01,1.748,1.592,0.0005,0.1839,False
GRC,Greece,Pakistani,0.3,0.35,0.05,0.3,0.06,0.35,0.0,0.34,0.38,0.34,0.38,0.04,30143,31257,0.451,0.201,PAK,True,0.769,0.814,0.7,0.74,0.761,0.851,1.0,0.78,1.038,0.0,0.463,0.157,1.0,0.761,0.36,0.06,0.01,1.748,1.592,0.0005,0.1839,False
GRC,Greece,Georgian,0.2,0.23,0.03,0.2,0.03,0.23,0.0,0.22,0.24,0.22,0.24,0.02,20096,20175,0.451,0.201,unspecified,True,0.5,0.48,0.56,0.42,0.761,0.842,1.0,0.78,0.863,0.0,0.463,0.157,1.0,0.761,0.23,0.03,0.0,1.748,1.592,0.0005,0.1839,False
GRC,Greece,Other,2.7,3.13,0.43,2.69,0.45,3.13,0.0,2.99,3.3,2.99,3.3,0.31,271291,276031,0.451,0.201,unspecified,True,0.5,0.48,0.56,0.42,0.761,0.977,1.0,0.78,0.914,0.0,0.463,0.157,1.0,0.761,3.18,0.48,0.04,1.748,1.592,0.0005,0.1839,False
GRD,Grenada,African descent,82.4,82.5,0.1,82.69,-0.2,82.5,0.0,82.56,82.42,82.42,82.56,0.13,96588,93433,0.0,0.0,unspecified,False,0.5,0.48,0.56,0.42,0.501,1.3,1.0,0.78,0.868,0.0,0.0,0.0,1.0,0.761,82.25,-0.15,-0.25,1.65,1.673,0.0005,0.305,True
GRD,Grenada,Mixed,13.3,13.05,-0.25,13.08,-0.03,13.05,0.0,13.06,13.04,13.04,13.06,0.02,15590,14777,0.0,0.0,unspecified,False,0.5,0.48,0.56,0.42,0.501,1.139,1.0,0.78,0.829,0.0,0.0,0.0,1.0,0.761,13.23,-0.07,0.19,1.65,1.673,0.0005,0.305,False
GRD,Grenada,East Indian,2.2,2.13,-0.07,2.14,-0.01,2.13,0.0,2.14,2.13,2.13,2.14,0.0,2579,2417,0.0,0.0,IND;PAK;BGD;LKA;NPL,False,0.718,0.719,0.752,0.684,0.501,0.96,1.0,0.78,0.888,0.0,0.0,0.0,1.0,0.761,2.16,-0.04,0.03,1.65,1.673,0.0005,0.305,False
GRD,Grenada,Other,2.1,2.32,0.22,2.09,0.23,2.32,0.0,2.25,2.41,2.25,2.41,0.16,2462,2628,0.0,0.0,unspecified,True,0.5,0.48,0.56,0.42,0.501,0.956,1.0,0.78,0.784,0.0,0.0,0.0,1.0,0.761,2.35,0.25,0.03,1.65,1.673,0.0005,0.305,False
GTM,Guatemala,Ladino (Mestizo),56.0,54.18,-1.82,54.18,0.0,54.18,0.0,54.25,54.1,54.1,54.25,0.15,10307565,13366490,0.0,0.0,unspecified,False,0.5,0.48,0.56,0.42,0.454,1.3,1.0,0.78,0.839,0.663,0.0,0.0,1.0,0.761,53.93,-2.07,-0.24,2.106,2.16,0.0005,0.6687,True
GTM,Guatemala,Maya: K'iche',9.1,9.6,0.5,9.6,0.0,9.6,0.0,9.58,9.62,9.58,9.62,0.04,1674979,2368294,0.0,0.0,unspecified,False,0.5,0.48,0.56,0.42,0.454,1.098,1.0,0.78,0.794,0.663,0.0,0.0,1.0,0.761,9.63,0.53,0.03,2.106,2.16,0.0005,0.6687,False
GTM,Guatemala,Maya: Q'eqchi',8.7,9.18,0.48,9.18,0.0,9.18,0.0,9.16,9.2,9.16,9.2,0.04,1601354,2264194,0.0,0.0,unspecified,False,0.5,0.48,0.56,0.42,0.454,1.093,1.0,0.78,0.792,0.663,0.0,0.0,1.0,0.761,9.21,0.51,0.03,2.106,2.16,0.0005,0.6687,False
GTM,Guatemala,Maya: Kaqchikel,7.8,8.23,0.43,8.23,0.0,8.23,0.0,8.21,8.24,8.21,8.24,0.03,1435697,2029967,0.0,0.0,unspecified,False,0.5,0.48,0.56,0.42,0.454,1.081,1.0,0.78,0.79,0.663,0.0,0.0,1.0,0.761,8.26,0.46,0.03,2.106,2.16,0.0005,0.6687,False
GTM,Guatemala,Maya: Mam,5.9,6.22,0.32,6.22,0.0,6.22,0.0,6.21,6.24,6.21,6.24,0.02,1085976,1535488,0.0,0.0,unspecified,False,0.5,0.48,0.56,0.42,0.454,1.052,1.0,0.78,0.783,0.663,0.0,0.0,1.0,0.761,6.25,0.35,0.02,2.106,2.16,0.0005,0.6687,False
GTM,Guatemala,Other Maya,10.2,10.76,0.56,10.76,0.0,10.76,0.0,10.74,10.78,10.74,10.78,0.04,1877449,2654572,0.0,0.0,unspecified,False,0.5,0.48,0.56,0.42,0.454,1.11,1.0,0.78,0.796,0.663,0.0,0.0,1.0,0.761,10.8,0.6,0.04,2.106,2.16,0.0005,0.6687,False
GTM,Guatemala,Garifuna,0.4,0.42,0.02,0.42,0.0,0.42,0.0,0.42,0.42,0.42,0.42,0.0,73625,104101,0.0,0.0,unspecified,False,0.5,0.48,0.56,0.42,0.454,0.86,1.0,0.78,0.741,0.663,0.0,0.0,1.0,0.761,0.42,0.02,0.0,2.106,2.16,0.0005,0.6687,False
GTM,Guatemala,Xinca,0.1,0.09,-0.01,0.09,0.0,0.09,0.0,0.09,0.09,0.09,0.09,0.0,18406,22761,0.0,0.0,unspecified,False,0.5,0.48,0.56,0.42,0.454,0.831,1.0,0.78,0.735,0.663,0.0,0.0,1.0,0.761,0.09,-0.01,0.0,2.106,2.16,0.0005,0.6687,False
GTM,Guatemala,White,1.8,1.32,-0.48,1.32,0.0,1.32,0.0,1.33,1.31,1.31,1.33,0.02,331315,324994,0.0,0.0,unspecified,False,0.5,0.48,0.56,0.42,0.454,0.944,1.0,0.78,0.759,0.663,0.0,0.0,1.0,0.761,1.4,-0.4,0.08,2.106,2.16,0.0005,0.6687,False
GUY,Guyana,East Indian,39.8,39.87,0.07,39.87,0.0,39.87,0.0,39.91,39.83,39.83,39.91,0.08,330775,375049,0.0,0.0,IND;PAK;BGD;LKA;NPL,False,0.718,0.719,0.752,0.684,0.468,1.265,1.0,0.78,0.966,0.0,0.0,0.0,1.0,0.761,39.26,-0.54,-0.62,2.113,2.237,0.0005,0.7133,True
GUY,Guyana,African descent,29.3,27.49,-1.81,27.49,0.0,27.49,0.0,27.52,27.46,27.46,27.52,0.06,243510,258591,0.0,0.0,unspecified,False,0.5,0.48,0.56,0.42,0.468,1.229,1.0,0.78,0.832,0.0,0.0,0.0,1.0,0.761,28.05,-1.25,0.56,2.113,2.237,0.0005,0.7133,False
GUY,Guyana,Mixed,19.9,18.88,-1.02,18.88,0.0,18.88,0.0,18.9,18.86,18.86,18.9,0.04,165387,177606,0.0,0.0,unspecified,False,0.5,0.48,0.56,0.42,0.468,1.185,1.0,0.78,0.821,0.0,0.0,0.0,1.0,0.761,19.27,-0.63,0.39,2.113,2.237,0.0005,0.7133,False
GUY,Guyana,Amerindian (Arawak/Carib),10.5,13.28,2.78,13.28,0.0,13.28,0.0,13.19,13.37,13.19,13.37,0.18,87265,124900,0.0,0.0,IND;PAK;BGD;LKA;NPL,False,0.718,0.719,0.752,0.684,0.468,1.113,1.0,0.78,0.916,0.0,0.0,0.0,1.0,0.761,12.94,2.44,-0.34,2.113,2.237,0.0005,0.7133,False
GUY,Guyana,Other,0.5,0.47,-0.03,0.47,0.0,0.47,0.0,0.47,0.47,0.47,0.47,0.0,4155,4462,0.0,0.0,unspecified,False,0.5,0.48,0.56,0.42,0.468,0.869,1.0,0.78,0.749,0.0,0.0,0.0,1.0,0.761,0.48,-0.02,0.01,2.113,2.237,0.0005,0.7133,False
HKG,Hong Kong,Chinese,91.6,83.57,-8.03,89.33,-5.76,83.62,-0.05,85.66,80.84,80.84,85.66,4.82,6792061,5090027,0.0,0.0,CHN,False,0.52,0.502,0.58,0.45,0.867,1.3,1.0,0.58,1.06,0.0,0.546,0.164,1.0,0.761,84.09,-7.51,0.52,1.486,1.473,0.0005,0.2853,True
HKG,Hong Kong,Filipino,2.7,7.11,4.41,4.07,3.04,7.11,-0.0,5.98,8.6,5.98,8.6,2.63,200203,432754,0.0,0.0,PHL,True,0.759,0.718,0.88,0.64,0.867,0.977,1.0,0.58,1.109,0.0,0.546,0.164,1.0,0.761,6.76,4.06,-0.34,1.486,1.473,0.0005,0.2853,False
HKG,Hong Kong,Indonesian,1.9,5.16,3.26,2.99,2.17,5.16,-0.0,4.35,6.23,4.35,6.23,1.88,140883,314175,0.0,0.0,IDN,True,0.736,0.74,0.78,0.76,0.867,0.948,1.0,0.58,1.076,0.0,0.546,0.164,1.0,0.761,4.88,2.98,-0.28,1.486,1.473,0.0005,0.2853,False
HKG,Hong Kong,White (Western expatriates),1.2,1.22,0.02,1.09,0.12,1.22,-0.0,1.19,1.25,1.19,1.25,0.06,88979,74105,0.0,0.0,unspecified,True,0.5,0.48,0.56,0.42,0.867,0.915,1.0,0.58,0.894,0.0,0.546,0.164,1.0,0.761,1.26,0.06,0.04,1.486,1.473,0.0005,0.2853,False
HKG,Hong Kong,South Asian,1.0,1.11,0.11,0.97,0.14,1.11,-0.0,1.07,1.15,1.07,1.15,0.08,74149,67540,0.0,0.0,IND;PAK;BGD;LKA;NPL,True,0.718,0.719,0.752,0.684,0.867,0.903,1.0,0.58,1.039,0.0,0.546,0.164,1.0,0.761,1.13,0.13,0.03,1.486,1.473,0.0005,0.2853,False
HKG,Hong Kong,Other,1.6,1.84,0.24,1.55,0.29,1.78,0.05,1.76,1.93,1.76,1.93,0.17,118639,112016,0.0,0.0,NGA;ETH;GHA;KEN;UGA;TZA;RWA;COD;CIV;CMR;SEN;ZMB;ZWE;MOZ;MWI;AGO;SDN;SOM;ERI;BFA;NER;MLI;GIN;SLE;LBR;BEN;TGO;GMB,True,0.711,0.785,0.574,0.717,0.867,0.935,1.001,0.58,1.051,0.0,0.546,0.164,1.0,0.761,1.88,0.28,0.04,1.486,1.473,0.0005,0.2853,False
HND,Honduras,Mestizo,90.0,88.5,-1.5,88.5,0.0,88.5,0.0,88.56,88.45,88.45,88.56,0.1,9743134,13140013,0.0,0.0,unspecified,False,0.5,0.48,0.56,0.42,0.454,1.3,1.0,0.78,0.839,0.656,0.0,0.0,1.0,0.761,88.61,-1.39,0.1,1.527,1.512,0.0005,0.2113,True
HND,Honduras,Indigenous: Lenca,4.0,5.04,1.04,5.04,0.0,5.04,0.0,5.01,5.08,5.01,5.08,0.07,433028,748965,0.0,0.0,unspecified,False,0.5,0.48,0.56,0.42,0.454,1.013,1.0,0.78,0.775,0.656,0.0,0.0,1.0,0.761,4.94,0.94,-0.1,1.527,1.512,0.0005,0.2113,False
HND,Honduras,Indigenous: Miskito,2.0,2.52,0.52,2.52,0.0,2.52,0.0,2.51,2.54,2.51,2.54,0.03,216514,374482,0.0,0.0,unspecified,False,0.5,0.48,0.56,0.42,0.454,0.952,1.0,0.78,0.761,0.656,0.0,0.0,1.0,0.761,2.47,0.47,-0.05,1.527,1.512,0.0005,0.2113,False
HND,Honduras,Other Indigenous,1.0,1.26,0.26,1.26,0.0,1.26,0.0,1.25,1.27,1.25,1.27,0.02,108257,187241,0.0,0.0,unspecified,False,0.5,0.48,0.56,0.42,0.454,0.903,1.0,0.78,0.75,0.656,0.0,0.0,1.0,0.761,1.24,0.24,-0.03,1.527,1.512,0.0005,0.2113,False
HND,Honduras,Black (Garifuna),2.0,1.91,-0.09,1.91,0.0,1.91,0.0,1.91,1.91,1.91,1.91,0.0,216514,283598,0.0,0.0,unspecified,False,0.5,0.48,0.56,0.42,0.454,0.952,1.0,0.78,0.761,0.656,0.0,0.0,1.0,0.761,1.94,-0.06,0.03,1.527,1.512,0.0005,0.2113,False
HND,Honduras,White,1.0,0.76,-0.24,0.76,0.0,0.76,0.0,0.76,0.75,0.75,0.76,0.01,108257,112482,0.0,0.0,unspecified,False,0.5,0.48,0.56,0.42,0.454,0.903,1.0,0.78,0.75,0.656,0.0,0.0,1.0,0.761,0.8,-0.2,0.04,1.527,1.512,0.0005,0.2113,False
HRV,Croatia,Croat,90.4,90.71,0.31,91.23,-0.52,90.71,0.0,90.85,90.53,90.53,90.85,0.33,3503294,2933667,0.445,0.198,unspecified,False,0.5,0.48,0.56,0.42,0.703,1.3,1.0,0.78,0.997,0.0,0.0,0.0,1.0,0.761,90.47,0.07,-0.24,1.635,1.501,0.0005,0.1785,True
HRV,Croatia,Serb,4.4,3.48,-0.92,3.5,-0.02,3.48,0.0,3.51,3.45,3.45,3.51,0.06,170514,112532,0.445,0.198,unspecified,False,0.5,0.48,0.56,0.42,0.703,1.022,1.0,0.78,0.902,0.0,0.0,0.0,1.0,0.761,3.66,-0.74,0.18,1.635,1.501,0.0005,0.1785,False
HRV,Croatia,Bosniak,0.9,1.04,0.14,1.05,-0.01,1.04,0.0,1.04,1.04,1.04,1.04,0.01,34878,33618,0.445,0.198,unspecified,False,0.5,0.48,0.56,0.42,0.703,0.897,1.0,0.78,0.859,0.0,0.0,0.0,1.0,0.761,1.03,0.13,-0.01,1.635,1.501,0.0005,0.1785,False
HRV,Croatia,Italian,0.6,0.45,-0.15,0.45,-0.0,0.45,0.0,0.45,0.44,0.44,0.45,0.01,23252,14504,0.445,0.198,unspecified,False,0.5,0.48,0.56,0.42,0.703,0.876,1.0,0.78,0.852,0.0,0.0,0.0,1.0,0.761,0.48,-0.12,0.03,1.635,1.501,0.0005,0.1785,False
HRV,Croatia,Albanian,0.4,0.46,0.06,0.46,-0.0,0.46,0.0,0.46,0.46,0.46,0.46,0.0,15501,14942,0.445,0.198,unspecified,False,0.5,0.48,0.56,0.42,0.703,0.86,1.0,0.78,0.846,0.0,0.0,0.0,1.0,0.761,0.46,0.06,-0.01,1.635,1.501,0.0005,0.1785,False
HRV,Croatia,Other,3.3,3.86,0.56,3.31,0.55,3.86,0.0,3.69,4.07,3.69,4.07,0.39,127886,124893,0.445,0.198,unspecified,True,0.5,0.48,0.56,0.42,0.703,0.995,1.0,0.78,0.892,0.0,0.0,0.0,1.0,0.761,3.91,0.61,0.05,1.635,1.501,0.0005,0.1785,False
HTI,Haiti,Black (African descent),93.0,93.12,0.12,93.15,-0.04,93.12,0.0,93.13,93.1,93.1,93.13,0.02,10948483,13698180,0.0,0.0,unspecified,False,0.5,0.48,0.56,0.42,0.454,1.3,1.0,0.78,0.839,0.768,0.0,0.0,1.0,0.761,93.01,0.01,-0.11,1.455,1.436,0.0005,0.1325,True
HTI,Haiti,Mixed (Mulatto),4.5,4.43,-0.07,4.43,-0.0,4.43,0.0,4.43,4.43,4.43,4.43,0.0,529765,651791,0.0,0.0,unspecified,False,0.5,0.48,0.56,0.42,0.454,1.025,1.0,0.78,0.777,0.768,0.0,0.0,1.0,0.761,4.49,-0.01,0.06,1.455,1.436,0.0005,0.1325,False
HTI,Haiti,White (French/Levantine descent),0.3,0.24,-0.06,0.24,-0.0,0.24,0.0,0.24,0.24,0.24,0.24,0.0,35318,35829,0.0,0.0,unspecified,False,0.5,0.48,0.56,0.42,0.454,0.851,1.0,0.78,0.739,0.768,0.0,0.0,1.0,0.761,0.25,-0.05,0.01,1.455,1.436,0.0005,0.1325,False
HTI,Haiti,Dominican migrant,0.4,0.44,0.04,0.4,0.04,0.44,0.0,0.43,0.45,0.43,0.45,0.03,47090,64355,0.0,0.0,unspecified,True,0.5,0.48,0.56,0.42,0.454,0.86,1.0,0.78,0.741,0.768,0.0,0.0,1.0,0.761,0.44,0.04,0.01,1.455,1.436,0.0005,0.1325,False
HTI,Haiti,Other,1.8,1.77,-0.03,1.77,-0.0,1.77,0.0,1.77,1.77,1.77,1.77,0.0,211906,260716,0.0,0.0,unspecified,False,0.5,0.48,0.56,0.42,0.454,0.944,1.0,0.78,0.759,0.768,0.0,0.0,1.0,0.761,1.8,-0.0,0.03,1.455,1.436,0.0005,0.1325,False
HUN,Hungary,Hungarian,87.3,85.51,-1.79,86.49,-0.98,85.51,0.0,85.85,85.11,85.11,85.85,0.74,8447266,7460927,0.347,0.103,unspecified,False,0.5,0.48,0.56,0.42,0.648,1.3,1.0,0.78,0.962,0.0,0.0,0.0,1.0,0.761,85.49,-1.81,-0.02,1.57,1.576,0.0005,0.2621,True
HUN,Hungary,Romani,3.2,4.61,1.41,4.66,-0.05,4.61,0.0,4.58,4.64,4.58,4.64,0.06,309636,402194,0.347,0.103,unspecified,False,0.5,0.48,0.56,0.42,0.648,0.992,1.0,0.78,0.865,0.0,0.0,0.0,1.0,0.761,4.4,1.2,-0.21,1.57,1.576,0.0005,0.2621,False
HUN,Hungary,German,1.2,0.87,-0.33,0.88,-0.01,0.87,0.0,0.89,0.86,0.86,0.89,0.02,116114,76282,0.347,0.103,unspecified,False,0.5,0.48,0.56,0.42,0.648,0.915,1.0,0.78,0.84,0.0,0.0,0.0,1.0,0.761,0.93,-0.27,0.06,1.57,1.576,0.0005,0.2621,False
HUN,Hungary,Slovak,0.8,0.62,-0.18,0.62,-0.01,0.62,0.0,0.62,0.61,0.61,0.62,0.01,77409,53805,0.347,0.103,unspecified,False,0.5,0.48,0.56,0.42,0.648,0.891,1.0,0.78,0.832,0.0,0.0,0.0,1.0,0.761,0.65,-0.15,0.03,1.57,1.576,0.0005,0.2621,False
HUN,Hungary,Ukrainian,1.0,1.13,0.13,0.98,0.14,1.13,0.0,1.08,1.18,1.08,1.18,0.1,96761,98242,0.347,0.103,UKR,True,0.615,0.539,0.82,0.52,0.648,0.903,1.0,0.78,0.903,0.0,0.0,0.0,1.0,0.761,1.14,0.14,0.02,1.57,1.576,0.0005,0.2621,False
HUN,Hungary,Chinese,0.4,0.41,0.01,0.36,0.05,0.41,0.0,0.39,0.42,0.39,0.42,0.03,38705,35456,0.347,0.103,CHN,True,0.52,0.502,0.58,0.45,0.648,0.86,1.0,0.78,0.834,0.0,0.0,0.0,1.0,0.761,0.42,0.02,0.01,1.57,1.576,0.0005,0.2621,False
HUN,Hungary,Other,6.1,6.86,0.76,6.0,0.86,6.86,0.0,6.59,7.18,6.59,7.18,0.59,590244,598441,0.347,0.103,unspecified,True,0.5,0.48,0.56,0.42,0.648,1.055,1.0,0.78,0.885,0.0,0.0,0.0,1.0,0.761,6.97,0.87,0.11,1.57,1.576,0.0005,0.2621,False
IDN,Indonesia,Javanese,40.1,41.27,1.17,41.27,0.0,41.27,0.0,41.28,41.26,41.26,41.28,0.02,113678661,132359775,0.0,0.0,unspecified,False,0.5,0.48,0.56,0.42,0.454,1.266,1.0,0.78,0.831,0.74,0.0,0.0,1.0,0.761,40.47,0.37,-0.8,2.211,2.349,0.0005,0.783,True
IDN,Indonesia,Sundanese,15.5,14.96,-0.54,14.96,0.0,14.96,0.0,14.97,14.96,14.96,14.97,0.01,43940630,47989437,0.0,0.0,unspecified,False,0.5,0.48,0.56,0.42,0.454,1.156,1.0,0.78,0.807,0.74,0.0,0.0,1.0,0.761,15.2,-0.3,0.23,2.211,2.349,0.0005,0.783,False
IDN,Indonesia,Malay,3.7,4.11,0.41,4.11,0.0,4.11,0.0,4.09,4.12,4.09,4.12,0.03,10489054,13175997,0.0,0.0,unspecified,False,0.5,0.48,0.56,0.42,0.454,1.006,1.0,0.78,0.773,0.74,0.0,0.0,1.0,0.761,4.09,0.39,-0.02,2.211,2.349,0.0005,0.783,False
IDN,Indonesia,Batak,3.6,3.48,-0.12,3.48,0.0,3.48,0.0,3.48,3.47,3.47,3.48,0.0,10205566,11145934,0.0,0.0,unspecified,False,0.5,0.48,0.56,0.42,0.454,1.003,1.0,0.78,0.773,0.74,0.0,0.0,1.0,0.761,3.53,-0.07,0.05,2.211,2.349,0.0005,0.783,False
IDN,Indonesia,Madurese,3.0,2.9,-0.1,2.9,0.0,2.9,0.0,2.9,2.9,2.9,2.9,0.0,8504638,9288278,0.0,0.0,unspecified,False,0.5,0.48,0.56,0.42,0.454,0.986,1.0,0.78,0.769,0.74,0.0,0.0,1.0,0.761,2.94,-0.06,0.05,2.211,2.349,0.0005,0.783,False
IDN,Indonesia,Betawi,2.9,2.8,-0.1,2.8,0.0,2.8,0.0,2.8,2.8,2.8,2.8,0.0,8221150,8978669,0.0,0.0,unspecified,False,0.5,0.48,0.56,0.42,0.454,0.983,1.0,0.78,0.768,0.74,0.0,0.0,1.0,0.761,2.84,-0.06,0.04,2.211,2.349,0.0005,0.783,False
IDN,Indonesia,Minangkabau,2.7,2.61,-0.09,2.61,0.0,2.61,0.0,2.61,2.61,2.61,2.61,0.0,7654174,8359450,0.0,0.0,unspecified,False,0.5,0.48,0.56,0.42,0.454,0.977,1.0,0.78,0.767,0.74,0.0,0.0,1.0,0.761,2.65,-0.05,0.04,2.211,2.349,0.0005,0.783,False
IDN,Indonesia,Bugis,2.7,2.61,-0.09,2.61,0.0,2.61,0.0,2.61,2.61,2.61,2.61,0.0,7654174,8359450,0.0,0.0,unspecified,False,0.5,0.48,0.56,0.42,0.454,0.977,1.0,0.78,0.767,0.74,0.0,0.0,1.0,0.761,2.65,-0.05,0.04,2.211,2.349,0.0005,0.783,False
IDN,Indonesia,Bantenese,2.0,1.93,-0.07,1.93,0.0,1.93,0.0,1.93,1.93,1.93,1.93,0.0,5669759,6192185,0.0,0.0,unspecified,False,0.5,0.48,0.56,0.42,0.454,0.952,1.0,0.78,0.761,0.74,0.0,0.0,1.0,0.761,1.96,-0.04,0.03,2.211,2.349,0.0005,0.783,False
IDN,Indonesia,Banjarese,1.7,1.64,-0.06,1.64,0.0,1.64,0.0,1.64,1.64,1.64,1.64,0.0,4819295,5263358,0.0,0.0,unspecified,False,0.5,0.48,0.56,0.42,0.454,0.939,1.0,0.78,0.758,0.74,0.0,0.0,1.0,0.761,1.67,-0.03,0.03,2.211,2.349,0.0005,0.783,False
IDN,Indonesia,Balinese,1.7,1.64,-0.06,1.64,0.0,1.64,0.0,1.64,1.64,1.64,1.64,0.0,4819295,5263358,0.0,0.0,unspecified,False,0.5,0.48,0.56,0.42,0.454,0.939,1.0,0.78,0.758,0.74,0.0,0.0,1.0,0.761,1.67,-0.03,0.03,2.211,2.349,0.0005,0.783,False
IDN,Indonesia,Acehnese,1.4,1.35,-0.05,1.35,0.0,1.35,0.0,1.35,1.35,1.35,1.35,0.0,3968831,4334530,0.0,0.0,unspecified,False,0.5,0.48,0.56,0.42,0.454,0.925,1.0,0.78,0.755,0.74,0.0,0.0,1.0,0.761,1.37,-0.03,0.02,2.211,2.349,0.0005,0.783,False
IDN,Indonesia,Dayak,1.4,1.55,0.15,1.55,0.0,1.55,0.0,1.55,1.56,1.55,1.56,0.01,3968831,4985512,0.0,0.0,unspecified,False,0.5,0.48,0.56,0.42,0.454,0.925,1.0,0.78,0.755,0.74,0.0,0.0,1.0,0.761,1.55,0.15,-0.01,2.211,2.349,0.0005,0.783,False
IDN,Indonesia,Sasak,1.3,1.25,-0.05,1.25,0.0,1.25,0.0,1.26,1.25,1.25,1.26,0.0,3685343,4024921,0.0,0.0,unspecified,False,0.5,0.48,0.56,0.42,0.454,0.92,1.0,0.78,0.754,0.74,0.0,0.0,1.0,0.761,1.27,-0.03,0.02,2.211,2.349,0.0005,0.783,False
IDN,Indonesia,Chinese Indonesian,1.2,1.16,-0.04,1.16,0.0,1.16,0.0,1.16,1.16,1.16,1.16,0.0,3401855,3715311,0.0,0.0,IDN,False,0.736,0.74,0.78,0.76,0.454,0.915,1.0,0.78,0.849,0.74,0.0,0.0,1.0,0.761,1.18,-0.02,0.02,2.211,2.349,0.0005,0.783,False
IDN,Indonesia,Other,15.1,14.74,-0.36,14.74,0.0,14.74,0.0,14.74,14.74,14.74,14.74,0.01,42806678,47276778,0.0,0.0,unspecified,False,0.5,0.48,0.56,0.42,0.454,1.153,1.0,0.78,0.806,0.74,0.0,0.0,1.0,0.761,14.97,-0.13,0.23,2.211,2.349,0.0005,0.783,False
IND,India,Hindi-speaking (North/Central Indo-Aryan),43.6,44.23,0.63,44.23,0.0,44.23,0.0,44.25,44.2,44.2,44.25,0.05,632608002,742817341,0.0,0.0,unspecified,False,0.5,0.48,0.56,0.42,0.468,1.276,1.0,0.78,0.842,0.679,0.0,0.0,1.0,0.761,43.56,-0.04,-0.66,2.142,2.344,0.0005,0.7817,True
IND,India,Bengali,8.3,7.93,-0.37,7.93,0.0,7.93,0.0,7.94,7.93,7.93,7.94,0.01,120427670,133261683,0.0,0.0,unspecified,False,0.5,0.48,0.56,0.42,0.468,1.088,1.0,0.78,0.799,0.679,0.0,0.0,1.0,0.761,8.07,-0.23,0.14,2.142,2.344,0.0005,0.7817,False
IND,India,Marathi,6.9,6.6,-0.3,6.6,0.0,6.6,0.0,6.6,6.59,6.59,6.6,0.01,100114569,110783809,0.0,0.0,unspecified,False,0.5,0.48,0.56,0.42,0.468,1.068,1.0,0.78,0.795,0.679,0.0,0.0,1.0,0.761,6.71,-0.19,0.12,2.142,2.344,0.0005,0.7817,False
IND,India,Telugu (Dravidian),6.7,6.4,-0.3,6.4,0.0,6.4,0.0,6.41,6.4,6.4,6.41,0.01,97212698,107572684,0.0,0.0,unspecified,False,0.5,0.48,0.56,0.42,0.468,1.065,1.0,0.78,0.794,0.679,0.0,0.0,1.0,0.761,6.52,-0.18,0.11,2.142,2.344,0.0005,0.7817,False
IND,India,Tamil (Dravidian),5.7,5.45,-0.25,5.45,0.0,5.45,0.0,5.45,5.45,5.45,5.45,0.01,82703340,91517060,0.0,0.0,unspecified,False,0.5,0.48,0.56,0.42,0.468,1.048,1.0,0.78,0.79,0.679,0.0,0.0,1.0,0.761,5.54,-0.16,0.1,2.142,2.344,0.0005,0.7817,False
IND,India,Gujarati,4.6,4.4,-0.2,4.4,0.0,4.4,0.0,4.4,4.39,4.39,4.4,0.0,66743046,73855873,0.0,0.0,unspecified,False,0.5,0.48,0.56,0.42,0.468,1.027,1.0,0.78,0.785,0.679,0.0,0.0,1.0,0.761,4.47,-0.13,0.08,2.142,2.344,0.0005,0.7817,False
IND,India,Urdu-speaking (Muslim),4.2,5.57,1.37,5.57,0.0,5.57,0.0,5.52,5.61,5.52,5.61,0.09,60939303,93538685,0.0,0.0,unspecified,False,0.5,0.48,0.56,0.42,0.468,1.018,1.0,0.78,0.783,0.679,0.0,0.0,1.0,0.761,5.4,1.2,-0.17,2.142,2.344,0.0005,0.7817,False
IND,India,Kannada (Dravidian),3.6,3.44,-0.16,3.44,0.0,3.44,0.0,3.44,3.44,3.44,3.44,0.0,52233688,57800248,0.0,0.0,unspecified,False,0.5,0.48,0.56,0.42,0.468,1.003,1.0,0.78,0.78,0.679,0.0,0.0,1.0,0.761,3.5,-0.1,0.06,2.142,2.344,0.0005,0.7817,False
IND,India,Odia,3.1,2.96,-0.14,2.96,0.0,2.96,0.0,2.97,2.96,2.96,2.97,0.0,44979009,49772436,0.0,0.0,unspecified,False,0.5,0.48,0.56,0.42,0.468,0.989,1.0,0.78,0.777,0.679,0.0,0.0,1.0,0.761,3.02,-0.08,0.05,2.142,2.344,0.0005,0.7817,False
IND,India,Malayalam (Dravidian),2.9,2.77,-0.13,2.77,0.0,2.77,0.0,2.77,2.77,2.77,2.77,0.0,42077138,46561311,0.0,0.0,unspecified,False,0.5,0.48,0.56,0.42,0.468,0.983,1.0,0.78,0.775,0.679,0.0,0.0,1.0,0.761,2.82,-0.08,0.05,2.142,2.344,0.0005,0.7817,False
IND,India,Punjabi,2.7,2.58,-0.12,2.58,0.0,2.58,0.0,2.58,2.58,2.58,2.58,0.0,39175266,43350186,0.0,0.0,unspecified,False,0.5,0.48,0.56,0.42,0.468,0.977,1.0,0.78,0.774,0.679,0.0,0.0,1.0,0.761,2.63,-0.07,0.05,2.142,2.344,0.0005,0.7817,False
IND,India,Assamese,1.3,1.24,-0.06,1.24,0.0,1.24,0.0,1.24,1.24,1.24,1.24,0.0,18862165,20872312,0.0,0.0,unspecified,False,0.5,0.48,0.56,0.42,0.468,0.92,1.0,0.78,0.761,0.679,0.0,0.0,1.0,0.761,1.26,-0.04,0.02,2.142,2.344,0.0005,0.7817,False
IND,India,Other Indo-Aryan,3.0,2.87,-0.13,2.87,0.0,2.87,0.0,2.87,2.87,2.87,2.87,0.0,43528074,48166873,0.0,0.0,unspecified,False,0.5,0.48,0.56,0.42,0.468,0.986,1.0,0.78,0.776,0.679,0.0,0.0,1.0,0.761,2.92,-0.08,0.05,2.142,2.344,0.0005,0.7817,False
IND,India,Other Dravidian,0.5,0.48,-0.02,0.48,0.0,0.48,0.0,0.48,0.48,0.48,0.48,0.0,7254679,8027812,0.0,0.0,unspecified,False,0.5,0.48,0.56,0.42,0.468,0.869,1.0,0.78,0.749,0.679,0.0,0.0,1.0,0.761,0.49,-0.01,0.01,2.142,2.344,0.0005,0.7817,False
IND,India,Scheduled Tribes (Adivasi),2.0,2.21,0.21,2.21,0.0,2.21,0.0,2.2,2.21,2.2,2.21,0.01,29018716,37078378,0.0,0.0,unspecified,False,0.5,0.48,0.56,0.42,0.468,0.952,1.0,0.78,0.768,0.679,0.0,0.0,1.0,0.761,2.2,0.2,-0.01,2.142,2.344,0.0005,0.7817,False
IND,India,Other,0.9,0.87,-0.03,0.87,0.0,0.87,0.0,0.87,0.87,0.87,0.87,0.0,13058422,14612573,0.0,0.0,unspecified,False,0.5,0.48,0.56,0.42,0.468,0.897,1.0,0.78,0.755,0.679,0.0,0.0,1.0,0.761,0.89,-0.01,0.02,2.142,2.344,0.0005,0.7817,False
IRL,Ireland,Irish,76.6,74.29,-2.31,76.96,-2.67,74.62,-0.33,75.1,73.32,73.32,75.1,1.77,4025342,4434896,0.17,0.118,unspecified,False,0.5,0.48,0.56,0.42,0.674,1.3,1.0,0.78,0.979,0.0,0.733,0.675,1.0,0.761,73.9,-2.7,-0.39,1.884,1.809,0.0005,0.4378,True
IRL,Ireland,Other White British,10.2,10.72,0.52,9.7,1.03,10.77,-0.05,10.42,11.08,10.42,11.08,0.66,536012,640113,0.17,0.118,unspecified,True,0.5,0.48,0.56,0.42,0.674,1.11,1.0,0.78,0.916,0.0,0.733,0.675,1.0,0.761,10.96,0.76,0.24,1.884,1.809,0.0005,0.4378,False
IRL,Ireland,Polish,3.0,3.28,0.28,2.98,0.3,3.29,-0.01,3.18,3.38,3.18,3.38,0.2,157650,195544,0.17,0.118,unspecified,True,0.5,0.48,0.56,0.42,0.674,0.986,1.0,0.78,0.875,0.0,0.733,0.675,1.0,0.761,3.32,0.32,0.05,1.884,1.809,0.0005,0.4378,False
IRL,Ireland,Other EU (Romanian/Lithuanian),4.0,4.37,0.37,3.97,0.4,4.39,-0.02,4.25,4.52,4.25,4.52,0.27,210201,261049,0.17,0.118,unspecified,True,0.5,0.48,0.56,0.42,0.674,1.013,1.0,0.78,0.884,0.0,0.733,0.675,1.0,0.761,4.43,0.43,0.06,1.884,1.809,0.0005,0.4378,False
IRL,Ireland,Indian,0.9,1.0,0.1,0.89,0.1,1.0,-0.0,0.97,1.04,0.97,1.04,0.07,47295,59544,0.17,0.118,IND;PAK;BGD;LKA;NPL,True,0.718,0.719,0.752,0.684,0.674,0.897,1.0,0.78,0.975,0.0,0.733,0.675,1.0,0.761,1.01,0.11,0.01,1.884,1.809,0.0005,0.4378,False
IRL,Ireland,Nigerian,0.5,0.82,0.32,0.57,0.25,0.59,0.23,0.74,0.91,0.74,0.91,0.17,26275,48887,0.17,0.118,NGA;ETH;GHA;KEN;UGA;TZA;RWA;COD;CIV;CMR;SEN;ZMB;ZWE;MOZ;MWI;AGO;SDN;SOM;ERI;BFA;NER;MLI;GIN;SLE;LBR;BEN;TGO;GMB,True,0.711,0.785,0.574,0.717,0.674,0.869,1.008,0.78,0.961,0.0,0.733,0.675,1.0,0.761,0.81,0.31,-0.01,1.884,1.809,0.0005,0.4378,False
IRL,Ireland,Filipino,0.7,0.78,0.08,0.7,0.08,0.78,-0.0,0.75,0.81,0.75,0.81,0.06,36785,46373,0.17,0.118,PHL,True,0.759,0.718,0.88,0.64,0.674,0.884,1.0,0.78,0.993,0.0,0.733,0.675,1.0,0.761,0.79,0.09,0.01,1.884,1.809,0.0005,0.4378,False
IRL,Ireland,Asian (other),1.7,1.85,0.15,1.69,0.16,1.86,-0.01,1.8,1.91,1.8,1.91,0.11,89335,110567,0.17,0.118,unspecified,True,0.5,0.48,0.56,0.42,0.674,0.939,1.0,0.78,0.86,0.0,0.733,0.675,1.0,0.761,1.88,0.18,0.03,1.884,1.809,0.0005,0.4378,False
IRL,Ireland,African (other),1.1,1.48,0.38,1.26,0.23,1.28,0.2,1.41,1.57,1.41,1.57,0.16,57805,88590,0.17,0.118,NGA;ETH;GHA;KEN;UGA;TZA;RWA;COD;CIV;CMR;SEN;ZMB;ZWE;MOZ;MWI;AGO;SDN;SOM;ERI;BFA;NER;MLI;GIN;SLE;LBR;BEN;TGO;GMB,True,0.711,0.785,0.574,0.717,0.674,0.909,1.008,0.78,0.98,0.0,0.733,0.675,1.0,0.761,1.47,0.37,-0.02,1.884,1.809,0.0005,0.4378,False
IRL,Ireland,Other,1.3,1.41,0.11,1.29,0.12,1.42,-0.01,1.38,1.46,1.38,1.46,0.08,68315,84476,0.17,0.118,unspecified,True,0.5,0.48,0.56,0.42,0.674,0.92,1.0,0.78,0.853,0.0,0.733,0.675,1.0,0.761,1.43,0.13,0.02,1.884,1.809,0.0005,0.4378,False
IRN,Iran,Persian,59.0,57.56,-1.44,57.56,0.0,57.56,0.0,57.63,57.48,57.48,57.63,0.14,54024965,58627846,0.0,0.0,unspecified,False,0.5,0.48,0.56,0.42,0.419,1.3,1.0,0.78,0.816,0.0,0.0,0.0,1.0,0.761,57.32,-1.68,-0.23,2.005,2.105,0.0005,0.6278,True
IRN,Iran,Azeri,16.0,14.92,-1.08,14.92,0.0,14.92,0.0,14.94,14.91,14.91,14.94,0.04,14650838,15202174,0.0,0.0,unspecified,False,0.5,0.48,0.56,0.42,0.419,1.16,1.0,0.78,0.788,0.0,0.0,0.0,1.0,0.761,15.23,-0.77,0.31,2.005,2.105,0.0005,0.6278,False
IRN,Iran,Kurd,10.0,12.53,2.53,12.53,0.0,12.53,0.0,12.45,12.61,12.45,12.61,0.16,9156774,12762133,0.0,0.0,unspecified,False,0.5,0.48,0.56,0.42,0.419,1.108,1.0,0.78,0.777,0.0,0.0,0.0,1.0,0.761,12.29,2.29,-0.24,2.005,2.105,0.0005,0.6278,False
IRN,Iran,Lur,6.0,5.6,-0.4,5.6,0.0,5.6,0.0,5.6,5.59,5.59,5.6,0.01,5494064,5700815,0.0,0.0,unspecified,False,0.5,0.48,0.56,0.42,0.419,1.054,1.0,0.78,0.766,0.0,0.0,0.0,1.0,0.761,5.71,-0.29,0.12,2.005,2.105,0.0005,0.6278,False
IRN,Iran,Gilaki/Mazandarani,2.5,2.33,-0.17,2.33,0.0,2.33,0.0,2.33,2.33,2.33,2.33,0.01,2289193,2375340,0.0,0.0,unspecified,False,0.5,0.48,0.56,0.42,0.419,0.97,1.0,0.78,0.749,0.0,0.0,0.0,1.0,0.761,2.38,-0.12,0.05,2.005,2.105,0.0005,0.6278,False
IRN,Iran,Baloch,2.2,2.4,0.2,2.4,0.0,2.4,0.0,2.4,2.41,2.4,2.41,0.01,2014490,2447399,0.0,0.0,unspecified,False,0.5,0.48,0.56,0.42,0.419,0.96,1.0,0.78,0.747,0.0,0.0,0.0,1.0,0.761,2.4,0.2,0.0,2.005,2.105,0.0005,0.6278,False
IRN,Iran,Arab,2.0,2.51,0.51,2.51,0.0,2.51,0.0,2.49,2.52,2.49,2.52,0.03,1831355,2552427,0.0,0.0,unspecified,False,0.5,0.48,0.56,0.42,0.419,0.952,1.0,0.78,0.745,0.0,0.0,0.0,1.0,0.761,2.46,0.46,-0.05,2.005,2.105,0.0005,0.6278,False
IRN,Iran,Turkmen,1.5,1.4,-0.1,1.4,0.0,1.4,0.0,1.4,1.4,1.4,1.4,0.0,1373516,1425204,0.0,0.0,unspecified,False,0.5,0.48,0.56,0.42,0.419,0.93,1.0,0.78,0.74,0.0,0.0,0.0,1.0,0.761,1.43,-0.07,0.03,2.005,2.105,0.0005,0.6278,False
IRN,Iran,Other,0.8,0.75,-0.05,0.75,0.0,0.75,0.0,0.76,0.75,0.75,0.76,0.0,732542,768657,0.0,0.0,unspecified,False,0.5,0.48,0.56,0.42,0.419,0.891,1.0,0.78,0.732,0.0,0.0,0.0,1.0,0.761,0.77,-0.03,0.02,2.005,2.105,0.0005,0.6278,False
IRQ,Iraq,Arab (Shia),55.0,56.91,1.91,56.91,0.0,56.91,0.0,56.89,56.93,56.89,56.93,0.04,25323108,40933678,0.0,0.0,unspecified,False,0.5,0.48,0.56,0.42,0.454,1.3,1.0,0.78,0.839,0.702,0.0,0.0,1.0,0.761,56.2,1.2,-0.71,2.034,2.131,0.0005,0.6168,True
IRQ,Iraq,Arab (Sunni),18.0,17.78,-0.22,17.78,0.0,17.78,0.0,17.77,17.79,17.77,17.79,0.01,8287563,12788854,0.0,0.0,unspecified,False,0.5,0.48,0.56,0.42,0.454,1.173,1.0,0.78,0.81,0.702,0.0,0.0,1.0,0.761,18.01,0.01,0.23,2.034,2.131,0.0005,0.6168,False
IRQ,Iraq,Kurdish,18.0,17.78,-0.22,17.78,0.0,17.78,0.0,17.77,17.79,17.77,17.79,0.01,8287563,12788854,0.0,0.0,unspecified,False,0.5,0.48,0.56,0.42,0.454,1.173,1.0,0.78,0.81,0.702,0.0,0.0,1.0,0.761,18.01,0.01,0.23,2.034,2.131,0.0005,0.6168,False
IRQ,Iraq,Turkmen,2.0,1.8,-0.2,1.8,0.0,1.8,0.0,1.8,1.8,1.8,1.8,0.01,920840,1294226,0.0,0.0,unspecified,False,0.5,0.48,0.56,0.42,0.454,0.952,1.0,0.78,0.761,0.702,0.0,0.0,1.0,0.761,1.84,-0.16,0.05,2.034,2.131,0.0005,0.6168,False
IRQ,Iraq,Assyrian/Chaldean,1.0,0.8,-0.2,0.8,0.0,0.8,0.0,0.8,0.79,0.79,0.8,0.01,460420,573571,0.0,0.0,SYR,False,0.672,0.726,0.6,0.74,0.454,0.903,1.0,0.78,0.82,0.702,0.0,0.0,1.0,0.761,0.83,-0.17,0.03,2.034,2.131,0.0005,0.6168,False
IRQ,Iraq,Yazidi,0.5,0.45,-0.05,0.45,0.0,0.45,0.0,0.45,0.45,0.45,0.45,0.0,230210,323557,0.0,0.0,unspecified,False,0.5,0.48,0.56,0.42,0.454,0.869,1.0,0.78,0.743,0.702,0.0,0.0,1.0,0.761,0.46,-0.04,0.01,2.034,2.131,0.0005,0.6168,False
IRQ,Iraq,Other,5.5,4.49,-1.01,4.49,0.0,4.49,0.0,4.51,4.46,4.46,4.51,0.04,2532311,3226018,0.0,0.0,unspecified,False,0.5,0.48,0.56,0.42,0.454,1.045,1.0,0.78,0.782,0.702,0.0,0.0,1.0,0.761,4.65,-0.85,0.17,2.034,2.131,0.0005,0.6168,False
ISL,Iceland,Icelandic,81.3,79.52,-1.78,81.45,-1.93,79.52,0.0,80.11,78.81,78.81,80.11,1.3,319837,344307,0.17,0.093,unspecified,False,0.5,0.48,0.56,0.42,0.553,1.3,1.0,0.78,0.901,0.0,0.0,0.0,1.0,0.761,79.23,-2.07,-0.29,1.682,1.712,0.0005,0.3609,True
ISL,Iceland,Polish,5.6,6.14,0.54,5.56,0.58,6.14,0.0,5.96,6.35,5.96,6.35,0.39,22031,26566,0.17,0.093,unspecified,True,0.5,0.48,0.56,0.42,0.553,1.046,1.0,0.78,0.833,0.0,0.0,0.0,1.0,0.761,6.22,0.62,0.09,1.682,1.712,0.0005,0.3609,False
ISL,Iceland,Danish,1.0,1.09,0.09,0.99,0.1,1.09,0.0,1.06,1.13,1.06,1.13,0.07,3934,4718,0.17,0.093,unspecified,True,0.5,0.48,0.56,0.42,0.553,0.903,1.0,0.78,0.794,0.0,0.0,0.0,1.0,0.761,1.11,0.11,0.02,1.682,1.712,0.0005,0.3609,False
ISL,Iceland,Lithuanian,0.7,0.76,0.06,0.69,0.07,0.76,0.0,0.74,0.79,0.74,0.79,0.05,2754,3300,0.17,0.093,unspecified,True,0.5,0.48,0.56,0.42,0.553,0.884,1.0,0.78,0.789,0.0,0.0,0.0,1.0,0.761,0.77,0.07,0.01,1.682,1.712,0.0005,0.3609,False
ISL,Iceland,Filipino,0.6,0.66,0.06,0.6,0.07,0.66,0.0,0.64,0.69,0.64,0.69,0.05,2360,2876,0.17,0.093,PHL,True,0.759,0.718,0.88,0.64,0.553,0.876,1.0,0.78,0.91,0.0,0.0,0.0,1.0,0.761,0.67,0.07,0.01,1.682,1.712,0.0005,0.3609,False
ISL,Iceland,Other European,6.0,6.58,0.58,5.95,0.62,6.58,0.0,6.38,6.8,6.38,6.8,0.42,23604,28471,0.17,0.093,unspecified,True,0.5,0.48,0.56,0.42,0.553,1.054,1.0,0.78,0.835,0.0,0.0,0.0,1.0,0.761,6.67,0.67,0.09,1.682,1.712,0.0005,0.3609,False
ISL,Iceland,Other,4.8,5.26,0.46,4.76,0.49,5.26,0.0,5.1,5.44,5.1,5.44,0.33,18883,22758,0.17,0.093,unspecified,True,0.5,0.48,0.56,0.42,0.553,1.031,1.0,0.78,0.829,0.0,0.0,0.0,1.0,0.761,5.33,0.53,0.07,1.682,1.712,0.0005,0.3609,False
ISR,Israel,Jewish (Haredi/Orthodox),14.0,28.68,14.68,28.87,-0.19,28.68,0.0,28.27,29.07,28.27,29.07,0.8,1314182,3754886,0.0,0.0,unspecified,False,0.5,0.48,0.56,0.42,0.454,1.145,1.0,0.78,0.804,0.0,0.0,0.0,1.0,0.761,26.05,12.05,-2.63,2.103,2.085,0.0005,0.6768,False
ISR,Israel,Jewish (Non-Haredi),59.2,44.86,-14.34,45.16,-0.3,44.86,0.0,45.4,44.31,44.31,45.4,1.09,5557113,5873826,0.0,0.0,unspecified,False,0.5,0.48,0.56,0.42,0.454,1.3,1.0,0.78,0.839,0.0,0.0,0.0,1.0,0.761,46.96,-12.24,2.09,2.103,2.085,0.0005,0.6768,True
ISR,Israel,Arab Muslim (incl. Bedouin),16.8,16.92,0.12,17.03,-0.11,16.92,0.0,16.94,16.88,16.88,16.94,0.06,1577019,2214802,0.0,0.0,unspecified,False,0.5,0.48,0.56,0.42,0.454,1.166,1.0,0.78,0.809,0.0,0.0,0.0,1.0,0.761,17.13,0.33,0.21,2.103,2.085,0.0005,0.6768,False
ISR,Israel,Arab Christian,1.7,1.27,-0.43,1.28,-0.01,1.27,0.0,1.28,1.25,1.25,1.28,0.03,159579,165939,0.0,0.0,unspecified,False,0.5,0.48,0.56,0.42,0.454,0.939,1.0,0.78,0.758,0.0,0.0,0.0,1.0,0.761,1.36,-0.34,0.09,2.103,2.085,0.0005,0.6768,False
ISR,Israel,Druze,1.6,1.23,-0.37,1.24,-0.01,1.23,0.0,1.25,1.22,1.22,1.25,0.02,150192,161611,0.0,0.0,unspecified,False,0.5,0.48,0.56,0.42,0.454,0.935,1.0,0.78,0.757,0.0,0.0,0.0,1.0,0.761,1.31,-0.29,0.08,2.103,2.085,0.0005,0.6768,False
ISR,Israel,Other (incl. migrant workers),6.7,7.04,0.34,6.42,0.62,7.04,0.0,6.86,7.26,6.86,7.26,0.41,628930,921659,0.0,0.0,unspecified,True,0.5,0.48,0.56,0.42,0.454,1.065,1.0,0.78,0.786,0.0,0.0,0.0,1.0,0.761,7.2,0.5,0.16,2.103,2.085,0.0005,0.6768,False
ITA,Italy,Italian,88.5,82.89,-5.61,87.5,-4.61,83.09,-0.2,84.47,80.87,80.87,84.47,3.6,52518440,43012177,0.489,0.248,unspecified,False,0.5,0.48,0.56,0.42,0.828,1.3,1.0,0.78,1.077,0.0,0.658,0.513,1.0,0.761,82.98,-5.52,0.09,1.767,1.701,0.0005,0.3085,True
ITA,Italy,Romanian,2.0,2.63,0.63,1.96,0.67,2.64,-0.01,2.42,2.89,2.42,2.89,0.48,1186857,1364880,0.489,0.248,unspecified,True,0.5,0.48,0.56,0.42,0.828,0.952,1.0,0.78,0.936,0.0,0.658,0.513,1.0,0.761,2.68,0.68,0.05,1.767,1.701,0.0005,0.3085,False
ITA,Italy,Albanian,1.5,1.66,0.16,1.47,0.18,1.66,-0.0,1.6,1.72,1.6,1.72,0.11,890143,859642,0.489,0.248,unspecified,True,0.5,0.48,0.56,0.42,0.828,0.93,1.0,0.78,0.927,0.0,0.658,0.513,1.0,0.761,1.69,0.19,0.03,1.767,1.701,0.0005,0.3085,False
ITA,Italy,Moroccan,1.2,2.67,1.47,1.77,0.9,2.68,-0.01,2.34,3.09,2.34,3.09,0.75,712114,1385206,0.489,0.248,MAR,True,0.63,0.613,0.7,0.58,0.828,0.915,1.0,0.78,1.017,0.0,0.658,0.513,1.0,0.761,2.55,1.35,-0.12,1.767,1.701,0.0005,0.3085,False
ITA,Italy,Chinese,0.8,0.79,-0.01,0.7,0.09,0.79,-0.0,0.77,0.82,0.77,0.82,0.05,474743,410270,0.489,0.248,CHN,True,0.52,0.502,0.58,0.45,0.828,0.891,1.0,0.78,0.926,0.0,0.658,0.513,1.0,0.761,0.82,0.02,0.03,1.767,1.701,0.0005,0.3085,False
ITA,Italy,Ukrainian,0.7,0.78,0.08,0.69,0.09,0.78,-0.0,0.75,0.81,0.75,0.81,0.06,415400,404927,0.489,0.248,UKR,True,0.615,0.539,0.82,0.52,0.828,0.884,1.0,0.78,0.991,0.0,0.658,0.513,1.0,0.761,0.79,0.09,0.01,1.767,1.701,0.0005,0.3085,False
ITA,Italy,Indian,0.5,1.27,0.77,0.67,0.6,1.28,-0.0,1.05,1.57,1.05,1.57,0.52,296714,661401,0.489,0.248,IND;PAK;BGD;LKA;NPL,True,0.718,0.719,0.752,0.684,0.828,0.869,1.062,0.78,1.087,0.0,0.658,0.513,1.0,0.761,1.23,0.73,-0.04,1.767,1.701,0.0005,0.3085,False
ITA,Italy,Filipino,0.5,0.57,0.07,0.49,0.08,0.57,-0.0,0.54,0.59,0.54,0.59,0.05,296714,294509,0.489,0.248,PHL,True,0.759,0.718,0.88,0.64,0.828,0.869,1.0,0.78,1.085,0.0,0.658,0.513,1.0,0.761,0.58,0.08,0.01,1.767,1.701,0.0005,0.3085,False
ITA,Italy,Egyptian,0.4,0.98,0.58,0.56,0.42,0.98,-0.0,0.82,1.19,0.82,1.19,0.37,237371,508651,0.489,0.248,EGY,True,0.7,0.706,0.72,0.66,0.828,0.86,1.18,0.78,1.126,0.0,0.658,0.513,1.0,0.761,0.94,0.54,-0.04,1.767,1.701,0.0005,0.3085,False
ITA,Italy,Bangladeshi,0.4,1.07,0.67,0.6,0.47,1.07,-0.0,0.89,1.31,0.89,1.31,0.42,237371,555637,0.489,0.248,BGD,True,0.735,0.788,0.68,0.84,0.828,0.86,1.16,0.78,1.145,0.0,0.658,0.513,1.0,0.761,1.02,0.62,-0.05,1.767,1.701,0.0005,0.3085,False
ITA,Italy,Pakistani,0.3,0.78,0.48,0.44,0.34,0.78,-0.0,0.65,0.96,0.65,0.96,0.3,178029,404763,0.489,0.248,PAK,True,0.769,0.814,0.7,0.74,0.828,0.851,1.15,0.78,1.161,0.0,0.658,0.513,1.0,0.761,0.75,0.45,-0.03,1.767,1.701,0.0005,0.3085,False
ITA,Italy,Nigerian,0.3,0.54,0.24,0.29,0.24,0.36,0.18,0.46,0.63,0.46,0.63,0.16,178029,279310,0.489,0.248,NGA;ETH;GHA;KEN;UGA;TZA;RWA;COD;CIV;CMR;SEN;ZMB;ZWE;MOZ;MWI;AGO;SDN;SOM;ERI;BFA;NER;MLI;GIN;SLE;LBR;BEN;TGO;GMB,True,0.711,0.785,0.574,0.717,0.828,0.851,1.006,0.78,1.044,0.0,0.658,0.513,1.0,0.761,0.55,0.25,0.01,1.767,1.701,0.0005,0.3085,False
ITA,Italy,Sri Lankan,0.3,0.33,0.03,0.29,0.04,0.33,-0.0,0.32,0.34,0.32,0.34,0.02,178029,170968,0.489,0.248,unspecified,True,0.5,0.48,0.56,0.42,0.828,0.851,1.0,0.78,0.895,0.0,0.658,0.513,1.0,0.761,0.34,0.04,0.01,1.767,1.701,0.0005,0.3085,False
ITA,Italy,Moldovan,0.4,0.44,0.04,0.39,0.05,0.44,-0.0,0.43,0.45,0.43,0.45,0.03,237371,228102,0.489,0.248,unspecified,True,0.5,0.48,0.56,0.42,0.828,0.86,1.0,0.78,0.899,0.0,0.658,0.513,1.0,0.761,0.45,0.05,0.01,1.767,1.701,0.0005,0.3085,False
ITA,Italy,Other,2.2,2.6,0.4,2.16,0.44,2.55,0.05,2.47,2.76,2.47,2.76,0.29,1305543,1350655,0.489,0.248,NGA;ETH;GHA;KEN;UGA;TZA;RWA;COD;CIV;CMR;SEN;ZMB;ZWE;MOZ;MWI;AGO;SDN;SOM;ERI;BFA;NER;MLI;GIN;SLE;LBR;BEN;TGO;GMB,True,0.711,0.785,0.574,0.717,0.828,0.96,1.006,0.78,1.107,0.0,0.658,0.513,1.0,0.761,2.65,0.45,0.05,1.767,1.701,0.0005,0.3085,False
JAM,Jamaica,Black (African descent),92.1,92.15,0.05,92.23,-0.08,92.15,0.0,92.18,92.13,92.13,92.18,0.05,2614887,2262336,0.0,0.0,unspecified,False,0.5,0.48,0.56,0.42,0.588,1.3,1.0,0.78,0.924,0.0,0.0,0.0,1.0,0.761,92.04,-0.06,-0.11,1.551,1.457,0.0005,0.149,True
JAM,Jamaica,Mixed,6.1,6.0,-0.1,6.01,-0.01,6.0,0.0,6.0,6.0,6.0,6.0,0.0,173190,147306,0.0,0.0,unspecified,False,0.5,0.48,0.56,0.42,0.588,1.055,1.0,0.78,0.853,0.0,0.0,0.0,1.0,0.761,6.09,-0.01,0.09,1.551,1.457,0.0005,0.149,False
JAM,Jamaica,East Indian,0.8,0.78,-0.02,0.78,-0.0,0.78,0.0,0.78,0.78,0.78,0.78,0.0,22713,19104,0.0,0.0,IND;PAK;BGD;LKA;NPL,False,0.718,0.719,0.752,0.684,0.588,0.891,1.0,0.78,0.918,0.0,0.0,0.0,1.0,0.761,0.79,-0.01,0.01,1.551,1.457,0.0005,0.149,False
JAM,Jamaica,Other,1.0,1.07,0.07,0.98,0.08,1.07,0.0,1.04,1.1,1.04,1.1,0.06,28392,26199,0.0,0.0,unspecified,False,0.5,0.48,0.56,0.42,0.588,0.903,1.0,0.78,0.81,0.0,0.0,0.0,1.0,0.761,1.08,0.08,0.02,1.551,1.457,0.0005,0.149,False
JOR,Jordan,Transjordanian Arab,40.0,43.42,3.42,43.42,0.0,43.42,0.0,43.37,43.47,43.37,43.47,0.1,4621154,7107181,0.0,0.0,unspecified,False,0.5,0.48,0.56,0.42,0.454,1.266,1.0,0.78,0.831,0.0,0.0,0.0,1.0,0.761,42.3,2.3,-1.12,2.238,2.262,0.0005,0.714,True
JOR,Jordan,Jordanian of Palestinian origin,30.0,27.49,-2.51,27.49,0.0,27.49,0.0,27.54,27.44,27.44,27.54,0.1,3465866,4499142,0.0,0.0,unspecified,False,0.5,0.48,0.56,0.42,0.454,1.232,1.0,0.78,0.823,0.0,0.0,0.0,1.0,0.761,28.17,-1.83,0.68,2.238,2.262,0.0005,0.714,False
JOR,Jordan,Palestinian,7.0,6.41,-0.59,6.41,0.0,6.41,0.0,6.43,6.4,6.4,6.43,0.02,808702,1049800,0.0,0.0,unspecified,False,0.5,0.48,0.56,0.42,0.454,1.07,1.0,0.78,0.787,0.0,0.0,0.0,1.0,0.761,6.57,-0.43,0.16,2.238,2.262,0.0005,0.714,False
JOR,Jordan,Syrian,13.0,13.26,0.26,13.26,0.0,13.26,0.0,13.25,13.28,13.25,13.28,0.03,1501875,2170751,0.0,0.0,SYR,False,0.672,0.726,0.6,0.74,0.454,1.137,1.0,0.78,0.89,0.0,0.0,0.0,1.0,0.761,13.37,0.37,0.1,2.238,2.262,0.0005,0.714,False
JOR,Jordan,Egyptian,7.0,7.14,0.14,7.14,0.0,7.14,0.0,7.13,7.15,7.13,7.15,0.02,808702,1168866,0.0,0.0,EGY,False,0.7,0.706,0.72,0.66,0.454,1.07,1.0,0.78,0.882,0.0,0.0,0.0,1.0,0.761,7.2,0.2,0.06,2.238,2.262,0.0005,0.714,False
JOR,Jordan,Other Arab,1.5,1.21,-0.29,1.21,0.0,1.21,0.0,1.22,1.21,1.21,1.22,0.01,173293,198687,0.0,0.0,unspecified,False,0.5,0.48,0.56,0.42,0.454,0.93,1.0,0.78,0.756,0.0,0.0,0.0,1.0,0.761,1.27,-0.23,0.05,2.238,2.262,0.0005,0.714,False
JOR,Jordan,Circassian/Chechen/Armenian,1.5,1.06,-0.44,1.06,0.0,1.06,0.0,1.07,1.05,1.05,1.07,0.02,173293,172928,0.0,0.0,unspecified,False,0.5,0.48,0.56,0.42,0.454,0.93,1.0,0.78,0.756,0.0,0.0,0.0,1.0,0.761,1.13,-0.37,0.07,2.238,2.262,0.0005,0.714,False
JPN,Japan,Japanese,97.4,96.13,-1.27,97.43,-1.3,96.19,-0.05,96.59,95.53,95.53,96.59,1.06,120535462,101058505,0.0,0.0,unspecified,False,0.5,0.48,0.56,0.42,0.83,1.3,1.0,0.68,1.048,0.0,0.554,0.133,1.0,0.761,96.1,-1.3,-0.04,1.493,1.322,0.0005,0.0762,True
JPN,Japan,Chinese,0.8,1.06,0.26,0.71,0.35,1.06,-0.0,0.95,1.21,0.95,1.21,0.27,990024,1115668,0.0,0.0,CHN,True,0.52,0.502,0.58,0.45,0.83,0.891,1.0,0.68,0.905,0.0,0.554,0.133,1.0,0.761,1.1,0.3,0.04,1.493,1.322,0.0005,0.0762,False
JPN,Japan,Korean,0.4,0.28,-0.12,0.29,-0.0,0.28,-0.0,0.29,0.28,0.28,0.29,0.01,495012,295689,0.0,0.0,unspecified,False,0.5,0.48,0.56,0.42,0.83,0.86,1.0,0.68,0.88,0.0,0.554,0.133,1.0,0.761,0.3,-0.1,0.02,1.493,1.322,0.0005,0.0762,False
JPN,Japan,Filipino,0.4,0.91,0.51,0.5,0.41,0.91,-0.0,0.76,1.13,0.76,1.13,0.37,495012,961227,0.0,0.0,PHL,True,0.759,0.718,0.88,0.64,0.83,0.86,1.2,0.68,1.151,0.0,0.554,0.133,1.0,0.761,0.89,0.49,-0.02,1.493,1.322,0.0005,0.0762,False
JPN,Japan,Vietnamese,0.3,0.7,0.4,0.35,0.35,0.7,-0.0,0.57,0.87,0.57,0.87,0.31,371259,735453,0.0,0.0,VNM,True,0.71,0.674,0.84,0.68,0.83,0.851,1.28,0.68,1.144,0.0,0.554,0.133,1.0,0.761,0.69,0.39,-0.01,1.493,1.322,0.0005,0.0762,False
JPN,Japan,Brazilian (Nikkei),0.2,0.25,0.05,0.22,0.03,0.25,-0.0,0.24,0.27,0.24,0.27,0.02,247506,267664,0.0,0.0,unspecified,True,0.5,0.48,0.56,0.42,0.83,0.842,1.0,0.68,0.873,0.0,0.554,0.133,1.0,0.761,0.25,0.05,-0.0,1.493,1.322,0.0005,0.0762,False
JPN,Japan,Other,0.5,0.66,0.16,0.5,0.16,0.6,0.06,0.61,0.71,0.61,0.71,0.11,618765,688956,0.0,0.0,NGA;ETH;GHA;KEN;UGA;TZA;RWA;COD;CIV;CMR;SEN;ZMB;ZWE;MOZ;MWI;AGO;SDN;SOM;ERI;BFA;NER;MLI;GIN;SLE;LBR;BEN;TGO;GMB,True,0.711,0.785,0.574,0.717,0.83,0.869,1.001,0.68,1.024,0.0,0.554,0.133,1.0,0.761,0.66,0.16,0.01,1.493,1.322,0.0005,0.0762,False
KAZ,Kazakhstan,Kazakh,70.4,74.16,3.76,74.61,-0.45,74.16,0.0,74.21,74.08,74.08,74.21,0.13,14497172,19685113,0.0,0.0,unspecified,False,0.5,0.48,0.56,0.42,0.454,1.3,1.0,0.78,0.839,0.0,0.0,0.0,1.0,0.761,73.24,2.84,-0.92,1.911,1.914,0.0005,0.4411,True
KAZ,Kazakhstan,Russian,15.5,12.23,-3.27,12.31,-0.08,12.23,0.0,12.33,12.14,12.14,12.33,0.19,3191849,3247071,0.0,0.0,unspecified,False,0.5,0.48,0.56,0.42,0.454,1.156,1.0,0.78,0.807,0.0,0.0,0.0,1.0,0.761,12.83,-2.67,0.6,1.911,1.914,0.0005,0.4411,False
KAZ,Kazakhstan,Uzbek,3.2,3.25,0.05,3.27,-0.02,3.25,0.0,3.25,3.25,3.25,3.25,0.01,658962,863321,0.0,0.0,unspecified,False,0.5,0.48,0.56,0.42,0.454,0.992,1.0,0.78,0.77,0.0,0.0,0.0,1.0,0.761,3.28,0.08,0.02,1.911,1.914,0.0005,0.4411,False
KAZ,Kazakhstan,Ukrainian,2.0,1.58,-0.42,1.59,-0.01,1.58,0.0,1.59,1.57,1.57,1.59,0.02,411851,418977,0.0,0.0,UKR,False,0.615,0.539,0.82,0.52,0.454,0.952,1.0,0.78,0.81,0.0,0.0,0.0,1.0,0.761,1.66,-0.34,0.08,1.911,1.914,0.0005,0.4411,False
KAZ,Kazakhstan,Uyghur,1.5,1.52,0.02,1.53,-0.01,1.52,0.0,1.53,1.52,1.52,1.53,0.0,308889,404682,0.0,0.0,unspecified,False,0.5,0.48,0.56,0.42,0.454,0.93,1.0,0.78,0.756,0.0,0.0,0.0,1.0,0.761,1.54,0.04,0.01,1.911,1.914,0.0005,0.4411,False
KAZ,Kazakhstan,German,1.1,0.84,-0.26,0.85,-0.01,0.84,0.0,0.85,0.83,0.83,0.85,0.02,226518,223095,0.0,0.0,unspecified,False,0.5,0.48,0.56,0.42,0.454,0.909,1.0,0.78,0.752,0.0,0.0,0.0,1.0,0.761,0.89,-0.21,0.05,1.911,1.914,0.0005,0.4411,False
KAZ,Kazakhstan,Other,6.3,6.41,0.11,5.84,0.57,6.41,0.0,6.25,6.61,6.25,6.61,0.36,1297332,1702009,0.0,0.0,unspecified,True,0.5,0.48,0.56,0.42,0.454,1.059,1.0,0.78,0.785,0.0,0.0,0.0,1.0,0.761,6.57,0.27,0.16,1.911,1.914,0.0005,0.4411,False
KEN,Kenya,Kikuyu,17.1,18.94,1.84,18.94,0.0,18.94,0.0,18.95,18.93,18.93,18.95,0.02,9650034,15833345,0.0,0.0,unspecified,False,0.5,0.48,0.56,0.42,0.454,1.168,1.0,0.78,0.809,0.767,0.0,0.0,1.0,0.761,17.82,0.72,-1.12,2.272,2.498,0.0005,0.8906,True
KEN,Kenya,Luhya,14.3,13.71,-0.59,13.71,0.0,13.71,0.0,13.71,13.7,13.7,13.71,0.01,8069911,11457476,0.0,0.0,unspecified,False,0.5,0.48,0.56,0.42,0.454,1.147,1.0,0.78,0.805,0.767,0.0,0.0,1.0,0.761,13.93,-0.37,0.23,2.272,2.498,0.0005,0.8906,False
KEN,Kenya,Kalenjin,13.4,12.84,-0.56,12.84,0.0,12.84,0.0,12.85,12.84,12.84,12.85,0.01,7562015,10736376,0.0,0.0,unspecified,False,0.5,0.48,0.56,0.42,0.454,1.14,1.0,0.78,0.803,0.767,0.0,0.0,1.0,0.761,13.06,-0.34,0.21,2.272,2.498,0.0005,0.8906,False
KEN,Kenya,Luo,10.7,10.26,-0.44,10.26,0.0,10.26,0.0,10.26,10.25,10.25,10.26,0.01,6038325,8573076,0.0,0.0,unspecified,False,0.5,0.48,0.56,0.42,0.454,1.115,1.0,0.78,0.797,0.767,0.0,0.0,1.0,0.761,10.43,-0.27,0.17,2.272,2.498,0.0005,0.8906,False
KEN,Kenya,Kamba,10.1,9.68,-0.42,9.68,0.0,9.68,0.0,9.68,9.68,9.68,9.68,0.01,5699728,8092343,0.0,0.0,unspecified,False,0.5,0.48,0.56,0.42,0.454,1.109,1.0,0.78,0.796,0.767,0.0,0.0,1.0,0.761,9.84,-0.26,0.16,2.272,2.498,0.0005,0.8906,False
KEN,Kenya,Somali,6.8,8.03,1.23,8.03,0.0,8.03,0.0,8.0,8.07,8.0,8.07,0.08,3837440,6716602,0.0,0.0,SOM;ETH;KEN,False,0.717,0.799,0.567,0.747,0.454,1.066,1.0,0.78,0.89,0.767,0.0,0.0,1.0,0.761,7.95,1.15,-0.08,2.272,2.498,0.0005,0.8906,False
KEN,Kenya,Kisii,5.7,5.46,-0.24,5.46,0.0,5.46,0.0,5.47,5.46,5.46,5.47,0.0,3216678,4566966,0.0,0.0,unspecified,False,0.5,0.48,0.56,0.42,0.454,1.048,1.0,0.78,0.783,0.767,0.0,0.0,1.0,0.761,5.55,-0.15,0.09,2.272,2.498,0.0005,0.8906,False
KEN,Kenya,Mijikenda,5.2,4.98,-0.22,4.98,0.0,4.98,0.0,4.99,4.98,4.98,4.99,0.0,2934513,4166355,0.0,0.0,unspecified,False,0.5,0.48,0.56,0.42,0.454,1.039,1.0,0.78,0.781,0.767,0.0,0.0,1.0,0.761,5.07,-0.13,0.08,2.272,2.498,0.0005,0.8906,False
KEN,Kenya,Meru,4.2,4.03,-0.17,4.03,0.0,4.03,0.0,4.03,4.02,4.02,4.03,0.0,2370184,3365133,0.0,0.0,unspecified,False,0.5,0.48,0.56,0.42,0.454,1.018,1.0,0.78,0.776,0.767,0.0,0.0,1.0,0.761,4.09,-0.11,0.07,2.272,2.498,0.0005,0.8906,False
KEN,Kenya,Turkana,2.5,2.4,-0.1,2.4,0.0,2.4,0.0,2.4,2.4,2.4,2.4,0.0,1410824,2003055,0.0,0.0,unspecified,False,0.5,0.48,0.56,0.42,0.454,0.97,1.0,0.78,0.765,0.767,0.0,0.0,1.0,0.761,2.44,-0.06,0.04,2.272,2.498,0.0005,0.8906,False
KEN,Kenya,Maasai,2.2,2.11,-0.09,2.11,0.0,2.11,0.0,2.11,2.11,2.11,2.11,0.0,1241525,1762689,0.0,0.0,unspecified,False,0.5,0.48,0.56,0.42,0.454,0.96,1.0,0.78,0.763,0.767,0.0,0.0,1.0,0.761,2.14,-0.06,0.03,2.272,2.498,0.0005,0.8906,False
KEN,Kenya,Other,7.8,7.56,-0.24,7.56,0.0,7.56,0.0,7.56,7.56,7.56,7.56,0.01,4401770,6319817,0.0,0.0,unspecified,False,0.5,0.48,0.56,0.42,0.454,1.081,1.0,0.78,0.79,0.767,0.0,0.0,1.0,0.761,7.69,-0.11,0.12,2.272,2.498,0.0005,0.8906,False
KGZ,Kyrgyzstan,Kyrgyz,73.8,75.82,2.02,75.82,0.0,75.82,0.0,75.79,75.86,75.79,75.86,0.07,5303278,7311709,0.0,0.0,unspecified,False,0.5,0.48,0.56,0.42,0.454,1.3,1.0,0.78,0.839,0.0,0.0,0.0,1.0,0.761,75.29,1.49,-0.53,1.744,1.849,0.0005,0.407,True
KGZ,Kyrgyzstan,Uzbek,14.8,14.69,-0.11,14.69,0.0,14.69,0.0,14.68,14.69,14.68,14.69,0.01,1063530,1416309,0.0,0.0,unspecified,False,0.5,0.48,0.56,0.42,0.454,1.151,1.0,0.78,0.805,0.0,0.0,0.0,1.0,0.761,14.86,0.06,0.18,1.744,1.849,0.0005,0.407,False
KGZ,Kyrgyzstan,Russian,5.9,4.59,-1.31,4.59,0.0,4.59,0.0,4.61,4.56,4.56,4.61,0.06,423975,442232,0.0,0.0,unspecified,False,0.5,0.48,0.56,0.42,0.454,1.052,1.0,0.78,0.783,0.0,0.0,0.0,1.0,0.761,4.81,-1.09,0.22,1.744,1.849,0.0005,0.407,False
KGZ,Kyrgyzstan,Dungan,1.1,0.97,-0.13,0.97,0.0,0.97,0.0,0.97,0.97,0.97,0.97,0.0,79046,93697,0.0,0.0,unspecified,False,0.5,0.48,0.56,0.42,0.454,0.909,1.0,0.78,0.752,0.0,0.0,0.0,1.0,0.761,1.0,-0.1,0.03,1.744,1.849,0.0005,0.407,False
KGZ,Kyrgyzstan,Other,4.4,3.93,-0.47,3.93,0.0,3.93,0.0,3.94,3.92,3.92,3.94,0.02,316185,379002,0.0,0.0,unspecified,False,0.5,0.48,0.56,0.42,0.454,1.022,1.0,0.78,0.777,0.0,0.0,0.0,1.0,0.761,4.04,-0.36,0.11,1.744,1.849,0.0005,0.407,False
KHM,Cambodia,Khmer,92.3,91.16,-1.14,91.69,-0.53,91.16,0.0,91.34,90.94,90.94,91.34,0.4,16280616,19992026,0.0,0.0,unspecified,False,0.5,0.48,0.56,0.42,0.454,1.3,1.0,0.78,0.839,0.0,0.0,0.0,1.0,0.761,91.14,-1.16,-0.02,1.461,1.454,0.0005,0.166,True
KHM,Cambodia,Vietnamese,4.7,5.15,0.45,4.64,0.51,5.15,0.0,4.99,5.34,4.99,5.34,0.34,829024,1129099,0.0,0.0,VNM,True,0.71,0.674,0.84,0.68,0.454,1.029,1.0,0.78,0.875,0.0,0.0,0.0,1.0,0.761,5.23,0.53,0.08,1.461,1.454,0.0005,0.166,False
KHM,Cambodia,Cham (Muslim),2.0,2.59,0.59,2.6,-0.02,2.59,0.0,2.57,2.6,2.57,2.6,0.03,352776,567715,0.0,0.0,unspecified,False,0.5,0.48,0.56,0.42,0.454,0.952,1.0,0.78,0.761,0.0,0.0,0.0,1.0,0.761,2.52,0.52,-0.07,1.461,1.454,0.0005,0.166,False
KHM,Cambodia,Chinese (Khmer-Chen),0.5,0.5,0.0,0.46,0.04,0.5,0.0,0.49,0.52,0.49,0.52,0.03,88194,110747,0.0,0.0,CHN,True,0.52,0.502,0.58,0.45,0.454,0.869,1.0,0.78,0.751,0.0,0.0,0.0,1.0,0.761,0.52,0.02,0.01,1.461,1.454,0.0005,0.166,False
KHM,Cambodia,Tampuan/Jarai (indigenous uplands),0.4,0.5,0.1,0.51,-0.0,0.5,0.0,0.5,0.51,0.5,0.51,0.0,70555,110577,0.0,0.0,unspecified,False,0.5,0.48,0.56,0.42,0.454,0.86,1.0,0.78,0.741,0.0,0.0,0.0,1.0,0.761,0.49,0.09,-0.01,1.461,1.454,0.0005,0.166,False
KHM,Cambodia,Other,0.1,0.1,-0.0,0.1,-0.0,0.1,0.0,0.1,0.1,0.1,0.1,0.0,17639,21290,0.0,0.0,unspecified,False,0.5,0.48,0.56,0.42,0.454,0.831,1.0,0.78,0.735,0.0,0.0,0.0,1.0,0.761,0.1,-0.0,0.0,1.461,1.454,0.0005,0.166,False
KIR,Kiribati,I-Kiribati,95.8,95.86,0.06,95.86,0.0,95.86,0.0,95.86,95.86,95.86,95.86,0.0,128871,175081,0.0,0.0,unspecified,False,0.5,0.48,0.56,0.42,0.454,1.3,1.0,0.78,0.839,0.0,0.0,0.0,1.0,0.761,95.8,0.0,-0.06,1.395,1.363,0.0005,0.0804,True
KIR,Kiribati,Mixed / Other,4.2,4.14,-0.06,4.14,0.0,4.14,0.0,4.14,4.14,4.14,4.14,0.0,5650,7554,0.0,0.0,unspecified,False,0.5,0.48,0.56,0.42,0.454,1.018,1.0,0.78,0.776,0.0,0.0,0.0,1.0,0.761,4.2,-0.0,0.06,1.395,1.363,0.0005,0.0804,False
KNA,Saint Kitts & Nevis,African descent,92.5,92.88,0.38,92.99,-0.11,92.88,0.0,92.9,92.85,92.85,92.9,0.05,43352,41122,0.0,0.0,unspecified,False,0.5,0.48,0.56,0.42,0.556,1.3,1.0,0.78,0.904,0.0,0.0,0.0,1.0,0.761,92.72,0.22,-0.16,1.467,1.45,0.0005,0.1388,True
KNA,Saint Kitts & Nevis,Mixed,3.0,2.96,-0.04,2.97,-0.0,2.96,0.0,2.96,2.96,2.96,2.96,0.0,1406,1311,0.0,0.0,unspecified,False,0.5,0.48,0.56,0.42,0.556,0.986,1.0,0.78,0.818,0.0,0.0,0.0,1.0,0.761,3.0,0.0,0.04,1.467,1.45,0.0005,0.1388,False
KNA,Saint Kitts & Nevis,European,2.1,1.68,-0.42,1.68,-0.0,1.68,0.0,1.69,1.67,1.67,1.69,0.02,984,744,0.0,0.0,unspecified,False,0.5,0.48,0.56,0.42,0.556,0.956,1.0,0.78,0.81,0.0,0.0,0.0,1.0,0.761,1.77,-0.33,0.09,1.467,1.45,0.0005,0.1388,False
KNA,Saint Kitts & Nevis,Indian,1.5,1.46,-0.04,1.47,-0.0,1.46,0.0,1.46,1.46,1.46,1.46,0.0,703,648,0.0,0.0,IND;PAK;BGD;LKA;NPL,False,0.718,0.719,0.752,0.684,0.556,0.93,1.0,0.78,0.914,0.0,0.0,0.0,1.0,0.761,1.48,-0.02,0.02,1.467,1.45,0.0005,0.1388,False
KNA,Saint Kitts & Nevis,Other,0.9,1.01,0.11,0.9,0.11,1.01,0.0,0.98,1.06,0.98,1.06,0.08,422,448,0.0,0.0,unspecified,True,0.5,0.48,0.56,0.42,0.556,0.897,1.0,0.78,0.794,0.0,0.0,0.0,1.0,0.761,1.03,0.13,0.01,1.467,1.45,0.0005,0.1388,False
KOR,South Korea,Korean,96.3,92.87,-3.43,95.59,-2.73,92.96,-0.09,93.89,91.75,91.75,93.89,2.14,49804036,41923994,0.0,0.0,unspecified,False,0.5,0.48,0.56,0.42,0.896,1.3,1.0,0.66,1.082,0.0,0.607,0.17,1.0,0.761,93.06,-3.24,0.19,1.518,1.351,0.0005,0.1319,True
KOR,South Korea,Chinese (incl. Korean-Chinese),1.5,1.73,0.23,1.48,0.25,1.74,-0.0,1.66,1.83,1.66,1.83,0.17,775764,782858,0.0,0.0,CHN,True,0.52,0.502,0.58,0.45,0.896,0.93,1.0,0.66,0.946,0.0,0.607,0.17,1.0,0.761,1.76,0.26,0.03,1.518,1.351,0.0005,0.1319,False
KOR,South Korea,Vietnamese,0.4,0.48,0.08,0.4,0.09,0.48,-0.0,0.46,0.52,0.46,0.52,0.06,206870,218004,0.0,0.0,VNM,True,0.71,0.674,0.84,0.68,0.896,0.86,1.26,0.66,1.18,0.0,0.607,0.17,1.0,0.761,0.49,0.09,0.01,1.518,1.351,0.0005,0.1319,False
KOR,South Korea,Thai,0.3,0.34,0.04,0.3,0.05,0.34,-0.0,0.33,0.36,0.33,0.36,0.03,155153,155162,0.0,0.0,unspecified,True,0.5,0.48,0.56,0.42,0.896,0.851,1.0,0.66,0.898,0.0,0.607,0.17,1.0,0.761,0.35,0.05,0.01,1.518,1.351,0.0005,0.1319,False
KOR,South Korea,Filipino,0.2,0.24,0.04,0.2,0.04,0.24,-0.0,0.23,0.26,0.23,0.26,0.03,103435,108700,0.0,0.0,PHL,True,0.759,0.718,0.88,0.64,0.896,0.842,1.18,0.66,1.167,0.0,0.607,0.17,1.0,0.761,0.24,0.04,0.0,1.518,1.351,0.0005,0.1319,False
KOR,South Korea,Other (incl. foreign workers),1.3,4.33,3.03,2.03,2.29,4.24,0.09,3.44,5.29,3.44,5.29,1.85,672329,1954416,0.0,0.0,NGA;ETH;GHA;KEN;UGA;TZA;RWA;COD;CIV;CMR;SEN;ZMB;ZWE;MOZ;MWI;AGO;SDN;SOM;ERI;BFA;NER;MLI;GIN;SLE;LBR;BEN;TGO;GMB,True,0.711,0.785,0.574,0.717,0.896,0.92,1.001,0.66,1.086,0.0,0.607,0.17,1.0,0.761,4.09,2.79,-0.24,1.518,1.351,0.0005,0.1319,False
KWT,Kuwait,Kuwaiti,31.0,31.09,0.09,35.13,-4.04,31.09,0.0,32.21,29.82,29.82,32.21,2.39,1529697,1980022,0.0,0.0,unspecified,False,0.5,0.48,0.56,0.42,0.687,1.236,1.0,0.48,0.895,0.0,0.661,0.291,1.0,0.761,29.74,-1.26,-1.35,2.241,2.393,0.0005,0.8227,True
KWT,Kuwait,Indian,14.0,13.68,-0.32,12.75,0.94,13.68,0.0,13.43,13.97,13.43,13.97,0.54,690831,871192,0.0,0.0,IND;PAK;BGD;LKA;NPL,True,0.718,0.719,0.752,0.684,0.687,1.145,1.0,0.48,1.01,0.0,0.661,0.291,1.0,0.761,14.03,0.03,0.35,2.241,2.393,0.0005,0.8227,False
KWT,Kuwait,Egyptian,10.0,11.4,1.4,10.68,0.72,11.4,0.0,11.16,11.67,11.16,11.67,0.51,493451,725676,0.0,0.0,EGY,True,0.7,0.706,0.72,0.66,0.687,1.108,1.0,0.48,0.984,0.0,0.661,0.291,1.0,0.761,11.37,1.37,-0.03,2.241,2.393,0.0005,0.8227,False
KWT,Kuwait,Bangladeshi,8.0,7.81,-0.19,7.28,0.53,7.81,0.0,7.67,7.98,7.67,7.98,0.3,394761,497556,0.0,0.0,BGD,True,0.735,0.788,0.68,0.84,0.687,1.084,1.0,0.48,0.996,0.0,0.661,0.291,1.0,0.761,8.01,0.01,0.2,2.241,2.393,0.0005,0.8227,False
KWT,Kuwait,Pakistani,6.0,5.87,-0.13,5.46,0.4,5.87,0.0,5.76,5.99,5.76,5.99,0.23,296070,373470,0.0,0.0,PAK,True,0.769,0.814,0.7,0.74,0.687,1.054,1.0,0.48,1.003,0.0,0.661,0.291,1.0,0.761,6.02,0.02,0.15,2.241,2.393,0.0005,0.8227,False
KWT,Kuwait,Filipino,5.0,4.86,-0.14,4.55,0.31,4.86,0.0,4.78,4.95,4.78,4.95,0.17,246725,309466,0.0,0.0,PHL,True,0.759,0.718,0.88,0.64,0.687,1.035,1.0,0.48,0.99,0.0,0.661,0.291,1.0,0.761,4.98,-0.02,0.12,2.241,2.393,0.0005,0.8227,False
KWT,Kuwait,Syrian,3.0,3.39,0.39,3.2,0.18,3.39,0.0,3.32,3.45,3.32,3.45,0.13,148035,215554,0.0,0.0,SYR,True,0.672,0.726,0.6,0.74,0.687,0.986,1.0,0.48,0.921,0.0,0.661,0.291,1.0,0.761,3.38,0.38,-0.01,2.241,2.393,0.0005,0.8227,False
KWT,Kuwait,Nepali,2.0,1.88,-0.12,1.82,0.06,1.88,0.0,1.87,1.9,1.87,1.9,0.03,98690,119930,0.0,0.0,unspecified,True,0.5,0.48,0.56,0.42,0.687,0.952,1.0,0.48,0.816,0.0,0.661,0.291,1.0,0.761,1.93,-0.07,0.05,2.241,2.393,0.0005,0.8227,False
KWT,Kuwait,Other foreign,21.0,20.02,-0.98,19.12,0.9,20.02,0.0,19.8,20.27,19.8,20.27,0.47,1036247,1274892,0.0,0.0,unspecified,True,0.5,0.48,0.56,0.42,0.687,1.191,1.0,0.48,0.883,0.0,0.661,0.291,1.0,0.761,20.54,-0.46,0.51,2.241,2.393,0.0005,0.8227,False
LAO,Laos,Lao (Lao Lum),53.2,53.65,0.45,53.65,0.0,53.65,0.0,53.66,53.63,53.63,53.66,0.04,4133546,5234485,0.0,0.0,unspecified,False,0.5,0.48,0.56,0.42,0.454,1.299,1.0,0.78,0.838,0.0,0.0,0.0,1.0,0.761,53.07,-0.13,-0.57,2.102,2.187,0.0005,0.6705,True
LAO,Laos,Khmou,11.0,10.56,-0.44,10.56,0.0,10.56,0.0,10.57,10.56,10.56,10.57,0.01,854681,1030799,0.0,0.0,unspecified,False,0.5,0.48,0.56,0.42,0.454,1.118,1.0,0.78,0.798,0.0,0.0,0.0,1.0,0.761,10.73,-0.27,0.17,2.102,2.187,0.0005,0.6705,False
LAO,Laos,Hmong,9.2,10.08,0.88,10.08,0.0,10.08,0.0,10.05,10.11,10.05,10.11,0.06,714824,983111,0.0,0.0,unspecified,False,0.5,0.48,0.56,0.42,0.454,1.099,1.0,0.78,0.794,0.0,0.0,0.0,1.0,0.761,10.06,0.86,-0.01,2.102,2.187,0.0005,0.6705,False
LAO,Laos,Phouthay (Lao Tai),3.4,3.27,-0.13,3.27,0.0,3.27,0.0,3.27,3.26,3.26,3.27,0.0,264174,318611,0.0,0.0,unspecified,False,0.5,0.48,0.56,0.42,0.454,0.998,1.0,0.78,0.771,0.0,0.0,0.0,1.0,0.761,3.32,-0.08,0.05,2.102,2.187,0.0005,0.6705,False
LAO,Laos,Tai,3.1,2.98,-0.12,2.98,0.0,2.98,0.0,2.98,2.98,2.98,2.98,0.0,240865,290498,0.0,0.0,unspecified,False,0.5,0.48,0.56,0.42,0.454,0.989,1.0,0.78,0.77,0.0,0.0,0.0,1.0,0.761,3.03,-0.07,0.05,2.102,2.187,0.0005,0.6705,False
LAO,Laos,Makong,2.5,2.4,-0.1,2.4,0.0,2.4,0.0,2.4,2.4,2.4,2.4,0.0,194246,234273,0.0,0.0,unspecified,False,0.5,0.48,0.56,0.42,0.454,0.97,1.0,0.78,0.765,0.0,0.0,0.0,1.0,0.761,2.44,-0.06,0.04,2.102,2.187,0.0005,0.6705,False
LAO,Laos,Katong (Lao Theung),2.2,2.11,-0.09,2.11,0.0,2.11,0.0,2.11,2.11,2.11,2.11,0.0,170936,206160,0.0,0.0,unspecified,False,0.5,0.48,0.56,0.42,0.454,0.96,1.0,0.78,0.763,0.0,0.0,0.0,1.0,0.761,2.15,-0.05,0.03,2.102,2.187,0.0005,0.6705,False
LAO,Laos,Other,15.4,14.96,-0.44,14.96,0.0,14.96,0.0,14.96,14.95,14.95,14.96,0.01,1196553,1459348,0.0,0.0,unspecified,False,0.5,0.48,0.56,0.42,0.454,1.156,1.0,0.78,0.806,0.0,0.0,0.0,1.0,0.761,15.2,-0.2,0.24,2.102,2.187,0.0005,0.6705,False
LBN,Lebanon,Lebanese Arab (Sunni Muslim),27.0,26.5,-0.5,26.52,-0.02,26.5,0.0,26.5,26.49,26.49,26.5,0.01,1567610,1854578,0.0,0.0,unspecified,False,0.5,0.48,0.56,0.42,0.454,1.22,1.0,0.78,0.821,0.0,0.0,0.0,1.0,0.761,26.86,-0.14,0.36,2.179,2.317,0.0005,0.758,False
LBN,Lebanon,Lebanese Arab (Shia Muslim),33.0,34.96,1.96,34.98,-0.03,34.96,0.0,34.96,34.95,34.95,34.96,0.01,1915967,2446856,0.0,0.0,unspecified,False,0.5,0.48,0.56,0.42,0.454,1.243,1.0,0.78,0.826,0.0,0.0,0.0,1.0,0.761,34.0,1.0,-0.96,2.179,2.317,0.0005,0.758,True
LBN,Lebanon,Lebanese Arab (Maronite Christian),21.0,20.38,-0.62,20.39,-0.02,20.38,0.0,20.38,20.38,20.38,20.38,0.01,1219252,1426398,0.0,0.0,unspecified,False,0.5,0.48,0.56,0.42,0.454,1.191,1.0,0.78,0.814,0.0,0.0,0.0,1.0,0.761,20.66,-0.34,0.28,2.179,2.317,0.0005,0.758,False
LBN,Lebanon,Lebanese Arab (Orthodox/Greek Catholic Christian),9.0,8.73,-0.27,8.74,-0.01,8.73,0.0,8.73,8.73,8.73,8.73,0.0,522537,611314,0.0,0.0,unspecified,False,0.5,0.48,0.56,0.42,0.454,1.096,1.0,0.78,0.793,0.0,0.0,0.0,1.0,0.761,8.85,-0.15,0.12,2.179,2.317,0.0005,0.758,False
LBN,Lebanon,Druze,5.0,4.91,-0.09,4.91,-0.0,4.91,0.0,4.91,4.91,4.91,4.91,0.0,290298,343440,0.0,0.0,unspecified,False,0.5,0.48,0.56,0.42,0.454,1.035,1.0,0.78,0.78,0.0,0.0,0.0,1.0,0.761,4.97,-0.03,0.07,2.179,2.317,0.0005,0.758,False
LBN,Lebanon,Armenian,4.0,3.34,-0.66,3.34,-0.0,3.34,0.0,3.35,3.32,3.32,3.35,0.03,232238,233594,0.0,0.0,unspecified,False,0.5,0.48,0.56,0.42,0.454,1.013,1.0,0.78,0.775,0.0,0.0,0.0,1.0,0.761,3.47,-0.53,0.13,2.179,2.317,0.0005,0.758,False
LBN,Lebanon,Syrian refugee,0.6,0.76,0.16,0.69,0.07,0.76,0.0,0.74,0.79,0.74,0.79,0.06,34836,53389,0.0,0.0,SYR,True,0.672,0.726,0.6,0.74,0.454,0.876,1.0,0.78,0.812,0.0,0.0,0.0,1.0,0.761,0.76,0.16,-0.01,2.179,2.317,0.0005,0.758,False
LBN,Lebanon,Palestinian refugee,0.2,0.23,0.03,0.23,-0.0,0.23,0.0,0.22,0.23,0.22,0.23,0.0,11612,15801,0.0,0.0,unspecified,False,0.5,0.48,0.56,0.42,0.454,0.842,1.0,0.78,0.737,0.0,0.0,0.0,1.0,0.761,0.22,0.02,-0.0,2.179,2.317,0.0005,0.758,False
LBN,Lebanon,Other,0.2,0.2,-0.0,0.2,-0.0,0.2,0.0,0.2,0.2,0.2,0.2,0.0,11612,13892,0.0,0.0,unspecified,False,0.5,0.48,0.56,0.42,0.454,0.842,1.0,0.78,0.737,0.0,0.0,0.0,1.0,0.761,0.2,0.0,0.0,2.179,2.317,0.0005,0.758,False
LBR,Liberia,Kpelle,20.3,19.73,-0.57,19.73,0.0,19.73,0.0,19.73,19.73,19.73,19.73,0.0,1139401,1758187,0.0,0.0,unspecified,False,0.5,0.48,0.56,0.42,0.454,1.187,1.0,0.78,0.813,0.769,0.0,0.0,1.0,0.761,20.02,-0.28,0.29,2.246,2.462,0.0005,0.8637,False
LBR,Liberia,Bassa,13.4,13.02,-0.38,13.02,0.0,13.02,0.0,13.02,13.02,13.02,13.02,0.0,752117,1160577,0.0,0.0,unspecified,False,0.5,0.48,0.56,0.42,0.454,1.14,1.0,0.78,0.803,0.769,0.0,0.0,1.0,0.761,13.21,-0.19,0.19,2.246,2.462,0.0005,0.8637,False
LBR,Liberia,Grebo,10.0,9.72,-0.28,9.72,0.0,9.72,0.0,9.72,9.72,9.72,9.72,0.0,561281,866102,0.0,0.0,unspecified,False,0.5,0.48,0.56,0.42,0.454,1.108,1.0,0.78,0.796,0.769,0.0,0.0,1.0,0.761,9.86,-0.14,0.14,2.246,2.462,0.0005,0.8637,False
LBR,Liberia,Gio,8.0,7.78,-0.22,7.78,0.0,7.78,0.0,7.78,7.78,7.78,7.78,0.0,449025,692882,0.0,0.0,unspecified,False,0.5,0.48,0.56,0.42,0.454,1.084,1.0,0.78,0.79,0.769,0.0,0.0,1.0,0.761,7.89,-0.11,0.11,2.246,2.462,0.0005,0.8637,False
LBR,Liberia,Mano,7.9,7.68,-0.22,7.68,0.0,7.68,0.0,7.68,7.68,7.68,7.68,0.0,443412,684221,0.0,0.0,unspecified,False,0.5,0.48,0.56,0.42,0.454,1.082,1.0,0.78,0.79,0.769,0.0,0.0,1.0,0.761,7.79,-0.11,0.11,2.246,2.462,0.0005,0.8637,False
LBR,Liberia,Kru,6.0,5.83,-0.17,5.83,0.0,5.83,0.0,5.83,5.83,5.83,5.83,0.0,336769,519661,0.0,0.0,unspecified,False,0.5,0.48,0.56,0.42,0.454,1.054,1.0,0.78,0.784,0.769,0.0,0.0,1.0,0.761,5.92,-0.08,0.08,2.246,2.462,0.0005,0.8637,False
LBR,Liberia,Lorma,4.8,4.67,-0.13,4.67,0.0,4.67,0.0,4.67,4.67,4.67,4.67,0.0,269415,415729,0.0,0.0,unspecified,False,0.5,0.48,0.56,0.42,0.454,1.031,1.0,0.78,0.779,0.769,0.0,0.0,1.0,0.761,4.73,-0.07,0.07,2.246,2.462,0.0005,0.8637,False
LBR,Liberia,Kissi,4.6,4.47,-0.13,4.47,0.0,4.47,0.0,4.47,4.47,4.47,4.47,0.0,258189,398407,0.0,0.0,unspecified,False,0.5,0.48,0.56,0.42,0.454,1.027,1.0,0.78,0.778,0.769,0.0,0.0,1.0,0.761,4.54,-0.06,0.06,2.246,2.462,0.0005,0.8637,False
LBR,Liberia,Gola,4.4,4.28,-0.12,4.28,0.0,4.28,0.0,4.28,4.28,4.28,4.28,0.0,246964,381085,0.0,0.0,unspecified,False,0.5,0.48,0.56,0.42,0.454,1.022,1.0,0.78,0.777,0.769,0.0,0.0,1.0,0.761,4.34,-0.06,0.06,2.246,2.462,0.0005,0.8637,False
LBR,Liberia,Other,20.6,22.82,2.22,22.82,0.0,22.82,0.0,22.82,22.82,22.82,22.82,0.0,1156239,2033683,0.0,0.0,unspecified,False,0.5,0.48,0.56,0.42,0.454,1.189,1.0,0.78,0.814,0.769,0.0,0.0,1.0,0.761,21.71,1.11,-1.12,2.246,2.462,0.0005,0.8637,True
LBY,Libya,Arab (Sunni),88.0,87.93,-0.07,88.24,-0.31,87.93,0.0,88.03,87.82,87.82,88.03,0.21,6495306,8143039,0.0,0.0,unspecified,False,0.5,0.48,0.56,0.42,0.454,1.3,1.0,0.78,0.839,0.0,0.0,0.0,1.0,0.761,87.76,-0.24,-0.17,1.639,1.561,0.0005,0.2265,True
LBY,Libya,Amazigh (Berber),4.0,3.88,-0.12,3.89,-0.01,3.88,0.0,3.88,3.88,3.88,3.88,0.01,295241,359351,0.0,0.0,unspecified,False,0.5,0.48,0.56,0.42,0.454,1.013,1.0,0.78,0.775,0.0,0.0,0.0,1.0,0.761,3.94,-0.06,0.06,1.639,1.561,0.0005,0.2265,False
LBY,Libya,Tuareg,2.5,2.43,-0.07,2.43,-0.01,2.43,0.0,2.43,2.42,2.42,2.43,0.01,184526,224594,0.0,0.0,unspecified,False,0.5,0.48,0.56,0.42,0.454,0.97,1.0,0.78,0.765,0.0,0.0,0.0,1.0,0.761,2.46,-0.04,0.03,1.639,1.561,0.0005,0.2265,False
LBY,Libya,Tebu,2.0,1.94,-0.06,1.95,-0.01,1.94,0.0,1.94,1.94,1.94,1.94,0.0,147621,179675,0.0,0.0,unspecified,False,0.5,0.48,0.56,0.42,0.454,0.952,1.0,0.78,0.761,0.0,0.0,0.0,1.0,0.761,1.97,-0.03,0.03,1.639,1.561,0.0005,0.2265,False
LBY,Libya,Sub-Saharan migrant,2.0,2.18,0.18,1.99,0.19,2.18,0.0,2.12,2.26,2.12,2.26,0.13,147621,202307,0.0,0.0,unspecified,True,0.5,0.48,0.56,0.42,0.454,0.952,1.0,0.78,0.761,0.0,0.0,0.0,1.0,0.761,2.22,0.22,0.03,1.639,1.561,0.0005,0.2265,False
LBY,Libya,Other,1.5,1.64,0.14,1.49,0.14,1.64,0.0,1.59,1.69,1.59,1.69,0.1,110715,151643,0.0,0.0,unspecified,True,0.5,0.48,0.56,0.42,0.454,0.93,1.0,0.78,0.756,0.0,0.0,0.0,1.0,0.761,1.66,0.16,0.02,1.639,1.561,0.0005,0.2265,False
LCA,Saint Lucia,Black/African descent,85.3,85.36,0.06,85.55,-0.18,85.36,0.0,85.42,85.29,85.29,85.42,0.13,153328,146896,0.0,0.0,unspecified,False,0.5,0.48,0.56,0.42,0.579,1.3,1.0,0.78,0.918,0.0,0.0,0.0,1.0,0.761,85.15,-0.15,-0.21,1.601,1.614,0.0005,0.2623,True
LCA,Saint Lucia,Mixed,10.9,10.7,-0.2,10.72,-0.02,10.7,0.0,10.71,10.69,10.69,10.71,0.02,19593,18412,0.0,0.0,unspecified,False,0.5,0.48,0.56,0.42,0.579,1.117,1.0,0.78,0.866,0.0,0.0,0.0,1.0,0.761,10.85,-0.05,0.15,1.601,1.614,0.0005,0.2623,False
LCA,Saint Lucia,East Indian,2.2,2.14,-0.06,2.14,-0.0,2.14,0.0,2.14,2.13,2.13,2.14,0.0,3955,3675,0.0,0.0,IND;PAK;BGD;LKA;NPL,False,0.718,0.719,0.752,0.684,0.579,0.96,1.0,0.78,0.94,0.0,0.0,0.0,1.0,0.761,2.17,-0.03,0.03,1.601,1.614,0.0005,0.2623,False
LCA,Saint Lucia,Other,1.6,1.8,0.2,1.59,0.21,1.8,0.0,1.74,1.88,1.74,1.88,0.15,2876,3103,0.0,0.0,unspecified,True,0.5,0.48,0.56,0.42,0.579,0.935,1.0,0.78,0.814,0.0,0.0,0.0,1.0,0.761,1.83,0.23,0.03,1.601,1.614,0.0005,0.2623,False
LIE,Liechtenstein,Liechtensteiner,66.0,63.7,-2.3,66.32,-2.62,63.7,0.0,64.5,62.76,62.76,64.5,1.74,26331,27407,0.0,0.0,unspecified,False,0.5,0.48,0.56,0.42,0.57,1.3,1.0,0.78,0.913,0.0,0.0,0.0,1.0,0.761,63.2,-2.8,-0.51,1.921,2.002,0.0005,0.5694,True
LIE,Liechtenstein,Swiss,9.0,9.25,0.25,8.45,0.8,9.25,0.0,9.02,9.52,9.02,9.52,0.5,3591,3979,0.0,0.0,unspecified,True,0.5,0.48,0.56,0.42,0.57,1.096,1.0,0.78,0.856,0.0,0.0,0.0,1.0,0.761,9.47,0.47,0.22,1.921,2.002,0.0005,0.5694,False
LIE,Liechtenstein,Austrian / German,8.0,8.22,0.22,7.51,0.71,8.22,0.0,8.01,8.46,8.01,8.46,0.44,3192,3535,0.0,0.0,unspecified,True,0.5,0.48,0.56,0.42,0.57,1.084,1.0,0.78,0.852,0.0,0.0,0.0,1.0,0.761,8.41,0.41,0.2,1.921,2.002,0.0005,0.5694,False
LIE,Liechtenstein,Italian,4.0,4.1,0.1,3.75,0.34,4.1,0.0,4.0,4.21,4.0,4.21,0.21,1596,1763,0.0,0.0,unspecified,True,0.5,0.48,0.56,0.42,0.57,1.013,1.0,0.78,0.833,0.0,0.0,0.0,1.0,0.761,4.19,0.19,0.1,1.921,2.002,0.0005,0.5694,False
LIE,Liechtenstein,Turkish,3.0,3.92,0.92,4.08,-0.16,3.92,0.0,3.93,3.89,3.89,3.93,0.04,1197,1686,0.0,0.0,unspecified,False,0.5,0.48,0.56,0.42,0.57,0.986,1.0,0.78,0.825,0.0,0.0,0.0,1.0,0.761,3.76,0.76,-0.16,1.921,2.002,0.0005,0.5694,False
LIE,Liechtenstein,Other,10.0,10.82,0.82,9.88,0.94,10.82,0.0,10.53,11.16,10.53,11.16,0.62,3990,4654,0.0,0.0,unspecified,True,0.5,0.48,0.56,0.42,0.57,1.108,1.0,0.78,0.859,0.0,0.0,0.0,1.0,0.761,10.97,0.97,0.15,1.921,2.002,0.0005,0.5694,False
LKA,Sri Lanka,Sinhalese,74.5,74.31,-0.19,74.31,0.0,74.31,0.0,74.34,74.29,74.29,74.34,0.06,17212153,18440201,0.0,0.0,unspecified,False,0.5,0.48,0.56,0.42,0.483,1.3,1.0,0.78,0.857,0.59,0.0,0.0,1.0,0.761,74.12,-0.38,-0.19,1.788,1.841,0.0005,0.4259,True
LKA,Sri Lanka,Sri Lankan Tamil,11.2,9.06,-2.14,9.06,0.0,9.06,0.0,9.11,9.0,9.0,9.11,0.11,2587599,2247609,0.0,0.0,unspecified,False,0.5,0.48,0.56,0.42,0.483,1.12,1.0,0.78,0.815,0.59,0.0,0.0,1.0,0.761,9.48,-1.72,0.42,1.788,1.841,0.0005,0.4259,False
LKA,Sri Lanka,Sri Lankan Moor (Muslim),9.2,12.41,3.21,12.41,0.0,12.41,0.0,12.31,12.51,12.31,12.51,0.21,2125528,3079416,0.0,0.0,unspecified,False,0.5,0.48,0.56,0.42,0.483,1.099,1.0,0.78,0.809,0.59,0.0,0.0,1.0,0.761,12.01,2.81,-0.4,1.788,1.841,0.0005,0.4259,False
LKA,Sri Lanka,Indian Tamil,4.2,3.4,-0.8,3.4,0.0,3.4,0.0,3.42,3.38,3.38,3.42,0.04,970350,842853,0.0,0.0,IND;PAK;BGD;LKA;NPL,False,0.718,0.719,0.752,0.684,0.483,1.018,1.0,0.78,0.895,0.59,0.0,0.0,1.0,0.761,3.55,-0.65,0.16,1.788,1.841,0.0005,0.4259,False
LKA,Sri Lanka,Malay,0.5,0.48,-0.02,0.48,0.0,0.48,0.0,0.48,0.48,0.48,0.48,0.0,115518,119509,0.0,0.0,unspecified,False,0.5,0.48,0.56,0.42,0.483,0.869,1.0,0.78,0.755,0.59,0.0,0.0,1.0,0.761,0.49,-0.01,0.01,1.788,1.841,0.0005,0.4259,False
LKA,Sri Lanka,Burgher (mixed Dutch/Portuguese),0.3,0.24,-0.06,0.24,0.0,0.24,0.0,0.24,0.24,0.24,0.24,0.0,69311,60204,0.0,0.0,unspecified,False,0.5,0.48,0.56,0.42,0.483,0.851,1.0,0.78,0.751,0.59,0.0,0.0,1.0,0.761,0.25,-0.05,0.01,1.788,1.841,0.0005,0.4259,False
LKA,Sri Lanka,Vedda (indigenous),0.1,0.1,-0.0,0.1,0.0,0.1,0.0,0.1,0.1,0.1,0.1,0.0,23104,23902,0.0,0.0,unspecified,False,0.5,0.48,0.56,0.42,0.483,0.831,1.0,0.78,0.746,0.59,0.0,0.0,1.0,0.761,0.1,-0.0,0.0,1.788,1.841,0.0005,0.4259,False
LSO,Lesotho,Sotho (Basotho),99.7,99.67,-0.03,99.7,-0.03,99.67,0.0,99.68,99.66,99.66,99.68,0.02,2330416,2983267,0.0,0.0,unspecified,False,0.5,0.48,0.56,0.42,0.454,1.3,1.0,0.78,0.839,0.0,0.0,0.0,1.0,0.761,99.67,-0.03,-0.0,1.204,1.258,0.0005,0.0066,True
LSO,Lesotho,Other,0.3,0.33,0.03,0.3,0.03,0.33,0.0,0.32,0.34,0.32,0.34,0.02,7012,9821,0.0,0.0,unspecified,True,0.5,0.48,0.56,0.42,0.454,0.851,1.0,0.78,0.739,0.0,0.0,0.0,1.0,0.761,0.33,0.03,0.0,1.204,1.258,0.0005,0.0066,False
LTU,Lithuania,Lithuanian,84.6,86.55,1.95,87.04,-0.49,86.55,0.0,86.64,86.42,86.42,86.64,0.22,2418809,1954933,0.543,0.222,unspecified,False,0.5,0.48,0.56,0.42,0.762,1.3,1.0,0.78,1.034,0.0,0.0,0.0,1.0,0.761,86.0,1.4,-0.55,1.75,1.637,0.0005,0.2543,True
LTU,Lithuania,Polish,6.5,5.17,-1.33,5.2,-0.03,5.17,0.0,5.21,5.13,5.13,5.21,0.09,185842,116821,0.543,0.222,unspecified,False,0.5,0.48,0.56,0.42,0.762,1.062,1.0,0.78,0.946,0.0,0.0,0.0,1.0,0.761,5.44,-1.06,0.27,1.75,1.637,0.0005,0.2543,False
LTU,Lithuania,Russian,5.0,3.98,-1.02,4.0,-0.02,3.98,0.0,4.01,3.94,3.94,4.01,0.07,142956,89863,0.543,0.222,unspecified,False,0.5,0.48,0.56,0.42,0.762,1.035,1.0,0.78,0.936,0.0,0.0,0.0,1.0,0.761,4.18,-0.82,0.2,1.75,1.637,0.0005,0.2543,False
LTU,Lithuania,Belarusian,1.0,0.8,-0.2,0.8,-0.0,0.8,0.0,0.8,0.79,0.79,0.8,0.01,28591,17973,0.543,0.222,unspecified,False,0.5,0.48,0.56,0.42,0.762,0.903,1.0,0.78,0.886,0.0,0.0,0.0,1.0,0.761,0.84,-0.16,0.04,1.75,1.637,0.0005,0.2543,False
LTU,Lithuania,Other,2.9,3.51,0.61,2.96,0.55,3.51,0.0,3.33,3.72,3.33,3.72,0.39,82914,79178,0.543,0.222,unspecified,True,0.5,0.48,0.56,0.42,0.762,0.983,1.0,0.78,0.916,0.0,0.0,0.0,1.0,0.761,3.54,0.64,0.04,1.75,1.637,0.0005,0.2543,False
LUX,Luxembourg,Luxembourger,52.9,49.85,-3.05,54.3,-4.44,49.85,0.0,51.16,48.33,48.33,51.16,2.83,356039,394572,0.238,0.162,unspecified,False,0.5,0.48,0.56,0.42,0.639,1.298,1.0,0.78,0.956,0.0,0.0,0.0,1.0,0.761,49.02,-3.88,-0.83,2.067,2.181,0.0005,0.6945,True
LUX,Luxembourg,Portuguese,16.2,16.98,0.78,15.43,1.55,16.98,0.0,16.54,17.51,16.54,17.51,0.97,109033,134429,0.238,0.162,unspecified,True,0.5,0.48,0.56,0.42,0.639,1.161,1.0,0.78,0.913,0.0,0.0,0.0,1.0,0.761,17.33,1.13,0.34,2.067,2.181,0.0005,0.6945,False
LUX,Luxembourg,French,7.4,7.72,0.32,7.05,0.67,7.72,0.0,7.53,7.94,7.53,7.94,0.42,49805,61094,0.238,0.162,unspecified,True,0.5,0.48,0.56,0.42,0.639,1.075,1.0,0.78,0.886,0.0,0.0,0.0,1.0,0.761,7.87,0.47,0.16,2.067,2.181,0.0005,0.6945,False
LUX,Luxembourg,Italian,3.5,3.63,0.13,3.33,0.3,3.63,0.0,3.55,3.73,3.55,3.73,0.19,23556,28768,0.238,0.162,unspecified,True,0.5,0.48,0.56,0.42,0.639,1.0,1.0,0.78,0.863,0.0,0.0,0.0,1.0,0.761,3.71,0.21,0.07,2.067,2.181,0.0005,0.6945,False
LUX,Luxembourg,Belgian,3.3,3.59,0.29,3.3,0.3,3.59,0.0,3.51,3.7,3.51,3.7,0.19,22210,28452,0.238,0.162,unspecified,True,0.5,0.48,0.56,0.42,0.639,0.995,1.0,0.78,0.861,0.0,0.0,0.0,1.0,0.761,3.63,0.33,0.04,2.067,2.181,0.0005,0.6945,False
LUX,Luxembourg,German,2.3,2.38,0.08,2.19,0.19,2.38,0.0,2.33,2.45,2.33,2.45,0.12,15480,18863,0.238,0.162,unspecified,True,0.5,0.48,0.56,0.42,0.639,0.963,1.0,0.78,0.851,0.0,0.0,0.0,1.0,0.761,2.43,0.13,0.05,2.067,2.181,0.0005,0.6945,False
LUX,Luxembourg,Other,14.4,15.83,1.43,14.4,1.43,15.83,0.0,15.39,16.34,15.39,16.34,0.95,96918,125282,0.238,0.162,unspecified,True,0.5,0.48,0.56,0.42,0.639,1.148,1.0,0.78,0.909,0.0,0.0,0.0,1.0,0.761,16.0,1.6,0.17,2.067,2.181,0.0005,0.6945,False
LVA,Latvia,Latvian,62.7,66.34,3.64,67.37,-1.03,66.34,0.0,66.55,66.06,66.06,66.55,0.49,1173665,1004229,0.516,0.198,unspecified,False,0.5,0.48,0.56,0.42,0.745,1.3,1.0,0.78,1.024,0.0,0.0,0.0,1.0,0.761,65.22,2.52,-1.11,1.926,2.009,0.0005,0.5247,True
LVA,Latvia,Russian,24.5,19.97,-4.53,20.28,-0.31,19.97,0.0,20.17,19.74,19.74,20.17,0.44,458609,302252,0.516,0.198,unspecified,False,0.5,0.48,0.56,0.42,0.745,1.209,1.0,0.78,0.991,0.0,0.0,0.0,1.0,0.761,20.85,-3.65,0.88,1.926,2.009,0.0005,0.5247,False
LVA,Latvia,Belarusian,3.1,2.53,-0.57,2.57,-0.04,2.53,0.0,2.55,2.5,2.5,2.55,0.06,58028,38244,0.516,0.198,unspecified,False,0.5,0.48,0.56,0.42,0.745,0.989,1.0,0.78,0.911,0.0,0.0,0.0,1.0,0.761,2.64,-0.46,0.11,1.926,2.009,0.0005,0.5247,False
LVA,Latvia,Ukrainian,2.2,2.74,0.54,2.32,0.42,2.74,0.0,2.6,2.9,2.6,2.9,0.3,41181,41463,0.516,0.198,UKR,True,0.615,0.539,0.82,0.52,0.745,0.96,1.0,0.78,0.981,0.0,0.0,0.0,1.0,0.761,2.75,0.55,0.01,1.926,2.009,0.0005,0.5247,False
LVA,Latvia,Polish,2.0,1.63,-0.37,1.66,-0.03,1.63,0.0,1.65,1.61,1.61,1.65,0.04,37437,24674,0.516,0.198,unspecified,False,0.5,0.48,0.56,0.42,0.745,0.952,1.0,0.78,0.897,0.0,0.0,0.0,1.0,0.761,1.7,-0.3,0.07,1.926,2.009,0.0005,0.5247,False
LVA,Latvia,Other,5.5,6.8,1.3,5.81,0.99,6.8,0.0,6.48,7.19,6.48,7.19,0.72,102953,102946,0.516,0.198,unspecified,True,0.5,0.48,0.56,0.42,0.745,1.045,1.0,0.78,0.931,0.0,0.0,0.0,1.0,0.761,6.83,1.33,0.03,1.926,2.009,0.0005,0.5247,False
MAR,Morocco,Arab,45.0,46.19,1.19,46.19,0.0,46.19,0.0,46.19,46.18,46.18,46.19,0.01,17136529,20063233,0.0,0.0,unspecified,False,0.5,0.48,0.56,0.42,0.454,1.279,1.0,0.78,0.834,0.613,0.0,0.0,1.0,0.761,45.44,0.44,-0.74,2.077,2.242,0.0005,0.7073,True
MAR,Morocco,Arabized Berber,25.0,24.23,-0.77,24.23,0.0,24.23,0.0,24.24,24.23,24.23,24.24,0.01,9520294,10527775,0.0,0.0,unspecified,False,0.5,0.48,0.56,0.42,0.454,1.211,1.0,0.78,0.819,0.613,0.0,0.0,1.0,0.761,24.6,-0.4,0.37,2.077,2.242,0.0005,0.7073,False
MAR,Morocco,Amazigh (Tachelhit),14.0,13.57,-0.43,13.57,0.0,13.57,0.0,13.57,13.57,13.57,13.57,0.0,5331365,5895554,0.0,0.0,unspecified,False,0.5,0.48,0.56,0.42,0.454,1.145,1.0,0.78,0.804,0.613,0.0,0.0,1.0,0.761,13.78,-0.22,0.2,2.077,2.242,0.0005,0.7073,False
MAR,Morocco,Amazigh (Tarifit),5.0,4.85,-0.15,4.85,0.0,4.85,0.0,4.85,4.85,4.85,4.85,0.0,1904059,2105555,0.0,0.0,unspecified,False,0.5,0.48,0.56,0.42,0.454,1.035,1.0,0.78,0.78,0.613,0.0,0.0,1.0,0.761,4.92,-0.08,0.07,2.077,2.242,0.0005,0.7073,False
MAR,Morocco,Amazigh (Tamazight),5.0,4.85,-0.15,4.85,0.0,4.85,0.0,4.85,4.85,4.85,4.85,0.0,1904059,2105555,0.0,0.0,unspecified,False,0.5,0.48,0.56,0.42,0.454,1.035,1.0,0.78,0.78,0.613,0.0,0.0,1.0,0.761,4.92,-0.08,0.07,2.077,2.242,0.0005,0.7073,False
MAR,Morocco,Haratin (sub-Saharan origin),3.5,3.88,0.38,3.88,0.0,3.88,0.0,3.87,3.89,3.87,3.89,0.02,1332841,1685247,0.0,0.0,unspecified,False,0.5,0.48,0.56,0.42,0.454,1.0,1.0,0.78,0.772,0.613,0.0,0.0,1.0,0.761,3.87,0.37,-0.01,2.077,2.242,0.0005,0.7073,False
MAR,Morocco,Sahrawi,1.5,1.45,-0.05,1.45,0.0,1.45,0.0,1.45,1.45,1.45,1.45,0.0,571218,631666,0.0,0.0,unspecified,False,0.5,0.48,0.56,0.42,0.454,0.93,1.0,0.78,0.756,0.613,0.0,0.0,1.0,0.761,1.48,-0.02,0.02,2.077,2.242,0.0005,0.7073,False
MAR,Morocco,Other,1.0,0.98,-0.02,0.98,0.0,0.98,0.0,0.98,0.98,0.98,0.98,0.0,380812,425847,0.0,0.0,unspecified,False,0.5,0.48,0.56,0.42,0.454,0.903,1.0,0.78,0.75,0.613,0.0,0.0,1.0,0.761,1.0,-0.0,0.01,2.077,2.242,0.0005,0.7073,False
MDA,Moldova,Moldovan / Romanian,75.1,76.86,1.76,77.86,-0.99,76.86,0.0,77.11,76.55,76.55,77.11,0.56,2279260,1807671,0.0,0.0,unspecified,False,0.5,0.48,0.56,0.42,0.645,1.3,1.0,0.78,0.96,0.0,0.0,0.0,1.0,0.761,76.2,1.1,-0.66,1.694,1.84,0.0005,0.4047,True
MDA,Moldova,Ukrainian,6.6,5.4,-1.2,5.47,-0.07,5.4,0.0,5.45,5.34,5.34,5.45,0.11,200308,126946,0.0,0.0,UKR,False,0.615,0.539,0.82,0.52,0.645,1.063,1.0,0.78,0.963,0.0,0.0,0.0,1.0,0.761,5.62,-0.98,0.22,1.694,1.84,0.0005,0.4047,False
MDA,Moldova,Gagauz,4.6,3.76,-0.84,3.81,-0.05,3.76,0.0,3.8,3.72,3.72,3.8,0.07,139608,88478,0.0,0.0,unspecified,False,0.5,0.48,0.56,0.42,0.645,1.027,1.0,0.78,0.874,0.0,0.0,0.0,1.0,0.761,3.91,-0.69,0.15,1.694,1.84,0.0005,0.4047,False
MDA,Moldova,Russian,4.1,3.35,-0.75,3.4,-0.04,3.35,0.0,3.38,3.32,3.32,3.38,0.07,124434,78860,0.0,0.0,unspecified,False,0.5,0.48,0.56,0.42,0.645,1.016,1.0,0.78,0.87,0.0,0.0,0.0,1.0,0.761,3.49,-0.61,0.13,1.694,1.84,0.0005,0.4047,False
MDA,Moldova,Bulgarian,1.9,1.55,-0.35,1.57,-0.02,1.55,0.0,1.57,1.54,1.54,1.57,0.03,57664,36545,0.0,0.0,unspecified,False,0.5,0.48,0.56,0.42,0.645,0.948,1.0,0.78,0.849,0.0,0.0,0.0,1.0,0.761,1.62,-0.28,0.06,1.694,1.84,0.0005,0.4047,False
MDA,Moldova,Other,7.7,9.07,1.37,7.89,1.18,9.07,0.0,8.69,9.52,8.69,9.52,0.83,233692,213306,0.0,0.0,unspecified,True,0.5,0.48,0.56,0.42,0.645,1.08,1.0,0.78,0.89,0.0,0.0,0.0,1.0,0.761,9.16,1.46,0.09,1.694,1.84,0.0005,0.4047,False
MDG,Madagascar,Merina,26.0,27.82,1.82,27.85,-0.03,27.82,0.0,27.82,27.81,27.81,27.82,0.02,8310890,14794103,0.0,0.0,unspecified,False,0.5,0.48,0.56,0.42,0.454,1.216,1.0,0.78,0.82,0.0,0.0,0.0,1.0,0.761,26.78,0.78,-1.04,2.186,2.432,0.0005,0.8419,True
MDG,Madagascar,Betsimisaraka,15.0,14.57,-0.43,14.58,-0.02,14.57,0.0,14.57,14.56,14.56,14.57,0.01,4794744,7748109,0.0,0.0,unspecified,False,0.5,0.48,0.56,0.42,0.454,1.153,1.0,0.78,0.806,0.0,0.0,0.0,1.0,0.761,14.78,-0.22,0.21,2.186,2.432,0.0005,0.8419,False
MDG,Madagascar,Betsileo,12.0,11.65,-0.35,11.67,-0.01,11.65,0.0,11.66,11.65,11.65,11.66,0.01,3835795,6198488,0.0,0.0,unspecified,False,0.5,0.48,0.56,0.42,0.454,1.128,1.0,0.78,0.8,0.0,0.0,0.0,1.0,0.761,11.82,-0.18,0.17,2.186,2.432,0.0005,0.8419,False
MDG,Madagascar,Tsimihety,7.0,6.8,-0.2,6.81,-0.01,6.8,0.0,6.8,6.8,6.8,6.8,0.01,2237547,3615784,0.0,0.0,unspecified,False,0.5,0.48,0.56,0.42,0.454,1.07,1.0,0.78,0.787,0.0,0.0,0.0,1.0,0.761,6.9,-0.1,0.1,2.186,2.432,0.0005,0.8419,False
MDG,Madagascar,Sakalava,6.0,5.83,-0.17,5.83,-0.01,5.83,0.0,5.83,5.82,5.82,5.83,0.0,1917898,3099244,0.0,0.0,unspecified,False,0.5,0.48,0.56,0.42,0.454,1.054,1.0,0.78,0.784,0.0,0.0,0.0,1.0,0.761,5.91,-0.09,0.08,2.186,2.432,0.0005,0.8419,False
MDG,Madagascar,Antandroy,5.0,4.86,-0.14,4.86,-0.01,4.86,0.0,4.86,4.85,4.85,4.86,0.0,1598248,2582703,0.0,0.0,unspecified,False,0.5,0.48,0.56,0.42,0.454,1.035,1.0,0.78,0.78,0.0,0.0,0.0,1.0,0.761,4.93,-0.07,0.07,2.186,2.432,0.0005,0.8419,False
MDG,Madagascar,Antaisaka,5.0,4.86,-0.14,4.86,-0.01,4.86,0.0,4.86,4.85,4.85,4.86,0.0,1598248,2582703,0.0,0.0,unspecified,False,0.5,0.48,0.56,0.42,0.454,1.035,1.0,0.78,0.78,0.0,0.0,0.0,1.0,0.761,4.93,-0.07,0.07,2.186,2.432,0.0005,0.8419,False
MDG,Madagascar,Antanosy,4.0,3.88,-0.12,3.89,-0.0,3.88,0.0,3.89,3.88,3.88,3.89,0.0,1278598,2066163,0.0,0.0,unspecified,False,0.5,0.48,0.56,0.42,0.454,1.013,1.0,0.78,0.775,0.0,0.0,0.0,1.0,0.761,3.94,-0.06,0.06,2.186,2.432,0.0005,0.8419,False
MDG,Madagascar,Other Malagasy,19.0,18.66,-0.34,18.68,-0.02,18.66,0.0,18.67,18.65,18.65,18.67,0.01,6073342,9924647,0.0,0.0,unspecified,False,0.5,0.48,0.56,0.42,0.454,1.179,1.0,0.78,0.812,0.0,0.0,0.0,1.0,0.761,18.93,-0.07,0.27,2.186,2.432,0.0005,0.8419,False
MDG,Madagascar,Other (French/Chinese/Indian),1.0,1.08,0.08,0.97,0.11,1.08,0.0,1.05,1.12,1.05,1.12,0.07,319650,573529,0.0,0.0,IND;PAK;BGD;LKA;NPL,True,0.718,0.719,0.752,0.684,0.454,0.903,1.0,0.78,0.838,0.0,0.0,0.0,1.0,0.761,1.1,0.1,0.02,2.186,2.432,0.0005,0.8419,False
MDV,Maldives,Maldivian,70.0,67.21,-2.79,70.62,-3.41,67.22,-0.0,68.24,65.99,65.99,68.24,2.26,369461,396532,0.0,0.0,unspecified,False,0.5,0.48,0.56,0.42,0.633,1.3,1.0,0.44,0.876,0.0,0.457,0.082,1.0,0.761,66.7,-3.3,-0.52,1.864,1.934,0.0005,0.5284,True
MDV,Maldives,Bangladeshi expatriate,10.0,11.18,1.18,9.94,1.24,11.18,-0.0,10.8,11.64,10.8,11.64,0.84,52780,65977,0.0,0.0,BGD,True,0.735,0.788,0.68,0.84,0.633,1.108,1.0,0.44,0.958,0.0,0.457,0.082,1.0,0.761,11.33,1.33,0.15,1.864,1.934,0.0005,0.5284,False
MDV,Maldives,Indian expatriate,6.0,6.67,0.67,5.97,0.7,6.67,-0.0,6.45,6.92,6.45,6.92,0.47,31668,39329,0.0,0.0,IND;PAK;BGD;LKA;NPL,True,0.718,0.719,0.752,0.684,0.633,1.054,1.0,0.44,0.929,0.0,0.457,0.082,1.0,0.761,6.75,0.75,0.09,1.864,1.934,0.0005,0.5284,False
MDV,Maldives,Chinese expatriate,5.0,4.97,-0.03,4.52,0.44,4.97,-0.0,4.85,5.11,4.85,5.11,0.26,26390,29292,0.0,0.0,CHN,True,0.52,0.502,0.58,0.45,0.633,1.035,1.0,0.44,0.82,0.0,0.457,0.082,1.0,0.761,5.11,0.11,0.15,1.864,1.934,0.0005,0.5284,False
MDV,Maldives,Sri Lankan expatriate,2.0,2.17,0.17,1.99,0.18,2.17,-0.0,2.11,2.23,2.11,2.23,0.12,10556,12800,0.0,0.0,unspecified,True,0.5,0.48,0.56,0.42,0.633,0.952,1.0,0.44,0.788,0.0,0.457,0.082,1.0,0.761,2.2,0.2,0.03,1.864,1.934,0.0005,0.5284,False
MDV,Maldives,Other,7.0,7.8,0.8,6.96,0.84,7.8,0.01,7.54,8.11,7.54,8.11,0.57,36946,46034,0.0,0.0,NGA;ETH;GHA;KEN;UGA;TZA;RWA;COD;CIV;CMR;SEN;ZMB;ZWE;MOZ;MWI;AGO;SDN;SOM;ERI;BFA;NER;MLI;GIN;SLE;LBR;BEN;TGO;GMB,True,0.711,0.785,0.574,0.717,0.633,1.07,1.0,0.44,0.931,0.0,0.457,0.082,1.0,0.761,7.91,0.91,0.1,1.864,1.934,0.0005,0.5284,False
MEX,Mexico,Mestizo (Euro/Amerindian mix),62.0,60.13,-1.87,60.13,0.0,60.13,0.0,60.23,60.03,60.03,60.23,0.19,81133821,89560519,0.0,0.0,IND;PAK;BGD;LKA;NPL,False,0.718,0.719,0.752,0.684,0.497,1.3,1.0,0.78,1.004,0.546,0.0,0.0,1.0,0.761,59.86,-2.14,-0.27,2.008,2.078,0.0007,0.6164,True
MEX,Mexico,Amerindian: Nahua,7.4,9.24,1.84,9.24,0.0,9.24,0.0,9.18,9.3,9.18,9.3,0.12,9683714,13760540,0.0,0.0,IND;PAK;BGD;LKA;NPL,False,0.718,0.719,0.752,0.684,0.497,1.075,1.0,0.78,0.926,0.546,0.0,0.0,1.0,0.761,9.08,1.68,-0.16,2.008,2.078,0.0007,0.6164,False
MEX,Mexico,Amerindian: Maya,6.5,8.11,1.61,8.11,0.0,8.11,0.0,8.06,8.17,8.06,8.17,0.11,8505965,12086961,0.0,0.0,IND;PAK;BGD;LKA;NPL,False,0.718,0.719,0.752,0.684,0.497,1.062,1.0,0.78,0.921,0.546,0.0,0.0,1.0,0.761,7.97,1.47,-0.14,2.008,2.078,0.0007,0.6164,False
MEX,Mexico,Amerindian: Mixtec,2.4,3.0,0.6,3.0,0.0,3.0,0.0,2.98,3.02,2.98,3.02,0.04,3140664,4462878,0.0,0.0,IND;PAK;BGD;LKA;NPL,False,0.718,0.719,0.752,0.684,0.497,0.967,1.0,0.78,0.888,0.546,0.0,0.0,1.0,0.761,2.94,0.54,-0.05,2.008,2.078,0.0007,0.6164,False
MEX,Mexico,Amerindian: Zapotec,1.7,2.12,0.42,2.12,0.0,2.12,0.0,2.11,2.14,2.11,2.14,0.03,2224637,3161205,0.0,0.0,IND;PAK;BGD;LKA;NPL,False,0.718,0.719,0.752,0.684,0.497,0.939,1.0,0.78,0.878,0.546,0.0,0.0,1.0,0.761,2.09,0.39,-0.04,2.008,2.078,0.0007,0.6164,False
MEX,Mexico,Amerindian: Otomi,1.1,1.37,0.27,1.37,0.0,1.37,0.0,1.36,1.38,1.36,1.38,0.02,1439471,2045486,0.0,0.0,IND;PAK;BGD;LKA;NPL,False,0.718,0.719,0.752,0.684,0.497,0.909,1.0,0.78,0.868,0.546,0.0,0.0,1.0,0.761,1.35,0.25,-0.02,2.008,2.078,0.0007,0.6164,False
MEX,Mexico,Amerindian: Totonac,0.9,1.12,0.22,1.12,0.0,1.12,0.0,1.12,1.13,1.12,1.13,0.01,1177749,1673579,0.0,0.0,IND;PAK;BGD;LKA;NPL,False,0.718,0.719,0.752,0.684,0.497,0.897,1.0,0.78,0.864,0.546,0.0,0.0,1.0,0.761,1.1,0.2,-0.02,2.008,2.078,0.0007,0.6164,False
MEX,Mexico,Other Amerindian,1.0,1.25,0.25,1.25,0.0,1.25,0.0,1.24,1.26,1.24,1.26,0.02,1308610,1859532,0.0,0.0,IND;PAK;BGD;LKA;NPL,False,0.718,0.719,0.752,0.684,0.497,0.903,1.0,0.78,0.866,0.546,0.0,0.0,1.0,0.761,1.23,0.23,-0.02,2.008,2.078,0.0007,0.6164,False
MEX,Mexico,White (Spanish/European descent),10.0,7.23,-2.77,7.23,0.0,7.23,0.0,7.3,7.16,7.16,7.3,0.13,13086100,10768756,0.0,0.0,unspecified,False,0.5,0.48,0.56,0.42,0.497,1.108,1.0,0.78,0.82,0.546,0.0,0.0,1.0,0.761,7.76,-2.24,0.53,2.008,2.078,0.0007,0.6164,False
MEX,Mexico,Afro-Mexican,1.5,1.36,-0.14,1.36,0.0,1.36,0.0,1.37,1.36,1.36,1.37,0.0,1962915,2032075,0.0,0.0,MEX,False,0.593,0.546,0.74,0.56,0.497,0.93,1.0,0.78,0.818,0.546,0.0,0.0,1.0,0.761,1.41,-0.09,0.04,2.008,2.078,0.0007,0.6164,False
MEX,Mexico,Other,5.5,5.06,-0.44,5.06,0.0,5.06,0.0,5.07,5.05,5.05,5.07,0.02,7197355,7534736,0.0,0.0,unspecified,False,0.5,0.48,0.56,0.42,0.497,1.045,1.0,0.78,0.804,0.546,0.0,0.0,1.0,0.761,5.22,-0.28,0.16,2.008,2.078,0.0007,0.6164,False
MHL,Marshall Islands,Marshallese,92.1,91.95,-0.15,92.2,-0.26,91.95,0.0,92.03,91.85,91.85,92.03,0.18,34604,23182,0.0,0.0,unspecified,False,0.5,0.48,0.56,0.42,0.59,1.3,1.0,0.78,0.925,0.0,0.0,0.0,1.0,0.761,91.83,-0.27,-0.12,1.473,1.457,0.0005,0.1527,True
MHL,Marshall Islands,Mixed,5.9,5.79,-0.11,5.81,-0.02,5.79,0.0,5.8,5.78,5.78,5.8,0.01,2217,1460,0.0,0.0,unspecified,False,0.5,0.48,0.56,0.42,0.59,1.052,1.0,0.78,0.853,0.0,0.0,0.0,1.0,0.761,5.87,-0.03,0.08,1.473,1.457,0.0005,0.1527,False
MHL,Marshall Islands,Other,2.0,2.26,0.26,1.99,0.27,2.26,0.0,2.18,2.37,2.18,2.37,0.19,751,570,0.0,0.0,unspecified,True,0.5,0.48,0.56,0.42,0.59,0.952,1.0,0.78,0.825,0.0,0.0,0.0,1.0,0.761,2.29,0.29,0.03,1.473,1.457,0.0005,0.1527,False
MKD,North Macedonia,Macedonian,58.4,55.5,-2.9,55.95,-0.45,55.5,0.0,55.74,55.24,55.24,55.74,0.49,1064638,839564,0.486,0.138,unspecified,False,0.5,0.48,0.56,0.42,0.727,1.3,1.0,0.78,1.012,0.0,0.0,0.0,1.0,0.761,55.4,-3.0,-0.1,2.001,2.075,0.0005,0.6123,True
MKD,North Macedonia,Albanian,24.3,26.3,2.0,26.52,-0.22,26.3,0.0,26.29,26.3,26.29,26.3,0.0,442992,397896,0.486,0.138,unspecified,False,0.5,0.48,0.56,0.42,0.727,1.208,1.0,0.78,0.98,0.0,0.0,0.0,1.0,0.761,26.25,1.95,-0.05,2.001,2.075,0.0005,0.6123,False
MKD,North Macedonia,Turk,3.9,4.22,0.32,4.26,-0.04,4.22,0.0,4.22,4.22,4.22,4.22,0.0,71097,63860,0.486,0.138,unspecified,False,0.5,0.48,0.56,0.42,0.727,1.011,1.0,0.78,0.91,0.0,0.0,0.0,1.0,0.761,4.21,0.31,-0.01,2.001,2.075,0.0005,0.6123,False
MKD,North Macedonia,Romani,2.5,3.49,0.99,3.52,-0.03,3.49,0.0,3.47,3.52,3.47,3.52,0.05,45575,52840,0.486,0.138,unspecified,False,0.5,0.48,0.56,0.42,0.727,0.97,1.0,0.78,0.895,0.0,0.0,0.0,1.0,0.761,3.35,0.85,-0.14,2.001,2.075,0.0005,0.6123,False
MKD,North Macedonia,Serb,1.8,1.31,-0.49,1.32,-0.01,1.31,0.0,1.32,1.29,1.29,1.32,0.03,32814,19813,0.486,0.138,unspecified,False,0.5,0.48,0.56,0.42,0.727,0.944,1.0,0.78,0.886,0.0,0.0,0.0,1.0,0.761,1.39,-0.41,0.08,2.001,2.075,0.0005,0.6123,False
MKD,North Macedonia,Other,9.1,9.17,0.07,8.42,0.75,9.17,0.0,8.96,9.43,8.96,9.43,0.47,165894,138713,0.486,0.138,unspecified,False,0.5,0.48,0.56,0.42,0.727,1.098,1.0,0.78,0.94,0.0,0.0,0.0,1.0,0.761,9.39,0.29,0.22,2.001,2.075,0.0005,0.6123,False
MLI,Mali,Bambara,33.3,34.36,1.06,34.36,0.0,34.36,0.0,34.38,34.35,34.35,34.38,0.03,8151373,15859213,0.0,0.0,unspecified,False,0.5,0.48,0.56,0.42,0.454,1.244,1.0,0.78,0.826,0.836,0.0,0.0,1.0,0.761,33.48,0.18,-0.88,2.157,2.409,0.0005,0.8256,True
MLI,Mali,Fulani (Peulh),13.3,14.58,1.28,14.58,0.0,14.58,0.0,14.54,14.61,14.54,14.61,0.07,3255653,6728107,0.0,0.0,unspecified,False,0.5,0.48,0.56,0.42,0.454,1.139,1.0,0.78,0.803,0.836,0.0,0.0,1.0,0.761,14.65,1.35,0.07,2.157,2.409,0.0005,0.8256,False
MLI,Mali,Sarakole,9.6,9.17,-0.43,9.17,0.0,9.17,0.0,9.18,9.17,9.17,9.18,0.01,2349945,4232977,0.0,0.0,unspecified,False,0.5,0.48,0.56,0.42,0.454,1.103,1.0,0.78,0.795,0.836,0.0,0.0,1.0,0.761,9.32,-0.28,0.15,2.157,2.409,0.0005,0.8256,False
MLI,Mali,Senufo,9.6,9.17,-0.43,9.17,0.0,9.17,0.0,9.18,9.17,9.17,9.18,0.01,2349945,4232977,0.0,0.0,unspecified,False,0.5,0.48,0.56,0.42,0.454,1.103,1.0,0.78,0.795,0.836,0.0,0.0,1.0,0.761,9.32,-0.28,0.15,2.157,2.409,0.0005,0.8256,False
MLI,Mali,Dogon,8.7,8.31,-0.39,8.31,0.0,8.31,0.0,8.32,8.31,8.31,8.32,0.01,2129638,3836135,0.0,0.0,unspecified,False,0.5,0.48,0.56,0.42,0.454,1.093,1.0,0.78,0.792,0.836,0.0,0.0,1.0,0.761,8.44,-0.26,0.13,2.157,2.409,0.0005,0.8256,False
MLI,Mali,Malinke,8.7,8.31,-0.39,8.31,0.0,8.31,0.0,8.32,8.31,8.31,8.32,0.01,2129638,3836135,0.0,0.0,unspecified,False,0.5,0.48,0.56,0.42,0.454,1.093,1.0,0.78,0.792,0.836,0.0,0.0,1.0,0.761,8.44,-0.26,0.13,2.157,2.409,0.0005,0.8256,False
MLI,Mali,Bobo,6.7,6.4,-0.3,6.4,0.0,6.4,0.0,6.4,6.4,6.4,6.4,0.01,1640066,2954265,0.0,0.0,unspecified,False,0.5,0.48,0.56,0.42,0.454,1.065,1.0,0.78,0.786,0.836,0.0,0.0,1.0,0.761,6.5,-0.2,0.1,2.157,2.409,0.0005,0.8256,False
MLI,Mali,Songhai,5.9,5.64,-0.26,5.64,0.0,5.64,0.0,5.64,5.63,5.63,5.64,0.0,1444237,2601517,0.0,0.0,unspecified,False,0.5,0.48,0.56,0.42,0.454,1.052,1.0,0.78,0.783,0.836,0.0,0.0,1.0,0.761,5.73,-0.17,0.09,2.157,2.409,0.0005,0.8256,False
MLI,Mali,Other,4.2,4.06,-0.14,4.06,0.0,4.06,0.0,4.06,4.06,4.06,4.06,0.0,1028101,1872755,0.0,0.0,unspecified,False,0.5,0.48,0.56,0.42,0.454,1.018,1.0,0.78,0.776,0.836,0.0,0.0,1.0,0.761,4.12,-0.08,0.06,2.157,2.409,0.0005,0.8256,False
MLT,Malta,Maltese,87.4,85.68,-1.72,87.23,-1.55,85.68,0.0,86.17,85.09,85.09,86.17,1.08,471621,459012,0.35,0.2,unspecified,False,0.5,0.48,0.56,0.42,0.657,1.3,1.0,0.78,0.968,0.0,0.0,0.0,1.0,0.761,85.52,-1.88,-0.16,1.567,1.572,0.0005,0.2601,True
MLT,Malta,Other European,5.0,5.66,0.66,4.95,0.71,5.66,0.0,5.44,5.93,5.44,5.93,0.49,26981,30326,0.35,0.2,unspecified,True,0.5,0.48,0.56,0.42,0.657,1.035,1.0,0.78,0.883,0.0,0.0,0.0,1.0,0.761,5.74,0.74,0.08,1.567,1.572,0.0005,0.2601,False
MLT,Malta,North African,1.5,1.75,0.25,1.78,-0.03,1.75,0.0,1.75,1.74,1.74,1.75,0.0,8094,9353,0.35,0.2,unspecified,False,0.5,0.48,0.56,0.42,0.657,0.93,1.0,0.78,0.849,0.0,0.0,0.0,1.0,0.761,1.72,0.22,-0.03,1.567,1.572,0.0005,0.2601,False
MLT,Malta,Other,6.1,6.91,0.81,6.04,0.87,6.91,0.0,6.64,7.24,6.64,7.24,0.6,32916,37037,0.35,0.2,unspecified,True,0.5,0.48,0.56,0.42,0.657,1.055,1.0,0.78,0.889,0.0,0.0,0.0,1.0,0.761,7.02,0.92,0.1,1.567,1.572,0.0005,0.2601,False
MMR,Myanmar,Bamar,68.0,68.15,0.15,68.5,-0.35,68.15,0.0,68.26,68.02,68.02,68.26,0.25,37060058,39952606,0.0,0.0,unspecified,False,0.5,0.48,0.56,0.42,0.454,1.3,1.0,0.78,0.839,0.0,0.0,0.0,1.0,0.761,67.72,-0.28,-0.43,1.896,1.979,0.0005,0.5245,True
MMR,Myanmar,Shan,9.0,8.68,-0.32,8.73,-0.05,8.68,0.0,8.7,8.66,8.66,8.7,0.03,4905008,5089471,0.0,0.0,unspecified,False,0.5,0.48,0.56,0.42,0.454,1.096,1.0,0.78,0.793,0.0,0.0,0.0,1.0,0.761,8.81,-0.19,0.13,1.896,1.979,0.0005,0.5245,False
MMR,Myanmar,Karen,7.0,6.75,-0.25,6.79,-0.04,6.75,0.0,6.76,6.74,6.74,6.76,0.02,3815006,3958477,0.0,0.0,unspecified,False,0.5,0.48,0.56,0.42,0.454,1.07,1.0,0.78,0.787,0.0,0.0,0.0,1.0,0.761,6.85,-0.15,0.1,1.896,1.979,0.0005,0.5245,False
MMR,Myanmar,Rakhine,4.0,4.39,0.39,4.41,-0.02,4.39,0.0,4.38,4.39,4.38,4.39,0.01,2180003,2572929,0.0,0.0,unspecified,False,0.5,0.48,0.56,0.42,0.454,1.013,1.0,0.78,0.775,0.0,0.0,0.0,1.0,0.761,4.38,0.38,-0.01,1.896,1.979,0.0005,0.5245,False
MMR,Myanmar,Chinese,3.0,3.06,0.06,2.79,0.27,3.06,0.0,2.98,3.15,2.98,3.15,0.17,1635003,1793637,0.0,0.0,CHN,True,0.52,0.502,0.58,0.45,0.454,0.986,1.0,0.78,0.778,0.0,0.0,0.0,1.0,0.761,3.14,0.14,0.08,1.896,1.979,0.0005,0.5245,False
MMR,Myanmar,Indian,2.0,2.2,0.2,1.98,0.21,2.2,0.0,2.13,2.28,2.13,2.28,0.15,1090002,1288097,0.0,0.0,IND;PAK;BGD;LKA;NPL,True,0.718,0.719,0.752,0.684,0.454,0.952,1.0,0.78,0.854,0.0,0.0,0.0,1.0,0.761,2.23,0.23,0.03,1.896,1.979,0.0005,0.5245,False
MMR,Myanmar,Mon,2.0,1.93,-0.07,1.94,-0.01,1.93,0.0,1.93,1.93,1.93,1.93,0.01,1090002,1130993,0.0,0.0,unspecified,False,0.5,0.48,0.56,0.42,0.454,0.952,1.0,0.78,0.761,0.0,0.0,0.0,1.0,0.761,1.96,-0.04,0.03,1.896,1.979,0.0005,0.5245,False
MMR,Myanmar,Chin,1.5,1.45,-0.05,1.45,-0.01,1.45,0.0,1.45,1.44,1.44,1.45,0.01,817501,848245,0.0,0.0,unspecified,False,0.5,0.48,0.56,0.42,0.454,0.93,1.0,0.78,0.756,0.0,0.0,0.0,1.0,0.761,1.47,-0.03,0.02,1.896,1.979,0.0005,0.5245,False
MMR,Myanmar,Kachin,1.0,0.96,-0.04,0.97,-0.01,0.96,0.0,0.97,0.96,0.96,0.97,0.0,545001,565497,0.0,0.0,unspecified,False,0.5,0.48,0.56,0.42,0.454,0.903,1.0,0.78,0.75,0.0,0.0,0.0,1.0,0.761,0.98,-0.02,0.01,1.896,1.979,0.0005,0.5245,False
MMR,Myanmar,Kayin,1.0,0.96,-0.04,0.97,-0.01,0.96,0.0,0.97,0.96,0.96,0.97,0.0,545001,565497,0.0,0.0,unspecified,False,0.5,0.48,0.56,0.42,0.454,0.903,1.0,0.78,0.75,0.0,0.0,0.0,1.0,0.761,0.98,-0.02,0.01,1.896,1.979,0.0005,0.5245,False
MMR,Myanmar,Other,1.5,1.46,-0.04,1.47,-0.01,1.46,0.0,1.47,1.46,1.46,1.47,0.01,817501,857785,0.0,0.0,unspecified,False,0.5,0.48,0.56,0.42,0.454,0.93,1.0,0.78,0.756,0.0,0.0,0.0,1.0,0.761,1.48,-0.02,0.02,1.896,1.979,0.0005,0.5245,False
MNE,Montenegro,Montenegrin,45.0,47.01,2.01,47.56,-0.55,47.01,0.0,47.14,46.85,46.85,47.14,0.29,287316,250717,0.376,0.121,unspecified,False,0.5,0.48,0.56,0.42,0.663,1.279,1.0,0.78,0.965,0.0,0.0,0.0,1.0,0.761,46.06,1.06,-0.96,2.095,2.215,0.0005,0.6955,True
MNE,Montenegro,Serb,28.7,23.43,-5.27,23.71,-0.28,23.43,0.0,23.64,23.21,23.21,23.64,0.43,183244,124969,0.376,0.121,unspecified,False,0.5,0.48,0.56,0.42,0.663,1.227,1.0,0.78,0.948,0.0,0.0,0.0,1.0,0.761,24.44,-4.26,1.01,2.095,2.215,0.0005,0.6955,False
MNE,Montenegro,Bosniak,8.6,9.94,1.34,10.06,-0.12,9.94,0.0,9.93,9.95,9.93,9.95,0.02,54909,53029,0.376,0.121,unspecified,False,0.5,0.48,0.56,0.42,0.663,1.091,1.0,0.78,0.904,0.0,0.0,0.0,1.0,0.761,9.82,1.22,-0.12,2.095,2.215,0.0005,0.6955,False
MNE,Montenegro,Albanian,4.9,5.67,0.77,5.73,-0.07,5.67,0.0,5.66,5.67,5.66,5.67,0.01,31286,30214,0.376,0.121,unspecified,False,0.5,0.48,0.56,0.42,0.663,1.033,1.0,0.78,0.885,0.0,0.0,0.0,1.0,0.761,5.6,0.7,-0.07,2.095,2.215,0.0005,0.6955,False
MNE,Montenegro,Other,12.8,13.95,1.15,12.93,1.01,13.95,0.0,13.62,14.32,13.62,14.32,0.7,81726,74369,0.376,0.121,unspecified,False,0.5,0.48,0.56,0.42,0.663,1.135,1.0,0.78,0.918,0.0,0.0,0.0,1.0,0.761,14.09,1.29,0.14,2.095,2.215,0.0005,0.6955,False
MNG,Mongolia,Khalkh,81.9,81.53,-0.37,81.87,-0.33,81.53,0.0,81.65,81.4,81.4,81.65,0.25,2846468,3670246,0.0,0.0,unspecified,False,0.5,0.48,0.56,0.42,0.454,1.3,1.0,0.78,0.839,0.0,0.0,0.0,1.0,0.761,81.33,-0.57,-0.21,1.674,1.703,0.0005,0.332,True
MNG,Mongolia,Kazakh,3.8,4.14,0.34,4.16,-0.02,4.14,0.0,4.13,4.15,4.13,4.15,0.01,132071,186366,0.0,0.0,unspecified,False,0.5,0.48,0.56,0.42,0.454,1.008,1.0,0.78,0.774,0.0,0.0,0.0,1.0,0.761,4.13,0.33,-0.01,1.674,1.703,0.0005,0.332,False
MNG,Mongolia,Dorvod,2.7,2.6,-0.1,2.61,-0.01,2.6,0.0,2.61,2.6,2.6,2.61,0.01,93840,117203,0.0,0.0,unspecified,False,0.5,0.48,0.56,0.42,0.454,0.977,1.0,0.78,0.767,0.0,0.0,0.0,1.0,0.761,2.64,-0.06,0.04,1.674,1.703,0.0005,0.332,False
MNG,Mongolia,Bayad,1.9,1.83,-0.07,1.84,-0.01,1.83,0.0,1.83,1.83,1.83,1.83,0.01,66035,82476,0.0,0.0,unspecified,False,0.5,0.48,0.56,0.42,0.454,0.948,1.0,0.78,0.76,0.0,0.0,0.0,1.0,0.761,1.86,-0.04,0.03,1.674,1.703,0.0005,0.332,False
MNG,Mongolia,Buryat,1.7,1.64,-0.06,1.65,-0.01,1.64,0.0,1.64,1.64,1.64,1.64,0.01,59084,73795,0.0,0.0,unspecified,False,0.5,0.48,0.56,0.42,0.454,0.939,1.0,0.78,0.758,0.0,0.0,0.0,1.0,0.761,1.66,-0.04,0.02,1.674,1.703,0.0005,0.332,False
MNG,Mongolia,Other Mongol groups,4.0,3.9,-0.1,3.92,-0.02,3.9,0.0,3.91,3.89,3.89,3.91,0.01,139022,175587,0.0,0.0,unspecified,False,0.5,0.48,0.56,0.42,0.454,1.013,1.0,0.78,0.775,0.0,0.0,0.0,1.0,0.761,3.96,-0.04,0.06,1.674,1.703,0.0005,0.332,False
MNG,Mongolia,Other,4.0,4.35,0.35,3.96,0.39,4.35,0.0,4.23,4.49,4.23,4.49,0.26,139022,195819,0.0,0.0,unspecified,True,0.5,0.48,0.56,0.42,0.454,1.013,1.0,0.78,0.775,0.0,0.0,0.0,1.0,0.761,4.42,0.42,0.07,1.674,1.703,0.0005,0.332,False
MOZ,Mozambique,Makhuwa,26.1,25.35,-0.75,25.35,0.0,25.35,0.0,25.35,25.35,25.35,25.35,0.0,9038891,16106510,0.0,0.0,unspecified,False,0.5,0.48,0.56,0.42,0.454,1.216,1.0,0.78,0.82,0.816,0.0,0.0,1.0,0.761,25.72,-0.38,0.37,2.137,2.408,0.0005,0.8242,False
MOZ,Mozambique,Tsonga,11.3,10.98,-0.32,10.98,0.0,10.98,0.0,10.98,10.98,10.98,10.98,0.0,3913390,6973317,0.0,0.0,unspecified,False,0.5,0.48,0.56,0.42,0.454,1.121,1.0,0.78,0.799,0.816,0.0,0.0,1.0,0.761,11.13,-0.17,0.16,2.137,2.408,0.0005,0.8242,False
MOZ,Mozambique,Lomwe,7.8,7.58,-0.22,7.58,0.0,7.58,0.0,7.58,7.58,7.58,7.58,0.0,2701278,4813440,0.0,0.0,unspecified,False,0.5,0.48,0.56,0.42,0.454,1.081,1.0,0.78,0.79,0.816,0.0,0.0,1.0,0.761,7.69,-0.11,0.11,2.137,2.408,0.0005,0.8242,False
MOZ,Mozambique,Sena,7.2,6.99,-0.21,6.99,0.0,6.99,0.0,6.99,6.99,6.99,6.99,0.0,2493487,4443175,0.0,0.0,unspecified,False,0.5,0.48,0.56,0.42,0.454,1.072,1.0,0.78,0.788,0.816,0.0,0.0,1.0,0.761,7.09,-0.11,0.1,2.137,2.408,0.0005,0.8242,False
MOZ,Mozambique,Shona,6.4,6.22,-0.18,6.22,0.0,6.22,0.0,6.22,6.22,6.22,6.22,0.0,2216433,3949489,0.0,0.0,unspecified,False,0.5,0.48,0.56,0.42,0.454,1.06,1.0,0.78,0.785,0.816,0.0,0.0,1.0,0.761,6.31,-0.09,0.09,2.137,2.408,0.0005,0.8242,False
MOZ,Mozambique,Nyanja,5.7,5.54,-0.16,5.54,0.0,5.54,0.0,5.54,5.54,5.54,5.54,0.0,1974011,3517514,0.0,0.0,unspecified,False,0.5,0.48,0.56,0.42,0.454,1.048,1.0,0.78,0.783,0.816,0.0,0.0,1.0,0.761,5.62,-0.08,0.08,2.137,2.408,0.0005,0.8242,False
MOZ,Mozambique,Chopi,3.4,3.3,-0.1,3.3,0.0,3.3,0.0,3.3,3.3,3.3,3.3,0.0,1177480,2098166,0.0,0.0,unspecified,False,0.5,0.48,0.56,0.42,0.454,0.998,1.0,0.78,0.771,0.816,0.0,0.0,1.0,0.761,3.35,-0.05,0.05,2.137,2.408,0.0005,0.8242,False
MOZ,Mozambique,Ngoni,3.0,2.91,-0.09,2.91,0.0,2.91,0.0,2.91,2.91,2.91,2.91,0.0,1038953,1851323,0.0,0.0,unspecified,False,0.5,0.48,0.56,0.42,0.454,0.986,1.0,0.78,0.769,0.816,0.0,0.0,1.0,0.761,2.96,-0.04,0.04,2.137,2.408,0.0005,0.8242,False
MOZ,Mozambique,Shona (Ndau),2.5,2.43,-0.07,2.43,0.0,2.43,0.0,2.43,2.43,2.43,2.43,0.0,865794,1542769,0.0,0.0,unspecified,False,0.5,0.48,0.56,0.42,0.454,0.97,1.0,0.78,0.765,0.816,0.0,0.0,1.0,0.761,2.46,-0.04,0.04,2.137,2.408,0.0005,0.8242,False
MOZ,Mozambique,Other,26.6,28.7,2.1,28.7,0.0,28.7,0.0,28.7,28.7,28.7,28.7,0.0,9212050,18235255,0.0,0.0,unspecified,False,0.5,0.48,0.56,0.42,0.454,1.218,1.0,0.78,0.82,0.816,0.0,0.0,1.0,0.761,27.67,1.07,-1.03,2.137,2.408,0.0005,0.8242,True
MRT,Mauritania,White Moor (Arab-Berber),40.0,40.34,0.34,40.34,0.0,40.34,0.0,40.37,40.31,40.31,40.37,0.05,2067761,3798150,0.0,0.0,unspecified,False,0.5,0.48,0.56,0.42,0.454,1.266,1.0,0.78,0.831,0.0,0.0,0.0,1.0,0.761,39.61,-0.39,-0.72,2.09,2.209,0.0005,0.6838,True
MRT,Mauritania,Black Moor (Haratin),25.0,23.63,-1.37,23.63,0.0,23.63,0.0,23.64,23.61,23.61,23.64,0.03,1292351,2224492,0.0,0.0,unspecified,False,0.5,0.48,0.56,0.42,0.454,1.211,1.0,0.78,0.819,0.0,0.0,0.0,1.0,0.761,24.04,-0.96,0.41,2.09,2.209,0.0005,0.6838,False
MRT,Mauritania,Sub-Saharan Mauritanian (Pulaar/Wolof/Soninke),30.0,31.26,1.26,31.26,0.0,31.26,0.0,31.21,31.3,31.21,31.3,0.09,1550821,2943059,0.0,0.0,unspecified,False,0.5,0.48,0.56,0.42,0.454,1.232,1.0,0.78,0.823,0.0,0.0,0.0,1.0,0.761,31.49,1.49,0.23,2.09,2.209,0.0005,0.6838,False
MRT,Mauritania,Other,5.0,4.78,-0.22,4.78,0.0,4.78,0.0,4.78,4.78,4.78,4.78,0.01,258470,449902,0.0,0.0,unspecified,False,0.5,0.48,0.56,0.42,0.454,1.035,1.0,0.78,0.78,0.0,0.0,0.0,1.0,0.761,4.86,-0.14,0.08,2.09,2.209,0.0005,0.6838,False
MUS,Mauritius,Indo-Mauritian,66.0,67.64,1.64,67.7,-0.06,67.64,0.0,67.63,67.64,67.63,67.64,0.01,838973,748893,0.0,0.0,unspecified,False,0.5,0.48,0.56,0.42,0.628,1.3,1.0,0.78,0.949,0.0,0.0,0.0,1.0,0.761,67.04,1.04,-0.6,1.86,1.928,0.0005,0.4716,True
MUS,Mauritius,Creole (African/French),28.0,27.6,-0.4,27.63,-0.03,27.6,0.0,27.6,27.6,27.6,27.6,0.0,355928,305604,0.0,0.0,unspecified,False,0.5,0.48,0.56,0.42,0.628,1.224,1.0,0.78,0.926,0.0,0.0,0.0,1.0,0.761,27.95,-0.05,0.34,1.86,1.928,0.0005,0.4716,False
MUS,Mauritius,Sino-Mauritian,3.0,2.09,-0.91,2.09,-0.0,2.09,0.0,2.12,2.07,2.07,2.12,0.05,38135,23168,0.0,0.0,unspecified,False,0.5,0.48,0.56,0.42,0.628,0.986,1.0,0.78,0.853,0.0,0.0,0.0,1.0,0.761,2.25,-0.75,0.16,1.86,1.928,0.0005,0.4716,False
MUS,Mauritius,Franco-Mauritian,2.0,1.58,-0.42,1.58,-0.0,1.58,0.0,1.59,1.57,1.57,1.59,0.02,25423,17500,0.0,0.0,unspecified,False,0.5,0.48,0.56,0.42,0.628,0.952,1.0,0.78,0.842,0.0,0.0,0.0,1.0,0.761,1.66,-0.34,0.08,1.86,1.928,0.0005,0.4716,False
MUS,Mauritius,Other,1.0,1.09,0.09,1.0,0.09,1.09,0.0,1.06,1.12,1.06,1.12,0.06,12712,12033,0.0,0.0,unspecified,False,0.5,0.48,0.56,0.42,0.628,0.903,1.0,0.78,0.827,0.0,0.0,0.0,1.0,0.761,1.1,0.1,0.01,1.86,1.928,0.0005,0.4716,False
MWI,Malawi,Chewa,34.3,35.96,1.66,35.96,0.0,35.96,0.0,35.96,35.96,35.96,35.96,0.0,7427764,13435230,0.0,0.0,unspecified,False,0.5,0.48,0.56,0.42,0.454,1.248,1.0,0.78,0.827,0.814,0.0,0.0,1.0,0.761,35.04,0.74,-0.92,2.112,2.374,0.0005,0.7995,True
MWI,Malawi,Lomwe,18.8,18.3,-0.5,18.3,0.0,18.3,0.0,18.3,18.3,18.3,18.3,0.0,4071194,6838221,0.0,0.0,unspecified,False,0.5,0.48,0.56,0.42,0.454,1.178,1.0,0.78,0.811,0.814,0.0,0.0,1.0,0.761,18.57,-0.23,0.26,2.112,2.374,0.0005,0.7995,False
MWI,Malawi,Yao,13.2,12.85,-0.35,12.85,0.0,12.85,0.0,12.85,12.85,12.85,12.85,0.0,2858498,4801304,0.0,0.0,unspecified,False,0.5,0.48,0.56,0.42,0.454,1.138,1.0,0.78,0.803,0.814,0.0,0.0,1.0,0.761,13.04,-0.16,0.19,2.112,2.374,0.0005,0.7995,False
MWI,Malawi,Ngoni,10.4,10.12,-0.28,10.12,0.0,10.12,0.0,10.12,10.12,10.12,10.12,0.0,2252150,3782846,0.0,0.0,unspecified,False,0.5,0.48,0.56,0.42,0.454,1.112,1.0,0.78,0.797,0.814,0.0,0.0,1.0,0.761,10.27,-0.13,0.15,2.112,2.374,0.0005,0.7995,False
MWI,Malawi,Tumbuka,9.2,8.96,-0.24,8.96,0.0,8.96,0.0,8.96,8.96,8.96,8.96,0.0,1992286,3346364,0.0,0.0,unspecified,False,0.5,0.48,0.56,0.42,0.454,1.099,1.0,0.78,0.794,0.814,0.0,0.0,1.0,0.761,9.09,-0.11,0.13,2.112,2.374,0.0005,0.7995,False
MWI,Malawi,Sena,3.8,3.7,-0.1,3.7,0.0,3.7,0.0,3.7,3.7,3.7,3.7,0.0,822901,1382194,0.0,0.0,unspecified,False,0.5,0.48,0.56,0.42,0.454,1.008,1.0,0.78,0.774,0.814,0.0,0.0,1.0,0.761,3.75,-0.05,0.05,2.112,2.374,0.0005,0.7995,False
MWI,Malawi,Mang'anja,3.2,3.12,-0.08,3.12,0.0,3.12,0.0,3.12,3.12,3.12,3.12,0.0,692969,1163953,0.0,0.0,unspecified,False,0.5,0.48,0.56,0.42,0.454,0.992,1.0,0.78,0.77,0.814,0.0,0.0,1.0,0.761,3.16,-0.04,0.04,2.112,2.374,0.0005,0.7995,False
MWI,Malawi,Other,7.1,6.99,-0.11,6.99,0.0,6.99,0.0,6.99,6.99,6.99,6.99,0.0,1537525,2611564,0.0,0.0,unspecified,False,0.5,0.48,0.56,0.42,0.454,1.071,1.0,0.78,0.788,0.814,0.0,0.0,1.0,0.761,7.09,-0.01,0.1,2.112,2.374,0.0005,0.7995,False
MYS,Malaysia,Bumiputera (Malay),57.9,64.98,7.08,65.22,-0.23,65.0,-0.02,64.88,65.07,64.88,65.07,0.19,20587891,28781328,0.0,0.0,unspecified,False,0.5,0.48,0.56,0.42,0.603,1.3,1.0,0.56,0.886,0.0,0.446,0.107,1.0,0.761,63.55,5.65,-1.44,2.021,2.097,0.0004,0.5602,True
MYS,Malaysia,Chinese (Hokkien/Cantonese/Hakka),22.6,15.31,-7.29,15.36,-0.06,15.31,-0.0,15.51,15.1,15.1,15.51,0.41,8036033,6780468,0.0,0.0,CHN,False,0.52,0.502,0.58,0.45,0.603,1.199,1.0,0.56,0.873,0.0,0.446,0.107,1.0,0.761,16.56,-6.04,1.25,2.021,2.097,0.0004,0.5602,False
MYS,Malaysia,Indian (Tamil),6.8,5.93,-0.87,5.95,-0.02,5.93,-0.0,5.96,5.91,5.91,5.96,0.05,2417922,2627809,0.0,0.0,IND;PAK;BGD;LKA;NPL,False,0.718,0.719,0.752,0.684,0.603,1.066,1.0,0.56,0.946,0.0,0.446,0.107,1.0,0.761,6.11,-0.69,0.18,2.021,2.097,0.0004,0.5602,False
MYS,Malaysia,Iban (Sarawak),3.0,3.26,0.26,3.27,-0.01,3.26,-0.0,3.25,3.26,3.25,3.26,0.01,1066730,1442264,0.0,0.0,unspecified,False,0.5,0.48,0.56,0.42,0.603,0.986,1.0,0.56,0.805,0.0,0.446,0.107,1.0,0.761,3.24,0.24,-0.01,2.021,2.097,0.0004,0.5602,False
MYS,Malaysia,Kadazan-Dusun (Sabah),2.0,2.17,0.17,2.18,-0.01,2.17,-0.0,2.17,2.17,2.17,2.17,0.01,711153,961510,0.0,0.0,unspecified,False,0.5,0.48,0.56,0.42,0.603,0.952,1.0,0.56,0.796,0.0,0.446,0.107,1.0,0.761,2.16,0.16,-0.01,2.021,2.097,0.0004,0.5602,False
MYS,Malaysia,Other Bumiputera (Dayak/Melanau),5.1,5.54,0.44,5.56,-0.02,5.54,-0.0,5.53,5.54,5.53,5.54,0.02,1813441,2451849,0.0,0.0,unspecified,False,0.5,0.48,0.56,0.42,0.603,1.037,1.0,0.56,0.818,0.0,0.446,0.107,1.0,0.761,5.51,0.41,-0.02,2.021,2.097,0.0004,0.5602,False
MYS,Malaysia,Indonesian migrant workers,0.8,0.86,0.06,0.76,0.1,0.86,-0.0,0.83,0.89,0.83,0.89,0.07,284461,379551,0.0,0.0,IDN,True,0.736,0.74,0.78,0.76,0.603,0.891,1.0,0.56,0.889,0.0,0.446,0.107,1.0,0.761,0.88,0.08,0.02,2.021,2.097,0.0004,0.5602,False
MYS,Malaysia,Bangladeshi/Nepali migrant,0.6,0.64,0.04,0.57,0.08,0.64,-0.0,0.62,0.67,0.62,0.67,0.05,213346,284730,0.0,0.0,BGD,True,0.735,0.788,0.68,0.84,0.603,0.876,1.0,0.56,0.883,0.0,0.446,0.107,1.0,0.761,0.66,0.06,0.01,2.021,2.097,0.0004,0.5602,False
MYS,Malaysia,Other,1.2,1.31,0.11,1.14,0.17,1.29,0.02,1.26,1.37,1.26,1.37,0.12,426692,580252,0.0,0.0,NGA;ETH;GHA;KEN;UGA;TZA;RWA;COD;CIV;CMR;SEN;ZMB;ZWE;MOZ;MWI;AGO;SDN;SOM;ERI;BFA;NER;MLI;GIN;SLE;LBR;BEN;TGO;GMB,True,0.711,0.785,0.574,0.717,0.603,0.915,1.001,0.56,0.886,0.0,0.446,0.107,1.0,0.761,1.34,0.14,0.03,2.021,2.097,0.0004,0.5602,False
NAM,Namibia,Ovambo,50.0,51.46,1.46,51.46,0.0,51.46,0.0,51.45,51.47,51.45,51.47,0.02,1515064,2321924,0.0,0.0,unspecified,False,0.5,0.48,0.56,0.42,0.454,1.292,1.0,0.78,0.837,0.0,0.0,0.0,1.0,0.761,50.72,0.72,-0.74,2.123,2.249,0.0005,0.7069,True
NAM,Namibia,Kavangos,9.0,8.8,-0.2,8.8,0.0,8.8,0.0,8.8,8.8,8.8,8.8,0.0,272711,397061,0.0,0.0,unspecified,False,0.5,0.48,0.56,0.42,0.454,1.096,1.0,0.78,0.793,0.0,0.0,0.0,1.0,0.761,8.92,-0.08,0.12,2.123,2.249,0.0005,0.7069,False
NAM,Namibia,Herero,7.0,6.84,-0.16,6.84,0.0,6.84,0.0,6.84,6.85,6.84,6.85,0.0,212109,308825,0.0,0.0,unspecified,False,0.5,0.48,0.56,0.42,0.454,1.07,1.0,0.78,0.787,0.0,0.0,0.0,1.0,0.761,6.94,-0.06,0.09,2.123,2.249,0.0005,0.7069,False
NAM,Namibia,Damara,7.0,6.84,-0.16,6.84,0.0,6.84,0.0,6.84,6.85,6.84,6.85,0.0,212109,308825,0.0,0.0,unspecified,False,0.5,0.48,0.56,0.42,0.454,1.07,1.0,0.78,0.787,0.0,0.0,0.0,1.0,0.761,6.94,-0.06,0.09,2.123,2.249,0.0005,0.7069,False
NAM,Namibia,Nama,5.0,4.89,-0.11,4.89,0.0,4.89,0.0,4.89,4.89,4.89,4.89,0.0,151506,220589,0.0,0.0,unspecified,False,0.5,0.48,0.56,0.42,0.454,1.035,1.0,0.78,0.78,0.0,0.0,0.0,1.0,0.761,4.96,-0.04,0.07,2.123,2.249,0.0005,0.7069,False
NAM,Namibia,Colored,4.0,3.95,-0.05,3.95,0.0,3.95,0.0,3.95,3.96,3.95,3.96,0.0,121205,178456,0.0,0.0,unspecified,False,0.5,0.48,0.56,0.42,0.454,1.013,1.0,0.78,0.775,0.0,0.0,0.0,1.0,0.761,4.01,0.01,0.05,2.123,2.249,0.0005,0.7069,False
NAM,Namibia,White (Afrikaner/German),4.0,3.37,-0.63,3.37,0.0,3.37,0.0,3.38,3.35,3.35,3.38,0.03,121205,152026,0.0,0.0,unspecified,False,0.5,0.48,0.56,0.42,0.454,1.013,1.0,0.78,0.775,0.0,0.0,0.0,1.0,0.761,3.49,-0.51,0.13,2.123,2.249,0.0005,0.7069,False
NAM,Namibia,San (Bushmen),3.0,2.97,-0.03,2.97,0.0,2.97,0.0,2.97,2.97,2.97,2.97,0.0,90904,133842,0.0,0.0,unspecified,False,0.5,0.48,0.56,0.42,0.454,0.986,1.0,0.78,0.769,0.0,0.0,0.0,1.0,0.761,3.01,0.01,0.04,2.123,2.249,0.0005,0.7069,False
NAM,Namibia,Other,11.0,10.88,-0.12,10.88,0.0,10.88,0.0,10.87,10.88,10.87,10.88,0.0,333314,490754,0.0,0.0,unspecified,False,0.5,0.48,0.56,0.42,0.454,1.118,1.0,0.78,0.798,0.0,0.0,0.0,1.0,0.761,11.02,0.02,0.15,2.123,2.249,0.0005,0.7069,False
NER,Niger,Hausa,53.1,55.99,2.89,55.99,0.0,55.99,0.0,55.96,56.02,55.96,56.02,0.06,14354213,29403277,0.0,0.0,unspecified,False,0.5,0.48,0.56,0.42,0.454,1.299,1.0,0.78,0.838,0.858,0.0,0.0,1.0,0.761,55.23,2.13,-0.76,1.919,2.161,0.0005,0.634,True
NER,Niger,Songhai,21.2,19.51,-1.69,19.51,0.0,19.51,0.0,19.53,19.48,19.48,19.53,0.04,5730872,10243365,0.0,0.0,unspecified,False,0.5,0.48,0.56,0.42,0.454,1.192,1.0,0.78,0.815,0.858,0.0,0.0,1.0,0.761,19.87,-1.33,0.37,1.919,2.161,0.0005,0.634,False
NER,Niger,Tuareg,10.4,9.57,-0.83,9.57,0.0,9.57,0.0,9.58,9.56,9.56,9.58,0.02,2811371,5025047,0.0,0.0,unspecified,False,0.5,0.48,0.56,0.42,0.454,1.112,1.0,0.78,0.797,0.858,0.0,0.0,1.0,0.761,9.75,-0.65,0.18,1.919,2.161,0.0005,0.634,False
NER,Niger,Fulani (Peulh),9.9,9.95,0.05,9.95,0.0,9.95,0.0,9.95,9.96,9.95,9.96,0.01,2676209,5227600,0.0,0.0,unspecified,False,0.5,0.48,0.56,0.42,0.454,1.107,1.0,0.78,0.796,0.858,0.0,0.0,1.0,0.761,10.08,0.18,0.12,1.919,2.161,0.0005,0.634,False
NER,Niger,Kanuri (Manga),4.4,4.05,-0.35,4.05,0.0,4.05,0.0,4.05,4.04,4.04,4.05,0.01,1189426,2125981,0.0,0.0,unspecified,False,0.5,0.48,0.56,0.42,0.454,1.022,1.0,0.78,0.777,0.858,0.0,0.0,1.0,0.761,4.12,-0.28,0.08,1.919,2.161,0.0005,0.634,False
NER,Niger,Other,1.0,0.93,-0.07,0.93,0.0,0.93,0.0,0.93,0.93,0.93,0.93,0.0,270324,488612,0.0,0.0,unspecified,False,0.5,0.48,0.56,0.42,0.454,0.903,1.0,0.78,0.75,0.858,0.0,0.0,1.0,0.761,0.95,-0.05,0.02,1.919,2.161,0.0005,0.634,False
NGA,Nigeria,Hausa,30.0,34.73,4.73,34.73,0.0,34.73,0.0,34.66,34.8,34.66,34.8,0.14,69803845,124743500,0.0,0.0,unspecified,False,0.5,0.48,0.56,0.42,0.454,1.232,1.0,0.78,0.823,0.818,0.0,0.0,1.0,0.761,33.38,3.38,-1.35,2.186,2.391,0.0005,0.8034,True
NGA,Nigeria,Yoruba,15.5,14.2,-1.3,14.2,0.0,14.2,0.0,14.22,14.18,14.18,14.22,0.04,36065320,51015933,0.0,0.0,unspecified,False,0.5,0.48,0.56,0.42,0.454,1.156,1.0,0.78,0.807,0.818,0.0,0.0,1.0,0.761,14.52,-0.98,0.32,2.186,2.391,0.0005,0.8034,False
NGA,Nigeria,Igbo,15.2,13.93,-1.27,13.93,0.0,13.93,0.0,13.95,13.91,13.91,13.95,0.04,35367281,50028528,0.0,0.0,unspecified,False,0.5,0.48,0.56,0.42,0.454,1.154,1.0,0.78,0.806,0.818,0.0,0.0,1.0,0.761,14.24,-0.96,0.32,2.186,2.391,0.0005,0.8034,False
NGA,Nigeria,Fulani,6.0,6.41,0.41,6.41,0.0,6.41,0.0,6.4,6.43,6.4,6.43,0.03,13960769,23036801,0.0,0.0,unspecified,False,0.5,0.48,0.56,0.42,0.454,1.054,1.0,0.78,0.784,0.818,0.0,0.0,1.0,0.761,6.44,0.44,0.02,2.186,2.391,0.0005,0.8034,False
NGA,Nigeria,Tiv,2.4,2.2,-0.2,2.2,0.0,2.2,0.0,2.2,2.2,2.2,2.2,0.01,5584308,7899241,0.0,0.0,unspecified,False,0.5,0.48,0.56,0.42,0.454,0.967,1.0,0.78,0.765,0.818,0.0,0.0,1.0,0.761,2.25,-0.15,0.05,2.186,2.391,0.0005,0.8034,False
NGA,Nigeria,Kanuri,2.4,2.2,-0.2,2.2,0.0,2.2,0.0,2.2,2.2,2.2,2.2,0.01,5584308,7899241,0.0,0.0,unspecified,False,0.5,0.48,0.56,0.42,0.454,0.967,1.0,0.78,0.765,0.818,0.0,0.0,1.0,0.761,2.25,-0.15,0.05,2.186,2.391,0.0005,0.8034,False
NGA,Nigeria,Ibibio,1.8,1.65,-0.15,1.65,0.0,1.65,0.0,1.65,1.65,1.65,1.65,0.0,4188231,5924431,0.0,0.0,unspecified,False,0.5,0.48,0.56,0.42,0.454,0.944,1.0,0.78,0.759,0.818,0.0,0.0,1.0,0.761,1.69,-0.11,0.04,2.186,2.391,0.0005,0.8034,False
NGA,Nigeria,Ijaw (Izon),1.8,1.65,-0.15,1.65,0.0,1.65,0.0,1.65,1.65,1.65,1.65,0.0,4188231,5924431,0.0,0.0,unspecified,False,0.5,0.48,0.56,0.42,0.454,0.944,1.0,0.78,0.759,0.818,0.0,0.0,1.0,0.761,1.69,-0.11,0.04,2.186,2.391,0.0005,0.8034,False
NGA,Nigeria,Esan,1.0,0.92,-0.08,0.92,0.0,0.92,0.0,0.92,0.92,0.92,0.92,0.0,2326795,3291351,0.0,0.0,unspecified,False,0.5,0.48,0.56,0.42,0.454,0.903,1.0,0.78,0.75,0.818,0.0,0.0,1.0,0.761,0.94,-0.06,0.02,2.186,2.391,0.0005,0.8034,False
NGA,Nigeria,Bini (Edo),1.0,0.92,-0.08,0.92,0.0,0.92,0.0,0.92,0.92,0.92,0.92,0.0,2326795,3291351,0.0,0.0,unspecified,False,0.5,0.48,0.56,0.42,0.454,0.903,1.0,0.78,0.75,0.818,0.0,0.0,1.0,0.761,0.94,-0.06,0.02,2.186,2.391,0.0005,0.8034,False
NGA,Nigeria,Nupe,0.9,0.82,-0.08,0.82,0.0,0.82,0.0,0.83,0.82,0.82,0.83,0.0,2094115,2962215,0.0,0.0,unspecified,False,0.5,0.48,0.56,0.42,0.454,0.897,1.0,0.78,0.749,0.818,0.0,0.0,1.0,0.761,0.84,-0.06,0.02,2.186,2.391,0.0005,0.8034,False
NGA,Nigeria,Urhobo,0.8,0.73,-0.07,0.73,0.0,0.73,0.0,0.73,0.73,0.73,0.73,0.0,1861436,2633080,0.0,0.0,unspecified,False,0.5,0.48,0.56,0.42,0.454,0.891,1.0,0.78,0.748,0.818,0.0,0.0,1.0,0.761,0.75,-0.05,0.02,2.186,2.391,0.0005,0.8034,False
NGA,Nigeria,Igala,0.7,0.64,-0.06,0.64,0.0,0.64,0.0,0.64,0.64,0.64,0.64,0.0,1628756,2303945,0.0,0.0,unspecified,False,0.5,0.48,0.56,0.42,0.454,0.884,1.0,0.78,0.746,0.818,0.0,0.0,1.0,0.761,0.66,-0.04,0.01,2.186,2.391,0.0005,0.8034,False
NGA,Nigeria,Other,20.5,19.0,-1.5,19.0,0.0,19.0,0.0,19.02,18.97,18.97,19.02,0.06,47699294,68231508,0.0,0.0,unspecified,False,0.5,0.48,0.56,0.42,0.454,1.188,1.0,0.78,0.814,0.818,0.0,0.0,1.0,0.761,19.43,-1.07,0.43,2.186,2.391,0.0005,0.8034,False
NIC,Nicaragua,Mestizo,69.0,71.08,2.08,71.08,0.0,71.08,0.0,71.04,71.12,71.04,71.12,0.08,4772134,6224083,0.0,0.0,unspecified,False,0.5,0.48,0.56,0.42,0.454,1.3,1.0,0.78,0.839,0.0,0.0,0.0,1.0,0.761,70.47,1.47,-0.61,1.745,1.935,0.0005,0.4766,True
NIC,Nicaragua,White,17.0,13.39,-3.61,13.39,0.0,13.39,0.0,13.48,13.29,13.29,13.48,0.19,1175743,1172204,0.0,0.0,unspecified,False,0.5,0.48,0.56,0.42,0.454,1.167,1.0,0.78,0.809,0.0,0.0,0.0,1.0,0.761,14.06,-2.94,0.68,1.745,1.935,0.0005,0.4766,False
NIC,Nicaragua,Black (Creole),5.0,4.96,-0.04,4.96,0.0,4.96,0.0,4.96,4.97,4.96,4.97,0.01,345807,434627,0.0,0.0,unspecified,False,0.5,0.48,0.56,0.42,0.454,1.035,1.0,0.78,0.78,0.0,0.0,0.0,1.0,0.761,5.02,0.02,0.06,1.745,1.935,0.0005,0.4766,False
NIC,Nicaragua,Miskito (Amerindian),4.0,5.24,1.24,5.24,0.0,5.24,0.0,5.2,5.28,5.2,5.28,0.08,276645,459128,0.0,0.0,IND;PAK;BGD;LKA;NPL,False,0.718,0.719,0.752,0.684,0.454,1.013,1.0,0.78,0.873,0.0,0.0,0.0,1.0,0.761,5.1,1.1,-0.14,1.745,1.935,0.0005,0.4766,False
NIC,Nicaragua,Other Amerindian,1.0,1.31,0.31,1.31,0.0,1.31,0.0,1.3,1.32,1.3,1.32,0.02,69161,114782,0.0,0.0,IND;PAK;BGD;LKA;NPL,False,0.718,0.719,0.752,0.684,0.454,0.903,1.0,0.78,0.838,0.0,0.0,0.0,1.0,0.761,1.28,0.28,-0.04,1.745,1.935,0.0005,0.4766,False
NIC,Nicaragua,Other,4.0,4.02,0.02,4.02,0.0,4.02,0.0,4.01,4.02,4.01,4.02,0.0,276645,351612,0.0,0.0,unspecified,False,0.5,0.48,0.56,0.42,0.454,1.013,1.0,0.78,0.775,0.0,0.0,0.0,1.0,0.761,4.06,0.06,0.05,1.745,1.935,0.0005,0.4766,False
NLD,Netherlands,Dutch,75.4,71.08,-4.32,74.02,-2.94,71.23,-0.16,72.09,69.82,69.82,72.09,2.27,13744470,13475009,0.238,0.159,unspecified,False,0.5,0.48,0.56,0.42,0.706,1.3,1.0,0.78,0.999,0.0,0.676,0.514,1.0,0.761,70.99,-4.41,-0.08,2.152,2.083,0.0005,0.4861,True
NLD,Netherlands,Other EU,6.4,6.83,0.43,6.16,0.67,6.85,-0.02,6.64,7.06,6.64,7.06,0.42,1166639,1295356,0.238,0.159,unspecified,True,0.5,0.48,0.56,0.42,0.706,1.06,1.0,0.78,0.916,0.0,0.676,0.514,1.0,0.761,6.99,0.59,0.15,2.152,2.083,0.0005,0.4861,False
NLD,Netherlands,Turkish,2.4,2.85,0.45,2.97,-0.12,2.86,-0.01,2.87,2.82,2.82,2.87,0.05,437490,540555,0.238,0.159,unspecified,False,0.5,0.48,0.56,0.42,0.706,0.967,1.0,0.78,0.884,0.0,0.676,0.514,1.0,0.761,2.78,0.38,-0.07,2.152,2.083,0.0005,0.4861,False
NLD,Netherlands,Moroccan,2.3,2.94,0.64,3.06,-0.12,2.94,-0.01,2.95,2.91,2.91,2.95,0.04,419261,557040,0.238,0.159,MAR,False,0.63,0.613,0.7,0.58,0.706,0.963,1.0,0.78,0.97,0.0,0.676,0.514,1.0,0.761,2.83,0.53,-0.1,2.152,2.083,0.0005,0.4861,False
NLD,Netherlands,Surinamese,2.1,1.92,-0.18,2.0,-0.08,1.92,-0.0,1.95,1.88,1.88,1.95,0.06,382804,363673,0.238,0.159,unspecified,False,0.5,0.48,0.56,0.42,0.706,0.956,1.0,0.78,0.88,0.0,0.676,0.514,1.0,0.761,1.96,-0.14,0.04,2.152,2.083,0.0005,0.4861,False
NLD,Netherlands,Indonesian,2.0,1.83,-0.17,1.9,-0.08,1.83,-0.0,1.85,1.79,1.79,1.85,0.06,364575,346355,0.238,0.159,IDN,False,0.736,0.74,0.78,0.76,0.706,0.952,1.0,0.78,1.034,0.0,0.676,0.514,1.0,0.761,1.87,-0.13,0.04,2.152,2.083,0.0005,0.4861,False
NLD,Netherlands,Antillean/Aruban,0.7,0.64,-0.06,0.67,-0.03,0.64,-0.0,0.65,0.63,0.63,0.65,0.02,127601,121224,0.238,0.159,unspecified,False,0.5,0.48,0.56,0.42,0.706,0.884,1.0,0.78,0.855,0.0,0.676,0.514,1.0,0.761,0.65,-0.05,0.01,2.152,2.083,0.0005,0.4861,False
NLD,Netherlands,Syrian,0.6,1.37,0.77,0.78,0.59,1.38,-0.0,1.16,1.67,1.16,1.67,0.52,109372,260520,0.238,0.159,SYR,True,0.672,0.726,0.6,0.74,0.706,0.876,1.0,0.78,0.957,0.0,0.676,0.514,1.0,0.761,1.33,0.73,-0.04,2.152,2.083,0.0005,0.4861,False
NLD,Netherlands,Chinese,0.5,0.48,-0.02,0.44,0.04,0.48,-0.0,0.47,0.49,0.47,0.49,0.02,91144,90958,0.238,0.159,CHN,True,0.52,0.502,0.58,0.45,0.706,0.869,1.0,0.78,0.862,0.0,0.676,0.514,1.0,0.761,0.5,0.0,0.02,2.152,2.083,0.0005,0.4861,False
NLD,Netherlands,Iraqi,0.4,0.5,0.1,0.52,-0.02,0.5,-0.0,0.5,0.5,0.5,0.5,0.01,72915,95175,0.238,0.159,IRQ,False,0.651,0.702,0.58,0.7,0.706,0.86,1.0,0.78,0.937,0.0,0.676,0.514,1.0,0.761,0.49,0.09,-0.02,2.152,2.083,0.0005,0.4861,False
NLD,Netherlands,Polish,1.5,2.38,0.88,1.65,0.74,2.39,-0.01,2.13,2.71,2.13,2.71,0.58,273431,452127,0.238,0.159,unspecified,True,0.5,0.48,0.56,0.42,0.706,0.93,1.0,0.78,0.871,0.0,0.676,0.514,1.0,0.761,2.38,0.88,-0.0,2.152,2.083,0.0005,0.4861,False
NLD,Netherlands,German,1.2,1.21,0.01,1.1,0.11,1.21,-0.0,1.18,1.25,1.18,1.25,0.06,218745,229725,0.238,0.159,unspecified,True,0.5,0.48,0.56,0.42,0.706,0.915,1.0,0.78,0.866,0.0,0.676,0.514,1.0,0.761,1.25,0.05,0.04,2.152,2.083,0.0005,0.4861,False
NLD,Netherlands,Somali,0.7,1.73,1.03,1.06,0.67,1.57,0.16,1.49,2.03,1.49,2.03,0.54,127601,327976,0.238,0.159,NGA;ETH;GHA;KEN;UGA;TZA;RWA;COD;CIV;CMR;SEN;ZMB;ZWE;MOZ;MWI;AGO;SDN;SOM;ERI;BFA;NER;MLI;GIN;SLE;LBR;BEN;TGO;GMB,True,0.711,0.785,0.574,0.717,0.706,0.884,1.0,0.78,0.984,0.0,0.676,0.514,1.0,0.761,1.64,0.94,-0.09,2.152,2.083,0.0005,0.4861,False
NLD,Netherlands,Afghan,0.5,0.54,0.04,0.48,0.06,0.54,-0.0,0.52,0.56,0.52,0.56,0.04,91144,102229,0.238,0.159,AFG,True,0.667,0.804,0.42,0.86,0.706,0.869,1.0,0.78,0.95,0.0,0.676,0.514,1.0,0.761,0.55,0.05,0.01,2.152,2.083,0.0005,0.4861,False
NLD,Netherlands,Other,3.3,3.7,0.4,3.18,0.52,3.64,0.05,3.54,3.88,3.54,3.88,0.34,601548,700549,0.238,0.159,NGA;ETH;GHA;KEN;UGA;TZA;RWA;COD;CIV;CMR;SEN;ZMB;ZWE;MOZ;MWI;AGO;SDN;SOM;ERI;BFA;NER;MLI;GIN;SLE;LBR;BEN;TGO;GMB,True,0.711,0.785,0.574,0.717,0.706,0.995,1.0,0.78,1.039,0.0,0.676,0.514,1.0,0.761,3.78,0.48,0.08,2.152,2.083,0.0005,0.4861,False
NOR,Norway,Norwegian,81.5,78.97,-2.53,80.76,-1.79,79.06,-0.09,79.55,78.28,78.28,79.55,1.27,4544975,4659126,0.238,0.142,unspecified,False,0.5,0.48,0.56,0.42,0.676,1.3,1.0,0.78,0.98,0.0,0.577,0.473,1.0,0.761,78.85,-2.65,-0.12,2.029,1.981,0.0005,0.3704,True
NOR,Norway,Other Nordic/European,5.9,6.21,0.31,5.52,0.7,6.22,-0.01,6.01,6.46,6.01,6.46,0.45,329023,366430,0.238,0.142,unspecified,True,0.5,0.48,0.56,0.42,0.676,1.052,1.0,0.78,0.898,0.0,0.577,0.473,1.0,0.761,6.37,0.47,0.16,2.029,1.981,0.0005,0.3704,False
NOR,Norway,Polish,2.1,2.31,0.21,2.06,0.25,2.31,-0.0,2.23,2.4,2.23,2.4,0.17,117110,136218,0.238,0.142,unspecified,True,0.5,0.48,0.56,0.42,0.676,0.956,1.0,0.78,0.866,0.0,0.577,0.473,1.0,0.761,2.35,0.25,0.04,2.029,1.981,0.0005,0.3704,False
NOR,Norway,Swedish,1.0,1.1,0.1,0.98,0.12,1.1,-0.0,1.06,1.14,1.06,1.14,0.08,55767,64699,0.238,0.142,unspecified,True,0.5,0.48,0.56,0.42,0.676,0.903,1.0,0.78,0.849,0.0,0.577,0.473,1.0,0.761,1.11,0.11,0.02,2.029,1.981,0.0005,0.3704,False
NOR,Norway,Syrian,1.1,1.43,0.33,1.47,-0.03,1.44,-0.0,1.43,1.43,1.43,1.43,0.0,61343,84582,0.238,0.142,SYR,False,0.672,0.726,0.6,0.74,0.676,0.909,1.0,0.78,0.954,0.0,0.577,0.473,1.0,0.761,1.38,0.28,-0.06,2.029,1.981,0.0005,0.3704,False
NOR,Norway,Iraqi,0.8,1.04,0.24,1.07,-0.02,1.04,-0.0,1.04,1.04,1.04,1.04,0.0,44613,61514,0.238,0.142,IRQ,False,0.651,0.702,0.58,0.7,0.676,0.891,1.0,0.78,0.933,0.0,0.577,0.473,1.0,0.761,1.0,0.2,-0.04,2.029,1.981,0.0005,0.3704,False
NOR,Norway,Somali,0.7,1.27,0.57,1.15,0.12,1.16,0.11,1.22,1.33,1.22,1.33,0.11,39037,75047,0.238,0.142,NGA;ETH;GHA;KEN;UGA;TZA;RWA;COD;CIV;CMR;SEN;ZMB;ZWE;MOZ;MWI;AGO;SDN;SOM;ERI;BFA;NER;MLI;GIN;SLE;LBR;BEN;TGO;GMB,True,0.711,0.785,0.574,0.717,0.676,0.884,1.006,0.78,0.968,0.0,0.577,0.473,1.0,0.761,1.19,0.49,-0.08,2.029,1.981,0.0005,0.3704,False
NOR,Norway,Pakistani,0.9,1.01,0.11,1.03,-0.02,1.01,-0.0,1.01,1.0,1.0,1.01,0.01,50190,59401,0.238,0.142,PAK,False,0.769,0.814,0.7,0.74,0.676,0.897,1.0,0.78,1.006,0.0,0.577,0.473,1.0,0.761,0.99,0.09,-0.01,2.029,1.981,0.0005,0.3704,False
NOR,Norway,Eritrean,0.5,0.58,0.08,0.57,0.0,0.58,-0.0,0.57,0.58,0.57,0.58,0.01,27883,33958,0.238,0.142,ETH,True,0.71,0.81,0.52,0.76,0.676,0.869,1.0,0.78,0.958,0.0,0.577,0.473,1.0,0.761,0.57,0.07,-0.01,2.029,1.981,0.0005,0.3704,False
NOR,Norway,Vietnamese,0.5,0.56,0.06,0.49,0.07,0.56,-0.0,0.54,0.58,0.54,0.58,0.05,27883,32877,0.238,0.142,VNM,True,0.71,0.674,0.84,0.68,0.676,0.869,1.0,0.78,0.958,0.0,0.577,0.473,1.0,0.761,0.57,0.07,0.01,2.029,1.981,0.0005,0.3704,False
NOR,Norway,Filipino,0.6,0.67,0.07,0.59,0.08,0.67,-0.0,0.65,0.7,0.65,0.7,0.06,33460,39632,0.238,0.142,PHL,True,0.759,0.718,0.88,0.64,0.676,0.876,1.0,0.78,0.99,0.0,0.577,0.473,1.0,0.761,0.68,0.08,0.01,2.029,1.981,0.0005,0.3704,False
NOR,Norway,Other,4.4,4.85,0.45,4.32,0.54,4.86,-0.01,4.69,5.05,4.69,5.05,0.36,245373,286343,0.238,0.142,unspecified,True,0.5,0.48,0.56,0.42,0.676,1.022,1.0,0.78,0.888,0.0,0.577,0.473,1.0,0.761,4.93,0.53,0.08,2.029,1.981,0.0005,0.3704,False
NPL,Nepal,Chhetri,16.6,15.62,-0.98,15.62,0.0,15.62,0.0,15.64,15.61,15.61,15.64,0.03,4922075,5411455,0.0,0.0,unspecified,False,0.5,0.48,0.56,0.42,0.468,1.164,1.0,0.78,0.817,0.726,0.0,0.0,1.0,0.761,15.92,-0.68,0.3,2.322,2.503,0.0005,0.8951,False
NPL,Nepal,Bahun,12.2,11.48,-0.72,11.48,0.0,11.48,0.0,11.49,11.47,11.47,11.49,0.02,3617429,3977093,0.0,0.0,unspecified,False,0.5,0.48,0.56,0.42,0.468,1.13,1.0,0.78,0.809,0.726,0.0,0.0,1.0,0.761,11.7,-0.5,0.22,2.322,2.503,0.0005,0.8951,False
NPL,Nepal,Magar,7.1,6.68,-0.42,6.68,0.0,6.68,0.0,6.69,6.68,6.68,6.69,0.01,2105225,2314538,0.0,0.0,unspecified,False,0.5,0.48,0.56,0.42,0.468,1.071,1.0,0.78,0.795,0.726,0.0,0.0,1.0,0.761,6.81,-0.29,0.13,2.322,2.503,0.0005,0.8951,False
NPL,Nepal,Tharu,6.6,7.17,0.57,7.17,0.0,7.17,0.0,7.15,7.19,7.15,7.19,0.04,1956970,2484354,0.0,0.0,unspecified,False,0.5,0.48,0.56,0.42,0.468,1.063,1.0,0.78,0.794,0.726,0.0,0.0,1.0,0.761,7.17,0.57,0.0,2.322,2.503,0.0005,0.8951,False
NPL,Nepal,Tamang,5.8,5.46,-0.34,5.46,0.0,5.46,0.0,5.46,5.45,5.45,5.46,0.01,1719761,1890749,0.0,0.0,unspecified,False,0.5,0.48,0.56,0.42,0.468,1.05,1.0,0.78,0.791,0.726,0.0,0.0,1.0,0.761,5.56,-0.24,0.1,2.322,2.503,0.0005,0.8951,False
NPL,Nepal,Newar,5.0,4.71,-0.29,4.71,0.0,4.71,0.0,4.71,4.7,4.7,4.71,0.01,1482553,1629956,0.0,0.0,unspecified,False,0.5,0.48,0.56,0.42,0.468,1.035,1.0,0.78,0.787,0.726,0.0,0.0,1.0,0.761,4.79,-0.21,0.09,2.322,2.503,0.0005,0.8951,False
NPL,Nepal,Kami (Dalit),4.8,4.52,-0.28,4.52,0.0,4.52,0.0,4.52,4.51,4.51,4.52,0.01,1423251,1564758,0.0,0.0,unspecified,False,0.5,0.48,0.56,0.42,0.468,1.031,1.0,0.78,0.786,0.726,0.0,0.0,1.0,0.761,4.6,-0.2,0.09,2.322,2.503,0.0005,0.8951,False
NPL,Nepal,Muslim (Madhesi),4.4,5.74,1.34,5.74,0.0,5.74,0.0,5.7,5.79,5.7,5.79,0.09,1304646,1989635,0.0,0.0,unspecified,False,0.5,0.48,0.56,0.42,0.468,1.022,1.0,0.78,0.784,0.726,0.0,0.0,1.0,0.761,5.6,1.2,-0.15,2.322,2.503,0.0005,0.8951,False
NPL,Nepal,Yadav,4.0,4.35,0.35,4.35,0.0,4.35,0.0,4.33,4.36,4.33,4.36,0.02,1186042,1505669,0.0,0.0,unspecified,False,0.5,0.48,0.56,0.42,0.468,1.013,1.0,0.78,0.782,0.726,0.0,0.0,1.0,0.761,4.35,0.35,0.0,2.322,2.503,0.0005,0.8951,False
NPL,Nepal,Rai,2.3,2.16,-0.14,2.16,0.0,2.16,0.0,2.17,2.16,2.16,2.17,0.0,681974,749780,0.0,0.0,unspecified,False,0.5,0.48,0.56,0.42,0.468,0.963,1.0,0.78,0.771,0.726,0.0,0.0,1.0,0.761,2.21,-0.09,0.04,2.322,2.503,0.0005,0.8951,False
NPL,Nepal,Gurung,2.0,1.88,-0.12,1.88,0.0,1.88,0.0,1.88,1.88,1.88,1.88,0.0,593021,651982,0.0,0.0,unspecified,False,0.5,0.48,0.56,0.42,0.468,0.952,1.0,0.78,0.768,0.726,0.0,0.0,1.0,0.761,1.92,-0.08,0.04,2.322,2.503,0.0005,0.8951,False
NPL,Nepal,Damai/Dholi,1.8,1.69,-0.11,1.69,0.0,1.69,0.0,1.7,1.69,1.69,1.7,0.0,533719,586784,0.0,0.0,unspecified,False,0.5,0.48,0.56,0.42,0.468,0.944,1.0,0.78,0.766,0.726,0.0,0.0,1.0,0.761,1.73,-0.07,0.03,2.322,2.503,0.0005,0.8951,False
NPL,Nepal,Thakuri,1.6,1.51,-0.09,1.51,0.0,1.51,0.0,1.51,1.5,1.5,1.51,0.0,474417,521586,0.0,0.0,unspecified,False,0.5,0.48,0.56,0.42,0.468,0.935,1.0,0.78,0.764,0.726,0.0,0.0,1.0,0.761,1.53,-0.07,0.03,2.322,2.503,0.0005,0.8951,False
NPL,Nepal,Limbu,1.5,1.41,-0.09,1.41,0.0,1.41,0.0,1.41,1.41,1.41,1.41,0.0,444766,488987,0.0,0.0,unspecified,False,0.5,0.48,0.56,0.42,0.468,0.93,1.0,0.78,0.763,0.726,0.0,0.0,1.0,0.761,1.44,-0.06,0.03,2.322,2.503,0.0005,0.8951,False
NPL,Nepal,Sarki,1.4,1.32,-0.08,1.32,0.0,1.32,0.0,1.32,1.32,1.32,1.32,0.0,415115,456388,0.0,0.0,unspecified,False,0.5,0.48,0.56,0.42,0.468,0.925,1.0,0.78,0.762,0.726,0.0,0.0,1.0,0.761,1.34,-0.06,0.03,2.322,2.503,0.0005,0.8951,False
NPL,Nepal,Teli,1.1,1.04,-0.06,1.04,0.0,1.04,0.0,1.04,1.03,1.03,1.04,0.0,326162,358590,0.0,0.0,unspecified,False,0.5,0.48,0.56,0.42,0.468,0.909,1.0,0.78,0.758,0.726,0.0,0.0,1.0,0.761,1.05,-0.05,0.02,2.322,2.503,0.0005,0.8951,False
NPL,Nepal,Chamar,1.0,0.94,-0.06,0.94,0.0,0.94,0.0,0.94,0.94,0.94,0.94,0.0,296511,325991,0.0,0.0,unspecified,False,0.5,0.48,0.56,0.42,0.468,0.903,1.0,0.78,0.757,0.726,0.0,0.0,1.0,0.761,0.96,-0.04,0.02,2.322,2.503,0.0005,0.8951,False
NPL,Nepal,Koiri,1.0,0.94,-0.06,0.94,0.0,0.94,0.0,0.94,0.94,0.94,0.94,0.0,296511,325991,0.0,0.0,unspecified,False,0.5,0.48,0.56,0.42,0.468,0.903,1.0,0.78,0.757,0.726,0.0,0.0,1.0,0.761,0.96,-0.04,0.02,2.322,2.503,0.0005,0.8951,False
NPL,Nepal,Other,19.8,21.38,1.58,21.38,0.0,21.38,0.0,21.4,21.36,21.36,21.4,0.04,5870909,7407734,0.0,0.0,unspecified,False,0.5,0.48,0.56,0.42,0.468,1.184,1.0,0.78,0.821,0.726,0.0,0.0,1.0,0.761,20.36,0.56,-1.03,2.322,2.503,0.0005,0.8951,True
NRU,Nauru,Nauruan,88.0,87.04,-0.96,87.37,-0.34,87.04,0.0,87.16,86.89,86.89,87.16,0.28,10532,13733,0.0,0.0,unspecified,False,0.5,0.48,0.56,0.42,0.454,1.3,1.0,0.78,0.839,0.0,0.0,0.0,1.0,0.761,86.99,-1.01,-0.05,1.553,1.555,0.0005,0.2338,True
NRU,Nauru,Other Pacific Islander,8.0,8.87,0.87,8.9,-0.03,8.87,0.0,8.85,8.89,8.85,8.89,0.04,957,1399,0.0,0.0,unspecified,False,0.5,0.48,0.56,0.42,0.454,1.084,1.0,0.78,0.79,0.0,0.0,0.0,1.0,0.761,8.81,0.81,-0.06,1.553,1.555,0.0005,0.2338,False
NRU,Nauru,Chinese / Asian,4.0,4.1,0.1,3.72,0.37,4.1,0.0,3.99,4.23,3.99,4.23,0.24,479,646,0.0,0.0,CHN,True,0.52,0.502,0.58,0.45,0.454,1.013,1.0,0.78,0.784,0.0,0.0,0.0,1.0,0.761,4.2,0.2,0.11,1.553,1.555,0.0005,0.2338,False
NZL,New Zealand,European,59.0,50.63,-8.37,55.13,-4.5,50.67,-0.04,52.26,48.6,48.6,52.26,3.66,3076226,2913778,0.0,0.0,unspecified,False,0.5,0.48,0.56,0.42,0.664,1.3,1.0,0.88,0.996,0.0,0.791,0.301,1.0,0.761,50.58,-8.42,-0.04,2.551,2.574,0.0005,0.668,True
NZL,New Zealand,Maori,15.6,17.73,2.13,19.34,-1.62,17.74,-0.01,18.15,17.15,17.15,18.15,1.0,813375,1020161,0.0,0.0,unspecified,False,0.5,0.48,0.56,0.42,0.664,1.157,1.0,0.88,0.947,0.0,0.791,0.301,1.0,0.761,17.28,1.68,-0.45,2.551,2.574,0.0005,0.668,False
NZL,New Zealand,Asian,13.4,18.95,5.55,12.12,6.84,18.97,-0.02,16.69,21.85,16.69,21.85,5.16,698668,1090689,0.0,0.0,unspecified,True,0.5,0.48,0.56,0.42,0.664,1.14,1.0,0.88,0.941,0.0,0.791,0.301,1.0,0.761,19.54,6.14,0.59,2.551,2.574,0.0005,0.668,False
NZL,New Zealand,Pacific peoples,7.7,8.75,1.05,9.55,-0.8,8.76,-0.01,8.96,8.46,8.46,8.96,0.49,401474,503541,0.0,0.0,unspecified,False,0.5,0.48,0.56,0.42,0.664,1.08,1.0,0.88,0.921,0.0,0.791,0.301,1.0,0.761,8.53,0.83,-0.22,2.551,2.574,0.0005,0.668,False
NZL,New Zealand,MELAA (ME/LatAm/African),1.9,1.98,0.08,1.72,0.26,1.9,0.08,1.91,2.05,1.91,2.05,0.14,99065,113946,0.0,0.0,NGA;ETH;GHA;KEN;UGA;TZA;RWA;COD;CIV;CMR;SEN;ZMB;ZWE;MOZ;MWI;AGO;SDN;SOM;ERI;BFA;NER;MLI;GIN;SLE;LBR;BEN;TGO;GMB,True,0.711,0.785,0.574,0.717,0.664,0.948,1.0,0.88,1.013,0.0,0.791,0.301,1.0,0.761,2.04,0.14,0.06,2.551,2.574,0.0005,0.668,False
NZL,New Zealand,Other,2.4,1.97,-0.43,2.15,-0.18,1.97,-0.0,2.03,1.89,1.89,2.03,0.15,125135,113164,0.0,0.0,unspecified,False,0.5,0.48,0.56,0.42,0.664,0.967,1.0,0.88,0.882,0.0,0.791,0.301,1.0,0.761,2.03,-0.37,0.06,2.551,2.574,0.0005,0.668,False
OMN,Oman,Omani,55.6,55.93,0.33,59.15,-3.22,55.93,0.0,56.83,54.87,54.87,56.83,1.96,2936537,4377558,0.0,0.0,unspecified,False,0.5,0.48,0.56,0.42,0.568,1.3,1.0,0.48,0.85,0.0,0.565,0.237,1.0,0.761,54.86,-0.74,-1.07,2.052,2.163,0.0005,0.6592,True
OMN,Oman,Indian,14.8,14.67,-0.13,13.5,1.17,14.67,0.0,14.34,15.05,14.34,15.05,0.71,781668,1147959,0.0,0.0,IND;PAK;BGD;LKA;NPL,True,0.718,0.719,0.752,0.684,0.568,1.151,1.0,0.48,0.932,0.0,0.565,0.237,1.0,0.761,15.05,0.25,0.38,2.052,2.163,0.0005,0.6592,False
OMN,Oman,Bangladeshi,6.0,5.93,-0.07,5.47,0.46,5.93,0.0,5.81,6.09,5.81,6.09,0.28,316893,464401,0.0,0.0,BGD,True,0.735,0.788,0.68,0.84,0.568,1.054,1.0,0.48,0.908,0.0,0.565,0.237,1.0,0.761,6.09,0.09,0.15,2.052,2.163,0.0005,0.6592,False
OMN,Oman,Pakistani,5.0,4.95,-0.05,4.56,0.39,4.95,0.0,4.84,5.08,4.84,5.08,0.24,264077,387410,0.0,0.0,PAK,True,0.769,0.814,0.7,0.74,0.568,1.035,1.0,0.48,0.918,0.0,0.565,0.237,1.0,0.761,5.08,0.08,0.13,2.052,2.163,0.0005,0.6592,False
OMN,Oman,Filipino,3.0,2.95,-0.05,2.74,0.22,2.95,0.0,2.89,3.03,2.89,3.03,0.13,158446,231271,0.0,0.0,PHL,True,0.759,0.718,0.88,0.64,0.568,0.986,1.0,0.48,0.896,0.0,0.565,0.237,1.0,0.761,3.03,0.03,0.08,2.052,2.163,0.0005,0.6592,False
OMN,Oman,Egyptian,3.0,3.33,0.33,3.1,0.24,3.33,0.0,3.26,3.42,3.26,3.42,0.17,158446,260842,0.0,0.0,EGY,True,0.7,0.706,0.72,0.66,0.568,0.986,1.0,0.48,0.869,0.0,0.565,0.237,1.0,0.761,3.34,0.34,0.01,2.052,2.163,0.0005,0.6592,False
OMN,Oman,Sri Lankan,2.0,1.94,-0.06,1.82,0.11,1.94,0.0,1.91,1.97,1.91,1.97,0.06,105631,151484,0.0,0.0,unspecified,True,0.5,0.48,0.56,0.42,0.568,0.952,1.0,0.48,0.77,0.0,0.565,0.237,1.0,0.761,1.99,-0.01,0.05,2.052,2.163,0.0005,0.6592,False
OMN,Oman,Nepali,1.5,1.45,-0.05,1.37,0.08,1.45,0.0,1.43,1.48,1.43,1.48,0.05,79223,113532,0.0,0.0,unspecified,True,0.5,0.48,0.56,0.42,0.568,0.93,1.0,0.48,0.765,0.0,0.565,0.237,1.0,0.761,1.49,-0.01,0.04,2.052,2.163,0.0005,0.6592,False
OMN,Oman,Other foreign,9.1,8.85,-0.25,8.3,0.55,8.85,0.0,8.7,9.02,8.7,9.02,0.32,480620,692541,0.0,0.0,unspecified,True,0.5,0.48,0.56,0.42,0.568,1.098,1.0,0.48,0.804,0.0,0.565,0.237,1.0,0.761,9.08,-0.02,0.23,2.052,2.163,0.0005,0.6592,False
PAK,Pakistan,Punjabi,44.7,45.35,0.65,45.35,0.0,45.35,0.0,45.37,45.33,45.33,45.37,0.04,112317315,168648369,0.0,0.0,unspecified,False,0.5,0.48,0.56,0.42,0.454,1.279,1.0,0.78,0.834,0.814,0.0,0.0,1.0,0.761,44.66,-0.04,-0.7,2.155,2.288,0.0005,0.7401,True
PAK,Pakistan,Pashtun,15.4,16.43,1.03,16.43,0.0,16.43,0.0,16.39,16.46,16.39,16.46,0.07,38695451,61078932,0.0,0.0,unspecified,False,0.5,0.48,0.56,0.42,0.454,1.156,1.0,0.78,0.806,0.814,0.0,0.0,1.0,0.761,16.5,1.1,0.07,2.155,2.288,0.0005,0.7401,False
PAK,Pakistan,Sindhi,14.1,13.5,-0.6,13.5,0.0,13.5,0.0,13.51,13.5,13.5,13.51,0.01,35428952,50206045,0.0,0.0,unspecified,False,0.5,0.48,0.56,0.42,0.454,1.146,1.0,0.78,0.804,0.814,0.0,0.0,1.0,0.761,13.72,-0.38,0.22,2.155,2.288,0.0005,0.7401,False
PAK,Pakistan,Saraiki,8.4,8.04,-0.36,8.04,0.0,8.04,0.0,8.05,8.04,8.04,8.05,0.01,21106609,29909984,0.0,0.0,unspecified,False,0.5,0.48,0.56,0.42,0.454,1.089,1.0,0.78,0.792,0.814,0.0,0.0,1.0,0.761,8.17,-0.23,0.13,2.155,2.288,0.0005,0.7401,False
PAK,Pakistan,Muhajir (Urdu-speaking),7.6,7.28,-0.32,7.28,0.0,7.28,0.0,7.28,7.27,7.27,7.28,0.01,19096456,27061414,0.0,0.0,unspecified,False,0.5,0.48,0.56,0.42,0.454,1.078,1.0,0.78,0.789,0.814,0.0,0.0,1.0,0.761,7.4,-0.2,0.12,2.155,2.288,0.0005,0.7401,False
PAK,Pakistan,Baloch,3.6,3.45,-0.15,3.45,0.0,3.45,0.0,3.45,3.45,3.45,3.45,0.0,9045690,12818565,0.0,0.0,unspecified,False,0.5,0.48,0.56,0.42,0.454,1.003,1.0,0.78,0.773,0.814,0.0,0.0,1.0,0.761,3.5,-0.1,0.06,2.155,2.288,0.0005,0.7401,False
PAK,Pakistan,Hindko,2.4,2.3,-0.1,2.3,0.0,2.3,0.0,2.3,2.3,2.3,2.3,0.0,6030460,8545710,0.0,0.0,unspecified,False,0.5,0.48,0.56,0.42,0.454,0.967,1.0,0.78,0.765,0.814,0.0,0.0,1.0,0.761,2.34,-0.06,0.04,2.155,2.288,0.0005,0.7401,False
PAK,Pakistan,Brahui,1.2,1.15,-0.05,1.15,0.0,1.15,0.0,1.15,1.15,1.15,1.15,0.0,3015230,4272855,0.0,0.0,unspecified,False,0.5,0.48,0.56,0.42,0.454,0.915,1.0,0.78,0.753,0.814,0.0,0.0,1.0,0.761,1.17,-0.03,0.02,2.155,2.288,0.0005,0.7401,False
PAK,Pakistan,Pahari-Potwari,1.0,0.96,-0.04,0.96,0.0,0.96,0.0,0.96,0.96,0.96,0.96,0.0,2512692,3560712,0.0,0.0,unspecified,False,0.5,0.48,0.56,0.42,0.454,0.903,1.0,0.78,0.75,0.814,0.0,0.0,1.0,0.761,0.97,-0.03,0.02,2.155,2.288,0.0005,0.7401,False
PAK,Pakistan,Other,1.6,1.55,-0.05,1.55,0.0,1.55,0.0,1.55,1.55,1.55,1.55,0.0,4020307,5761212,0.0,0.0,unspecified,False,0.5,0.48,0.56,0.42,0.454,0.935,1.0,0.78,0.757,0.814,0.0,0.0,1.0,0.761,1.57,-0.03,0.03,2.155,2.288,0.0005,0.7401,False
PAN,Panama,Mestizo,60.0,59.42,-0.58,59.47,-0.05,59.42,0.0,59.48,59.36,59.36,59.48,0.12,2709346,3345686,0.0,0.0,unspecified,False,0.5,0.48,0.56,0.42,0.454,1.3,1.0,0.78,0.839,0.0,0.0,0.0,1.0,0.761,59.12,-0.88,-0.3,1.998,2.097,0.0005,0.6103,True
PAN,Panama,Indigenous (Ngabe/Guna),12.3,15.59,3.29,15.6,-0.01,15.59,0.0,15.49,15.69,15.49,15.69,0.2,555416,877772,0.0,0.0,unspecified,False,0.5,0.48,0.56,0.42,0.454,1.131,1.0,0.78,0.801,0.0,0.0,0.0,1.0,0.761,15.19,2.89,-0.4,1.998,2.097,0.0005,0.6103,False
PAN,Panama,West Indian (Antillean),9.2,8.72,-0.48,8.73,-0.01,8.72,0.0,8.73,8.71,8.71,8.73,0.02,415433,491099,0.0,0.0,IND;PAK;BGD;LKA;NPL,False,0.718,0.719,0.752,0.684,0.454,1.099,1.0,0.78,0.9,0.0,0.0,0.0,1.0,0.761,8.89,-0.31,0.17,1.998,2.097,0.0005,0.6103,False
PAN,Panama,White,6.7,4.96,-1.74,4.97,-0.0,4.96,0.0,5.01,4.92,4.92,5.01,0.09,302544,279554,0.0,0.0,unspecified,False,0.5,0.48,0.56,0.42,0.454,1.065,1.0,0.78,0.786,0.0,0.0,0.0,1.0,0.761,5.29,-1.41,0.32,1.998,2.097,0.0005,0.6103,False
PAN,Panama,Mulatto/Afro-Panamanian,8.0,7.58,-0.42,7.59,-0.01,7.58,0.0,7.59,7.58,7.58,7.59,0.02,361246,427043,0.0,0.0,unspecified,False,0.5,0.48,0.56,0.42,0.454,1.084,1.0,0.78,0.79,0.0,0.0,0.0,1.0,0.761,7.73,-0.27,0.14,1.998,2.097,0.0005,0.6103,False
PAN,Panama,Chinese-Panamanian,1.2,1.14,-0.06,1.14,-0.0,1.14,0.0,1.14,1.14,1.14,1.14,0.0,54187,64056,0.0,0.0,CHN,False,0.52,0.502,0.58,0.45,0.454,0.915,1.0,0.78,0.761,0.0,0.0,0.0,1.0,0.761,1.16,-0.04,0.02,1.998,2.097,0.0005,0.6103,False
PAN,Panama,Venezuelan migrant,0.8,0.86,0.06,0.78,0.08,0.86,0.0,0.83,0.89,0.83,0.89,0.05,36125,48306,0.0,0.0,VEN,True,0.636,0.596,0.78,0.64,0.454,0.891,1.0,0.78,0.802,0.0,0.0,0.0,1.0,0.761,0.87,0.07,0.02,1.998,2.097,0.0005,0.6103,False
PAN,Panama,Other,1.8,1.73,-0.07,1.73,-0.0,1.73,0.0,1.73,1.72,1.72,1.73,0.0,81280,97165,0.0,0.0,unspecified,False,0.5,0.48,0.56,0.42,0.454,0.944,1.0,0.78,0.759,0.0,0.0,0.0,1.0,0.761,1.76,-0.04,0.03,1.998,2.097,0.0005,0.6103,False
PER,Peru,Mestizo,60.2,59.1,-1.1,59.1,0.0,59.1,0.0,59.15,59.04,59.04,59.15,0.11,20599146,23983520,0.0,0.0,unspecified,False,0.5,0.48,0.56,0.42,0.468,1.3,1.0,0.78,0.848,0.0,0.0,0.0,1.0,0.761,58.84,-1.36,-0.25,2.044,2.089,0.0005,0.6104,True
PER,Peru,Quechua,16.5,17.9,1.4,17.9,0.0,17.9,0.0,17.85,17.95,17.85,17.95,0.1,5645945,7265433,0.0,0.0,unspecified,False,0.5,0.48,0.56,0.42,0.468,1.163,1.0,0.78,0.816,0.0,0.0,0.0,1.0,0.761,17.89,1.39,-0.01,2.044,2.089,0.0005,0.6104,False
PER,Peru,Aymara,4.0,4.34,0.34,4.34,0.0,4.34,0.0,4.33,4.35,4.33,4.35,0.02,1368714,1761317,0.0,0.0,unspecified,False,0.5,0.48,0.56,0.42,0.468,1.013,1.0,0.78,0.782,0.0,0.0,0.0,1.0,0.761,4.34,0.34,-0.0,2.044,2.089,0.0005,0.6104,False
PER,Peru,Other Amerindian (Amazonian),5.3,6.71,1.41,6.71,0.0,6.71,0.0,6.67,6.76,6.67,6.76,0.09,1813546,2724054,0.0,0.0,IND;PAK;BGD;LKA;NPL,False,0.718,0.719,0.752,0.684,0.468,1.041,1.0,0.78,0.893,0.0,0.0,0.0,1.0,0.761,6.54,1.24,-0.17,2.044,2.089,0.0005,0.6104,False
PER,Peru,White,5.9,4.29,-1.61,4.29,0.0,4.29,0.0,4.33,4.25,4.25,4.33,0.08,2018853,1741388,0.0,0.0,unspecified,False,0.5,0.48,0.56,0.42,0.468,1.052,1.0,0.78,0.791,0.0,0.0,0.0,1.0,0.761,4.58,-1.32,0.29,2.044,2.089,0.0005,0.6104,False
PER,Peru,Afro-Peruvian,3.6,3.38,-0.22,3.38,0.0,3.38,0.0,3.39,3.38,3.38,3.39,0.01,1231843,1372829,0.0,0.0,unspecified,False,0.5,0.48,0.56,0.42,0.468,1.003,1.0,0.78,0.78,0.0,0.0,0.0,1.0,0.761,3.45,-0.15,0.07,2.044,2.089,0.0005,0.6104,False
PER,Peru,Other,4.5,4.28,-0.22,4.28,0.0,4.28,0.0,4.28,4.27,4.27,4.28,0.01,1539803,1735336,0.0,0.0,unspecified,False,0.5,0.48,0.56,0.42,0.468,1.025,1.0,0.78,0.785,0.0,0.0,0.0,1.0,0.761,4.36,-0.14,0.09,2.044,2.089,0.0005,0.6104,False
PHL,Philippines,Tagalog,28.1,29.8,1.7,29.8,0.0,29.8,0.0,29.81,29.78,29.78,29.81,0.03,32552069,40040089,0.0,0.0,unspecified,False,0.5,0.48,0.56,0.42,0.454,1.224,1.0,0.78,0.822,0.718,0.0,0.0,1.0,0.761,28.67,0.57,-1.13,2.291,2.41,0.0005,0.8285,True
PHL,Philippines,Cebuano,13.1,12.47,-0.63,12.47,0.0,12.47,0.0,12.47,12.46,12.46,12.47,0.01,15175520,16754867,0.0,0.0,unspecified,False,0.5,0.48,0.56,0.42,0.454,1.138,1.0,0.78,0.802,0.718,0.0,0.0,1.0,0.761,12.72,-0.38,0.25,2.291,2.41,0.0005,0.8285,False
PHL,Philippines,Ilocano,9.0,8.57,-0.43,8.57,0.0,8.57,0.0,8.57,8.56,8.56,8.57,0.01,10425930,11510977,0.0,0.0,unspecified,False,0.5,0.48,0.56,0.42,0.454,1.096,1.0,0.78,0.793,0.718,0.0,0.0,1.0,0.761,8.74,-0.26,0.17,2.291,2.41,0.0005,0.8285,False
PHL,Philippines,Hiligaynon (Ilonggo),7.6,7.23,-0.37,7.23,0.0,7.23,0.0,7.24,7.23,7.23,7.24,0.01,8804118,9720381,0.0,0.0,unspecified,False,0.5,0.48,0.56,0.42,0.454,1.078,1.0,0.78,0.789,0.718,0.0,0.0,1.0,0.761,7.38,-0.22,0.14,2.291,2.41,0.0005,0.8285,False
PHL,Philippines,Bicolano,6.0,5.71,-0.29,5.71,0.0,5.71,0.0,5.71,5.71,5.71,5.71,0.01,6950620,7673985,0.0,0.0,unspecified,False,0.5,0.48,0.56,0.42,0.454,1.054,1.0,0.78,0.784,0.718,0.0,0.0,1.0,0.761,5.82,-0.18,0.11,2.291,2.41,0.0005,0.8285,False
PHL,Philippines,Waray,3.4,3.24,-0.16,3.24,0.0,3.24,0.0,3.24,3.23,3.23,3.24,0.0,3938685,4348591,0.0,0.0,unspecified,False,0.5,0.48,0.56,0.42,0.454,0.998,1.0,0.78,0.771,0.718,0.0,0.0,1.0,0.761,3.3,-0.1,0.06,2.291,2.41,0.0005,0.8285,False
PHL,Philippines,Kapampangan,3.4,3.24,-0.16,3.24,0.0,3.24,0.0,3.24,3.23,3.23,3.24,0.0,3938685,4348591,0.0,0.0,unspecified,False,0.5,0.48,0.56,0.42,0.454,0.998,1.0,0.78,0.771,0.718,0.0,0.0,1.0,0.761,3.3,-0.1,0.06,2.291,2.41,0.0005,0.8285,False
PHL,Philippines,Pangasinan,1.5,1.43,-0.07,1.43,0.0,1.43,0.0,1.43,1.43,1.43,1.43,0.0,1737655,1918496,0.0,0.0,unspecified,False,0.5,0.48,0.56,0.42,0.454,0.93,1.0,0.78,0.756,0.718,0.0,0.0,1.0,0.761,1.46,-0.04,0.03,2.291,2.41,0.0005,0.8285,False
PHL,Philippines,Muslim (Moro/Bangsamoro),5.0,6.28,1.28,6.28,0.0,6.28,0.0,6.24,6.32,6.24,6.32,0.08,5792183,8439018,0.0,0.0,unspecified,False,0.5,0.48,0.56,0.42,0.454,1.035,1.0,0.78,0.78,0.718,0.0,0.0,1.0,0.761,6.14,1.14,-0.14,2.291,2.41,0.0005,0.8285,False
PHL,Philippines,Other,22.9,22.04,-0.86,22.04,0.0,22.04,0.0,22.05,22.03,22.03,22.05,0.02,26528199,29618437,0.0,0.0,unspecified,False,0.5,0.48,0.56,0.42,0.454,1.201,1.0,0.78,0.817,0.718,0.0,0.0,1.0,0.761,22.48,-0.42,0.44,2.291,2.41,0.0005,0.8285,False
PLW,Palau,Palauan,66.3,63.71,-2.59,66.98,-3.27,63.71,0.0,64.7,62.55,62.55,64.7,2.15,11748,9899,0.0,0.0,unspecified,False,0.5,0.48,0.56,0.42,0.581,1.3,1.0,0.78,0.919,0.0,0.0,0.0,1.0,0.761,63.15,-3.15,-0.57,1.898,1.975,0.0005,0.5493,True
PLW,Palau,Filipino,12.6,13.96,1.36,12.52,1.44,13.96,0.0,13.52,14.49,13.52,14.49,0.97,2233,2169,0.0,0.0,PHL,True,0.759,0.718,0.88,0.64,0.581,1.133,1.0,0.78,1.039,0.0,0.0,0.0,1.0,0.761,14.14,1.54,0.18,1.898,1.975,0.0005,0.5493,False
PLW,Palau,Chinese,5.7,5.65,-0.05,5.2,0.45,5.65,0.0,5.53,5.8,5.53,5.8,0.27,1010,878,0.0,0.0,CHN,True,0.52,0.502,0.58,0.45,0.581,1.048,1.0,0.78,0.86,0.0,0.0,0.0,1.0,0.761,5.82,0.12,0.16,1.898,1.975,0.0005,0.5493,False
PLW,Palau,Other,15.4,16.67,1.27,15.3,1.37,16.67,0.0,16.25,17.16,16.25,17.16,0.91,2729,2590,0.0,0.0,unspecified,True,0.5,0.48,0.56,0.42,0.581,1.156,1.0,0.78,0.878,0.0,0.0,0.0,1.0,0.761,16.89,1.49,0.22,1.898,1.975,0.0005,0.5493,False
PNG,Papua New Guinea,Papuan / Melanesian (highlands),48.0,48.9,0.9,49.25,-0.35,48.9,0.0,49.01,48.77,48.77,49.01,0.24,5076724,7289535,0.0,0.0,unspecified,False,0.5,0.48,0.56,0.42,0.454,1.287,1.0,0.78,0.836,0.0,0.0,0.0,1.0,0.761,48.17,0.17,-0.73,2.028,2.134,0.0005,0.634,True
PNG,Papua New Guinea,Papuan / Melanesian (coastal & islands),36.0,34.76,-1.24,35.01,-0.25,34.76,0.0,34.84,34.66,34.66,34.84,0.17,3807543,5181260,0.0,0.0,unspecified,False,0.5,0.48,0.56,0.42,0.454,1.253,1.0,0.78,0.828,0.0,0.0,0.0,1.0,0.761,35.26,-0.74,0.5,2.028,2.134,0.0005,0.634,False
PNG,Papua New Guinea,Polynesian (Bougainville/outer islands),6.0,5.79,-0.21,5.84,-0.04,5.79,0.0,5.81,5.78,5.78,5.81,0.03,634591,863543,0.0,0.0,unspecified,False,0.5,0.48,0.56,0.42,0.454,1.054,1.0,0.78,0.784,0.0,0.0,0.0,1.0,0.761,5.88,-0.12,0.08,2.028,2.134,0.0005,0.634,False
PNG,Papua New Guinea,Chinese,0.2,0.21,0.01,0.19,0.02,0.21,0.0,0.2,0.21,0.2,0.21,0.01,21153,30639,0.0,0.0,CHN,True,0.52,0.502,0.58,0.45,0.454,0.842,1.0,0.78,0.745,0.0,0.0,0.0,1.0,0.761,0.21,0.01,0.0,2.028,2.134,0.0005,0.634,False
PNG,Papua New Guinea,European,0.2,0.22,0.02,0.2,0.02,0.22,0.0,0.21,0.22,0.21,0.22,0.01,21153,32317,0.0,0.0,unspecified,True,0.5,0.48,0.56,0.42,0.454,0.842,1.0,0.78,0.737,0.0,0.0,0.0,1.0,0.761,0.22,0.02,0.0,2.028,2.134,0.0005,0.634,False
PNG,Papua New Guinea,Mixed (Euro-Pacific),3.0,2.93,-0.07,2.95,-0.02,2.93,0.0,2.94,2.92,2.92,2.94,0.01,317295,436627,0.0,0.0,unspecified,False,0.5,0.48,0.56,0.42,0.454,0.986,1.0,0.78,0.769,0.0,0.0,0.0,1.0,0.761,2.97,-0.03,0.04,2.028,2.134,0.0005,0.634,False
PNG,Papua New Guinea,Other,6.6,7.2,0.6,6.56,0.63,7.2,0.0,7.0,7.43,7.0,7.43,0.43,698050,1072671,0.0,0.0,unspecified,True,0.5,0.48,0.56,0.42,0.454,1.063,1.0,0.78,0.786,0.0,0.0,0.0,1.0,0.761,7.3,0.7,0.1,2.028,2.134,0.0005,0.634,False
POL,Poland,Polish,95.2,94.69,-0.51,95.3,-0.61,94.69,0.0,94.88,94.46,94.46,94.88,0.42,36689327,31072253,0.488,0.176,unspecified,False,0.5,0.48,0.56,0.42,0.729,1.3,1.0,0.78,1.013,0.0,0.0,0.0,1.0,0.761,94.61,-0.59,-0.08,1.41,1.38,0.0005,0.1042,True
POL,Poland,Silesian,1.1,1.06,-0.04,1.07,-0.01,1.06,0.0,1.07,1.06,1.06,1.07,0.0,423931,349327,0.488,0.176,unspecified,False,0.5,0.48,0.56,0.42,0.729,0.909,1.0,0.78,0.874,0.0,0.0,0.0,1.0,0.761,1.08,-0.02,0.02,1.41,1.38,0.0005,0.1042,False
POL,Poland,German,0.2,0.14,-0.06,0.14,-0.0,0.14,0.0,0.15,0.14,0.14,0.15,0.0,77078,47081,0.488,0.176,unspecified,False,0.5,0.48,0.56,0.42,0.729,0.842,1.0,0.78,0.85,0.0,0.0,0.0,1.0,0.761,0.15,-0.05,0.01,1.41,1.38,0.0005,0.1042,False
POL,Poland,Ukrainian,2.0,2.36,0.36,1.99,0.36,2.36,0.0,2.24,2.5,2.24,2.5,0.26,770784,773077,0.488,0.176,UKR,True,0.615,0.539,0.82,0.52,0.729,0.952,1.0,0.78,0.968,0.0,0.0,0.0,1.0,0.761,2.39,0.39,0.03,1.41,1.38,0.0005,0.1042,False
POL,Poland,Belarusian,0.4,0.46,0.06,0.4,0.06,0.46,0.0,0.44,0.49,0.44,0.49,0.05,154157,151960,0.488,0.176,unspecified,True,0.5,0.48,0.56,0.42,0.729,0.86,1.0,0.78,0.857,0.0,0.0,0.0,1.0,0.761,0.47,0.07,0.01,1.41,1.38,0.0005,0.1042,False
POL,Poland,Russian,0.3,0.35,0.05,0.3,0.05,0.35,0.0,0.33,0.37,0.33,0.37,0.03,115618,113908,0.488,0.176,unspecified,True,0.5,0.48,0.56,0.42,0.729,0.851,1.0,0.78,0.854,0.0,0.0,0.0,1.0,0.761,0.35,0.05,0.0,1.41,1.38,0.0005,0.1042,False
POL,Poland,Vietnamese,0.3,0.35,0.05,0.3,0.06,0.35,0.0,0.34,0.38,0.34,0.38,0.04,115618,116437,0.488,0.176,VNM,True,0.71,0.674,0.84,0.68,0.729,0.851,1.0,0.78,0.982,0.0,0.0,0.0,1.0,0.761,0.36,0.06,0.01,1.41,1.38,0.0005,0.1042,False
POL,Poland,Other,0.5,0.58,0.08,0.5,0.08,0.58,0.0,0.55,0.61,0.55,0.61,0.06,192696,190047,0.488,0.176,unspecified,True,0.5,0.48,0.56,0.42,0.729,0.869,1.0,0.78,0.86,0.0,0.0,0.0,1.0,0.761,0.59,0.09,0.01,1.41,1.38,0.0005,0.1042,False
PRT,Portugal,Portuguese,89.0,87.44,-1.56,88.76,-1.32,87.55,-0.11,87.86,86.94,86.94,87.86,0.92,9278509,8542967,0.329,0.18,unspecified,False,0.5,0.48,0.56,0.42,0.701,1.3,1.0,0.78,0.996,0.0,0.533,0.459,1.0,0.761,87.32,-1.68,-0.12,1.783,1.687,0.0005,0.2335,True
PRT,Portugal,Brazilian,4.2,4.76,0.56,4.16,0.6,4.77,-0.01,4.57,4.99,4.57,4.99,0.41,437862,465283,0.329,0.18,unspecified,True,0.5,0.48,0.56,0.42,0.701,1.018,1.0,0.78,0.899,0.0,0.533,0.459,1.0,0.761,4.83,0.63,0.07,1.783,1.687,0.0005,0.2335,False
PRT,Portugal,African (PALOP - Angolan/Cape Verdean),2.8,3.42,0.62,3.23,0.18,3.3,0.12,3.35,3.5,3.35,3.5,0.15,291908,334038,0.329,0.18,NGA;ETH;GHA;KEN;UGA;TZA;RWA;COD;CIV;CMR;SEN;ZMB;ZWE;MOZ;MWI;AGO;SDN;SOM;ERI;BFA;NER;MLI;GIN;SLE;LBR;BEN;TGO;GMB,True,0.711,0.785,0.574,0.717,0.701,0.98,1.009,0.78,1.032,0.0,0.533,0.459,1.0,0.761,3.38,0.58,-0.04,1.783,1.687,0.0005,0.2335,False
PRT,Portugal,Other EU (UK/French/Italian),1.5,1.61,0.11,1.42,0.2,1.62,-0.0,1.55,1.68,1.55,1.68,0.13,156379,157606,0.329,0.18,unspecified,True,0.5,0.48,0.56,0.42,0.701,0.93,1.0,0.78,0.869,0.0,0.533,0.459,1.0,0.761,1.65,0.15,0.04,1.783,1.687,0.0005,0.2335,False
PRT,Portugal,Chinese,0.5,0.51,0.01,0.45,0.06,0.51,-0.0,0.49,0.53,0.49,0.53,0.04,52126,49880,0.329,0.18,CHN,True,0.52,0.502,0.58,0.45,0.701,0.869,1.0,0.78,0.86,0.0,0.533,0.459,1.0,0.761,0.53,0.03,0.02,1.783,1.687,0.0005,0.2335,False
PRT,Portugal,Nepali,0.3,0.34,0.04,0.3,0.04,0.34,-0.0,0.32,0.35,0.32,0.35,0.03,31276,32936,0.329,0.18,unspecified,True,0.5,0.48,0.56,0.42,0.701,0.851,1.0,0.78,0.842,0.0,0.533,0.459,1.0,0.761,0.34,0.04,0.01,1.783,1.687,0.0005,0.2335,False
PRT,Portugal,Ukrainian,0.3,0.34,0.04,0.3,0.04,0.34,-0.0,0.33,0.36,0.33,0.36,0.03,31276,33241,0.329,0.18,UKR,True,0.615,0.539,0.82,0.52,0.701,0.851,1.0,0.78,0.909,0.0,0.533,0.459,1.0,0.761,0.35,0.05,0.01,1.783,1.687,0.0005,0.2335,False
PRT,Portugal,Other,1.4,1.58,0.18,1.39,0.19,1.58,-0.0,1.52,1.65,1.52,1.65,0.13,145954,154317,0.329,0.18,unspecified,True,0.5,0.48,0.56,0.42,0.701,0.925,1.0,0.78,0.867,0.0,0.533,0.459,1.0,0.761,1.6,0.2,0.02,1.783,1.687,0.0005,0.2335,False
PRY,Paraguay,Mestizo (mestizo-criollo),91.0,91.08,0.08,91.21,-0.14,91.08,0.0,91.12,91.02,91.02,91.12,0.09,6305528,7869346,0.0,0.0,unspecified,False,0.5,0.48,0.56,0.42,0.454,1.3,1.0,0.78,0.839,0.0,0.0,0.0,1.0,0.761,90.95,-0.05,-0.12,1.559,1.487,0.0005,0.1704,True
PRY,Paraguay,White (European descent),4.0,3.11,-0.89,3.11,-0.0,3.11,0.0,3.13,3.08,3.08,3.13,0.05,277166,268409,0.0,0.0,unspecified,False,0.5,0.48,0.56,0.42,0.454,1.013,1.0,0.78,0.775,0.0,0.0,0.0,1.0,0.761,3.28,-0.72,0.17,1.559,1.487,0.0005,0.1704,False
PRY,Paraguay,Indigenous (Guarani/Guaiku),2.5,3.19,0.69,3.2,-0.0,3.19,0.0,3.17,3.21,3.17,3.21,0.04,173229,275872,0.0,0.0,unspecified,False,0.5,0.48,0.56,0.42,0.454,0.97,1.0,0.78,0.765,0.0,0.0,0.0,1.0,0.761,3.11,0.61,-0.08,1.559,1.487,0.0005,0.1704,False
PRY,Paraguay,Brazilian (Brasiguayo),1.5,1.64,0.14,1.49,0.15,1.64,0.0,1.6,1.7,1.6,1.7,0.1,103937,141858,0.0,0.0,unspecified,True,0.5,0.48,0.56,0.42,0.454,0.93,1.0,0.78,0.756,0.0,0.0,0.0,1.0,0.761,1.67,0.17,0.02,1.559,1.487,0.0005,0.1704,False
PRY,Paraguay,Other,1.0,0.98,-0.02,0.99,-0.0,0.98,0.0,0.98,0.98,0.98,0.98,0.0,69292,84986,0.0,0.0,unspecified,False,0.5,0.48,0.56,0.42,0.454,0.903,1.0,0.78,0.75,0.0,0.0,0.0,1.0,0.761,1.0,-0.0,0.01,1.559,1.487,0.0005,0.1704,False
PSE,Palestine,Palestinian Arab (Sunni Muslim),97.0,97.33,0.33,97.33,0.0,97.33,0.0,97.33,97.34,97.33,97.34,0.01,5330584,8226504,0.0,0.0,unspecified,False,0.5,0.48,0.56,0.42,0.454,1.3,1.0,0.78,0.839,0.0,0.0,0.0,1.0,0.761,97.27,0.27,-0.07,1.318,1.332,0.0005,0.0536,True
PSE,Palestine,Palestinian Christian,1.5,1.26,-0.24,1.26,0.0,1.26,0.0,1.26,1.25,1.25,1.26,0.01,82432,106176,0.0,0.0,unspecified,False,0.5,0.48,0.56,0.42,0.454,0.93,1.0,0.78,0.756,0.0,0.0,0.0,1.0,0.761,1.3,-0.2,0.04,1.318,1.332,0.0005,0.0536,False
PSE,Palestine,Druze,0.5,0.47,-0.03,0.47,0.0,0.47,0.0,0.47,0.47,0.47,0.47,0.0,27477,39443,0.0,0.0,unspecified,False,0.5,0.48,0.56,0.42,0.454,0.869,1.0,0.78,0.743,0.0,0.0,0.0,1.0,0.761,0.47,-0.03,0.01,1.318,1.332,0.0005,0.0536,False
PSE,Palestine,Other,1.0,0.94,-0.06,0.94,0.0,0.94,0.0,0.94,0.94,0.94,0.94,0.0,54954,79773,0.0,0.0,unspecified,False,0.5,0.48,0.56,0.42,0.454,0.903,1.0,0.78,0.75,0.0,0.0,0.0,1.0,0.761,0.96,-0.04,0.02,1.318,1.332,0.0005,0.0536,False
QAT,Qatar,Qatari,11.6,10.41,-1.19,12.45,-2.04,10.42,-0.01,10.96,9.8,9.8,10.96,1.15,353618,433571,0.0,0.0,unspecified,False,0.5,0.48,0.56,0.42,0.681,1.124,1.0,0.42,0.849,0.0,0.75,0.375,1.0,0.761,10.38,-1.22,-0.04,2.294,2.457,0.0005,0.8592,False
QAT,Qatar,Indian,17.4,16.89,-0.51,16.39,0.49,16.9,-0.01,16.76,17.03,16.76,17.03,0.27,530427,703333,0.0,0.0,IND;PAK;BGD;LKA;NPL,True,0.718,0.719,0.752,0.684,0.681,1.169,1.108,0.42,1.045,0.0,0.75,0.375,1.0,0.761,17.24,-0.16,0.35,2.294,2.457,0.0005,0.8592,False
QAT,Qatar,Bangladeshi,13.5,13.01,-0.49,12.72,0.29,13.02,-0.01,12.94,13.09,12.94,13.09,0.15,411538,541831,0.0,0.0,BGD,True,0.735,0.788,0.68,0.84,0.681,1.141,1.0,0.42,0.996,0.0,0.75,0.375,1.0,0.761,13.28,-0.22,0.27,2.294,2.457,0.0005,0.8592,False
QAT,Qatar,Nepali,7.6,7.08,-0.52,7.16,-0.08,7.09,-0.0,7.12,7.04,7.04,7.12,0.07,231681,294981,0.0,0.0,unspecified,True,0.5,0.48,0.56,0.42,0.681,1.078,1.0,0.42,0.836,0.0,0.75,0.375,1.0,0.761,7.23,-0.37,0.15,2.294,2.457,0.0005,0.8592,False
QAT,Qatar,Egyptian,8.5,9.39,0.89,9.28,0.11,9.4,-0.0,9.33,9.46,9.33,9.46,0.12,259116,391216,0.0,0.0,EGY,True,0.7,0.706,0.72,0.66,0.681,1.09,1.0,0.42,0.956,0.0,0.75,0.375,1.0,0.761,9.34,0.84,-0.06,2.294,2.457,0.0005,0.8592,False
QAT,Qatar,Filipino,7.3,6.99,-0.31,6.88,0.11,7.0,-0.0,6.97,7.02,6.97,7.02,0.05,222535,291177,0.0,0.0,PHL,True,0.759,0.718,0.88,0.64,0.681,1.074,1.0,0.42,0.984,0.0,0.75,0.375,1.0,0.761,7.14,-0.16,0.14,2.294,2.457,0.0005,0.8592,False
QAT,Qatar,Sri Lankan,4.0,3.72,-0.28,3.77,-0.05,3.72,-0.0,3.74,3.69,3.69,3.74,0.05,121937,154749,0.0,0.0,unspecified,True,0.5,0.48,0.56,0.42,0.681,1.013,1.0,0.42,0.819,0.0,0.75,0.375,1.0,0.761,3.79,-0.21,0.08,2.294,2.457,0.0005,0.8592,False
QAT,Qatar,Pakistani,4.0,3.91,-0.09,3.77,0.14,3.91,-0.0,3.87,3.95,3.87,3.95,0.08,121937,162825,0.0,0.0,PAK,True,0.769,0.814,0.7,0.74,0.681,1.013,1.26,0.42,1.072,0.0,0.75,0.375,1.0,0.761,3.99,-0.01,0.08,2.294,2.457,0.0005,0.8592,False
QAT,Qatar,Other Arab,3.0,3.22,0.22,3.28,-0.05,3.23,-0.0,3.23,3.21,3.21,3.23,0.02,91453,134241,0.0,0.0,unspecified,True,0.5,0.48,0.56,0.42,0.681,0.986,1.0,0.42,0.812,0.0,0.75,0.375,1.0,0.761,3.2,0.2,-0.02,2.294,2.457,0.0005,0.8592,False
QAT,Qatar,Other foreign,23.1,25.37,2.27,24.3,1.07,25.33,0.04,25.08,25.7,25.08,25.7,0.62,704187,1056542,0.0,0.0,NGA;ETH;GHA;KEN;UGA;TZA;RWA;COD;CIV;CMR;SEN;ZMB;ZWE;MOZ;MWI;AGO;SDN;SOM;ERI;BFA;NER;MLI;GIN;SLE;LBR;BEN;TGO;GMB,True,0.711,0.785,0.574,0.717,0.681,1.202,1.004,0.42,1.006,0.0,0.75,0.375,1.0,0.761,24.42,1.32,-0.95,2.294,2.457,0.0005,0.8592,True
ROU,Romania,Romanian,88.5,88.09,-0.41,88.33,-0.24,88.09,0.0,88.18,87.98,87.98,88.18,0.2,16828360,14118183,0.399,0.143,unspecified,False,0.5,0.48,0.56,0.42,0.677,1.3,1.0,0.78,0.98,0.0,0.0,0.0,1.0,0.761,88.02,-0.48,-0.07,1.574,1.547,0.0005,0.2204,True
ROU,Romania,Hungarian,6.0,4.75,-1.25,4.76,-0.01,4.75,0.0,4.79,4.71,4.71,4.79,0.07,1140906,761497,0.399,0.143,unspecified,False,0.5,0.48,0.56,0.42,0.677,1.054,1.0,0.78,0.899,0.0,0.0,0.0,1.0,0.761,4.99,-1.01,0.24,1.574,1.547,0.0005,0.2204,False
ROU,Romania,Romani,3.4,4.91,1.51,4.92,-0.01,4.91,0.0,4.86,4.95,4.86,4.95,0.09,646513,786946,0.399,0.143,unspecified,False,0.5,0.48,0.56,0.42,0.677,0.998,1.0,0.78,0.88,0.0,0.0,0.0,1.0,0.761,4.7,1.3,-0.21,1.574,1.547,0.0005,0.2204,False
ROU,Romania,Ukrainian,0.5,0.58,0.08,0.5,0.08,0.58,0.0,0.55,0.61,0.55,0.61,0.06,95075,92356,0.399,0.143,UKR,True,0.615,0.539,0.82,0.52,0.677,0.869,1.0,0.78,0.904,0.0,0.0,0.0,1.0,0.761,0.59,0.09,0.01,1.574,1.547,0.0005,0.2204,False
ROU,Romania,German,0.4,0.3,-0.1,0.3,-0.0,0.3,0.0,0.3,0.3,0.3,0.3,0.01,76060,48146,0.399,0.143,unspecified,False,0.5,0.48,0.56,0.42,0.677,0.86,1.0,0.78,0.835,0.0,0.0,0.0,1.0,0.761,0.32,-0.08,0.02,1.574,1.547,0.0005,0.2204,False
ROU,Romania,Other,1.2,1.37,0.17,1.19,0.18,1.37,0.0,1.32,1.44,1.32,1.44,0.13,228181,220141,0.399,0.143,unspecified,True,0.5,0.48,0.56,0.42,0.677,0.915,1.0,0.78,0.853,0.0,0.0,0.0,1.0,0.761,1.39,0.19,0.02,1.574,1.547,0.0005,0.2204,False
RUS,Russia,Russian,80.9,79.37,-1.53,79.37,0.0,79.37,0.0,79.42,79.31,79.31,79.42,0.11,117159721,108043428,0.0,0.0,unspecified,False,0.5,0.48,0.56,0.42,0.527,1.3,1.0,0.78,0.885,0.0,0.0,0.0,1.0,0.761,79.38,-1.52,0.01,1.75,1.715,0.0005,0.3532,True
RUS,Russia,Tatar,3.9,4.39,0.49,4.39,0.0,4.39,0.0,4.37,4.4,4.37,4.4,0.03,5647996,5972147,0.0,0.0,unspecified,False,0.5,0.48,0.56,0.42,0.527,1.011,1.0,0.78,0.81,0.0,0.0,0.0,1.0,0.761,4.36,0.46,-0.03,1.75,1.715,0.0005,0.3532,False
RUS,Russia,Ukrainian,1.4,1.08,-0.32,1.08,0.0,1.08,0.0,1.09,1.07,1.07,1.09,0.02,2027486,1467850,0.0,0.0,UKR,False,0.615,0.539,0.82,0.52,0.527,0.925,1.0,0.78,0.844,0.0,0.0,0.0,1.0,0.761,1.14,-0.26,0.06,1.75,1.715,0.0005,0.3532,False
RUS,Russia,Bashkir,1.1,1.24,0.14,1.24,0.0,1.24,0.0,1.23,1.24,1.23,1.24,0.01,1593025,1684452,0.0,0.0,unspecified,False,0.5,0.48,0.56,0.42,0.527,0.909,1.0,0.78,0.784,0.0,0.0,0.0,1.0,0.761,1.23,0.13,-0.01,1.75,1.715,0.0005,0.3532,False
RUS,Russia,Chechen,1.0,1.12,0.12,1.12,0.0,1.12,0.0,1.12,1.13,1.12,1.13,0.01,1448204,1531320,0.0,0.0,unspecified,False,0.5,0.48,0.56,0.42,0.527,0.903,1.0,0.78,0.783,0.0,0.0,0.0,1.0,0.761,1.12,0.12,-0.01,1.75,1.715,0.0005,0.3532,False
RUS,Russia,Chuvash,1.0,0.77,-0.23,0.77,0.0,0.77,0.0,0.78,0.76,0.76,0.78,0.01,1448204,1048464,0.0,0.0,unspecified,False,0.5,0.48,0.56,0.42,0.527,0.903,1.0,0.78,0.783,0.0,0.0,0.0,1.0,0.761,0.81,-0.19,0.04,1.75,1.715,0.0005,0.3532,False
RUS,Russia,Other,10.7,12.04,1.34,12.04,0.0,12.04,0.0,11.99,12.08,11.99,12.08,0.09,15495785,16385122,0.0,0.0,unspecified,False,0.5,0.48,0.56,0.42,0.527,1.115,1.0,0.78,0.837,0.0,0.0,0.0,1.0,0.761,11.96,1.26,-0.07,1.75,1.715,0.0005,0.3532,False
RWA,Rwanda,Hutu,85.0,85.39,0.39,85.39,0.0,85.39,0.0,85.39,85.39,85.39,85.39,0.0,12118087,19389182,0.0,0.0,unspecified,False,0.5,0.48,0.56,0.42,0.454,1.3,1.0,0.78,0.839,0.716,0.0,0.0,1.0,0.761,85.17,0.17,-0.21,1.47,1.611,0.0005,0.2553,True
RWA,Rwanda,Tutsi,14.0,13.64,-0.36,13.64,0.0,13.64,0.0,13.64,13.64,13.64,13.64,0.0,1995920,3097475,0.0,0.0,unspecified,False,0.5,0.48,0.56,0.42,0.454,1.145,1.0,0.78,0.804,0.716,0.0,0.0,1.0,0.761,13.84,-0.16,0.2,1.47,1.611,0.0005,0.2553,False
RWA,Rwanda,Twa,1.0,0.97,-0.03,0.97,0.0,0.97,0.0,0.97,0.97,0.97,0.97,0.0,142566,221248,0.0,0.0,unspecified,False,0.5,0.48,0.56,0.42,0.454,0.903,1.0,0.78,0.75,0.716,0.0,0.0,1.0,0.761,0.99,-0.01,0.01,1.47,1.611,0.0005,0.2553,False
SAU,Saudi Arabia,Saudi Arab,58.4,60.77,2.37,64.14,-3.37,60.83,-0.06,61.66,59.7,59.7,61.66,1.95,19834247,28982352,0.0,0.0,unspecified,False,0.5,0.48,0.56,0.42,0.599,1.3,1.0,0.44,0.858,0.0,0.644,0.361,1.0,0.761,59.35,0.95,-1.41,2.019,2.122,0.0005,0.6138,True
SAU,Saudi Arabia,Bangladeshi,4.8,4.4,-0.4,4.04,0.35,4.4,-0.0,4.31,4.5,4.31,4.5,0.19,1630212,2096447,0.0,0.0,BGD,True,0.735,0.788,0.68,0.84,0.599,1.031,1.0,0.44,0.909,0.0,0.644,0.361,1.0,0.761,4.57,-0.23,0.18,2.019,2.122,0.0005,0.6138,False
SAU,Saudi Arabia,Indian,4.4,4.02,-0.38,3.71,0.31,4.02,-0.0,3.94,4.11,3.94,4.11,0.17,1494361,1916068,0.0,0.0,IND;PAK;BGD;LKA;NPL,True,0.718,0.719,0.752,0.684,0.599,1.022,1.0,0.44,0.898,0.0,0.644,0.361,1.0,0.761,4.18,-0.22,0.16,2.019,2.122,0.0005,0.6138,False
SAU,Saudi Arabia,Pakistani,3.9,3.57,-0.33,3.29,0.29,3.58,-0.0,3.5,3.66,3.5,3.66,0.16,1324547,1704974,0.0,0.0,PAK,True,0.769,0.814,0.7,0.74,0.599,1.011,1.0,0.44,0.919,0.0,0.644,0.361,1.0,0.761,3.72,-0.18,0.15,2.019,2.122,0.0005,0.6138,False
SAU,Saudi Arabia,Filipino,2.7,2.46,-0.24,2.27,0.19,2.47,-0.0,2.42,2.52,2.42,2.52,0.1,916994,1175214,0.0,0.0,PHL,True,0.759,0.718,0.88,0.64,0.599,0.977,1.0,0.44,0.902,0.0,0.644,0.361,1.0,0.761,2.56,-0.14,0.1,2.019,2.122,0.0005,0.6138,False
SAU,Saudi Arabia,Egyptian,2.4,2.49,0.09,2.29,0.21,2.5,-0.0,2.43,2.57,2.43,2.57,0.13,815106,1189538,0.0,0.0,EGY,True,0.7,0.706,0.72,0.66,0.599,0.967,1.22,0.44,0.941,0.0,0.644,0.361,1.0,0.761,2.54,0.14,0.04,2.019,2.122,0.0005,0.6138,False
SAU,Saudi Arabia,Yemeni,2.2,2.23,0.03,2.1,0.13,2.23,-0.0,2.19,2.28,2.19,2.28,0.08,747181,1064525,0.0,0.0,unspecified,True,0.5,0.48,0.56,0.42,0.599,0.96,1.0,0.44,0.777,0.0,0.644,0.361,1.0,0.761,2.27,0.07,0.04,2.019,2.122,0.0005,0.6138,False
SAU,Saudi Arabia,Sudanese,1.5,1.63,0.13,1.43,0.2,1.57,0.06,1.57,1.7,1.57,1.7,0.13,509441,777177,0.0,0.0,NGA;ETH;GHA;KEN;UGA;TZA;RWA;COD;CIV;CMR;SEN;ZMB;ZWE;MOZ;MWI;AGO;SDN;SOM;ERI;BFA;NER;MLI;GIN;SLE;LBR;BEN;TGO;GMB,True,0.711,0.785,0.574,0.717,0.599,0.93,1.006,0.44,0.865,0.0,0.644,0.361,1.0,0.761,1.66,0.16,0.03,2.019,2.122,0.0005,0.6138,False
SAU,Saudi Arabia,Syrian,1.2,1.23,0.03,1.14,0.09,1.23,-0.0,1.21,1.26,1.21,1.26,0.06,407553,586970,0.0,0.0,SYR,True,0.672,0.726,0.6,0.74,0.599,0.915,1.0,0.44,0.842,0.0,0.644,0.361,1.0,0.761,1.25,0.05,0.02,2.019,2.122,0.0005,0.6138,False
SAU,Saudi Arabia,Nepali,1.0,0.9,-0.1,0.84,0.05,0.9,-0.0,0.88,0.91,0.88,0.91,0.03,339628,426970,0.0,0.0,unspecified,True,0.5,0.48,0.56,0.42,0.599,0.903,1.0,0.44,0.764,0.0,0.644,0.361,1.0,0.761,0.93,-0.07,0.04,2.019,2.122,0.0005,0.6138,False
SAU,Saudi Arabia,Sri Lankan,0.8,0.72,-0.08,0.67,0.04,0.72,-0.0,0.71,0.73,0.71,0.73,0.02,271702,341431,0.0,0.0,unspecified,True,0.5,0.48,0.56,0.42,0.599,0.891,1.0,0.44,0.761,0.0,0.644,0.361,1.0,0.761,0.74,-0.06,0.03,2.019,2.122,0.0005,0.6138,False
SAU,Saudi Arabia,Other foreign,16.7,15.58,-1.12,14.07,1.51,15.56,0.02,15.19,16.06,15.19,16.06,0.88,5671779,7432246,0.0,0.0,NGA;ETH;GHA;KEN;UGA;TZA;RWA;COD;CIV;CMR;SEN;ZMB;ZWE;MOZ;MWI;AGO;SDN;SOM;ERI;BFA;NER;MLI;GIN;SLE;LBR;BEN;TGO;GMB,True,0.711,0.785,0.574,0.717,0.599,1.165,1.006,0.44,0.945,0.0,0.644,0.361,1.0,0.761,16.21,-0.49,0.63,2.019,2.122,0.0005,0.6138,False
SDN,Sudan,Sudanese Arab,70.0,70.55,0.55,70.55,0.0,70.55,0.0,70.56,70.55,70.55,70.56,0.01,35314272,60115451,0.0,0.0,unspecified,False,0.5,0.48,0.56,0.42,0.454,1.3,1.0,0.78,0.839,0.828,0.0,0.0,1.0,0.761,70.15,0.15,-0.41,1.762,1.945,0.0005,0.4949,True
SDN,Sudan,Beja,6.0,5.83,-0.17,5.83,0.0,5.83,0.0,5.83,5.83,5.83,5.83,0.0,3026938,4965447,0.0,0.0,unspecified,False,0.5,0.48,0.56,0.42,0.454,1.054,1.0,0.78,0.784,0.828,0.0,0.0,1.0,0.761,5.91,-0.09,0.09,1.762,1.945,0.0005,0.4949,False
SDN,Sudan,Fur,5.0,4.86,-0.14,4.86,0.0,4.86,0.0,4.86,4.86,4.86,4.86,0.0,2522448,4137872,0.0,0.0,unspecified,False,0.5,0.48,0.56,0.42,0.454,1.035,1.0,0.78,0.78,0.828,0.0,0.0,1.0,0.761,4.93,-0.07,0.07,1.762,1.945,0.0005,0.4949,False
SDN,Sudan,Nubian,5.0,4.86,-0.14,4.86,0.0,4.86,0.0,4.86,4.86,4.86,4.86,0.0,2522448,4137872,0.0,0.0,unspecified,False,0.5,0.48,0.56,0.42,0.454,1.035,1.0,0.78,0.78,0.828,0.0,0.0,1.0,0.761,4.93,-0.07,0.07,1.762,1.945,0.0005,0.4949,False
SDN,Sudan,Zaghawa,3.0,2.91,-0.09,2.91,0.0,2.91,0.0,2.91,2.91,2.91,2.91,0.0,1513469,2482723,0.0,0.0,unspecified,False,0.5,0.48,0.56,0.42,0.454,0.986,1.0,0.78,0.769,0.828,0.0,0.0,1.0,0.761,2.96,-0.04,0.04,1.762,1.945,0.0005,0.4949,False
SDN,Sudan,Nuba,2.5,2.43,-0.07,2.43,0.0,2.43,0.0,2.43,2.43,2.43,2.43,0.0,1261224,2068936,0.0,0.0,unspecified,False,0.5,0.48,0.56,0.42,0.454,0.97,1.0,0.78,0.765,0.828,0.0,0.0,1.0,0.761,2.46,-0.04,0.04,1.762,1.945,0.0005,0.4949,False
SDN,Sudan,Masalit,2.0,1.94,-0.06,1.94,0.0,1.94,0.0,1.94,1.94,1.94,1.94,0.0,1008979,1655149,0.0,0.0,unspecified,False,0.5,0.48,0.56,0.42,0.454,0.952,1.0,0.78,0.761,0.828,0.0,0.0,1.0,0.761,1.97,-0.03,0.03,1.762,1.945,0.0005,0.4949,False
SDN,Sudan,Fellata (Fulani),1.5,1.71,0.21,1.71,0.0,1.71,0.0,1.71,1.72,1.71,1.72,0.01,756734,1458523,0.0,0.0,unspecified,False,0.5,0.48,0.56,0.42,0.454,0.93,1.0,0.78,0.756,0.828,0.0,0.0,1.0,0.761,1.71,0.21,-0.0,1.762,1.945,0.0005,0.4949,False
SDN,Sudan,Other,5.0,4.91,-0.09,4.91,0.0,4.91,0.0,4.91,4.91,4.91,4.91,0.0,2522448,4184408,0.0,0.0,unspecified,False,0.5,0.48,0.56,0.42,0.454,1.035,1.0,0.78,0.78,0.828,0.0,0.0,1.0,0.761,4.98,-0.02,0.07,1.762,1.945,0.0005,0.4949,False
SEN,Senegal,Wolof,39.7,41.23,1.53,41.23,0.0,41.23,0.0,41.23,41.23,41.23,41.23,0.0,7345289,12517959,0.0,0.0,unspecified,False,0.5,0.48,0.56,0.42,0.454,1.265,1.0,0.78,0.831,0.738,0.0,0.0,1.0,0.761,40.38,0.68,-0.85,2.065,2.277,0.0005,0.7308,True
SEN,Senegal,Pular (Fula),27.5,26.78,-0.72,26.78,0.0,26.78,0.0,26.78,26.78,26.78,26.78,0.0,5088047,8131139,0.0,0.0,unspecified,False,0.5,0.48,0.56,0.42,0.454,1.222,1.0,0.78,0.821,0.738,0.0,0.0,1.0,0.761,27.16,-0.34,0.39,2.065,2.277,0.0005,0.7308,False
SEN,Senegal,Serer,16.0,15.58,-0.42,15.58,0.0,15.58,0.0,15.58,15.58,15.58,15.58,0.0,2960318,4730845,0.0,0.0,unspecified,False,0.5,0.48,0.56,0.42,0.454,1.16,1.0,0.78,0.807,0.738,0.0,0.0,1.0,0.761,15.8,-0.2,0.22,2.065,2.277,0.0005,0.7308,False
SEN,Senegal,Mandinka,4.9,4.77,-0.13,4.77,0.0,4.77,0.0,4.77,4.77,4.77,4.77,0.0,906597,1448821,0.0,0.0,unspecified,False,0.5,0.48,0.56,0.42,0.454,1.033,1.0,0.78,0.779,0.738,0.0,0.0,1.0,0.761,4.84,-0.06,0.07,2.065,2.277,0.0005,0.7308,False
SEN,Senegal,Jola,4.2,4.09,-0.11,4.09,0.0,4.09,0.0,4.09,4.09,4.09,4.09,0.0,777083,1241847,0.0,0.0,unspecified,False,0.5,0.48,0.56,0.42,0.454,1.018,1.0,0.78,0.776,0.738,0.0,0.0,1.0,0.761,4.15,-0.05,0.06,2.065,2.277,0.0005,0.7308,False
SEN,Senegal,Soninke,2.4,2.34,-0.06,2.34,0.0,2.34,0.0,2.34,2.34,2.34,2.34,0.0,444048,709627,0.0,0.0,unspecified,False,0.5,0.48,0.56,0.42,0.454,0.967,1.0,0.78,0.765,0.738,0.0,0.0,1.0,0.761,2.37,-0.03,0.03,2.065,2.277,0.0005,0.7308,False
SEN,Senegal,Other,5.3,5.22,-0.08,5.22,0.0,5.22,0.0,5.22,5.22,5.22,5.22,0.0,980605,1584716,0.0,0.0,unspecified,False,0.5,0.48,0.56,0.42,0.454,1.041,1.0,0.78,0.781,0.738,0.0,0.0,1.0,0.761,5.29,-0.01,0.08,2.065,2.277,0.0005,0.7308,False
SGP,Singapore,Chinese,74.3,70.62,-3.68,71.25,-0.63,70.68,-0.06,70.93,70.26,70.26,70.93,0.66,4333464,4294801,0.0,0.0,CHN,False,0.52,0.502,0.58,0.45,0.79,1.3,1.0,0.58,1.014,0.0,0.701,0.252,1.0,0.761,70.89,-3.41,0.27,1.88,1.84,0.0005,0.4637,True
SGP,Singapore,Malay,13.5,16.29,2.79,16.44,-0.15,16.3,-0.01,16.24,16.33,16.24,16.33,0.09,787372,990738,0.0,0.0,unspecified,False,0.5,0.48,0.56,0.42,0.79,1.141,1.0,0.58,0.941,0.0,0.701,0.252,1.0,0.761,15.92,2.42,-0.37,1.88,1.84,0.0005,0.4637,False
SGP,Singapore,Indian,9.0,8.89,-0.11,8.86,0.03,8.89,-0.01,8.88,8.9,8.88,8.9,0.02,524915,540381,0.0,0.0,IND;PAK;BGD;LKA;NPL,True,0.718,0.719,0.752,0.684,0.79,1.096,1.0,0.58,1.09,0.0,0.701,0.252,1.0,0.761,8.99,-0.01,0.11,1.88,1.84,0.0005,0.4637,False
SGP,Singapore,Filipino,0.7,1.2,0.5,1.0,0.2,1.2,-0.0,1.13,1.3,1.13,1.3,0.17,40827,73217,0.0,0.0,PHL,True,0.759,0.718,0.88,0.64,0.79,0.884,1.0,0.58,1.011,0.0,0.701,0.252,1.0,0.761,1.15,0.45,-0.06,1.88,1.84,0.0005,0.4637,False
SGP,Singapore,Malaysian,0.6,0.71,0.11,0.6,0.1,0.71,-0.0,0.67,0.75,0.67,0.75,0.07,34994,43033,0.0,0.0,unspecified,True,0.5,0.48,0.56,0.42,0.79,0.876,1.0,0.58,0.851,0.0,0.701,0.252,1.0,0.761,0.72,0.12,0.01,1.88,1.84,0.0005,0.4637,False
SGP,Singapore,Thai,0.3,0.35,0.05,0.3,0.05,0.35,-0.0,0.34,0.37,0.34,0.37,0.04,17497,21483,0.0,0.0,unspecified,True,0.5,0.48,0.56,0.42,0.79,0.851,1.0,0.58,0.842,0.0,0.701,0.252,1.0,0.761,0.36,0.06,0.0,1.88,1.84,0.0005,0.4637,False
SGP,Singapore,Indonesian,0.4,0.48,0.08,0.4,0.08,0.48,-0.0,0.46,0.52,0.46,0.52,0.06,23330,29451,0.0,0.0,IDN,True,0.736,0.74,0.78,0.76,0.79,0.86,1.0,0.58,0.985,0.0,0.701,0.252,1.0,0.761,0.49,0.09,0.01,1.88,1.84,0.0005,0.4637,False
SGP,Singapore,White (Western expatriates),0.5,0.52,0.02,0.44,0.08,0.52,-0.0,0.5,0.55,0.5,0.55,0.05,29162,31547,0.0,0.0,unspecified,True,0.5,0.48,0.56,0.42,0.79,0.869,1.0,0.58,0.848,0.0,0.701,0.252,1.0,0.761,0.54,0.04,0.02,1.88,1.84,0.0005,0.4637,False
SGP,Singapore,Other,0.7,0.94,0.24,0.7,0.23,0.86,0.08,0.86,1.03,0.86,1.03,0.16,40827,57044,0.0,0.0,NGA;ETH;GHA;KEN;UGA;TZA;RWA;COD;CIV;CMR;SEN;ZMB;ZWE;MOZ;MWI;AGO;SDN;SOM;ERI;BFA;NER;MLI;GIN;SLE;LBR;BEN;TGO;GMB,True,0.711,0.785,0.574,0.717,0.79,0.884,1.002,0.58,0.982,0.0,0.701,0.252,1.0,0.761,0.95,0.25,0.01,1.88,1.84,0.0005,0.4637,False
SLB,Solomon Islands,Melanesian,95.3,95.37,0.07,95.41,-0.04,95.37,0.0,95.39,95.36,95.36,95.39,0.03,780703,1248564,0.0,0.0,unspecified,False,0.5,0.48,0.56,0.42,0.454,1.3,1.0,0.78,0.839,0.0,0.0,0.0,1.0,0.761,95.31,0.01,-0.07,1.407,1.377,0.0005,0.0905,True
SLB,Solomon Islands,Polynesian,3.1,3.02,-0.08,3.02,-0.0,3.02,0.0,3.02,3.02,3.02,3.02,0.0,25395,39521,0.0,0.0,unspecified,False,0.5,0.48,0.56,0.42,0.454,0.989,1.0,0.78,0.77,0.0,0.0,0.0,1.0,0.761,3.06,-0.04,0.04,1.407,1.377,0.0005,0.0905,False
SLB,Solomon Islands,Micronesian,1.2,1.17,-0.03,1.17,-0.0,1.17,0.0,1.17,1.17,1.17,1.17,0.0,9830,15299,0.0,0.0,unspecified,False,0.5,0.48,0.56,0.42,0.454,0.915,1.0,0.78,0.753,0.0,0.0,0.0,1.0,0.761,1.19,-0.01,0.02,1.407,1.377,0.0005,0.0905,False
SLB,Solomon Islands,Other,0.4,0.44,0.04,0.4,0.04,0.44,0.0,0.43,0.45,0.43,0.45,0.03,3277,5728,0.0,0.0,unspecified,True,0.5,0.48,0.56,0.42,0.454,0.86,1.0,0.78,0.741,0.0,0.0,0.0,1.0,0.761,0.44,0.04,0.01,1.407,1.377,0.0005,0.0905,False
SLE,Sierra Leone,Temne,35.5,37.11,1.61,37.11,0.0,37.11,0.0,37.11,37.11,37.11,37.11,0.0,3067920,4805184,0.0,0.0,unspecified,False,0.5,0.48,0.56,0.42,0.454,1.252,1.0,0.78,0.828,0.778,0.0,0.0,1.0,0.761,36.2,0.7,-0.91,2.034,2.288,0.0005,0.7396,True
SLE,Sierra Leone,Mende,33.2,32.31,-0.89,32.31,0.0,32.31,0.0,32.31,32.31,32.31,32.31,0.0,2869154,4183051,0.0,0.0,unspecified,False,0.5,0.48,0.56,0.42,0.454,1.244,1.0,0.78,0.826,0.778,0.0,0.0,1.0,0.761,32.77,-0.43,0.47,2.034,2.288,0.0005,0.7396,False
SLE,Sierra Leone,Limba,6.4,6.23,-0.17,6.23,0.0,6.23,0.0,6.23,6.23,6.23,6.23,0.0,553090,806371,0.0,0.0,unspecified,False,0.5,0.48,0.56,0.42,0.454,1.06,1.0,0.78,0.785,0.778,0.0,0.0,1.0,0.761,6.32,-0.08,0.09,2.034,2.288,0.0005,0.7396,False
SLE,Sierra Leone,Kono,4.4,4.28,-0.12,4.28,0.0,4.28,0.0,4.28,4.28,4.28,4.28,0.0,380249,554380,0.0,0.0,unspecified,False,0.5,0.48,0.56,0.42,0.454,1.022,1.0,0.78,0.777,0.778,0.0,0.0,1.0,0.761,4.34,-0.06,0.06,2.034,2.288,0.0005,0.7396,False
SLE,Sierra Leone,Krio (Creole),3.4,3.31,-0.09,3.31,0.0,3.31,0.0,3.31,3.31,3.31,3.31,0.0,293829,428385,0.0,0.0,unspecified,False,0.5,0.48,0.56,0.42,0.454,0.998,1.0,0.78,0.771,0.778,0.0,0.0,1.0,0.761,3.36,-0.04,0.05,2.034,2.288,0.0005,0.7396,False
SLE,Sierra Leone,Koranko,2.9,2.82,-0.08,2.82,0.0,2.82,0.0,2.82,2.82,2.82,2.82,0.0,250619,365387,0.0,0.0,unspecified,False,0.5,0.48,0.56,0.42,0.454,0.983,1.0,0.78,0.768,0.778,0.0,0.0,1.0,0.761,2.86,-0.04,0.04,2.034,2.288,0.0005,0.7396,False
SLE,Sierra Leone,Sherbro,2.6,2.53,-0.07,2.53,0.0,2.53,0.0,2.53,2.53,2.53,2.53,0.0,224693,327588,0.0,0.0,unspecified,False,0.5,0.48,0.56,0.42,0.454,0.974,1.0,0.78,0.766,0.778,0.0,0.0,1.0,0.761,2.57,-0.03,0.04,2.034,2.288,0.0005,0.7396,False
SLE,Sierra Leone,Other,11.6,11.41,-0.19,11.41,0.0,11.41,0.0,11.41,11.41,11.41,11.41,0.0,1002475,1477985,0.0,0.0,unspecified,False,0.5,0.48,0.56,0.42,0.454,1.124,1.0,0.78,0.799,0.778,0.0,0.0,1.0,0.761,11.58,-0.02,0.16,2.034,2.288,0.0005,0.7396,False
SLV,El Salvador,Mestizo,86.3,89.16,2.86,89.16,0.0,89.16,0.0,89.09,89.24,89.09,89.24,0.15,5469864,5941218,0.0,0.0,unspecified,False,0.5,0.48,0.56,0.42,0.483,1.3,1.0,0.78,0.857,0.595,0.0,0.0,1.0,0.761,88.62,2.32,-0.55,1.557,1.585,0.0005,0.204,True
SLV,El Salvador,White,12.7,9.75,-2.95,9.75,0.0,9.75,0.0,9.83,9.67,9.67,9.83,0.16,804951,649880,0.0,0.0,unspecified,False,0.5,0.48,0.56,0.42,0.483,1.134,1.0,0.78,0.818,0.595,0.0,0.0,1.0,0.761,10.3,-2.4,0.55,1.557,1.585,0.0005,0.204,False
SLV,El Salvador,Indigenous (Nahua-Pipil),0.2,0.27,0.07,0.27,0.0,0.27,0.0,0.27,0.28,0.27,0.28,0.0,12676,18176,0.0,0.0,unspecified,False,0.5,0.48,0.56,0.42,0.483,0.842,1.0,0.78,0.749,0.595,0.0,0.0,1.0,0.761,0.26,0.06,-0.01,1.557,1.585,0.0005,0.204,False
SLV,El Salvador,Other,0.8,0.81,0.01,0.81,0.0,0.81,0.0,0.81,0.81,0.81,0.81,0.0,50706,54074,0.0,0.0,unspecified,False,0.5,0.48,0.56,0.42,0.483,0.891,1.0,0.78,0.76,0.595,0.0,0.0,1.0,0.761,0.82,0.02,0.01,1.557,1.585,0.0005,0.204,False
SMR,San Marino,Sammarinese,84.0,82.8,-1.2,84.65,-1.84,82.8,0.0,83.35,82.14,82.14,83.35,1.22,28229,27920,0.0,0.0,unspecified,False,0.5,0.48,0.56,0.42,0.585,1.3,1.0,0.78,0.922,0.0,0.0,0.0,1.0,0.761,82.45,-1.55,-0.35,1.623,1.64,0.0005,0.3012,True
SMR,San Marino,Italian,12.0,12.74,0.74,11.36,1.38,12.74,0.0,12.33,13.23,12.33,13.23,0.9,4033,4295,0.0,0.0,unspecified,True,0.5,0.48,0.56,0.42,0.585,1.128,1.0,0.78,0.873,0.0,0.0,0.0,1.0,0.761,13.03,1.03,0.29,1.623,1.64,0.0005,0.3012,False
SMR,San Marino,Other,4.0,4.46,0.46,4.0,0.46,4.46,0.0,4.32,4.63,4.32,4.63,0.32,1344,1504,0.0,0.0,unspecified,True,0.5,0.48,0.56,0.42,0.585,1.013,1.0,0.78,0.84,0.0,0.0,0.0,1.0,0.761,4.52,0.52,0.06,1.623,1.64,0.0005,0.3012,False
SOM,Somalia,Somali (Hawiye),30.0,29.43,-0.57,29.46,-0.03,29.43,0.0,29.43,29.43,29.43,29.43,0.01,5702746,10950021,0.0,0.0,SOM;ETH;KEN,False,0.717,0.799,0.567,0.747,0.454,1.232,1.0,0.78,0.942,0.822,0.0,0.0,1.0,0.761,29.84,-0.16,0.41,2.087,2.332,0.0005,0.7683,False
SOM,Somalia,Somali (Darood),32.0,33.97,1.97,34.0,-0.03,33.97,0.0,33.97,33.96,33.96,33.97,0.01,6082930,12637845,0.0,0.0,SOM;ETH;KEN,False,0.717,0.799,0.567,0.747,0.454,1.24,1.0,0.78,0.945,0.822,0.0,0.0,1.0,0.761,32.99,0.99,-0.98,2.087,2.332,0.0005,0.7683,True
SOM,Somalia,Somali (Isaaq),15.0,14.72,-0.28,14.73,-0.01,14.72,0.0,14.72,14.71,14.71,14.72,0.0,2851373,5475011,0.0,0.0,SOM;ETH;KEN,False,0.717,0.799,0.567,0.747,0.454,1.153,1.0,0.78,0.917,0.822,0.0,0.0,1.0,0.761,14.92,-0.08,0.2,2.087,2.332,0.0005,0.7683,False
SOM,Somalia,Somali (Rahanweyn),6.0,5.89,-0.11,5.89,-0.01,5.89,0.0,5.89,5.89,5.89,5.89,0.0,1140549,2190004,0.0,0.0,SOM;ETH;KEN,False,0.717,0.799,0.567,0.747,0.454,1.054,1.0,0.78,0.886,0.822,0.0,0.0,1.0,0.761,5.97,-0.03,0.08,2.087,2.332,0.0005,0.7683,False
SOM,Somalia,Other Somali clans (Dir/other),7.0,6.87,-0.13,6.87,-0.01,6.87,0.0,6.87,6.87,6.87,6.87,0.0,1330641,2555005,0.0,0.0,SOM;ETH;KEN,False,0.717,0.799,0.567,0.747,0.454,1.07,1.0,0.78,0.891,0.822,0.0,0.0,1.0,0.761,6.96,-0.04,0.09,2.087,2.332,0.0005,0.7683,False
SOM,Somalia,Bantu (Jareer),5.0,4.58,-0.42,4.59,-0.0,4.58,0.0,4.59,4.57,4.57,4.59,0.02,950458,1705105,0.0,0.0,unspecified,False,0.5,0.48,0.56,0.42,0.454,1.035,1.0,0.78,0.78,0.822,0.0,0.0,1.0,0.761,4.67,-0.33,0.09,2.087,2.332,0.0005,0.7683,False
SOM,Somalia,Arab/Benadiri,1.0,0.84,-0.16,0.84,-0.0,0.84,0.0,0.85,0.84,0.84,0.85,0.01,190092,313572,0.0,0.0,unspecified,False,0.5,0.48,0.56,0.42,0.454,0.903,1.0,0.78,0.75,0.822,0.0,0.0,1.0,0.761,0.86,-0.14,0.02,2.087,2.332,0.0005,0.7683,False
SOM,Somalia,Ethiopian migrant,1.0,0.96,-0.04,0.86,0.1,0.96,0.0,0.93,0.99,0.93,0.99,0.06,190092,356883,0.0,0.0,ETH,True,0.71,0.81,0.52,0.76,0.454,0.903,1.0,0.78,0.835,0.822,0.0,0.0,1.0,0.761,0.98,-0.02,0.02,2.087,2.332,0.0005,0.7683,False
SOM,Somalia,Other,3.0,2.75,-0.25,2.75,-0.0,2.75,0.0,2.75,2.74,2.74,2.75,0.01,570275,1023063,0.0,0.0,unspecified,False,0.5,0.48,0.56,0.42,0.454,0.986,1.0,0.78,0.769,0.822,0.0,0.0,1.0,0.761,2.8,-0.2,0.05,2.087,2.332,0.0005,0.7683,False
SRB,Serbia,Serb,80.6,79.66,-0.94,80.42,-0.76,79.66,0.0,79.91,79.36,79.36,79.91,0.55,5429391,4407238,0.464,0.138,unspecified,False,0.5,0.48,0.56,0.42,0.715,1.3,1.0,0.78,1.004,0.0,0.0,0.0,1.0,0.761,79.47,-1.13,-0.18,1.691,1.723,0.0005,0.3543,True
SRB,Serbia,Hungarian,2.8,2.17,-0.63,2.19,-0.02,2.17,0.0,2.19,2.15,2.15,2.19,0.04,188614,120207,0.464,0.138,unspecified,False,0.5,0.48,0.56,0.42,0.715,0.98,1.0,0.78,0.893,0.0,0.0,0.0,1.0,0.761,2.28,-0.52,0.11,1.691,1.723,0.0005,0.3543,False
SRB,Serbia,Bosniak,2.3,2.61,0.31,2.63,-0.03,2.61,0.0,2.6,2.61,2.6,2.61,0.0,154933,144215,0.464,0.138,unspecified,False,0.5,0.48,0.56,0.42,0.715,0.963,1.0,0.78,0.887,0.0,0.0,0.0,1.0,0.761,2.58,0.28,-0.02,1.691,1.723,0.0005,0.3543,False
SRB,Serbia,Romani,2.0,2.9,0.9,2.93,-0.03,2.9,0.0,2.88,2.92,2.88,2.92,0.04,134724,160454,0.464,0.138,unspecified,False,0.5,0.48,0.56,0.42,0.715,0.952,1.0,0.78,0.883,0.0,0.0,0.0,1.0,0.761,2.77,0.77,-0.13,1.691,1.723,0.0005,0.3543,False
SRB,Serbia,Slovak,0.7,0.54,-0.16,0.55,-0.01,0.54,0.0,0.55,0.54,0.54,0.55,0.01,47154,30052,0.464,0.138,unspecified,False,0.5,0.48,0.56,0.42,0.715,0.884,1.0,0.78,0.859,0.0,0.0,0.0,1.0,0.761,0.57,-0.13,0.03,1.691,1.723,0.0005,0.3543,False
SRB,Serbia,Croat,0.8,0.62,-0.18,0.63,-0.01,0.62,0.0,0.63,0.61,0.61,0.63,0.01,53890,34345,0.464,0.138,unspecified,False,0.5,0.48,0.56,0.42,0.715,0.891,1.0,0.78,0.861,0.0,0.0,0.0,1.0,0.761,0.65,-0.15,0.03,1.691,1.723,0.0005,0.3543,False
SRB,Serbia,Albanian,0.6,0.68,0.08,0.69,-0.01,0.68,0.0,0.68,0.68,0.68,0.68,0.0,40417,37621,0.464,0.138,unspecified,False,0.5,0.48,0.56,0.42,0.715,0.876,1.0,0.78,0.856,0.0,0.0,0.0,1.0,0.761,0.67,0.07,-0.01,1.691,1.723,0.0005,0.3543,False
SRB,Serbia,Other,10.2,10.82,0.62,9.96,0.86,10.82,0.0,10.56,11.13,10.56,11.13,0.57,687094,598731,0.464,0.138,unspecified,False,0.5,0.48,0.56,0.42,0.715,1.11,1.0,0.78,0.938,0.0,0.0,0.0,1.0,0.761,10.99,0.79,0.17,1.691,1.723,0.0005,0.3543,False
SSD,South Sudan,Dinka,35.8,40.28,4.48,40.28,0.0,40.28,0.0,40.21,40.35,40.21,40.35,0.14,4275741,7388830,0.0,0.0,unspecified,False,0.5,0.48,0.56,0.42,0.454,1.253,1.0,0.78,0.828,0.0,0.0,0.0,1.0,0.761,39.16,3.36,-1.13,2.064,2.323,0.0005,0.7515,True
SSD,South Sudan,Nuer,15.6,16.4,0.8,16.4,0.0,16.4,0.0,16.37,16.43,16.37,16.43,0.06,1863172,3008373,0.0,0.0,unspecified,False,0.5,0.48,0.56,0.42,0.454,1.157,1.0,0.78,0.807,0.0,0.0,0.0,1.0,0.761,16.54,0.94,0.14,2.064,2.323,0.0005,0.7515,False
SSD,South Sudan,Shilluk,5.7,5.05,-0.65,5.05,0.0,5.05,0.0,5.06,5.04,5.04,5.06,0.02,680774,926030,0.0,0.0,unspecified,False,0.5,0.48,0.56,0.42,0.454,1.048,1.0,0.78,0.783,0.0,0.0,0.0,1.0,0.761,5.16,-0.54,0.11,2.064,2.323,0.0005,0.7515,False
SSD,South Sudan,Azande,4.6,4.07,-0.53,4.07,0.0,4.07,0.0,4.08,4.07,4.07,4.08,0.02,549397,747322,0.0,0.0,unspecified,False,0.5,0.48,0.56,0.42,0.454,1.027,1.0,0.78,0.778,0.0,0.0,0.0,1.0,0.761,4.17,-0.43,0.09,2.064,2.323,0.0005,0.7515,False
SSD,South Sudan,Bari,3.4,3.01,-0.39,3.01,0.0,3.01,0.0,3.02,3.0,3.0,3.02,0.01,406076,552369,0.0,0.0,unspecified,False,0.5,0.48,0.56,0.42,0.454,0.998,1.0,0.78,0.771,0.0,0.0,0.0,1.0,0.761,3.08,-0.32,0.07,2.064,2.323,0.0005,0.7515,False
SSD,South Sudan,Lotuko,3.0,2.66,-0.34,2.66,0.0,2.66,0.0,2.66,2.65,2.65,2.66,0.01,358302,487384,0.0,0.0,unspecified,False,0.5,0.48,0.56,0.42,0.454,0.986,1.0,0.78,0.769,0.0,0.0,0.0,1.0,0.761,2.72,-0.28,0.06,2.064,2.323,0.0005,0.7515,False
SSD,South Sudan,Murle,2.5,2.21,-0.29,2.21,0.0,2.21,0.0,2.22,2.21,2.21,2.22,0.01,298585,406153,0.0,0.0,unspecified,False,0.5,0.48,0.56,0.42,0.454,0.97,1.0,0.78,0.765,0.0,0.0,0.0,1.0,0.761,2.26,-0.24,0.05,2.064,2.323,0.0005,0.7515,False
SSD,South Sudan,Zande,2.5,2.21,-0.29,2.21,0.0,2.21,0.0,2.22,2.21,2.21,2.22,0.01,298585,406153,0.0,0.0,unspecified,False,0.5,0.48,0.56,0.42,0.454,0.97,1.0,0.78,0.765,0.0,0.0,0.0,1.0,0.761,2.26,-0.24,0.05,2.064,2.323,0.0005,0.7515,False
SSD,South Sudan,Other (60+ groups),26.9,24.09,-2.81,24.09,0.0,24.09,0.0,24.15,24.04,24.04,24.15,0.11,3212777,4419360,0.0,0.0,unspecified,False,0.5,0.48,0.56,0.42,0.454,1.219,1.0,0.78,0.821,0.0,0.0,0.0,1.0,0.761,24.64,-2.26,0.55,2.064,2.323,0.0005,0.7515,False
STP,Sao Tome & Principe,Mestico (Forros),44.9,46.08,1.18,46.37,-0.29,46.08,0.0,46.16,45.98,45.98,46.16,0.18,105761,168258,0.0,0.0,unspecified,False,0.5,0.48,0.56,0.42,0.454,1.279,1.0,0.78,0.834,0.0,0.0,0.0,1.0,0.761,45.28,0.38,-0.81,1.988,2.259,0.0005,0.7182,True
STP,Sao Tome & Principe,Angolares,15.0,14.54,-0.46,14.63,-0.09,14.54,0.0,14.57,14.51,14.51,14.57,0.06,35332,53086,0.0,0.0,unspecified,False,0.5,0.48,0.56,0.42,0.454,1.153,1.0,0.78,0.806,0.0,0.0,0.0,1.0,0.761,14.74,-0.26,0.2,1.988,2.259,0.0005,0.7182,False
STP,Sao Tome & Principe,Tongas (mixed),10.0,9.8,-0.2,9.86,-0.06,9.8,0.0,9.82,9.78,9.78,9.82,0.04,23555,35789,0.0,0.0,unspecified,False,0.5,0.48,0.56,0.42,0.454,1.108,1.0,0.78,0.796,0.0,0.0,0.0,1.0,0.761,9.94,-0.06,0.13,1.988,2.259,0.0005,0.7182,False
STP,Sao Tome & Principe,European descent,4.0,3.3,-0.7,3.32,-0.02,3.3,0.0,3.32,3.27,3.27,3.32,0.04,9422,12036,0.0,0.0,unspecified,False,0.5,0.48,0.56,0.42,0.454,1.013,1.0,0.78,0.775,0.0,0.0,0.0,1.0,0.761,3.41,-0.59,0.12,1.988,2.259,0.0005,0.7182,False
STP,Sao Tome & Principe,Other African,20.0,19.6,-0.4,19.73,-0.13,19.6,0.0,19.64,19.56,19.56,19.64,0.08,47110,71578,0.0,0.0,unspecified,False,0.5,0.48,0.56,0.42,0.454,1.185,1.0,0.78,0.813,0.0,0.0,0.0,1.0,0.761,19.87,-0.13,0.27,1.988,2.259,0.0005,0.7182,False
STP,Sao Tome & Principe,Other,6.1,6.68,0.58,6.09,0.59,6.68,0.0,6.49,6.89,6.49,6.89,0.4,14368,24373,0.0,0.0,unspecified,True,0.5,0.48,0.56,0.42,0.454,1.055,1.0,0.78,0.784,0.0,0.0,0.0,1.0,0.761,6.77,0.67,0.09,1.988,2.259,0.0005,0.7182,False
SUR,Suriname,Hindustani (East Indian),27.4,27.87,0.47,27.99,-0.11,27.87,0.0,27.94,27.8,27.8,27.94,0.14,173836,204562,0.0,0.0,IND;PAK;BGD;LKA;NPL,False,0.718,0.719,0.752,0.684,0.454,1.222,1.0,0.78,0.94,0.0,0.0,0.0,1.0,0.761,27.03,-0.37,-0.84,2.238,2.389,0.0005,0.8144,True
SUR,Suriname,Maroon (Ndyuka/Saramaka),21.7,23.1,1.4,23.2,-0.1,23.1,0.0,23.08,23.11,23.08,23.11,0.04,137673,169519,0.0,0.0,unspecified,False,0.5,0.48,0.56,0.42,0.454,1.195,1.0,0.78,0.815,0.0,0.0,0.0,1.0,0.761,23.14,1.44,0.04,2.238,2.389,0.0005,0.8144,False
SUR,Suriname,Creole,15.7,14.53,-1.17,14.59,-0.06,14.53,0.0,14.57,14.49,14.49,14.57,0.08,99607,106633,0.0,0.0,unspecified,False,0.5,0.48,0.56,0.42,0.454,1.158,1.0,0.78,0.807,0.0,0.0,0.0,1.0,0.761,14.83,-0.87,0.3,2.238,2.389,0.0005,0.8144,False
SUR,Suriname,Javanese,13.7,12.68,-1.02,12.73,-0.05,12.68,0.0,12.71,12.64,12.64,12.71,0.07,86918,93049,0.0,0.0,unspecified,False,0.5,0.48,0.56,0.42,0.454,1.143,1.0,0.78,0.804,0.0,0.0,0.0,1.0,0.761,12.94,-0.76,0.26,2.238,2.389,0.0005,0.8144,False
SUR,Suriname,Mixed,13.1,12.26,-0.84,12.31,-0.05,12.26,0.0,12.29,12.23,12.23,12.29,0.07,83111,89974,0.0,0.0,unspecified,False,0.5,0.48,0.56,0.42,0.454,1.138,1.0,0.78,0.802,0.0,0.0,0.0,1.0,0.761,12.51,-0.59,0.25,2.238,2.389,0.0005,0.8144,False
SUR,Suriname,Amerindian,4.1,5.07,0.97,5.09,-0.02,5.07,0.0,5.05,5.1,5.05,5.1,0.05,26012,37228,0.0,0.0,IND;PAK;BGD;LKA;NPL,False,0.718,0.719,0.752,0.684,0.454,1.016,1.0,0.78,0.874,0.0,0.0,0.0,1.0,0.761,4.97,0.87,-0.11,2.238,2.389,0.0005,0.8144,False
SUR,Suriname,Other,4.3,4.49,0.19,4.09,0.4,4.49,0.0,4.37,4.63,4.37,4.63,0.26,27281,32943,0.0,0.0,unspecified,True,0.5,0.48,0.56,0.42,0.454,1.02,1.0,0.78,0.776,0.0,0.0,0.0,1.0,0.761,4.58,0.28,0.09,2.238,2.389,0.0005,0.8144,False
SVK,Slovakia,Slovak,80.7,80.51,-0.19,81.51,-1.0,80.51,0.0,80.81,80.14,80.14,80.81,0.67,4443955,3974452,0.355,0.128,unspecified,False,0.5,0.48,0.56,0.42,0.652,1.3,1.0,0.78,0.965,0.0,0.0,0.0,1.0,0.761,80.18,-0.52,-0.33,1.867,1.72,0.0005,0.3443,True
SVK,Slovakia,Hungarian,8.5,6.66,-1.84,6.74,-0.08,6.66,0.0,6.73,6.58,6.58,6.73,0.15,468075,328753,0.355,0.128,unspecified,False,0.5,0.48,0.56,0.42,0.652,1.09,1.0,0.78,0.898,0.0,0.0,0.0,1.0,0.761,7.01,-1.49,0.35,1.867,1.72,0.0005,0.3443,False
SVK,Slovakia,Romani,2.0,2.93,0.93,2.97,-0.04,2.93,0.0,2.91,2.95,2.91,2.95,0.04,110135,144554,0.355,0.128,unspecified,False,0.5,0.48,0.56,0.42,0.652,0.952,1.0,0.78,0.854,0.0,0.0,0.0,1.0,0.761,2.78,0.78,-0.15,1.867,1.72,0.0005,0.3443,False
SVK,Slovakia,Czech,0.6,0.68,0.08,0.6,0.08,0.68,0.0,0.66,0.71,0.66,0.71,0.06,33041,33620,0.355,0.128,unspecified,True,0.5,0.48,0.56,0.42,0.652,0.876,1.0,0.78,0.83,0.0,0.0,0.0,1.0,0.761,0.69,0.09,0.01,1.867,1.72,0.0005,0.3443,False
SVK,Slovakia,Rusyn / Ukrainian,1.0,0.97,-0.03,0.98,-0.01,0.97,0.0,0.97,0.96,0.96,0.97,0.01,55068,47688,0.355,0.128,UKR,False,0.615,0.539,0.82,0.52,0.652,0.903,1.0,0.78,0.905,0.0,0.0,0.0,1.0,0.761,0.98,-0.02,0.01,1.867,1.72,0.0005,0.3443,False
SVK,Slovakia,Other,7.2,8.25,1.05,7.2,1.05,8.25,0.0,7.92,8.65,7.92,8.65,0.73,396487,407426,0.355,0.128,unspecified,True,0.5,0.48,0.56,0.42,0.652,1.072,1.0,0.78,0.892,0.0,0.0,0.0,1.0,0.761,8.37,1.17,0.11,1.867,1.72,0.0005,0.3443,False
SVN,Slovenia,Slovene,83.1,81.43,-1.67,83.1,-1.67,81.43,0.0,81.96,80.81,80.81,81.96,1.15,1760633,1613651,0.264,0.128,unspecified,False,0.5,0.48,0.56,0.42,0.602,1.3,1.0,0.78,0.933,0.0,0.0,0.0,1.0,0.761,81.19,-1.91,-0.24,1.76,1.662,0.0005,0.3213,True
SVN,Slovenia,Serb,2.0,2.22,0.22,1.98,0.23,2.22,0.0,2.14,2.3,2.14,2.3,0.16,42374,43893,0.264,0.128,unspecified,True,0.5,0.48,0.56,0.42,0.602,0.952,1.0,0.78,0.83,0.0,0.0,0.0,1.0,0.761,2.25,0.25,0.03,1.76,1.662,0.0005,0.3213,False
SVN,Slovenia,Croat,1.8,1.73,-0.07,1.76,-0.04,1.73,0.0,1.74,1.71,1.71,1.74,0.02,38136,34245,0.264,0.128,unspecified,False,0.5,0.48,0.56,0.42,0.602,0.944,1.0,0.78,0.828,0.0,0.0,0.0,1.0,0.761,1.75,-0.05,0.03,1.76,1.662,0.0005,0.3213,False
SVN,Slovenia,Bosniak,1.1,1.23,0.13,1.26,-0.03,1.23,0.0,1.23,1.23,1.23,1.23,0.01,23306,24365,0.264,0.128,unspecified,False,0.5,0.48,0.56,0.42,0.602,0.909,1.0,0.78,0.818,0.0,0.0,0.0,1.0,0.761,1.22,0.12,-0.01,1.76,1.662,0.0005,0.3213,False
SVN,Slovenia,Other,12.0,13.39,1.39,11.89,1.5,13.39,0.0,12.93,13.95,12.93,13.95,1.02,254243,265399,0.264,0.128,unspecified,True,0.5,0.48,0.56,0.42,0.602,1.128,1.0,0.78,0.882,0.0,0.0,0.0,1.0,0.761,13.59,1.59,0.19,1.76,1.662,0.0005,0.3213,False
SWE,Sweden,Swedish,78.0,72.95,-5.05,76.59,-3.63,73.14,-0.18,74.18,71.45,71.45,74.18,2.73,8273455,8250881,0.204,0.126,unspecified,False,0.5,0.48,0.56,0.42,0.648,1.3,1.0,0.78,0.962,0.0,0.574,0.483,1.0,0.761,72.97,-5.03,0.01,2.12,2.091,0.0005,0.4602,True
SWE,Sweden,Other Nordic/European,4.5,4.54,0.04,4.17,0.37,4.55,-0.01,4.44,4.65,4.44,4.65,0.21,477315,513650,0.204,0.126,unspecified,True,0.5,0.48,0.56,0.42,0.648,1.025,1.0,0.78,0.875,0.0,0.574,0.483,1.0,0.761,4.67,0.17,0.13,2.12,2.091,0.0005,0.4602,False
SWE,Sweden,Finnish,2.0,2.11,0.11,1.94,0.16,2.11,-0.01,2.06,2.16,2.06,2.16,0.1,212140,238190,0.204,0.126,unspecified,True,0.5,0.48,0.56,0.42,0.648,0.952,1.0,0.78,0.852,0.0,0.574,0.483,1.0,0.761,2.15,0.15,0.04,2.12,2.091,0.0005,0.4602,False
SWE,Sweden,Syrian,1.8,3.45,1.65,2.35,1.11,3.46,-0.01,3.06,3.96,3.06,3.96,0.9,190926,390277,0.204,0.126,SYR,True,0.672,0.726,0.6,0.74,0.648,0.944,1.0,0.78,0.953,0.0,0.574,0.483,1.0,0.761,3.34,1.54,-0.11,2.12,2.091,0.0005,0.4602,False
SWE,Sweden,Iraqi,1.4,1.74,0.34,1.82,-0.09,1.74,-0.0,1.75,1.71,1.71,1.75,0.04,148498,196347,0.204,0.126,IRQ,False,0.651,0.702,0.58,0.7,0.648,0.925,1.0,0.78,0.932,0.0,0.574,0.483,1.0,0.761,1.68,0.28,-0.06,2.12,2.091,0.0005,0.4602,False
SWE,Sweden,Iranian,1.0,1.24,0.24,1.15,0.09,1.24,-0.0,1.21,1.28,1.21,1.28,0.07,106070,140244,0.204,0.126,unspecified,True,0.5,0.48,0.56,0.42,0.648,0.903,1.0,0.78,0.836,0.0,0.574,0.483,1.0,0.761,1.23,0.23,-0.01,2.12,2.091,0.0005,0.4602,False
SWE,Sweden,Turkish,0.6,0.74,0.14,0.78,-0.04,0.75,-0.0,0.75,0.73,0.73,0.75,0.02,63642,84149,0.204,0.126,unspecified,False,0.5,0.48,0.56,0.42,0.648,0.876,1.0,0.78,0.828,0.0,0.574,0.483,1.0,0.761,0.72,0.12,-0.02,2.12,2.091,0.0005,0.4602,False
SWE,Sweden,Afghan,0.5,1.07,0.57,0.69,0.39,1.07,-0.0,0.93,1.26,0.93,1.26,0.33,53035,121179,0.204,0.126,AFG,True,0.667,0.804,0.42,0.86,0.648,0.869,1.0,0.78,0.918,0.0,0.574,0.483,1.0,0.761,1.03,0.53,-0.04,2.12,2.091,0.0005,0.4602,False
SWE,Sweden,Somalian,0.7,1.69,0.99,1.09,0.6,1.55,0.14,1.47,1.95,1.47,1.95,0.48,74249,190719,0.204,0.126,NGA;ETH;GHA;KEN;UGA;TZA;RWA;COD;CIV;CMR;SEN;ZMB;ZWE;MOZ;MWI;AGO;SDN;SOM;ERI;BFA;NER;MLI;GIN;SLE;LBR;BEN;TGO;GMB,True,0.711,0.785,0.574,0.717,0.648,0.884,1.014,0.78,0.954,0.0,0.574,0.483,1.0,0.761,1.59,0.89,-0.09,2.12,2.091,0.0005,0.4602,False
SWE,Sweden,Eritrean,0.4,0.55,0.15,0.45,0.1,0.44,0.11,0.52,0.59,0.52,0.59,0.07,42428,62218,0.204,0.126,NGA;ETH;GHA;KEN;UGA;TZA;RWA;COD;CIV;CMR;SEN;ZMB;ZWE;MOZ;MWI;AGO;SDN;SOM;ERI;BFA;NER;MLI;GIN;SLE;LBR;BEN;TGO;GMB,True,0.711,0.785,0.574,0.717,0.648,0.86,1.014,0.78,0.943,0.0,0.574,0.483,1.0,0.761,0.55,0.15,-0.0,2.12,2.091,0.0005,0.4602,False
SWE,Sweden,Polish,1.3,1.37,0.07,1.26,0.1,1.37,-0.0,1.34,1.4,1.34,1.4,0.06,137891,154598,0.204,0.126,unspecified,True,0.5,0.48,0.56,0.42,0.648,0.92,1.0,0.78,0.842,0.0,0.574,0.483,1.0,0.761,1.39,0.09,0.03,2.12,2.091,0.0005,0.4602,False
SWE,Sweden,South/East Asian,3.3,3.48,0.18,3.2,0.28,3.49,-0.01,3.4,3.57,3.4,3.57,0.17,350031,393791,0.204,0.126,unspecified,True,0.5,0.48,0.56,0.42,0.648,0.995,1.0,0.78,0.866,0.0,0.574,0.483,1.0,0.761,3.55,0.25,0.07,2.12,2.091,0.0005,0.4602,False
SWE,Sweden,Indian,0.5,0.77,0.27,0.49,0.29,0.77,-0.0,0.67,0.9,0.67,0.9,0.23,53035,87338,0.204,0.126,IND;PAK;BGD;LKA;NPL,True,0.718,0.719,0.752,0.684,0.648,0.869,1.0,0.78,0.946,0.0,0.574,0.483,1.0,0.761,0.79,0.29,0.01,2.12,2.091,0.0005,0.4602,False
SWE,Sweden,Pakistani,0.4,0.54,0.14,0.57,-0.03,0.54,-0.0,0.54,0.53,0.53,0.54,0.01,42428,60974,0.204,0.126,PAK,False,0.769,0.814,0.7,0.74,0.648,0.86,1.0,0.78,0.97,0.0,0.574,0.483,1.0,0.761,0.51,0.11,-0.02,2.12,2.091,0.0005,0.4602,False
SWE,Sweden,Chinese,0.4,0.38,-0.02,0.35,0.03,0.38,-0.0,0.38,0.39,0.38,0.39,0.02,42428,43269,0.204,0.126,CHN,True,0.52,0.502,0.58,0.45,0.648,0.86,1.0,0.78,0.834,0.0,0.574,0.483,1.0,0.761,0.4,-0.0,0.01,2.12,2.091,0.0005,0.4602,False
SWE,Sweden,Other,3.2,3.38,0.18,3.11,0.27,3.38,-0.01,3.3,3.46,3.3,3.46,0.16,339424,381809,0.204,0.126,unspecified,True,0.5,0.48,0.56,0.42,0.648,0.992,1.0,0.78,0.865,0.0,0.574,0.483,1.0,0.761,3.44,0.24,0.07,2.12,2.091,0.0005,0.4602,False
SWZ,Eswatini,Swazi (Emaswati),84.3,84.67,0.37,84.67,0.0,84.67,0.0,84.67,84.67,84.67,84.67,0.0,1047705,1274540,0.0,0.0,unspecified,False,0.5,0.48,0.56,0.42,0.454,1.3,1.0,0.78,0.839,0.0,0.0,0.0,1.0,0.761,84.45,0.15,-0.22,1.472,1.639,0.0005,0.2755,True
SWZ,Eswatini,Zulu,9.9,9.64,-0.26,9.64,0.0,9.64,0.0,9.64,9.64,9.64,9.64,0.0,123040,145140,0.0,0.0,unspecified,False,0.5,0.48,0.56,0.42,0.454,1.107,1.0,0.78,0.796,0.0,0.0,0.0,1.0,0.761,9.78,-0.12,0.14,1.472,1.639,0.0005,0.2755,False
SWZ,Eswatini,Tsonga,2.0,1.95,-0.05,1.95,0.0,1.95,0.0,1.95,1.95,1.95,1.95,0.0,24857,29321,0.0,0.0,unspecified,False,0.5,0.48,0.56,0.42,0.454,0.952,1.0,0.78,0.761,0.0,0.0,0.0,1.0,0.761,1.98,-0.02,0.03,1.472,1.639,0.0005,0.2755,False
SWZ,Eswatini,Other,3.8,3.74,-0.06,3.74,0.0,3.74,0.0,3.74,3.74,3.74,3.74,0.0,47228,56337,0.0,0.0,unspecified,False,0.5,0.48,0.56,0.42,0.454,1.008,1.0,0.78,0.774,0.0,0.0,0.0,1.0,0.761,3.8,-0.0,0.05,1.472,1.639,0.0005,0.2755,False
SYC,Seychelles,Seychellois Creole (mixed),76.0,77.12,1.12,77.12,0.0,77.12,0.0,77.1,77.13,77.1,77.13,0.03,99131,109320,0.0,0.0,unspecified,False,0.5,0.48,0.56,0.42,0.454,1.3,1.0,0.78,0.839,0.0,0.0,0.0,1.0,0.761,76.7,0.7,-0.42,1.769,1.818,0.0005,0.3956,True
SYC,Seychelles,Other African,10.0,9.81,-0.19,9.81,0.0,9.81,0.0,9.81,9.81,9.81,9.81,0.0,13044,13904,0.0,0.0,unspecified,False,0.5,0.48,0.56,0.42,0.454,1.108,1.0,0.78,0.796,0.0,0.0,0.0,1.0,0.761,9.94,-0.06,0.13,1.769,1.818,0.0005,0.3956,False
SYC,Seychelles,Indian,6.0,5.89,-0.11,5.89,0.0,5.89,0.0,5.88,5.89,5.88,5.89,0.0,7826,8342,0.0,0.0,IND;PAK;BGD;LKA;NPL,False,0.718,0.719,0.752,0.684,0.454,1.054,1.0,0.78,0.886,0.0,0.0,0.0,1.0,0.761,5.96,-0.04,0.08,1.769,1.818,0.0005,0.3956,False
SYC,Seychelles,French/Chinese,4.0,3.22,-0.78,3.22,0.0,3.22,0.0,3.24,3.2,3.2,3.24,0.04,5217,4565,0.0,0.0,CHN,False,0.52,0.502,0.58,0.45,0.454,1.013,1.0,0.78,0.784,0.0,0.0,0.0,1.0,0.761,3.38,-0.62,0.16,1.769,1.818,0.0005,0.3956,False
SYC,Seychelles,Other,4.0,3.97,-0.03,3.97,0.0,3.97,0.0,3.97,3.97,3.97,3.97,0.0,5217,5624,0.0,0.0,unspecified,False,0.5,0.48,0.56,0.42,0.454,1.013,1.0,0.78,0.775,0.0,0.0,0.0,1.0,0.761,4.02,0.02,0.05,1.769,1.818,0.0005,0.3956,False
SYR,Syria,Syrian Arab,80.0,82.09,2.09,82.09,0.0,82.09,0.0,82.05,82.13,82.05,82.13,0.08,19738206,31024325,0.0,0.0,SYR,False,0.672,0.726,0.6,0.74,0.454,1.3,1.0,0.78,0.938,0.726,0.0,0.0,1.0,0.761,81.65,1.65,-0.44,1.701,1.735,0.0005,0.3208,True
SYR,Syria,Kurdish,9.5,9.44,-0.06,9.44,0.0,9.44,0.0,9.44,9.45,9.44,9.45,0.01,2343912,3568031,0.0,0.0,unspecified,False,0.5,0.48,0.56,0.42,0.454,1.102,1.0,0.78,0.795,0.726,0.0,0.0,1.0,0.761,9.56,0.06,0.12,1.701,1.735,0.0005,0.3208,False
SYR,Syria,Turkmen,2.0,1.79,-0.21,1.79,0.0,1.79,0.0,1.79,1.78,1.78,1.79,0.01,493455,675982,0.0,0.0,unspecified,False,0.5,0.48,0.56,0.42,0.454,0.952,1.0,0.78,0.761,0.726,0.0,0.0,1.0,0.761,1.83,-0.17,0.05,1.701,1.735,0.0005,0.3208,False
SYR,Syria,Armenian,1.0,0.69,-0.31,0.69,0.0,0.69,0.0,0.7,0.68,0.68,0.7,0.01,246728,261169,0.0,0.0,unspecified,False,0.5,0.48,0.56,0.42,0.454,0.903,1.0,0.78,0.75,0.726,0.0,0.0,1.0,0.761,0.73,-0.27,0.04,1.701,1.735,0.0005,0.3208,False
SYR,Syria,Assyrian,0.5,0.39,-0.11,0.39,0.0,0.39,0.0,0.39,0.39,0.39,0.39,0.0,123364,147913,0.0,0.0,SYR,False,0.672,0.726,0.6,0.74,0.454,0.869,1.0,0.78,0.809,0.726,0.0,0.0,1.0,0.761,0.41,-0.09,0.02,1.701,1.735,0.0005,0.3208,False
SYR,Syria,Circassian,0.5,0.4,-0.1,0.4,0.0,0.4,0.0,0.4,0.39,0.39,0.4,0.0,123364,149578,0.0,0.0,unspecified,False,0.5,0.48,0.56,0.42,0.454,0.869,1.0,0.78,0.743,0.726,0.0,0.0,1.0,0.761,0.41,-0.09,0.02,1.701,1.735,0.0005,0.3208,False
SYR,Syria,Other,6.5,5.2,-1.3,5.2,0.0,5.2,0.0,5.23,5.18,5.18,5.23,0.06,1603729,1966377,0.0,0.0,unspecified,False,0.5,0.48,0.56,0.42,0.454,1.062,1.0,0.78,0.786,0.726,0.0,0.0,1.0,0.761,5.41,-1.09,0.2,1.701,1.735,0.0005,0.3208,False
TCD,Chad,Sara,27.7,28.76,1.06,28.76,0.0,28.76,0.0,28.78,28.74,28.74,28.78,0.03,5622859,11175724,0.0,0.0,unspecified,False,0.5,0.48,0.56,0.42,0.454,1.223,1.0,0.78,0.821,0.0,0.0,0.0,1.0,0.761,27.81,0.11,-0.95,2.154,2.445,0.0005,0.8522,True
TCD,Chad,Arab,12.3,13.57,1.27,13.57,0.0,13.57,0.0,13.53,13.61,13.53,13.61,0.08,2496793,5273129,0.0,0.0,unspecified,False,0.5,0.48,0.56,0.42,0.454,1.131,1.0,0.78,0.801,0.0,0.0,0.0,1.0,0.761,13.63,1.33,0.05,2.154,2.445,0.0005,0.8522,False
TCD,Chad,Mayo-Kebbi,11.5,10.89,-0.61,10.89,0.0,10.89,0.0,10.89,10.88,10.88,10.89,0.01,2334400,4230089,0.0,0.0,unspecified,False,0.5,0.48,0.56,0.42,0.454,1.123,1.0,0.78,0.799,0.0,0.0,0.0,1.0,0.761,11.07,-0.43,0.18,2.154,2.445,0.0005,0.8522,False
TCD,Chad,Kanem-Bornou,9.0,9.27,0.27,9.27,0.0,9.27,0.0,9.26,9.28,9.26,9.28,0.02,1826922,3602563,0.0,0.0,unspecified,False,0.5,0.48,0.56,0.42,0.454,1.096,1.0,0.78,0.793,0.0,0.0,0.0,1.0,0.761,9.37,0.37,0.1,2.154,2.445,0.0005,0.8522,False
TCD,Chad,Ouaddai,8.7,8.24,-0.46,8.24,0.0,8.24,0.0,8.24,8.23,8.23,8.24,0.01,1766024,3200154,0.0,0.0,unspecified,False,0.5,0.48,0.56,0.42,0.454,1.093,1.0,0.78,0.792,0.0,0.0,0.0,1.0,0.761,8.37,-0.33,0.14,2.154,2.445,0.0005,0.8522,False
TCD,Chad,Hadjarai,6.7,6.34,-0.36,6.34,0.0,6.34,0.0,6.35,6.34,6.34,6.35,0.01,1360042,2464486,0.0,0.0,unspecified,False,0.5,0.48,0.56,0.42,0.454,1.065,1.0,0.78,0.786,0.0,0.0,0.0,1.0,0.761,6.45,-0.25,0.1,2.154,2.445,0.0005,0.8522,False
TCD,Chad,Tandjile,6.5,6.15,-0.35,6.15,0.0,6.15,0.0,6.16,6.15,6.15,6.16,0.01,1319444,2390920,0.0,0.0,unspecified,False,0.5,0.48,0.56,0.42,0.454,1.062,1.0,0.78,0.786,0.0,0.0,0.0,1.0,0.761,6.25,-0.25,0.1,2.154,2.445,0.0005,0.8522,False
TCD,Chad,Gorane (Toubou),6.3,5.96,-0.34,5.96,0.0,5.96,0.0,5.97,5.96,5.96,5.97,0.01,1278845,2317353,0.0,0.0,unspecified,False,0.5,0.48,0.56,0.42,0.454,1.059,1.0,0.78,0.785,0.0,0.0,0.0,1.0,0.761,6.06,-0.24,0.1,2.154,2.445,0.0005,0.8522,False
TCD,Chad,Other,11.3,10.82,-0.48,10.82,0.0,10.82,0.0,10.82,10.81,10.81,10.82,0.01,2293802,4203268,0.0,0.0,unspecified,False,0.5,0.48,0.56,0.42,0.454,1.121,1.0,0.78,0.799,0.0,0.0,0.0,1.0,0.761,11.0,-0.3,0.18,2.154,2.445,0.0005,0.8522,False
TGO,Togo,Adja-Ewe/Mina,42.4,43.83,1.43,43.83,0.0,43.83,0.0,43.83,43.83,43.83,43.83,0.0,3564379,6118577,0.0,0.0,unspecified,False,0.5,0.48,0.56,0.42,0.454,1.272,1.0,0.78,0.832,0.76,0.0,0.0,1.0,0.761,43.02,0.62,-0.81,2.005,2.245,0.0005,0.7083,True
TGO,Togo,Kabye/Tem,25.9,25.21,-0.69,25.21,0.0,25.21,0.0,25.21,25.21,25.21,25.21,0.0,2177297,3518645,0.0,0.0,unspecified,False,0.5,0.48,0.56,0.42,0.454,1.215,1.0,0.78,0.82,0.76,0.0,0.0,1.0,0.761,25.57,-0.33,0.36,2.005,2.245,0.0005,0.7083,False
TGO,Togo,Akan-Peul/Gurma,17.1,16.64,-0.46,16.64,0.0,16.64,0.0,16.64,16.64,16.64,16.64,0.0,1437521,2323121,0.0,0.0,unspecified,False,0.5,0.48,0.56,0.42,0.454,1.168,1.0,0.78,0.809,0.76,0.0,0.0,1.0,0.761,16.88,-0.22,0.24,2.005,2.245,0.0005,0.7083,False
TGO,Togo,Akposso/Ake,4.0,3.89,-0.11,3.89,0.0,3.89,0.0,3.89,3.89,3.89,3.89,0.0,336262,543420,0.0,0.0,unspecified,False,0.5,0.48,0.56,0.42,0.454,1.013,1.0,0.78,0.775,0.76,0.0,0.0,1.0,0.761,3.95,-0.05,0.06,2.005,2.245,0.0005,0.7083,False
TGO,Togo,Other,10.6,10.43,-0.17,10.43,0.0,10.43,0.0,10.43,10.43,10.43,10.43,0.0,891095,1456259,0.0,0.0,unspecified,False,0.5,0.48,0.56,0.42,0.454,1.114,1.0,0.78,0.797,0.76,0.0,0.0,1.0,0.761,10.58,-0.02,0.15,2.005,2.245,0.0005,0.7083,False
THA,Thailand,Central Thai,36.0,37.06,1.06,37.1,-0.03,37.07,-0.0,37.09,37.04,37.04,37.09,0.06,25800484,24604534,0.0,0.0,unspecified,False,0.5,0.48,0.56,0.42,0.702,1.253,1.0,0.52,0.917,0.0,0.391,0.063,1.0,0.761,36.26,0.26,-0.8,2.253,2.275,0.0005,0.736,True
THA,Thailand,Isan (Thai-Lao),33.0,31.64,-1.36,31.67,-0.03,31.64,-0.0,31.66,31.61,31.61,31.66,0.05,23650443,21002350,0.0,0.0,unspecified,False,0.5,0.48,0.56,0.42,0.702,1.243,1.0,0.52,0.914,0.0,0.391,0.063,1.0,0.761,32.18,-0.82,0.54,2.253,2.275,0.0005,0.736,False
THA,Thailand,Northern Thai (Lanna),13.0,12.46,-0.54,12.47,-0.01,12.46,-0.0,12.47,12.45,12.45,12.47,0.02,9316841,8273653,0.0,0.0,unspecified,False,0.5,0.48,0.56,0.42,0.702,1.137,1.0,0.52,0.883,0.0,0.391,0.063,1.0,0.761,12.68,-0.32,0.21,2.253,2.275,0.0005,0.736,False
THA,Thailand,Southern Thai,4.0,3.83,-0.17,3.84,-0.0,3.84,-0.0,3.84,3.83,3.83,3.84,0.01,2866720,2545739,0.0,0.0,unspecified,False,0.5,0.48,0.56,0.42,0.702,1.013,1.0,0.52,0.847,0.0,0.391,0.063,1.0,0.761,3.9,-0.1,0.07,2.253,2.275,0.0005,0.736,False
THA,Thailand,Thai Chinese,10.0,9.59,-0.41,9.6,-0.01,9.59,-0.0,9.59,9.58,9.58,9.59,0.01,7166801,6364349,0.0,0.0,CHN,False,0.52,0.502,0.58,0.45,0.702,1.108,1.0,0.52,0.888,0.0,0.391,0.063,1.0,0.761,9.75,-0.25,0.16,2.253,2.275,0.0005,0.736,False
THA,Thailand,Malay (Muslim),3.0,4.35,1.35,4.36,-0.0,4.35,-0.0,4.31,4.4,4.31,4.4,0.09,2150040,2889307,0.0,0.0,unspecified,False,0.5,0.48,0.56,0.42,0.702,0.986,1.0,0.52,0.839,0.0,0.391,0.063,1.0,0.761,4.16,1.16,-0.2,2.253,2.275,0.0005,0.736,False
THA,Thailand,Other,1.0,1.06,0.06,0.97,0.09,1.05,0.0,1.03,1.09,1.03,1.09,0.06,716680,702798,0.0,0.0,NGA;ETH;GHA;KEN;UGA;TZA;RWA;COD;CIV;CMR;SEN;ZMB;ZWE;MOZ;MWI;AGO;SDN;SOM;ERI;BFA;NER;MLI;GIN;SLE;LBR;BEN;TGO;GMB,True,0.711,0.785,0.574,0.717,0.702,0.903,1.0,0.52,0.926,0.0,0.391,0.063,1.0,0.761,1.08,0.08,0.02,2.253,2.275,0.0005,0.736,False
TJK,Tajikistan,Tajik,84.3,84.69,0.39,84.74,-0.05,84.69,0.0,84.7,84.67,84.67,84.7,0.03,8928154,13189713,0.0,0.0,unspecified,False,0.5,0.48,0.56,0.42,0.454,1.3,1.0,0.78,0.839,0.0,0.0,0.0,1.0,0.761,84.46,0.16,-0.23,1.601,1.628,0.0005,0.2679,True
TJK,Tajikistan,Uzbek,13.8,13.44,-0.36,13.45,-0.01,13.44,0.0,13.45,13.44,13.44,13.45,0.01,1461548,2093711,0.0,0.0,unspecified,False,0.5,0.48,0.56,0.42,0.454,1.143,1.0,0.78,0.804,0.0,0.0,0.0,1.0,0.761,13.64,-0.16,0.19,1.601,1.628,0.0005,0.2679,False
TJK,Tajikistan,Kyrgyz,0.8,0.78,-0.02,0.78,-0.0,0.78,0.0,0.78,0.78,0.78,0.78,0.0,84727,121375,0.0,0.0,unspecified,False,0.5,0.48,0.56,0.42,0.454,0.891,1.0,0.78,0.748,0.0,0.0,0.0,1.0,0.761,0.79,-0.01,0.01,1.601,1.628,0.0005,0.2679,False
TJK,Tajikistan,Russian,0.5,0.43,-0.07,0.43,-0.0,0.43,0.0,0.44,0.43,0.43,0.44,0.0,52955,67555,0.0,0.0,unspecified,False,0.5,0.48,0.56,0.42,0.454,0.869,1.0,0.78,0.743,0.0,0.0,0.0,1.0,0.761,0.45,-0.05,0.01,1.601,1.628,0.0005,0.2679,False
TJK,Tajikistan,Other,0.6,0.66,0.06,0.6,0.06,0.66,0.0,0.64,0.68,0.64,0.68,0.04,63546,102295,0.0,0.0,unspecified,True,0.5,0.48,0.56,0.42,0.454,0.876,1.0,0.78,0.744,0.0,0.0,0.0,1.0,0.761,0.67,0.07,0.01,1.601,1.628,0.0005,0.2679,False
TKM,Turkmenistan,Turkmen,85.0,85.74,0.74,85.74,0.0,85.74,0.0,85.73,85.76,85.73,85.76,0.02,6370320,8265446,0.0,0.0,unspecified,False,0.5,0.48,0.56,0.42,0.454,1.3,1.0,0.78,0.839,0.0,0.0,0.0,1.0,0.761,85.47,0.47,-0.27,1.613,1.628,0.0005,0.2621,True
TKM,Turkmenistan,Uzbek,5.0,4.89,-0.11,4.89,0.0,4.89,0.0,4.89,4.89,4.89,4.89,0.0,374725,471618,0.0,0.0,unspecified,False,0.5,0.48,0.56,0.42,0.454,1.035,1.0,0.78,0.78,0.0,0.0,0.0,1.0,0.761,4.96,-0.04,0.07,1.613,1.628,0.0005,0.2621,False
TKM,Turkmenistan,Russian,4.0,3.43,-0.57,3.43,0.0,3.43,0.0,3.44,3.41,3.41,3.44,0.03,299780,330335,0.0,0.0,unspecified,False,0.5,0.48,0.56,0.42,0.454,1.013,1.0,0.78,0.775,0.0,0.0,0.0,1.0,0.761,3.55,-0.45,0.12,1.613,1.628,0.0005,0.2621,False
TKM,Turkmenistan,Other,6.0,5.94,-0.06,5.94,0.0,5.94,0.0,5.94,5.94,5.94,5.94,0.0,449670,572307,0.0,0.0,unspecified,False,0.5,0.48,0.56,0.42,0.454,1.054,1.0,0.78,0.784,0.0,0.0,0.0,1.0,0.761,6.02,0.02,0.08,1.613,1.628,0.0005,0.2621,False
TLS,Timor-Leste,Tetum (Austronesian),30.0,31.46,1.46,31.52,-0.06,31.46,0.0,31.49,31.43,31.43,31.49,0.05,420191,594402,0.0,0.0,unspecified,False,0.5,0.48,0.56,0.42,0.454,1.232,1.0,0.78,0.823,0.0,0.0,0.0,1.0,0.761,30.51,0.51,-0.95,2.245,2.397,0.0005,0.819,True
TLS,Timor-Leste,Mambai,15.0,14.45,-0.55,14.48,-0.03,14.45,0.0,14.46,14.44,14.44,14.46,0.03,210096,273054,0.0,0.0,unspecified,False,0.5,0.48,0.56,0.42,0.454,1.153,1.0,0.78,0.806,0.0,0.0,0.0,1.0,0.761,14.68,-0.32,0.22,2.245,2.397,0.0005,0.819,False
TLS,Timor-Leste,Makasae,10.0,9.64,-0.36,9.65,-0.02,9.64,0.0,9.64,9.63,9.63,9.64,0.02,140064,182036,0.0,0.0,unspecified,False,0.5,0.48,0.56,0.42,0.454,1.108,1.0,0.78,0.796,0.0,0.0,0.0,1.0,0.761,9.78,-0.22,0.15,2.245,2.397,0.0005,0.819,False
TLS,Timor-Leste,Tokodede,8.0,7.71,-0.29,7.72,-0.02,7.71,0.0,7.71,7.7,7.7,7.71,0.01,112051,145629,0.0,0.0,unspecified,False,0.5,0.48,0.56,0.42,0.454,1.084,1.0,0.78,0.79,0.0,0.0,0.0,1.0,0.761,7.83,-0.17,0.12,2.245,2.397,0.0005,0.819,False
TLS,Timor-Leste,Galoli,7.0,6.74,-0.26,6.76,-0.01,6.74,0.0,6.75,6.74,6.74,6.75,0.01,98045,127425,0.0,0.0,unspecified,False,0.5,0.48,0.56,0.42,0.454,1.07,1.0,0.78,0.787,0.0,0.0,0.0,1.0,0.761,6.85,-0.15,0.1,2.245,2.397,0.0005,0.819,False
TLS,Timor-Leste,Other Austronesian,20.0,19.27,-0.73,19.31,-0.04,19.27,0.0,19.29,19.25,19.25,19.29,0.03,280128,364072,0.0,0.0,unspecified,False,0.5,0.48,0.56,0.42,0.454,1.185,1.0,0.78,0.813,0.0,0.0,0.0,1.0,0.761,19.57,-0.43,0.3,2.245,2.397,0.0005,0.819,False
TLS,Timor-Leste,Papuan (Fataluku/Bunak),8.0,8.61,0.61,8.63,-0.02,8.61,0.0,8.6,8.63,8.6,8.63,0.03,112051,162731,0.0,0.0,unspecified,False,0.5,0.48,0.56,0.42,0.454,1.084,1.0,0.78,0.79,0.0,0.0,0.0,1.0,0.761,8.63,0.63,0.02,2.245,2.397,0.0005,0.819,False
TLS,Timor-Leste,Chinese,1.0,1.03,0.03,0.94,0.09,1.03,0.0,1.0,1.06,1.0,1.06,0.06,14006,19430,0.0,0.0,CHN,True,0.52,0.502,0.58,0.45,0.454,0.903,1.0,0.78,0.759,0.0,0.0,0.0,1.0,0.761,1.05,0.05,0.02,2.245,2.397,0.0005,0.819,False
TLS,Timor-Leste,Other,1.0,1.08,0.08,0.99,0.1,1.08,0.0,1.05,1.12,1.05,1.12,0.07,14006,20470,0.0,0.0,unspecified,True,0.5,0.48,0.56,0.42,0.454,0.903,1.0,0.78,0.75,0.0,0.0,0.0,1.0,0.761,1.1,0.1,0.02,2.245,2.397,0.0005,0.819,False
TON,Tonga,Tongan,96.6,96.65,0.05,96.65,0.0,96.65,0.0,96.65,96.65,96.65,96.65,0.0,100649,101682,0.0,0.0,unspecified,False,0.5,0.48,0.56,0.42,0.454,1.3,1.0,0.78,0.839,0.0,0.0,0.0,1.0,0.761,96.6,0.0,-0.05,1.378,1.342,0.0005,0.0656,True
TON,Tonga,Part-Tongan / Other,3.4,3.35,-0.05,3.35,0.0,3.35,0.0,3.35,3.35,3.35,3.35,0.0,3543,3523,0.0,0.0,unspecified,False,0.5,0.48,0.56,0.42,0.454,0.998,1.0,0.78,0.771,0.0,0.0,0.0,1.0,0.761,3.4,-0.0,0.05,1.378,1.342,0.0005,0.0656,False
TTO,Trinidad & Tobago,East Indian,35.4,37.17,1.77,37.17,0.0,37.17,0.0,37.16,37.18,37.16,37.18,0.01,533753,520317,0.0,0.0,IND;PAK;BGD;LKA;NPL,False,0.718,0.719,0.752,0.684,0.565,1.251,1.0,0.78,1.047,0.0,0.0,0.0,1.0,0.761,36.22,0.82,-0.95,2.107,2.23,0.0005,0.6969,True
TTO,Trinidad & Tobago,African,34.2,33.43,-0.77,33.43,0.0,33.43,0.0,33.42,33.43,33.42,33.43,0.01,515660,467906,0.0,0.0,unspecified,False,0.5,0.48,0.56,0.42,0.565,1.247,1.0,0.78,0.895,0.0,0.0,0.0,1.0,0.761,33.87,-0.33,0.44,2.107,2.23,0.0005,0.6969,False
TTO,Trinidad & Tobago,Mixed,22.8,22.54,-0.26,22.54,0.0,22.54,0.0,22.53,22.54,22.53,22.54,0.01,343773,315446,0.0,0.0,unspecified,False,0.5,0.48,0.56,0.42,0.565,1.2,1.0,0.78,0.882,0.0,0.0,0.0,1.0,0.761,22.83,0.03,0.3,2.107,2.23,0.0005,0.6969,False
TTO,Trinidad & Tobago,Other (incl. Chinese/Syrian),7.6,6.87,-0.73,6.87,0.0,6.87,0.0,6.89,6.85,6.85,6.89,0.04,114591,96130,0.0,0.0,SYR,False,0.672,0.726,0.6,0.74,0.565,1.078,1.0,0.78,0.951,0.0,0.0,0.0,1.0,0.761,7.07,-0.53,0.2,2.107,2.23,0.0005,0.6969,False
TUN,Tunisia,Arab,92.0,91.99,-0.01,92.08,-0.09,91.99,0.0,92.02,91.95,91.95,92.02,0.07,11294935,12092218,0.0,0.0,unspecified,False,0.5,0.48,0.56,0.42,0.468,1.3,1.0,0.78,0.848,0.536,0.0,0.0,1.0,0.761,91.89,-0.11,-0.1,1.484,1.463,0.0005,0.1541,True
TUN,Tunisia,Amazigh (Berber),2.0,1.94,-0.06,1.95,-0.0,1.94,0.0,1.94,1.94,1.94,1.94,0.0,245542,255545,0.0,0.0,unspecified,False,0.5,0.48,0.56,0.42,0.468,0.952,1.0,0.78,0.768,0.536,0.0,0.0,1.0,0.761,1.97,-0.03,0.03,1.484,1.463,0.0005,0.1541,False
TUN,Tunisia,Haratin/Black Tunisian,2.5,2.81,0.31,2.81,-0.0,2.81,0.0,2.8,2.81,2.8,2.81,0.02,306928,368842,0.0,0.0,TUN,False,0.589,0.536,0.74,0.52,0.468,0.97,1.0,0.78,0.812,0.536,0.0,0.0,1.0,0.761,2.79,0.29,-0.02,1.484,1.463,0.0005,0.1541,False
TUN,Tunisia,European (Italian/French),1.5,1.18,-0.32,1.18,-0.0,1.18,0.0,1.19,1.17,1.17,1.19,0.02,184157,155150,0.0,0.0,unspecified,False,0.5,0.48,0.56,0.42,0.468,0.93,1.0,0.78,0.763,0.536,0.0,0.0,1.0,0.761,1.24,-0.26,0.06,1.484,1.463,0.0005,0.1541,False
TUN,Tunisia,Libyan refugee,1.0,1.1,0.1,1.0,0.1,1.1,0.0,1.07,1.13,1.07,1.13,0.07,122771,144176,0.0,0.0,unspecified,True,0.5,0.48,0.56,0.42,0.468,0.903,1.0,0.78,0.757,0.536,0.0,0.0,1.0,0.761,1.11,0.11,0.02,1.484,1.463,0.0005,0.1541,False
TUN,Tunisia,Other,1.0,0.98,-0.02,0.98,-0.0,0.98,0.0,0.98,0.98,0.98,0.98,0.0,122771,129209,0.0,0.0,unspecified,False,0.5,0.48,0.56,0.42,0.468,0.903,1.0,0.78,0.757,0.536,0.0,0.0,1.0,0.761,1.0,-0.0,0.01,1.484,1.463,0.0005,0.1541,False
TUR,Turkey,Turkish,70.0,65.75,-4.25,65.75,0.0,65.75,0.0,65.89,65.61,65.61,65.89,0.28,61231660,60003905,0.0,0.0,unspecified,False,0.5,0.48,0.56,0.42,0.527,1.3,1.0,0.78,0.885,0.0,0.0,0.0,1.0,0.761,66.12,-3.88,0.36,1.891,1.908,0.0005,0.5071,True
TUR,Turkey,Kurdish (Kurmanji),19.0,23.3,4.3,23.3,0.0,23.3,0.0,23.16,23.44,23.16,23.44,0.27,16620022,21264078,0.0,0.0,unspecified,False,0.5,0.48,0.56,0.42,0.527,1.179,1.0,0.78,0.854,0.0,0.0,0.0,1.0,0.761,22.81,3.81,-0.49,1.891,1.908,0.0005,0.5071,False
TUR,Turkey,Zaza,1.5,1.6,0.1,1.6,0.0,1.6,0.0,1.59,1.6,1.59,1.6,0.01,1312107,1456459,0.0,0.0,unspecified,False,0.5,0.48,0.56,0.42,0.527,0.93,1.0,0.78,0.79,0.0,0.0,0.0,1.0,0.761,1.6,0.1,0.0,1.891,1.908,0.0005,0.5071,False
TUR,Turkey,Arab,2.2,2.7,0.5,2.7,0.0,2.7,0.0,2.68,2.71,2.68,2.71,0.03,1924424,2462156,0.0,0.0,unspecified,False,0.5,0.48,0.56,0.42,0.527,0.96,1.0,0.78,0.797,0.0,0.0,0.0,1.0,0.761,2.64,0.44,-0.06,1.891,1.908,0.0005,0.5071,False
TUR,Turkey,Circassian,1.0,0.9,-0.1,0.9,0.0,0.9,0.0,0.91,0.9,0.9,0.91,0.0,874738,824720,0.0,0.0,unspecified,False,0.5,0.48,0.56,0.42,0.527,0.903,1.0,0.78,0.783,0.0,0.0,0.0,1.0,0.761,0.93,-0.07,0.02,1.891,1.908,0.0005,0.5071,False
TUR,Turkey,Bosniak/Albanian,0.8,0.72,-0.08,0.72,0.0,0.72,0.0,0.72,0.72,0.72,0.72,0.0,699790,659776,0.0,0.0,unspecified,False,0.5,0.48,0.56,0.42,0.527,0.891,1.0,0.78,0.779,0.0,0.0,0.0,1.0,0.761,0.74,-0.06,0.02,1.891,1.908,0.0005,0.5071,False
TUR,Turkey,Other,5.5,5.03,-0.47,5.03,0.0,5.03,0.0,5.04,5.02,5.02,5.04,0.02,4811059,4586974,0.0,0.0,unspecified,False,0.5,0.48,0.56,0.42,0.527,1.045,1.0,0.78,0.819,0.0,0.0,0.0,1.0,0.761,5.16,-0.34,0.14,1.891,1.908,0.0005,0.5071,False
TUV,Tuvalu,Tuvaluan,96.0,95.63,-0.37,96.02,-0.39,95.63,0.0,95.75,95.48,95.48,95.75,0.27,9282,9373,0.0,0.0,unspecified,False,0.5,0.48,0.56,0.42,0.454,1.3,1.0,0.78,0.839,0.0,0.0,0.0,1.0,0.761,95.56,-0.44,-0.06,1.391,1.358,0.0005,0.0848,True
TUV,Tuvalu,Other,4.0,4.37,0.37,3.98,0.39,4.37,0.0,4.25,4.52,4.25,4.52,0.27,387,429,0.0,0.0,unspecified,True,0.5,0.48,0.56,0.42,0.454,1.013,1.0,0.78,0.775,0.0,0.0,0.0,1.0,0.761,4.44,0.44,0.06,1.391,1.358,0.0005,0.0848,False
TZA,Tanzania,Sukuma,16.0,15.52,-0.48,15.52,0.0,15.52,0.0,15.52,15.52,15.52,15.52,0.0,10969626,20117447,0.0,0.0,unspecified,False,0.5,0.48,0.56,0.42,0.454,1.16,1.0,0.78,0.807,0.792,0.0,0.0,1.0,0.761,15.74,-0.26,0.22,2.254,2.376,0.0005,0.7981,False
TZA,Tanzania,Nyamwezi,5.2,5.04,-0.16,5.04,0.0,5.04,0.0,5.04,5.04,5.04,5.04,0.0,3565128,6538170,0.0,0.0,unspecified,False,0.5,0.48,0.56,0.42,0.454,1.039,1.0,0.78,0.781,0.792,0.0,0.0,1.0,0.761,5.12,-0.08,0.07,2.254,2.376,0.0005,0.7981,False
TZA,Tanzania,Chagga,4.8,4.66,-0.14,4.66,0.0,4.66,0.0,4.66,4.66,4.66,4.66,0.0,3290888,6035234,0.0,0.0,unspecified,False,0.5,0.48,0.56,0.42,0.454,1.031,1.0,0.78,0.779,0.792,0.0,0.0,1.0,0.761,4.72,-0.08,0.07,2.254,2.376,0.0005,0.7981,False
TZA,Tanzania,Njema,4.6,4.46,-0.14,4.46,0.0,4.46,0.0,4.46,4.46,4.46,4.46,0.0,3153767,5783766,0.0,0.0,unspecified,False,0.5,0.48,0.56,0.42,0.454,1.027,1.0,0.78,0.778,0.792,0.0,0.0,1.0,0.761,4.53,-0.07,0.06,2.254,2.376,0.0005,0.7981,False
TZA,Tanzania,Haya,4.5,4.37,-0.13,4.37,0.0,4.37,0.0,4.37,4.37,4.37,4.37,0.0,3085207,5658032,0.0,0.0,unspecified,False,0.5,0.48,0.56,0.42,0.454,1.025,1.0,0.78,0.777,0.792,0.0,0.0,1.0,0.761,4.43,-0.07,0.06,2.254,2.376,0.0005,0.7981,False
TZA,Tanzania,Hehe,4.2,4.07,-0.13,4.07,0.0,4.07,0.0,4.07,4.07,4.07,4.07,0.0,2879527,5280830,0.0,0.0,unspecified,False,0.5,0.48,0.56,0.42,0.454,1.018,1.0,0.78,0.776,0.792,0.0,0.0,1.0,0.761,4.13,-0.07,0.06,2.254,2.376,0.0005,0.7981,False
TZA,Tanzania,Makonde,4.0,3.88,-0.12,3.88,0.0,3.88,0.0,3.88,3.88,3.88,3.88,0.0,2742406,5029362,0.0,0.0,unspecified,False,0.5,0.48,0.56,0.42,0.454,1.013,1.0,0.78,0.775,0.792,0.0,0.0,1.0,0.761,3.94,-0.06,0.06,2.254,2.376,0.0005,0.7981,False
TZA,Tanzania,Ha,3.5,3.4,-0.1,3.4,0.0,3.4,0.0,3.4,3.4,3.4,3.4,0.0,2399606,4400691,0.0,0.0,unspecified,False,0.5,0.48,0.56,0.42,0.454,1.0,1.0,0.78,0.772,0.792,0.0,0.0,1.0,0.761,3.44,-0.06,0.05,2.254,2.376,0.0005,0.7981,False
TZA,Tanzania,Gogo,3.4,3.3,-0.1,3.3,0.0,3.3,0.0,3.3,3.3,3.3,3.3,0.0,2331046,4274957,0.0,0.0,unspecified,False,0.5,0.48,0.56,0.42,0.454,0.998,1.0,0.78,0.771,0.792,0.0,0.0,1.0,0.761,3.35,-0.05,0.05,2.254,2.376,0.0005,0.7981,False
TZA,Tanzania,Zaramo,3.1,3.01,-0.09,3.01,0.0,3.01,0.0,3.01,3.01,3.01,3.01,0.0,2125365,3897755,0.0,0.0,unspecified,False,0.5,0.48,0.56,0.42,0.454,0.989,1.0,0.78,0.77,0.792,0.0,0.0,1.0,0.761,3.05,-0.05,0.04,2.254,2.376,0.0005,0.7981,False
TZA,Tanzania,Nyakyusa,2.8,2.72,-0.08,2.72,0.0,2.72,0.0,2.72,2.72,2.72,2.72,0.0,1919685,3520553,0.0,0.0,unspecified,False,0.5,0.48,0.56,0.42,0.454,0.98,1.0,0.78,0.768,0.792,0.0,0.0,1.0,0.761,2.76,-0.04,0.04,2.254,2.376,0.0005,0.7981,False
TZA,Tanzania,Makua,2.7,2.62,-0.08,2.62,0.0,2.62,0.0,2.62,2.62,2.62,2.62,0.0,1851124,3394819,0.0,0.0,unspecified,False,0.5,0.48,0.56,0.42,0.454,0.977,1.0,0.78,0.767,0.792,0.0,0.0,1.0,0.761,2.66,-0.04,0.04,2.254,2.376,0.0005,0.7981,False
TZA,Tanzania,Luguru,2.2,2.13,-0.07,2.13,0.0,2.13,0.0,2.13,2.13,2.13,2.13,0.0,1508324,2766149,0.0,0.0,unspecified,False,0.5,0.48,0.56,0.42,0.454,0.96,1.0,0.78,0.763,0.792,0.0,0.0,1.0,0.761,2.16,-0.04,0.03,2.254,2.376,0.0005,0.7981,False
TZA,Tanzania,Other,39.0,40.83,1.83,40.83,0.0,40.83,0.0,40.83,40.83,40.83,40.83,0.0,26738463,52923325,0.0,0.0,unspecified,False,0.5,0.48,0.56,0.42,0.454,1.263,1.0,0.78,0.83,0.792,0.0,0.0,1.0,0.761,39.97,0.97,-0.85,2.254,2.376,0.0005,0.7981,True
UGA,Uganda,Baganda,16.5,16.04,-0.46,16.04,0.0,16.04,0.0,16.04,16.04,16.04,16.04,0.0,8252490,13700360,0.0,0.0,unspecified,False,0.5,0.48,0.56,0.42,0.454,1.163,1.0,0.78,0.808,0.795,0.0,0.0,1.0,0.761,16.27,-0.23,0.23,2.256,2.493,0.0005,0.885,False
UGA,Uganda,Banyankole,9.6,9.33,-0.27,9.33,0.0,9.33,0.0,9.33,9.33,9.33,9.33,0.0,4801449,7971119,0.0,0.0,unspecified,False,0.5,0.48,0.56,0.42,0.454,1.103,1.0,0.78,0.795,0.795,0.0,0.0,1.0,0.761,9.47,-0.13,0.13,2.256,2.493,0.0005,0.885,False
UGA,Uganda,Basoga,8.8,8.55,-0.25,8.55,0.0,8.55,0.0,8.55,8.55,8.55,8.55,0.0,4401328,7306859,0.0,0.0,unspecified,False,0.5,0.48,0.56,0.42,0.454,1.094,1.0,0.78,0.793,0.795,0.0,0.0,1.0,0.761,8.68,-0.12,0.12,2.256,2.493,0.0005,0.885,False
UGA,Uganda,Bakiga,7.1,6.9,-0.2,6.9,0.0,6.9,0.0,6.9,6.9,6.9,6.9,0.0,3551071,5895307,0.0,0.0,unspecified,False,0.5,0.48,0.56,0.42,0.454,1.071,1.0,0.78,0.788,0.795,0.0,0.0,1.0,0.761,7.0,-0.1,0.1,2.256,2.493,0.0005,0.885,False
UGA,Uganda,Iteso,7.0,6.8,-0.2,6.8,0.0,6.8,0.0,6.8,6.8,6.8,6.8,0.0,3501056,5812274,0.0,0.0,unspecified,False,0.5,0.48,0.56,0.42,0.454,1.07,1.0,0.78,0.787,0.795,0.0,0.0,1.0,0.761,6.9,-0.1,0.1,2.256,2.493,0.0005,0.885,False
UGA,Uganda,Langi,6.3,6.12,-0.18,6.12,0.0,6.12,0.0,6.12,6.12,6.12,6.12,0.0,3150951,5231047,0.0,0.0,unspecified,False,0.5,0.48,0.56,0.42,0.454,1.059,1.0,0.78,0.785,0.795,0.0,0.0,1.0,0.761,6.21,-0.09,0.09,2.256,2.493,0.0005,0.885,False
UGA,Uganda,Acholi,4.7,4.57,-0.13,4.57,0.0,4.57,0.0,4.57,4.57,4.57,4.57,0.0,2350709,3902527,0.0,0.0,unspecified,False,0.5,0.48,0.56,0.42,0.454,1.029,1.0,0.78,0.778,0.795,0.0,0.0,1.0,0.761,4.63,-0.07,0.07,2.256,2.493,0.0005,0.885,False
UGA,Uganda,Bagisu,4.6,4.47,-0.13,4.47,0.0,4.47,0.0,4.47,4.47,4.47,4.47,0.0,2300694,3819494,0.0,0.0,unspecified,False,0.5,0.48,0.56,0.42,0.454,1.027,1.0,0.78,0.778,0.795,0.0,0.0,1.0,0.761,4.54,-0.06,0.06,2.256,2.493,0.0005,0.885,False
UGA,Uganda,Lugbara,4.2,4.08,-0.12,4.08,0.0,4.08,0.0,4.08,4.08,4.08,4.08,0.0,2100634,3487364,0.0,0.0,unspecified,False,0.5,0.48,0.56,0.42,0.454,1.018,1.0,0.78,0.776,0.795,0.0,0.0,1.0,0.761,4.14,-0.06,0.06,2.256,2.493,0.0005,0.885,False
UGA,Uganda,Bunyoro,2.7,2.62,-0.08,2.62,0.0,2.62,0.0,2.62,2.62,2.62,2.62,0.0,1350407,2241877,0.0,0.0,unspecified,False,0.5,0.48,0.56,0.42,0.454,0.977,1.0,0.78,0.767,0.795,0.0,0.0,1.0,0.761,2.66,-0.04,0.04,2.256,2.493,0.0005,0.885,False
UGA,Uganda,Batoro,2.7,2.62,-0.08,2.62,0.0,2.62,0.0,2.62,2.62,2.62,2.62,0.0,1350407,2241877,0.0,0.0,unspecified,False,0.5,0.48,0.56,0.42,0.454,0.977,1.0,0.78,0.767,0.795,0.0,0.0,1.0,0.761,2.66,-0.04,0.04,2.256,2.493,0.0005,0.885,False
UGA,Uganda,Bafumbira,2.5,2.43,-0.07,2.43,0.0,2.43,0.0,2.43,2.43,2.43,2.43,0.0,1250377,2075812,0.0,0.0,unspecified,False,0.5,0.48,0.56,0.42,0.454,0.97,1.0,0.78,0.765,0.795,0.0,0.0,1.0,0.761,2.46,-0.04,0.04,2.256,2.493,0.0005,0.885,False
UGA,Uganda,Karamojong,2.0,1.94,-0.06,1.94,0.0,1.94,0.0,1.94,1.94,1.94,1.94,0.0,1000302,1660650,0.0,0.0,unspecified,False,0.5,0.48,0.56,0.42,0.454,0.952,1.0,0.78,0.761,0.795,0.0,0.0,1.0,0.761,1.97,-0.03,0.03,2.256,2.493,0.0005,0.885,False
UGA,Uganda,Other,21.3,23.51,2.21,23.51,0.0,23.51,0.0,23.51,23.51,23.51,23.51,0.0,10653214,20084634,0.0,0.0,unspecified,False,0.5,0.48,0.56,0.42,0.454,1.193,1.0,0.78,0.815,0.795,0.0,0.0,1.0,0.761,22.4,1.1,-1.11,2.256,2.493,0.0005,0.885,True
UKR,Ukraine,Ukrainian,77.8,81.33,3.53,81.57,-0.24,81.33,0.0,81.31,81.34,81.31,81.34,0.03,29455252,26017968,0.0,0.0,UKR,False,0.615,0.539,0.82,0.52,0.673,1.3,1.0,0.78,1.077,0.539,0.0,0.0,1.0,0.761,80.57,2.77,-0.77,1.721,1.76,0.0005,0.3298,True
UKR,Ukraine,Russian,17.3,13.64,-3.66,13.68,-0.04,13.64,0.0,13.75,13.52,13.52,13.75,0.22,6549818,4362398,0.0,0.0,unspecified,False,0.5,0.48,0.56,0.42,0.673,1.169,1.0,0.78,0.935,0.539,0.0,0.0,1.0,0.761,14.32,-2.98,0.69,1.721,1.76,0.0005,0.3298,False
UKR,Ukraine,Romanian / Moldovan,0.8,0.63,-0.17,0.63,-0.0,0.63,0.0,0.64,0.63,0.63,0.64,0.01,302882,201729,0.0,0.0,unspecified,False,0.5,0.48,0.56,0.42,0.673,0.891,1.0,0.78,0.843,0.539,0.0,0.0,1.0,0.761,0.66,-0.14,0.03,1.721,1.76,0.0005,0.3298,False
UKR,Ukraine,Belarusian,0.6,0.47,-0.13,0.47,-0.0,0.47,0.0,0.48,0.47,0.47,0.48,0.01,227161,151297,0.0,0.0,unspecified,False,0.5,0.48,0.56,0.42,0.673,0.876,1.0,0.78,0.838,0.539,0.0,0.0,1.0,0.761,0.5,-0.1,0.02,1.721,1.76,0.0005,0.3298,False
UKR,Ukraine,Hungarian (Zakarpattia),0.3,0.24,-0.06,0.24,-0.0,0.24,0.0,0.24,0.23,0.23,0.24,0.0,113581,75649,0.0,0.0,unspecified,False,0.5,0.48,0.56,0.42,0.673,0.851,1.0,0.78,0.83,0.539,0.0,0.0,1.0,0.761,0.25,-0.05,0.01,1.721,1.76,0.0005,0.3298,False
UKR,Ukraine,Bulgarian (Bessarabia),0.4,0.4,0.0,0.4,-0.0,0.4,0.0,0.4,0.4,0.4,0.4,0.0,151441,128050,0.0,0.0,unspecified,False,0.5,0.48,0.56,0.42,0.673,0.86,1.0,0.78,0.833,0.539,0.0,0.0,1.0,0.761,0.4,0.0,0.0,1.721,1.76,0.0005,0.3298,False
UKR,Ukraine,Crimean Tatar,0.5,0.51,0.01,0.51,-0.0,0.51,0.0,0.51,0.51,0.51,0.51,0.0,189301,161863,0.0,0.0,unspecified,False,0.5,0.48,0.56,0.42,0.673,0.869,1.0,0.78,0.836,0.539,0.0,0.0,1.0,0.761,0.51,0.01,0.0,1.721,1.76,0.0005,0.3298,False
UKR,Ukraine,Roma,0.6,0.74,0.14,0.74,-0.0,0.74,0.0,0.73,0.74,0.73,0.74,0.01,227161,235388,0.0,0.0,unspecified,False,0.5,0.48,0.56,0.42,0.673,0.876,1.0,0.78,0.838,0.539,0.0,0.0,1.0,0.761,0.72,0.12,-0.01,1.721,1.76,0.0005,0.3298,False
UKR,Ukraine,Other,1.7,2.05,0.35,1.76,0.29,2.05,0.0,1.96,2.16,1.96,2.16,0.2,643624,655794,0.0,0.0,unspecified,True,0.5,0.48,0.56,0.42,0.673,0.939,1.0,0.78,0.859,0.539,0.0,0.0,1.0,0.761,2.07,0.37,0.02,1.721,1.76,0.0005,0.3298,False
URY,Uruguay,White (European),87.7,83.58,-4.12,84.07,-0.49,83.58,0.0,83.88,83.24,83.24,83.88,0.64,2970033,2719957,0.0,0.0,unspecified,False,0.5,0.48,0.56,0.42,0.562,1.3,1.0,0.78,0.907,0.0,0.0,0.0,1.0,0.761,84.16,-3.54,0.58,1.682,1.566,0.0005,0.2833,True
URY,Uruguay,Black,4.6,5.89,1.29,5.92,-0.04,5.89,0.0,5.85,5.93,5.85,5.93,0.09,155783,191663,0.0,0.0,unspecified,False,0.5,0.48,0.56,0.42,0.562,1.027,1.0,0.78,0.832,0.0,0.0,0.0,1.0,0.761,5.68,1.08,-0.21,1.682,1.566,0.0005,0.2833,False
URY,Uruguay,Indigenous,2.4,3.07,0.67,3.09,-0.02,3.07,0.0,3.05,3.1,3.05,3.1,0.05,81278,99998,0.0,0.0,unspecified,False,0.5,0.48,0.56,0.42,0.562,0.967,1.0,0.78,0.816,0.0,0.0,0.0,1.0,0.761,2.96,0.56,-0.11,1.682,1.566,0.0005,0.2833,False
URY,Uruguay,Asian,0.5,0.74,0.24,0.66,0.08,0.74,0.0,0.71,0.78,0.71,0.78,0.07,16933,24023,0.0,0.0,unspecified,True,0.5,0.48,0.56,0.42,0.562,0.869,1.0,0.78,0.789,0.0,0.0,0.0,1.0,0.761,0.71,0.21,-0.03,1.682,1.566,0.0005,0.2833,False
URY,Uruguay,Other,4.8,6.72,1.92,6.25,0.47,6.72,0.0,6.52,6.96,6.52,6.96,0.44,162556,218713,0.0,0.0,unspecified,False,0.5,0.48,0.56,0.42,0.562,1.031,1.0,0.78,0.833,0.0,0.0,0.0,1.0,0.761,6.48,1.68,-0.24,1.682,1.566,0.0005,0.2833,False
USA,USA,White non-Hispanic,57.0,44.45,-12.55,52.5,-8.04,44.58,-0.13,47.12,41.25,41.25,47.12,5.87,196893143,169301956,0.0,0.0,unspecified,False,0.5,0.48,0.56,0.42,0.68,1.3,1.0,0.88,1.006,0.0,0.732,0.498,1.0,0.761,21.11,-35.89,-23.35,2.741,2.818,0.0005,0.6411,True
USA,USA,Hispanic / Latino (Mexican),11.0,18.0,7.0,11.87,6.14,18.06,-0.05,15.96,20.53,15.96,20.53,4.57,37996922,68565752,0.0,0.0,MEX,True,0.593,0.546,0.74,0.56,0.68,1.118,1.36,0.88,1.184,0.0,0.732,0.498,1.0,0.761,8.43,-2.57,-9.57,2.741,2.818,0.0005,0.6411,False
USA,USA,Hispanic / Latino (Puerto Rican),2.2,2.07,-0.13,2.16,-0.09,2.08,-0.01,2.11,2.02,2.02,2.11,0.1,7599384,7902347,0.0,0.0,unspecified,True,0.5,0.48,0.56,0.42,0.68,0.96,1.0,0.88,0.887,0.0,0.732,0.498,1.0,0.761,0.99,-1.21,-1.09,2.741,2.818,0.0005,0.6411,False
USA,USA,Hispanic / Latino (Salvadoran),1.1,1.73,0.63,1.28,0.45,1.73,-0.0,1.58,1.9,1.58,1.9,0.32,3799692,6586654,0.0,0.0,SLV,True,0.585,0.595,0.62,0.66,0.68,0.909,1.0,0.88,0.924,0.0,0.732,0.498,1.0,0.761,0.8,-0.3,-0.93,2.741,2.818,0.0005,0.6411,False
USA,USA,Hispanic / Latino (Dominican),1.0,1.33,0.33,1.08,0.25,1.33,-0.0,1.25,1.41,1.25,1.41,0.16,3454266,5056615,0.0,0.0,unspecified,True,0.5,0.48,0.56,0.42,0.68,0.903,1.0,0.88,0.867,0.0,0.732,0.498,1.0,0.761,0.62,-0.38,-0.71,2.741,2.818,0.0005,0.6411,False
USA,USA,Hispanic / Latino (Cuban),1.0,0.86,-0.14,0.9,-0.04,0.86,-0.0,0.88,0.83,0.83,0.88,0.05,3454266,3276322,0.0,0.0,unspecified,True,0.5,0.48,0.56,0.42,0.68,0.903,1.0,0.88,0.867,0.0,0.732,0.498,1.0,0.761,0.42,-0.58,-0.44,2.741,2.818,0.0005,0.6411,False
USA,USA,Hispanic / Latino (Guatemalan),0.8,1.38,0.58,0.97,0.41,1.38,-0.0,1.24,1.54,1.24,1.54,0.3,2763413,5243568,0.0,0.0,GTM,True,0.616,0.663,0.56,0.7,0.68,0.891,1.24,0.88,1.028,0.0,0.732,0.498,1.0,0.761,0.63,-0.17,-0.74,2.741,2.818,0.0005,0.6411,False
USA,USA,Hispanic / Latino (Honduran),0.4,0.76,0.36,0.5,0.25,0.76,-0.0,0.67,0.86,0.67,0.86,0.2,1381706,2877027,0.0,0.0,HND,True,0.609,0.656,0.56,0.72,0.68,0.86,1.22,0.88,0.999,0.0,0.732,0.498,1.0,0.761,0.34,-0.06,-0.41,2.741,2.818,0.0005,0.6411,False
USA,USA,Hispanic / Latino (Colombian),0.4,0.5,0.1,0.4,0.1,0.5,-0.0,0.47,0.54,0.47,0.54,0.07,1381706,1912040,0.0,0.0,COL,True,0.632,0.586,0.78,0.6,0.68,0.86,1.0,0.88,0.932,0.0,0.732,0.498,1.0,0.761,0.24,-0.16,-0.26,2.741,2.818,0.0005,0.6411,False
USA,USA,Hispanic / Latino (Venezuelan),0.3,0.48,0.18,0.31,0.17,0.48,-0.0,0.42,0.55,0.42,0.55,0.13,1036280,1824822,0.0,0.0,VEN,True,0.636,0.596,0.78,0.64,0.68,0.851,1.0,0.88,0.931,0.0,0.732,0.498,1.0,0.761,0.23,-0.07,-0.25,2.741,2.818,0.0005,0.6411,False
USA,USA,Hispanic / Latino (Other),0.4,0.53,0.13,0.43,0.1,0.53,-0.0,0.5,0.56,0.5,0.56,0.06,1381706,2010279,0.0,0.0,unspecified,True,0.5,0.48,0.56,0.42,0.68,0.86,1.0,0.88,0.852,0.0,0.732,0.498,1.0,0.761,0.25,-0.15,-0.28,2.741,2.818,0.0005,0.6411,False
USA,USA,Black / African American,10.8,9.44,-1.36,11.19,-1.75,9.46,-0.03,9.97,8.78,8.78,9.97,1.2,37306069,35939025,0.0,0.0,unspecified,False,0.5,0.48,0.56,0.42,0.68,1.116,1.0,0.88,0.942,0.0,0.732,0.498,1.0,0.761,4.45,-6.35,-4.98,2.741,2.818,0.0005,0.6411,False
USA,USA,Black (African immigrant),1.0,2.02,1.02,1.16,0.86,1.74,0.28,1.74,2.36,1.74,2.36,0.62,3454266,7705457,0.0,0.0,NGA;ETH;GHA;KEN;UGA;TZA;RWA;COD;CIV;CMR;SEN;ZMB;ZWE;MOZ;MWI;AGO;SDN;SOM;ERI;BFA;NER;MLI;GIN;SLE;LBR;BEN;TGO;GMB,True,0.711,0.785,0.574,0.717,0.68,0.903,1.011,0.88,1.006,0.0,0.732,0.498,1.0,0.761,1.03,0.03,-0.99,2.741,2.818,0.0005,0.6411,False
USA,USA,Black (Caribbean),0.6,0.67,0.07,0.62,0.05,0.68,-0.0,0.66,0.68,0.66,0.68,0.02,2072559,2564532,0.0,0.0,unspecified,True,0.5,0.48,0.56,0.42,0.68,0.876,1.0,0.88,0.858,0.0,0.732,0.498,1.0,0.761,0.32,-0.28,-0.36,2.741,2.818,0.0005,0.6411,False
USA,USA,Asian (Chinese),1.5,1.52,0.02,1.3,0.22,1.52,-0.0,1.46,1.57,1.46,1.57,0.11,5181398,5777885,0.0,0.0,CHN,True,0.52,0.502,0.58,0.45,0.68,0.93,1.0,0.88,0.89,0.0,0.732,0.498,1.0,0.761,0.74,-0.76,-0.78,2.741,2.818,0.0005,0.6411,False
USA,USA,Asian (Indian),1.6,2.56,0.96,1.52,1.04,2.57,-0.01,2.21,3.01,2.21,3.01,0.8,5526825,9744691,0.0,0.0,IND;PAK;BGD;LKA;NPL,True,0.718,0.719,0.752,0.684,0.68,0.935,1.04,0.88,1.04,0.0,0.732,0.498,1.0,0.761,1.23,-0.37,-1.33,2.741,2.818,0.0005,0.6411,False
USA,USA,Asian (Filipino),1.2,1.63,0.43,1.19,0.44,1.64,-0.0,1.49,1.79,1.49,1.79,0.3,4145119,6209419,0.0,0.0,PHL,True,0.759,0.718,0.88,0.64,0.68,0.915,1.18,0.88,1.126,0.0,0.732,0.498,1.0,0.761,0.78,-0.42,-0.85,2.741,2.818,0.0005,0.6411,False
USA,USA,Asian (Vietnamese),0.7,0.8,0.1,0.67,0.14,0.81,-0.0,0.77,0.84,0.77,0.84,0.08,2417986,3060525,0.0,0.0,VNM,True,0.71,0.674,0.84,0.68,0.68,0.884,1.0,0.88,0.991,0.0,0.732,0.498,1.0,0.761,0.39,-0.31,-0.42,2.741,2.818,0.0005,0.6411,False
USA,USA,Asian (Korean),0.5,0.42,-0.08,0.39,0.03,0.42,-0.0,0.42,0.43,0.42,0.43,0.01,1727133,1613719,0.0,0.0,unspecified,True,0.5,0.48,0.56,0.42,0.68,0.869,1.0,0.88,0.855,0.0,0.732,0.498,1.0,0.761,0.21,-0.29,-0.21,2.741,2.818,0.0005,0.6411,False
USA,USA,Asian (Japanese),0.3,0.2,-0.1,0.22,-0.02,0.2,-0.0,0.21,0.19,0.19,0.21,0.02,1036280,757723,0.0,0.0,unspecified,True,0.5,0.48,0.56,0.42,0.68,0.851,1.0,0.88,0.849,0.0,0.732,0.498,1.0,0.761,0.1,-0.2,-0.1,2.741,2.818,0.0005,0.6411,False
USA,USA,Asian (Pakistani),0.2,0.33,0.13,0.23,0.1,0.33,-0.0,0.3,0.37,0.3,0.37,0.07,690853,1269117,0.0,0.0,PAK,True,0.769,0.814,0.7,0.74,0.68,0.842,1.0,0.88,1.005,0.0,0.732,0.498,1.0,0.761,0.15,-0.05,-0.18,2.741,2.818,0.0005,0.6411,False
USA,USA,Asian (Bangladeshi),0.1,0.18,0.08,0.12,0.06,0.18,-0.0,0.16,0.21,0.16,0.21,0.05,345427,697688,0.0,0.0,BGD,True,0.735,0.788,0.68,0.84,0.68,0.831,1.0,0.88,0.98,0.0,0.732,0.498,1.0,0.761,0.08,-0.02,-0.1,2.741,2.818,0.0005,0.6411,False
USA,USA,Asian (Other),0.5,0.59,0.09,0.45,0.14,0.59,-0.0,0.55,0.64,0.55,0.64,0.09,1727133,2258465,0.0,0.0,unspecified,True,0.5,0.48,0.56,0.42,0.68,0.869,1.0,0.88,0.855,0.0,0.732,0.498,1.0,0.761,0.29,-0.21,-0.31,2.741,2.818,0.0005,0.6411,False
USA,USA,Middle Eastern / North African,0.5,0.8,0.3,0.58,0.22,0.8,-0.0,0.73,0.89,0.73,0.89,0.16,1727133,3046435,0.0,0.0,unspecified,True,0.5,0.48,0.56,0.42,0.68,0.869,1.0,0.88,0.855,0.0,0.732,0.498,1.0,0.761,0.37,-0.13,-0.43,2.741,2.818,0.0005,0.6411,False
USA,USA,Multiracial,3.4,5.4,2.0,6.39,-0.99,5.42,-0.02,5.71,5.02,5.02,5.71,0.69,11744503,20580274,0.0,0.0,unspecified,False,0.5,0.48,0.56,0.42,0.68,0.998,1.0,0.88,0.9,0.0,0.732,0.498,1.0,0.761,55.18,51.78,49.78,2.741,2.818,0.0005,0.6411,False
USA,USA,Native American,1.1,1.0,-0.1,1.18,-0.18,1.0,-0.0,1.05,0.93,0.93,1.05,0.12,3799692,3797879,0.0,0.0,unspecified,False,0.5,0.48,0.56,0.42,0.68,0.909,1.0,0.88,0.869,0.0,0.732,0.498,1.0,0.761,0.47,-0.63,-0.53,2.741,2.818,0.0005,0.6411,False
USA,USA,Native Hawaiian / Pacific,0.2,0.17,-0.03,0.2,-0.03,0.17,-0.0,0.18,0.16,0.16,0.18,0.02,690853,635703,0.0,0.0,unspecified,False,0.5,0.48,0.56,0.42,0.68,0.842,1.0,0.88,0.846,0.0,0.732,0.498,1.0,0.761,0.08,-0.12,-0.09,2.741,2.818,0.0005,0.6411,False
USA,USA,Other,0.2,0.17,-0.03,0.2,-0.03,0.17,-0.0,0.18,0.15,0.15,0.18,0.02,690853,630984,0.0,0.0,unspecified,False,0.5,0.48,0.56,0.42,0.68,0.842,1.0,0.88,0.846,0.0,0.732,0.498,1.0,0.761,0.08,-0.12,-0.09,2.741,2.818,0.0005,0.6411,False
UZB,Uzbekistan,Uzbek,83.8,84.39,0.59,84.39,0.0,84.39,0.0,84.39,84.4,84.39,84.4,0.01,30471238,44062261,0.0,0.0,unspecified,False,0.5,0.48,0.56,0.42,0.454,1.3,1.0,0.78,0.839,0.0,0.0,0.0,1.0,0.761,84.13,0.33,-0.26,1.609,1.659,0.0005,0.2864,True
UZB,Uzbekistan,Tajik,4.8,4.69,-0.11,4.69,0.0,4.69,0.0,4.69,4.69,4.69,4.69,0.0,1745369,2446997,0.0,0.0,unspecified,False,0.5,0.48,0.56,0.42,0.454,1.031,1.0,0.78,0.779,0.0,0.0,0.0,1.0,0.761,4.75,-0.05,0.07,1.609,1.659,0.0005,0.2864,False
UZB,Uzbekistan,Kazakh,2.5,2.44,-0.06,2.44,0.0,2.44,0.0,2.44,2.44,2.44,2.44,0.0,909046,1274478,0.0,0.0,unspecified,False,0.5,0.48,0.56,0.42,0.454,0.97,1.0,0.78,0.765,0.0,0.0,0.0,1.0,0.761,2.48,-0.02,0.03,1.609,1.659,0.0005,0.2864,False
UZB,Uzbekistan,Russian,2.3,1.99,-0.31,1.99,0.0,1.99,0.0,1.99,1.98,1.98,1.99,0.01,836323,1037167,0.0,0.0,unspecified,False,0.5,0.48,0.56,0.42,0.454,0.963,1.0,0.78,0.764,0.0,0.0,0.0,1.0,0.761,2.05,-0.25,0.07,1.609,1.659,0.0005,0.2864,False
UZB,Uzbekistan,Karakalpak,2.2,2.15,-0.05,2.15,0.0,2.15,0.0,2.15,2.15,2.15,2.15,0.0,799961,1121540,0.0,0.0,unspecified,False,0.5,0.48,0.56,0.42,0.454,0.96,1.0,0.78,0.763,0.0,0.0,0.0,1.0,0.761,2.18,-0.02,0.03,1.609,1.659,0.0005,0.2864,False
UZB,Uzbekistan,Other,4.4,4.34,-0.06,4.34,0.0,4.34,0.0,4.34,4.34,4.34,4.34,0.0,1599922,2268307,0.0,0.0,unspecified,False,0.5,0.48,0.56,0.42,0.454,1.022,1.0,0.78,0.777,0.0,0.0,0.0,1.0,0.761,4.41,0.01,0.06,1.609,1.659,0.0005,0.2864,False
VCT,St. Vincent & Grenadines,Black,66.0,66.87,0.87,67.15,-0.27,66.87,0.0,66.94,66.79,66.79,66.94,0.16,66416,59483,0.0,0.0,unspecified,False,0.5,0.48,0.56,0.42,0.576,1.3,1.0,0.78,0.917,0.0,0.0,0.0,1.0,0.761,66.32,0.32,-0.55,1.901,1.979,0.0005,0.5166,True
VCT,St. Vincent & Grenadines,Mixed,19.0,18.72,-0.28,18.8,-0.08,18.72,0.0,18.74,18.7,18.7,18.74,0.05,19120,16652,0.0,0.0,unspecified,False,0.5,0.48,0.56,0.42,0.576,1.179,1.0,0.78,0.883,0.0,0.0,0.0,1.0,0.761,18.97,-0.03,0.25,1.901,1.979,0.0005,0.5166,False
VCT,St. Vincent & Grenadines,East Indian,6.0,5.85,-0.15,5.87,-0.02,5.85,0.0,5.85,5.84,5.84,5.85,0.01,6038,5200,0.0,0.0,IND;PAK;BGD;LKA;NPL,False,0.718,0.719,0.752,0.684,0.576,1.054,1.0,0.78,0.977,0.0,0.0,0.0,1.0,0.761,5.92,-0.08,0.08,1.901,1.979,0.0005,0.5166,False
VCT,St. Vincent & Grenadines,European,4.0,3.22,-0.78,3.24,-0.01,3.22,0.0,3.25,3.2,3.2,3.25,0.05,4025,2866,0.0,0.0,unspecified,False,0.5,0.48,0.56,0.42,0.576,1.013,1.0,0.78,0.836,0.0,0.0,0.0,1.0,0.761,3.38,-0.62,0.15,1.901,1.979,0.0005,0.5166,False
VCT,St. Vincent & Grenadines,Other,5.0,5.34,0.34,4.95,0.39,5.34,0.0,5.22,5.48,5.22,5.48,0.26,5032,4747,0.0,0.0,unspecified,False,0.5,0.48,0.56,0.42,0.576,1.035,1.0,0.78,0.842,0.0,0.0,0.0,1.0,0.761,5.41,0.41,0.07,1.901,1.979,0.0005,0.5166,False
VEN,Venezuela,Mixed (Mestizo),50.0,54.42,4.42,54.47,-0.05,54.42,0.0,54.35,54.48,54.35,54.48,0.13,14202772,16921807,0.0,0.0,unspecified,False,0.5,0.48,0.56,0.42,0.454,1.292,1.0,0.78,0.837,0.596,0.0,0.0,1.0,0.761,53.35,3.35,-1.07,1.96,2.05,0.0005,0.5755,True
VEN,Venezuela,White (European descent),42.0,35.77,-6.23,35.81,-0.03,35.77,0.0,35.93,35.61,35.61,35.93,0.32,11930328,11123368,0.0,0.0,unspecified,False,0.5,0.48,0.56,0.42,0.454,1.271,1.0,0.78,0.832,0.596,0.0,0.0,1.0,0.761,37.04,-4.96,1.26,1.96,2.05,0.0005,0.5755,False
VEN,Venezuela,Black,2.8,3.05,0.25,3.05,-0.0,3.05,0.0,3.04,3.06,3.04,3.06,0.02,795355,948713,0.0,0.0,unspecified,False,0.5,0.48,0.56,0.42,0.454,0.98,1.0,0.78,0.768,0.596,0.0,0.0,1.0,0.761,3.04,0.24,-0.01,1.96,2.05,0.0005,0.5755,False
VEN,Venezuela,Indigenous (Wayuu/Warao),2.6,3.79,1.19,3.79,-0.0,3.79,0.0,3.75,3.83,3.75,3.83,0.08,738544,1177729,0.0,0.0,unspecified,False,0.5,0.48,0.56,0.42,0.454,0.974,1.0,0.78,0.766,0.596,0.0,0.0,1.0,0.761,3.62,1.02,-0.16,1.96,2.05,0.0005,0.5755,False
VEN,Venezuela,Colombian migrant,0.8,0.99,0.19,0.89,0.09,0.99,0.0,0.95,1.02,0.95,1.02,0.07,227244,306525,0.0,0.0,COL,True,0.632,0.586,0.78,0.6,0.454,0.891,1.0,0.78,0.8,0.596,0.0,0.0,1.0,0.761,0.98,0.18,-0.0,1.96,2.05,0.0005,0.5755,False
VEN,Venezuela,Other,1.8,1.98,0.18,1.99,-0.0,1.98,0.0,1.98,1.99,1.98,1.99,0.01,511300,616746,0.0,0.0,unspecified,False,0.5,0.48,0.56,0.42,0.454,0.944,1.0,0.78,0.759,0.596,0.0,0.0,1.0,0.761,1.97,0.17,-0.01,1.96,2.05,0.0005,0.5755,False
VNM,Vietnam,Kinh (Viet),85.3,84.34,-0.96,84.34,0.0,84.34,0.0,84.37,84.3,84.3,84.37,0.07,86142495,92780198,0.0,0.0,unspecified,False,0.5,0.48,0.56,0.42,0.483,1.3,1.0,0.78,0.857,0.674,0.0,0.0,1.0,0.761,84.31,-0.99,-0.03,1.608,1.626,0.0005,0.2851,True
VNM,Vietnam,Tay,1.9,2.11,0.21,2.11,0.0,2.11,0.0,2.11,2.12,2.11,2.12,0.01,1918766,2323914,0.0,0.0,unspecified,False,0.5,0.48,0.56,0.42,0.483,0.948,1.0,0.78,0.774,0.674,0.0,0.0,1.0,0.761,2.1,0.2,-0.01,1.608,1.626,0.0005,0.2851,False
VNM,Vietnam,Thai,1.9,2.11,0.21,2.11,0.0,2.11,0.0,2.11,2.12,2.11,2.12,0.01,1918766,2323914,0.0,0.0,unspecified,False,0.5,0.48,0.56,0.42,0.483,0.948,1.0,0.78,0.774,0.674,0.0,0.0,1.0,0.761,2.1,0.2,-0.01,1.608,1.626,0.0005,0.2851,False
VNM,Vietnam,Muong,1.5,1.67,0.17,1.67,0.0,1.67,0.0,1.66,1.67,1.66,1.67,0.01,1514815,1834669,0.0,0.0,unspecified,False,0.5,0.48,0.56,0.42,0.483,0.93,1.0,0.78,0.77,0.674,0.0,0.0,1.0,0.761,1.66,0.16,-0.01,1.608,1.626,0.0005,0.2851,False
VNM,Vietnam,Khmer Krom,1.4,1.56,0.16,1.56,0.0,1.56,0.0,1.55,1.56,1.55,1.56,0.01,1413828,1712358,0.0,0.0,unspecified,False,0.5,0.48,0.56,0.42,0.483,0.925,1.0,0.78,0.768,0.674,0.0,0.0,1.0,0.761,1.55,0.15,-0.01,1.608,1.626,0.0005,0.2851,False
VNM,Vietnam,Hmong,1.4,1.56,0.16,1.56,0.0,1.56,0.0,1.55,1.56,1.55,1.56,0.01,1413828,1712358,0.0,0.0,unspecified,False,0.5,0.48,0.56,0.42,0.483,0.925,1.0,0.78,0.768,0.674,0.0,0.0,1.0,0.761,1.55,0.15,-0.01,1.608,1.626,0.0005,0.2851,False
VNM,Vietnam,Nung,1.0,1.11,0.11,1.11,0.0,1.11,0.0,1.11,1.12,1.11,1.12,0.01,1009877,1223113,0.0,0.0,unspecified,False,0.5,0.48,0.56,0.42,0.483,0.903,1.0,0.78,0.763,0.674,0.0,0.0,1.0,0.761,1.11,0.11,-0.01,1.608,1.626,0.0005,0.2851,False
VNM,Vietnam,Dao,0.8,0.89,0.09,0.89,0.0,0.89,0.0,0.89,0.89,0.89,0.89,0.01,807901,978490,0.0,0.0,unspecified,False,0.5,0.48,0.56,0.42,0.483,0.891,1.0,0.78,0.76,0.674,0.0,0.0,1.0,0.761,0.89,0.09,-0.0,1.608,1.626,0.0005,0.2851,False
VNM,Vietnam,Other,4.8,4.65,-0.15,4.65,0.0,4.65,0.0,4.66,4.65,4.65,4.66,0.0,4847409,5119898,0.0,0.0,unspecified,False,0.5,0.48,0.56,0.42,0.483,1.031,1.0,0.78,0.793,0.674,0.0,0.0,1.0,0.761,4.73,-0.07,0.08,1.608,1.626,0.0005,0.2851,False
VUT,Vanuatu,Ni-Vanuatu,97.6,97.37,-0.23,97.61,-0.24,97.37,0.0,97.45,97.29,97.29,97.45,0.16,319919,520358,0.0,0.0,unspecified,False,0.5,0.48,0.56,0.42,0.454,1.3,1.0,0.78,0.839,0.0,0.0,0.0,1.0,0.761,97.34,-0.26,-0.04,1.356,1.316,0.0005,0.0519,True
VUT,Vanuatu,Other (incl. Asian/European),2.4,2.63,0.23,2.39,0.24,2.63,0.0,2.55,2.71,2.55,2.71,0.16,7867,14033,0.0,0.0,unspecified,True,0.5,0.48,0.56,0.42,0.454,0.967,1.0,0.78,0.765,0.0,0.0,0.0,1.0,0.761,2.66,0.26,0.04,1.356,1.316,0.0005,0.0519,False
WSM,Samoa,Samoan,96.0,95.63,-0.37,96.02,-0.39,95.63,0.0,95.75,95.48,95.48,95.75,0.27,209310,260801,0.0,0.0,unspecified,False,0.5,0.48,0.56,0.42,0.454,1.3,1.0,0.78,0.839,0.0,0.0,0.0,1.0,0.761,95.56,-0.44,-0.06,1.391,1.358,0.0005,0.0848,True
WSM,Samoa,Other,4.0,4.37,0.37,3.98,0.39,4.37,0.0,4.25,4.52,4.25,4.52,0.27,8721,11927,0.0,0.0,unspecified,True,0.5,0.48,0.56,0.42,0.454,1.013,1.0,0.78,0.775,0.0,0.0,0.0,1.0,0.761,4.44,0.44,0.06,1.391,1.358,0.0005,0.0848,False
YEM,Yemen,Arab (Zaydi/Shafi'i),90.0,91.12,1.12,91.25,-0.13,91.12,0.0,91.14,91.1,91.1,91.14,0.04,36524856,64674971,0.0,0.0,unspecified,False,0.5,0.48,0.56,0.42,0.454,1.3,1.0,0.78,0.839,0.0,0.0,0.0,1.0,0.761,90.89,0.89,-0.23,1.519,1.513,0.0005,0.1722,True
YEM,Yemen,Mahra/Socotri,2.0,1.63,-0.37,1.63,-0.0,1.63,0.0,1.63,1.62,1.62,1.63,0.02,811663,1153517,0.0,0.0,unspecified,False,0.5,0.48,0.56,0.42,0.454,0.952,1.0,0.78,0.761,0.0,0.0,0.0,1.0,0.761,1.68,-0.32,0.05,1.519,1.513,0.0005,0.1722,False
YEM,Yemen,Somali (refugee/descendant),2.0,1.97,-0.03,1.97,-0.0,1.97,0.0,1.97,1.97,1.97,1.97,0.0,811663,1396576,0.0,0.0,SOM;ETH;KEN,False,0.717,0.799,0.567,0.747,0.454,0.952,1.0,0.78,0.853,0.0,0.0,0.0,1.0,0.761,1.99,-0.01,0.03,1.519,1.513,0.0005,0.1722,False
YEM,Yemen,Ethiopian/Eritrean migrant,1.5,1.39,-0.11,1.25,0.14,1.39,0.0,1.35,1.44,1.35,1.44,0.08,608748,985674,0.0,0.0,ETH,True,0.71,0.81,0.52,0.76,0.454,0.93,1.0,0.78,0.843,0.0,0.0,0.0,1.0,0.761,1.43,-0.07,0.05,1.519,1.513,0.0005,0.1722,False
YEM,Yemen,Akdam (muwalladeen),2.5,2.25,-0.25,2.26,-0.0,2.25,0.0,2.26,2.25,2.25,2.26,0.01,1014579,1599180,0.0,0.0,unspecified,False,0.5,0.48,0.56,0.42,0.454,0.97,1.0,0.78,0.765,0.0,0.0,0.0,1.0,0.761,2.31,-0.19,0.05,1.519,1.513,0.0005,0.1722,False
YEM,Yemen,Other,2.0,1.64,-0.36,1.65,-0.0,1.64,0.0,1.65,1.64,1.64,1.65,0.02,811663,1166490,0.0,0.0,unspecified,False,0.5,0.48,0.56,0.42,0.454,0.952,1.0,0.78,0.761,0.0,0.0,0.0,1.0,0.761,1.7,-0.3,0.05,1.519,1.513,0.0005,0.1722,False
ZAF,South Africa,Zulu,22.5,22.23,-0.27,22.23,0.0,22.23,0.0,22.22,22.24,22.22,22.24,0.02,14401617,17600572,0.0,0.0,unspecified,False,0.5,0.48,0.56,0.42,0.454,1.199,1.0,0.78,0.816,0.0,0.0,0.0,1.0,0.761,22.5,0.0,0.27,2.212,2.271,0.0005,0.72,False
ZAF,South Africa,Xhosa,16.0,15.81,-0.19,15.81,0.0,15.81,0.0,15.8,15.81,15.8,15.81,0.01,10241150,12515963,0.0,0.0,unspecified,False,0.5,0.48,0.56,0.42,0.454,1.16,1.0,0.78,0.807,0.0,0.0,0.0,1.0,0.761,16.0,0.0,0.19,2.212,2.271,0.0005,0.72,False
ZAF,South Africa,Other Black African (Sotho/Pedi/Tswana/Venda/Tsonga),42.9,44.96,2.06,44.96,0.0,44.96,0.0,44.95,44.98,44.95,44.98,0.04,27459083,35602020,0.0,0.0,NGA;GHA;KEN;UGA;TZA;ETH;SEN;CIV;CMR;COD,False,0.732,0.782,0.634,0.652,0.454,1.274,1.0,0.78,0.964,0.0,0.0,0.0,1.0,0.761,44.07,1.17,-0.9,2.212,2.271,0.0005,0.72,True
ZAF,South Africa,Colored (Mixed),8.2,8.1,-0.1,8.1,0.0,8.1,0.0,8.1,8.1,8.1,8.1,0.01,5248589,6414431,0.0,0.0,unspecified,False,0.5,0.48,0.56,0.42,0.454,1.086,1.0,0.78,0.791,0.0,0.0,0.0,1.0,0.761,8.2,0.0,0.1,2.212,2.271,0.0005,0.72,False
ZAF,South Africa,White (Afrikaner),5.0,3.94,-1.06,3.94,0.0,3.94,0.0,3.97,3.92,3.92,3.97,0.05,3200359,3122909,0.0,0.0,unspecified,False,0.5,0.48,0.56,0.42,0.454,1.035,1.0,0.78,0.78,0.0,0.0,0.0,1.0,0.761,4.15,-0.85,0.21,2.212,2.271,0.0005,0.72,False
ZAF,South Africa,White (English-speaking),2.3,1.89,-0.41,1.89,0.0,1.89,0.0,1.9,1.88,1.88,1.9,0.02,1472165,1492950,0.0,0.0,unspecified,False,0.5,0.48,0.56,0.42,0.454,0.963,1.0,0.78,0.764,0.0,0.0,0.0,1.0,0.761,1.97,-0.33,0.09,2.212,2.271,0.0005,0.72,False
ZAF,South Africa,Indian/Asian,2.7,2.67,-0.03,2.67,0.0,2.67,0.0,2.67,2.67,2.67,2.67,0.0,1728194,2112069,0.0,0.0,IND;PAK;BGD;LKA;NPL,False,0.718,0.719,0.752,0.684,0.454,0.977,1.0,0.78,0.862,0.0,0.0,0.0,1.0,0.761,2.7,0.0,0.03,2.212,2.271,0.0005,0.72,False
ZAF,South Africa,Other,0.4,0.4,-0.0,0.4,0.0,0.4,0.0,0.4,0.4,0.4,0.4,0.0,256029,316418,0.0,0.0,unspecified,False,0.5,0.48,0.56,0.42,0.454,0.86,1.0,0.78,0.741,0.0,0.0,0.0,1.0,0.761,0.4,0.0,0.0,2.212,2.271,0.0005,0.72,False
ZMB,Zambia,Bemba,21.0,20.4,-0.6,20.4,0.0,20.4,0.0,20.4,20.4,20.4,20.4,0.0,4476142,7767256,0.0,0.0,unspecified,False,0.5,0.48,0.56,0.42,0.454,1.191,1.0,0.78,0.814,0.771,0.0,0.0,1.0,0.761,20.69,-0.31,0.29,2.217,2.428,0.0005,0.838,False
ZMB,Zambia,Tonga,13.6,13.21,-0.39,13.21,0.0,13.21,0.0,13.21,13.21,13.21,13.21,0.0,2898835,5030223,0.0,0.0,unspecified,False,0.5,0.48,0.56,0.42,0.454,1.142,1.0,0.78,0.803,0.771,0.0,0.0,1.0,0.761,13.4,-0.2,0.19,2.217,2.428,0.0005,0.838,False
ZMB,Zambia,Chewa,7.4,7.19,-0.21,7.19,0.0,7.19,0.0,7.19,7.19,7.19,7.19,0.0,1577307,2737033,0.0,0.0,unspecified,False,0.5,0.48,0.56,0.42,0.454,1.075,1.0,0.78,0.789,0.771,0.0,0.0,1.0,0.761,7.29,-0.11,0.1,2.217,2.428,0.0005,0.838,False
ZMB,Zambia,Lozi,5.5,5.34,-0.16,5.34,0.0,5.34,0.0,5.34,5.34,5.34,5.34,0.0,1172323,2034281,0.0,0.0,unspecified,False,0.5,0.48,0.56,0.42,0.454,1.045,1.0,0.78,0.782,0.771,0.0,0.0,1.0,0.761,5.42,-0.08,0.08,2.217,2.428,0.0005,0.838,False
ZMB,Zambia,Nsenga,5.3,5.15,-0.15,5.15,0.0,5.15,0.0,5.15,5.15,5.15,5.15,0.0,1129693,1960307,0.0,0.0,unspecified,False,0.5,0.48,0.56,0.42,0.454,1.041,1.0,0.78,0.781,0.771,0.0,0.0,1.0,0.761,5.22,-0.08,0.07,2.217,2.428,0.0005,0.838,False
ZMB,Zambia,Tumbuka,4.4,4.27,-0.13,4.27,0.0,4.27,0.0,4.27,4.27,4.27,4.27,0.0,937858,1627425,0.0,0.0,unspecified,False,0.5,0.48,0.56,0.42,0.454,1.022,1.0,0.78,0.777,0.771,0.0,0.0,1.0,0.761,4.34,-0.06,0.06,2.217,2.428,0.0005,0.838,False
ZMB,Zambia,Ngoni,4.0,3.88,-0.12,3.88,0.0,3.88,0.0,3.88,3.88,3.88,3.88,0.0,852598,1479477,0.0,0.0,unspecified,False,0.5,0.48,0.56,0.42,0.454,1.013,1.0,0.78,0.775,0.771,0.0,0.0,1.0,0.761,3.94,-0.06,0.06,2.217,2.428,0.0005,0.838,False
ZMB,Zambia,Lala,3.1,3.01,-0.09,3.01,0.0,3.01,0.0,3.01,3.01,3.01,3.01,0.0,660764,1146595,0.0,0.0,unspecified,False,0.5,0.48,0.56,0.42,0.454,0.989,1.0,0.78,0.77,0.771,0.0,0.0,1.0,0.761,3.05,-0.05,0.04,2.217,2.428,0.0005,0.838,False
ZMB,Zambia,Kaonde,2.9,2.82,-0.08,2.82,0.0,2.82,0.0,2.82,2.82,2.82,2.82,0.0,618134,1072621,0.0,0.0,unspecified,False,0.5,0.48,0.56,0.42,0.454,0.983,1.0,0.78,0.768,0.771,0.0,0.0,1.0,0.761,2.86,-0.04,0.04,2.217,2.428,0.0005,0.838,False
ZMB,Zambia,Lunda,2.7,2.62,-0.08,2.62,0.0,2.62,0.0,2.62,2.62,2.62,2.62,0.0,575504,998647,0.0,0.0,unspecified,False,0.5,0.48,0.56,0.42,0.454,0.977,1.0,0.78,0.767,0.771,0.0,0.0,1.0,0.761,2.66,-0.04,0.04,2.217,2.428,0.0005,0.838,False
ZMB,Zambia,Luvale,2.2,2.14,-0.06,2.14,0.0,2.14,0.0,2.14,2.14,2.14,2.14,0.0,468929,813712,0.0,0.0,unspecified,False,0.5,0.48,0.56,0.42,0.454,0.96,1.0,0.78,0.763,0.771,0.0,0.0,1.0,0.761,2.17,-0.03,0.03,2.217,2.428,0.0005,0.838,False
ZMB,Zambia,Other,27.9,29.98,2.08,29.98,0.0,29.98,0.0,29.98,29.98,29.98,29.98,0.0,5946874,11415806,0.0,0.0,unspecified,False,0.5,0.48,0.56,0.42,0.454,1.224,1.0,0.78,0.822,0.771,0.0,0.0,1.0,0.761,28.96,1.06,-1.01,2.217,2.428,0.0005,0.838,True
ZWE,Zimbabwe,Shona,70.0,70.81,0.81,70.81,0.0,70.81,0.0,70.81,70.81,70.81,70.81,0.0,11644056,18316713,0.0,0.0,unspecified,False,0.5,0.48,0.56,0.42,0.454,1.3,1.0,0.78,0.839,0.692,0.0,0.0,1.0,0.761,70.39,0.39,-0.43,1.839,1.903,0.0005,0.462,True
ZWE,Zimbabwe,Ndebele,20.0,19.5,-0.5,19.5,0.0,19.5,0.0,19.5,19.5,19.5,19.5,0.0,3326873,5043535,0.0,0.0,unspecified,False,0.5,0.48,0.56,0.42,0.454,1.185,1.0,0.78,0.813,0.692,0.0,0.0,1.0,0.761,19.78,-0.22,0.28,1.839,1.903,0.0005,0.462,False
ZWE,Zimbabwe,Kalanga,3.0,2.92,-0.08,2.92,0.0,2.92,0.0,2.92,2.92,2.92,2.92,0.0,499031,756530,0.0,0.0,unspecified,False,0.5,0.48,0.56,0.42,0.454,0.986,1.0,0.78,0.769,0.692,0.0,0.0,1.0,0.761,2.97,-0.03,0.04,1.839,1.903,0.0005,0.462,False
ZWE,Zimbabwe,Tonga,1.5,1.46,-0.04,1.46,0.0,1.46,0.0,1.46,1.46,1.46,1.46,0.0,249515,378265,0.0,0.0,unspecified,False,0.5,0.48,0.56,0.42,0.454,0.93,1.0,0.78,0.756,0.692,0.0,0.0,1.0,0.761,1.48,-0.02,0.02,1.839,1.903,0.0005,0.462,False
ZWE,Zimbabwe,Other Black African,4.9,4.78,-0.12,4.78,0.0,4.78,0.0,4.78,4.78,4.78,4.78,0.0,815084,1235666,0.0,0.0,NGA;GHA;KEN;UGA;TZA;ETH;SEN;CIV;CMR;COD,False,0.732,0.782,0.634,0.652,0.454,1.033,1.0,0.78,0.886,0.692,0.0,0.0,1.0,0.761,4.85,-0.05,0.07,1.839,1.903,0.0005,0.462,False
ZWE,Zimbabwe,White,0.4,0.33,-0.07,0.33,0.0,0.33,0.0,0.33,0.33,0.33,0.33,0.0,66537,84674,0.0,0.0,unspecified,False,0.5,0.48,0.56,0.42,0.454,0.86,1.0,0.78,0.741,0.692,0.0,0.0,1.0,0.761,0.34,-0.06,0.01,1.839,1.903,0.0005,0.462,False
ZWE,Zimbabwe,Other,0.2,0.2,-0.0,0.2,0.0,0.2,0.0,0.2,0.2,0.2,0.2,0.0,33269,51003,0.0,0.0,unspecified,False,0.5,0.48,0.56,0.42,0.454,0.842,1.0,0.78,0.737,0.692,0.0,0.0,1.0,0.761,0.2,0.0,0.0,1.839,1.903,0.0005,0.462,False
