ISO3,Country,Group,Profile,TFR_2024,TFR_2050,Nat_TFR_2024,Nat_TFR_2050,Share_2024_pct,Share_2050_pct,Change_pp,Share_2050_WithoutMigrationResponse_pct,Migration_Attributed_Change_pp,Share_2050_WithoutSSASourcePoolTransition_pct,SSA_SourcePoolTransition_Attributed_Change_pp,Share_2050_LowMigrationScenario_pct,Share_2050_HighMigrationScenario_pct,Share_2050_Migration_P10_pct,Share_2050_Migration_P90_pct,Migration_Uncertainty_Width_pp,Brazilification_Share_2050_pct,Brazilification_Change_pp,Brazilification_Delta_vs_Baseline_pp,Pop_2024,Pop_2050,Demographic_Pressure,Birth_Replacement_Pressure_2050,Europe_Migration_Response_2050,Migration_Intensity_2050,Migration_Origin_Candidates,Migration_Channel_Active,Migration_SourceSupply_2050,Migration_BroadLaborMobility_2050,Migration_SkillReadiness_2050,Migration_ClimatePressure_2050,Migration_DestinationPull_2050,Migration_DiasporaNetwork_2050,Migration_CorridorAffinity_2050,Migration_SettlementRetention_2050,Migration_CorridorMultiplier_2050,Skilled_Migration_SourcePressure_2050,Skilled_Migration_ProgramIntensity_2050,BroadLabor_Migration_SourcePressure_2050,BroadLabor_Migration_ProgramIntensity_2050,SSA_LateMigration_DestinationResponse_2050,SSA_SourcePoolTransition_2050,SSA_SourcePoolCapacity_2050,AgeStructure_Youth014_2024,AgeStructure_Youth014_2050,AgeStructure_WorkingAge_2024,AgeStructure_WorkingAge_2050,AgeStructure_Elderly65Plus_2024,AgeStructure_Elderly65Plus_2050,Migration_Stock_SoftCap_2050,Migration_Linked_ResidentShare_2050,Migration_Saturation_Factor_2050,Migration_Absorption_Capacity_2050,Policy_Openness,Policy_Feedback_2050,Intermarriage_Coefficient,Assimilation_Coefficient,Diversity_Index_2024,Diversity_Index_2050,Diversity_Index_Change,Ethnic_Fractionalization_2050,Ethnolinguistic_Polarization_RQ_2050,Structural_Inequality_Drag_2050,Brazilification_IntermarriageMultiplier,Brazilification_MixedIdentityMultiplier,Brazilification_AssimilationRate,Brazilification_Diversity_Index_2050,Inclusive_Mobility_Share_2050_pct,Inclusive_Mobility_Change_pp,Inclusive_Mobility_Delta_vs_Baseline_pp,Inclusive_Mobility_IdentityFormationMultiplier,Inclusive_Mobility_MixedIdentityMultiplier,Inclusive_Mobility_IdentityTransitionRate,Inclusive_Mobility_CompositionDiversity_2050,Intergenerational_Mobility_Convergence_2050,Subnational_Regional_Concentration_2050,Climate_Migration_Stress_2050,Language_Cultural_Integration_2050,Language_Cultural_Friction_2050,Effective_Groups_2050,Urbanization_2024,Urbanization_Layer,Urban_Absorption_Pressure,HDI_2050_Gain_Link,HDI_HealthIndex_2050_Link,HDI_EducationIndex_2050_Link,HDI_IncomeIndex_2050_Link,HDI_HumanCapitalAbsorption_Link,HDI_DependencyPressure_Link,HDI_AgingPressure_Link,HDI_WorkingAgePct_2050_Link,Anchor
AFG,Afghanistan,Pashtun,majority,4.5,3.42,4.5,3.42,42.0,41.21,-0.79,41.21,0.0,41.21,0.0,41.24,41.18,41.18,41.24,0.06,41.25,-0.75,0.04,17911951,31684680,0.0,0.0,0.0,1.25,unspecified,False,0.5,0.48,0.56,0.42,0.454,1.271,1.0,0.78,0.832,0.0,0.0,0.804,0.0,0.0,1.0,0.761,42.358,43.675,55.5,51.98,2.142,4.345,0.251,0.0,1.0,0.743,1.0,1.0,0.0,0.001,0.731,0.7378,0.0068,0.7378,2.2644,0.3234,2.038,2.273,0.0005,0.7375,41.25,-0.75,0.04,2.038,2.273,0.0005,0.7375,0.2983,0.2283,0.1148,0.5753,0.3014,3.81,0.359,rural-heavy,0.0,0.0165,0.7545,0.3648,0.489,0.029,0.7138,0.0,51.98,True
AFG,Afghanistan,Tajik,majority,4.5,3.42,4.5,3.42,27.0,26.46,-0.54,26.46,0.0,26.46,0.0,26.48,26.44,26.44,26.48,0.04,26.5,-0.5,0.04,11514826,20343735,0.0,0.0,0.0,1.25,unspecified,False,0.5,0.48,0.56,0.42,0.454,1.22,1.0,0.78,0.821,0.0,0.0,0.804,0.0,0.0,1.0,0.761,42.358,43.675,55.5,51.98,2.142,4.345,0.251,0.0,1.0,0.743,1.0,1.0,0.0,0.001,0.731,0.7378,0.0068,0.7378,2.2644,0.3234,2.038,2.273,0.0005,0.7375,26.5,-0.5,0.04,2.038,2.273,0.0005,0.7375,0.2983,0.2283,0.1148,0.5753,0.3014,3.81,0.359,rural-heavy,0.0,0.0165,0.7545,0.3648,0.489,0.029,0.7138,0.0,51.98,False
AFG,Afghanistan,Hazara,high_fertility,5.25,3.72,4.5,3.42,9.0,9.97,0.97,9.97,0.0,9.97,0.0,9.93,10.0,9.93,10.0,0.07,9.88,0.88,-0.09,3838275,7663327,0.0,0.0,0.0,1.25,unspecified,False,0.5,0.48,0.56,0.42,0.454,1.096,1.0,0.78,0.793,0.0,0.0,0.804,0.0,0.0,1.0,0.761,42.358,43.675,55.5,51.98,2.142,4.345,0.251,0.0,1.0,0.743,1.0,1.0,0.0,0.001,0.731,0.7378,0.0068,0.7378,2.2644,0.3234,2.038,2.273,0.0005,0.7375,9.88,0.88,-0.09,2.038,2.273,0.0005,0.7375,0.2983,0.2283,0.1148,0.5753,0.3014,3.81,0.359,rural-heavy,0.0,0.0165,0.7545,0.3648,0.489,0.029,0.7138,0.0,51.98,False
AFG,Afghanistan,Uzbek,high_fertility,4.85,3.56,4.5,3.42,9.0,9.45,0.45,9.45,0.0,9.45,0.0,9.44,9.46,9.44,9.46,0.03,9.42,0.42,-0.03,3838275,7265422,0.0,0.0,0.0,1.25,unspecified,False,0.5,0.48,0.56,0.42,0.454,1.096,1.0,0.78,0.793,0.0,0.0,0.804,0.0,0.0,1.0,0.761,42.358,43.675,55.5,51.98,2.142,4.345,0.251,0.0,1.0,0.743,1.0,1.0,0.0,0.001,0.731,0.7378,0.0068,0.7378,2.2644,0.3234,2.038,2.273,0.0005,0.7375,9.42,0.42,-0.03,2.038,2.273,0.0005,0.7375,0.2983,0.2283,0.1148,0.5753,0.3014,3.81,0.359,rural-heavy,0.0,0.0165,0.7545,0.3648,0.489,0.029,0.7138,0.0,51.98,False
AFG,Afghanistan,Aimaq,majority,4.5,3.42,4.5,3.42,4.0,3.92,-0.08,3.92,0.0,3.92,0.0,3.92,3.92,3.92,3.92,0.01,3.93,-0.07,0.01,1705900,3013887,0.0,0.0,0.0,1.25,unspecified,False,0.5,0.48,0.56,0.42,0.454,1.013,1.0,0.78,0.775,0.0,0.0,0.804,0.0,0.0,1.0,0.761,42.358,43.675,55.5,51.98,2.142,4.345,0.251,0.0,1.0,0.743,1.0,1.0,0.0,0.001,0.731,0.7378,0.0068,0.7378,2.2644,0.3234,2.038,2.273,0.0005,0.7375,3.93,-0.07,0.01,2.038,2.273,0.0005,0.7375,0.2983,0.2283,0.1148,0.5753,0.3014,3.81,0.359,rural-heavy,0.0,0.0165,0.7545,0.3648,0.489,0.029,0.7138,0.0,51.98,False
AFG,Afghanistan,Turkmen,high_fertility,4.85,3.56,4.5,3.42,3.0,3.15,0.15,3.15,0.0,3.15,0.0,3.15,3.15,3.15,3.15,0.01,3.14,0.14,-0.01,1279425,2421807,0.0,0.0,0.0,1.25,unspecified,False,0.5,0.48,0.56,0.42,0.454,0.986,1.0,0.78,0.769,0.0,0.0,0.804,0.0,0.0,1.0,0.761,42.358,43.675,55.5,51.98,2.142,4.345,0.251,0.0,1.0,0.743,1.0,1.0,0.0,0.001,0.731,0.7378,0.0068,0.7378,2.2644,0.3234,2.038,2.273,0.0005,0.7375,3.14,0.14,-0.01,2.038,2.273,0.0005,0.7375,0.2983,0.2283,0.1148,0.5753,0.3014,3.81,0.359,rural-heavy,0.0,0.0165,0.7545,0.3648,0.489,0.029,0.7138,0.0,51.98,False
AFG,Afghanistan,Baloch,majority,4.5,3.42,4.5,3.42,2.0,1.96,-0.04,1.96,0.0,1.96,0.0,1.96,1.96,1.96,1.96,0.0,1.96,-0.04,0.0,852950,1506943,0.0,0.0,0.0,1.25,unspecified,False,0.5,0.48,0.56,0.42,0.454,0.952,1.0,0.78,0.761,0.0,0.0,0.804,0.0,0.0,1.0,0.761,42.358,43.675,55.5,51.98,2.142,4.345,0.251,0.0,1.0,0.743,1.0,1.0,0.0,0.001,0.731,0.7378,0.0068,0.7378,2.2644,0.3234,2.038,2.273,0.0005,0.7375,1.96,-0.04,0.0,2.038,2.273,0.0005,0.7375,0.2983,0.2283,0.1148,0.5753,0.3014,3.81,0.359,rural-heavy,0.0,0.0165,0.7545,0.3648,0.489,0.029,0.7138,0.0,51.98,False
AFG,Afghanistan,Nuristani,majority,4.5,3.42,4.5,3.42,1.0,0.98,-0.02,0.98,0.0,0.98,0.0,0.98,0.98,0.98,0.98,0.0,0.98,-0.02,0.0,426475,753472,0.0,0.0,0.0,1.25,unspecified,False,0.5,0.48,0.56,0.42,0.454,0.903,1.0,0.78,0.75,0.0,0.0,0.804,0.0,0.0,1.0,0.761,42.358,43.675,55.5,51.98,2.142,4.345,0.251,0.0,1.0,0.743,1.0,1.0,0.0,0.001,0.731,0.7378,0.0068,0.7378,2.2644,0.3234,2.038,2.273,0.0005,0.7375,0.98,-0.02,0.0,2.038,2.273,0.0005,0.7375,0.2983,0.2283,0.1148,0.5753,0.3014,3.81,0.359,rural-heavy,0.0,0.0165,0.7545,0.3648,0.489,0.029,0.7138,0.0,51.98,False
AFG,Afghanistan,Pashayi,majority,4.5,3.42,4.5,3.42,1.0,0.98,-0.02,0.98,0.0,0.98,0.0,0.98,0.98,0.98,0.98,0.0,0.98,-0.02,0.0,426475,753472,0.0,0.0,0.0,1.25,unspecified,False,0.5,0.48,0.56,0.42,0.454,0.903,1.0,0.78,0.75,0.0,0.0,0.804,0.0,0.0,1.0,0.761,42.358,43.675,55.5,51.98,2.142,4.345,0.251,0.0,1.0,0.743,1.0,1.0,0.0,0.001,0.731,0.7378,0.0068,0.7378,2.2644,0.3234,2.038,2.273,0.0005,0.7375,0.98,-0.02,0.0,2.038,2.273,0.0005,0.7375,0.2983,0.2283,0.1148,0.5753,0.3014,3.81,0.359,rural-heavy,0.0,0.0165,0.7545,0.3648,0.489,0.029,0.7138,0.0,51.98,False
AFG,Afghanistan,Other,assimilating,4.5,3.42,4.5,3.42,2.0,1.92,-0.08,1.92,0.0,1.92,0.0,1.92,1.92,1.92,1.92,0.0,1.95,-0.05,0.03,852950,1478391,0.0,0.0,0.0,1.25,unspecified,False,0.5,0.48,0.56,0.42,0.454,0.952,1.0,0.78,0.761,0.0,0.0,0.804,0.0,0.0,1.0,0.761,42.358,43.675,55.5,51.98,2.142,4.345,0.251,0.0,1.0,0.743,1.0,1.0,0.0,0.001,0.731,0.7378,0.0068,0.7378,2.2644,0.3234,2.038,2.273,0.0005,0.7375,1.95,-0.05,0.03,2.038,2.273,0.0005,0.7375,0.2983,0.2283,0.1148,0.5753,0.3014,3.81,0.359,rural-heavy,0.0,0.0165,0.7545,0.3648,0.489,0.029,0.7138,0.0,51.98,False
AGO,Angola,Ovimbundu,majority,5.0,3.7,5.0,3.7,37.0,37.44,0.44,37.44,0.0,37.44,0.0,37.44,37.44,37.44,37.44,0.0,37.19,0.19,-0.25,14017766,27813292,0.0,0.0,0.0,1.25,unspecified,False,0.5,0.48,0.56,0.42,0.454,1.257,1.0,0.78,0.829,0.0,0.0,0.784,0.0,0.0,1.0,0.761,43.0,44.72,55.0,51.16,2.0,4.12,0.251,0.0,1.0,0.809,1.0,1.0,0.0,0.001,0.7503,0.7483,-0.0019,0.7483,2.2887,0.2477,2.165,2.3,0.0005,0.7494,37.19,0.19,-0.25,2.165,2.3,0.0005,0.7494,0.4831,0.297,0.1145,0.683,0.2508,3.97,0.55,mixed-rural-urban,0.0,0.0487,0.7321,0.5935,0.676,0.3214,0.6202,0.0,51.16,True
AGO,Angola,Kimbundu,majority,5.0,3.7,5.0,3.7,25.0,24.99,-0.01,24.99,0.0,24.99,0.0,24.99,24.99,24.99,24.99,0.0,24.99,-0.01,-0.0,9471464,18565029,0.0,0.0,0.0,1.25,unspecified,False,0.5,0.48,0.56,0.42,0.454,1.211,1.0,0.78,0.819,0.0,0.0,0.784,0.0,0.0,1.0,0.761,43.0,44.72,55.0,51.16,2.0,4.12,0.251,0.0,1.0,0.809,1.0,1.0,0.0,0.001,0.7503,0.7483,-0.0019,0.7483,2.2887,0.2477,2.165,2.3,0.0005,0.7494,24.99,-0.01,-0.0,2.165,2.3,0.0005,0.7494,0.4831,0.297,0.1145,0.683,0.2508,3.97,0.55,mixed-rural-urban,0.0,0.0487,0.7321,0.5935,0.676,0.3214,0.6202,0.0,51.16,False
AGO,Angola,Bakongo,majority,5.0,3.7,5.0,3.7,13.0,12.99,-0.01,12.99,0.0,12.99,0.0,12.99,12.99,12.99,12.99,0.0,12.99,-0.01,-0.0,4925161,9653815,0.0,0.0,0.0,1.25,unspecified,False,0.5,0.48,0.56,0.42,0.454,1.137,1.0,0.78,0.802,0.0,0.0,0.784,0.0,0.0,1.0,0.761,43.0,44.72,55.0,51.16,2.0,4.12,0.251,0.0,1.0,0.809,1.0,1.0,0.0,0.001,0.7503,0.7483,-0.0019,0.7483,2.2887,0.2477,2.165,2.3,0.0005,0.7494,12.99,-0.01,-0.0,2.165,2.3,0.0005,0.7494,0.4831,0.297,0.1145,0.683,0.2508,3.97,0.55,mixed-rural-urban,0.0,0.0487,0.7321,0.5935,0.676,0.3214,0.6202,0.0,51.16,False
AGO,Angola,Chokwe,majority,5.0,3.7,5.0,3.7,4.4,4.4,-0.0,4.4,0.0,4.4,0.0,4.4,4.4,4.4,4.4,0.0,4.4,-0.0,-0.0,1666978,3267445,0.0,0.0,0.0,1.25,unspecified,False,0.5,0.48,0.56,0.42,0.454,1.022,1.0,0.78,0.777,0.0,0.0,0.784,0.0,0.0,1.0,0.761,43.0,44.72,55.0,51.16,2.0,4.12,0.251,0.0,1.0,0.809,1.0,1.0,0.0,0.001,0.7503,0.7483,-0.0019,0.7483,2.2887,0.2477,2.165,2.3,0.0005,0.7494,4.4,-0.0,-0.0,2.165,2.3,0.0005,0.7494,0.4831,0.297,0.1145,0.683,0.2508,3.97,0.55,mixed-rural-urban,0.0,0.0487,0.7321,0.5935,0.676,0.3214,0.6202,0.0,51.16,False
AGO,Angola,Mestico (mixed),majority,5.0,3.7,5.0,3.7,2.0,2.0,-0.0,2.0,0.0,2.0,0.0,2.0,2.0,2.0,2.0,0.0,2.0,-0.0,-0.0,757717,1485202,0.0,0.0,0.0,1.25,unspecified,False,0.5,0.48,0.56,0.42,0.454,0.952,1.0,0.78,0.761,0.0,0.0,0.784,0.0,0.0,1.0,0.761,43.0,44.72,55.0,51.16,2.0,4.12,0.251,0.0,1.0,0.809,1.0,1.0,0.0,0.001,0.7503,0.7483,-0.0019,0.7483,2.2887,0.2477,2.165,2.3,0.0005,0.7494,2.0,-0.0,-0.0,2.165,2.3,0.0005,0.7494,0.4831,0.297,0.1145,0.683,0.2508,3.97,0.55,mixed-rural-urban,0.0,0.0487,0.7321,0.5935,0.676,0.3214,0.6202,0.0,51.16,False
AGO,Angola,European,low_fertility,4.6,3.54,5.0,3.7,1.0,0.93,-0.07,0.93,0.0,0.93,0.0,0.93,0.93,0.93,0.93,0.0,0.94,-0.06,0.01,378859,692112,0.0,0.0,0.0,1.25,unspecified,False,0.5,0.48,0.56,0.42,0.454,0.903,1.0,0.78,0.75,0.0,0.0,0.784,0.0,0.0,1.0,0.761,43.0,44.72,55.0,51.16,2.0,4.12,0.251,0.0,1.0,0.809,1.0,1.0,0.0,0.001,0.7503,0.7483,-0.0019,0.7483,2.2887,0.2477,2.165,2.3,0.0005,0.7494,0.94,-0.06,0.01,2.165,2.3,0.0005,0.7494,0.4831,0.297,0.1145,0.683,0.2508,3.97,0.55,mixed-rural-urban,0.0,0.0487,0.7321,0.5935,0.676,0.3214,0.6202,0.0,51.16,False
AGO,Angola,Other African,assimilating,5.0,3.7,5.0,3.7,17.6,17.25,-0.35,17.25,0.0,17.25,0.0,17.25,17.25,17.25,17.25,0.0,17.5,-0.1,0.25,6667910,12818502,0.0,0.0,0.0,1.25,unspecified,False,0.5,0.48,0.56,0.42,0.454,1.171,1.0,0.78,0.81,0.0,0.0,0.784,0.0,0.0,1.0,0.761,43.0,44.72,55.0,51.16,2.0,4.12,0.251,0.0,1.0,0.809,1.0,1.0,0.0,0.001,0.7503,0.7483,-0.0019,0.7483,2.2887,0.2477,2.165,2.3,0.0005,0.7494,17.5,-0.1,0.25,2.165,2.3,0.0005,0.7494,0.4831,0.297,0.1145,0.683,0.2508,3.97,0.55,mixed-rural-urban,0.0,0.0487,0.7321,0.5935,0.676,0.3214,0.6202,0.0,51.16,False
ALB,Albania,Albanian (Gheg),majority,1.4,1.61,1.4,1.61,55.0,54.62,-0.38,55.28,-0.67,54.62,0.0,54.82,54.37,54.37,54.82,0.45,54.4,-0.6,-0.21,1535466,1223503,0.637,0.525,0.15,2.433,unspecified,False,0.5,0.48,0.56,0.42,0.751,1.3,1.0,0.78,1.027,0.0,0.0,0.0,0.0,0.0,1.0,0.761,16.849,9.04,63.5,62.3,19.651,28.66,0.251,0.0,1.0,0.867,1.0,1.253,0.0,0.001,0.5999,0.6039,0.004,0.6039,1.5777,0.2044,2.043,2.09,0.0005,0.6055,54.4,-0.6,-0.21,2.043,2.09,0.0005,0.6055,0.7028,0.5802,0.2253,0.7948,0.2647,2.52,0.641,urbanizing-majority,0.229,0.0479,0.9494,0.8088,0.8223,0.6636,0.362,0.7573,62.3,True
ALB,Albania,Albanian (Tosk),majority,1.4,1.61,1.4,1.61,27.6,27.21,-0.39,27.55,-0.34,27.21,0.0,27.32,27.09,27.09,27.32,0.23,27.21,-0.39,-0.0,770525,609655,0.637,0.525,0.15,2.433,unspecified,False,0.5,0.48,0.56,0.42,0.751,1.222,1.0,0.78,0.999,0.0,0.0,0.0,0.0,0.0,1.0,0.761,16.849,9.04,63.5,62.3,19.651,28.66,0.251,0.0,1.0,0.867,1.0,1.253,0.0,0.001,0.5999,0.6039,0.004,0.6039,1.5777,0.2044,2.043,2.09,0.0005,0.6055,27.21,-0.39,-0.0,2.043,2.09,0.0005,0.6055,0.7028,0.5802,0.2253,0.7948,0.2647,2.52,0.641,urbanizing-majority,0.229,0.0479,0.9494,0.8088,0.8223,0.6636,0.362,0.7573,62.3,False
ALB,Albania,Greek,low_fertility,1.0,1.45,1.4,1.61,1.7,1.39,-0.31,1.41,-0.02,1.39,0.0,1.41,1.38,1.38,1.41,0.03,1.42,-0.28,0.03,47460,31183,0.637,0.525,0.15,2.433,unspecified,False,0.5,0.48,0.56,0.42,0.751,0.939,1.0,0.78,0.895,0.0,0.0,0.0,0.0,0.0,1.0,0.761,16.849,9.04,63.5,62.3,19.651,28.66,0.251,0.0,1.0,0.867,1.0,1.253,0.0,0.001,0.5999,0.6039,0.004,0.6039,1.5777,0.2044,2.043,2.09,0.0005,0.6055,1.42,-0.28,0.03,2.043,2.09,0.0005,0.6055,0.7028,0.5802,0.2253,0.7948,0.2647,2.52,0.641,urbanizing-majority,0.229,0.0479,0.9494,0.8088,0.8223,0.6636,0.362,0.7573,62.3,False
ALB,Albania,Romani / Egyptian,high_fertility,2.15,1.91,1.4,1.61,1.0,1.28,0.28,1.3,-0.02,1.28,0.0,1.28,1.29,1.28,1.29,0.01,1.25,0.25,-0.03,27918,28771,0.637,0.525,0.15,2.433,EGY,False,0.7,0.706,0.72,0.66,0.751,0.903,1.0,0.78,1.014,0.0,0.0,0.0,0.0,0.0,1.0,0.761,16.849,9.04,63.5,62.3,19.651,28.66,0.251,0.0,1.0,0.867,1.0,1.253,0.0,0.001,0.5999,0.6039,0.004,0.6039,1.5777,0.2044,2.043,2.09,0.0005,0.6055,1.25,0.25,-0.03,2.043,2.09,0.0005,0.6055,0.7028,0.5802,0.2253,0.7948,0.2647,2.52,0.641,urbanizing-majority,0.229,0.0479,0.9494,0.8088,0.8223,0.6636,0.362,0.7573,62.3,False
ALB,Albania,Macedonian,majority,1.4,1.61,1.4,1.61,0.2,0.2,-0.0,0.2,-0.0,0.2,0.0,0.2,0.2,0.2,0.2,0.0,0.2,-0.0,-0.0,5584,4418,0.637,0.525,0.15,2.433,unspecified,False,0.5,0.48,0.56,0.42,0.751,0.842,1.0,0.78,0.859,0.0,0.0,0.0,0.0,0.0,1.0,0.761,16.849,9.04,63.5,62.3,19.651,28.66,0.251,0.0,1.0,0.867,1.0,1.253,0.0,0.001,0.5999,0.6039,0.004,0.6039,1.5777,0.2044,2.043,2.09,0.0005,0.6055,0.2,-0.0,-0.0,2.043,2.09,0.0005,0.6055,0.7028,0.5802,0.2253,0.7948,0.2647,2.52,0.641,urbanizing-majority,0.229,0.0479,0.9494,0.8088,0.8223,0.6636,0.362,0.7573,62.3,False
ALB,Albania,Other,assimilating,1.4,1.61,1.4,1.61,14.5,15.3,0.8,14.25,1.04,15.3,0.0,14.98,15.67,14.98,15.67,0.7,15.51,1.01,0.22,404805,342639,0.637,0.525,0.15,2.433,unspecified,False,0.5,0.48,0.56,0.42,0.751,1.149,1.0,0.78,0.972,0.0,0.0,0.0,0.0,0.0,1.0,0.761,16.849,9.04,63.5,62.3,19.651,28.66,0.251,0.0,1.0,0.867,1.0,1.253,0.0,0.001,0.5999,0.6039,0.004,0.6039,1.5777,0.2044,2.043,2.09,0.0005,0.6055,15.51,1.01,0.22,2.043,2.09,0.0005,0.6055,0.7028,0.5802,0.2253,0.7948,0.2647,2.52,0.641,urbanizing-majority,0.229,0.0479,0.9494,0.8088,0.8223,0.6636,0.362,0.7573,62.3,False
AND,Andorra,Andorran,majority,1.1,1.4,1.1,1.4,48.3,49.39,1.09,50.23,-0.84,49.39,0.0,49.6,49.13,49.13,49.6,0.47,48.55,0.25,-0.84,39584,40603,0.429,0.0,0.0,2.237,unspecified,False,0.5,0.48,0.56,0.42,0.623,1.288,1.0,0.78,0.942,0.0,0.0,0.0,0.0,0.0,1.0,0.761,27.991,19.941,65.0,65.4,7.009,14.659,0.269,0.506,0.22,0.908,1.1,1.265,0.0,0.001,0.6781,0.6717,-0.0064,0.6717,1.9223,0.1423,2.082,2.199,0.0005,0.677,48.55,0.25,-0.84,2.082,2.199,0.0005,0.677,0.8031,0.4861,0.2105,0.8397,0.236,3.05,0.55,mixed-rural-urban,0.193,0.0113,0.9875,0.8205,0.9745,0.7683,0.0786,0.1209,65.4,True
AND,Andorra,Spanish,immigrant,1.0,1.36,1.1,1.4,24.8,24.04,-0.76,23.63,0.41,24.04,0.0,23.95,24.16,23.95,24.16,0.22,24.47,-0.33,0.43,20325,19766,0.429,0.0,0.0,2.237,unspecified,True,0.5,0.48,0.56,0.42,0.623,1.21,1.0,0.78,0.919,0.0,0.0,0.0,0.0,0.0,1.0,0.761,27.991,19.941,65.0,65.4,7.009,14.659,0.269,0.506,0.22,0.908,1.1,1.265,0.0,0.001,0.6781,0.6717,-0.0064,0.6717,1.9223,0.1423,2.082,2.199,0.0005,0.677,24.47,-0.33,0.43,2.082,2.199,0.0005,0.677,0.8031,0.4861,0.2105,0.8397,0.236,3.05,0.55,mixed-rural-urban,0.193,0.0113,0.9875,0.8205,0.9745,0.7683,0.0786,0.1209,65.4,False
AND,Andorra,Portuguese,immigrant,1.0,1.36,1.1,1.4,11.2,10.85,-0.35,10.67,0.18,10.85,0.0,10.81,10.9,10.81,10.9,0.09,11.04,-0.16,0.19,9179,8918,0.429,0.0,0.0,2.237,unspecified,True,0.5,0.48,0.56,0.42,0.623,1.12,1.0,0.78,0.891,0.0,0.0,0.0,0.0,0.0,1.0,0.761,27.991,19.941,65.0,65.4,7.009,14.659,0.269,0.506,0.22,0.908,1.1,1.265,0.0,0.001,0.6781,0.6717,-0.0064,0.6717,1.9223,0.1423,2.082,2.199,0.0005,0.677,11.04,-0.16,0.19,2.082,2.199,0.0005,0.677,0.8031,0.4861,0.2105,0.8397,0.236,3.05,0.55,mixed-rural-urban,0.193,0.0113,0.9875,0.8205,0.9745,0.7683,0.0786,0.1209,65.4,False
AND,Andorra,French,immigrant,1.0,1.36,1.1,1.4,4.5,4.35,-0.15,4.29,0.07,4.35,0.0,4.34,4.37,4.34,4.37,0.03,4.43,-0.07,0.08,3688,3579,0.429,0.0,0.0,2.237,unspecified,True,0.5,0.48,0.56,0.42,0.623,1.025,1.0,0.78,0.862,0.0,0.0,0.0,0.0,0.0,1.0,0.761,27.991,19.941,65.0,65.4,7.009,14.659,0.269,0.506,0.22,0.908,1.1,1.265,0.0,0.001,0.6781,0.6717,-0.0064,0.6717,1.9223,0.1423,2.082,2.199,0.0005,0.677,4.43,-0.07,0.08,2.082,2.199,0.0005,0.677,0.8031,0.4861,0.2105,0.8397,0.236,3.05,0.55,mixed-rural-urban,0.193,0.0113,0.9875,0.8205,0.9745,0.7683,0.0786,0.1209,65.4,False
AND,Andorra,Other,immigrant,1.1,1.4,1.1,1.4,11.2,11.37,0.17,11.18,0.18,11.37,0.0,11.31,11.44,11.31,11.44,0.14,11.51,0.31,0.14,9179,9347,0.429,0.0,0.0,2.237,unspecified,True,0.5,0.48,0.56,0.42,0.623,1.12,1.0,0.78,0.891,0.0,0.0,0.0,0.0,0.0,1.0,0.761,27.991,19.941,65.0,65.4,7.009,14.659,0.269,0.506,0.22,0.908,1.1,1.265,0.0,0.001,0.6781,0.6717,-0.0064,0.6717,1.9223,0.1423,2.082,2.199,0.0005,0.677,11.51,0.31,0.14,2.082,2.199,0.0005,0.677,0.8031,0.4861,0.2105,0.8397,0.236,3.05,0.55,mixed-rural-urban,0.193,0.0113,0.9875,0.8205,0.9745,0.7683,0.0786,0.1209,65.4,False
ARE,UAE,Emirati,high_fertility,1.75,1.75,1.4,1.61,11.6,12.11,0.51,12.87,-0.76,12.11,-0.0,12.29,11.9,11.9,12.29,0.39,11.97,0.37,-0.14,1279148,1860911,0.3,0.0,0.0,2.0,unspecified,False,0.5,0.48,0.56,0.42,0.747,1.124,1.0,0.46,0.887,0.0,1.24,0.0,0.814,0.44,1.0,0.761,10.735,7.732,83.0,80.0,6.265,12.268,0.86,0.879,0.358,0.871,1.3,1.437,0.0,0.001,0.8474,0.845,-0.0023,0.845,2.8873,0.0942,2.277,2.436,0.0005,0.8473,11.97,0.37,-0.14,2.277,2.436,0.0005,0.8473,0.8987,0.4329,0.1815,0.9274,0.1895,6.45,0.55,mixed-rural-urban,0.135,0.0054,0.9684,0.8849,0.9861,0.8673,0.0044,0.0122,80.0,False
ARE,UAE,Indian,immigrant,1.4,1.61,1.4,1.61,25.8,26.97,1.17,26.67,0.3,26.97,-0.01,26.91,27.04,26.91,27.04,0.13,26.18,0.38,-0.78,2845001,4144187,0.3,0.0,0.0,2.0,IND;PAK;BGD;LKA;NPL,True,0.718,0.719,0.752,0.684,0.747,1.215,1.18,0.46,1.167,0.0,1.24,0.0,0.814,0.44,1.0,0.761,10.735,7.732,83.0,80.0,6.265,12.268,0.86,0.879,0.358,0.871,1.3,1.437,0.0,0.001,0.8474,0.845,-0.0023,0.845,2.8873,0.0942,2.277,2.436,0.0005,0.8473,26.18,0.38,-0.78,2.277,2.436,0.0005,0.8473,0.8987,0.4329,0.1815,0.9274,0.1895,6.45,0.55,mixed-rural-urban,0.135,0.0054,0.9684,0.8849,0.9861,0.8673,0.0044,0.0122,80.0,True
ARE,UAE,Pakistani,immigrant,1.4,1.61,1.4,1.61,11.8,11.35,-0.45,11.18,0.17,11.36,-0.0,11.31,11.4,11.31,11.4,0.09,11.56,-0.24,0.2,1301202,1744765,0.3,0.0,0.0,2.0,PAK,True,0.769,0.814,0.7,0.74,0.747,1.126,1.3,0.46,1.225,0.0,1.24,0.0,0.814,0.44,1.0,0.761,10.735,7.732,83.0,80.0,6.265,12.268,0.86,0.879,0.358,0.871,1.3,1.437,0.0,0.001,0.8474,0.845,-0.0023,0.845,2.8873,0.0942,2.277,2.436,0.0005,0.8473,11.56,-0.24,0.2,2.277,2.436,0.0005,0.8473,0.8987,0.4329,0.1815,0.9274,0.1895,6.45,0.55,mixed-rural-urban,0.135,0.0054,0.9684,0.8849,0.9861,0.8673,0.0044,0.0122,80.0,False
ARE,UAE,Bangladeshi,immigrant,1.4,1.61,1.4,1.61,8.5,8.15,-0.35,8.05,0.09,8.15,-0.0,8.13,8.17,8.13,8.17,0.04,8.29,-0.21,0.15,937306,1251877,0.3,0.0,0.0,2.0,BGD,True,0.735,0.788,0.68,0.84,0.747,1.09,1.26,0.46,1.156,0.0,1.24,0.0,0.814,0.44,1.0,0.761,10.735,7.732,83.0,80.0,6.265,12.268,0.86,0.879,0.358,0.871,1.3,1.437,0.0,0.001,0.8474,0.845,-0.0023,0.845,2.8873,0.0942,2.277,2.436,0.0005,0.8473,8.29,-0.21,0.15,2.277,2.436,0.0005,0.8473,0.8987,0.4329,0.1815,0.9274,0.1895,6.45,0.55,mixed-rural-urban,0.135,0.0054,0.9684,0.8849,0.9861,0.8673,0.0044,0.0122,80.0,False
ARE,UAE,Filipino,immigrant,1.4,1.61,1.4,1.61,6.1,5.79,-0.31,5.78,0.02,5.8,-0.0,5.8,5.79,5.79,5.8,0.0,5.9,-0.2,0.1,672655,890386,0.3,0.0,0.0,2.0,PHL,True,0.759,0.718,0.88,0.64,0.747,1.055,1.0,0.46,1.03,0.0,1.24,0.0,0.814,0.44,1.0,0.761,10.735,7.732,83.0,80.0,6.265,12.268,0.86,0.879,0.358,0.871,1.3,1.437,0.0,0.001,0.8474,0.845,-0.0023,0.845,2.8873,0.0942,2.277,2.436,0.0005,0.8473,5.9,-0.2,0.1,2.277,2.436,0.0005,0.8473,0.8987,0.4329,0.1815,0.9274,0.1895,6.45,0.55,mixed-rural-urban,0.135,0.0054,0.9684,0.8849,0.9861,0.8673,0.0044,0.0122,80.0,False
ARE,UAE,Egyptian,immigrant,1.8,1.77,1.4,1.61,4.4,4.77,0.37,4.77,-0.0,4.77,-0.0,4.75,4.79,4.75,4.79,0.04,4.77,0.37,0.0,485194,733509,0.3,0.0,0.0,2.0,EGY,True,0.7,0.706,0.72,0.66,0.747,1.022,1.0,0.46,0.979,0.0,1.24,0.0,0.814,0.44,1.0,0.761,10.735,7.732,83.0,80.0,6.265,12.268,0.86,0.879,0.358,0.871,1.3,1.437,0.0,0.001,0.8474,0.845,-0.0023,0.845,2.8873,0.0942,2.277,2.436,0.0005,0.8473,4.77,0.37,0.0,2.277,2.436,0.0005,0.8473,0.8987,0.4329,0.1815,0.9274,0.1895,6.45,0.55,mixed-rural-urban,0.135,0.0054,0.9684,0.8849,0.9861,0.8673,0.0044,0.0122,80.0,False
ARE,UAE,Nepali,immigrant,1.4,1.61,1.4,1.61,3.0,2.82,-0.18,2.84,-0.02,2.82,-0.0,2.83,2.81,2.81,2.83,0.02,2.87,-0.13,0.05,330814,433218,0.3,0.0,0.0,2.0,unspecified,True,0.5,0.48,0.56,0.42,0.747,0.986,1.0,0.46,0.846,0.0,1.24,0.0,0.814,0.44,1.0,0.761,10.735,7.732,83.0,80.0,6.265,12.268,0.86,0.879,0.358,0.871,1.3,1.437,0.0,0.001,0.8474,0.845,-0.0023,0.845,2.8873,0.0942,2.277,2.436,0.0005,0.8473,2.87,-0.13,0.05,2.277,2.436,0.0005,0.8473,0.8987,0.4329,0.1815,0.9274,0.1895,6.45,0.55,mixed-rural-urban,0.135,0.0054,0.9684,0.8849,0.9861,0.8673,0.0044,0.0122,80.0,False
ARE,UAE,Jordanian/Palestinian,immigrant,1.4,1.61,1.4,1.61,2.0,1.88,-0.12,1.89,-0.02,1.88,-0.0,1.89,1.87,1.87,1.89,0.01,1.91,-0.09,0.03,220543,288636,0.3,0.0,0.0,2.0,unspecified,True,0.5,0.48,0.56,0.42,0.747,0.952,1.0,0.46,0.835,0.0,1.24,0.0,0.814,0.44,1.0,0.761,10.735,7.732,83.0,80.0,6.265,12.268,0.86,0.879,0.358,0.871,1.3,1.437,0.0,0.001,0.8474,0.845,-0.0023,0.845,2.8873,0.0942,2.277,2.436,0.0005,0.8473,1.91,-0.09,0.03,2.277,2.436,0.0005,0.8473,0.8987,0.4329,0.1815,0.9274,0.1895,6.45,0.55,mixed-rural-urban,0.135,0.0054,0.9684,0.8849,0.9861,0.8673,0.0044,0.0122,80.0,False
ARE,UAE,Sri Lankan,immigrant,1.4,1.61,1.4,1.61,2.0,1.88,-0.12,1.89,-0.02,1.88,-0.0,1.89,1.87,1.87,1.89,0.01,1.91,-0.09,0.03,220543,288636,0.3,0.0,0.0,2.0,unspecified,True,0.5,0.48,0.56,0.42,0.747,0.952,1.0,0.46,0.835,0.0,1.24,0.0,0.814,0.44,1.0,0.761,10.735,7.732,83.0,80.0,6.265,12.268,0.86,0.879,0.358,0.871,1.3,1.437,0.0,0.001,0.8474,0.845,-0.0023,0.845,2.8873,0.0942,2.277,2.436,0.0005,0.8473,1.91,-0.09,0.03,2.277,2.436,0.0005,0.8473,0.8987,0.4329,0.1815,0.9274,0.1895,6.45,0.55,mixed-rural-urban,0.135,0.0054,0.9684,0.8849,0.9861,0.8673,0.0044,0.0122,80.0,False
ARE,UAE,Other Arab,immigrant,1.8,1.77,1.4,1.61,2.5,2.69,0.19,2.71,-0.02,2.69,-0.0,2.68,2.69,2.68,2.69,0.01,2.69,0.19,0.0,275678,413231,0.3,0.0,0.0,2.0,unspecified,True,0.5,0.48,0.56,0.42,0.747,0.97,1.0,0.46,0.841,0.0,1.24,0.0,0.814,0.44,1.0,0.761,10.735,7.732,83.0,80.0,6.265,12.268,0.86,0.879,0.358,0.871,1.3,1.437,0.0,0.001,0.8474,0.845,-0.0023,0.845,2.8873,0.0942,2.277,2.436,0.0005,0.8473,2.69,0.19,0.0,2.277,2.436,0.0005,0.8473,0.8987,0.4329,0.1815,0.9274,0.1895,6.45,0.55,mixed-rural-urban,0.135,0.0054,0.9684,0.8849,0.9861,0.8673,0.0044,0.0122,80.0,False
ARE,UAE,Iranian,immigrant,1.8,1.77,1.4,1.61,1.5,1.61,0.11,1.63,-0.02,1.61,-0.0,1.61,1.61,1.61,1.61,0.0,1.61,0.11,0.0,165407,247763,0.3,0.0,0.0,2.0,unspecified,True,0.5,0.48,0.56,0.42,0.747,0.93,1.0,0.46,0.829,0.0,1.24,0.0,0.814,0.44,1.0,0.761,10.735,7.732,83.0,80.0,6.265,12.268,0.86,0.879,0.358,0.871,1.3,1.437,0.0,0.001,0.8474,0.845,-0.0023,0.845,2.8873,0.0942,2.277,2.436,0.0005,0.8473,1.61,0.11,0.0,2.277,2.436,0.0005,0.8473,0.8987,0.4329,0.1815,0.9274,0.1895,6.45,0.55,mixed-rural-urban,0.135,0.0054,0.9684,0.8849,0.9861,0.8673,0.0044,0.0122,80.0,False
ARE,UAE,Other foreign,immigrant,1.4,1.61,1.4,1.61,20.8,19.98,-0.82,19.71,0.27,19.96,0.02,19.92,20.05,19.92,20.05,0.13,20.34,-0.46,0.36,2293644,3070277,0.3,0.0,0.0,2.0,NGA;ETH;GHA;KEN;UGA;TZA;RWA;COD;CIV;CMR;SEN;ZMB;ZWE;MOZ;MWI;AGO;SDN;SOM;ERI;BFA;NER;MLI;GIN;SLE;LBR;BEN;TGO;GMB,True,0.711,0.785,0.574,0.717,0.747,1.19,1.009,0.46,1.061,0.0,1.24,0.0,0.814,0.44,1.0,0.761,10.735,7.732,83.0,80.0,6.265,12.268,0.86,0.879,0.358,0.871,1.3,1.437,0.0,0.001,0.8474,0.845,-0.0023,0.845,2.8873,0.0942,2.277,2.436,0.0005,0.8473,20.34,-0.46,0.36,2.277,2.436,0.0005,0.8473,0.8987,0.4329,0.1815,0.9274,0.1895,6.45,0.55,mixed-rural-urban,0.135,0.0054,0.9684,0.8849,0.9861,0.8673,0.0044,0.0122,80.0,False
ARG,Argentina,Italian descent,low_fertility,1.4,1.76,1.9,1.96,35.0,33.55,-1.45,33.57,-0.02,33.55,0.0,33.61,33.49,33.49,33.61,0.13,33.72,-1.28,0.17,15993654,16207951,0.086,0.0,0.0,1.384,unspecified,False,0.5,0.48,0.56,0.42,0.483,1.25,1.0,0.78,0.845,0.0,0.0,0.0,0.0,0.0,1.0,0.761,23.917,15.906,65.5,58.86,10.583,25.234,0.251,0.006,0.998,0.88,1.0,1.03,0.0,0.0012,0.7278,0.7381,0.0102,0.7381,2.1993,0.1351,2.209,2.269,0.0005,0.7371,33.72,-1.28,0.17,2.209,2.269,0.0005,0.7371,0.732,0.3621,0.0707,0.8193,0.1849,3.82,0.676,urbanizing-majority,0.028,-0.0009,0.883,0.8747,0.8354,0.6776,0.373,0.6016,58.86,True
ARG,Argentina,Spanish descent,low_fertility,1.4,1.76,1.9,1.96,30.0,28.74,-1.26,28.76,-0.02,28.74,0.0,28.8,28.69,28.69,28.8,0.11,28.89,-1.11,0.15,13708846,13885285,0.086,0.0,0.0,1.384,unspecified,False,0.5,0.48,0.56,0.42,0.483,1.232,1.0,0.78,0.841,0.0,0.0,0.0,0.0,0.0,1.0,0.761,23.917,15.906,65.5,58.86,10.583,25.234,0.251,0.006,0.998,0.88,1.0,1.03,0.0,0.0012,0.7278,0.7381,0.0102,0.7381,2.1993,0.1351,2.209,2.269,0.0005,0.7371,28.89,-1.11,0.15,2.209,2.269,0.0005,0.7371,0.732,0.3621,0.0707,0.8193,0.1849,3.82,0.676,urbanizing-majority,0.028,-0.0009,0.883,0.8747,0.8354,0.6776,0.373,0.6016,58.86,False
ARG,Argentina,Other European descent,low_fertility,1.3,1.72,1.9,1.96,20.0,18.47,-1.53,18.48,-0.01,18.47,0.0,18.53,18.4,18.4,18.53,0.13,18.66,-1.34,0.19,9139231,8921506,0.086,0.0,0.0,1.384,unspecified,False,0.5,0.48,0.56,0.42,0.483,1.185,1.0,0.78,0.83,0.0,0.0,0.0,0.0,0.0,1.0,0.761,23.917,15.906,65.5,58.86,10.583,25.234,0.251,0.006,0.998,0.88,1.0,1.03,0.0,0.0012,0.7278,0.7381,0.0102,0.7381,2.1993,0.1351,2.209,2.269,0.0005,0.7371,18.66,-1.34,0.19,2.209,2.269,0.0005,0.7371,0.732,0.3621,0.0707,0.8193,0.1849,3.82,0.676,urbanizing-majority,0.028,-0.0009,0.883,0.8747,0.8354,0.6776,0.373,0.6016,58.86,False
ARG,Argentina,Mestizo/Indigenous,high_fertility,2.25,2.1,1.9,1.96,14.0,18.05,4.05,18.06,-0.01,18.05,0.0,17.89,18.21,17.89,18.21,0.32,17.55,3.55,-0.5,6397461,8720355,0.086,0.0,0.0,1.384,unspecified,False,0.5,0.48,0.56,0.42,0.483,1.145,1.0,0.78,0.82,0.0,0.0,0.0,0.0,0.0,1.0,0.761,23.917,15.906,65.5,58.86,10.583,25.234,0.251,0.006,0.998,0.88,1.0,1.03,0.0,0.0012,0.7278,0.7381,0.0102,0.7381,2.1993,0.1351,2.209,2.269,0.0005,0.7371,17.55,3.55,-0.5,2.209,2.269,0.0005,0.7371,0.732,0.3621,0.0707,0.8193,0.1849,3.82,0.676,urbanizing-majority,0.028,-0.0009,0.883,0.8747,0.8354,0.6776,0.373,0.6016,58.86,False
ARG,Argentina,East Asian,immigrant,1.9,1.96,1.9,1.96,0.5,0.62,0.12,0.56,0.05,0.62,0.0,0.6,0.64,0.6,0.64,0.04,0.62,0.12,0.0,228481,297363,0.086,0.0,0.0,1.384,unspecified,True,0.5,0.48,0.56,0.42,0.483,0.869,1.0,0.78,0.755,0.0,0.0,0.0,0.0,0.0,1.0,0.761,23.917,15.906,65.5,58.86,10.583,25.234,0.251,0.006,0.998,0.88,1.0,1.03,0.0,0.0012,0.7278,0.7381,0.0102,0.7381,2.1993,0.1351,2.209,2.269,0.0005,0.7371,0.62,0.12,0.0,2.209,2.269,0.0005,0.7371,0.732,0.3621,0.0707,0.8193,0.1849,3.82,0.676,urbanizing-majority,0.028,-0.0009,0.883,0.8747,0.8354,0.6776,0.373,0.6016,58.86,False
ARG,Argentina,Afro-Argentine,majority,1.9,1.96,1.9,1.96,0.5,0.57,0.07,0.57,-0.0,0.57,0.0,0.57,0.58,0.57,0.58,0.01,0.56,0.06,-0.01,228481,276485,0.086,0.0,0.0,1.384,unspecified,False,0.5,0.48,0.56,0.42,0.483,0.869,1.0,0.78,0.755,0.0,0.0,0.0,0.0,0.0,1.0,0.761,23.917,15.906,65.5,58.86,10.583,25.234,0.251,0.006,0.998,0.88,1.0,1.03,0.0,0.0012,0.7278,0.7381,0.0102,0.7381,2.1993,0.1351,2.209,2.269,0.0005,0.7371,0.56,0.06,-0.01,2.209,2.269,0.0005,0.7371,0.732,0.3621,0.0707,0.8193,0.1849,3.82,0.676,urbanizing-majority,0.028,-0.0009,0.883,0.8747,0.8354,0.6776,0.373,0.6016,58.86,False
ARM,Armenia,Armenian,majority,1.6,1.75,1.6,1.75,98.1,97.95,-0.15,98.09,-0.15,97.95,0.0,97.99,97.89,97.89,97.99,0.1,97.93,-0.17,-0.02,2917340,2443941,0.483,0.0,0.0,2.005,unspecified,False,0.5,0.48,0.56,0.42,0.618,1.3,1.0,0.78,0.943,0.0,0.0,0.0,0.0,0.0,1.0,0.761,21.785,13.507,65.5,61.5,12.715,24.993,0.251,0.013,0.994,0.874,1.0,1.169,0.0,0.001,0.0375,0.0405,0.003,0.0405,0.0822,0.1663,1.42,1.302,0.0005,0.0408,97.93,-0.17,-0.02,1.42,1.302,0.0005,0.0408,0.7285,0.5165,0.1591,0.8106,0.2327,1.04,0.686,urbanizing-majority,0.152,0.0437,0.8904,0.8383,0.8365,0.6781,0.3169,0.5906,61.5,True
ARM,Armenia,Russian,low_fertility,1.2,1.59,1.6,1.75,0.4,0.34,-0.06,0.34,-0.0,0.34,0.0,0.34,0.34,0.34,0.34,0.0,0.34,-0.06,0.01,11895,8443,0.483,0.0,0.0,2.005,unspecified,False,0.5,0.48,0.56,0.42,0.618,0.86,1.0,0.78,0.81,0.0,0.0,0.0,0.0,0.0,1.0,0.761,21.785,13.507,65.5,61.5,12.715,24.993,0.251,0.013,0.994,0.874,1.0,1.169,0.0,0.001,0.0375,0.0405,0.003,0.0405,0.0822,0.1663,1.42,1.302,0.0005,0.0408,0.34,-0.06,0.01,1.42,1.302,0.0005,0.0408,0.7285,0.5165,0.1591,0.8106,0.2327,1.04,0.686,urbanizing-majority,0.152,0.0437,0.8904,0.8383,0.8365,0.6781,0.3169,0.5906,61.5,False
ARM,Armenia,Yazidi (Kurdish),high_fertility,2.35,2.05,1.6,1.75,0.3,0.38,0.08,0.38,-0.0,0.38,0.0,0.38,0.38,0.38,0.38,0.01,0.37,0.07,-0.01,8922,9514,0.483,0.0,0.0,2.005,unspecified,False,0.5,0.48,0.56,0.42,0.618,0.851,1.0,0.78,0.807,0.0,0.0,0.0,0.0,0.0,1.0,0.761,21.785,13.507,65.5,61.5,12.715,24.993,0.251,0.013,0.994,0.874,1.0,1.169,0.0,0.001,0.0375,0.0405,0.003,0.0405,0.0822,0.1663,1.42,1.302,0.0005,0.0408,0.37,0.07,-0.01,1.42,1.302,0.0005,0.0408,0.7285,0.5165,0.1591,0.8106,0.2327,1.04,0.686,urbanizing-majority,0.152,0.0437,0.8904,0.8383,0.8365,0.6781,0.3169,0.5906,61.5,False
ARM,Armenia,Other,immigrant,1.6,1.75,1.6,1.75,1.2,1.33,0.13,1.19,0.15,1.33,0.0,1.29,1.39,1.29,1.39,0.1,1.35,0.15,0.02,35686,33301,0.483,0.0,0.0,2.005,unspecified,True,0.5,0.48,0.56,0.42,0.618,0.915,1.0,0.78,0.826,0.0,0.0,0.0,0.0,0.0,1.0,0.761,21.785,13.507,65.5,61.5,12.715,24.993,0.251,0.013,0.994,0.874,1.0,1.169,0.0,0.001,0.0375,0.0405,0.003,0.0405,0.0822,0.1663,1.42,1.302,0.0005,0.0408,1.35,0.15,0.02,1.42,1.302,0.0005,0.0408,0.7285,0.5165,0.1591,0.8106,0.2327,1.04,0.686,urbanizing-majority,0.152,0.0437,0.8904,0.8383,0.8365,0.6781,0.3169,0.5906,61.5,False
ATG,Antigua & Barbuda,African descent,majority,1.6,1.75,1.6,1.75,87.3,87.18,-0.12,87.73,-0.55,87.18,0.0,87.34,86.99,86.99,87.34,0.35,87.0,-0.3,-0.18,81872,82873,0.214,0.0,0.0,1.585,unspecified,False,0.5,0.48,0.56,0.42,0.527,1.3,1.0,0.78,0.885,0.0,0.0,0.0,0.0,0.0,1.0,0.761,20.171,19.019,65.0,67.0,14.829,13.981,0.251,0.069,0.921,0.886,1.0,1.075,0.0,0.001,0.2333,0.2352,0.0019,0.2352,0.5328,0.1019,1.571,1.577,0.0005,0.2382,87.0,-0.3,-0.18,1.571,1.577,0.0005,0.2382,0.82,0.382,0.1625,0.8259,0.206,1.31,0.55,mixed-rural-urban,0.096,0.038,0.9146,0.8748,0.8782,0.8,0.0414,0.0901,67.0,True
ATG,Antigua & Barbuda,Mixed,assimilating,1.6,1.75,1.6,1.75,4.7,4.65,-0.05,4.68,-0.03,4.65,0.0,4.66,4.64,4.64,4.66,0.02,4.69,-0.01,0.04,4408,4421,0.214,0.0,0.0,1.585,unspecified,False,0.5,0.48,0.56,0.42,0.527,1.029,1.0,0.78,0.815,0.0,0.0,0.0,0.0,0.0,1.0,0.761,20.171,19.019,65.0,67.0,14.829,13.981,0.251,0.069,0.921,0.886,1.0,1.075,0.0,0.001,0.2333,0.2352,0.0019,0.2352,0.5328,0.1019,1.571,1.577,0.0005,0.2382,4.69,-0.01,0.04,1.571,1.577,0.0005,0.2382,0.82,0.382,0.1625,0.8259,0.206,1.31,0.55,mixed-rural-urban,0.096,0.038,0.9146,0.8748,0.8782,0.8,0.0414,0.0901,67.0,False
ATG,Antigua & Barbuda,Hispanic,immigrant,1.6,1.75,1.6,1.75,2.7,2.92,0.22,2.68,0.25,2.92,0.0,2.85,3.01,2.85,3.01,0.17,2.96,0.26,0.04,2532,2779,0.214,0.0,0.0,1.585,unspecified,True,0.5,0.48,0.56,0.42,0.527,0.977,1.0,0.78,0.802,0.0,0.0,0.0,0.0,0.0,1.0,0.761,20.171,19.019,65.0,67.0,14.829,13.981,0.251,0.069,0.921,0.886,1.0,1.075,0.0,0.001,0.2333,0.2352,0.0019,0.2352,0.5328,0.1019,1.571,1.577,0.0005,0.2382,2.96,0.26,0.04,1.571,1.577,0.0005,0.2382,0.82,0.382,0.1625,0.8259,0.206,1.31,0.55,mixed-rural-urban,0.096,0.038,0.9146,0.8748,0.8782,0.8,0.0414,0.0901,67.0,False
ATG,Antigua & Barbuda,White,low_fertility,1.0,1.51,1.6,1.75,1.6,1.24,-0.36,1.25,-0.01,1.24,0.0,1.25,1.22,1.22,1.25,0.03,1.28,-0.32,0.04,1501,1178,0.214,0.0,0.0,1.585,unspecified,False,0.5,0.48,0.56,0.42,0.527,0.935,1.0,0.78,0.791,0.0,0.0,0.0,0.0,0.0,1.0,0.761,20.171,19.019,65.0,67.0,14.829,13.981,0.251,0.069,0.921,0.886,1.0,1.075,0.0,0.001,0.2333,0.2352,0.0019,0.2352,0.5328,0.1019,1.571,1.577,0.0005,0.2382,1.28,-0.32,0.04,1.571,1.577,0.0005,0.2382,0.82,0.382,0.1625,0.8259,0.206,1.31,0.55,mixed-rural-urban,0.096,0.038,0.9146,0.8748,0.8782,0.8,0.0414,0.0901,67.0,False
ATG,Antigua & Barbuda,Other,immigrant,1.6,1.75,1.6,1.75,3.7,4.01,0.31,3.67,0.34,4.01,0.0,3.9,4.14,3.9,4.14,0.23,4.07,0.37,0.06,3470,3812,0.214,0.0,0.0,1.585,unspecified,True,0.5,0.48,0.56,0.42,0.527,1.006,1.0,0.78,0.809,0.0,0.0,0.0,0.0,0.0,1.0,0.761,20.171,19.019,65.0,67.0,14.829,13.981,0.251,0.069,0.921,0.886,1.0,1.075,0.0,0.001,0.2333,0.2352,0.0019,0.2352,0.5328,0.1019,1.571,1.577,0.0005,0.2382,4.07,0.37,0.06,1.571,1.577,0.0005,0.2382,0.82,0.382,0.1625,0.8259,0.206,1.31,0.55,mixed-rural-urban,0.096,0.038,0.9146,0.8748,0.8782,0.8,0.0414,0.0901,67.0,False
AUS,Australia,English,majority,1.6,1.75,1.6,1.75,25.9,24.61,-1.29,26.25,-1.64,24.63,-0.02,25.12,24.02,24.02,25.12,1.1,24.17,-1.73,-0.44,6918720,8000712,0.214,0.0,0.0,1.81,unspecified,False,0.5,0.48,0.56,0.42,0.702,1.215,1.0,0.9,0.996,0.0,1.22,0.0,0.931,0.391,1.0,0.761,16.058,10.682,65.5,64.42,18.442,24.898,0.44,0.315,0.638,0.963,1.3,1.397,0.15,0.0012,0.8474,0.8586,0.0113,0.8586,2.9773,0.1011,2.796,2.886,0.0005,0.8597,24.17,-1.73,-0.44,2.796,2.886,0.0005,0.8597,0.8346,0.4656,0.0789,0.9172,0.1805,7.07,0.812,metropolitan-heavy,0.04,-0.0009,0.9808,0.9358,0.9551,0.7733,0.2627,0.5862,64.42,True
AUS,Australia,Australian (European),majority,1.6,1.75,1.6,1.75,21.0,19.24,-1.76,20.6,-1.36,19.25,-0.02,19.66,18.75,18.75,19.66,0.91,19.27,-1.73,0.03,5609773,6253457,0.214,0.0,0.0,1.81,unspecified,False,0.5,0.48,0.56,0.42,0.702,1.191,1.0,0.9,0.987,0.0,1.22,0.0,0.931,0.391,1.0,0.761,16.058,10.682,65.5,64.42,18.442,24.898,0.44,0.315,0.638,0.963,1.3,1.397,0.15,0.0012,0.8474,0.8586,0.0113,0.8586,2.9773,0.1011,2.796,2.886,0.0005,0.8597,19.27,-1.73,0.03,2.796,2.886,0.0005,0.8597,0.8346,0.4656,0.0789,0.9172,0.1805,7.07,0.812,metropolitan-heavy,0.04,-0.0009,0.9808,0.9358,0.9551,0.7733,0.2627,0.5862,64.42,False
AUS,Australia,Other European descent,majority,1.6,1.75,1.6,1.75,10.1,9.25,-0.85,9.91,-0.65,9.26,-0.01,9.45,9.02,9.02,9.45,0.44,9.27,-0.83,0.01,2698034,3007615,0.214,0.0,0.0,1.81,unspecified,False,0.5,0.48,0.56,0.42,0.702,1.109,1.0,0.9,0.957,0.0,1.22,0.0,0.931,0.391,1.0,0.761,16.058,10.682,65.5,64.42,18.442,24.898,0.44,0.315,0.638,0.963,1.3,1.397,0.15,0.0012,0.8474,0.8586,0.0113,0.8586,2.9773,0.1011,2.796,2.886,0.0005,0.8597,9.27,-0.83,0.01,2.796,2.886,0.0005,0.8597,0.8346,0.4656,0.0789,0.9172,0.1805,7.07,0.812,metropolitan-heavy,0.04,-0.0009,0.9808,0.9358,0.9551,0.7733,0.2627,0.5862,64.42,False
AUS,Australia,Chinese,immigrant,1.4,1.67,1.6,1.75,5.5,5.91,0.41,4.95,0.96,5.92,-0.01,5.65,6.22,5.65,6.22,0.57,6.07,0.57,0.16,1469226,1922573,0.214,0.0,0.0,1.81,CHN,True,0.52,0.502,0.58,0.45,0.702,1.045,1.0,0.9,0.949,0.0,1.22,0.0,0.931,0.391,1.0,0.761,16.058,10.682,65.5,64.42,18.442,24.898,0.44,0.315,0.638,0.963,1.3,1.397,0.15,0.0012,0.8474,0.8586,0.0113,0.8586,2.9773,0.1011,2.796,2.886,0.0005,0.8597,6.07,0.57,0.16,2.796,2.886,0.0005,0.8597,0.8346,0.4656,0.0789,0.9172,0.1805,7.07,0.812,metropolitan-heavy,0.04,-0.0009,0.9808,0.9358,0.9551,0.7733,0.2627,0.5862,64.42,False
AUS,Australia,Indian,immigrant,1.6,1.75,1.6,1.75,3.1,4.45,1.35,2.99,1.45,4.45,-0.0,3.98,5.02,3.98,5.02,1.04,4.51,1.41,0.07,828109,1444976,0.214,0.0,0.0,1.81,IND;PAK;BGD;LKA;NPL,True,0.718,0.719,0.752,0.684,0.702,0.989,1.056,0.9,1.101,0.0,1.22,0.0,0.931,0.391,1.0,0.761,16.058,10.682,65.5,64.42,18.442,24.898,0.44,0.315,0.638,0.963,1.3,1.397,0.15,0.0012,0.8474,0.8586,0.0113,0.8586,2.9773,0.1011,2.796,2.886,0.0005,0.8597,4.51,1.41,0.07,2.796,2.886,0.0005,0.8597,0.8346,0.4656,0.0789,0.9172,0.1805,7.07,0.812,metropolitan-heavy,0.04,-0.0009,0.9808,0.9358,0.9551,0.7733,0.2627,0.5862,64.42,False
AUS,Australia,Filipino,immigrant,1.6,1.75,1.6,1.75,1.6,2.23,0.63,1.54,0.68,2.23,-0.0,2.01,2.49,2.01,2.49,0.48,2.26,0.66,0.03,427411,724013,0.214,0.0,0.0,1.81,PHL,True,0.759,0.718,0.88,0.64,0.702,0.935,1.24,0.9,1.196,0.0,1.22,0.0,0.931,0.391,1.0,0.761,16.058,10.682,65.5,64.42,18.442,24.898,0.44,0.315,0.638,0.963,1.3,1.397,0.15,0.0012,0.8474,0.8586,0.0113,0.8586,2.9773,0.1011,2.796,2.886,0.0005,0.8597,2.26,0.66,0.03,2.796,2.886,0.0005,0.8597,0.8346,0.4656,0.0789,0.9172,0.1805,7.07,0.812,metropolitan-heavy,0.04,-0.0009,0.9808,0.9358,0.9551,0.7733,0.2627,0.5862,64.42,False
AUS,Australia,Vietnamese,immigrant,1.6,1.75,1.6,1.75,1.3,1.56,0.26,1.25,0.3,1.56,-0.0,1.47,1.66,1.47,1.66,0.2,1.59,0.29,0.03,347272,506840,0.214,0.0,0.0,1.81,VNM,True,0.71,0.674,0.84,0.68,0.702,0.92,1.18,0.9,1.116,0.0,1.22,0.0,0.931,0.391,1.0,0.761,16.058,10.682,65.5,64.42,18.442,24.898,0.44,0.315,0.638,0.963,1.3,1.397,0.15,0.0012,0.8474,0.8586,0.0113,0.8586,2.9773,0.1011,2.796,2.886,0.0005,0.8597,1.59,0.29,0.03,2.796,2.886,0.0005,0.8597,0.8346,0.4656,0.0789,0.9172,0.1805,7.07,0.812,metropolitan-heavy,0.04,-0.0009,0.9808,0.9358,0.9551,0.7733,0.2627,0.5862,64.42,False
AUS,Australia,Aboriginal / Torres Strait,high_fertility,2.45,2.09,1.6,1.75,3.9,4.65,0.75,4.98,-0.33,4.65,-0.0,4.71,4.57,4.57,4.71,0.13,4.52,0.62,-0.13,1041815,1511569,0.214,0.0,0.0,1.81,unspecified,False,0.5,0.48,0.56,0.42,0.702,1.011,1.0,0.9,0.921,0.0,1.22,0.0,0.931,0.391,1.0,0.761,16.058,10.682,65.5,64.42,18.442,24.898,0.44,0.315,0.638,0.963,1.3,1.397,0.15,0.0012,0.8474,0.8586,0.0113,0.8586,2.9773,0.1011,2.796,2.886,0.0005,0.8597,4.52,0.62,-0.13,2.796,2.886,0.0005,0.8597,0.8346,0.4656,0.0789,0.9172,0.1805,7.07,0.812,metropolitan-heavy,0.04,-0.0009,0.9808,0.9358,0.9551,0.7733,0.2627,0.5862,64.42,False
AUS,Australia,Middle Eastern,high_fertility,1.95,1.89,1.6,1.75,3.0,3.14,0.14,3.36,-0.22,3.14,-0.0,3.19,3.07,3.07,3.19,0.12,3.1,0.1,-0.04,801396,1019287,0.214,0.0,0.0,1.81,unspecified,False,0.5,0.48,0.56,0.42,0.702,0.986,1.0,0.9,0.912,0.0,1.22,0.0,0.931,0.391,1.0,0.761,16.058,10.682,65.5,64.42,18.442,24.898,0.44,0.315,0.638,0.963,1.3,1.397,0.15,0.0012,0.8474,0.8586,0.0113,0.8586,2.9773,0.1011,2.796,2.886,0.0005,0.8597,3.1,0.1,-0.04,2.796,2.886,0.0005,0.8597,0.8346,0.4656,0.0789,0.9172,0.1805,7.07,0.812,metropolitan-heavy,0.04,-0.0009,0.9808,0.9358,0.9551,0.7733,0.2627,0.5862,64.42,False
AUS,Australia,Italian,majority,1.6,1.75,1.6,1.75,2.9,2.66,-0.24,2.84,-0.19,2.66,-0.0,2.71,2.59,2.59,2.71,0.13,2.66,-0.24,0.0,774683,863573,0.214,0.0,0.0,1.81,unspecified,False,0.5,0.48,0.56,0.42,0.702,0.983,1.0,0.9,0.911,0.0,1.22,0.0,0.931,0.391,1.0,0.761,16.058,10.682,65.5,64.42,18.442,24.898,0.44,0.315,0.638,0.963,1.3,1.397,0.15,0.0012,0.8474,0.8586,0.0113,0.8586,2.9773,0.1011,2.796,2.886,0.0005,0.8597,2.66,-0.24,0.0,2.796,2.886,0.0005,0.8597,0.8346,0.4656,0.0789,0.9172,0.1805,7.07,0.812,metropolitan-heavy,0.04,-0.0009,0.9808,0.9358,0.9551,0.7733,0.2627,0.5862,64.42,False
AUS,Australia,German,majority,1.6,1.75,1.6,1.75,2.5,2.29,-0.21,2.45,-0.16,2.29,-0.0,2.34,2.23,2.23,2.34,0.11,2.29,-0.21,0.0,667830,744459,0.214,0.0,0.0,1.81,unspecified,False,0.5,0.48,0.56,0.42,0.702,0.97,1.0,0.9,0.906,0.0,1.22,0.0,0.931,0.391,1.0,0.761,16.058,10.682,65.5,64.42,18.442,24.898,0.44,0.315,0.638,0.963,1.3,1.397,0.15,0.0012,0.8474,0.8586,0.0113,0.8586,2.9773,0.1011,2.796,2.886,0.0005,0.8597,2.29,-0.21,0.0,2.796,2.886,0.0005,0.8597,0.8346,0.4656,0.0789,0.9172,0.1805,7.07,0.812,metropolitan-heavy,0.04,-0.0009,0.9808,0.9358,0.9551,0.7733,0.2627,0.5862,64.42,False
AUS,Australia,Greek,majority,1.6,1.75,1.6,1.75,1.4,1.28,-0.12,1.37,-0.09,1.28,-0.0,1.31,1.25,1.25,1.31,0.06,1.28,-0.12,0.0,373985,416897,0.214,0.0,0.0,1.81,unspecified,False,0.5,0.48,0.56,0.42,0.702,0.925,1.0,0.9,0.889,0.0,1.22,0.0,0.931,0.391,1.0,0.761,16.058,10.682,65.5,64.42,18.442,24.898,0.44,0.315,0.638,0.963,1.3,1.397,0.15,0.0012,0.8474,0.8586,0.0113,0.8586,2.9773,0.1011,2.796,2.886,0.0005,0.8597,1.28,-0.12,0.0,2.796,2.886,0.0005,0.8597,0.8346,0.4656,0.0789,0.9172,0.1805,7.07,0.812,metropolitan-heavy,0.04,-0.0009,0.9808,0.9358,0.9551,0.7733,0.2627,0.5862,64.42,False
AUS,Australia,New Zealander (Maori/Pacific),high_fertility,2.45,2.09,1.6,1.75,1.2,1.43,0.23,1.53,-0.1,1.43,-0.0,1.45,1.41,1.41,1.45,0.04,1.39,0.19,-0.04,320558,465098,0.214,0.0,0.0,1.81,unspecified,False,0.5,0.48,0.56,0.42,0.702,0.915,1.0,0.9,0.885,0.0,1.22,0.0,0.931,0.391,1.0,0.761,16.058,10.682,65.5,64.42,18.442,24.898,0.44,0.315,0.638,0.963,1.3,1.397,0.15,0.0012,0.8474,0.8586,0.0113,0.8586,2.9773,0.1011,2.796,2.886,0.0005,0.8597,1.39,0.19,-0.04,2.796,2.886,0.0005,0.8597,0.8346,0.4656,0.0789,0.9172,0.1805,7.07,0.812,metropolitan-heavy,0.04,-0.0009,0.9808,0.9358,0.9551,0.7733,0.2627,0.5862,64.42,False
AUS,Australia,Korean,immigrant,1.4,1.67,1.6,1.75,0.9,0.95,0.05,0.81,0.14,0.95,-0.0,0.91,0.99,0.91,0.99,0.08,0.98,0.08,0.03,240419,309217,0.214,0.0,0.0,1.81,unspecified,True,0.5,0.48,0.56,0.42,0.702,0.897,1.0,0.9,0.879,0.0,1.22,0.0,0.931,0.391,1.0,0.761,16.058,10.682,65.5,64.42,18.442,24.898,0.44,0.315,0.638,0.963,1.3,1.397,0.15,0.0012,0.8474,0.8586,0.0113,0.8586,2.9773,0.1011,2.796,2.886,0.0005,0.8597,0.98,0.08,0.03,2.796,2.886,0.0005,0.8597,0.8346,0.4656,0.0789,0.9172,0.1805,7.07,0.812,metropolitan-heavy,0.04,-0.0009,0.9808,0.9358,0.9551,0.7733,0.2627,0.5862,64.42,False
AUS,Australia,Sri Lankan,immigrant,1.6,1.75,1.6,1.75,0.7,0.83,0.13,0.68,0.16,0.84,-0.0,0.79,0.89,0.79,0.89,0.1,0.85,0.15,0.01,186992,271405,0.214,0.0,0.0,1.81,unspecified,True,0.5,0.48,0.56,0.42,0.702,0.884,1.0,0.9,0.874,0.0,1.22,0.0,0.931,0.391,1.0,0.761,16.058,10.682,65.5,64.42,18.442,24.898,0.44,0.315,0.638,0.963,1.3,1.397,0.15,0.0012,0.8474,0.8586,0.0113,0.8586,2.9773,0.1011,2.796,2.886,0.0005,0.8597,0.85,0.15,0.01,2.796,2.886,0.0005,0.8597,0.8346,0.4656,0.0789,0.9172,0.1805,7.07,0.812,metropolitan-heavy,0.04,-0.0009,0.9808,0.9358,0.9551,0.7733,0.2627,0.5862,64.42,False
AUS,Australia,Other,immigrant,1.6,1.75,1.6,1.75,15.0,15.52,0.52,14.48,1.04,15.45,0.07,15.25,15.8,15.25,15.8,0.56,15.8,0.8,0.28,4006981,5045273,0.214,0.0,0.0,1.81,NGA;ETH;GHA;KEN;UGA;TZA;RWA;COD;CIV;CMR;SEN;ZMB;ZWE;MOZ;MWI;AGO;SDN;SOM;ERI;BFA;NER;MLI;GIN;SLE;LBR;BEN;TGO;GMB,True,0.711,0.785,0.574,0.717,0.702,1.153,1.0,0.9,1.151,0.0,1.22,0.0,0.931,0.391,1.0,0.761,16.058,10.682,65.5,64.42,18.442,24.898,0.44,0.315,0.638,0.963,1.3,1.397,0.15,0.0012,0.8474,0.8586,0.0113,0.8586,2.9773,0.1011,2.796,2.886,0.0005,0.8597,15.8,0.8,0.28,2.796,2.886,0.0005,0.8597,0.8346,0.4656,0.0789,0.9172,0.1805,7.07,0.812,metropolitan-heavy,0.04,-0.0009,0.9808,0.9358,0.9551,0.7733,0.2627,0.5862,64.42,False
AUT,Austria,Austrian,majority,1.3,1.54,1.3,1.54,80.8,77.63,-3.17,79.41,-1.78,77.63,0.0,78.26,76.86,76.86,78.26,1.4,77.66,-3.14,0.04,7369619,6772318,0.411,0.335,0.197,2.139,unspecified,False,0.5,0.48,0.56,0.42,0.744,1.3,1.0,0.78,1.023,0.0,0.0,0.0,0.579,0.266,1.0,0.761,9.595,4.914,65.5,66.26,24.905,28.826,0.29,0.12,0.849,0.902,1.0,1.183,0.06,0.001,0.3414,0.3903,0.0489,0.3903,0.9944,0.1255,1.989,1.908,0.0005,0.3896,77.66,-3.14,0.04,1.989,1.908,0.0005,0.3896,0.7661,0.5367,0.1129,0.8346,0.2111,1.64,0.812,metropolitan-heavy,0.077,0.0028,0.9539,0.8775,0.9698,0.7263,0.2962,0.7648,66.26,True
AUT,Austria,German,immigrant,1.2,1.5,1.3,1.54,2.3,2.35,0.05,2.14,0.21,2.35,0.0,2.29,2.42,2.29,2.42,0.13,2.4,0.1,0.05,209779,205285,0.411,0.335,0.197,2.139,unspecified,True,0.5,0.48,0.56,0.42,0.744,0.963,1.0,0.78,0.9,0.0,0.0,0.0,0.579,0.266,1.0,0.761,9.595,4.914,65.5,66.26,24.905,28.826,0.29,0.12,0.849,0.902,1.0,1.183,0.06,0.001,0.3414,0.3903,0.0489,0.3903,0.9944,0.1255,1.989,1.908,0.0005,0.3896,2.4,0.1,0.05,1.989,1.908,0.0005,0.3896,0.7661,0.5367,0.1129,0.8346,0.2111,1.64,0.812,metropolitan-heavy,0.077,0.0028,0.9539,0.8775,0.9698,0.7263,0.2962,0.7648,66.26,False
AUT,Austria,Turkish,high_fertility,2.05,1.84,1.3,1.54,2.5,3.15,0.65,3.22,-0.07,3.15,0.0,3.14,3.15,3.14,3.15,0.0,3.06,0.56,-0.09,228020,274535,0.411,0.335,0.197,2.139,unspecified,False,0.5,0.48,0.56,0.42,0.744,0.97,1.0,0.78,0.903,0.0,0.0,0.0,0.579,0.266,1.0,0.761,9.595,4.914,65.5,66.26,24.905,28.826,0.29,0.12,0.849,0.902,1.0,1.183,0.06,0.001,0.3414,0.3903,0.0489,0.3903,0.9944,0.1255,1.989,1.908,0.0005,0.3896,3.06,0.56,-0.09,1.989,1.908,0.0005,0.3896,0.7661,0.5367,0.1129,0.8346,0.2111,1.64,0.812,metropolitan-heavy,0.077,0.0028,0.9539,0.8775,0.9698,0.7263,0.2962,0.7648,66.26,False
AUT,Austria,Serbian,high_fertility,1.65,1.68,1.3,1.54,2.2,2.45,0.25,2.51,-0.06,2.45,0.0,2.46,2.44,2.44,2.46,0.02,2.42,0.22,-0.03,200658,213624,0.411,0.335,0.197,2.139,unspecified,False,0.5,0.48,0.56,0.42,0.744,0.96,1.0,0.78,0.899,0.0,0.0,0.0,0.579,0.266,1.0,0.761,9.595,4.914,65.5,66.26,24.905,28.826,0.29,0.12,0.849,0.902,1.0,1.183,0.06,0.001,0.3414,0.3903,0.0489,0.3903,0.9944,0.1255,1.989,1.908,0.0005,0.3896,2.42,0.22,-0.03,1.989,1.908,0.0005,0.3896,0.7661,0.5367,0.1129,0.8346,0.2111,1.64,0.812,metropolitan-heavy,0.077,0.0028,0.9539,0.8775,0.9698,0.7263,0.2962,0.7648,66.26,False
AUT,Austria,Bosnian,high_fertility,1.65,1.68,1.3,1.54,1.7,1.89,0.19,1.94,-0.04,1.89,0.0,1.9,1.88,1.88,1.9,0.02,1.87,0.17,-0.02,155054,165073,0.411,0.335,0.197,2.139,unspecified,False,0.5,0.48,0.56,0.42,0.744,0.939,1.0,0.78,0.892,0.0,0.0,0.0,0.579,0.266,1.0,0.761,9.595,4.914,65.5,66.26,24.905,28.826,0.29,0.12,0.849,0.902,1.0,1.183,0.06,0.001,0.3414,0.3903,0.0489,0.3903,0.9944,0.1255,1.989,1.908,0.0005,0.3896,1.87,0.17,-0.02,1.989,1.908,0.0005,0.3896,0.7661,0.5367,0.1129,0.8346,0.2111,1.64,0.812,metropolitan-heavy,0.077,0.0028,0.9539,0.8775,0.9698,0.7263,0.2962,0.7648,66.26,False
AUT,Austria,Romanian,immigrant,1.3,1.54,1.3,1.54,0.8,0.85,0.05,0.78,0.07,0.85,0.0,0.83,0.87,0.83,0.87,0.05,0.86,0.06,0.01,72967,74114,0.411,0.335,0.197,2.139,unspecified,True,0.5,0.48,0.56,0.42,0.744,0.891,1.0,0.78,0.874,0.0,0.0,0.0,0.579,0.266,1.0,0.761,9.595,4.914,65.5,66.26,24.905,28.826,0.29,0.12,0.849,0.902,1.0,1.183,0.06,0.001,0.3414,0.3903,0.0489,0.3903,0.9944,0.1255,1.989,1.908,0.0005,0.3896,0.86,0.06,0.01,1.989,1.908,0.0005,0.3896,0.7661,0.5367,0.1129,0.8346,0.2111,1.64,0.812,metropolitan-heavy,0.077,0.0028,0.9539,0.8775,0.9698,0.7263,0.2962,0.7648,66.26,False
AUT,Austria,Hungarian,immigrant,1.3,1.54,1.3,1.54,0.6,0.64,0.04,0.58,0.06,0.64,0.0,0.62,0.66,0.62,0.66,0.03,0.65,0.05,0.01,54725,55550,0.411,0.335,0.197,2.139,unspecified,True,0.5,0.48,0.56,0.42,0.744,0.876,1.0,0.78,0.869,0.0,0.0,0.0,0.579,0.266,1.0,0.761,9.595,4.914,65.5,66.26,24.905,28.826,0.29,0.12,0.849,0.902,1.0,1.183,0.06,0.001,0.3414,0.3903,0.0489,0.3903,0.9944,0.1255,1.989,1.908,0.0005,0.3896,0.65,0.05,0.01,1.989,1.908,0.0005,0.3896,0.7661,0.5367,0.1129,0.8346,0.2111,1.64,0.812,metropolitan-heavy,0.077,0.0028,0.9539,0.8775,0.9698,0.7263,0.2962,0.7648,66.26,False
AUT,Austria,Croatian,immigrant,1.3,1.54,1.3,1.54,0.5,0.53,0.03,0.48,0.05,0.53,0.0,0.52,0.55,0.52,0.55,0.03,0.54,0.04,0.01,45604,46276,0.411,0.335,0.197,2.139,unspecified,True,0.5,0.48,0.56,0.42,0.744,0.869,1.0,0.78,0.866,0.0,0.0,0.0,0.579,0.266,1.0,0.761,9.595,4.914,65.5,66.26,24.905,28.826,0.29,0.12,0.849,0.902,1.0,1.183,0.06,0.001,0.3414,0.3903,0.0489,0.3903,0.9944,0.1255,1.989,1.908,0.0005,0.3896,0.54,0.04,0.01,1.989,1.908,0.0005,0.3896,0.7661,0.5367,0.1129,0.8346,0.2111,1.64,0.812,metropolitan-heavy,0.077,0.0028,0.9539,0.8775,0.9698,0.7263,0.2962,0.7648,66.26,False
AUT,Austria,Polish,immigrant,1.3,1.54,1.3,1.54,0.4,0.42,0.02,0.39,0.04,0.42,0.0,0.41,0.44,0.41,0.44,0.02,0.43,0.03,0.01,36483,37007,0.411,0.335,0.197,2.139,unspecified,True,0.5,0.48,0.56,0.42,0.744,0.86,1.0,0.78,0.863,0.0,0.0,0.0,0.579,0.266,1.0,0.761,9.595,4.914,65.5,66.26,24.905,28.826,0.29,0.12,0.849,0.902,1.0,1.183,0.06,0.001,0.3414,0.3903,0.0489,0.3903,0.9944,0.1255,1.989,1.908,0.0005,0.3896,0.43,0.03,0.01,1.989,1.908,0.0005,0.3896,0.7661,0.5367,0.1129,0.8346,0.2111,1.64,0.812,metropolitan-heavy,0.077,0.0028,0.9539,0.8775,0.9698,0.7263,0.2962,0.7648,66.26,False
AUT,Austria,Syrian,high_fertility,2.5,2.02,1.3,1.54,0.6,1.33,0.73,0.87,0.46,1.33,0.0,1.16,1.55,1.16,1.55,0.39,1.27,0.67,-0.05,54725,115766,0.411,0.335,0.197,2.139,SYR,True,0.672,0.726,0.6,0.74,0.744,0.876,1.0,0.78,0.979,0.0,0.0,0.0,0.579,0.266,1.0,0.761,9.595,4.914,65.5,66.26,24.905,28.826,0.29,0.12,0.849,0.902,1.0,1.183,0.06,0.001,0.3414,0.3903,0.0489,0.3903,0.9944,0.1255,1.989,1.908,0.0005,0.3896,1.27,0.67,-0.05,1.989,1.908,0.0005,0.3896,0.7661,0.5367,0.1129,0.8346,0.2111,1.64,0.812,metropolitan-heavy,0.077,0.0028,0.9539,0.8775,0.9698,0.7263,0.2962,0.7648,66.26,False
AUT,Austria,Afghan,high_fertility,2.4,1.98,1.3,1.54,0.5,1.08,0.58,0.71,0.38,1.08,0.0,0.94,1.27,0.94,1.27,0.32,1.04,0.54,-0.04,45604,94545,0.411,0.335,0.197,2.139,AFG,True,0.667,0.804,0.42,0.86,0.744,0.869,1.0,0.78,0.972,0.0,0.0,0.0,0.579,0.266,1.0,0.761,9.595,4.914,65.5,66.26,24.905,28.826,0.29,0.12,0.849,0.902,1.0,1.183,0.06,0.001,0.3414,0.3903,0.0489,0.3903,0.9944,0.1255,1.989,1.908,0.0005,0.3896,1.04,0.54,-0.04,1.989,1.908,0.0005,0.3896,0.7661,0.5367,0.1129,0.8346,0.2111,1.64,0.812,metropolitan-heavy,0.077,0.0028,0.9539,0.8775,0.9698,0.7263,0.2962,0.7648,66.26,False
AUT,Austria,Iraqi,high_fertility,2.05,1.84,1.3,1.54,0.4,0.5,0.1,0.52,-0.01,0.5,0.0,0.5,0.5,0.5,0.5,0.0,0.49,0.09,-0.01,36483,43926,0.411,0.335,0.197,2.139,IRQ,False,0.651,0.702,0.58,0.7,0.744,0.86,1.0,0.78,0.958,0.0,0.0,0.0,0.579,0.266,1.0,0.761,9.595,4.914,65.5,66.26,24.905,28.826,0.29,0.12,0.849,0.902,1.0,1.183,0.06,0.001,0.3414,0.3903,0.0489,0.3903,0.9944,0.1255,1.989,1.908,0.0005,0.3896,0.49,0.09,-0.01,1.989,1.908,0.0005,0.3896,0.7661,0.5367,0.1129,0.8346,0.2111,1.64,0.812,metropolitan-heavy,0.077,0.0028,0.9539,0.8775,0.9698,0.7263,0.2962,0.7648,66.26,False
AUT,Austria,Indian,immigrant,1.3,1.54,1.3,1.54,0.4,0.43,0.03,0.39,0.04,0.43,0.0,0.42,0.45,0.42,0.45,0.03,0.44,0.04,0.01,36483,37668,0.411,0.335,0.197,2.139,IND;PAK;BGD;LKA;NPL,True,0.718,0.719,0.752,0.684,0.744,0.86,1.0,0.78,1.0,0.0,0.0,0.0,0.579,0.266,1.0,0.761,9.595,4.914,65.5,66.26,24.905,28.826,0.29,0.12,0.849,0.902,1.0,1.183,0.06,0.001,0.3414,0.3903,0.0489,0.3903,0.9944,0.1255,1.989,1.908,0.0005,0.3896,0.44,0.04,0.01,1.989,1.908,0.0005,0.3896,0.7661,0.5367,0.1129,0.8346,0.2111,1.64,0.812,metropolitan-heavy,0.077,0.0028,0.9539,0.8775,0.9698,0.7263,0.2962,0.7648,66.26,False
AUT,Austria,Chinese,immigrant,1.1,1.46,1.3,1.54,0.3,0.29,-0.01,0.27,0.03,0.29,0.0,0.29,0.3,0.29,0.3,0.01,0.3,0.0,0.01,27362,25565,0.411,0.335,0.197,2.139,CHN,True,0.52,0.502,0.58,0.45,0.744,0.851,1.0,0.78,0.872,0.0,0.0,0.0,0.579,0.266,1.0,0.761,9.595,4.914,65.5,66.26,24.905,28.826,0.29,0.12,0.849,0.902,1.0,1.183,0.06,0.001,0.3414,0.3903,0.0489,0.3903,0.9944,0.1255,1.989,1.908,0.0005,0.3896,0.3,0.0,0.01,1.989,1.908,0.0005,0.3896,0.7661,0.5367,0.1129,0.8346,0.2111,1.64,0.812,metropolitan-heavy,0.077,0.0028,0.9539,0.8775,0.9698,0.7263,0.2962,0.7648,66.26,False
AUT,Austria,Other,immigrant,1.3,1.54,1.3,1.54,6.0,6.45,0.45,5.81,0.64,6.45,0.0,6.27,6.68,6.27,6.68,0.41,6.56,0.56,0.11,547249,563084,0.411,0.335,0.197,2.139,unspecified,True,0.5,0.48,0.56,0.42,0.744,1.054,1.0,0.78,0.933,0.0,0.0,0.0,0.579,0.266,1.0,0.761,9.595,4.914,65.5,66.26,24.905,28.826,0.29,0.12,0.849,0.902,1.0,1.183,0.06,0.001,0.3414,0.3903,0.0489,0.3903,0.9944,0.1255,1.989,1.908,0.0005,0.3896,6.56,0.56,0.11,1.989,1.908,0.0005,0.3896,0.7661,0.5367,0.1129,0.8346,0.2111,1.64,0.812,metropolitan-heavy,0.077,0.0028,0.9539,0.8775,0.9698,0.7263,0.2962,0.7648,66.26,False
AZE,Azerbaijan,Azerbaijani,majority,1.6,1.75,1.6,1.75,91.6,91.11,-0.49,91.31,-0.2,91.11,0.0,91.19,91.02,91.02,91.19,0.16,91.11,-0.49,0.0,9468305,10227141,0.214,0.0,0.0,1.585,unspecified,False,0.5,0.48,0.56,0.42,0.527,1.3,1.0,0.78,0.885,0.0,0.0,0.0,0.0,0.0,1.0,0.761,24.692,18.43,66.5,63.14,8.808,18.43,0.251,0.024,0.986,0.869,1.0,1.075,0.0,0.001,0.1596,0.1683,0.0087,0.1683,0.372,0.1265,1.532,1.473,0.0005,0.1683,91.11,-0.49,0.0,1.532,1.473,0.0005,0.1683,0.7481,0.3996,0.1131,0.8025,0.2146,1.2,0.634,urbanizing-majority,0.079,0.0519,0.8792,0.8019,0.8433,0.6935,0.1793,0.2923,63.14,True
AZE,Azerbaijan,Lezgin,high_fertility,1.95,1.89,1.6,1.75,2.0,2.27,0.27,2.28,-0.01,2.27,0.0,2.26,2.28,2.26,2.28,0.02,2.24,0.24,-0.03,206732,255020,0.214,0.0,0.0,1.585,unspecified,False,0.5,0.48,0.56,0.42,0.527,0.952,1.0,0.78,0.795,0.0,0.0,0.0,0.0,0.0,1.0,0.761,24.692,18.43,66.5,63.14,8.808,18.43,0.251,0.024,0.986,0.869,1.0,1.075,0.0,0.001,0.1596,0.1683,0.0087,0.1683,0.372,0.1265,1.532,1.473,0.0005,0.1683,2.24,0.24,-0.03,1.532,1.473,0.0005,0.1683,0.7481,0.3996,0.1131,0.8025,0.2146,1.2,0.634,urbanizing-majority,0.079,0.0519,0.8792,0.8019,0.8433,0.6935,0.1793,0.2923,63.14,False
AZE,Azerbaijan,Russian,low_fertility,1.2,1.59,1.6,1.75,1.3,1.09,-0.21,1.1,-0.0,1.09,0.0,1.1,1.09,1.09,1.1,0.02,1.12,-0.18,0.02,134376,122908,0.214,0.0,0.0,1.585,unspecified,False,0.5,0.48,0.56,0.42,0.527,0.92,1.0,0.78,0.787,0.0,0.0,0.0,0.0,0.0,1.0,0.761,24.692,18.43,66.5,63.14,8.808,18.43,0.251,0.024,0.986,0.869,1.0,1.075,0.0,0.001,0.1596,0.1683,0.0087,0.1683,0.372,0.1265,1.532,1.473,0.0005,0.1683,1.12,-0.18,0.02,1.532,1.473,0.0005,0.1683,0.7481,0.3996,0.1131,0.8025,0.2146,1.2,0.634,urbanizing-majority,0.079,0.0519,0.8792,0.8019,0.8433,0.6935,0.1793,0.2923,63.14,False
AZE,Azerbaijan,Talysh,high_fertility,1.95,1.89,1.6,1.75,1.3,1.48,0.18,1.48,-0.0,1.48,0.0,1.47,1.48,1.47,1.48,0.01,1.46,0.16,-0.02,134376,165763,0.214,0.0,0.0,1.585,unspecified,False,0.5,0.48,0.56,0.42,0.527,0.92,1.0,0.78,0.787,0.0,0.0,0.0,0.0,0.0,1.0,0.761,24.692,18.43,66.5,63.14,8.808,18.43,0.251,0.024,0.986,0.869,1.0,1.075,0.0,0.001,0.1596,0.1683,0.0087,0.1683,0.372,0.1265,1.532,1.473,0.0005,0.1683,1.46,0.16,-0.02,1.532,1.473,0.0005,0.1683,0.7481,0.3996,0.1131,0.8025,0.2146,1.2,0.634,urbanizing-majority,0.079,0.0519,0.8792,0.8019,0.8433,0.6935,0.1793,0.2923,63.14,False
AZE,Azerbaijan,Armenian (Nagorno-Karabakh),low_fertility,1.6,1.75,1.6,1.75,1.0,0.98,-0.02,0.98,-0.0,0.98,0.0,0.98,0.98,0.98,0.98,0.0,0.98,-0.02,0.0,103366,109718,0.214,0.0,0.0,1.585,unspecified,False,0.5,0.48,0.56,0.42,0.527,0.903,1.0,0.78,0.783,0.0,0.0,0.0,0.0,0.0,1.0,0.761,24.692,18.43,66.5,63.14,8.808,18.43,0.251,0.024,0.986,0.869,1.0,1.075,0.0,0.001,0.1596,0.1683,0.0087,0.1683,0.372,0.1265,1.532,1.473,0.0005,0.1683,0.98,-0.02,0.0,1.532,1.473,0.0005,0.1683,0.7481,0.3996,0.1131,0.8025,0.2146,1.2,0.634,urbanizing-majority,0.079,0.0519,0.8792,0.8019,0.8433,0.6935,0.1793,0.2923,63.14,False
AZE,Azerbaijan,Avars,high_fertility,1.95,1.89,1.6,1.75,0.6,0.68,0.08,0.68,-0.0,0.68,0.0,0.68,0.68,0.68,0.68,0.0,0.67,0.07,-0.01,62019,76506,0.214,0.0,0.0,1.585,unspecified,False,0.5,0.48,0.56,0.42,0.527,0.876,1.0,0.78,0.776,0.0,0.0,0.0,0.0,0.0,1.0,0.761,24.692,18.43,66.5,63.14,8.808,18.43,0.251,0.024,0.986,0.869,1.0,1.075,0.0,0.001,0.1596,0.1683,0.0087,0.1683,0.372,0.1265,1.532,1.473,0.0005,0.1683,0.67,0.07,-0.01,1.532,1.473,0.0005,0.1683,0.7481,0.3996,0.1131,0.8025,0.2146,1.2,0.634,urbanizing-majority,0.079,0.0519,0.8792,0.8019,0.8433,0.6935,0.1793,0.2923,63.14,False
AZE,Azerbaijan,Other,immigrant,1.6,1.75,1.6,1.75,2.2,2.39,0.19,2.17,0.22,2.39,0.0,2.32,2.47,2.32,2.47,0.15,2.42,0.22,0.04,227405,267865,0.214,0.0,0.0,1.585,unspecified,True,0.5,0.48,0.56,0.42,0.527,0.96,1.0,0.78,0.797,0.0,0.0,0.0,0.0,0.0,1.0,0.761,24.692,18.43,66.5,63.14,8.808,18.43,0.251,0.024,0.986,0.869,1.0,1.075,0.0,0.001,0.1596,0.1683,0.0087,0.1683,0.372,0.1265,1.532,1.473,0.0005,0.1683,2.42,0.22,0.04,1.532,1.473,0.0005,0.1683,0.7481,0.3996,0.1131,0.8025,0.2146,1.2,0.634,urbanizing-majority,0.079,0.0519,0.8792,0.8019,0.8433,0.6935,0.1793,0.2923,63.14,False
BDI,Burundi,Hutu,majority,5.0,3.7,5.0,3.7,85.0,85.0,0.0,85.0,0.0,85.0,0.0,85.0,85.0,85.0,85.0,0.0,85.0,0.0,0.0,11940620,20511963,0.0,0.0,0.0,1.25,unspecified,False,0.5,0.48,0.56,0.42,0.454,1.3,1.0,0.78,0.839,0.0,0.0,0.0,0.0,0.0,1.0,0.761,43.973,45.333,54.0,50.8,2.027,3.867,0.251,0.0,1.0,0.754,1.0,1.0,0.0,0.001,0.2578,0.2578,0.0,0.2578,0.5299,0.3295,1.484,1.611,0.0005,0.2578,85.0,0.0,0.0,1.484,1.611,0.0005,0.2578,0.332,0.2269,0.141,0.6175,0.2623,1.35,0.34,rural-heavy,0.0,0.0939,0.7132,0.4883,0.4345,0.029,0.72,0.0,50.8,True
BDI,Burundi,Tutsi,majority,5.0,3.7,5.0,3.7,14.0,14.0,0.0,14.0,0.0,14.0,0.0,14.0,14.0,14.0,14.0,0.0,14.0,0.0,0.0,1966690,3378441,0.0,0.0,0.0,1.25,unspecified,False,0.5,0.48,0.56,0.42,0.454,1.145,1.0,0.78,0.804,0.0,0.0,0.0,0.0,0.0,1.0,0.761,43.973,45.333,54.0,50.8,2.027,3.867,0.251,0.0,1.0,0.754,1.0,1.0,0.0,0.001,0.2578,0.2578,0.0,0.2578,0.5299,0.3295,1.484,1.611,0.0005,0.2578,14.0,0.0,0.0,1.484,1.611,0.0005,0.2578,0.332,0.2269,0.141,0.6175,0.2623,1.35,0.34,rural-heavy,0.0,0.0939,0.7132,0.4883,0.4345,0.029,0.72,0.0,50.8,False
BDI,Burundi,Twa,majority,5.0,3.7,5.0,3.7,1.0,1.0,0.0,1.0,0.0,1.0,0.0,1.0,1.0,1.0,1.0,0.0,1.0,0.0,0.0,140478,241317,0.0,0.0,0.0,1.25,unspecified,False,0.5,0.48,0.56,0.42,0.454,0.903,1.0,0.78,0.75,0.0,0.0,0.0,0.0,0.0,1.0,0.761,43.973,45.333,54.0,50.8,2.027,3.867,0.251,0.0,1.0,0.754,1.0,1.0,0.0,0.001,0.2578,0.2578,0.0,0.2578,0.5299,0.3295,1.484,1.611,0.0005,0.2578,1.0,0.0,0.0,1.484,1.611,0.0005,0.2578,0.332,0.2269,0.141,0.6175,0.2623,1.35,0.34,rural-heavy,0.0,0.0939,0.7132,0.4883,0.4345,0.029,0.72,0.0,50.8,False
BEL,Belgium,Flemish,majority,1.5,1.68,1.5,1.68,50.0,48.84,-1.16,49.82,-0.99,48.89,-0.06,49.15,48.47,48.47,49.15,0.68,48.55,-1.45,-0.29,5869380,5797178,0.257,0.204,0.126,1.81,unspecified,False,0.5,0.48,0.56,0.42,0.671,1.292,1.0,0.78,0.974,0.0,0.0,0.0,0.632,0.594,1.0,0.761,11.719,7.214,64.5,63.98,23.781,28.806,0.32,0.235,0.621,0.909,1.0,1.115,0.07,0.001,0.6805,0.6909,0.0104,0.6909,2.0435,0.1117,2.428,2.413,0.0005,0.6924,48.55,-1.45,-0.29,2.428,2.413,0.0005,0.6924,0.7861,0.4904,0.0845,0.8526,0.1865,3.24,0.854,metropolitan-heavy,0.037,-0.0021,0.952,0.9282,0.9669,0.7585,0.3343,0.7639,63.98,True
BEL,Belgium,Walloon,majority,1.5,1.68,1.5,1.68,17.0,16.38,-0.62,16.72,-0.34,16.4,-0.02,16.49,16.25,16.25,16.49,0.23,16.4,-0.6,0.03,1995589,1944133,0.257,0.204,0.126,1.81,unspecified,False,0.5,0.48,0.56,0.42,0.671,1.167,1.0,0.78,0.933,0.0,0.0,0.0,0.632,0.594,1.0,0.761,11.719,7.214,64.5,63.98,23.781,28.806,0.32,0.235,0.621,0.909,1.0,1.115,0.07,0.001,0.6805,0.6909,0.0104,0.6909,2.0435,0.1117,2.428,2.413,0.0005,0.6924,16.4,-0.6,0.03,2.428,2.413,0.0005,0.6924,0.7861,0.4904,0.0845,0.8526,0.1865,3.24,0.854,metropolitan-heavy,0.037,-0.0021,0.952,0.9282,0.9669,0.7585,0.3343,0.7639,63.98,False
BEL,Belgium,Italian,assimilating,1.4,1.64,1.5,1.68,3.0,2.74,-0.26,2.8,-0.06,2.75,-0.0,2.77,2.72,2.72,2.77,0.05,2.8,-0.2,0.06,352163,325842,0.257,0.204,0.126,1.81,unspecified,False,0.5,0.48,0.56,0.42,0.671,0.986,1.0,0.78,0.874,0.0,0.0,0.0,0.632,0.594,1.0,0.761,11.719,7.214,64.5,63.98,23.781,28.806,0.32,0.235,0.621,0.909,1.0,1.115,0.07,0.001,0.6805,0.6909,0.0104,0.6909,2.0435,0.1117,2.428,2.413,0.0005,0.6924,2.8,-0.2,0.06,2.428,2.413,0.0005,0.6924,0.7861,0.4904,0.0845,0.8526,0.1865,3.24,0.854,metropolitan-heavy,0.037,-0.0021,0.952,0.9282,0.9669,0.7585,0.3343,0.7639,63.98,False
BEL,Belgium,Moroccan,high_fertility,2.4,2.04,1.5,1.68,2.5,3.21,0.71,3.28,-0.07,3.21,-0.0,3.2,3.22,3.2,3.22,0.02,3.11,0.61,-0.1,293469,381061,0.257,0.204,0.126,1.81,MAR,False,0.63,0.613,0.7,0.58,0.671,0.97,1.0,0.78,0.952,0.0,0.0,0.0,0.632,0.594,1.0,0.761,11.719,7.214,64.5,63.98,23.781,28.806,0.32,0.235,0.621,0.909,1.0,1.115,0.07,0.001,0.6805,0.6909,0.0104,0.6909,2.0435,0.1117,2.428,2.413,0.0005,0.6924,3.11,0.61,-0.1,2.428,2.413,0.0005,0.6924,0.7861,0.4904,0.0845,0.8526,0.1865,3.24,0.854,metropolitan-heavy,0.037,-0.0021,0.952,0.9282,0.9669,0.7585,0.3343,0.7639,63.98,False
BEL,Belgium,French,immigrant,1.4,1.64,1.5,1.68,2.0,1.98,-0.02,1.88,0.11,1.99,-0.0,1.96,2.02,1.96,2.02,0.06,2.02,0.02,0.04,234775,235522,0.257,0.204,0.126,1.81,unspecified,True,0.5,0.48,0.56,0.42,0.671,0.952,1.0,0.78,0.862,0.0,0.0,0.0,0.632,0.594,1.0,0.761,11.719,7.214,64.5,63.98,23.781,28.806,0.32,0.235,0.621,0.909,1.0,1.115,0.07,0.001,0.6805,0.6909,0.0104,0.6909,2.0435,0.1117,2.428,2.413,0.0005,0.6924,2.02,0.02,0.04,2.428,2.413,0.0005,0.6924,0.7861,0.4904,0.0845,0.8526,0.1865,3.24,0.854,metropolitan-heavy,0.037,-0.0021,0.952,0.9282,0.9669,0.7585,0.3343,0.7639,63.98,False
BEL,Belgium,Turkish,high_fertility,2.1,1.92,1.5,1.68,1.8,2.14,0.34,2.18,-0.04,2.14,-0.0,2.14,2.14,2.14,2.14,0.0,2.09,0.29,-0.05,211298,253752,0.257,0.204,0.126,1.81,unspecified,False,0.5,0.48,0.56,0.42,0.671,0.944,1.0,0.78,0.86,0.0,0.0,0.0,0.632,0.594,1.0,0.761,11.719,7.214,64.5,63.98,23.781,28.806,0.32,0.235,0.621,0.909,1.0,1.115,0.07,0.001,0.6805,0.6909,0.0104,0.6909,2.0435,0.1117,2.428,2.413,0.0005,0.6924,2.09,0.29,-0.05,2.428,2.413,0.0005,0.6924,0.7861,0.4904,0.0845,0.8526,0.1865,3.24,0.854,metropolitan-heavy,0.037,-0.0021,0.952,0.9282,0.9669,0.7585,0.3343,0.7639,63.98,False
BEL,Belgium,Dutch,immigrant,1.4,1.64,1.5,1.68,1.5,1.49,-0.01,1.41,0.08,1.49,-0.0,1.47,1.51,1.47,1.51,0.05,1.52,0.02,0.03,176081,176537,0.257,0.204,0.126,1.81,unspecified,True,0.5,0.48,0.56,0.42,0.671,0.93,1.0,0.78,0.855,0.0,0.0,0.0,0.632,0.594,1.0,0.761,11.719,7.214,64.5,63.98,23.781,28.806,0.32,0.235,0.621,0.909,1.0,1.115,0.07,0.001,0.6805,0.6909,0.0104,0.6909,2.0435,0.1117,2.428,2.413,0.0005,0.6924,1.52,0.02,0.03,2.428,2.413,0.0005,0.6924,0.7861,0.4904,0.0845,0.8526,0.1865,3.24,0.854,metropolitan-heavy,0.037,-0.0021,0.952,0.9282,0.9669,0.7585,0.3343,0.7639,63.98,False
BEL,Belgium,German-speaking,majority,1.5,1.68,1.5,1.68,0.8,0.77,-0.03,0.79,-0.02,0.77,-0.0,0.78,0.76,0.76,0.78,0.01,0.77,-0.03,0.0,93910,91489,0.257,0.204,0.126,1.81,unspecified,False,0.5,0.48,0.56,0.42,0.671,0.891,1.0,0.78,0.842,0.0,0.0,0.0,0.632,0.594,1.0,0.761,11.719,7.214,64.5,63.98,23.781,28.806,0.32,0.235,0.621,0.909,1.0,1.115,0.07,0.001,0.6805,0.6909,0.0104,0.6909,2.0435,0.1117,2.428,2.413,0.0005,0.6924,0.77,-0.03,0.0,2.428,2.413,0.0005,0.6924,0.7861,0.4904,0.0845,0.8526,0.1865,3.24,0.854,metropolitan-heavy,0.037,-0.0021,0.952,0.9282,0.9669,0.7585,0.3343,0.7639,63.98,False
BEL,Belgium,Sub-Saharan African,high_fertility,1.85,1.82,1.5,1.68,2.0,2.38,0.38,2.26,0.13,2.27,0.11,2.34,2.43,2.34,2.43,0.1,2.35,0.35,-0.03,234775,282718,0.257,0.204,0.126,1.81,NGA;ETH;GHA;KEN;UGA;TZA;RWA;COD;CIV;CMR;SEN;ZMB;ZWE;MOZ;MWI;AGO;SDN;SOM;ERI;BFA;NER;MLI;GIN;SLE;LBR;BEN;TGO;GMB,True,0.711,0.785,0.574,0.717,0.671,0.952,1.014,0.78,1.001,0.0,0.0,0.0,0.632,0.594,1.0,0.761,11.719,7.214,64.5,63.98,23.781,28.806,0.32,0.235,0.621,0.909,1.0,1.115,0.07,0.001,0.6805,0.6909,0.0104,0.6909,2.0435,0.1117,2.428,2.413,0.0005,0.6924,2.35,0.35,-0.03,2.428,2.413,0.0005,0.6924,0.7861,0.4904,0.0845,0.8526,0.1865,3.24,0.854,metropolitan-heavy,0.037,-0.0021,0.952,0.9282,0.9669,0.7585,0.3343,0.7639,63.98,False
BEL,Belgium,Other,immigrant,1.5,1.68,1.5,1.68,19.4,20.07,0.67,18.87,1.2,20.09,-0.02,19.72,20.48,19.72,20.48,0.75,20.38,0.98,0.31,2277320,2382671,0.257,0.204,0.126,1.81,unspecified,True,0.5,0.48,0.56,0.42,0.671,1.182,1.0,0.78,0.938,0.0,0.0,0.0,0.632,0.594,1.0,0.761,11.719,7.214,64.5,63.98,23.781,28.806,0.32,0.235,0.621,0.909,1.0,1.115,0.07,0.001,0.6805,0.6909,0.0104,0.6909,2.0435,0.1117,2.428,2.413,0.0005,0.6924,20.38,0.98,0.31,2.428,2.413,0.0005,0.6924,0.7861,0.4904,0.0845,0.8526,0.1865,3.24,0.854,metropolitan-heavy,0.037,-0.0021,0.952,0.9282,0.9669,0.7585,0.3343,0.7639,63.98,False
BEN,Benin,Fon,majority,4.7,3.53,4.7,3.53,38.4,38.11,-0.29,38.11,0.0,38.11,0.0,38.12,38.09,38.09,38.12,0.03,38.1,-0.3,-0.01,5553685,9310903,0.0,0.0,0.0,1.25,unspecified,False,0.5,0.48,0.56,0.42,0.454,1.261,1.0,0.78,0.83,0.0,0.0,0.771,0.0,0.0,1.0,0.761,41.147,42.275,56.5,52.82,2.353,4.905,0.251,0.0,1.0,0.789,1.0,1.0,0.0,0.001,0.7914,0.7932,0.0018,0.7932,2.595,0.3134,2.098,2.358,0.0005,0.7933,38.1,-0.3,-0.01,2.098,2.358,0.0005,0.7933,0.3506,0.2247,0.1266,0.6178,0.2667,4.84,0.342,rural-heavy,0.0,0.0903,0.6928,0.4936,0.6485,0.068,0.6822,0.0,52.82,True
BEN,Benin,Adja,majority,4.7,3.53,4.7,3.53,15.1,14.95,-0.15,14.95,0.0,14.95,0.0,14.96,14.95,14.95,14.96,0.01,14.97,-0.13,0.01,2183871,3653953,0.0,0.0,0.0,1.25,unspecified,False,0.5,0.48,0.56,0.42,0.454,1.153,1.0,0.78,0.806,0.0,0.0,0.771,0.0,0.0,1.0,0.761,41.147,42.275,56.5,52.82,2.353,4.905,0.251,0.0,1.0,0.789,1.0,1.0,0.0,0.001,0.7914,0.7932,0.0018,0.7932,2.595,0.3134,2.098,2.358,0.0005,0.7933,14.97,-0.13,0.01,2.098,2.358,0.0005,0.7933,0.3506,0.2247,0.1266,0.6178,0.2667,4.84,0.342,rural-heavy,0.0,0.0903,0.6928,0.4936,0.6485,0.068,0.6822,0.0,52.82,False
BEN,Benin,Yoruba,majority,4.7,3.53,4.7,3.53,12.0,11.88,-0.12,11.88,0.0,11.88,0.0,11.89,11.88,11.88,11.89,0.01,11.89,-0.11,0.01,1735527,2903804,0.0,0.0,0.0,1.25,unspecified,False,0.5,0.48,0.56,0.42,0.454,1.128,1.0,0.78,0.8,0.0,0.0,0.771,0.0,0.0,1.0,0.761,41.147,42.275,56.5,52.82,2.353,4.905,0.251,0.0,1.0,0.789,1.0,1.0,0.0,0.001,0.7914,0.7932,0.0018,0.7932,2.595,0.3134,2.098,2.358,0.0005,0.7933,11.89,-0.11,0.01,2.098,2.358,0.0005,0.7933,0.3506,0.2247,0.1266,0.6178,0.2667,4.84,0.342,rural-heavy,0.0,0.0903,0.6928,0.4936,0.6485,0.068,0.6822,0.0,52.82,False
BEN,Benin,Bariba,majority,4.7,3.53,4.7,3.53,9.6,9.51,-0.09,9.51,0.0,9.51,0.0,9.51,9.5,9.5,9.51,0.01,9.52,-0.08,0.01,1388421,2323043,0.0,0.0,0.0,1.25,unspecified,False,0.5,0.48,0.56,0.42,0.454,1.103,1.0,0.78,0.795,0.0,0.0,0.771,0.0,0.0,1.0,0.761,41.147,42.275,56.5,52.82,2.353,4.905,0.251,0.0,1.0,0.789,1.0,1.0,0.0,0.001,0.7914,0.7932,0.0018,0.7932,2.595,0.3134,2.098,2.358,0.0005,0.7933,9.52,-0.08,0.01,2.098,2.358,0.0005,0.7933,0.3506,0.2247,0.1266,0.6178,0.2667,4.84,0.342,rural-heavy,0.0,0.0903,0.6928,0.4936,0.6485,0.068,0.6822,0.0,52.82,False
BEN,Benin,Fulani (Peulh),high_fertility,5.35,3.79,4.7,3.53,8.6,9.46,0.86,9.46,0.0,9.46,0.0,9.43,9.49,9.43,9.49,0.06,9.38,0.78,-0.08,1243794,2311229,0.0,0.0,0.0,1.25,unspecified,False,0.5,0.48,0.56,0.42,0.454,1.091,1.0,0.78,0.792,0.0,0.0,0.771,0.0,0.0,1.0,0.761,41.147,42.275,56.5,52.82,2.353,4.905,0.251,0.0,1.0,0.789,1.0,1.0,0.0,0.001,0.7914,0.7932,0.0018,0.7932,2.595,0.3134,2.098,2.358,0.0005,0.7933,9.38,0.78,-0.08,2.098,2.358,0.0005,0.7933,0.3506,0.2247,0.1266,0.6178,0.2667,4.84,0.342,rural-heavy,0.0,0.0903,0.6928,0.4936,0.6485,0.068,0.6822,0.0,52.82,False
BEN,Benin,Ottamari (Somba),majority,4.7,3.53,4.7,3.53,6.1,6.04,-0.06,6.04,0.0,6.04,0.0,6.04,6.04,6.04,6.04,0.0,6.05,-0.05,0.01,882226,1476100,0.0,0.0,0.0,1.25,unspecified,False,0.5,0.48,0.56,0.42,0.454,1.055,1.0,0.78,0.784,0.0,0.0,0.771,0.0,0.0,1.0,0.761,41.147,42.275,56.5,52.82,2.353,4.905,0.251,0.0,1.0,0.789,1.0,1.0,0.0,0.001,0.7914,0.7932,0.0018,0.7932,2.595,0.3134,2.098,2.358,0.0005,0.7933,6.05,-0.05,0.01,2.098,2.358,0.0005,0.7933,0.3506,0.2247,0.1266,0.6178,0.2667,4.84,0.342,rural-heavy,0.0,0.0903,0.6928,0.4936,0.6485,0.068,0.6822,0.0,52.82,False
BEN,Benin,Yoa-Lokpa,majority,4.7,3.53,4.7,3.53,4.3,4.26,-0.04,4.26,0.0,4.26,0.0,4.26,4.26,4.26,4.26,0.0,4.26,-0.04,0.0,621897,1040530,0.0,0.0,0.0,1.25,unspecified,False,0.5,0.48,0.56,0.42,0.454,1.02,1.0,0.78,0.776,0.0,0.0,0.771,0.0,0.0,1.0,0.761,41.147,42.275,56.5,52.82,2.353,4.905,0.251,0.0,1.0,0.789,1.0,1.0,0.0,0.001,0.7914,0.7932,0.0018,0.7932,2.595,0.3134,2.098,2.358,0.0005,0.7933,4.26,-0.04,0.0,2.098,2.358,0.0005,0.7933,0.3506,0.2247,0.1266,0.6178,0.2667,4.84,0.342,rural-heavy,0.0,0.0903,0.6928,0.4936,0.6485,0.068,0.6822,0.0,52.82,False
BEN,Benin,Dendi,majority,4.7,3.53,4.7,3.53,2.9,2.87,-0.03,2.87,0.0,2.87,0.0,2.87,2.87,2.87,2.87,0.0,2.87,-0.03,0.0,419419,701753,0.0,0.0,0.0,1.25,unspecified,False,0.5,0.48,0.56,0.42,0.454,0.983,1.0,0.78,0.768,0.0,0.0,0.771,0.0,0.0,1.0,0.761,41.147,42.275,56.5,52.82,2.353,4.905,0.251,0.0,1.0,0.789,1.0,1.0,0.0,0.001,0.7914,0.7932,0.0018,0.7932,2.595,0.3134,2.098,2.358,0.0005,0.7933,2.87,-0.03,0.0,2.098,2.358,0.0005,0.7933,0.3506,0.2247,0.1266,0.6178,0.2667,4.84,0.342,rural-heavy,0.0,0.0903,0.6928,0.4936,0.6485,0.068,0.6822,0.0,52.82,False
BEN,Benin,Other,assimilating,4.7,3.53,4.7,3.53,3.0,2.92,-0.08,2.92,0.0,2.92,0.0,2.92,2.92,2.92,2.92,0.0,2.96,-0.04,0.04,433882,712500,0.0,0.0,0.0,1.25,unspecified,False,0.5,0.48,0.56,0.42,0.454,0.986,1.0,0.78,0.769,0.0,0.0,0.771,0.0,0.0,1.0,0.761,41.147,42.275,56.5,52.82,2.353,4.905,0.251,0.0,1.0,0.789,1.0,1.0,0.0,0.001,0.7914,0.7932,0.0018,0.7932,2.595,0.3134,2.098,2.358,0.0005,0.7933,2.96,-0.04,0.04,2.098,2.358,0.0005,0.7933,0.3506,0.2247,0.1266,0.6178,0.2667,4.84,0.342,rural-heavy,0.0,0.0903,0.6928,0.4936,0.6485,0.068,0.6822,0.0,52.82,False
BFA,Burkina Faso,Mossi,majority,4.5,3.42,4.5,3.42,52.0,51.79,-0.21,51.79,0.0,51.79,0.0,51.81,51.77,51.77,51.81,0.04,51.65,-0.35,-0.14,12245367,19319997,0.0,0.0,0.0,1.25,unspecified,False,0.5,0.48,0.56,0.42,0.454,1.296,1.0,0.78,0.838,0.0,0.0,0.824,0.0,0.0,1.0,0.761,43.404,44.739,54.5,51.14,2.095,4.122,0.251,0.0,1.0,0.753,1.0,1.0,0.0,0.001,0.6926,0.6945,0.0019,0.6945,2.1256,0.3484,1.961,2.22,0.0005,0.6956,51.65,-0.35,-0.14,1.961,2.22,0.0005,0.6956,0.286,0.2245,0.2009,0.5724,0.2996,3.27,0.299,rural-heavy,0.0,0.0567,0.6706,0.3733,0.5479,0.0,0.72,0.0,51.14,True
BFA,Burkina Faso,Fulani,high_fertility,5.15,3.68,4.5,3.42,8.4,9.27,0.87,9.27,0.0,9.27,0.0,9.24,9.3,9.24,9.3,0.06,9.19,0.79,-0.07,1978098,3457216,0.0,0.0,0.0,1.25,unspecified,False,0.5,0.48,0.56,0.42,0.454,1.089,1.0,0.78,0.792,0.0,0.0,0.824,0.0,0.0,1.0,0.761,43.404,44.739,54.5,51.14,2.095,4.122,0.251,0.0,1.0,0.753,1.0,1.0,0.0,0.001,0.6926,0.6945,0.0019,0.6945,2.1256,0.3484,1.961,2.22,0.0005,0.6956,9.19,0.79,-0.07,1.961,2.22,0.0005,0.6956,0.286,0.2245,0.2009,0.5724,0.2996,3.27,0.299,rural-heavy,0.0,0.0567,0.6706,0.3733,0.5479,0.0,0.72,0.0,51.14,False
BFA,Burkina Faso,Gurma,majority,4.5,3.42,4.5,3.42,7.0,6.93,-0.07,6.93,0.0,6.93,0.0,6.93,6.92,6.92,6.93,0.0,6.93,-0.07,0.01,1648415,2584107,0.0,0.0,0.0,1.25,unspecified,False,0.5,0.48,0.56,0.42,0.454,1.07,1.0,0.78,0.787,0.0,0.0,0.824,0.0,0.0,1.0,0.761,43.404,44.739,54.5,51.14,2.095,4.122,0.251,0.0,1.0,0.753,1.0,1.0,0.0,0.001,0.6926,0.6945,0.0019,0.6945,2.1256,0.3484,1.961,2.22,0.0005,0.6956,6.93,-0.07,0.01,1.961,2.22,0.0005,0.6956,0.286,0.2245,0.2009,0.5724,0.2996,3.27,0.299,rural-heavy,0.0,0.0567,0.6706,0.3733,0.5479,0.0,0.72,0.0,51.14,False
BFA,Burkina Faso,Bobo,majority,4.5,3.42,4.5,3.42,4.9,4.85,-0.05,4.85,0.0,4.85,0.0,4.85,4.85,4.85,4.85,0.0,4.85,-0.05,0.0,1153890,1808875,0.0,0.0,0.0,1.25,unspecified,False,0.5,0.48,0.56,0.42,0.454,1.033,1.0,0.78,0.779,0.0,0.0,0.824,0.0,0.0,1.0,0.761,43.404,44.739,54.5,51.14,2.095,4.122,0.251,0.0,1.0,0.753,1.0,1.0,0.0,0.001,0.6926,0.6945,0.0019,0.6945,2.1256,0.3484,1.961,2.22,0.0005,0.6956,4.85,-0.05,0.0,1.961,2.22,0.0005,0.6956,0.286,0.2245,0.2009,0.5724,0.2996,3.27,0.299,rural-heavy,0.0,0.0567,0.6706,0.3733,0.5479,0.0,0.72,0.0,51.14,False
BFA,Burkina Faso,Gurunsi,majority,4.5,3.42,4.5,3.42,4.6,4.55,-0.05,4.55,0.0,4.55,0.0,4.55,4.55,4.55,4.55,0.0,4.56,-0.04,0.0,1083244,1698127,0.0,0.0,0.0,1.25,unspecified,False,0.5,0.48,0.56,0.42,0.454,1.027,1.0,0.78,0.778,0.0,0.0,0.824,0.0,0.0,1.0,0.761,43.404,44.739,54.5,51.14,2.095,4.122,0.251,0.0,1.0,0.753,1.0,1.0,0.0,0.001,0.6926,0.6945,0.0019,0.6945,2.1256,0.3484,1.961,2.22,0.0005,0.6956,4.56,-0.04,0.0,1.961,2.22,0.0005,0.6956,0.286,0.2245,0.2009,0.5724,0.2996,3.27,0.299,rural-heavy,0.0,0.0567,0.6706,0.3733,0.5479,0.0,0.72,0.0,51.14,False
BFA,Burkina Faso,Senufo,majority,4.5,3.42,4.5,3.42,4.5,4.45,-0.05,4.45,0.0,4.45,0.0,4.45,4.45,4.45,4.45,0.0,4.46,-0.04,0.0,1059695,1661212,0.0,0.0,0.0,1.25,unspecified,False,0.5,0.48,0.56,0.42,0.454,1.025,1.0,0.78,0.777,0.0,0.0,0.824,0.0,0.0,1.0,0.761,43.404,44.739,54.5,51.14,2.095,4.122,0.251,0.0,1.0,0.753,1.0,1.0,0.0,0.001,0.6926,0.6945,0.0019,0.6945,2.1256,0.3484,1.961,2.22,0.0005,0.6956,4.46,-0.04,0.0,1.961,2.22,0.0005,0.6956,0.286,0.2245,0.2009,0.5724,0.2996,3.27,0.299,rural-heavy,0.0,0.0567,0.6706,0.3733,0.5479,0.0,0.72,0.0,51.14,False
BFA,Burkina Faso,Bissa,majority,4.5,3.42,4.5,3.42,3.1,3.07,-0.03,3.07,0.0,3.07,0.0,3.07,3.07,3.07,3.07,0.0,3.07,-0.03,0.0,730012,1144390,0.0,0.0,0.0,1.25,unspecified,False,0.5,0.48,0.56,0.42,0.454,0.989,1.0,0.78,0.77,0.0,0.0,0.824,0.0,0.0,1.0,0.761,43.404,44.739,54.5,51.14,2.095,4.122,0.251,0.0,1.0,0.753,1.0,1.0,0.0,0.001,0.6926,0.6945,0.0019,0.6945,2.1256,0.3484,1.961,2.22,0.0005,0.6956,3.07,-0.03,0.0,1.961,2.22,0.0005,0.6956,0.286,0.2245,0.2009,0.5724,0.2996,3.27,0.299,rural-heavy,0.0,0.0567,0.6706,0.3733,0.5479,0.0,0.72,0.0,51.14,False
BFA,Burkina Faso,Lobi,majority,4.5,3.42,4.5,3.42,2.5,2.47,-0.03,2.47,0.0,2.47,0.0,2.47,2.47,2.47,2.47,0.0,2.48,-0.02,0.0,588720,922895,0.0,0.0,0.0,1.25,unspecified,False,0.5,0.48,0.56,0.42,0.454,0.97,1.0,0.78,0.765,0.0,0.0,0.824,0.0,0.0,1.0,0.761,43.404,44.739,54.5,51.14,2.095,4.122,0.251,0.0,1.0,0.753,1.0,1.0,0.0,0.001,0.6926,0.6945,0.0019,0.6945,2.1256,0.3484,1.961,2.22,0.0005,0.6956,2.48,-0.02,0.0,1.961,2.22,0.0005,0.6956,0.286,0.2245,0.2009,0.5724,0.2996,3.27,0.299,rural-heavy,0.0,0.0567,0.6706,0.3733,0.5479,0.0,0.72,0.0,51.14,False
BFA,Burkina Faso,Other,assimilating,4.5,3.42,4.5,3.42,13.0,12.62,-0.38,12.62,0.0,12.62,0.0,12.62,12.62,12.62,12.62,0.01,12.81,-0.19,0.19,3061342,4707568,0.0,0.0,0.0,1.25,unspecified,False,0.5,0.48,0.56,0.42,0.454,1.137,1.0,0.78,0.802,0.0,0.0,0.824,0.0,0.0,1.0,0.761,43.404,44.739,54.5,51.14,2.095,4.122,0.251,0.0,1.0,0.753,1.0,1.0,0.0,0.001,0.6926,0.6945,0.0019,0.6945,2.1256,0.3484,1.961,2.22,0.0005,0.6956,12.81,-0.19,0.19,1.961,2.22,0.0005,0.6956,0.286,0.2245,0.2009,0.5724,0.2996,3.27,0.299,rural-heavy,0.0,0.0567,0.6706,0.3733,0.5479,0.0,0.72,0.0,51.14,False
BGD,Bangladesh,Bengali,majority,2.0,2.03,2.0,2.03,98.0,97.9,-0.1,97.9,0.0,97.9,0.0,97.91,97.9,97.9,97.91,0.01,97.9,-0.1,-0.0,170091119,210209010,0.043,0.0,0.0,1.317,unspecified,False,0.5,0.48,0.56,0.42,0.468,1.3,1.0,0.78,0.848,0.74,0.0,0.788,0.0,0.0,1.0,0.761,26.71,20.831,67.0,59.88,6.29,19.289,0.251,0.0,1.0,0.852,1.0,1.015,0.0,0.001,0.0395,0.0414,0.0019,0.0414,0.0847,0.1613,1.305,1.305,0.0005,0.0414,97.9,-0.1,-0.0,1.305,1.305,0.0005,0.0414,0.6642,0.2828,0.1813,0.7708,0.1973,1.04,0.472,mixed-rural-urban,0.023,0.1311,0.9206,0.7411,0.7968,0.5292,0.255,0.3313,59.88,True
BGD,Bangladesh,Chakma,high_fertility,2.35,2.17,2.0,2.03,0.4,0.45,0.05,0.45,0.0,0.45,0.0,0.45,0.45,0.45,0.45,0.0,0.44,0.04,-0.0,694249,963439,0.043,0.0,0.0,1.317,unspecified,False,0.5,0.48,0.56,0.42,0.468,0.86,1.0,0.78,0.747,0.74,0.0,0.788,0.0,0.0,1.0,0.761,26.71,20.831,67.0,59.88,6.29,19.289,0.251,0.0,1.0,0.852,1.0,1.015,0.0,0.001,0.0395,0.0414,0.0019,0.0414,0.0847,0.1613,1.305,1.305,0.0005,0.0414,0.44,0.04,-0.0,1.305,1.305,0.0005,0.0414,0.6642,0.2828,0.1813,0.7708,0.1973,1.04,0.472,mixed-rural-urban,0.023,0.1311,0.9206,0.7411,0.7968,0.5292,0.255,0.3313,59.88,False
BGD,Bangladesh,Santal,high_fertility,2.35,2.17,2.0,2.03,0.3,0.34,0.04,0.34,0.0,0.34,0.0,0.34,0.34,0.34,0.34,0.0,0.33,0.03,-0.0,520687,722580,0.043,0.0,0.0,1.317,unspecified,False,0.5,0.48,0.56,0.42,0.468,0.851,1.0,0.78,0.745,0.74,0.0,0.788,0.0,0.0,1.0,0.761,26.71,20.831,67.0,59.88,6.29,19.289,0.251,0.0,1.0,0.852,1.0,1.015,0.0,0.001,0.0395,0.0414,0.0019,0.0414,0.0847,0.1613,1.305,1.305,0.0005,0.0414,0.33,0.03,-0.0,1.305,1.305,0.0005,0.0414,0.6642,0.2828,0.1813,0.7708,0.1973,1.04,0.472,mixed-rural-urban,0.023,0.1311,0.9206,0.7411,0.7968,0.5292,0.255,0.3313,59.88,False
BGD,Bangladesh,Marma,high_fertility,2.35,2.17,2.0,2.03,0.2,0.22,0.02,0.22,0.0,0.22,0.0,0.22,0.23,0.22,0.23,0.0,0.22,0.02,-0.0,347125,481720,0.043,0.0,0.0,1.317,unspecified,False,0.5,0.48,0.56,0.42,0.468,0.842,1.0,0.78,0.743,0.74,0.0,0.788,0.0,0.0,1.0,0.761,26.71,20.831,67.0,59.88,6.29,19.289,0.251,0.0,1.0,0.852,1.0,1.015,0.0,0.001,0.0395,0.0414,0.0019,0.0414,0.0847,0.1613,1.305,1.305,0.0005,0.0414,0.22,0.02,-0.0,1.305,1.305,0.0005,0.0414,0.6642,0.2828,0.1813,0.7708,0.1973,1.04,0.472,mixed-rural-urban,0.023,0.1311,0.9206,0.7411,0.7968,0.5292,0.255,0.3313,59.88,False
BGD,Bangladesh,Bihari (Urdu-speaking),majority,2.0,2.03,2.0,2.03,0.3,0.3,-0.0,0.3,0.0,0.3,0.0,0.3,0.3,0.3,0.3,0.0,0.3,-0.0,0.0,520687,643361,0.043,0.0,0.0,1.317,unspecified,False,0.5,0.48,0.56,0.42,0.468,0.851,1.0,0.78,0.745,0.74,0.0,0.788,0.0,0.0,1.0,0.761,26.71,20.831,67.0,59.88,6.29,19.289,0.251,0.0,1.0,0.852,1.0,1.015,0.0,0.001,0.0395,0.0414,0.0019,0.0414,0.0847,0.1613,1.305,1.305,0.0005,0.0414,0.3,-0.0,0.0,1.305,1.305,0.0005,0.0414,0.6642,0.2828,0.1813,0.7708,0.1973,1.04,0.472,mixed-rural-urban,0.023,0.1311,0.9206,0.7411,0.7968,0.5292,0.255,0.3313,59.88,False
BGD,Bangladesh,Other,assimilating,2.0,2.03,2.0,2.03,0.8,0.79,-0.01,0.79,0.0,0.79,0.0,0.79,0.79,0.79,0.79,0.0,0.8,-0.0,0.01,1388499,1688987,0.043,0.0,0.0,1.317,unspecified,False,0.5,0.48,0.56,0.42,0.468,0.891,1.0,0.78,0.754,0.74,0.0,0.788,0.0,0.0,1.0,0.761,26.71,20.831,67.0,59.88,6.29,19.289,0.251,0.0,1.0,0.852,1.0,1.015,0.0,0.001,0.0395,0.0414,0.0019,0.0414,0.0847,0.1613,1.305,1.305,0.0005,0.0414,0.8,-0.0,0.01,1.305,1.305,0.0005,0.0414,0.6642,0.2828,0.1813,0.7708,0.1973,1.04,0.472,mixed-rural-urban,0.023,0.1311,0.9206,0.7411,0.7968,0.5292,0.255,0.3313,59.88,False
BGR,Bulgaria,Bulgarian,majority,1.6,1.75,1.6,1.75,84.0,80.39,-3.61,80.64,-0.25,80.39,0.0,80.6,80.16,80.16,80.6,0.43,80.72,-3.28,0.34,5676456,4342742,0.557,0.462,0.166,2.328,unspecified,False,0.5,0.48,0.56,0.42,0.714,1.3,1.0,0.78,1.004,0.0,0.0,0.0,0.0,0.0,1.0,0.761,8.295,4.261,61.5,59.02,30.205,36.719,0.251,0.025,0.985,0.882,1.0,1.228,0.0,0.001,0.284,0.3379,0.0539,0.3379,0.7871,0.2089,1.728,1.648,0.0005,0.3331,80.72,-3.28,0.34,1.728,1.648,0.0005,0.3331,0.6828,0.5785,0.2168,0.8081,0.239,1.51,0.73,urbanizing-majority,0.151,0.0205,0.8735,0.8405,0.8832,0.6328,0.5131,1.0,59.02,True
BGR,Bulgaria,Turkish,high_fertility,2.35,2.05,1.6,1.75,8.8,10.71,1.91,10.74,-0.03,10.71,0.0,10.65,10.77,10.65,10.77,0.12,10.5,1.7,-0.21,594676,578564,0.557,0.462,0.166,2.328,unspecified,False,0.5,0.48,0.56,0.42,0.714,1.094,1.0,0.78,0.932,0.0,0.0,0.0,0.0,0.0,1.0,0.761,8.295,4.261,61.5,59.02,30.205,36.719,0.251,0.025,0.985,0.882,1.0,1.228,0.0,0.001,0.284,0.3379,0.0539,0.3379,0.7871,0.2089,1.728,1.648,0.0005,0.3331,10.5,1.7,-0.21,1.728,1.648,0.0005,0.3331,0.6828,0.5785,0.2168,0.8081,0.239,1.51,0.73,urbanizing-majority,0.151,0.0205,0.8735,0.8405,0.8832,0.6328,0.5131,1.0,59.02,False
BGR,Bulgaria,Romani,high_fertility,2.65,2.17,1.6,1.75,4.9,6.41,1.51,6.43,-0.02,6.41,0.0,6.36,6.46,6.36,6.46,0.11,6.24,1.34,-0.17,331127,346291,0.557,0.462,0.166,2.328,unspecified,False,0.5,0.48,0.56,0.42,0.714,1.033,1.0,0.78,0.911,0.0,0.0,0.0,0.0,0.0,1.0,0.761,8.295,4.261,61.5,59.02,30.205,36.719,0.251,0.025,0.985,0.882,1.0,1.228,0.0,0.001,0.284,0.3379,0.0539,0.3379,0.7871,0.2089,1.728,1.648,0.0005,0.3331,6.24,1.34,-0.17,1.728,1.648,0.0005,0.3331,0.6828,0.5785,0.2168,0.8081,0.239,1.51,0.73,urbanizing-majority,0.151,0.0205,0.8735,0.8405,0.8832,0.6328,0.5131,1.0,59.02,False
BGR,Bulgaria,Russian,immigrant,1.6,1.75,1.6,1.75,0.5,0.54,0.04,0.47,0.07,0.54,0.0,0.52,0.56,0.52,0.56,0.04,0.55,0.05,0.01,33788,29209,0.557,0.462,0.166,2.328,unspecified,True,0.5,0.48,0.56,0.42,0.714,0.869,1.0,0.78,0.853,0.0,0.0,0.0,0.0,0.0,1.0,0.761,8.295,4.261,61.5,59.02,30.205,36.719,0.251,0.025,0.985,0.882,1.0,1.228,0.0,0.001,0.284,0.3379,0.0539,0.3379,0.7871,0.2089,1.728,1.648,0.0005,0.3331,0.55,0.05,0.01,1.728,1.648,0.0005,0.3331,0.6828,0.5785,0.2168,0.8081,0.239,1.51,0.73,urbanizing-majority,0.151,0.0205,0.8735,0.8405,0.8832,0.6328,0.5131,1.0,59.02,False
BGR,Bulgaria,Greek,immigrant,1.6,1.75,1.6,1.75,0.3,0.32,0.02,0.28,0.04,0.32,0.0,0.31,0.34,0.31,0.34,0.03,0.33,0.03,0.01,20273,17510,0.557,0.462,0.166,2.328,unspecified,True,0.5,0.48,0.56,0.42,0.714,0.851,1.0,0.78,0.847,0.0,0.0,0.0,0.0,0.0,1.0,0.761,8.295,4.261,61.5,59.02,30.205,36.719,0.251,0.025,0.985,0.882,1.0,1.228,0.0,0.001,0.284,0.3379,0.0539,0.3379,0.7871,0.2089,1.728,1.648,0.0005,0.3331,0.33,0.03,0.01,1.728,1.648,0.0005,0.3331,0.6828,0.5785,0.2168,0.8081,0.239,1.51,0.73,urbanizing-majority,0.151,0.0205,0.8735,0.8405,0.8832,0.6328,0.5131,1.0,59.02,False
BGR,Bulgaria,Other,immigrant,1.6,1.75,1.6,1.75,1.5,1.63,0.13,1.42,0.2,1.63,0.0,1.57,1.7,1.57,1.7,0.14,1.66,0.16,0.03,101365,87903,0.557,0.462,0.166,2.328,unspecified,True,0.5,0.48,0.56,0.42,0.714,0.93,1.0,0.78,0.875,0.0,0.0,0.0,0.0,0.0,1.0,0.761,8.295,4.261,61.5,59.02,30.205,36.719,0.251,0.025,0.985,0.882,1.0,1.228,0.0,0.001,0.284,0.3379,0.0539,0.3379,0.7871,0.2089,1.728,1.648,0.0005,0.3331,1.66,0.16,0.03,1.728,1.648,0.0005,0.3331,0.6828,0.5785,0.2168,0.8081,0.239,1.51,0.73,urbanizing-majority,0.151,0.0205,0.8735,0.8405,0.8832,0.6328,0.5131,1.0,59.02,False
BHR,Bahrain,Bahraini,high_fertility,2.05,1.96,1.7,1.82,48.4,50.22,1.82,52.32,-2.1,50.22,0.0,50.75,49.61,49.61,50.75,1.14,49.22,0.82,-1.01,777817,1074517,0.171,0.0,0.0,1.946,unspecified,False,0.5,0.48,0.56,0.42,0.657,1.288,1.0,0.5,0.899,0.0,1.04,0.0,0.625,0.262,1.0,0.761,18.02,13.463,73.5,69.58,8.48,16.957,0.64,0.498,0.585,0.869,1.2,1.272,0.0,0.001,0.7169,0.7027,-0.0142,0.7027,2.1476,0.0973,2.127,2.254,0.0005,0.7108,49.22,0.82,-1.01,2.127,2.254,0.0005,0.7108,0.8482,0.3907,0.1527,0.886,0.1889,3.36,0.55,mixed-rural-urban,0.077,0.019,0.9544,0.8508,0.9527,0.8162,0.0811,0.2253,69.58,True
BHR,Bahrain,Indian,immigrant,1.7,1.82,1.7,1.82,13.0,12.51,-0.49,11.93,0.58,12.51,0.0,12.36,12.68,12.36,12.68,0.32,12.77,-0.23,0.26,208918,267609,0.171,0.0,0.0,1.946,IND;PAK;BGD;LKA;NPL,True,0.718,0.719,0.752,0.684,0.657,1.137,1.0,0.5,0.993,0.0,1.04,0.0,0.625,0.262,1.0,0.761,18.02,13.463,73.5,69.58,8.48,16.957,0.64,0.498,0.585,0.869,1.2,1.272,0.0,0.001,0.7169,0.7027,-0.0142,0.7027,2.1476,0.0973,2.127,2.254,0.0005,0.7108,12.77,-0.23,0.26,2.127,2.254,0.0005,0.7108,0.8482,0.3907,0.1527,0.886,0.1889,3.36,0.55,mixed-rural-urban,0.077,0.019,0.9544,0.8508,0.9527,0.8162,0.0811,0.2253,69.58,False
BHR,Bahrain,Bangladeshi,immigrant,1.7,1.82,1.7,1.82,9.0,8.66,-0.34,8.26,0.41,8.66,0.0,8.56,8.78,8.56,8.78,0.22,8.85,-0.15,0.18,144635,185357,0.171,0.0,0.0,1.946,BGD,True,0.735,0.788,0.68,0.84,0.657,1.096,1.0,0.5,0.987,0.0,1.04,0.0,0.625,0.262,1.0,0.761,18.02,13.463,73.5,69.58,8.48,16.957,0.64,0.498,0.585,0.869,1.2,1.272,0.0,0.001,0.7169,0.7027,-0.0142,0.7027,2.1476,0.0973,2.127,2.254,0.0005,0.7108,8.85,-0.15,0.18,2.127,2.254,0.0005,0.7108,0.8482,0.3907,0.1527,0.886,0.1889,3.36,0.55,mixed-rural-urban,0.077,0.019,0.9544,0.8508,0.9527,0.8162,0.0811,0.2253,69.58,False
BHR,Bahrain,Pakistani,immigrant,1.7,1.82,1.7,1.82,6.0,5.78,-0.22,5.5,0.27,5.78,0.0,5.71,5.85,5.71,5.85,0.15,5.9,-0.1,0.12,96424,123561,0.171,0.0,0.0,1.946,PAK,True,0.769,0.814,0.7,0.74,0.657,1.054,1.0,0.5,0.99,0.0,1.04,0.0,0.625,0.262,1.0,0.761,18.02,13.463,73.5,69.58,8.48,16.957,0.64,0.498,0.585,0.869,1.2,1.272,0.0,0.001,0.7169,0.7027,-0.0142,0.7027,2.1476,0.0973,2.127,2.254,0.0005,0.7108,5.9,-0.1,0.12,2.127,2.254,0.0005,0.7108,0.8482,0.3907,0.1527,0.886,0.1889,3.36,0.55,mixed-rural-urban,0.077,0.019,0.9544,0.8508,0.9527,0.8162,0.0811,0.2253,69.58,False
BHR,Bahrain,Filipino,immigrant,1.7,1.82,1.7,1.82,4.0,3.84,-0.16,3.67,0.17,3.84,0.0,3.8,3.89,3.8,3.89,0.09,3.92,-0.08,0.08,64282,82103,0.171,0.0,0.0,1.946,PHL,True,0.759,0.718,0.88,0.64,0.657,1.013,1.0,0.5,0.967,0.0,1.04,0.0,0.625,0.262,1.0,0.761,18.02,13.463,73.5,69.58,8.48,16.957,0.64,0.498,0.585,0.869,1.2,1.272,0.0,0.001,0.7169,0.7027,-0.0142,0.7027,2.1476,0.0973,2.127,2.254,0.0005,0.7108,3.92,-0.08,0.08,2.127,2.254,0.0005,0.7108,0.8482,0.3907,0.1527,0.886,0.1889,3.36,0.55,mixed-rural-urban,0.077,0.019,0.9544,0.8508,0.9527,0.8162,0.0811,0.2253,69.58,False
BHR,Bahrain,Egyptian,immigrant,2.1,1.98,1.7,1.82,3.0,3.23,0.23,3.09,0.13,3.23,0.0,3.18,3.28,3.18,3.28,0.1,3.24,0.24,0.02,48212,69004,0.171,0.0,0.0,1.946,EGY,True,0.7,0.706,0.72,0.66,0.657,0.986,1.0,0.5,0.924,0.0,1.04,0.0,0.625,0.262,1.0,0.761,18.02,13.463,73.5,69.58,8.48,16.957,0.64,0.498,0.585,0.869,1.2,1.272,0.0,0.001,0.7169,0.7027,-0.0142,0.7027,2.1476,0.0973,2.127,2.254,0.0005,0.7108,3.24,0.24,0.02,2.127,2.254,0.0005,0.7108,0.8482,0.3907,0.1527,0.886,0.1889,3.36,0.55,mixed-rural-urban,0.077,0.019,0.9544,0.8508,0.9527,0.8162,0.0811,0.2253,69.58,False
BHR,Bahrain,Sri Lankan,immigrant,1.7,1.82,1.7,1.82,2.0,1.89,-0.11,1.83,0.06,1.89,0.0,1.88,1.91,1.88,1.91,0.03,1.93,-0.07,0.04,32141,40506,0.171,0.0,0.0,1.946,unspecified,True,0.5,0.48,0.56,0.42,0.657,0.952,1.0,0.5,0.808,0.0,1.04,0.0,0.625,0.262,1.0,0.761,18.02,13.463,73.5,69.58,8.48,16.957,0.64,0.498,0.585,0.869,1.2,1.272,0.0,0.001,0.7169,0.7027,-0.0142,0.7027,2.1476,0.0973,2.127,2.254,0.0005,0.7108,1.93,-0.07,0.04,2.127,2.254,0.0005,0.7108,0.8482,0.3907,0.1527,0.886,0.1889,3.36,0.55,mixed-rural-urban,0.077,0.019,0.9544,0.8508,0.9527,0.8162,0.0811,0.2253,69.58,False
BHR,Bahrain,Nepali,immigrant,1.7,1.82,1.7,1.82,1.5,1.42,-0.08,1.38,0.04,1.42,0.0,1.41,1.43,1.41,1.43,0.02,1.45,-0.05,0.03,24106,30364,0.171,0.0,0.0,1.946,unspecified,True,0.5,0.48,0.56,0.42,0.657,0.93,1.0,0.5,0.802,0.0,1.04,0.0,0.625,0.262,1.0,0.761,18.02,13.463,73.5,69.58,8.48,16.957,0.64,0.498,0.585,0.869,1.2,1.272,0.0,0.001,0.7169,0.7027,-0.0142,0.7027,2.1476,0.0973,2.127,2.254,0.0005,0.7108,1.45,-0.05,0.03,2.127,2.254,0.0005,0.7108,0.8482,0.3907,0.1527,0.886,0.1889,3.36,0.55,mixed-rural-urban,0.077,0.019,0.9544,0.8508,0.9527,0.8162,0.0811,0.2253,69.58,False
BHR,Bahrain,Other foreign,immigrant,1.7,1.82,1.7,1.82,13.1,12.45,-0.65,12.02,0.44,12.45,0.0,12.35,12.57,12.35,12.57,0.22,12.72,-0.38,0.27,210525,266451,0.171,0.0,0.0,1.946,unspecified,True,0.5,0.48,0.56,0.42,0.657,1.138,1.0,0.5,0.858,0.0,1.04,0.0,0.625,0.262,1.0,0.761,18.02,13.463,73.5,69.58,8.48,16.957,0.64,0.498,0.585,0.869,1.2,1.272,0.0,0.001,0.7169,0.7027,-0.0142,0.7027,2.1476,0.0973,2.127,2.254,0.0005,0.7108,12.72,-0.38,0.27,2.127,2.254,0.0005,0.7108,0.8482,0.3907,0.1527,0.886,0.1889,3.36,0.55,mixed-rural-urban,0.077,0.019,0.9544,0.8508,0.9527,0.8162,0.0811,0.2253,69.58,False
BHS,Bahamas,Black,majority,1.3,1.54,1.3,1.54,90.6,90.66,0.06,91.16,-0.5,90.66,0.0,90.8,90.5,90.5,90.8,0.31,90.52,-0.08,-0.15,363561,384664,0.343,0.0,0.0,1.786,unspecified,False,0.5,0.48,0.56,0.42,0.57,1.3,1.0,0.78,0.913,0.0,0.0,0.0,0.0,0.0,1.0,0.761,23.327,18.442,65.0,68.0,11.673,13.558,0.251,0.053,0.949,0.888,1.0,1.12,0.0,0.001,0.1758,0.1743,-0.0015,0.1743,0.3764,0.1218,1.505,1.496,0.0005,0.1769,90.52,-0.08,-0.15,1.505,1.496,0.0005,0.1769,0.8063,0.433,0.1915,0.8156,0.2279,1.21,0.55,mixed-rural-urban,0.154,0.0649,0.8943,0.8476,0.9141,0.7799,0.0255,0.0708,68.0,True
BHS,Bahamas,Mixed,assimilating,1.3,1.54,1.3,1.54,2.5,2.49,-0.01,2.5,-0.01,2.49,0.0,2.49,2.49,2.49,2.49,0.01,2.51,0.01,0.02,10032,10569,0.343,0.0,0.0,1.786,unspecified,False,0.5,0.48,0.56,0.42,0.57,0.97,1.0,0.78,0.821,0.0,0.0,0.0,0.0,0.0,1.0,0.761,23.327,18.442,65.0,68.0,11.673,13.558,0.251,0.053,0.949,0.888,1.0,1.12,0.0,0.001,0.1758,0.1743,-0.0015,0.1743,0.3764,0.1218,1.505,1.496,0.0005,0.1769,2.51,0.01,0.02,1.505,1.496,0.0005,0.1769,0.8063,0.433,0.1915,0.8156,0.2279,1.21,0.55,mixed-rural-urban,0.154,0.0649,0.8943,0.8476,0.9141,0.7799,0.0255,0.0708,68.0,False
BHS,Bahamas,White,low_fertility,0.7,1.3,1.3,1.54,2.1,1.55,-0.55,1.56,-0.01,1.55,0.0,1.58,1.53,1.53,1.58,0.04,1.61,-0.49,0.06,8427,6595,0.343,0.0,0.0,1.786,unspecified,False,0.5,0.48,0.56,0.42,0.57,0.956,1.0,0.78,0.817,0.0,0.0,0.0,0.0,0.0,1.0,0.761,23.327,18.442,65.0,68.0,11.673,13.558,0.251,0.053,0.949,0.888,1.0,1.12,0.0,0.001,0.1758,0.1743,-0.0015,0.1743,0.3764,0.1218,1.505,1.496,0.0005,0.1769,1.61,-0.49,0.06,1.505,1.496,0.0005,0.1769,0.8063,0.433,0.1915,0.8156,0.2279,1.21,0.55,mixed-rural-urban,0.154,0.0649,0.8943,0.8476,0.9141,0.7799,0.0255,0.0708,68.0,False
BHS,Bahamas,Other,immigrant,1.3,1.54,1.3,1.54,4.8,5.29,0.49,4.77,0.52,5.29,0.0,5.13,5.48,5.13,5.48,0.36,5.36,0.56,0.07,19262,22444,0.343,0.0,0.0,1.786,unspecified,True,0.5,0.48,0.56,0.42,0.57,1.031,1.0,0.78,0.838,0.0,0.0,0.0,0.0,0.0,1.0,0.761,23.327,18.442,65.0,68.0,11.673,13.558,0.251,0.053,0.949,0.888,1.0,1.12,0.0,0.001,0.1758,0.1743,-0.0015,0.1743,0.3764,0.1218,1.505,1.496,0.0005,0.1769,5.36,0.56,0.07,1.505,1.496,0.0005,0.1769,0.8063,0.433,0.1915,0.8156,0.2279,1.21,0.55,mixed-rural-urban,0.154,0.0649,0.8943,0.8476,0.9141,0.7799,0.0255,0.0708,68.0,False
BIH,Bosnia & Herzegovina,Bosniak (Muslim),majority,1.4,1.61,1.4,1.61,50.1,54.18,4.08,54.34,-0.16,54.18,0.0,54.07,54.28,54.07,54.28,0.2,53.74,3.64,-0.44,1585292,1330185,0.688,0.558,0.145,2.507,unspecified,False,0.5,0.48,0.56,0.42,0.773,1.292,1.0,0.78,1.039,0.0,0.0,0.0,0.0,0.0,1.0,0.761,11.656,5.995,62.0,61.44,26.344,32.565,0.251,0.0,1.0,0.863,1.0,1.27,0.0,0.0005,0.6294,0.6096,-0.0198,0.6096,1.608,0.2508,2.026,2.131,0.0002,0.6123,53.74,3.64,-0.44,2.026,2.131,0.0002,0.6123,0.6676,0.581,0.2692,0.7799,0.2842,2.56,0.55,mixed-rural-urban,0.31,0.0338,0.9101,0.7844,0.8238,0.6326,0.4419,0.9348,61.44,True
BIH,Bosnia & Herzegovina,Serb (Republika Srpska),low_fertility,1.0,1.45,1.4,1.61,30.8,27.63,-3.17,27.71,-0.08,27.63,0.0,27.77,27.48,27.48,27.77,0.29,27.93,-2.87,0.31,974591,678341,0.688,0.558,0.145,2.507,unspecified,False,0.5,0.48,0.56,0.42,0.773,1.235,1.0,0.78,1.017,0.0,0.0,0.0,0.0,0.0,1.0,0.761,11.656,5.995,62.0,61.44,26.344,32.565,0.251,0.0,1.0,0.863,1.0,1.27,0.0,0.0005,0.6294,0.6096,-0.0198,0.6096,1.608,0.2508,2.026,2.131,0.0002,0.6123,27.93,-2.87,0.31,2.026,2.131,0.0002,0.6123,0.6676,0.581,0.2692,0.7799,0.2842,2.56,0.55,mixed-rural-urban,0.31,0.0338,0.9101,0.7844,0.8238,0.6326,0.4419,0.9348,61.44,False
BIH,Bosnia & Herzegovina,Croat,low_fertility,1.0,1.45,1.4,1.61,15.4,13.81,-1.59,13.86,-0.04,13.81,0.0,13.88,13.74,13.74,13.88,0.14,13.97,-1.43,0.15,487295,339171,0.688,0.558,0.145,2.507,unspecified,False,0.5,0.48,0.56,0.42,0.773,1.156,1.0,0.78,0.987,0.0,0.0,0.0,0.0,0.0,1.0,0.761,11.656,5.995,62.0,61.44,26.344,32.565,0.251,0.0,1.0,0.863,1.0,1.27,0.0,0.0005,0.6294,0.6096,-0.0198,0.6096,1.608,0.2508,2.026,2.131,0.0002,0.6123,13.97,-1.43,0.15,2.026,2.131,0.0002,0.6123,0.6676,0.581,0.2692,0.7799,0.2842,2.56,0.55,mixed-rural-urban,0.31,0.0338,0.9101,0.7844,0.8238,0.6326,0.4419,0.9348,61.44,False
BIH,Bosnia & Herzegovina,Roma,high_fertility,1.75,1.75,1.4,1.61,0.5,0.62,0.12,0.63,-0.0,0.62,0.0,0.62,0.63,0.62,0.63,0.01,0.61,0.11,-0.01,15821,15344,0.688,0.558,0.145,2.507,unspecified,False,0.5,0.48,0.56,0.42,0.773,0.869,1.0,0.78,0.878,0.0,0.0,0.0,0.0,0.0,1.0,0.761,11.656,5.995,62.0,61.44,26.344,32.565,0.251,0.0,1.0,0.863,1.0,1.27,0.0,0.0005,0.6294,0.6096,-0.0198,0.6096,1.608,0.2508,2.026,2.131,0.0002,0.6123,0.61,0.11,-0.01,2.026,2.131,0.0002,0.6123,0.6676,0.581,0.2692,0.7799,0.2842,2.56,0.55,mixed-rural-urban,0.31,0.0338,0.9101,0.7844,0.8238,0.6326,0.4419,0.9348,61.44,False
BIH,Bosnia & Herzegovina,Other,assimilating,1.4,1.61,1.4,1.61,3.2,3.75,0.55,3.46,0.29,3.75,0.0,3.65,3.87,3.65,3.87,0.22,3.75,0.55,-0.0,101256,92130,0.688,0.558,0.145,2.507,unspecified,False,0.5,0.48,0.56,0.42,0.773,0.992,1.0,0.78,0.925,0.0,0.0,0.0,0.0,0.0,1.0,0.761,11.656,5.995,62.0,61.44,26.344,32.565,0.251,0.0,1.0,0.863,1.0,1.27,0.0,0.0005,0.6294,0.6096,-0.0198,0.6096,1.608,0.2508,2.026,2.131,0.0002,0.6123,3.75,0.55,-0.0,2.026,2.131,0.0002,0.6123,0.6676,0.581,0.2692,0.7799,0.2842,2.56,0.55,mixed-rural-urban,0.31,0.0338,0.9101,0.7844,0.8238,0.6326,0.4419,0.9348,61.44,False
BLR,Belarus,Belarusian,majority,1.4,1.61,1.4,1.61,83.7,84.95,1.25,85.41,-0.46,84.95,0.0,85.03,84.83,84.83,85.03,0.2,84.73,1.03,-0.22,7580455,6331668,0.599,0.0,0.0,1.905,unspecified,False,0.5,0.48,0.56,0.42,0.587,1.3,1.0,0.78,0.923,0.0,0.0,0.0,0.0,0.0,1.0,0.761,13.714,7.277,63.5,61.34,22.786,31.383,0.226,0.055,0.936,0.824,0.7,0.847,0.0,0.001,0.2903,0.2712,-0.0191,0.2712,0.6232,0.3138,1.636,1.656,0.0005,0.2747,84.73,1.03,-0.22,1.636,1.656,0.0005,0.2747,0.6516,0.5177,0.2487,0.7333,0.3449,1.37,0.55,mixed-rural-urban,0.269,0.0026,0.8373,0.8031,0.84,0.6633,0.4245,0.881,61.34,True
BLR,Belarus,Russian,low_fertility,1.0,1.45,1.4,1.61,8.3,6.98,-1.32,7.02,-0.04,6.98,0.0,7.04,6.93,6.93,7.04,0.12,7.09,-1.21,0.11,751706,520630,0.599,0.0,0.0,1.905,unspecified,False,0.5,0.48,0.56,0.42,0.587,1.088,1.0,0.78,0.862,0.0,0.0,0.0,0.0,0.0,1.0,0.761,13.714,7.277,63.5,61.34,22.786,31.383,0.226,0.055,0.936,0.824,0.7,0.847,0.0,0.001,0.2903,0.2712,-0.0191,0.2712,0.6232,0.3138,1.636,1.656,0.0005,0.2747,7.09,-1.21,0.11,1.636,1.656,0.0005,0.2747,0.6516,0.5177,0.2487,0.7333,0.3449,1.37,0.55,mixed-rural-urban,0.269,0.0026,0.8373,0.8031,0.84,0.6633,0.4245,0.881,61.34,False
BLR,Belarus,Polish,low_fertility,1.0,1.45,1.4,1.61,3.1,2.61,-0.49,2.62,-0.01,2.61,0.0,2.63,2.59,2.59,2.63,0.04,2.65,-0.45,0.04,280758,194452,0.599,0.0,0.0,1.905,unspecified,False,0.5,0.48,0.56,0.42,0.587,0.989,1.0,0.78,0.834,0.0,0.0,0.0,0.0,0.0,1.0,0.761,13.714,7.277,63.5,61.34,22.786,31.383,0.226,0.055,0.936,0.824,0.7,0.847,0.0,0.001,0.2903,0.2712,-0.0191,0.2712,0.6232,0.3138,1.636,1.656,0.0005,0.2747,2.65,-0.45,0.04,1.636,1.656,0.0005,0.2747,0.6516,0.5177,0.2487,0.7333,0.3449,1.37,0.55,mixed-rural-urban,0.269,0.0026,0.8373,0.8031,0.84,0.6633,0.4245,0.881,61.34,False
BLR,Belarus,Ukrainian,immigrant,1.4,1.61,1.4,1.61,1.7,1.9,0.2,1.71,0.19,1.9,0.0,1.84,1.97,1.84,1.97,0.13,1.92,0.22,0.02,153964,141547,0.599,0.0,0.0,1.905,UKR,True,0.615,0.539,0.82,0.52,0.587,0.939,1.0,0.78,0.882,0.0,0.0,0.0,0.0,0.0,1.0,0.761,13.714,7.277,63.5,61.34,22.786,31.383,0.226,0.055,0.936,0.824,0.7,0.847,0.0,0.001,0.2903,0.2712,-0.0191,0.2712,0.6232,0.3138,1.636,1.656,0.0005,0.2747,1.92,0.22,0.02,1.636,1.656,0.0005,0.2747,0.6516,0.5177,0.2487,0.7333,0.3449,1.37,0.55,mixed-rural-urban,0.269,0.0026,0.8373,0.8031,0.84,0.6633,0.4245,0.881,61.34,False
BLR,Belarus,Other,immigrant,1.4,1.61,1.4,1.61,3.2,3.56,0.36,3.23,0.33,3.56,0.0,3.45,3.68,3.45,3.68,0.23,3.6,0.4,0.04,289814,265244,0.599,0.0,0.0,1.905,unspecified,True,0.5,0.48,0.56,0.42,0.587,0.992,1.0,0.78,0.835,0.0,0.0,0.0,0.0,0.0,1.0,0.761,13.714,7.277,63.5,61.34,22.786,31.383,0.226,0.055,0.936,0.824,0.7,0.847,0.0,0.001,0.2903,0.2712,-0.0191,0.2712,0.6232,0.3138,1.636,1.656,0.0005,0.2747,3.6,0.4,0.04,1.636,1.656,0.0005,0.2747,0.6516,0.5177,0.2487,0.7333,0.3449,1.37,0.55,mixed-rural-urban,0.269,0.0026,0.8373,0.8031,0.84,0.6633,0.4245,0.881,61.34,False
BLZ,Belize,Mestizo,majority,2.0,2.03,2.0,2.03,52.9,52.3,-0.6,52.3,0.0,52.3,0.0,52.32,52.28,52.28,52.32,0.04,52.34,-0.56,0.05,220634,270182,0.043,0.0,0.0,1.317,unspecified,False,0.5,0.48,0.56,0.42,0.468,1.298,1.0,0.78,0.847,0.0,0.0,0.0,0.0,0.0,1.0,0.761,29.903,26.616,65.0,59.0,5.097,14.384,0.251,0.0,1.0,0.855,1.0,1.015,0.0,0.001,0.6424,0.649,0.0066,0.649,1.834,0.1539,2.041,2.149,0.0005,0.6485,52.34,-0.56,0.05,2.041,2.149,0.0005,0.6485,0.6762,0.314,0.1242,0.7661,0.2123,2.85,0.55,mixed-rural-urban,0.019,0.0918,0.8882,0.7495,0.8065,0.5774,0.2597,0.1084,59.0,True
BLZ,Belize,Creole,majority,2.0,2.03,2.0,2.03,25.9,25.59,-0.31,25.59,0.0,25.59,0.0,25.6,25.58,25.58,25.6,0.02,25.62,-0.28,0.03,108023,132198,0.043,0.0,0.0,1.317,unspecified,False,0.5,0.48,0.56,0.42,0.468,1.215,1.0,0.78,0.828,0.0,0.0,0.0,0.0,0.0,1.0,0.761,29.903,26.616,65.0,59.0,5.097,14.384,0.251,0.0,1.0,0.855,1.0,1.015,0.0,0.001,0.6424,0.649,0.0066,0.649,1.834,0.1539,2.041,2.149,0.0005,0.6485,25.62,-0.28,0.03,2.041,2.149,0.0005,0.6485,0.6762,0.314,0.1242,0.7661,0.2123,2.85,0.55,mixed-rural-urban,0.019,0.0918,0.8882,0.7495,0.8065,0.5774,0.2597,0.1084,59.0,False
BLZ,Belize,Maya: Q'eqchi',high_fertility,2.35,2.17,2.0,2.03,6.3,6.99,0.69,6.99,0.0,6.99,0.0,6.97,7.01,6.97,7.01,0.05,6.92,0.62,-0.07,26276,36112,0.043,0.0,0.0,1.317,unspecified,False,0.5,0.48,0.56,0.42,0.468,1.059,1.0,0.78,0.792,0.0,0.0,0.0,0.0,0.0,1.0,0.761,29.903,26.616,65.0,59.0,5.097,14.384,0.251,0.0,1.0,0.855,1.0,1.015,0.0,0.001,0.6424,0.649,0.0066,0.649,1.834,0.1539,2.041,2.149,0.0005,0.6485,6.92,0.62,-0.07,2.041,2.149,0.0005,0.6485,0.6762,0.314,0.1242,0.7661,0.2123,2.85,0.55,mixed-rural-urban,0.019,0.0918,0.8882,0.7495,0.8065,0.5774,0.2597,0.1084,59.0,False
BLZ,Belize,Maya: Yucatec/Mopan,high_fertility,2.35,2.17,2.0,2.03,5.0,5.55,0.55,5.55,0.0,5.55,0.0,5.53,5.57,5.53,5.57,0.04,5.49,0.49,-0.06,20854,28660,0.043,0.0,0.0,1.317,unspecified,False,0.5,0.48,0.56,0.42,0.468,1.035,1.0,0.78,0.787,0.0,0.0,0.0,0.0,0.0,1.0,0.761,29.903,26.616,65.0,59.0,5.097,14.384,0.251,0.0,1.0,0.855,1.0,1.015,0.0,0.001,0.6424,0.649,0.0066,0.649,1.834,0.1539,2.041,2.149,0.0005,0.6485,5.49,0.49,-0.06,2.041,2.149,0.0005,0.6485,0.6762,0.314,0.1242,0.7661,0.2123,2.85,0.55,mixed-rural-urban,0.019,0.0918,0.8882,0.7495,0.8065,0.5774,0.2597,0.1084,59.0,False
BLZ,Belize,Garifuna,majority,2.0,2.03,2.0,2.03,6.1,6.03,-0.07,6.03,0.0,6.03,0.0,6.03,6.02,6.02,6.03,0.0,6.03,-0.07,0.01,25442,31135,0.043,0.0,0.0,1.317,unspecified,False,0.5,0.48,0.56,0.42,0.468,1.055,1.0,0.78,0.792,0.0,0.0,0.0,0.0,0.0,1.0,0.761,29.903,26.616,65.0,59.0,5.097,14.384,0.251,0.0,1.0,0.855,1.0,1.015,0.0,0.001,0.6424,0.649,0.0066,0.649,1.834,0.1539,2.041,2.149,0.0005,0.6485,6.03,-0.07,0.01,2.041,2.149,0.0005,0.6485,0.6762,0.314,0.1242,0.7661,0.2123,2.85,0.55,mixed-rural-urban,0.019,0.0918,0.8882,0.7495,0.8065,0.5774,0.2597,0.1084,59.0,False
BLZ,Belize,East Indian,majority,2.0,2.03,2.0,2.03,1.5,1.48,-0.02,1.48,0.0,1.48,0.0,1.48,1.48,1.48,1.48,0.0,1.48,-0.02,0.0,6256,7656,0.043,0.0,0.0,1.317,IND;PAK;BGD;LKA;NPL,False,0.718,0.719,0.752,0.684,0.468,0.93,1.0,0.78,0.856,0.0,0.0,0.0,0.0,0.0,1.0,0.761,29.903,26.616,65.0,59.0,5.097,14.384,0.251,0.0,1.0,0.855,1.0,1.015,0.0,0.001,0.6424,0.649,0.0066,0.649,1.834,0.1539,2.041,2.149,0.0005,0.6485,1.48,-0.02,0.0,2.041,2.149,0.0005,0.6485,0.6762,0.314,0.1242,0.7661,0.2123,2.85,0.55,mixed-rural-urban,0.019,0.0918,0.8882,0.7495,0.8065,0.5774,0.2597,0.1084,59.0,False
BLZ,Belize,White/Mennonite,low_fertility,1.4,1.79,2.0,2.03,1.0,0.8,-0.2,0.8,0.0,0.8,0.0,0.81,0.8,0.8,0.81,0.01,0.82,-0.18,0.02,4171,4151,0.043,0.0,0.0,1.317,unspecified,False,0.5,0.48,0.56,0.42,0.468,0.903,1.0,0.78,0.757,0.0,0.0,0.0,0.0,0.0,1.0,0.761,29.903,26.616,65.0,59.0,5.097,14.384,0.251,0.0,1.0,0.855,1.0,1.015,0.0,0.001,0.6424,0.649,0.0066,0.649,1.834,0.1539,2.041,2.149,0.0005,0.6485,0.82,-0.18,0.02,2.041,2.149,0.0005,0.6485,0.6762,0.314,0.1242,0.7661,0.2123,2.85,0.55,mixed-rural-urban,0.019,0.0918,0.8882,0.7495,0.8065,0.5774,0.2597,0.1084,59.0,False
BLZ,Belize,Other,assimilating,2.0,2.03,2.0,2.03,1.3,1.26,-0.04,1.26,0.0,1.26,0.0,1.26,1.26,1.26,1.26,0.0,1.28,-0.02,0.02,5422,6532,0.043,0.0,0.0,1.317,unspecified,False,0.5,0.48,0.56,0.42,0.468,0.92,1.0,0.78,0.761,0.0,0.0,0.0,0.0,0.0,1.0,0.761,29.903,26.616,65.0,59.0,5.097,14.384,0.251,0.0,1.0,0.855,1.0,1.015,0.0,0.001,0.6424,0.649,0.0066,0.649,1.834,0.1539,2.041,2.149,0.0005,0.6485,1.28,-0.02,0.02,2.041,2.149,0.0005,0.6485,0.6762,0.314,0.1242,0.7661,0.2123,2.85,0.55,mixed-rural-urban,0.019,0.0918,0.8882,0.7495,0.8065,0.5774,0.2597,0.1084,59.0,False
BOL,Bolivia,Mestizo (Cholo),majority,2.6,2.3,2.6,2.3,55.0,53.54,-1.46,53.56,-0.01,53.54,0.0,53.6,53.48,53.48,53.6,0.12,53.59,-1.41,0.05,6827325,8625926,0.0,0.0,0.0,1.25,unspecified,False,0.5,0.48,0.56,0.42,0.454,1.3,1.0,0.78,0.839,0.0,0.0,0.0,0.0,0.0,1.0,0.761,30.96,27.886,64.0,58.16,5.04,13.954,0.251,0.003,0.999,0.856,1.0,1.0,0.0,0.001,0.6559,0.6678,0.012,0.6678,1.9772,0.1555,2.018,2.168,0.0005,0.6676,53.59,-1.41,0.05,2.018,2.168,0.0005,0.6676,0.6761,0.2682,0.0976,0.7773,0.1888,3.01,0.48,mixed-rural-urban,0.0,0.0483,0.7858,0.8244,0.7362,0.5504,0.3011,0.0888,58.16,True
BOL,Bolivia,Quechua,high_fertility,2.95,2.44,2.6,2.3,13.0,13.93,0.93,13.93,-0.0,13.93,0.0,13.9,13.95,13.9,13.95,0.06,13.83,0.83,-0.09,1613731,2243420,0.0,0.0,0.0,1.25,unspecified,False,0.5,0.48,0.56,0.42,0.454,1.137,1.0,0.78,0.802,0.0,0.0,0.0,0.0,0.0,1.0,0.761,30.96,27.886,64.0,58.16,5.04,13.954,0.251,0.003,0.999,0.856,1.0,1.0,0.0,0.001,0.6559,0.6678,0.012,0.6678,1.9772,0.1555,2.018,2.168,0.0005,0.6676,13.83,0.83,-0.09,2.018,2.168,0.0005,0.6676,0.6761,0.2682,0.0976,0.7773,0.1888,3.01,0.48,mixed-rural-urban,0.0,0.0483,0.7858,0.8244,0.7362,0.5504,0.3011,0.0888,58.16,False
BOL,Bolivia,Aymara,high_fertility,2.95,2.44,2.6,2.3,11.0,11.78,0.78,11.79,-0.0,11.78,0.0,11.76,11.81,11.76,11.81,0.05,11.71,0.71,-0.08,1365465,1898278,0.0,0.0,0.0,1.25,unspecified,False,0.5,0.48,0.56,0.42,0.454,1.118,1.0,0.78,0.798,0.0,0.0,0.0,0.0,0.0,1.0,0.761,30.96,27.886,64.0,58.16,5.04,13.954,0.251,0.003,0.999,0.856,1.0,1.0,0.0,0.001,0.6559,0.6678,0.012,0.6678,1.9772,0.1555,2.018,2.168,0.0005,0.6676,11.71,0.71,-0.08,2.018,2.168,0.0005,0.6676,0.6761,0.2682,0.0976,0.7773,0.1888,3.01,0.48,mixed-rural-urban,0.0,0.0483,0.7858,0.8244,0.7362,0.5504,0.3011,0.0888,58.16,False
BOL,Bolivia,White (Criollo),low_fertility,2.0,2.06,2.6,2.3,5.0,4.1,-0.9,4.1,-0.0,4.1,0.0,4.13,4.07,4.07,4.13,0.06,4.2,-0.8,0.1,620666,660719,0.0,0.0,0.0,1.25,unspecified,False,0.5,0.48,0.56,0.42,0.454,1.035,1.0,0.78,0.78,0.0,0.0,0.0,0.0,0.0,1.0,0.761,30.96,27.886,64.0,58.16,5.04,13.954,0.251,0.003,0.999,0.856,1.0,1.0,0.0,0.001,0.6559,0.6678,0.012,0.6678,1.9772,0.1555,2.018,2.168,0.0005,0.6676,4.2,-0.8,0.1,2.018,2.168,0.0005,0.6676,0.6761,0.2682,0.0976,0.7773,0.1888,3.01,0.48,mixed-rural-urban,0.0,0.0483,0.7858,0.8244,0.7362,0.5504,0.3011,0.0888,58.16,False
BOL,Bolivia,Guarani (Chaco),high_fertility,2.95,2.44,2.6,2.3,2.0,2.14,0.14,2.14,-0.0,2.14,0.0,2.14,2.15,2.14,2.15,0.01,2.13,0.13,-0.01,248266,345141,0.0,0.0,0.0,1.25,unspecified,False,0.5,0.48,0.56,0.42,0.454,0.952,1.0,0.78,0.761,0.0,0.0,0.0,0.0,0.0,1.0,0.761,30.96,27.886,64.0,58.16,5.04,13.954,0.251,0.003,0.999,0.856,1.0,1.0,0.0,0.001,0.6559,0.6678,0.012,0.6678,1.9772,0.1555,2.018,2.168,0.0005,0.6676,2.13,0.13,-0.01,2.018,2.168,0.0005,0.6676,0.6761,0.2682,0.0976,0.7773,0.1888,3.01,0.48,mixed-rural-urban,0.0,0.0483,0.7858,0.8244,0.7362,0.5504,0.3011,0.0888,58.16,False
BOL,Bolivia,Other Indigenous (Mojeño/Chiquitano),high_fertility,3.45,2.64,2.6,2.3,5.0,5.9,0.9,5.9,-0.0,5.9,0.0,5.87,5.94,5.87,5.94,0.07,5.79,0.79,-0.11,620666,950794,0.0,0.0,0.0,1.25,unspecified,False,0.5,0.48,0.56,0.42,0.454,1.035,1.0,0.78,0.78,0.0,0.0,0.0,0.0,0.0,1.0,0.761,30.96,27.886,64.0,58.16,5.04,13.954,0.251,0.003,0.999,0.856,1.0,1.0,0.0,0.001,0.6559,0.6678,0.012,0.6678,1.9772,0.1555,2.018,2.168,0.0005,0.6676,5.79,0.79,-0.11,2.018,2.168,0.0005,0.6676,0.6761,0.2682,0.0976,0.7773,0.1888,3.01,0.48,mixed-rural-urban,0.0,0.0483,0.7858,0.8244,0.7362,0.5504,0.3011,0.0888,58.16,False
BOL,Bolivia,Afro-Bolivian,majority,2.6,2.3,2.6,2.3,0.2,0.19,-0.01,0.19,-0.0,0.19,0.0,0.19,0.19,0.19,0.19,0.0,0.19,-0.01,0.0,24827,31238,0.0,0.0,0.0,1.25,unspecified,False,0.5,0.48,0.56,0.42,0.454,0.842,1.0,0.78,0.737,0.0,0.0,0.0,0.0,0.0,1.0,0.761,30.96,27.886,64.0,58.16,5.04,13.954,0.251,0.003,0.999,0.856,1.0,1.0,0.0,0.001,0.6559,0.6678,0.012,0.6678,1.9772,0.1555,2.018,2.168,0.0005,0.6676,0.19,-0.01,0.0,2.018,2.168,0.0005,0.6676,0.6761,0.2682,0.0976,0.7773,0.1888,3.01,0.48,mixed-rural-urban,0.0,0.0483,0.7858,0.8244,0.7362,0.5504,0.3011,0.0888,58.16,False
BOL,Bolivia,Asian (Japanese/Chinese),immigrant,2.4,2.22,2.6,2.3,0.3,0.3,-0.0,0.27,0.02,0.3,0.0,0.29,0.3,0.29,0.3,0.01,0.3,0.0,0.01,37240,47661,0.0,0.0,0.0,1.25,CHN,True,0.52,0.502,0.58,0.45,0.454,0.851,1.0,0.78,0.747,0.0,0.0,0.0,0.0,0.0,1.0,0.761,30.96,27.886,64.0,58.16,5.04,13.954,0.251,0.003,0.999,0.856,1.0,1.0,0.0,0.001,0.6559,0.6678,0.012,0.6678,1.9772,0.1555,2.018,2.168,0.0005,0.6676,0.3,0.0,0.01,2.018,2.168,0.0005,0.6676,0.6761,0.2682,0.0976,0.7773,0.1888,3.01,0.48,mixed-rural-urban,0.0,0.0483,0.7858,0.8244,0.7362,0.5504,0.3011,0.0888,58.16,False
BOL,Bolivia,Other,assimilating,2.6,2.3,2.6,2.3,8.5,8.11,-0.39,8.11,-0.0,8.11,0.0,8.12,8.1,8.1,8.12,0.02,8.26,-0.24,0.14,1055132,1306985,0.0,0.0,0.0,1.25,unspecified,False,0.5,0.48,0.56,0.42,0.454,1.09,1.0,0.78,0.792,0.0,0.0,0.0,0.0,0.0,1.0,0.761,30.96,27.886,64.0,58.16,5.04,13.954,0.251,0.003,0.999,0.856,1.0,1.0,0.0,0.001,0.6559,0.6678,0.012,0.6678,1.9772,0.1555,2.018,2.168,0.0005,0.6676,8.26,-0.24,0.14,2.018,2.168,0.0005,0.6676,0.6761,0.2682,0.0976,0.7773,0.1888,3.01,0.48,mixed-rural-urban,0.0,0.0483,0.7858,0.8244,0.7362,0.5504,0.3011,0.0888,58.16,False
BRA,Brazil,White: Portuguese descent,low_fertility,1.1,1.55,1.6,1.75,25.0,21.56,-3.44,21.58,-0.02,21.56,0.0,21.68,21.43,21.43,21.68,0.26,21.92,-3.08,0.36,52999641,46882122,0.214,0.0,0.0,1.585,unspecified,False,0.5,0.48,0.56,0.42,0.527,1.211,1.0,0.78,0.862,0.0,0.0,0.563,0.0,0.0,1.0,0.761,18.372,9.644,69.5,64.14,12.127,26.216,0.251,0.012,0.995,0.862,1.0,1.075,0.0,0.0018,0.7336,0.7012,-0.0325,0.7012,2.1113,0.1487,2.173,2.277,0.0008,0.7054,21.92,-3.08,0.36,2.173,2.277,0.0008,0.7054,0.7247,0.3921,0.134,0.8027,0.2128,3.35,0.598,urbanizing-majority,0.086,0.0452,0.8978,0.7744,0.826,0.6822,0.2891,0.6462,64.14,False
BRA,Brazil,White: Italian descent,low_fertility,1.1,1.55,1.6,1.75,8.0,6.9,-1.1,6.91,-0.01,6.9,0.0,6.94,6.86,6.86,6.94,0.08,7.01,-0.99,0.12,16959885,15002279,0.214,0.0,0.0,1.585,unspecified,False,0.5,0.48,0.56,0.42,0.527,1.084,1.0,0.78,0.829,0.0,0.0,0.563,0.0,0.0,1.0,0.761,18.372,9.644,69.5,64.14,12.127,26.216,0.251,0.012,0.995,0.862,1.0,1.075,0.0,0.0018,0.7336,0.7012,-0.0325,0.7012,2.1113,0.1487,2.173,2.277,0.0008,0.7054,7.01,-0.99,0.12,2.173,2.277,0.0008,0.7054,0.7247,0.3921,0.134,0.8027,0.2128,3.35,0.598,urbanizing-majority,0.086,0.0452,0.8978,0.7744,0.826,0.6822,0.2891,0.6462,64.14,False
BRA,Brazil,White: German descent,low_fertility,1.1,1.55,1.6,1.75,4.5,3.88,-0.62,3.88,-0.0,3.88,0.0,3.9,3.86,3.86,3.9,0.05,3.95,-0.55,0.07,9539935,8438782,0.214,0.0,0.0,1.585,unspecified,False,0.5,0.48,0.56,0.42,0.527,1.025,1.0,0.78,0.814,0.0,0.0,0.563,0.0,0.0,1.0,0.761,18.372,9.644,69.5,64.14,12.127,26.216,0.251,0.012,0.995,0.862,1.0,1.075,0.0,0.0018,0.7336,0.7012,-0.0325,0.7012,2.1113,0.1487,2.173,2.277,0.0008,0.7054,3.95,-0.55,0.07,2.173,2.277,0.0008,0.7054,0.7247,0.3921,0.134,0.8027,0.2128,3.35,0.598,urbanizing-majority,0.086,0.0452,0.8978,0.7744,0.826,0.6822,0.2891,0.6462,64.14,False
BRA,Brazil,White: Spanish descent,low_fertility,1.1,1.55,1.6,1.75,4.0,3.45,-0.55,3.45,-0.0,3.45,0.0,3.47,3.43,3.43,3.47,0.04,3.51,-0.49,0.06,8479943,7501139,0.214,0.0,0.0,1.585,unspecified,False,0.5,0.48,0.56,0.42,0.527,1.013,1.0,0.78,0.811,0.0,0.0,0.563,0.0,0.0,1.0,0.761,18.372,9.644,69.5,64.14,12.127,26.216,0.251,0.012,0.995,0.862,1.0,1.075,0.0,0.0018,0.7336,0.7012,-0.0325,0.7012,2.1113,0.1487,2.173,2.277,0.0008,0.7054,3.51,-0.49,0.06,2.173,2.277,0.0008,0.7054,0.7247,0.3921,0.134,0.8027,0.2128,3.35,0.598,urbanizing-majority,0.086,0.0452,0.8978,0.7744,0.826,0.6822,0.2891,0.6462,64.14,False
BRA,Brazil,White: Polish/Ukrainian descent,low_fertility,1.0,1.51,1.6,1.75,2.0,1.65,-0.35,1.65,-0.0,1.65,0.0,1.66,1.63,1.63,1.66,0.03,1.69,-0.31,0.04,4239971,3584736,0.214,0.0,0.0,1.585,UKR,False,0.615,0.539,0.82,0.52,0.527,0.952,1.0,0.78,0.852,0.0,0.0,0.563,0.0,0.0,1.0,0.761,18.372,9.644,69.5,64.14,12.127,26.216,0.251,0.012,0.995,0.862,1.0,1.075,0.0,0.0018,0.7336,0.7012,-0.0325,0.7012,2.1113,0.1487,2.173,2.277,0.0008,0.7054,1.69,-0.31,0.04,2.173,2.277,0.0008,0.7054,0.7247,0.3921,0.134,0.8027,0.2128,3.35,0.598,urbanizing-majority,0.086,0.0452,0.8978,0.7744,0.826,0.6822,0.2891,0.6462,64.14,False
BRA,Brazil,White: Other European,low_fertility,1.0,1.51,1.6,1.75,4.2,3.46,-0.74,3.47,-0.0,3.46,0.0,3.49,3.43,3.43,3.49,0.06,3.54,-0.66,0.08,8903940,7527946,0.214,0.0,0.0,1.585,unspecified,False,0.5,0.48,0.56,0.42,0.527,1.018,1.0,0.78,0.812,0.0,0.0,0.563,0.0,0.0,1.0,0.761,18.372,9.644,69.5,64.14,12.127,26.216,0.251,0.012,0.995,0.862,1.0,1.075,0.0,0.0018,0.7336,0.7012,-0.0325,0.7012,2.1113,0.1487,2.173,2.277,0.0008,0.7054,3.54,-0.66,0.08,2.173,2.277,0.0008,0.7054,0.7247,0.3921,0.134,0.8027,0.2128,3.35,0.598,urbanizing-majority,0.086,0.0452,0.8978,0.7744,0.826,0.6822,0.2891,0.6462,64.14,False
BRA,Brazil,Pardo (Mixed Euro/African/Indigenous),high_fertility,1.7,1.79,1.6,1.75,43.1,48.53,5.43,48.58,-0.05,48.53,0.0,48.35,48.7,48.35,48.7,0.34,47.92,4.82,-0.61,91371382,105541336,0.214,0.0,0.0,1.585,unspecified,False,0.5,0.48,0.56,0.42,0.527,1.274,1.0,0.78,0.878,0.0,0.0,0.563,0.0,0.0,1.0,0.761,18.372,9.644,69.5,64.14,12.127,26.216,0.251,0.012,0.995,0.862,1.0,1.075,0.0,0.0018,0.7336,0.7012,-0.0325,0.7012,2.1113,0.1487,2.173,2.277,0.0008,0.7054,47.92,4.82,-0.61,2.173,2.277,0.0008,0.7054,0.7247,0.3921,0.134,0.8027,0.2128,3.35,0.598,urbanizing-majority,0.086,0.0452,0.8978,0.7744,0.826,0.6822,0.2891,0.6462,64.14,True
BRA,Brazil,Black (African descent),high_fertility,1.8,1.83,1.6,1.75,7.6,8.82,1.22,8.83,-0.01,8.82,0.0,8.78,8.86,8.78,8.86,0.08,8.68,1.08,-0.14,16111891,19185208,0.214,0.0,0.0,1.585,unspecified,False,0.5,0.48,0.56,0.42,0.527,1.078,1.0,0.78,0.828,0.0,0.0,0.563,0.0,0.0,1.0,0.761,18.372,9.644,69.5,64.14,12.127,26.216,0.251,0.012,0.995,0.862,1.0,1.075,0.0,0.0018,0.7336,0.7012,-0.0325,0.7012,2.1113,0.1487,2.173,2.277,0.0008,0.7054,8.68,1.08,-0.14,2.173,2.277,0.0008,0.7054,0.7247,0.3921,0.134,0.8027,0.2128,3.35,0.598,urbanizing-majority,0.086,0.0452,0.8978,0.7744,0.826,0.6822,0.2891,0.6462,64.14,False
BRA,Brazil,Asian (Japanese/Chinese descent),immigrant,1.4,1.67,1.6,1.75,1.1,1.16,0.06,1.06,0.11,1.16,0.0,1.13,1.2,1.13,1.2,0.07,1.2,0.1,0.03,2331984,2531202,0.214,0.0,0.0,1.585,CHN,True,0.52,0.502,0.58,0.45,0.527,0.909,1.0,0.78,0.794,0.0,0.0,0.563,0.0,0.0,1.0,0.761,18.372,9.644,69.5,64.14,12.127,26.216,0.251,0.012,0.995,0.862,1.0,1.075,0.0,0.0018,0.7336,0.7012,-0.0325,0.7012,2.1113,0.1487,2.173,2.277,0.0008,0.7054,1.2,0.1,0.03,2.173,2.277,0.0008,0.7054,0.7247,0.3921,0.134,0.8027,0.2128,3.35,0.598,urbanizing-majority,0.086,0.0452,0.8978,0.7744,0.826,0.6822,0.2891,0.6462,64.14,False
BRA,Brazil,Indigenous,high_fertility,2.0,1.91,1.6,1.75,0.4,0.49,0.09,0.49,-0.0,0.49,0.0,0.49,0.5,0.49,0.5,0.01,0.48,0.08,-0.01,847994,1071797,0.214,0.0,0.0,1.585,unspecified,False,0.5,0.48,0.56,0.42,0.527,0.86,1.0,0.78,0.772,0.0,0.0,0.563,0.0,0.0,1.0,0.761,18.372,9.644,69.5,64.14,12.127,26.216,0.251,0.012,0.995,0.862,1.0,1.075,0.0,0.0018,0.7336,0.7012,-0.0325,0.7012,2.1113,0.1487,2.173,2.277,0.0008,0.7054,0.48,0.08,-0.01,2.173,2.277,0.0008,0.7054,0.7247,0.3921,0.134,0.8027,0.2128,3.35,0.598,urbanizing-majority,0.086,0.0452,0.8978,0.7744,0.826,0.6822,0.2891,0.6462,64.14,False
BRA,Brazil,Other,assimilating,1.6,1.75,1.6,1.75,0.1,0.1,0.0,0.1,-0.0,0.1,0.0,0.1,0.1,0.1,0.1,0.0,0.1,0.0,0.0,211999,222753,0.214,0.0,0.0,1.585,unspecified,False,0.5,0.48,0.56,0.42,0.527,0.831,1.0,0.78,0.764,0.0,0.0,0.563,0.0,0.0,1.0,0.761,18.372,9.644,69.5,64.14,12.127,26.216,0.251,0.012,0.995,0.862,1.0,1.075,0.0,0.0018,0.7336,0.7012,-0.0325,0.7012,2.1113,0.1487,2.173,2.277,0.0008,0.7054,0.1,0.0,0.0,2.173,2.277,0.0008,0.7054,0.7247,0.3921,0.134,0.8027,0.2128,3.35,0.598,urbanizing-majority,0.086,0.0452,0.8978,0.7744,0.826,0.6822,0.2891,0.6462,64.14,False
BRB,Barbados,Black,majority,1.6,1.75,1.6,1.75,92.4,92.98,0.58,93.02,-0.03,92.98,0.0,92.98,92.99,92.98,92.99,0.02,92.87,0.47,-0.12,261008,245689,0.317,0.0,0.0,1.745,unspecified,False,0.5,0.48,0.56,0.42,0.561,1.3,1.0,0.78,0.907,0.0,0.0,0.0,0.0,0.0,1.0,0.761,14.175,16.944,65.0,70.6,20.825,12.456,0.251,0.0,1.0,0.883,1.0,1.111,0.0,0.001,0.1443,0.1338,-0.0105,0.1338,0.2864,0.1068,1.468,1.452,0.0005,0.1359,92.87,0.47,-0.12,1.468,1.452,0.0005,0.1359,0.8343,0.4227,0.1857,0.8318,0.2155,1.15,0.55,mixed-rural-urban,0.143,0.0733,0.9221,0.8801,0.852,0.8222,0.0075,0.0207,70.6,True
BRB,Barbados,Mixed,assimilating,1.6,1.75,1.6,1.75,3.1,3.07,-0.03,3.07,-0.0,3.07,0.0,3.07,3.07,3.07,3.07,0.0,3.11,0.01,0.04,8757,8107,0.317,0.0,0.0,1.745,unspecified,False,0.5,0.48,0.56,0.42,0.561,0.989,1.0,0.78,0.822,0.0,0.0,0.0,0.0,0.0,1.0,0.761,14.175,16.944,65.0,70.6,20.825,12.456,0.251,0.0,1.0,0.883,1.0,1.111,0.0,0.001,0.1443,0.1338,-0.0105,0.1338,0.2864,0.1068,1.468,1.452,0.0005,0.1359,3.11,0.01,0.04,1.468,1.452,0.0005,0.1359,0.8343,0.4227,0.1857,0.8318,0.2155,1.15,0.55,mixed-rural-urban,0.143,0.0733,0.9221,0.8801,0.852,0.8222,0.0075,0.0207,70.6,False
BRB,Barbados,White,low_fertility,1.0,1.51,1.6,1.75,2.7,2.11,-0.59,2.11,-0.0,2.11,0.0,2.13,2.09,2.09,2.13,0.04,2.18,-0.52,0.07,7627,5575,0.317,0.0,0.0,1.745,unspecified,False,0.5,0.48,0.56,0.42,0.561,0.977,1.0,0.78,0.818,0.0,0.0,0.0,0.0,0.0,1.0,0.761,14.175,16.944,65.0,70.6,20.825,12.456,0.251,0.0,1.0,0.883,1.0,1.111,0.0,0.001,0.1443,0.1338,-0.0105,0.1338,0.2864,0.1068,1.468,1.452,0.0005,0.1359,2.18,-0.52,0.07,1.468,1.452,0.0005,0.1359,0.8343,0.4227,0.1857,0.8318,0.2155,1.15,0.55,mixed-rural-urban,0.143,0.0733,0.9221,0.8801,0.852,0.8222,0.0075,0.0207,70.6,False
BRB,Barbados,East Indian,majority,1.6,1.75,1.6,1.75,1.3,1.31,0.01,1.31,-0.0,1.31,0.0,1.31,1.31,1.31,1.31,0.0,1.31,0.01,-0.0,3672,3453,0.317,0.0,0.0,1.745,IND;PAK;BGD;LKA;NPL,False,0.718,0.719,0.752,0.684,0.561,0.92,1.0,0.78,0.913,0.0,0.0,0.0,0.0,0.0,1.0,0.761,14.175,16.944,65.0,70.6,20.825,12.456,0.251,0.0,1.0,0.883,1.0,1.111,0.0,0.001,0.1443,0.1338,-0.0105,0.1338,0.2864,0.1068,1.468,1.452,0.0005,0.1359,1.31,0.01,-0.0,1.468,1.452,0.0005,0.1359,0.8343,0.4227,0.1857,0.8318,0.2155,1.15,0.55,mixed-rural-urban,0.143,0.0733,0.9221,0.8801,0.852,0.8222,0.0075,0.0207,70.6,False
BRB,Barbados,Other,assimilating,1.6,1.75,1.6,1.75,0.5,0.53,0.03,0.5,0.04,0.53,0.0,0.52,0.54,0.52,0.54,0.02,0.54,0.04,0.01,1412,1401,0.317,0.0,0.0,1.745,unspecified,False,0.5,0.48,0.56,0.42,0.561,0.869,1.0,0.78,0.789,0.0,0.0,0.0,0.0,0.0,1.0,0.761,14.175,16.944,65.0,70.6,20.825,12.456,0.251,0.0,1.0,0.883,1.0,1.111,0.0,0.001,0.1443,0.1338,-0.0105,0.1338,0.2864,0.1068,1.468,1.452,0.0005,0.1359,0.54,0.04,0.01,1.468,1.452,0.0005,0.1359,0.8343,0.4227,0.1857,0.8318,0.2155,1.15,0.55,mixed-rural-urban,0.143,0.0733,0.9221,0.8801,0.852,0.8222,0.0075,0.0207,70.6,False
BRN,Brunei,Malay,high_fertility,2.05,1.96,1.7,1.82,65.7,68.55,2.85,70.22,-1.67,68.56,-0.01,68.92,68.09,68.09,68.92,0.84,67.82,2.12,-0.73,304016,356169,0.171,0.0,0.0,1.795,unspecified,False,0.5,0.48,0.56,0.42,0.619,1.3,1.0,0.46,0.873,0.0,0.0,0.0,0.51,0.112,1.0,0.761,20.926,14.676,70.5,65.36,8.574,19.964,0.58,0.21,0.878,0.838,1.1,1.166,0.0,0.001,0.5141,0.4797,-0.0344,0.4797,1.165,0.1318,1.894,1.97,0.0005,0.4874,67.82,2.12,-0.73,1.894,1.97,0.0005,0.4874,0.7478,0.3816,0.1529,0.803,0.231,1.92,0.55,mixed-rural-urban,0.077,0.036,0.8798,0.7562,1.0,0.7056,0.166,0.362,65.36,True
BRN,Brunei,Chinese,low_fertility,1.1,1.58,1.7,1.82,10.3,7.4,-2.9,7.58,-0.18,7.4,-0.0,7.54,7.25,7.25,7.54,0.3,7.67,-2.63,0.27,47662,38446,0.171,0.0,0.0,1.795,CHN,False,0.52,0.502,0.58,0.45,0.619,1.111,1.0,0.46,0.837,0.0,0.0,0.0,0.51,0.112,1.0,0.761,20.926,14.676,70.5,65.36,8.574,19.964,0.58,0.21,0.878,0.838,1.1,1.166,0.0,0.001,0.5141,0.4797,-0.0344,0.4797,1.165,0.1318,1.894,1.97,0.0005,0.4874,7.67,-2.63,0.27,1.894,1.97,0.0005,0.4874,0.7478,0.3816,0.1529,0.803,0.231,1.92,0.55,mixed-rural-urban,0.077,0.036,0.8798,0.7562,1.0,0.7056,0.166,0.362,65.36,False
BRN,Brunei,Indigenous (Dusun/Iban/etc.),majority,1.7,1.82,1.7,1.82,3.4,3.1,-0.3,3.17,-0.08,3.1,-0.0,3.13,3.06,3.06,3.13,0.06,3.12,-0.28,0.02,15733,16095,0.171,0.0,0.0,1.795,unspecified,False,0.5,0.48,0.56,0.42,0.619,0.998,1.0,0.46,0.798,0.0,0.0,0.0,0.51,0.112,1.0,0.761,20.926,14.676,70.5,65.36,8.574,19.964,0.58,0.21,0.878,0.838,1.1,1.166,0.0,0.001,0.5141,0.4797,-0.0344,0.4797,1.165,0.1318,1.894,1.97,0.0005,0.4874,3.12,-0.28,0.02,1.894,1.97,0.0005,0.4874,0.7478,0.3816,0.1529,0.803,0.231,1.92,0.55,mixed-rural-urban,0.077,0.036,0.8798,0.7562,1.0,0.7056,0.166,0.362,65.36,False
BRN,Brunei,Other foreign workers,immigrant,1.7,1.82,1.7,1.82,20.6,20.95,0.35,19.02,1.93,20.94,0.01,20.41,21.6,20.41,21.6,1.2,21.39,0.79,0.44,95323,108848,0.171,0.0,0.0,1.795,NGA;ETH;GHA;KEN;UGA;TZA;RWA;COD;CIV;CMR;SEN;ZMB;ZWE;MOZ;MWI;AGO;SDN;SOM;ERI;BFA;NER;MLI;GIN;SLE;LBR;BEN;TGO;GMB,True,0.711,0.785,0.574,0.717,0.619,1.189,1.001,0.46,0.97,0.0,0.0,0.0,0.51,0.112,1.0,0.761,20.926,14.676,70.5,65.36,8.574,19.964,0.58,0.21,0.878,0.838,1.1,1.166,0.0,0.001,0.5141,0.4797,-0.0344,0.4797,1.165,0.1318,1.894,1.97,0.0005,0.4874,21.39,0.79,0.44,1.894,1.97,0.0005,0.4874,0.7478,0.3816,0.1529,0.803,0.231,1.92,0.55,mixed-rural-urban,0.077,0.036,0.8798,0.7562,1.0,0.7056,0.166,0.362,65.36,False
BTN,Bhutan,Ngalop (Bhote),majority,1.8,1.89,1.8,1.89,50.0,50.04,0.04,50.04,0.0,50.04,0.0,50.04,50.04,50.04,50.04,0.0,50.01,0.01,-0.03,395765,441538,0.129,0.0,0.0,1.451,unspecified,False,0.5,0.48,0.56,0.42,0.497,1.292,1.0,0.78,0.864,0.0,0.0,0.0,0.0,0.0,1.0,0.761,25.512,21.138,68.0,62.08,6.488,16.782,0.251,0.0,1.0,0.853,1.0,1.045,0.0,0.001,0.6102,0.6099,-0.0003,0.6099,1.5603,0.1608,1.992,2.104,0.0005,0.6101,50.01,0.01,-0.03,1.992,2.104,0.0005,0.6101,0.6618,0.3371,0.1273,0.7471,0.2335,2.56,0.528,mixed-rural-urban,0.061,0.1122,0.9,0.7015,0.8424,0.5388,0.1717,0.2174,62.08,True
BTN,Bhutan,Lhotshampa (Nepali),majority,1.8,1.89,1.8,1.89,35.0,34.99,-0.01,34.99,0.0,34.99,0.0,34.99,34.99,34.99,34.99,0.0,34.99,-0.01,-0.0,277036,308757,0.129,0.0,0.0,1.451,unspecified,False,0.5,0.48,0.56,0.42,0.497,1.25,1.0,0.78,0.854,0.0,0.0,0.0,0.0,0.0,1.0,0.761,25.512,21.138,68.0,62.08,6.488,16.782,0.251,0.0,1.0,0.853,1.0,1.045,0.0,0.001,0.6102,0.6099,-0.0003,0.6099,1.5603,0.1608,1.992,2.104,0.0005,0.6101,34.99,-0.01,-0.0,1.992,2.104,0.0005,0.6101,0.6618,0.3371,0.1273,0.7471,0.2335,2.56,0.528,mixed-rural-urban,0.061,0.1122,0.9,0.7015,0.8424,0.5388,0.1717,0.2174,62.08,False
BTN,Bhutan,Sharchop,majority,1.8,1.89,1.8,1.89,13.0,13.0,-0.0,13.0,0.0,13.0,0.0,13.0,13.0,13.0,13.0,0.0,13.0,-0.0,-0.0,102899,114681,0.129,0.0,0.0,1.451,unspecified,False,0.5,0.48,0.56,0.42,0.497,1.137,1.0,0.78,0.827,0.0,0.0,0.0,0.0,0.0,1.0,0.761,25.512,21.138,68.0,62.08,6.488,16.782,0.251,0.0,1.0,0.853,1.0,1.045,0.0,0.001,0.6102,0.6099,-0.0003,0.6099,1.5603,0.1608,1.992,2.104,0.0005,0.6101,13.0,-0.0,-0.0,1.992,2.104,0.0005,0.6101,0.6618,0.3371,0.1273,0.7471,0.2335,2.56,0.528,mixed-rural-urban,0.061,0.1122,0.9,0.7015,0.8424,0.5388,0.1717,0.2174,62.08,False
BTN,Bhutan,Other,assimilating,1.8,1.89,1.8,1.89,2.0,1.97,-0.03,1.97,0.0,1.97,0.0,1.97,1.97,1.97,1.97,0.0,2.0,-0.0,0.03,15831,17369,0.129,0.0,0.0,1.451,unspecified,False,0.5,0.48,0.56,0.42,0.497,0.952,1.0,0.78,0.782,0.0,0.0,0.0,0.0,0.0,1.0,0.761,25.512,21.138,68.0,62.08,6.488,16.782,0.251,0.0,1.0,0.853,1.0,1.045,0.0,0.001,0.6102,0.6099,-0.0003,0.6099,1.5603,0.1608,1.992,2.104,0.0005,0.6101,2.0,-0.0,0.03,1.992,2.104,0.0005,0.6101,0.6618,0.3371,0.1273,0.7471,0.2335,2.56,0.528,mixed-rural-urban,0.061,0.1122,0.9,0.7015,0.8424,0.5388,0.1717,0.2174,62.08,False
BWA,Botswana,Tswana (Batswana),majority,2.8,2.38,2.8,2.38,79.0,79.26,0.26,79.26,0.0,79.26,0.0,79.25,79.27,79.25,79.27,0.01,79.17,0.17,-0.09,1991705,2724540,0.0,0.0,0.0,1.25,unspecified,False,0.5,0.48,0.56,0.42,0.454,1.3,1.0,0.78,0.839,0.0,0.0,0.0,0.0,0.0,1.0,0.761,30.101,28.731,65.5,60.7,4.399,10.569,0.251,0.0,1.0,0.873,1.0,1.0,0.0,0.001,0.3616,0.3576,-0.0041,0.3576,0.8579,0.1594,1.686,1.756,0.0005,0.359,79.17,0.17,-0.09,1.686,1.756,0.0005,0.359,0.671,0.2759,0.1159,0.7745,0.1881,1.56,0.491,mixed-rural-urban,0.0,0.101,0.831,0.8031,0.8631,0.5148,0.2367,0.0,60.7,True
BWA,Botswana,Kalanga,majority,2.8,2.38,2.8,2.38,11.0,11.02,0.02,11.02,0.0,11.02,0.0,11.02,11.02,11.02,11.02,0.0,11.02,0.02,-0.0,277326,378746,0.0,0.0,0.0,1.25,unspecified,False,0.5,0.48,0.56,0.42,0.454,1.118,1.0,0.78,0.798,0.0,0.0,0.0,0.0,0.0,1.0,0.761,30.101,28.731,65.5,60.7,4.399,10.569,0.251,0.0,1.0,0.873,1.0,1.0,0.0,0.001,0.3616,0.3576,-0.0041,0.3576,0.8579,0.1594,1.686,1.756,0.0005,0.359,11.02,0.02,-0.0,1.686,1.756,0.0005,0.359,0.671,0.2759,0.1159,0.7745,0.1881,1.56,0.491,mixed-rural-urban,0.0,0.101,0.831,0.8031,0.8631,0.5148,0.2367,0.0,60.7,False
BWA,Botswana,Basarwa (San),assimilating,2.8,2.38,2.8,2.38,3.0,2.96,-0.04,2.96,0.0,2.96,0.0,2.96,2.96,2.96,2.96,0.0,3.0,0.0,0.04,75634,101690,0.0,0.0,0.0,1.25,unspecified,False,0.5,0.48,0.56,0.42,0.454,0.986,1.0,0.78,0.769,0.0,0.0,0.0,0.0,0.0,1.0,0.761,30.101,28.731,65.5,60.7,4.399,10.569,0.251,0.0,1.0,0.873,1.0,1.0,0.0,0.001,0.3616,0.3576,-0.0041,0.3576,0.8579,0.1594,1.686,1.756,0.0005,0.359,3.0,0.0,0.04,1.686,1.756,0.0005,0.359,0.671,0.2759,0.1159,0.7745,0.1881,1.56,0.491,mixed-rural-urban,0.0,0.101,0.831,0.8031,0.8631,0.5148,0.2367,0.0,60.7,False
BWA,Botswana,Kgalagadi,majority,2.8,2.38,2.8,2.38,2.0,2.0,0.0,2.0,0.0,2.0,0.0,2.0,2.0,2.0,2.0,0.0,2.0,0.0,-0.0,50423,68863,0.0,0.0,0.0,1.25,unspecified,False,0.5,0.48,0.56,0.42,0.454,0.952,1.0,0.78,0.761,0.0,0.0,0.0,0.0,0.0,1.0,0.761,30.101,28.731,65.5,60.7,4.399,10.569,0.251,0.0,1.0,0.873,1.0,1.0,0.0,0.001,0.3616,0.3576,-0.0041,0.3576,0.8579,0.1594,1.686,1.756,0.0005,0.359,2.0,0.0,-0.0,1.686,1.756,0.0005,0.359,0.671,0.2759,0.1159,0.7745,0.1881,1.56,0.491,mixed-rural-urban,0.0,0.101,0.831,0.8031,0.8631,0.5148,0.2367,0.0,60.7,False
BWA,Botswana,Herero,majority,2.8,2.38,2.8,2.38,1.5,1.5,0.0,1.5,0.0,1.5,0.0,1.5,1.5,1.5,1.5,0.0,1.5,0.0,-0.0,37817,51647,0.0,0.0,0.0,1.25,unspecified,False,0.5,0.48,0.56,0.42,0.454,0.93,1.0,0.78,0.756,0.0,0.0,0.0,0.0,0.0,1.0,0.761,30.101,28.731,65.5,60.7,4.399,10.569,0.251,0.0,1.0,0.873,1.0,1.0,0.0,0.001,0.3616,0.3576,-0.0041,0.3576,0.8579,0.1594,1.686,1.756,0.0005,0.359,1.5,0.0,-0.0,1.686,1.756,0.0005,0.359,0.671,0.2759,0.1159,0.7745,0.1881,1.56,0.491,mixed-rural-urban,0.0,0.101,0.831,0.8031,0.8631,0.5148,0.2367,0.0,60.7,False
BWA,Botswana,White (European),low_fertility,2.2,2.14,2.8,2.38,1.5,1.28,-0.22,1.28,0.0,1.28,0.0,1.29,1.28,1.28,1.29,0.02,1.31,-0.19,0.02,37817,44153,0.0,0.0,0.0,1.25,unspecified,False,0.5,0.48,0.56,0.42,0.454,0.93,1.0,0.78,0.756,0.0,0.0,0.0,0.0,0.0,1.0,0.761,30.101,28.731,65.5,60.7,4.399,10.569,0.251,0.0,1.0,0.873,1.0,1.0,0.0,0.001,0.3616,0.3576,-0.0041,0.3576,0.8579,0.1594,1.686,1.756,0.0005,0.359,1.31,-0.19,0.02,1.686,1.756,0.0005,0.359,0.671,0.2759,0.1159,0.7745,0.1881,1.56,0.491,mixed-rural-urban,0.0,0.101,0.831,0.8031,0.8631,0.5148,0.2367,0.0,60.7,False
BWA,Botswana,Other,assimilating,2.8,2.38,2.8,2.38,2.0,1.97,-0.03,1.97,0.0,1.97,0.0,1.97,1.97,1.97,1.97,0.0,2.0,0.0,0.03,50423,67794,0.0,0.0,0.0,1.25,unspecified,False,0.5,0.48,0.56,0.42,0.454,0.952,1.0,0.78,0.761,0.0,0.0,0.0,0.0,0.0,1.0,0.761,30.101,28.731,65.5,60.7,4.399,10.569,0.251,0.0,1.0,0.873,1.0,1.0,0.0,0.001,0.3616,0.3576,-0.0041,0.3576,0.8579,0.1594,1.686,1.756,0.0005,0.359,2.0,0.0,0.03,1.686,1.756,0.0005,0.359,0.671,0.2759,0.1159,0.7745,0.1881,1.56,0.491,mixed-rural-urban,0.0,0.101,0.831,0.8031,0.8631,0.5148,0.2367,0.0,60.7,False
CAF,Central African Rep.,Baya,majority,5.6,4.03,5.6,4.03,33.0,33.05,0.05,33.05,0.0,33.05,0.0,33.05,33.05,33.05,33.05,0.0,33.02,0.02,-0.03,1759128,3508519,0.0,0.0,0.0,1.25,unspecified,False,0.5,0.48,0.56,0.42,0.454,1.243,1.0,0.78,0.826,0.0,0.0,0.0,0.0,0.0,1.0,0.761,43.786,44.977,54.0,50.88,2.214,4.143,0.251,0.0,1.0,0.748,1.0,1.0,0.0,0.001,0.7828,0.7825,-0.0003,0.7825,2.498,0.327,2.08,2.346,0.0005,0.7827,33.02,0.02,-0.03,2.08,2.346,0.0005,0.7827,0.3103,0.2172,0.1179,0.5906,0.284,4.6,0.327,rural-heavy,0.0,0.0814,0.6184,0.4452,0.4416,0.0184,0.72,0.0,50.88,True
CAF,Central African Rep.,Banda,majority,5.6,4.03,5.6,4.03,27.0,27.0,-0.0,27.0,0.0,27.0,0.0,27.0,27.0,27.0,27.0,0.0,27.0,-0.0,-0.0,1439287,2866126,0.0,0.0,0.0,1.25,unspecified,False,0.5,0.48,0.56,0.42,0.454,1.22,1.0,0.78,0.821,0.0,0.0,0.0,0.0,0.0,1.0,0.761,43.786,44.977,54.0,50.88,2.214,4.143,0.251,0.0,1.0,0.748,1.0,1.0,0.0,0.001,0.7828,0.7825,-0.0003,0.7825,2.498,0.327,2.08,2.346,0.0005,0.7827,27.0,-0.0,-0.0,2.08,2.346,0.0005,0.7827,0.3103,0.2172,0.1179,0.5906,0.284,4.6,0.327,rural-heavy,0.0,0.0814,0.6184,0.4452,0.4416,0.0184,0.72,0.0,50.88,False
CAF,Central African Rep.,Mandjia,majority,5.6,4.03,5.6,4.03,13.0,13.0,-0.0,13.0,0.0,13.0,0.0,13.0,13.0,13.0,13.0,0.0,13.0,-0.0,-0.0,692990,1379986,0.0,0.0,0.0,1.25,unspecified,False,0.5,0.48,0.56,0.42,0.454,1.137,1.0,0.78,0.802,0.0,0.0,0.0,0.0,0.0,1.0,0.761,43.786,44.977,54.0,50.88,2.214,4.143,0.251,0.0,1.0,0.748,1.0,1.0,0.0,0.001,0.7828,0.7825,-0.0003,0.7825,2.498,0.327,2.08,2.346,0.0005,0.7827,13.0,-0.0,-0.0,2.08,2.346,0.0005,0.7827,0.3103,0.2172,0.1179,0.5906,0.284,4.6,0.327,rural-heavy,0.0,0.0814,0.6184,0.4452,0.4416,0.0184,0.72,0.0,50.88,False
CAF,Central African Rep.,Sara,majority,5.6,4.03,5.6,4.03,10.0,10.0,-0.0,10.0,0.0,10.0,0.0,10.0,10.0,10.0,10.0,0.0,10.0,-0.0,-0.0,533069,1061528,0.0,0.0,0.0,1.25,unspecified,False,0.5,0.48,0.56,0.42,0.454,1.108,1.0,0.78,0.796,0.0,0.0,0.0,0.0,0.0,1.0,0.761,43.786,44.977,54.0,50.88,2.214,4.143,0.251,0.0,1.0,0.748,1.0,1.0,0.0,0.001,0.7828,0.7825,-0.0003,0.7825,2.498,0.327,2.08,2.346,0.0005,0.7827,10.0,-0.0,-0.0,2.08,2.346,0.0005,0.7827,0.3103,0.2172,0.1179,0.5906,0.284,4.6,0.327,rural-heavy,0.0,0.0814,0.6184,0.4452,0.4416,0.0184,0.72,0.0,50.88,False
CAF,Central African Rep.,Mboum,majority,5.6,4.03,5.6,4.03,7.0,7.0,-0.0,7.0,0.0,7.0,0.0,7.0,7.0,7.0,7.0,0.0,7.0,-0.0,-0.0,373148,743070,0.0,0.0,0.0,1.25,unspecified,False,0.5,0.48,0.56,0.42,0.454,1.07,1.0,0.78,0.787,0.0,0.0,0.0,0.0,0.0,1.0,0.761,43.786,44.977,54.0,50.88,2.214,4.143,0.251,0.0,1.0,0.748,1.0,1.0,0.0,0.001,0.7828,0.7825,-0.0003,0.7825,2.498,0.327,2.08,2.346,0.0005,0.7827,7.0,-0.0,-0.0,2.08,2.346,0.0005,0.7827,0.3103,0.2172,0.1179,0.5906,0.284,4.6,0.327,rural-heavy,0.0,0.0814,0.6184,0.4452,0.4416,0.0184,0.72,0.0,50.88,False
CAF,Central African Rep.,M'Baka,majority,5.6,4.03,5.6,4.03,4.0,4.0,-0.0,4.0,0.0,4.0,0.0,4.0,4.0,4.0,4.0,0.0,4.0,-0.0,-0.0,213228,424611,0.0,0.0,0.0,1.25,unspecified,False,0.5,0.48,0.56,0.42,0.454,1.013,1.0,0.78,0.775,0.0,0.0,0.0,0.0,0.0,1.0,0.761,43.786,44.977,54.0,50.88,2.214,4.143,0.251,0.0,1.0,0.748,1.0,1.0,0.0,0.001,0.7828,0.7825,-0.0003,0.7825,2.498,0.327,2.08,2.346,0.0005,0.7827,4.0,-0.0,-0.0,2.08,2.346,0.0005,0.7827,0.3103,0.2172,0.1179,0.5906,0.284,4.6,0.327,rural-heavy,0.0,0.0814,0.6184,0.4452,0.4416,0.0184,0.72,0.0,50.88,False
CAF,Central African Rep.,Yakoma,majority,5.6,4.03,5.6,4.03,4.0,4.0,-0.0,4.0,0.0,4.0,0.0,4.0,4.0,4.0,4.0,0.0,4.0,-0.0,-0.0,213228,424611,0.0,0.0,0.0,1.25,unspecified,False,0.5,0.48,0.56,0.42,0.454,1.013,1.0,0.78,0.775,0.0,0.0,0.0,0.0,0.0,1.0,0.761,43.786,44.977,54.0,50.88,2.214,4.143,0.251,0.0,1.0,0.748,1.0,1.0,0.0,0.001,0.7828,0.7825,-0.0003,0.7825,2.498,0.327,2.08,2.346,0.0005,0.7827,4.0,-0.0,-0.0,2.08,2.346,0.0005,0.7827,0.3103,0.2172,0.1179,0.5906,0.284,4.6,0.327,rural-heavy,0.0,0.0814,0.6184,0.4452,0.4416,0.0184,0.72,0.0,50.88,False
CAF,Central African Rep.,Other,assimilating,5.6,4.03,5.6,4.03,2.0,1.96,-0.04,1.96,0.0,1.96,0.0,1.96,1.96,1.96,1.96,0.0,1.99,-0.01,0.03,106614,208302,0.0,0.0,0.0,1.25,unspecified,False,0.5,0.48,0.56,0.42,0.454,0.952,1.0,0.78,0.761,0.0,0.0,0.0,0.0,0.0,1.0,0.761,43.786,44.977,54.0,50.88,2.214,4.143,0.251,0.0,1.0,0.748,1.0,1.0,0.0,0.001,0.7828,0.7825,-0.0003,0.7825,2.498,0.327,2.08,2.346,0.0005,0.7827,1.99,-0.01,0.03,2.08,2.346,0.0005,0.7827,0.3103,0.2172,0.1179,0.5906,0.284,4.6,0.327,rural-heavy,0.0,0.0814,0.6184,0.4452,0.4416,0.0184,0.72,0.0,50.88,False
CAN,Canada,White (European),majority,1.4,1.61,1.4,1.61,67.0,53.38,-13.62,63.24,-9.86,53.7,-0.32,56.45,50.4,50.4,56.45,6.06,48.43,-18.57,-4.95,26627427,24353511,0.3,0.0,0.0,1.984,unspecified,False,0.5,0.48,0.56,0.42,0.747,1.3,1.0,0.92,1.062,0.0,1.3,0.0,1.055,0.865,1.0,0.761,11.155,6.223,65.5,66.94,23.345,26.837,0.42,0.262,0.708,0.962,1.3,1.437,0.14,0.001,0.5418,0.694,0.1522,0.694,2.1658,0.112,2.388,2.429,0.0005,0.7344,48.43,-18.57,-4.95,2.388,2.429,0.0005,0.7344,0.8262,0.4807,0.0988,0.9089,0.1935,3.27,0.754,urbanizing-majority,0.074,0.0028,0.963,0.9162,0.9469,0.7653,0.2527,0.6744,66.94,True
CAN,Canada,South Asian (Indian),immigrant,1.7,1.73,1.4,1.61,5.2,9.64,4.44,5.36,4.28,9.69,-0.05,8.22,10.65,8.22,10.65,2.43,8.91,3.71,-0.73,2066606,4398146,0.3,0.0,0.0,1.984,IND;PAK;BGD;LKA;NPL,True,0.718,0.719,0.752,0.684,0.747,1.039,1.126,0.92,1.212,0.0,1.3,0.0,1.055,0.865,1.0,0.761,11.155,6.223,65.5,66.94,23.345,26.837,0.42,0.262,0.708,0.962,1.3,1.437,0.14,0.001,0.5418,0.694,0.1522,0.694,2.1658,0.112,2.388,2.429,0.0005,0.7344,8.91,3.71,-0.73,2.388,2.429,0.0005,0.7344,0.8262,0.4807,0.0988,0.9089,0.1935,3.27,0.754,urbanizing-majority,0.074,0.0028,0.963,0.9162,0.9469,0.7653,0.2527,0.6744,66.94,False
CAN,Canada,South Asian (Pakistani),high_fertility,2.2,1.93,1.4,1.61,1.0,1.69,0.69,1.24,0.46,1.7,-0.01,1.55,1.87,1.55,1.87,0.32,1.51,0.51,-0.18,397424,772125,0.3,0.0,0.0,1.984,PAK,True,0.769,0.814,0.7,0.74,0.747,0.903,1.28,0.92,1.251,0.0,1.3,0.0,1.055,0.865,1.0,0.761,11.155,6.223,65.5,66.94,23.345,26.837,0.42,0.262,0.708,0.962,1.3,1.437,0.14,0.001,0.5418,0.694,0.1522,0.694,2.1658,0.112,2.388,2.429,0.0005,0.7344,1.51,0.51,-0.18,2.388,2.429,0.0005,0.7344,0.8262,0.4807,0.0988,0.9089,0.1935,3.27,0.754,urbanizing-majority,0.074,0.0028,0.963,0.9162,0.9469,0.7653,0.2527,0.6744,66.94,False
CAN,Canada,South Asian (Sri Lankan),immigrant,1.9,1.81,1.4,1.61,0.6,0.84,0.24,0.66,0.18,0.84,-0.0,0.78,0.9,0.78,0.9,0.12,0.76,0.16,-0.07,238455,382116,0.3,0.0,0.0,1.984,IND;PAK;BGD;LKA;NPL,True,0.718,0.719,0.752,0.684,0.747,0.876,1.126,0.92,1.109,0.0,1.3,0.0,1.055,0.865,1.0,0.761,11.155,6.223,65.5,66.94,23.345,26.837,0.42,0.262,0.708,0.962,1.3,1.437,0.14,0.001,0.5418,0.694,0.1522,0.694,2.1658,0.112,2.388,2.429,0.0005,0.7344,0.76,0.16,-0.07,2.388,2.429,0.0005,0.7344,0.8262,0.4807,0.0988,0.9089,0.1935,3.27,0.754,urbanizing-majority,0.074,0.0028,0.963,0.9162,0.9469,0.7653,0.2527,0.6744,66.94,False
CAN,Canada,South Asian (Other),immigrant,1.8,1.77,1.4,1.61,0.8,1.1,0.3,0.85,0.25,1.11,-0.01,1.03,1.19,1.03,1.19,0.16,1.01,0.21,-0.09,317939,502580,0.3,0.0,0.0,1.984,IND;PAK;BGD;LKA;NPL,True,0.718,0.719,0.752,0.684,0.747,0.891,1.126,0.92,1.118,0.0,1.3,0.0,1.055,0.865,1.0,0.761,11.155,6.223,65.5,66.94,23.345,26.837,0.42,0.262,0.708,0.962,1.3,1.437,0.14,0.001,0.5418,0.694,0.1522,0.694,2.1658,0.112,2.388,2.429,0.0005,0.7344,1.01,0.21,-0.09,2.388,2.429,0.0005,0.7344,0.8262,0.4807,0.0988,0.9089,0.1935,3.27,0.754,urbanizing-majority,0.074,0.0028,0.963,0.9162,0.9469,0.7653,0.2527,0.6744,66.94,False
CAN,Canada,Chinese,immigrant,1.2,1.53,1.4,1.61,4.9,5.22,0.32,4.21,1.01,5.25,-0.03,4.97,5.54,4.97,5.54,0.56,4.91,0.01,-0.31,1947379,2381920,0.3,0.0,0.0,1.984,CHN,True,0.52,0.502,0.58,0.45,0.747,1.033,1.14,0.92,1.033,0.0,1.3,0.0,1.055,0.865,1.0,0.761,11.155,6.223,65.5,66.94,23.345,26.837,0.42,0.262,0.708,0.962,1.3,1.437,0.14,0.001,0.5418,0.694,0.1522,0.694,2.1658,0.112,2.388,2.429,0.0005,0.7344,4.91,0.01,-0.31,2.388,2.429,0.0005,0.7344,0.8262,0.4807,0.0988,0.9089,0.1935,3.27,0.754,urbanizing-majority,0.074,0.0028,0.963,0.9162,0.9469,0.7653,0.2527,0.6744,66.94,False
CAN,Canada,Black (African),high_fertility,2.2,1.93,1.4,1.61,2.4,4.94,2.54,2.98,1.96,4.38,0.56,4.34,5.59,4.34,5.59,1.26,4.49,2.09,-0.45,953818,2254377,0.3,0.0,0.0,1.984,NGA;ETH;GHA;KEN;UGA;TZA;RWA;COD;CIV;CMR;SEN;ZMB;ZWE;MOZ;MWI;AGO;SDN;SOM;ERI;BFA;NER;MLI;GIN;SLE;LBR;BEN;TGO;GMB,True,0.711,0.785,0.574,0.717,0.747,0.967,1.023,0.92,1.104,0.0,1.3,0.0,1.055,0.865,1.0,0.761,11.155,6.223,65.5,66.94,23.345,26.837,0.42,0.262,0.708,0.962,1.3,1.437,0.14,0.001,0.5418,0.694,0.1522,0.694,2.1658,0.112,2.388,2.429,0.0005,0.7344,4.49,2.09,-0.45,2.388,2.429,0.0005,0.7344,0.8262,0.4807,0.0988,0.9089,0.1935,3.27,0.754,urbanizing-majority,0.074,0.0028,0.963,0.9162,0.9469,0.7653,0.2527,0.6744,66.94,False
CAN,Canada,Black (Caribbean),high_fertility,1.9,1.81,1.4,1.61,2.0,2.41,0.41,2.27,0.14,2.42,-0.01,2.37,2.46,2.37,2.46,0.08,2.16,0.16,-0.25,794849,1099160,0.3,0.0,0.0,1.984,unspecified,True,0.5,0.48,0.56,0.42,0.747,0.952,1.0,0.92,0.925,0.0,1.3,0.0,1.055,0.865,1.0,0.761,11.155,6.223,65.5,66.94,23.345,26.837,0.42,0.262,0.708,0.962,1.3,1.437,0.14,0.001,0.5418,0.694,0.1522,0.694,2.1658,0.112,2.388,2.429,0.0005,0.7344,2.16,0.16,-0.25,2.388,2.429,0.0005,0.7344,0.8262,0.4807,0.0988,0.9089,0.1935,3.27,0.754,urbanizing-majority,0.074,0.0028,0.963,0.9162,0.9469,0.7653,0.2527,0.6744,66.94,False
CAN,Canada,Filipino,immigrant,1.4,1.61,1.4,1.61,2.6,4.15,1.55,2.41,1.73,4.17,-0.02,3.6,4.73,3.6,4.73,1.14,3.88,1.28,-0.26,1033303,1891887,0.3,0.0,0.0,1.984,PHL,True,0.759,0.718,0.88,0.64,0.747,0.974,1.28,0.92,1.296,0.0,1.3,0.0,1.055,0.865,1.0,0.761,11.155,6.223,65.5,66.94,23.345,26.837,0.42,0.262,0.708,0.962,1.3,1.437,0.14,0.001,0.5418,0.694,0.1522,0.694,2.1658,0.112,2.388,2.429,0.0005,0.7344,3.88,1.28,-0.26,2.388,2.429,0.0005,0.7344,0.8262,0.4807,0.0988,0.9089,0.1935,3.27,0.754,urbanizing-majority,0.074,0.0028,0.963,0.9162,0.9469,0.7653,0.2527,0.6744,66.94,False
CAN,Canada,Arab,high_fertility,2.3,1.97,1.4,1.61,2.1,3.17,1.07,2.66,0.5,3.18,-0.02,3.01,3.36,3.01,3.36,0.35,2.81,0.71,-0.36,834591,1444557,0.3,0.0,0.0,1.984,unspecified,True,0.5,0.48,0.56,0.42,0.747,0.956,1.0,0.92,0.927,0.0,1.3,0.0,1.055,0.865,1.0,0.761,11.155,6.223,65.5,66.94,23.345,26.837,0.42,0.262,0.708,0.962,1.3,1.437,0.14,0.001,0.5418,0.694,0.1522,0.694,2.1658,0.112,2.388,2.429,0.0005,0.7344,2.81,0.71,-0.36,2.388,2.429,0.0005,0.7344,0.8262,0.4807,0.0988,0.9089,0.1935,3.27,0.754,urbanizing-majority,0.074,0.0028,0.963,0.9162,0.9469,0.7653,0.2527,0.6744,66.94,False
CAN,Canada,Indigenous: First Nations,high_fertility,2.0,1.85,1.4,1.61,3.0,2.97,-0.03,3.53,-0.55,2.99,-0.02,3.12,2.82,2.82,3.12,0.3,2.64,-0.36,-0.33,1192273,1355556,0.3,0.0,0.0,1.984,unspecified,False,0.5,0.48,0.56,0.42,0.747,0.986,1.0,0.92,0.939,0.0,1.3,0.0,1.055,0.865,1.0,0.761,11.155,6.223,65.5,66.94,23.345,26.837,0.42,0.262,0.708,0.962,1.3,1.437,0.14,0.001,0.5418,0.694,0.1522,0.694,2.1658,0.112,2.388,2.429,0.0005,0.7344,2.64,-0.36,-0.33,2.388,2.429,0.0005,0.7344,0.8262,0.4807,0.0988,0.9089,0.1935,3.27,0.754,urbanizing-majority,0.074,0.0028,0.963,0.9162,0.9469,0.7653,0.2527,0.6744,66.94,False
CAN,Canada,Indigenous: Métis,high_fertility,1.8,1.77,1.4,1.61,1.7,1.59,-0.11,1.88,-0.3,1.6,-0.01,1.67,1.5,1.5,1.67,0.16,1.42,-0.28,-0.17,675621,723673,0.3,0.0,0.0,1.984,unspecified,False,0.5,0.48,0.56,0.42,0.747,0.939,1.0,0.92,0.92,0.0,1.3,0.0,1.055,0.865,1.0,0.761,11.155,6.223,65.5,66.94,23.345,26.837,0.42,0.262,0.708,0.962,1.3,1.437,0.14,0.001,0.5418,0.694,0.1522,0.694,2.1658,0.112,2.388,2.429,0.0005,0.7344,1.42,-0.28,-0.17,2.388,2.429,0.0005,0.7344,0.8262,0.4807,0.0988,0.9089,0.1935,3.27,0.754,urbanizing-majority,0.074,0.0028,0.963,0.9162,0.9469,0.7653,0.2527,0.6744,66.94,False
CAN,Canada,Indigenous: Inuit,high_fertility,2.5,2.05,1.4,1.61,0.3,0.34,0.04,0.4,-0.06,0.34,-0.0,0.35,0.32,0.32,0.35,0.03,0.3,-0.0,-0.04,119227,154614,0.3,0.0,0.0,1.984,unspecified,False,0.5,0.48,0.56,0.42,0.747,0.851,1.0,0.92,0.885,0.0,1.3,0.0,1.055,0.865,1.0,0.761,11.155,6.223,65.5,66.94,23.345,26.837,0.42,0.262,0.708,0.962,1.3,1.437,0.14,0.001,0.5418,0.694,0.1522,0.694,2.1658,0.112,2.388,2.429,0.0005,0.7344,0.3,-0.0,-0.04,2.388,2.429,0.0005,0.7344,0.8262,0.4807,0.0988,0.9089,0.1935,3.27,0.754,urbanizing-majority,0.074,0.0028,0.963,0.9162,0.9469,0.7653,0.2527,0.6744,66.94,False
CAN,Canada,Korean,immigrant,1.0,1.45,1.4,1.61,0.5,0.44,-0.06,0.39,0.05,0.44,-0.0,0.43,0.45,0.43,0.45,0.02,0.42,-0.08,-0.02,198712,200385,0.3,0.0,0.0,1.984,unspecified,True,0.5,0.48,0.56,0.42,0.747,0.869,1.0,0.92,0.892,0.0,1.3,0.0,1.055,0.865,1.0,0.761,11.155,6.223,65.5,66.94,23.345,26.837,0.42,0.262,0.708,0.962,1.3,1.437,0.14,0.001,0.5418,0.694,0.1522,0.694,2.1658,0.112,2.388,2.429,0.0005,0.7344,0.42,-0.08,-0.02,2.388,2.429,0.0005,0.7344,0.8262,0.4807,0.0988,0.9089,0.1935,3.27,0.754,urbanizing-majority,0.074,0.0028,0.963,0.9162,0.9469,0.7653,0.2527,0.6744,66.94,False
CAN,Canada,Japanese,immigrant,0.9,1.41,1.4,1.61,0.2,0.14,-0.06,0.15,-0.01,0.14,-0.0,0.15,0.14,0.14,0.15,0.01,0.13,-0.07,-0.01,79485,64441,0.3,0.0,0.0,1.984,unspecified,True,0.5,0.48,0.56,0.42,0.747,0.842,1.0,0.92,0.882,0.0,1.3,0.0,1.055,0.865,1.0,0.761,11.155,6.223,65.5,66.94,23.345,26.837,0.42,0.262,0.708,0.962,1.3,1.437,0.14,0.001,0.5418,0.694,0.1522,0.694,2.1658,0.112,2.388,2.429,0.0005,0.7344,0.13,-0.07,-0.01,2.388,2.429,0.0005,0.7344,0.8262,0.4807,0.0988,0.9089,0.1935,3.27,0.754,urbanizing-majority,0.074,0.0028,0.963,0.9162,0.9469,0.7653,0.2527,0.6744,66.94,False
CAN,Canada,Latin American,immigrant,1.4,1.61,1.4,1.61,1.0,1.1,0.1,0.93,0.17,1.11,-0.01,1.06,1.15,1.06,1.15,0.1,1.02,0.02,-0.08,397424,501956,0.3,0.0,0.0,1.984,unspecified,True,0.5,0.48,0.56,0.42,0.747,0.903,1.0,0.92,0.906,0.0,1.3,0.0,1.055,0.865,1.0,0.761,11.155,6.223,65.5,66.94,23.345,26.837,0.42,0.262,0.708,0.962,1.3,1.437,0.14,0.001,0.5418,0.694,0.1522,0.694,2.1658,0.112,2.388,2.429,0.0005,0.7344,1.02,0.02,-0.08,2.388,2.429,0.0005,0.7344,0.8262,0.4807,0.0988,0.9089,0.1935,3.27,0.754,urbanizing-majority,0.074,0.0028,0.963,0.9162,0.9469,0.7653,0.2527,0.6744,66.94,False
CAN,Canada,Southeast Asian,immigrant,1.4,1.61,1.4,1.61,1.2,1.32,0.12,1.11,0.21,1.33,-0.01,1.27,1.39,1.27,1.39,0.12,1.23,0.03,-0.09,476909,603306,0.3,0.0,0.0,1.984,unspecified,True,0.5,0.48,0.56,0.42,0.747,0.915,1.0,0.92,0.91,0.0,1.3,0.0,1.055,0.865,1.0,0.761,11.155,6.223,65.5,66.94,23.345,26.837,0.42,0.262,0.708,0.962,1.3,1.437,0.14,0.001,0.5418,0.694,0.1522,0.694,2.1658,0.112,2.388,2.429,0.0005,0.7344,1.23,0.03,-0.09,2.388,2.429,0.0005,0.7344,0.8262,0.4807,0.0988,0.9089,0.1935,3.27,0.754,urbanizing-majority,0.074,0.0028,0.963,0.9162,0.9469,0.7653,0.2527,0.6744,66.94,False
CAN,Canada,West Asian (Iranian/Afghan/Turkish),immigrant,2.0,1.85,1.4,1.61,1.0,1.41,0.41,1.13,0.28,1.42,-0.01,1.33,1.52,1.33,1.52,0.19,1.28,0.28,-0.13,397424,643773,0.3,0.0,0.0,1.984,AFG,True,0.667,0.804,0.42,0.86,0.747,0.903,1.0,0.92,1.025,0.0,1.3,0.0,1.055,0.865,1.0,0.761,11.155,6.223,65.5,66.94,23.345,26.837,0.42,0.262,0.708,0.962,1.3,1.437,0.14,0.001,0.5418,0.694,0.1522,0.694,2.1658,0.112,2.388,2.429,0.0005,0.7344,1.28,0.28,-0.13,2.388,2.429,0.0005,0.7344,0.8262,0.4807,0.0988,0.9089,0.1935,3.27,0.754,urbanizing-majority,0.074,0.0028,0.963,0.9162,0.9469,0.7653,0.2527,0.6744,66.94,False
CAN,Canada,Multiple origins,assimilating,1.4,1.61,1.4,1.61,1.5,3.27,1.77,3.67,-0.4,3.29,-0.02,3.4,3.15,3.15,3.4,0.25,11.88,10.38,8.6,596136,1493580,0.3,0.0,0.0,1.984,unspecified,False,0.5,0.48,0.56,0.42,0.747,0.93,1.0,0.92,0.916,0.0,1.3,0.0,1.055,0.865,1.0,0.761,11.155,6.223,65.5,66.94,23.345,26.837,0.42,0.262,0.708,0.962,1.3,1.437,0.14,0.001,0.5418,0.694,0.1522,0.694,2.1658,0.112,2.388,2.429,0.0005,0.7344,11.88,10.38,8.6,2.388,2.429,0.0005,0.7344,0.8262,0.4807,0.0988,0.9089,0.1935,3.27,0.754,urbanizing-majority,0.074,0.0028,0.963,0.9162,0.9469,0.7653,0.2527,0.6744,66.94,False
CAN,Canada,Other,immigrant,1.4,1.61,1.4,1.61,1.0,0.88,-0.12,0.93,-0.05,0.88,-0.01,0.9,0.86,0.86,0.9,0.04,0.81,-0.19,-0.07,397424,400216,0.3,0.0,0.0,1.984,unspecified,True,0.5,0.48,0.56,0.42,0.747,0.903,1.0,0.92,0.906,0.0,1.3,0.0,1.055,0.865,1.0,0.761,11.155,6.223,65.5,66.94,23.345,26.837,0.42,0.262,0.708,0.962,1.3,1.437,0.14,0.001,0.5418,0.694,0.1522,0.694,2.1658,0.112,2.388,2.429,0.0005,0.7344,0.81,-0.19,-0.07,2.388,2.429,0.0005,0.7344,0.8262,0.4807,0.0988,0.9089,0.1935,3.27,0.754,urbanizing-majority,0.074,0.0028,0.963,0.9162,0.9469,0.7653,0.2527,0.6744,66.94,False
CHE,Switzerland,Swiss,majority,1.4,1.61,1.4,1.61,69.2,67.23,-1.97,69.36,-2.12,67.26,-0.03,67.88,66.49,66.49,67.88,1.39,66.87,-2.33,-0.36,6174009,6281197,0.3,0.238,0.155,2.037,unspecified,False,0.5,0.48,0.56,0.42,0.699,1.3,1.0,0.78,0.994,0.0,0.0,0.0,0.62,0.397,1.0,0.761,9.99,5.612,66.0,66.16,24.01,28.228,0.36,0.293,0.555,0.915,1.0,1.136,0.07,0.001,0.5128,0.539,0.0262,0.539,1.529,0.1116,2.175,2.178,0.0005,0.5436,66.87,-2.33,-0.36,2.175,2.178,0.0005,0.5436,0.8072,0.4834,0.1097,0.8574,0.191,2.17,0.745,urbanizing-majority,0.076,-0.0026,0.974,0.9307,0.9987,0.8001,0.288,0.7376,66.16,True
CHE,Switzerland,German,immigrant,1.3,1.57,1.4,1.61,4.2,4.17,-0.03,3.97,0.2,4.17,-0.0,4.12,4.22,4.12,4.22,0.11,4.25,0.05,0.08,374723,389253,0.3,0.238,0.155,2.037,unspecified,True,0.5,0.48,0.56,0.42,0.699,1.018,1.0,0.78,0.898,0.0,0.0,0.0,0.62,0.397,1.0,0.761,9.99,5.612,66.0,66.16,24.01,28.228,0.36,0.293,0.555,0.915,1.0,1.136,0.07,0.001,0.5128,0.539,0.0262,0.539,1.529,0.1116,2.175,2.178,0.0005,0.5436,4.25,0.05,0.08,2.175,2.178,0.0005,0.5436,0.8072,0.4834,0.1097,0.8574,0.191,2.17,0.745,urbanizing-majority,0.076,-0.0026,0.974,0.9307,0.9987,0.8001,0.288,0.7376,66.16,False
CHE,Switzerland,Italian,immigrant,1.3,1.57,1.4,1.61,3.2,3.17,-0.03,3.02,0.15,3.17,-0.0,3.13,3.21,3.13,3.21,0.08,3.23,0.03,0.06,285503,296354,0.3,0.238,0.155,2.037,unspecified,True,0.5,0.48,0.56,0.42,0.699,0.992,1.0,0.78,0.889,0.0,0.0,0.0,0.62,0.397,1.0,0.761,9.99,5.612,66.0,66.16,24.01,28.228,0.36,0.293,0.555,0.915,1.0,1.136,0.07,0.001,0.5128,0.539,0.0262,0.539,1.529,0.1116,2.175,2.178,0.0005,0.5436,3.23,0.03,0.06,2.175,2.178,0.0005,0.5436,0.8072,0.4834,0.1097,0.8574,0.191,2.17,0.745,urbanizing-majority,0.076,-0.0026,0.974,0.9307,0.9987,0.8001,0.288,0.7376,66.16,False
CHE,Switzerland,Portuguese,immigrant,1.3,1.57,1.4,1.61,2.5,2.68,0.18,2.36,0.32,2.68,-0.0,2.59,2.79,2.59,2.79,0.2,2.73,0.23,0.05,223049,250345,0.3,0.238,0.155,2.037,unspecified,True,0.5,0.48,0.56,0.42,0.699,0.97,1.0,0.78,0.882,0.0,0.0,0.0,0.62,0.397,1.0,0.761,9.99,5.612,66.0,66.16,24.01,28.228,0.36,0.293,0.555,0.915,1.0,1.136,0.07,0.001,0.5128,0.539,0.0262,0.539,1.529,0.1116,2.175,2.178,0.0005,0.5436,2.73,0.23,0.05,2.175,2.178,0.0005,0.5436,0.8072,0.4834,0.1097,0.8574,0.191,2.17,0.745,urbanizing-majority,0.076,-0.0026,0.974,0.9307,0.9987,0.8001,0.288,0.7376,66.16,False
CHE,Switzerland,French,immigrant,1.3,1.57,1.4,1.61,2.1,2.08,-0.02,1.98,0.1,2.08,-0.0,2.06,2.11,2.06,2.11,0.05,2.12,0.02,0.04,187362,194278,0.3,0.238,0.155,2.037,unspecified,True,0.5,0.48,0.56,0.42,0.699,0.956,1.0,0.78,0.877,0.0,0.0,0.0,0.62,0.397,1.0,0.761,9.99,5.612,66.0,66.16,24.01,28.228,0.36,0.293,0.555,0.915,1.0,1.136,0.07,0.001,0.5128,0.539,0.0262,0.539,1.529,0.1116,2.175,2.178,0.0005,0.5436,2.12,0.02,0.04,2.175,2.178,0.0005,0.5436,0.8072,0.4834,0.1097,0.8574,0.191,2.17,0.745,urbanizing-majority,0.076,-0.0026,0.974,0.9307,0.9987,0.8001,0.288,0.7376,66.16,False
CHE,Switzerland,Kosovar Albanian,high_fertility,2.0,1.85,1.4,1.61,1.1,1.32,0.22,1.36,-0.04,1.32,-0.0,1.32,1.31,1.31,1.32,0.01,1.28,0.18,-0.03,98142,122877,0.3,0.238,0.155,2.037,unspecified,False,0.5,0.48,0.56,0.42,0.699,0.909,1.0,0.78,0.861,0.0,0.0,0.0,0.62,0.397,1.0,0.761,9.99,5.612,66.0,66.16,24.01,28.228,0.36,0.293,0.555,0.915,1.0,1.136,0.07,0.001,0.5128,0.539,0.0262,0.539,1.529,0.1116,2.175,2.178,0.0005,0.5436,1.28,0.18,-0.03,2.175,2.178,0.0005,0.5436,0.8072,0.4834,0.1097,0.8574,0.191,2.17,0.745,urbanizing-majority,0.076,-0.0026,0.974,0.9307,0.9987,0.8001,0.288,0.7376,66.16,False
CHE,Switzerland,Spanish,immigrant,1.3,1.57,1.4,1.61,1.1,1.09,-0.01,1.04,0.05,1.09,-0.0,1.08,1.1,1.08,1.1,0.03,1.11,0.01,0.02,98142,101627,0.3,0.238,0.155,2.037,unspecified,True,0.5,0.48,0.56,0.42,0.699,0.909,1.0,0.78,0.861,0.0,0.0,0.0,0.62,0.397,1.0,0.761,9.99,5.612,66.0,66.16,24.01,28.228,0.36,0.293,0.555,0.915,1.0,1.136,0.07,0.001,0.5128,0.539,0.0262,0.539,1.529,0.1116,2.175,2.178,0.0005,0.5436,1.11,0.01,0.02,2.175,2.178,0.0005,0.5436,0.8072,0.4834,0.1097,0.8574,0.191,2.17,0.745,urbanizing-majority,0.076,-0.0026,0.974,0.9307,0.9987,0.8001,0.288,0.7376,66.16,False
CHE,Switzerland,Turkish,high_fertility,2.15,1.91,1.4,1.61,1.0,1.25,0.25,1.29,-0.04,1.25,-0.0,1.25,1.24,1.24,1.25,0.0,1.21,0.21,-0.04,89220,116465,0.3,0.238,0.155,2.037,unspecified,False,0.5,0.48,0.56,0.42,0.699,0.903,1.0,0.78,0.859,0.0,0.0,0.0,0.62,0.397,1.0,0.761,9.99,5.612,66.0,66.16,24.01,28.228,0.36,0.293,0.555,0.915,1.0,1.136,0.07,0.001,0.5128,0.539,0.0262,0.539,1.529,0.1116,2.175,2.178,0.0005,0.5436,1.21,0.21,-0.04,2.175,2.178,0.0005,0.5436,0.8072,0.4834,0.1097,0.8574,0.191,2.17,0.745,urbanizing-majority,0.076,-0.0026,0.974,0.9307,0.9987,0.8001,0.288,0.7376,66.16,False
CHE,Switzerland,Serbian,immigrant,1.4,1.61,1.4,1.61,0.8,0.82,0.02,0.79,0.04,0.82,-0.0,0.81,0.83,0.81,0.83,0.02,0.83,0.03,0.01,71376,76726,0.3,0.238,0.155,2.037,unspecified,True,0.5,0.48,0.56,0.42,0.699,0.891,1.0,0.78,0.854,0.0,0.0,0.0,0.62,0.397,1.0,0.761,9.99,5.612,66.0,66.16,24.01,28.228,0.36,0.293,0.555,0.915,1.0,1.136,0.07,0.001,0.5128,0.539,0.0262,0.539,1.529,0.1116,2.175,2.178,0.0005,0.5436,0.83,0.03,0.01,2.175,2.178,0.0005,0.5436,0.8072,0.4834,0.1097,0.8574,0.191,2.17,0.745,urbanizing-majority,0.076,-0.0026,0.974,0.9307,0.9987,0.8001,0.288,0.7376,66.16,False
CHE,Switzerland,Eritrean,high_fertility,1.75,1.75,1.4,1.61,0.8,0.94,0.14,0.92,0.02,0.9,0.04,0.93,0.95,0.93,0.95,0.02,0.93,0.13,-0.01,71376,87834,0.3,0.238,0.155,2.037,NGA;ETH;GHA;KEN;UGA;TZA;RWA;COD;CIV;CMR;SEN;ZMB;ZWE;MOZ;MWI;AGO;SDN;SOM;ERI;BFA;NER;MLI;GIN;SLE;LBR;BEN;TGO;GMB,True,0.711,0.785,0.574,0.717,0.699,0.891,1.0,0.78,0.983,0.0,0.0,0.0,0.62,0.397,1.0,0.761,9.99,5.612,66.0,66.16,24.01,28.228,0.36,0.293,0.555,0.915,1.0,1.136,0.07,0.001,0.5128,0.539,0.0262,0.539,1.529,0.1116,2.175,2.178,0.0005,0.5436,0.93,0.13,-0.01,2.175,2.178,0.0005,0.5436,0.8072,0.4834,0.1097,0.8574,0.191,2.17,0.745,urbanizing-majority,0.076,-0.0026,0.974,0.9307,0.9987,0.8001,0.288,0.7376,66.16,False
CHE,Switzerland,Albanian,immigrant,1.4,1.61,1.4,1.61,1.4,1.62,0.22,1.37,0.24,1.62,-0.0,1.54,1.7,1.54,1.7,0.16,1.64,0.24,0.02,124908,150929,0.3,0.238,0.155,2.037,unspecified,True,0.5,0.48,0.56,0.42,0.699,0.925,1.0,0.78,0.866,0.0,0.0,0.0,0.62,0.397,1.0,0.761,9.99,5.612,66.0,66.16,24.01,28.228,0.36,0.293,0.555,0.915,1.0,1.136,0.07,0.001,0.5128,0.539,0.0262,0.539,1.529,0.1116,2.175,2.178,0.0005,0.5436,1.64,0.24,0.02,2.175,2.178,0.0005,0.5436,0.8072,0.4834,0.1097,0.8574,0.191,2.17,0.745,urbanizing-majority,0.076,-0.0026,0.974,0.9307,0.9987,0.8001,0.288,0.7376,66.16,False
CHE,Switzerland,Romanian,immigrant,1.4,1.61,1.4,1.61,1.3,1.34,0.04,1.28,0.06,1.34,-0.0,1.32,1.35,1.32,1.35,0.04,1.35,0.05,0.02,115986,124785,0.3,0.238,0.155,2.037,unspecified,True,0.5,0.48,0.56,0.42,0.699,0.92,1.0,0.78,0.864,0.0,0.0,0.0,0.62,0.397,1.0,0.761,9.99,5.612,66.0,66.16,24.01,28.228,0.36,0.293,0.555,0.915,1.0,1.136,0.07,0.001,0.5128,0.539,0.0262,0.539,1.529,0.1116,2.175,2.178,0.0005,0.5436,1.35,0.05,0.02,2.175,2.178,0.0005,0.5436,0.8072,0.4834,0.1097,0.8574,0.191,2.17,0.745,urbanizing-majority,0.076,-0.0026,0.974,0.9307,0.9987,0.8001,0.288,0.7376,66.16,False
CHE,Switzerland,Polish,immigrant,1.4,1.61,1.4,1.61,1.2,1.23,0.03,1.18,0.06,1.23,-0.0,1.22,1.25,1.22,1.25,0.03,1.25,0.05,0.02,107064,115168,0.3,0.238,0.155,2.037,unspecified,True,0.5,0.48,0.56,0.42,0.699,0.915,1.0,0.78,0.862,0.0,0.0,0.0,0.62,0.397,1.0,0.761,9.99,5.612,66.0,66.16,24.01,28.228,0.36,0.293,0.555,0.915,1.0,1.136,0.07,0.001,0.5128,0.539,0.0262,0.539,1.529,0.1116,2.175,2.178,0.0005,0.5436,1.25,0.05,0.02,2.175,2.178,0.0005,0.5436,0.8072,0.4834,0.1097,0.8574,0.191,2.17,0.745,urbanizing-majority,0.076,-0.0026,0.974,0.9307,0.9987,0.8001,0.288,0.7376,66.16,False
CHE,Switzerland,Indian,immigrant,1.8,1.77,1.4,1.61,1.1,1.63,0.53,1.24,0.4,1.63,-0.0,1.5,1.79,1.5,1.79,0.3,1.62,0.52,-0.01,98142,152384,0.3,0.238,0.155,2.037,IND;PAK;BGD;LKA;NPL,True,0.718,0.719,0.752,0.684,0.699,0.909,1.0,0.78,0.996,0.0,0.0,0.0,0.62,0.397,1.0,0.761,9.99,5.612,66.0,66.16,24.01,28.228,0.36,0.293,0.555,0.915,1.0,1.136,0.07,0.001,0.5128,0.539,0.0262,0.539,1.529,0.1116,2.175,2.178,0.0005,0.5436,1.62,0.52,-0.01,2.175,2.178,0.0005,0.5436,0.8072,0.4834,0.1097,0.8574,0.191,2.17,0.745,urbanizing-majority,0.076,-0.0026,0.974,0.9307,0.9987,0.8001,0.288,0.7376,66.16,False
CHE,Switzerland,Chinese,immigrant,1.2,1.53,1.4,1.61,0.8,0.76,-0.04,0.73,0.03,0.76,-0.0,0.75,0.77,0.75,0.77,0.02,0.78,-0.02,0.02,71376,71054,0.3,0.238,0.155,2.037,CHN,True,0.52,0.502,0.58,0.45,0.699,0.891,1.0,0.78,0.867,0.0,0.0,0.0,0.62,0.397,1.0,0.761,9.99,5.612,66.0,66.16,24.01,28.228,0.36,0.293,0.555,0.915,1.0,1.136,0.07,0.001,0.5128,0.539,0.0262,0.539,1.529,0.1116,2.175,2.178,0.0005,0.5436,0.78,-0.02,0.02,2.175,2.178,0.0005,0.5436,0.8072,0.4834,0.1097,0.8574,0.191,2.17,0.745,urbanizing-majority,0.076,-0.0026,0.974,0.9307,0.9987,0.8001,0.288,0.7376,66.16,False
CHE,Switzerland,Macedonian,immigrant,1.4,1.61,1.4,1.61,0.7,0.72,0.02,0.69,0.03,0.72,-0.0,0.71,0.73,0.71,0.73,0.02,0.73,0.03,0.01,62454,67122,0.3,0.238,0.155,2.037,unspecified,True,0.5,0.48,0.56,0.42,0.699,0.884,1.0,0.78,0.852,0.0,0.0,0.0,0.62,0.397,1.0,0.761,9.99,5.612,66.0,66.16,24.01,28.228,0.36,0.293,0.555,0.915,1.0,1.136,0.07,0.001,0.5128,0.539,0.0262,0.539,1.529,0.1116,2.175,2.178,0.0005,0.5436,0.73,0.03,0.01,2.175,2.178,0.0005,0.5436,0.8072,0.4834,0.1097,0.8574,0.191,2.17,0.745,urbanizing-majority,0.076,-0.0026,0.974,0.9307,0.9987,0.8001,0.288,0.7376,66.16,False
CHE,Switzerland,Bosnian,immigrant,1.4,1.61,1.4,1.61,0.7,0.72,0.02,0.69,0.03,0.72,-0.0,0.71,0.73,0.71,0.73,0.02,0.73,0.03,0.01,62454,67122,0.3,0.238,0.155,2.037,unspecified,True,0.5,0.48,0.56,0.42,0.699,0.884,1.0,0.78,0.852,0.0,0.0,0.0,0.62,0.397,1.0,0.761,9.99,5.612,66.0,66.16,24.01,28.228,0.36,0.293,0.555,0.915,1.0,1.136,0.07,0.001,0.5128,0.539,0.0262,0.539,1.529,0.1116,2.175,2.178,0.0005,0.5436,0.73,0.03,0.01,2.175,2.178,0.0005,0.5436,0.8072,0.4834,0.1097,0.8574,0.191,2.17,0.745,urbanizing-majority,0.076,-0.0026,0.974,0.9307,0.9987,0.8001,0.288,0.7376,66.16,False
CHE,Switzerland,Iranian,immigrant,1.8,1.77,1.4,1.61,0.6,0.7,0.1,0.67,0.03,0.7,-0.0,0.69,0.72,0.69,0.72,0.03,0.7,0.1,-0.0,53532,65819,0.3,0.238,0.155,2.037,unspecified,True,0.5,0.48,0.56,0.42,0.699,0.876,1.0,0.78,0.849,0.0,0.0,0.0,0.62,0.397,1.0,0.761,9.99,5.612,66.0,66.16,24.01,28.228,0.36,0.293,0.555,0.915,1.0,1.136,0.07,0.001,0.5128,0.539,0.0262,0.539,1.529,0.1116,2.175,2.178,0.0005,0.5436,0.7,0.1,-0.0,2.175,2.178,0.0005,0.5436,0.8072,0.4834,0.1097,0.8574,0.191,2.17,0.745,urbanizing-majority,0.076,-0.0026,0.974,0.9307,0.9987,0.8001,0.288,0.7376,66.16,False
CHE,Switzerland,Filipino,immigrant,1.4,1.61,1.4,1.61,0.6,0.74,0.14,0.59,0.16,0.75,-0.0,0.7,0.8,0.7,0.8,0.11,0.75,0.15,0.01,53532,69581,0.3,0.238,0.155,2.037,PHL,True,0.759,0.718,0.88,0.64,0.699,0.876,1.0,0.78,1.005,0.0,0.0,0.0,0.62,0.397,1.0,0.761,9.99,5.612,66.0,66.16,24.01,28.228,0.36,0.293,0.555,0.915,1.0,1.136,0.07,0.001,0.5128,0.539,0.0262,0.539,1.529,0.1116,2.175,2.178,0.0005,0.5436,0.75,0.15,0.01,2.175,2.178,0.0005,0.5436,0.8072,0.4834,0.1097,0.8574,0.191,2.17,0.745,urbanizing-majority,0.076,-0.0026,0.974,0.9307,0.9987,0.8001,0.288,0.7376,66.16,False
CHE,Switzerland,Other,immigrant,1.4,1.61,1.4,1.61,5.6,5.8,0.2,5.5,0.3,5.8,-0.0,5.71,5.89,5.71,5.89,0.18,5.88,0.28,0.08,499631,541669,0.3,0.238,0.155,2.037,unspecified,True,0.5,0.48,0.56,0.42,0.699,1.046,1.0,0.78,0.908,0.0,0.0,0.0,0.62,0.397,1.0,0.761,9.99,5.612,66.0,66.16,24.01,28.228,0.36,0.293,0.555,0.915,1.0,1.136,0.07,0.001,0.5128,0.539,0.0262,0.539,1.529,0.1116,2.175,2.178,0.0005,0.5436,5.88,0.28,0.08,2.175,2.178,0.0005,0.5436,0.8072,0.4834,0.1097,0.8574,0.191,2.17,0.745,urbanizing-majority,0.076,-0.0026,0.974,0.9307,0.9987,0.8001,0.288,0.7376,66.16,False
CHL,Chile,White (Spanish/European descent),low_fertility,1.0,1.48,1.5,1.68,60.0,53.6,-6.4,53.6,0.0,53.6,0.0,53.85,53.35,53.35,53.85,0.5,54.35,-5.65,0.76,11858864,10891330,0.257,0.0,0.0,1.652,unspecified,False,0.5,0.48,0.56,0.42,0.541,1.3,1.0,0.78,0.894,0.0,0.0,0.0,0.0,0.0,1.0,0.761,17.281,8.842,69.0,65.2,13.719,25.958,0.251,0.0,1.0,0.885,1.0,1.09,0.0,0.001,0.548,0.5956,0.0476,0.5956,1.5199,0.1445,1.933,2.017,0.0005,0.5906,54.35,-5.65,0.76,1.933,2.017,0.0005,0.5906,0.7805,0.399,0.172,0.842,0.1907,2.47,0.55,mixed-rural-urban,0.116,0.0194,0.9522,0.8758,0.8665,0.7557,0.2668,0.6344,65.2,True
CHL,Chile,Mestizo,majority,1.5,1.68,1.5,1.68,28.9,32.14,3.24,32.14,0.0,32.14,0.0,32.02,32.27,32.02,32.27,0.25,31.76,2.86,-0.38,5712020,6531733,0.257,0.0,0.0,1.652,unspecified,False,0.5,0.48,0.56,0.42,0.541,1.228,1.0,0.78,0.875,0.0,0.0,0.0,0.0,0.0,1.0,0.761,17.281,8.842,69.0,65.2,13.719,25.958,0.251,0.0,1.0,0.885,1.0,1.09,0.0,0.001,0.548,0.5956,0.0476,0.5956,1.5199,0.1445,1.933,2.017,0.0005,0.5906,31.76,2.86,-0.38,1.933,2.017,0.0005,0.5906,0.7805,0.399,0.172,0.842,0.1907,2.47,0.55,mixed-rural-urban,0.116,0.0194,0.9522,0.8758,0.8665,0.7557,0.2668,0.6344,65.2,False
CHL,Chile,Mapuche,high_fertility,1.85,1.82,1.5,1.68,9.1,11.62,2.52,11.62,0.0,11.62,0.0,11.53,11.72,11.53,11.72,0.2,11.33,2.23,-0.3,1798594,2362188,0.257,0.0,0.0,1.652,unspecified,False,0.5,0.48,0.56,0.42,0.541,1.098,1.0,0.78,0.84,0.0,0.0,0.0,0.0,0.0,1.0,0.761,17.281,8.842,69.0,65.2,13.719,25.958,0.251,0.0,1.0,0.885,1.0,1.09,0.0,0.001,0.548,0.5956,0.0476,0.5956,1.5199,0.1445,1.933,2.017,0.0005,0.5906,11.33,2.23,-0.3,1.933,2.017,0.0005,0.5906,0.7805,0.399,0.172,0.842,0.1907,2.47,0.55,mixed-rural-urban,0.116,0.0194,0.9522,0.8758,0.8665,0.7557,0.2668,0.6344,65.2,False
CHL,Chile,Aymara,high_fertility,1.85,1.82,1.5,1.68,1.0,1.28,0.28,1.28,0.0,1.28,0.0,1.27,1.29,1.27,1.29,0.02,1.24,0.24,-0.03,197648,259581,0.257,0.0,0.0,1.652,unspecified,False,0.5,0.48,0.56,0.42,0.541,0.903,1.0,0.78,0.789,0.0,0.0,0.0,0.0,0.0,1.0,0.761,17.281,8.842,69.0,65.2,13.719,25.958,0.251,0.0,1.0,0.885,1.0,1.09,0.0,0.001,0.548,0.5956,0.0476,0.5956,1.5199,0.1445,1.933,2.017,0.0005,0.5906,1.24,0.24,-0.03,1.933,2.017,0.0005,0.5906,0.7805,0.399,0.172,0.842,0.1907,2.47,0.55,mixed-rural-urban,0.116,0.0194,0.9522,0.8758,0.8665,0.7557,0.2668,0.6344,65.2,False
CHL,Chile,Other indigenous,high_fertility,2.35,2.02,1.5,1.68,0.7,1.03,0.33,1.03,0.0,1.03,0.0,1.01,1.04,1.01,1.04,0.03,0.98,0.28,-0.04,138353,208722,0.257,0.0,0.0,1.652,unspecified,False,0.5,0.48,0.56,0.42,0.541,0.884,1.0,0.78,0.784,0.0,0.0,0.0,0.0,0.0,1.0,0.761,17.281,8.842,69.0,65.2,13.719,25.958,0.251,0.0,1.0,0.885,1.0,1.09,0.0,0.001,0.548,0.5956,0.0476,0.5956,1.5199,0.1445,1.933,2.017,0.0005,0.5906,0.98,0.28,-0.04,1.933,2.017,0.0005,0.5906,0.7805,0.399,0.172,0.842,0.1907,2.47,0.55,mixed-rural-urban,0.116,0.0194,0.9522,0.8758,0.8665,0.7557,0.2668,0.6344,65.2,False
CHL,Chile,Other,assimilating,1.5,1.68,1.5,1.68,0.3,0.33,0.03,0.33,0.0,0.33,0.0,0.33,0.33,0.33,0.33,0.0,0.33,0.03,0.0,59294,66751,0.257,0.0,0.0,1.652,unspecified,False,0.5,0.48,0.56,0.42,0.541,0.851,1.0,0.78,0.775,0.0,0.0,0.0,0.0,0.0,1.0,0.761,17.281,8.842,69.0,65.2,13.719,25.958,0.251,0.0,1.0,0.885,1.0,1.09,0.0,0.001,0.548,0.5956,0.0476,0.5956,1.5199,0.1445,1.933,2.017,0.0005,0.5906,0.33,0.03,0.0,1.933,2.017,0.0005,0.5906,0.7805,0.399,0.172,0.842,0.1907,2.47,0.55,mixed-rural-urban,0.116,0.0194,0.9522,0.8758,0.8665,0.7557,0.2668,0.6344,65.2,False
CHN,China,Han Chinese,majority,1.0,1.33,1.0,1.33,91.1,89.82,-1.28,89.82,0.0,89.82,0.0,89.87,89.78,89.78,89.87,0.09,89.93,-1.17,0.1,1293001690,1132053819,0.654,0.0,0.0,1.761,CHN,False,0.52,0.502,0.58,0.45,0.559,1.3,1.0,0.78,0.92,0.0,0.0,0.0,0.0,0.0,1.0,0.761,13.134,4.387,69.0,63.2,17.866,32.413,0.21,0.0,1.0,0.801,0.5,0.614,0.0,0.001,0.1689,0.1915,0.0227,0.1915,0.4315,0.3525,1.539,1.486,0.0005,0.1897,89.93,-1.17,0.1,1.539,1.486,0.0005,0.1897,0.6349,0.535,0.2029,0.7105,0.383,1.24,0.626,urbanizing-majority,0.244,0.0831,0.9577,0.8031,0.8863,0.6469,0.4071,0.9279,63.2,True
CHN,China,Zhuang,high_fertility,1.35,1.47,1.0,1.33,1.4,1.65,0.25,1.65,0.0,1.65,0.0,1.64,1.66,1.64,1.66,0.02,1.63,0.23,-0.02,19870498,20810681,0.654,0.0,0.0,1.761,unspecified,False,0.5,0.48,0.56,0.42,0.559,0.925,1.0,0.78,0.803,0.0,0.0,0.0,0.0,0.0,1.0,0.761,13.134,4.387,69.0,63.2,17.866,32.413,0.21,0.0,1.0,0.801,0.5,0.614,0.0,0.001,0.1689,0.1915,0.0227,0.1915,0.4315,0.3525,1.539,1.486,0.0005,0.1897,1.63,0.23,-0.02,1.539,1.486,0.0005,0.1897,0.6349,0.535,0.2029,0.7105,0.383,1.24,0.626,urbanizing-majority,0.244,0.0831,0.9577,0.8031,0.8863,0.6469,0.4071,0.9279,63.2,False
CHN,China,Hui (Chinese Muslim),high_fertility,1.15,1.39,1.0,1.33,0.8,0.87,0.07,0.87,0.0,0.87,0.0,0.87,0.87,0.87,0.87,0.0,0.86,0.06,-0.0,11354570,10926193,0.654,0.0,0.0,1.761,CHN,False,0.52,0.502,0.58,0.45,0.559,0.891,1.0,0.78,0.804,0.0,0.0,0.0,0.0,0.0,1.0,0.761,13.134,4.387,69.0,63.2,17.866,32.413,0.21,0.0,1.0,0.801,0.5,0.614,0.0,0.001,0.1689,0.1915,0.0227,0.1915,0.4315,0.3525,1.539,1.486,0.0005,0.1897,0.86,0.06,-0.0,1.539,1.486,0.0005,0.1897,0.6349,0.535,0.2029,0.7105,0.383,1.24,0.626,urbanizing-majority,0.244,0.0831,0.9577,0.8031,0.8863,0.6469,0.4071,0.9279,63.2,False
CHN,China,Manchu,low_fertility,0.7,1.21,1.0,1.33,0.7,0.58,-0.12,0.58,0.0,0.58,0.0,0.58,0.58,0.58,0.58,0.01,0.59,-0.11,0.01,9935249,7309761,0.654,0.0,0.0,1.761,unspecified,False,0.5,0.48,0.56,0.42,0.559,0.884,1.0,0.78,0.792,0.0,0.0,0.0,0.0,0.0,1.0,0.761,13.134,4.387,69.0,63.2,17.866,32.413,0.21,0.0,1.0,0.801,0.5,0.614,0.0,0.001,0.1689,0.1915,0.0227,0.1915,0.4315,0.3525,1.539,1.486,0.0005,0.1897,0.59,-0.11,0.01,1.539,1.486,0.0005,0.1897,0.6349,0.535,0.2029,0.7105,0.383,1.24,0.626,urbanizing-majority,0.244,0.0831,0.9577,0.8031,0.8863,0.6469,0.4071,0.9279,63.2,False
CHN,China,Uyghur,high_fertility,1.35,1.47,1.0,1.33,0.8,0.94,0.14,0.94,0.0,0.94,0.0,0.94,0.95,0.94,0.95,0.01,0.93,0.13,-0.01,11354570,11891818,0.654,0.0,0.0,1.761,unspecified,False,0.5,0.48,0.56,0.42,0.559,0.891,1.0,0.78,0.794,0.0,0.0,0.0,0.0,0.0,1.0,0.761,13.134,4.387,69.0,63.2,17.866,32.413,0.21,0.0,1.0,0.801,0.5,0.614,0.0,0.001,0.1689,0.1915,0.0227,0.1915,0.4315,0.3525,1.539,1.486,0.0005,0.1897,0.93,0.13,-0.01,1.539,1.486,0.0005,0.1897,0.6349,0.535,0.2029,0.7105,0.383,1.24,0.626,urbanizing-majority,0.244,0.0831,0.9577,0.8031,0.8863,0.6469,0.4071,0.9279,63.2,False
CHN,China,Miao/Hmong,high_fertility,1.35,1.47,1.0,1.33,0.8,0.94,0.14,0.94,0.0,0.94,0.0,0.94,0.95,0.94,0.95,0.01,0.93,0.13,-0.01,11354570,11891818,0.654,0.0,0.0,1.761,unspecified,False,0.5,0.48,0.56,0.42,0.559,0.891,1.0,0.78,0.794,0.0,0.0,0.0,0.0,0.0,1.0,0.761,13.134,4.387,69.0,63.2,17.866,32.413,0.21,0.0,1.0,0.801,0.5,0.614,0.0,0.001,0.1689,0.1915,0.0227,0.1915,0.4315,0.3525,1.539,1.486,0.0005,0.1897,0.93,0.13,-0.01,1.539,1.486,0.0005,0.1897,0.6349,0.535,0.2029,0.7105,0.383,1.24,0.626,urbanizing-majority,0.244,0.0831,0.9577,0.8031,0.8863,0.6469,0.4071,0.9279,63.2,False
CHN,China,Tibetan,high_fertility,1.35,1.47,1.0,1.33,0.5,0.59,0.09,0.59,0.0,0.59,0.0,0.59,0.59,0.59,0.59,0.01,0.58,0.08,-0.01,7096606,7432386,0.654,0.0,0.0,1.761,unspecified,False,0.5,0.48,0.56,0.42,0.559,0.869,1.0,0.78,0.788,0.0,0.0,0.0,0.0,0.0,1.0,0.761,13.134,4.387,69.0,63.2,17.866,32.413,0.21,0.0,1.0,0.801,0.5,0.614,0.0,0.001,0.1689,0.1915,0.0227,0.1915,0.4315,0.3525,1.539,1.486,0.0005,0.1897,0.58,0.08,-0.01,1.539,1.486,0.0005,0.1897,0.6349,0.535,0.2029,0.7105,0.383,1.24,0.626,urbanizing-majority,0.244,0.0831,0.9577,0.8031,0.8863,0.6469,0.4071,0.9279,63.2,False
CHN,China,Yi,high_fertility,1.35,1.47,1.0,1.33,0.7,0.83,0.13,0.83,0.0,0.83,0.0,0.82,0.83,0.82,0.83,0.01,0.82,0.12,-0.01,9935249,10405341,0.654,0.0,0.0,1.761,unspecified,False,0.5,0.48,0.56,0.42,0.559,0.884,1.0,0.78,0.792,0.0,0.0,0.0,0.0,0.0,1.0,0.761,13.134,4.387,69.0,63.2,17.866,32.413,0.21,0.0,1.0,0.801,0.5,0.614,0.0,0.001,0.1689,0.1915,0.0227,0.1915,0.4315,0.3525,1.539,1.486,0.0005,0.1897,0.82,0.12,-0.01,1.539,1.486,0.0005,0.1897,0.6349,0.535,0.2029,0.7105,0.383,1.24,0.626,urbanizing-majority,0.244,0.0831,0.9577,0.8031,0.8863,0.6469,0.4071,0.9279,63.2,False
CHN,China,Tujia,high_fertility,1.35,1.47,1.0,1.33,0.7,0.83,0.13,0.83,0.0,0.83,0.0,0.82,0.83,0.82,0.83,0.01,0.82,0.12,-0.01,9935249,10405341,0.654,0.0,0.0,1.761,unspecified,False,0.5,0.48,0.56,0.42,0.559,0.884,1.0,0.78,0.792,0.0,0.0,0.0,0.0,0.0,1.0,0.761,13.134,4.387,69.0,63.2,17.866,32.413,0.21,0.0,1.0,0.801,0.5,0.614,0.0,0.001,0.1689,0.1915,0.0227,0.1915,0.4315,0.3525,1.539,1.486,0.0005,0.1897,0.82,0.12,-0.01,1.539,1.486,0.0005,0.1897,0.6349,0.535,0.2029,0.7105,0.383,1.24,0.626,urbanizing-majority,0.244,0.0831,0.9577,0.8031,0.8863,0.6469,0.4071,0.9279,63.2,False
CHN,China,Other,high_fertility,1.35,1.47,1.0,1.33,2.5,2.95,0.45,2.95,0.0,2.95,0.0,2.93,2.96,2.93,2.96,0.03,2.91,0.41,-0.04,35483032,37161931,0.654,0.0,0.0,1.761,unspecified,False,0.5,0.48,0.56,0.42,0.559,0.97,1.0,0.78,0.815,0.0,0.0,0.0,0.0,0.0,1.0,0.761,13.134,4.387,69.0,63.2,17.866,32.413,0.21,0.0,1.0,0.801,0.5,0.614,0.0,0.001,0.1689,0.1915,0.0227,0.1915,0.4315,0.3525,1.539,1.486,0.0005,0.1897,2.91,0.41,-0.04,1.539,1.486,0.0005,0.1897,0.6349,0.535,0.2029,0.7105,0.383,1.24,0.626,urbanizing-majority,0.244,0.0831,0.9577,0.8031,0.8863,0.6469,0.4071,0.9279,63.2,False
CIV,Cote d'Ivoire,Akan (Baoule/Agni),majority,4.4,3.37,4.4,3.37,28.9,29.41,0.51,29.41,0.0,29.41,0.0,29.41,29.41,29.41,29.41,0.0,29.11,0.21,-0.3,9228992,16395298,0.0,0.0,0.0,1.25,unspecified,False,0.5,0.48,0.56,0.42,0.454,1.228,1.0,0.78,0.822,0.62,0.0,0.777,0.0,0.0,1.0,0.761,40.571,41.624,57.0,53.16,2.429,5.216,0.251,0.0,1.0,0.812,1.0,1.0,0.0,0.001,0.8097,0.8087,-0.0009,0.8087,2.6422,0.2979,2.227,2.384,0.0005,0.8092,29.11,0.21,-0.3,2.227,2.384,0.0005,0.8092,0.4114,0.302,0.2209,0.66,0.2514,5.23,0.538,mixed-rural-urban,0.0,0.0799,0.7109,0.575,0.7093,0.1554,0.6575,0.0,53.16,True
CIV,Cote d'Ivoire,Voltaique/Gur,majority,4.4,3.37,4.4,3.37,16.1,16.07,-0.03,16.07,0.0,16.07,0.0,16.07,16.07,16.07,16.07,0.0,16.07,-0.03,-0.0,5141411,8960884,0.0,0.0,0.0,1.25,unspecified,False,0.5,0.48,0.56,0.42,0.454,1.161,1.0,0.78,0.808,0.62,0.0,0.777,0.0,0.0,1.0,0.761,40.571,41.624,57.0,53.16,2.429,5.216,0.251,0.0,1.0,0.812,1.0,1.0,0.0,0.001,0.8097,0.8087,-0.0009,0.8087,2.6422,0.2979,2.227,2.384,0.0005,0.8092,16.07,-0.03,-0.0,2.227,2.384,0.0005,0.8092,0.4114,0.302,0.2209,0.66,0.2514,5.23,0.538,mixed-rural-urban,0.0,0.0799,0.7109,0.575,0.7093,0.1554,0.6575,0.0,53.16,False
CIV,Cote d'Ivoire,Northern Mande (Malinke),majority,4.4,3.37,4.4,3.37,14.5,14.48,-0.02,14.48,0.0,14.48,0.0,14.48,14.48,14.48,14.48,0.0,14.48,-0.02,-0.0,4630463,8070362,0.0,0.0,0.0,1.25,unspecified,False,0.5,0.48,0.56,0.42,0.454,1.149,1.0,0.78,0.805,0.62,0.0,0.777,0.0,0.0,1.0,0.761,40.571,41.624,57.0,53.16,2.429,5.216,0.251,0.0,1.0,0.812,1.0,1.0,0.0,0.001,0.8097,0.8087,-0.0009,0.8087,2.6422,0.2979,2.227,2.384,0.0005,0.8092,14.48,-0.02,-0.0,2.227,2.384,0.0005,0.8092,0.4114,0.302,0.2209,0.66,0.2514,5.23,0.538,mixed-rural-urban,0.0,0.0799,0.7109,0.575,0.7093,0.1554,0.6575,0.0,53.16,False
CIV,Cote d'Ivoire,Krou (Bete),majority,4.4,3.37,4.4,3.37,8.5,8.49,-0.01,8.49,0.0,8.49,0.0,8.49,8.49,8.49,8.49,0.0,8.49,-0.01,-0.0,2714409,4730902,0.0,0.0,0.0,1.25,unspecified,False,0.5,0.48,0.56,0.42,0.454,1.09,1.0,0.78,0.792,0.62,0.0,0.777,0.0,0.0,1.0,0.761,40.571,41.624,57.0,53.16,2.429,5.216,0.251,0.0,1.0,0.812,1.0,1.0,0.0,0.001,0.8097,0.8087,-0.0009,0.8087,2.6422,0.2979,2.227,2.384,0.0005,0.8092,8.49,-0.01,-0.0,2.227,2.384,0.0005,0.8092,0.4114,0.302,0.2209,0.66,0.2514,5.23,0.538,mixed-rural-urban,0.0,0.0799,0.7109,0.575,0.7093,0.1554,0.6575,0.0,53.16,False
CIV,Cote d'Ivoire,Southern Mande (Dan),majority,4.4,3.37,4.4,3.37,6.9,6.89,-0.01,6.89,0.0,6.89,0.0,6.89,6.89,6.89,6.89,0.0,6.89,-0.01,-0.0,2203462,3840379,0.0,0.0,0.0,1.25,unspecified,False,0.5,0.48,0.56,0.42,0.454,1.068,1.0,0.78,0.787,0.62,0.0,0.777,0.0,0.0,1.0,0.761,40.571,41.624,57.0,53.16,2.429,5.216,0.251,0.0,1.0,0.812,1.0,1.0,0.0,0.001,0.8097,0.8087,-0.0009,0.8087,2.6422,0.2979,2.227,2.384,0.0005,0.8092,6.89,-0.01,-0.0,2.227,2.384,0.0005,0.8092,0.4114,0.302,0.2209,0.66,0.2514,5.23,0.538,mixed-rural-urban,0.0,0.0799,0.7109,0.575,0.7093,0.1554,0.6575,0.0,53.16,False
CIV,Cote d'Ivoire,Senoufo,majority,4.4,3.37,4.4,3.37,3.5,3.49,-0.01,3.49,0.0,3.49,0.0,3.49,3.49,3.49,3.49,0.0,3.49,-0.01,-0.0,1117698,1948018,0.0,0.0,0.0,1.25,unspecified,False,0.5,0.48,0.56,0.42,0.454,1.0,1.0,0.78,0.772,0.62,0.0,0.777,0.0,0.0,1.0,0.761,40.571,41.624,57.0,53.16,2.429,5.216,0.251,0.0,1.0,0.812,1.0,1.0,0.0,0.001,0.8097,0.8087,-0.0009,0.8087,2.6422,0.2979,2.227,2.384,0.0005,0.8092,3.49,-0.01,-0.0,2.227,2.384,0.0005,0.8092,0.4114,0.302,0.2209,0.66,0.2514,5.23,0.538,mixed-rural-urban,0.0,0.0799,0.7109,0.575,0.7093,0.1554,0.6575,0.0,53.16,False
CIV,Cote d'Ivoire,Other,assimilating,4.4,3.37,4.4,3.37,21.6,21.17,-0.43,21.17,0.0,21.17,0.0,21.17,21.17,21.17,21.17,0.0,21.47,-0.13,0.3,6897793,11801142,0.0,0.0,0.0,1.25,unspecified,False,0.5,0.48,0.56,0.42,0.454,1.194,1.0,0.78,0.815,0.62,0.0,0.777,0.0,0.0,1.0,0.761,40.571,41.624,57.0,53.16,2.429,5.216,0.251,0.0,1.0,0.812,1.0,1.0,0.0,0.001,0.8097,0.8087,-0.0009,0.8087,2.6422,0.2979,2.227,2.384,0.0005,0.8092,21.47,-0.13,0.3,2.227,2.384,0.0005,0.8092,0.4114,0.302,0.2209,0.66,0.2514,5.23,0.538,mixed-rural-urban,0.0,0.0799,0.7109,0.575,0.7093,0.1554,0.6575,0.0,53.16,False
CMR,Cameroon,Bamileke-Bamum,majority,4.2,3.26,4.2,3.26,24.3,24.47,0.17,24.47,0.0,24.47,0.0,24.48,24.45,24.45,24.48,0.02,24.22,-0.08,-0.25,7077071,12501212,0.0,0.0,0.0,1.25,unspecified,False,0.5,0.48,0.56,0.42,0.454,1.208,1.0,0.78,0.818,0.64,0.0,0.786,0.0,0.0,1.0,0.761,40.099,41.18,57.5,53.66,2.401,5.16,0.251,0.0,1.0,0.815,1.0,1.0,0.0,0.001,0.8261,0.827,0.001,0.827,2.7515,0.2676,2.244,2.406,0.0005,0.8272,24.22,-0.08,-0.25,2.244,2.406,0.0005,0.8272,0.4566,0.2907,0.1737,0.6798,0.2405,5.78,0.535,mixed-rural-urban,0.0,0.0916,0.7392,0.6375,0.6661,0.2265,0.6211,0.0,53.66,True
CMR,Cameroon,Fang-Beti,majority,4.2,3.26,4.2,3.26,19.6,19.33,-0.27,19.33,0.0,19.33,0.0,19.33,19.32,19.32,19.33,0.02,19.35,-0.25,0.02,5708255,9874611,0.0,0.0,0.0,1.25,unspecified,False,0.5,0.48,0.56,0.42,0.454,1.183,1.0,0.78,0.813,0.64,0.0,0.786,0.0,0.0,1.0,0.761,40.099,41.18,57.5,53.66,2.401,5.16,0.251,0.0,1.0,0.815,1.0,1.0,0.0,0.001,0.8261,0.827,0.001,0.827,2.7515,0.2676,2.244,2.406,0.0005,0.8272,19.35,-0.25,0.02,2.244,2.406,0.0005,0.8272,0.4566,0.2907,0.1737,0.6798,0.2405,5.78,0.535,mixed-rural-urban,0.0,0.0916,0.7392,0.6375,0.6661,0.2265,0.6211,0.0,53.66,False
CMR,Cameroon,Biu-Mandara,majority,4.2,3.26,4.2,3.26,14.6,14.4,-0.2,14.4,0.0,14.4,0.0,14.4,14.39,14.39,14.4,0.01,14.41,-0.19,0.02,4252067,7355578,0.0,0.0,0.0,1.25,unspecified,False,0.5,0.48,0.56,0.42,0.454,1.15,1.0,0.78,0.805,0.64,0.0,0.786,0.0,0.0,1.0,0.761,40.099,41.18,57.5,53.66,2.401,5.16,0.251,0.0,1.0,0.815,1.0,1.0,0.0,0.001,0.8261,0.827,0.001,0.827,2.7515,0.2676,2.244,2.406,0.0005,0.8272,14.41,-0.19,0.02,2.244,2.406,0.0005,0.8272,0.4566,0.2907,0.1737,0.6798,0.2405,5.78,0.535,mixed-rural-urban,0.0,0.0916,0.7392,0.6375,0.6661,0.2265,0.6211,0.0,53.66,False
CMR,Cameroon,Arab-Choa/Hausa,high_fertility,4.85,3.52,4.2,3.26,10.7,11.81,1.11,11.81,0.0,11.81,0.0,11.77,11.85,11.77,11.85,0.08,11.7,1.0,-0.11,3116241,6032292,0.0,0.0,0.0,1.25,unspecified,False,0.5,0.48,0.56,0.42,0.454,1.115,1.0,0.78,0.797,0.64,0.0,0.786,0.0,0.0,1.0,0.761,40.099,41.18,57.5,53.66,2.401,5.16,0.251,0.0,1.0,0.815,1.0,1.0,0.0,0.001,0.8261,0.827,0.001,0.827,2.7515,0.2676,2.244,2.406,0.0005,0.8272,11.7,1.0,-0.11,2.244,2.406,0.0005,0.8272,0.4566,0.2907,0.1737,0.6798,0.2405,5.78,0.535,mixed-rural-urban,0.0,0.0916,0.7392,0.6375,0.6661,0.2265,0.6211,0.0,53.66,False
CMR,Cameroon,Mbam,majority,4.2,3.26,4.2,3.26,4.6,4.54,-0.06,4.54,0.0,4.54,0.0,4.54,4.53,4.53,4.54,0.0,4.54,-0.06,0.01,1339692,2317511,0.0,0.0,0.0,1.25,unspecified,False,0.5,0.48,0.56,0.42,0.454,1.027,1.0,0.78,0.778,0.64,0.0,0.786,0.0,0.0,1.0,0.761,40.099,41.18,57.5,53.66,2.401,5.16,0.251,0.0,1.0,0.815,1.0,1.0,0.0,0.001,0.8261,0.827,0.001,0.827,2.7515,0.2676,2.244,2.406,0.0005,0.8272,4.54,-0.06,0.01,2.244,2.406,0.0005,0.8272,0.4566,0.2907,0.1737,0.6798,0.2405,5.78,0.535,mixed-rural-urban,0.0,0.0916,0.7392,0.6375,0.6661,0.2265,0.6211,0.0,53.66,False
CMR,Cameroon,Maka-Njem,majority,4.2,3.26,4.2,3.26,3.3,3.25,-0.05,3.25,0.0,3.25,0.0,3.26,3.25,3.25,3.26,0.0,3.26,-0.04,0.0,961084,1662562,0.0,0.0,0.0,1.25,unspecified,False,0.5,0.48,0.56,0.42,0.454,0.995,1.0,0.78,0.771,0.64,0.0,0.786,0.0,0.0,1.0,0.761,40.099,41.18,57.5,53.66,2.401,5.16,0.251,0.0,1.0,0.815,1.0,1.0,0.0,0.001,0.8261,0.827,0.001,0.827,2.7515,0.2676,2.244,2.406,0.0005,0.8272,3.26,-0.04,0.0,2.244,2.406,0.0005,0.8272,0.4566,0.2907,0.1737,0.6798,0.2405,5.78,0.535,mixed-rural-urban,0.0,0.0916,0.7392,0.6375,0.6661,0.2265,0.6211,0.0,53.66,False
CMR,Cameroon,Grassfields (Tikar),majority,4.2,3.26,4.2,3.26,3.0,2.96,-0.04,2.96,0.0,2.96,0.0,2.96,2.96,2.96,2.96,0.0,2.96,-0.04,0.0,873712,1511420,0.0,0.0,0.0,1.25,unspecified,False,0.5,0.48,0.56,0.42,0.454,0.986,1.0,0.78,0.769,0.64,0.0,0.786,0.0,0.0,1.0,0.761,40.099,41.18,57.5,53.66,2.401,5.16,0.251,0.0,1.0,0.815,1.0,1.0,0.0,0.001,0.8261,0.827,0.001,0.827,2.7515,0.2676,2.244,2.406,0.0005,0.8272,2.96,-0.04,0.0,2.244,2.406,0.0005,0.8272,0.4566,0.2907,0.1737,0.6798,0.2405,5.78,0.535,mixed-rural-urban,0.0,0.0916,0.7392,0.6375,0.6661,0.2265,0.6211,0.0,53.66,False
CMR,Cameroon,Other,assimilating,4.2,3.26,4.2,3.26,19.9,19.26,-0.64,19.26,0.0,19.26,0.0,19.27,19.25,19.25,19.27,0.02,19.56,-0.34,0.3,5795626,9841138,0.0,0.0,0.0,1.25,unspecified,False,0.5,0.48,0.56,0.42,0.454,1.185,1.0,0.78,0.813,0.64,0.0,0.786,0.0,0.0,1.0,0.761,40.099,41.18,57.5,53.66,2.401,5.16,0.251,0.0,1.0,0.815,1.0,1.0,0.0,0.001,0.8261,0.827,0.001,0.827,2.7515,0.2676,2.244,2.406,0.0005,0.8272,19.56,-0.34,0.3,2.244,2.406,0.0005,0.8272,0.4566,0.2907,0.1737,0.6798,0.2405,5.78,0.535,mixed-rural-urban,0.0,0.0916,0.7392,0.6375,0.6661,0.2265,0.6211,0.0,53.66,False
COD,Congo (DRC),Luba,majority,6.0,4.25,6.0,4.25,18.0,17.87,-0.13,17.87,0.0,17.87,0.0,17.87,17.86,17.86,17.87,0.01,17.88,-0.12,0.01,19669728,38995948,0.0,0.0,0.0,1.25,unspecified,False,0.5,0.48,0.56,0.42,0.454,1.173,1.0,0.78,0.81,0.0,0.0,0.841,0.0,0.0,1.0,0.761,44.0,45.48,54.0,50.64,2.0,3.88,0.251,0.0,1.0,0.772,1.0,1.0,0.0,0.001,0.8605,0.8608,0.0002,0.8608,2.9763,0.3072,2.223,2.455,0.0005,0.8607,17.88,-0.12,0.01,2.223,2.455,0.0005,0.8607,0.3849,0.254,0.1249,0.6459,0.2514,7.18,0.424,mixed-rural-urban,0.0,0.0339,0.6546,0.5976,0.4391,0.1154,0.72,0.0,50.64,False
COD,Congo (DRC),Kongo,majority,6.0,4.25,6.0,4.25,16.0,15.88,-0.12,15.88,0.0,15.88,0.0,15.89,15.88,15.88,15.89,0.01,15.89,-0.11,0.01,17484202,34663065,0.0,0.0,0.0,1.25,unspecified,False,0.5,0.48,0.56,0.42,0.454,1.16,1.0,0.78,0.807,0.0,0.0,0.841,0.0,0.0,1.0,0.761,44.0,45.48,54.0,50.64,2.0,3.88,0.251,0.0,1.0,0.772,1.0,1.0,0.0,0.001,0.8605,0.8608,0.0002,0.8608,2.9763,0.3072,2.223,2.455,0.0005,0.8607,15.89,-0.11,0.01,2.223,2.455,0.0005,0.8607,0.3849,0.254,0.1249,0.6459,0.2514,7.18,0.424,mixed-rural-urban,0.0,0.0339,0.6546,0.5976,0.4391,0.1154,0.72,0.0,50.64,False
COD,Congo (DRC),Mongo,majority,6.0,4.25,6.0,4.25,13.8,13.7,-0.1,13.7,0.0,13.7,0.0,13.7,13.7,13.7,13.7,0.0,13.7,-0.1,0.01,15080124,29896894,0.0,0.0,0.0,1.25,unspecified,False,0.5,0.48,0.56,0.42,0.454,1.143,1.0,0.78,0.804,0.0,0.0,0.841,0.0,0.0,1.0,0.761,44.0,45.48,54.0,50.64,2.0,3.88,0.251,0.0,1.0,0.772,1.0,1.0,0.0,0.001,0.8605,0.8608,0.0002,0.8608,2.9763,0.3072,2.223,2.455,0.0005,0.8607,13.7,-0.1,0.01,2.223,2.455,0.0005,0.8607,0.3849,0.254,0.1249,0.6459,0.2514,7.18,0.424,mixed-rural-urban,0.0,0.0339,0.6546,0.5976,0.4391,0.1154,0.72,0.0,50.64,False
COD,Congo (DRC),Banyarwanda,high_fertility,6.35,4.39,6.0,4.25,10.3,10.82,0.52,10.82,0.0,10.82,0.0,10.81,10.84,10.81,10.84,0.03,10.79,0.49,-0.04,11255455,23625093,0.0,0.0,0.0,1.25,unspecified,False,0.5,0.48,0.56,0.42,0.454,1.111,1.0,0.78,0.797,0.0,0.0,0.841,0.0,0.0,1.0,0.761,44.0,45.48,54.0,50.64,2.0,3.88,0.251,0.0,1.0,0.772,1.0,1.0,0.0,0.001,0.8605,0.8608,0.0002,0.8608,2.9763,0.3072,2.223,2.455,0.0005,0.8607,10.79,0.49,-0.04,2.223,2.455,0.0005,0.8607,0.3849,0.254,0.1249,0.6459,0.2514,7.18,0.424,mixed-rural-urban,0.0,0.0339,0.6546,0.5976,0.4391,0.1154,0.72,0.0,50.64,False
COD,Congo (DRC),Azande,majority,6.0,4.25,6.0,4.25,6.1,6.06,-0.04,6.06,0.0,6.06,0.0,6.06,6.05,6.05,6.06,0.0,6.06,-0.04,0.0,6665852,13215294,0.0,0.0,0.0,1.25,unspecified,False,0.5,0.48,0.56,0.42,0.454,1.055,1.0,0.78,0.784,0.0,0.0,0.841,0.0,0.0,1.0,0.761,44.0,45.48,54.0,50.64,2.0,3.88,0.251,0.0,1.0,0.772,1.0,1.0,0.0,0.001,0.8605,0.8608,0.0002,0.8608,2.9763,0.3072,2.223,2.455,0.0005,0.8607,6.06,-0.04,0.0,2.223,2.455,0.0005,0.8607,0.3849,0.254,0.1249,0.6459,0.2514,7.18,0.424,mixed-rural-urban,0.0,0.0339,0.6546,0.5976,0.4391,0.1154,0.72,0.0,50.64,False
COD,Congo (DRC),Bangi-Ngale,majority,6.0,4.25,6.0,4.25,5.4,5.36,-0.04,5.36,0.0,5.36,0.0,5.36,5.36,5.36,5.36,0.0,5.36,-0.04,0.0,5900918,11698785,0.0,0.0,0.0,1.25,unspecified,False,0.5,0.48,0.56,0.42,0.454,1.043,1.0,0.78,0.781,0.0,0.0,0.841,0.0,0.0,1.0,0.761,44.0,45.48,54.0,50.64,2.0,3.88,0.251,0.0,1.0,0.772,1.0,1.0,0.0,0.001,0.8605,0.8608,0.0002,0.8608,2.9763,0.3072,2.223,2.455,0.0005,0.8607,5.36,-0.04,0.0,2.223,2.455,0.0005,0.8607,0.3849,0.254,0.1249,0.6459,0.2514,7.18,0.424,mixed-rural-urban,0.0,0.0339,0.6546,0.5976,0.4391,0.1154,0.72,0.0,50.64,False
COD,Congo (DRC),Chokwe,majority,6.0,4.25,6.0,4.25,4.5,4.47,-0.03,4.47,0.0,4.47,0.0,4.47,4.47,4.47,4.47,0.0,4.47,-0.03,0.0,4917432,9748987,0.0,0.0,0.0,1.25,unspecified,False,0.5,0.48,0.56,0.42,0.454,1.025,1.0,0.78,0.777,0.0,0.0,0.841,0.0,0.0,1.0,0.761,44.0,45.48,54.0,50.64,2.0,3.88,0.251,0.0,1.0,0.772,1.0,1.0,0.0,0.001,0.8605,0.8608,0.0002,0.8608,2.9763,0.3072,2.223,2.455,0.0005,0.8607,4.47,-0.03,0.0,2.223,2.455,0.0005,0.8607,0.3849,0.254,0.1249,0.6459,0.2514,7.18,0.424,mixed-rural-urban,0.0,0.0339,0.6546,0.5976,0.4391,0.1154,0.72,0.0,50.64,False
COD,Congo (DRC),Lulua,majority,6.0,4.25,6.0,4.25,3.0,2.98,-0.02,2.98,0.0,2.98,0.0,2.98,2.98,2.98,2.98,0.0,2.98,-0.02,0.0,3278288,6499325,0.0,0.0,0.0,1.25,unspecified,False,0.5,0.48,0.56,0.42,0.454,0.986,1.0,0.78,0.769,0.0,0.0,0.841,0.0,0.0,1.0,0.761,44.0,45.48,54.0,50.64,2.0,3.88,0.251,0.0,1.0,0.772,1.0,1.0,0.0,0.001,0.8605,0.8608,0.0002,0.8608,2.9763,0.3072,2.223,2.455,0.0005,0.8607,2.98,-0.02,0.0,2.223,2.455,0.0005,0.8607,0.3849,0.254,0.1249,0.6459,0.2514,7.18,0.424,mixed-rural-urban,0.0,0.0339,0.6546,0.5976,0.4391,0.1154,0.72,0.0,50.64,False
COD,Congo (DRC),Tshokwe/Lunda,majority,6.0,4.25,6.0,4.25,2.5,2.48,-0.02,2.48,0.0,2.48,0.0,2.48,2.48,2.48,2.48,0.0,2.48,-0.02,0.0,2731907,5416104,0.0,0.0,0.0,1.25,unspecified,False,0.5,0.48,0.56,0.42,0.454,0.97,1.0,0.78,0.765,0.0,0.0,0.841,0.0,0.0,1.0,0.761,44.0,45.48,54.0,50.64,2.0,3.88,0.251,0.0,1.0,0.772,1.0,1.0,0.0,0.001,0.8605,0.8608,0.0002,0.8608,2.9763,0.3072,2.223,2.455,0.0005,0.8607,2.48,-0.02,0.0,2.223,2.455,0.0005,0.8607,0.3849,0.254,0.1249,0.6459,0.2514,7.18,0.424,mixed-rural-urban,0.0,0.0339,0.6546,0.5976,0.4391,0.1154,0.72,0.0,50.64,False
COD,Congo (DRC),Other,assimilating,6.0,4.25,6.0,4.25,20.4,20.38,-0.02,20.38,0.0,20.38,0.0,20.39,20.38,20.38,20.39,0.01,20.39,-0.01,0.01,22292358,44486577,0.0,0.0,0.0,1.25,unspecified,False,0.5,0.48,0.56,0.42,0.454,1.188,1.0,0.78,0.814,0.0,0.0,0.841,0.0,0.0,1.0,0.761,44.0,45.48,54.0,50.64,2.0,3.88,0.251,0.0,1.0,0.772,1.0,1.0,0.0,0.001,0.8605,0.8608,0.0002,0.8608,2.9763,0.3072,2.223,2.455,0.0005,0.8607,20.39,-0.01,0.01,2.223,2.455,0.0005,0.8607,0.3849,0.254,0.1249,0.6459,0.2514,7.18,0.424,mixed-rural-urban,0.0,0.0339,0.6546,0.5976,0.4391,0.1154,0.72,0.0,50.64,True
COG,Congo,Kongo,majority,4.2,3.26,4.2,3.26,48.5,48.56,0.06,48.56,0.0,48.56,0.0,48.56,48.56,48.56,48.56,0.0,48.52,0.02,-0.04,3071490,5344463,0.0,0.0,0.0,1.25,unspecified,False,0.5,0.48,0.56,0.42,0.454,1.288,1.0,0.78,0.836,0.0,0.0,0.0,0.0,0.0,1.0,0.761,40.463,41.398,57.0,53.0,2.537,5.603,0.251,0.0,1.0,0.823,1.0,1.0,0.0,0.001,0.6906,0.6901,-0.0005,0.6901,2.0261,0.2223,2.097,2.217,0.0005,0.6904,48.52,0.02,-0.04,2.097,2.217,0.0005,0.6904,0.5494,0.297,0.1145,0.7222,0.2262,3.23,0.55,mixed-rural-urban,0.0,0.053,0.7496,0.6983,0.6609,0.4112,0.5729,0.0,53.0,True
COG,Congo,Sangha,majority,4.2,3.26,4.2,3.26,19.1,19.1,-0.0,19.1,0.0,19.1,0.0,19.1,19.1,19.1,19.1,0.0,19.1,-0.0,-0.0,1209597,2101819,0.0,0.0,0.0,1.25,unspecified,False,0.5,0.48,0.56,0.42,0.454,1.18,1.0,0.78,0.812,0.0,0.0,0.0,0.0,0.0,1.0,0.761,40.463,41.398,57.0,53.0,2.537,5.603,0.251,0.0,1.0,0.823,1.0,1.0,0.0,0.001,0.6906,0.6901,-0.0005,0.6901,2.0261,0.2223,2.097,2.217,0.0005,0.6904,19.1,-0.0,-0.0,2.097,2.217,0.0005,0.6904,0.5494,0.297,0.1145,0.7222,0.2262,3.23,0.55,mixed-rural-urban,0.0,0.053,0.7496,0.6983,0.6609,0.4112,0.5729,0.0,53.0,False
COG,Congo,Teke,majority,4.2,3.26,4.2,3.26,14.5,14.5,-0.0,14.5,0.0,14.5,0.0,14.5,14.5,14.5,14.5,0.0,14.5,-0.0,-0.0,918281,1595622,0.0,0.0,0.0,1.25,unspecified,False,0.5,0.48,0.56,0.42,0.454,1.149,1.0,0.78,0.805,0.0,0.0,0.0,0.0,0.0,1.0,0.761,40.463,41.398,57.0,53.0,2.537,5.603,0.251,0.0,1.0,0.823,1.0,1.0,0.0,0.001,0.6906,0.6901,-0.0005,0.6901,2.0261,0.2223,2.097,2.217,0.0005,0.6904,14.5,-0.0,-0.0,2.097,2.217,0.0005,0.6904,0.5494,0.297,0.1145,0.7222,0.2262,3.23,0.55,mixed-rural-urban,0.0,0.053,0.7496,0.6983,0.6609,0.4112,0.5729,0.0,53.0,False
COG,Congo,M'Bochi,majority,4.2,3.26,4.2,3.26,12.3,12.3,-0.0,12.3,0.0,12.3,0.0,12.3,12.3,12.3,12.3,0.0,12.3,-0.0,-0.0,778955,1353527,0.0,0.0,0.0,1.25,unspecified,False,0.5,0.48,0.56,0.42,0.454,1.131,1.0,0.78,0.801,0.0,0.0,0.0,0.0,0.0,1.0,0.761,40.463,41.398,57.0,53.0,2.537,5.603,0.251,0.0,1.0,0.823,1.0,1.0,0.0,0.001,0.6906,0.6901,-0.0005,0.6901,2.0261,0.2223,2.097,2.217,0.0005,0.6904,12.3,-0.0,-0.0,2.097,2.217,0.0005,0.6904,0.5494,0.297,0.1145,0.7222,0.2262,3.23,0.55,mixed-rural-urban,0.0,0.053,0.7496,0.6983,0.6609,0.4112,0.5729,0.0,53.0,False
COG,Congo,Punu,majority,4.2,3.26,4.2,3.26,3.0,3.0,-0.0,3.0,0.0,3.0,0.0,3.0,3.0,3.0,3.0,0.0,3.0,-0.0,-0.0,189989,330129,0.0,0.0,0.0,1.25,unspecified,False,0.5,0.48,0.56,0.42,0.454,0.986,1.0,0.78,0.769,0.0,0.0,0.0,0.0,0.0,1.0,0.761,40.463,41.398,57.0,53.0,2.537,5.603,0.251,0.0,1.0,0.823,1.0,1.0,0.0,0.001,0.6906,0.6901,-0.0005,0.6901,2.0261,0.2223,2.097,2.217,0.0005,0.6904,3.0,-0.0,-0.0,2.097,2.217,0.0005,0.6904,0.5494,0.297,0.1145,0.7222,0.2262,3.23,0.55,mixed-rural-urban,0.0,0.053,0.7496,0.6983,0.6609,0.4112,0.5729,0.0,53.0,False
COG,Congo,Other,assimilating,4.2,3.26,4.2,3.26,2.6,2.55,-0.05,2.55,0.0,2.55,0.0,2.55,2.55,2.55,2.55,0.0,2.59,-0.01,0.04,164657,280910,0.0,0.0,0.0,1.25,unspecified,False,0.5,0.48,0.56,0.42,0.454,0.974,1.0,0.78,0.766,0.0,0.0,0.0,0.0,0.0,1.0,0.761,40.463,41.398,57.0,53.0,2.537,5.603,0.251,0.0,1.0,0.823,1.0,1.0,0.0,0.001,0.6906,0.6901,-0.0005,0.6901,2.0261,0.2223,2.097,2.217,0.0005,0.6904,2.59,-0.01,0.04,2.097,2.217,0.0005,0.6904,0.5494,0.297,0.1145,0.7222,0.2262,3.23,0.55,mixed-rural-urban,0.0,0.053,0.7496,0.6983,0.6609,0.4112,0.5729,0.0,53.0,False
COL,Colombia,Mestizo,majority,1.7,1.82,1.7,1.82,45.0,44.05,-0.95,44.18,-0.13,44.05,0.0,44.13,43.97,43.97,44.13,0.16,44.06,-0.94,0.01,23798862,26160363,0.171,0.0,0.0,1.518,unspecified,False,0.5,0.48,0.56,0.42,0.512,1.279,1.0,0.78,0.87,0.0,0.0,0.586,0.0,0.0,1.0,0.761,22.392,14.614,68.0,62.2,9.608,23.186,0.251,0.032,0.978,0.86,1.0,1.06,0.0,0.0015,0.6362,0.65,0.0138,0.65,1.7679,0.1431,2.058,2.141,0.0007,0.6494,44.06,-0.94,0.01,2.058,2.141,0.0007,0.6494,0.7191,0.3713,0.1127,0.7984,0.2094,2.86,0.594,urbanizing-majority,0.07,0.0454,0.9205,0.7614,0.8258,0.6656,0.2743,0.5084,62.2,True
COL,Colombia,White (Spanish/European descent),majority,1.7,1.82,1.7,1.82,39.2,38.21,-0.99,38.33,-0.12,38.21,0.0,38.28,38.14,38.14,38.28,0.14,38.31,-0.89,0.09,20731453,22693946,0.171,0.0,0.0,1.518,unspecified,False,0.5,0.48,0.56,0.42,0.512,1.263,1.0,0.78,0.866,0.0,0.0,0.586,0.0,0.0,1.0,0.761,22.392,14.614,68.0,62.2,9.608,23.186,0.251,0.032,0.978,0.86,1.0,1.06,0.0,0.0015,0.6362,0.65,0.0138,0.65,1.7679,0.1431,2.058,2.141,0.0007,0.6494,38.31,-0.89,0.09,2.058,2.141,0.0007,0.6494,0.7191,0.3713,0.1127,0.7984,0.2094,2.86,0.594,urbanizing-majority,0.07,0.0454,0.9205,0.7614,0.8258,0.6656,0.2743,0.5084,62.2,False
COL,Colombia,Afro-Colombian,high_fertility,2.05,1.96,1.7,1.82,6.8,7.54,0.74,7.56,-0.02,7.54,0.0,7.52,7.56,7.52,7.56,0.03,7.46,0.66,-0.08,3596272,4477489,0.171,0.0,0.0,1.518,COL,False,0.632,0.586,0.78,0.6,0.512,1.066,1.0,0.78,0.888,0.0,0.0,0.586,0.0,0.0,1.0,0.761,22.392,14.614,68.0,62.2,9.608,23.186,0.251,0.032,0.978,0.86,1.0,1.06,0.0,0.0015,0.6362,0.65,0.0138,0.65,1.7679,0.1431,2.058,2.141,0.0007,0.6494,7.46,0.66,-0.08,2.058,2.141,0.0007,0.6494,0.7191,0.3713,0.1127,0.7984,0.2094,2.86,0.594,urbanizing-majority,0.07,0.0454,0.9205,0.7614,0.8258,0.6656,0.2743,0.5084,62.2,False
COL,Colombia,Indigenous (Wayuu/Embera/etc.),high_fertility,2.55,2.16,1.7,1.82,4.3,5.42,1.12,5.44,-0.02,5.42,0.0,5.38,5.46,5.38,5.46,0.08,5.28,0.98,-0.14,2274113,3220116,0.171,0.0,0.0,1.518,unspecified,False,0.5,0.48,0.56,0.42,0.512,1.02,1.0,0.78,0.805,0.0,0.0,0.586,0.0,0.0,1.0,0.761,22.392,14.614,68.0,62.2,9.608,23.186,0.251,0.032,0.978,0.86,1.0,1.06,0.0,0.0015,0.6362,0.65,0.0138,0.65,1.7679,0.1431,2.058,2.141,0.0007,0.6494,5.28,0.98,-0.14,2.058,2.141,0.0007,0.6494,0.7191,0.3713,0.1127,0.7984,0.2094,2.86,0.594,urbanizing-majority,0.07,0.0454,0.9205,0.7614,0.8258,0.6656,0.2743,0.5084,62.2,False
COL,Colombia,Venezuelan migrant,immigrant,1.7,1.82,1.7,1.82,3.0,3.16,0.16,2.87,0.3,3.16,0.0,3.07,3.27,3.07,3.27,0.2,3.24,0.24,0.08,1586591,1877075,0.171,0.0,0.0,1.518,VEN,True,0.636,0.596,0.78,0.64,0.512,0.986,1.0,0.78,0.864,0.0,0.0,0.586,0.0,0.0,1.0,0.761,22.392,14.614,68.0,62.2,9.608,23.186,0.251,0.032,0.978,0.86,1.0,1.06,0.0,0.0015,0.6362,0.65,0.0138,0.65,1.7679,0.1431,2.058,2.141,0.0007,0.6494,3.24,0.24,0.08,2.058,2.141,0.0007,0.6494,0.7191,0.3713,0.1127,0.7984,0.2094,2.86,0.594,urbanizing-majority,0.07,0.0454,0.9205,0.7614,0.8258,0.6656,0.2743,0.5084,62.2,False
COL,Colombia,Other,assimilating,1.7,1.82,1.7,1.82,1.7,1.61,-0.09,1.62,-0.01,1.61,0.0,1.61,1.61,1.61,1.61,0.01,1.65,-0.05,0.04,899068,956363,0.171,0.0,0.0,1.518,unspecified,False,0.5,0.48,0.56,0.42,0.512,0.939,1.0,0.78,0.785,0.0,0.0,0.586,0.0,0.0,1.0,0.761,22.392,14.614,68.0,62.2,9.608,23.186,0.251,0.032,0.978,0.86,1.0,1.06,0.0,0.0015,0.6362,0.65,0.0138,0.65,1.7679,0.1431,2.058,2.141,0.0007,0.6494,1.65,-0.05,0.04,2.058,2.141,0.0007,0.6494,0.7191,0.3713,0.1127,0.7984,0.2094,2.86,0.594,urbanizing-majority,0.07,0.0454,0.9205,0.7614,0.8258,0.6656,0.2743,0.5084,62.2,False
COM,Comoros,Comorian (Antalote/Cafre/Makoa),majority,3.9,3.09,3.9,3.09,97.0,97.05,0.05,97.05,0.0,97.05,0.0,97.05,97.05,97.05,97.05,0.0,97.01,0.01,-0.04,840633,1269023,0.0,0.0,0.0,1.25,unspecified,False,0.5,0.48,0.56,0.42,0.454,1.3,1.0,0.78,0.839,0.0,0.0,0.0,0.0,0.0,1.0,0.761,38.505,38.942,58.5,54.42,2.995,6.638,0.251,0.0,1.0,0.807,1.0,1.0,0.0,0.001,0.0582,0.0572,-0.001,0.0572,0.1144,0.2752,1.276,1.331,0.0005,0.058,97.01,0.01,-0.04,1.276,1.331,0.0005,0.058,0.4579,0.2432,0.1486,0.6819,0.2284,1.06,0.381,mixed-rural-urban,0.0,0.0667,0.7589,0.6449,0.6137,0.2062,0.5788,0.0,54.42,True
COM,Comoros,Makua / Other,assimilating,3.9,3.09,3.9,3.09,3.0,2.95,-0.05,2.95,0.0,2.95,0.0,2.95,2.95,2.95,2.95,0.0,2.99,-0.01,0.04,25999,38538,0.0,0.0,0.0,1.25,unspecified,False,0.5,0.48,0.56,0.42,0.454,0.986,1.0,0.78,0.769,0.0,0.0,0.0,0.0,0.0,1.0,0.761,38.505,38.942,58.5,54.42,2.995,6.638,0.251,0.0,1.0,0.807,1.0,1.0,0.0,0.001,0.0582,0.0572,-0.001,0.0572,0.1144,0.2752,1.276,1.331,0.0005,0.058,2.99,-0.01,0.04,1.276,1.331,0.0005,0.058,0.4579,0.2432,0.1486,0.6819,0.2284,1.06,0.381,mixed-rural-urban,0.0,0.0667,0.7589,0.6449,0.6137,0.2062,0.5788,0.0,54.42,False
CPV,Cape Verde,Creole (Mulatto),majority,2.1,2.1,2.1,2.1,71.0,71.09,0.09,71.09,0.0,71.09,0.0,71.09,71.09,71.09,71.09,0.01,71.08,0.08,-0.01,372663,402461,0.0,0.0,0.0,1.25,unspecified,False,0.5,0.48,0.56,0.42,0.454,1.3,1.0,0.78,0.839,0.0,0.0,0.0,0.0,0.0,1.0,0.761,27.944,24.229,66.5,60.5,5.556,15.271,0.251,0.0,1.0,0.849,1.0,1.0,0.0,0.001,0.4174,0.416,-0.0014,0.416,0.8529,0.1467,1.783,1.834,0.0005,0.4161,71.08,0.08,-0.01,1.783,1.834,0.0005,0.4161,0.6686,0.297,0.1149,0.7546,0.2153,1.71,0.55,mixed-rural-urban,0.0,0.1527,0.9591,0.7174,0.8033,0.5567,0.2095,0.1487,60.5,True
CPV,Cape Verde,African,majority,2.1,2.1,2.1,2.1,28.0,28.03,0.03,28.03,0.0,28.03,0.0,28.03,28.04,28.03,28.04,0.0,28.03,0.03,-0.0,146966,158717,0.0,0.0,0.0,1.25,unspecified,False,0.5,0.48,0.56,0.42,0.454,1.224,1.0,0.78,0.822,0.0,0.0,0.0,0.0,0.0,1.0,0.761,27.944,24.229,66.5,60.5,5.556,15.271,0.251,0.0,1.0,0.849,1.0,1.0,0.0,0.001,0.4174,0.416,-0.0014,0.416,0.8529,0.1467,1.783,1.834,0.0005,0.4161,28.03,0.03,-0.0,1.783,1.834,0.0005,0.4161,0.6686,0.297,0.1149,0.7546,0.2153,1.71,0.55,mixed-rural-urban,0.0,0.1527,0.9591,0.7174,0.8033,0.5567,0.2095,0.1487,60.5,False
CPV,Cape Verde,European,low_fertility,1.7,1.94,2.1,2.1,1.0,0.88,-0.12,0.88,0.0,0.88,0.0,0.88,0.87,0.87,0.88,0.01,0.89,-0.11,0.01,5249,4964,0.0,0.0,0.0,1.25,unspecified,False,0.5,0.48,0.56,0.42,0.454,0.903,1.0,0.78,0.75,0.0,0.0,0.0,0.0,0.0,1.0,0.761,27.944,24.229,66.5,60.5,5.556,15.271,0.251,0.0,1.0,0.849,1.0,1.0,0.0,0.001,0.4174,0.416,-0.0014,0.416,0.8529,0.1467,1.783,1.834,0.0005,0.4161,0.89,-0.11,0.01,1.783,1.834,0.0005,0.4161,0.6686,0.297,0.1149,0.7546,0.2153,1.71,0.55,mixed-rural-urban,0.0,0.1527,0.9591,0.7174,0.8033,0.5567,0.2095,0.1487,60.5,False
CRI,Costa Rica,White or Mestizo,majority,1.5,1.68,1.5,1.68,80.0,78.92,-1.08,79.53,-0.61,78.92,0.0,79.13,78.67,78.67,79.13,0.46,78.84,-1.16,-0.07,4103927,4225249,0.257,0.0,0.0,1.652,unspecified,False,0.5,0.48,0.56,0.42,0.541,1.3,1.0,0.78,0.894,0.0,0.0,0.0,0.0,0.0,1.0,0.761,19.321,11.051,68.5,65.1,12.179,23.849,0.251,0.086,0.889,0.876,1.0,1.09,0.0,0.001,0.35,0.3664,0.0164,0.3664,0.8997,0.1505,1.705,1.74,0.0005,0.3674,78.84,-1.16,-0.07,1.705,1.74,0.0005,0.3674,0.7473,0.399,0.1722,0.8081,0.216,1.58,0.55,mixed-rural-urban,0.116,0.0496,0.9691,0.8154,0.87,0.7106,0.234,0.5386,65.1,True
CRI,Costa Rica,Mulatto,majority,1.5,1.68,1.5,1.68,6.7,6.59,-0.11,6.64,-0.05,6.59,0.0,6.61,6.57,6.57,6.61,0.04,6.59,-0.11,0.01,343704,352700,0.257,0.0,0.0,1.652,unspecified,False,0.5,0.48,0.56,0.42,0.541,1.065,1.0,0.78,0.832,0.0,0.0,0.0,0.0,0.0,1.0,0.761,19.321,11.051,68.5,65.1,12.179,23.849,0.251,0.086,0.889,0.876,1.0,1.09,0.0,0.001,0.35,0.3664,0.0164,0.3664,0.8997,0.1505,1.705,1.74,0.0005,0.3674,6.59,-0.11,0.01,1.705,1.74,0.0005,0.3674,0.7473,0.399,0.1722,0.8081,0.216,1.58,0.55,mixed-rural-urban,0.116,0.0496,0.9691,0.8154,0.87,0.7106,0.234,0.5386,65.1,False
CRI,Costa Rica,Indigenous (Bribri/Cabecar),high_fertility,2.35,2.02,1.5,1.68,2.4,3.12,0.72,3.14,-0.02,3.12,0.0,3.09,3.14,3.09,3.14,0.04,3.03,0.63,-0.09,123118,166819,0.257,0.0,0.0,1.652,unspecified,False,0.5,0.48,0.56,0.42,0.541,0.967,1.0,0.78,0.806,0.0,0.0,0.0,0.0,0.0,1.0,0.761,19.321,11.051,68.5,65.1,12.179,23.849,0.251,0.086,0.889,0.876,1.0,1.09,0.0,0.001,0.35,0.3664,0.0164,0.3664,0.8997,0.1505,1.705,1.74,0.0005,0.3674,3.03,0.63,-0.09,1.705,1.74,0.0005,0.3674,0.7473,0.399,0.1722,0.8081,0.216,1.58,0.55,mixed-rural-urban,0.116,0.0496,0.9691,0.8154,0.87,0.7106,0.234,0.5386,65.1,False
CRI,Costa Rica,Black,majority,1.5,1.68,1.5,1.68,1.1,1.08,-0.02,1.09,-0.01,1.08,0.0,1.08,1.08,1.08,1.08,0.01,1.08,-0.02,0.0,56429,57906,0.257,0.0,0.0,1.652,unspecified,False,0.5,0.48,0.56,0.42,0.541,0.909,1.0,0.78,0.791,0.0,0.0,0.0,0.0,0.0,1.0,0.761,19.321,11.051,68.5,65.1,12.179,23.849,0.251,0.086,0.889,0.876,1.0,1.09,0.0,0.001,0.35,0.3664,0.0164,0.3664,0.8997,0.1505,1.705,1.74,0.0005,0.3674,1.08,-0.02,0.0,1.705,1.74,0.0005,0.3674,0.7473,0.399,0.1722,0.8081,0.216,1.58,0.55,mixed-rural-urban,0.116,0.0496,0.9691,0.8154,0.87,0.7106,0.234,0.5386,65.1,False
CRI,Costa Rica,Nicaraguan migrant,immigrant,1.5,1.68,1.5,1.68,6.5,6.96,0.46,6.37,0.58,6.96,0.0,6.78,7.17,6.78,7.17,0.39,7.06,0.56,0.11,333444,372544,0.257,0.0,0.0,1.652,unspecified,True,0.5,0.48,0.56,0.42,0.541,1.062,1.0,0.78,0.831,0.0,0.0,0.0,0.0,0.0,1.0,0.761,19.321,11.051,68.5,65.1,12.179,23.849,0.251,0.086,0.889,0.876,1.0,1.09,0.0,0.001,0.35,0.3664,0.0164,0.3664,0.8997,0.1505,1.705,1.74,0.0005,0.3674,7.06,0.56,0.11,1.705,1.74,0.0005,0.3674,0.7473,0.399,0.1722,0.8081,0.216,1.58,0.55,mixed-rural-urban,0.116,0.0496,0.9691,0.8154,0.87,0.7106,0.234,0.5386,65.1,False
CRI,Costa Rica,Other Central American migrant,immigrant,1.5,1.68,1.5,1.68,1.5,1.6,0.1,1.47,0.13,1.6,0.0,1.56,1.65,1.56,1.65,0.09,1.62,0.12,0.02,76949,85648,0.257,0.0,0.0,1.652,unspecified,True,0.5,0.48,0.56,0.42,0.541,0.93,1.0,0.78,0.796,0.0,0.0,0.0,0.0,0.0,1.0,0.761,19.321,11.051,68.5,65.1,12.179,23.849,0.251,0.086,0.889,0.876,1.0,1.09,0.0,0.001,0.35,0.3664,0.0164,0.3664,0.8997,0.1505,1.705,1.74,0.0005,0.3674,1.62,0.12,0.02,1.705,1.74,0.0005,0.3674,0.7473,0.399,0.1722,0.8081,0.216,1.58,0.55,mixed-rural-urban,0.116,0.0496,0.9691,0.8154,0.87,0.7106,0.234,0.5386,65.1,False
CRI,Costa Rica,Other,assimilating,1.5,1.68,1.5,1.68,1.8,1.74,-0.06,1.76,-0.01,1.74,0.0,1.75,1.74,1.74,1.75,0.01,1.77,-0.03,0.03,92338,93284,0.257,0.0,0.0,1.652,unspecified,False,0.5,0.48,0.56,0.42,0.541,0.944,1.0,0.78,0.8,0.0,0.0,0.0,0.0,0.0,1.0,0.761,19.321,11.051,68.5,65.1,12.179,23.849,0.251,0.086,0.889,0.876,1.0,1.09,0.0,0.001,0.35,0.3664,0.0164,0.3664,0.8997,0.1505,1.705,1.74,0.0005,0.3674,1.77,-0.03,0.03,1.705,1.74,0.0005,0.3674,0.7473,0.399,0.1722,0.8081,0.216,1.58,0.55,mixed-rural-urban,0.116,0.0496,0.9691,0.8154,0.87,0.7106,0.234,0.5386,65.1,False
CUB,Cuba,White (Spanish descent),low_fertility,0.9,1.41,1.4,1.61,62.1,56.52,-5.58,56.52,0.0,56.52,0.0,56.74,56.3,56.3,56.74,0.44,57.02,-5.08,0.5,6818444,5302806,0.541,0.0,0.0,1.757,unspecified,False,0.5,0.48,0.56,0.42,0.544,1.3,1.0,0.78,0.896,0.0,0.0,0.0,0.0,0.0,1.0,0.761,11.781,4.987,62.0,58.16,26.219,36.852,0.218,0.0,1.0,0.769,0.6,0.714,0.0,0.001,0.5294,0.5673,0.0379,0.5673,1.3953,0.3659,1.911,1.991,0.0005,0.5644,57.02,-5.08,0.5,1.911,1.991,0.0005,0.5644,0.5743,0.4914,0.2358,0.6837,0.3818,2.31,0.55,mixed-rural-urban,0.244,-0.0105,0.8774,0.7372,0.6562,0.5766,0.531,1.0,58.16,True
CUB,Cuba,Mulatto (Mixed),majority,1.4,1.61,1.4,1.61,27.6,31.88,4.28,31.88,0.0,31.88,0.0,31.71,32.05,31.71,32.05,0.34,31.49,3.89,-0.38,3030420,2990568,0.541,0.0,0.0,1.757,unspecified,False,0.5,0.48,0.56,0.42,0.544,1.222,1.0,0.78,0.875,0.0,0.0,0.0,0.0,0.0,1.0,0.761,11.781,4.987,62.0,58.16,26.219,36.852,0.218,0.0,1.0,0.769,0.6,0.714,0.0,0.001,0.5294,0.5673,0.0379,0.5673,1.3953,0.3659,1.911,1.991,0.0005,0.5644,31.49,3.89,-0.38,1.911,1.991,0.0005,0.5644,0.5743,0.4914,0.2358,0.6837,0.3818,2.31,0.55,mixed-rural-urban,0.244,-0.0105,0.8774,0.7372,0.6562,0.5766,0.531,1.0,58.16,False
CUB,Cuba,Black,majority,1.4,1.61,1.4,1.61,9.3,10.74,1.44,10.74,0.0,10.74,0.0,10.68,10.8,10.68,10.8,0.11,10.61,1.31,-0.13,1021120,1007691,0.541,0.0,0.0,1.757,unspecified,False,0.5,0.48,0.56,0.42,0.544,1.1,1.0,0.78,0.843,0.0,0.0,0.0,0.0,0.0,1.0,0.761,11.781,4.987,62.0,58.16,26.219,36.852,0.218,0.0,1.0,0.769,0.6,0.714,0.0,0.001,0.5294,0.5673,0.0379,0.5673,1.3953,0.3659,1.911,1.991,0.0005,0.5644,10.61,1.31,-0.13,1.911,1.991,0.0005,0.5644,0.5743,0.4914,0.2358,0.6837,0.3818,2.31,0.55,mixed-rural-urban,0.244,-0.0105,0.8774,0.7372,0.6562,0.5766,0.531,1.0,58.16,False
CUB,Cuba,Chinese-Cuban,low_fertility,0.8,1.37,1.4,1.61,1.0,0.86,-0.14,0.86,0.0,0.86,0.0,0.87,0.86,0.86,0.87,0.01,0.87,-0.13,0.01,109798,80930,0.541,0.0,0.0,1.757,CHN,False,0.52,0.502,0.58,0.45,0.544,0.903,1.0,0.78,0.8,0.0,0.0,0.0,0.0,0.0,1.0,0.761,11.781,4.987,62.0,58.16,26.219,36.852,0.218,0.0,1.0,0.769,0.6,0.714,0.0,0.001,0.5294,0.5673,0.0379,0.5673,1.3953,0.3659,1.911,1.991,0.0005,0.5644,0.87,-0.13,0.01,1.911,1.991,0.0005,0.5644,0.5743,0.4914,0.2358,0.6837,0.3818,2.31,0.55,mixed-rural-urban,0.244,-0.0105,0.8774,0.7372,0.6562,0.5766,0.531,1.0,58.16,False
CYP,Cyprus,Greek Cypriot,majority,1.3,1.54,1.3,1.54,77.0,72.5,-4.5,72.93,-0.42,72.5,0.0,72.79,72.19,72.19,72.79,0.59,72.91,-4.09,0.41,1045881,1093715,0.343,0.272,0.138,1.959,unspecified,False,0.5,0.48,0.56,0.42,0.612,1.3,1.0,0.78,0.939,0.0,0.0,0.0,0.0,0.0,1.0,0.761,14.754,8.166,67.5,67.86,17.746,23.974,0.251,0.052,0.95,0.896,1.0,1.148,0.0,0.001,0.3722,0.422,0.0498,0.422,0.9454,0.1368,1.731,1.771,0.0005,0.4182,72.91,-4.09,0.41,1.731,1.771,0.0005,0.4182,0.8061,0.4434,0.1912,0.8418,0.2089,1.73,0.55,mixed-rural-urban,0.154,0.0072,0.9508,0.8877,0.9232,0.8046,0.1959,0.5443,67.86,True
CYP,Cyprus,Turkish Cypriot,high_fertility,2.05,1.84,1.3,1.54,18.0,22.26,4.26,22.4,-0.13,22.26,0.0,22.14,22.38,22.14,22.38,0.24,21.75,3.75,-0.52,244492,335836,0.343,0.272,0.138,1.959,unspecified,False,0.5,0.48,0.56,0.42,0.612,1.173,1.0,0.78,0.901,0.0,0.0,0.0,0.0,0.0,1.0,0.761,14.754,8.166,67.5,67.86,17.746,23.974,0.251,0.052,0.95,0.896,1.0,1.148,0.0,0.001,0.3722,0.422,0.0498,0.422,0.9454,0.1368,1.731,1.771,0.0005,0.4182,21.75,3.75,-0.52,1.731,1.771,0.0005,0.4182,0.8061,0.4434,0.1912,0.8418,0.2089,1.73,0.55,mixed-rural-urban,0.154,0.0072,0.9508,0.8877,0.9232,0.8046,0.1959,0.5443,67.86,False
CYP,Cyprus,Foreign residents,immigrant,1.3,1.54,1.3,1.54,5.0,5.23,0.23,4.68,0.56,5.23,0.0,5.07,5.43,5.07,5.43,0.36,5.34,0.34,0.11,67914,78933,0.343,0.272,0.138,1.959,unspecified,True,0.5,0.48,0.56,0.42,0.612,1.035,1.0,0.78,0.86,0.0,0.0,0.0,0.0,0.0,1.0,0.761,14.754,8.166,67.5,67.86,17.746,23.974,0.251,0.052,0.95,0.896,1.0,1.148,0.0,0.001,0.3722,0.422,0.0498,0.422,0.9454,0.1368,1.731,1.771,0.0005,0.4182,5.34,0.34,0.11,1.731,1.771,0.0005,0.4182,0.8061,0.4434,0.1912,0.8418,0.2089,1.73,0.55,mixed-rural-urban,0.154,0.0072,0.9508,0.8877,0.9232,0.8046,0.1959,0.5443,67.86,False
CZE,Czechia,Czech,majority,1.5,1.68,1.5,1.68,76.0,74.81,-1.19,75.96,-1.14,74.81,0.0,75.17,74.41,74.41,75.17,0.76,74.6,-1.4,-0.22,8159251,7350934,0.393,0.327,0.166,2.072,unspecified,False,0.5,0.48,0.56,0.42,0.638,1.3,1.0,0.78,0.955,0.0,0.0,0.0,0.0,0.0,1.0,0.761,9.764,5.339,64.5,63.34,25.736,31.321,0.251,0.184,0.625,0.899,1.0,1.171,0.0,0.001,0.4093,0.426,0.0167,0.426,1.0876,0.1487,1.894,1.823,0.0005,0.429,74.6,-1.4,-0.22,1.894,1.823,0.0005,0.429,0.7493,0.518,0.1253,0.838,0.2034,1.74,0.77,urbanizing-majority,0.091,0.003,0.9216,0.9108,0.9216,0.7018,0.3867,0.8782,63.34,True
CZE,Czechia,Moravian,majority,1.5,1.68,1.5,1.68,5.0,4.89,-0.11,4.97,-0.08,4.89,0.0,4.92,4.86,4.86,4.92,0.05,4.89,-0.11,0.0,536793,480638,0.393,0.327,0.166,2.072,unspecified,False,0.5,0.48,0.56,0.42,0.638,1.035,1.0,0.78,0.873,0.0,0.0,0.0,0.0,0.0,1.0,0.761,9.764,5.339,64.5,63.34,25.736,31.321,0.251,0.184,0.625,0.899,1.0,1.171,0.0,0.001,0.4093,0.426,0.0167,0.426,1.0876,0.1487,1.894,1.823,0.0005,0.429,4.89,-0.11,0.0,1.894,1.823,0.0005,0.429,0.7493,0.518,0.1253,0.838,0.2034,1.74,0.77,urbanizing-majority,0.091,0.003,0.9216,0.9108,0.9216,0.7018,0.3867,0.8782,63.34,False
CZE,Czechia,Slovak,immigrant,1.5,1.68,1.5,1.68,2.3,2.42,0.12,2.26,0.16,2.42,0.0,2.37,2.47,2.37,2.47,0.1,2.45,0.15,0.03,246925,237382,0.393,0.327,0.166,2.072,unspecified,True,0.5,0.48,0.56,0.42,0.638,0.963,1.0,0.78,0.85,0.0,0.0,0.0,0.0,0.0,1.0,0.761,9.764,5.339,64.5,63.34,25.736,31.321,0.251,0.184,0.625,0.899,1.0,1.171,0.0,0.001,0.4093,0.426,0.0167,0.426,1.0876,0.1487,1.894,1.823,0.0005,0.429,2.45,0.15,0.03,1.894,1.823,0.0005,0.429,0.7493,0.518,0.1253,0.838,0.2034,1.74,0.77,urbanizing-majority,0.091,0.003,0.9216,0.9108,0.9216,0.7018,0.3867,0.8782,63.34,False
CZE,Czechia,Ukrainian,immigrant,1.5,1.68,1.5,1.68,4.0,4.23,0.23,3.93,0.3,4.23,0.0,4.14,4.34,4.14,4.34,0.19,4.29,0.29,0.06,429434,415786,0.393,0.327,0.166,2.072,UKR,True,0.615,0.539,0.82,0.52,0.638,1.013,1.0,0.78,0.939,0.0,0.0,0.0,0.0,0.0,1.0,0.761,9.764,5.339,64.5,63.34,25.736,31.321,0.251,0.184,0.625,0.899,1.0,1.171,0.0,0.001,0.4093,0.426,0.0167,0.426,1.0876,0.1487,1.894,1.823,0.0005,0.429,4.29,0.29,0.06,1.894,1.823,0.0005,0.429,0.7493,0.518,0.1253,0.838,0.2034,1.74,0.77,urbanizing-majority,0.091,0.003,0.9216,0.9108,0.9216,0.7018,0.3867,0.8782,63.34,False
CZE,Czechia,Vietnamese,immigrant,1.5,1.68,1.5,1.68,1.2,1.27,0.07,1.18,0.09,1.27,0.0,1.24,1.3,1.24,1.3,0.06,1.29,0.09,0.02,128830,125029,0.393,0.327,0.166,2.072,VNM,True,0.71,0.674,0.84,0.68,0.638,0.915,1.0,0.78,0.956,0.0,0.0,0.0,0.0,0.0,1.0,0.761,9.764,5.339,64.5,63.34,25.736,31.321,0.251,0.184,0.625,0.899,1.0,1.171,0.0,0.001,0.4093,0.426,0.0167,0.426,1.0876,0.1487,1.894,1.823,0.0005,0.429,1.29,0.09,0.02,1.894,1.823,0.0005,0.429,0.7493,0.518,0.1253,0.838,0.2034,1.74,0.77,urbanizing-majority,0.091,0.003,0.9216,0.9108,0.9216,0.7018,0.3867,0.8782,63.34,False
CZE,Czechia,Russian,immigrant,1.5,1.68,1.5,1.68,0.9,0.94,0.04,0.88,0.06,0.94,0.0,0.93,0.96,0.93,0.96,0.04,0.96,0.06,0.01,96623,92715,0.393,0.327,0.166,2.072,unspecified,True,0.5,0.48,0.56,0.42,0.638,0.897,1.0,0.78,0.83,0.0,0.0,0.0,0.0,0.0,1.0,0.761,9.764,5.339,64.5,63.34,25.736,31.321,0.251,0.184,0.625,0.899,1.0,1.171,0.0,0.001,0.4093,0.426,0.0167,0.426,1.0876,0.1487,1.894,1.823,0.0005,0.429,0.96,0.06,0.01,1.894,1.823,0.0005,0.429,0.7493,0.518,0.1253,0.838,0.2034,1.74,0.77,urbanizing-majority,0.091,0.003,0.9216,0.9108,0.9216,0.7018,0.3867,0.8782,63.34,False
CZE,Czechia,Romani,high_fertility,2.55,2.1,1.5,1.68,1.0,1.35,0.35,1.37,-0.02,1.35,0.0,1.34,1.36,1.34,1.36,0.02,1.31,0.31,-0.05,107359,133003,0.393,0.327,0.166,2.072,unspecified,False,0.5,0.48,0.56,0.42,0.638,0.903,1.0,0.78,0.832,0.0,0.0,0.0,0.0,0.0,1.0,0.761,9.764,5.339,64.5,63.34,25.736,31.321,0.251,0.184,0.625,0.899,1.0,1.171,0.0,0.001,0.4093,0.426,0.0167,0.426,1.0876,0.1487,1.894,1.823,0.0005,0.429,1.31,0.31,-0.05,1.894,1.823,0.0005,0.429,0.7493,0.518,0.1253,0.838,0.2034,1.74,0.77,urbanizing-majority,0.091,0.003,0.9216,0.9108,0.9216,0.7018,0.3867,0.8782,63.34,False
CZE,Czechia,Polish,majority,1.5,1.68,1.5,1.68,0.6,0.59,-0.01,0.6,-0.01,0.59,0.0,0.59,0.58,0.58,0.59,0.01,0.59,-0.01,0.0,64415,57677,0.393,0.327,0.166,2.072,unspecified,False,0.5,0.48,0.56,0.42,0.638,0.876,1.0,0.78,0.823,0.0,0.0,0.0,0.0,0.0,1.0,0.761,9.764,5.339,64.5,63.34,25.736,31.321,0.251,0.184,0.625,0.899,1.0,1.171,0.0,0.001,0.4093,0.426,0.0167,0.426,1.0876,0.1487,1.894,1.823,0.0005,0.429,0.59,-0.01,0.0,1.894,1.823,0.0005,0.429,0.7493,0.518,0.1253,0.838,0.2034,1.74,0.77,urbanizing-majority,0.091,0.003,0.9216,0.9108,0.9216,0.7018,0.3867,0.8782,63.34,False
CZE,Czechia,Other,immigrant,1.5,1.68,1.5,1.68,9.0,9.49,0.49,8.85,0.64,9.49,0.0,9.3,9.71,9.3,9.71,0.41,9.62,0.62,0.14,966227,932379,0.393,0.327,0.166,2.072,unspecified,True,0.5,0.48,0.56,0.42,0.638,1.096,1.0,0.78,0.892,0.0,0.0,0.0,0.0,0.0,1.0,0.761,9.764,5.339,64.5,63.34,25.736,31.321,0.251,0.184,0.625,0.899,1.0,1.171,0.0,0.001,0.4093,0.426,0.0167,0.426,1.0876,0.1487,1.894,1.823,0.0005,0.429,9.62,0.62,0.14,1.894,1.823,0.0005,0.429,0.7493,0.518,0.1253,0.838,0.2034,1.74,0.77,urbanizing-majority,0.091,0.003,0.9216,0.9108,0.9216,0.7018,0.3867,0.8782,63.34,False
DEU,Germany,German,majority,1.4,1.61,1.4,1.61,83.5,78.59,-4.91,82.18,-3.59,78.65,-0.05,79.82,77.18,77.18,79.82,2.64,78.66,-4.84,0.07,70601115,61534466,0.418,0.346,0.24,2.203,unspecified,False,0.5,0.48,0.56,0.42,0.786,1.3,1.0,0.8,1.055,0.0,1.04,0.0,0.774,0.371,1.0,0.761,7.376,3.716,64.5,64.26,28.124,32.024,0.3,0.135,0.827,0.916,1.0,1.194,0.07,0.0008,0.2999,0.3777,0.0778,0.3777,0.964,0.1363,1.977,1.88,0.0004,0.3766,78.66,-4.84,0.07,1.977,1.88,0.0004,0.3766,0.7733,0.5519,0.1302,0.8553,0.1942,1.61,0.832,metropolitan-heavy,0.07,-0.0099,0.932,0.957,0.9585,0.7305,0.3821,0.9102,64.26,True
DEU,Germany,Turkish,high_fertility,2.1,1.89,1.4,1.61,2.4,2.88,0.48,3.01,-0.13,2.88,-0.0,2.9,2.85,2.85,2.9,0.05,2.81,0.41,-0.07,2029254,2256330,0.418,0.346,0.24,2.203,unspecified,False,0.5,0.48,0.56,0.42,0.786,0.967,1.0,0.8,0.926,0.0,1.04,0.0,0.774,0.371,1.0,0.761,7.376,3.716,64.5,64.26,28.124,32.024,0.3,0.135,0.827,0.916,1.0,1.194,0.07,0.0008,0.2999,0.3777,0.0778,0.3777,0.964,0.1363,1.977,1.88,0.0004,0.3766,2.81,0.41,-0.07,1.977,1.88,0.0004,0.3766,0.7733,0.5519,0.1302,0.8553,0.1942,1.61,0.832,metropolitan-heavy,0.07,-0.0099,0.932,0.957,0.9585,0.7305,0.3821,0.9102,64.26,False
DEU,Germany,Syrian,high_fertility,2.6,2.09,1.4,1.61,1.4,3.0,1.6,2.01,0.99,3.0,-0.0,2.64,3.47,2.64,3.47,0.83,2.89,1.49,-0.12,1183731,2350874,0.418,0.346,0.24,2.203,SYR,True,0.672,0.726,0.6,0.74,0.786,0.925,1.18,0.8,1.121,0.0,1.04,0.0,0.774,0.371,1.0,0.761,7.376,3.716,64.5,64.26,28.124,32.024,0.3,0.135,0.827,0.916,1.0,1.194,0.07,0.0008,0.2999,0.3777,0.0778,0.3777,0.964,0.1363,1.977,1.88,0.0004,0.3766,2.89,1.49,-0.12,1.977,1.88,0.0004,0.3766,0.7733,0.5519,0.1302,0.8553,0.1942,1.61,0.832,metropolitan-heavy,0.07,-0.0099,0.932,0.957,0.9585,0.7305,0.3821,0.9102,64.26,False
DEU,Germany,Polish,immigrant,1.4,1.61,1.4,1.61,1.2,1.43,0.23,1.17,0.26,1.43,-0.0,1.35,1.52,1.35,1.52,0.17,1.45,0.25,0.02,1014627,1116910,0.418,0.346,0.24,2.203,unspecified,True,0.5,0.48,0.56,0.42,0.786,0.915,1.0,0.8,0.905,0.0,1.04,0.0,0.774,0.371,1.0,0.761,7.376,3.716,64.5,64.26,28.124,32.024,0.3,0.135,0.827,0.916,1.0,1.194,0.07,0.0008,0.2999,0.3777,0.0778,0.3777,0.964,0.1363,1.977,1.88,0.0004,0.3766,1.45,0.25,0.02,1.977,1.88,0.0004,0.3766,0.7733,0.5519,0.1302,0.8553,0.1942,1.61,0.832,metropolitan-heavy,0.07,-0.0099,0.932,0.957,0.9585,0.7305,0.3821,0.9102,64.26,False
DEU,Germany,Romanian,immigrant,1.4,1.61,1.4,1.61,1.0,1.26,0.26,0.98,0.28,1.26,-0.0,1.17,1.37,1.17,1.37,0.2,1.28,0.28,0.02,845522,987102,0.418,0.346,0.24,2.203,unspecified,True,0.5,0.48,0.56,0.42,0.786,0.903,1.0,0.8,0.901,0.0,1.04,0.0,0.774,0.371,1.0,0.761,7.376,3.716,64.5,64.26,28.124,32.024,0.3,0.135,0.827,0.916,1.0,1.194,0.07,0.0008,0.2999,0.3777,0.0778,0.3777,0.964,0.1363,1.977,1.88,0.0004,0.3766,1.28,0.28,0.02,1.977,1.88,0.0004,0.3766,0.7733,0.5519,0.1302,0.8553,0.1942,1.61,0.832,metropolitan-heavy,0.07,-0.0099,0.932,0.957,0.9585,0.7305,0.3821,0.9102,64.26,False
DEU,Germany,Italian,immigrant,1.3,1.57,1.4,1.61,0.9,0.97,0.07,0.85,0.12,0.97,-0.0,0.93,1.01,0.93,1.01,0.07,0.99,0.09,0.02,760970,758412,0.418,0.346,0.24,2.203,unspecified,True,0.5,0.48,0.56,0.42,0.786,0.897,1.0,0.8,0.899,0.0,1.04,0.0,0.774,0.371,1.0,0.761,7.376,3.716,64.5,64.26,28.124,32.024,0.3,0.135,0.827,0.916,1.0,1.194,0.07,0.0008,0.2999,0.3777,0.0778,0.3777,0.964,0.1363,1.977,1.88,0.0004,0.3766,0.99,0.09,0.02,1.977,1.88,0.0004,0.3766,0.7733,0.5519,0.1302,0.8553,0.1942,1.61,0.832,metropolitan-heavy,0.07,-0.0099,0.932,0.957,0.9585,0.7305,0.3821,0.9102,64.26,False
DEU,Germany,Ukrainian,immigrant,1.7,1.73,1.4,1.61,0.8,1.66,0.86,0.87,0.8,1.66,-0.0,1.37,1.93,1.37,1.93,0.55,1.66,0.86,0.0,676418,1301833,0.418,0.346,0.24,2.203,UKR,True,0.615,0.539,0.82,0.52,0.786,0.891,1.24,0.8,1.078,0.0,1.04,0.0,0.774,0.371,1.0,0.761,7.376,3.716,64.5,64.26,28.124,32.024,0.3,0.135,0.827,0.916,1.0,1.194,0.07,0.0008,0.2999,0.3777,0.0778,0.3777,0.964,0.1363,1.977,1.88,0.0004,0.3766,1.66,0.86,0.0,1.977,1.88,0.0004,0.3766,0.7733,0.5519,0.1302,0.8553,0.1942,1.61,0.832,metropolitan-heavy,0.07,-0.0099,0.932,0.957,0.9585,0.7305,0.3821,0.9102,64.26,False
DEU,Germany,Russian,immigrant,1.4,1.61,1.4,1.61,0.7,0.74,0.04,0.68,0.05,0.74,-0.0,0.72,0.75,0.72,0.75,0.03,0.75,0.05,0.01,591866,576533,0.418,0.346,0.24,2.203,unspecified,True,0.5,0.48,0.56,0.42,0.786,0.884,1.0,0.8,0.893,0.0,1.04,0.0,0.774,0.371,1.0,0.761,7.376,3.716,64.5,64.26,28.124,32.024,0.3,0.135,0.827,0.916,1.0,1.194,0.07,0.0008,0.2999,0.3777,0.0778,0.3777,0.964,0.1363,1.977,1.88,0.0004,0.3766,0.75,0.05,0.01,1.977,1.88,0.0004,0.3766,0.7733,0.5519,0.1302,0.8553,0.1942,1.61,0.832,metropolitan-heavy,0.07,-0.0099,0.932,0.957,0.9585,0.7305,0.3821,0.9102,64.26,False
DEU,Germany,Greek,immigrant,1.4,1.61,1.4,1.61,0.6,0.63,0.03,0.59,0.05,0.63,-0.0,0.62,0.65,0.62,0.65,0.03,0.64,0.04,0.01,507313,493994,0.418,0.346,0.24,2.203,unspecified,True,0.5,0.48,0.56,0.42,0.786,0.876,1.0,0.8,0.891,0.0,1.04,0.0,0.774,0.371,1.0,0.761,7.376,3.716,64.5,64.26,28.124,32.024,0.3,0.135,0.827,0.916,1.0,1.194,0.07,0.0008,0.2999,0.3777,0.0778,0.3777,0.964,0.1363,1.977,1.88,0.0004,0.3766,0.64,0.04,0.01,1.977,1.88,0.0004,0.3766,0.7733,0.5519,0.1302,0.8553,0.1942,1.61,0.832,metropolitan-heavy,0.07,-0.0099,0.932,0.957,0.9585,0.7305,0.3821,0.9102,64.26,False
DEU,Germany,Iraqi,high_fertility,2.4,2.01,1.4,1.61,0.5,0.92,0.42,0.68,0.23,0.92,-0.0,0.83,1.02,0.83,1.02,0.18,0.88,0.38,-0.03,422761,716406,0.418,0.346,0.24,2.203,IRQ,True,0.651,0.702,0.58,0.7,0.786,0.869,1.0,0.8,0.99,0.0,1.04,0.0,0.774,0.371,1.0,0.761,7.376,3.716,64.5,64.26,28.124,32.024,0.3,0.135,0.827,0.916,1.0,1.194,0.07,0.0008,0.2999,0.3777,0.0778,0.3777,0.964,0.1363,1.977,1.88,0.0004,0.3766,0.88,0.38,-0.03,1.977,1.88,0.0004,0.3766,0.7733,0.5519,0.1302,0.8553,0.1942,1.61,0.832,metropolitan-heavy,0.07,-0.0099,0.932,0.957,0.9585,0.7305,0.3821,0.9102,64.26,False
DEU,Germany,Afghan,high_fertility,2.4,2.01,1.4,1.61,0.4,0.79,0.39,0.55,0.24,0.79,-0.0,0.7,0.9,0.7,0.9,0.2,0.76,0.36,-0.03,338209,619420,0.418,0.346,0.24,2.203,AFG,True,0.667,0.804,0.42,0.86,0.786,0.86,1.0,0.8,0.996,0.0,1.04,0.0,0.774,0.371,1.0,0.761,7.376,3.716,64.5,64.26,28.124,32.024,0.3,0.135,0.827,0.916,1.0,1.194,0.07,0.0008,0.2999,0.3777,0.0778,0.3777,0.964,0.1363,1.977,1.88,0.0004,0.3766,0.76,0.36,-0.03,1.977,1.88,0.0004,0.3766,0.7733,0.5519,0.1302,0.8553,0.1942,1.61,0.832,metropolitan-heavy,0.07,-0.0099,0.932,0.957,0.9585,0.7305,0.3821,0.9102,64.26,False
DEU,Germany,Bulgarian,immigrant,1.4,1.61,1.4,1.61,0.4,0.42,0.02,0.39,0.03,0.42,-0.0,0.41,0.43,0.41,0.43,0.02,0.43,0.03,0.01,338209,329070,0.418,0.346,0.24,2.203,unspecified,True,0.5,0.48,0.56,0.42,0.786,0.86,1.0,0.8,0.884,0.0,1.04,0.0,0.774,0.371,1.0,0.761,7.376,3.716,64.5,64.26,28.124,32.024,0.3,0.135,0.827,0.916,1.0,1.194,0.07,0.0008,0.2999,0.3777,0.0778,0.3777,0.964,0.1363,1.977,1.88,0.0004,0.3766,0.43,0.03,0.01,1.977,1.88,0.0004,0.3766,0.7733,0.5519,0.1302,0.8553,0.1942,1.61,0.832,metropolitan-heavy,0.07,-0.0099,0.932,0.957,0.9585,0.7305,0.3821,0.9102,64.26,False
DEU,Germany,Croatian,immigrant,1.4,1.61,1.4,1.61,0.3,0.32,0.02,0.29,0.02,0.32,-0.0,0.31,0.32,0.31,0.32,0.01,0.32,0.02,0.0,253657,246695,0.418,0.346,0.24,2.203,unspecified,True,0.5,0.48,0.56,0.42,0.786,0.851,1.0,0.8,0.881,0.0,1.04,0.0,0.774,0.371,1.0,0.761,7.376,3.716,64.5,64.26,28.124,32.024,0.3,0.135,0.827,0.916,1.0,1.194,0.07,0.0008,0.2999,0.3777,0.0778,0.3777,0.964,0.1363,1.977,1.88,0.0004,0.3766,0.32,0.02,0.0,1.977,1.88,0.0004,0.3766,0.7733,0.5519,0.1302,0.8553,0.1942,1.61,0.832,metropolitan-heavy,0.07,-0.0099,0.932,0.957,0.9585,0.7305,0.3821,0.9102,64.26,False
DEU,Germany,Serbian,immigrant,1.4,1.61,1.4,1.61,0.3,0.32,0.02,0.29,0.02,0.32,-0.0,0.31,0.32,0.31,0.32,0.01,0.32,0.02,0.0,253657,246695,0.418,0.346,0.24,2.203,unspecified,True,0.5,0.48,0.56,0.42,0.786,0.851,1.0,0.8,0.881,0.0,1.04,0.0,0.774,0.371,1.0,0.761,7.376,3.716,64.5,64.26,28.124,32.024,0.3,0.135,0.827,0.916,1.0,1.194,0.07,0.0008,0.2999,0.3777,0.0778,0.3777,0.964,0.1363,1.977,1.88,0.0004,0.3766,0.32,0.02,0.0,1.977,1.88,0.0004,0.3766,0.7733,0.5519,0.1302,0.8553,0.1942,1.61,0.832,metropolitan-heavy,0.07,-0.0099,0.932,0.957,0.9585,0.7305,0.3821,0.9102,64.26,False
DEU,Germany,Kosovar,high_fertility,1.75,1.75,1.4,1.61,0.3,0.32,0.02,0.34,-0.01,0.33,-0.0,0.33,0.32,0.32,0.33,0.01,0.32,0.02,-0.0,253657,254389,0.418,0.346,0.24,2.203,unspecified,False,0.5,0.48,0.56,0.42,0.786,0.851,1.0,0.8,0.881,0.0,1.04,0.0,0.774,0.371,1.0,0.761,7.376,3.716,64.5,64.26,28.124,32.024,0.3,0.135,0.827,0.916,1.0,1.194,0.07,0.0008,0.2999,0.3777,0.0778,0.3777,0.964,0.1363,1.977,1.88,0.0004,0.3766,0.32,0.02,-0.0,1.977,1.88,0.0004,0.3766,0.7733,0.5519,0.1302,0.8553,0.1942,1.61,0.832,metropolitan-heavy,0.07,-0.0099,0.932,0.957,0.9585,0.7305,0.3821,0.9102,64.26,False
DEU,Germany,Spanish,immigrant,1.3,1.57,1.4,1.61,0.4,0.4,0.0,0.38,0.03,0.4,-0.0,0.4,0.41,0.4,0.41,0.02,0.41,0.01,0.01,338209,316836,0.418,0.346,0.24,2.203,unspecified,True,0.5,0.48,0.56,0.42,0.786,0.86,1.0,0.8,0.884,0.0,1.04,0.0,0.774,0.371,1.0,0.761,7.376,3.716,64.5,64.26,28.124,32.024,0.3,0.135,0.827,0.916,1.0,1.194,0.07,0.0008,0.2999,0.3777,0.0778,0.3777,0.964,0.1363,1.977,1.88,0.0004,0.3766,0.41,0.01,0.01,1.977,1.88,0.0004,0.3766,0.7733,0.5519,0.1302,0.8553,0.1942,1.61,0.832,metropolitan-heavy,0.07,-0.0099,0.932,0.957,0.9585,0.7305,0.3821,0.9102,64.26,False
DEU,Germany,French,immigrant,1.3,1.57,1.4,1.61,0.4,0.4,0.0,0.38,0.03,0.4,-0.0,0.4,0.41,0.4,0.41,0.02,0.41,0.01,0.01,338209,316836,0.418,0.346,0.24,2.203,unspecified,True,0.5,0.48,0.56,0.42,0.786,0.86,1.0,0.8,0.884,0.0,1.04,0.0,0.774,0.371,1.0,0.761,7.376,3.716,64.5,64.26,28.124,32.024,0.3,0.135,0.827,0.916,1.0,1.194,0.07,0.0008,0.2999,0.3777,0.0778,0.3777,0.964,0.1363,1.977,1.88,0.0004,0.3766,0.41,0.01,0.01,1.977,1.88,0.0004,0.3766,0.7733,0.5519,0.1302,0.8553,0.1942,1.61,0.832,metropolitan-heavy,0.07,-0.0099,0.932,0.957,0.9585,0.7305,0.3821,0.9102,64.26,False
DEU,Germany,Dutch,immigrant,1.3,1.57,1.4,1.61,0.4,0.4,0.0,0.38,0.03,0.4,-0.0,0.4,0.41,0.4,0.41,0.02,0.41,0.01,0.01,338209,316836,0.418,0.346,0.24,2.203,unspecified,True,0.5,0.48,0.56,0.42,0.786,0.86,1.0,0.8,0.884,0.0,1.04,0.0,0.774,0.371,1.0,0.761,7.376,3.716,64.5,64.26,28.124,32.024,0.3,0.135,0.827,0.916,1.0,1.194,0.07,0.0008,0.2999,0.3777,0.0778,0.3777,0.964,0.1363,1.977,1.88,0.0004,0.3766,0.41,0.01,0.01,1.977,1.88,0.0004,0.3766,0.7733,0.5519,0.1302,0.8553,0.1942,1.61,0.832,metropolitan-heavy,0.07,-0.0099,0.932,0.957,0.9585,0.7305,0.3821,0.9102,64.26,False
DEU,Germany,British,immigrant,1.3,1.57,1.4,1.61,0.3,0.3,0.0,0.28,0.02,0.3,-0.0,0.3,0.31,0.3,0.31,0.01,0.31,0.01,0.01,253657,237523,0.418,0.346,0.24,2.203,unspecified,True,0.5,0.48,0.56,0.42,0.786,0.851,1.0,0.8,0.881,0.0,1.04,0.0,0.774,0.371,1.0,0.761,7.376,3.716,64.5,64.26,28.124,32.024,0.3,0.135,0.827,0.916,1.0,1.194,0.07,0.0008,0.2999,0.3777,0.0778,0.3777,0.964,0.1363,1.977,1.88,0.0004,0.3766,0.31,0.01,0.01,1.977,1.88,0.0004,0.3766,0.7733,0.5519,0.1302,0.8553,0.1942,1.61,0.832,metropolitan-heavy,0.07,-0.0099,0.932,0.957,0.9585,0.7305,0.3821,0.9102,64.26,False
DEU,Germany,Other,immigrant,1.4,1.61,1.4,1.61,3.8,4.24,0.44,3.71,0.53,4.17,0.06,4.09,4.41,4.09,4.41,0.33,4.29,0.49,0.06,3212985,3317448,0.418,0.346,0.24,2.203,NGA;ETH;GHA;KEN;UGA;TZA;RWA;COD;CIV;CMR;SEN;ZMB;ZWE;MOZ;MWI;AGO;SDN;SOM;ERI;BFA;NER;MLI;GIN;SLE;LBR;BEN;TGO;GMB,True,0.711,0.785,0.574,0.717,0.786,1.008,1.0,0.8,1.107,0.0,1.04,0.0,0.774,0.371,1.0,0.761,7.376,3.716,64.5,64.26,28.124,32.024,0.3,0.135,0.827,0.916,1.0,1.194,0.07,0.0008,0.2999,0.3777,0.0778,0.3777,0.964,0.1363,1.977,1.88,0.0004,0.3766,4.29,0.49,0.06,1.977,1.88,0.0004,0.3766,0.7733,0.5519,0.1302,0.8553,0.1942,1.61,0.832,metropolitan-heavy,0.07,-0.0099,0.932,0.957,0.9585,0.7305,0.3821,0.9102,64.26,False
DJI,Djibouti,Somali (Issa),high_fertility,4.35,3.23,3.6,2.93,60.0,61.49,1.49,61.63,-0.14,61.49,0.0,61.47,61.5,61.47,61.5,0.03,61.27,1.27,-0.21,701236,941089,0.0,0.0,0.0,1.25,SOM;ETH;KEN,False,0.717,0.799,0.567,0.747,0.454,1.3,1.0,0.78,0.964,0.0,0.0,0.0,0.0,0.0,1.0,0.761,31.59,30.269,63.5,59.42,4.91,10.311,0.251,0.028,0.981,0.803,1.0,1.0,0.0,0.001,0.5162,0.5074,-0.0088,0.5074,1.1417,0.234,1.78,1.973,0.0005,0.509,61.27,1.27,-0.21,1.78,1.973,0.0005,0.509,0.4786,0.2263,0.1399,0.6524,0.2566,2.03,0.339,rural-heavy,0.0,0.1361,0.7488,0.5022,0.7272,0.2344,0.3028,0.0,59.42,True
DJI,Djibouti,Afar,high_fertility,3.95,3.07,3.6,2.93,35.0,33.67,-1.33,33.75,-0.08,33.67,0.0,33.74,33.59,33.59,33.74,0.15,33.81,-1.19,0.14,409054,515286,0.0,0.0,0.0,1.25,unspecified,False,0.5,0.48,0.56,0.42,0.454,1.25,1.0,0.78,0.827,0.0,0.0,0.0,0.0,0.0,1.0,0.761,31.59,30.269,63.5,59.42,4.91,10.311,0.251,0.028,0.981,0.803,1.0,1.0,0.0,0.001,0.5162,0.5074,-0.0088,0.5074,1.1417,0.234,1.78,1.973,0.0005,0.509,33.81,-1.19,0.14,1.78,1.973,0.0005,0.509,0.4786,0.2263,0.1399,0.6524,0.2566,2.03,0.339,rural-heavy,0.0,0.1361,0.7488,0.5022,0.7272,0.2344,0.3028,0.0,59.42,False
DJI,Djibouti,Arab,high_fertility,4.35,3.23,3.6,2.93,2.0,2.05,0.05,2.05,-0.0,2.05,0.0,2.05,2.05,2.05,2.05,0.0,2.04,0.04,-0.01,23375,31331,0.0,0.0,0.0,1.25,unspecified,False,0.5,0.48,0.56,0.42,0.454,0.952,1.0,0.78,0.761,0.0,0.0,0.0,0.0,0.0,1.0,0.761,31.59,30.269,63.5,59.42,4.91,10.311,0.251,0.028,0.981,0.803,1.0,1.0,0.0,0.001,0.5162,0.5074,-0.0088,0.5074,1.1417,0.234,1.78,1.973,0.0005,0.509,2.04,0.04,-0.01,1.78,1.973,0.0005,0.509,0.4786,0.2263,0.1399,0.6524,0.2566,2.03,0.339,rural-heavy,0.0,0.1361,0.7488,0.5022,0.7272,0.2344,0.3028,0.0,59.42,False
DJI,Djibouti,Other (French/Ethiopian),immigrant,3.5,2.89,3.6,2.93,3.0,2.8,-0.2,2.57,0.23,2.8,0.0,2.74,2.87,2.74,2.87,0.13,2.88,-0.12,0.08,35062,42840,0.0,0.0,0.0,1.25,ETH,True,0.71,0.81,0.52,0.76,0.454,0.986,1.0,0.78,0.861,0.0,0.0,0.0,0.0,0.0,1.0,0.761,31.59,30.269,63.5,59.42,4.91,10.311,0.251,0.028,0.981,0.803,1.0,1.0,0.0,0.001,0.5162,0.5074,-0.0088,0.5074,1.1417,0.234,1.78,1.973,0.0005,0.509,2.88,-0.12,0.08,1.78,1.973,0.0005,0.509,0.4786,0.2263,0.1399,0.6524,0.2566,2.03,0.339,rural-heavy,0.0,0.1361,0.7488,0.5022,0.7272,0.2344,0.3028,0.0,59.42,False
DMA,Dominica,Black,majority,1.7,1.82,1.7,1.82,86.6,86.78,0.18,86.78,0.0,86.78,0.0,86.78,86.78,86.78,86.78,0.0,86.63,0.03,-0.15,57352,54854,0.243,0.0,0.0,1.63,unspecified,False,0.5,0.48,0.56,0.42,0.536,1.3,1.0,0.78,0.891,0.0,0.0,0.0,0.0,0.0,1.0,0.761,20.825,19.826,65.0,65.6,14.175,14.575,0.251,0.0,1.0,0.875,1.0,1.085,0.0,0.001,0.2407,0.2379,-0.0028,0.2379,0.5203,0.1224,1.579,1.587,0.0005,0.2403,86.63,0.03,-0.15,1.579,1.587,0.0005,0.2403,0.7848,0.3934,0.1692,0.81,0.2165,1.31,0.55,mixed-rural-urban,0.109,0.0859,0.8585,0.8387,0.8435,0.7421,0.0738,0.117,65.6,True
DMA,Dominica,Mixed,assimilating,1.7,1.82,1.7,1.82,9.1,8.95,-0.15,8.95,0.0,8.95,0.0,8.95,8.95,8.95,8.95,0.0,9.08,-0.02,0.13,6027,5657,0.243,0.0,0.0,1.63,unspecified,False,0.5,0.48,0.56,0.42,0.536,1.098,1.0,0.78,0.838,0.0,0.0,0.0,0.0,0.0,1.0,0.761,20.825,19.826,65.0,65.6,14.175,14.575,0.251,0.0,1.0,0.875,1.0,1.085,0.0,0.001,0.2407,0.2379,-0.0028,0.2379,0.5203,0.1224,1.579,1.587,0.0005,0.2403,9.08,-0.02,0.13,1.579,1.587,0.0005,0.2403,0.7848,0.3934,0.1692,0.81,0.2165,1.31,0.55,mixed-rural-urban,0.109,0.0859,0.8585,0.8387,0.8435,0.7421,0.0738,0.117,65.6,False
DMA,Dominica,Indigenous (Kalinago),majority,1.7,1.82,1.7,1.82,2.9,2.9,-0.0,2.9,0.0,2.9,0.0,2.9,2.9,2.9,2.9,0.0,2.9,-0.0,-0.0,1921,1831,0.243,0.0,0.0,1.63,unspecified,False,0.5,0.48,0.56,0.42,0.536,0.983,1.0,0.78,0.808,0.0,0.0,0.0,0.0,0.0,1.0,0.761,20.825,19.826,65.0,65.6,14.175,14.575,0.251,0.0,1.0,0.875,1.0,1.085,0.0,0.001,0.2407,0.2379,-0.0028,0.2379,0.5203,0.1224,1.579,1.587,0.0005,0.2403,2.9,-0.0,-0.0,1.579,1.587,0.0005,0.2403,0.7848,0.3934,0.1692,0.81,0.2165,1.31,0.55,mixed-rural-urban,0.109,0.0859,0.8585,0.8387,0.8435,0.7421,0.0738,0.117,65.6,False
DMA,Dominica,Other,assimilating,1.7,1.82,1.7,1.82,1.4,1.38,-0.02,1.38,0.0,1.38,0.0,1.38,1.38,1.38,1.38,0.0,1.4,-0.0,0.02,927,870,0.243,0.0,0.0,1.63,unspecified,False,0.5,0.48,0.56,0.42,0.536,0.925,1.0,0.78,0.793,0.0,0.0,0.0,0.0,0.0,1.0,0.761,20.825,19.826,65.0,65.6,14.175,14.575,0.251,0.0,1.0,0.875,1.0,1.085,0.0,0.001,0.2407,0.2379,-0.0028,0.2379,0.5203,0.1224,1.579,1.587,0.0005,0.2403,1.4,-0.0,0.02,1.579,1.587,0.0005,0.2403,0.7848,0.3934,0.1692,0.81,0.2165,1.31,0.55,mixed-rural-urban,0.109,0.0859,0.8585,0.8387,0.8435,0.7421,0.0738,0.117,65.6,False
DNK,Denmark,Danish,majority,1.5,1.68,1.5,1.68,83.0,80.41,-2.59,82.12,-1.71,80.47,-0.06,80.99,79.72,79.72,80.99,1.27,80.36,-2.64,-0.05,4961256,4925036,0.257,0.204,0.116,1.797,unspecified,False,0.5,0.48,0.56,0.42,0.648,1.3,1.0,0.78,0.962,0.0,0.0,0.0,0.526,0.399,1.0,0.761,11.083,6.701,65.0,64.4,23.917,28.899,0.3,0.137,0.823,0.915,1.0,1.113,0.09,0.001,0.3077,0.3494,0.0417,0.3494,0.8752,0.1165,2.033,1.951,0.0005,0.3502,80.36,-2.64,-0.05,2.033,1.951,0.0005,0.3502,0.7859,0.4815,0.092,0.8536,0.184,1.54,0.825,metropolitan-heavy,0.045,-0.0021,0.9483,0.9395,0.9927,0.7507,0.3285,0.7681,64.4,True
DNK,Denmark,Other Nordic/European,immigrant,1.4,1.64,1.5,1.68,4.0,4.08,0.08,3.76,0.31,4.08,-0.0,3.99,4.18,3.99,4.18,0.19,4.16,0.16,0.08,239097,249743,0.257,0.204,0.116,1.797,unspecified,True,0.5,0.48,0.56,0.42,0.648,1.013,1.0,0.78,0.871,0.0,0.0,0.0,0.526,0.399,1.0,0.761,11.083,6.701,65.0,64.4,23.917,28.899,0.3,0.137,0.823,0.915,1.0,1.113,0.09,0.001,0.3077,0.3494,0.0417,0.3494,0.8752,0.1165,2.033,1.951,0.0005,0.3502,4.16,0.16,0.08,2.033,1.951,0.0005,0.3502,0.7859,0.4815,0.092,0.8536,0.184,1.54,0.825,metropolitan-heavy,0.045,-0.0021,0.9483,0.9395,0.9927,0.7507,0.3285,0.7681,64.4,False
DNK,Denmark,Polish,immigrant,1.5,1.68,1.5,1.68,1.3,1.37,0.07,1.27,0.1,1.37,-0.0,1.34,1.4,1.34,1.4,0.06,1.39,0.09,0.02,77706,83843,0.257,0.204,0.116,1.797,unspecified,True,0.5,0.48,0.56,0.42,0.648,0.92,1.0,0.78,0.842,0.0,0.0,0.0,0.526,0.399,1.0,0.761,11.083,6.701,65.0,64.4,23.917,28.899,0.3,0.137,0.823,0.915,1.0,1.113,0.09,0.001,0.3077,0.3494,0.0417,0.3494,0.8752,0.1165,2.033,1.951,0.0005,0.3502,1.39,0.09,0.02,2.033,1.951,0.0005,0.3502,0.7859,0.4815,0.092,0.8536,0.184,1.54,0.825,metropolitan-heavy,0.045,-0.0021,0.9483,0.9395,0.9927,0.7507,0.3285,0.7681,64.4,False
DNK,Denmark,Syrian,high_fertility,2.25,1.98,1.5,1.68,1.1,1.79,0.69,1.39,0.4,1.79,-0.0,1.65,1.96,1.65,1.96,0.32,1.74,0.64,-0.05,65752,109533,0.257,0.204,0.116,1.797,SYR,True,0.672,0.726,0.6,0.74,0.648,0.909,1.0,0.78,0.938,0.0,0.0,0.0,0.526,0.399,1.0,0.761,11.083,6.701,65.0,64.4,23.917,28.899,0.3,0.137,0.823,0.915,1.0,1.113,0.09,0.001,0.3077,0.3494,0.0417,0.3494,0.8752,0.1165,2.033,1.951,0.0005,0.3502,1.74,0.64,-0.05,2.033,1.951,0.0005,0.3502,0.7859,0.4815,0.092,0.8536,0.184,1.54,0.825,metropolitan-heavy,0.045,-0.0021,0.9483,0.9395,0.9927,0.7507,0.3285,0.7681,64.4,False
DNK,Denmark,Turkish,high_fertility,2.25,1.98,1.5,1.68,1.0,1.24,0.24,1.26,-0.03,1.24,-0.0,1.24,1.24,1.24,1.24,0.0,1.21,0.21,-0.03,59774,75776,0.257,0.204,0.116,1.797,unspecified,False,0.5,0.48,0.56,0.42,0.648,0.903,1.0,0.78,0.836,0.0,0.0,0.0,0.526,0.399,1.0,0.761,11.083,6.701,65.0,64.4,23.917,28.899,0.3,0.137,0.823,0.915,1.0,1.113,0.09,0.001,0.3077,0.3494,0.0417,0.3494,0.8752,0.1165,2.033,1.951,0.0005,0.3502,1.21,0.21,-0.03,2.033,1.951,0.0005,0.3502,0.7859,0.4815,0.092,0.8536,0.184,1.54,0.825,metropolitan-heavy,0.045,-0.0021,0.9483,0.9395,0.9927,0.7507,0.3285,0.7681,64.4,False
DNK,Denmark,Somali,high_fertility,2.8,2.2,1.5,1.68,0.8,1.23,0.43,1.16,0.07,1.16,0.07,1.19,1.27,1.19,1.27,0.07,1.18,0.38,-0.05,47819,75231,0.257,0.204,0.116,1.797,NGA;ETH;GHA;KEN;UGA;TZA;RWA;COD;CIV;CMR;SEN;ZMB;ZWE;MOZ;MWI;AGO;SDN;SOM;ERI;BFA;NER;MLI;GIN;SLE;LBR;BEN;TGO;GMB,True,0.711,0.785,0.574,0.717,0.648,0.891,1.005,0.78,0.954,0.0,0.0,0.0,0.526,0.399,1.0,0.761,11.083,6.701,65.0,64.4,23.917,28.899,0.3,0.137,0.823,0.915,1.0,1.113,0.09,0.001,0.3077,0.3494,0.0417,0.3494,0.8752,0.1165,2.033,1.951,0.0005,0.3502,1.18,0.38,-0.05,2.033,1.951,0.0005,0.3502,0.7859,0.4815,0.092,0.8536,0.184,1.54,0.825,metropolitan-heavy,0.045,-0.0021,0.9483,0.9395,0.9927,0.7507,0.3285,0.7681,64.4,False
DNK,Denmark,Pakistani,high_fertility,2.3,2.0,1.5,1.68,0.7,0.88,0.18,0.9,-0.02,0.88,-0.0,0.88,0.88,0.88,0.88,0.0,0.85,0.15,-0.02,41842,53730,0.257,0.204,0.116,1.797,PAK,False,0.769,0.814,0.7,0.74,0.648,0.884,1.0,0.78,0.981,0.0,0.0,0.0,0.526,0.399,1.0,0.761,11.083,6.701,65.0,64.4,23.917,28.899,0.3,0.137,0.823,0.915,1.0,1.113,0.09,0.001,0.3077,0.3494,0.0417,0.3494,0.8752,0.1165,2.033,1.951,0.0005,0.3502,0.85,0.15,-0.02,2.033,1.951,0.0005,0.3502,0.7859,0.4815,0.092,0.8536,0.184,1.54,0.825,metropolitan-heavy,0.045,-0.0021,0.9483,0.9395,0.9927,0.7507,0.3285,0.7681,64.4,False
DNK,Denmark,Iraqi,high_fertility,2.25,1.98,1.5,1.68,0.6,0.74,0.14,0.76,-0.02,0.74,-0.0,0.74,0.74,0.74,0.74,0.0,0.72,0.12,-0.02,35865,45466,0.257,0.204,0.116,1.797,IRQ,False,0.651,0.702,0.58,0.7,0.648,0.876,1.0,0.78,0.912,0.0,0.0,0.0,0.526,0.399,1.0,0.761,11.083,6.701,65.0,64.4,23.917,28.899,0.3,0.137,0.823,0.915,1.0,1.113,0.09,0.001,0.3077,0.3494,0.0417,0.3494,0.8752,0.1165,2.033,1.951,0.0005,0.3502,0.72,0.12,-0.02,2.033,1.951,0.0005,0.3502,0.7859,0.4815,0.092,0.8536,0.184,1.54,0.825,metropolitan-heavy,0.045,-0.0021,0.9483,0.9395,0.9927,0.7507,0.3285,0.7681,64.4,False
DNK,Denmark,Iranian,immigrant,1.9,1.84,1.5,1.68,0.5,0.6,0.1,0.55,0.04,0.6,-0.0,0.58,0.61,0.58,0.61,0.03,0.6,0.1,-0.0,29887,36576,0.257,0.204,0.116,1.797,unspecified,True,0.5,0.48,0.56,0.42,0.648,0.869,1.0,0.78,0.825,0.0,0.0,0.0,0.526,0.399,1.0,0.761,11.083,6.701,65.0,64.4,23.917,28.899,0.3,0.137,0.823,0.915,1.0,1.113,0.09,0.001,0.3077,0.3494,0.0417,0.3494,0.8752,0.1165,2.033,1.951,0.0005,0.3502,0.6,0.1,-0.0,2.033,1.951,0.0005,0.3502,0.7859,0.4815,0.092,0.8536,0.184,1.54,0.825,metropolitan-heavy,0.045,-0.0021,0.9483,0.9395,0.9927,0.7507,0.3285,0.7681,64.4,False
DNK,Denmark,Ukrainian,immigrant,1.5,1.68,1.5,1.68,0.5,0.79,0.29,0.49,0.31,0.79,-0.0,0.69,0.93,0.69,0.93,0.25,0.8,0.3,0.01,29887,48590,0.257,0.204,0.116,1.797,UKR,True,0.615,0.539,0.82,0.52,0.648,0.869,1.0,0.78,0.889,0.0,0.0,0.0,0.526,0.399,1.0,0.761,11.083,6.701,65.0,64.4,23.917,28.899,0.3,0.137,0.823,0.915,1.0,1.113,0.09,0.001,0.3077,0.3494,0.0417,0.3494,0.8752,0.1165,2.033,1.951,0.0005,0.3502,0.8,0.3,0.01,2.033,1.951,0.0005,0.3502,0.7859,0.4815,0.092,0.8536,0.184,1.54,0.825,metropolitan-heavy,0.045,-0.0021,0.9483,0.9395,0.9927,0.7507,0.3285,0.7681,64.4,False
DNK,Denmark,Afghan,immigrant,1.5,1.68,1.5,1.68,0.4,0.43,0.03,0.39,0.04,0.43,-0.0,0.42,0.44,0.42,0.44,0.02,0.43,0.03,0.01,23910,26091,0.257,0.204,0.116,1.797,AFG,True,0.667,0.804,0.42,0.86,0.648,0.86,1.0,0.78,0.914,0.0,0.0,0.0,0.526,0.399,1.0,0.761,11.083,6.701,65.0,64.4,23.917,28.899,0.3,0.137,0.823,0.915,1.0,1.113,0.09,0.001,0.3077,0.3494,0.0417,0.3494,0.8752,0.1165,2.033,1.951,0.0005,0.3502,0.43,0.03,0.01,2.033,1.951,0.0005,0.3502,0.7859,0.4815,0.092,0.8536,0.184,1.54,0.825,metropolitan-heavy,0.045,-0.0021,0.9483,0.9395,0.9927,0.7507,0.3285,0.7681,64.4,False
DNK,Denmark,Lebanese,immigrant,1.5,1.68,1.5,1.68,0.3,0.32,0.02,0.29,0.02,0.32,-0.0,0.31,0.32,0.31,0.32,0.01,0.32,0.02,0.0,17932,19302,0.257,0.204,0.116,1.797,unspecified,True,0.5,0.48,0.56,0.42,0.648,0.851,1.0,0.78,0.82,0.0,0.0,0.0,0.526,0.399,1.0,0.761,11.083,6.701,65.0,64.4,23.917,28.899,0.3,0.137,0.823,0.915,1.0,1.113,0.09,0.001,0.3077,0.3494,0.0417,0.3494,0.8752,0.1165,2.033,1.951,0.0005,0.3502,0.32,0.02,0.0,2.033,1.951,0.0005,0.3502,0.7859,0.4815,0.092,0.8536,0.184,1.54,0.825,metropolitan-heavy,0.045,-0.0021,0.9483,0.9395,0.9927,0.7507,0.3285,0.7681,64.4,False
DNK,Denmark,Filipino,immigrant,1.5,1.68,1.5,1.68,0.4,0.43,0.03,0.39,0.04,0.43,-0.0,0.42,0.44,0.42,0.44,0.02,0.43,0.03,0.01,23910,26142,0.257,0.204,0.116,1.797,PHL,True,0.759,0.718,0.88,0.64,0.648,0.86,1.0,0.78,0.965,0.0,0.0,0.0,0.526,0.399,1.0,0.761,11.083,6.701,65.0,64.4,23.917,28.899,0.3,0.137,0.823,0.915,1.0,1.113,0.09,0.001,0.3077,0.3494,0.0417,0.3494,0.8752,0.1165,2.033,1.951,0.0005,0.3502,0.43,0.03,0.01,2.033,1.951,0.0005,0.3502,0.7859,0.4815,0.092,0.8536,0.184,1.54,0.825,metropolitan-heavy,0.045,-0.0021,0.9483,0.9395,0.9927,0.7507,0.3285,0.7681,64.4,False
DNK,Denmark,Thai,immigrant,1.5,1.68,1.5,1.68,0.4,0.42,0.02,0.39,0.03,0.42,-0.0,0.41,0.43,0.41,0.43,0.02,0.43,0.03,0.01,23910,25744,0.257,0.204,0.116,1.797,unspecified,True,0.5,0.48,0.56,0.42,0.648,0.86,1.0,0.78,0.823,0.0,0.0,0.0,0.526,0.399,1.0,0.761,11.083,6.701,65.0,64.4,23.917,28.899,0.3,0.137,0.823,0.915,1.0,1.113,0.09,0.001,0.3077,0.3494,0.0417,0.3494,0.8752,0.1165,2.033,1.951,0.0005,0.3502,0.43,0.03,0.01,2.033,1.951,0.0005,0.3502,0.7859,0.4815,0.092,0.8536,0.184,1.54,0.825,metropolitan-heavy,0.045,-0.0021,0.9483,0.9395,0.9927,0.7507,0.3285,0.7681,64.4,False
DNK,Denmark,Indian,immigrant,1.5,1.68,1.5,1.68,0.4,0.43,0.03,0.39,0.04,0.43,-0.0,0.42,0.44,0.42,0.44,0.02,0.43,0.03,0.01,23910,26100,0.257,0.204,0.116,1.797,IND;PAK;BGD;LKA;NPL,True,0.718,0.719,0.752,0.684,0.648,0.86,1.0,0.78,0.942,0.0,0.0,0.0,0.526,0.399,1.0,0.761,11.083,6.701,65.0,64.4,23.917,28.899,0.3,0.137,0.823,0.915,1.0,1.113,0.09,0.001,0.3077,0.3494,0.0417,0.3494,0.8752,0.1165,2.033,1.951,0.0005,0.3502,0.43,0.03,0.01,2.033,1.951,0.0005,0.3502,0.7859,0.4815,0.092,0.8536,0.184,1.54,0.825,metropolitan-heavy,0.045,-0.0021,0.9483,0.9395,0.9927,0.7507,0.3285,0.7681,64.4,False
DNK,Denmark,Other Middle Eastern/African/Asian,immigrant,1.5,1.68,1.5,1.68,1.8,1.91,0.11,1.76,0.15,1.91,-0.0,1.86,1.96,1.86,1.96,0.1,1.94,0.14,0.03,107594,116963,0.257,0.204,0.116,1.797,unspecified,True,0.5,0.48,0.56,0.42,0.648,0.944,1.0,0.78,0.849,0.0,0.0,0.0,0.526,0.399,1.0,0.761,11.083,6.701,65.0,64.4,23.917,28.899,0.3,0.137,0.823,0.915,1.0,1.113,0.09,0.001,0.3077,0.3494,0.0417,0.3494,0.8752,0.1165,2.033,1.951,0.0005,0.3502,1.94,0.14,0.03,2.033,1.951,0.0005,0.3502,0.7859,0.4815,0.092,0.8536,0.184,1.54,0.825,metropolitan-heavy,0.045,-0.0021,0.9483,0.9395,0.9927,0.7507,0.3285,0.7681,64.4,False
DNK,Denmark,Other,immigrant,1.5,1.68,1.5,1.68,2.8,2.95,0.15,2.73,0.22,2.96,-0.0,2.89,3.03,2.89,3.03,0.14,3.0,0.2,0.05,167368,180963,0.257,0.204,0.116,1.797,unspecified,True,0.5,0.48,0.56,0.42,0.648,0.98,1.0,0.78,0.861,0.0,0.0,0.0,0.526,0.399,1.0,0.761,11.083,6.701,65.0,64.4,23.917,28.899,0.3,0.137,0.823,0.915,1.0,1.113,0.09,0.001,0.3077,0.3494,0.0417,0.3494,0.8752,0.1165,2.033,1.951,0.0005,0.3502,3.0,0.2,0.05,2.033,1.951,0.0005,0.3502,0.7859,0.4815,0.092,0.8536,0.184,1.54,0.825,metropolitan-heavy,0.045,-0.0021,0.9483,0.9395,0.9927,0.7507,0.3285,0.7681,64.4,False
DOM,Dominican Rep.,Mixed (Mulatto),majority,2.1,2.1,2.1,2.1,69.6,71.28,1.68,71.34,-0.05,71.28,0.0,71.24,71.33,71.24,71.33,0.09,71.07,1.47,-0.22,7953580,9264343,0.0,0.0,0.0,1.25,unspecified,False,0.5,0.48,0.56,0.42,0.454,1.3,1.0,0.78,0.839,0.0,0.0,0.0,0.0,0.0,1.0,0.761,26.306,21.116,67.5,60.78,6.194,18.105,0.251,0.009,0.997,0.871,1.0,1.0,0.0,0.001,0.4723,0.4527,-0.0196,0.4527,1.0934,0.1159,1.907,1.911,0.0005,0.4554,71.07,1.47,-0.22,1.907,1.911,0.0005,0.4554,0.7292,0.3298,0.0797,0.7912,0.2011,1.83,0.661,urbanizing-majority,0.0,0.0696,0.8842,0.7896,0.866,0.668,0.2179,0.2775,60.78,True
DOM,Dominican Rep.,Black,majority,2.1,2.1,2.1,2.1,15.8,16.18,0.38,16.19,-0.01,16.18,0.0,16.17,16.19,16.17,16.19,0.02,16.13,0.33,-0.05,1805554,2102223,0.0,0.0,0.0,1.25,unspecified,False,0.5,0.48,0.56,0.42,0.454,1.159,1.0,0.78,0.807,0.0,0.0,0.0,0.0,0.0,1.0,0.761,26.306,21.116,67.5,60.78,6.194,18.105,0.251,0.009,0.997,0.871,1.0,1.0,0.0,0.001,0.4723,0.4527,-0.0196,0.4527,1.0934,0.1159,1.907,1.911,0.0005,0.4554,16.13,0.33,-0.05,1.907,1.911,0.0005,0.4554,0.7292,0.3298,0.0797,0.7912,0.2011,1.83,0.661,urbanizing-majority,0.0,0.0696,0.8842,0.7896,0.866,0.668,0.2179,0.2775,60.78,False
DOM,Dominican Rep.,White,low_fertility,1.5,1.86,2.1,2.1,13.5,11.35,-2.15,11.36,-0.01,11.35,0.0,11.44,11.27,11.27,11.44,0.16,11.6,-1.9,0.25,1542720,1475628,0.0,0.0,0.0,1.25,unspecified,False,0.5,0.48,0.56,0.42,0.454,1.141,1.0,0.78,0.803,0.0,0.0,0.0,0.0,0.0,1.0,0.761,26.306,21.116,67.5,60.78,6.194,18.105,0.251,0.009,0.997,0.871,1.0,1.0,0.0,0.001,0.4723,0.4527,-0.0196,0.4527,1.0934,0.1159,1.907,1.911,0.0005,0.4554,11.6,-1.9,0.25,1.907,1.911,0.0005,0.4554,0.7292,0.3298,0.0797,0.7912,0.2011,1.83,0.661,urbanizing-majority,0.0,0.0696,0.8842,0.7896,0.866,0.668,0.2179,0.2775,60.78,False
DOM,Dominican Rep.,Haitian migrant,immigrant,2.1,2.1,2.1,2.1,0.8,0.88,0.08,0.81,0.08,0.88,0.0,0.86,0.91,0.86,0.91,0.05,0.89,0.09,0.01,91420,114803,0.0,0.0,0.0,1.25,HTI,True,0.658,0.768,0.48,0.86,0.454,0.891,1.0,0.78,0.81,0.0,0.0,0.0,0.0,0.0,1.0,0.761,26.306,21.116,67.5,60.78,6.194,18.105,0.251,0.009,0.997,0.871,1.0,1.0,0.0,0.001,0.4723,0.4527,-0.0196,0.4527,1.0934,0.1159,1.907,1.911,0.0005,0.4554,0.89,0.09,0.01,1.907,1.911,0.0005,0.4554,0.7292,0.3298,0.0797,0.7912,0.2011,1.83,0.661,urbanizing-majority,0.0,0.0696,0.8842,0.7896,0.866,0.668,0.2179,0.2775,60.78,False
DOM,Dominican Rep.,Other,assimilating,2.1,2.1,2.1,2.1,0.3,0.3,0.0,0.3,-0.0,0.3,0.0,0.3,0.3,0.3,0.3,0.0,0.31,0.01,0.0,34283,39296,0.0,0.0,0.0,1.25,unspecified,False,0.5,0.48,0.56,0.42,0.454,0.851,1.0,0.78,0.739,0.0,0.0,0.0,0.0,0.0,1.0,0.761,26.306,21.116,67.5,60.78,6.194,18.105,0.251,0.009,0.997,0.871,1.0,1.0,0.0,0.001,0.4723,0.4527,-0.0196,0.4527,1.0934,0.1159,1.907,1.911,0.0005,0.4554,0.31,0.01,0.0,1.907,1.911,0.0005,0.4554,0.7292,0.3298,0.0797,0.7912,0.2011,1.83,0.661,urbanizing-majority,0.0,0.0696,0.8842,0.7896,0.866,0.668,0.2179,0.2775,60.78,False
DZA,Algeria,Arab,majority,2.9,2.42,2.9,2.42,55.0,55.06,0.06,55.06,0.0,55.06,0.0,55.06,55.06,55.06,55.06,0.0,55.03,0.03,-0.02,25747866,32795497,0.0,0.0,0.0,1.25,unspecified,False,0.5,0.48,0.56,0.42,0.454,1.3,1.0,0.78,0.839,0.0,0.0,0.626,0.0,0.0,1.0,0.761,27.283,23.134,64.5,59.86,8.217,17.006,0.251,0.0,1.0,0.849,1.0,1.0,0.0,0.001,0.6285,0.6279,-0.0007,0.6279,1.7448,0.1358,2.025,2.13,0.0005,0.6281,55.03,0.03,-0.02,2.025,2.13,0.0005,0.6281,0.6888,0.297,0.1143,0.7625,0.216,2.69,0.55,mixed-rural-urban,0.0,0.0386,0.8989,0.7211,0.7945,0.6198,0.2345,0.2276,59.86,True
DZA,Algeria,Amazigh (Kabyle),majority,2.9,2.42,2.9,2.42,23.0,23.01,0.01,23.01,0.0,23.01,0.0,23.01,23.01,23.01,23.01,0.0,23.01,0.01,-0.0,10767289,13704814,0.0,0.0,0.0,1.25,unspecified,False,0.5,0.48,0.56,0.42,0.454,1.201,1.0,0.78,0.817,0.0,0.0,0.626,0.0,0.0,1.0,0.761,27.283,23.134,64.5,59.86,8.217,17.006,0.251,0.0,1.0,0.849,1.0,1.0,0.0,0.001,0.6285,0.6279,-0.0007,0.6279,1.7448,0.1358,2.025,2.13,0.0005,0.6281,23.01,0.01,-0.0,2.025,2.13,0.0005,0.6281,0.6888,0.297,0.1143,0.7625,0.216,2.69,0.55,mixed-rural-urban,0.0,0.0386,0.8989,0.7211,0.7945,0.6198,0.2345,0.2276,59.86,False
DZA,Algeria,Amazigh (Chaoui/Aurès),majority,2.9,2.42,2.9,2.42,7.0,7.0,0.0,7.0,0.0,7.0,0.0,7.0,7.0,7.0,7.0,0.0,7.0,0.0,-0.0,3277001,4171030,0.0,0.0,0.0,1.25,unspecified,False,0.5,0.48,0.56,0.42,0.454,1.07,1.0,0.78,0.787,0.0,0.0,0.626,0.0,0.0,1.0,0.761,27.283,23.134,64.5,59.86,8.217,17.006,0.251,0.0,1.0,0.849,1.0,1.0,0.0,0.001,0.6285,0.6279,-0.0007,0.6279,1.7448,0.1358,2.025,2.13,0.0005,0.6281,7.0,0.0,-0.0,2.025,2.13,0.0005,0.6281,0.6888,0.297,0.1143,0.7625,0.216,2.69,0.55,mixed-rural-urban,0.0,0.0386,0.8989,0.7211,0.7945,0.6198,0.2345,0.2276,59.86,False
DZA,Algeria,Arab-Berber (mixed),majority,2.9,2.42,2.9,2.42,10.0,10.0,0.0,10.0,0.0,10.0,0.0,10.0,10.0,10.0,10.0,0.0,10.0,0.0,-0.0,4681430,5958615,0.0,0.0,0.0,1.25,unspecified,False,0.5,0.48,0.56,0.42,0.454,1.108,1.0,0.78,0.796,0.0,0.0,0.626,0.0,0.0,1.0,0.761,27.283,23.134,64.5,59.86,8.217,17.006,0.251,0.0,1.0,0.849,1.0,1.0,0.0,0.001,0.6285,0.6279,-0.0007,0.6279,1.7448,0.1358,2.025,2.13,0.0005,0.6281,10.0,0.0,-0.0,2.025,2.13,0.0005,0.6281,0.6888,0.297,0.1143,0.7625,0.216,2.69,0.55,mixed-rural-urban,0.0,0.0386,0.8989,0.7211,0.7945,0.6198,0.2345,0.2276,59.86,False
DZA,Algeria,Mozabite/Tuareg,majority,2.9,2.42,2.9,2.42,3.0,3.0,0.0,3.0,0.0,3.0,0.0,3.0,3.0,3.0,3.0,0.0,3.0,0.0,-0.0,1404429,1787584,0.0,0.0,0.0,1.25,unspecified,False,0.5,0.48,0.56,0.42,0.454,0.986,1.0,0.78,0.769,0.0,0.0,0.626,0.0,0.0,1.0,0.761,27.283,23.134,64.5,59.86,8.217,17.006,0.251,0.0,1.0,0.849,1.0,1.0,0.0,0.001,0.6285,0.6279,-0.0007,0.6279,1.7448,0.1358,2.025,2.13,0.0005,0.6281,3.0,0.0,-0.0,2.025,2.13,0.0005,0.6281,0.6888,0.297,0.1143,0.7625,0.216,2.69,0.55,mixed-rural-urban,0.0,0.0386,0.8989,0.7211,0.7945,0.6198,0.2345,0.2276,59.86,False
DZA,Algeria,European,low_fertility,2.5,2.26,2.9,2.42,0.5,0.45,-0.05,0.45,0.0,0.45,0.0,0.45,0.45,0.45,0.45,0.0,0.46,-0.04,0.01,234072,268097,0.0,0.0,0.0,1.25,unspecified,False,0.5,0.48,0.56,0.42,0.454,0.869,1.0,0.78,0.743,0.0,0.0,0.626,0.0,0.0,1.0,0.761,27.283,23.134,64.5,59.86,8.217,17.006,0.251,0.0,1.0,0.849,1.0,1.0,0.0,0.001,0.6285,0.6279,-0.0007,0.6279,1.7448,0.1358,2.025,2.13,0.0005,0.6281,0.46,-0.04,0.01,2.025,2.13,0.0005,0.6281,0.6888,0.297,0.1143,0.7625,0.216,2.69,0.55,mixed-rural-urban,0.0,0.0386,0.8989,0.7211,0.7945,0.6198,0.2345,0.2276,59.86,False
DZA,Algeria,Other,assimilating,2.9,2.42,2.9,2.42,1.5,1.48,-0.02,1.48,0.0,1.48,0.0,1.48,1.48,1.48,1.48,0.0,1.5,-0.0,0.02,702215,879912,0.0,0.0,0.0,1.25,unspecified,False,0.5,0.48,0.56,0.42,0.454,0.93,1.0,0.78,0.756,0.0,0.0,0.626,0.0,0.0,1.0,0.761,27.283,23.134,64.5,59.86,8.217,17.006,0.251,0.0,1.0,0.849,1.0,1.0,0.0,0.001,0.6285,0.6279,-0.0007,0.6279,1.7448,0.1358,2.025,2.13,0.0005,0.6281,1.5,-0.0,0.02,2.025,2.13,0.0005,0.6281,0.6888,0.297,0.1143,0.7625,0.216,2.69,0.55,mixed-rural-urban,0.0,0.0386,0.8989,0.7211,0.7945,0.6198,0.2345,0.2276,59.86,False
ECU,Ecuador,Mestizo,majority,1.9,1.96,1.9,1.96,71.9,70.76,-1.14,70.76,0.0,70.76,0.0,70.8,70.72,70.72,70.8,0.09,70.89,-1.01,0.13,13039409,15097971,0.086,0.0,0.0,1.384,unspecified,False,0.5,0.48,0.56,0.42,0.483,1.3,1.0,0.78,0.857,0.0,0.0,0.0,0.0,0.0,1.0,0.761,26.106,20.03,66.5,59.94,7.394,20.03,0.251,0.0,1.0,0.852,1.0,1.03,0.0,0.001,0.4637,0.4776,0.0139,0.4776,1.2448,0.1424,1.833,1.899,0.0005,0.4761,70.89,-1.01,0.13,1.833,1.899,0.0005,0.4761,0.6956,0.3212,0.0956,0.7751,0.2135,1.91,0.545,mixed-rural-urban,0.039,0.0367,0.9106,0.7602,0.7782,0.6238,0.2659,0.365,59.94,True
ECU,Ecuador,Montubio,majority,1.9,1.96,1.9,1.96,7.4,7.28,-0.12,7.28,0.0,7.28,0.0,7.29,7.28,7.28,7.29,0.01,7.3,-0.1,0.01,1342025,1553671,0.086,0.0,0.0,1.384,unspecified,False,0.5,0.48,0.56,0.42,0.483,1.075,1.0,0.78,0.804,0.0,0.0,0.0,0.0,0.0,1.0,0.761,26.106,20.03,66.5,59.94,7.394,20.03,0.251,0.0,1.0,0.852,1.0,1.03,0.0,0.001,0.4637,0.4776,0.0139,0.4776,1.2448,0.1424,1.833,1.899,0.0005,0.4761,7.3,-0.1,0.01,1.833,1.899,0.0005,0.4761,0.6956,0.3212,0.0956,0.7751,0.2135,1.91,0.545,mixed-rural-urban,0.039,0.0367,0.9106,0.7602,0.7782,0.6238,0.2659,0.365,59.94,False
ECU,Ecuador,Afroecuadorian,high_fertility,2.25,2.1,1.9,1.96,7.2,7.99,0.79,7.99,0.0,7.99,0.0,7.96,8.01,7.96,8.01,0.05,7.91,0.71,-0.08,1305754,1704498,0.086,0.0,0.0,1.384,unspecified,False,0.5,0.48,0.56,0.42,0.483,1.072,1.0,0.78,0.803,0.0,0.0,0.0,0.0,0.0,1.0,0.761,26.106,20.03,66.5,59.94,7.394,20.03,0.251,0.0,1.0,0.852,1.0,1.03,0.0,0.001,0.4637,0.4776,0.0139,0.4776,1.2448,0.1424,1.833,1.899,0.0005,0.4761,7.91,0.71,-0.08,1.833,1.899,0.0005,0.4761,0.6956,0.3212,0.0956,0.7751,0.2135,1.91,0.545,mixed-rural-urban,0.039,0.0367,0.9106,0.7602,0.7782,0.6238,0.2659,0.365,59.94,False
ECU,Ecuador,Amerindian,high_fertility,2.75,2.3,1.9,1.96,7.0,8.75,1.75,8.75,0.0,8.75,0.0,8.68,8.82,8.68,8.82,0.13,8.54,1.54,-0.21,1269483,1867475,0.086,0.0,0.0,1.384,IND;PAK;BGD;LKA;NPL,False,0.718,0.719,0.752,0.684,0.483,1.07,1.0,0.78,0.913,0.0,0.0,0.0,0.0,0.0,1.0,0.761,26.106,20.03,66.5,59.94,7.394,20.03,0.251,0.0,1.0,0.852,1.0,1.03,0.0,0.001,0.4637,0.4776,0.0139,0.4776,1.2448,0.1424,1.833,1.899,0.0005,0.4761,8.54,1.54,-0.21,1.833,1.899,0.0005,0.4761,0.6956,0.3212,0.0956,0.7751,0.2135,1.91,0.545,mixed-rural-urban,0.039,0.0367,0.9106,0.7602,0.7782,0.6238,0.2659,0.365,59.94,False
ECU,Ecuador,White,low_fertility,1.3,1.72,1.9,1.96,6.1,4.83,-1.27,4.83,0.0,4.83,0.0,4.88,4.79,4.79,4.88,0.09,4.97,-1.13,0.14,1106264,1030938,0.086,0.0,0.0,1.384,unspecified,False,0.5,0.48,0.56,0.42,0.483,1.055,1.0,0.78,0.799,0.0,0.0,0.0,0.0,0.0,1.0,0.761,26.106,20.03,66.5,59.94,7.394,20.03,0.251,0.0,1.0,0.852,1.0,1.03,0.0,0.001,0.4637,0.4776,0.0139,0.4776,1.2448,0.1424,1.833,1.899,0.0005,0.4761,4.97,-1.13,0.14,1.833,1.899,0.0005,0.4761,0.6956,0.3212,0.0956,0.7751,0.2135,1.91,0.545,mixed-rural-urban,0.039,0.0367,0.9106,0.7602,0.7782,0.6238,0.2659,0.365,59.94,False
ECU,Ecuador,Other,assimilating,1.9,1.96,1.9,1.96,0.4,0.39,-0.01,0.39,0.0,0.39,0.0,0.39,0.39,0.39,0.39,0.0,0.39,-0.01,0.01,72542,82678,0.086,0.0,0.0,1.384,unspecified,False,0.5,0.48,0.56,0.42,0.483,0.86,1.0,0.78,0.753,0.0,0.0,0.0,0.0,0.0,1.0,0.761,26.106,20.03,66.5,59.94,7.394,20.03,0.251,0.0,1.0,0.852,1.0,1.03,0.0,0.001,0.4637,0.4776,0.0139,0.4776,1.2448,0.1424,1.833,1.899,0.0005,0.4761,0.39,-0.01,0.01,1.833,1.899,0.0005,0.4761,0.6956,0.3212,0.0956,0.7751,0.2135,1.91,0.545,mixed-rural-urban,0.039,0.0367,0.9106,0.7602,0.7782,0.6238,0.2659,0.365,59.94,False
EGY,Egypt,Egyptian (Sunni Muslim),majority,2.9,2.42,2.9,2.42,84.9,84.65,-0.25,84.74,-0.09,84.65,0.0,84.69,84.6,84.6,84.69,0.08,84.63,-0.27,-0.02,98940979,136818345,0.0,0.0,0.0,1.25,EGY,False,0.7,0.706,0.72,0.66,0.454,1.3,1.0,0.78,0.954,0.58,0.0,0.706,0.0,0.0,1.0,0.761,33.408,32.172,62.0,57.68,4.591,10.148,0.251,0.014,0.994,0.861,1.0,1.0,0.0,0.001,0.2686,0.2728,0.0043,0.2728,0.6128,0.188,1.517,1.626,0.0005,0.2732,84.63,-0.27,-0.02,1.517,1.626,0.0005,0.2732,0.6243,0.2345,0.1705,0.7644,0.1825,1.38,0.378,rural-heavy,0.0,0.0513,0.8253,0.7787,0.8126,0.4501,0.362,0.0,57.68,True
EGY,Egypt,Egyptian (Coptic Christian),majority,2.9,2.42,2.9,2.42,10.0,9.96,-0.04,9.97,-0.01,9.96,0.0,9.96,9.96,9.96,9.96,0.01,9.96,-0.04,0.0,11653826,16099017,0.0,0.0,0.0,1.25,EGY,False,0.7,0.706,0.72,0.66,0.454,1.108,1.0,0.78,0.894,0.58,0.0,0.706,0.0,0.0,1.0,0.761,33.408,32.172,62.0,57.68,4.591,10.148,0.251,0.014,0.994,0.861,1.0,1.0,0.0,0.001,0.2686,0.2728,0.0043,0.2728,0.6128,0.188,1.517,1.626,0.0005,0.2732,9.96,-0.04,0.0,1.517,1.626,0.0005,0.2732,0.6243,0.2345,0.1705,0.7644,0.1825,1.38,0.378,rural-heavy,0.0,0.0513,0.8253,0.7787,0.8126,0.4501,0.362,0.0,57.68,False
EGY,Egypt,Nubian,majority,2.9,2.42,2.9,2.42,1.0,1.0,-0.0,1.0,-0.0,1.0,0.0,1.0,1.0,1.0,1.0,0.0,1.0,-0.0,0.0,1165383,1609902,0.0,0.0,0.0,1.25,unspecified,False,0.5,0.48,0.56,0.42,0.454,0.903,1.0,0.78,0.75,0.58,0.0,0.706,0.0,0.0,1.0,0.761,33.408,32.172,62.0,57.68,4.591,10.148,0.251,0.014,0.994,0.861,1.0,1.0,0.0,0.001,0.2686,0.2728,0.0043,0.2728,0.6128,0.188,1.517,1.626,0.0005,0.2732,1.0,-0.0,0.0,1.517,1.626,0.0005,0.2732,0.6243,0.2345,0.1705,0.7644,0.1825,1.38,0.378,rural-heavy,0.0,0.0513,0.8253,0.7787,0.8126,0.4501,0.362,0.0,57.68,False
EGY,Egypt,Bedouin Arab,majority,2.9,2.42,2.9,2.42,1.0,1.0,-0.0,1.0,-0.0,1.0,0.0,1.0,1.0,1.0,1.0,0.0,1.0,-0.0,0.0,1165383,1609902,0.0,0.0,0.0,1.25,unspecified,False,0.5,0.48,0.56,0.42,0.454,0.903,1.0,0.78,0.75,0.58,0.0,0.706,0.0,0.0,1.0,0.761,33.408,32.172,62.0,57.68,4.591,10.148,0.251,0.014,0.994,0.861,1.0,1.0,0.0,0.001,0.2686,0.2728,0.0043,0.2728,0.6128,0.188,1.517,1.626,0.0005,0.2732,1.0,-0.0,0.0,1.517,1.626,0.0005,0.2732,0.6243,0.2345,0.1705,0.7644,0.1825,1.38,0.378,rural-heavy,0.0,0.0513,0.8253,0.7787,0.8126,0.4501,0.362,0.0,57.68,False
EGY,Egypt,Sudanese migrant,immigrant,3.3,2.58,2.9,2.42,0.7,0.8,0.1,0.74,0.06,0.8,0.0,0.78,0.83,0.78,0.83,0.05,0.81,0.11,0.0,815768,1298694,0.0,0.0,0.0,1.25,unspecified,True,0.5,0.48,0.56,0.42,0.454,0.884,1.0,0.78,0.746,0.58,0.0,0.706,0.0,0.0,1.0,0.761,33.408,32.172,62.0,57.68,4.591,10.148,0.251,0.014,0.994,0.861,1.0,1.0,0.0,0.001,0.2686,0.2728,0.0043,0.2728,0.6128,0.188,1.517,1.626,0.0005,0.2732,0.81,0.11,0.0,1.517,1.626,0.0005,0.2732,0.6243,0.2345,0.1705,0.7644,0.1825,1.38,0.378,rural-heavy,0.0,0.0513,0.8253,0.7787,0.8126,0.4501,0.362,0.0,57.68,False
EGY,Egypt,Syrian migrant,immigrant,3.3,2.58,2.9,2.42,0.5,0.58,0.08,0.53,0.05,0.58,0.0,0.56,0.6,0.56,0.6,0.04,0.58,0.08,0.0,582691,934637,0.0,0.0,0.0,1.25,SYR,True,0.672,0.726,0.6,0.74,0.454,0.869,1.0,0.78,0.809,0.58,0.0,0.706,0.0,0.0,1.0,0.761,33.408,32.172,62.0,57.68,4.591,10.148,0.251,0.014,0.994,0.861,1.0,1.0,0.0,0.001,0.2686,0.2728,0.0043,0.2728,0.6128,0.188,1.517,1.626,0.0005,0.2732,0.58,0.08,0.0,1.517,1.626,0.0005,0.2732,0.6243,0.2345,0.1705,0.7644,0.1825,1.38,0.378,rural-heavy,0.0,0.0513,0.8253,0.7787,0.8126,0.4501,0.362,0.0,57.68,False
EGY,Egypt,Other Arab,assimilating,3.3,2.58,2.9,2.42,1.9,2.02,0.12,2.02,-0.0,2.02,0.0,2.01,2.02,2.01,2.02,0.01,2.03,0.13,0.01,2214227,3259700,0.0,0.0,0.0,1.25,unspecified,False,0.5,0.48,0.56,0.42,0.454,0.948,1.0,0.78,0.76,0.58,0.0,0.706,0.0,0.0,1.0,0.761,33.408,32.172,62.0,57.68,4.591,10.148,0.251,0.014,0.994,0.861,1.0,1.0,0.0,0.001,0.2686,0.2728,0.0043,0.2728,0.6128,0.188,1.517,1.626,0.0005,0.2732,2.03,0.13,0.01,1.517,1.626,0.0005,0.2732,0.6243,0.2345,0.1705,0.7644,0.1825,1.38,0.378,rural-heavy,0.0,0.0513,0.8253,0.7787,0.8126,0.4501,0.362,0.0,57.68,False
ERI,Eritrea,Tigrinya,majority,3.9,3.09,3.9,3.09,55.0,53.79,-1.21,53.79,0.0,53.79,0.0,53.83,53.75,53.75,53.83,0.08,53.82,-1.18,0.03,1944586,3063820,0.0,0.0,0.0,1.25,unspecified,False,0.5,0.48,0.56,0.42,0.337,1.3,1.0,0.78,0.764,0.0,0.0,0.767,0.0,0.0,1.0,0.761,40.66,41.345,56.5,53.06,2.84,5.595,0.21,0.0,1.0,0.672,0.5,0.5,0.0,0.001,0.6032,0.6066,0.0034,0.6066,1.6027,0.4407,1.903,2.095,0.0005,0.6069,53.82,-1.18,0.03,1.903,2.095,0.0005,0.6069,0.2758,0.2332,0.1001,0.4942,0.4323,2.54,0.381,mixed-rural-urban,0.0,0.0243,0.7549,0.4103,0.4734,0.0879,0.6583,0.0,53.06,True
ERI,Eritrea,Tigre,high_fertility,4.25,3.23,3.9,3.09,30.0,31.63,1.63,31.63,0.0,31.63,0.0,31.58,31.68,31.58,31.68,0.1,31.53,1.53,-0.1,1060683,1801461,0.0,0.0,0.0,1.25,unspecified,False,0.5,0.48,0.56,0.42,0.337,1.232,1.0,0.78,0.753,0.0,0.0,0.767,0.0,0.0,1.0,0.761,40.66,41.345,56.5,53.06,2.84,5.595,0.21,0.0,1.0,0.672,0.5,0.5,0.0,0.001,0.6032,0.6066,0.0034,0.6066,1.6027,0.4407,1.903,2.095,0.0005,0.6069,31.53,1.53,-0.1,1.903,2.095,0.0005,0.6069,0.2758,0.2332,0.1001,0.4942,0.4323,2.54,0.381,mixed-rural-urban,0.0,0.0243,0.7549,0.4103,0.4734,0.0879,0.6583,0.0,53.06,False
ERI,Eritrea,Saho,majority,3.9,3.09,3.9,3.09,4.0,3.91,-0.09,3.91,0.0,3.91,0.0,3.91,3.9,3.9,3.91,0.01,3.91,-0.09,0.01,141424,222458,0.0,0.0,0.0,1.25,unspecified,False,0.5,0.48,0.56,0.42,0.337,1.013,1.0,0.78,0.717,0.0,0.0,0.767,0.0,0.0,1.0,0.761,40.66,41.345,56.5,53.06,2.84,5.595,0.21,0.0,1.0,0.672,0.5,0.5,0.0,0.001,0.6032,0.6066,0.0034,0.6066,1.6027,0.4407,1.903,2.095,0.0005,0.6069,3.91,-0.09,0.01,1.903,2.095,0.0005,0.6069,0.2758,0.2332,0.1001,0.4942,0.4323,2.54,0.381,mixed-rural-urban,0.0,0.0243,0.7549,0.4103,0.4734,0.0879,0.6583,0.0,53.06,False
ERI,Eritrea,Kunama,majority,3.9,3.09,3.9,3.09,2.0,1.95,-0.05,1.95,0.0,1.95,0.0,1.95,1.95,1.95,1.95,0.0,1.96,-0.04,0.0,70712,111229,0.0,0.0,0.0,1.25,unspecified,False,0.5,0.48,0.56,0.42,0.337,0.952,1.0,0.78,0.707,0.0,0.0,0.767,0.0,0.0,1.0,0.761,40.66,41.345,56.5,53.06,2.84,5.595,0.21,0.0,1.0,0.672,0.5,0.5,0.0,0.001,0.6032,0.6066,0.0034,0.6066,1.6027,0.4407,1.903,2.095,0.0005,0.6069,1.96,-0.04,0.0,1.903,2.095,0.0005,0.6069,0.2758,0.2332,0.1001,0.4942,0.4323,2.54,0.381,mixed-rural-urban,0.0,0.0243,0.7549,0.4103,0.4734,0.0879,0.6583,0.0,53.06,False
ERI,Eritrea,Rashaida,majority,3.9,3.09,3.9,3.09,2.0,1.95,-0.05,1.95,0.0,1.95,0.0,1.95,1.95,1.95,1.95,0.0,1.96,-0.04,0.0,70712,111229,0.0,0.0,0.0,1.25,unspecified,False,0.5,0.48,0.56,0.42,0.337,0.952,1.0,0.78,0.707,0.0,0.0,0.767,0.0,0.0,1.0,0.761,40.66,41.345,56.5,53.06,2.84,5.595,0.21,0.0,1.0,0.672,0.5,0.5,0.0,0.001,0.6032,0.6066,0.0034,0.6066,1.6027,0.4407,1.903,2.095,0.0005,0.6069,1.96,-0.04,0.0,1.903,2.095,0.0005,0.6069,0.2758,0.2332,0.1001,0.4942,0.4323,2.54,0.381,mixed-rural-urban,0.0,0.0243,0.7549,0.4103,0.4734,0.0879,0.6583,0.0,53.06,False
ERI,Eritrea,Bilen,majority,3.9,3.09,3.9,3.09,2.0,1.95,-0.05,1.95,0.0,1.95,0.0,1.95,1.95,1.95,1.95,0.0,1.96,-0.04,0.0,70712,111229,0.0,0.0,0.0,1.25,unspecified,False,0.5,0.48,0.56,0.42,0.337,0.952,1.0,0.78,0.707,0.0,0.0,0.767,0.0,0.0,1.0,0.761,40.66,41.345,56.5,53.06,2.84,5.595,0.21,0.0,1.0,0.672,0.5,0.5,0.0,0.001,0.6032,0.6066,0.0034,0.6066,1.6027,0.4407,1.903,2.095,0.0005,0.6069,1.96,-0.04,0.0,1.903,2.095,0.0005,0.6069,0.2758,0.2332,0.1001,0.4942,0.4323,2.54,0.381,mixed-rural-urban,0.0,0.0243,0.7549,0.4103,0.4734,0.0879,0.6583,0.0,53.06,False
ERI,Eritrea,Nara,majority,3.9,3.09,3.9,3.09,1.5,1.46,-0.04,1.46,0.0,1.46,0.0,1.47,1.46,1.46,1.47,0.0,1.47,-0.03,0.0,53034,83422,0.0,0.0,0.0,1.25,unspecified,False,0.5,0.48,0.56,0.42,0.337,0.93,1.0,0.78,0.703,0.0,0.0,0.767,0.0,0.0,1.0,0.761,40.66,41.345,56.5,53.06,2.84,5.595,0.21,0.0,1.0,0.672,0.5,0.5,0.0,0.001,0.6032,0.6066,0.0034,0.6066,1.6027,0.4407,1.903,2.095,0.0005,0.6069,1.47,-0.03,0.0,1.903,2.095,0.0005,0.6069,0.2758,0.2332,0.1001,0.4942,0.4323,2.54,0.381,mixed-rural-urban,0.0,0.0243,0.7549,0.4103,0.4734,0.0879,0.6583,0.0,53.06,False
ERI,Eritrea,Other,assimilating,3.9,3.09,3.9,3.09,3.5,3.36,-0.14,3.36,0.0,3.36,0.0,3.36,3.35,3.35,3.36,0.0,3.41,-0.09,0.05,123746,191217,0.0,0.0,0.0,1.25,unspecified,False,0.5,0.48,0.56,0.42,0.337,1.0,1.0,0.78,0.715,0.0,0.0,0.767,0.0,0.0,1.0,0.761,40.66,41.345,56.5,53.06,2.84,5.595,0.21,0.0,1.0,0.672,0.5,0.5,0.0,0.001,0.6032,0.6066,0.0034,0.6066,1.6027,0.4407,1.903,2.095,0.0005,0.6069,3.41,-0.09,0.05,1.903,2.095,0.0005,0.6069,0.2758,0.2332,0.1001,0.4942,0.4323,2.54,0.381,mixed-rural-urban,0.0,0.0243,0.7549,0.4103,0.4734,0.0879,0.6583,0.0,53.06,False
ESP,Spain,Spanish,majority,1.2,1.47,1.2,1.47,79.2,74.93,-4.27,78.31,-3.38,74.95,-0.01,76.04,73.65,73.65,76.04,2.39,74.84,-4.36,-0.09,37945142,33665862,0.484,0.397,0.226,2.29,unspecified,False,0.5,0.48,0.56,0.42,0.77,1.3,1.0,0.78,1.04,0.0,0.0,0.0,0.63,0.239,1.0,0.761,7.983,3.733,62.5,64.1,29.517,32.167,0.3,0.213,0.643,0.889,1.0,1.215,0.05,0.001,0.3682,0.4321,0.064,0.4321,1.1408,0.157,1.962,1.915,0.0005,0.4335,74.84,-4.36,-0.09,1.962,1.915,0.0005,0.4335,0.7319,0.5484,0.1342,0.8218,0.2259,1.76,0.751,urbanizing-majority,0.12,-0.0039,0.9763,0.8514,0.919,0.6952,0.3872,0.9167,64.1,True
ESP,Spain,Moroccan,high_fertility,2.1,1.83,1.2,1.47,2.3,3.81,1.51,3.15,0.66,3.81,-0.0,3.57,4.08,3.57,4.08,0.51,3.68,1.38,-0.13,1101942,1711755,0.484,0.397,0.226,2.29,MAR,True,0.63,0.613,0.7,0.58,0.77,0.963,1.24,0.78,1.117,0.0,0.0,0.0,0.63,0.239,1.0,0.761,7.983,3.733,62.5,64.1,29.517,32.167,0.3,0.213,0.643,0.889,1.0,1.215,0.05,0.001,0.3682,0.4321,0.064,0.4321,1.1408,0.157,1.962,1.915,0.0005,0.4335,3.68,1.38,-0.13,1.962,1.915,0.0005,0.4335,0.7319,0.5484,0.1342,0.8218,0.2259,1.76,0.751,urbanizing-majority,0.12,-0.0039,0.9763,0.8514,0.919,0.6952,0.3872,0.9167,64.1,False
ESP,Spain,Romanian,immigrant,1.2,1.47,1.2,1.47,1.9,1.95,0.05,1.85,0.1,1.95,-0.0,1.92,1.97,1.92,1.97,0.05,1.98,0.08,0.03,910300,874645,0.484,0.397,0.226,2.29,unspecified,True,0.5,0.48,0.56,0.42,0.77,0.948,1.0,0.78,0.907,0.0,0.0,0.0,0.63,0.239,1.0,0.761,7.983,3.733,62.5,64.1,29.517,32.167,0.3,0.213,0.643,0.889,1.0,1.215,0.05,0.001,0.3682,0.4321,0.064,0.4321,1.1408,0.157,1.962,1.915,0.0005,0.4335,1.98,0.08,0.03,1.962,1.915,0.0005,0.4335,0.7319,0.5484,0.1342,0.8218,0.2259,1.76,0.751,urbanizing-majority,0.12,-0.0039,0.9763,0.8514,0.919,0.6952,0.3872,0.9167,64.1,False
ESP,Spain,Latin American,immigrant,1.2,1.47,1.2,1.47,5.0,5.14,0.14,4.86,0.28,5.14,-0.0,5.07,5.22,5.07,5.22,0.15,5.22,0.22,0.08,2395527,2309358,0.484,0.397,0.226,2.29,unspecified,True,0.5,0.48,0.56,0.42,0.77,1.035,1.0,0.78,0.94,0.0,0.0,0.0,0.63,0.239,1.0,0.761,7.983,3.733,62.5,64.1,29.517,32.167,0.3,0.213,0.643,0.889,1.0,1.215,0.05,0.001,0.3682,0.4321,0.064,0.4321,1.1408,0.157,1.962,1.915,0.0005,0.4335,5.22,0.22,0.08,1.962,1.915,0.0005,0.4335,0.7319,0.5484,0.1342,0.8218,0.2259,1.76,0.751,urbanizing-majority,0.12,-0.0039,0.9763,0.8514,0.919,0.6952,0.3872,0.9167,64.1,False
ESP,Spain,British,immigrant,1.1,1.43,1.2,1.47,1.2,1.18,-0.02,1.12,0.06,1.18,-0.0,1.16,1.19,1.16,1.19,0.03,1.2,0.0,0.03,574926,528172,0.484,0.397,0.226,2.29,unspecified,True,0.5,0.48,0.56,0.42,0.77,0.915,1.0,0.78,0.895,0.0,0.0,0.0,0.63,0.239,1.0,0.761,7.983,3.733,62.5,64.1,29.517,32.167,0.3,0.213,0.643,0.889,1.0,1.215,0.05,0.001,0.3682,0.4321,0.064,0.4321,1.1408,0.157,1.962,1.915,0.0005,0.4335,1.2,0.0,0.03,1.962,1.915,0.0005,0.4335,0.7319,0.5484,0.1342,0.8218,0.2259,1.76,0.751,urbanizing-majority,0.12,-0.0039,0.9763,0.8514,0.919,0.6952,0.3872,0.9167,64.1,False
ESP,Spain,Colombian,immigrant,1.7,1.67,1.2,1.47,1.2,2.0,0.8,1.41,0.6,2.0,-0.0,1.8,2.25,1.8,2.25,0.45,1.99,0.79,-0.01,574926,899758,0.484,0.397,0.226,2.29,COL,True,0.632,0.586,0.78,0.6,0.77,0.915,1.24,0.78,1.091,0.0,0.0,0.0,0.63,0.239,1.0,0.761,7.983,3.733,62.5,64.1,29.517,32.167,0.3,0.213,0.643,0.889,1.0,1.215,0.05,0.001,0.3682,0.4321,0.064,0.4321,1.1408,0.157,1.962,1.915,0.0005,0.4335,1.99,0.79,-0.01,1.962,1.915,0.0005,0.4335,0.7319,0.5484,0.1342,0.8218,0.2259,1.76,0.751,urbanizing-majority,0.12,-0.0039,0.9763,0.8514,0.919,0.6952,0.3872,0.9167,64.1,False
ESP,Spain,Venezuelan,immigrant,1.8,1.71,1.2,1.47,1.0,2.18,1.18,1.21,0.96,2.18,-0.0,1.83,2.58,1.83,2.58,0.76,2.15,1.15,-0.02,479105,977315,0.484,0.397,0.226,2.29,VEN,True,0.636,0.596,0.78,0.64,0.77,0.903,1.28,0.78,1.104,0.0,0.0,0.0,0.63,0.239,1.0,0.761,7.983,3.733,62.5,64.1,29.517,32.167,0.3,0.213,0.643,0.889,1.0,1.215,0.05,0.001,0.3682,0.4321,0.064,0.4321,1.1408,0.157,1.962,1.915,0.0005,0.4335,2.15,1.15,-0.02,1.962,1.915,0.0005,0.4335,0.7319,0.5484,0.1342,0.8218,0.2259,1.76,0.751,urbanizing-majority,0.12,-0.0039,0.9763,0.8514,0.919,0.6952,0.3872,0.9167,64.1,False
ESP,Spain,Ecuadorian,immigrant,1.9,1.75,1.2,1.47,0.7,1.06,0.36,0.87,0.18,1.06,-0.0,0.99,1.13,0.99,1.13,0.14,1.04,0.34,-0.01,335374,474528,0.484,0.397,0.226,2.29,unspecified,True,0.5,0.48,0.56,0.42,0.77,0.884,1.0,0.78,0.883,0.0,0.0,0.0,0.63,0.239,1.0,0.761,7.983,3.733,62.5,64.1,29.517,32.167,0.3,0.213,0.643,0.889,1.0,1.215,0.05,0.001,0.3682,0.4321,0.064,0.4321,1.1408,0.157,1.962,1.915,0.0005,0.4335,1.04,0.34,-0.01,1.962,1.915,0.0005,0.4335,0.7319,0.5484,0.1342,0.8218,0.2259,1.76,0.751,urbanizing-majority,0.12,-0.0039,0.9763,0.8514,0.919,0.6952,0.3872,0.9167,64.1,False
ESP,Spain,Peruvian,immigrant,1.9,1.75,1.2,1.47,0.6,0.9,0.3,0.75,0.16,0.9,-0.0,0.85,0.97,0.85,0.97,0.12,0.89,0.29,-0.01,287463,406461,0.484,0.397,0.226,2.29,unspecified,True,0.5,0.48,0.56,0.42,0.77,0.876,1.0,0.78,0.88,0.0,0.0,0.0,0.63,0.239,1.0,0.761,7.983,3.733,62.5,64.1,29.517,32.167,0.3,0.213,0.643,0.889,1.0,1.215,0.05,0.001,0.3682,0.4321,0.064,0.4321,1.1408,0.157,1.962,1.915,0.0005,0.4335,0.89,0.29,-0.01,1.962,1.915,0.0005,0.4335,0.7319,0.5484,0.1342,0.8218,0.2259,1.76,0.751,urbanizing-majority,0.12,-0.0039,0.9763,0.8514,0.919,0.6952,0.3872,0.9167,64.1,False
ESP,Spain,Italian,immigrant,1.1,1.43,1.2,1.47,1.3,1.27,-0.03,1.21,0.06,1.27,-0.0,1.26,1.29,1.26,1.29,0.03,1.3,0.0,0.03,622837,572302,0.484,0.397,0.226,2.29,unspecified,True,0.5,0.48,0.56,0.42,0.77,0.92,1.0,0.78,0.897,0.0,0.0,0.0,0.63,0.239,1.0,0.761,7.983,3.733,62.5,64.1,29.517,32.167,0.3,0.213,0.643,0.889,1.0,1.215,0.05,0.001,0.3682,0.4321,0.064,0.4321,1.1408,0.157,1.962,1.915,0.0005,0.4335,1.3,0.0,0.03,1.962,1.915,0.0005,0.4335,0.7319,0.5484,0.1342,0.8218,0.2259,1.76,0.751,urbanizing-majority,0.12,-0.0039,0.9763,0.8514,0.919,0.6952,0.3872,0.9167,64.1,False
ESP,Spain,German,immigrant,1.1,1.43,1.2,1.47,1.2,1.18,-0.02,1.12,0.06,1.18,-0.0,1.16,1.19,1.16,1.19,0.03,1.2,0.0,0.03,574926,528172,0.484,0.397,0.226,2.29,unspecified,True,0.5,0.48,0.56,0.42,0.77,0.915,1.0,0.78,0.895,0.0,0.0,0.0,0.63,0.239,1.0,0.761,7.983,3.733,62.5,64.1,29.517,32.167,0.3,0.213,0.643,0.889,1.0,1.215,0.05,0.001,0.3682,0.4321,0.064,0.4321,1.1408,0.157,1.962,1.915,0.0005,0.4335,1.2,0.0,0.03,1.962,1.915,0.0005,0.4335,0.7319,0.5484,0.1342,0.8218,0.2259,1.76,0.751,urbanizing-majority,0.12,-0.0039,0.9763,0.8514,0.919,0.6952,0.3872,0.9167,64.1,False
ESP,Spain,French,immigrant,1.1,1.43,1.2,1.47,1.0,0.98,-0.02,0.93,0.05,0.98,-0.0,0.97,0.99,0.97,0.99,0.02,1.0,0.0,0.02,479105,439951,0.484,0.397,0.226,2.29,unspecified,True,0.5,0.48,0.56,0.42,0.77,0.903,1.0,0.78,0.89,0.0,0.0,0.0,0.63,0.239,1.0,0.761,7.983,3.733,62.5,64.1,29.517,32.167,0.3,0.213,0.643,0.889,1.0,1.215,0.05,0.001,0.3682,0.4321,0.064,0.4321,1.1408,0.157,1.962,1.915,0.0005,0.4335,1.0,0.0,0.02,1.962,1.915,0.0005,0.4335,0.7319,0.5484,0.1342,0.8218,0.2259,1.76,0.751,urbanizing-majority,0.12,-0.0039,0.9763,0.8514,0.919,0.6952,0.3872,0.9167,64.1,False
ESP,Spain,Chinese,immigrant,1.0,1.39,1.2,1.47,0.8,0.75,-0.05,0.71,0.04,0.75,-0.0,0.74,0.76,0.74,0.76,0.01,0.77,-0.03,0.02,383284,336337,0.484,0.397,0.226,2.29,CHN,True,0.52,0.502,0.58,0.45,0.77,0.891,1.0,0.78,0.899,0.0,0.0,0.0,0.63,0.239,1.0,0.761,7.983,3.733,62.5,64.1,29.517,32.167,0.3,0.213,0.643,0.889,1.0,1.215,0.05,0.001,0.3682,0.4321,0.064,0.4321,1.1408,0.157,1.962,1.915,0.0005,0.4335,0.77,-0.03,0.02,1.962,1.915,0.0005,0.4335,0.7319,0.5484,0.1342,0.8218,0.2259,1.76,0.751,urbanizing-majority,0.12,-0.0039,0.9763,0.8514,0.919,0.6952,0.3872,0.9167,64.1,False
ESP,Spain,Ukrainian,immigrant,1.2,1.47,1.2,1.47,0.7,0.72,0.02,0.68,0.04,0.72,-0.0,0.71,0.73,0.71,0.73,0.02,0.73,0.03,0.01,335374,323621,0.484,0.397,0.226,2.29,UKR,True,0.615,0.539,0.82,0.52,0.77,0.884,1.0,0.78,0.96,0.0,0.0,0.0,0.63,0.239,1.0,0.761,7.983,3.733,62.5,64.1,29.517,32.167,0.3,0.213,0.643,0.889,1.0,1.215,0.05,0.001,0.3682,0.4321,0.064,0.4321,1.1408,0.157,1.962,1.915,0.0005,0.4335,0.73,0.03,0.01,1.962,1.915,0.0005,0.4335,0.7319,0.5484,0.1342,0.8218,0.2259,1.76,0.751,urbanizing-majority,0.12,-0.0039,0.9763,0.8514,0.919,0.6952,0.3872,0.9167,64.1,False
ESP,Spain,Portuguese,immigrant,1.1,1.43,1.2,1.47,0.7,0.68,-0.02,0.65,0.03,0.69,-0.0,0.68,0.69,0.68,0.69,0.02,0.7,-0.0,0.01,335374,307737,0.484,0.397,0.226,2.29,unspecified,True,0.5,0.48,0.56,0.42,0.77,0.884,1.0,0.78,0.883,0.0,0.0,0.0,0.63,0.239,1.0,0.761,7.983,3.733,62.5,64.1,29.517,32.167,0.3,0.213,0.643,0.889,1.0,1.215,0.05,0.001,0.3682,0.4321,0.064,0.4321,1.1408,0.157,1.962,1.915,0.0005,0.4335,0.7,-0.0,0.01,1.962,1.915,0.0005,0.4335,0.7319,0.5484,0.1342,0.8218,0.2259,1.76,0.751,urbanizing-majority,0.12,-0.0039,0.9763,0.8514,0.919,0.6952,0.3872,0.9167,64.1,False
ESP,Spain,Other,immigrant,1.2,1.47,1.2,1.47,1.2,1.27,0.07,1.17,0.11,1.26,0.02,1.25,1.31,1.25,1.31,0.06,1.29,0.09,0.02,574926,572590,0.484,0.397,0.226,2.29,NGA;ETH;GHA;KEN;UGA;TZA;RWA;COD;CIV;CMR;SEN;ZMB;ZWE;MOZ;MWI;AGO;SDN;SOM;ERI;BFA;NER;MLI;GIN;SLE;LBR;BEN;TGO;GMB,True,0.711,0.785,0.574,0.717,0.77,0.915,1.0,0.78,1.04,0.0,0.0,0.0,0.63,0.239,1.0,0.761,7.983,3.733,62.5,64.1,29.517,32.167,0.3,0.213,0.643,0.889,1.0,1.215,0.05,0.001,0.3682,0.4321,0.064,0.4321,1.1408,0.157,1.962,1.915,0.0005,0.4335,1.29,0.09,0.02,1.962,1.915,0.0005,0.4335,0.7319,0.5484,0.1342,0.8218,0.2259,1.76,0.751,urbanizing-majority,0.12,-0.0039,0.9763,0.8514,0.919,0.6952,0.3872,0.9167,64.1,False
EST,Estonia,Estonian,majority,1.5,1.68,1.5,1.68,69.1,71.39,2.29,72.02,-0.63,71.39,0.0,71.49,71.26,71.26,71.49,0.23,70.99,1.89,-0.4,940139,838319,0.483,0.403,0.195,2.248,unspecified,False,0.5,0.48,0.56,0.42,0.68,1.3,1.0,0.78,0.982,0.0,0.0,0.0,0.0,0.0,1.0,0.761,11.077,5.59,63.5,61.62,25.423,32.79,0.251,0.072,0.916,0.896,1.0,1.208,0.0,0.001,0.4641,0.4452,-0.0189,0.4452,1.0523,0.174,1.931,1.9,0.0005,0.4495,70.99,1.89,-0.4,1.931,1.9,0.0005,0.4495,0.7309,0.5402,0.1505,0.8342,0.213,1.8,0.722,urbanizing-majority,0.134,0.0028,0.9111,0.9081,0.9043,0.6813,0.4422,0.945,61.62,True
EST,Estonia,Russian,low_fertility,1.1,1.52,1.5,1.68,23.7,20.54,-3.16,20.72,-0.19,20.54,0.0,20.7,20.36,20.36,20.7,0.34,20.85,-2.85,0.31,322450,241153,0.483,0.403,0.195,2.248,unspecified,False,0.5,0.48,0.56,0.42,0.68,1.205,1.0,0.78,0.951,0.0,0.0,0.0,0.0,0.0,1.0,0.761,11.077,5.59,63.5,61.62,25.423,32.79,0.251,0.072,0.916,0.896,1.0,1.208,0.0,0.001,0.4641,0.4452,-0.0189,0.4452,1.0523,0.174,1.931,1.9,0.0005,0.4495,20.85,-2.85,0.31,1.931,1.9,0.0005,0.4495,0.7309,0.5402,0.1505,0.8342,0.213,1.8,0.722,urbanizing-majority,0.134,0.0028,0.9111,0.9081,0.9043,0.6813,0.4422,0.945,61.62,False
EST,Estonia,Ukrainian,immigrant,1.5,1.68,1.5,1.68,2.1,2.45,0.35,2.16,0.29,2.45,0.0,2.36,2.56,2.36,2.56,0.2,2.47,0.37,0.02,28572,28774,0.483,0.403,0.195,2.248,UKR,True,0.615,0.539,0.82,0.52,0.68,0.956,1.0,0.78,0.941,0.0,0.0,0.0,0.0,0.0,1.0,0.761,11.077,5.59,63.5,61.62,25.423,32.79,0.251,0.072,0.916,0.896,1.0,1.208,0.0,0.001,0.4641,0.4452,-0.0189,0.4452,1.0523,0.174,1.931,1.9,0.0005,0.4495,2.47,0.37,0.02,1.931,1.9,0.0005,0.4495,0.7309,0.5402,0.1505,0.8342,0.213,1.8,0.722,urbanizing-majority,0.134,0.0028,0.9111,0.9081,0.9043,0.6813,0.4422,0.945,61.62,False
EST,Estonia,Belarusian,low_fertility,1.1,1.52,1.5,1.68,1.0,0.87,-0.13,0.87,-0.01,0.87,0.0,0.87,0.86,0.86,0.87,0.01,0.88,-0.12,0.01,13605,10175,0.483,0.403,0.195,2.248,unspecified,False,0.5,0.48,0.56,0.42,0.68,0.903,1.0,0.78,0.85,0.0,0.0,0.0,0.0,0.0,1.0,0.761,11.077,5.59,63.5,61.62,25.423,32.79,0.251,0.072,0.916,0.896,1.0,1.208,0.0,0.001,0.4641,0.4452,-0.0189,0.4452,1.0523,0.174,1.931,1.9,0.0005,0.4495,0.88,-0.12,0.01,1.931,1.9,0.0005,0.4495,0.7309,0.5402,0.1505,0.8342,0.213,1.8,0.722,urbanizing-majority,0.134,0.0028,0.9111,0.9081,0.9043,0.6813,0.4422,0.945,61.62,False
EST,Estonia,Other,immigrant,1.5,1.68,1.5,1.68,4.1,4.76,0.66,4.22,0.54,4.76,0.0,4.58,4.96,4.58,4.96,0.38,4.8,0.7,0.05,55782,55843,0.483,0.403,0.195,2.248,unspecified,True,0.5,0.48,0.56,0.42,0.68,1.016,1.0,0.78,0.888,0.0,0.0,0.0,0.0,0.0,1.0,0.761,11.077,5.59,63.5,61.62,25.423,32.79,0.251,0.072,0.916,0.896,1.0,1.208,0.0,0.001,0.4641,0.4452,-0.0189,0.4452,1.0523,0.174,1.931,1.9,0.0005,0.4495,4.8,0.7,0.05,1.931,1.9,0.0005,0.4495,0.7309,0.5402,0.1505,0.8342,0.213,1.8,0.722,urbanizing-majority,0.134,0.0028,0.9111,0.9081,0.9043,0.6813,0.4422,0.945,61.62,False
ETH,Ethiopia,Oromo,majority,3.9,3.09,3.9,3.09,35.8,35.75,-0.05,35.75,0.0,35.75,0.0,35.76,35.73,35.73,35.76,0.03,35.59,-0.21,-0.15,47277398,80434233,0.0,0.0,0.0,1.25,unspecified,False,0.5,0.48,0.56,0.42,0.454,1.253,1.0,0.78,0.828,0.88,0.0,0.81,0.0,0.0,1.0,0.761,41.344,42.675,56.5,52.74,2.156,4.585,0.251,0.0,1.0,0.782,1.0,1.0,0.0,0.001,0.7837,0.7852,0.0014,0.7852,2.5303,0.3301,2.083,2.347,0.0005,0.7858,35.59,-0.21,-0.15,2.083,2.347,0.0005,0.7858,0.3383,0.2285,0.2537,0.6234,0.2578,4.65,0.331,rural-heavy,0.0,0.1207,0.8,0.4673,0.6304,0.0336,0.6919,0.0,52.74,True
ETH,Ethiopia,Amhara,majority,3.9,3.09,3.9,3.09,24.1,23.83,-0.27,23.83,0.0,23.83,0.0,23.84,23.82,23.82,23.84,0.02,23.85,-0.25,0.02,31826405,53629270,0.0,0.0,0.0,1.25,unspecified,False,0.5,0.48,0.56,0.42,0.454,1.207,1.0,0.78,0.818,0.88,0.0,0.81,0.0,0.0,1.0,0.761,41.344,42.675,56.5,52.74,2.156,4.585,0.251,0.0,1.0,0.782,1.0,1.0,0.0,0.001,0.7837,0.7852,0.0014,0.7852,2.5303,0.3301,2.083,2.347,0.0005,0.7858,23.85,-0.25,0.02,2.083,2.347,0.0005,0.7858,0.3383,0.2285,0.2537,0.6234,0.2578,4.65,0.331,rural-heavy,0.0,0.1207,0.8,0.4673,0.6304,0.0336,0.6919,0.0,52.74,False
ETH,Ethiopia,Somali,high_fertility,4.65,3.39,3.9,3.09,7.2,8.14,0.94,8.14,0.0,8.14,0.0,8.1,8.17,8.1,8.17,0.07,8.05,0.85,-0.08,9508303,18309932,0.0,0.0,0.0,1.25,SOM;ETH;KEN,False,0.717,0.799,0.567,0.747,0.454,1.072,1.0,0.78,0.892,0.88,0.0,0.81,0.0,0.0,1.0,0.761,41.344,42.675,56.5,52.74,2.156,4.585,0.251,0.0,1.0,0.782,1.0,1.0,0.0,0.001,0.7837,0.7852,0.0014,0.7852,2.5303,0.3301,2.083,2.347,0.0005,0.7858,8.05,0.85,-0.08,2.083,2.347,0.0005,0.7858,0.3383,0.2285,0.2537,0.6234,0.2578,4.65,0.331,rural-heavy,0.0,0.1207,0.8,0.4673,0.6304,0.0336,0.6919,0.0,52.74,False
ETH,Ethiopia,Tigray,majority,3.9,3.09,3.9,3.09,5.7,5.64,-0.06,5.64,0.0,5.64,0.0,5.64,5.63,5.63,5.64,0.0,5.64,-0.06,0.01,7527407,12684101,0.0,0.0,0.0,1.25,unspecified,False,0.5,0.48,0.56,0.42,0.454,1.048,1.0,0.78,0.783,0.88,0.0,0.81,0.0,0.0,1.0,0.761,41.344,42.675,56.5,52.74,2.156,4.585,0.251,0.0,1.0,0.782,1.0,1.0,0.0,0.001,0.7837,0.7852,0.0014,0.7852,2.5303,0.3301,2.083,2.347,0.0005,0.7858,5.64,-0.06,0.01,2.083,2.347,0.0005,0.7858,0.3383,0.2285,0.2537,0.6234,0.2578,4.65,0.331,rural-heavy,0.0,0.1207,0.8,0.4673,0.6304,0.0336,0.6919,0.0,52.74,False
ETH,Ethiopia,Sidama,majority,3.9,3.09,3.9,3.09,4.1,4.05,-0.05,4.05,0.0,4.05,0.0,4.06,4.05,4.05,4.06,0.0,4.06,-0.04,0.0,5414451,9123652,0.0,0.0,0.0,1.25,unspecified,False,0.5,0.48,0.56,0.42,0.454,1.016,1.0,0.78,0.775,0.88,0.0,0.81,0.0,0.0,1.0,0.761,41.344,42.675,56.5,52.74,2.156,4.585,0.251,0.0,1.0,0.782,1.0,1.0,0.0,0.001,0.7837,0.7852,0.0014,0.7852,2.5303,0.3301,2.083,2.347,0.0005,0.7858,4.06,-0.04,0.0,2.083,2.347,0.0005,0.7858,0.3383,0.2285,0.2537,0.6234,0.2578,4.65,0.331,rural-heavy,0.0,0.1207,0.8,0.4673,0.6304,0.0336,0.6919,0.0,52.74,False
ETH,Ethiopia,Gurage,majority,3.9,3.09,3.9,3.09,2.5,2.47,-0.03,2.47,0.0,2.47,0.0,2.47,2.47,2.47,2.47,0.0,2.47,-0.03,0.0,3301494,5563202,0.0,0.0,0.0,1.25,unspecified,False,0.5,0.48,0.56,0.42,0.454,0.97,1.0,0.78,0.765,0.88,0.0,0.81,0.0,0.0,1.0,0.761,41.344,42.675,56.5,52.74,2.156,4.585,0.251,0.0,1.0,0.782,1.0,1.0,0.0,0.001,0.7837,0.7852,0.0014,0.7852,2.5303,0.3301,2.083,2.347,0.0005,0.7858,2.47,-0.03,0.0,2.083,2.347,0.0005,0.7858,0.3383,0.2285,0.2537,0.6234,0.2578,4.65,0.331,rural-heavy,0.0,0.1207,0.8,0.4673,0.6304,0.0336,0.6919,0.0,52.74,False
ETH,Ethiopia,Welaita,majority,3.9,3.09,3.9,3.09,2.3,2.27,-0.03,2.27,0.0,2.27,0.0,2.28,2.27,2.27,2.28,0.0,2.28,-0.02,0.0,3037375,5118146,0.0,0.0,0.0,1.25,unspecified,False,0.5,0.48,0.56,0.42,0.454,0.963,1.0,0.78,0.764,0.88,0.0,0.81,0.0,0.0,1.0,0.761,41.344,42.675,56.5,52.74,2.156,4.585,0.251,0.0,1.0,0.782,1.0,1.0,0.0,0.001,0.7837,0.7852,0.0014,0.7852,2.5303,0.3301,2.083,2.347,0.0005,0.7858,2.28,-0.02,0.0,2.083,2.347,0.0005,0.7858,0.3383,0.2285,0.2537,0.6234,0.2578,4.65,0.331,rural-heavy,0.0,0.1207,0.8,0.4673,0.6304,0.0336,0.6919,0.0,52.74,False
ETH,Ethiopia,Hadiya,majority,3.9,3.09,3.9,3.09,1.7,1.68,-0.02,1.68,0.0,1.68,0.0,1.68,1.68,1.68,1.68,0.0,1.68,-0.02,0.0,2245016,3782978,0.0,0.0,0.0,1.25,unspecified,False,0.5,0.48,0.56,0.42,0.454,0.939,1.0,0.78,0.758,0.88,0.0,0.81,0.0,0.0,1.0,0.761,41.344,42.675,56.5,52.74,2.156,4.585,0.251,0.0,1.0,0.782,1.0,1.0,0.0,0.001,0.7837,0.7852,0.0014,0.7852,2.5303,0.3301,2.083,2.347,0.0005,0.7858,1.68,-0.02,0.0,2.083,2.347,0.0005,0.7858,0.3383,0.2285,0.2537,0.6234,0.2578,4.65,0.331,rural-heavy,0.0,0.1207,0.8,0.4673,0.6304,0.0336,0.6919,0.0,52.74,False
ETH,Ethiopia,Afar,majority,3.9,3.09,3.9,3.09,1.7,1.68,-0.02,1.68,0.0,1.68,0.0,1.68,1.68,1.68,1.68,0.0,1.68,-0.02,0.0,2245016,3782978,0.0,0.0,0.0,1.25,unspecified,False,0.5,0.48,0.56,0.42,0.454,0.939,1.0,0.78,0.758,0.88,0.0,0.81,0.0,0.0,1.0,0.761,41.344,42.675,56.5,52.74,2.156,4.585,0.251,0.0,1.0,0.782,1.0,1.0,0.0,0.001,0.7837,0.7852,0.0014,0.7852,2.5303,0.3301,2.083,2.347,0.0005,0.7858,1.68,-0.02,0.0,2.083,2.347,0.0005,0.7858,0.3383,0.2285,0.2537,0.6234,0.2578,4.65,0.331,rural-heavy,0.0,0.1207,0.8,0.4673,0.6304,0.0336,0.6919,0.0,52.74,False
ETH,Ethiopia,Gamo,majority,3.9,3.09,3.9,3.09,1.5,1.48,-0.02,1.48,0.0,1.48,0.0,1.48,1.48,1.48,1.48,0.0,1.48,-0.02,0.0,1980897,3337921,0.0,0.0,0.0,1.25,unspecified,False,0.5,0.48,0.56,0.42,0.454,0.93,1.0,0.78,0.756,0.88,0.0,0.81,0.0,0.0,1.0,0.761,41.344,42.675,56.5,52.74,2.156,4.585,0.251,0.0,1.0,0.782,1.0,1.0,0.0,0.001,0.7837,0.7852,0.0014,0.7852,2.5303,0.3301,2.083,2.347,0.0005,0.7858,1.48,-0.02,0.0,2.083,2.347,0.0005,0.7858,0.3383,0.2285,0.2537,0.6234,0.2578,4.65,0.331,rural-heavy,0.0,0.1207,0.8,0.4673,0.6304,0.0336,0.6919,0.0,52.74,False
ETH,Ethiopia,Other,assimilating,3.9,3.09,3.9,3.09,13.4,13.0,-0.4,13.0,0.0,13.0,0.0,13.01,13.0,13.0,13.01,0.01,13.2,-0.2,0.2,17696009,29255458,0.0,0.0,0.0,1.25,unspecified,False,0.5,0.48,0.56,0.42,0.454,1.14,1.0,0.78,0.803,0.88,0.0,0.81,0.0,0.0,1.0,0.761,41.344,42.675,56.5,52.74,2.156,4.585,0.251,0.0,1.0,0.782,1.0,1.0,0.0,0.001,0.7837,0.7852,0.0014,0.7852,2.5303,0.3301,2.083,2.347,0.0005,0.7858,13.2,-0.2,0.2,2.083,2.347,0.0005,0.7858,0.3383,0.2285,0.2537,0.6234,0.2578,4.65,0.331,rural-heavy,0.0,0.1207,0.8,0.4673,0.6304,0.0336,0.6919,0.0,52.74,False
FIN,Finland,Finnish,majority,1.3,1.54,1.3,1.54,86.9,85.83,-1.07,86.68,-0.85,85.89,-0.05,86.11,85.51,85.51,86.11,0.6,85.77,-1.13,-0.07,4881443,4593553,0.417,0.341,0.194,2.145,unspecified,False,0.5,0.48,0.56,0.42,0.739,1.3,1.0,0.78,1.02,0.0,0.0,0.0,0.565,0.384,1.0,0.761,10.264,5.507,63.5,64.58,26.236,29.913,0.26,0.074,0.916,0.908,1.0,1.185,0.06,0.001,0.2402,0.2581,0.018,0.2581,0.5956,0.1295,1.854,1.766,0.0005,0.2592,85.77,-1.13,-0.07,1.854,1.766,0.0005,0.2592,0.7824,0.5281,0.113,0.8531,0.1977,1.35,0.779,urbanizing-majority,0.092,-0.0031,0.9477,0.9375,0.9495,0.7513,0.342,0.8142,64.58,True
FIN,Finland,Swedish-speaking,majority,1.3,1.54,1.3,1.54,5.2,5.13,-0.07,5.18,-0.05,5.13,-0.0,5.14,5.11,5.11,5.14,0.04,5.13,-0.07,0.0,292100,274289,0.417,0.341,0.194,2.145,unspecified,False,0.5,0.48,0.56,0.42,0.739,1.039,1.0,0.78,0.926,0.0,0.0,0.0,0.565,0.384,1.0,0.761,10.264,5.507,63.5,64.58,26.236,29.913,0.26,0.074,0.916,0.908,1.0,1.185,0.06,0.001,0.2402,0.2581,0.018,0.2581,0.5956,0.1295,1.854,1.766,0.0005,0.2592,5.13,-0.07,0.0,1.854,1.766,0.0005,0.2592,0.7824,0.5281,0.113,0.8531,0.1977,1.35,0.779,urbanizing-majority,0.092,-0.0031,0.9477,0.9375,0.9495,0.7513,0.342,0.8142,64.58,False
FIN,Finland,Russian,immigrant,1.3,1.54,1.3,1.54,1.5,1.66,0.16,1.48,0.18,1.66,-0.0,1.6,1.73,1.6,1.73,0.12,1.68,0.18,0.02,84260,88807,0.417,0.341,0.194,2.145,unspecified,True,0.5,0.48,0.56,0.42,0.739,0.93,1.0,0.78,0.886,0.0,0.0,0.0,0.565,0.384,1.0,0.761,10.264,5.507,63.5,64.58,26.236,29.913,0.26,0.074,0.916,0.908,1.0,1.185,0.06,0.001,0.2402,0.2581,0.018,0.2581,0.5956,0.1295,1.854,1.766,0.0005,0.2592,1.68,0.18,0.02,1.854,1.766,0.0005,0.2592,0.7824,0.5281,0.113,0.8531,0.1977,1.35,0.779,urbanizing-majority,0.092,-0.0031,0.9477,0.9375,0.9495,0.7513,0.342,0.8142,64.58,False
FIN,Finland,Estonian,immigrant,1.3,1.54,1.3,1.54,0.9,0.99,0.09,0.89,0.11,0.99,-0.0,0.96,1.03,0.96,1.03,0.07,1.01,0.11,0.01,50556,53199,0.417,0.341,0.194,2.145,unspecified,True,0.5,0.48,0.56,0.42,0.739,0.897,1.0,0.78,0.874,0.0,0.0,0.0,0.565,0.384,1.0,0.761,10.264,5.507,63.5,64.58,26.236,29.913,0.26,0.074,0.916,0.908,1.0,1.185,0.06,0.001,0.2402,0.2581,0.018,0.2581,0.5956,0.1295,1.854,1.766,0.0005,0.2592,1.01,0.11,0.01,1.854,1.766,0.0005,0.2592,0.7824,0.5281,0.113,0.8531,0.1977,1.35,0.779,urbanizing-majority,0.092,-0.0031,0.9477,0.9375,0.9495,0.7513,0.342,0.8142,64.58,False
FIN,Finland,Somali,high_fertility,2.05,1.84,1.3,1.54,0.6,0.86,0.26,0.79,0.07,0.8,0.06,0.83,0.89,0.83,0.89,0.06,0.84,0.24,-0.02,33704,46075,0.417,0.341,0.194,2.145,NGA;ETH;GHA;KEN;UGA;TZA;RWA;COD;CIV;CMR;SEN;ZMB;ZWE;MOZ;MWI;AGO;SDN;SOM;ERI;BFA;NER;MLI;GIN;SLE;LBR;BEN;TGO;GMB,True,0.711,0.785,0.574,0.717,0.739,0.876,1.005,0.78,1.003,0.0,0.0,0.0,0.565,0.384,1.0,0.761,10.264,5.507,63.5,64.58,26.236,29.913,0.26,0.074,0.916,0.908,1.0,1.185,0.06,0.001,0.2402,0.2581,0.018,0.2581,0.5956,0.1295,1.854,1.766,0.0005,0.2592,0.84,0.24,-0.02,1.854,1.766,0.0005,0.2592,0.7824,0.5281,0.113,0.8531,0.1977,1.35,0.779,urbanizing-majority,0.092,-0.0031,0.9477,0.9375,0.9495,0.7513,0.342,0.8142,64.58,False
FIN,Finland,Iraqi,high_fertility,2.05,1.84,1.3,1.54,0.5,0.65,0.15,0.65,-0.01,0.65,-0.0,0.64,0.65,0.64,0.65,0.01,0.63,0.13,-0.02,28087,34667,0.417,0.341,0.194,2.145,IRQ,False,0.651,0.702,0.58,0.7,0.739,0.869,1.0,0.78,0.959,0.0,0.0,0.0,0.565,0.384,1.0,0.761,10.264,5.507,63.5,64.58,26.236,29.913,0.26,0.074,0.916,0.908,1.0,1.185,0.06,0.001,0.2402,0.2581,0.018,0.2581,0.5956,0.1295,1.854,1.766,0.0005,0.2592,0.63,0.13,-0.02,1.854,1.766,0.0005,0.2592,0.7824,0.5281,0.113,0.8531,0.1977,1.35,0.779,urbanizing-majority,0.092,-0.0031,0.9477,0.9375,0.9495,0.7513,0.342,0.8142,64.58,False
FIN,Finland,Vietnamese,immigrant,1.3,1.54,1.3,1.54,0.3,0.34,0.04,0.3,0.04,0.34,-0.0,0.32,0.35,0.32,0.35,0.03,0.34,0.04,0.0,16852,18004,0.417,0.341,0.194,2.145,VNM,True,0.71,0.674,0.84,0.68,0.739,0.851,1.0,0.78,0.988,0.0,0.0,0.0,0.565,0.384,1.0,0.761,10.264,5.507,63.5,64.58,26.236,29.913,0.26,0.074,0.916,0.908,1.0,1.185,0.06,0.001,0.2402,0.2581,0.018,0.2581,0.5956,0.1295,1.854,1.766,0.0005,0.2592,0.34,0.04,0.0,1.854,1.766,0.0005,0.2592,0.7824,0.5281,0.113,0.8531,0.1977,1.35,0.779,urbanizing-majority,0.092,-0.0031,0.9477,0.9375,0.9495,0.7513,0.342,0.8142,64.58,False
FIN,Finland,Sami (indigenous),majority,1.3,1.54,1.3,1.54,0.1,0.1,-0.0,0.1,-0.0,0.1,-0.0,0.1,0.1,0.1,0.1,0.0,0.1,-0.0,0.0,5617,5275,0.417,0.341,0.194,2.145,unspecified,False,0.5,0.48,0.56,0.42,0.739,0.831,1.0,0.78,0.851,0.0,0.0,0.0,0.565,0.384,1.0,0.761,10.264,5.507,63.5,64.58,26.236,29.913,0.26,0.074,0.916,0.908,1.0,1.185,0.06,0.001,0.2402,0.2581,0.018,0.2581,0.5956,0.1295,1.854,1.766,0.0005,0.2592,0.1,-0.0,0.0,1.854,1.766,0.0005,0.2592,0.7824,0.5281,0.113,0.8531,0.1977,1.35,0.779,urbanizing-majority,0.092,-0.0031,0.9477,0.9375,0.9495,0.7513,0.342,0.8142,64.58,False
FIN,Finland,Other,immigrant,1.3,1.54,1.3,1.54,4.0,4.44,0.44,3.94,0.5,4.45,-0.0,4.29,4.63,4.29,4.63,0.34,4.51,0.51,0.07,224692,237777,0.417,0.341,0.194,2.145,unspecified,True,0.5,0.48,0.56,0.42,0.739,1.013,1.0,0.78,0.916,0.0,0.0,0.0,0.565,0.384,1.0,0.761,10.264,5.507,63.5,64.58,26.236,29.913,0.26,0.074,0.916,0.908,1.0,1.185,0.06,0.001,0.2402,0.2581,0.018,0.2581,0.5956,0.1295,1.854,1.766,0.0005,0.2592,4.51,0.51,0.07,1.854,1.766,0.0005,0.2592,0.7824,0.5281,0.113,0.8531,0.1977,1.35,0.779,urbanizing-majority,0.092,-0.0031,0.9477,0.9375,0.9495,0.7513,0.342,0.8142,64.58,False
FJI,Fiji,iTaukei (indigenous Fijian),high_fertility,3.55,2.68,2.7,2.34,56.8,63.71,6.91,63.71,0.0,63.71,0.0,63.47,63.95,63.47,63.95,0.48,62.88,6.08,-0.84,527558,637282,0.0,0.0,0.0,1.25,unspecified,False,0.5,0.48,0.56,0.42,0.454,1.3,1.0,0.78,0.839,0.0,0.0,0.0,0.0,0.0,1.0,0.761,26.369,21.796,66.5,60.9,7.131,17.304,0.251,0.0,1.0,0.877,1.0,1.0,0.0,0.001,0.5346,0.4957,-0.0389,0.4957,1.1203,0.1195,1.917,1.998,0.0005,0.5016,62.88,6.08,-0.84,1.917,1.998,0.0005,0.5016,0.7515,0.297,0.1147,0.8116,0.1781,1.98,0.55,mixed-rural-urban,0.0,0.11,0.8278,0.8611,0.8345,0.6762,0.2025,0.2411,60.9,True
FJI,Fiji,Fijian Indian,low_fertility,2.3,2.18,2.7,2.34,37.5,31.08,-6.42,31.08,0.0,31.08,0.0,31.31,30.86,30.86,31.31,0.45,31.8,-5.7,0.72,348300,310886,0.0,0.0,0.0,1.25,IND;PAK;BGD;LKA;NPL,False,0.718,0.719,0.752,0.684,0.454,1.258,1.0,0.78,0.951,0.0,0.0,0.0,0.0,0.0,1.0,0.761,26.369,21.796,66.5,60.9,7.131,17.304,0.251,0.0,1.0,0.877,1.0,1.0,0.0,0.001,0.5346,0.4957,-0.0389,0.4957,1.1203,0.1195,1.917,1.998,0.0005,0.5016,31.8,-5.7,0.72,1.917,1.998,0.0005,0.5016,0.7515,0.297,0.1147,0.8116,0.1781,1.98,0.55,mixed-rural-urban,0.0,0.11,0.8278,0.8611,0.8345,0.6762,0.2025,0.2411,60.9,False
FJI,Fiji,Rotuman,majority,2.7,2.34,2.7,2.34,1.2,1.11,-0.09,1.11,0.0,1.11,0.0,1.11,1.11,1.11,1.11,0.01,1.12,-0.08,0.01,11146,11104,0.0,0.0,0.0,1.25,unspecified,False,0.5,0.48,0.56,0.42,0.454,0.915,1.0,0.78,0.753,0.0,0.0,0.0,0.0,0.0,1.0,0.761,26.369,21.796,66.5,60.9,7.131,17.304,0.251,0.0,1.0,0.877,1.0,1.0,0.0,0.001,0.5346,0.4957,-0.0389,0.4957,1.1203,0.1195,1.917,1.998,0.0005,0.5016,1.12,-0.08,0.01,1.917,1.998,0.0005,0.5016,0.7515,0.297,0.1147,0.8116,0.1781,1.98,0.55,mixed-rural-urban,0.0,0.11,0.8278,0.8611,0.8345,0.6762,0.2025,0.2411,60.9,False
FJI,Fiji,Other,assimilating,2.7,2.34,2.7,2.34,4.5,4.1,-0.4,4.1,0.0,4.1,0.0,4.11,4.09,4.09,4.11,0.03,4.2,-0.3,0.1,41796,40993,0.0,0.0,0.0,1.25,unspecified,False,0.5,0.48,0.56,0.42,0.454,1.025,1.0,0.78,0.777,0.0,0.0,0.0,0.0,0.0,1.0,0.761,26.369,21.796,66.5,60.9,7.131,17.304,0.251,0.0,1.0,0.877,1.0,1.0,0.0,0.001,0.5346,0.4957,-0.0389,0.4957,1.1203,0.1195,1.917,1.998,0.0005,0.5016,4.2,-0.3,0.1,1.917,1.998,0.0005,0.5016,0.7515,0.297,0.1147,0.8116,0.1781,1.98,0.55,mixed-rural-urban,0.0,0.11,0.8278,0.8611,0.8345,0.6762,0.2025,0.2411,60.9,False
FRA,France,French (native),majority,1.7,1.82,1.7,1.82,83.0,75.78,-7.22,80.38,-4.6,75.94,-0.16,77.36,73.84,73.84,77.36,3.52,76.11,-6.89,0.33,55235282,51697330,0.171,0.136,0.084,1.623,unspecified,False,0.5,0.48,0.56,0.42,0.616,1.3,1.0,0.8,0.946,0.0,0.96,0.0,0.595,0.595,1.0,0.761,12.088,7.899,63.0,60.56,24.912,31.541,0.3,0.055,0.959,0.897,1.0,1.077,0.08,0.0008,0.3073,0.4155,0.1082,0.4155,1.0671,0.1497,2.014,1.92,0.0004,0.411,76.11,-6.89,0.33,2.014,1.92,0.0004,0.411,0.7074,0.4544,0.084,0.8157,0.1992,1.71,0.837,metropolitan-heavy,0.028,0.0003,0.9721,0.8468,0.947,0.6469,0.4421,0.8882,60.56,True
FRA,France,Algerian origin,high_fertility,2.4,2.1,1.7,1.82,2.8,4.12,1.32,3.38,0.73,4.12,-0.01,3.86,4.41,3.86,4.41,0.55,4.04,1.24,-0.08,1863359,2807261,0.171,0.136,0.084,1.623,DZA,True,0.632,0.626,0.68,0.6,0.616,0.98,1.3,0.8,1.041,0.0,0.96,0.0,0.595,0.595,1.0,0.761,12.088,7.899,63.0,60.56,24.912,31.541,0.3,0.055,0.959,0.897,1.0,1.077,0.08,0.0008,0.3073,0.4155,0.1082,0.4155,1.0671,0.1497,2.014,1.92,0.0004,0.411,4.04,1.24,-0.08,2.014,1.92,0.0004,0.411,0.7074,0.4544,0.084,0.8157,0.1992,1.71,0.837,metropolitan-heavy,0.028,0.0003,0.9721,0.8468,0.947,0.6469,0.4421,0.8882,60.56,False
FRA,France,Moroccan origin,high_fertility,2.5,2.14,1.7,1.82,2.6,3.9,1.3,3.22,0.68,3.91,-0.01,3.66,4.18,3.66,4.18,0.52,3.82,1.22,-0.08,1730262,2660559,0.171,0.136,0.084,1.623,MAR,True,0.63,0.613,0.7,0.58,0.616,0.974,1.28,0.8,1.029,0.0,0.96,0.0,0.595,0.595,1.0,0.761,12.088,7.899,63.0,60.56,24.912,31.541,0.3,0.055,0.959,0.897,1.0,1.077,0.08,0.0008,0.3073,0.4155,0.1082,0.4155,1.0671,0.1497,2.014,1.92,0.0004,0.411,3.82,1.22,-0.08,2.014,1.92,0.0004,0.411,0.7074,0.4544,0.084,0.8157,0.1992,1.71,0.837,metropolitan-heavy,0.028,0.0003,0.9721,0.8468,0.947,0.6469,0.4421,0.8882,60.56,False
FRA,France,Tunisian origin,high_fertility,2.3,2.06,1.7,1.82,0.9,1.26,0.36,1.06,0.2,1.26,-0.0,1.19,1.34,1.19,1.34,0.14,1.24,0.34,-0.02,598937,858326,0.171,0.136,0.084,1.623,TUN,True,0.589,0.536,0.74,0.52,0.616,0.897,1.22,0.8,0.943,0.0,0.96,0.0,0.595,0.595,1.0,0.761,12.088,7.899,63.0,60.56,24.912,31.541,0.3,0.055,0.959,0.897,1.0,1.077,0.08,0.0008,0.3073,0.4155,0.1082,0.4155,1.0671,0.1497,2.014,1.92,0.0004,0.411,1.24,0.34,-0.02,2.014,1.92,0.0004,0.411,0.7074,0.4544,0.084,0.8157,0.1992,1.71,0.837,metropolitan-heavy,0.028,0.0003,0.9721,0.8468,0.947,0.6469,0.4421,0.8882,60.56,False
FRA,France,Other North African,high_fertility,2.5,2.14,1.7,1.82,0.7,1.0,0.3,0.87,0.13,1.0,-0.0,0.95,1.05,0.95,1.05,0.1,0.98,0.28,-0.02,465840,682094,0.171,0.136,0.084,1.623,unspecified,True,0.5,0.48,0.56,0.42,0.616,0.884,1.0,0.8,0.819,0.0,0.96,0.0,0.595,0.595,1.0,0.761,12.088,7.899,63.0,60.56,24.912,31.541,0.3,0.055,0.959,0.897,1.0,1.077,0.08,0.0008,0.3073,0.4155,0.1082,0.4155,1.0671,0.1497,2.014,1.92,0.0004,0.411,0.98,0.28,-0.02,2.014,1.92,0.0004,0.411,0.7074,0.4544,0.084,0.8157,0.1992,1.71,0.837,metropolitan-heavy,0.028,0.0003,0.9721,0.8468,0.947,0.6469,0.4421,0.8882,60.56,False
FRA,France,Sub-Saharan African,high_fertility,2.8,2.26,1.7,1.82,4.0,7.86,3.86,5.31,2.55,7.66,0.2,6.95,9.0,6.95,9.0,2.05,7.63,3.63,-0.22,2661941,5358764,0.171,0.136,0.084,1.623,NGA;ETH;GHA;KEN;UGA;TZA;RWA;COD;CIV;CMR;SEN;ZMB;ZWE;MOZ;MWI;AGO;SDN;SOM;ERI;BFA;NER;MLI;GIN;SLE;LBR;BEN;TGO;GMB,True,0.711,0.785,0.574,0.717,0.616,1.013,1.03,0.8,1.002,0.0,0.96,0.0,0.595,0.595,1.0,0.761,12.088,7.899,63.0,60.56,24.912,31.541,0.3,0.055,0.959,0.897,1.0,1.077,0.08,0.0008,0.3073,0.4155,0.1082,0.4155,1.0671,0.1497,2.014,1.92,0.0004,0.411,7.63,3.63,-0.22,2.014,1.92,0.0004,0.411,0.7074,0.4544,0.084,0.8157,0.1992,1.71,0.837,metropolitan-heavy,0.028,0.0003,0.9721,0.8468,0.947,0.6469,0.4421,0.8882,60.56,False
FRA,France,Portuguese,immigrant,1.6,1.78,1.7,1.82,1.4,1.44,0.04,1.3,0.13,1.44,-0.0,1.4,1.47,1.4,1.47,0.07,1.47,0.07,0.03,931679,979177,0.171,0.136,0.084,1.623,unspecified,True,0.5,0.48,0.56,0.42,0.616,0.925,1.0,0.8,0.832,0.0,0.96,0.0,0.595,0.595,1.0,0.761,12.088,7.899,63.0,60.56,24.912,31.541,0.3,0.055,0.959,0.897,1.0,1.077,0.08,0.0008,0.3073,0.4155,0.1082,0.4155,1.0671,0.1497,2.014,1.92,0.0004,0.411,1.47,0.07,0.03,2.014,1.92,0.0004,0.411,0.7074,0.4544,0.084,0.8157,0.1992,1.71,0.837,metropolitan-heavy,0.028,0.0003,0.9721,0.8468,0.947,0.6469,0.4421,0.8882,60.56,False
FRA,France,Italian,immigrant,1.6,1.78,1.7,1.82,0.9,0.88,-0.02,0.84,0.04,0.88,-0.0,0.87,0.88,0.87,0.88,0.01,0.89,-0.01,0.02,598937,597202,0.171,0.136,0.084,1.623,unspecified,True,0.5,0.48,0.56,0.42,0.616,0.897,1.0,0.8,0.823,0.0,0.96,0.0,0.595,0.595,1.0,0.761,12.088,7.899,63.0,60.56,24.912,31.541,0.3,0.055,0.959,0.897,1.0,1.077,0.08,0.0008,0.3073,0.4155,0.1082,0.4155,1.0671,0.1497,2.014,1.92,0.0004,0.411,0.89,-0.01,0.02,2.014,1.92,0.0004,0.411,0.7074,0.4544,0.084,0.8157,0.1992,1.71,0.837,metropolitan-heavy,0.028,0.0003,0.9721,0.8468,0.947,0.6469,0.4421,0.8882,60.56,False
FRA,France,Spanish,immigrant,1.6,1.78,1.7,1.82,0.7,0.68,-0.02,0.65,0.03,0.68,-0.0,0.67,0.69,0.67,0.69,0.01,0.69,-0.01,0.01,465840,464270,0.171,0.136,0.084,1.623,unspecified,True,0.5,0.48,0.56,0.42,0.616,0.884,1.0,0.8,0.819,0.0,0.96,0.0,0.595,0.595,1.0,0.761,12.088,7.899,63.0,60.56,24.912,31.541,0.3,0.055,0.959,0.897,1.0,1.077,0.08,0.0008,0.3073,0.4155,0.1082,0.4155,1.0671,0.1497,2.014,1.92,0.0004,0.411,0.69,-0.01,0.01,2.014,1.92,0.0004,0.411,0.7074,0.4544,0.084,0.8157,0.1992,1.71,0.837,metropolitan-heavy,0.028,0.0003,0.9721,0.8468,0.947,0.6469,0.4421,0.8882,60.56,False
FRA,France,Turkish,high_fertility,2.1,1.98,1.7,1.82,0.6,0.63,0.03,0.67,-0.04,0.63,-0.0,0.64,0.62,0.62,0.64,0.02,0.62,0.02,-0.01,399291,429747,0.171,0.136,0.084,1.623,unspecified,False,0.5,0.48,0.56,0.42,0.616,0.876,1.0,0.8,0.817,0.0,0.96,0.0,0.595,0.595,1.0,0.761,12.088,7.899,63.0,60.56,24.912,31.541,0.3,0.055,0.959,0.897,1.0,1.077,0.08,0.0008,0.3073,0.4155,0.1082,0.4155,1.0671,0.1497,2.014,1.92,0.0004,0.411,0.62,0.02,-0.01,2.014,1.92,0.0004,0.411,0.7074,0.4544,0.084,0.8157,0.1992,1.71,0.837,metropolitan-heavy,0.028,0.0003,0.9721,0.8468,0.947,0.6469,0.4421,0.8882,60.56,False
FRA,France,Southeast Asian (Vietnamese/Cambodian),immigrant,1.9,1.9,1.7,1.82,0.6,0.69,0.09,0.61,0.07,0.69,-0.0,0.66,0.71,0.66,0.71,0.05,0.69,0.09,0.01,399291,468309,0.171,0.136,0.084,1.623,VNM,True,0.71,0.674,0.84,0.68,0.616,0.876,1.0,0.8,0.93,0.0,0.96,0.0,0.595,0.595,1.0,0.761,12.088,7.899,63.0,60.56,24.912,31.541,0.3,0.055,0.959,0.897,1.0,1.077,0.08,0.0008,0.3073,0.4155,0.1082,0.4155,1.0671,0.1497,2.014,1.92,0.0004,0.411,0.69,0.09,0.01,2.014,1.92,0.0004,0.411,0.7074,0.4544,0.084,0.8157,0.1992,1.71,0.837,metropolitan-heavy,0.028,0.0003,0.9721,0.8468,0.947,0.6469,0.4421,0.8882,60.56,False
FRA,France,Chinese,immigrant,1.5,1.74,1.7,1.82,0.4,0.38,-0.02,0.36,0.02,0.38,-0.0,0.37,0.38,0.37,0.38,0.01,0.39,-0.01,0.01,266194,256624,0.171,0.136,0.084,1.623,CHN,True,0.52,0.502,0.58,0.45,0.616,0.86,1.0,0.8,0.823,0.0,0.96,0.0,0.595,0.595,1.0,0.761,12.088,7.899,63.0,60.56,24.912,31.541,0.3,0.055,0.959,0.897,1.0,1.077,0.08,0.0008,0.3073,0.4155,0.1082,0.4155,1.0671,0.1497,2.014,1.92,0.0004,0.411,0.39,-0.01,0.01,2.014,1.92,0.0004,0.411,0.7074,0.4544,0.084,0.8157,0.1992,1.71,0.837,metropolitan-heavy,0.028,0.0003,0.9721,0.8468,0.947,0.6469,0.4421,0.8882,60.56,False
FRA,France,Other European,immigrant,1.7,1.82,1.7,1.82,1.3,1.31,0.01,1.25,0.06,1.31,-0.0,1.29,1.32,1.29,1.32,0.03,1.33,0.03,0.02,865131,891645,0.171,0.136,0.084,1.623,unspecified,True,0.5,0.48,0.56,0.42,0.616,0.92,1.0,0.8,0.83,0.0,0.96,0.0,0.595,0.595,1.0,0.761,12.088,7.899,63.0,60.56,24.912,31.541,0.3,0.055,0.959,0.897,1.0,1.077,0.08,0.0008,0.3073,0.4155,0.1082,0.4155,1.0671,0.1497,2.014,1.92,0.0004,0.411,1.33,0.03,0.02,2.014,1.92,0.0004,0.411,0.7074,0.4544,0.084,0.8157,0.1992,1.71,0.837,metropolitan-heavy,0.028,0.0003,0.9721,0.8468,0.947,0.6469,0.4421,0.8882,60.56,False
FRA,France,Other,immigrant,1.7,1.82,1.7,1.82,0.1,0.1,0.0,0.1,0.0,0.1,-0.0,0.1,0.1,0.1,0.1,0.0,0.1,0.0,0.0,66549,68372,0.171,0.136,0.084,1.623,unspecified,True,0.5,0.48,0.56,0.42,0.616,0.831,1.0,0.8,0.803,0.0,0.96,0.0,0.595,0.595,1.0,0.761,12.088,7.899,63.0,60.56,24.912,31.541,0.3,0.055,0.959,0.897,1.0,1.077,0.08,0.0008,0.3073,0.4155,0.1082,0.4155,1.0671,0.1497,2.014,1.92,0.0004,0.411,0.1,0.0,0.0,2.014,1.92,0.0004,0.411,0.7074,0.4544,0.084,0.8157,0.1992,1.71,0.837,metropolitan-heavy,0.028,0.0003,0.9721,0.8468,0.947,0.6469,0.4421,0.8882,60.56,False
FSM,Micronesia,Chuukese,majority,2.6,2.3,2.6,2.3,48.8,49.13,0.33,49.13,0.0,49.13,0.0,49.13,49.13,49.13,49.13,0.0,48.91,0.11,-0.22,55227,62112,0.0,0.0,0.0,1.25,unspecified,False,0.5,0.48,0.56,0.42,0.454,1.289,1.0,0.78,0.836,0.0,0.0,0.0,0.0,0.0,1.0,0.761,34.562,34.004,62.0,56.8,3.438,9.196,0.251,0.0,1.0,0.831,1.0,1.0,0.0,0.001,0.6724,0.6702,-0.0022,0.6702,1.9085,0.184,2.076,2.191,0.0005,0.6717,48.91,0.11,-0.22,2.076,2.191,0.0005,0.6717,0.6085,0.297,0.1148,0.7344,0.2235,3.03,0.55,mixed-rural-urban,0.0,0.1276,0.8258,0.7199,0.6889,0.4775,0.3751,0.0,56.8,True
FSM,Micronesia,Pohnpeian,majority,2.6,2.3,2.6,2.3,24.2,24.16,-0.04,24.16,0.0,24.16,0.0,24.16,24.16,24.16,24.16,0.0,24.16,-0.04,-0.0,27387,30549,0.0,0.0,0.0,1.25,unspecified,False,0.5,0.48,0.56,0.42,0.454,1.207,1.0,0.78,0.818,0.0,0.0,0.0,0.0,0.0,1.0,0.761,34.562,34.004,62.0,56.8,3.438,9.196,0.251,0.0,1.0,0.831,1.0,1.0,0.0,0.001,0.6724,0.6702,-0.0022,0.6702,1.9085,0.184,2.076,2.191,0.0005,0.6717,24.16,-0.04,-0.0,2.076,2.191,0.0005,0.6717,0.6085,0.297,0.1148,0.7344,0.2235,3.03,0.55,mixed-rural-urban,0.0,0.1276,0.8258,0.7199,0.6889,0.4775,0.3751,0.0,56.8,False
FSM,Micronesia,Kosraean,majority,2.6,2.3,2.6,2.3,6.2,6.19,-0.01,6.19,0.0,6.19,0.0,6.19,6.19,6.19,6.19,0.0,6.19,-0.01,-0.0,7017,7827,0.0,0.0,0.0,1.25,unspecified,False,0.5,0.48,0.56,0.42,0.454,1.057,1.0,0.78,0.785,0.0,0.0,0.0,0.0,0.0,1.0,0.761,34.562,34.004,62.0,56.8,3.438,9.196,0.251,0.0,1.0,0.831,1.0,1.0,0.0,0.001,0.6724,0.6702,-0.0022,0.6702,1.9085,0.184,2.076,2.191,0.0005,0.6717,6.19,-0.01,-0.0,2.076,2.191,0.0005,0.6717,0.6085,0.297,0.1148,0.7344,0.2235,3.03,0.55,mixed-rural-urban,0.0,0.1276,0.8258,0.7199,0.6889,0.4775,0.3751,0.0,56.8,False
FSM,Micronesia,Yapese,majority,2.6,2.3,2.6,2.3,5.2,5.19,-0.01,5.19,0.0,5.19,0.0,5.19,5.19,5.19,5.19,0.0,5.19,-0.01,-0.0,5885,6564,0.0,0.0,0.0,1.25,unspecified,False,0.5,0.48,0.56,0.42,0.454,1.039,1.0,0.78,0.781,0.0,0.0,0.0,0.0,0.0,1.0,0.761,34.562,34.004,62.0,56.8,3.438,9.196,0.251,0.0,1.0,0.831,1.0,1.0,0.0,0.001,0.6724,0.6702,-0.0022,0.6702,1.9085,0.184,2.076,2.191,0.0005,0.6717,5.19,-0.01,-0.0,2.076,2.191,0.0005,0.6717,0.6085,0.297,0.1148,0.7344,0.2235,3.03,0.55,mixed-rural-urban,0.0,0.1276,0.8258,0.7199,0.6889,0.4775,0.3751,0.0,56.8,False
FSM,Micronesia,Other,assimilating,2.6,2.3,2.6,2.3,15.6,15.32,-0.28,15.32,0.0,15.32,0.0,15.32,15.32,15.32,15.32,0.0,15.54,-0.06,0.22,17655,19368,0.0,0.0,0.0,1.25,unspecified,False,0.5,0.48,0.56,0.42,0.454,1.157,1.0,0.78,0.807,0.0,0.0,0.0,0.0,0.0,1.0,0.761,34.562,34.004,62.0,56.8,3.438,9.196,0.251,0.0,1.0,0.831,1.0,1.0,0.0,0.001,0.6724,0.6702,-0.0022,0.6702,1.9085,0.184,2.076,2.191,0.0005,0.6717,15.54,-0.06,0.22,2.076,2.191,0.0005,0.6717,0.6085,0.297,0.1148,0.7344,0.2235,3.03,0.55,mixed-rural-urban,0.0,0.1276,0.8258,0.7199,0.6889,0.4775,0.3751,0.0,56.8,False
GAB,Gabon,Fang,majority,3.4,2.81,3.4,2.81,23.2,23.11,-0.09,23.14,-0.04,23.11,0.0,23.12,23.09,23.09,23.12,0.03,23.1,-0.1,-0.0,589037,943735,0.0,0.0,0.0,1.25,unspecified,False,0.5,0.48,0.56,0.42,0.454,1.202,1.0,0.78,0.817,0.0,0.0,0.0,0.0,0.0,1.0,0.761,35.216,34.708,61.0,56.6,3.784,8.692,0.251,0.021,0.988,0.86,1.0,1.0,0.0,0.001,0.8122,0.812,-0.0002,0.812,2.6601,0.176,2.237,2.387,0.0005,0.8122,23.1,-0.1,-0.0,2.237,2.387,0.0005,0.8122,0.6334,0.297,0.1145,0.753,0.2121,5.32,0.55,mixed-rural-urban,0.0,0.062,0.7968,0.7565,0.8335,0.5215,0.3898,0.0,56.6,False
GAB,Gabon,Shirazi-Punu,majority,3.4,2.81,3.4,2.81,18.7,18.62,-0.08,18.65,-0.03,18.62,0.0,18.63,18.61,18.61,18.63,0.02,18.62,-0.08,-0.0,474784,760683,0.0,0.0,0.0,1.25,unspecified,False,0.5,0.48,0.56,0.42,0.454,1.178,1.0,0.78,0.811,0.0,0.0,0.0,0.0,0.0,1.0,0.761,35.216,34.708,61.0,56.6,3.784,8.692,0.251,0.021,0.988,0.86,1.0,1.0,0.0,0.001,0.8122,0.812,-0.0002,0.812,2.6601,0.176,2.237,2.387,0.0005,0.8122,18.62,-0.08,-0.0,2.237,2.387,0.0005,0.8122,0.6334,0.297,0.1145,0.753,0.2121,5.32,0.55,mixed-rural-urban,0.0,0.062,0.7968,0.7565,0.8335,0.5215,0.3898,0.0,56.6,False
GAB,Gabon,Nzabi,majority,3.4,2.81,3.4,2.81,11.5,11.45,-0.05,11.47,-0.02,11.45,0.0,11.46,11.45,11.45,11.46,0.01,11.45,-0.05,-0.0,291980,467800,0.0,0.0,0.0,1.25,unspecified,False,0.5,0.48,0.56,0.42,0.454,1.123,1.0,0.78,0.799,0.0,0.0,0.0,0.0,0.0,1.0,0.761,35.216,34.708,61.0,56.6,3.784,8.692,0.251,0.021,0.988,0.86,1.0,1.0,0.0,0.001,0.8122,0.812,-0.0002,0.812,2.6601,0.176,2.237,2.387,0.0005,0.8122,11.45,-0.05,-0.0,2.237,2.387,0.0005,0.8122,0.6334,0.297,0.1145,0.753,0.2121,5.32,0.55,mixed-rural-urban,0.0,0.062,0.7968,0.7565,0.8335,0.5215,0.3898,0.0,56.6,False
GAB,Gabon,Mbamba,majority,3.4,2.81,3.4,2.81,11.0,10.95,-0.05,10.97,-0.02,10.95,0.0,10.96,10.95,10.95,10.96,0.01,10.95,-0.05,-0.0,279285,447460,0.0,0.0,0.0,1.25,unspecified,False,0.5,0.48,0.56,0.42,0.454,1.118,1.0,0.78,0.798,0.0,0.0,0.0,0.0,0.0,1.0,0.761,35.216,34.708,61.0,56.6,3.784,8.692,0.251,0.021,0.988,0.86,1.0,1.0,0.0,0.001,0.8122,0.812,-0.0002,0.812,2.6601,0.176,2.237,2.387,0.0005,0.8122,10.95,-0.05,-0.0,2.237,2.387,0.0005,0.8122,0.6334,0.297,0.1145,0.753,0.2121,5.32,0.55,mixed-rural-urban,0.0,0.062,0.7968,0.7565,0.8335,0.5215,0.3898,0.0,56.6,False
GAB,Gabon,Tsogo,majority,3.4,2.81,3.4,2.81,4.0,3.98,-0.02,3.99,-0.01,3.98,0.0,3.99,3.98,3.98,3.99,0.0,3.98,-0.02,-0.0,101558,162713,0.0,0.0,0.0,1.25,unspecified,False,0.5,0.48,0.56,0.42,0.454,1.013,1.0,0.78,0.775,0.0,0.0,0.0,0.0,0.0,1.0,0.761,35.216,34.708,61.0,56.6,3.784,8.692,0.251,0.021,0.988,0.86,1.0,1.0,0.0,0.001,0.8122,0.812,-0.0002,0.812,2.6601,0.176,2.237,2.387,0.0005,0.8122,3.98,-0.02,-0.0,2.237,2.387,0.0005,0.8122,0.6334,0.297,0.1145,0.753,0.2121,5.32,0.55,mixed-rural-urban,0.0,0.062,0.7968,0.7565,0.8335,0.5215,0.3898,0.0,56.6,False
GAB,Gabon,Kota,majority,3.4,2.81,3.4,2.81,3.0,2.99,-0.01,2.99,-0.0,2.99,0.0,2.99,2.99,2.99,2.99,0.0,2.99,-0.01,-0.0,76169,122035,0.0,0.0,0.0,1.25,unspecified,False,0.5,0.48,0.56,0.42,0.454,0.986,1.0,0.78,0.769,0.0,0.0,0.0,0.0,0.0,1.0,0.761,35.216,34.708,61.0,56.6,3.784,8.692,0.251,0.021,0.988,0.86,1.0,1.0,0.0,0.001,0.8122,0.812,-0.0002,0.812,2.6601,0.176,2.237,2.387,0.0005,0.8122,2.99,-0.01,-0.0,2.237,2.387,0.0005,0.8122,0.6334,0.297,0.1145,0.753,0.2121,5.32,0.55,mixed-rural-urban,0.0,0.062,0.7968,0.7565,0.8335,0.5215,0.3898,0.0,56.6,False
GAB,Gabon,Other African,assimilating,3.4,2.81,3.4,2.81,26.6,26.81,0.21,26.85,-0.04,26.81,0.0,26.82,26.79,26.79,26.82,0.03,26.78,0.18,-0.03,675361,1095065,0.0,0.0,0.0,1.25,unspecified,False,0.5,0.48,0.56,0.42,0.454,1.218,1.0,0.78,0.82,0.0,0.0,0.0,0.0,0.0,1.0,0.761,35.216,34.708,61.0,56.6,3.784,8.692,0.251,0.021,0.988,0.86,1.0,1.0,0.0,0.001,0.8122,0.812,-0.0002,0.812,2.6601,0.176,2.237,2.387,0.0005,0.8122,26.78,0.18,-0.03,2.237,2.387,0.0005,0.8122,0.6334,0.297,0.1145,0.753,0.2121,5.32,0.55,mixed-rural-urban,0.0,0.062,0.7968,0.7565,0.8335,0.5215,0.3898,0.0,56.6,True
GAB,Gabon,French expatriate,immigrant,3.3,2.77,3.4,2.81,2.0,2.08,0.08,1.92,0.16,2.08,0.0,2.03,2.14,2.03,2.14,0.11,2.12,0.12,0.03,50779,85048,0.0,0.0,0.0,1.25,unspecified,True,0.5,0.48,0.56,0.42,0.454,0.952,1.0,0.78,0.761,0.0,0.0,0.0,0.0,0.0,1.0,0.761,35.216,34.708,61.0,56.6,3.784,8.692,0.251,0.021,0.988,0.86,1.0,1.0,0.0,0.001,0.8122,0.812,-0.0002,0.812,2.6601,0.176,2.237,2.387,0.0005,0.8122,2.12,0.12,0.03,2.237,2.387,0.0005,0.8122,0.6334,0.297,0.1145,0.753,0.2121,5.32,0.55,mixed-rural-urban,0.0,0.062,0.7968,0.7565,0.8335,0.5215,0.3898,0.0,56.6,False
GBR,UK,White British,majority,1.5,1.68,1.5,1.68,74.4,66.59,-7.81,71.4,-4.81,66.8,-0.2,68.2,64.66,64.66,68.2,3.53,63.14,-11.26,-3.45,51438810,50281110,0.257,0.204,0.134,1.819,unspecified,False,0.5,0.48,0.56,0.42,0.686,1.3,1.0,0.84,1.001,0.0,1.05,0.0,0.71,0.682,1.0,0.761,13.268,7.876,64.0,63.0,22.732,29.124,0.34,0.13,0.867,0.921,1.0,1.117,0.1,0.0009,0.439,0.5442,0.1052,0.5442,1.5366,0.1299,2.17,2.165,0.0004,0.5833,63.14,-11.26,-3.45,2.17,2.165,0.0004,0.5833,0.7764,0.4598,0.0935,0.8547,0.179,2.19,0.754,urbanizing-majority,0.063,-0.0018,0.9387,0.9511,0.9427,0.7297,0.3568,0.7783,63.0,True
GBR,UK,Other White,immigrant,1.3,1.6,1.5,1.68,4.6,4.23,-0.37,4.05,0.17,4.24,-0.01,4.2,4.25,4.2,4.25,0.05,4.11,-0.49,-0.12,3180357,3190680,0.257,0.204,0.134,1.819,unspecified,True,0.5,0.48,0.56,0.42,0.686,1.027,1.0,0.84,0.906,0.0,1.05,0.0,0.71,0.682,1.0,0.761,13.268,7.876,64.0,63.0,22.732,29.124,0.34,0.13,0.867,0.921,1.0,1.117,0.1,0.0009,0.439,0.5442,0.1052,0.5442,1.5366,0.1299,2.17,2.165,0.0004,0.5833,4.11,-0.49,-0.12,2.17,2.165,0.0004,0.5833,0.7764,0.4598,0.0935,0.8547,0.179,2.19,0.754,urbanizing-majority,0.063,-0.0018,0.9387,0.9511,0.9427,0.7297,0.3568,0.7783,63.0,False
GBR,UK,Indian,high_fertility,1.85,1.82,1.5,1.68,3.1,4.51,1.41,3.4,1.11,4.52,-0.01,4.14,4.96,4.14,4.96,0.82,4.23,1.13,-0.28,2143284,3402590,0.257,0.204,0.134,1.819,IND;PAK;BGD;LKA;NPL,True,0.718,0.719,0.752,0.684,0.686,0.989,1.168,0.84,1.126,0.0,1.05,0.0,0.71,0.682,1.0,0.761,13.268,7.876,64.0,63.0,22.732,29.124,0.34,0.13,0.867,0.921,1.0,1.117,0.1,0.0009,0.439,0.5442,0.1052,0.5442,1.5366,0.1299,2.17,2.165,0.0004,0.5833,4.23,1.13,-0.28,2.17,2.165,0.0004,0.5833,0.7764,0.4598,0.0935,0.8547,0.179,2.19,0.754,urbanizing-majority,0.063,-0.0018,0.9387,0.9511,0.9427,0.7297,0.3568,0.7783,63.0,False
GBR,UK,Pakistani,high_fertility,2.8,2.2,1.5,1.68,2.3,4.13,1.83,3.23,0.89,4.14,-0.01,3.8,4.52,3.8,4.52,0.72,3.77,1.47,-0.36,1590178,3117924,0.257,0.204,0.134,1.819,PAK,True,0.769,0.814,0.7,0.74,0.686,0.963,1.32,0.84,1.229,0.0,1.05,0.0,0.71,0.682,1.0,0.761,13.268,7.876,64.0,63.0,22.732,29.124,0.34,0.13,0.867,0.921,1.0,1.117,0.1,0.0009,0.439,0.5442,0.1052,0.5442,1.5366,0.1299,2.17,2.165,0.0004,0.5833,3.77,1.47,-0.36,2.17,2.165,0.0004,0.5833,0.7764,0.4598,0.0935,0.8547,0.179,2.19,0.754,urbanizing-majority,0.063,-0.0018,0.9387,0.9511,0.9427,0.7297,0.3568,0.7783,63.0,False
GBR,UK,Bangladeshi,high_fertility,2.9,2.24,1.5,1.68,1.0,1.78,0.78,1.44,0.34,1.78,-0.01,1.65,1.93,1.65,1.93,0.28,1.62,0.62,-0.16,691382,1342837,0.257,0.204,0.134,1.819,BGD,True,0.735,0.788,0.68,0.84,0.686,0.903,1.22,0.84,1.113,0.0,1.05,0.0,0.71,0.682,1.0,0.761,13.268,7.876,64.0,63.0,22.732,29.124,0.34,0.13,0.867,0.921,1.0,1.117,0.1,0.0009,0.439,0.5442,0.1052,0.5442,1.5366,0.1299,2.17,2.165,0.0004,0.5833,1.62,0.62,-0.16,2.17,2.165,0.0004,0.5833,0.7764,0.4598,0.0935,0.8547,0.179,2.19,0.754,urbanizing-majority,0.063,-0.0018,0.9387,0.9511,0.9427,0.7297,0.3568,0.7783,63.0,False
GBR,UK,Chinese,immigrant,1.3,1.6,1.5,1.68,0.8,0.77,-0.03,0.7,0.07,0.77,-0.0,0.76,0.79,0.76,0.79,0.03,0.75,-0.05,-0.02,553105,583205,0.257,0.204,0.134,1.819,CHN,True,0.52,0.502,0.58,0.45,0.686,0.891,1.0,0.84,0.872,0.0,1.05,0.0,0.71,0.682,1.0,0.761,13.268,7.876,64.0,63.0,22.732,29.124,0.34,0.13,0.867,0.921,1.0,1.117,0.1,0.0009,0.439,0.5442,0.1052,0.5442,1.5366,0.1299,2.17,2.165,0.0004,0.5833,0.75,-0.05,-0.02,2.17,2.165,0.0004,0.5833,0.7764,0.4598,0.0935,0.8547,0.179,2.19,0.754,urbanizing-majority,0.063,-0.0018,0.9387,0.9511,0.9427,0.7297,0.3568,0.7783,63.0,False
GBR,UK,Other Asian,immigrant,1.5,1.68,1.5,1.68,1.5,1.83,0.33,1.42,0.41,1.83,-0.01,1.7,1.98,1.7,1.98,0.28,1.76,0.26,-0.07,1037073,1380812,0.257,0.204,0.134,1.819,unspecified,True,0.5,0.48,0.56,0.42,0.686,0.93,1.0,0.84,0.873,0.0,1.05,0.0,0.71,0.682,1.0,0.761,13.268,7.876,64.0,63.0,22.732,29.124,0.34,0.13,0.867,0.921,1.0,1.117,0.1,0.0009,0.439,0.5442,0.1052,0.5442,1.5366,0.1299,2.17,2.165,0.0004,0.5833,1.76,0.26,-0.07,2.17,2.165,0.0004,0.5833,0.7764,0.4598,0.0935,0.8547,0.179,2.19,0.754,urbanizing-majority,0.063,-0.0018,0.9387,0.9511,0.9427,0.7297,0.3568,0.7783,63.0,False
GBR,UK,Black African,high_fertility,2.4,2.04,1.5,1.68,2.5,4.93,2.43,3.2,1.72,4.64,0.29,4.33,5.67,4.33,5.67,1.34,4.57,2.07,-0.36,1728455,3719894,0.257,0.204,0.134,1.819,NGA;ETH;GHA;KEN;UGA;TZA;RWA;COD;CIV;CMR;SEN;ZMB;ZWE;MOZ;MWI;AGO;SDN;SOM;ERI;BFA;NER;MLI;GIN;SLE;LBR;BEN;TGO;GMB,True,0.711,0.785,0.574,0.717,0.686,0.97,1.03,0.84,1.043,0.0,1.05,0.0,0.71,0.682,1.0,0.761,13.268,7.876,64.0,63.0,22.732,29.124,0.34,0.13,0.867,0.921,1.0,1.117,0.1,0.0009,0.439,0.5442,0.1052,0.5442,1.5366,0.1299,2.17,2.165,0.0004,0.5833,4.57,2.07,-0.36,2.17,2.165,0.0004,0.5833,0.7764,0.4598,0.0935,0.8547,0.179,2.19,0.754,urbanizing-majority,0.063,-0.0018,0.9387,0.9511,0.9427,0.7297,0.3568,0.7783,63.0,False
GBR,UK,Black Caribbean,majority,1.5,1.68,1.5,1.68,1.1,0.98,-0.12,1.05,-0.07,0.98,-0.0,1.0,0.95,0.95,1.0,0.05,0.93,-0.17,-0.05,760520,740467,0.257,0.204,0.134,1.819,unspecified,False,0.5,0.48,0.56,0.42,0.686,0.909,1.0,0.84,0.865,0.0,1.05,0.0,0.71,0.682,1.0,0.761,13.268,7.876,64.0,63.0,22.732,29.124,0.34,0.13,0.867,0.921,1.0,1.117,0.1,0.0009,0.439,0.5442,0.1052,0.5442,1.5366,0.1299,2.17,2.165,0.0004,0.5833,0.93,-0.17,-0.05,2.17,2.165,0.0004,0.5833,0.7764,0.4598,0.0935,0.8547,0.179,2.19,0.754,urbanizing-majority,0.063,-0.0018,0.9387,0.9511,0.9427,0.7297,0.3568,0.7783,63.0,False
GBR,UK,Mixed/Multiple,assimilating,1.5,1.68,1.5,1.68,2.9,4.12,1.22,4.37,-0.25,4.13,-0.01,4.2,4.02,4.02,4.2,0.19,9.25,6.35,5.13,2005007,3108318,0.257,0.204,0.134,1.819,unspecified,False,0.5,0.48,0.56,0.42,0.686,0.983,1.0,0.84,0.891,0.0,1.05,0.0,0.71,0.682,1.0,0.761,13.268,7.876,64.0,63.0,22.732,29.124,0.34,0.13,0.867,0.921,1.0,1.117,0.1,0.0009,0.439,0.5442,0.1052,0.5442,1.5366,0.1299,2.17,2.165,0.0004,0.5833,9.25,6.35,5.13,2.17,2.165,0.0004,0.5833,0.7764,0.4598,0.0935,0.8547,0.179,2.19,0.754,urbanizing-majority,0.063,-0.0018,0.9387,0.9511,0.9427,0.7297,0.3568,0.7783,63.0,False
GBR,UK,Arab,immigrant,2.5,2.08,1.5,1.68,0.6,0.92,0.32,0.76,0.16,0.92,-0.0,0.86,0.98,0.86,0.98,0.12,0.85,0.25,-0.06,414829,692762,0.257,0.204,0.134,1.819,unspecified,True,0.5,0.48,0.56,0.42,0.686,0.876,1.0,0.84,0.854,0.0,1.05,0.0,0.71,0.682,1.0,0.761,13.268,7.876,64.0,63.0,22.732,29.124,0.34,0.13,0.867,0.921,1.0,1.117,0.1,0.0009,0.439,0.5442,0.1052,0.5442,1.5366,0.1299,2.17,2.165,0.0004,0.5833,0.85,0.25,-0.06,2.17,2.165,0.0004,0.5833,0.7764,0.4598,0.0935,0.8547,0.179,2.19,0.754,urbanizing-majority,0.063,-0.0018,0.9387,0.9511,0.9427,0.7297,0.3568,0.7783,63.0,False
GBR,UK,White Irish,immigrant,1.6,1.72,1.5,1.68,1.0,1.07,0.07,0.98,0.09,1.08,-0.0,1.05,1.1,1.05,1.1,0.06,1.03,0.03,-0.04,691382,810275,0.257,0.204,0.134,1.819,unspecified,True,0.5,0.48,0.56,0.42,0.686,0.903,1.0,0.84,0.863,0.0,1.05,0.0,0.71,0.682,1.0,0.761,13.268,7.876,64.0,63.0,22.732,29.124,0.34,0.13,0.867,0.921,1.0,1.117,0.1,0.0009,0.439,0.5442,0.1052,0.5442,1.5366,0.1299,2.17,2.165,0.0004,0.5833,1.03,0.03,-0.04,2.17,2.165,0.0004,0.5833,0.7764,0.4598,0.0935,0.8547,0.179,2.19,0.754,urbanizing-majority,0.063,-0.0018,0.9387,0.9511,0.9427,0.7297,0.3568,0.7783,63.0,False
GBR,UK,Other,immigrant,1.5,1.68,1.5,1.68,4.2,4.15,-0.05,3.98,0.17,4.16,-0.01,4.11,4.19,4.11,4.19,0.07,4.0,-0.2,-0.15,2903804,3133810,0.257,0.204,0.134,1.819,unspecified,True,0.5,0.48,0.56,0.42,0.686,1.018,1.0,0.84,0.903,0.0,1.05,0.0,0.71,0.682,1.0,0.761,13.268,7.876,64.0,63.0,22.732,29.124,0.34,0.13,0.867,0.921,1.0,1.117,0.1,0.0009,0.439,0.5442,0.1052,0.5442,1.5366,0.1299,2.17,2.165,0.0004,0.5833,4.0,-0.2,-0.15,2.17,2.165,0.0004,0.5833,0.7764,0.4598,0.0935,0.8547,0.179,2.19,0.754,urbanizing-majority,0.063,-0.0018,0.9387,0.9511,0.9427,0.7297,0.3568,0.7783,63.0,False
GEO,Georgia,Georgian (Kartvelian),majority,1.7,1.82,1.7,1.82,86.0,85.95,-0.05,86.02,-0.07,85.95,0.0,85.97,85.92,85.92,85.97,0.05,85.93,-0.07,-0.01,3274594,3149132,0.231,0.0,0.0,1.61,unspecified,False,0.5,0.48,0.56,0.42,0.532,1.3,1.0,0.78,0.888,0.0,0.0,0.0,0.0,0.0,1.0,0.761,15.877,9.164,63.5,59.46,20.623,31.376,0.251,0.009,0.997,0.888,1.0,1.081,0.0,0.001,0.254,0.2544,0.0003,0.2544,0.5764,0.1646,1.673,1.606,0.0005,0.2547,85.93,-0.07,-0.01,1.673,1.606,0.0005,0.2547,0.7367,0.4301,0.1382,0.8424,0.1808,1.34,0.693,urbanizing-majority,0.071,0.0331,0.8704,0.9284,0.8349,0.6853,0.4612,0.8807,59.46,True
GEO,Georgia,Azerbaijani,high_fertility,2.05,1.96,1.7,1.82,6.3,7.15,0.85,7.16,-0.01,7.15,0.0,7.12,7.18,7.12,7.18,0.06,7.06,0.76,-0.09,239883,262027,0.231,0.0,0.0,1.61,unspecified,False,0.5,0.48,0.56,0.42,0.532,1.059,1.0,0.78,0.826,0.0,0.0,0.0,0.0,0.0,1.0,0.761,15.877,9.164,63.5,59.46,20.623,31.376,0.251,0.009,0.997,0.888,1.0,1.081,0.0,0.001,0.254,0.2544,0.0003,0.2544,0.5764,0.1646,1.673,1.606,0.0005,0.2547,7.06,0.76,-0.09,1.673,1.606,0.0005,0.2547,0.7367,0.4301,0.1382,0.8424,0.1808,1.34,0.693,urbanizing-majority,0.071,0.0331,0.8704,0.9284,0.8349,0.6853,0.4612,0.8807,59.46,False
GEO,Georgia,Armenian,low_fertility,1.3,1.66,1.7,1.82,4.5,3.85,-0.65,3.85,-0.0,3.85,0.0,3.87,3.82,3.82,3.87,0.05,3.91,-0.59,0.07,171345,140897,0.231,0.0,0.0,1.61,unspecified,False,0.5,0.48,0.56,0.42,0.532,1.025,1.0,0.78,0.817,0.0,0.0,0.0,0.0,0.0,1.0,0.761,15.877,9.164,63.5,59.46,20.623,31.376,0.251,0.009,0.997,0.888,1.0,1.081,0.0,0.001,0.254,0.2544,0.0003,0.2544,0.5764,0.1646,1.673,1.606,0.0005,0.2547,3.91,-0.59,0.07,1.673,1.606,0.0005,0.2547,0.7367,0.4301,0.1382,0.8424,0.1808,1.34,0.693,urbanizing-majority,0.071,0.0331,0.8704,0.9284,0.8349,0.6853,0.4612,0.8807,59.46,False
GEO,Georgia,Russian,low_fertility,1.3,1.66,1.7,1.82,1.5,1.28,-0.22,1.28,-0.0,1.28,0.0,1.29,1.27,1.27,1.29,0.02,1.3,-0.2,0.02,57115,46966,0.231,0.0,0.0,1.61,unspecified,False,0.5,0.48,0.56,0.42,0.532,0.93,1.0,0.78,0.792,0.0,0.0,0.0,0.0,0.0,1.0,0.761,15.877,9.164,63.5,59.46,20.623,31.376,0.251,0.009,0.997,0.888,1.0,1.081,0.0,0.001,0.254,0.2544,0.0003,0.2544,0.5764,0.1646,1.673,1.606,0.0005,0.2547,1.3,-0.2,0.02,1.673,1.606,0.0005,0.2547,0.7367,0.4301,0.1382,0.8424,0.1808,1.34,0.693,urbanizing-majority,0.071,0.0331,0.8704,0.9284,0.8349,0.6853,0.4612,0.8807,59.46,False
GEO,Georgia,Ossetian,majority,1.7,1.82,1.7,1.82,0.9,0.9,-0.0,0.9,-0.0,0.9,0.0,0.9,0.9,0.9,0.9,0.0,0.9,-0.0,-0.0,34269,32948,0.231,0.0,0.0,1.61,unspecified,False,0.5,0.48,0.56,0.42,0.532,0.897,1.0,0.78,0.783,0.0,0.0,0.0,0.0,0.0,1.0,0.761,15.877,9.164,63.5,59.46,20.623,31.376,0.251,0.009,0.997,0.888,1.0,1.081,0.0,0.001,0.254,0.2544,0.0003,0.2544,0.5764,0.1646,1.673,1.606,0.0005,0.2547,0.9,-0.0,-0.0,1.673,1.606,0.0005,0.2547,0.7367,0.4301,0.1382,0.8424,0.1808,1.34,0.693,urbanizing-majority,0.071,0.0331,0.8704,0.9284,0.8349,0.6853,0.4612,0.8807,59.46,False
GEO,Georgia,Other,immigrant,1.7,1.82,1.7,1.82,0.8,0.87,0.07,0.79,0.08,0.87,0.0,0.85,0.91,0.85,0.91,0.06,0.89,0.09,0.01,30461,32043,0.231,0.0,0.0,1.61,unspecified,True,0.5,0.48,0.56,0.42,0.532,0.891,1.0,0.78,0.782,0.0,0.0,0.0,0.0,0.0,1.0,0.761,15.877,9.164,63.5,59.46,20.623,31.376,0.251,0.009,0.997,0.888,1.0,1.081,0.0,0.001,0.254,0.2544,0.0003,0.2544,0.5764,0.1646,1.673,1.606,0.0005,0.2547,0.89,0.09,0.01,1.673,1.606,0.0005,0.2547,0.7367,0.4301,0.1382,0.8424,0.1808,1.34,0.693,urbanizing-majority,0.071,0.0331,0.8704,0.9284,0.8349,0.6853,0.4612,0.8807,59.46,False
GHA,Ghana,Akan,majority,3.5,2.87,3.5,2.87,45.7,45.74,0.04,45.74,0.0,45.74,0.0,45.74,45.74,45.74,45.74,0.0,45.71,0.01,-0.02,15733330,23121583,0.0,0.0,0.0,1.25,unspecified,False,0.5,0.48,0.56,0.42,0.454,1.281,1.0,0.78,0.834,0.74,0.0,0.698,0.0,0.0,1.0,0.761,35.517,35.852,61.5,57.02,2.983,7.128,0.251,0.0,1.0,0.838,1.0,1.0,0.0,0.001,0.729,0.7287,-0.0003,0.7287,2.2488,0.2267,2.125,2.271,0.0005,0.7289,45.71,0.01,-0.02,2.125,2.271,0.0005,0.7289,0.5434,0.2853,0.1834,0.7277,0.2076,3.69,0.52,mixed-rural-urban,0.0,0.1148,0.7809,0.7019,0.7478,0.3194,0.4504,0.0,57.02,True
GHA,Ghana,Mole-Dagbani,majority,3.5,2.87,3.5,2.87,18.5,18.5,-0.0,18.5,0.0,18.5,0.0,18.5,18.5,18.5,18.5,0.0,18.5,-0.0,-0.0,6369072,9350957,0.0,0.0,0.0,1.25,unspecified,False,0.5,0.48,0.56,0.42,0.454,1.176,1.0,0.78,0.811,0.74,0.0,0.698,0.0,0.0,1.0,0.761,35.517,35.852,61.5,57.02,2.983,7.128,0.251,0.0,1.0,0.838,1.0,1.0,0.0,0.001,0.729,0.7287,-0.0003,0.7287,2.2488,0.2267,2.125,2.271,0.0005,0.7289,18.5,-0.0,-0.0,2.125,2.271,0.0005,0.7289,0.5434,0.2853,0.1834,0.7277,0.2076,3.69,0.52,mixed-rural-urban,0.0,0.1148,0.7809,0.7019,0.7478,0.3194,0.4504,0.0,57.02,False
GHA,Ghana,Ewe,majority,3.5,2.87,3.5,2.87,12.8,12.8,-0.0,12.8,0.0,12.8,0.0,12.8,12.8,12.8,12.8,0.0,12.8,-0.0,-0.0,4406709,6469851,0.0,0.0,0.0,1.25,unspecified,False,0.5,0.48,0.56,0.42,0.454,1.135,1.0,0.78,0.802,0.74,0.0,0.698,0.0,0.0,1.0,0.761,35.517,35.852,61.5,57.02,2.983,7.128,0.251,0.0,1.0,0.838,1.0,1.0,0.0,0.001,0.729,0.7287,-0.0003,0.7287,2.2488,0.2267,2.125,2.271,0.0005,0.7289,12.8,-0.0,-0.0,2.125,2.271,0.0005,0.7289,0.5434,0.2853,0.1834,0.7277,0.2076,3.69,0.52,mixed-rural-urban,0.0,0.1148,0.7809,0.7019,0.7478,0.3194,0.4504,0.0,57.02,False
GHA,Ghana,Ga-Dangme,majority,3.5,2.87,3.5,2.87,7.1,7.1,-0.0,7.1,0.0,7.1,0.0,7.1,7.1,7.1,7.1,0.0,7.1,-0.0,-0.0,2444347,3588746,0.0,0.0,0.0,1.25,unspecified,False,0.5,0.48,0.56,0.42,0.454,1.071,1.0,0.78,0.788,0.74,0.0,0.698,0.0,0.0,1.0,0.761,35.517,35.852,61.5,57.02,2.983,7.128,0.251,0.0,1.0,0.838,1.0,1.0,0.0,0.001,0.729,0.7287,-0.0003,0.7287,2.2488,0.2267,2.125,2.271,0.0005,0.7289,7.1,-0.0,-0.0,2.125,2.271,0.0005,0.7289,0.5434,0.2853,0.1834,0.7277,0.2076,3.69,0.52,mixed-rural-urban,0.0,0.1148,0.7809,0.7019,0.7478,0.3194,0.4504,0.0,57.02,False
GHA,Ghana,Gurma,majority,3.5,2.87,3.5,2.87,6.4,6.4,-0.0,6.4,0.0,6.4,0.0,6.4,6.4,6.4,6.4,0.0,6.4,-0.0,-0.0,2203355,3234926,0.0,0.0,0.0,1.25,unspecified,False,0.5,0.48,0.56,0.42,0.454,1.06,1.0,0.78,0.785,0.74,0.0,0.698,0.0,0.0,1.0,0.761,35.517,35.852,61.5,57.02,2.983,7.128,0.251,0.0,1.0,0.838,1.0,1.0,0.0,0.001,0.729,0.7287,-0.0003,0.7287,2.2488,0.2267,2.125,2.271,0.0005,0.7289,6.4,-0.0,-0.0,2.125,2.271,0.0005,0.7289,0.5434,0.2853,0.1834,0.7277,0.2076,3.69,0.52,mixed-rural-urban,0.0,0.1148,0.7809,0.7019,0.7478,0.3194,0.4504,0.0,57.02,False
GHA,Ghana,Guan,majority,3.5,2.87,3.5,2.87,3.2,3.2,-0.0,3.2,0.0,3.2,0.0,3.2,3.2,3.2,3.2,0.0,3.2,-0.0,-0.0,1101677,1617463,0.0,0.0,0.0,1.25,unspecified,False,0.5,0.48,0.56,0.42,0.454,0.992,1.0,0.78,0.77,0.74,0.0,0.698,0.0,0.0,1.0,0.761,35.517,35.852,61.5,57.02,2.983,7.128,0.251,0.0,1.0,0.838,1.0,1.0,0.0,0.001,0.729,0.7287,-0.0003,0.7287,2.2488,0.2267,2.125,2.271,0.0005,0.7289,3.2,-0.0,-0.0,2.125,2.271,0.0005,0.7289,0.5434,0.2853,0.1834,0.7277,0.2076,3.69,0.52,mixed-rural-urban,0.0,0.1148,0.7809,0.7019,0.7478,0.3194,0.4504,0.0,57.02,False
GHA,Ghana,Grusi,majority,3.5,2.87,3.5,2.87,2.6,2.6,-0.0,2.6,0.0,2.6,0.0,2.6,2.6,2.6,2.6,0.0,2.6,-0.0,-0.0,895113,1314189,0.0,0.0,0.0,1.25,unspecified,False,0.5,0.48,0.56,0.42,0.454,0.974,1.0,0.78,0.766,0.74,0.0,0.698,0.0,0.0,1.0,0.761,35.517,35.852,61.5,57.02,2.983,7.128,0.251,0.0,1.0,0.838,1.0,1.0,0.0,0.001,0.729,0.7287,-0.0003,0.7287,2.2488,0.2267,2.125,2.271,0.0005,0.7289,2.6,-0.0,-0.0,2.125,2.271,0.0005,0.7289,0.5434,0.2853,0.1834,0.7277,0.2076,3.69,0.52,mixed-rural-urban,0.0,0.1148,0.7809,0.7019,0.7478,0.3194,0.4504,0.0,57.02,False
GHA,Ghana,Mande,majority,3.5,2.87,3.5,2.87,2.0,2.0,-0.0,2.0,0.0,2.0,0.0,2.0,2.0,2.0,2.0,0.0,2.0,-0.0,-0.0,688548,1010914,0.0,0.0,0.0,1.25,unspecified,False,0.5,0.48,0.56,0.42,0.454,0.952,1.0,0.78,0.761,0.74,0.0,0.698,0.0,0.0,1.0,0.761,35.517,35.852,61.5,57.02,2.983,7.128,0.251,0.0,1.0,0.838,1.0,1.0,0.0,0.001,0.729,0.7287,-0.0003,0.7287,2.2488,0.2267,2.125,2.271,0.0005,0.7289,2.0,-0.0,-0.0,2.125,2.271,0.0005,0.7289,0.5434,0.2853,0.1834,0.7277,0.2076,3.69,0.52,mixed-rural-urban,0.0,0.1148,0.7809,0.7019,0.7478,0.3194,0.4504,0.0,57.02,False
GHA,Ghana,Other,assimilating,3.5,2.87,3.5,2.87,1.7,1.67,-0.03,1.67,0.0,1.67,0.0,1.67,1.67,1.67,1.67,0.0,1.69,-0.01,0.02,585266,844419,0.0,0.0,0.0,1.25,unspecified,False,0.5,0.48,0.56,0.42,0.454,0.939,1.0,0.78,0.758,0.74,0.0,0.698,0.0,0.0,1.0,0.761,35.517,35.852,61.5,57.02,2.983,7.128,0.251,0.0,1.0,0.838,1.0,1.0,0.0,0.001,0.729,0.7287,-0.0003,0.7287,2.2488,0.2267,2.125,2.271,0.0005,0.7289,1.69,-0.01,0.02,2.125,2.271,0.0005,0.7289,0.5434,0.2853,0.1834,0.7277,0.2076,3.69,0.52,mixed-rural-urban,0.0,0.1148,0.7809,0.7019,0.7478,0.3194,0.4504,0.0,57.02,False
GIN,Guinea,Fulani (Peulh),high_fertility,4.85,3.52,4.2,3.26,33.4,35.97,2.57,35.97,0.0,35.97,0.0,35.88,36.06,35.88,36.06,0.18,35.75,2.35,-0.22,4928096,8418570,0.0,0.0,0.0,1.25,unspecified,False,0.5,0.48,0.56,0.42,0.454,1.245,1.0,0.78,0.826,0.0,0.0,0.793,0.0,0.0,1.0,0.761,41.755,42.982,56.0,52.4,2.245,4.618,0.251,0.0,1.0,0.78,1.0,1.0,0.0,0.001,0.7452,0.7382,-0.007,0.7382,2.2216,0.3263,2.061,2.293,0.0005,0.7389,35.75,2.35,-0.22,2.061,2.293,0.0005,0.7389,0.3275,0.2408,0.1534,0.6019,0.2808,3.82,0.372,rural-heavy,0.0,0.085,0.6939,0.4537,0.6358,0.0445,0.7006,0.0,52.4,True
GIN,Guinea,Malinke,majority,4.2,3.26,4.2,3.26,29.8,28.65,-1.15,28.65,0.0,28.65,0.0,28.69,28.61,28.61,28.69,0.08,28.75,-1.05,0.1,4396924,6705647,0.0,0.0,0.0,1.25,unspecified,False,0.5,0.48,0.56,0.42,0.454,1.231,1.0,0.78,0.823,0.0,0.0,0.793,0.0,0.0,1.0,0.761,41.755,42.982,56.0,52.4,2.245,4.618,0.251,0.0,1.0,0.78,1.0,1.0,0.0,0.001,0.7452,0.7382,-0.007,0.7382,2.2216,0.3263,2.061,2.293,0.0005,0.7389,28.75,-1.05,0.1,2.061,2.293,0.0005,0.7389,0.3275,0.2408,0.1534,0.6019,0.2808,3.82,0.372,rural-heavy,0.0,0.085,0.6939,0.4537,0.6358,0.0445,0.7006,0.0,52.4,False
GIN,Guinea,Susu,majority,4.2,3.26,4.2,3.26,21.0,20.19,-0.81,20.19,0.0,20.19,0.0,20.22,20.16,20.16,20.22,0.06,20.26,-0.74,0.07,3098504,4725456,0.0,0.0,0.0,1.25,unspecified,False,0.5,0.48,0.56,0.42,0.454,1.191,1.0,0.78,0.814,0.0,0.0,0.793,0.0,0.0,1.0,0.761,41.755,42.982,56.0,52.4,2.245,4.618,0.251,0.0,1.0,0.78,1.0,1.0,0.0,0.001,0.7452,0.7382,-0.007,0.7382,2.2216,0.3263,2.061,2.293,0.0005,0.7389,20.26,-0.74,0.07,2.061,2.293,0.0005,0.7389,0.3275,0.2408,0.1534,0.6019,0.2808,3.82,0.372,rural-heavy,0.0,0.085,0.6939,0.4537,0.6358,0.0445,0.7006,0.0,52.4,False
GIN,Guinea,Guerze,majority,4.2,3.26,4.2,3.26,7.8,7.5,-0.3,7.5,0.0,7.5,0.0,7.51,7.49,7.49,7.51,0.02,7.52,-0.28,0.03,1150873,1755169,0.0,0.0,0.0,1.25,unspecified,False,0.5,0.48,0.56,0.42,0.454,1.081,1.0,0.78,0.79,0.0,0.0,0.793,0.0,0.0,1.0,0.761,41.755,42.982,56.0,52.4,2.245,4.618,0.251,0.0,1.0,0.78,1.0,1.0,0.0,0.001,0.7452,0.7382,-0.007,0.7382,2.2216,0.3263,2.061,2.293,0.0005,0.7389,7.52,-0.28,0.03,2.061,2.293,0.0005,0.7389,0.3275,0.2408,0.1534,0.6019,0.2808,3.82,0.372,rural-heavy,0.0,0.085,0.6939,0.4537,0.6358,0.0445,0.7006,0.0,52.4,False
GIN,Guinea,Kissi,majority,4.2,3.26,4.2,3.26,6.3,6.06,-0.24,6.06,0.0,6.06,0.0,6.07,6.05,6.05,6.07,0.02,6.08,-0.22,0.02,929551,1417637,0.0,0.0,0.0,1.25,unspecified,False,0.5,0.48,0.56,0.42,0.454,1.059,1.0,0.78,0.785,0.0,0.0,0.793,0.0,0.0,1.0,0.761,41.755,42.982,56.0,52.4,2.245,4.618,0.251,0.0,1.0,0.78,1.0,1.0,0.0,0.001,0.7452,0.7382,-0.007,0.7382,2.2216,0.3263,2.061,2.293,0.0005,0.7389,6.08,-0.22,0.02,2.061,2.293,0.0005,0.7389,0.3275,0.2408,0.1534,0.6019,0.2808,3.82,0.372,rural-heavy,0.0,0.085,0.6939,0.4537,0.6358,0.0445,0.7006,0.0,52.4,False
GIN,Guinea,Toma,majority,4.2,3.26,4.2,3.26,1.6,1.54,-0.06,1.54,0.0,1.54,0.0,1.54,1.54,1.54,1.54,0.0,1.54,-0.06,0.01,236076,360035,0.0,0.0,0.0,1.25,unspecified,False,0.5,0.48,0.56,0.42,0.454,0.935,1.0,0.78,0.757,0.0,0.0,0.793,0.0,0.0,1.0,0.761,41.755,42.982,56.0,52.4,2.245,4.618,0.251,0.0,1.0,0.78,1.0,1.0,0.0,0.001,0.7452,0.7382,-0.007,0.7382,2.2216,0.3263,2.061,2.293,0.0005,0.7389,1.54,-0.06,0.01,2.061,2.293,0.0005,0.7389,0.3275,0.2408,0.1534,0.6019,0.2808,3.82,0.372,rural-heavy,0.0,0.085,0.6939,0.4537,0.6358,0.0445,0.7006,0.0,52.4,False
GIN,Guinea,Other,assimilating,4.2,3.26,4.2,3.26,0.1,0.09,-0.01,0.09,0.0,0.09,0.0,0.09,0.09,0.09,0.09,0.0,0.1,-0.0,0.0,14755,22080,0.0,0.0,0.0,1.25,unspecified,False,0.5,0.48,0.56,0.42,0.454,0.831,1.0,0.78,0.735,0.0,0.0,0.793,0.0,0.0,1.0,0.761,41.755,42.982,56.0,52.4,2.245,4.618,0.251,0.0,1.0,0.78,1.0,1.0,0.0,0.001,0.7452,0.7382,-0.007,0.7382,2.2216,0.3263,2.061,2.293,0.0005,0.7389,0.1,-0.0,0.0,2.061,2.293,0.0005,0.7389,0.3275,0.2408,0.1534,0.6019,0.2808,3.82,0.372,rural-heavy,0.0,0.085,0.6939,0.4537,0.6358,0.0445,0.7006,0.0,52.4,False
GMB,Gambia,Mandinka,majority,4.4,3.37,4.4,3.37,34.4,34.06,-0.34,34.06,0.0,34.06,0.0,34.08,34.04,34.04,34.08,0.03,33.98,-0.42,-0.08,949440,1465140,0.0,0.0,0.0,1.25,unspecified,False,0.5,0.48,0.56,0.42,0.454,1.248,1.0,0.78,0.827,0.0,0.0,0.759,0.0,0.0,1.0,0.761,42.295,43.529,55.5,52.14,2.205,4.331,0.251,0.0,1.0,0.775,1.0,1.0,0.0,0.001,0.7889,0.7873,-0.0016,0.7873,2.5262,0.334,2.067,2.354,0.0005,0.788,33.98,-0.42,-0.08,2.067,2.354,0.0005,0.788,0.3424,0.223,0.2091,0.6144,0.2695,4.7,0.29,rural-heavy,0.0,0.0662,0.7391,0.49,0.5677,0.0683,0.711,0.0,52.14,True
GMB,Gambia,Fula,high_fertility,4.75,3.51,4.4,3.37,22.5,23.72,1.22,23.72,0.0,23.72,0.0,23.68,23.76,23.68,23.76,0.08,23.63,1.13,-0.09,621000,1020334,0.0,0.0,0.0,1.25,unspecified,False,0.5,0.48,0.56,0.42,0.454,1.199,1.0,0.78,0.816,0.0,0.0,0.759,0.0,0.0,1.0,0.761,42.295,43.529,55.5,52.14,2.205,4.331,0.251,0.0,1.0,0.775,1.0,1.0,0.0,0.001,0.7889,0.7873,-0.0016,0.7873,2.5262,0.334,2.067,2.354,0.0005,0.788,23.63,1.13,-0.09,2.067,2.354,0.0005,0.788,0.3424,0.223,0.2091,0.6144,0.2695,4.7,0.29,rural-heavy,0.0,0.0662,0.7391,0.49,0.5677,0.0683,0.711,0.0,52.14,False
GMB,Gambia,Wolof,majority,4.4,3.37,4.4,3.37,12.3,12.1,-0.2,12.1,0.0,12.1,0.0,12.1,12.09,12.09,12.1,0.01,12.11,-0.19,0.01,339480,520400,0.0,0.0,0.0,1.25,unspecified,False,0.5,0.48,0.56,0.42,0.454,1.131,1.0,0.78,0.801,0.0,0.0,0.759,0.0,0.0,1.0,0.761,42.295,43.529,55.5,52.14,2.205,4.331,0.251,0.0,1.0,0.775,1.0,1.0,0.0,0.001,0.7889,0.7873,-0.0016,0.7873,2.5262,0.334,2.067,2.354,0.0005,0.788,12.11,-0.19,0.01,2.067,2.354,0.0005,0.788,0.3424,0.223,0.2091,0.6144,0.2695,4.7,0.29,rural-heavy,0.0,0.0662,0.7391,0.49,0.5677,0.0683,0.711,0.0,52.14,False
GMB,Gambia,Jola,majority,4.4,3.37,4.4,3.37,10.7,10.52,-0.18,10.52,0.0,10.52,0.0,10.53,10.52,10.52,10.53,0.01,10.54,-0.16,0.01,295320,452705,0.0,0.0,0.0,1.25,unspecified,False,0.5,0.48,0.56,0.42,0.454,1.115,1.0,0.78,0.797,0.0,0.0,0.759,0.0,0.0,1.0,0.761,42.295,43.529,55.5,52.14,2.205,4.331,0.251,0.0,1.0,0.775,1.0,1.0,0.0,0.001,0.7889,0.7873,-0.0016,0.7873,2.5262,0.334,2.067,2.354,0.0005,0.788,10.54,-0.16,0.01,2.067,2.354,0.0005,0.788,0.3424,0.223,0.2091,0.6144,0.2695,4.7,0.29,rural-heavy,0.0,0.0662,0.7391,0.49,0.5677,0.0683,0.711,0.0,52.14,False
GMB,Gambia,Serahule,majority,4.4,3.37,4.4,3.37,8.2,8.06,-0.14,8.06,0.0,8.06,0.0,8.07,8.06,8.06,8.07,0.01,8.07,-0.13,0.01,226320,346933,0.0,0.0,0.0,1.25,unspecified,False,0.5,0.48,0.56,0.42,0.454,1.086,1.0,0.78,0.791,0.0,0.0,0.759,0.0,0.0,1.0,0.761,42.295,43.529,55.5,52.14,2.205,4.331,0.251,0.0,1.0,0.775,1.0,1.0,0.0,0.001,0.7889,0.7873,-0.0016,0.7873,2.5262,0.334,2.067,2.354,0.0005,0.788,8.07,-0.13,0.01,2.067,2.354,0.0005,0.788,0.3424,0.223,0.2091,0.6144,0.2695,4.7,0.29,rural-heavy,0.0,0.0662,0.7391,0.49,0.5677,0.0683,0.711,0.0,52.14,False
GMB,Gambia,Serer,majority,4.4,3.37,4.4,3.37,3.0,2.95,-0.05,2.95,0.0,2.95,0.0,2.95,2.95,2.95,2.95,0.0,2.95,-0.05,0.0,82800,126927,0.0,0.0,0.0,1.25,unspecified,False,0.5,0.48,0.56,0.42,0.454,0.986,1.0,0.78,0.769,0.0,0.0,0.759,0.0,0.0,1.0,0.761,42.295,43.529,55.5,52.14,2.205,4.331,0.251,0.0,1.0,0.775,1.0,1.0,0.0,0.001,0.7889,0.7873,-0.0016,0.7873,2.5262,0.334,2.067,2.354,0.0005,0.788,2.95,-0.05,0.0,2.067,2.354,0.0005,0.788,0.3424,0.223,0.2091,0.6144,0.2695,4.7,0.29,rural-heavy,0.0,0.0662,0.7391,0.49,0.5677,0.0683,0.711,0.0,52.14,False
GMB,Gambia,Other,assimilating,4.4,3.37,4.4,3.37,8.9,8.59,-0.31,8.59,0.0,8.59,0.0,8.59,8.58,8.58,8.59,0.01,8.72,-0.18,0.13,245640,369459,0.0,0.0,0.0,1.25,unspecified,False,0.5,0.48,0.56,0.42,0.454,1.095,1.0,0.78,0.793,0.0,0.0,0.759,0.0,0.0,1.0,0.761,42.295,43.529,55.5,52.14,2.205,4.331,0.251,0.0,1.0,0.775,1.0,1.0,0.0,0.001,0.7889,0.7873,-0.0016,0.7873,2.5262,0.334,2.067,2.354,0.0005,0.788,8.72,-0.18,0.13,2.067,2.354,0.0005,0.788,0.3424,0.223,0.2091,0.6144,0.2695,4.7,0.29,rural-heavy,0.0,0.0662,0.7391,0.49,0.5677,0.0683,0.711,0.0,52.14,False
GNB,Guinea-Bissau,Balanta,majority,4.3,3.31,4.3,3.31,28.5,28.29,-0.21,28.29,0.0,28.29,0.0,28.31,28.28,28.28,28.31,0.03,28.17,-0.33,-0.12,627388,972858,0.0,0.0,0.0,1.25,unspecified,False,0.5,0.48,0.56,0.42,0.454,1.226,1.0,0.78,0.822,0.0,0.0,0.0,0.0,0.0,1.0,0.761,41.514,42.508,56.0,52.56,2.486,4.932,0.251,0.0,1.0,0.774,1.0,1.0,0.0,0.001,0.8176,0.8152,-0.0024,0.8152,2.6878,0.3163,2.086,2.395,0.0005,0.8159,28.17,-0.33,-0.12,2.086,2.395,0.0005,0.8159,0.3499,0.2003,0.1431,0.6157,0.2656,5.41,0.265,rural-heavy,0.0,0.0735,0.7354,0.4923,0.5601,0.0757,0.6915,0.0,52.56,True
GNB,Guinea-Bissau,Fula,high_fertility,4.65,3.45,4.3,3.31,22.5,23.74,1.24,23.74,0.0,23.74,0.0,23.7,23.78,23.7,23.78,0.08,23.65,1.15,-0.1,495306,816416,0.0,0.0,0.0,1.25,unspecified,False,0.5,0.48,0.56,0.42,0.454,1.199,1.0,0.78,0.816,0.0,0.0,0.0,0.0,0.0,1.0,0.761,41.514,42.508,56.0,52.56,2.486,4.932,0.251,0.0,1.0,0.774,1.0,1.0,0.0,0.001,0.8176,0.8152,-0.0024,0.8152,2.6878,0.3163,2.086,2.395,0.0005,0.8159,23.65,1.15,-0.1,2.086,2.395,0.0005,0.8159,0.3499,0.2003,0.1431,0.6157,0.2656,5.41,0.265,rural-heavy,0.0,0.0735,0.7354,0.4923,0.5601,0.0757,0.6915,0.0,52.56,False
GNB,Guinea-Bissau,Manjaco,majority,4.3,3.31,4.3,3.31,14.7,14.45,-0.25,14.45,0.0,14.45,0.0,14.46,14.44,14.44,14.46,0.01,14.47,-0.23,0.02,323600,496841,0.0,0.0,0.0,1.25,unspecified,False,0.5,0.48,0.56,0.42,0.454,1.15,1.0,0.78,0.805,0.0,0.0,0.0,0.0,0.0,1.0,0.761,41.514,42.508,56.0,52.56,2.486,4.932,0.251,0.0,1.0,0.774,1.0,1.0,0.0,0.001,0.8176,0.8152,-0.0024,0.8152,2.6878,0.3163,2.086,2.395,0.0005,0.8159,14.47,-0.23,0.02,2.086,2.395,0.0005,0.8159,0.3499,0.2003,0.1431,0.6157,0.2656,5.41,0.265,rural-heavy,0.0,0.0735,0.7354,0.4923,0.5601,0.0757,0.6915,0.0,52.56,False
GNB,Guinea-Bissau,Mandinga,majority,4.3,3.31,4.3,3.31,9.1,8.94,-0.16,8.94,0.0,8.94,0.0,8.95,8.94,8.94,8.95,0.01,8.96,-0.14,0.01,200324,307568,0.0,0.0,0.0,1.25,unspecified,False,0.5,0.48,0.56,0.42,0.454,1.098,1.0,0.78,0.794,0.0,0.0,0.0,0.0,0.0,1.0,0.761,41.514,42.508,56.0,52.56,2.486,4.932,0.251,0.0,1.0,0.774,1.0,1.0,0.0,0.001,0.8176,0.8152,-0.0024,0.8152,2.6878,0.3163,2.086,2.395,0.0005,0.8159,8.96,-0.14,0.01,2.086,2.395,0.0005,0.8159,0.3499,0.2003,0.1431,0.6157,0.2656,5.41,0.265,rural-heavy,0.0,0.0735,0.7354,0.4923,0.5601,0.0757,0.6915,0.0,52.56,False
GNB,Guinea-Bissau,Papel,majority,4.3,3.31,4.3,3.31,8.2,8.06,-0.14,8.06,0.0,8.06,0.0,8.06,8.06,8.06,8.06,0.01,8.07,-0.13,0.01,180512,277149,0.0,0.0,0.0,1.25,unspecified,False,0.5,0.48,0.56,0.42,0.454,1.086,1.0,0.78,0.791,0.0,0.0,0.0,0.0,0.0,1.0,0.761,41.514,42.508,56.0,52.56,2.486,4.932,0.251,0.0,1.0,0.774,1.0,1.0,0.0,0.001,0.8176,0.8152,-0.0024,0.8152,2.6878,0.3163,2.086,2.395,0.0005,0.8159,8.07,-0.13,0.01,2.086,2.395,0.0005,0.8159,0.3499,0.2003,0.1431,0.6157,0.2656,5.41,0.265,rural-heavy,0.0,0.0735,0.7354,0.4923,0.5601,0.0757,0.6915,0.0,52.56,False
GNB,Guinea-Bissau,Beafada,majority,4.3,3.31,4.3,3.31,3.0,2.95,-0.05,2.95,0.0,2.95,0.0,2.95,2.95,2.95,2.95,0.0,2.95,-0.05,0.0,66041,101396,0.0,0.0,0.0,1.25,unspecified,False,0.5,0.48,0.56,0.42,0.454,0.986,1.0,0.78,0.769,0.0,0.0,0.0,0.0,0.0,1.0,0.761,41.514,42.508,56.0,52.56,2.486,4.932,0.251,0.0,1.0,0.774,1.0,1.0,0.0,0.001,0.8176,0.8152,-0.0024,0.8152,2.6878,0.3163,2.086,2.395,0.0005,0.8159,2.95,-0.05,0.0,2.086,2.395,0.0005,0.8159,0.3499,0.2003,0.1431,0.6157,0.2656,5.41,0.265,rural-heavy,0.0,0.0735,0.7354,0.4923,0.5601,0.0757,0.6915,0.0,52.56,False
GNB,Guinea-Bissau,Mancanha,majority,4.3,3.31,4.3,3.31,3.0,2.95,-0.05,2.95,0.0,2.95,0.0,2.95,2.95,2.95,2.95,0.0,2.95,-0.05,0.0,66041,101396,0.0,0.0,0.0,1.25,unspecified,False,0.5,0.48,0.56,0.42,0.454,0.986,1.0,0.78,0.769,0.0,0.0,0.0,0.0,0.0,1.0,0.761,41.514,42.508,56.0,52.56,2.486,4.932,0.251,0.0,1.0,0.774,1.0,1.0,0.0,0.001,0.8176,0.8152,-0.0024,0.8152,2.6878,0.3163,2.086,2.395,0.0005,0.8159,2.95,-0.05,0.0,2.086,2.395,0.0005,0.8159,0.3499,0.2003,0.1431,0.6157,0.2656,5.41,0.265,rural-heavy,0.0,0.0735,0.7354,0.4923,0.5601,0.0757,0.6915,0.0,52.56,False
GNB,Guinea-Bissau,Other,assimilating,4.3,3.31,4.3,3.31,11.0,10.61,-0.39,10.61,0.0,10.61,0.0,10.62,10.61,10.61,10.62,0.01,10.78,-0.22,0.17,242150,364983,0.0,0.0,0.0,1.25,unspecified,False,0.5,0.48,0.56,0.42,0.454,1.118,1.0,0.78,0.798,0.0,0.0,0.0,0.0,0.0,1.0,0.761,41.514,42.508,56.0,52.56,2.486,4.932,0.251,0.0,1.0,0.774,1.0,1.0,0.0,0.001,0.8176,0.8152,-0.0024,0.8152,2.6878,0.3163,2.086,2.395,0.0005,0.8159,10.78,-0.22,0.17,2.086,2.395,0.0005,0.8159,0.3499,0.2003,0.1431,0.6157,0.2656,5.41,0.265,rural-heavy,0.0,0.0735,0.7354,0.4923,0.5601,0.0757,0.6915,0.0,52.56,False
GNQ,Equatorial Guinea,Fang,majority,4.0,3.15,4.0,3.15,85.7,85.67,-0.03,85.75,-0.08,85.67,0.0,85.69,85.63,85.63,85.69,0.06,85.63,-0.07,-0.04,1621892,2693087,0.0,0.0,0.0,1.25,unspecified,False,0.5,0.48,0.56,0.42,0.454,1.3,1.0,0.78,0.839,0.0,0.0,0.0,0.0,0.0,1.0,0.761,36.226,35.636,60.0,55.44,3.774,8.924,0.251,0.013,0.995,0.84,1.0,1.0,0.0,0.001,0.2594,0.26,0.0006,0.26,0.5962,0.1909,1.601,1.613,0.0005,0.2607,85.63,-0.07,-0.04,1.601,1.613,0.0005,0.2607,0.5981,0.297,0.1145,0.736,0.2219,1.35,0.55,mixed-rural-urban,0.0,0.0535,0.721,0.6949,0.7685,0.4756,0.4297,0.0,55.44,True
GNQ,Equatorial Guinea,Bubi,majority,4.0,3.15,4.0,3.15,6.5,6.49,-0.01,6.5,-0.01,6.49,0.0,6.49,6.49,6.49,6.49,0.0,6.49,-0.01,-0.0,123014,204097,0.0,0.0,0.0,1.25,unspecified,False,0.5,0.48,0.56,0.42,0.454,1.062,1.0,0.78,0.786,0.0,0.0,0.0,0.0,0.0,1.0,0.761,36.226,35.636,60.0,55.44,3.774,8.924,0.251,0.013,0.995,0.84,1.0,1.0,0.0,0.001,0.2594,0.26,0.0006,0.26,0.5962,0.1909,1.601,1.613,0.0005,0.2607,6.49,-0.01,-0.0,1.601,1.613,0.0005,0.2607,0.5981,0.297,0.1145,0.736,0.2219,1.35,0.55,mixed-rural-urban,0.0,0.0535,0.721,0.6949,0.7685,0.4756,0.4297,0.0,55.44,False
GNQ,Equatorial Guinea,Ndowe,majority,4.0,3.15,4.0,3.15,3.6,3.6,-0.0,3.6,-0.0,3.6,0.0,3.6,3.59,3.59,3.6,0.0,3.6,-0.0,-0.0,68131,113038,0.0,0.0,0.0,1.25,unspecified,False,0.5,0.48,0.56,0.42,0.454,1.003,1.0,0.78,0.773,0.0,0.0,0.0,0.0,0.0,1.0,0.761,36.226,35.636,60.0,55.44,3.774,8.924,0.251,0.013,0.995,0.84,1.0,1.0,0.0,0.001,0.2594,0.26,0.0006,0.26,0.5962,0.1909,1.601,1.613,0.0005,0.2607,3.6,-0.0,-0.0,1.601,1.613,0.0005,0.2607,0.5981,0.297,0.1145,0.736,0.2219,1.35,0.55,mixed-rural-urban,0.0,0.0535,0.721,0.6949,0.7685,0.4756,0.4297,0.0,55.44,False
GNQ,Equatorial Guinea,Annobon,majority,4.0,3.15,4.0,3.15,1.6,1.6,-0.0,1.6,-0.0,1.6,0.0,1.6,1.6,1.6,1.6,0.0,1.6,-0.0,-0.0,30280,50239,0.0,0.0,0.0,1.25,unspecified,False,0.5,0.48,0.56,0.42,0.454,0.935,1.0,0.78,0.757,0.0,0.0,0.0,0.0,0.0,1.0,0.761,36.226,35.636,60.0,55.44,3.774,8.924,0.251,0.013,0.995,0.84,1.0,1.0,0.0,0.001,0.2594,0.26,0.0006,0.26,0.5962,0.1909,1.601,1.613,0.0005,0.2607,1.6,-0.0,-0.0,1.601,1.613,0.0005,0.2607,0.5981,0.297,0.1145,0.736,0.2219,1.35,0.55,mixed-rural-urban,0.0,0.0535,0.721,0.6949,0.7685,0.4756,0.4297,0.0,55.44,False
GNQ,Equatorial Guinea,European,immigrant,4.0,3.15,4.0,3.15,1.2,1.27,0.07,1.18,0.1,1.27,0.0,1.24,1.31,1.24,1.31,0.07,1.29,0.09,0.02,22710,40011,0.0,0.0,0.0,1.25,unspecified,True,0.5,0.48,0.56,0.42,0.454,0.915,1.0,0.78,0.753,0.0,0.0,0.0,0.0,0.0,1.0,0.761,36.226,35.636,60.0,55.44,3.774,8.924,0.251,0.013,0.995,0.84,1.0,1.0,0.0,0.001,0.2594,0.26,0.0006,0.26,0.5962,0.1909,1.601,1.613,0.0005,0.2607,1.29,0.09,0.02,1.601,1.613,0.0005,0.2607,0.5981,0.297,0.1145,0.736,0.2219,1.35,0.55,mixed-rural-urban,0.0,0.0535,0.721,0.6949,0.7685,0.4756,0.4297,0.0,55.44,False
GNQ,Equatorial Guinea,Other,assimilating,4.0,3.15,4.0,3.15,1.4,1.38,-0.02,1.38,-0.0,1.38,0.0,1.38,1.38,1.38,1.38,0.0,1.4,-0.0,0.02,26495,43259,0.0,0.0,0.0,1.25,unspecified,False,0.5,0.48,0.56,0.42,0.454,0.925,1.0,0.78,0.755,0.0,0.0,0.0,0.0,0.0,1.0,0.761,36.226,35.636,60.0,55.44,3.774,8.924,0.251,0.013,0.995,0.84,1.0,1.0,0.0,0.001,0.2594,0.26,0.0006,0.26,0.5962,0.1909,1.601,1.613,0.0005,0.2607,1.4,-0.0,0.02,1.601,1.613,0.0005,0.2607,0.5981,0.297,0.1145,0.736,0.2219,1.35,0.55,mixed-rural-urban,0.0,0.0535,0.721,0.6949,0.7685,0.4756,0.4297,0.0,55.44,False
GRC,Greece,Greek,majority,1.3,1.54,1.3,1.54,91.6,90.65,-0.95,91.7,-1.05,90.65,0.0,90.97,90.26,90.26,90.97,0.71,90.51,-1.09,-0.13,9203797,7987726,0.544,0.451,0.201,2.352,unspecified,False,0.5,0.48,0.56,0.42,0.761,1.3,1.0,0.78,1.034,0.0,0.0,0.0,0.463,0.157,1.0,0.761,8.097,3.932,61.5,62.18,30.403,33.888,0.251,0.094,0.872,0.887,1.0,1.231,0.04,0.001,0.1582,0.175,0.0167,0.175,0.3796,0.1538,1.748,1.592,0.0005,0.1773,90.51,-1.09,-0.13,1.748,1.592,0.0005,0.1773,0.7291,0.5968,0.1448,0.8269,0.2245,1.21,0.848,metropolitan-heavy,0.083,-0.0104,0.9406,0.8795,0.8742,0.6956,0.4498,0.9949,62.18,True
GRC,Greece,Albanian,immigrant,1.3,1.54,1.3,1.54,4.4,4.9,0.5,4.35,0.55,4.9,0.0,4.73,5.1,4.73,5.1,0.37,4.97,0.57,0.07,442104,431752,0.544,0.451,0.201,2.352,unspecified,True,0.5,0.48,0.56,0.42,0.761,1.022,1.0,0.78,0.931,0.0,0.0,0.0,0.463,0.157,1.0,0.761,8.097,3.932,61.5,62.18,30.403,33.888,0.251,0.094,0.872,0.887,1.0,1.231,0.04,0.001,0.1582,0.175,0.0167,0.175,0.3796,0.1538,1.748,1.592,0.0005,0.1773,4.97,0.57,0.07,1.748,1.592,0.0005,0.1773,0.7291,0.5968,0.1448,0.8269,0.2245,1.21,0.848,metropolitan-heavy,0.083,-0.0104,0.9406,0.8795,0.8742,0.6956,0.4498,0.9949,62.18,False
GRC,Greece,Bulgarian,immigrant,1.3,1.54,1.3,1.54,0.3,0.33,0.03,0.3,0.03,0.33,0.0,0.32,0.34,0.32,0.34,0.02,0.34,0.04,0.0,30143,29189,0.544,0.451,0.201,2.352,unspecified,True,0.5,0.48,0.56,0.42,0.761,0.851,1.0,0.78,0.867,0.0,0.0,0.0,0.463,0.157,1.0,0.761,8.097,3.932,61.5,62.18,30.403,33.888,0.251,0.094,0.872,0.887,1.0,1.231,0.04,0.001,0.1582,0.175,0.0167,0.175,0.3796,0.1538,1.748,1.592,0.0005,0.1773,0.34,0.04,0.0,1.748,1.592,0.0005,0.1773,0.7291,0.5968,0.1448,0.8269,0.2245,1.21,0.848,metropolitan-heavy,0.083,-0.0104,0.9406,0.8795,0.8742,0.6956,0.4498,0.9949,62.18,False
GRC,Greece,Romanian,immigrant,1.3,1.54,1.3,1.54,0.5,0.55,0.05,0.49,0.06,0.55,0.0,0.53,0.57,0.53,0.57,0.04,0.56,0.06,0.01,50239,48690,0.544,0.451,0.201,2.352,unspecified,True,0.5,0.48,0.56,0.42,0.761,0.869,1.0,0.78,0.873,0.0,0.0,0.0,0.463,0.157,1.0,0.761,8.097,3.932,61.5,62.18,30.403,33.888,0.251,0.094,0.872,0.887,1.0,1.231,0.04,0.001,0.1582,0.175,0.0167,0.175,0.3796,0.1538,1.748,1.592,0.0005,0.1773,0.56,0.06,0.01,1.748,1.592,0.0005,0.1773,0.7291,0.5968,0.1448,0.8269,0.2245,1.21,0.848,metropolitan-heavy,0.083,-0.0104,0.9406,0.8795,0.8742,0.6956,0.4498,0.9949,62.18,False
GRC,Greece,Pakistani,immigrant,1.3,1.54,1.3,1.54,0.3,0.34,0.04,0.3,0.04,0.34,0.0,0.33,0.36,0.33,0.36,0.03,0.34,0.04,0.0,30143,29924,0.544,0.451,0.201,2.352,PAK,True,0.769,0.814,0.7,0.74,0.761,0.851,1.0,0.78,1.038,0.0,0.0,0.0,0.463,0.157,1.0,0.761,8.097,3.932,61.5,62.18,30.403,33.888,0.251,0.094,0.872,0.887,1.0,1.231,0.04,0.001,0.1582,0.175,0.0167,0.175,0.3796,0.1538,1.748,1.592,0.0005,0.1773,0.34,0.04,0.0,1.748,1.592,0.0005,0.1773,0.7291,0.5968,0.1448,0.8269,0.2245,1.21,0.848,metropolitan-heavy,0.083,-0.0104,0.9406,0.8795,0.8742,0.6956,0.4498,0.9949,62.18,False
GRC,Greece,Georgian,immigrant,1.3,1.54,1.3,1.54,0.2,0.22,0.02,0.2,0.02,0.22,0.0,0.21,0.23,0.21,0.23,0.02,0.22,0.02,0.0,20096,19450,0.544,0.451,0.201,2.352,unspecified,True,0.5,0.48,0.56,0.42,0.761,0.842,1.0,0.78,0.863,0.0,0.0,0.0,0.463,0.157,1.0,0.761,8.097,3.932,61.5,62.18,30.403,33.888,0.251,0.094,0.872,0.887,1.0,1.231,0.04,0.001,0.1582,0.175,0.0167,0.175,0.3796,0.1538,1.748,1.592,0.0005,0.1773,0.22,0.02,0.0,1.748,1.592,0.0005,0.1773,0.7291,0.5968,0.1448,0.8269,0.2245,1.21,0.848,metropolitan-heavy,0.083,-0.0104,0.9406,0.8795,0.8742,0.6956,0.4498,0.9949,62.18,False
GRC,Greece,Other,immigrant,1.3,1.54,1.3,1.54,2.7,3.01,0.31,2.67,0.34,3.01,0.0,2.91,3.14,2.91,3.14,0.23,3.05,0.35,0.04,271291,265339,0.544,0.451,0.201,2.352,unspecified,True,0.5,0.48,0.56,0.42,0.761,0.977,1.0,0.78,0.914,0.0,0.0,0.0,0.463,0.157,1.0,0.761,8.097,3.932,61.5,62.18,30.403,33.888,0.251,0.094,0.872,0.887,1.0,1.231,0.04,0.001,0.1582,0.175,0.0167,0.175,0.3796,0.1538,1.748,1.592,0.0005,0.1773,3.05,0.35,0.04,1.748,1.592,0.0005,0.1773,0.7291,0.5968,0.1448,0.8269,0.2245,1.21,0.848,metropolitan-heavy,0.083,-0.0104,0.9406,0.8795,0.8742,0.6956,0.4498,0.9949,62.18,False
GRD,Grenada,African descent,majority,1.9,1.96,1.9,1.96,82.4,82.48,0.08,82.64,-0.17,82.48,0.0,82.53,82.42,82.42,82.53,0.11,82.26,-0.14,-0.21,96588,93410,0.139,0.0,0.0,1.467,unspecified,False,0.5,0.48,0.56,0.42,0.501,1.3,1.0,0.78,0.868,0.0,0.0,0.0,0.0,0.0,1.0,0.761,22.721,21.093,65.0,63.4,12.279,15.507,0.251,0.023,0.987,0.874,1.0,1.049,0.0,0.001,0.3024,0.3017,-0.0007,0.3017,0.6668,0.1179,1.65,1.673,0.0005,0.3047,82.26,-0.14,-0.21,1.65,1.673,0.0005,0.3047,0.7761,0.352,0.1456,0.812,0.2006,1.43,0.55,mixed-rural-urban,0.062,0.0668,0.9034,0.853,0.8192,0.7274,0.1269,0.1594,63.4,True
GRD,Grenada,Mixed,assimilating,1.9,1.96,1.9,1.96,13.3,13.06,-0.24,13.08,-0.03,13.06,0.0,13.07,13.05,13.05,13.07,0.02,13.24,-0.06,0.18,15590,14790,0.139,0.0,0.0,1.467,unspecified,False,0.5,0.48,0.56,0.42,0.501,1.139,1.0,0.78,0.829,0.0,0.0,0.0,0.0,0.0,1.0,0.761,22.721,21.093,65.0,63.4,12.279,15.507,0.251,0.023,0.987,0.874,1.0,1.049,0.0,0.001,0.3024,0.3017,-0.0007,0.3017,0.6668,0.1179,1.65,1.673,0.0005,0.3047,13.24,-0.06,0.18,1.65,1.673,0.0005,0.3047,0.7761,0.352,0.1456,0.812,0.2006,1.43,0.55,mixed-rural-urban,0.062,0.0668,0.9034,0.853,0.8192,0.7274,0.1269,0.1594,63.4,False
GRD,Grenada,East Indian,majority,1.9,1.96,1.9,1.96,2.2,2.19,-0.01,2.2,-0.0,2.19,0.0,2.19,2.19,2.19,2.19,0.0,2.19,-0.01,-0.0,2579,2482,0.139,0.0,0.0,1.467,IND;PAK;BGD;LKA;NPL,False,0.718,0.719,0.752,0.684,0.501,0.96,1.0,0.78,0.888,0.0,0.0,0.0,0.0,0.0,1.0,0.761,22.721,21.093,65.0,63.4,12.279,15.507,0.251,0.023,0.987,0.874,1.0,1.049,0.0,0.001,0.3024,0.3017,-0.0007,0.3017,0.6668,0.1179,1.65,1.673,0.0005,0.3047,2.19,-0.01,-0.0,1.65,1.673,0.0005,0.3047,0.7761,0.352,0.1456,0.812,0.2006,1.43,0.55,mixed-rural-urban,0.062,0.0668,0.9034,0.853,0.8192,0.7274,0.1269,0.1594,63.4,False
GRD,Grenada,Other,immigrant,1.9,1.96,1.9,1.96,2.1,2.27,0.17,2.07,0.2,2.27,0.0,2.21,2.35,2.21,2.35,0.13,2.3,0.2,0.03,2462,2573,0.139,0.0,0.0,1.467,unspecified,True,0.5,0.48,0.56,0.42,0.501,0.956,1.0,0.78,0.784,0.0,0.0,0.0,0.0,0.0,1.0,0.761,22.721,21.093,65.0,63.4,12.279,15.507,0.251,0.023,0.987,0.874,1.0,1.049,0.0,0.001,0.3024,0.3017,-0.0007,0.3017,0.6668,0.1179,1.65,1.673,0.0005,0.3047,2.3,0.2,0.03,1.65,1.673,0.0005,0.3047,0.7761,0.352,0.1456,0.812,0.2006,1.43,0.55,mixed-rural-urban,0.062,0.0668,0.9034,0.853,0.8192,0.7274,0.1269,0.1594,63.4,False
GTM,Guatemala,Ladino (Mestizo),majority,2.3,2.18,2.3,2.18,56.0,53.64,-2.36,53.64,0.0,53.64,0.0,53.72,53.57,53.57,53.72,0.15,53.87,-2.13,0.23,10307565,13234352,0.0,0.0,0.0,1.25,unspecified,False,0.5,0.48,0.56,0.42,0.454,1.3,1.0,0.78,0.839,0.0,0.0,0.663,0.0,0.0,1.0,0.761,32.308,30.763,64.0,57.92,3.692,11.317,0.251,0.0,1.0,0.844,1.0,1.0,0.0,0.001,0.6502,0.6714,0.0212,0.6714,2.0039,0.1619,2.106,2.16,0.0005,0.6694,53.87,-2.13,0.23,2.106,2.16,0.0005,0.6694,0.6153,0.3228,0.065,0.7278,0.2354,3.04,0.651,urbanizing-majority,0.0,0.1274,0.9013,0.6615,0.8251,0.4894,0.3001,0.0,57.92,True
GTM,Guatemala,Maya: K'iche',high_fertility,2.65,2.32,2.3,2.18,9.1,9.69,0.59,9.69,0.0,9.69,0.0,9.67,9.71,9.67,9.71,0.04,9.63,0.53,-0.06,1674979,2390484,0.0,0.0,0.0,1.25,unspecified,False,0.5,0.48,0.56,0.42,0.454,1.098,1.0,0.78,0.794,0.0,0.0,0.663,0.0,0.0,1.0,0.761,32.308,30.763,64.0,57.92,3.692,11.317,0.251,0.0,1.0,0.844,1.0,1.0,0.0,0.001,0.6502,0.6714,0.0212,0.6714,2.0039,0.1619,2.106,2.16,0.0005,0.6694,9.63,0.53,-0.06,2.106,2.16,0.0005,0.6694,0.6153,0.3228,0.065,0.7278,0.2354,3.04,0.651,urbanizing-majority,0.0,0.1274,0.9013,0.6615,0.8251,0.4894,0.3001,0.0,57.92,False
GTM,Guatemala,Maya: Q'eqchi',high_fertility,2.65,2.32,2.3,2.18,8.7,9.26,0.56,9.26,0.0,9.26,0.0,9.25,9.28,9.25,9.28,0.04,9.21,0.51,-0.06,1601354,2285407,0.0,0.0,0.0,1.25,unspecified,False,0.5,0.48,0.56,0.42,0.454,1.093,1.0,0.78,0.792,0.0,0.0,0.663,0.0,0.0,1.0,0.761,32.308,30.763,64.0,57.92,3.692,11.317,0.251,0.0,1.0,0.844,1.0,1.0,0.0,0.001,0.6502,0.6714,0.0212,0.6714,2.0039,0.1619,2.106,2.16,0.0005,0.6694,9.21,0.51,-0.06,2.106,2.16,0.0005,0.6694,0.6153,0.3228,0.065,0.7278,0.2354,3.04,0.651,urbanizing-majority,0.0,0.1274,0.9013,0.6615,0.8251,0.4894,0.3001,0.0,57.92,False
GTM,Guatemala,Maya: Kaqchikel,high_fertility,2.65,2.32,2.3,2.18,7.8,8.31,0.51,8.31,0.0,8.31,0.0,8.29,8.32,8.29,8.32,0.03,8.26,0.46,-0.05,1435697,2048986,0.0,0.0,0.0,1.25,unspecified,False,0.5,0.48,0.56,0.42,0.454,1.081,1.0,0.78,0.79,0.0,0.0,0.663,0.0,0.0,1.0,0.761,32.308,30.763,64.0,57.92,3.692,11.317,0.251,0.0,1.0,0.844,1.0,1.0,0.0,0.001,0.6502,0.6714,0.0212,0.6714,2.0039,0.1619,2.106,2.16,0.0005,0.6694,8.26,0.46,-0.05,2.106,2.16,0.0005,0.6694,0.6153,0.3228,0.065,0.7278,0.2354,3.04,0.651,urbanizing-majority,0.0,0.1274,0.9013,0.6615,0.8251,0.4894,0.3001,0.0,57.92,False
GTM,Guatemala,Maya: Mam,high_fertility,2.65,2.32,2.3,2.18,5.9,6.28,0.38,6.28,0.0,6.28,0.0,6.27,6.29,6.27,6.29,0.02,6.24,0.34,-0.04,1085976,1549874,0.0,0.0,0.0,1.25,unspecified,False,0.5,0.48,0.56,0.42,0.454,1.052,1.0,0.78,0.783,0.0,0.0,0.663,0.0,0.0,1.0,0.761,32.308,30.763,64.0,57.92,3.692,11.317,0.251,0.0,1.0,0.844,1.0,1.0,0.0,0.001,0.6502,0.6714,0.0212,0.6714,2.0039,0.1619,2.106,2.16,0.0005,0.6694,6.24,0.34,-0.04,2.106,2.16,0.0005,0.6694,0.6153,0.3228,0.065,0.7278,0.2354,3.04,0.651,urbanizing-majority,0.0,0.1274,0.9013,0.6615,0.8251,0.4894,0.3001,0.0,57.92,False
GTM,Guatemala,Other Maya,high_fertility,2.65,2.32,2.3,2.18,10.2,10.86,0.66,10.86,0.0,10.86,0.0,10.84,10.88,10.84,10.88,0.04,10.8,0.6,-0.07,1877449,2679443,0.0,0.0,0.0,1.25,unspecified,False,0.5,0.48,0.56,0.42,0.454,1.11,1.0,0.78,0.796,0.0,0.0,0.663,0.0,0.0,1.0,0.761,32.308,30.763,64.0,57.92,3.692,11.317,0.251,0.0,1.0,0.844,1.0,1.0,0.0,0.001,0.6502,0.6714,0.0212,0.6714,2.0039,0.1619,2.106,2.16,0.0005,0.6694,10.8,0.6,-0.07,2.106,2.16,0.0005,0.6694,0.6153,0.3228,0.065,0.7278,0.2354,3.04,0.651,urbanizing-majority,0.0,0.1274,0.9013,0.6615,0.8251,0.4894,0.3001,0.0,57.92,False
GTM,Guatemala,Garifuna,high_fertility,2.65,2.32,2.3,2.18,0.4,0.43,0.03,0.43,0.0,0.43,0.0,0.43,0.43,0.43,0.43,0.0,0.42,0.02,-0.0,73625,105076,0.0,0.0,0.0,1.25,unspecified,False,0.5,0.48,0.56,0.42,0.454,0.86,1.0,0.78,0.741,0.0,0.0,0.663,0.0,0.0,1.0,0.761,32.308,30.763,64.0,57.92,3.692,11.317,0.251,0.0,1.0,0.844,1.0,1.0,0.0,0.001,0.6502,0.6714,0.0212,0.6714,2.0039,0.1619,2.106,2.16,0.0005,0.6694,0.42,0.02,-0.0,2.106,2.16,0.0005,0.6694,0.6153,0.3228,0.065,0.7278,0.2354,3.04,0.651,urbanizing-majority,0.0,0.1274,0.9013,0.6615,0.8251,0.4894,0.3001,0.0,57.92,False
GTM,Guatemala,Xinca,majority,2.3,2.18,2.3,2.18,0.1,0.1,-0.0,0.1,0.0,0.1,0.0,0.1,0.1,0.1,0.1,0.0,0.1,-0.0,0.0,18406,23633,0.0,0.0,0.0,1.25,unspecified,False,0.5,0.48,0.56,0.42,0.454,0.831,1.0,0.78,0.735,0.0,0.0,0.663,0.0,0.0,1.0,0.761,32.308,30.763,64.0,57.92,3.692,11.317,0.251,0.0,1.0,0.844,1.0,1.0,0.0,0.001,0.6502,0.6714,0.0212,0.6714,2.0039,0.1619,2.106,2.16,0.0005,0.6694,0.1,-0.0,0.0,2.106,2.16,0.0005,0.6694,0.6153,0.3228,0.065,0.7278,0.2354,3.04,0.651,urbanizing-majority,0.0,0.1274,0.9013,0.6615,0.8251,0.4894,0.3001,0.0,57.92,False
GTM,Guatemala,White,low_fertility,1.7,1.94,2.3,2.18,1.8,1.43,-0.37,1.43,0.0,1.43,0.0,1.45,1.42,1.42,1.45,0.03,1.47,-0.33,0.04,331315,353606,0.0,0.0,0.0,1.25,unspecified,False,0.5,0.48,0.56,0.42,0.454,0.944,1.0,0.78,0.759,0.0,0.0,0.663,0.0,0.0,1.0,0.761,32.308,30.763,64.0,57.92,3.692,11.317,0.251,0.0,1.0,0.844,1.0,1.0,0.0,0.001,0.6502,0.6714,0.0212,0.6714,2.0039,0.1619,2.106,2.16,0.0005,0.6694,1.47,-0.33,0.04,2.106,2.16,0.0005,0.6694,0.6153,0.3228,0.065,0.7278,0.2354,3.04,0.651,urbanizing-majority,0.0,0.1274,0.9013,0.6615,0.8251,0.4894,0.3001,0.0,57.92,False
GUY,Guyana,East Indian,majority,2.0,2.03,2.0,2.03,39.8,39.19,-0.61,39.19,0.0,39.19,0.0,39.23,39.15,39.15,39.23,0.08,39.03,-0.77,-0.15,330775,368586,0.043,0.0,0.0,1.317,IND;PAK;BGD;LKA;NPL,False,0.718,0.719,0.752,0.684,0.468,1.265,1.0,0.78,0.966,0.0,0.0,0.0,0.0,0.0,1.0,0.761,27.6,22.52,66.0,59.6,6.4,17.88,0.251,0.0,1.0,0.882,1.0,1.015,0.0,0.001,0.7051,0.7127,0.0076,0.7127,2.0704,0.1435,2.113,2.237,0.0005,0.7128,39.03,-0.77,-0.15,2.113,2.237,0.0005,0.7128,0.6952,0.314,0.1242,0.7724,0.2115,3.48,0.55,mixed-rural-urban,0.019,0.0738,0.8361,0.7631,0.9618,0.6166,0.2451,0.2673,59.6,True
GUY,Guyana,African descent,majority,2.0,2.03,2.0,2.03,29.3,28.47,-0.83,28.47,0.0,28.47,0.0,28.5,28.44,28.44,28.5,0.06,28.56,-0.74,0.09,243510,267796,0.043,0.0,0.0,1.317,unspecified,False,0.5,0.48,0.56,0.42,0.468,1.229,1.0,0.78,0.832,0.0,0.0,0.0,0.0,0.0,1.0,0.761,27.6,22.52,66.0,59.6,6.4,17.88,0.251,0.0,1.0,0.882,1.0,1.015,0.0,0.001,0.7051,0.7127,0.0076,0.7127,2.0704,0.1435,2.113,2.237,0.0005,0.7128,28.56,-0.74,0.09,2.113,2.237,0.0005,0.7128,0.6952,0.314,0.1242,0.7724,0.2115,3.48,0.55,mixed-rural-urban,0.019,0.0738,0.8361,0.7631,0.9618,0.6166,0.2451,0.2673,59.6,False
GUY,Guyana,Mixed,assimilating,2.0,2.03,2.0,2.03,19.9,19.04,-0.86,19.04,0.0,19.04,0.0,19.06,19.02,19.02,19.06,0.04,19.37,-0.53,0.34,165387,179057,0.043,0.0,0.0,1.317,unspecified,False,0.5,0.48,0.56,0.42,0.468,1.185,1.0,0.78,0.821,0.0,0.0,0.0,0.0,0.0,1.0,0.761,27.6,22.52,66.0,59.6,6.4,17.88,0.251,0.0,1.0,0.882,1.0,1.015,0.0,0.001,0.7051,0.7127,0.0076,0.7127,2.0704,0.1435,2.113,2.237,0.0005,0.7128,19.37,-0.53,0.34,2.113,2.237,0.0005,0.7128,0.6952,0.314,0.1242,0.7724,0.2115,3.48,0.55,mixed-rural-urban,0.019,0.0738,0.8361,0.7631,0.9618,0.6166,0.2451,0.2673,59.6,False
GUY,Guyana,Amerindian (Arawak/Carib),high_fertility,2.85,2.37,2.0,2.03,10.5,12.83,2.33,12.83,0.0,12.83,0.0,12.74,12.92,12.74,12.92,0.18,12.55,2.05,-0.28,87265,120670,0.043,0.0,0.0,1.317,IND;PAK;BGD;LKA;NPL,False,0.718,0.719,0.752,0.684,0.468,1.113,1.0,0.78,0.916,0.0,0.0,0.0,0.0,0.0,1.0,0.761,27.6,22.52,66.0,59.6,6.4,17.88,0.251,0.0,1.0,0.882,1.0,1.015,0.0,0.001,0.7051,0.7127,0.0076,0.7127,2.0704,0.1435,2.113,2.237,0.0005,0.7128,12.55,2.05,-0.28,2.113,2.237,0.0005,0.7128,0.6952,0.314,0.1242,0.7724,0.2115,3.48,0.55,mixed-rural-urban,0.019,0.0738,0.8361,0.7631,0.9618,0.6166,0.2451,0.2673,59.6,False
GUY,Guyana,Other,assimilating,2.0,2.03,2.0,2.03,0.5,0.48,-0.02,0.48,0.0,0.48,0.0,0.48,0.48,0.48,0.48,0.0,0.49,-0.01,0.01,4155,4499,0.043,0.0,0.0,1.317,unspecified,False,0.5,0.48,0.56,0.42,0.468,0.869,1.0,0.78,0.749,0.0,0.0,0.0,0.0,0.0,1.0,0.761,27.6,22.52,66.0,59.6,6.4,17.88,0.251,0.0,1.0,0.882,1.0,1.015,0.0,0.001,0.7051,0.7127,0.0076,0.7127,2.0704,0.1435,2.113,2.237,0.0005,0.7128,0.49,-0.01,0.01,2.113,2.237,0.0005,0.7128,0.6952,0.314,0.1242,0.7724,0.2115,3.48,0.55,mixed-rural-urban,0.019,0.0738,0.8361,0.7631,0.9618,0.6166,0.2451,0.2673,59.6,False
HKG,Hong Kong,Chinese,majority,0.8,1.19,0.8,1.19,91.6,85.9,-5.7,89.9,-4.0,85.94,-0.04,87.31,84.15,84.15,87.31,3.16,86.04,-5.56,0.14,6792061,5232010,0.859,0.0,0.0,2.592,CHN,False,0.52,0.502,0.58,0.45,0.867,1.3,1.0,0.58,1.06,0.0,0.0,0.0,0.546,0.164,1.0,0.761,7.361,11.826,65.0,79.48,27.639,8.694,0.34,0.141,0.848,0.867,1.0,1.301,0.0,0.001,0.1594,0.2563,0.097,0.2563,0.5874,0.1663,1.486,1.473,0.0005,0.2542,86.04,-5.56,0.14,1.486,1.473,0.0005,0.2542,0.8617,0.6377,0.3072,0.8574,0.2631,1.34,0.55,mixed-rural-urban,0.386,0.0049,1.0,0.8989,0.9839,0.8801,0.0,0.0,79.48,True
HKG,Hong Kong,Filipino,immigrant,1.6,1.51,0.8,1.19,2.7,5.82,3.12,3.75,2.08,5.83,-0.0,5.07,6.77,5.07,6.77,1.7,5.71,3.01,-0.12,200203,354682,0.859,0.0,0.0,2.592,PHL,True,0.759,0.718,0.88,0.64,0.867,0.977,1.0,0.58,1.109,0.0,0.0,0.0,0.546,0.164,1.0,0.761,7.361,11.826,65.0,79.48,27.639,8.694,0.34,0.141,0.848,0.867,1.0,1.301,0.0,0.001,0.1594,0.2563,0.097,0.2563,0.5874,0.1663,1.486,1.473,0.0005,0.2542,5.71,3.01,-0.12,1.486,1.473,0.0005,0.2542,0.8617,0.6377,0.3072,0.8574,0.2631,1.34,0.55,mixed-rural-urban,0.386,0.0049,1.0,0.8989,0.9839,0.8801,0.0,0.0,79.48,False
HKG,Hong Kong,Indonesian,immigrant,1.7,1.55,0.8,1.19,1.9,4.2,2.3,2.73,1.47,4.2,-0.0,3.67,4.88,3.67,4.88,1.21,4.1,2.2,-0.1,140883,255973,0.859,0.0,0.0,2.592,IDN,True,0.736,0.74,0.78,0.76,0.867,0.948,1.0,0.58,1.076,0.0,0.0,0.0,0.546,0.164,1.0,0.761,7.361,11.826,65.0,79.48,27.639,8.694,0.34,0.141,0.848,0.867,1.0,1.301,0.0,0.001,0.1594,0.2563,0.097,0.2563,0.5874,0.1663,1.486,1.473,0.0005,0.2542,4.1,2.2,-0.1,1.486,1.473,0.0005,0.2542,0.8617,0.6377,0.3072,0.8574,0.2631,1.34,0.55,mixed-rural-urban,0.386,0.0049,1.0,0.8989,0.9839,0.8801,0.0,0.0,79.48,False
HKG,Hong Kong,White (Western expatriates),immigrant,0.7,1.15,0.8,1.19,1.2,1.21,0.01,1.11,0.1,1.21,-0.0,1.18,1.24,1.18,1.24,0.05,1.24,0.04,0.03,88979,73636,0.859,0.0,0.0,2.592,unspecified,True,0.5,0.48,0.56,0.42,0.867,0.915,1.0,0.58,0.894,0.0,0.0,0.0,0.546,0.164,1.0,0.761,7.361,11.826,65.0,79.48,27.639,8.694,0.34,0.141,0.848,0.867,1.0,1.301,0.0,0.001,0.1594,0.2563,0.097,0.2563,0.5874,0.1663,1.486,1.473,0.0005,0.2542,1.24,0.04,0.03,1.486,1.473,0.0005,0.2542,0.8617,0.6377,0.3072,0.8574,0.2631,1.34,0.55,mixed-rural-urban,0.386,0.0049,1.0,0.8989,0.9839,0.8801,0.0,0.0,79.48,False
HKG,Hong Kong,South Asian,immigrant,0.8,1.19,0.8,1.19,1.0,1.08,0.08,0.97,0.11,1.08,-0.0,1.05,1.12,1.05,1.12,0.07,1.1,0.1,0.02,74149,65898,0.859,0.0,0.0,2.592,IND;PAK;BGD;LKA;NPL,True,0.718,0.719,0.752,0.684,0.867,0.903,1.0,0.58,1.039,0.0,0.0,0.0,0.546,0.164,1.0,0.761,7.361,11.826,65.0,79.48,27.639,8.694,0.34,0.141,0.848,0.867,1.0,1.301,0.0,0.001,0.1594,0.2563,0.097,0.2563,0.5874,0.1663,1.486,1.473,0.0005,0.2542,1.1,0.1,0.02,1.486,1.473,0.0005,0.2542,0.8617,0.6377,0.3072,0.8574,0.2631,1.34,0.55,mixed-rural-urban,0.386,0.0049,1.0,0.8989,0.9839,0.8801,0.0,0.0,79.48,False
HKG,Hong Kong,Other,immigrant,0.8,1.19,0.8,1.19,1.6,1.78,0.18,1.55,0.23,1.74,0.04,1.72,1.85,1.72,1.85,0.14,1.81,0.21,0.03,118639,108415,0.859,0.0,0.0,2.592,NGA;ETH;GHA;KEN;UGA;TZA;RWA;COD;CIV;CMR;SEN;ZMB;ZWE;MOZ;MWI;AGO;SDN;SOM;ERI;BFA;NER;MLI;GIN;SLE;LBR;BEN;TGO;GMB,True,0.711,0.785,0.574,0.717,0.867,0.935,1.001,0.58,1.051,0.0,0.0,0.0,0.546,0.164,1.0,0.761,7.361,11.826,65.0,79.48,27.639,8.694,0.34,0.141,0.848,0.867,1.0,1.301,0.0,0.001,0.1594,0.2563,0.097,0.2563,0.5874,0.1663,1.486,1.473,0.0005,0.2542,1.81,0.21,0.03,1.486,1.473,0.0005,0.2542,0.8617,0.6377,0.3072,0.8574,0.2631,1.34,0.55,mixed-rural-urban,0.386,0.0049,1.0,0.8989,0.9839,0.8801,0.0,0.0,79.48,False
HND,Honduras,Mestizo,majority,2.3,2.18,2.3,2.18,90.0,88.67,-1.33,88.67,0.0,88.67,0.0,88.72,88.62,88.62,88.72,0.1,88.82,-1.18,0.15,9743134,13164541,0.0,0.0,0.0,1.25,unspecified,False,0.5,0.48,0.56,0.42,0.454,1.3,1.0,0.78,0.839,0.0,0.0,0.656,0.0,0.0,1.0,0.761,31.846,29.843,63.5,58.3,4.654,11.857,0.251,0.0,1.0,0.825,1.0,1.0,0.0,0.001,0.1874,0.2102,0.0228,0.2102,0.4707,0.1917,1.527,1.512,0.0005,0.2077,88.82,-1.18,0.15,1.527,1.512,0.0005,0.2077,0.5845,0.3048,0.1245,0.7171,0.2324,1.27,0.566,mixed-rural-urban,0.0,0.0957,0.8654,0.6648,0.7064,0.4128,0.3038,0.0,58.3,True
HND,Honduras,Indigenous: Lenca,high_fertility,3.15,2.52,2.3,2.18,4.0,4.88,0.88,4.88,0.0,4.88,0.0,4.85,4.91,4.85,4.91,0.07,4.78,0.78,-0.1,433028,724718,0.0,0.0,0.0,1.25,unspecified,False,0.5,0.48,0.56,0.42,0.454,1.013,1.0,0.78,0.775,0.0,0.0,0.656,0.0,0.0,1.0,0.761,31.846,29.843,63.5,58.3,4.654,11.857,0.251,0.0,1.0,0.825,1.0,1.0,0.0,0.001,0.1874,0.2102,0.0228,0.2102,0.4707,0.1917,1.527,1.512,0.0005,0.2077,4.78,0.78,-0.1,1.527,1.512,0.0005,0.2077,0.5845,0.3048,0.1245,0.7171,0.2324,1.27,0.566,mixed-rural-urban,0.0,0.0957,0.8654,0.6648,0.7064,0.4128,0.3038,0.0,58.3,False
HND,Honduras,Indigenous: Miskito,high_fertility,3.15,2.52,2.3,2.18,2.0,2.44,0.44,2.44,0.0,2.44,0.0,2.42,2.46,2.42,2.46,0.03,2.39,0.39,-0.05,216514,362359,0.0,0.0,0.0,1.25,unspecified,False,0.5,0.48,0.56,0.42,0.454,0.952,1.0,0.78,0.761,0.0,0.0,0.656,0.0,0.0,1.0,0.761,31.846,29.843,63.5,58.3,4.654,11.857,0.251,0.0,1.0,0.825,1.0,1.0,0.0,0.001,0.1874,0.2102,0.0228,0.2102,0.4707,0.1917,1.527,1.512,0.0005,0.2077,2.39,0.39,-0.05,1.527,1.512,0.0005,0.2077,0.5845,0.3048,0.1245,0.7171,0.2324,1.27,0.566,mixed-rural-urban,0.0,0.0957,0.8654,0.6648,0.7064,0.4128,0.3038,0.0,58.3,False
HND,Honduras,Other Indigenous,high_fertility,3.15,2.52,2.3,2.18,1.0,1.22,0.22,1.22,0.0,1.22,0.0,1.21,1.23,1.21,1.23,0.02,1.2,0.2,-0.02,108257,181180,0.0,0.0,0.0,1.25,unspecified,False,0.5,0.48,0.56,0.42,0.454,0.903,1.0,0.78,0.75,0.0,0.0,0.656,0.0,0.0,1.0,0.761,31.846,29.843,63.5,58.3,4.654,11.857,0.251,0.0,1.0,0.825,1.0,1.0,0.0,0.001,0.1874,0.2102,0.0228,0.2102,0.4707,0.1917,1.527,1.512,0.0005,0.2077,1.2,0.2,-0.02,1.527,1.512,0.0005,0.2077,0.5845,0.3048,0.1245,0.7171,0.2324,1.27,0.566,mixed-rural-urban,0.0,0.0957,0.8654,0.6648,0.7064,0.4128,0.3038,0.0,58.3,False
HND,Honduras,Black (Garifuna),majority,2.3,2.18,2.3,2.18,2.0,1.97,-0.03,1.97,0.0,1.97,0.0,1.97,1.97,1.97,1.97,0.0,1.97,-0.03,0.0,216514,292545,0.0,0.0,0.0,1.25,unspecified,False,0.5,0.48,0.56,0.42,0.454,0.952,1.0,0.78,0.761,0.0,0.0,0.656,0.0,0.0,1.0,0.761,31.846,29.843,63.5,58.3,4.654,11.857,0.251,0.0,1.0,0.825,1.0,1.0,0.0,0.001,0.1874,0.2102,0.0228,0.2102,0.4707,0.1917,1.527,1.512,0.0005,0.2077,1.97,-0.03,0.0,1.527,1.512,0.0005,0.2077,0.5845,0.3048,0.1245,0.7171,0.2324,1.27,0.566,mixed-rural-urban,0.0,0.0957,0.8654,0.6648,0.7064,0.4128,0.3038,0.0,58.3,False
HND,Honduras,White,low_fertility,1.7,1.94,2.3,2.18,1.0,0.82,-0.18,0.82,0.0,0.82,0.0,0.82,0.81,0.81,0.82,0.01,0.84,-0.16,0.02,108257,121438,0.0,0.0,0.0,1.25,unspecified,False,0.5,0.48,0.56,0.42,0.454,0.903,1.0,0.78,0.75,0.0,0.0,0.656,0.0,0.0,1.0,0.761,31.846,29.843,63.5,58.3,4.654,11.857,0.251,0.0,1.0,0.825,1.0,1.0,0.0,0.001,0.1874,0.2102,0.0228,0.2102,0.4707,0.1917,1.527,1.512,0.0005,0.2077,0.84,-0.16,0.02,1.527,1.512,0.0005,0.2077,0.5845,0.3048,0.1245,0.7171,0.2324,1.27,0.566,mixed-rural-urban,0.0,0.0957,0.8654,0.6648,0.7064,0.4128,0.3038,0.0,58.3,False
HRV,Croatia,Croat,majority,1.5,1.68,1.5,1.68,90.4,90.57,0.17,91.01,-0.44,90.57,0.0,90.68,90.42,90.42,90.68,0.27,90.45,0.05,-0.11,3503294,2929031,0.534,0.445,0.198,2.333,unspecified,False,0.5,0.48,0.56,0.42,0.703,1.3,1.0,0.78,0.997,0.0,0.0,0.0,0.0,0.0,1.0,0.761,8.959,4.802,63.5,62.34,27.541,32.858,0.251,0.038,0.97,0.894,1.0,1.227,0.0,0.001,0.1796,0.1769,-0.0028,0.1769,0.3866,0.1656,1.635,1.501,0.0005,0.1788,90.45,0.05,-0.11,1.635,1.501,0.0005,0.1788,0.7285,0.5755,0.1581,0.8246,0.2269,1.21,0.778,urbanizing-majority,0.119,0.0146,0.9142,0.8826,0.9144,0.6913,0.43,0.9481,62.34,True
HRV,Croatia,Serb,low_fertility,1.1,1.52,1.5,1.68,4.4,3.7,-0.7,3.72,-0.02,3.7,0.0,3.73,3.67,3.67,3.73,0.06,3.77,-0.63,0.07,170514,119727,0.534,0.445,0.198,2.333,unspecified,False,0.5,0.48,0.56,0.42,0.703,1.022,1.0,0.78,0.902,0.0,0.0,0.0,0.0,0.0,1.0,0.761,8.959,4.802,63.5,62.34,27.541,32.858,0.251,0.038,0.97,0.894,1.0,1.227,0.0,0.001,0.1796,0.1769,-0.0028,0.1769,0.3866,0.1656,1.635,1.501,0.0005,0.1788,3.77,-0.63,0.07,1.635,1.501,0.0005,0.1788,0.7285,0.5755,0.1581,0.8246,0.2269,1.21,0.778,urbanizing-majority,0.119,0.0146,0.9142,0.8826,0.9144,0.6913,0.43,0.9481,62.34,False
HRV,Croatia,Bosniak,high_fertility,1.85,1.82,1.5,1.68,0.9,1.03,0.13,1.04,-0.01,1.03,0.0,1.03,1.04,1.03,1.04,0.01,1.02,0.12,-0.01,34878,33446,0.534,0.445,0.198,2.333,unspecified,False,0.5,0.48,0.56,0.42,0.703,0.897,1.0,0.78,0.859,0.0,0.0,0.0,0.0,0.0,1.0,0.761,8.959,4.802,63.5,62.34,27.541,32.858,0.251,0.038,0.97,0.894,1.0,1.227,0.0,0.001,0.1796,0.1769,-0.0028,0.1769,0.3866,0.1656,1.635,1.501,0.0005,0.1788,1.02,0.12,-0.01,1.635,1.501,0.0005,0.1788,0.7285,0.5755,0.1581,0.8246,0.2269,1.21,0.778,urbanizing-majority,0.119,0.0146,0.9142,0.8826,0.9144,0.6913,0.43,0.9481,62.34,False
HRV,Croatia,Italian,low_fertility,1.0,1.48,1.5,1.68,0.6,0.48,-0.12,0.48,-0.0,0.48,0.0,0.49,0.48,0.48,0.49,0.01,0.49,-0.11,0.01,23252,15606,0.534,0.445,0.198,2.333,unspecified,False,0.5,0.48,0.56,0.42,0.703,0.876,1.0,0.78,0.852,0.0,0.0,0.0,0.0,0.0,1.0,0.761,8.959,4.802,63.5,62.34,27.541,32.858,0.251,0.038,0.97,0.894,1.0,1.227,0.0,0.001,0.1796,0.1769,-0.0028,0.1769,0.3866,0.1656,1.635,1.501,0.0005,0.1788,0.49,-0.11,0.01,1.635,1.501,0.0005,0.1788,0.7285,0.5755,0.1581,0.8246,0.2269,1.21,0.778,urbanizing-majority,0.119,0.0146,0.9142,0.8826,0.9144,0.6913,0.43,0.9481,62.34,False
HRV,Croatia,Albanian,high_fertility,1.85,1.82,1.5,1.68,0.4,0.46,0.06,0.46,-0.0,0.46,0.0,0.46,0.46,0.46,0.46,0.0,0.45,0.05,-0.01,15501,14865,0.534,0.445,0.198,2.333,unspecified,False,0.5,0.48,0.56,0.42,0.703,0.86,1.0,0.78,0.846,0.0,0.0,0.0,0.0,0.0,1.0,0.761,8.959,4.802,63.5,62.34,27.541,32.858,0.251,0.038,0.97,0.894,1.0,1.227,0.0,0.001,0.1796,0.1769,-0.0028,0.1769,0.3866,0.1656,1.635,1.501,0.0005,0.1788,0.45,0.05,-0.01,1.635,1.501,0.0005,0.1788,0.7285,0.5755,0.1581,0.8246,0.2269,1.21,0.778,urbanizing-majority,0.119,0.0146,0.9142,0.8826,0.9144,0.6913,0.43,0.9481,62.34,False
HRV,Croatia,Other,immigrant,1.5,1.68,1.5,1.68,3.3,3.76,0.46,3.28,0.47,3.76,0.0,3.61,3.94,3.61,3.94,0.33,3.81,0.51,0.05,127886,121480,0.534,0.445,0.198,2.333,unspecified,True,0.5,0.48,0.56,0.42,0.703,0.995,1.0,0.78,0.892,0.0,0.0,0.0,0.0,0.0,1.0,0.761,8.959,4.802,63.5,62.34,27.541,32.858,0.251,0.038,0.97,0.894,1.0,1.227,0.0,0.001,0.1796,0.1769,-0.0028,0.1769,0.3866,0.1656,1.635,1.501,0.0005,0.1788,3.81,0.51,0.05,1.635,1.501,0.0005,0.1788,0.7285,0.5755,0.1581,0.8246,0.2269,1.21,0.778,urbanizing-majority,0.119,0.0146,0.9142,0.8826,0.9144,0.6913,0.43,0.9481,62.34,False
HTI,Haiti,Black (African descent),majority,2.5,2.26,2.5,2.26,93.0,93.12,0.12,93.15,-0.03,93.12,0.0,93.12,93.11,93.11,93.12,0.02,93.02,0.02,-0.1,10948483,13698340,0.0,0.0,0.0,1.25,unspecified,False,0.5,0.48,0.56,0.42,0.454,1.3,1.0,0.78,0.839,0.0,0.0,0.768,0.0,0.0,1.0,0.761,32.09,29.684,63.5,57.58,4.41,12.736,0.251,0.004,0.999,0.794,1.0,1.0,0.0,0.001,0.1327,0.1306,-0.0021,0.1306,0.2749,0.1778,1.455,1.436,0.0005,0.1324,93.02,0.02,-0.1,1.455,1.436,0.0005,0.1324,0.5906,0.297,0.1146,0.7115,0.2437,1.15,0.55,mixed-rural-urban,0.0,0.0878,0.7642,0.5873,0.589,0.4687,0.3073,0.0335,57.58,True
HTI,Haiti,Mixed (Mulatto),assimilating,2.5,2.26,2.5,2.26,4.5,4.43,-0.07,4.43,-0.0,4.43,0.0,4.43,4.43,4.43,4.43,0.0,4.49,-0.01,0.06,529765,651723,0.0,0.0,0.0,1.25,unspecified,False,0.5,0.48,0.56,0.42,0.454,1.025,1.0,0.78,0.777,0.0,0.0,0.768,0.0,0.0,1.0,0.761,32.09,29.684,63.5,57.58,4.41,12.736,0.251,0.004,0.999,0.794,1.0,1.0,0.0,0.001,0.1327,0.1306,-0.0021,0.1306,0.2749,0.1778,1.455,1.436,0.0005,0.1324,4.49,-0.01,0.06,1.455,1.436,0.0005,0.1324,0.5906,0.297,0.1146,0.7115,0.2437,1.15,0.55,mixed-rural-urban,0.0,0.0878,0.7642,0.5873,0.589,0.4687,0.3073,0.0335,57.58,False
HTI,Haiti,White (French/Levantine descent),low_fertility,2.0,2.06,2.5,2.26,0.3,0.26,-0.04,0.26,-0.0,0.26,0.0,0.26,0.26,0.26,0.26,0.0,0.26,-0.04,0.0,35318,38063,0.0,0.0,0.0,1.25,unspecified,False,0.5,0.48,0.56,0.42,0.454,0.851,1.0,0.78,0.739,0.0,0.0,0.768,0.0,0.0,1.0,0.761,32.09,29.684,63.5,57.58,4.41,12.736,0.251,0.004,0.999,0.794,1.0,1.0,0.0,0.001,0.1327,0.1306,-0.0021,0.1306,0.2749,0.1778,1.455,1.436,0.0005,0.1324,0.26,-0.04,0.0,1.455,1.436,0.0005,0.1324,0.5906,0.297,0.1146,0.7115,0.2437,1.15,0.55,mixed-rural-urban,0.0,0.0878,0.7642,0.5873,0.589,0.4687,0.3073,0.0335,57.58,False
HTI,Haiti,Dominican migrant,immigrant,2.5,2.26,2.5,2.26,0.4,0.42,0.02,0.39,0.03,0.42,0.0,0.41,0.43,0.41,0.43,0.02,0.43,0.03,0.01,47090,62212,0.0,0.0,0.0,1.25,unspecified,True,0.5,0.48,0.56,0.42,0.454,0.86,1.0,0.78,0.741,0.0,0.0,0.768,0.0,0.0,1.0,0.761,32.09,29.684,63.5,57.58,4.41,12.736,0.251,0.004,0.999,0.794,1.0,1.0,0.0,0.001,0.1327,0.1306,-0.0021,0.1306,0.2749,0.1778,1.455,1.436,0.0005,0.1324,0.43,0.03,0.01,1.455,1.436,0.0005,0.1324,0.5906,0.297,0.1146,0.7115,0.2437,1.15,0.55,mixed-rural-urban,0.0,0.0878,0.7642,0.5873,0.589,0.4687,0.3073,0.0335,57.58,False
HTI,Haiti,Other,assimilating,2.5,2.26,2.5,2.26,1.8,1.77,-0.03,1.77,-0.0,1.77,0.0,1.77,1.77,1.77,1.77,0.0,1.8,-0.0,0.03,211906,260533,0.0,0.0,0.0,1.25,unspecified,False,0.5,0.48,0.56,0.42,0.454,0.944,1.0,0.78,0.759,0.0,0.0,0.768,0.0,0.0,1.0,0.761,32.09,29.684,63.5,57.58,4.41,12.736,0.251,0.004,0.999,0.794,1.0,1.0,0.0,0.001,0.1327,0.1306,-0.0021,0.1306,0.2749,0.1778,1.455,1.436,0.0005,0.1324,1.8,-0.0,0.03,1.455,1.436,0.0005,0.1324,0.5906,0.297,0.1146,0.7115,0.2437,1.15,0.55,mixed-rural-urban,0.0,0.0878,0.7642,0.5873,0.589,0.4687,0.3073,0.0335,57.58,False
HUN,Hungary,Hungarian,majority,1.5,1.68,1.5,1.68,87.3,85.89,-1.41,86.67,-0.78,85.89,0.0,86.16,85.57,85.57,86.16,0.59,85.86,-1.44,-0.03,8447266,7493984,0.416,0.347,0.103,2.029,unspecified,False,0.5,0.48,0.56,0.42,0.648,1.3,1.0,0.78,0.962,0.0,0.0,0.0,0.0,0.0,1.0,0.761,9.706,5.156,63.5,62.18,26.794,32.664,0.251,0.082,0.898,0.888,1.0,1.166,0.0,0.001,0.2328,0.2557,0.0229,0.2557,0.5817,0.1993,1.57,1.576,0.0005,0.2561,85.86,-1.44,-0.03,1.57,1.576,0.0005,0.2561,0.7201,0.4698,0.2077,0.8178,0.2247,1.34,0.55,mixed-rural-urban,0.187,0.0113,0.8843,0.8633,0.8966,0.693,0.4297,0.9393,62.18,True
HUN,Hungary,Romani,high_fertility,2.55,2.1,1.5,1.68,3.2,4.35,1.15,4.39,-0.04,4.35,0.0,4.32,4.38,4.32,4.38,0.07,4.21,1.01,-0.14,309636,379658,0.416,0.347,0.103,2.029,unspecified,False,0.5,0.48,0.56,0.42,0.648,0.992,1.0,0.78,0.865,0.0,0.0,0.0,0.0,0.0,1.0,0.761,9.706,5.156,63.5,62.18,26.794,32.664,0.251,0.082,0.898,0.888,1.0,1.166,0.0,0.001,0.2328,0.2557,0.0229,0.2557,0.5817,0.1993,1.57,1.576,0.0005,0.2561,4.21,1.01,-0.14,1.57,1.576,0.0005,0.2561,0.7201,0.4698,0.2077,0.8178,0.2247,1.34,0.55,mixed-rural-urban,0.187,0.0113,0.8843,0.8633,0.8966,0.693,0.4297,0.9393,62.18,False
HUN,Hungary,German,low_fertility,1.0,1.48,1.5,1.68,1.2,0.95,-0.25,0.95,-0.01,0.95,0.0,0.96,0.93,0.93,0.96,0.02,0.97,-0.23,0.02,116114,82544,0.416,0.347,0.103,2.029,unspecified,False,0.5,0.48,0.56,0.42,0.648,0.915,1.0,0.78,0.84,0.0,0.0,0.0,0.0,0.0,1.0,0.761,9.706,5.156,63.5,62.18,26.794,32.664,0.251,0.082,0.898,0.888,1.0,1.166,0.0,0.001,0.2328,0.2557,0.0229,0.2557,0.5817,0.1993,1.57,1.576,0.0005,0.2561,0.97,-0.23,0.02,1.57,1.576,0.0005,0.2561,0.7201,0.4698,0.2077,0.8178,0.2247,1.34,0.55,mixed-rural-urban,0.187,0.0113,0.8843,0.8633,0.8966,0.693,0.4297,0.9393,62.18,False
HUN,Hungary,Slovak,low_fertility,1.1,1.52,1.5,1.68,0.8,0.66,-0.14,0.67,-0.01,0.66,0.0,0.67,0.65,0.65,0.67,0.01,0.67,-0.13,0.01,77409,57576,0.416,0.347,0.103,2.029,unspecified,False,0.5,0.48,0.56,0.42,0.648,0.891,1.0,0.78,0.832,0.0,0.0,0.0,0.0,0.0,1.0,0.761,9.706,5.156,63.5,62.18,26.794,32.664,0.251,0.082,0.898,0.888,1.0,1.166,0.0,0.001,0.2328,0.2557,0.0229,0.2557,0.5817,0.1993,1.57,1.576,0.0005,0.2561,0.67,-0.13,0.01,1.57,1.576,0.0005,0.2561,0.7201,0.4698,0.2077,0.8178,0.2247,1.34,0.55,mixed-rural-urban,0.187,0.0113,0.8843,0.8633,0.8966,0.693,0.4297,0.9393,62.18,False
HUN,Hungary,Ukrainian,immigrant,1.5,1.68,1.5,1.68,1.0,1.09,0.09,0.98,0.11,1.09,0.0,1.06,1.13,1.06,1.13,0.08,1.11,0.11,0.02,96761,95363,0.416,0.347,0.103,2.029,UKR,True,0.615,0.539,0.82,0.52,0.648,0.903,1.0,0.78,0.903,0.0,0.0,0.0,0.0,0.0,1.0,0.761,9.706,5.156,63.5,62.18,26.794,32.664,0.251,0.082,0.898,0.888,1.0,1.166,0.0,0.001,0.2328,0.2557,0.0229,0.2557,0.5817,0.1993,1.57,1.576,0.0005,0.2561,1.11,0.11,0.02,1.57,1.576,0.0005,0.2561,0.7201,0.4698,0.2077,0.8178,0.2247,1.34,0.55,mixed-rural-urban,0.187,0.0113,0.8843,0.8633,0.8966,0.693,0.4297,0.9393,62.18,False
HUN,Hungary,Chinese,immigrant,1.3,1.6,1.5,1.68,0.4,0.4,0.0,0.36,0.04,0.4,0.0,0.39,0.42,0.39,0.42,0.02,0.41,0.01,0.01,38705,35166,0.416,0.347,0.103,2.029,CHN,True,0.52,0.502,0.58,0.45,0.648,0.86,1.0,0.78,0.834,0.0,0.0,0.0,0.0,0.0,1.0,0.761,9.706,5.156,63.5,62.18,26.794,32.664,0.251,0.082,0.898,0.888,1.0,1.166,0.0,0.001,0.2328,0.2557,0.0229,0.2557,0.5817,0.1993,1.57,1.576,0.0005,0.2561,0.41,0.01,0.01,1.57,1.576,0.0005,0.2561,0.7201,0.4698,0.2077,0.8178,0.2247,1.34,0.55,mixed-rural-urban,0.187,0.0113,0.8843,0.8633,0.8966,0.693,0.4297,0.9393,62.18,False
HUN,Hungary,Other,immigrant,1.5,1.68,1.5,1.68,6.1,6.66,0.56,5.98,0.68,6.66,0.0,6.45,6.91,6.45,6.91,0.46,6.76,0.66,0.1,590244,581059,0.416,0.347,0.103,2.029,unspecified,True,0.5,0.48,0.56,0.42,0.648,1.055,1.0,0.78,0.885,0.0,0.0,0.0,0.0,0.0,1.0,0.761,9.706,5.156,63.5,62.18,26.794,32.664,0.251,0.082,0.898,0.888,1.0,1.166,0.0,0.001,0.2328,0.2557,0.0229,0.2557,0.5817,0.1993,1.57,1.576,0.0005,0.2561,6.76,0.66,0.1,1.57,1.576,0.0005,0.2561,0.7201,0.4698,0.2077,0.8178,0.2247,1.34,0.55,mixed-rural-urban,0.187,0.0113,0.8843,0.8633,0.8966,0.693,0.4297,0.9393,62.18,False
IDN,Indonesia,Javanese,majority,2.1,2.1,2.1,2.1,40.1,40.19,0.09,40.19,0.0,40.19,0.0,40.19,40.18,40.18,40.19,0.02,40.0,-0.1,-0.19,113678661,128881266,0.0,0.0,0.0,1.25,unspecified,False,0.5,0.48,0.56,0.42,0.454,1.266,1.0,0.78,0.831,0.0,0.0,0.74,0.0,0.0,1.0,0.761,23.769,18.67,68.5,62.66,7.731,18.67,0.251,0.0,1.0,0.879,1.0,1.0,0.0,0.001,0.7848,0.7853,0.0004,0.7853,2.57,0.1078,2.211,2.349,0.0005,0.7861,40.0,-0.1,-0.19,2.211,2.349,0.0005,0.7861,0.7541,0.2873,0.0499,0.8234,0.1641,4.66,0.561,mixed-rural-urban,0.0,0.1444,0.9125,0.8363,0.87,0.662,0.1919,0.3032,62.66,True
IDN,Indonesia,Sundanese,majority,2.1,2.1,2.1,2.1,15.5,15.38,-0.12,15.38,0.0,15.38,0.0,15.39,15.38,15.38,15.39,0.01,15.39,-0.11,0.01,43940630,49336485,0.0,0.0,0.0,1.25,unspecified,False,0.5,0.48,0.56,0.42,0.454,1.156,1.0,0.78,0.807,0.0,0.0,0.74,0.0,0.0,1.0,0.761,23.769,18.67,68.5,62.66,7.731,18.67,0.251,0.0,1.0,0.879,1.0,1.0,0.0,0.001,0.7848,0.7853,0.0004,0.7853,2.57,0.1078,2.211,2.349,0.0005,0.7861,15.39,-0.11,0.01,2.211,2.349,0.0005,0.7861,0.7541,0.2873,0.0499,0.8234,0.1641,4.66,0.561,mixed-rural-urban,0.0,0.1444,0.9125,0.8363,0.87,0.662,0.1919,0.3032,62.66,False
IDN,Indonesia,Malay,high_fertility,2.45,2.24,2.1,2.1,3.7,4.11,0.41,4.11,0.0,4.11,0.0,4.09,4.12,4.09,4.12,0.03,4.06,0.36,-0.04,10489054,13167446,0.0,0.0,0.0,1.25,unspecified,False,0.5,0.48,0.56,0.42,0.454,1.006,1.0,0.78,0.773,0.0,0.0,0.74,0.0,0.0,1.0,0.761,23.769,18.67,68.5,62.66,7.731,18.67,0.251,0.0,1.0,0.879,1.0,1.0,0.0,0.001,0.7848,0.7853,0.0004,0.7853,2.57,0.1078,2.211,2.349,0.0005,0.7861,4.06,0.36,-0.04,2.211,2.349,0.0005,0.7861,0.7541,0.2873,0.0499,0.8234,0.1641,4.66,0.561,mixed-rural-urban,0.0,0.1444,0.9125,0.8363,0.87,0.662,0.1919,0.3032,62.66,False
IDN,Indonesia,Batak,majority,2.1,2.1,2.1,2.1,3.6,3.57,-0.03,3.57,0.0,3.57,0.0,3.57,3.57,3.57,3.57,0.0,3.58,-0.02,0.0,10205566,11458797,0.0,0.0,0.0,1.25,unspecified,False,0.5,0.48,0.56,0.42,0.454,1.003,1.0,0.78,0.773,0.0,0.0,0.74,0.0,0.0,1.0,0.761,23.769,18.67,68.5,62.66,7.731,18.67,0.251,0.0,1.0,0.879,1.0,1.0,0.0,0.001,0.7848,0.7853,0.0004,0.7853,2.57,0.1078,2.211,2.349,0.0005,0.7861,3.58,-0.02,0.0,2.211,2.349,0.0005,0.7861,0.7541,0.2873,0.0499,0.8234,0.1641,4.66,0.561,mixed-rural-urban,0.0,0.1444,0.9125,0.8363,0.87,0.662,0.1919,0.3032,62.66,False
IDN,Indonesia,Madurese,majority,2.1,2.1,2.1,2.1,3.0,2.98,-0.02,2.98,0.0,2.98,0.0,2.98,2.98,2.98,2.98,0.0,2.98,-0.02,0.0,8504638,9548997,0.0,0.0,0.0,1.25,unspecified,False,0.5,0.48,0.56,0.42,0.454,0.986,1.0,0.78,0.769,0.0,0.0,0.74,0.0,0.0,1.0,0.761,23.769,18.67,68.5,62.66,7.731,18.67,0.251,0.0,1.0,0.879,1.0,1.0,0.0,0.001,0.7848,0.7853,0.0004,0.7853,2.57,0.1078,2.211,2.349,0.0005,0.7861,2.98,-0.02,0.0,2.211,2.349,0.0005,0.7861,0.7541,0.2873,0.0499,0.8234,0.1641,4.66,0.561,mixed-rural-urban,0.0,0.1444,0.9125,0.8363,0.87,0.662,0.1919,0.3032,62.66,False
IDN,Indonesia,Betawi,majority,2.1,2.1,2.1,2.1,2.9,2.88,-0.02,2.88,0.0,2.88,0.0,2.88,2.88,2.88,2.88,0.0,2.88,-0.02,0.0,8221150,9230697,0.0,0.0,0.0,1.25,unspecified,False,0.5,0.48,0.56,0.42,0.454,0.983,1.0,0.78,0.768,0.0,0.0,0.74,0.0,0.0,1.0,0.761,23.769,18.67,68.5,62.66,7.731,18.67,0.251,0.0,1.0,0.879,1.0,1.0,0.0,0.001,0.7848,0.7853,0.0004,0.7853,2.57,0.1078,2.211,2.349,0.0005,0.7861,2.88,-0.02,0.0,2.211,2.349,0.0005,0.7861,0.7541,0.2873,0.0499,0.8234,0.1641,4.66,0.561,mixed-rural-urban,0.0,0.1444,0.9125,0.8363,0.87,0.662,0.1919,0.3032,62.66,False
IDN,Indonesia,Minangkabau,majority,2.1,2.1,2.1,2.1,2.7,2.68,-0.02,2.68,0.0,2.68,0.0,2.68,2.68,2.68,2.68,0.0,2.68,-0.02,0.0,7654174,8594097,0.0,0.0,0.0,1.25,unspecified,False,0.5,0.48,0.56,0.42,0.454,0.977,1.0,0.78,0.767,0.0,0.0,0.74,0.0,0.0,1.0,0.761,23.769,18.67,68.5,62.66,7.731,18.67,0.251,0.0,1.0,0.879,1.0,1.0,0.0,0.001,0.7848,0.7853,0.0004,0.7853,2.57,0.1078,2.211,2.349,0.0005,0.7861,2.68,-0.02,0.0,2.211,2.349,0.0005,0.7861,0.7541,0.2873,0.0499,0.8234,0.1641,4.66,0.561,mixed-rural-urban,0.0,0.1444,0.9125,0.8363,0.87,0.662,0.1919,0.3032,62.66,False
IDN,Indonesia,Bugis,majority,2.1,2.1,2.1,2.1,2.7,2.68,-0.02,2.68,0.0,2.68,0.0,2.68,2.68,2.68,2.68,0.0,2.68,-0.02,0.0,7654174,8594097,0.0,0.0,0.0,1.25,unspecified,False,0.5,0.48,0.56,0.42,0.454,0.977,1.0,0.78,0.767,0.0,0.0,0.74,0.0,0.0,1.0,0.761,23.769,18.67,68.5,62.66,7.731,18.67,0.251,0.0,1.0,0.879,1.0,1.0,0.0,0.001,0.7848,0.7853,0.0004,0.7853,2.57,0.1078,2.211,2.349,0.0005,0.7861,2.68,-0.02,0.0,2.211,2.349,0.0005,0.7861,0.7541,0.2873,0.0499,0.8234,0.1641,4.66,0.561,mixed-rural-urban,0.0,0.1444,0.9125,0.8363,0.87,0.662,0.1919,0.3032,62.66,False
IDN,Indonesia,Bantenese,majority,2.1,2.1,2.1,2.1,2.0,1.98,-0.02,1.98,0.0,1.98,0.0,1.99,1.98,1.98,1.99,0.0,1.99,-0.01,0.0,5669759,6365998,0.0,0.0,0.0,1.25,unspecified,False,0.5,0.48,0.56,0.42,0.454,0.952,1.0,0.78,0.761,0.0,0.0,0.74,0.0,0.0,1.0,0.761,23.769,18.67,68.5,62.66,7.731,18.67,0.251,0.0,1.0,0.879,1.0,1.0,0.0,0.001,0.7848,0.7853,0.0004,0.7853,2.57,0.1078,2.211,2.349,0.0005,0.7861,1.99,-0.01,0.0,2.211,2.349,0.0005,0.7861,0.7541,0.2873,0.0499,0.8234,0.1641,4.66,0.561,mixed-rural-urban,0.0,0.1444,0.9125,0.8363,0.87,0.662,0.1919,0.3032,62.66,False
IDN,Indonesia,Banjarese,majority,2.1,2.1,2.1,2.1,1.7,1.69,-0.01,1.69,0.0,1.69,0.0,1.69,1.69,1.69,1.69,0.0,1.69,-0.01,0.0,4819295,5411098,0.0,0.0,0.0,1.25,unspecified,False,0.5,0.48,0.56,0.42,0.454,0.939,1.0,0.78,0.758,0.0,0.0,0.74,0.0,0.0,1.0,0.761,23.769,18.67,68.5,62.66,7.731,18.67,0.251,0.0,1.0,0.879,1.0,1.0,0.0,0.001,0.7848,0.7853,0.0004,0.7853,2.57,0.1078,2.211,2.349,0.0005,0.7861,1.69,-0.01,0.0,2.211,2.349,0.0005,0.7861,0.7541,0.2873,0.0499,0.8234,0.1641,4.66,0.561,mixed-rural-urban,0.0,0.1444,0.9125,0.8363,0.87,0.662,0.1919,0.3032,62.66,False
IDN,Indonesia,Balinese,majority,2.1,2.1,2.1,2.1,1.7,1.69,-0.01,1.69,0.0,1.69,0.0,1.69,1.69,1.69,1.69,0.0,1.69,-0.01,0.0,4819295,5411098,0.0,0.0,0.0,1.25,unspecified,False,0.5,0.48,0.56,0.42,0.454,0.939,1.0,0.78,0.758,0.0,0.0,0.74,0.0,0.0,1.0,0.761,23.769,18.67,68.5,62.66,7.731,18.67,0.251,0.0,1.0,0.879,1.0,1.0,0.0,0.001,0.7848,0.7853,0.0004,0.7853,2.57,0.1078,2.211,2.349,0.0005,0.7861,1.69,-0.01,0.0,2.211,2.349,0.0005,0.7861,0.7541,0.2873,0.0499,0.8234,0.1641,4.66,0.561,mixed-rural-urban,0.0,0.1444,0.9125,0.8363,0.87,0.662,0.1919,0.3032,62.66,False
IDN,Indonesia,Acehnese,majority,2.1,2.1,2.1,2.1,1.4,1.39,-0.01,1.39,0.0,1.39,0.0,1.39,1.39,1.39,1.39,0.0,1.39,-0.01,0.0,3968831,4456199,0.0,0.0,0.0,1.25,unspecified,False,0.5,0.48,0.56,0.42,0.454,0.925,1.0,0.78,0.755,0.0,0.0,0.74,0.0,0.0,1.0,0.761,23.769,18.67,68.5,62.66,7.731,18.67,0.251,0.0,1.0,0.879,1.0,1.0,0.0,0.001,0.7848,0.7853,0.0004,0.7853,2.57,0.1078,2.211,2.349,0.0005,0.7861,1.39,-0.01,0.0,2.211,2.349,0.0005,0.7861,0.7541,0.2873,0.0499,0.8234,0.1641,4.66,0.561,mixed-rural-urban,0.0,0.1444,0.9125,0.8363,0.87,0.662,0.1919,0.3032,62.66,False
IDN,Indonesia,Dayak,high_fertility,2.45,2.24,2.1,2.1,1.4,1.55,0.15,1.55,0.0,1.55,0.0,1.55,1.56,1.55,1.56,0.01,1.54,0.14,-0.02,3968831,4982277,0.0,0.0,0.0,1.25,unspecified,False,0.5,0.48,0.56,0.42,0.454,0.925,1.0,0.78,0.755,0.0,0.0,0.74,0.0,0.0,1.0,0.761,23.769,18.67,68.5,62.66,7.731,18.67,0.251,0.0,1.0,0.879,1.0,1.0,0.0,0.001,0.7848,0.7853,0.0004,0.7853,2.57,0.1078,2.211,2.349,0.0005,0.7861,1.54,0.14,-0.02,2.211,2.349,0.0005,0.7861,0.7541,0.2873,0.0499,0.8234,0.1641,4.66,0.561,mixed-rural-urban,0.0,0.1444,0.9125,0.8363,0.87,0.662,0.1919,0.3032,62.66,False
IDN,Indonesia,Sasak,majority,2.1,2.1,2.1,2.1,1.3,1.29,-0.01,1.29,0.0,1.29,0.0,1.29,1.29,1.29,1.29,0.0,1.29,-0.01,0.0,3685343,4137899,0.0,0.0,0.0,1.25,unspecified,False,0.5,0.48,0.56,0.42,0.454,0.92,1.0,0.78,0.754,0.0,0.0,0.74,0.0,0.0,1.0,0.761,23.769,18.67,68.5,62.66,7.731,18.67,0.251,0.0,1.0,0.879,1.0,1.0,0.0,0.001,0.7848,0.7853,0.0004,0.7853,2.57,0.1078,2.211,2.349,0.0005,0.7861,1.29,-0.01,0.0,2.211,2.349,0.0005,0.7861,0.7541,0.2873,0.0499,0.8234,0.1641,4.66,0.561,mixed-rural-urban,0.0,0.1444,0.9125,0.8363,0.87,0.662,0.1919,0.3032,62.66,False
IDN,Indonesia,Chinese Indonesian,majority,2.1,2.1,2.1,2.1,1.2,1.19,-0.01,1.19,0.0,1.19,0.0,1.19,1.19,1.19,1.19,0.0,1.19,-0.01,0.0,3401855,3819599,0.0,0.0,0.0,1.25,IDN,False,0.736,0.74,0.78,0.76,0.454,0.915,1.0,0.78,0.849,0.0,0.0,0.74,0.0,0.0,1.0,0.761,23.769,18.67,68.5,62.66,7.731,18.67,0.251,0.0,1.0,0.879,1.0,1.0,0.0,0.001,0.7848,0.7853,0.0004,0.7853,2.57,0.1078,2.211,2.349,0.0005,0.7861,1.19,-0.01,0.0,2.211,2.349,0.0005,0.7861,0.7541,0.2873,0.0499,0.8234,0.1641,4.66,0.561,mixed-rural-urban,0.0,0.1444,0.9125,0.8363,0.87,0.662,0.1919,0.3032,62.66,False
IDN,Indonesia,Other,assimilating,2.1,2.1,2.1,2.1,15.1,14.75,-0.35,14.75,0.0,14.75,0.0,14.76,14.75,14.75,14.76,0.01,14.98,-0.12,0.22,42806678,47316892,0.0,0.0,0.0,1.25,unspecified,False,0.5,0.48,0.56,0.42,0.454,1.153,1.0,0.78,0.806,0.0,0.0,0.74,0.0,0.0,1.0,0.761,23.769,18.67,68.5,62.66,7.731,18.67,0.251,0.0,1.0,0.879,1.0,1.0,0.0,0.001,0.7848,0.7853,0.0004,0.7853,2.57,0.1078,2.211,2.349,0.0005,0.7861,14.98,-0.12,0.22,2.211,2.349,0.0005,0.7861,0.7541,0.2873,0.0499,0.8234,0.1641,4.66,0.561,mixed-rural-urban,0.0,0.1444,0.9125,0.8363,0.87,0.662,0.1919,0.3032,62.66,False
IND,India,Hindi-speaking (North/Central Indo-Aryan),majority,2.0,2.03,2.0,2.03,43.6,43.0,-0.6,43.0,0.0,43.0,0.0,43.02,42.97,42.97,43.02,0.05,43.06,-0.54,0.06,632608002,722178171,0.043,0.0,0.0,1.317,unspecified,False,0.5,0.48,0.56,0.42,0.468,1.276,1.0,0.78,0.842,0.62,0.0,0.679,0.0,0.0,1.0,0.761,25.83,21.866,67.5,62.06,6.67,16.074,0.251,0.0,1.0,0.864,1.0,1.015,0.0,0.001,0.7812,0.7861,0.0048,0.7861,2.6133,0.1533,2.142,2.344,0.0005,0.7856,43.06,-0.54,0.06,2.142,2.344,0.0005,0.7856,0.7024,0.28,0.206,0.7965,0.1762,4.67,0.443,mixed-rural-urban,0.024,0.1508,0.9017,0.7828,0.8271,0.5504,0.1605,0.1852,62.06,True
IND,India,Bengali,majority,2.0,2.03,2.0,2.03,8.3,8.18,-0.12,8.18,0.0,8.18,0.0,8.19,8.18,8.18,8.19,0.01,8.19,-0.11,0.01,120427670,137405519,0.043,0.0,0.0,1.317,unspecified,False,0.5,0.48,0.56,0.42,0.468,1.088,1.0,0.78,0.799,0.62,0.0,0.679,0.0,0.0,1.0,0.761,25.83,21.866,67.5,62.06,6.67,16.074,0.251,0.0,1.0,0.864,1.0,1.015,0.0,0.001,0.7812,0.7861,0.0048,0.7861,2.6133,0.1533,2.142,2.344,0.0005,0.7856,8.19,-0.11,0.01,2.142,2.344,0.0005,0.7856,0.7024,0.28,0.206,0.7965,0.1762,4.67,0.443,mixed-rural-urban,0.024,0.1508,0.9017,0.7828,0.8271,0.5504,0.1605,0.1852,62.06,False
IND,India,Marathi,majority,2.0,2.03,2.0,2.03,6.9,6.8,-0.1,6.8,0.0,6.8,0.0,6.8,6.8,6.8,6.8,0.01,6.81,-0.09,0.01,100114569,114228684,0.043,0.0,0.0,1.317,unspecified,False,0.5,0.48,0.56,0.42,0.468,1.068,1.0,0.78,0.795,0.62,0.0,0.679,0.0,0.0,1.0,0.761,25.83,21.866,67.5,62.06,6.67,16.074,0.251,0.0,1.0,0.864,1.0,1.015,0.0,0.001,0.7812,0.7861,0.0048,0.7861,2.6133,0.1533,2.142,2.344,0.0005,0.7856,6.81,-0.09,0.01,2.142,2.344,0.0005,0.7856,0.7024,0.28,0.206,0.7965,0.1762,4.67,0.443,mixed-rural-urban,0.024,0.1508,0.9017,0.7828,0.8271,0.5504,0.1605,0.1852,62.06,False
IND,India,Telugu (Dravidian),majority,2.0,2.03,2.0,2.03,6.7,6.6,-0.1,6.6,0.0,6.6,0.0,6.61,6.6,6.6,6.61,0.01,6.62,-0.08,0.01,97212698,110917708,0.043,0.0,0.0,1.317,unspecified,False,0.5,0.48,0.56,0.42,0.468,1.065,1.0,0.78,0.794,0.62,0.0,0.679,0.0,0.0,1.0,0.761,25.83,21.866,67.5,62.06,6.67,16.074,0.251,0.0,1.0,0.864,1.0,1.015,0.0,0.001,0.7812,0.7861,0.0048,0.7861,2.6133,0.1533,2.142,2.344,0.0005,0.7856,6.62,-0.08,0.01,2.142,2.344,0.0005,0.7856,0.7024,0.28,0.206,0.7965,0.1762,4.67,0.443,mixed-rural-urban,0.024,0.1508,0.9017,0.7828,0.8271,0.5504,0.1605,0.1852,62.06,False
IND,India,Tamil (Dravidian),majority,2.0,2.03,2.0,2.03,5.7,5.62,-0.08,5.62,0.0,5.62,0.0,5.62,5.62,5.62,5.62,0.01,5.63,-0.07,0.01,82703340,94362826,0.043,0.0,0.0,1.317,unspecified,False,0.5,0.48,0.56,0.42,0.468,1.048,1.0,0.78,0.79,0.62,0.0,0.679,0.0,0.0,1.0,0.761,25.83,21.866,67.5,62.06,6.67,16.074,0.251,0.0,1.0,0.864,1.0,1.015,0.0,0.001,0.7812,0.7861,0.0048,0.7861,2.6133,0.1533,2.142,2.344,0.0005,0.7856,5.63,-0.07,0.01,2.142,2.344,0.0005,0.7856,0.7024,0.28,0.206,0.7965,0.1762,4.67,0.443,mixed-rural-urban,0.024,0.1508,0.9017,0.7828,0.8271,0.5504,0.1605,0.1852,62.06,False
IND,India,Gujarati,majority,2.0,2.03,2.0,2.03,4.6,4.53,-0.07,4.53,0.0,4.53,0.0,4.54,4.53,4.53,4.54,0.01,4.54,-0.06,0.01,66743046,76152456,0.043,0.0,0.0,1.317,unspecified,False,0.5,0.48,0.56,0.42,0.468,1.027,1.0,0.78,0.785,0.62,0.0,0.679,0.0,0.0,1.0,0.761,25.83,21.866,67.5,62.06,6.67,16.074,0.251,0.0,1.0,0.864,1.0,1.015,0.0,0.001,0.7812,0.7861,0.0048,0.7861,2.6133,0.1533,2.142,2.344,0.0005,0.7856,4.54,-0.06,0.01,2.142,2.344,0.0005,0.7856,0.7024,0.28,0.206,0.7965,0.1762,4.67,0.443,mixed-rural-urban,0.024,0.1508,0.9017,0.7828,0.8271,0.5504,0.1605,0.1852,62.06,False
IND,India,Urdu-speaking (Muslim),high_fertility,2.95,2.41,2.0,2.03,4.2,5.32,1.12,5.32,0.0,5.32,0.0,5.28,5.37,5.28,5.37,0.09,5.19,0.99,-0.14,60939303,89415749,0.043,0.0,0.0,1.317,unspecified,False,0.5,0.48,0.56,0.42,0.468,1.018,1.0,0.78,0.783,0.62,0.0,0.679,0.0,0.0,1.0,0.761,25.83,21.866,67.5,62.06,6.67,16.074,0.251,0.0,1.0,0.864,1.0,1.015,0.0,0.001,0.7812,0.7861,0.0048,0.7861,2.6133,0.1533,2.142,2.344,0.0005,0.7856,5.19,0.99,-0.14,2.142,2.344,0.0005,0.7856,0.7024,0.28,0.206,0.7965,0.1762,4.67,0.443,mixed-rural-urban,0.024,0.1508,0.9017,0.7828,0.8271,0.5504,0.1605,0.1852,62.06,False
IND,India,Kannada (Dravidian),majority,2.0,2.03,2.0,2.03,3.6,3.55,-0.05,3.55,0.0,3.55,0.0,3.55,3.55,3.55,3.55,0.0,3.55,-0.05,0.01,52233688,59597574,0.043,0.0,0.0,1.317,unspecified,False,0.5,0.48,0.56,0.42,0.468,1.003,1.0,0.78,0.78,0.62,0.0,0.679,0.0,0.0,1.0,0.761,25.83,21.866,67.5,62.06,6.67,16.074,0.251,0.0,1.0,0.864,1.0,1.015,0.0,0.001,0.7812,0.7861,0.0048,0.7861,2.6133,0.1533,2.142,2.344,0.0005,0.7856,3.55,-0.05,0.01,2.142,2.344,0.0005,0.7856,0.7024,0.28,0.206,0.7965,0.1762,4.67,0.443,mixed-rural-urban,0.024,0.1508,0.9017,0.7828,0.8271,0.5504,0.1605,0.1852,62.06,False
IND,India,Odia,majority,2.0,2.03,2.0,2.03,3.1,3.06,-0.04,3.06,0.0,3.06,0.0,3.06,3.05,3.05,3.06,0.0,3.06,-0.04,0.01,44979009,51320134,0.043,0.0,0.0,1.317,unspecified,False,0.5,0.48,0.56,0.42,0.468,0.989,1.0,0.78,0.777,0.62,0.0,0.679,0.0,0.0,1.0,0.761,25.83,21.866,67.5,62.06,6.67,16.074,0.251,0.0,1.0,0.864,1.0,1.015,0.0,0.001,0.7812,0.7861,0.0048,0.7861,2.6133,0.1533,2.142,2.344,0.0005,0.7856,3.06,-0.04,0.01,2.142,2.344,0.0005,0.7856,0.7024,0.28,0.206,0.7965,0.1762,4.67,0.443,mixed-rural-urban,0.024,0.1508,0.9017,0.7828,0.8271,0.5504,0.1605,0.1852,62.06,False
IND,India,Malayalam (Dravidian),majority,2.0,2.03,2.0,2.03,2.9,2.86,-0.04,2.86,0.0,2.86,0.0,2.86,2.86,2.86,2.86,0.0,2.86,-0.04,0.0,42077138,48009157,0.043,0.0,0.0,1.317,unspecified,False,0.5,0.48,0.56,0.42,0.468,0.983,1.0,0.78,0.775,0.62,0.0,0.679,0.0,0.0,1.0,0.761,25.83,21.866,67.5,62.06,6.67,16.074,0.251,0.0,1.0,0.864,1.0,1.015,0.0,0.001,0.7812,0.7861,0.0048,0.7861,2.6133,0.1533,2.142,2.344,0.0005,0.7856,2.86,-0.04,0.0,2.142,2.344,0.0005,0.7856,0.7024,0.28,0.206,0.7965,0.1762,4.67,0.443,mixed-rural-urban,0.024,0.1508,0.9017,0.7828,0.8271,0.5504,0.1605,0.1852,62.06,False
IND,India,Punjabi,majority,2.0,2.03,2.0,2.03,2.7,2.66,-0.04,2.66,0.0,2.66,0.0,2.66,2.66,2.66,2.66,0.0,2.67,-0.03,0.0,39175266,44698181,0.043,0.0,0.0,1.317,unspecified,False,0.5,0.48,0.56,0.42,0.468,0.977,1.0,0.78,0.774,0.62,0.0,0.679,0.0,0.0,1.0,0.761,25.83,21.866,67.5,62.06,6.67,16.074,0.251,0.0,1.0,0.864,1.0,1.015,0.0,0.001,0.7812,0.7861,0.0048,0.7861,2.6133,0.1533,2.142,2.344,0.0005,0.7856,2.67,-0.03,0.0,2.142,2.344,0.0005,0.7856,0.7024,0.28,0.206,0.7965,0.1762,4.67,0.443,mixed-rural-urban,0.024,0.1508,0.9017,0.7828,0.8271,0.5504,0.1605,0.1852,62.06,False
IND,India,Assamese,majority,2.0,2.03,2.0,2.03,1.3,1.28,-0.02,1.28,0.0,1.28,0.0,1.28,1.28,1.28,1.28,0.0,1.28,-0.02,0.0,18862165,21521346,0.043,0.0,0.0,1.317,unspecified,False,0.5,0.48,0.56,0.42,0.468,0.92,1.0,0.78,0.761,0.62,0.0,0.679,0.0,0.0,1.0,0.761,25.83,21.866,67.5,62.06,6.67,16.074,0.251,0.0,1.0,0.864,1.0,1.015,0.0,0.001,0.7812,0.7861,0.0048,0.7861,2.6133,0.1533,2.142,2.344,0.0005,0.7856,1.28,-0.02,0.0,2.142,2.344,0.0005,0.7856,0.7024,0.28,0.206,0.7965,0.1762,4.67,0.443,mixed-rural-urban,0.024,0.1508,0.9017,0.7828,0.8271,0.5504,0.1605,0.1852,62.06,False
IND,India,Other Indo-Aryan,majority,2.0,2.03,2.0,2.03,3.0,2.96,-0.04,2.96,0.0,2.96,0.0,2.96,2.96,2.96,2.96,0.0,2.96,-0.04,0.01,43528074,49664645,0.043,0.0,0.0,1.317,unspecified,False,0.5,0.48,0.56,0.42,0.468,0.986,1.0,0.78,0.776,0.62,0.0,0.679,0.0,0.0,1.0,0.761,25.83,21.866,67.5,62.06,6.67,16.074,0.251,0.0,1.0,0.864,1.0,1.015,0.0,0.001,0.7812,0.7861,0.0048,0.7861,2.6133,0.1533,2.142,2.344,0.0005,0.7856,2.96,-0.04,0.01,2.142,2.344,0.0005,0.7856,0.7024,0.28,0.206,0.7965,0.1762,4.67,0.443,mixed-rural-urban,0.024,0.1508,0.9017,0.7828,0.8271,0.5504,0.1605,0.1852,62.06,False
IND,India,Other Dravidian,majority,2.0,2.03,2.0,2.03,0.5,0.49,-0.01,0.49,0.0,0.49,0.0,0.49,0.49,0.49,0.49,0.0,0.49,-0.01,0.0,7254679,8277441,0.043,0.0,0.0,1.317,unspecified,False,0.5,0.48,0.56,0.42,0.468,0.869,1.0,0.78,0.749,0.62,0.0,0.679,0.0,0.0,1.0,0.761,25.83,21.866,67.5,62.06,6.67,16.074,0.251,0.0,1.0,0.864,1.0,1.015,0.0,0.001,0.7812,0.7861,0.0048,0.7861,2.6133,0.1533,2.142,2.344,0.0005,0.7856,0.49,-0.01,0.0,2.142,2.344,0.0005,0.7856,0.7024,0.28,0.206,0.7965,0.1762,4.67,0.443,mixed-rural-urban,0.024,0.1508,0.9017,0.7828,0.8271,0.5504,0.1605,0.1852,62.06,False
IND,India,Scheduled Tribes (Adivasi),high_fertility,2.35,2.17,2.0,2.03,2.0,2.21,0.21,2.21,0.0,2.21,0.0,2.21,2.22,2.21,2.22,0.01,2.19,0.19,-0.02,29018716,37171656,0.043,0.0,0.0,1.317,unspecified,False,0.5,0.48,0.56,0.42,0.468,0.952,1.0,0.78,0.768,0.62,0.0,0.679,0.0,0.0,1.0,0.761,25.83,21.866,67.5,62.06,6.67,16.074,0.251,0.0,1.0,0.864,1.0,1.015,0.0,0.001,0.7812,0.7861,0.0048,0.7861,2.6133,0.1533,2.142,2.344,0.0005,0.7856,2.19,0.19,-0.02,2.142,2.344,0.0005,0.7856,0.7024,0.28,0.206,0.7965,0.1762,4.67,0.443,mixed-rural-urban,0.024,0.1508,0.9017,0.7828,0.8271,0.5504,0.1605,0.1852,62.06,False
IND,India,Other,assimilating,2.0,2.03,2.0,2.03,0.9,0.87,-0.03,0.87,0.0,0.87,0.0,0.87,0.87,0.87,0.87,0.0,0.89,-0.01,0.01,13058422,14668015,0.043,0.0,0.0,1.317,unspecified,False,0.5,0.48,0.56,0.42,0.468,0.897,1.0,0.78,0.755,0.62,0.0,0.679,0.0,0.0,1.0,0.761,25.83,21.866,67.5,62.06,6.67,16.074,0.251,0.0,1.0,0.864,1.0,1.015,0.0,0.001,0.7812,0.7861,0.0048,0.7861,2.6133,0.1533,2.142,2.344,0.0005,0.7856,0.89,-0.01,0.01,2.142,2.344,0.0005,0.7856,0.7024,0.28,0.206,0.7965,0.1762,4.67,0.443,mixed-rural-urban,0.024,0.1508,0.9017,0.7828,0.8271,0.5504,0.1605,0.1852,62.06,False
IRL,Ireland,Irish,majority,1.6,1.75,1.6,1.75,76.6,75.22,-1.38,76.99,-1.77,75.44,-0.22,75.75,74.61,74.61,75.75,1.14,74.89,-1.71,-0.33,4025342,4490683,0.214,0.17,0.118,1.732,unspecified,False,0.5,0.48,0.56,0.42,0.674,1.3,1.0,0.78,0.979,0.0,1.04,0.0,0.733,0.675,1.0,0.761,15.208,9.612,66.5,64.26,18.292,26.128,0.38,0.226,0.729,0.91,1.0,1.099,0.0,0.001,0.3996,0.4197,0.0201,0.4197,1.0647,0.1111,1.884,1.809,0.0005,0.4241,74.89,-1.71,-0.33,1.884,1.809,0.0005,0.4241,0.7862,0.4502,0.0911,0.8436,0.1903,1.72,0.772,urbanizing-majority,0.049,0.0023,0.9598,0.897,1.0,0.7628,0.2856,0.6422,64.26,True
IRL,Ireland,Other White British,immigrant,1.5,1.71,1.6,1.75,10.2,10.42,0.22,9.73,0.68,10.45,-0.03,10.23,10.65,10.23,10.65,0.42,10.61,0.41,0.19,536012,622013,0.214,0.17,0.118,1.732,unspecified,True,0.5,0.48,0.56,0.42,0.674,1.11,1.0,0.78,0.916,0.0,1.04,0.0,0.733,0.675,1.0,0.761,15.208,9.612,66.5,64.26,18.292,26.128,0.38,0.226,0.729,0.91,1.0,1.099,0.0,0.001,0.3996,0.4197,0.0201,0.4197,1.0647,0.1111,1.884,1.809,0.0005,0.4241,10.61,0.41,0.19,1.884,1.809,0.0005,0.4241,0.7862,0.4502,0.0911,0.8436,0.1903,1.72,0.772,urbanizing-majority,0.049,0.0023,0.9598,0.897,1.0,0.7628,0.2856,0.6422,64.26,False
IRL,Ireland,Polish,immigrant,1.6,1.75,1.6,1.75,3.0,3.16,0.16,2.96,0.2,3.17,-0.01,3.1,3.23,3.1,3.23,0.13,3.2,0.2,0.04,157650,188513,0.214,0.17,0.118,1.732,unspecified,True,0.5,0.48,0.56,0.42,0.674,0.986,1.0,0.78,0.875,0.0,1.04,0.0,0.733,0.675,1.0,0.761,15.208,9.612,66.5,64.26,18.292,26.128,0.38,0.226,0.729,0.91,1.0,1.099,0.0,0.001,0.3996,0.4197,0.0201,0.4197,1.0647,0.1111,1.884,1.809,0.0005,0.4241,3.2,0.2,0.04,1.884,1.809,0.0005,0.4241,0.7862,0.4502,0.0911,0.8436,0.1903,1.72,0.772,urbanizing-majority,0.049,0.0023,0.9598,0.897,1.0,0.7628,0.2856,0.6422,64.26,False
IRL,Ireland,Other EU (Romanian/Lithuanian),immigrant,1.6,1.75,1.6,1.75,4.0,4.21,0.21,3.95,0.26,4.23,-0.01,4.13,4.31,4.13,4.31,0.17,4.27,0.27,0.06,210201,251560,0.214,0.17,0.118,1.732,unspecified,True,0.5,0.48,0.56,0.42,0.674,1.013,1.0,0.78,0.884,0.0,1.04,0.0,0.733,0.675,1.0,0.761,15.208,9.612,66.5,64.26,18.292,26.128,0.38,0.226,0.729,0.91,1.0,1.099,0.0,0.001,0.3996,0.4197,0.0201,0.4197,1.0647,0.1111,1.884,1.809,0.0005,0.4241,4.27,0.27,0.06,1.884,1.809,0.0005,0.4241,0.7862,0.4502,0.0911,0.8436,0.1903,1.72,0.772,urbanizing-majority,0.049,0.0023,0.9598,0.897,1.0,0.7628,0.2856,0.6422,64.26,False
IRL,Ireland,Indian,immigrant,1.6,1.75,1.6,1.75,0.9,0.96,0.06,0.89,0.07,0.96,-0.0,0.94,0.98,0.94,0.98,0.04,0.97,0.07,0.01,47295,57123,0.214,0.17,0.118,1.732,IND;PAK;BGD;LKA;NPL,True,0.718,0.719,0.752,0.684,0.674,0.897,1.0,0.78,0.975,0.0,1.04,0.0,0.733,0.675,1.0,0.761,15.208,9.612,66.5,64.26,18.292,26.128,0.38,0.226,0.729,0.91,1.0,1.099,0.0,0.001,0.3996,0.4197,0.0201,0.4197,1.0647,0.1111,1.884,1.809,0.0005,0.4241,0.97,0.07,0.01,1.884,1.809,0.0005,0.4241,0.7862,0.4502,0.0911,0.8436,0.1903,1.72,0.772,urbanizing-majority,0.049,0.0023,0.9598,0.897,1.0,0.7628,0.2856,0.6422,64.26,False
IRL,Ireland,Nigerian,high_fertility,1.95,1.89,1.6,1.75,0.5,0.73,0.23,0.57,0.16,0.58,0.15,0.68,0.79,0.68,0.79,0.11,0.72,0.22,-0.01,26275,43760,0.214,0.17,0.118,1.732,NGA;ETH;GHA;KEN;UGA;TZA;RWA;COD;CIV;CMR;SEN;ZMB;ZWE;MOZ;MWI;AGO;SDN;SOM;ERI;BFA;NER;MLI;GIN;SLE;LBR;BEN;TGO;GMB,True,0.711,0.785,0.574,0.717,0.674,0.869,1.008,0.78,0.961,0.0,1.04,0.0,0.733,0.675,1.0,0.761,15.208,9.612,66.5,64.26,18.292,26.128,0.38,0.226,0.729,0.91,1.0,1.099,0.0,0.001,0.3996,0.4197,0.0201,0.4197,1.0647,0.1111,1.884,1.809,0.0005,0.4241,0.72,0.22,-0.01,1.884,1.809,0.0005,0.4241,0.7862,0.4502,0.0911,0.8436,0.1903,1.72,0.772,urbanizing-majority,0.049,0.0023,0.9598,0.897,1.0,0.7628,0.2856,0.6422,64.26,False
IRL,Ireland,Filipino,immigrant,1.6,1.75,1.6,1.75,0.7,0.74,0.04,0.69,0.05,0.75,-0.0,0.73,0.76,0.73,0.76,0.04,0.76,0.06,0.01,36785,44468,0.214,0.17,0.118,1.732,PHL,True,0.759,0.718,0.88,0.64,0.674,0.884,1.0,0.78,0.993,0.0,1.04,0.0,0.733,0.675,1.0,0.761,15.208,9.612,66.5,64.26,18.292,26.128,0.38,0.226,0.729,0.91,1.0,1.099,0.0,0.001,0.3996,0.4197,0.0201,0.4197,1.0647,0.1111,1.884,1.809,0.0005,0.4241,0.76,0.06,0.01,1.884,1.809,0.0005,0.4241,0.7862,0.4502,0.0911,0.8436,0.1903,1.72,0.772,urbanizing-majority,0.049,0.0023,0.9598,0.897,1.0,0.7628,0.2856,0.6422,64.26,False
IRL,Ireland,Asian (other),immigrant,1.6,1.75,1.6,1.75,1.7,1.79,0.09,1.68,0.11,1.79,-0.01,1.75,1.82,1.75,1.82,0.07,1.81,0.11,0.02,89335,106667,0.214,0.17,0.118,1.732,unspecified,True,0.5,0.48,0.56,0.42,0.674,0.939,1.0,0.78,0.86,0.0,1.04,0.0,0.733,0.675,1.0,0.761,15.208,9.612,66.5,64.26,18.292,26.128,0.38,0.226,0.729,0.91,1.0,1.099,0.0,0.001,0.3996,0.4197,0.0201,0.4197,1.0647,0.1111,1.884,1.809,0.0005,0.4241,1.81,0.11,0.02,1.884,1.809,0.0005,0.4241,0.7862,0.4502,0.0911,0.8436,0.1903,1.72,0.772,urbanizing-majority,0.049,0.0023,0.9598,0.897,1.0,0.7628,0.2856,0.6422,64.26,False
IRL,Ireland,African (other),high_fertility,1.95,1.89,1.6,1.75,1.1,1.4,0.3,1.25,0.15,1.27,0.13,1.35,1.46,1.35,1.46,0.11,1.38,0.28,-0.02,57805,83733,0.214,0.17,0.118,1.732,NGA;ETH;GHA;KEN;UGA;TZA;RWA;COD;CIV;CMR;SEN;ZMB;ZWE;MOZ;MWI;AGO;SDN;SOM;ERI;BFA;NER;MLI;GIN;SLE;LBR;BEN;TGO;GMB,True,0.711,0.785,0.574,0.717,0.674,0.909,1.008,0.78,0.98,0.0,1.04,0.0,0.733,0.675,1.0,0.761,15.208,9.612,66.5,64.26,18.292,26.128,0.38,0.226,0.729,0.91,1.0,1.099,0.0,0.001,0.3996,0.4197,0.0201,0.4197,1.0647,0.1111,1.884,1.809,0.0005,0.4241,1.38,0.28,-0.02,1.884,1.809,0.0005,0.4241,0.7862,0.4502,0.0911,0.8436,0.1903,1.72,0.772,urbanizing-majority,0.049,0.0023,0.9598,0.897,1.0,0.7628,0.2856,0.6422,64.26,False
IRL,Ireland,Other,immigrant,1.6,1.75,1.6,1.75,1.3,1.37,0.07,1.28,0.08,1.37,-0.0,1.34,1.39,1.34,1.39,0.05,1.38,0.08,0.02,68315,81520,0.214,0.17,0.118,1.732,unspecified,True,0.5,0.48,0.56,0.42,0.674,0.92,1.0,0.78,0.853,0.0,1.04,0.0,0.733,0.675,1.0,0.761,15.208,9.612,66.5,64.26,18.292,26.128,0.38,0.226,0.729,0.91,1.0,1.099,0.0,0.001,0.3996,0.4197,0.0201,0.4197,1.0647,0.1111,1.884,1.809,0.0005,0.4241,1.38,0.08,0.02,1.884,1.809,0.0005,0.4241,0.7862,0.4502,0.0911,0.8436,0.1903,1.72,0.772,urbanizing-majority,0.049,0.0023,0.9598,0.897,1.0,0.7628,0.2856,0.6422,64.26,False
IRN,Iran,Persian,majority,1.7,1.82,1.7,1.82,59.0,57.04,-1.96,57.04,0.0,57.04,0.0,57.12,56.97,56.97,57.12,0.15,57.22,-1.78,0.18,54024965,58104288,0.171,0.0,0.0,1.411,unspecified,False,0.5,0.48,0.56,0.42,0.419,1.3,1.0,0.78,0.816,0.0,0.0,0.0,0.0,0.0,1.0,0.761,23.917,15.774,65.0,59.2,11.083,25.026,0.218,0.0,1.0,0.796,0.6,0.636,0.0,0.001,0.6109,0.6304,0.0195,0.6304,1.8087,0.2825,2.005,2.105,0.0005,0.6287,57.22,-1.78,0.18,2.005,2.105,0.0005,0.6287,0.6384,0.3586,0.1528,0.7032,0.3303,2.71,0.55,mixed-rural-urban,0.077,0.0191,0.8976,0.7822,0.7798,0.6371,0.3626,0.5921,59.2,True
IRN,Iran,Azeri,majority,1.7,1.82,1.7,1.82,16.0,15.46,-0.54,15.46,0.0,15.46,0.0,15.48,15.44,15.44,15.48,0.04,15.52,-0.48,0.05,14650838,15751572,0.171,0.0,0.0,1.411,unspecified,False,0.5,0.48,0.56,0.42,0.419,1.16,1.0,0.78,0.788,0.0,0.0,0.0,0.0,0.0,1.0,0.761,23.917,15.774,65.0,59.2,11.083,25.026,0.218,0.0,1.0,0.796,0.6,0.636,0.0,0.001,0.6109,0.6304,0.0195,0.6304,1.8087,0.2825,2.005,2.105,0.0005,0.6287,15.52,-0.48,0.05,2.005,2.105,0.0005,0.6287,0.6384,0.3586,0.1528,0.7032,0.3303,2.71,0.55,mixed-rural-urban,0.077,0.0191,0.8976,0.7822,0.7798,0.6371,0.3626,0.5921,59.2,False
IRN,Iran,Kurd,high_fertility,2.45,2.12,1.7,1.82,10.0,12.21,2.21,12.21,0.0,12.21,0.0,12.12,12.29,12.12,12.29,0.17,11.99,1.99,-0.22,9156774,12435254,0.171,0.0,0.0,1.411,unspecified,False,0.5,0.48,0.56,0.42,0.419,1.108,1.0,0.78,0.777,0.0,0.0,0.0,0.0,0.0,1.0,0.761,23.917,15.774,65.0,59.2,11.083,25.026,0.218,0.0,1.0,0.796,0.6,0.636,0.0,0.001,0.6109,0.6304,0.0195,0.6304,1.8087,0.2825,2.005,2.105,0.0005,0.6287,11.99,1.99,-0.22,2.005,2.105,0.0005,0.6287,0.6384,0.3586,0.1528,0.7032,0.3303,2.71,0.55,mixed-rural-urban,0.077,0.0191,0.8976,0.7822,0.7798,0.6371,0.3626,0.5921,59.2,False
IRN,Iran,Lur,majority,1.7,1.82,1.7,1.82,6.0,5.8,-0.2,5.8,0.0,5.8,0.0,5.81,5.79,5.79,5.81,0.01,5.82,-0.18,0.02,5494064,5906839,0.171,0.0,0.0,1.411,unspecified,False,0.5,0.48,0.56,0.42,0.419,1.054,1.0,0.78,0.766,0.0,0.0,0.0,0.0,0.0,1.0,0.761,23.917,15.774,65.0,59.2,11.083,25.026,0.218,0.0,1.0,0.796,0.6,0.636,0.0,0.001,0.6109,0.6304,0.0195,0.6304,1.8087,0.2825,2.005,2.105,0.0005,0.6287,5.82,-0.18,0.02,2.005,2.105,0.0005,0.6287,0.6384,0.3586,0.1528,0.7032,0.3303,2.71,0.55,mixed-rural-urban,0.077,0.0191,0.8976,0.7822,0.7798,0.6371,0.3626,0.5921,59.2,False
IRN,Iran,Gilaki/Mazandarani,majority,1.7,1.82,1.7,1.82,2.5,2.42,-0.08,2.42,0.0,2.42,0.0,2.42,2.41,2.41,2.42,0.01,2.42,-0.08,0.01,2289193,2461183,0.171,0.0,0.0,1.411,unspecified,False,0.5,0.48,0.56,0.42,0.419,0.97,1.0,0.78,0.749,0.0,0.0,0.0,0.0,0.0,1.0,0.761,23.917,15.774,65.0,59.2,11.083,25.026,0.218,0.0,1.0,0.796,0.6,0.636,0.0,0.001,0.6109,0.6304,0.0195,0.6304,1.8087,0.2825,2.005,2.105,0.0005,0.6287,2.42,-0.08,0.01,2.005,2.105,0.0005,0.6287,0.6384,0.3586,0.1528,0.7032,0.3303,2.71,0.55,mixed-rural-urban,0.077,0.0191,0.8976,0.7822,0.7798,0.6371,0.3626,0.5921,59.2,False
IRN,Iran,Baloch,high_fertility,2.05,1.96,1.7,1.82,2.2,2.42,0.22,2.42,0.0,2.42,0.0,2.41,2.43,2.41,2.43,0.01,2.4,0.2,-0.02,2014490,2463750,0.171,0.0,0.0,1.411,unspecified,False,0.5,0.48,0.56,0.42,0.419,0.96,1.0,0.78,0.747,0.0,0.0,0.0,0.0,0.0,1.0,0.761,23.917,15.774,65.0,59.2,11.083,25.026,0.218,0.0,1.0,0.796,0.6,0.636,0.0,0.001,0.6109,0.6304,0.0195,0.6304,1.8087,0.2825,2.005,2.105,0.0005,0.6287,2.4,0.2,-0.02,2.005,2.105,0.0005,0.6287,0.6384,0.3586,0.1528,0.7032,0.3303,2.71,0.55,mixed-rural-urban,0.077,0.0191,0.8976,0.7822,0.7798,0.6371,0.3626,0.5921,59.2,False
IRN,Iran,Arab,high_fertility,2.45,2.12,1.7,1.82,2.0,2.44,0.44,2.44,0.0,2.44,0.0,2.42,2.46,2.42,2.46,0.03,2.4,0.4,-0.04,1831355,2487051,0.171,0.0,0.0,1.411,unspecified,False,0.5,0.48,0.56,0.42,0.419,0.952,1.0,0.78,0.745,0.0,0.0,0.0,0.0,0.0,1.0,0.761,23.917,15.774,65.0,59.2,11.083,25.026,0.218,0.0,1.0,0.796,0.6,0.636,0.0,0.001,0.6109,0.6304,0.0195,0.6304,1.8087,0.2825,2.005,2.105,0.0005,0.6287,2.4,0.4,-0.04,2.005,2.105,0.0005,0.6287,0.6384,0.3586,0.1528,0.7032,0.3303,2.71,0.55,mixed-rural-urban,0.077,0.0191,0.8976,0.7822,0.7798,0.6371,0.3626,0.5921,59.2,False
IRN,Iran,Turkmen,majority,1.7,1.82,1.7,1.82,1.5,1.45,-0.05,1.45,0.0,1.45,0.0,1.45,1.45,1.45,1.45,0.0,1.45,-0.05,0.0,1373516,1476710,0.171,0.0,0.0,1.411,unspecified,False,0.5,0.48,0.56,0.42,0.419,0.93,1.0,0.78,0.74,0.0,0.0,0.0,0.0,0.0,1.0,0.761,23.917,15.774,65.0,59.2,11.083,25.026,0.218,0.0,1.0,0.796,0.6,0.636,0.0,0.001,0.6109,0.6304,0.0195,0.6304,1.8087,0.2825,2.005,2.105,0.0005,0.6287,1.45,-0.05,0.0,2.005,2.105,0.0005,0.6287,0.6384,0.3586,0.1528,0.7032,0.3303,2.71,0.55,mixed-rural-urban,0.077,0.0191,0.8976,0.7822,0.7798,0.6371,0.3626,0.5921,59.2,False
IRN,Iran,Other,assimilating,1.7,1.82,1.7,1.82,0.8,0.76,-0.04,0.76,0.0,0.76,0.0,0.76,0.76,0.76,0.76,0.0,0.77,-0.03,0.01,732542,775348,0.171,0.0,0.0,1.411,unspecified,False,0.5,0.48,0.56,0.42,0.419,0.891,1.0,0.78,0.732,0.0,0.0,0.0,0.0,0.0,1.0,0.761,23.917,15.774,65.0,59.2,11.083,25.026,0.218,0.0,1.0,0.796,0.6,0.636,0.0,0.001,0.6109,0.6304,0.0195,0.6304,1.8087,0.2825,2.005,2.105,0.0005,0.6287,0.77,-0.03,0.01,2.005,2.105,0.0005,0.6287,0.6384,0.3586,0.1528,0.7032,0.3303,2.71,0.55,mixed-rural-urban,0.077,0.0191,0.8976,0.7822,0.7798,0.6371,0.3626,0.5921,59.2,False
IRQ,Iraq,Arab (Shia),high_fertility,4.15,3.11,3.4,2.81,55.0,55.69,0.69,55.69,0.0,55.69,0.0,55.67,55.71,55.67,55.71,0.04,55.57,0.57,-0.12,25323108,40058314,0.0,0.0,0.0,1.25,unspecified,False,0.5,0.48,0.56,0.42,0.454,1.3,1.0,0.78,0.839,0.0,0.0,0.702,0.0,0.0,1.0,0.761,39.603,39.789,57.5,52.3,2.897,7.911,0.251,0.0,1.0,0.823,1.0,1.0,0.0,0.001,0.6291,0.621,-0.0081,0.621,1.7078,0.2803,2.034,2.131,0.0005,0.6224,55.57,0.57,-0.12,2.034,2.131,0.0005,0.6224,0.4393,0.3077,0.1396,0.6705,0.2491,2.64,0.565,mixed-rural-urban,0.0,0.0265,0.8254,0.605,0.7522,0.2058,0.6354,0.0,52.3,True
IRQ,Iraq,Arab (Sunni),high_fertility,4.15,3.11,3.4,2.81,18.0,18.18,0.18,18.18,0.0,18.18,0.0,18.18,18.19,18.18,18.19,0.01,18.17,0.17,-0.02,8287563,13079074,0.0,0.0,0.0,1.25,unspecified,False,0.5,0.48,0.56,0.42,0.454,1.173,1.0,0.78,0.81,0.0,0.0,0.702,0.0,0.0,1.0,0.761,39.603,39.789,57.5,52.3,2.897,7.911,0.251,0.0,1.0,0.823,1.0,1.0,0.0,0.001,0.6291,0.621,-0.0081,0.621,1.7078,0.2803,2.034,2.131,0.0005,0.6224,18.17,0.17,-0.02,2.034,2.131,0.0005,0.6224,0.4393,0.3077,0.1396,0.6705,0.2491,2.64,0.565,mixed-rural-urban,0.0,0.0265,0.8254,0.605,0.7522,0.2058,0.6354,0.0,52.3,False
IRQ,Iraq,Kurdish,high_fertility,4.15,3.11,3.4,2.81,18.0,18.18,0.18,18.18,0.0,18.18,0.0,18.18,18.19,18.18,18.19,0.01,18.17,0.17,-0.02,8287563,13079074,0.0,0.0,0.0,1.25,unspecified,False,0.5,0.48,0.56,0.42,0.454,1.173,1.0,0.78,0.81,0.0,0.0,0.702,0.0,0.0,1.0,0.761,39.603,39.789,57.5,52.3,2.897,7.911,0.251,0.0,1.0,0.823,1.0,1.0,0.0,0.001,0.6291,0.621,-0.0081,0.621,1.7078,0.2803,2.034,2.131,0.0005,0.6224,18.17,0.17,-0.02,2.034,2.131,0.0005,0.6224,0.4393,0.3077,0.1396,0.6705,0.2491,2.64,0.565,mixed-rural-urban,0.0,0.0265,0.8254,0.605,0.7522,0.2058,0.6354,0.0,52.3,False
IRQ,Iraq,Turkmen,high_fertility,3.75,2.95,3.4,2.81,2.0,1.89,-0.11,1.89,0.0,1.89,0.0,1.9,1.89,1.89,1.9,0.01,1.91,-0.09,0.01,920840,1362497,0.0,0.0,0.0,1.25,unspecified,False,0.5,0.48,0.56,0.42,0.454,0.952,1.0,0.78,0.761,0.0,0.0,0.702,0.0,0.0,1.0,0.761,39.603,39.789,57.5,52.3,2.897,7.911,0.251,0.0,1.0,0.823,1.0,1.0,0.0,0.001,0.6291,0.621,-0.0081,0.621,1.7078,0.2803,2.034,2.131,0.0005,0.6224,1.91,-0.09,0.01,2.034,2.131,0.0005,0.6224,0.4393,0.3077,0.1396,0.6705,0.2491,2.64,0.565,mixed-rural-urban,0.0,0.0265,0.8254,0.605,0.7522,0.2058,0.6354,0.0,52.3,False
IRQ,Iraq,Assyrian/Chaldean,low_fertility,3.4,2.81,3.4,2.81,1.0,0.86,-0.14,0.86,0.0,0.86,0.0,0.86,0.85,0.85,0.86,0.01,0.87,-0.13,0.01,460420,617248,0.0,0.0,0.0,1.25,SYR,False,0.672,0.726,0.6,0.74,0.454,0.903,1.0,0.78,0.82,0.0,0.0,0.702,0.0,0.0,1.0,0.761,39.603,39.789,57.5,52.3,2.897,7.911,0.251,0.0,1.0,0.823,1.0,1.0,0.0,0.001,0.6291,0.621,-0.0081,0.621,1.7078,0.2803,2.034,2.131,0.0005,0.6224,0.87,-0.13,0.01,2.034,2.131,0.0005,0.6224,0.4393,0.3077,0.1396,0.6705,0.2491,2.64,0.565,mixed-rural-urban,0.0,0.0265,0.8254,0.605,0.7522,0.2058,0.6354,0.0,52.3,False
IRQ,Iraq,Yazidi,high_fertility,3.75,2.95,3.4,2.81,0.5,0.47,-0.03,0.47,0.0,0.47,0.0,0.47,0.47,0.47,0.47,0.0,0.48,-0.02,0.0,230210,340624,0.0,0.0,0.0,1.25,unspecified,False,0.5,0.48,0.56,0.42,0.454,0.869,1.0,0.78,0.743,0.0,0.0,0.702,0.0,0.0,1.0,0.761,39.603,39.789,57.5,52.3,2.897,7.911,0.251,0.0,1.0,0.823,1.0,1.0,0.0,0.001,0.6291,0.621,-0.0081,0.621,1.7078,0.2803,2.034,2.131,0.0005,0.6224,0.48,-0.02,0.0,2.034,2.131,0.0005,0.6224,0.4393,0.3077,0.1396,0.6705,0.2491,2.64,0.565,mixed-rural-urban,0.0,0.0265,0.8254,0.605,0.7522,0.2058,0.6354,0.0,52.3,False
IRQ,Iraq,Other,assimilating,3.4,2.81,3.4,2.81,5.5,4.72,-0.78,4.72,0.0,4.72,0.0,4.74,4.69,4.69,4.74,0.05,4.84,-0.66,0.13,2532311,3391927,0.0,0.0,0.0,1.25,unspecified,False,0.5,0.48,0.56,0.42,0.454,1.045,1.0,0.78,0.782,0.0,0.0,0.702,0.0,0.0,1.0,0.761,39.603,39.789,57.5,52.3,2.897,7.911,0.251,0.0,1.0,0.823,1.0,1.0,0.0,0.001,0.6291,0.621,-0.0081,0.621,1.7078,0.2803,2.034,2.131,0.0005,0.6224,4.84,-0.66,0.13,2.034,2.131,0.0005,0.6224,0.4393,0.3077,0.1396,0.6705,0.2491,2.64,0.565,mixed-rural-urban,0.0,0.0265,0.8254,0.605,0.7522,0.2058,0.6354,0.0,52.3,False
ISL,Iceland,Icelandic,majority,1.6,1.75,1.6,1.75,81.3,80.51,-0.79,81.55,-1.04,80.51,0.0,80.82,80.15,80.15,80.82,0.67,80.24,-1.06,-0.27,319837,348605,0.214,0.17,0.093,1.701,unspecified,False,0.5,0.48,0.56,0.42,0.553,1.3,1.0,0.78,0.901,0.0,0.0,0.0,0.0,0.0,1.0,0.761,16.5,10.629,67.0,64.6,16.5,24.771,0.251,0.195,0.587,0.918,1.0,1.094,0.0,0.001,0.3298,0.3418,0.012,0.3418,0.824,0.126,1.682,1.712,0.0005,0.3459,80.24,-1.06,-0.27,1.682,1.712,0.0005,0.3459,0.8211,0.389,0.1622,0.866,0.1713,1.52,0.55,mixed-rural-urban,0.096,-0.002,0.9602,0.9711,0.9788,0.8084,0.2576,0.5805,64.6,True
ISL,Iceland,Polish,immigrant,1.6,1.75,1.6,1.75,5.6,5.84,0.24,5.52,0.31,5.84,0.0,5.74,5.95,5.74,5.95,0.2,5.92,0.32,0.08,22031,25276,0.214,0.17,0.093,1.701,unspecified,True,0.5,0.48,0.56,0.42,0.553,1.046,1.0,0.78,0.833,0.0,0.0,0.0,0.0,0.0,1.0,0.761,16.5,10.629,67.0,64.6,16.5,24.771,0.251,0.195,0.587,0.918,1.0,1.094,0.0,0.001,0.3298,0.3418,0.012,0.3418,0.824,0.126,1.682,1.712,0.0005,0.3459,5.92,0.32,0.08,1.682,1.712,0.0005,0.3459,0.8211,0.389,0.1622,0.866,0.1713,1.52,0.55,mixed-rural-urban,0.096,-0.002,0.9602,0.9711,0.9788,0.8084,0.2576,0.5805,64.6,False
ISL,Iceland,Danish,immigrant,1.6,1.75,1.6,1.75,1.0,1.04,0.04,0.99,0.05,1.04,0.0,1.02,1.06,1.02,1.06,0.03,1.05,0.05,0.01,3934,4500,0.214,0.17,0.093,1.701,unspecified,True,0.5,0.48,0.56,0.42,0.553,0.903,1.0,0.78,0.794,0.0,0.0,0.0,0.0,0.0,1.0,0.761,16.5,10.629,67.0,64.6,16.5,24.771,0.251,0.195,0.587,0.918,1.0,1.094,0.0,0.001,0.3298,0.3418,0.012,0.3418,0.824,0.126,1.682,1.712,0.0005,0.3459,1.05,0.05,0.01,1.682,1.712,0.0005,0.3459,0.8211,0.389,0.1622,0.866,0.1713,1.52,0.55,mixed-rural-urban,0.096,-0.002,0.9602,0.9711,0.9788,0.8084,0.2576,0.5805,64.6,False
ISL,Iceland,Lithuanian,immigrant,1.6,1.75,1.6,1.75,0.7,0.73,0.03,0.69,0.04,0.73,0.0,0.72,0.74,0.72,0.74,0.02,0.74,0.04,0.01,2754,3149,0.214,0.17,0.093,1.701,unspecified,True,0.5,0.48,0.56,0.42,0.553,0.884,1.0,0.78,0.789,0.0,0.0,0.0,0.0,0.0,1.0,0.761,16.5,10.629,67.0,64.6,16.5,24.771,0.251,0.195,0.587,0.918,1.0,1.094,0.0,0.001,0.3298,0.3418,0.012,0.3418,0.824,0.126,1.682,1.712,0.0005,0.3459,0.74,0.04,0.01,1.682,1.712,0.0005,0.3459,0.8211,0.389,0.1622,0.866,0.1713,1.52,0.55,mixed-rural-urban,0.096,-0.002,0.9602,0.9711,0.9788,0.8084,0.2576,0.5805,64.6,False
ISL,Iceland,Filipino,immigrant,1.6,1.75,1.6,1.75,0.6,0.63,0.03,0.59,0.04,0.63,0.0,0.62,0.64,0.62,0.64,0.02,0.64,0.04,0.01,2360,2724,0.214,0.17,0.093,1.701,PHL,True,0.759,0.718,0.88,0.64,0.553,0.876,1.0,0.78,0.91,0.0,0.0,0.0,0.0,0.0,1.0,0.761,16.5,10.629,67.0,64.6,16.5,24.771,0.251,0.195,0.587,0.918,1.0,1.094,0.0,0.001,0.3298,0.3418,0.012,0.3418,0.824,0.126,1.682,1.712,0.0005,0.3459,0.64,0.04,0.01,1.682,1.712,0.0005,0.3459,0.8211,0.389,0.1622,0.866,0.1713,1.52,0.55,mixed-rural-urban,0.096,-0.002,0.9602,0.9711,0.9788,0.8084,0.2576,0.5805,64.6,False
ISL,Iceland,Other European,immigrant,1.6,1.75,1.6,1.75,6.0,6.26,0.26,5.92,0.34,6.26,0.0,6.16,6.37,6.16,6.37,0.22,6.34,0.34,0.09,23604,27085,0.214,0.17,0.093,1.701,unspecified,True,0.5,0.48,0.56,0.42,0.553,1.054,1.0,0.78,0.835,0.0,0.0,0.0,0.0,0.0,1.0,0.761,16.5,10.629,67.0,64.6,16.5,24.771,0.251,0.195,0.587,0.918,1.0,1.094,0.0,0.001,0.3298,0.3418,0.012,0.3418,0.824,0.126,1.682,1.712,0.0005,0.3459,6.34,0.34,0.09,1.682,1.712,0.0005,0.3459,0.8211,0.389,0.1622,0.866,0.1713,1.52,0.55,mixed-rural-urban,0.096,-0.002,0.9602,0.9711,0.9788,0.8084,0.2576,0.5805,64.6,False
ISL,Iceland,Other,immigrant,1.6,1.75,1.6,1.75,4.8,5.0,0.2,4.74,0.27,5.0,0.0,4.92,5.09,4.92,5.09,0.17,5.07,0.27,0.07,18883,21658,0.214,0.17,0.093,1.701,unspecified,True,0.5,0.48,0.56,0.42,0.553,1.031,1.0,0.78,0.829,0.0,0.0,0.0,0.0,0.0,1.0,0.761,16.5,10.629,67.0,64.6,16.5,24.771,0.251,0.195,0.587,0.918,1.0,1.094,0.0,0.001,0.3298,0.3418,0.012,0.3418,0.824,0.126,1.682,1.712,0.0005,0.3459,5.07,0.27,0.07,1.682,1.712,0.0005,0.3459,0.8211,0.389,0.1622,0.866,0.1713,1.52,0.55,mixed-rural-urban,0.096,-0.002,0.9602,0.9711,0.9788,0.8084,0.2576,0.5805,64.6,False
ISR,Israel,Jewish (Haredi/Orthodox),high_fertility,6.4,3.82,2.9,2.42,14.0,23.62,9.62,23.75,-0.13,23.62,0.0,23.21,24.01,23.21,24.01,0.8,22.13,8.13,-1.48,1314182,3091905,0.0,0.0,0.0,1.25,unspecified,False,0.5,0.48,0.56,0.42,0.454,1.145,1.0,0.78,0.804,0.0,0.0,0.0,0.0,0.0,1.0,0.761,24.591,20.948,66.5,62.42,8.909,16.631,0.251,0.071,0.918,0.897,1.0,1.0,0.0,0.001,0.5967,0.6696,0.0729,0.6696,1.8971,0.0843,2.103,2.085,0.0005,0.6629,22.13,8.13,-1.48,2.103,2.085,0.0005,0.6629,0.7958,0.3551,0.0345,0.8389,0.1704,3.03,0.758,urbanizing-majority,0.0,0.0094,0.9656,0.8881,0.9332,0.7387,0.163,0.2105,62.42,False
ISR,Israel,Jewish (Non-Haredi),majority,2.1,2.1,2.9,2.42,59.2,48.78,-10.42,49.05,-0.27,48.78,0.0,49.3,48.24,48.24,49.3,1.07,50.14,-9.06,1.37,5557113,6386099,0.0,0.0,0.0,1.25,unspecified,False,0.5,0.48,0.56,0.42,0.454,1.3,1.0,0.78,0.839,0.0,0.0,0.0,0.0,0.0,1.0,0.761,24.591,20.948,66.5,62.42,8.909,16.631,0.251,0.071,0.918,0.897,1.0,1.0,0.0,0.001,0.5967,0.6696,0.0729,0.6696,1.8971,0.0843,2.103,2.085,0.0005,0.6629,50.14,-9.06,1.37,2.103,2.085,0.0005,0.6629,0.7958,0.3551,0.0345,0.8389,0.1704,3.03,0.758,urbanizing-majority,0.0,0.0094,0.9656,0.8881,0.9332,0.7387,0.163,0.2105,62.42,True
ISR,Israel,Arab Muslim (incl. Bedouin),high_fertility,3.1,2.5,2.9,2.42,16.8,17.69,0.89,17.79,-0.1,17.69,0.0,17.7,17.67,17.67,17.7,0.02,17.62,0.82,-0.06,1577019,2315907,0.0,0.0,0.0,1.25,unspecified,False,0.5,0.48,0.56,0.42,0.454,1.166,1.0,0.78,0.809,0.0,0.0,0.0,0.0,0.0,1.0,0.761,24.591,20.948,66.5,62.42,8.909,16.631,0.251,0.071,0.918,0.897,1.0,1.0,0.0,0.001,0.5967,0.6696,0.0729,0.6696,1.8971,0.0843,2.103,2.085,0.0005,0.6629,17.62,0.82,-0.06,2.103,2.085,0.0005,0.6629,0.7958,0.3551,0.0345,0.8389,0.1704,3.03,0.758,urbanizing-majority,0.0,0.0094,0.9656,0.8881,0.9332,0.7387,0.163,0.2105,62.42,False
ISR,Israel,Arab Christian,majority,2.2,2.14,2.9,2.42,1.7,1.43,-0.27,1.44,-0.01,1.43,0.0,1.45,1.42,1.42,1.45,0.03,1.47,-0.23,0.04,159579,187509,0.0,0.0,0.0,1.25,unspecified,False,0.5,0.48,0.56,0.42,0.454,0.939,1.0,0.78,0.758,0.0,0.0,0.0,0.0,0.0,1.0,0.761,24.591,20.948,66.5,62.42,8.909,16.631,0.251,0.071,0.918,0.897,1.0,1.0,0.0,0.001,0.5967,0.6696,0.0729,0.6696,1.8971,0.0843,2.103,2.085,0.0005,0.6629,1.47,-0.23,0.04,2.103,2.085,0.0005,0.6629,0.7958,0.3551,0.0345,0.8389,0.1704,3.03,0.758,urbanizing-majority,0.0,0.0094,0.9656,0.8881,0.9332,0.7387,0.163,0.2105,62.42,False
ISR,Israel,Druze,majority,2.3,2.18,2.9,2.42,1.6,1.38,-0.22,1.39,-0.01,1.38,0.0,1.39,1.37,1.37,1.39,0.02,1.41,-0.19,0.03,150192,180919,0.0,0.0,0.0,1.25,unspecified,False,0.5,0.48,0.56,0.42,0.454,0.935,1.0,0.78,0.757,0.0,0.0,0.0,0.0,0.0,1.0,0.761,24.591,20.948,66.5,62.42,8.909,16.631,0.251,0.071,0.918,0.897,1.0,1.0,0.0,0.001,0.5967,0.6696,0.0729,0.6696,1.8971,0.0843,2.103,2.085,0.0005,0.6629,1.41,-0.19,0.03,2.103,2.085,0.0005,0.6629,0.7958,0.3551,0.0345,0.8389,0.1704,3.03,0.758,urbanizing-majority,0.0,0.0094,0.9656,0.8881,0.9332,0.7387,0.163,0.2105,62.42,False
ISR,Israel,Other (incl. migrant workers),immigrant,2.9,2.42,2.9,2.42,6.7,7.11,0.41,6.58,0.52,7.11,0.0,6.95,7.29,6.95,7.29,0.34,7.22,0.52,0.12,628930,930385,0.0,0.0,0.0,1.25,unspecified,True,0.5,0.48,0.56,0.42,0.454,1.065,1.0,0.78,0.786,0.0,0.0,0.0,0.0,0.0,1.0,0.761,24.591,20.948,66.5,62.42,8.909,16.631,0.251,0.071,0.918,0.897,1.0,1.0,0.0,0.001,0.5967,0.6696,0.0729,0.6696,1.8971,0.0843,2.103,2.085,0.0005,0.6629,7.22,0.52,0.12,2.103,2.085,0.0005,0.6629,0.7958,0.3551,0.0345,0.8389,0.1704,3.03,0.758,urbanizing-majority,0.0,0.0094,0.9656,0.8881,0.9332,0.7387,0.163,0.2105,62.42,False
ITA,Italy,Italian,majority,1.2,1.47,1.2,1.47,88.5,84.57,-3.93,87.78,-3.22,84.71,-0.15,85.63,83.26,83.26,85.63,2.37,84.54,-3.96,-0.03,52518440,43882041,0.592,0.489,0.248,2.485,unspecified,False,0.5,0.48,0.56,0.42,0.828,1.3,1.0,0.78,1.077,0.0,0.0,0.0,0.658,0.513,1.0,0.761,6.219,3.072,60.0,61.6,33.781,35.328,0.28,0.131,0.815,0.886,1.0,1.257,0.05,0.001,0.2153,0.2824,0.0671,0.2824,0.6783,0.1838,1.767,1.701,0.0005,0.2829,84.54,-3.96,-0.03,1.767,1.701,0.0005,0.2829,0.6999,0.5767,0.1423,0.8097,0.2431,1.39,0.717,urbanizing-majority,0.167,-0.0118,0.9671,0.8202,0.9289,0.6633,0.4624,1.0,61.6,True
ITA,Italy,Romanian,immigrant,1.2,1.47,1.2,1.47,2.0,2.45,0.45,1.96,0.49,2.45,-0.0,2.3,2.63,2.3,2.63,0.33,2.49,0.49,0.04,1186857,1269819,0.592,0.489,0.248,2.485,unspecified,True,0.5,0.48,0.56,0.42,0.828,0.952,1.0,0.78,0.936,0.0,0.0,0.0,0.658,0.513,1.0,0.761,6.219,3.072,60.0,61.6,33.781,35.328,0.28,0.131,0.815,0.886,1.0,1.257,0.05,0.001,0.2153,0.2824,0.0671,0.2824,0.6783,0.1838,1.767,1.701,0.0005,0.2829,2.49,0.49,0.04,1.767,1.701,0.0005,0.2829,0.6999,0.5767,0.1423,0.8097,0.2431,1.39,0.717,urbanizing-majority,0.167,-0.0118,0.9671,0.8202,0.9289,0.6633,0.4624,1.0,61.6,False
ITA,Italy,Albanian,immigrant,1.2,1.47,1.2,1.47,1.5,1.61,0.11,1.47,0.14,1.61,-0.0,1.57,1.65,1.57,1.65,0.09,1.63,0.13,0.03,890143,835003,0.592,0.489,0.248,2.485,unspecified,True,0.5,0.48,0.56,0.42,0.828,0.93,1.0,0.78,0.927,0.0,0.0,0.0,0.658,0.513,1.0,0.761,6.219,3.072,60.0,61.6,33.781,35.328,0.28,0.131,0.815,0.886,1.0,1.257,0.05,0.001,0.2153,0.2824,0.0671,0.2824,0.6783,0.1838,1.767,1.701,0.0005,0.2829,1.63,0.13,0.03,1.767,1.701,0.0005,0.2829,0.6999,0.5767,0.1423,0.8097,0.2431,1.39,0.717,urbanizing-majority,0.167,-0.0118,0.9671,0.8202,0.9289,0.6633,0.4624,1.0,61.6,False
ITA,Italy,Moroccan,high_fertility,2.15,1.85,1.2,1.47,1.2,2.29,1.09,1.68,0.61,2.3,-0.0,2.07,2.57,2.07,2.57,0.49,2.22,1.02,-0.08,712114,1190407,0.592,0.489,0.248,2.485,MAR,True,0.63,0.613,0.7,0.58,0.828,0.915,1.0,0.78,1.017,0.0,0.0,0.0,0.658,0.513,1.0,0.761,6.219,3.072,60.0,61.6,33.781,35.328,0.28,0.131,0.815,0.886,1.0,1.257,0.05,0.001,0.2153,0.2824,0.0671,0.2824,0.6783,0.1838,1.767,1.701,0.0005,0.2829,2.22,1.02,-0.08,1.767,1.701,0.0005,0.2829,0.6999,0.5767,0.1423,0.8097,0.2431,1.39,0.717,urbanizing-majority,0.167,-0.0118,0.9671,0.8202,0.9289,0.6633,0.4624,1.0,61.6,False
ITA,Italy,Chinese,immigrant,1.0,1.39,1.2,1.47,0.8,0.78,-0.02,0.72,0.07,0.79,-0.0,0.77,0.8,0.77,0.8,0.04,0.81,0.01,0.02,474743,406984,0.592,0.489,0.248,2.485,CHN,True,0.52,0.502,0.58,0.45,0.828,0.891,1.0,0.78,0.926,0.0,0.0,0.0,0.658,0.513,1.0,0.761,6.219,3.072,60.0,61.6,33.781,35.328,0.28,0.131,0.815,0.886,1.0,1.257,0.05,0.001,0.2153,0.2824,0.0671,0.2824,0.6783,0.1838,1.767,1.701,0.0005,0.2829,0.81,0.01,0.02,1.767,1.701,0.0005,0.2829,0.6999,0.5767,0.1423,0.8097,0.2431,1.39,0.717,urbanizing-majority,0.167,-0.0118,0.9671,0.8202,0.9289,0.6633,0.4624,1.0,61.6,False
ITA,Italy,Ukrainian,immigrant,1.2,1.47,1.2,1.47,0.7,0.76,0.06,0.68,0.07,0.76,-0.0,0.74,0.78,0.74,0.78,0.04,0.77,0.07,0.01,415400,392408,0.592,0.489,0.248,2.485,UKR,True,0.615,0.539,0.82,0.52,0.828,0.884,1.0,0.78,0.991,0.0,0.0,0.0,0.658,0.513,1.0,0.761,6.219,3.072,60.0,61.6,33.781,35.328,0.28,0.131,0.815,0.886,1.0,1.257,0.05,0.001,0.2153,0.2824,0.0671,0.2824,0.6783,0.1838,1.767,1.701,0.0005,0.2829,0.77,0.07,0.01,1.767,1.701,0.0005,0.2829,0.6999,0.5767,0.1423,0.8097,0.2431,1.39,0.717,urbanizing-majority,0.167,-0.0118,0.9671,0.8202,0.9289,0.6633,0.4624,1.0,61.6,False
ITA,Italy,Indian,immigrant,1.9,1.75,1.2,1.47,0.5,1.02,0.52,0.63,0.39,1.02,-0.0,0.88,1.21,0.88,1.21,0.33,1.01,0.51,-0.01,296714,530265,0.592,0.489,0.248,2.485,IND;PAK;BGD;LKA;NPL,True,0.718,0.719,0.752,0.684,0.828,0.869,1.062,0.78,1.087,0.0,0.0,0.0,0.658,0.513,1.0,0.761,6.219,3.072,60.0,61.6,33.781,35.328,0.28,0.131,0.815,0.886,1.0,1.257,0.05,0.001,0.2153,0.2824,0.0671,0.2824,0.6783,0.1838,1.767,1.701,0.0005,0.2829,1.01,0.51,-0.01,1.767,1.701,0.0005,0.2829,0.6999,0.5767,0.1423,0.8097,0.2431,1.39,0.717,urbanizing-majority,0.167,-0.0118,0.9671,0.8202,0.9289,0.6633,0.4624,1.0,61.6,False
ITA,Italy,Filipino,immigrant,1.2,1.47,1.2,1.47,0.5,0.55,0.05,0.49,0.06,0.55,-0.0,0.53,0.57,0.53,0.57,0.04,0.56,0.06,0.01,296714,284132,0.592,0.489,0.248,2.485,PHL,True,0.759,0.718,0.88,0.64,0.828,0.869,1.0,0.78,1.085,0.0,0.0,0.0,0.658,0.513,1.0,0.761,6.219,3.072,60.0,61.6,33.781,35.328,0.28,0.131,0.815,0.886,1.0,1.257,0.05,0.001,0.2153,0.2824,0.0671,0.2824,0.6783,0.1838,1.767,1.701,0.0005,0.2829,0.56,0.06,0.01,1.767,1.701,0.0005,0.2829,0.6999,0.5767,0.1423,0.8097,0.2431,1.39,0.717,urbanizing-majority,0.167,-0.0118,0.9671,0.8202,0.9289,0.6633,0.4624,1.0,61.6,False
ITA,Italy,Egyptian,immigrant,2.0,1.79,1.2,1.47,0.4,0.79,0.39,0.52,0.28,0.8,-0.0,0.7,0.92,0.7,0.92,0.23,0.78,0.38,-0.01,237371,412100,0.592,0.489,0.248,2.485,EGY,True,0.7,0.706,0.72,0.66,0.828,0.86,1.18,0.78,1.126,0.0,0.0,0.0,0.658,0.513,1.0,0.761,6.219,3.072,60.0,61.6,33.781,35.328,0.28,0.131,0.815,0.886,1.0,1.257,0.05,0.001,0.2153,0.2824,0.0671,0.2824,0.6783,0.1838,1.767,1.701,0.0005,0.2829,0.78,0.38,-0.01,1.767,1.701,0.0005,0.2829,0.6999,0.5767,0.1423,0.8097,0.2431,1.39,0.717,urbanizing-majority,0.167,-0.0118,0.9671,0.8202,0.9289,0.6633,0.4624,1.0,61.6,False
ITA,Italy,Bangladeshi,immigrant,2.2,1.87,1.2,1.47,0.4,0.85,0.45,0.55,0.3,0.85,-0.0,0.74,0.99,0.74,0.99,0.25,0.83,0.43,-0.02,237371,441287,0.592,0.489,0.248,2.485,BGD,True,0.735,0.788,0.68,0.84,0.828,0.86,1.16,0.78,1.145,0.0,0.0,0.0,0.658,0.513,1.0,0.761,6.219,3.072,60.0,61.6,33.781,35.328,0.28,0.131,0.815,0.886,1.0,1.257,0.05,0.001,0.2153,0.2824,0.0671,0.2824,0.6783,0.1838,1.767,1.701,0.0005,0.2829,0.83,0.43,-0.02,1.767,1.701,0.0005,0.2829,0.6999,0.5767,0.1423,0.8097,0.2431,1.39,0.717,urbanizing-majority,0.167,-0.0118,0.9671,0.8202,0.9289,0.6633,0.4624,1.0,61.6,False
ITA,Italy,Pakistani,immigrant,2.1,1.83,1.2,1.47,0.3,0.62,0.32,0.4,0.22,0.62,-0.0,0.54,0.73,0.54,0.73,0.19,0.61,0.31,-0.01,178029,323526,0.592,0.489,0.248,2.485,PAK,True,0.769,0.814,0.7,0.74,0.828,0.851,1.15,0.78,1.161,0.0,0.0,0.0,0.658,0.513,1.0,0.761,6.219,3.072,60.0,61.6,33.781,35.328,0.28,0.131,0.815,0.886,1.0,1.257,0.05,0.001,0.2153,0.2824,0.0671,0.2824,0.6783,0.1838,1.767,1.701,0.0005,0.2829,0.61,0.31,-0.01,1.767,1.701,0.0005,0.2829,0.6999,0.5767,0.1423,0.8097,0.2431,1.39,0.717,urbanizing-majority,0.167,-0.0118,0.9671,0.8202,0.9289,0.6633,0.4624,1.0,61.6,False
ITA,Italy,Nigerian,immigrant,1.2,1.47,1.2,1.47,0.3,0.47,0.17,0.29,0.18,0.34,0.13,0.42,0.53,0.42,0.53,0.11,0.48,0.18,0.01,178029,245028,0.592,0.489,0.248,2.485,NGA;ETH;GHA;KEN;UGA;TZA;RWA;COD;CIV;CMR;SEN;ZMB;ZWE;MOZ;MWI;AGO;SDN;SOM;ERI;BFA;NER;MLI;GIN;SLE;LBR;BEN;TGO;GMB,True,0.711,0.785,0.574,0.717,0.828,0.851,1.006,0.78,1.044,0.0,0.0,0.0,0.658,0.513,1.0,0.761,6.219,3.072,60.0,61.6,33.781,35.328,0.28,0.131,0.815,0.886,1.0,1.257,0.05,0.001,0.2153,0.2824,0.0671,0.2824,0.6783,0.1838,1.767,1.701,0.0005,0.2829,0.48,0.18,0.01,1.767,1.701,0.0005,0.2829,0.6999,0.5767,0.1423,0.8097,0.2431,1.39,0.717,urbanizing-majority,0.167,-0.0118,0.9671,0.8202,0.9289,0.6633,0.4624,1.0,61.6,False
ITA,Italy,Sri Lankan,immigrant,1.2,1.47,1.2,1.47,0.3,0.32,0.02,0.29,0.03,0.32,-0.0,0.31,0.33,0.31,0.33,0.02,0.33,0.03,0.01,178029,166298,0.592,0.489,0.248,2.485,unspecified,True,0.5,0.48,0.56,0.42,0.828,0.851,1.0,0.78,0.895,0.0,0.0,0.0,0.658,0.513,1.0,0.761,6.219,3.072,60.0,61.6,33.781,35.328,0.28,0.131,0.815,0.886,1.0,1.257,0.05,0.001,0.2153,0.2824,0.0671,0.2824,0.6783,0.1838,1.767,1.701,0.0005,0.2829,0.33,0.03,0.01,1.767,1.701,0.0005,0.2829,0.6999,0.5767,0.1423,0.8097,0.2431,1.39,0.717,urbanizing-majority,0.167,-0.0118,0.9671,0.8202,0.9289,0.6633,0.4624,1.0,61.6,False
ITA,Italy,Moldovan,immigrant,1.2,1.47,1.2,1.47,0.4,0.43,0.03,0.39,0.04,0.43,-0.0,0.42,0.44,0.42,0.44,0.02,0.43,0.03,0.01,237371,221837,0.592,0.489,0.248,2.485,unspecified,True,0.5,0.48,0.56,0.42,0.828,0.86,1.0,0.78,0.899,0.0,0.0,0.0,0.658,0.513,1.0,0.761,6.219,3.072,60.0,61.6,33.781,35.328,0.28,0.131,0.815,0.886,1.0,1.257,0.05,0.001,0.2153,0.2824,0.0671,0.2824,0.6783,0.1838,1.767,1.701,0.0005,0.2829,0.43,0.03,0.01,1.767,1.701,0.0005,0.2829,0.6999,0.5767,0.1423,0.8097,0.2431,1.39,0.717,urbanizing-majority,0.167,-0.0118,0.9671,0.8202,0.9289,0.6633,0.4624,1.0,61.6,False
ITA,Italy,Other,immigrant,1.2,1.47,1.2,1.47,2.2,2.49,0.29,2.15,0.33,2.45,0.04,2.39,2.6,2.39,2.6,0.21,2.52,0.32,0.04,1305543,1289963,0.592,0.489,0.248,2.485,NGA;ETH;GHA;KEN;UGA;TZA;RWA;COD;CIV;CMR;SEN;ZMB;ZWE;MOZ;MWI;AGO;SDN;SOM;ERI;BFA;NER;MLI;GIN;SLE;LBR;BEN;TGO;GMB,True,0.711,0.785,0.574,0.717,0.828,0.96,1.006,0.78,1.107,0.0,0.0,0.0,0.658,0.513,1.0,0.761,6.219,3.072,60.0,61.6,33.781,35.328,0.28,0.131,0.815,0.886,1.0,1.257,0.05,0.001,0.2153,0.2824,0.0671,0.2824,0.6783,0.1838,1.767,1.701,0.0005,0.2829,2.52,0.32,0.04,1.767,1.701,0.0005,0.2829,0.6999,0.5767,0.1423,0.8097,0.2431,1.39,0.717,urbanizing-majority,0.167,-0.0118,0.9671,0.8202,0.9289,0.6633,0.4624,1.0,61.6,False
JAM,Jamaica,Black (African descent),majority,1.7,1.82,1.7,1.82,92.1,92.15,0.05,92.22,-0.07,92.15,0.0,92.17,92.13,92.13,92.17,0.04,92.05,-0.05,-0.1,2614887,2262243,0.395,0.0,0.0,1.866,unspecified,False,0.5,0.48,0.56,0.42,0.588,1.3,1.0,0.78,0.924,0.0,0.0,0.0,0.0,0.0,1.0,0.761,23.092,15.553,67.0,61.6,9.908,22.848,0.251,0.0,1.0,0.857,1.0,1.138,0.0,0.001,0.1479,0.1471,-0.0008,0.1471,0.3074,0.1774,1.551,1.457,0.0005,0.1488,92.05,-0.05,-0.1,1.551,1.457,0.0005,0.1488,0.6996,0.4986,0.2043,0.7862,0.2419,1.17,0.694,urbanizing-majority,0.121,0.0891,0.8638,0.7879,0.7783,0.6264,0.2799,0.4931,61.6,True
JAM,Jamaica,Mixed,assimilating,1.7,1.82,1.7,1.82,6.1,6.0,-0.1,6.0,-0.0,6.0,0.0,6.0,5.99,5.99,6.0,0.0,6.08,-0.02,0.09,173190,147212,0.395,0.0,0.0,1.866,unspecified,False,0.5,0.48,0.56,0.42,0.588,1.055,1.0,0.78,0.853,0.0,0.0,0.0,0.0,0.0,1.0,0.761,23.092,15.553,67.0,61.6,9.908,22.848,0.251,0.0,1.0,0.857,1.0,1.138,0.0,0.001,0.1479,0.1471,-0.0008,0.1471,0.3074,0.1774,1.551,1.457,0.0005,0.1488,6.08,-0.02,0.09,1.551,1.457,0.0005,0.1488,0.6996,0.4986,0.2043,0.7862,0.2419,1.17,0.694,urbanizing-majority,0.121,0.0891,0.8638,0.7879,0.7783,0.6264,0.2799,0.4931,61.6,False
JAM,Jamaica,East Indian,majority,1.7,1.82,1.7,1.82,0.8,0.8,-0.0,0.8,-0.0,0.8,0.0,0.8,0.8,0.8,0.8,0.0,0.8,-0.0,-0.0,22713,19611,0.395,0.0,0.0,1.866,IND;PAK;BGD;LKA;NPL,False,0.718,0.719,0.752,0.684,0.588,0.891,1.0,0.78,0.918,0.0,0.0,0.0,0.0,0.0,1.0,0.761,23.092,15.553,67.0,61.6,9.908,22.848,0.251,0.0,1.0,0.857,1.0,1.138,0.0,0.001,0.1479,0.1471,-0.0008,0.1471,0.3074,0.1774,1.551,1.457,0.0005,0.1488,0.8,-0.0,-0.0,1.551,1.457,0.0005,0.1488,0.6996,0.4986,0.2043,0.7862,0.2419,1.17,0.694,urbanizing-majority,0.121,0.0891,0.8638,0.7879,0.7783,0.6264,0.2799,0.4931,61.6,False
JAM,Jamaica,Other,assimilating,1.7,1.82,1.7,1.82,1.0,1.05,0.05,0.98,0.07,1.05,0.0,1.03,1.08,1.03,1.08,0.05,1.07,0.07,0.02,28392,25878,0.395,0.0,0.0,1.866,unspecified,False,0.5,0.48,0.56,0.42,0.588,0.903,1.0,0.78,0.81,0.0,0.0,0.0,0.0,0.0,1.0,0.761,23.092,15.553,67.0,61.6,9.908,22.848,0.251,0.0,1.0,0.857,1.0,1.138,0.0,0.001,0.1479,0.1471,-0.0008,0.1471,0.3074,0.1774,1.551,1.457,0.0005,0.1488,1.07,0.07,0.02,1.551,1.457,0.0005,0.1488,0.6996,0.4986,0.2043,0.7862,0.2419,1.17,0.694,urbanizing-majority,0.121,0.0891,0.8638,0.7879,0.7783,0.6264,0.2799,0.4931,61.6,False
JOR,Jordan,Transjordanian Arab,high_fertility,3.45,2.64,2.7,2.34,40.0,41.38,1.38,41.38,0.0,41.38,0.0,41.33,41.44,41.33,41.44,0.11,41.22,1.22,-0.17,4621154,6773202,0.0,0.0,0.0,1.25,unspecified,False,0.5,0.48,0.56,0.42,0.454,1.266,1.0,0.78,0.831,0.0,0.0,0.0,0.0,0.0,1.0,0.761,32.718,29.726,62.5,56.5,4.782,13.774,0.251,0.0,1.0,0.856,1.0,1.0,0.0,0.001,0.7228,0.718,-0.0049,0.718,2.1347,0.1512,2.238,2.262,0.0005,0.7185,41.22,1.22,-0.17,2.238,2.262,0.0005,0.7185,0.6716,0.3535,0.0588,0.7805,0.2001,3.55,0.74,urbanizing-majority,0.0,0.0755,0.9376,0.8014,0.7595,0.5538,0.3394,0.0806,56.5,True
JOR,Jordan,Jordanian of Palestinian origin,high_fertility,3.05,2.48,2.7,2.34,30.0,28.75,-1.25,28.75,0.0,28.75,0.0,28.8,28.7,28.7,28.8,0.1,28.91,-1.09,0.16,3465866,4705267,0.0,0.0,0.0,1.25,unspecified,False,0.5,0.48,0.56,0.42,0.454,1.232,1.0,0.78,0.823,0.0,0.0,0.0,0.0,0.0,1.0,0.761,32.718,29.726,62.5,56.5,4.782,13.774,0.251,0.0,1.0,0.856,1.0,1.0,0.0,0.001,0.7228,0.718,-0.0049,0.718,2.1347,0.1512,2.238,2.262,0.0005,0.7185,28.91,-1.09,0.16,2.238,2.262,0.0005,0.7185,0.6716,0.3535,0.0588,0.7805,0.2001,3.55,0.74,urbanizing-majority,0.0,0.0755,0.9376,0.8014,0.7595,0.5538,0.3394,0.0806,56.5,False
JOR,Jordan,Palestinian,high_fertility,3.05,2.48,2.7,2.34,7.0,6.71,-0.29,6.71,0.0,6.71,0.0,6.72,6.7,6.7,6.72,0.02,6.75,-0.25,0.04,808702,1097896,0.0,0.0,0.0,1.25,unspecified,False,0.5,0.48,0.56,0.42,0.454,1.07,1.0,0.78,0.787,0.0,0.0,0.0,0.0,0.0,1.0,0.761,32.718,29.726,62.5,56.5,4.782,13.774,0.251,0.0,1.0,0.856,1.0,1.0,0.0,0.001,0.7228,0.718,-0.0049,0.718,2.1347,0.1512,2.238,2.262,0.0005,0.7185,6.75,-0.25,0.04,2.238,2.262,0.0005,0.7185,0.6716,0.3535,0.0588,0.7805,0.2001,3.55,0.74,urbanizing-majority,0.0,0.0755,0.9376,0.8014,0.7595,0.5538,0.3394,0.0806,56.5,False
JOR,Jordan,Syrian,high_fertility,3.45,2.64,2.7,2.34,13.0,13.45,0.45,13.45,0.0,13.45,0.0,13.43,13.47,13.43,13.47,0.03,13.39,0.39,-0.05,1501875,2201291,0.0,0.0,0.0,1.25,SYR,False,0.672,0.726,0.6,0.74,0.454,1.137,1.0,0.78,0.89,0.0,0.0,0.0,0.0,0.0,1.0,0.761,32.718,29.726,62.5,56.5,4.782,13.774,0.251,0.0,1.0,0.856,1.0,1.0,0.0,0.001,0.7228,0.718,-0.0049,0.718,2.1347,0.1512,2.238,2.262,0.0005,0.7185,13.39,0.39,-0.05,2.238,2.262,0.0005,0.7185,0.6716,0.3535,0.0588,0.7805,0.2001,3.55,0.74,urbanizing-majority,0.0,0.0755,0.9376,0.8014,0.7595,0.5538,0.3394,0.0806,56.5,False
JOR,Jordan,Egyptian,high_fertility,3.45,2.64,2.7,2.34,7.0,7.24,0.24,7.24,0.0,7.24,0.0,7.23,7.25,7.23,7.25,0.02,7.21,0.21,-0.03,808702,1185310,0.0,0.0,0.0,1.25,EGY,False,0.7,0.706,0.72,0.66,0.454,1.07,1.0,0.78,0.882,0.0,0.0,0.0,0.0,0.0,1.0,0.761,32.718,29.726,62.5,56.5,4.782,13.774,0.251,0.0,1.0,0.856,1.0,1.0,0.0,0.001,0.7228,0.718,-0.0049,0.718,2.1347,0.1512,2.238,2.262,0.0005,0.7185,7.21,0.21,-0.03,2.238,2.262,0.0005,0.7185,0.6716,0.3535,0.0588,0.7805,0.2001,3.55,0.74,urbanizing-majority,0.0,0.0755,0.9376,0.8014,0.7595,0.5538,0.3394,0.0806,56.5,False
JOR,Jordan,Other Arab,majority,2.7,2.34,2.7,2.34,1.5,1.3,-0.2,1.3,0.0,1.3,0.0,1.31,1.3,1.3,1.31,0.01,1.32,-0.18,0.02,173293,213376,0.0,0.0,0.0,1.25,unspecified,False,0.5,0.48,0.56,0.42,0.454,0.93,1.0,0.78,0.756,0.0,0.0,0.0,0.0,0.0,1.0,0.761,32.718,29.726,62.5,56.5,4.782,13.774,0.251,0.0,1.0,0.856,1.0,1.0,0.0,0.001,0.7228,0.718,-0.0049,0.718,2.1347,0.1512,2.238,2.262,0.0005,0.7185,1.32,-0.18,0.02,2.238,2.262,0.0005,0.7185,0.6716,0.3535,0.0588,0.7805,0.2001,3.55,0.74,urbanizing-majority,0.0,0.0755,0.9376,0.8014,0.7595,0.5538,0.3394,0.0806,56.5,False
JOR,Jordan,Circassian/Chechen/Armenian,low_fertility,2.3,2.18,2.7,2.34,1.5,1.17,-0.33,1.17,0.0,1.17,0.0,1.18,1.16,1.16,1.18,0.02,1.2,-0.3,0.03,173293,191012,0.0,0.0,0.0,1.25,unspecified,False,0.5,0.48,0.56,0.42,0.454,0.93,1.0,0.78,0.756,0.0,0.0,0.0,0.0,0.0,1.0,0.761,32.718,29.726,62.5,56.5,4.782,13.774,0.251,0.0,1.0,0.856,1.0,1.0,0.0,0.001,0.7228,0.718,-0.0049,0.718,2.1347,0.1512,2.238,2.262,0.0005,0.7185,1.2,-0.3,0.03,2.238,2.262,0.0005,0.7185,0.6716,0.3535,0.0588,0.7805,0.2001,3.55,0.74,urbanizing-majority,0.0,0.0755,0.9376,0.8014,0.7595,0.5538,0.3394,0.0806,56.5,False
JPN,Japan,Japanese,majority,1.2,1.47,1.2,1.47,97.4,96.41,-0.99,97.45,-1.04,96.45,-0.05,96.76,95.96,95.96,96.76,0.8,96.37,-1.03,-0.04,120535462,101346816,0.636,0.0,0.0,2.343,unspecified,False,0.5,0.48,0.56,0.42,0.83,1.3,1.0,0.68,1.048,0.0,0.88,0.0,0.554,0.133,1.0,0.761,5.893,3.178,59.0,60.28,35.107,36.542,0.16,0.033,0.951,0.882,1.1,1.345,0.0,0.001,0.0512,0.0703,0.0191,0.0703,0.1466,0.1839,1.493,1.322,0.0005,0.071,96.37,-1.03,-0.04,1.493,1.322,0.0005,0.071,0.706,0.6023,0.1578,0.8354,0.2352,1.08,0.789,metropolitan-heavy,0.134,-0.0172,0.973,0.8475,0.9071,0.6417,0.4878,1.0,60.28,True
JPN,Japan,Chinese,immigrant,1.0,1.39,1.2,1.47,0.8,1.02,0.22,0.72,0.29,1.02,-0.0,0.92,1.13,0.92,1.13,0.21,1.04,0.24,0.03,990024,1067448,0.636,0.0,0.0,2.343,CHN,True,0.52,0.502,0.58,0.45,0.83,0.891,1.0,0.68,0.905,0.0,0.88,0.0,0.554,0.133,1.0,0.761,5.893,3.178,59.0,60.28,35.107,36.542,0.16,0.033,0.951,0.882,1.1,1.345,0.0,0.001,0.0512,0.0703,0.0191,0.0703,0.1466,0.1839,1.493,1.322,0.0005,0.071,1.04,0.24,0.03,1.493,1.322,0.0005,0.071,0.706,0.6023,0.1578,0.8354,0.2352,1.08,0.789,metropolitan-heavy,0.134,-0.0172,0.973,0.8475,0.9071,0.6417,0.4878,1.0,60.28,False
JPN,Japan,Korean,low_fertility,0.7,1.27,1.2,1.47,0.4,0.3,-0.1,0.31,-0.0,0.3,-0.0,0.31,0.3,0.3,0.31,0.01,0.31,-0.09,0.01,495012,320339,0.636,0.0,0.0,2.343,unspecified,False,0.5,0.48,0.56,0.42,0.83,0.86,1.0,0.68,0.88,0.0,0.88,0.0,0.554,0.133,1.0,0.761,5.893,3.178,59.0,60.28,35.107,36.542,0.16,0.033,0.951,0.882,1.1,1.345,0.0,0.001,0.0512,0.0703,0.0191,0.0703,0.1466,0.1839,1.493,1.322,0.0005,0.071,0.31,-0.09,0.01,1.493,1.322,0.0005,0.071,0.706,0.6023,0.1578,0.8354,0.2352,1.08,0.789,metropolitan-heavy,0.134,-0.0172,0.973,0.8475,0.9071,0.6417,0.4878,1.0,60.28,False
JPN,Japan,Filipino,immigrant,1.7,1.67,1.2,1.47,0.4,0.79,0.39,0.48,0.32,0.79,-0.0,0.68,0.95,0.68,0.95,0.27,0.79,0.39,-0.01,495012,834633,0.636,0.0,0.0,2.343,PHL,True,0.759,0.718,0.88,0.64,0.83,0.86,1.2,0.68,1.151,0.0,0.88,0.0,0.554,0.133,1.0,0.761,5.893,3.178,59.0,60.28,35.107,36.542,0.16,0.033,0.951,0.882,1.1,1.345,0.0,0.001,0.0512,0.0703,0.0191,0.0703,0.1466,0.1839,1.493,1.322,0.0005,0.071,0.79,0.39,-0.01,1.493,1.322,0.0005,0.071,0.706,0.6023,0.1578,0.8354,0.2352,1.08,0.789,metropolitan-heavy,0.134,-0.0172,0.973,0.8475,0.9071,0.6417,0.4878,1.0,60.28,False
JPN,Japan,Vietnamese,immigrant,1.5,1.59,1.2,1.47,0.3,0.61,0.31,0.33,0.28,0.61,-0.0,0.51,0.73,0.51,0.73,0.22,0.61,0.31,0.0,371259,640079,0.636,0.0,0.0,2.343,VNM,True,0.71,0.674,0.84,0.68,0.83,0.851,1.28,0.68,1.144,0.0,0.88,0.0,0.554,0.133,1.0,0.761,5.893,3.178,59.0,60.28,35.107,36.542,0.16,0.033,0.951,0.882,1.1,1.345,0.0,0.001,0.0512,0.0703,0.0191,0.0703,0.1466,0.1839,1.493,1.322,0.0005,0.071,0.61,0.31,0.0,1.493,1.322,0.0005,0.071,0.706,0.6023,0.1578,0.8354,0.2352,1.08,0.789,metropolitan-heavy,0.134,-0.0172,0.973,0.8475,0.9071,0.6417,0.4878,1.0,60.28,False
JPN,Japan,Brazilian (Nikkei),immigrant,1.4,1.55,1.2,1.47,0.2,0.24,0.04,0.21,0.03,0.24,-0.0,0.23,0.25,0.23,0.25,0.02,0.24,0.04,0.0,247506,255237,0.636,0.0,0.0,2.343,unspecified,True,0.5,0.48,0.56,0.42,0.83,0.842,1.0,0.68,0.873,0.0,0.88,0.0,0.554,0.133,1.0,0.761,5.893,3.178,59.0,60.28,35.107,36.542,0.16,0.033,0.951,0.882,1.1,1.345,0.0,0.001,0.0512,0.0703,0.0191,0.0703,0.1466,0.1839,1.493,1.322,0.0005,0.071,0.24,0.04,0.0,1.493,1.322,0.0005,0.071,0.706,0.6023,0.1578,0.8354,0.2352,1.08,0.789,metropolitan-heavy,0.134,-0.0172,0.973,0.8475,0.9071,0.6417,0.4878,1.0,60.28,False
JPN,Japan,Other,immigrant,1.2,1.47,1.2,1.47,0.5,0.63,0.13,0.49,0.13,0.58,0.05,0.59,0.67,0.59,0.67,0.09,0.63,0.13,0.01,618765,658611,0.636,0.0,0.0,2.343,NGA;ETH;GHA;KEN;UGA;TZA;RWA;COD;CIV;CMR;SEN;ZMB;ZWE;MOZ;MWI;AGO;SDN;SOM;ERI;BFA;NER;MLI;GIN;SLE;LBR;BEN;TGO;GMB,True,0.711,0.785,0.574,0.717,0.83,0.869,1.001,0.68,1.024,0.0,0.88,0.0,0.554,0.133,1.0,0.761,5.893,3.178,59.0,60.28,35.107,36.542,0.16,0.033,0.951,0.882,1.1,1.345,0.0,0.001,0.0512,0.0703,0.0191,0.0703,0.1466,0.1839,1.493,1.322,0.0005,0.071,0.63,0.13,0.01,1.493,1.322,0.0005,0.071,0.706,0.6023,0.1578,0.8354,0.2352,1.08,0.789,metropolitan-heavy,0.134,-0.0172,0.973,0.8475,0.9071,0.6417,0.4878,1.0,60.28,False
KAZ,Kazakhstan,Kazakh,high_fertility,3.25,2.56,2.9,2.42,70.4,72.98,2.58,73.35,-0.37,72.98,0.0,73.0,72.94,72.94,73.0,0.06,72.59,2.19,-0.4,14497172,19372107,0.0,0.0,0.0,1.25,unspecified,False,0.5,0.48,0.56,0.42,0.454,1.3,1.0,0.78,0.839,0.0,0.0,0.0,0.0,0.0,1.0,0.761,23.461,18.202,67.5,62.14,9.039,19.658,0.251,0.064,0.931,0.89,1.0,1.0,0.0,0.001,0.4746,0.4443,-0.0303,0.4443,1.1193,0.1043,1.911,1.914,0.0005,0.4492,72.59,2.19,-0.4,1.911,1.914,0.0005,0.4492,0.7769,0.3288,0.0718,0.8376,0.1642,1.8,0.663,urbanizing-majority,0.0,0.0487,0.8816,0.8747,0.901,0.7132,0.2176,0.3481,62.14,True
KAZ,Kazakhstan,Russian,low_fertility,2.5,2.26,2.9,2.42,15.5,13.17,-2.33,13.24,-0.07,13.17,0.0,13.26,13.07,13.07,13.26,0.19,13.41,-2.09,0.24,3191849,3495230,0.0,0.0,0.0,1.25,unspecified,False,0.5,0.48,0.56,0.42,0.454,1.156,1.0,0.78,0.807,0.0,0.0,0.0,0.0,0.0,1.0,0.761,23.461,18.202,67.5,62.14,9.039,19.658,0.251,0.064,0.931,0.89,1.0,1.0,0.0,0.001,0.4746,0.4443,-0.0303,0.4443,1.1193,0.1043,1.911,1.914,0.0005,0.4492,13.41,-2.09,0.24,1.911,1.914,0.0005,0.4492,0.7769,0.3288,0.0718,0.8376,0.1642,1.8,0.663,urbanizing-majority,0.0,0.0487,0.8816,0.8747,0.901,0.7132,0.2176,0.3481,62.14,False
KAZ,Kazakhstan,Uzbek,high_fertility,3.25,2.56,2.9,2.42,3.2,3.31,0.11,3.33,-0.02,3.31,0.0,3.31,3.31,3.31,3.31,0.0,3.3,0.1,-0.01,658962,878543,0.0,0.0,0.0,1.25,unspecified,False,0.5,0.48,0.56,0.42,0.454,0.992,1.0,0.78,0.77,0.0,0.0,0.0,0.0,0.0,1.0,0.761,23.461,18.202,67.5,62.14,9.039,19.658,0.251,0.064,0.931,0.89,1.0,1.0,0.0,0.001,0.4746,0.4443,-0.0303,0.4443,1.1193,0.1043,1.911,1.914,0.0005,0.4492,3.3,0.1,-0.01,1.911,1.914,0.0005,0.4492,0.7769,0.3288,0.0718,0.8376,0.1642,1.8,0.663,urbanizing-majority,0.0,0.0487,0.8816,0.8747,0.901,0.7132,0.2176,0.3481,62.14,False
KAZ,Kazakhstan,Ukrainian,low_fertility,2.5,2.26,2.9,2.42,2.0,1.7,-0.3,1.71,-0.01,1.7,0.0,1.71,1.69,1.69,1.71,0.02,1.73,-0.27,0.03,411851,450997,0.0,0.0,0.0,1.25,UKR,False,0.615,0.539,0.82,0.52,0.454,0.952,1.0,0.78,0.81,0.0,0.0,0.0,0.0,0.0,1.0,0.761,23.461,18.202,67.5,62.14,9.039,19.658,0.251,0.064,0.931,0.89,1.0,1.0,0.0,0.001,0.4746,0.4443,-0.0303,0.4443,1.1193,0.1043,1.911,1.914,0.0005,0.4492,1.73,-0.27,0.03,1.911,1.914,0.0005,0.4492,0.7769,0.3288,0.0718,0.8376,0.1642,1.8,0.663,urbanizing-majority,0.0,0.0487,0.8816,0.8747,0.901,0.7132,0.2176,0.3481,62.14,False
KAZ,Kazakhstan,Uyghur,high_fertility,3.25,2.56,2.9,2.42,1.5,1.55,0.05,1.56,-0.01,1.55,0.0,1.55,1.55,1.55,1.55,0.0,1.54,0.04,-0.01,308889,411817,0.0,0.0,0.0,1.25,unspecified,False,0.5,0.48,0.56,0.42,0.454,0.93,1.0,0.78,0.756,0.0,0.0,0.0,0.0,0.0,1.0,0.761,23.461,18.202,67.5,62.14,9.039,19.658,0.251,0.064,0.931,0.89,1.0,1.0,0.0,0.001,0.4746,0.4443,-0.0303,0.4443,1.1193,0.1043,1.911,1.914,0.0005,0.4492,1.54,0.04,-0.01,1.911,1.914,0.0005,0.4492,0.7769,0.3288,0.0718,0.8376,0.1642,1.8,0.663,urbanizing-majority,0.0,0.0487,0.8816,0.8747,0.901,0.7132,0.2176,0.3481,62.14,False
KAZ,Kazakhstan,German,low_fertility,2.4,2.22,2.9,2.42,1.1,0.91,-0.19,0.92,-0.0,0.91,0.0,0.92,0.91,0.91,0.92,0.02,0.93,-0.17,0.02,226518,242307,0.0,0.0,0.0,1.25,unspecified,False,0.5,0.48,0.56,0.42,0.454,0.909,1.0,0.78,0.752,0.0,0.0,0.0,0.0,0.0,1.0,0.761,23.461,18.202,67.5,62.14,9.039,19.658,0.251,0.064,0.931,0.89,1.0,1.0,0.0,0.001,0.4746,0.4443,-0.0303,0.4443,1.1193,0.1043,1.911,1.914,0.0005,0.4492,0.93,-0.17,0.02,1.911,1.914,0.0005,0.4492,0.7769,0.3288,0.0718,0.8376,0.1642,1.8,0.663,urbanizing-majority,0.0,0.0487,0.8816,0.8747,0.901,0.7132,0.2176,0.3481,62.14,False
KAZ,Kazakhstan,Other,immigrant,2.9,2.42,2.9,2.42,6.3,6.38,0.08,5.91,0.47,6.38,0.0,6.24,6.54,6.24,6.54,0.3,6.51,0.21,0.13,1297332,1693265,0.0,0.0,0.0,1.25,unspecified,True,0.5,0.48,0.56,0.42,0.454,1.059,1.0,0.78,0.785,0.0,0.0,0.0,0.0,0.0,1.0,0.761,23.461,18.202,67.5,62.14,9.039,19.658,0.251,0.064,0.931,0.89,1.0,1.0,0.0,0.001,0.4746,0.4443,-0.0303,0.4443,1.1193,0.1043,1.911,1.914,0.0005,0.4492,6.51,0.21,0.13,1.911,1.914,0.0005,0.4492,0.7769,0.3288,0.0718,0.8376,0.1642,1.8,0.663,urbanizing-majority,0.0,0.0487,0.8816,0.8747,0.901,0.7132,0.2176,0.3481,62.14,False
KEN,Kenya,Kikuyu,majority,3.2,2.71,3.2,2.71,17.1,17.1,0.0,17.1,0.0,17.1,0.0,17.11,17.09,17.09,17.11,0.01,17.01,-0.09,-0.09,9650034,14294943,0.0,0.0,0.0,1.25,unspecified,False,0.5,0.48,0.56,0.42,0.454,1.168,1.0,0.78,0.809,0.78,0.0,0.767,0.0,0.0,1.0,0.761,37.274,37.934,60.0,55.6,2.726,6.466,0.251,0.0,1.0,0.837,1.0,1.0,0.0,0.001,0.8912,0.8916,0.0004,0.8916,3.1875,0.2331,2.272,2.498,0.0005,0.8918,17.01,-0.09,-0.09,2.272,2.498,0.0005,0.8918,0.5477,0.2611,0.1943,0.7411,0.1929,9.23,0.45,mixed-rural-urban,0.0,0.1013,0.7478,0.7337,0.7069,0.3304,0.5122,0.0,55.6,True
KEN,Kenya,Luhya,majority,3.2,2.71,3.2,2.71,14.3,14.13,-0.17,14.13,0.0,14.13,0.0,14.14,14.13,14.13,14.14,0.01,14.15,-0.15,0.02,8069911,11815112,0.0,0.0,0.0,1.25,unspecified,False,0.5,0.48,0.56,0.42,0.454,1.147,1.0,0.78,0.805,0.78,0.0,0.767,0.0,0.0,1.0,0.761,37.274,37.934,60.0,55.6,2.726,6.466,0.251,0.0,1.0,0.837,1.0,1.0,0.0,0.001,0.8912,0.8916,0.0004,0.8916,3.1875,0.2331,2.272,2.498,0.0005,0.8918,14.15,-0.15,0.02,2.272,2.498,0.0005,0.8918,0.5477,0.2611,0.1943,0.7411,0.1929,9.23,0.45,mixed-rural-urban,0.0,0.1013,0.7478,0.7337,0.7069,0.3304,0.5122,0.0,55.6,False
KEN,Kenya,Kalenjin,majority,3.2,2.71,3.2,2.71,13.4,13.24,-0.16,13.24,0.0,13.24,0.0,13.25,13.24,13.24,13.25,0.01,13.26,-0.14,0.02,7562015,11071504,0.0,0.0,0.0,1.25,unspecified,False,0.5,0.48,0.56,0.42,0.454,1.14,1.0,0.78,0.803,0.78,0.0,0.767,0.0,0.0,1.0,0.761,37.274,37.934,60.0,55.6,2.726,6.466,0.251,0.0,1.0,0.837,1.0,1.0,0.0,0.001,0.8912,0.8916,0.0004,0.8916,3.1875,0.2331,2.272,2.498,0.0005,0.8918,13.26,-0.14,0.02,2.272,2.498,0.0005,0.8918,0.5477,0.2611,0.1943,0.7411,0.1929,9.23,0.45,mixed-rural-urban,0.0,0.1013,0.7478,0.7337,0.7069,0.3304,0.5122,0.0,55.6,False
KEN,Kenya,Luo,majority,3.2,2.71,3.2,2.71,10.7,10.58,-0.12,10.58,0.0,10.58,0.0,10.58,10.57,10.57,10.58,0.01,10.59,-0.11,0.01,6038325,8840678,0.0,0.0,0.0,1.25,unspecified,False,0.5,0.48,0.56,0.42,0.454,1.115,1.0,0.78,0.797,0.78,0.0,0.767,0.0,0.0,1.0,0.761,37.274,37.934,60.0,55.6,2.726,6.466,0.251,0.0,1.0,0.837,1.0,1.0,0.0,0.001,0.8912,0.8916,0.0004,0.8916,3.1875,0.2331,2.272,2.498,0.0005,0.8918,10.59,-0.11,0.01,2.272,2.498,0.0005,0.8918,0.5477,0.2611,0.1943,0.7411,0.1929,9.23,0.45,mixed-rural-urban,0.0,0.1013,0.7478,0.7337,0.7069,0.3304,0.5122,0.0,55.6,False
KEN,Kenya,Kamba,majority,3.2,2.71,3.2,2.71,10.1,9.98,-0.12,9.98,0.0,9.98,0.0,9.99,9.98,9.98,9.99,0.01,9.99,-0.11,0.01,5699728,8344939,0.0,0.0,0.0,1.25,unspecified,False,0.5,0.48,0.56,0.42,0.454,1.109,1.0,0.78,0.796,0.78,0.0,0.767,0.0,0.0,1.0,0.761,37.274,37.934,60.0,55.6,2.726,6.466,0.251,0.0,1.0,0.837,1.0,1.0,0.0,0.001,0.8912,0.8916,0.0004,0.8916,3.1875,0.2331,2.272,2.498,0.0005,0.8918,9.99,-0.11,0.01,2.272,2.498,0.0005,0.8918,0.5477,0.2611,0.1943,0.7411,0.1929,9.23,0.45,mixed-rural-urban,0.0,0.1013,0.7478,0.7337,0.7069,0.3304,0.5122,0.0,55.6,False
KEN,Kenya,Somali,high_fertility,3.95,3.01,3.2,2.71,6.8,7.82,1.02,7.82,0.0,7.82,0.0,7.78,7.86,7.78,7.86,0.08,7.71,0.91,-0.11,3837440,6536598,0.0,0.0,0.0,1.25,SOM;ETH;KEN,False,0.717,0.799,0.567,0.747,0.454,1.066,1.0,0.78,0.89,0.78,0.0,0.767,0.0,0.0,1.0,0.761,37.274,37.934,60.0,55.6,2.726,6.466,0.251,0.0,1.0,0.837,1.0,1.0,0.0,0.001,0.8912,0.8916,0.0004,0.8916,3.1875,0.2331,2.272,2.498,0.0005,0.8918,7.71,0.91,-0.11,2.272,2.498,0.0005,0.8918,0.5477,0.2611,0.1943,0.7411,0.1929,9.23,0.45,mixed-rural-urban,0.0,0.1013,0.7478,0.7337,0.7069,0.3304,0.5122,0.0,55.6,False
KEN,Kenya,Kisii,majority,3.2,2.71,3.2,2.71,5.7,5.63,-0.07,5.63,0.0,5.63,0.0,5.64,5.63,5.63,5.64,0.0,5.64,-0.06,0.01,3216678,4709520,0.0,0.0,0.0,1.25,unspecified,False,0.5,0.48,0.56,0.42,0.454,1.048,1.0,0.78,0.783,0.78,0.0,0.767,0.0,0.0,1.0,0.761,37.274,37.934,60.0,55.6,2.726,6.466,0.251,0.0,1.0,0.837,1.0,1.0,0.0,0.001,0.8912,0.8916,0.0004,0.8916,3.1875,0.2331,2.272,2.498,0.0005,0.8918,5.64,-0.06,0.01,2.272,2.498,0.0005,0.8918,0.5477,0.2611,0.1943,0.7411,0.1929,9.23,0.45,mixed-rural-urban,0.0,0.1013,0.7478,0.7337,0.7069,0.3304,0.5122,0.0,55.6,False
KEN,Kenya,Mijikenda,majority,3.2,2.71,3.2,2.71,5.2,5.14,-0.06,5.14,0.0,5.14,0.0,5.14,5.14,5.14,5.14,0.0,5.15,-0.05,0.01,2934513,4296404,0.0,0.0,0.0,1.25,unspecified,False,0.5,0.48,0.56,0.42,0.454,1.039,1.0,0.78,0.781,0.78,0.0,0.767,0.0,0.0,1.0,0.761,37.274,37.934,60.0,55.6,2.726,6.466,0.251,0.0,1.0,0.837,1.0,1.0,0.0,0.001,0.8912,0.8916,0.0004,0.8916,3.1875,0.2331,2.272,2.498,0.0005,0.8918,5.15,-0.05,0.01,2.272,2.498,0.0005,0.8918,0.5477,0.2611,0.1943,0.7411,0.1929,9.23,0.45,mixed-rural-urban,0.0,0.1013,0.7478,0.7337,0.7069,0.3304,0.5122,0.0,55.6,False
KEN,Kenya,Meru,majority,3.2,2.71,3.2,2.71,4.2,4.15,-0.05,4.15,0.0,4.15,0.0,4.15,4.15,4.15,4.15,0.0,4.16,-0.04,0.0,2370184,3470173,0.0,0.0,0.0,1.25,unspecified,False,0.5,0.48,0.56,0.42,0.454,1.018,1.0,0.78,0.776,0.78,0.0,0.767,0.0,0.0,1.0,0.761,37.274,37.934,60.0,55.6,2.726,6.466,0.251,0.0,1.0,0.837,1.0,1.0,0.0,0.001,0.8912,0.8916,0.0004,0.8916,3.1875,0.2331,2.272,2.498,0.0005,0.8918,4.16,-0.04,0.0,2.272,2.498,0.0005,0.8918,0.5477,0.2611,0.1943,0.7411,0.1929,9.23,0.45,mixed-rural-urban,0.0,0.1013,0.7478,0.7337,0.7069,0.3304,0.5122,0.0,55.6,False
KEN,Kenya,Turkana,majority,3.2,2.71,3.2,2.71,2.5,2.47,-0.03,2.47,0.0,2.47,0.0,2.47,2.47,2.47,2.47,0.0,2.47,-0.03,0.0,1410824,2065579,0.0,0.0,0.0,1.25,unspecified,False,0.5,0.48,0.56,0.42,0.454,0.97,1.0,0.78,0.765,0.78,0.0,0.767,0.0,0.0,1.0,0.761,37.274,37.934,60.0,55.6,2.726,6.466,0.251,0.0,1.0,0.837,1.0,1.0,0.0,0.001,0.8912,0.8916,0.0004,0.8916,3.1875,0.2331,2.272,2.498,0.0005,0.8918,2.47,-0.03,0.0,2.272,2.498,0.0005,0.8918,0.5477,0.2611,0.1943,0.7411,0.1929,9.23,0.45,mixed-rural-urban,0.0,0.1013,0.7478,0.7337,0.7069,0.3304,0.5122,0.0,55.6,False
KEN,Kenya,Maasai,majority,3.2,2.71,3.2,2.71,2.2,2.17,-0.03,2.17,0.0,2.17,0.0,2.18,2.17,2.17,2.18,0.0,2.18,-0.02,0.0,1241525,1817710,0.0,0.0,0.0,1.25,unspecified,False,0.5,0.48,0.56,0.42,0.454,0.96,1.0,0.78,0.763,0.78,0.0,0.767,0.0,0.0,1.0,0.761,37.274,37.934,60.0,55.6,2.726,6.466,0.251,0.0,1.0,0.837,1.0,1.0,0.0,0.001,0.8912,0.8916,0.0004,0.8916,3.1875,0.2331,2.272,2.498,0.0005,0.8918,2.18,-0.02,0.0,2.272,2.498,0.0005,0.8918,0.5477,0.2611,0.1943,0.7411,0.1929,9.23,0.45,mixed-rural-urban,0.0,0.1013,0.7478,0.7337,0.7069,0.3304,0.5122,0.0,55.6,False
KEN,Kenya,Other,assimilating,3.2,2.71,3.2,2.71,7.8,7.57,-0.23,7.57,0.0,7.57,0.0,7.58,7.57,7.57,7.58,0.01,7.69,-0.11,0.12,4401770,6330073,0.0,0.0,0.0,1.25,unspecified,False,0.5,0.48,0.56,0.42,0.454,1.081,1.0,0.78,0.79,0.78,0.0,0.767,0.0,0.0,1.0,0.761,37.274,37.934,60.0,55.6,2.726,6.466,0.251,0.0,1.0,0.837,1.0,1.0,0.0,0.001,0.8912,0.8916,0.0004,0.8916,3.1875,0.2331,2.272,2.498,0.0005,0.8918,7.69,-0.11,0.12,2.272,2.498,0.0005,0.8918,0.5477,0.2611,0.1943,0.7411,0.1929,9.23,0.45,mixed-rural-urban,0.0,0.1013,0.7478,0.7337,0.7069,0.3304,0.5122,0.0,55.6,False
KGZ,Kyrgyzstan,Kyrgyz,high_fertility,3.35,2.74,3.0,2.6,73.8,75.0,1.2,75.0,0.0,75.0,0.0,74.97,75.04,74.97,75.04,0.07,74.84,1.04,-0.17,5303278,7232267,0.0,0.0,0.0,1.25,unspecified,False,0.5,0.48,0.56,0.42,0.454,1.3,1.0,0.78,0.839,0.0,0.0,0.0,0.0,0.0,1.0,0.761,29.145,25.65,64.5,59.38,6.355,14.97,0.251,0.0,1.0,0.859,1.0,1.0,0.0,0.001,0.4279,0.4108,-0.0171,0.4108,0.988,0.1535,1.744,1.849,0.0005,0.4131,74.84,1.04,-0.17,1.744,1.849,0.0005,0.4131,0.6922,0.2643,0.118,0.7867,0.1801,1.7,0.457,mixed-rural-urban,0.0,0.0856,0.8414,0.8581,0.7242,0.5552,0.2577,0.135,59.38,True
KGZ,Kyrgyzstan,Uzbek,high_fertility,3.35,2.74,3.0,2.6,14.8,15.02,0.22,15.02,0.0,15.02,0.0,15.01,15.03,15.01,15.03,0.01,15.0,0.2,-0.02,1063530,1448263,0.0,0.0,0.0,1.25,unspecified,False,0.5,0.48,0.56,0.42,0.454,1.151,1.0,0.78,0.805,0.0,0.0,0.0,0.0,0.0,1.0,0.761,29.145,25.65,64.5,59.38,6.355,14.97,0.251,0.0,1.0,0.859,1.0,1.0,0.0,0.001,0.4279,0.4108,-0.0171,0.4108,0.988,0.1535,1.744,1.849,0.0005,0.4131,15.0,0.2,-0.02,1.744,1.849,0.0005,0.4131,0.6922,0.2643,0.118,0.7867,0.1801,1.7,0.457,mixed-rural-urban,0.0,0.0856,0.8414,0.8581,0.7242,0.5552,0.2577,0.135,59.38,False
KGZ,Kyrgyzstan,Russian,low_fertility,2.6,2.44,3.0,2.6,5.9,4.95,-0.95,4.95,0.0,4.95,0.0,4.98,4.92,4.92,4.98,0.06,5.04,-0.86,0.09,423975,476884,0.0,0.0,0.0,1.25,unspecified,False,0.5,0.48,0.56,0.42,0.454,1.052,1.0,0.78,0.783,0.0,0.0,0.0,0.0,0.0,1.0,0.761,29.145,25.65,64.5,59.38,6.355,14.97,0.251,0.0,1.0,0.859,1.0,1.0,0.0,0.001,0.4279,0.4108,-0.0171,0.4108,0.988,0.1535,1.744,1.849,0.0005,0.4131,5.04,-0.86,0.09,1.744,1.849,0.0005,0.4131,0.6922,0.2643,0.118,0.7867,0.1801,1.7,0.457,mixed-rural-urban,0.0,0.0856,0.8414,0.8581,0.7242,0.5552,0.2577,0.135,59.38,False
KGZ,Kyrgyzstan,Dungan,majority,3.0,2.6,3.0,2.6,1.1,1.02,-0.08,1.02,0.0,1.02,0.0,1.02,1.02,1.02,1.02,0.0,1.03,-0.07,0.01,79046,98329,0.0,0.0,0.0,1.25,unspecified,False,0.5,0.48,0.56,0.42,0.454,0.909,1.0,0.78,0.752,0.0,0.0,0.0,0.0,0.0,1.0,0.761,29.145,25.65,64.5,59.38,6.355,14.97,0.251,0.0,1.0,0.859,1.0,1.0,0.0,0.001,0.4279,0.4108,-0.0171,0.4108,0.988,0.1535,1.744,1.849,0.0005,0.4131,1.03,-0.07,0.01,1.744,1.849,0.0005,0.4131,0.6922,0.2643,0.118,0.7867,0.1801,1.7,0.457,mixed-rural-urban,0.0,0.0856,0.8414,0.8581,0.7242,0.5552,0.2577,0.135,59.38,False
KGZ,Kyrgyzstan,Other,assimilating,3.0,2.6,3.0,2.6,4.4,4.02,-0.38,4.02,0.0,4.02,0.0,4.02,4.01,4.01,4.02,0.02,4.1,-0.3,0.09,316185,387206,0.0,0.0,0.0,1.25,unspecified,False,0.5,0.48,0.56,0.42,0.454,1.022,1.0,0.78,0.777,0.0,0.0,0.0,0.0,0.0,1.0,0.761,29.145,25.65,64.5,59.38,6.355,14.97,0.251,0.0,1.0,0.859,1.0,1.0,0.0,0.001,0.4279,0.4108,-0.0171,0.4108,0.988,0.1535,1.744,1.849,0.0005,0.4131,4.1,-0.3,0.09,1.744,1.849,0.0005,0.4131,0.6922,0.2643,0.118,0.7867,0.1801,1.7,0.457,mixed-rural-urban,0.0,0.0856,0.8414,0.8581,0.7242,0.5552,0.2577,0.135,59.38,False
KHM,Cambodia,Khmer,majority,2.4,2.22,2.4,2.22,92.3,91.45,-0.85,91.86,-0.41,91.45,0.0,91.59,91.27,91.27,91.59,0.32,91.43,-0.87,-0.02,16280616,20055279,0.0,0.0,0.0,1.25,unspecified,False,0.5,0.48,0.56,0.42,0.454,1.3,1.0,0.78,0.839,0.0,0.0,0.0,0.0,0.0,1.0,0.761,28.433,25.499,66.0,60.72,5.567,13.781,0.251,0.055,0.946,0.832,1.0,1.0,0.0,0.001,0.1454,0.1606,0.0152,0.1606,0.3443,0.184,1.461,1.454,0.0005,0.1609,91.43,-0.87,-0.02,1.461,1.454,0.0005,0.1609,0.6113,0.301,0.1624,0.7289,0.2235,1.19,0.533,mixed-rural-urban,0.0,0.1486,0.8667,0.6738,0.7358,0.4323,0.2101,0.0809,60.72,True
KHM,Cambodia,Vietnamese,immigrant,2.4,2.22,2.4,2.22,4.7,4.99,0.29,4.6,0.39,4.99,0.0,4.87,5.13,4.87,5.13,0.26,5.06,0.36,0.07,829024,1093894,0.0,0.0,0.0,1.25,VNM,True,0.71,0.674,0.84,0.68,0.454,1.029,1.0,0.78,0.875,0.0,0.0,0.0,0.0,0.0,1.0,0.761,28.433,25.499,66.0,60.72,5.567,13.781,0.251,0.055,0.946,0.832,1.0,1.0,0.0,0.001,0.1454,0.1606,0.0152,0.1606,0.3443,0.184,1.461,1.454,0.0005,0.1609,5.06,0.36,0.07,1.461,1.454,0.0005,0.1609,0.6113,0.301,0.1624,0.7289,0.2235,1.19,0.533,mixed-rural-urban,0.0,0.1486,0.8667,0.6738,0.7358,0.4323,0.2101,0.0809,60.72,False
KHM,Cambodia,Cham (Muslim),high_fertility,3.35,2.6,2.4,2.22,2.0,2.48,0.48,2.49,-0.01,2.48,0.0,2.47,2.5,2.47,2.5,0.03,2.43,0.43,-0.06,352776,544657,0.0,0.0,0.0,1.25,unspecified,False,0.5,0.48,0.56,0.42,0.454,0.952,1.0,0.78,0.761,0.0,0.0,0.0,0.0,0.0,1.0,0.761,28.433,25.499,66.0,60.72,5.567,13.781,0.251,0.055,0.946,0.832,1.0,1.0,0.0,0.001,0.1454,0.1606,0.0152,0.1606,0.3443,0.184,1.461,1.454,0.0005,0.1609,2.43,0.43,-0.06,1.461,1.454,0.0005,0.1609,0.6113,0.301,0.1624,0.7289,0.2235,1.19,0.533,mixed-rural-urban,0.0,0.1486,0.8667,0.6738,0.7358,0.4323,0.2101,0.0809,60.72,False
KHM,Cambodia,Chinese (Khmer-Chen),immigrant,2.2,2.14,2.4,2.22,0.5,0.5,-0.0,0.46,0.03,0.5,0.0,0.49,0.51,0.49,0.51,0.02,0.51,0.01,0.01,88194,109398,0.0,0.0,0.0,1.25,CHN,True,0.52,0.502,0.58,0.45,0.454,0.869,1.0,0.78,0.751,0.0,0.0,0.0,0.0,0.0,1.0,0.761,28.433,25.499,66.0,60.72,5.567,13.781,0.251,0.055,0.946,0.832,1.0,1.0,0.0,0.001,0.1454,0.1606,0.0152,0.1606,0.3443,0.184,1.461,1.454,0.0005,0.1609,0.51,0.01,0.01,1.461,1.454,0.0005,0.1609,0.6113,0.301,0.1624,0.7289,0.2235,1.19,0.533,mixed-rural-urban,0.0,0.1486,0.8667,0.6738,0.7358,0.4323,0.2101,0.0809,60.72,False
KHM,Cambodia,Tampuan/Jarai (indigenous uplands),high_fertility,3.25,2.56,2.4,2.22,0.4,0.49,0.09,0.49,-0.0,0.49,0.0,0.48,0.49,0.48,0.49,0.01,0.48,0.08,-0.01,70555,106869,0.0,0.0,0.0,1.25,unspecified,False,0.5,0.48,0.56,0.42,0.454,0.86,1.0,0.78,0.741,0.0,0.0,0.0,0.0,0.0,1.0,0.761,28.433,25.499,66.0,60.72,5.567,13.781,0.251,0.055,0.946,0.832,1.0,1.0,0.0,0.001,0.1454,0.1606,0.0152,0.1606,0.3443,0.184,1.461,1.454,0.0005,0.1609,0.48,0.08,-0.01,1.461,1.454,0.0005,0.1609,0.6113,0.301,0.1624,0.7289,0.2235,1.19,0.533,mixed-rural-urban,0.0,0.1486,0.8667,0.6738,0.7358,0.4323,0.2101,0.0809,60.72,False
KHM,Cambodia,Other,assimilating,2.4,2.22,2.4,2.22,0.1,0.1,-0.0,0.1,-0.0,0.1,0.0,0.1,0.1,0.1,0.1,0.0,0.1,-0.0,0.0,17639,21358,0.0,0.0,0.0,1.25,unspecified,False,0.5,0.48,0.56,0.42,0.454,0.831,1.0,0.78,0.735,0.0,0.0,0.0,0.0,0.0,1.0,0.761,28.433,25.499,66.0,60.72,5.567,13.781,0.251,0.055,0.946,0.832,1.0,1.0,0.0,0.001,0.1454,0.1606,0.0152,0.1606,0.3443,0.184,1.461,1.454,0.0005,0.1609,0.1,-0.0,0.0,1.461,1.454,0.0005,0.1609,0.6113,0.301,0.1624,0.7289,0.2235,1.19,0.533,mixed-rural-urban,0.0,0.1486,0.8667,0.6738,0.7358,0.4323,0.2101,0.0809,60.72,False
KIR,Kiribati,I-Kiribati,majority,3.4,2.81,3.4,2.81,95.8,95.87,0.07,95.87,0.0,95.87,0.0,95.87,95.87,95.87,95.87,0.0,95.81,0.01,-0.06,128871,175087,0.0,0.0,0.0,1.25,unspecified,False,0.5,0.48,0.56,0.42,0.454,1.3,1.0,0.78,0.839,0.0,0.0,0.0,0.0,0.0,1.0,0.761,32.435,31.105,63.5,58.3,4.065,10.595,0.251,0.0,1.0,0.848,1.0,1.0,0.0,0.001,0.0805,0.0792,-0.0012,0.0792,0.1585,0.159,1.395,1.363,0.0005,0.0803,95.81,0.01,-0.06,1.395,1.363,0.0005,0.0803,0.6646,0.297,0.1148,0.7628,0.2066,1.09,0.55,mixed-rural-urban,0.0,0.1329,0.8234,0.7918,0.7192,0.5501,0.3006,0.0,58.3,True
KIR,Kiribati,Mixed / Other,assimilating,3.4,2.81,3.4,2.81,4.2,4.13,-0.07,4.13,0.0,4.13,0.0,4.13,4.13,4.13,4.13,0.0,4.19,-0.01,0.06,5650,7548,0.0,0.0,0.0,1.25,unspecified,False,0.5,0.48,0.56,0.42,0.454,1.018,1.0,0.78,0.776,0.0,0.0,0.0,0.0,0.0,1.0,0.761,32.435,31.105,63.5,58.3,4.065,10.595,0.251,0.0,1.0,0.848,1.0,1.0,0.0,0.001,0.0805,0.0792,-0.0012,0.0792,0.1585,0.159,1.395,1.363,0.0005,0.0803,4.19,-0.01,0.06,1.395,1.363,0.0005,0.0803,0.6646,0.297,0.1148,0.7628,0.2066,1.09,0.55,mixed-rural-urban,0.0,0.1329,0.8234,0.7918,0.7192,0.5501,0.3006,0.0,58.3,False
KNA,Saint Kitts & Nevis,African descent,majority,1.6,1.75,1.6,1.75,92.5,92.75,0.25,92.85,-0.09,92.75,0.0,92.77,92.73,92.73,92.77,0.04,92.67,0.17,-0.09,43352,41066,0.302,0.0,0.0,1.721,unspecified,False,0.5,0.48,0.56,0.42,0.556,1.3,1.0,0.78,0.904,0.0,0.0,0.0,0.0,0.0,1.0,0.761,19.51,18.788,65.0,67.4,15.49,13.812,0.251,0.01,0.996,0.899,1.0,1.106,0.0,0.001,0.1427,0.1381,-0.0046,0.1381,0.2973,0.1083,1.467,1.45,0.0005,0.1397,92.67,0.17,-0.09,1.467,1.45,0.0005,0.1397,0.8394,0.4167,0.1822,0.8413,0.2046,1.16,0.55,mixed-rural-urban,0.136,0.056,0.8607,0.924,0.9044,0.8195,0.0323,0.0824,67.4,True
KNA,Saint Kitts & Nevis,Mixed,assimilating,1.6,1.75,1.6,1.75,3.0,2.96,-0.04,2.97,-0.0,2.96,0.0,2.97,2.96,2.96,2.97,0.0,3.0,0.0,0.04,1406,1313,0.302,0.0,0.0,1.721,unspecified,False,0.5,0.48,0.56,0.42,0.556,0.986,1.0,0.78,0.818,0.0,0.0,0.0,0.0,0.0,1.0,0.761,19.51,18.788,65.0,67.4,15.49,13.812,0.251,0.01,0.996,0.899,1.0,1.106,0.0,0.001,0.1427,0.1381,-0.0046,0.1381,0.2973,0.1083,1.467,1.45,0.0005,0.1397,3.0,0.0,0.04,1.467,1.45,0.0005,0.1397,0.8394,0.4167,0.1822,0.8413,0.2046,1.16,0.55,mixed-rural-urban,0.136,0.056,0.8607,0.924,0.9044,0.8195,0.0323,0.0824,67.4,False
KNA,Saint Kitts & Nevis,European,low_fertility,1.2,1.59,1.6,1.75,2.1,1.79,-0.31,1.79,-0.0,1.79,0.0,1.8,1.77,1.77,1.8,0.02,1.82,-0.28,0.03,984,790,0.302,0.0,0.0,1.721,unspecified,False,0.5,0.48,0.56,0.42,0.556,0.956,1.0,0.78,0.81,0.0,0.0,0.0,0.0,0.0,1.0,0.761,19.51,18.788,65.0,67.4,15.49,13.812,0.251,0.01,0.996,0.899,1.0,1.106,0.0,0.001,0.1427,0.1381,-0.0046,0.1381,0.2973,0.1083,1.467,1.45,0.0005,0.1397,1.82,-0.28,0.03,1.467,1.45,0.0005,0.1397,0.8394,0.4167,0.1822,0.8413,0.2046,1.16,0.55,mixed-rural-urban,0.136,0.056,0.8607,0.924,0.9044,0.8195,0.0323,0.0824,67.4,False
KNA,Saint Kitts & Nevis,Indian,majority,1.6,1.75,1.6,1.75,1.5,1.5,0.0,1.5,-0.0,1.5,0.0,1.5,1.5,1.5,1.5,0.0,1.5,0.0,-0.0,703,665,0.302,0.0,0.0,1.721,IND;PAK;BGD;LKA;NPL,False,0.718,0.719,0.752,0.684,0.556,0.93,1.0,0.78,0.914,0.0,0.0,0.0,0.0,0.0,1.0,0.761,19.51,18.788,65.0,67.4,15.49,13.812,0.251,0.01,0.996,0.899,1.0,1.106,0.0,0.001,0.1427,0.1381,-0.0046,0.1381,0.2973,0.1083,1.467,1.45,0.0005,0.1397,1.5,0.0,-0.0,1.467,1.45,0.0005,0.1397,0.8394,0.4167,0.1822,0.8413,0.2046,1.16,0.55,mixed-rural-urban,0.136,0.056,0.8607,0.924,0.9044,0.8195,0.0323,0.0824,67.4,False
KNA,Saint Kitts & Nevis,Other,immigrant,1.6,1.75,1.6,1.75,0.9,0.99,0.09,0.89,0.1,0.99,0.0,0.96,1.03,0.96,1.03,0.07,1.01,0.11,0.01,422,440,0.302,0.0,0.0,1.721,unspecified,True,0.5,0.48,0.56,0.42,0.556,0.897,1.0,0.78,0.794,0.0,0.0,0.0,0.0,0.0,1.0,0.761,19.51,18.788,65.0,67.4,15.49,13.812,0.251,0.01,0.996,0.899,1.0,1.106,0.0,0.001,0.1427,0.1381,-0.0046,0.1381,0.2973,0.1083,1.467,1.45,0.0005,0.1397,1.01,0.11,0.01,1.467,1.45,0.0005,0.1397,0.8394,0.4167,0.1822,0.8413,0.2046,1.16,0.55,mixed-rural-urban,0.136,0.056,0.8607,0.924,0.9044,0.8195,0.0323,0.0824,67.4,False
KOR,South Korea,Korean,majority,0.7,1.12,0.7,1.12,96.3,93.8,-2.5,95.78,-1.98,93.87,-0.07,94.51,93.03,93.03,94.51,1.48,93.85,-2.45,0.05,49804036,42343822,0.809,0.0,0.0,2.64,unspecified,False,0.5,0.48,0.56,0.42,0.896,1.3,1.0,0.66,1.082,0.0,0.86,0.0,0.607,0.17,1.0,0.761,8.02,2.555,69.5,68.06,22.48,29.385,0.18,0.062,0.887,0.885,1.1,1.411,0.0,0.001,0.0722,0.1186,0.0464,0.1186,0.2503,0.1388,1.518,1.351,0.0005,0.1178,93.85,-2.45,0.05,1.518,1.351,0.0005,0.1178,0.7979,0.6672,0.1923,0.8635,0.2421,1.13,0.791,metropolitan-heavy,0.169,-0.0126,0.9737,0.883,0.9188,0.783,0.2845,0.7902,68.06,True
KOR,South Korea,Chinese (incl. Korean-Chinese),immigrant,0.7,1.12,0.7,1.12,1.5,1.68,0.18,1.47,0.21,1.68,-0.0,1.62,1.76,1.62,1.76,0.13,1.71,0.21,0.03,775764,759056,0.809,0.0,0.0,2.64,CHN,True,0.52,0.502,0.58,0.45,0.896,0.93,1.0,0.66,0.946,0.0,0.86,0.0,0.607,0.17,1.0,0.761,8.02,2.555,69.5,68.06,22.48,29.385,0.18,0.062,0.887,0.885,1.1,1.411,0.0,0.001,0.0722,0.1186,0.0464,0.1186,0.2503,0.1388,1.518,1.351,0.0005,0.1178,1.71,0.21,0.03,1.518,1.351,0.0005,0.1178,0.7979,0.6672,0.1923,0.8635,0.2421,1.13,0.791,metropolitan-heavy,0.169,-0.0126,0.9737,0.883,0.9188,0.783,0.2845,0.7902,68.06,False
KOR,South Korea,Vietnamese,immigrant,0.7,1.12,0.7,1.12,0.4,0.46,0.06,0.39,0.07,0.46,-0.0,0.44,0.49,0.44,0.49,0.05,0.47,0.07,0.01,206870,209719,0.809,0.0,0.0,2.64,VNM,True,0.71,0.674,0.84,0.68,0.896,0.86,1.26,0.66,1.18,0.0,0.86,0.0,0.607,0.17,1.0,0.761,8.02,2.555,69.5,68.06,22.48,29.385,0.18,0.062,0.887,0.885,1.1,1.411,0.0,0.001,0.0722,0.1186,0.0464,0.1186,0.2503,0.1388,1.518,1.351,0.0005,0.1178,0.47,0.07,0.01,1.518,1.351,0.0005,0.1178,0.7979,0.6672,0.1923,0.8635,0.2421,1.13,0.791,metropolitan-heavy,0.169,-0.0126,0.9737,0.883,0.9188,0.783,0.2845,0.7902,68.06,False
KOR,South Korea,Thai,immigrant,0.7,1.12,0.7,1.12,0.3,0.33,0.03,0.29,0.04,0.33,-0.0,0.32,0.35,0.32,0.35,0.03,0.34,0.04,0.01,155153,150692,0.809,0.0,0.0,2.64,unspecified,True,0.5,0.48,0.56,0.42,0.896,0.851,1.0,0.66,0.898,0.0,0.86,0.0,0.607,0.17,1.0,0.761,8.02,2.555,69.5,68.06,22.48,29.385,0.18,0.062,0.887,0.885,1.1,1.411,0.0,0.001,0.0722,0.1186,0.0464,0.1186,0.2503,0.1388,1.518,1.351,0.0005,0.1178,0.34,0.04,0.01,1.518,1.351,0.0005,0.1178,0.7979,0.6672,0.1923,0.8635,0.2421,1.13,0.791,metropolitan-heavy,0.169,-0.0126,0.9737,0.883,0.9188,0.783,0.2845,0.7902,68.06,False
KOR,South Korea,Filipino,immigrant,0.7,1.12,0.7,1.12,0.2,0.23,0.03,0.2,0.04,0.23,-0.0,0.22,0.24,0.22,0.24,0.02,0.24,0.04,0.0,103435,104621,0.809,0.0,0.0,2.64,PHL,True,0.759,0.718,0.88,0.64,0.896,0.842,1.18,0.66,1.167,0.0,0.86,0.0,0.607,0.17,1.0,0.761,8.02,2.555,69.5,68.06,22.48,29.385,0.18,0.062,0.887,0.885,1.1,1.411,0.0,0.001,0.0722,0.1186,0.0464,0.1186,0.2503,0.1388,1.518,1.351,0.0005,0.1178,0.24,0.04,0.0,1.518,1.351,0.0005,0.1178,0.7979,0.6672,0.1923,0.8635,0.2421,1.13,0.791,metropolitan-heavy,0.169,-0.0126,0.9737,0.883,0.9188,0.783,0.2845,0.7902,68.06,False
KOR,South Korea,Other (incl. foreign workers),immigrant,1.5,1.44,0.7,1.12,1.3,3.49,2.19,1.86,1.62,3.42,0.07,2.88,4.13,2.88,4.13,1.25,3.4,2.1,-0.09,672329,1575224,0.809,0.0,0.0,2.64,NGA;ETH;GHA;KEN;UGA;TZA;RWA;COD;CIV;CMR;SEN;ZMB;ZWE;MOZ;MWI;AGO;SDN;SOM;ERI;BFA;NER;MLI;GIN;SLE;LBR;BEN;TGO;GMB,True,0.711,0.785,0.574,0.717,0.896,0.92,1.001,0.66,1.086,0.0,0.86,0.0,0.607,0.17,1.0,0.761,8.02,2.555,69.5,68.06,22.48,29.385,0.18,0.062,0.887,0.885,1.1,1.411,0.0,0.001,0.0722,0.1186,0.0464,0.1186,0.2503,0.1388,1.518,1.351,0.0005,0.1178,3.4,2.1,-0.09,1.518,1.351,0.0005,0.1178,0.7979,0.6672,0.1923,0.8635,0.2421,1.13,0.791,metropolitan-heavy,0.169,-0.0126,0.9737,0.883,0.9188,0.783,0.2845,0.7902,68.06,False
KWT,Kuwait,Kuwaiti,high_fertility,1.95,1.89,1.6,1.75,31.0,32.9,1.9,34.79,-1.89,32.9,0.0,33.38,32.33,32.33,33.38,1.04,31.73,0.73,-1.17,1529697,2094802,0.214,0.0,0.0,2.152,unspecified,False,0.5,0.48,0.56,0.42,0.687,1.236,1.0,0.48,0.895,0.0,1.1,0.0,0.661,0.291,1.0,0.761,13.2,8.79,74.0,72.24,12.8,18.97,0.82,0.671,0.55,0.85,1.2,1.29,0.0,0.001,0.8164,0.8104,-0.006,0.8104,2.6746,0.1174,2.241,2.393,0.0005,0.815,31.73,0.73,-1.17,2.241,2.393,0.0005,0.815,0.7909,0.416,0.1624,0.8386,0.2328,5.28,0.55,mixed-rural-urban,0.096,0.0291,0.9547,0.7352,0.9746,0.769,0.1141,0.3168,72.24,True
KWT,Kuwait,Indian,immigrant,1.6,1.75,1.6,1.75,14.0,13.35,-0.65,12.91,0.44,13.35,0.0,13.25,13.47,13.25,13.47,0.22,13.63,-0.37,0.28,690831,850109,0.214,0.0,0.0,2.152,IND;PAK;BGD;LKA;NPL,True,0.718,0.719,0.752,0.684,0.687,1.145,1.0,0.48,1.01,0.0,1.1,0.0,0.661,0.291,1.0,0.761,13.2,8.79,74.0,72.24,12.8,18.97,0.82,0.671,0.55,0.85,1.2,1.29,0.0,0.001,0.8164,0.8104,-0.006,0.8104,2.6746,0.1174,2.241,2.393,0.0005,0.815,13.63,-0.37,0.28,2.241,2.393,0.0005,0.815,0.7909,0.416,0.1624,0.8386,0.2328,5.28,0.55,mixed-rural-urban,0.096,0.0291,0.9547,0.7352,0.9746,0.769,0.1141,0.3168,72.24,False
KWT,Kuwait,Egyptian,immigrant,2.0,1.91,1.6,1.75,10.0,10.76,0.76,10.44,0.33,10.76,0.0,10.64,10.9,10.64,10.9,0.27,10.81,0.81,0.05,493451,685289,0.214,0.0,0.0,2.152,EGY,True,0.7,0.706,0.72,0.66,0.687,1.108,1.0,0.48,0.984,0.0,1.1,0.0,0.661,0.291,1.0,0.761,13.2,8.79,74.0,72.24,12.8,18.97,0.82,0.671,0.55,0.85,1.2,1.29,0.0,0.001,0.8164,0.8104,-0.006,0.8104,2.6746,0.1174,2.241,2.393,0.0005,0.815,10.81,0.81,0.05,2.241,2.393,0.0005,0.815,0.7909,0.416,0.1624,0.8386,0.2328,5.28,0.55,mixed-rural-urban,0.096,0.0291,0.9547,0.7352,0.9746,0.769,0.1141,0.3168,72.24,False
KWT,Kuwait,Bangladeshi,immigrant,1.6,1.75,1.6,1.75,8.0,7.63,-0.37,7.38,0.25,7.63,0.0,7.57,7.69,7.57,7.69,0.13,7.78,-0.22,0.16,394761,485654,0.214,0.0,0.0,2.152,BGD,True,0.735,0.788,0.68,0.84,0.687,1.084,1.0,0.48,0.996,0.0,1.1,0.0,0.661,0.291,1.0,0.761,13.2,8.79,74.0,72.24,12.8,18.97,0.82,0.671,0.55,0.85,1.2,1.29,0.0,0.001,0.8164,0.8104,-0.006,0.8104,2.6746,0.1174,2.241,2.393,0.0005,0.815,7.78,-0.22,0.16,2.241,2.393,0.0005,0.815,0.7909,0.416,0.1624,0.8386,0.2328,5.28,0.55,mixed-rural-urban,0.096,0.0291,0.9547,0.7352,0.9746,0.769,0.1141,0.3168,72.24,False
KWT,Kuwait,Pakistani,immigrant,1.6,1.75,1.6,1.75,6.0,5.72,-0.28,5.53,0.19,5.72,0.0,5.68,5.77,5.68,5.77,0.1,5.84,-0.16,0.12,296070,364378,0.214,0.0,0.0,2.152,PAK,True,0.769,0.814,0.7,0.74,0.687,1.054,1.0,0.48,1.003,0.0,1.1,0.0,0.661,0.291,1.0,0.761,13.2,8.79,74.0,72.24,12.8,18.97,0.82,0.671,0.55,0.85,1.2,1.29,0.0,0.001,0.8164,0.8104,-0.006,0.8104,2.6746,0.1174,2.241,2.393,0.0005,0.815,5.84,-0.16,0.12,2.241,2.393,0.0005,0.815,0.7909,0.416,0.1624,0.8386,0.2328,5.28,0.55,mixed-rural-urban,0.096,0.0291,0.9547,0.7352,0.9746,0.769,0.1141,0.3168,72.24,False
KWT,Kuwait,Filipino,immigrant,1.6,1.75,1.6,1.75,5.0,4.76,-0.24,4.61,0.14,4.76,0.0,4.72,4.79,4.72,4.79,0.07,4.85,-0.15,0.1,246725,302853,0.214,0.0,0.0,2.152,PHL,True,0.759,0.718,0.88,0.64,0.687,1.035,1.0,0.48,0.99,0.0,1.1,0.0,0.661,0.291,1.0,0.761,13.2,8.79,74.0,72.24,12.8,18.97,0.82,0.671,0.55,0.85,1.2,1.29,0.0,0.001,0.8164,0.8104,-0.006,0.8104,2.6746,0.1174,2.241,2.393,0.0005,0.815,4.85,-0.15,0.1,2.241,2.393,0.0005,0.815,0.7909,0.416,0.1624,0.8386,0.2328,5.28,0.55,mixed-rural-urban,0.096,0.0291,0.9547,0.7352,0.9746,0.769,0.1141,0.3168,72.24,False
KWT,Kuwait,Syrian,immigrant,2.0,1.91,1.6,1.75,3.0,3.21,0.21,3.13,0.08,3.21,0.0,3.18,3.25,3.18,3.25,0.07,3.23,0.23,0.02,148035,204642,0.214,0.0,0.0,2.152,SYR,True,0.672,0.726,0.6,0.74,0.687,0.986,1.0,0.48,0.921,0.0,1.1,0.0,0.661,0.291,1.0,0.761,13.2,8.79,74.0,72.24,12.8,18.97,0.82,0.671,0.55,0.85,1.2,1.29,0.0,0.001,0.8164,0.8104,-0.006,0.8104,2.6746,0.1174,2.241,2.393,0.0005,0.815,3.23,0.23,0.02,2.241,2.393,0.0005,0.815,0.7909,0.416,0.1624,0.8386,0.2328,5.28,0.55,mixed-rural-urban,0.096,0.0291,0.9547,0.7352,0.9746,0.769,0.1141,0.3168,72.24,False
KWT,Kuwait,Nepali,immigrant,1.6,1.75,1.6,1.75,2.0,1.87,-0.13,1.84,0.03,1.87,0.0,1.87,1.88,1.87,1.88,0.01,1.91,-0.09,0.04,98690,119378,0.214,0.0,0.0,2.152,unspecified,True,0.5,0.48,0.56,0.42,0.687,0.952,1.0,0.48,0.816,0.0,1.1,0.0,0.661,0.291,1.0,0.761,13.2,8.79,74.0,72.24,12.8,18.97,0.82,0.671,0.55,0.85,1.2,1.29,0.0,0.001,0.8164,0.8104,-0.006,0.8104,2.6746,0.1174,2.241,2.393,0.0005,0.815,1.91,-0.09,0.04,2.241,2.393,0.0005,0.815,0.7909,0.416,0.1624,0.8386,0.2328,5.28,0.55,mixed-rural-urban,0.096,0.0291,0.9547,0.7352,0.9746,0.769,0.1141,0.3168,72.24,False
KWT,Kuwait,Other foreign,immigrant,1.6,1.75,1.6,1.75,21.0,19.8,-1.2,19.37,0.43,19.8,0.0,19.71,19.9,19.71,19.9,0.18,20.21,-0.79,0.41,1036247,1260652,0.214,0.0,0.0,2.152,unspecified,True,0.5,0.48,0.56,0.42,0.687,1.191,1.0,0.48,0.883,0.0,1.1,0.0,0.661,0.291,1.0,0.761,13.2,8.79,74.0,72.24,12.8,18.97,0.82,0.671,0.55,0.85,1.2,1.29,0.0,0.001,0.8164,0.8104,-0.006,0.8104,2.6746,0.1174,2.241,2.393,0.0005,0.815,20.21,-0.79,0.41,2.241,2.393,0.0005,0.815,0.7909,0.416,0.1624,0.8386,0.2328,5.28,0.55,mixed-rural-urban,0.096,0.0291,0.9547,0.7352,0.9746,0.769,0.1141,0.3168,72.24,False
LAO,Laos,Lao (Lao Lum),majority,2.4,2.22,2.4,2.22,53.2,52.98,-0.22,52.98,0.0,52.98,0.0,52.99,52.96,52.96,52.99,0.04,52.81,-0.39,-0.16,4133546,5169124,0.0,0.0,0.0,1.25,unspecified,False,0.5,0.48,0.56,0.42,0.454,1.299,1.0,0.78,0.838,0.0,0.0,0.0,0.0,0.0,1.0,0.761,30.159,28.116,65.5,59.82,4.341,12.064,0.251,0.0,1.0,0.841,1.0,1.0,0.0,0.001,0.6695,0.6717,0.0023,0.6717,1.9916,0.1781,2.102,2.187,0.0005,0.6729,52.81,-0.39,-0.16,2.102,2.187,0.0005,0.6729,0.6061,0.3175,0.1193,0.7247,0.2303,3.05,0.605,urbanizing-majority,0.0,0.1535,0.8539,0.6744,0.7942,0.4347,0.2402,0.0029,59.82,True
LAO,Laos,Khmou,majority,2.4,2.22,2.4,2.22,11.0,10.87,-0.13,10.87,0.0,10.87,0.0,10.88,10.87,10.87,10.88,0.01,10.88,-0.12,0.01,854681,1060862,0.0,0.0,0.0,1.25,unspecified,False,0.5,0.48,0.56,0.42,0.454,1.118,1.0,0.78,0.798,0.0,0.0,0.0,0.0,0.0,1.0,0.761,30.159,28.116,65.5,59.82,4.341,12.064,0.251,0.0,1.0,0.841,1.0,1.0,0.0,0.001,0.6695,0.6717,0.0023,0.6717,1.9916,0.1781,2.102,2.187,0.0005,0.6729,10.88,-0.12,0.01,2.102,2.187,0.0005,0.6729,0.6061,0.3175,0.1193,0.7247,0.2303,3.05,0.605,urbanizing-majority,0.0,0.1535,0.8539,0.6744,0.7942,0.4347,0.2402,0.0029,59.82,False
LAO,Laos,Hmong,high_fertility,2.75,2.36,2.4,2.22,9.2,10.1,0.9,10.1,0.0,10.1,0.0,10.06,10.13,10.06,10.13,0.06,10.01,0.81,-0.09,714824,985006,0.0,0.0,0.0,1.25,unspecified,False,0.5,0.48,0.56,0.42,0.454,1.099,1.0,0.78,0.794,0.0,0.0,0.0,0.0,0.0,1.0,0.761,30.159,28.116,65.5,59.82,4.341,12.064,0.251,0.0,1.0,0.841,1.0,1.0,0.0,0.001,0.6695,0.6717,0.0023,0.6717,1.9916,0.1781,2.102,2.187,0.0005,0.6729,10.01,0.81,-0.09,2.102,2.187,0.0005,0.6729,0.6061,0.3175,0.1193,0.7247,0.2303,3.05,0.605,urbanizing-majority,0.0,0.1535,0.8539,0.6744,0.7942,0.4347,0.2402,0.0029,59.82,False
LAO,Laos,Phouthay (Lao Tai),majority,2.4,2.22,2.4,2.22,3.4,3.36,-0.04,3.36,0.0,3.36,0.0,3.36,3.36,3.36,3.36,0.0,3.36,-0.04,0.0,264174,327903,0.0,0.0,0.0,1.25,unspecified,False,0.5,0.48,0.56,0.42,0.454,0.998,1.0,0.78,0.771,0.0,0.0,0.0,0.0,0.0,1.0,0.761,30.159,28.116,65.5,59.82,4.341,12.064,0.251,0.0,1.0,0.841,1.0,1.0,0.0,0.001,0.6695,0.6717,0.0023,0.6717,1.9916,0.1781,2.102,2.187,0.0005,0.6729,3.36,-0.04,0.0,2.102,2.187,0.0005,0.6729,0.6061,0.3175,0.1193,0.7247,0.2303,3.05,0.605,urbanizing-majority,0.0,0.1535,0.8539,0.6744,0.7942,0.4347,0.2402,0.0029,59.82,False
LAO,Laos,Tai,majority,2.4,2.22,2.4,2.22,3.1,3.06,-0.04,3.06,0.0,3.06,0.0,3.07,3.06,3.06,3.07,0.0,3.07,-0.03,0.0,240865,298970,0.0,0.0,0.0,1.25,unspecified,False,0.5,0.48,0.56,0.42,0.454,0.989,1.0,0.78,0.77,0.0,0.0,0.0,0.0,0.0,1.0,0.761,30.159,28.116,65.5,59.82,4.341,12.064,0.251,0.0,1.0,0.841,1.0,1.0,0.0,0.001,0.6695,0.6717,0.0023,0.6717,1.9916,0.1781,2.102,2.187,0.0005,0.6729,3.07,-0.03,0.0,2.102,2.187,0.0005,0.6729,0.6061,0.3175,0.1193,0.7247,0.2303,3.05,0.605,urbanizing-majority,0.0,0.1535,0.8539,0.6744,0.7942,0.4347,0.2402,0.0029,59.82,False
LAO,Laos,Makong,majority,2.4,2.22,2.4,2.22,2.5,2.47,-0.03,2.47,0.0,2.47,0.0,2.47,2.47,2.47,2.47,0.0,2.47,-0.03,0.0,194246,241105,0.0,0.0,0.0,1.25,unspecified,False,0.5,0.48,0.56,0.42,0.454,0.97,1.0,0.78,0.765,0.0,0.0,0.0,0.0,0.0,1.0,0.761,30.159,28.116,65.5,59.82,4.341,12.064,0.251,0.0,1.0,0.841,1.0,1.0,0.0,0.001,0.6695,0.6717,0.0023,0.6717,1.9916,0.1781,2.102,2.187,0.0005,0.6729,2.47,-0.03,0.0,2.102,2.187,0.0005,0.6729,0.6061,0.3175,0.1193,0.7247,0.2303,3.05,0.605,urbanizing-majority,0.0,0.1535,0.8539,0.6744,0.7942,0.4347,0.2402,0.0029,59.82,False
LAO,Laos,Katong (Lao Theung),majority,2.4,2.22,2.4,2.22,2.2,2.17,-0.03,2.17,0.0,2.17,0.0,2.18,2.17,2.17,2.18,0.0,2.18,-0.02,0.0,170936,212172,0.0,0.0,0.0,1.25,unspecified,False,0.5,0.48,0.56,0.42,0.454,0.96,1.0,0.78,0.763,0.0,0.0,0.0,0.0,0.0,1.0,0.761,30.159,28.116,65.5,59.82,4.341,12.064,0.251,0.0,1.0,0.841,1.0,1.0,0.0,0.001,0.6695,0.6717,0.0023,0.6717,1.9916,0.1781,2.102,2.187,0.0005,0.6729,2.18,-0.02,0.0,2.102,2.187,0.0005,0.6729,0.6061,0.3175,0.1193,0.7247,0.2303,3.05,0.605,urbanizing-majority,0.0,0.1535,0.8539,0.6744,0.7942,0.4347,0.2402,0.0029,59.82,False
LAO,Laos,Other,assimilating,2.4,2.22,2.4,2.22,15.4,14.99,-0.41,14.99,0.0,14.99,0.0,14.99,14.98,14.98,14.99,0.01,15.22,-0.18,0.23,1196553,1462142,0.0,0.0,0.0,1.25,unspecified,False,0.5,0.48,0.56,0.42,0.454,1.156,1.0,0.78,0.806,0.0,0.0,0.0,0.0,0.0,1.0,0.761,30.159,28.116,65.5,59.82,4.341,12.064,0.251,0.0,1.0,0.841,1.0,1.0,0.0,0.001,0.6695,0.6717,0.0023,0.6717,1.9916,0.1781,2.102,2.187,0.0005,0.6729,15.22,-0.18,0.23,2.102,2.187,0.0005,0.6729,0.6061,0.3175,0.1193,0.7247,0.2303,3.05,0.605,urbanizing-majority,0.0,0.1535,0.8539,0.6744,0.7942,0.4347,0.2402,0.0029,59.82,False
LBN,Lebanon,Lebanese Arab (Sunni Muslim),majority,2.1,2.1,2.1,2.1,27.0,27.23,0.23,27.25,-0.02,27.23,0.0,27.23,27.23,27.23,27.23,0.0,27.22,0.22,-0.01,1567610,1905820,0.0,0.0,0.0,1.25,unspecified,False,0.5,0.48,0.56,0.42,0.454,1.22,1.0,0.78,0.821,0.0,0.0,0.0,0.0,0.0,1.0,0.761,26.684,19.619,63.5,57.5,9.816,22.881,0.251,0.007,0.998,0.834,1.0,1.0,0.0,0.001,0.7619,0.7598,-0.0021,0.7598,2.3463,0.1588,2.179,2.317,0.0005,0.76,27.22,0.22,-0.01,2.179,2.317,0.0005,0.76,0.6542,0.297,0.1141,0.7583,0.2155,4.16,0.55,mixed-rural-urban,0.0,0.0162,0.8965,0.6984,0.724,0.5853,0.3632,0.4946,57.5,False
LBN,Lebanon,Lebanese Arab (Shia Muslim),majority,2.1,2.1,2.1,2.1,33.0,33.3,0.3,33.32,-0.02,33.3,0.0,33.3,33.3,33.3,33.3,0.0,33.28,0.28,-0.03,1915967,2330925,0.0,0.0,0.0,1.25,unspecified,False,0.5,0.48,0.56,0.42,0.454,1.243,1.0,0.78,0.826,0.0,0.0,0.0,0.0,0.0,1.0,0.761,26.684,19.619,63.5,57.5,9.816,22.881,0.251,0.007,0.998,0.834,1.0,1.0,0.0,0.001,0.7619,0.7598,-0.0021,0.7598,2.3463,0.1588,2.179,2.317,0.0005,0.76,33.28,0.28,-0.03,2.179,2.317,0.0005,0.76,0.6542,0.297,0.1141,0.7583,0.2155,4.16,0.55,mixed-rural-urban,0.0,0.0162,0.8965,0.6984,0.724,0.5853,0.3632,0.4946,57.5,True
LBN,Lebanon,Lebanese Arab (Maronite Christian),low_fertility,2.1,2.1,2.1,2.1,21.0,20.83,-0.17,20.84,-0.01,20.83,0.0,20.83,20.82,20.82,20.83,0.0,20.82,-0.18,-0.01,1219252,1457602,0.0,0.0,0.0,1.25,unspecified,False,0.5,0.48,0.56,0.42,0.454,1.191,1.0,0.78,0.814,0.0,0.0,0.0,0.0,0.0,1.0,0.761,26.684,19.619,63.5,57.5,9.816,22.881,0.251,0.007,0.998,0.834,1.0,1.0,0.0,0.001,0.7619,0.7598,-0.0021,0.7598,2.3463,0.1588,2.179,2.317,0.0005,0.76,20.82,-0.18,-0.01,2.179,2.317,0.0005,0.76,0.6542,0.297,0.1141,0.7583,0.2155,4.16,0.55,mixed-rural-urban,0.0,0.0162,0.8965,0.6984,0.724,0.5853,0.3632,0.4946,57.5,False
LBN,Lebanon,Lebanese Arab (Orthodox/Greek Catholic Christian),low_fertility,2.1,2.1,2.1,2.1,9.0,8.93,-0.07,8.93,-0.01,8.93,0.0,8.93,8.92,8.92,8.93,0.0,8.92,-0.08,-0.0,522537,624687,0.0,0.0,0.0,1.25,unspecified,False,0.5,0.48,0.56,0.42,0.454,1.096,1.0,0.78,0.793,0.0,0.0,0.0,0.0,0.0,1.0,0.761,26.684,19.619,63.5,57.5,9.816,22.881,0.251,0.007,0.998,0.834,1.0,1.0,0.0,0.001,0.7619,0.7598,-0.0021,0.7598,2.3463,0.1588,2.179,2.317,0.0005,0.76,8.92,-0.08,-0.0,2.179,2.317,0.0005,0.76,0.6542,0.297,0.1141,0.7583,0.2155,4.16,0.55,mixed-rural-urban,0.0,0.0162,0.8965,0.6984,0.724,0.5853,0.3632,0.4946,57.5,False
LBN,Lebanon,Druze,majority,2.1,2.1,2.1,2.1,5.0,5.04,0.04,5.05,-0.0,5.04,0.0,5.04,5.04,5.04,5.04,0.0,5.04,0.04,-0.0,290298,352930,0.0,0.0,0.0,1.25,unspecified,False,0.5,0.48,0.56,0.42,0.454,1.035,1.0,0.78,0.78,0.0,0.0,0.0,0.0,0.0,1.0,0.761,26.684,19.619,63.5,57.5,9.816,22.881,0.251,0.007,0.998,0.834,1.0,1.0,0.0,0.001,0.7619,0.7598,-0.0021,0.7598,2.3463,0.1588,2.179,2.317,0.0005,0.76,5.04,0.04,-0.0,2.179,2.317,0.0005,0.76,0.6542,0.297,0.1141,0.7583,0.2155,4.16,0.55,mixed-rural-urban,0.0,0.0162,0.8965,0.6984,0.724,0.5853,0.3632,0.4946,57.5,False
LBN,Lebanon,Armenian,low_fertility,1.7,1.94,2.1,2.1,4.0,3.53,-0.47,3.53,-0.0,3.53,0.0,3.55,3.51,3.51,3.55,0.04,3.58,-0.42,0.05,232238,247070,0.0,0.0,0.0,1.25,unspecified,False,0.5,0.48,0.56,0.42,0.454,1.013,1.0,0.78,0.775,0.0,0.0,0.0,0.0,0.0,1.0,0.761,26.684,19.619,63.5,57.5,9.816,22.881,0.251,0.007,0.998,0.834,1.0,1.0,0.0,0.001,0.7619,0.7598,-0.0021,0.7598,2.3463,0.1588,2.179,2.317,0.0005,0.76,3.58,-0.42,0.05,2.179,2.317,0.0005,0.76,0.6542,0.297,0.1141,0.7583,0.2155,4.16,0.55,mixed-rural-urban,0.0,0.0162,0.8965,0.6984,0.724,0.5853,0.3632,0.4946,57.5,False
LBN,Lebanon,Syrian refugee,immigrant,2.5,2.26,2.1,2.1,0.6,0.72,0.12,0.66,0.06,0.72,0.0,0.7,0.75,0.7,0.75,0.05,0.72,0.12,0.0,34836,50523,0.0,0.0,0.0,1.25,SYR,True,0.672,0.726,0.6,0.74,0.454,0.876,1.0,0.78,0.812,0.0,0.0,0.0,0.0,0.0,1.0,0.761,26.684,19.619,63.5,57.5,9.816,22.881,0.251,0.007,0.998,0.834,1.0,1.0,0.0,0.001,0.7619,0.7598,-0.0021,0.7598,2.3463,0.1588,2.179,2.317,0.0005,0.76,0.72,0.12,0.0,2.179,2.317,0.0005,0.76,0.6542,0.297,0.1141,0.7583,0.2155,4.16,0.55,mixed-rural-urban,0.0,0.0162,0.8965,0.6984,0.724,0.5853,0.3632,0.4946,57.5,False
LBN,Lebanon,Palestinian refugee,high_fertility,2.45,2.24,2.1,2.1,0.2,0.23,0.03,0.23,-0.0,0.23,0.0,0.23,0.23,0.23,0.23,0.0,0.22,0.02,-0.0,11612,15808,0.0,0.0,0.0,1.25,unspecified,False,0.5,0.48,0.56,0.42,0.454,0.842,1.0,0.78,0.737,0.0,0.0,0.0,0.0,0.0,1.0,0.761,26.684,19.619,63.5,57.5,9.816,22.881,0.251,0.007,0.998,0.834,1.0,1.0,0.0,0.001,0.7619,0.7598,-0.0021,0.7598,2.3463,0.1588,2.179,2.317,0.0005,0.76,0.22,0.02,-0.0,2.179,2.317,0.0005,0.76,0.6542,0.297,0.1141,0.7583,0.2155,4.16,0.55,mixed-rural-urban,0.0,0.0162,0.8965,0.6984,0.724,0.5853,0.3632,0.4946,57.5,False
LBN,Lebanon,Other,assimilating,2.1,2.1,2.1,2.1,0.2,0.2,-0.0,0.2,-0.0,0.2,0.0,0.2,0.2,0.2,0.2,0.0,0.2,0.0,0.0,11612,13898,0.0,0.0,0.0,1.25,unspecified,False,0.5,0.48,0.56,0.42,0.454,0.842,1.0,0.78,0.737,0.0,0.0,0.0,0.0,0.0,1.0,0.761,26.684,19.619,63.5,57.5,9.816,22.881,0.251,0.007,0.998,0.834,1.0,1.0,0.0,0.001,0.7619,0.7598,-0.0021,0.7598,2.3463,0.1588,2.179,2.317,0.0005,0.76,0.2,0.0,0.0,2.179,2.317,0.0005,0.76,0.6542,0.297,0.1141,0.7583,0.2155,4.16,0.55,mixed-rural-urban,0.0,0.0162,0.8965,0.6984,0.724,0.5853,0.3632,0.4946,57.5,False
LBR,Liberia,Kpelle,majority,4.1,3.2,4.1,3.2,20.3,20.27,-0.03,20.27,0.0,20.27,0.0,20.27,20.27,20.27,20.27,0.0,20.27,-0.03,0.0,1139401,1806119,0.0,0.0,0.0,1.25,unspecified,False,0.5,0.48,0.56,0.42,0.454,1.187,1.0,0.78,0.813,0.0,0.0,0.769,0.0,0.0,1.0,0.761,41.654,42.794,56.0,52.24,2.345,4.966,0.251,0.0,1.0,0.779,1.0,1.0,0.0,0.001,0.8658,0.8656,-0.0002,0.8656,3.0132,0.3003,2.246,2.462,0.0005,0.8656,20.27,-0.03,0.0,2.246,2.462,0.0005,0.8656,0.3899,0.2617,0.1098,0.6471,0.2521,7.44,0.455,mixed-rural-urban,0.0,0.0751,0.6923,0.5903,0.4901,0.1193,0.697,0.0,52.24,False
LBR,Liberia,Bassa,majority,4.1,3.2,4.1,3.2,13.4,13.38,-0.02,13.38,0.0,13.38,0.0,13.38,13.38,13.38,13.38,0.0,13.38,-0.02,0.0,752117,1192216,0.0,0.0,0.0,1.25,unspecified,False,0.5,0.48,0.56,0.42,0.454,1.14,1.0,0.78,0.803,0.0,0.0,0.769,0.0,0.0,1.0,0.761,41.654,42.794,56.0,52.24,2.345,4.966,0.251,0.0,1.0,0.779,1.0,1.0,0.0,0.001,0.8658,0.8656,-0.0002,0.8656,3.0132,0.3003,2.246,2.462,0.0005,0.8656,13.38,-0.02,0.0,2.246,2.462,0.0005,0.8656,0.3899,0.2617,0.1098,0.6471,0.2521,7.44,0.455,mixed-rural-urban,0.0,0.0751,0.6923,0.5903,0.4901,0.1193,0.697,0.0,52.24,False
LBR,Liberia,Grebo,majority,4.1,3.2,4.1,3.2,10.0,9.98,-0.02,9.98,0.0,9.98,0.0,9.98,9.98,9.98,9.98,0.0,9.98,-0.02,0.0,561281,889714,0.0,0.0,0.0,1.25,unspecified,False,0.5,0.48,0.56,0.42,0.454,1.108,1.0,0.78,0.796,0.0,0.0,0.769,0.0,0.0,1.0,0.761,41.654,42.794,56.0,52.24,2.345,4.966,0.251,0.0,1.0,0.779,1.0,1.0,0.0,0.001,0.8658,0.8656,-0.0002,0.8656,3.0132,0.3003,2.246,2.462,0.0005,0.8656,9.98,-0.02,0.0,2.246,2.462,0.0005,0.8656,0.3899,0.2617,0.1098,0.6471,0.2521,7.44,0.455,mixed-rural-urban,0.0,0.0751,0.6923,0.5903,0.4901,0.1193,0.697,0.0,52.24,False
LBR,Liberia,Gio,majority,4.1,3.2,4.1,3.2,8.0,7.99,-0.01,7.99,0.0,7.99,0.0,7.99,7.99,7.99,7.99,0.0,7.99,-0.01,0.0,449025,711771,0.0,0.0,0.0,1.25,unspecified,False,0.5,0.48,0.56,0.42,0.454,1.084,1.0,0.78,0.79,0.0,0.0,0.769,0.0,0.0,1.0,0.761,41.654,42.794,56.0,52.24,2.345,4.966,0.251,0.0,1.0,0.779,1.0,1.0,0.0,0.001,0.8658,0.8656,-0.0002,0.8656,3.0132,0.3003,2.246,2.462,0.0005,0.8656,7.99,-0.01,0.0,2.246,2.462,0.0005,0.8656,0.3899,0.2617,0.1098,0.6471,0.2521,7.44,0.455,mixed-rural-urban,0.0,0.0751,0.6923,0.5903,0.4901,0.1193,0.697,0.0,52.24,False
LBR,Liberia,Mano,majority,4.1,3.2,4.1,3.2,7.9,7.89,-0.01,7.89,0.0,7.89,0.0,7.89,7.89,7.89,7.89,0.0,7.89,-0.01,0.0,443412,702874,0.0,0.0,0.0,1.25,unspecified,False,0.5,0.48,0.56,0.42,0.454,1.082,1.0,0.78,0.79,0.0,0.0,0.769,0.0,0.0,1.0,0.761,41.654,42.794,56.0,52.24,2.345,4.966,0.251,0.0,1.0,0.779,1.0,1.0,0.0,0.001,0.8658,0.8656,-0.0002,0.8656,3.0132,0.3003,2.246,2.462,0.0005,0.8656,7.89,-0.01,0.0,2.246,2.462,0.0005,0.8656,0.3899,0.2617,0.1098,0.6471,0.2521,7.44,0.455,mixed-rural-urban,0.0,0.0751,0.6923,0.5903,0.4901,0.1193,0.697,0.0,52.24,False
LBR,Liberia,Kru,majority,4.1,3.2,4.1,3.2,6.0,5.99,-0.01,5.99,0.0,5.99,0.0,5.99,5.99,5.99,5.99,0.0,5.99,-0.01,0.0,336769,533828,0.0,0.0,0.0,1.25,unspecified,False,0.5,0.48,0.56,0.42,0.454,1.054,1.0,0.78,0.784,0.0,0.0,0.769,0.0,0.0,1.0,0.761,41.654,42.794,56.0,52.24,2.345,4.966,0.251,0.0,1.0,0.779,1.0,1.0,0.0,0.001,0.8658,0.8656,-0.0002,0.8656,3.0132,0.3003,2.246,2.462,0.0005,0.8656,5.99,-0.01,0.0,2.246,2.462,0.0005,0.8656,0.3899,0.2617,0.1098,0.6471,0.2521,7.44,0.455,mixed-rural-urban,0.0,0.0751,0.6923,0.5903,0.4901,0.1193,0.697,0.0,52.24,False
LBR,Liberia,Lorma,majority,4.1,3.2,4.1,3.2,4.8,4.79,-0.01,4.79,0.0,4.79,0.0,4.79,4.79,4.79,4.79,0.0,4.79,-0.01,0.0,269415,427063,0.0,0.0,0.0,1.25,unspecified,False,0.5,0.48,0.56,0.42,0.454,1.031,1.0,0.78,0.779,0.0,0.0,0.769,0.0,0.0,1.0,0.761,41.654,42.794,56.0,52.24,2.345,4.966,0.251,0.0,1.0,0.779,1.0,1.0,0.0,0.001,0.8658,0.8656,-0.0002,0.8656,3.0132,0.3003,2.246,2.462,0.0005,0.8656,4.79,-0.01,0.0,2.246,2.462,0.0005,0.8656,0.3899,0.2617,0.1098,0.6471,0.2521,7.44,0.455,mixed-rural-urban,0.0,0.0751,0.6923,0.5903,0.4901,0.1193,0.697,0.0,52.24,False
LBR,Liberia,Kissi,majority,4.1,3.2,4.1,3.2,4.6,4.59,-0.01,4.59,0.0,4.59,0.0,4.59,4.59,4.59,4.59,0.0,4.59,-0.01,0.0,258189,409268,0.0,0.0,0.0,1.25,unspecified,False,0.5,0.48,0.56,0.42,0.454,1.027,1.0,0.78,0.778,0.0,0.0,0.769,0.0,0.0,1.0,0.761,41.654,42.794,56.0,52.24,2.345,4.966,0.251,0.0,1.0,0.779,1.0,1.0,0.0,0.001,0.8658,0.8656,-0.0002,0.8656,3.0132,0.3003,2.246,2.462,0.0005,0.8656,4.59,-0.01,0.0,2.246,2.462,0.0005,0.8656,0.3899,0.2617,0.1098,0.6471,0.2521,7.44,0.455,mixed-rural-urban,0.0,0.0751,0.6923,0.5903,0.4901,0.1193,0.697,0.0,52.24,False
LBR,Liberia,Gola,majority,4.1,3.2,4.1,3.2,4.4,4.39,-0.01,4.39,0.0,4.39,0.0,4.39,4.39,4.39,4.39,0.0,4.39,-0.01,0.0,246964,391474,0.0,0.0,0.0,1.25,unspecified,False,0.5,0.48,0.56,0.42,0.454,1.022,1.0,0.78,0.777,0.0,0.0,0.769,0.0,0.0,1.0,0.761,41.654,42.794,56.0,52.24,2.345,4.966,0.251,0.0,1.0,0.779,1.0,1.0,0.0,0.001,0.8658,0.8656,-0.0002,0.8656,3.0132,0.3003,2.246,2.462,0.0005,0.8656,4.39,-0.01,0.0,2.246,2.462,0.0005,0.8656,0.3899,0.2617,0.1098,0.6471,0.2521,7.44,0.455,mixed-rural-urban,0.0,0.0751,0.6923,0.5903,0.4901,0.1193,0.697,0.0,52.24,False
LBR,Liberia,Other,assimilating,4.1,3.2,4.1,3.2,20.6,20.72,0.12,20.72,0.0,20.72,0.0,20.72,20.72,20.72,20.72,0.0,20.72,0.12,0.0,1156239,1846207,0.0,0.0,0.0,1.25,unspecified,False,0.5,0.48,0.56,0.42,0.454,1.189,1.0,0.78,0.814,0.0,0.0,0.769,0.0,0.0,1.0,0.761,41.654,42.794,56.0,52.24,2.345,4.966,0.251,0.0,1.0,0.779,1.0,1.0,0.0,0.001,0.8658,0.8656,-0.0002,0.8656,3.0132,0.3003,2.246,2.462,0.0005,0.8656,20.72,0.12,0.0,2.246,2.462,0.0005,0.8656,0.3899,0.2617,0.1098,0.6471,0.2521,7.44,0.455,mixed-rural-urban,0.0,0.0751,0.6923,0.5903,0.4901,0.1193,0.697,0.0,52.24,True
LBY,Libya,Arab (Sunni),majority,2.4,2.22,2.4,2.22,88.0,87.8,-0.2,88.05,-0.25,87.8,0.0,87.88,87.71,87.71,87.88,0.17,87.75,-0.25,-0.05,6495306,8130759,0.0,0.0,0.0,1.25,unspecified,False,0.5,0.48,0.56,0.42,0.454,1.3,1.0,0.78,0.839,0.0,0.0,0.0,0.0,0.0,1.0,0.761,26.314,22.848,66.0,61.6,7.686,15.553,0.251,0.037,0.971,0.851,1.0,1.0,0.0,0.001,0.2224,0.2258,0.0035,0.2258,0.5142,0.1165,1.639,1.561,0.0005,0.2267,87.75,-0.25,-0.05,1.639,1.561,0.0005,0.2267,0.6928,0.3379,0.058,0.7547,0.2298,1.29,0.696,urbanizing-majority,0.0,0.0569,0.8096,0.6962,0.8352,0.6202,0.1731,0.1615,61.6,True
LBY,Libya,Amazigh (Berber),majority,2.4,2.22,2.4,2.22,4.0,3.99,-0.01,4.0,-0.01,3.99,0.0,3.99,3.98,3.98,3.99,0.01,3.99,-0.01,-0.0,295241,369183,0.0,0.0,0.0,1.25,unspecified,False,0.5,0.48,0.56,0.42,0.454,1.013,1.0,0.78,0.775,0.0,0.0,0.0,0.0,0.0,1.0,0.761,26.314,22.848,66.0,61.6,7.686,15.553,0.251,0.037,0.971,0.851,1.0,1.0,0.0,0.001,0.2224,0.2258,0.0035,0.2258,0.5142,0.1165,1.639,1.561,0.0005,0.2267,3.99,-0.01,-0.0,1.639,1.561,0.0005,0.2267,0.6928,0.3379,0.058,0.7547,0.2298,1.29,0.696,urbanizing-majority,0.0,0.0569,0.8096,0.6962,0.8352,0.6202,0.1731,0.1615,61.6,False
LBY,Libya,Tuareg,majority,2.4,2.22,2.4,2.22,2.5,2.49,-0.01,2.5,-0.01,2.49,0.0,2.49,2.49,2.49,2.49,0.0,2.49,-0.01,-0.0,184526,230740,0.0,0.0,0.0,1.25,unspecified,False,0.5,0.48,0.56,0.42,0.454,0.97,1.0,0.78,0.765,0.0,0.0,0.0,0.0,0.0,1.0,0.761,26.314,22.848,66.0,61.6,7.686,15.553,0.251,0.037,0.971,0.851,1.0,1.0,0.0,0.001,0.2224,0.2258,0.0035,0.2258,0.5142,0.1165,1.639,1.561,0.0005,0.2267,2.49,-0.01,-0.0,1.639,1.561,0.0005,0.2267,0.6928,0.3379,0.058,0.7547,0.2298,1.29,0.696,urbanizing-majority,0.0,0.0569,0.8096,0.6962,0.8352,0.6202,0.1731,0.1615,61.6,False
LBY,Libya,Tebu,majority,2.4,2.22,2.4,2.22,2.0,1.99,-0.01,2.0,-0.01,1.99,0.0,2.0,1.99,1.99,2.0,0.0,1.99,-0.01,-0.0,147621,184592,0.0,0.0,0.0,1.25,unspecified,False,0.5,0.48,0.56,0.42,0.454,0.952,1.0,0.78,0.761,0.0,0.0,0.0,0.0,0.0,1.0,0.761,26.314,22.848,66.0,61.6,7.686,15.553,0.251,0.037,0.971,0.851,1.0,1.0,0.0,0.001,0.2224,0.2258,0.0035,0.2258,0.5142,0.1165,1.639,1.561,0.0005,0.2267,1.99,-0.01,-0.0,1.639,1.561,0.0005,0.2267,0.6928,0.3379,0.058,0.7547,0.2298,1.29,0.696,urbanizing-majority,0.0,0.0569,0.8096,0.6962,0.8352,0.6202,0.1731,0.1615,61.6,False
LBY,Libya,Sub-Saharan migrant,immigrant,2.4,2.22,2.4,2.22,2.0,2.13,0.13,1.97,0.16,2.13,0.0,2.08,2.19,2.08,2.19,0.11,2.16,0.16,0.03,147621,197375,0.0,0.0,0.0,1.25,unspecified,True,0.5,0.48,0.56,0.42,0.454,0.952,1.0,0.78,0.761,0.0,0.0,0.0,0.0,0.0,1.0,0.761,26.314,22.848,66.0,61.6,7.686,15.553,0.251,0.037,0.971,0.851,1.0,1.0,0.0,0.001,0.2224,0.2258,0.0035,0.2258,0.5142,0.1165,1.639,1.561,0.0005,0.2267,2.16,0.16,0.03,1.639,1.561,0.0005,0.2267,0.6928,0.3379,0.058,0.7547,0.2298,1.29,0.696,urbanizing-majority,0.0,0.0569,0.8096,0.6962,0.8352,0.6202,0.1731,0.1615,61.6,False
LBY,Libya,Other,immigrant,2.4,2.22,2.4,2.22,1.5,1.6,0.1,1.48,0.12,1.6,0.0,1.56,1.64,1.56,1.64,0.08,1.62,0.12,0.02,110715,147961,0.0,0.0,0.0,1.25,unspecified,True,0.5,0.48,0.56,0.42,0.454,0.93,1.0,0.78,0.756,0.0,0.0,0.0,0.0,0.0,1.0,0.761,26.314,22.848,66.0,61.6,7.686,15.553,0.251,0.037,0.971,0.851,1.0,1.0,0.0,0.001,0.2224,0.2258,0.0035,0.2258,0.5142,0.1165,1.639,1.561,0.0005,0.2267,1.62,0.12,0.02,1.639,1.561,0.0005,0.2267,0.6928,0.3379,0.058,0.7547,0.2298,1.29,0.696,urbanizing-majority,0.0,0.0569,0.8096,0.6962,0.8352,0.6202,0.1731,0.1615,61.6,False
LCA,Saint Lucia,Black/African descent,majority,1.4,1.61,1.4,1.61,85.3,85.34,0.04,85.5,-0.16,85.34,0.0,85.39,85.28,85.28,85.39,0.11,85.16,-0.14,-0.17,153328,146854,0.367,0.0,0.0,1.823,unspecified,False,0.5,0.48,0.56,0.42,0.579,1.3,1.0,0.78,0.918,0.0,0.0,0.0,0.0,0.0,1.0,0.761,21.468,18.327,65.0,68.2,13.532,13.473,0.251,0.018,0.991,0.878,1.0,1.128,0.0,0.001,0.2598,0.2595,-0.0003,0.2595,0.5668,0.136,1.601,1.614,0.0005,0.2621,85.16,-0.14,-0.17,1.601,1.614,0.0005,0.2621,0.7767,0.4426,0.1972,0.7981,0.2404,1.35,0.55,mixed-rural-urban,0.165,0.1189,0.9021,0.8028,0.8996,0.7291,0.0241,0.067,68.2,True
LCA,Saint Lucia,Mixed,assimilating,1.4,1.61,1.4,1.61,10.9,10.71,-0.19,10.73,-0.02,10.71,0.0,10.71,10.7,10.7,10.71,0.01,10.85,-0.05,0.15,19593,18425,0.367,0.0,0.0,1.823,unspecified,False,0.5,0.48,0.56,0.42,0.579,1.117,1.0,0.78,0.866,0.0,0.0,0.0,0.0,0.0,1.0,0.761,21.468,18.327,65.0,68.2,13.532,13.473,0.251,0.018,0.991,0.878,1.0,1.128,0.0,0.001,0.2598,0.2595,-0.0003,0.2595,0.5668,0.136,1.601,1.614,0.0005,0.2621,10.85,-0.05,0.15,1.601,1.614,0.0005,0.2621,0.7767,0.4426,0.1972,0.7981,0.2404,1.35,0.55,mixed-rural-urban,0.165,0.1189,0.9021,0.8028,0.8996,0.7291,0.0241,0.067,68.2,False
LCA,Saint Lucia,East Indian,majority,1.4,1.61,1.4,1.61,2.2,2.19,-0.01,2.2,-0.0,2.19,0.0,2.19,2.19,2.19,2.19,0.0,2.19,-0.01,-0.0,3955,3774,0.367,0.0,0.0,1.823,IND;PAK;BGD;LKA;NPL,False,0.718,0.719,0.752,0.684,0.579,0.96,1.0,0.78,0.94,0.0,0.0,0.0,0.0,0.0,1.0,0.761,21.468,18.327,65.0,68.2,13.532,13.473,0.251,0.018,0.991,0.878,1.0,1.128,0.0,0.001,0.2598,0.2595,-0.0003,0.2595,0.5668,0.136,1.601,1.614,0.0005,0.2621,2.19,-0.01,-0.0,1.601,1.614,0.0005,0.2621,0.7767,0.4426,0.1972,0.7981,0.2404,1.35,0.55,mixed-rural-urban,0.165,0.1189,0.9021,0.8028,0.8996,0.7291,0.0241,0.067,68.2,False
LCA,Saint Lucia,Other,immigrant,1.4,1.61,1.4,1.61,1.6,1.76,0.16,1.58,0.18,1.76,0.0,1.71,1.83,1.71,1.83,0.12,1.79,0.19,0.03,2876,3033,0.367,0.0,0.0,1.823,unspecified,True,0.5,0.48,0.56,0.42,0.579,0.935,1.0,0.78,0.814,0.0,0.0,0.0,0.0,0.0,1.0,0.761,21.468,18.327,65.0,68.2,13.532,13.473,0.251,0.018,0.991,0.878,1.0,1.128,0.0,0.001,0.2598,0.2595,-0.0003,0.2595,0.5668,0.136,1.601,1.614,0.0005,0.2621,1.79,0.19,0.03,1.601,1.614,0.0005,0.2621,0.7767,0.4426,0.1972,0.7981,0.2404,1.35,0.55,mixed-rural-urban,0.165,0.1189,0.9021,0.8028,0.8996,0.7291,0.0241,0.067,68.2,False
LIE,Liechtenstein,Liechtensteiner,majority,1.3,1.54,1.3,1.54,66.0,65.96,-0.04,66.47,-0.51,65.96,0.0,66.11,65.77,65.77,66.11,0.34,65.53,-0.47,-0.43,26331,28376,0.343,0.0,0.0,1.786,unspecified,False,0.5,0.48,0.56,0.42,0.57,1.3,1.0,0.78,0.913,0.0,0.0,0.0,0.0,0.0,1.0,0.761,27.991,20.517,65.0,64.4,7.009,15.083,0.251,0.302,0.22,0.904,1.0,1.12,0.0,0.001,0.5374,0.5387,0.0013,0.5387,1.4657,0.1313,1.921,2.002,0.0005,0.5435,65.53,-0.47,-0.43,1.921,2.002,0.0005,0.5435,0.8045,0.433,0.1912,0.8318,0.213,2.17,0.55,mixed-rural-urban,0.154,0.0076,0.9788,0.8639,1.0,0.7783,0.1024,0.1401,64.4,True
LIE,Liechtenstein,Swiss,immigrant,1.2,1.5,1.3,1.54,9.0,8.64,-0.36,8.48,0.16,8.64,0.0,8.61,8.68,8.61,8.68,0.07,8.81,-0.19,0.17,3591,3717,0.343,0.0,0.0,1.786,unspecified,True,0.5,0.48,0.56,0.42,0.57,1.096,1.0,0.78,0.856,0.0,0.0,0.0,0.0,0.0,1.0,0.761,27.991,20.517,65.0,64.4,7.009,15.083,0.251,0.302,0.22,0.904,1.0,1.12,0.0,0.001,0.5374,0.5387,0.0013,0.5387,1.4657,0.1313,1.921,2.002,0.0005,0.5435,8.81,-0.19,0.17,1.921,2.002,0.0005,0.5435,0.8045,0.433,0.1912,0.8318,0.213,2.17,0.55,mixed-rural-urban,0.154,0.0076,0.9788,0.8639,1.0,0.7783,0.1024,0.1401,64.4,False
LIE,Liechtenstein,Austrian / German,immigrant,1.2,1.5,1.3,1.54,8.0,7.68,-0.32,7.54,0.14,7.68,0.0,7.65,7.71,7.65,7.71,0.06,7.83,-0.17,0.15,3192,3303,0.343,0.0,0.0,1.786,unspecified,True,0.5,0.48,0.56,0.42,0.57,1.084,1.0,0.78,0.852,0.0,0.0,0.0,0.0,0.0,1.0,0.761,27.991,20.517,65.0,64.4,7.009,15.083,0.251,0.302,0.22,0.904,1.0,1.12,0.0,0.001,0.5374,0.5387,0.0013,0.5387,1.4657,0.1313,1.921,2.002,0.0005,0.5435,7.83,-0.17,0.15,1.921,2.002,0.0005,0.5435,0.8045,0.433,0.1912,0.8318,0.213,2.17,0.55,mixed-rural-urban,0.154,0.0076,0.9788,0.8639,1.0,0.7783,0.1024,0.1401,64.4,False
LIE,Liechtenstein,Italian,immigrant,1.2,1.5,1.3,1.54,4.0,3.84,-0.16,3.77,0.07,3.84,0.0,3.82,3.85,3.82,3.85,0.03,3.91,-0.09,0.08,1596,1651,0.343,0.0,0.0,1.786,unspecified,True,0.5,0.48,0.56,0.42,0.57,1.013,1.0,0.78,0.833,0.0,0.0,0.0,0.0,0.0,1.0,0.761,27.991,20.517,65.0,64.4,7.009,15.083,0.251,0.302,0.22,0.904,1.0,1.12,0.0,0.001,0.5374,0.5387,0.0013,0.5387,1.4657,0.1313,1.921,2.002,0.0005,0.5435,3.91,-0.09,0.08,1.921,2.002,0.0005,0.5435,0.8045,0.433,0.1912,0.8318,0.213,2.17,0.55,mixed-rural-urban,0.154,0.0076,0.9788,0.8639,1.0,0.7783,0.1024,0.1401,64.4,False
LIE,Liechtenstein,Turkish,high_fertility,2.05,1.84,1.3,1.54,3.0,3.89,0.89,3.93,-0.03,3.89,0.0,3.87,3.92,3.87,3.92,0.05,3.78,0.78,-0.12,1197,1676,0.343,0.0,0.0,1.786,unspecified,False,0.5,0.48,0.56,0.42,0.57,0.986,1.0,0.78,0.825,0.0,0.0,0.0,0.0,0.0,1.0,0.761,27.991,20.517,65.0,64.4,7.009,15.083,0.251,0.302,0.22,0.904,1.0,1.12,0.0,0.001,0.5374,0.5387,0.0013,0.5387,1.4657,0.1313,1.921,2.002,0.0005,0.5435,3.78,0.78,-0.12,1.921,2.002,0.0005,0.5435,0.8045,0.433,0.1912,0.8318,0.213,2.17,0.55,mixed-rural-urban,0.154,0.0076,0.9788,0.8639,1.0,0.7783,0.1024,0.1401,64.4,False
LIE,Liechtenstein,Other,immigrant,1.3,1.54,1.3,1.54,10.0,10.0,-0.0,9.82,0.18,10.0,0.0,9.94,10.06,9.94,10.06,0.12,10.14,0.14,0.14,3990,4301,0.343,0.0,0.0,1.786,unspecified,True,0.5,0.48,0.56,0.42,0.57,1.108,1.0,0.78,0.859,0.0,0.0,0.0,0.0,0.0,1.0,0.761,27.991,20.517,65.0,64.4,7.009,15.083,0.251,0.302,0.22,0.904,1.0,1.12,0.0,0.001,0.5374,0.5387,0.0013,0.5387,1.4657,0.1313,1.921,2.002,0.0005,0.5435,10.14,0.14,0.14,1.921,2.002,0.0005,0.5435,0.8045,0.433,0.1912,0.8318,0.213,2.17,0.55,mixed-rural-urban,0.154,0.0076,0.9788,0.8639,1.0,0.7783,0.1024,0.1401,64.4,False
LKA,Sri Lanka,Sinhalese,majority,1.9,1.96,1.9,1.96,74.5,74.03,-0.47,74.03,0.0,74.03,0.0,74.05,74.0,74.0,74.05,0.05,74.11,-0.39,0.08,17212153,18368824,0.086,0.0,0.0,1.384,unspecified,False,0.5,0.48,0.56,0.42,0.483,1.3,1.0,0.78,0.857,0.0,0.0,0.59,0.0,0.0,1.0,0.761,21.162,14.631,65.5,60.3,13.338,25.069,0.251,0.0,1.0,0.858,1.0,1.03,0.0,0.001,0.4222,0.4273,0.0051,0.4273,1.0515,0.1558,1.788,1.841,0.0005,0.4264,74.11,-0.39,0.08,1.788,1.841,0.0005,0.4264,0.7057,0.331,0.1337,0.8007,0.1936,1.75,0.55,mixed-rural-urban,0.039,0.051,0.9156,0.7955,0.7765,0.6397,0.3413,0.594,60.3,True
LKA,Sri Lanka,Sri Lankan Tamil,low_fertility,1.5,1.8,1.9,1.96,11.2,9.64,-1.56,9.64,0.0,9.64,0.0,9.69,9.58,9.58,9.69,0.11,9.81,-1.39,0.17,2587599,2391441,0.086,0.0,0.0,1.384,unspecified,False,0.5,0.48,0.56,0.42,0.483,1.12,1.0,0.78,0.815,0.0,0.0,0.59,0.0,0.0,1.0,0.761,21.162,14.631,65.5,60.3,13.338,25.069,0.251,0.0,1.0,0.858,1.0,1.03,0.0,0.001,0.4222,0.4273,0.0051,0.4273,1.0515,0.1558,1.788,1.841,0.0005,0.4264,9.81,-1.39,0.17,1.788,1.841,0.0005,0.4264,0.7057,0.331,0.1337,0.8007,0.1936,1.75,0.55,mixed-rural-urban,0.039,0.051,0.9156,0.7955,0.7765,0.6397,0.3413,0.594,60.3,False
LKA,Sri Lanka,Sri Lankan Moor (Muslim),high_fertility,2.85,2.34,1.9,1.96,9.2,11.87,2.67,11.87,0.0,11.87,0.0,11.76,11.97,11.76,11.97,0.21,11.55,2.35,-0.32,2125528,2944646,0.086,0.0,0.0,1.384,unspecified,False,0.5,0.48,0.56,0.42,0.483,1.099,1.0,0.78,0.809,0.0,0.0,0.59,0.0,0.0,1.0,0.761,21.162,14.631,65.5,60.3,13.338,25.069,0.251,0.0,1.0,0.858,1.0,1.03,0.0,0.001,0.4222,0.4273,0.0051,0.4273,1.0515,0.1558,1.788,1.841,0.0005,0.4264,11.55,2.35,-0.32,1.788,1.841,0.0005,0.4264,0.7057,0.331,0.1337,0.8007,0.1936,1.75,0.55,mixed-rural-urban,0.039,0.051,0.9156,0.7955,0.7765,0.6397,0.3413,0.594,60.3,False
LKA,Sri Lanka,Indian Tamil,low_fertility,1.5,1.8,1.9,1.96,4.2,3.61,-0.59,3.61,0.0,3.61,0.0,3.63,3.59,3.59,3.63,0.04,3.68,-0.52,0.06,970350,896790,0.086,0.0,0.0,1.384,IND;PAK;BGD;LKA;NPL,False,0.718,0.719,0.752,0.684,0.483,1.018,1.0,0.78,0.895,0.0,0.0,0.59,0.0,0.0,1.0,0.761,21.162,14.631,65.5,60.3,13.338,25.069,0.251,0.0,1.0,0.858,1.0,1.03,0.0,0.001,0.4222,0.4273,0.0051,0.4273,1.0515,0.1558,1.788,1.841,0.0005,0.4264,3.68,-0.52,0.06,1.788,1.841,0.0005,0.4264,0.7057,0.331,0.1337,0.8007,0.1936,1.75,0.55,mixed-rural-urban,0.039,0.051,0.9156,0.7955,0.7765,0.6397,0.3413,0.594,60.3,False
LKA,Sri Lanka,Malay,majority,1.9,1.96,1.9,1.96,0.5,0.5,-0.0,0.5,0.0,0.5,0.0,0.5,0.5,0.5,0.5,0.0,0.5,-0.0,0.0,115518,123281,0.086,0.0,0.0,1.384,unspecified,False,0.5,0.48,0.56,0.42,0.483,0.869,1.0,0.78,0.755,0.0,0.0,0.59,0.0,0.0,1.0,0.761,21.162,14.631,65.5,60.3,13.338,25.069,0.251,0.0,1.0,0.858,1.0,1.03,0.0,0.001,0.4222,0.4273,0.0051,0.4273,1.0515,0.1558,1.788,1.841,0.0005,0.4264,0.5,-0.0,0.0,1.788,1.841,0.0005,0.4264,0.7057,0.331,0.1337,0.8007,0.1936,1.75,0.55,mixed-rural-urban,0.039,0.051,0.9156,0.7955,0.7765,0.6397,0.3413,0.594,60.3,False
LKA,Sri Lanka,Burgher (mixed Dutch/Portuguese),low_fertility,1.5,1.8,1.9,1.96,0.3,0.26,-0.04,0.26,0.0,0.26,0.0,0.26,0.26,0.26,0.26,0.0,0.26,-0.04,0.0,69311,64056,0.086,0.0,0.0,1.384,unspecified,False,0.5,0.48,0.56,0.42,0.483,0.851,1.0,0.78,0.751,0.0,0.0,0.59,0.0,0.0,1.0,0.761,21.162,14.631,65.5,60.3,13.338,25.069,0.251,0.0,1.0,0.858,1.0,1.03,0.0,0.001,0.4222,0.4273,0.0051,0.4273,1.0515,0.1558,1.788,1.841,0.0005,0.4264,0.26,-0.04,0.0,1.788,1.841,0.0005,0.4264,0.7057,0.331,0.1337,0.8007,0.1936,1.75,0.55,mixed-rural-urban,0.039,0.051,0.9156,0.7955,0.7765,0.6397,0.3413,0.594,60.3,False
LKA,Sri Lanka,Vedda (indigenous),majority,1.9,1.96,1.9,1.96,0.1,0.1,-0.0,0.1,0.0,0.1,0.0,0.1,0.1,0.1,0.1,0.0,0.1,-0.0,0.0,23104,24656,0.086,0.0,0.0,1.384,unspecified,False,0.5,0.48,0.56,0.42,0.483,0.831,1.0,0.78,0.746,0.0,0.0,0.59,0.0,0.0,1.0,0.761,21.162,14.631,65.5,60.3,13.338,25.069,0.251,0.0,1.0,0.858,1.0,1.03,0.0,0.001,0.4222,0.4273,0.0051,0.4273,1.0515,0.1558,1.788,1.841,0.0005,0.4264,0.1,-0.0,0.0,1.788,1.841,0.0005,0.4264,0.7057,0.331,0.1337,0.8007,0.1936,1.75,0.55,mixed-rural-urban,0.039,0.051,0.9156,0.7955,0.7765,0.6397,0.3413,0.594,60.3,False
LSO,Lesotho,Sotho (Basotho),majority,3.0,2.6,3.0,2.6,99.7,99.68,-0.02,99.71,-0.02,99.68,0.0,99.69,99.67,99.67,99.69,0.02,99.68,-0.02,-0.0,2330416,2983589,0.0,0.0,0.0,1.25,unspecified,False,0.5,0.48,0.56,0.42,0.454,1.3,1.0,0.78,0.839,0.0,0.0,0.0,0.0,0.0,1.0,0.761,33.36,33.045,63.0,58.68,3.64,8.275,0.251,0.003,0.999,0.813,1.0,1.0,0.0,0.001,0.006,0.0063,0.0003,0.0063,0.0127,0.2146,1.204,1.258,0.0005,0.0064,99.68,-0.02,-0.0,1.204,1.258,0.0005,0.0064,0.549,0.227,0.1103,0.7129,0.2135,1.01,0.358,rural-heavy,0.0,0.0849,0.6117,0.6798,0.6155,0.3318,0.371,0.0,58.68,True
LSO,Lesotho,Other,immigrant,3.0,2.6,3.0,2.6,0.3,0.32,0.02,0.29,0.02,0.32,0.0,0.31,0.33,0.31,0.33,0.02,0.32,0.02,0.0,7012,9499,0.0,0.0,0.0,1.25,unspecified,True,0.5,0.48,0.56,0.42,0.454,0.851,1.0,0.78,0.739,0.0,0.0,0.0,0.0,0.0,1.0,0.761,33.36,33.045,63.0,58.68,3.64,8.275,0.251,0.003,0.999,0.813,1.0,1.0,0.0,0.001,0.006,0.0063,0.0003,0.0063,0.0127,0.2146,1.204,1.258,0.0005,0.0064,0.32,0.02,0.0,1.204,1.258,0.0005,0.0064,0.549,0.227,0.1103,0.7129,0.2135,1.01,0.358,rural-heavy,0.0,0.0849,0.6117,0.6798,0.6155,0.3318,0.371,0.0,58.68,False
LTU,Lithuania,Lithuanian,majority,1.4,1.61,1.4,1.61,84.6,86.03,1.43,86.45,-0.42,86.03,0.0,86.1,85.93,85.93,86.1,0.16,85.79,1.19,-0.24,2418809,1943223,0.661,0.543,0.222,2.561,unspecified,False,0.5,0.48,0.56,0.42,0.762,1.3,1.0,0.78,1.034,0.0,0.0,0.0,0.0,0.0,1.0,0.761,8.769,4.449,63.0,62.68,28.231,32.871,0.251,0.034,0.975,0.902,1.0,1.276,0.0,0.001,0.2766,0.2538,-0.0228,0.2538,0.5788,0.1661,1.75,1.637,0.0005,0.2577,85.79,1.19,-0.24,1.75,1.637,0.0005,0.2577,0.7476,0.6214,0.1652,0.844,0.2205,1.34,0.785,metropolitan-heavy,0.142,0.0131,0.8766,0.9333,0.9154,0.7011,0.424,0.9487,62.68,True
LTU,Lithuania,Polish,low_fertility,1.0,1.45,1.4,1.61,6.5,5.5,-1.0,5.52,-0.03,5.5,0.0,5.54,5.45,5.45,5.54,0.09,5.6,-0.9,0.1,185842,124138,0.661,0.543,0.222,2.561,unspecified,False,0.5,0.48,0.56,0.42,0.762,1.062,1.0,0.78,0.946,0.0,0.0,0.0,0.0,0.0,1.0,0.761,8.769,4.449,63.0,62.68,28.231,32.871,0.251,0.034,0.975,0.902,1.0,1.276,0.0,0.001,0.2766,0.2538,-0.0228,0.2538,0.5788,0.1661,1.75,1.637,0.0005,0.2577,5.6,-0.9,0.1,1.75,1.637,0.0005,0.2577,0.7476,0.6214,0.1652,0.844,0.2205,1.34,0.785,metropolitan-heavy,0.142,0.0131,0.8766,0.9333,0.9154,0.7011,0.424,0.9487,62.68,False
LTU,Lithuania,Russian,low_fertility,1.0,1.45,1.4,1.61,5.0,4.23,-0.77,4.25,-0.02,4.23,0.0,4.26,4.19,4.19,4.26,0.07,4.31,-0.69,0.08,142956,95491,0.661,0.543,0.222,2.561,unspecified,False,0.5,0.48,0.56,0.42,0.762,1.035,1.0,0.78,0.936,0.0,0.0,0.0,0.0,0.0,1.0,0.761,8.769,4.449,63.0,62.68,28.231,32.871,0.251,0.034,0.975,0.902,1.0,1.276,0.0,0.001,0.2766,0.2538,-0.0228,0.2538,0.5788,0.1661,1.75,1.637,0.0005,0.2577,4.31,-0.69,0.08,1.75,1.637,0.0005,0.2577,0.7476,0.6214,0.1652,0.844,0.2205,1.34,0.785,metropolitan-heavy,0.142,0.0131,0.8766,0.9333,0.9154,0.7011,0.424,0.9487,62.68,False
LTU,Lithuania,Belarusian,low_fertility,1.0,1.45,1.4,1.61,1.0,0.85,-0.15,0.85,-0.0,0.85,0.0,0.85,0.84,0.84,0.85,0.01,0.86,-0.14,0.02,28591,19098,0.661,0.543,0.222,2.561,unspecified,False,0.5,0.48,0.56,0.42,0.762,0.903,1.0,0.78,0.886,0.0,0.0,0.0,0.0,0.0,1.0,0.761,8.769,4.449,63.0,62.68,28.231,32.871,0.251,0.034,0.975,0.902,1.0,1.276,0.0,0.001,0.2766,0.2538,-0.0228,0.2538,0.5788,0.1661,1.75,1.637,0.0005,0.2577,0.86,-0.14,0.02,1.75,1.637,0.0005,0.2577,0.7476,0.6214,0.1652,0.844,0.2205,1.34,0.785,metropolitan-heavy,0.142,0.0131,0.8766,0.9333,0.9154,0.7011,0.424,0.9487,62.68,False
LTU,Lithuania,Other,immigrant,1.4,1.61,1.4,1.61,2.9,3.4,0.5,2.93,0.47,3.4,0.0,3.25,3.58,3.25,3.58,0.33,3.44,0.54,0.04,82914,76816,0.661,0.543,0.222,2.561,unspecified,True,0.5,0.48,0.56,0.42,0.762,0.983,1.0,0.78,0.916,0.0,0.0,0.0,0.0,0.0,1.0,0.761,8.769,4.449,63.0,62.68,28.231,32.871,0.251,0.034,0.975,0.902,1.0,1.276,0.0,0.001,0.2766,0.2538,-0.0228,0.2538,0.5788,0.1661,1.75,1.637,0.0005,0.2577,3.44,0.54,0.04,1.75,1.637,0.0005,0.2577,0.7476,0.6214,0.1652,0.844,0.2205,1.34,0.785,metropolitan-heavy,0.142,0.0131,0.8766,0.9333,0.9154,0.7011,0.424,0.9487,62.68,False
LUX,Luxembourg,Luxembourger,majority,1.4,1.61,1.4,1.61,52.9,53.4,0.5,54.31,-0.91,53.4,0.0,53.65,53.11,53.11,53.65,0.54,52.66,-0.24,-0.74,356039,422680,0.3,0.238,0.162,2.39,unspecified,False,0.5,0.48,0.56,0.42,0.639,1.298,1.0,0.78,0.956,0.0,0.0,0.0,0.0,0.0,1.0,0.761,13.366,8.08,67.0,68.2,19.634,23.72,0.282,0.466,0.22,0.93,1.2,1.365,0.0,0.001,0.6649,0.6605,-0.0043,0.6605,1.9236,0.1347,2.067,2.181,0.0005,0.6667,52.66,-0.24,-0.74,2.067,2.181,0.0005,0.6667,0.8087,0.4563,0.1815,0.8672,0.2196,2.95,0.55,mixed-rural-urban,0.135,0.0068,0.9567,0.8375,1.0,0.7856,0.1918,0.5327,68.2,True
LUX,Luxembourg,Portuguese,immigrant,1.3,1.57,1.4,1.61,16.2,15.81,-0.39,15.49,0.32,15.81,0.0,15.73,15.9,15.73,15.9,0.17,16.09,-0.11,0.28,109033,125091,0.3,0.238,0.162,2.39,unspecified,True,0.5,0.48,0.56,0.42,0.639,1.161,1.0,0.78,0.913,0.0,0.0,0.0,0.0,0.0,1.0,0.761,13.366,8.08,67.0,68.2,19.634,23.72,0.282,0.466,0.22,0.93,1.2,1.365,0.0,0.001,0.6649,0.6605,-0.0043,0.6605,1.9236,0.1347,2.067,2.181,0.0005,0.6667,16.09,-0.11,0.28,2.067,2.181,0.0005,0.6667,0.8087,0.4563,0.1815,0.8672,0.2196,2.95,0.55,mixed-rural-urban,0.135,0.0068,0.9567,0.8375,1.0,0.7856,0.1918,0.5327,68.2,False
LUX,Luxembourg,French,immigrant,1.3,1.57,1.4,1.61,7.4,7.21,-0.19,7.07,0.14,7.21,0.0,7.18,7.25,7.18,7.25,0.07,7.34,-0.06,0.13,49805,57081,0.3,0.238,0.162,2.39,unspecified,True,0.5,0.48,0.56,0.42,0.639,1.075,1.0,0.78,0.886,0.0,0.0,0.0,0.0,0.0,1.0,0.761,13.366,8.08,67.0,68.2,19.634,23.72,0.282,0.466,0.22,0.93,1.2,1.365,0.0,0.001,0.6649,0.6605,-0.0043,0.6605,1.9236,0.1347,2.067,2.181,0.0005,0.6667,7.34,-0.06,0.13,2.067,2.181,0.0005,0.6667,0.8087,0.4563,0.1815,0.8672,0.2196,2.95,0.55,mixed-rural-urban,0.135,0.0068,0.9567,0.8375,1.0,0.7856,0.1918,0.5327,68.2,False
LUX,Luxembourg,Italian,immigrant,1.3,1.57,1.4,1.61,3.5,3.41,-0.09,3.35,0.06,3.41,0.0,3.39,3.43,3.39,3.43,0.03,3.47,-0.03,0.06,23556,26973,0.3,0.238,0.162,2.39,unspecified,True,0.5,0.48,0.56,0.42,0.639,1.0,1.0,0.78,0.863,0.0,0.0,0.0,0.0,0.0,1.0,0.761,13.366,8.08,67.0,68.2,19.634,23.72,0.282,0.466,0.22,0.93,1.2,1.365,0.0,0.001,0.6649,0.6605,-0.0043,0.6605,1.9236,0.1347,2.067,2.181,0.0005,0.6667,3.47,-0.03,0.06,2.067,2.181,0.0005,0.6667,0.8087,0.4563,0.1815,0.8672,0.2196,2.95,0.55,mixed-rural-urban,0.135,0.0068,0.9567,0.8375,1.0,0.7856,0.1918,0.5327,68.2,False
LUX,Luxembourg,Belgian,immigrant,1.4,1.61,1.4,1.61,3.3,3.34,0.04,3.28,0.06,3.34,0.0,3.32,3.36,3.32,3.36,0.04,3.38,0.08,0.04,22210,26420,0.3,0.238,0.162,2.39,unspecified,True,0.5,0.48,0.56,0.42,0.639,0.995,1.0,0.78,0.861,0.0,0.0,0.0,0.0,0.0,1.0,0.761,13.366,8.08,67.0,68.2,19.634,23.72,0.282,0.466,0.22,0.93,1.2,1.365,0.0,0.001,0.6649,0.6605,-0.0043,0.6605,1.9236,0.1347,2.067,2.181,0.0005,0.6667,3.38,0.08,0.04,2.067,2.181,0.0005,0.6667,0.8087,0.4563,0.1815,0.8672,0.2196,2.95,0.55,mixed-rural-urban,0.135,0.0068,0.9567,0.8375,1.0,0.7856,0.1918,0.5327,68.2,False
LUX,Luxembourg,German,immigrant,1.3,1.57,1.4,1.61,2.3,2.24,-0.06,2.2,0.04,2.24,0.0,2.23,2.25,2.23,2.25,0.02,2.28,-0.02,0.04,15480,17717,0.3,0.238,0.162,2.39,unspecified,True,0.5,0.48,0.56,0.42,0.639,0.963,1.0,0.78,0.851,0.0,0.0,0.0,0.0,0.0,1.0,0.761,13.366,8.08,67.0,68.2,19.634,23.72,0.282,0.466,0.22,0.93,1.2,1.365,0.0,0.001,0.6649,0.6605,-0.0043,0.6605,1.9236,0.1347,2.067,2.181,0.0005,0.6667,2.28,-0.02,0.04,2.067,2.181,0.0005,0.6667,0.8087,0.4563,0.1815,0.8672,0.2196,2.95,0.55,mixed-rural-urban,0.135,0.0068,0.9567,0.8375,1.0,0.7856,0.1918,0.5327,68.2,False
LUX,Luxembourg,Other,immigrant,1.4,1.61,1.4,1.61,14.4,14.59,0.19,14.3,0.29,14.59,0.0,14.5,14.7,14.5,14.7,0.2,14.78,0.38,0.19,96918,115500,0.3,0.238,0.162,2.39,unspecified,True,0.5,0.48,0.56,0.42,0.639,1.148,1.0,0.78,0.909,0.0,0.0,0.0,0.0,0.0,1.0,0.761,13.366,8.08,67.0,68.2,19.634,23.72,0.282,0.466,0.22,0.93,1.2,1.365,0.0,0.001,0.6649,0.6605,-0.0043,0.6605,1.9236,0.1347,2.067,2.181,0.0005,0.6667,14.78,0.38,0.19,2.067,2.181,0.0005,0.6667,0.8087,0.4563,0.1815,0.8672,0.2196,2.95,0.55,mixed-rural-urban,0.135,0.0068,0.9567,0.8375,1.0,0.7856,0.1918,0.5327,68.2,False
LVA,Latvia,Latvian,majority,1.4,1.61,1.4,1.61,62.7,65.32,2.62,66.11,-0.78,65.32,0.0,65.45,65.15,65.15,65.45,0.3,64.87,2.17,-0.45,1173665,988880,0.625,0.516,0.198,2.475,unspecified,False,0.5,0.48,0.56,0.42,0.745,1.3,1.0,0.78,1.024,0.0,0.0,0.0,0.0,0.0,1.0,0.761,8.855,4.408,63.5,63.02,27.645,32.572,0.251,0.091,0.878,0.898,1.0,1.259,0.0,0.001,0.542,0.5226,-0.0194,0.5226,1.3347,0.2164,1.926,2.009,0.0005,0.527,64.87,2.17,-0.45,1.926,2.009,0.0005,0.527,0.7505,0.56,0.2548,0.8399,0.2354,2.09,0.55,mixed-rural-urban,0.281,0.0093,0.8719,0.9243,0.8995,0.7344,0.4129,0.9351,63.02,True
LVA,Latvia,Russian,low_fertility,1.0,1.45,1.4,1.61,24.5,21.17,-3.33,21.42,-0.26,21.17,0.0,21.36,20.96,20.96,21.36,0.4,21.47,-3.03,0.31,458609,320415,0.625,0.516,0.198,2.475,unspecified,False,0.5,0.48,0.56,0.42,0.745,1.209,1.0,0.78,0.991,0.0,0.0,0.0,0.0,0.0,1.0,0.761,8.855,4.408,63.5,63.02,27.645,32.572,0.251,0.091,0.878,0.898,1.0,1.259,0.0,0.001,0.542,0.5226,-0.0194,0.5226,1.3347,0.2164,1.926,2.009,0.0005,0.527,21.47,-3.03,0.31,1.926,2.009,0.0005,0.527,0.7505,0.56,0.2548,0.8399,0.2354,2.09,0.55,mixed-rural-urban,0.281,0.0093,0.8719,0.9243,0.8995,0.7344,0.4129,0.9351,63.02,False
LVA,Latvia,Belarusian,low_fertility,1.0,1.45,1.4,1.61,3.1,2.68,-0.42,2.71,-0.03,2.68,0.0,2.7,2.65,2.65,2.7,0.05,2.72,-0.38,0.04,58028,40542,0.625,0.516,0.198,2.475,unspecified,False,0.5,0.48,0.56,0.42,0.745,0.989,1.0,0.78,0.911,0.0,0.0,0.0,0.0,0.0,1.0,0.761,8.855,4.408,63.5,63.02,27.645,32.572,0.251,0.091,0.878,0.898,1.0,1.259,0.0,0.001,0.542,0.5226,-0.0194,0.5226,1.3347,0.2164,1.926,2.009,0.0005,0.527,2.72,-0.38,0.04,1.926,2.009,0.0005,0.527,0.7505,0.56,0.2548,0.8399,0.2354,2.09,0.55,mixed-rural-urban,0.281,0.0093,0.8719,0.9243,0.8995,0.7344,0.4129,0.9351,63.02,False
LVA,Latvia,Ukrainian,immigrant,1.4,1.61,1.4,1.61,2.2,2.61,0.41,2.29,0.32,2.61,0.0,2.51,2.74,2.51,2.74,0.23,2.64,0.44,0.02,41181,39531,0.625,0.516,0.198,2.475,UKR,True,0.615,0.539,0.82,0.52,0.745,0.96,1.0,0.78,0.981,0.0,0.0,0.0,0.0,0.0,1.0,0.761,8.855,4.408,63.5,63.02,27.645,32.572,0.251,0.091,0.878,0.898,1.0,1.259,0.0,0.001,0.542,0.5226,-0.0194,0.5226,1.3347,0.2164,1.926,2.009,0.0005,0.527,2.64,0.44,0.02,1.926,2.009,0.0005,0.527,0.7505,0.56,0.2548,0.8399,0.2354,2.09,0.55,mixed-rural-urban,0.281,0.0093,0.8719,0.9243,0.8995,0.7344,0.4129,0.9351,63.02,False
LVA,Latvia,Polish,low_fertility,1.0,1.45,1.4,1.61,2.0,1.73,-0.27,1.75,-0.02,1.73,0.0,1.74,1.71,1.71,1.74,0.03,1.75,-0.25,0.03,37437,26156,0.625,0.516,0.198,2.475,unspecified,False,0.5,0.48,0.56,0.42,0.745,0.952,1.0,0.78,0.897,0.0,0.0,0.0,0.0,0.0,1.0,0.761,8.855,4.408,63.5,63.02,27.645,32.572,0.251,0.091,0.878,0.898,1.0,1.259,0.0,0.001,0.542,0.5226,-0.0194,0.5226,1.3347,0.2164,1.926,2.009,0.0005,0.527,1.75,-0.25,0.03,1.926,2.009,0.0005,0.527,0.7505,0.56,0.2548,0.8399,0.2354,2.09,0.55,mixed-rural-urban,0.281,0.0093,0.8719,0.9243,0.8995,0.7344,0.4129,0.9351,63.02,False
LVA,Latvia,Other,immigrant,1.4,1.61,1.4,1.61,5.5,6.49,0.99,5.72,0.77,6.49,0.0,6.24,6.79,6.24,6.79,0.55,6.55,1.05,0.06,102953,98283,0.625,0.516,0.198,2.475,unspecified,True,0.5,0.48,0.56,0.42,0.745,1.045,1.0,0.78,0.931,0.0,0.0,0.0,0.0,0.0,1.0,0.761,8.855,4.408,63.5,63.02,27.645,32.572,0.251,0.091,0.878,0.898,1.0,1.259,0.0,0.001,0.542,0.5226,-0.0194,0.5226,1.3347,0.2164,1.926,2.009,0.0005,0.527,6.55,1.05,0.06,1.926,2.009,0.0005,0.527,0.7505,0.56,0.2548,0.8399,0.2354,2.09,0.55,mixed-rural-urban,0.281,0.0093,0.8719,0.9243,0.8995,0.7344,0.4129,0.9351,63.02,False
MAR,Morocco,Arab,majority,2.3,2.18,2.3,2.18,45.0,44.84,-0.16,44.84,0.0,44.84,0.0,44.85,44.84,44.84,44.85,0.01,44.85,-0.15,0.0,17136529,19480437,0.0,0.0,0.0,1.25,unspecified,False,0.5,0.48,0.56,0.42,0.454,1.279,1.0,0.78,0.834,0.0,0.0,0.613,0.0,0.0,1.0,0.761,26.641,21.88,64.0,59.36,9.359,18.76,0.251,0.0,1.0,0.851,1.0,1.0,0.0,0.001,0.7088,0.7107,0.0018,0.7107,2.12,0.1788,2.077,2.242,0.0005,0.7106,44.85,-0.15,0.0,2.077,2.242,0.0005,0.7106,0.6253,0.2688,0.1061,0.7547,0.1941,3.46,0.477,mixed-rural-urban,0.0,0.1062,0.9255,0.7466,0.7868,0.428,0.2568,0.3073,59.36,True
MAR,Morocco,Arabized Berber,majority,2.3,2.18,2.3,2.18,25.0,24.9,-0.1,24.9,0.0,24.9,0.0,24.9,24.9,24.9,24.9,0.01,24.91,-0.09,0.01,9520294,10816249,0.0,0.0,0.0,1.25,unspecified,False,0.5,0.48,0.56,0.42,0.454,1.211,1.0,0.78,0.819,0.0,0.0,0.613,0.0,0.0,1.0,0.761,26.641,21.88,64.0,59.36,9.359,18.76,0.251,0.0,1.0,0.851,1.0,1.0,0.0,0.001,0.7088,0.7107,0.0018,0.7107,2.12,0.1788,2.077,2.242,0.0005,0.7106,24.91,-0.09,0.01,2.077,2.242,0.0005,0.7106,0.6253,0.2688,0.1061,0.7547,0.1941,3.46,0.477,mixed-rural-urban,0.0,0.1062,0.9255,0.7466,0.7868,0.428,0.2568,0.3073,59.36,False
MAR,Morocco,Amazigh (Tachelhit),majority,2.3,2.18,2.3,2.18,14.0,13.94,-0.06,13.94,0.0,13.94,0.0,13.95,13.94,13.94,13.95,0.0,13.95,-0.05,0.01,5331365,6057099,0.0,0.0,0.0,1.25,unspecified,False,0.5,0.48,0.56,0.42,0.454,1.145,1.0,0.78,0.804,0.0,0.0,0.613,0.0,0.0,1.0,0.761,26.641,21.88,64.0,59.36,9.359,18.76,0.251,0.0,1.0,0.851,1.0,1.0,0.0,0.001,0.7088,0.7107,0.0018,0.7107,2.12,0.1788,2.077,2.242,0.0005,0.7106,13.95,-0.05,0.01,2.077,2.242,0.0005,0.7106,0.6253,0.2688,0.1061,0.7547,0.1941,3.46,0.477,mixed-rural-urban,0.0,0.1062,0.9255,0.7466,0.7868,0.428,0.2568,0.3073,59.36,False
MAR,Morocco,Amazigh (Tarifit),majority,2.3,2.18,2.3,2.18,5.0,4.98,-0.02,4.98,0.0,4.98,0.0,4.98,4.98,4.98,4.98,0.0,4.98,-0.02,0.0,1904059,2163250,0.0,0.0,0.0,1.25,unspecified,False,0.5,0.48,0.56,0.42,0.454,1.035,1.0,0.78,0.78,0.0,0.0,0.613,0.0,0.0,1.0,0.761,26.641,21.88,64.0,59.36,9.359,18.76,0.251,0.0,1.0,0.851,1.0,1.0,0.0,0.001,0.7088,0.7107,0.0018,0.7107,2.12,0.1788,2.077,2.242,0.0005,0.7106,4.98,-0.02,0.0,2.077,2.242,0.0005,0.7106,0.6253,0.2688,0.1061,0.7547,0.1941,3.46,0.477,mixed-rural-urban,0.0,0.1062,0.9255,0.7466,0.7868,0.428,0.2568,0.3073,59.36,False
MAR,Morocco,Amazigh (Tamazight),majority,2.3,2.18,2.3,2.18,5.0,4.98,-0.02,4.98,0.0,4.98,0.0,4.98,4.98,4.98,4.98,0.0,4.98,-0.02,0.0,1904059,2163250,0.0,0.0,0.0,1.25,unspecified,False,0.5,0.48,0.56,0.42,0.454,1.035,1.0,0.78,0.78,0.0,0.0,0.613,0.0,0.0,1.0,0.761,26.641,21.88,64.0,59.36,9.359,18.76,0.251,0.0,1.0,0.851,1.0,1.0,0.0,0.001,0.7088,0.7107,0.0018,0.7107,2.12,0.1788,2.077,2.242,0.0005,0.7106,4.98,-0.02,0.0,2.077,2.242,0.0005,0.7106,0.6253,0.2688,0.1061,0.7547,0.1941,3.46,0.477,mixed-rural-urban,0.0,0.1062,0.9255,0.7466,0.7868,0.428,0.2568,0.3073,59.36,False
MAR,Morocco,Haratin (sub-Saharan origin),high_fertility,2.65,2.32,2.3,2.18,3.5,3.88,0.38,3.88,0.0,3.88,0.0,3.87,3.89,3.87,3.89,0.03,3.84,0.34,-0.04,1332841,1685242,0.0,0.0,0.0,1.25,unspecified,False,0.5,0.48,0.56,0.42,0.454,1.0,1.0,0.78,0.772,0.0,0.0,0.613,0.0,0.0,1.0,0.761,26.641,21.88,64.0,59.36,9.359,18.76,0.251,0.0,1.0,0.851,1.0,1.0,0.0,0.001,0.7088,0.7107,0.0018,0.7107,2.12,0.1788,2.077,2.242,0.0005,0.7106,3.84,0.34,-0.04,2.077,2.242,0.0005,0.7106,0.6253,0.2688,0.1061,0.7547,0.1941,3.46,0.477,mixed-rural-urban,0.0,0.1062,0.9255,0.7466,0.7868,0.428,0.2568,0.3073,59.36,False
MAR,Morocco,Sahrawi,majority,2.3,2.18,2.3,2.18,1.5,1.49,-0.01,1.49,0.0,1.49,0.0,1.49,1.49,1.49,1.49,0.0,1.49,-0.01,0.0,571218,648975,0.0,0.0,0.0,1.25,unspecified,False,0.5,0.48,0.56,0.42,0.454,0.93,1.0,0.78,0.756,0.0,0.0,0.613,0.0,0.0,1.0,0.761,26.641,21.88,64.0,59.36,9.359,18.76,0.251,0.0,1.0,0.851,1.0,1.0,0.0,0.001,0.7088,0.7107,0.0018,0.7107,2.12,0.1788,2.077,2.242,0.0005,0.7106,1.49,-0.01,0.0,2.077,2.242,0.0005,0.7106,0.6253,0.2688,0.1061,0.7547,0.1941,3.46,0.477,mixed-rural-urban,0.0,0.1062,0.9255,0.7466,0.7868,0.428,0.2568,0.3073,59.36,False
MAR,Morocco,Other,assimilating,2.3,2.18,2.3,2.18,1.0,0.98,-0.02,0.98,0.0,0.98,0.0,0.98,0.98,0.98,0.98,0.0,1.0,-0.0,0.01,380812,425931,0.0,0.0,0.0,1.25,unspecified,False,0.5,0.48,0.56,0.42,0.454,0.903,1.0,0.78,0.75,0.0,0.0,0.613,0.0,0.0,1.0,0.761,26.641,21.88,64.0,59.36,9.359,18.76,0.251,0.0,1.0,0.851,1.0,1.0,0.0,0.001,0.7088,0.7107,0.0018,0.7107,2.12,0.1788,2.077,2.242,0.0005,0.7106,1.0,-0.0,0.01,2.077,2.242,0.0005,0.7106,0.6253,0.2688,0.1061,0.7547,0.1941,3.46,0.477,mixed-rural-urban,0.0,0.1062,0.9255,0.7466,0.7868,0.428,0.2568,0.3073,59.36,False
MDA,Moldova,Moldovan / Romanian,majority,1.7,1.82,1.7,1.82,75.1,76.4,1.3,77.14,-0.75,76.4,0.0,76.56,76.19,76.19,76.56,0.37,76.1,1.0,-0.3,2279260,1796729,0.562,0.0,0.0,2.128,unspecified,False,0.5,0.48,0.56,0.42,0.645,1.3,1.0,0.78,0.96,0.0,0.0,0.0,0.0,0.0,1.0,0.761,17.08,9.879,63.0,58.8,19.92,31.321,0.251,0.087,0.886,0.865,1.0,1.197,0.0,0.001,0.4216,0.4024,-0.0192,0.4024,1.0065,0.2852,1.694,1.84,0.0005,0.4065,76.1,1.0,-0.3,1.694,1.84,0.0005,0.4065,0.6447,0.475,0.2643,0.781,0.2615,1.67,0.38,rural-heavy,0.348,0.0222,0.8028,0.8358,0.7838,0.5599,0.4738,0.8782,58.8,True
MDA,Moldova,Ukrainian,low_fertility,1.3,1.66,1.7,1.82,6.6,5.72,-0.88,5.78,-0.06,5.72,0.0,5.77,5.67,5.67,5.77,0.1,5.79,-0.81,0.07,200308,134503,0.562,0.0,0.0,2.128,UKR,False,0.615,0.539,0.82,0.52,0.645,1.063,1.0,0.78,0.963,0.0,0.0,0.0,0.0,0.0,1.0,0.761,17.08,9.879,63.0,58.8,19.92,31.321,0.251,0.087,0.886,0.865,1.0,1.197,0.0,0.001,0.4216,0.4024,-0.0192,0.4024,1.0065,0.2852,1.694,1.84,0.0005,0.4065,5.79,-0.81,0.07,1.694,1.84,0.0005,0.4065,0.6447,0.475,0.2643,0.781,0.2615,1.67,0.38,rural-heavy,0.348,0.0222,0.8028,0.8358,0.7838,0.5599,0.4738,0.8782,58.8,False
MDA,Moldova,Gagauz,low_fertility,1.3,1.66,1.7,1.82,4.6,3.99,-0.61,4.03,-0.04,3.99,0.0,4.02,3.95,3.95,4.02,0.07,4.04,-0.56,0.05,139608,93745,0.562,0.0,0.0,2.128,unspecified,False,0.5,0.48,0.56,0.42,0.645,1.027,1.0,0.78,0.874,0.0,0.0,0.0,0.0,0.0,1.0,0.761,17.08,9.879,63.0,58.8,19.92,31.321,0.251,0.087,0.886,0.865,1.0,1.197,0.0,0.001,0.4216,0.4024,-0.0192,0.4024,1.0065,0.2852,1.694,1.84,0.0005,0.4065,4.04,-0.56,0.05,1.694,1.84,0.0005,0.4065,0.6447,0.475,0.2643,0.781,0.2615,1.67,0.38,rural-heavy,0.348,0.0222,0.8028,0.8358,0.7838,0.5599,0.4738,0.8782,58.8,False
MDA,Moldova,Russian,low_fertility,1.3,1.66,1.7,1.82,4.1,3.55,-0.55,3.59,-0.04,3.55,0.0,3.58,3.52,3.52,3.58,0.06,3.6,-0.5,0.05,124434,83555,0.562,0.0,0.0,2.128,unspecified,False,0.5,0.48,0.56,0.42,0.645,1.016,1.0,0.78,0.87,0.0,0.0,0.0,0.0,0.0,1.0,0.761,17.08,9.879,63.0,58.8,19.92,31.321,0.251,0.087,0.886,0.865,1.0,1.197,0.0,0.001,0.4216,0.4024,-0.0192,0.4024,1.0065,0.2852,1.694,1.84,0.0005,0.4065,3.6,-0.5,0.05,1.694,1.84,0.0005,0.4065,0.6447,0.475,0.2643,0.781,0.2615,1.67,0.38,rural-heavy,0.348,0.0222,0.8028,0.8358,0.7838,0.5599,0.4738,0.8782,58.8,False
MDA,Moldova,Bulgarian,low_fertility,1.3,1.66,1.7,1.82,1.9,1.65,-0.25,1.66,-0.02,1.65,0.0,1.66,1.63,1.63,1.66,0.03,1.67,-0.23,0.02,57664,38721,0.562,0.0,0.0,2.128,unspecified,False,0.5,0.48,0.56,0.42,0.645,0.948,1.0,0.78,0.849,0.0,0.0,0.0,0.0,0.0,1.0,0.761,17.08,9.879,63.0,58.8,19.92,31.321,0.251,0.087,0.886,0.865,1.0,1.197,0.0,0.001,0.4216,0.4024,-0.0192,0.4024,1.0065,0.2852,1.694,1.84,0.0005,0.4065,1.67,-0.23,0.02,1.694,1.84,0.0005,0.4065,0.6447,0.475,0.2643,0.781,0.2615,1.67,0.38,rural-heavy,0.348,0.0222,0.8028,0.8358,0.7838,0.5599,0.4738,0.8782,58.8,False
MDA,Moldova,Other,immigrant,1.7,1.82,1.7,1.82,7.7,8.7,1.0,7.8,0.89,8.7,0.0,8.42,9.03,8.42,9.03,0.62,8.8,1.1,0.1,233692,204553,0.562,0.0,0.0,2.128,unspecified,True,0.5,0.48,0.56,0.42,0.645,1.08,1.0,0.78,0.89,0.0,0.0,0.0,0.0,0.0,1.0,0.761,17.08,9.879,63.0,58.8,19.92,31.321,0.251,0.087,0.886,0.865,1.0,1.197,0.0,0.001,0.4216,0.4024,-0.0192,0.4024,1.0065,0.2852,1.694,1.84,0.0005,0.4065,8.8,1.1,0.1,1.694,1.84,0.0005,0.4065,0.6447,0.475,0.2643,0.781,0.2615,1.67,0.38,rural-heavy,0.348,0.0222,0.8028,0.8358,0.7838,0.5599,0.4738,0.8782,58.8,False
MDG,Madagascar,Merina,majority,3.9,3.09,3.9,3.09,26.0,26.46,0.46,26.48,-0.02,26.46,0.0,26.46,26.45,26.45,26.46,0.01,26.17,0.17,-0.28,8310890,14071361,0.0,0.0,0.0,1.25,unspecified,False,0.5,0.48,0.56,0.42,0.454,1.216,1.0,0.78,0.82,0.0,0.0,0.0,0.0,0.0,1.0,0.761,40.152,40.834,57.0,53.64,2.848,5.526,0.251,0.01,0.996,0.773,1.0,1.0,0.0,0.001,0.8442,0.8434,-0.0008,0.8434,2.8712,0.3048,2.186,2.432,0.0005,0.8439,26.17,0.17,-0.28,2.186,2.432,0.0005,0.8439,0.3792,0.2485,0.1576,0.6291,0.2654,6.39,0.391,mixed-rural-urban,0.0,0.093,0.7193,0.5226,0.519,0.1101,0.634,0.0,53.64,True
MDG,Madagascar,Betsimisaraka,majority,3.9,3.09,3.9,3.09,15.0,14.97,-0.03,14.98,-0.01,14.97,0.0,14.97,14.96,14.96,14.97,0.01,14.97,-0.03,-0.0,4794744,7959764,0.0,0.0,0.0,1.25,unspecified,False,0.5,0.48,0.56,0.42,0.454,1.153,1.0,0.78,0.806,0.0,0.0,0.0,0.0,0.0,1.0,0.761,40.152,40.834,57.0,53.64,2.848,5.526,0.251,0.01,0.996,0.773,1.0,1.0,0.0,0.001,0.8442,0.8434,-0.0008,0.8434,2.8712,0.3048,2.186,2.432,0.0005,0.8439,14.97,-0.03,-0.0,2.186,2.432,0.0005,0.8439,0.3792,0.2485,0.1576,0.6291,0.2654,6.39,0.391,mixed-rural-urban,0.0,0.093,0.7193,0.5226,0.519,0.1101,0.634,0.0,53.64,False
MDG,Madagascar,Betsileo,majority,3.9,3.09,3.9,3.09,12.0,11.97,-0.03,11.98,-0.01,11.97,0.0,11.98,11.97,11.97,11.98,0.01,11.97,-0.03,-0.0,3835795,6367811,0.0,0.0,0.0,1.25,unspecified,False,0.5,0.48,0.56,0.42,0.454,1.128,1.0,0.78,0.8,0.0,0.0,0.0,0.0,0.0,1.0,0.761,40.152,40.834,57.0,53.64,2.848,5.526,0.251,0.01,0.996,0.773,1.0,1.0,0.0,0.001,0.8442,0.8434,-0.0008,0.8434,2.8712,0.3048,2.186,2.432,0.0005,0.8439,11.97,-0.03,-0.0,2.186,2.432,0.0005,0.8439,0.3792,0.2485,0.1576,0.6291,0.2654,6.39,0.391,mixed-rural-urban,0.0,0.093,0.7193,0.5226,0.519,0.1101,0.634,0.0,53.64,False
MDG,Madagascar,Tsimihety,majority,3.9,3.09,3.9,3.09,7.0,6.98,-0.02,6.99,-0.01,6.98,0.0,6.99,6.98,6.98,6.99,0.0,6.98,-0.02,-0.0,2237547,3714556,0.0,0.0,0.0,1.25,unspecified,False,0.5,0.48,0.56,0.42,0.454,1.07,1.0,0.78,0.787,0.0,0.0,0.0,0.0,0.0,1.0,0.761,40.152,40.834,57.0,53.64,2.848,5.526,0.251,0.01,0.996,0.773,1.0,1.0,0.0,0.001,0.8442,0.8434,-0.0008,0.8434,2.8712,0.3048,2.186,2.432,0.0005,0.8439,6.98,-0.02,-0.0,2.186,2.432,0.0005,0.8439,0.3792,0.2485,0.1576,0.6291,0.2654,6.39,0.391,mixed-rural-urban,0.0,0.093,0.7193,0.5226,0.519,0.1101,0.634,0.0,53.64,False
MDG,Madagascar,Sakalava,majority,3.9,3.09,3.9,3.09,6.0,5.99,-0.01,5.99,-0.0,5.99,0.0,5.99,5.98,5.98,5.99,0.0,5.99,-0.01,-0.0,1917898,3183905,0.0,0.0,0.0,1.25,unspecified,False,0.5,0.48,0.56,0.42,0.454,1.054,1.0,0.78,0.784,0.0,0.0,0.0,0.0,0.0,1.0,0.761,40.152,40.834,57.0,53.64,2.848,5.526,0.251,0.01,0.996,0.773,1.0,1.0,0.0,0.001,0.8442,0.8434,-0.0008,0.8434,2.8712,0.3048,2.186,2.432,0.0005,0.8439,5.99,-0.01,-0.0,2.186,2.432,0.0005,0.8439,0.3792,0.2485,0.1576,0.6291,0.2654,6.39,0.391,mixed-rural-urban,0.0,0.093,0.7193,0.5226,0.519,0.1101,0.634,0.0,53.64,False
MDG,Madagascar,Antandroy,majority,3.9,3.09,3.9,3.09,5.0,4.99,-0.01,4.99,-0.0,4.99,0.0,4.99,4.99,4.99,4.99,0.0,4.99,-0.01,-0.0,1598248,2653255,0.0,0.0,0.0,1.25,unspecified,False,0.5,0.48,0.56,0.42,0.454,1.035,1.0,0.78,0.78,0.0,0.0,0.0,0.0,0.0,1.0,0.761,40.152,40.834,57.0,53.64,2.848,5.526,0.251,0.01,0.996,0.773,1.0,1.0,0.0,0.001,0.8442,0.8434,-0.0008,0.8434,2.8712,0.3048,2.186,2.432,0.0005,0.8439,4.99,-0.01,-0.0,2.186,2.432,0.0005,0.8439,0.3792,0.2485,0.1576,0.6291,0.2654,6.39,0.391,mixed-rural-urban,0.0,0.093,0.7193,0.5226,0.519,0.1101,0.634,0.0,53.64,False
MDG,Madagascar,Antaisaka,majority,3.9,3.09,3.9,3.09,5.0,4.99,-0.01,4.99,-0.0,4.99,0.0,4.99,4.99,4.99,4.99,0.0,4.99,-0.01,-0.0,1598248,2653255,0.0,0.0,0.0,1.25,unspecified,False,0.5,0.48,0.56,0.42,0.454,1.035,1.0,0.78,0.78,0.0,0.0,0.0,0.0,0.0,1.0,0.761,40.152,40.834,57.0,53.64,2.848,5.526,0.251,0.01,0.996,0.773,1.0,1.0,0.0,0.001,0.8442,0.8434,-0.0008,0.8434,2.8712,0.3048,2.186,2.432,0.0005,0.8439,4.99,-0.01,-0.0,2.186,2.432,0.0005,0.8439,0.3792,0.2485,0.1576,0.6291,0.2654,6.39,0.391,mixed-rural-urban,0.0,0.093,0.7193,0.5226,0.519,0.1101,0.634,0.0,53.64,False
MDG,Madagascar,Antanosy,majority,3.9,3.09,3.9,3.09,4.0,3.99,-0.01,3.99,-0.0,3.99,0.0,3.99,3.99,3.99,3.99,0.0,3.99,-0.01,-0.0,1278598,2122604,0.0,0.0,0.0,1.25,unspecified,False,0.5,0.48,0.56,0.42,0.454,1.013,1.0,0.78,0.775,0.0,0.0,0.0,0.0,0.0,1.0,0.761,40.152,40.834,57.0,53.64,2.848,5.526,0.251,0.01,0.996,0.773,1.0,1.0,0.0,0.001,0.8442,0.8434,-0.0008,0.8434,2.8712,0.3048,2.186,2.432,0.0005,0.8439,3.99,-0.01,-0.0,2.186,2.432,0.0005,0.8439,0.3792,0.2485,0.1576,0.6291,0.2654,6.39,0.391,mixed-rural-urban,0.0,0.093,0.7193,0.5226,0.519,0.1101,0.634,0.0,53.64,False
MDG,Madagascar,Other Malagasy,assimilating,3.9,3.09,3.9,3.09,19.0,18.62,-0.38,18.64,-0.02,18.62,0.0,18.63,18.62,18.62,18.63,0.01,18.89,-0.11,0.27,6073342,9904778,0.0,0.0,0.0,1.25,unspecified,False,0.5,0.48,0.56,0.42,0.454,1.179,1.0,0.78,0.812,0.0,0.0,0.0,0.0,0.0,1.0,0.761,40.152,40.834,57.0,53.64,2.848,5.526,0.251,0.01,0.996,0.773,1.0,1.0,0.0,0.001,0.8442,0.8434,-0.0008,0.8434,2.8712,0.3048,2.186,2.432,0.0005,0.8439,18.89,-0.11,0.27,2.186,2.432,0.0005,0.8439,0.3792,0.2485,0.1576,0.6291,0.2654,6.39,0.391,mixed-rural-urban,0.0,0.093,0.7193,0.5226,0.519,0.1101,0.634,0.0,53.64,False
MDG,Madagascar,Other (French/Chinese/Indian),immigrant,3.8,3.05,3.9,3.09,1.0,1.04,0.04,0.96,0.08,1.04,0.0,1.02,1.07,1.02,1.07,0.05,1.06,0.06,0.02,319650,554184,0.0,0.0,0.0,1.25,IND;PAK;BGD;LKA;NPL,True,0.718,0.719,0.752,0.684,0.454,0.903,1.0,0.78,0.838,0.0,0.0,0.0,0.0,0.0,1.0,0.761,40.152,40.834,57.0,53.64,2.848,5.526,0.251,0.01,0.996,0.773,1.0,1.0,0.0,0.001,0.8442,0.8434,-0.0008,0.8434,2.8712,0.3048,2.186,2.432,0.0005,0.8439,1.06,0.06,0.02,2.186,2.432,0.0005,0.8439,0.3792,0.2485,0.1576,0.6291,0.2654,6.39,0.391,mixed-rural-urban,0.0,0.093,0.7193,0.5226,0.519,0.1101,0.634,0.0,53.64,False
MDV,Maldives,Maldivian,majority,1.5,1.68,1.5,1.68,70.0,68.82,-1.18,70.71,-1.89,68.83,-0.0,69.38,68.18,68.18,69.38,1.2,68.36,-1.64,-0.46,369461,406033,0.257,0.0,0.0,1.942,unspecified,False,0.5,0.48,0.56,0.42,0.633,1.3,1.0,0.44,0.876,0.0,0.0,0.0,0.457,0.082,1.0,0.761,24.692,16.784,66.5,63.64,8.808,19.576,0.48,0.312,0.689,0.803,1.1,1.199,0.0,0.001,0.4886,0.503,0.0144,0.503,1.3355,0.1604,1.864,1.934,0.0005,0.5086,68.36,-1.64,-0.46,1.864,1.934,0.0005,0.5086,0.7123,0.4164,0.1724,0.7904,0.2446,2.01,0.55,mixed-rural-urban,0.116,0.0745,0.9778,0.7139,0.8507,0.6409,0.1892,0.3444,63.64,True
MDV,Maldives,Bangladeshi expatriate,immigrant,1.5,1.68,1.5,1.68,10.0,10.57,0.57,9.88,0.68,10.57,-0.0,10.36,10.81,10.36,10.81,0.45,10.71,0.71,0.14,52780,62338,0.257,0.0,0.0,1.942,BGD,True,0.735,0.788,0.68,0.84,0.633,1.108,1.0,0.44,0.958,0.0,0.0,0.0,0.457,0.082,1.0,0.761,24.692,16.784,66.5,63.64,8.808,19.576,0.48,0.312,0.689,0.803,1.1,1.199,0.0,0.001,0.4886,0.503,0.0144,0.503,1.3355,0.1604,1.864,1.934,0.0005,0.5086,10.71,0.71,0.14,1.864,1.934,0.0005,0.5086,0.7123,0.4164,0.1724,0.7904,0.2446,2.01,0.55,mixed-rural-urban,0.116,0.0745,0.9778,0.7139,0.8507,0.6409,0.1892,0.3444,63.64,False
MDV,Maldives,Indian expatriate,immigrant,1.5,1.68,1.5,1.68,6.0,6.32,0.32,5.93,0.39,6.32,-0.0,6.2,6.45,6.2,6.45,0.25,6.4,0.4,0.08,31668,37266,0.257,0.0,0.0,1.942,IND;PAK;BGD;LKA;NPL,True,0.718,0.719,0.752,0.684,0.633,1.054,1.0,0.44,0.929,0.0,0.0,0.0,0.457,0.082,1.0,0.761,24.692,16.784,66.5,63.64,8.808,19.576,0.48,0.312,0.689,0.803,1.1,1.199,0.0,0.001,0.4886,0.503,0.0144,0.503,1.3355,0.1604,1.864,1.934,0.0005,0.5086,6.4,0.4,0.08,1.864,1.934,0.0005,0.5086,0.7123,0.4164,0.1724,0.7904,0.2446,2.01,0.55,mixed-rural-urban,0.116,0.0745,0.9778,0.7139,0.8507,0.6409,0.1892,0.3444,63.64,False
MDV,Maldives,Chinese expatriate,immigrant,1.3,1.6,1.5,1.68,5.0,4.83,-0.17,4.58,0.25,4.83,-0.0,4.77,4.9,4.77,4.9,0.13,4.94,-0.06,0.11,26390,28512,0.257,0.0,0.0,1.942,CHN,True,0.52,0.502,0.58,0.45,0.633,1.035,1.0,0.44,0.82,0.0,0.0,0.0,0.457,0.082,1.0,0.761,24.692,16.784,66.5,63.64,8.808,19.576,0.48,0.312,0.689,0.803,1.1,1.199,0.0,0.001,0.4886,0.503,0.0144,0.503,1.3355,0.1604,1.864,1.934,0.0005,0.5086,4.94,-0.06,0.11,1.864,1.934,0.0005,0.5086,0.7123,0.4164,0.1724,0.7904,0.2446,2.01,0.55,mixed-rural-urban,0.116,0.0745,0.9778,0.7139,0.8507,0.6409,0.1892,0.3444,63.64,False
MDV,Maldives,Sri Lankan expatriate,immigrant,1.5,1.68,1.5,1.68,2.0,2.08,0.08,1.98,0.1,2.08,-0.0,2.05,2.11,2.05,2.11,0.07,2.11,0.11,0.03,10556,12256,0.257,0.0,0.0,1.942,unspecified,True,0.5,0.48,0.56,0.42,0.633,0.952,1.0,0.44,0.788,0.0,0.0,0.0,0.457,0.082,1.0,0.761,24.692,16.784,66.5,63.64,8.808,19.576,0.48,0.312,0.689,0.803,1.1,1.199,0.0,0.001,0.4886,0.503,0.0144,0.503,1.3355,0.1604,1.864,1.934,0.0005,0.5086,2.11,0.11,0.03,1.864,1.934,0.0005,0.5086,0.7123,0.4164,0.1724,0.7904,0.2446,2.01,0.55,mixed-rural-urban,0.116,0.0745,0.9778,0.7139,0.8507,0.6409,0.1892,0.3444,63.64,False
MDV,Maldives,Other,immigrant,1.5,1.68,1.5,1.68,7.0,7.38,0.38,6.92,0.47,7.38,0.0,7.24,7.55,7.24,7.55,0.3,7.48,0.48,0.1,36946,43558,0.257,0.0,0.0,1.942,NGA;ETH;GHA;KEN;UGA;TZA;RWA;COD;CIV;CMR;SEN;ZMB;ZWE;MOZ;MWI;AGO;SDN;SOM;ERI;BFA;NER;MLI;GIN;SLE;LBR;BEN;TGO;GMB,True,0.711,0.785,0.574,0.717,0.633,1.07,1.0,0.44,0.931,0.0,0.0,0.0,0.457,0.082,1.0,0.761,24.692,16.784,66.5,63.64,8.808,19.576,0.48,0.312,0.689,0.803,1.1,1.199,0.0,0.001,0.4886,0.503,0.0144,0.503,1.3355,0.1604,1.864,1.934,0.0005,0.5086,7.48,0.48,0.1,1.864,1.934,0.0005,0.5086,0.7123,0.4164,0.1724,0.7904,0.2446,2.01,0.55,mixed-rural-urban,0.116,0.0745,0.9778,0.7139,0.8507,0.6409,0.1892,0.3444,63.64,False
MEX,Mexico,Mestizo (Euro/Amerindian mix),majority,1.8,1.89,1.8,1.89,62.0,59.68,-2.32,59.68,0.0,59.68,0.0,59.78,59.59,59.59,59.78,0.2,59.88,-2.12,0.2,81133821,88898390,0.129,0.0,0.0,1.451,IND;PAK;BGD;LKA;NPL,False,0.718,0.719,0.752,0.684,0.497,1.3,1.0,0.78,1.004,0.0,0.0,0.546,0.0,0.0,1.0,0.761,25.271,19.02,67.0,60.44,7.729,20.54,0.251,0.0,1.0,0.868,1.0,1.045,0.0,0.0015,0.5915,0.6182,0.0267,0.6182,1.8039,0.143,2.008,2.078,0.0007,0.6161,59.88,-2.12,0.2,2.008,2.078,0.0007,0.6161,0.7177,0.357,0.1114,0.8001,0.2006,2.62,0.596,urbanizing-majority,0.052,0.0525,0.8903,0.7853,0.8523,0.6445,0.2644,0.3882,60.44,True
MEX,Mexico,Amerindian: Nahua,high_fertility,2.65,2.23,1.8,1.89,7.4,9.09,1.69,9.09,0.0,9.09,0.0,9.03,9.15,9.03,9.15,0.13,8.89,1.49,-0.2,9683714,13538334,0.129,0.0,0.0,1.451,IND;PAK;BGD;LKA;NPL,False,0.718,0.719,0.752,0.684,0.497,1.075,1.0,0.78,0.926,0.0,0.0,0.546,0.0,0.0,1.0,0.761,25.271,19.02,67.0,60.44,7.729,20.54,0.251,0.0,1.0,0.868,1.0,1.045,0.0,0.0015,0.5915,0.6182,0.0267,0.6182,1.8039,0.143,2.008,2.078,0.0007,0.6161,8.89,1.49,-0.2,2.008,2.078,0.0007,0.6161,0.7177,0.357,0.1114,0.8001,0.2006,2.62,0.596,urbanizing-majority,0.052,0.0525,0.8903,0.7853,0.8523,0.6445,0.2644,0.3882,60.44,False
MEX,Mexico,Amerindian: Maya,high_fertility,2.65,2.23,1.8,1.89,6.5,7.98,1.48,7.98,0.0,7.98,0.0,7.93,8.04,7.93,8.04,0.11,7.81,1.31,-0.17,8505965,11891780,0.129,0.0,0.0,1.451,IND;PAK;BGD;LKA;NPL,False,0.718,0.719,0.752,0.684,0.497,1.062,1.0,0.78,0.921,0.0,0.0,0.546,0.0,0.0,1.0,0.761,25.271,19.02,67.0,60.44,7.729,20.54,0.251,0.0,1.0,0.868,1.0,1.045,0.0,0.0015,0.5915,0.6182,0.0267,0.6182,1.8039,0.143,2.008,2.078,0.0007,0.6161,7.81,1.31,-0.17,2.008,2.078,0.0007,0.6161,0.7177,0.357,0.1114,0.8001,0.2006,2.62,0.596,urbanizing-majority,0.052,0.0525,0.8903,0.7853,0.8523,0.6445,0.2644,0.3882,60.44,False
MEX,Mexico,Amerindian: Mixtec,high_fertility,2.65,2.23,1.8,1.89,2.4,2.95,0.55,2.95,0.0,2.95,0.0,2.93,2.97,2.93,2.97,0.04,2.88,0.48,-0.06,3140664,4390811,0.129,0.0,0.0,1.451,IND;PAK;BGD;LKA;NPL,False,0.718,0.719,0.752,0.684,0.497,0.967,1.0,0.78,0.888,0.0,0.0,0.546,0.0,0.0,1.0,0.761,25.271,19.02,67.0,60.44,7.729,20.54,0.251,0.0,1.0,0.868,1.0,1.045,0.0,0.0015,0.5915,0.6182,0.0267,0.6182,1.8039,0.143,2.008,2.078,0.0007,0.6161,2.88,0.48,-0.06,2.008,2.078,0.0007,0.6161,0.7177,0.357,0.1114,0.8001,0.2006,2.62,0.596,urbanizing-majority,0.052,0.0525,0.8903,0.7853,0.8523,0.6445,0.2644,0.3882,60.44,False
MEX,Mexico,Amerindian: Zapotec,high_fertility,2.65,2.23,1.8,1.89,1.7,2.09,0.39,2.09,0.0,2.09,0.0,2.07,2.1,2.07,2.1,0.03,2.04,0.34,-0.05,2224637,3110158,0.129,0.0,0.0,1.451,IND;PAK;BGD;LKA;NPL,False,0.718,0.719,0.752,0.684,0.497,0.939,1.0,0.78,0.878,0.0,0.0,0.546,0.0,0.0,1.0,0.761,25.271,19.02,67.0,60.44,7.729,20.54,0.251,0.0,1.0,0.868,1.0,1.045,0.0,0.0015,0.5915,0.6182,0.0267,0.6182,1.8039,0.143,2.008,2.078,0.0007,0.6161,2.04,0.34,-0.05,2.008,2.078,0.0007,0.6161,0.7177,0.357,0.1114,0.8001,0.2006,2.62,0.596,urbanizing-majority,0.052,0.0525,0.8903,0.7853,0.8523,0.6445,0.2644,0.3882,60.44,False
MEX,Mexico,Amerindian: Otomi,high_fertility,2.65,2.23,1.8,1.89,1.1,1.35,0.25,1.35,0.0,1.35,0.0,1.34,1.36,1.34,1.36,0.02,1.32,0.22,-0.03,1439471,2012455,0.129,0.0,0.0,1.451,IND;PAK;BGD;LKA;NPL,False,0.718,0.719,0.752,0.684,0.497,0.909,1.0,0.78,0.868,0.0,0.0,0.546,0.0,0.0,1.0,0.761,25.271,19.02,67.0,60.44,7.729,20.54,0.251,0.0,1.0,0.868,1.0,1.045,0.0,0.0015,0.5915,0.6182,0.0267,0.6182,1.8039,0.143,2.008,2.078,0.0007,0.6161,1.32,0.22,-0.03,2.008,2.078,0.0007,0.6161,0.7177,0.357,0.1114,0.8001,0.2006,2.62,0.596,urbanizing-majority,0.052,0.0525,0.8903,0.7853,0.8523,0.6445,0.2644,0.3882,60.44,False
MEX,Mexico,Amerindian: Totonac,high_fertility,2.65,2.23,1.8,1.89,0.9,1.11,0.21,1.11,0.0,1.11,0.0,1.1,1.11,1.1,1.11,0.02,1.08,0.18,-0.02,1177749,1646554,0.129,0.0,0.0,1.451,IND;PAK;BGD;LKA;NPL,False,0.718,0.719,0.752,0.684,0.497,0.897,1.0,0.78,0.864,0.0,0.0,0.546,0.0,0.0,1.0,0.761,25.271,19.02,67.0,60.44,7.729,20.54,0.251,0.0,1.0,0.868,1.0,1.045,0.0,0.0015,0.5915,0.6182,0.0267,0.6182,1.8039,0.143,2.008,2.078,0.0007,0.6161,1.08,0.18,-0.02,2.008,2.078,0.0007,0.6161,0.7177,0.357,0.1114,0.8001,0.2006,2.62,0.596,urbanizing-majority,0.052,0.0525,0.8903,0.7853,0.8523,0.6445,0.2644,0.3882,60.44,False
MEX,Mexico,Other Amerindian,high_fertility,2.65,2.23,1.8,1.89,1.0,1.23,0.23,1.23,0.0,1.23,0.0,1.22,1.24,1.22,1.24,0.02,1.2,0.2,-0.03,1308610,1829505,0.129,0.0,0.0,1.451,IND;PAK;BGD;LKA;NPL,False,0.718,0.719,0.752,0.684,0.497,0.903,1.0,0.78,0.866,0.0,0.0,0.546,0.0,0.0,1.0,0.761,25.271,19.02,67.0,60.44,7.729,20.54,0.251,0.0,1.0,0.868,1.0,1.045,0.0,0.0015,0.5915,0.6182,0.0267,0.6182,1.8039,0.143,2.008,2.078,0.0007,0.6161,1.2,0.2,-0.03,2.008,2.078,0.0007,0.6161,0.7177,0.357,0.1114,0.8001,0.2006,2.62,0.596,urbanizing-majority,0.052,0.0525,0.8903,0.7853,0.8523,0.6445,0.2644,0.3882,60.44,False
MEX,Mexico,White (Spanish/European descent),low_fertility,1.3,1.69,1.8,1.89,10.0,7.95,-2.05,7.95,0.0,7.95,0.0,8.03,7.88,7.88,8.03,0.14,8.17,-1.83,0.22,13086100,11847678,0.129,0.0,0.0,1.451,unspecified,False,0.5,0.48,0.56,0.42,0.497,1.108,1.0,0.78,0.82,0.0,0.0,0.546,0.0,0.0,1.0,0.761,25.271,19.02,67.0,60.44,7.729,20.54,0.251,0.0,1.0,0.868,1.0,1.045,0.0,0.0015,0.5915,0.6182,0.0267,0.6182,1.8039,0.143,2.008,2.078,0.0007,0.6161,8.17,-1.83,0.22,2.008,2.078,0.0007,0.6161,0.7177,0.357,0.1114,0.8001,0.2006,2.62,0.596,urbanizing-majority,0.052,0.0525,0.8903,0.7853,0.8523,0.6445,0.2644,0.3882,60.44,False
MEX,Mexico,Afro-Mexican,majority,1.8,1.89,1.8,1.89,1.5,1.44,-0.06,1.44,0.0,1.44,0.0,1.44,1.44,1.44,1.44,0.0,1.45,-0.05,0.01,1962915,2143437,0.129,0.0,0.0,1.451,MEX,False,0.593,0.546,0.74,0.56,0.497,0.93,1.0,0.78,0.818,0.0,0.0,0.546,0.0,0.0,1.0,0.761,25.271,19.02,67.0,60.44,7.729,20.54,0.251,0.0,1.0,0.868,1.0,1.045,0.0,0.0015,0.5915,0.6182,0.0267,0.6182,1.8039,0.143,2.008,2.078,0.0007,0.6161,1.45,-0.05,0.01,2.008,2.078,0.0007,0.6161,0.7177,0.357,0.1114,0.8001,0.2006,2.62,0.596,urbanizing-majority,0.052,0.0525,0.8903,0.7853,0.8523,0.6445,0.2644,0.3882,60.44,False
MEX,Mexico,Other,assimilating,1.8,1.89,1.8,1.89,5.5,5.13,-0.37,5.13,0.0,5.13,0.0,5.14,5.12,5.12,5.14,0.02,5.27,-0.23,0.14,7197355,7637163,0.129,0.0,0.0,1.451,unspecified,False,0.5,0.48,0.56,0.42,0.497,1.045,1.0,0.78,0.804,0.0,0.0,0.546,0.0,0.0,1.0,0.761,25.271,19.02,67.0,60.44,7.729,20.54,0.251,0.0,1.0,0.868,1.0,1.045,0.0,0.0015,0.5915,0.6182,0.0267,0.6182,1.8039,0.143,2.008,2.078,0.0007,0.6161,5.27,-0.23,0.14,2.008,2.078,0.0007,0.6161,0.7177,0.357,0.1114,0.8001,0.2006,2.62,0.596,urbanizing-majority,0.052,0.0525,0.8903,0.7853,0.8523,0.6445,0.2644,0.3882,60.44,False
MHL,Marshall Islands,Marshallese,majority,3.0,2.6,3.0,2.6,92.1,92.01,-0.09,92.23,-0.22,92.01,0.0,92.08,91.93,91.93,92.08,0.15,91.9,-0.2,-0.11,34604,23198,0.4,0.0,0.0,1.875,unspecified,False,0.5,0.48,0.56,0.42,0.59,1.3,1.0,0.78,0.925,0.0,0.0,0.0,0.0,0.0,1.0,0.761,33.41,32.385,63.0,57.4,3.59,10.215,0.251,0.022,0.988,0.871,1.0,1.14,0.0,0.001,0.1479,0.1495,0.0017,0.1495,0.3131,0.201,1.473,1.457,0.0005,0.1514,91.9,-0.2,-0.11,1.473,1.457,0.0005,0.1514,0.7131,0.4557,0.2046,0.8065,0.223,1.18,0.55,mixed-rural-urban,0.18,0.0809,0.798,0.9218,0.733,0.6256,0.3384,0.0,57.4,True
MHL,Marshall Islands,Mixed,assimilating,3.0,2.6,3.0,2.6,5.9,5.8,-0.1,5.81,-0.01,5.8,0.0,5.8,5.8,5.8,5.8,0.01,5.88,-0.02,0.08,2217,1462,0.4,0.0,0.0,1.875,unspecified,False,0.5,0.48,0.56,0.42,0.59,1.052,1.0,0.78,0.853,0.0,0.0,0.0,0.0,0.0,1.0,0.761,33.41,32.385,63.0,57.4,3.59,10.215,0.251,0.022,0.988,0.871,1.0,1.14,0.0,0.001,0.1479,0.1495,0.0017,0.1495,0.3131,0.201,1.473,1.457,0.0005,0.1514,5.88,-0.02,0.08,1.473,1.457,0.0005,0.1514,0.7131,0.4557,0.2046,0.8065,0.223,1.18,0.55,mixed-rural-urban,0.18,0.0809,0.798,0.9218,0.733,0.6256,0.3384,0.0,57.4,False
MHL,Marshall Islands,Other,immigrant,3.0,2.6,3.0,2.6,2.0,2.19,0.19,1.96,0.23,2.19,0.0,2.12,2.27,2.12,2.27,0.16,2.22,0.22,0.03,751,552,0.4,0.0,0.0,1.875,unspecified,True,0.5,0.48,0.56,0.42,0.59,0.952,1.0,0.78,0.825,0.0,0.0,0.0,0.0,0.0,1.0,0.761,33.41,32.385,63.0,57.4,3.59,10.215,0.251,0.022,0.988,0.871,1.0,1.14,0.0,0.001,0.1479,0.1495,0.0017,0.1495,0.3131,0.201,1.473,1.457,0.0005,0.1514,2.22,0.22,0.03,1.473,1.457,0.0005,0.1514,0.7131,0.4557,0.2046,0.8065,0.223,1.18,0.55,mixed-rural-urban,0.18,0.0809,0.798,0.9218,0.733,0.6256,0.3384,0.0,57.4,False
MKD,North Macedonia,Macedonian,majority,1.4,1.61,1.4,1.61,58.4,55.33,-3.07,55.73,-0.4,55.33,0.0,55.55,55.09,55.09,55.55,0.46,55.48,-2.92,0.15,1064638,836983,0.586,0.486,0.138,2.339,unspecified,False,0.5,0.48,0.56,0.42,0.727,1.3,1.0,0.78,1.012,0.0,0.0,0.0,0.0,0.0,1.0,0.761,15.676,8.545,63.0,62.2,21.324,29.255,0.251,0.0,1.0,0.873,1.0,1.233,0.0,0.001,0.5891,0.612,0.0229,0.612,1.652,0.2029,2.001,2.075,0.0005,0.6113,55.48,-2.92,0.15,2.001,2.075,0.0005,0.6113,0.7087,0.5406,0.198,0.8005,0.2564,2.58,0.587,urbanizing-majority,0.242,0.045,0.9169,0.8149,0.8514,0.6765,0.3736,0.7843,62.2,True
MKD,North Macedonia,Albanian,high_fertility,1.75,1.75,1.4,1.61,24.3,26.51,2.21,26.71,-0.19,26.51,0.0,26.49,26.52,26.49,26.52,0.03,26.28,1.98,-0.23,442992,401042,0.586,0.486,0.138,2.339,unspecified,False,0.5,0.48,0.56,0.42,0.727,1.208,1.0,0.78,0.98,0.0,0.0,0.0,0.0,0.0,1.0,0.761,15.676,8.545,63.0,62.2,21.324,29.255,0.251,0.0,1.0,0.873,1.0,1.233,0.0,0.001,0.5891,0.612,0.0229,0.612,1.652,0.2029,2.001,2.075,0.0005,0.6113,26.28,1.98,-0.23,2.001,2.075,0.0005,0.6113,0.7087,0.5406,0.198,0.8005,0.2564,2.58,0.587,urbanizing-majority,0.242,0.045,0.9169,0.8149,0.8514,0.6765,0.3736,0.7843,62.2,False
MKD,North Macedonia,Turk,high_fertility,1.75,1.75,1.4,1.61,3.9,4.26,0.36,4.29,-0.03,4.26,0.0,4.25,4.26,4.25,4.26,0.0,4.22,0.32,-0.04,71097,64365,0.586,0.486,0.138,2.339,unspecified,False,0.5,0.48,0.56,0.42,0.727,1.011,1.0,0.78,0.91,0.0,0.0,0.0,0.0,0.0,1.0,0.761,15.676,8.545,63.0,62.2,21.324,29.255,0.251,0.0,1.0,0.873,1.0,1.233,0.0,0.001,0.5891,0.612,0.0229,0.612,1.652,0.2029,2.001,2.075,0.0005,0.6113,4.22,0.32,-0.04,2.001,2.075,0.0005,0.6113,0.7087,0.5406,0.198,0.8005,0.2564,2.58,0.587,urbanizing-majority,0.242,0.045,0.9169,0.8149,0.8514,0.6765,0.3736,0.7843,62.2,False
MKD,North Macedonia,Romani,high_fertility,2.45,2.03,1.4,1.61,2.5,3.32,0.82,3.35,-0.02,3.32,0.0,3.29,3.35,3.29,3.35,0.05,3.22,0.72,-0.1,45575,50238,0.586,0.486,0.138,2.339,unspecified,False,0.5,0.48,0.56,0.42,0.727,0.97,1.0,0.78,0.895,0.0,0.0,0.0,0.0,0.0,1.0,0.761,15.676,8.545,63.0,62.2,21.324,29.255,0.251,0.0,1.0,0.873,1.0,1.233,0.0,0.001,0.5891,0.612,0.0229,0.612,1.652,0.2029,2.001,2.075,0.0005,0.6113,3.22,0.72,-0.1,2.001,2.075,0.0005,0.6113,0.7087,0.5406,0.198,0.8005,0.2564,2.58,0.587,urbanizing-majority,0.242,0.045,0.9169,0.8149,0.8514,0.6765,0.3736,0.7843,62.2,False
MKD,North Macedonia,Serb,low_fertility,1.0,1.45,1.4,1.61,1.8,1.41,-0.39,1.42,-0.01,1.41,0.0,1.43,1.39,1.39,1.43,0.03,1.45,-0.35,0.04,32814,21341,0.586,0.486,0.138,2.339,unspecified,False,0.5,0.48,0.56,0.42,0.727,0.944,1.0,0.78,0.886,0.0,0.0,0.0,0.0,0.0,1.0,0.761,15.676,8.545,63.0,62.2,21.324,29.255,0.251,0.0,1.0,0.873,1.0,1.233,0.0,0.001,0.5891,0.612,0.0229,0.612,1.652,0.2029,2.001,2.075,0.0005,0.6113,1.45,-0.35,0.04,2.001,2.075,0.0005,0.6113,0.7087,0.5406,0.198,0.8005,0.2564,2.58,0.587,urbanizing-majority,0.242,0.045,0.9169,0.8149,0.8514,0.6765,0.3736,0.7843,62.2,False
MKD,North Macedonia,Other,assimilating,1.4,1.61,1.4,1.61,9.1,9.17,0.07,8.51,0.66,9.17,0.0,8.98,9.39,8.98,9.39,0.41,9.35,0.25,0.18,165894,138715,0.586,0.486,0.138,2.339,unspecified,False,0.5,0.48,0.56,0.42,0.727,1.098,1.0,0.78,0.94,0.0,0.0,0.0,0.0,0.0,1.0,0.761,15.676,8.545,63.0,62.2,21.324,29.255,0.251,0.0,1.0,0.873,1.0,1.233,0.0,0.001,0.5891,0.612,0.0229,0.612,1.652,0.2029,2.001,2.075,0.0005,0.6113,9.35,0.25,0.18,2.001,2.075,0.0005,0.6113,0.7087,0.5406,0.198,0.8005,0.2564,2.58,0.587,urbanizing-majority,0.242,0.045,0.9169,0.8149,0.8514,0.6765,0.3736,0.7843,62.2,False
MLI,Mali,Bambara,majority,5.8,4.13,5.8,4.13,33.3,32.98,-0.32,32.98,0.0,32.98,0.0,32.99,32.97,32.97,32.99,0.03,32.96,-0.34,-0.02,8151373,15221435,0.0,0.0,0.0,1.25,unspecified,False,0.5,0.48,0.56,0.42,0.454,1.244,1.0,0.78,0.826,0.0,0.0,0.836,0.0,0.0,1.0,0.761,44.5,46.313,53.5,50.3,2.0,3.387,0.251,0.0,1.0,0.743,1.0,1.0,0.0,0.001,0.8281,0.8284,0.0003,0.8284,2.7967,0.3445,2.157,2.409,0.0005,0.8287,32.96,-0.34,-0.02,2.157,2.409,0.0005,0.8287,0.2728,0.2473,0.1822,0.5583,0.3163,5.83,0.373,rural-heavy,0.0,0.0663,0.668,0.3137,0.5454,0.0,0.72,0.0,50.3,True
MLI,Mali,Fulani (Peulh),high_fertility,6.45,4.39,5.8,4.13,13.3,14.39,1.09,14.39,0.0,14.39,0.0,14.35,14.42,14.35,14.42,0.07,14.3,1.0,-0.09,3255653,6639515,0.0,0.0,0.0,1.25,unspecified,False,0.5,0.48,0.56,0.42,0.454,1.139,1.0,0.78,0.803,0.0,0.0,0.836,0.0,0.0,1.0,0.761,44.5,46.313,53.5,50.3,2.0,3.387,0.251,0.0,1.0,0.743,1.0,1.0,0.0,0.001,0.8281,0.8284,0.0003,0.8284,2.7967,0.3445,2.157,2.409,0.0005,0.8287,14.3,1.0,-0.09,2.157,2.409,0.0005,0.8287,0.2728,0.2473,0.1822,0.5583,0.3163,5.83,0.373,rural-heavy,0.0,0.0663,0.668,0.3137,0.5454,0.0,0.72,0.0,50.3,False
MLI,Mali,Sarakole,majority,5.8,4.13,5.8,4.13,9.6,9.48,-0.12,9.48,0.0,9.48,0.0,9.48,9.47,9.47,9.48,0.01,9.49,-0.11,0.01,2349945,4373935,0.0,0.0,0.0,1.25,unspecified,False,0.5,0.48,0.56,0.42,0.454,1.103,1.0,0.78,0.795,0.0,0.0,0.836,0.0,0.0,1.0,0.761,44.5,46.313,53.5,50.3,2.0,3.387,0.251,0.0,1.0,0.743,1.0,1.0,0.0,0.001,0.8281,0.8284,0.0003,0.8284,2.7967,0.3445,2.157,2.409,0.0005,0.8287,9.49,-0.11,0.01,2.157,2.409,0.0005,0.8287,0.2728,0.2473,0.1822,0.5583,0.3163,5.83,0.373,rural-heavy,0.0,0.0663,0.668,0.3137,0.5454,0.0,0.72,0.0,50.3,False
MLI,Mali,Senufo,majority,5.8,4.13,5.8,4.13,9.6,9.48,-0.12,9.48,0.0,9.48,0.0,9.48,9.47,9.47,9.48,0.01,9.49,-0.11,0.01,2349945,4373935,0.0,0.0,0.0,1.25,unspecified,False,0.5,0.48,0.56,0.42,0.454,1.103,1.0,0.78,0.795,0.0,0.0,0.836,0.0,0.0,1.0,0.761,44.5,46.313,53.5,50.3,2.0,3.387,0.251,0.0,1.0,0.743,1.0,1.0,0.0,0.001,0.8281,0.8284,0.0003,0.8284,2.7967,0.3445,2.157,2.409,0.0005,0.8287,9.49,-0.11,0.01,2.157,2.409,0.0005,0.8287,0.2728,0.2473,0.1822,0.5583,0.3163,5.83,0.373,rural-heavy,0.0,0.0663,0.668,0.3137,0.5454,0.0,0.72,0.0,50.3,False
MLI,Mali,Dogon,majority,5.8,4.13,5.8,4.13,8.7,8.59,-0.11,8.59,0.0,8.59,0.0,8.59,8.58,8.58,8.59,0.01,8.6,-0.1,0.01,2129638,3963879,0.0,0.0,0.0,1.25,unspecified,False,0.5,0.48,0.56,0.42,0.454,1.093,1.0,0.78,0.792,0.0,0.0,0.836,0.0,0.0,1.0,0.761,44.5,46.313,53.5,50.3,2.0,3.387,0.251,0.0,1.0,0.743,1.0,1.0,0.0,0.001,0.8281,0.8284,0.0003,0.8284,2.7967,0.3445,2.157,2.409,0.0005,0.8287,8.6,-0.1,0.01,2.157,2.409,0.0005,0.8287,0.2728,0.2473,0.1822,0.5583,0.3163,5.83,0.373,rural-heavy,0.0,0.0663,0.668,0.3137,0.5454,0.0,0.72,0.0,50.3,False
MLI,Mali,Malinke,majority,5.8,4.13,5.8,4.13,8.7,8.59,-0.11,8.59,0.0,8.59,0.0,8.59,8.58,8.58,8.59,0.01,8.6,-0.1,0.01,2129638,3963879,0.0,0.0,0.0,1.25,unspecified,False,0.5,0.48,0.56,0.42,0.454,1.093,1.0,0.78,0.792,0.0,0.0,0.836,0.0,0.0,1.0,0.761,44.5,46.313,53.5,50.3,2.0,3.387,0.251,0.0,1.0,0.743,1.0,1.0,0.0,0.001,0.8281,0.8284,0.0003,0.8284,2.7967,0.3445,2.157,2.409,0.0005,0.8287,8.6,-0.1,0.01,2.157,2.409,0.0005,0.8287,0.2728,0.2473,0.1822,0.5583,0.3163,5.83,0.373,rural-heavy,0.0,0.0663,0.668,0.3137,0.5454,0.0,0.72,0.0,50.3,False
MLI,Mali,Bobo,majority,5.8,4.13,5.8,4.13,6.7,6.61,-0.09,6.61,0.0,6.61,0.0,6.62,6.61,6.61,6.62,0.01,6.62,-0.08,0.01,1640066,3052642,0.0,0.0,0.0,1.25,unspecified,False,0.5,0.48,0.56,0.42,0.454,1.065,1.0,0.78,0.786,0.0,0.0,0.836,0.0,0.0,1.0,0.761,44.5,46.313,53.5,50.3,2.0,3.387,0.251,0.0,1.0,0.743,1.0,1.0,0.0,0.001,0.8281,0.8284,0.0003,0.8284,2.7967,0.3445,2.157,2.409,0.0005,0.8287,6.62,-0.08,0.01,2.157,2.409,0.0005,0.8287,0.2728,0.2473,0.1822,0.5583,0.3163,5.83,0.373,rural-heavy,0.0,0.0663,0.668,0.3137,0.5454,0.0,0.72,0.0,50.3,False
MLI,Mali,Songhai,majority,5.8,4.13,5.8,4.13,5.9,5.82,-0.08,5.82,0.0,5.82,0.0,5.83,5.82,5.82,5.83,0.01,5.83,-0.07,0.01,1444237,2688148,0.0,0.0,0.0,1.25,unspecified,False,0.5,0.48,0.56,0.42,0.454,1.052,1.0,0.78,0.783,0.0,0.0,0.836,0.0,0.0,1.0,0.761,44.5,46.313,53.5,50.3,2.0,3.387,0.251,0.0,1.0,0.743,1.0,1.0,0.0,0.001,0.8281,0.8284,0.0003,0.8284,2.7967,0.3445,2.157,2.409,0.0005,0.8287,5.83,-0.07,0.01,2.157,2.409,0.0005,0.8287,0.2728,0.2473,0.1822,0.5583,0.3163,5.83,0.373,rural-heavy,0.0,0.0663,0.668,0.3137,0.5454,0.0,0.72,0.0,50.3,False
MLI,Mali,Other,assimilating,5.8,4.13,5.8,4.13,4.2,4.07,-0.13,4.07,0.0,4.07,0.0,4.07,4.06,4.06,4.07,0.0,4.13,-0.07,0.06,1028101,1876712,0.0,0.0,0.0,1.25,unspecified,False,0.5,0.48,0.56,0.42,0.454,1.018,1.0,0.78,0.776,0.0,0.0,0.836,0.0,0.0,1.0,0.761,44.5,46.313,53.5,50.3,2.0,3.387,0.251,0.0,1.0,0.743,1.0,1.0,0.0,0.001,0.8281,0.8284,0.0003,0.8284,2.7967,0.3445,2.157,2.409,0.0005,0.8287,4.13,-0.07,0.06,2.157,2.409,0.0005,0.8287,0.2728,0.2473,0.1822,0.5583,0.3163,5.83,0.373,rural-heavy,0.0,0.0663,0.668,0.3137,0.5454,0.0,0.72,0.0,50.3,False
MLT,Malta,Maltese,majority,1.1,1.4,1.1,1.4,87.4,86.18,-1.22,87.3,-1.12,86.18,0.0,86.53,85.77,85.77,86.53,0.76,86.04,-1.36,-0.14,471621,461709,0.44,0.35,0.2,2.187,unspecified,False,0.5,0.48,0.56,0.42,0.657,1.3,1.0,0.78,0.968,0.0,0.0,0.0,0.0,0.0,1.0,0.761,11.173,5.639,66.5,68.1,22.327,26.261,0.251,0.121,0.808,0.897,1.0,1.194,0.0,0.001,0.2297,0.2496,0.0199,0.2496,0.559,0.1568,1.567,1.572,0.0005,0.2519,86.04,-1.36,-0.14,1.567,1.572,0.0005,0.2519,0.7929,0.4864,0.213,0.8388,0.2223,1.33,0.55,mixed-rural-urban,0.198,0.0062,0.9754,0.875,0.9431,0.7937,0.2334,0.6482,68.1,True
MLT,Malta,Other European,immigrant,1.1,1.4,1.1,1.4,5.0,5.44,0.44,4.93,0.51,5.44,0.0,5.28,5.62,5.28,5.62,0.34,5.51,0.51,0.08,26981,29122,0.44,0.35,0.2,2.187,unspecified,True,0.5,0.48,0.56,0.42,0.657,1.035,1.0,0.78,0.883,0.0,0.0,0.0,0.0,0.0,1.0,0.761,11.173,5.639,66.5,68.1,22.327,26.261,0.251,0.121,0.808,0.897,1.0,1.194,0.0,0.001,0.2297,0.2496,0.0199,0.2496,0.559,0.1568,1.567,1.572,0.0005,0.2519,5.51,0.51,0.08,1.567,1.572,0.0005,0.2519,0.7929,0.4864,0.213,0.8388,0.2223,1.33,0.55,mixed-rural-urban,0.198,0.0062,0.9754,0.875,0.9431,0.7937,0.2334,0.6482,68.1,False
MLT,Malta,North African,high_fertility,1.45,1.54,1.1,1.4,1.5,1.74,0.24,1.77,-0.02,1.74,0.0,1.74,1.74,1.74,1.74,0.0,1.71,0.21,-0.03,8094,9340,0.44,0.35,0.2,2.187,unspecified,False,0.5,0.48,0.56,0.42,0.657,0.93,1.0,0.78,0.849,0.0,0.0,0.0,0.0,0.0,1.0,0.761,11.173,5.639,66.5,68.1,22.327,26.261,0.251,0.121,0.808,0.897,1.0,1.194,0.0,0.001,0.2297,0.2496,0.0199,0.2496,0.559,0.1568,1.567,1.572,0.0005,0.2519,1.71,0.21,-0.03,1.567,1.572,0.0005,0.2519,0.7929,0.4864,0.213,0.8388,0.2223,1.33,0.55,mixed-rural-urban,0.198,0.0062,0.9754,0.875,0.9431,0.7937,0.2334,0.6482,68.1,False
MLT,Malta,Other,immigrant,1.1,1.4,1.1,1.4,6.1,6.64,0.54,6.01,0.63,6.64,0.0,6.45,6.86,6.45,6.86,0.42,6.73,0.63,0.1,32916,35557,0.44,0.35,0.2,2.187,unspecified,True,0.5,0.48,0.56,0.42,0.657,1.055,1.0,0.78,0.889,0.0,0.0,0.0,0.0,0.0,1.0,0.761,11.173,5.639,66.5,68.1,22.327,26.261,0.251,0.121,0.808,0.897,1.0,1.194,0.0,0.001,0.2297,0.2496,0.0199,0.2496,0.559,0.1568,1.567,1.572,0.0005,0.2519,6.73,0.63,0.1,1.567,1.572,0.0005,0.2519,0.7929,0.4864,0.213,0.8388,0.2223,1.33,0.55,mixed-rural-urban,0.198,0.0062,0.9754,0.875,0.9431,0.7937,0.2334,0.6482,68.1,False
MMR,Myanmar,Bamar,majority,2.5,2.26,2.5,2.26,68.0,67.65,-0.35,67.91,-0.26,67.65,0.0,67.74,67.55,67.55,67.74,0.19,67.57,-0.43,-0.08,37060058,39659652,0.0,0.0,0.0,1.25,unspecified,False,0.5,0.48,0.56,0.42,0.454,1.3,1.0,0.78,0.839,0.0,0.0,0.0,0.0,0.0,1.0,0.761,25.541,21.294,67.0,61.8,7.46,16.906,0.251,0.051,0.951,0.805,1.0,1.0,0.0,0.001,0.5206,0.5252,0.0045,0.5252,1.4448,0.1548,1.896,1.979,0.0005,0.5262,67.57,-0.43,-0.08,1.896,1.979,0.0005,0.5262,0.6337,0.3016,0.1525,0.7132,0.2518,2.11,0.541,mixed-rural-urban,0.0,0.0561,0.7603,0.606,0.6386,0.5392,0.1789,0.223,61.8,True
MMR,Myanmar,Shan,majority,2.5,2.26,2.5,2.26,9.0,8.93,-0.07,8.97,-0.04,8.93,0.0,8.94,8.92,8.92,8.94,0.03,8.93,-0.07,0.0,4905008,5235883,0.0,0.0,0.0,1.25,unspecified,False,0.5,0.48,0.56,0.42,0.454,1.096,1.0,0.78,0.793,0.0,0.0,0.0,0.0,0.0,1.0,0.761,25.541,21.294,67.0,61.8,7.46,16.906,0.251,0.051,0.951,0.805,1.0,1.0,0.0,0.001,0.5206,0.5252,0.0045,0.5252,1.4448,0.1548,1.896,1.979,0.0005,0.5262,8.93,-0.07,0.0,1.896,1.979,0.0005,0.5262,0.6337,0.3016,0.1525,0.7132,0.2518,2.11,0.541,mixed-rural-urban,0.0,0.0561,0.7603,0.606,0.6386,0.5392,0.1789,0.223,61.8,False
MMR,Myanmar,Karen,majority,2.5,2.26,2.5,2.26,7.0,6.95,-0.05,6.97,-0.03,6.95,0.0,6.96,6.94,6.94,6.96,0.02,6.95,-0.05,0.0,3815006,4072354,0.0,0.0,0.0,1.25,unspecified,False,0.5,0.48,0.56,0.42,0.454,1.07,1.0,0.78,0.787,0.0,0.0,0.0,0.0,0.0,1.0,0.761,25.541,21.294,67.0,61.8,7.46,16.906,0.251,0.051,0.951,0.805,1.0,1.0,0.0,0.001,0.5206,0.5252,0.0045,0.5252,1.4448,0.1548,1.896,1.979,0.0005,0.5262,6.95,-0.05,0.0,1.896,1.979,0.0005,0.5262,0.6337,0.3016,0.1525,0.7132,0.2518,2.11,0.541,mixed-rural-urban,0.0,0.0561,0.7603,0.606,0.6386,0.5392,0.1789,0.223,61.8,False
MMR,Myanmar,Rakhine,high_fertility,2.85,2.4,2.5,2.26,4.0,4.4,0.4,4.42,-0.02,4.4,0.0,4.39,4.41,4.39,4.41,0.02,4.36,0.36,-0.04,2180003,2580863,0.0,0.0,0.0,1.25,unspecified,False,0.5,0.48,0.56,0.42,0.454,1.013,1.0,0.78,0.775,0.0,0.0,0.0,0.0,0.0,1.0,0.761,25.541,21.294,67.0,61.8,7.46,16.906,0.251,0.051,0.951,0.805,1.0,1.0,0.0,0.001,0.5206,0.5252,0.0045,0.5252,1.4448,0.1548,1.896,1.979,0.0005,0.5262,4.36,0.36,-0.04,1.896,1.979,0.0005,0.5262,0.6337,0.3016,0.1525,0.7132,0.2518,2.11,0.541,mixed-rural-urban,0.0,0.0561,0.7603,0.606,0.6386,0.5392,0.1789,0.223,61.8,False
MMR,Myanmar,Chinese,immigrant,2.3,2.18,2.5,2.26,3.0,3.02,0.02,2.81,0.21,3.02,0.0,2.96,3.09,2.96,3.09,0.13,3.08,0.08,0.06,1635003,1768322,0.0,0.0,0.0,1.25,CHN,True,0.52,0.502,0.58,0.45,0.454,0.986,1.0,0.78,0.778,0.0,0.0,0.0,0.0,0.0,1.0,0.761,25.541,21.294,67.0,61.8,7.46,16.906,0.251,0.051,0.951,0.805,1.0,1.0,0.0,0.001,0.5206,0.5252,0.0045,0.5252,1.4448,0.1548,1.896,1.979,0.0005,0.5262,3.08,0.08,0.06,1.896,1.979,0.0005,0.5262,0.6337,0.3016,0.1525,0.7132,0.2518,2.11,0.541,mixed-rural-urban,0.0,0.0561,0.7603,0.606,0.6386,0.5392,0.1789,0.223,61.8,False
MMR,Myanmar,Indian,immigrant,2.5,2.26,2.5,2.26,2.0,2.13,0.13,1.97,0.16,2.13,0.0,2.08,2.19,2.08,2.19,0.11,2.16,0.16,0.03,1090002,1247358,0.0,0.0,0.0,1.25,IND;PAK;BGD;LKA;NPL,True,0.718,0.719,0.752,0.684,0.454,0.952,1.0,0.78,0.854,0.0,0.0,0.0,0.0,0.0,1.0,0.761,25.541,21.294,67.0,61.8,7.46,16.906,0.251,0.051,0.951,0.805,1.0,1.0,0.0,0.001,0.5206,0.5252,0.0045,0.5252,1.4448,0.1548,1.896,1.979,0.0005,0.5262,2.16,0.16,0.03,1.896,1.979,0.0005,0.5262,0.6337,0.3016,0.1525,0.7132,0.2518,2.11,0.541,mixed-rural-urban,0.0,0.0561,0.7603,0.606,0.6386,0.5392,0.1789,0.223,61.8,False
MMR,Myanmar,Mon,majority,2.5,2.26,2.5,2.26,2.0,1.98,-0.02,1.99,-0.01,1.98,0.0,1.99,1.98,1.98,1.99,0.01,1.99,-0.01,0.0,1090002,1163530,0.0,0.0,0.0,1.25,unspecified,False,0.5,0.48,0.56,0.42,0.454,0.952,1.0,0.78,0.761,0.0,0.0,0.0,0.0,0.0,1.0,0.761,25.541,21.294,67.0,61.8,7.46,16.906,0.251,0.051,0.951,0.805,1.0,1.0,0.0,0.001,0.5206,0.5252,0.0045,0.5252,1.4448,0.1548,1.896,1.979,0.0005,0.5262,1.99,-0.01,0.0,1.896,1.979,0.0005,0.5262,0.6337,0.3016,0.1525,0.7132,0.2518,2.11,0.541,mixed-rural-urban,0.0,0.0561,0.7603,0.606,0.6386,0.5392,0.1789,0.223,61.8,False
MMR,Myanmar,Chin,majority,2.5,2.26,2.5,2.26,1.5,1.49,-0.01,1.49,-0.01,1.49,0.0,1.49,1.49,1.49,1.49,0.0,1.49,-0.01,0.0,817501,872647,0.0,0.0,0.0,1.25,unspecified,False,0.5,0.48,0.56,0.42,0.454,0.93,1.0,0.78,0.756,0.0,0.0,0.0,0.0,0.0,1.0,0.761,25.541,21.294,67.0,61.8,7.46,16.906,0.251,0.051,0.951,0.805,1.0,1.0,0.0,0.001,0.5206,0.5252,0.0045,0.5252,1.4448,0.1548,1.896,1.979,0.0005,0.5262,1.49,-0.01,0.0,1.896,1.979,0.0005,0.5262,0.6337,0.3016,0.1525,0.7132,0.2518,2.11,0.541,mixed-rural-urban,0.0,0.0561,0.7603,0.606,0.6386,0.5392,0.1789,0.223,61.8,False
MMR,Myanmar,Kachin,majority,2.5,2.26,2.5,2.26,1.0,0.99,-0.01,1.0,-0.0,0.99,0.0,0.99,0.99,0.99,0.99,0.0,0.99,-0.01,0.0,545001,581765,0.0,0.0,0.0,1.25,unspecified,False,0.5,0.48,0.56,0.42,0.454,0.903,1.0,0.78,0.75,0.0,0.0,0.0,0.0,0.0,1.0,0.761,25.541,21.294,67.0,61.8,7.46,16.906,0.251,0.051,0.951,0.805,1.0,1.0,0.0,0.001,0.5206,0.5252,0.0045,0.5252,1.4448,0.1548,1.896,1.979,0.0005,0.5262,0.99,-0.01,0.0,1.896,1.979,0.0005,0.5262,0.6337,0.3016,0.1525,0.7132,0.2518,2.11,0.541,mixed-rural-urban,0.0,0.0561,0.7603,0.606,0.6386,0.5392,0.1789,0.223,61.8,False
MMR,Myanmar,Kayin,majority,2.5,2.26,2.5,2.26,1.0,0.99,-0.01,1.0,-0.0,0.99,0.0,0.99,0.99,0.99,0.99,0.0,0.99,-0.01,0.0,545001,581765,0.0,0.0,0.0,1.25,unspecified,False,0.5,0.48,0.56,0.42,0.454,0.903,1.0,0.78,0.75,0.0,0.0,0.0,0.0,0.0,1.0,0.761,25.541,21.294,67.0,61.8,7.46,16.906,0.251,0.051,0.951,0.805,1.0,1.0,0.0,0.001,0.5206,0.5252,0.0045,0.5252,1.4448,0.1548,1.896,1.979,0.0005,0.5262,0.99,-0.01,0.0,1.896,1.979,0.0005,0.5262,0.6337,0.3016,0.1525,0.7132,0.2518,2.11,0.541,mixed-rural-urban,0.0,0.0561,0.7603,0.606,0.6386,0.5392,0.1789,0.223,61.8,False
MMR,Myanmar,Other,assimilating,2.5,2.26,2.5,2.26,1.5,1.47,-0.03,1.47,-0.01,1.47,0.0,1.47,1.46,1.46,1.47,0.0,1.49,-0.01,0.02,817501,859095,0.0,0.0,0.0,1.25,unspecified,False,0.5,0.48,0.56,0.42,0.454,0.93,1.0,0.78,0.756,0.0,0.0,0.0,0.0,0.0,1.0,0.761,25.541,21.294,67.0,61.8,7.46,16.906,0.251,0.051,0.951,0.805,1.0,1.0,0.0,0.001,0.5206,0.5252,0.0045,0.5252,1.4448,0.1548,1.896,1.979,0.0005,0.5262,1.49,-0.01,0.02,1.896,1.979,0.0005,0.5262,0.6337,0.3016,0.1525,0.7132,0.2518,2.11,0.541,mixed-rural-urban,0.0,0.0561,0.7603,0.606,0.6386,0.5392,0.1789,0.223,61.8,False
MNE,Montenegro,Montenegrin,majority,1.7,1.82,1.7,1.82,45.0,45.88,0.88,46.34,-0.47,45.88,0.0,45.98,45.75,45.75,45.98,0.24,45.58,0.58,-0.3,287316,244668,0.447,0.376,0.121,2.1,unspecified,False,0.5,0.48,0.56,0.42,0.663,1.279,1.0,0.78,0.965,0.0,0.0,0.0,0.0,0.0,1.0,0.761,14.783,8.579,63.5,59.7,21.717,31.721,0.251,0.0,1.0,0.884,1.0,1.181,0.0,0.001,0.6889,0.696,0.007,0.696,2.0301,0.2123,2.095,2.215,0.0005,0.6968,45.58,0.58,-0.3,2.095,2.215,0.0005,0.6968,0.7088,0.4836,0.2148,0.8163,0.227,3.29,0.55,mixed-rural-urban,0.201,0.0129,0.8866,0.8811,0.8573,0.6706,0.462,0.8964,59.7,True
MNE,Montenegro,Serb,low_fertility,1.3,1.66,1.7,1.82,28.7,24.83,-3.87,25.09,-0.26,24.83,0.0,25.04,24.61,24.61,25.04,0.43,25.19,-3.51,0.36,183244,132422,0.447,0.376,0.121,2.1,unspecified,False,0.5,0.48,0.56,0.42,0.663,1.227,1.0,0.78,0.948,0.0,0.0,0.0,0.0,0.0,1.0,0.761,14.783,8.579,63.5,59.7,21.717,31.721,0.251,0.0,1.0,0.884,1.0,1.181,0.0,0.001,0.6889,0.696,0.007,0.696,2.0301,0.2123,2.095,2.215,0.0005,0.6968,25.19,-3.51,0.36,2.095,2.215,0.0005,0.6968,0.7088,0.4836,0.2148,0.8163,0.227,3.29,0.55,mixed-rural-urban,0.201,0.0129,0.8866,0.8811,0.8573,0.6706,0.462,0.8964,59.7,False
MNE,Montenegro,Bosniak,high_fertility,2.05,1.96,1.7,1.82,8.6,9.89,1.29,9.99,-0.1,9.89,0.0,9.87,9.9,9.87,9.9,0.03,9.75,1.15,-0.14,54909,52729,0.447,0.376,0.121,2.1,unspecified,False,0.5,0.48,0.56,0.42,0.663,1.091,1.0,0.78,0.904,0.0,0.0,0.0,0.0,0.0,1.0,0.761,14.783,8.579,63.5,59.7,21.717,31.721,0.251,0.0,1.0,0.884,1.0,1.181,0.0,0.001,0.6889,0.696,0.007,0.696,2.0301,0.2123,2.095,2.215,0.0005,0.6968,9.75,1.15,-0.14,2.095,2.215,0.0005,0.6968,0.7088,0.4836,0.2148,0.8163,0.227,3.29,0.55,mixed-rural-urban,0.201,0.0129,0.8866,0.8811,0.8573,0.6706,0.462,0.8964,59.7,False
MNE,Montenegro,Albanian,high_fertility,2.05,1.96,1.7,1.82,4.9,5.63,0.73,5.69,-0.06,5.63,0.0,5.62,5.64,5.62,5.64,0.02,5.55,0.65,-0.08,31286,30043,0.447,0.376,0.121,2.1,unspecified,False,0.5,0.48,0.56,0.42,0.663,1.033,1.0,0.78,0.885,0.0,0.0,0.0,0.0,0.0,1.0,0.761,14.783,8.579,63.5,59.7,21.717,31.721,0.251,0.0,1.0,0.884,1.0,1.181,0.0,0.001,0.6889,0.696,0.007,0.696,2.0301,0.2123,2.095,2.215,0.0005,0.6968,5.55,0.65,-0.08,2.095,2.215,0.0005,0.6968,0.7088,0.4836,0.2148,0.8163,0.227,3.29,0.55,mixed-rural-urban,0.201,0.0129,0.8866,0.8811,0.8573,0.6706,0.462,0.8964,59.7,False
MNE,Montenegro,Other,assimilating,1.7,1.82,1.7,1.82,12.8,13.77,0.97,12.88,0.89,13.77,0.0,13.49,14.1,13.49,14.1,0.62,13.94,1.14,0.16,81726,73436,0.447,0.376,0.121,2.1,unspecified,False,0.5,0.48,0.56,0.42,0.663,1.135,1.0,0.78,0.918,0.0,0.0,0.0,0.0,0.0,1.0,0.761,14.783,8.579,63.5,59.7,21.717,31.721,0.251,0.0,1.0,0.884,1.0,1.181,0.0,0.001,0.6889,0.696,0.007,0.696,2.0301,0.2123,2.095,2.215,0.0005,0.6968,13.94,1.14,0.16,2.095,2.215,0.0005,0.6968,0.7088,0.4836,0.2148,0.8163,0.227,3.29,0.55,mixed-rural-urban,0.201,0.0129,0.8866,0.8811,0.8573,0.6706,0.462,0.8964,59.7,False
MNG,Mongolia,Khalkh,majority,2.8,2.38,2.8,2.38,81.9,81.45,-0.45,81.72,-0.27,81.45,0.0,81.55,81.34,81.34,81.55,0.2,81.37,-0.53,-0.08,2846468,3666511,0.0,0.0,0.0,1.25,unspecified,False,0.5,0.48,0.56,0.42,0.454,1.3,1.0,0.78,0.839,0.0,0.0,0.0,0.0,0.0,1.0,0.761,25.748,20.814,67.5,61.34,6.752,17.846,0.251,0.042,0.964,0.87,1.0,1.0,0.0,0.001,0.3232,0.3302,0.007,0.3302,0.8038,0.1227,1.674,1.703,0.0005,0.3315,81.37,-0.53,-0.08,1.674,1.703,0.0005,0.3315,0.732,0.297,0.1146,0.7925,0.1939,1.49,0.55,mixed-rural-urban,0.0,0.0919,0.8706,0.8132,0.834,0.6623,0.203,0.2657,61.34,True
MNG,Mongolia,Kazakh,high_fertility,3.15,2.52,2.8,2.38,3.8,4.15,0.35,4.16,-0.01,4.15,0.0,4.14,4.15,4.14,4.15,0.01,4.11,0.31,-0.04,132071,186642,0.0,0.0,0.0,1.25,unspecified,False,0.5,0.48,0.56,0.42,0.454,1.008,1.0,0.78,0.774,0.0,0.0,0.0,0.0,0.0,1.0,0.761,25.748,20.814,67.5,61.34,6.752,17.846,0.251,0.042,0.964,0.87,1.0,1.0,0.0,0.001,0.3232,0.3302,0.007,0.3302,0.8038,0.1227,1.674,1.703,0.0005,0.3315,4.11,0.31,-0.04,1.674,1.703,0.0005,0.3315,0.732,0.297,0.1146,0.7925,0.1939,1.49,0.55,mixed-rural-urban,0.0,0.0919,0.8706,0.8132,0.834,0.6623,0.203,0.2657,61.34,False
MNG,Mongolia,Dorvod,majority,2.8,2.38,2.8,2.38,2.7,2.68,-0.02,2.69,-0.01,2.68,0.0,2.68,2.67,2.67,2.68,0.01,2.68,-0.02,0.0,93840,120563,0.0,0.0,0.0,1.25,unspecified,False,0.5,0.48,0.56,0.42,0.454,0.977,1.0,0.78,0.767,0.0,0.0,0.0,0.0,0.0,1.0,0.761,25.748,20.814,67.5,61.34,6.752,17.846,0.251,0.042,0.964,0.87,1.0,1.0,0.0,0.001,0.3232,0.3302,0.007,0.3302,0.8038,0.1227,1.674,1.703,0.0005,0.3315,2.68,-0.02,0.0,1.674,1.703,0.0005,0.3315,0.732,0.297,0.1146,0.7925,0.1939,1.49,0.55,mixed-rural-urban,0.0,0.0919,0.8706,0.8132,0.834,0.6623,0.203,0.2657,61.34,False
MNG,Mongolia,Bayad,majority,2.8,2.38,2.8,2.38,1.9,1.88,-0.02,1.89,-0.01,1.88,0.0,1.89,1.88,1.88,1.89,0.0,1.89,-0.01,0.0,66035,84840,0.0,0.0,0.0,1.25,unspecified,False,0.5,0.48,0.56,0.42,0.454,0.948,1.0,0.78,0.76,0.0,0.0,0.0,0.0,0.0,1.0,0.761,25.748,20.814,67.5,61.34,6.752,17.846,0.251,0.042,0.964,0.87,1.0,1.0,0.0,0.001,0.3232,0.3302,0.007,0.3302,0.8038,0.1227,1.674,1.703,0.0005,0.3315,1.89,-0.01,0.0,1.674,1.703,0.0005,0.3315,0.732,0.297,0.1146,0.7925,0.1939,1.49,0.55,mixed-rural-urban,0.0,0.0919,0.8706,0.8132,0.834,0.6623,0.203,0.2657,61.34,False
MNG,Mongolia,Buryat,majority,2.8,2.38,2.8,2.38,1.7,1.69,-0.01,1.69,-0.01,1.69,0.0,1.69,1.68,1.68,1.69,0.0,1.69,-0.01,0.0,59084,75910,0.0,0.0,0.0,1.25,unspecified,False,0.5,0.48,0.56,0.42,0.454,0.939,1.0,0.78,0.758,0.0,0.0,0.0,0.0,0.0,1.0,0.761,25.748,20.814,67.5,61.34,6.752,17.846,0.251,0.042,0.964,0.87,1.0,1.0,0.0,0.001,0.3232,0.3302,0.007,0.3302,0.8038,0.1227,1.674,1.703,0.0005,0.3315,1.69,-0.01,0.0,1.674,1.703,0.0005,0.3315,0.732,0.297,0.1146,0.7925,0.1939,1.49,0.55,mixed-rural-urban,0.0,0.0919,0.8706,0.8132,0.834,0.6623,0.203,0.2657,61.34,False
MNG,Mongolia,Other Mongol groups,assimilating,2.8,2.38,2.8,2.38,4.0,3.91,-0.09,3.92,-0.01,3.91,0.0,3.91,3.9,3.9,3.91,0.01,3.96,-0.04,0.06,139022,175838,0.0,0.0,0.0,1.25,unspecified,False,0.5,0.48,0.56,0.42,0.454,1.013,1.0,0.78,0.775,0.0,0.0,0.0,0.0,0.0,1.0,0.761,25.748,20.814,67.5,61.34,6.752,17.846,0.251,0.042,0.964,0.87,1.0,1.0,0.0,0.001,0.3232,0.3302,0.007,0.3302,0.8038,0.1227,1.674,1.703,0.0005,0.3315,3.96,-0.04,0.06,1.674,1.703,0.0005,0.3315,0.732,0.297,0.1146,0.7925,0.1939,1.49,0.55,mixed-rural-urban,0.0,0.0919,0.8706,0.8132,0.834,0.6623,0.203,0.2657,61.34,False
MNG,Mongolia,Other,immigrant,2.8,2.38,2.8,2.38,4.0,4.25,0.25,3.93,0.32,4.25,0.0,4.15,4.36,4.15,4.36,0.22,4.31,0.31,0.06,139022,191188,0.0,0.0,0.0,1.25,unspecified,True,0.5,0.48,0.56,0.42,0.454,1.013,1.0,0.78,0.775,0.0,0.0,0.0,0.0,0.0,1.0,0.761,25.748,20.814,67.5,61.34,6.752,17.846,0.251,0.042,0.964,0.87,1.0,1.0,0.0,0.001,0.3232,0.3302,0.007,0.3302,0.8038,0.1227,1.674,1.703,0.0005,0.3315,4.31,0.31,0.06,1.674,1.703,0.0005,0.3315,0.732,0.297,0.1146,0.7925,0.1939,1.49,0.55,mixed-rural-urban,0.0,0.0919,0.8706,0.8132,0.834,0.6623,0.203,0.2657,61.34,False
MOZ,Mozambique,Makhuwa,majority,4.7,3.53,4.7,3.53,26.1,26.05,-0.05,26.05,0.0,26.05,0.0,26.05,26.05,26.05,26.05,0.0,26.05,-0.05,0.0,9038891,16552070,0.0,0.0,0.0,1.25,unspecified,False,0.5,0.48,0.56,0.42,0.454,1.216,1.0,0.78,0.82,0.0,0.0,0.816,0.0,0.0,1.0,0.761,42.958,44.354,55.0,51.56,2.042,4.086,0.251,0.0,1.0,0.763,1.0,1.0,0.0,0.001,0.8271,0.8267,-0.0003,0.8267,2.7722,0.3178,2.137,2.408,0.0005,0.8267,26.05,-0.05,0.0,2.137,2.408,0.0005,0.8267,0.3506,0.2239,0.1311,0.6212,0.264,5.77,0.337,rural-heavy,0.0,0.0596,0.7067,0.5179,0.4611,0.0731,0.72,0.0,51.56,False
MOZ,Mozambique,Tsonga,majority,4.7,3.53,4.7,3.53,11.3,11.28,-0.02,11.28,0.0,11.28,0.0,11.28,11.28,11.28,11.28,0.0,11.28,-0.02,0.0,3913390,7166222,0.0,0.0,0.0,1.25,unspecified,False,0.5,0.48,0.56,0.42,0.454,1.121,1.0,0.78,0.799,0.0,0.0,0.816,0.0,0.0,1.0,0.761,42.958,44.354,55.0,51.56,2.042,4.086,0.251,0.0,1.0,0.763,1.0,1.0,0.0,0.001,0.8271,0.8267,-0.0003,0.8267,2.7722,0.3178,2.137,2.408,0.0005,0.8267,11.28,-0.02,0.0,2.137,2.408,0.0005,0.8267,0.3506,0.2239,0.1311,0.6212,0.264,5.77,0.337,rural-heavy,0.0,0.0596,0.7067,0.5179,0.4611,0.0731,0.72,0.0,51.56,False
MOZ,Mozambique,Lomwe,majority,4.7,3.53,4.7,3.53,7.8,7.79,-0.01,7.79,0.0,7.79,0.0,7.79,7.79,7.79,7.79,0.0,7.79,-0.01,0.0,2701278,4946596,0.0,0.0,0.0,1.25,unspecified,False,0.5,0.48,0.56,0.42,0.454,1.081,1.0,0.78,0.79,0.0,0.0,0.816,0.0,0.0,1.0,0.761,42.958,44.354,55.0,51.56,2.042,4.086,0.251,0.0,1.0,0.763,1.0,1.0,0.0,0.001,0.8271,0.8267,-0.0003,0.8267,2.7722,0.3178,2.137,2.408,0.0005,0.8267,7.79,-0.01,0.0,2.137,2.408,0.0005,0.8267,0.3506,0.2239,0.1311,0.6212,0.264,5.77,0.337,rural-heavy,0.0,0.0596,0.7067,0.5179,0.4611,0.0731,0.72,0.0,51.56,False
MOZ,Mozambique,Sena,majority,4.7,3.53,4.7,3.53,7.2,7.19,-0.01,7.19,0.0,7.19,0.0,7.19,7.19,7.19,7.19,0.0,7.19,-0.01,0.0,2493487,4566088,0.0,0.0,0.0,1.25,unspecified,False,0.5,0.48,0.56,0.42,0.454,1.072,1.0,0.78,0.788,0.0,0.0,0.816,0.0,0.0,1.0,0.761,42.958,44.354,55.0,51.56,2.042,4.086,0.251,0.0,1.0,0.763,1.0,1.0,0.0,0.001,0.8271,0.8267,-0.0003,0.8267,2.7722,0.3178,2.137,2.408,0.0005,0.8267,7.19,-0.01,0.0,2.137,2.408,0.0005,0.8267,0.3506,0.2239,0.1311,0.6212,0.264,5.77,0.337,rural-heavy,0.0,0.0596,0.7067,0.5179,0.4611,0.0731,0.72,0.0,51.56,False
MOZ,Mozambique,Shona,majority,4.7,3.53,4.7,3.53,6.4,6.39,-0.01,6.39,0.0,6.39,0.0,6.39,6.39,6.39,6.39,0.0,6.39,-0.01,0.0,2216433,4058745,0.0,0.0,0.0,1.25,unspecified,False,0.5,0.48,0.56,0.42,0.454,1.06,1.0,0.78,0.785,0.0,0.0,0.816,0.0,0.0,1.0,0.761,42.958,44.354,55.0,51.56,2.042,4.086,0.251,0.0,1.0,0.763,1.0,1.0,0.0,0.001,0.8271,0.8267,-0.0003,0.8267,2.7722,0.3178,2.137,2.408,0.0005,0.8267,6.39,-0.01,0.0,2.137,2.408,0.0005,0.8267,0.3506,0.2239,0.1311,0.6212,0.264,5.77,0.337,rural-heavy,0.0,0.0596,0.7067,0.5179,0.4611,0.0731,0.72,0.0,51.56,False
MOZ,Mozambique,Nyanja,majority,4.7,3.53,4.7,3.53,5.7,5.69,-0.01,5.69,0.0,5.69,0.0,5.69,5.69,5.69,5.69,0.0,5.69,-0.01,0.0,1974011,3614820,0.0,0.0,0.0,1.25,unspecified,False,0.5,0.48,0.56,0.42,0.454,1.048,1.0,0.78,0.783,0.0,0.0,0.816,0.0,0.0,1.0,0.761,42.958,44.354,55.0,51.56,2.042,4.086,0.251,0.0,1.0,0.763,1.0,1.0,0.0,0.001,0.8271,0.8267,-0.0003,0.8267,2.7722,0.3178,2.137,2.408,0.0005,0.8267,5.69,-0.01,0.0,2.137,2.408,0.0005,0.8267,0.3506,0.2239,0.1311,0.6212,0.264,5.77,0.337,rural-heavy,0.0,0.0596,0.7067,0.5179,0.4611,0.0731,0.72,0.0,51.56,False
MOZ,Mozambique,Chopi,majority,4.7,3.53,4.7,3.53,3.4,3.39,-0.01,3.39,0.0,3.39,0.0,3.39,3.39,3.39,3.39,0.0,3.39,-0.01,0.0,1177480,2156208,0.0,0.0,0.0,1.25,unspecified,False,0.5,0.48,0.56,0.42,0.454,0.998,1.0,0.78,0.771,0.0,0.0,0.816,0.0,0.0,1.0,0.761,42.958,44.354,55.0,51.56,2.042,4.086,0.251,0.0,1.0,0.763,1.0,1.0,0.0,0.001,0.8271,0.8267,-0.0003,0.8267,2.7722,0.3178,2.137,2.408,0.0005,0.8267,3.39,-0.01,0.0,2.137,2.408,0.0005,0.8267,0.3506,0.2239,0.1311,0.6212,0.264,5.77,0.337,rural-heavy,0.0,0.0596,0.7067,0.5179,0.4611,0.0731,0.72,0.0,51.56,False
MOZ,Mozambique,Ngoni,majority,4.7,3.53,4.7,3.53,3.0,2.99,-0.01,2.99,0.0,2.99,0.0,2.99,2.99,2.99,2.99,0.0,2.99,-0.01,0.0,1038953,1902537,0.0,0.0,0.0,1.25,unspecified,False,0.5,0.48,0.56,0.42,0.454,0.986,1.0,0.78,0.769,0.0,0.0,0.816,0.0,0.0,1.0,0.761,42.958,44.354,55.0,51.56,2.042,4.086,0.251,0.0,1.0,0.763,1.0,1.0,0.0,0.001,0.8271,0.8267,-0.0003,0.8267,2.7722,0.3178,2.137,2.408,0.0005,0.8267,2.99,-0.01,0.0,2.137,2.408,0.0005,0.8267,0.3506,0.2239,0.1311,0.6212,0.264,5.77,0.337,rural-heavy,0.0,0.0596,0.7067,0.5179,0.4611,0.0731,0.72,0.0,51.56,False
MOZ,Mozambique,Shona (Ndau),majority,4.7,3.53,4.7,3.53,2.5,2.5,-0.0,2.5,0.0,2.5,0.0,2.5,2.5,2.5,2.5,0.0,2.5,-0.0,0.0,865794,1585447,0.0,0.0,0.0,1.25,unspecified,False,0.5,0.48,0.56,0.42,0.454,0.97,1.0,0.78,0.765,0.0,0.0,0.816,0.0,0.0,1.0,0.761,42.958,44.354,55.0,51.56,2.042,4.086,0.251,0.0,1.0,0.763,1.0,1.0,0.0,0.001,0.8271,0.8267,-0.0003,0.8267,2.7722,0.3178,2.137,2.408,0.0005,0.8267,2.5,-0.0,0.0,2.137,2.408,0.0005,0.8267,0.3506,0.2239,0.1311,0.6212,0.264,5.77,0.337,rural-heavy,0.0,0.0596,0.7067,0.5179,0.4611,0.0731,0.72,0.0,51.56,False
MOZ,Mozambique,Other,assimilating,4.7,3.53,4.7,3.53,26.6,26.73,0.13,26.73,0.0,26.73,0.0,26.73,26.73,26.73,26.73,0.0,26.73,0.13,0.0,9212050,16982226,0.0,0.0,0.0,1.25,unspecified,False,0.5,0.48,0.56,0.42,0.454,1.218,1.0,0.78,0.82,0.0,0.0,0.816,0.0,0.0,1.0,0.761,42.958,44.354,55.0,51.56,2.042,4.086,0.251,0.0,1.0,0.763,1.0,1.0,0.0,0.001,0.8271,0.8267,-0.0003,0.8267,2.7722,0.3178,2.137,2.408,0.0005,0.8267,26.73,0.13,0.0,2.137,2.408,0.0005,0.8267,0.3506,0.2239,0.1311,0.6212,0.264,5.77,0.337,rural-heavy,0.0,0.0596,0.7067,0.5179,0.4611,0.0731,0.72,0.0,51.56,True
MRT,Mauritania,White Moor (Arab-Berber),majority,4.3,3.31,4.3,3.31,40.0,39.24,-0.76,39.24,0.0,39.24,0.0,39.27,39.22,39.22,39.27,0.05,39.25,-0.75,0.0,2067761,3695082,0.0,0.0,0.0,1.25,unspecified,False,0.5,0.48,0.56,0.42,0.454,1.266,1.0,0.78,0.831,0.0,0.0,0.0,0.0,0.0,1.0,0.761,39.096,39.574,58.0,53.68,2.904,6.746,0.251,0.0,1.0,0.808,1.0,1.0,0.0,0.001,0.685,0.6847,-0.0003,0.6847,1.903,0.238,2.09,2.209,0.0005,0.6851,39.25,-0.75,0.0,2.09,2.209,0.0005,0.6851,0.4834,0.297,0.1149,0.6699,0.2623,3.17,0.55,mixed-rural-urban,0.0,0.122,0.825,0.5449,0.7149,0.3161,0.5293,0.0,53.68,True
MRT,Mauritania,Black Moor (Haratin),majority,4.3,3.31,4.3,3.31,25.0,24.45,-0.55,24.45,0.0,24.45,0.0,24.47,24.43,24.43,24.47,0.03,24.49,-0.51,0.05,1292351,2301996,0.0,0.0,0.0,1.25,unspecified,False,0.5,0.48,0.56,0.42,0.454,1.211,1.0,0.78,0.819,0.0,0.0,0.0,0.0,0.0,1.0,0.761,39.096,39.574,58.0,53.68,2.904,6.746,0.251,0.0,1.0,0.808,1.0,1.0,0.0,0.001,0.685,0.6847,-0.0003,0.6847,1.903,0.238,2.09,2.209,0.0005,0.6851,24.49,-0.51,0.05,2.09,2.209,0.0005,0.6851,0.4834,0.297,0.1149,0.6699,0.2623,3.17,0.55,mixed-rural-urban,0.0,0.122,0.825,0.5449,0.7149,0.3161,0.5293,0.0,53.68,False
MRT,Mauritania,Sub-Saharan Mauritanian (Pulaar/Wolof/Soninke),high_fertility,4.65,3.45,4.3,3.31,30.0,31.5,1.5,31.5,0.0,31.5,0.0,31.46,31.55,31.46,31.55,0.09,31.38,1.38,-0.13,1550821,2966181,0.0,0.0,0.0,1.25,unspecified,False,0.5,0.48,0.56,0.42,0.454,1.232,1.0,0.78,0.823,0.0,0.0,0.0,0.0,0.0,1.0,0.761,39.096,39.574,58.0,53.68,2.904,6.746,0.251,0.0,1.0,0.808,1.0,1.0,0.0,0.001,0.685,0.6847,-0.0003,0.6847,1.903,0.238,2.09,2.209,0.0005,0.6851,31.38,1.38,-0.13,2.09,2.209,0.0005,0.6851,0.4834,0.297,0.1149,0.6699,0.2623,3.17,0.55,mixed-rural-urban,0.0,0.122,0.825,0.5449,0.7149,0.3161,0.5293,0.0,53.68,False
MRT,Mauritania,Other,assimilating,4.3,3.31,4.3,3.31,5.0,4.8,-0.2,4.8,0.0,4.8,0.0,4.81,4.8,4.8,4.81,0.01,4.88,-0.12,0.08,258470,452345,0.0,0.0,0.0,1.25,unspecified,False,0.5,0.48,0.56,0.42,0.454,1.035,1.0,0.78,0.78,0.0,0.0,0.0,0.0,0.0,1.0,0.761,39.096,39.574,58.0,53.68,2.904,6.746,0.251,0.0,1.0,0.808,1.0,1.0,0.0,0.001,0.685,0.6847,-0.0003,0.6847,1.903,0.238,2.09,2.209,0.0005,0.6851,4.88,-0.12,0.08,2.09,2.209,0.0005,0.6851,0.4834,0.297,0.1149,0.6699,0.2623,3.17,0.55,mixed-rural-urban,0.0,0.122,0.825,0.5449,0.7149,0.3161,0.5293,0.0,53.68,False
MUS,Mauritius,Indo-Mauritian,majority,1.4,1.61,1.4,1.61,66.0,66.69,0.69,66.74,-0.05,66.69,0.0,66.68,66.7,66.68,66.7,0.02,66.6,0.6,-0.09,838973,738408,0.512,0.0,0.0,2.05,unspecified,False,0.5,0.48,0.56,0.42,0.628,1.3,1.0,0.78,0.949,0.0,0.0,0.0,0.0,0.0,1.0,0.761,18.117,11.106,67.5,66.7,14.383,22.194,0.251,0.0,1.0,0.879,1.0,1.179,0.0,0.001,0.4846,0.4743,-0.0103,0.4743,1.0716,0.1735,1.86,1.928,0.0005,0.4757,66.6,0.6,-0.09,1.86,1.928,0.0005,0.4757,0.7582,0.5001,0.2296,0.807,0.2498,1.9,0.55,mixed-rural-urban,0.23,0.0579,0.8899,0.8145,0.8894,0.7332,0.1806,0.4634,66.7,True
MUS,Mauritius,Creole (African/French),majority,1.4,1.61,1.4,1.61,28.0,28.28,0.28,28.3,-0.02,28.28,0.0,28.28,28.28,28.28,28.28,0.01,28.25,0.25,-0.03,355928,313137,0.512,0.0,0.0,2.05,unspecified,False,0.5,0.48,0.56,0.42,0.628,1.224,1.0,0.78,0.926,0.0,0.0,0.0,0.0,0.0,1.0,0.761,18.117,11.106,67.5,66.7,14.383,22.194,0.251,0.0,1.0,0.879,1.0,1.179,0.0,0.001,0.4846,0.4743,-0.0103,0.4743,1.0716,0.1735,1.86,1.928,0.0005,0.4757,28.25,0.25,-0.03,1.86,1.928,0.0005,0.4757,0.7582,0.5001,0.2296,0.807,0.2498,1.9,0.55,mixed-rural-urban,0.23,0.0579,0.8899,0.8145,0.8894,0.7332,0.1806,0.4634,66.7,False
MUS,Mauritius,Sino-Mauritian,low_fertility,0.8,1.37,1.4,1.61,3.0,2.27,-0.73,2.28,-0.0,2.27,0.0,2.3,2.25,2.25,2.3,0.05,2.35,-0.65,0.08,38135,25187,0.512,0.0,0.0,2.05,unspecified,False,0.5,0.48,0.56,0.42,0.628,0.986,1.0,0.78,0.853,0.0,0.0,0.0,0.0,0.0,1.0,0.761,18.117,11.106,67.5,66.7,14.383,22.194,0.251,0.0,1.0,0.879,1.0,1.179,0.0,0.001,0.4846,0.4743,-0.0103,0.4743,1.0716,0.1735,1.86,1.928,0.0005,0.4757,2.35,-0.65,0.08,1.86,1.928,0.0005,0.4757,0.7582,0.5001,0.2296,0.807,0.2498,1.9,0.55,mixed-rural-urban,0.23,0.0579,0.8899,0.8145,0.8894,0.7332,0.1806,0.4634,66.7,False
MUS,Mauritius,Franco-Mauritian,low_fertility,1.0,1.45,1.4,1.61,2.0,1.68,-0.32,1.68,-0.0,1.68,0.0,1.69,1.67,1.67,1.69,0.02,1.71,-0.29,0.03,25423,18588,0.512,0.0,0.0,2.05,unspecified,False,0.5,0.48,0.56,0.42,0.628,0.952,1.0,0.78,0.842,0.0,0.0,0.0,0.0,0.0,1.0,0.761,18.117,11.106,67.5,66.7,14.383,22.194,0.251,0.0,1.0,0.879,1.0,1.179,0.0,0.001,0.4846,0.4743,-0.0103,0.4743,1.0716,0.1735,1.86,1.928,0.0005,0.4757,1.71,-0.29,0.03,1.86,1.928,0.0005,0.4757,0.7582,0.5001,0.2296,0.807,0.2498,1.9,0.55,mixed-rural-urban,0.23,0.0579,0.8899,0.8145,0.8894,0.7332,0.1806,0.4634,66.7,False
MUS,Mauritius,Other,assimilating,1.4,1.61,1.4,1.61,1.0,1.07,0.07,1.0,0.08,1.07,0.0,1.05,1.1,1.05,1.1,0.05,1.09,0.09,0.01,12712,11878,0.512,0.0,0.0,2.05,unspecified,False,0.5,0.48,0.56,0.42,0.628,0.903,1.0,0.78,0.827,0.0,0.0,0.0,0.0,0.0,1.0,0.761,18.117,11.106,67.5,66.7,14.383,22.194,0.251,0.0,1.0,0.879,1.0,1.179,0.0,0.001,0.4846,0.4743,-0.0103,0.4743,1.0716,0.1735,1.86,1.928,0.0005,0.4757,1.09,0.09,0.01,1.86,1.928,0.0005,0.4757,0.7582,0.5001,0.2296,0.807,0.2498,1.9,0.55,mixed-rural-urban,0.23,0.0579,0.8899,0.8145,0.8894,0.7332,0.1806,0.4634,66.7,False
MWI,Malawi,Chewa,majority,4.0,3.15,4.0,3.15,34.3,34.47,0.17,34.47,0.0,34.47,0.0,34.47,34.47,34.47,34.47,0.0,34.37,0.07,-0.1,7427764,12877370,0.0,0.0,0.0,1.25,unspecified,False,0.5,0.48,0.56,0.42,0.454,1.248,1.0,0.78,0.827,0.0,0.0,0.814,0.0,0.0,1.0,0.761,43.435,44.812,54.5,51.06,2.065,4.128,0.251,0.0,1.0,0.771,1.0,1.0,0.0,0.001,0.8028,0.8019,-0.0009,0.8019,2.6241,0.3195,2.112,2.374,0.0005,0.8025,34.37,0.07,-0.1,2.112,2.374,0.0005,0.8025,0.354,0.2269,0.1369,0.6259,0.2598,5.05,0.342,rural-heavy,0.0,0.0672,0.7522,0.5361,0.4944,0.0706,0.72,0.0,51.06,True
MWI,Malawi,Lomwe,majority,4.0,3.15,4.0,3.15,18.8,18.79,-0.01,18.79,0.0,18.79,0.0,18.79,18.79,18.79,18.79,0.0,18.79,-0.01,-0.0,4071194,7020670,0.0,0.0,0.0,1.25,unspecified,False,0.5,0.48,0.56,0.42,0.454,1.178,1.0,0.78,0.811,0.0,0.0,0.814,0.0,0.0,1.0,0.761,43.435,44.812,54.5,51.06,2.065,4.128,0.251,0.0,1.0,0.771,1.0,1.0,0.0,0.001,0.8028,0.8019,-0.0009,0.8019,2.6241,0.3195,2.112,2.374,0.0005,0.8025,18.79,-0.01,-0.0,2.112,2.374,0.0005,0.8025,0.354,0.2269,0.1369,0.6259,0.2598,5.05,0.342,rural-heavy,0.0,0.0672,0.7522,0.5361,0.4944,0.0706,0.72,0.0,51.06,False
MWI,Malawi,Yao,majority,4.0,3.15,4.0,3.15,13.2,13.19,-0.01,13.19,0.0,13.19,0.0,13.19,13.19,13.19,13.19,0.0,13.19,-0.01,-0.0,2858498,4929407,0.0,0.0,0.0,1.25,unspecified,False,0.5,0.48,0.56,0.42,0.454,1.138,1.0,0.78,0.803,0.0,0.0,0.814,0.0,0.0,1.0,0.761,43.435,44.812,54.5,51.06,2.065,4.128,0.251,0.0,1.0,0.771,1.0,1.0,0.0,0.001,0.8028,0.8019,-0.0009,0.8019,2.6241,0.3195,2.112,2.374,0.0005,0.8025,13.19,-0.01,-0.0,2.112,2.374,0.0005,0.8025,0.354,0.2269,0.1369,0.6259,0.2598,5.05,0.342,rural-heavy,0.0,0.0672,0.7522,0.5361,0.4944,0.0706,0.72,0.0,51.06,False
MWI,Malawi,Ngoni,majority,4.0,3.15,4.0,3.15,10.4,10.4,-0.0,10.4,0.0,10.4,0.0,10.4,10.4,10.4,10.4,0.0,10.4,-0.0,-0.0,2252150,3883775,0.0,0.0,0.0,1.25,unspecified,False,0.5,0.48,0.56,0.42,0.454,1.112,1.0,0.78,0.797,0.0,0.0,0.814,0.0,0.0,1.0,0.761,43.435,44.812,54.5,51.06,2.065,4.128,0.251,0.0,1.0,0.771,1.0,1.0,0.0,0.001,0.8028,0.8019,-0.0009,0.8019,2.6241,0.3195,2.112,2.374,0.0005,0.8025,10.4,-0.0,-0.0,2.112,2.374,0.0005,0.8025,0.354,0.2269,0.1369,0.6259,0.2598,5.05,0.342,rural-heavy,0.0,0.0672,0.7522,0.5361,0.4944,0.0706,0.72,0.0,51.06,False
MWI,Malawi,Tumbuka,majority,4.0,3.15,4.0,3.15,9.2,9.2,-0.0,9.2,0.0,9.2,0.0,9.2,9.2,9.2,9.2,0.0,9.2,-0.0,-0.0,1992286,3435647,0.0,0.0,0.0,1.25,unspecified,False,0.5,0.48,0.56,0.42,0.454,1.099,1.0,0.78,0.794,0.0,0.0,0.814,0.0,0.0,1.0,0.761,43.435,44.812,54.5,51.06,2.065,4.128,0.251,0.0,1.0,0.771,1.0,1.0,0.0,0.001,0.8028,0.8019,-0.0009,0.8019,2.6241,0.3195,2.112,2.374,0.0005,0.8025,9.2,-0.0,-0.0,2.112,2.374,0.0005,0.8025,0.354,0.2269,0.1369,0.6259,0.2598,5.05,0.342,rural-heavy,0.0,0.0672,0.7522,0.5361,0.4944,0.0706,0.72,0.0,51.06,False
MWI,Malawi,Sena,majority,4.0,3.15,4.0,3.15,3.8,3.8,-0.0,3.8,0.0,3.8,0.0,3.8,3.8,3.8,3.8,0.0,3.8,-0.0,-0.0,822901,1419072,0.0,0.0,0.0,1.25,unspecified,False,0.5,0.48,0.56,0.42,0.454,1.008,1.0,0.78,0.774,0.0,0.0,0.814,0.0,0.0,1.0,0.761,43.435,44.812,54.5,51.06,2.065,4.128,0.251,0.0,1.0,0.771,1.0,1.0,0.0,0.001,0.8028,0.8019,-0.0009,0.8019,2.6241,0.3195,2.112,2.374,0.0005,0.8025,3.8,-0.0,-0.0,2.112,2.374,0.0005,0.8025,0.354,0.2269,0.1369,0.6259,0.2598,5.05,0.342,rural-heavy,0.0,0.0672,0.7522,0.5361,0.4944,0.0706,0.72,0.0,51.06,False
MWI,Malawi,Mang'anja,majority,4.0,3.15,4.0,3.15,3.2,3.2,-0.0,3.2,0.0,3.2,0.0,3.2,3.2,3.2,3.2,0.0,3.2,-0.0,-0.0,692969,1195008,0.0,0.0,0.0,1.25,unspecified,False,0.5,0.48,0.56,0.42,0.454,0.992,1.0,0.78,0.77,0.0,0.0,0.814,0.0,0.0,1.0,0.761,43.435,44.812,54.5,51.06,2.065,4.128,0.251,0.0,1.0,0.771,1.0,1.0,0.0,0.001,0.8028,0.8019,-0.0009,0.8019,2.6241,0.3195,2.112,2.374,0.0005,0.8025,3.2,-0.0,-0.0,2.112,2.374,0.0005,0.8025,0.354,0.2269,0.1369,0.6259,0.2598,5.05,0.342,rural-heavy,0.0,0.0672,0.7522,0.5361,0.4944,0.0706,0.72,0.0,51.06,False
MWI,Malawi,Other,assimilating,4.0,3.15,4.0,3.15,7.1,6.96,-0.14,6.96,0.0,6.96,0.0,6.96,6.96,6.96,6.96,0.0,7.06,-0.04,0.1,1537525,2600726,0.0,0.0,0.0,1.25,unspecified,False,0.5,0.48,0.56,0.42,0.454,1.071,1.0,0.78,0.788,0.0,0.0,0.814,0.0,0.0,1.0,0.761,43.435,44.812,54.5,51.06,2.065,4.128,0.251,0.0,1.0,0.771,1.0,1.0,0.0,0.001,0.8028,0.8019,-0.0009,0.8019,2.6241,0.3195,2.112,2.374,0.0005,0.8025,7.06,-0.04,0.1,2.112,2.374,0.0005,0.8025,0.354,0.2269,0.1369,0.6259,0.2598,5.05,0.342,rural-heavy,0.0,0.0672,0.7522,0.5361,0.4944,0.0706,0.72,0.0,51.06,False
MYS,Malaysia,Bumiputera (Malay),high_fertility,1.95,1.89,1.6,1.75,57.9,63.24,5.34,63.43,-0.19,63.26,-0.01,63.12,63.36,63.12,63.36,0.24,62.63,4.73,-0.61,20587891,28010563,0.214,0.0,0.0,1.585,unspecified,False,0.5,0.48,0.56,0.42,0.603,1.3,1.0,0.56,0.886,0.0,0.0,0.0,0.446,0.107,1.0,0.761,22.48,15.999,69.5,65.34,8.02,18.66,0.28,0.028,0.985,0.843,1.0,1.075,0.0,0.0008,0.6049,0.5631,-0.0418,0.5631,1.5373,0.1227,2.021,2.097,0.0004,0.5687,62.63,4.73,-0.61,2.021,2.097,0.0004,0.5687,0.7769,0.3884,0.126,0.8286,0.1928,2.29,0.592,urbanizing-majority,0.087,0.0761,0.9296,0.8341,0.925,0.7154,0.145,0.3027,65.34,True
MYS,Malaysia,Chinese (Hokkien/Cantonese/Hakka),low_fertility,1.0,1.51,1.6,1.75,22.6,16.79,-5.81,16.85,-0.05,16.8,-0.0,17.0,16.58,16.58,17.0,0.42,17.41,-5.19,0.61,8036033,7438272,0.214,0.0,0.0,1.585,CHN,False,0.52,0.502,0.58,0.45,0.603,1.199,1.0,0.56,0.873,0.0,0.0,0.0,0.446,0.107,1.0,0.761,22.48,15.999,69.5,65.34,8.02,18.66,0.28,0.028,0.985,0.843,1.0,1.075,0.0,0.0008,0.6049,0.5631,-0.0418,0.5631,1.5373,0.1227,2.021,2.097,0.0004,0.5687,17.41,-5.19,0.61,2.021,2.097,0.0004,0.5687,0.7769,0.3884,0.126,0.8286,0.1928,2.29,0.592,urbanizing-majority,0.087,0.0761,0.9296,0.8341,0.925,0.7154,0.145,0.3027,65.34,False
MYS,Malaysia,Indian (Tamil),low_fertility,1.5,1.71,1.6,1.75,6.8,6.17,-0.63,6.19,-0.02,6.18,-0.0,6.2,6.15,6.15,6.2,0.05,6.23,-0.57,0.06,2417922,2734797,0.214,0.0,0.0,1.585,IND;PAK;BGD;LKA;NPL,False,0.718,0.719,0.752,0.684,0.603,1.066,1.0,0.56,0.946,0.0,0.0,0.0,0.446,0.107,1.0,0.761,22.48,15.999,69.5,65.34,8.02,18.66,0.28,0.028,0.985,0.843,1.0,1.075,0.0,0.0008,0.6049,0.5631,-0.0418,0.5631,1.5373,0.1227,2.021,2.097,0.0004,0.5687,6.23,-0.57,0.06,2.021,2.097,0.0004,0.5687,0.7769,0.3884,0.126,0.8286,0.1928,2.29,0.592,urbanizing-majority,0.087,0.0761,0.9296,0.8341,0.925,0.7154,0.145,0.3027,65.34,False
MYS,Malaysia,Iban (Sarawak),high_fertility,1.95,1.89,1.6,1.75,3.0,3.27,0.27,3.28,-0.01,3.27,-0.0,3.27,3.28,3.27,3.28,0.01,3.24,0.24,-0.03,1066730,1450011,0.214,0.0,0.0,1.585,unspecified,False,0.5,0.48,0.56,0.42,0.603,0.986,1.0,0.56,0.805,0.0,0.0,0.0,0.446,0.107,1.0,0.761,22.48,15.999,69.5,65.34,8.02,18.66,0.28,0.028,0.985,0.843,1.0,1.075,0.0,0.0008,0.6049,0.5631,-0.0418,0.5631,1.5373,0.1227,2.021,2.097,0.0004,0.5687,3.24,0.24,-0.03,2.021,2.097,0.0004,0.5687,0.7769,0.3884,0.126,0.8286,0.1928,2.29,0.592,urbanizing-majority,0.087,0.0761,0.9296,0.8341,0.925,0.7154,0.145,0.3027,65.34,False
MYS,Malaysia,Kadazan-Dusun (Sabah),high_fertility,1.95,1.89,1.6,1.75,2.0,2.18,0.18,2.19,-0.01,2.18,-0.0,2.18,2.19,2.18,2.19,0.01,2.16,0.16,-0.02,711153,966674,0.214,0.0,0.0,1.585,unspecified,False,0.5,0.48,0.56,0.42,0.603,0.952,1.0,0.56,0.796,0.0,0.0,0.0,0.446,0.107,1.0,0.761,22.48,15.999,69.5,65.34,8.02,18.66,0.28,0.028,0.985,0.843,1.0,1.075,0.0,0.0008,0.6049,0.5631,-0.0418,0.5631,1.5373,0.1227,2.021,2.097,0.0004,0.5687,2.16,0.16,-0.02,2.021,2.097,0.0004,0.5687,0.7769,0.3884,0.126,0.8286,0.1928,2.29,0.592,urbanizing-majority,0.087,0.0761,0.9296,0.8341,0.925,0.7154,0.145,0.3027,65.34,False
MYS,Malaysia,Other Bumiputera (Dayak/Melanau),high_fertility,1.95,1.89,1.6,1.75,5.1,5.57,0.47,5.58,-0.02,5.57,-0.0,5.55,5.58,5.55,5.58,0.02,5.51,0.41,-0.05,1813441,2465019,0.214,0.0,0.0,1.585,unspecified,False,0.5,0.48,0.56,0.42,0.603,1.037,1.0,0.56,0.818,0.0,0.0,0.0,0.446,0.107,1.0,0.761,22.48,15.999,69.5,65.34,8.02,18.66,0.28,0.028,0.985,0.843,1.0,1.075,0.0,0.0008,0.6049,0.5631,-0.0418,0.5631,1.5373,0.1227,2.021,2.097,0.0004,0.5687,5.51,0.41,-0.05,2.021,2.097,0.0004,0.5687,0.7769,0.3884,0.126,0.8286,0.1928,2.29,0.592,urbanizing-majority,0.087,0.0761,0.9296,0.8341,0.925,0.7154,0.145,0.3027,65.34,False
MYS,Malaysia,Indonesian migrant workers,immigrant,1.6,1.75,1.6,1.75,0.8,0.84,0.04,0.76,0.08,0.84,-0.0,0.82,0.87,0.82,0.87,0.05,0.86,0.06,0.01,284461,373940,0.214,0.0,0.0,1.585,IDN,True,0.736,0.74,0.78,0.76,0.603,0.891,1.0,0.56,0.889,0.0,0.0,0.0,0.446,0.107,1.0,0.761,22.48,15.999,69.5,65.34,8.02,18.66,0.28,0.028,0.985,0.843,1.0,1.075,0.0,0.0008,0.6049,0.5631,-0.0418,0.5631,1.5373,0.1227,2.021,2.097,0.0004,0.5687,0.86,0.06,0.01,2.021,2.097,0.0004,0.5687,0.7769,0.3884,0.126,0.8286,0.1928,2.29,0.592,urbanizing-majority,0.087,0.0761,0.9296,0.8341,0.925,0.7154,0.145,0.3027,65.34,False
MYS,Malaysia,Bangladeshi/Nepali migrant,immigrant,1.6,1.75,1.6,1.75,0.6,0.63,0.03,0.57,0.06,0.63,-0.0,0.61,0.66,0.61,0.66,0.04,0.64,0.04,0.01,213346,280509,0.214,0.0,0.0,1.585,BGD,True,0.735,0.788,0.68,0.84,0.603,0.876,1.0,0.56,0.883,0.0,0.0,0.0,0.446,0.107,1.0,0.761,22.48,15.999,69.5,65.34,8.02,18.66,0.28,0.028,0.985,0.843,1.0,1.075,0.0,0.0008,0.6049,0.5631,-0.0418,0.5631,1.5373,0.1227,2.021,2.097,0.0004,0.5687,0.64,0.04,0.01,2.021,2.097,0.0004,0.5687,0.7769,0.3884,0.126,0.8286,0.1928,2.29,0.592,urbanizing-majority,0.087,0.0761,0.9296,0.8341,0.925,0.7154,0.145,0.3027,65.34,False
MYS,Malaysia,Other,immigrant,1.6,1.75,1.6,1.75,1.2,1.29,0.09,1.14,0.14,1.27,0.02,1.24,1.34,1.24,1.34,0.09,1.31,0.11,0.02,426692,569976,0.214,0.0,0.0,1.585,NGA;ETH;GHA;KEN;UGA;TZA;RWA;COD;CIV;CMR;SEN;ZMB;ZWE;MOZ;MWI;AGO;SDN;SOM;ERI;BFA;NER;MLI;GIN;SLE;LBR;BEN;TGO;GMB,True,0.711,0.785,0.574,0.717,0.603,0.915,1.001,0.56,0.886,0.0,0.0,0.0,0.446,0.107,1.0,0.761,22.48,15.999,69.5,65.34,8.02,18.66,0.28,0.028,0.985,0.843,1.0,1.075,0.0,0.0008,0.6049,0.5631,-0.0418,0.5631,1.5373,0.1227,2.021,2.097,0.0004,0.5687,1.31,0.11,0.02,2.021,2.097,0.0004,0.5687,0.7769,0.3884,0.126,0.8286,0.1928,2.29,0.592,urbanizing-majority,0.087,0.0761,0.9296,0.8341,0.925,0.7154,0.145,0.3027,65.34,False
NAM,Namibia,Ovambo,majority,3.3,2.76,3.3,2.76,50.0,50.6,0.6,50.6,0.0,50.6,0.0,50.59,50.61,50.59,50.61,0.02,50.32,0.32,-0.28,1515064,2283241,0.0,0.0,0.0,1.25,unspecified,False,0.5,0.48,0.56,0.42,0.454,1.292,1.0,0.78,0.837,0.0,0.0,0.0,0.0,0.0,1.0,0.761,34.657,34.356,62.0,57.04,3.344,8.604,0.251,0.0,1.0,0.856,1.0,1.0,0.0,0.001,0.7134,0.708,-0.0054,0.708,2.1939,0.1832,2.123,2.249,0.0005,0.7104,50.32,0.32,-0.28,2.123,2.249,0.0005,0.7104,0.621,0.297,0.1148,0.7519,0.208,3.42,0.55,mixed-rural-urban,0.0,0.1333,0.8367,0.7394,0.8222,0.4809,0.375,0.0,57.04,True
NAM,Namibia,Kavangos,majority,3.3,2.76,3.3,2.76,9.0,9.02,0.02,9.02,0.0,9.02,0.0,9.02,9.03,9.02,9.03,0.0,9.02,0.02,-0.0,272711,407195,0.0,0.0,0.0,1.25,unspecified,False,0.5,0.48,0.56,0.42,0.454,1.096,1.0,0.78,0.793,0.0,0.0,0.0,0.0,0.0,1.0,0.761,34.657,34.356,62.0,57.04,3.344,8.604,0.251,0.0,1.0,0.856,1.0,1.0,0.0,0.001,0.7134,0.708,-0.0054,0.708,2.1939,0.1832,2.123,2.249,0.0005,0.7104,9.02,0.02,-0.0,2.123,2.249,0.0005,0.7104,0.621,0.297,0.1148,0.7519,0.208,3.42,0.55,mixed-rural-urban,0.0,0.1333,0.8367,0.7394,0.8222,0.4809,0.375,0.0,57.04,False
NAM,Namibia,Herero,majority,3.3,2.76,3.3,2.76,7.0,7.02,0.02,7.02,0.0,7.02,0.0,7.02,7.02,7.02,7.02,0.0,7.02,0.02,-0.0,212109,316708,0.0,0.0,0.0,1.25,unspecified,False,0.5,0.48,0.56,0.42,0.454,1.07,1.0,0.78,0.787,0.0,0.0,0.0,0.0,0.0,1.0,0.761,34.657,34.356,62.0,57.04,3.344,8.604,0.251,0.0,1.0,0.856,1.0,1.0,0.0,0.001,0.7134,0.708,-0.0054,0.708,2.1939,0.1832,2.123,2.249,0.0005,0.7104,7.02,0.02,-0.0,2.123,2.249,0.0005,0.7104,0.621,0.297,0.1148,0.7519,0.208,3.42,0.55,mixed-rural-urban,0.0,0.1333,0.8367,0.7394,0.8222,0.4809,0.375,0.0,57.04,False
NAM,Namibia,Damara,majority,3.3,2.76,3.3,2.76,7.0,7.02,0.02,7.02,0.0,7.02,0.0,7.02,7.02,7.02,7.02,0.0,7.02,0.02,-0.0,212109,316708,0.0,0.0,0.0,1.25,unspecified,False,0.5,0.48,0.56,0.42,0.454,1.07,1.0,0.78,0.787,0.0,0.0,0.0,0.0,0.0,1.0,0.761,34.657,34.356,62.0,57.04,3.344,8.604,0.251,0.0,1.0,0.856,1.0,1.0,0.0,0.001,0.7134,0.708,-0.0054,0.708,2.1939,0.1832,2.123,2.249,0.0005,0.7104,7.02,0.02,-0.0,2.123,2.249,0.0005,0.7104,0.621,0.297,0.1148,0.7519,0.208,3.42,0.55,mixed-rural-urban,0.0,0.1333,0.8367,0.7394,0.8222,0.4809,0.375,0.0,57.04,False
NAM,Namibia,Nama,majority,3.3,2.76,3.3,2.76,5.0,5.01,0.01,5.01,0.0,5.01,0.0,5.01,5.01,5.01,5.01,0.0,5.01,0.01,-0.0,151506,226220,0.0,0.0,0.0,1.25,unspecified,False,0.5,0.48,0.56,0.42,0.454,1.035,1.0,0.78,0.78,0.0,0.0,0.0,0.0,0.0,1.0,0.761,34.657,34.356,62.0,57.04,3.344,8.604,0.251,0.0,1.0,0.856,1.0,1.0,0.0,0.001,0.7134,0.708,-0.0054,0.708,2.1939,0.1832,2.123,2.249,0.0005,0.7104,5.01,0.01,-0.0,2.123,2.249,0.0005,0.7104,0.621,0.297,0.1148,0.7519,0.208,3.42,0.55,mixed-rural-urban,0.0,0.1333,0.8367,0.7394,0.8222,0.4809,0.375,0.0,57.04,False
NAM,Namibia,Colored,assimilating,3.3,2.76,3.3,2.76,4.0,3.94,-0.06,3.94,0.0,3.94,0.0,3.94,3.94,3.94,3.94,0.0,4.0,-0.0,0.05,121205,177961,0.0,0.0,0.0,1.25,unspecified,False,0.5,0.48,0.56,0.42,0.454,1.013,1.0,0.78,0.775,0.0,0.0,0.0,0.0,0.0,1.0,0.761,34.657,34.356,62.0,57.04,3.344,8.604,0.251,0.0,1.0,0.856,1.0,1.0,0.0,0.001,0.7134,0.708,-0.0054,0.708,2.1939,0.1832,2.123,2.249,0.0005,0.7104,4.0,-0.0,0.05,2.123,2.249,0.0005,0.7104,0.621,0.297,0.1148,0.7519,0.208,3.42,0.55,mixed-rural-urban,0.0,0.1333,0.8367,0.7394,0.8222,0.4809,0.375,0.0,57.04,False
NAM,Namibia,White (Afrikaner/German),low_fertility,2.8,2.56,3.3,2.76,4.0,3.58,-0.42,3.58,0.0,3.58,0.0,3.59,3.56,3.56,3.59,0.03,3.62,-0.38,0.04,121205,161409,0.0,0.0,0.0,1.25,unspecified,False,0.5,0.48,0.56,0.42,0.454,1.013,1.0,0.78,0.775,0.0,0.0,0.0,0.0,0.0,1.0,0.761,34.657,34.356,62.0,57.04,3.344,8.604,0.251,0.0,1.0,0.856,1.0,1.0,0.0,0.001,0.7134,0.708,-0.0054,0.708,2.1939,0.1832,2.123,2.249,0.0005,0.7104,3.62,-0.38,0.04,2.123,2.249,0.0005,0.7104,0.621,0.297,0.1148,0.7519,0.208,3.42,0.55,mixed-rural-urban,0.0,0.1333,0.8367,0.7394,0.8222,0.4809,0.375,0.0,57.04,False
NAM,Namibia,San (Bushmen),assimilating,3.3,2.76,3.3,2.76,3.0,2.96,-0.04,2.96,0.0,2.96,0.0,2.96,2.96,2.96,2.96,0.0,3.0,-0.0,0.04,90904,133471,0.0,0.0,0.0,1.25,unspecified,False,0.5,0.48,0.56,0.42,0.454,0.986,1.0,0.78,0.769,0.0,0.0,0.0,0.0,0.0,1.0,0.761,34.657,34.356,62.0,57.04,3.344,8.604,0.251,0.0,1.0,0.856,1.0,1.0,0.0,0.001,0.7134,0.708,-0.0054,0.708,2.1939,0.1832,2.123,2.249,0.0005,0.7104,3.0,-0.0,0.04,2.123,2.249,0.0005,0.7104,0.621,0.297,0.1148,0.7519,0.208,3.42,0.55,mixed-rural-urban,0.0,0.1333,0.8367,0.7394,0.8222,0.4809,0.375,0.0,57.04,False
NAM,Namibia,Other,assimilating,3.3,2.76,3.3,2.76,11.0,10.85,-0.15,10.85,0.0,10.85,0.0,10.84,10.85,10.84,10.85,0.0,11.0,-0.0,0.15,333314,489392,0.0,0.0,0.0,1.25,unspecified,False,0.5,0.48,0.56,0.42,0.454,1.118,1.0,0.78,0.798,0.0,0.0,0.0,0.0,0.0,1.0,0.761,34.657,34.356,62.0,57.04,3.344,8.604,0.251,0.0,1.0,0.856,1.0,1.0,0.0,0.001,0.7134,0.708,-0.0054,0.708,2.1939,0.1832,2.123,2.249,0.0005,0.7104,11.0,-0.0,0.15,2.123,2.249,0.0005,0.7104,0.621,0.297,0.1148,0.7519,0.208,3.42,0.55,mixed-rural-urban,0.0,0.1333,0.8367,0.7394,0.8222,0.4809,0.375,0.0,57.04,False
NER,Niger,Hausa,high_fertility,7.0,4.74,6.6,4.58,53.1,54.28,1.18,54.28,0.0,54.28,0.0,54.24,54.31,54.24,54.31,0.07,54.18,1.08,-0.09,14354213,28503464,0.0,0.0,0.0,1.25,unspecified,False,0.5,0.48,0.56,0.42,0.454,1.299,1.0,0.78,0.838,0.0,0.0,0.858,0.0,0.0,1.0,0.761,47.0,47.256,51.0,50.0,2.0,2.744,0.251,0.0,1.0,0.736,1.0,1.0,0.0,0.001,0.6504,0.6416,-0.0089,0.6416,1.8148,0.3402,1.919,2.161,0.0005,0.6423,54.18,1.08,-0.09,1.919,2.161,0.0005,0.6423,0.2713,0.2207,0.1613,0.5546,0.3154,2.79,0.311,rural-heavy,0.0,0.0607,0.7053,0.3146,0.4974,0.0,0.72,0.0,50.0,True
NER,Niger,Songhai,majority,6.6,4.58,6.6,4.58,21.2,20.41,-0.79,20.41,0.0,20.41,0.0,20.44,20.39,20.39,20.44,0.05,20.47,-0.73,0.05,5730872,10719458,0.0,0.0,0.0,1.25,unspecified,False,0.5,0.48,0.56,0.42,0.454,1.192,1.0,0.78,0.815,0.0,0.0,0.858,0.0,0.0,1.0,0.761,47.0,47.256,51.0,50.0,2.0,2.744,0.251,0.0,1.0,0.736,1.0,1.0,0.0,0.001,0.6504,0.6416,-0.0089,0.6416,1.8148,0.3402,1.919,2.161,0.0005,0.6423,20.47,-0.73,0.05,1.919,2.161,0.0005,0.6423,0.2713,0.2207,0.1613,0.5546,0.3154,2.79,0.311,rural-heavy,0.0,0.0607,0.7053,0.3146,0.4974,0.0,0.72,0.0,50.0,False
NER,Niger,Tuareg,majority,6.6,4.58,6.6,4.58,10.4,10.01,-0.39,10.01,0.0,10.01,0.0,10.02,10.0,10.0,10.02,0.02,10.04,-0.36,0.03,2811371,5258602,0.0,0.0,0.0,1.25,unspecified,False,0.5,0.48,0.56,0.42,0.454,1.112,1.0,0.78,0.797,0.0,0.0,0.858,0.0,0.0,1.0,0.761,47.0,47.256,51.0,50.0,2.0,2.744,0.251,0.0,1.0,0.736,1.0,1.0,0.0,0.001,0.6504,0.6416,-0.0089,0.6416,1.8148,0.3402,1.919,2.161,0.0005,0.6423,10.04,-0.36,0.03,1.919,2.161,0.0005,0.6423,0.2713,0.2207,0.1613,0.5546,0.3154,2.79,0.311,rural-heavy,0.0,0.0607,0.7053,0.3146,0.4974,0.0,0.72,0.0,50.0,False
NER,Niger,Fulani (Peulh),high_fertility,7.0,4.74,6.6,4.58,9.9,10.11,0.21,10.11,0.0,10.11,0.0,10.11,10.12,10.11,10.12,0.01,10.1,0.2,-0.01,2676209,5311716,0.0,0.0,0.0,1.25,unspecified,False,0.5,0.48,0.56,0.42,0.454,1.107,1.0,0.78,0.796,0.0,0.0,0.858,0.0,0.0,1.0,0.761,47.0,47.256,51.0,50.0,2.0,2.744,0.251,0.0,1.0,0.736,1.0,1.0,0.0,0.001,0.6504,0.6416,-0.0089,0.6416,1.8148,0.3402,1.919,2.161,0.0005,0.6423,10.1,0.2,-0.01,1.919,2.161,0.0005,0.6423,0.2713,0.2207,0.1613,0.5546,0.3154,2.79,0.311,rural-heavy,0.0,0.0607,0.7053,0.3146,0.4974,0.0,0.72,0.0,50.0,False
NER,Niger,Kanuri (Manga),majority,6.6,4.58,6.6,4.58,4.4,4.24,-0.16,4.24,0.0,4.24,0.0,4.24,4.23,4.23,4.24,0.01,4.25,-0.15,0.01,1189426,2224793,0.0,0.0,0.0,1.25,unspecified,False,0.5,0.48,0.56,0.42,0.454,1.022,1.0,0.78,0.777,0.0,0.0,0.858,0.0,0.0,1.0,0.761,47.0,47.256,51.0,50.0,2.0,2.744,0.251,0.0,1.0,0.736,1.0,1.0,0.0,0.001,0.6504,0.6416,-0.0089,0.6416,1.8148,0.3402,1.919,2.161,0.0005,0.6423,4.25,-0.15,0.01,1.919,2.161,0.0005,0.6423,0.2713,0.2207,0.1613,0.5546,0.3154,2.79,0.311,rural-heavy,0.0,0.0607,0.7053,0.3146,0.4974,0.0,0.72,0.0,50.0,False
NER,Niger,Other,assimilating,6.6,4.58,6.6,4.58,1.0,0.94,-0.06,0.94,0.0,0.94,0.0,0.95,0.94,0.94,0.95,0.0,0.96,-0.04,0.02,270324,495848,0.0,0.0,0.0,1.25,unspecified,False,0.5,0.48,0.56,0.42,0.454,0.903,1.0,0.78,0.75,0.0,0.0,0.858,0.0,0.0,1.0,0.761,47.0,47.256,51.0,50.0,2.0,2.744,0.251,0.0,1.0,0.736,1.0,1.0,0.0,0.001,0.6504,0.6416,-0.0089,0.6416,1.8148,0.3402,1.919,2.161,0.0005,0.6423,0.96,-0.04,0.02,1.919,2.161,0.0005,0.6423,0.2713,0.2207,0.1613,0.5546,0.3154,2.79,0.311,rural-heavy,0.0,0.0607,0.7053,0.3146,0.4974,0.0,0.72,0.0,50.0,False
NGA,Nigeria,Hausa,high_fertility,5.25,3.73,4.6,3.47,30.0,32.51,2.51,32.51,0.0,32.51,0.0,32.44,32.58,32.44,32.58,0.14,32.02,2.02,-0.49,69803845,116766093,0.0,0.0,0.0,1.25,unspecified,False,0.5,0.48,0.56,0.42,0.454,1.232,1.0,0.78,0.823,1.0,0.0,0.818,0.0,0.0,1.0,0.761,43.144,38.377,54.5,57.5,2.356,4.123,0.251,0.0,1.0,0.848,1.0,1.0,0.0,0.001,0.8151,0.8074,-0.0076,0.8074,2.6524,0.2094,2.186,2.391,0.0005,0.8089,32.02,2.02,-0.49,2.186,2.391,0.0005,0.8089,0.5932,0.2638,0.2257,0.7579,0.188,5.19,0.452,mixed-rural-urban,0.0,0.1625,0.6604,0.7543,0.7571,0.4091,0.4434,0.0,57.5,True
NGA,Nigeria,Yoruba,majority,4.6,3.47,4.6,3.47,15.5,14.89,-0.61,14.89,0.0,14.89,0.0,14.91,14.86,14.86,14.91,0.04,14.95,-0.55,0.06,36065320,53465333,0.0,0.0,0.0,1.25,unspecified,False,0.5,0.48,0.56,0.42,0.454,1.156,1.0,0.78,0.807,1.0,0.0,0.818,0.0,0.0,1.0,0.761,43.144,38.377,54.5,57.5,2.356,4.123,0.251,0.0,1.0,0.848,1.0,1.0,0.0,0.001,0.8151,0.8074,-0.0076,0.8074,2.6524,0.2094,2.186,2.391,0.0005,0.8089,14.95,-0.55,0.06,2.186,2.391,0.0005,0.8089,0.5932,0.2638,0.2257,0.7579,0.188,5.19,0.452,mixed-rural-urban,0.0,0.1625,0.6604,0.7543,0.7571,0.4091,0.4434,0.0,57.5,False
NGA,Nigeria,Igbo,majority,4.6,3.47,4.6,3.47,15.2,14.6,-0.6,14.6,0.0,14.6,0.0,14.62,14.58,14.58,14.62,0.04,14.66,-0.54,0.06,35367281,52430520,0.0,0.0,0.0,1.25,unspecified,False,0.5,0.48,0.56,0.42,0.454,1.154,1.0,0.78,0.806,1.0,0.0,0.818,0.0,0.0,1.0,0.761,43.144,38.377,54.5,57.5,2.356,4.123,0.251,0.0,1.0,0.848,1.0,1.0,0.0,0.001,0.8151,0.8074,-0.0076,0.8074,2.6524,0.2094,2.186,2.391,0.0005,0.8089,14.66,-0.54,0.06,2.186,2.391,0.0005,0.8089,0.5932,0.2638,0.2257,0.7579,0.188,5.19,0.452,mixed-rural-urban,0.0,0.1625,0.6604,0.7543,0.7571,0.4091,0.4434,0.0,57.5,False
NGA,Nigeria,Fulani,high_fertility,5.25,3.73,4.6,3.47,6.0,6.4,0.4,6.4,0.0,6.4,0.0,6.38,6.41,6.38,6.41,0.03,6.36,0.36,-0.04,13960769,22973041,0.0,0.0,0.0,1.25,unspecified,False,0.5,0.48,0.56,0.42,0.454,1.054,1.0,0.78,0.784,1.0,0.0,0.818,0.0,0.0,1.0,0.761,43.144,38.377,54.5,57.5,2.356,4.123,0.251,0.0,1.0,0.848,1.0,1.0,0.0,0.001,0.8151,0.8074,-0.0076,0.8074,2.6524,0.2094,2.186,2.391,0.0005,0.8089,6.36,0.36,-0.04,2.186,2.391,0.0005,0.8089,0.5932,0.2638,0.2257,0.7579,0.188,5.19,0.452,mixed-rural-urban,0.0,0.1625,0.6604,0.7543,0.7571,0.4091,0.4434,0.0,57.5,False
NGA,Nigeria,Tiv,majority,4.6,3.47,4.6,3.47,2.4,2.3,-0.1,2.3,0.0,2.3,0.0,2.31,2.3,2.3,2.31,0.01,2.31,-0.09,0.01,5584308,8278503,0.0,0.0,0.0,1.25,unspecified,False,0.5,0.48,0.56,0.42,0.454,0.967,1.0,0.78,0.765,1.0,0.0,0.818,0.0,0.0,1.0,0.761,43.144,38.377,54.5,57.5,2.356,4.123,0.251,0.0,1.0,0.848,1.0,1.0,0.0,0.001,0.8151,0.8074,-0.0076,0.8074,2.6524,0.2094,2.186,2.391,0.0005,0.8089,2.31,-0.09,0.01,2.186,2.391,0.0005,0.8089,0.5932,0.2638,0.2257,0.7579,0.188,5.19,0.452,mixed-rural-urban,0.0,0.1625,0.6604,0.7543,0.7571,0.4091,0.4434,0.0,57.5,False
NGA,Nigeria,Kanuri,majority,4.6,3.47,4.6,3.47,2.4,2.3,-0.1,2.3,0.0,2.3,0.0,2.31,2.3,2.3,2.31,0.01,2.31,-0.09,0.01,5584308,8278503,0.0,0.0,0.0,1.25,unspecified,False,0.5,0.48,0.56,0.42,0.454,0.967,1.0,0.78,0.765,1.0,0.0,0.818,0.0,0.0,1.0,0.761,43.144,38.377,54.5,57.5,2.356,4.123,0.251,0.0,1.0,0.848,1.0,1.0,0.0,0.001,0.8151,0.8074,-0.0076,0.8074,2.6524,0.2094,2.186,2.391,0.0005,0.8089,2.31,-0.09,0.01,2.186,2.391,0.0005,0.8089,0.5932,0.2638,0.2257,0.7579,0.188,5.19,0.452,mixed-rural-urban,0.0,0.1625,0.6604,0.7543,0.7571,0.4091,0.4434,0.0,57.5,False
NGA,Nigeria,Ibibio,majority,4.6,3.47,4.6,3.47,1.8,1.73,-0.07,1.73,0.0,1.73,0.0,1.73,1.73,1.73,1.73,0.0,1.74,-0.06,0.01,4188231,6208877,0.0,0.0,0.0,1.25,unspecified,False,0.5,0.48,0.56,0.42,0.454,0.944,1.0,0.78,0.759,1.0,0.0,0.818,0.0,0.0,1.0,0.761,43.144,38.377,54.5,57.5,2.356,4.123,0.251,0.0,1.0,0.848,1.0,1.0,0.0,0.001,0.8151,0.8074,-0.0076,0.8074,2.6524,0.2094,2.186,2.391,0.0005,0.8089,1.74,-0.06,0.01,2.186,2.391,0.0005,0.8089,0.5932,0.2638,0.2257,0.7579,0.188,5.19,0.452,mixed-rural-urban,0.0,0.1625,0.6604,0.7543,0.7571,0.4091,0.4434,0.0,57.5,False
NGA,Nigeria,Ijaw (Izon),majority,4.6,3.47,4.6,3.47,1.8,1.73,-0.07,1.73,0.0,1.73,0.0,1.73,1.73,1.73,1.73,0.0,1.74,-0.06,0.01,4188231,6208877,0.0,0.0,0.0,1.25,unspecified,False,0.5,0.48,0.56,0.42,0.454,0.944,1.0,0.78,0.759,1.0,0.0,0.818,0.0,0.0,1.0,0.761,43.144,38.377,54.5,57.5,2.356,4.123,0.251,0.0,1.0,0.848,1.0,1.0,0.0,0.001,0.8151,0.8074,-0.0076,0.8074,2.6524,0.2094,2.186,2.391,0.0005,0.8089,1.74,-0.06,0.01,2.186,2.391,0.0005,0.8089,0.5932,0.2638,0.2257,0.7579,0.188,5.19,0.452,mixed-rural-urban,0.0,0.1625,0.6604,0.7543,0.7571,0.4091,0.4434,0.0,57.5,False
NGA,Nigeria,Esan,majority,4.6,3.47,4.6,3.47,1.0,0.96,-0.04,0.96,0.0,0.96,0.0,0.96,0.96,0.96,0.96,0.0,0.96,-0.04,0.0,2326795,3449376,0.0,0.0,0.0,1.25,unspecified,False,0.5,0.48,0.56,0.42,0.454,0.903,1.0,0.78,0.75,1.0,0.0,0.818,0.0,0.0,1.0,0.761,43.144,38.377,54.5,57.5,2.356,4.123,0.251,0.0,1.0,0.848,1.0,1.0,0.0,0.001,0.8151,0.8074,-0.0076,0.8074,2.6524,0.2094,2.186,2.391,0.0005,0.8089,0.96,-0.04,0.0,2.186,2.391,0.0005,0.8089,0.5932,0.2638,0.2257,0.7579,0.188,5.19,0.452,mixed-rural-urban,0.0,0.1625,0.6604,0.7543,0.7571,0.4091,0.4434,0.0,57.5,False
NGA,Nigeria,Bini (Edo),majority,4.6,3.47,4.6,3.47,1.0,0.96,-0.04,0.96,0.0,0.96,0.0,0.96,0.96,0.96,0.96,0.0,0.96,-0.04,0.0,2326795,3449376,0.0,0.0,0.0,1.25,unspecified,False,0.5,0.48,0.56,0.42,0.454,0.903,1.0,0.78,0.75,1.0,0.0,0.818,0.0,0.0,1.0,0.761,43.144,38.377,54.5,57.5,2.356,4.123,0.251,0.0,1.0,0.848,1.0,1.0,0.0,0.001,0.8151,0.8074,-0.0076,0.8074,2.6524,0.2094,2.186,2.391,0.0005,0.8089,0.96,-0.04,0.0,2.186,2.391,0.0005,0.8089,0.5932,0.2638,0.2257,0.7579,0.188,5.19,0.452,mixed-rural-urban,0.0,0.1625,0.6604,0.7543,0.7571,0.4091,0.4434,0.0,57.5,False
NGA,Nigeria,Nupe,majority,4.6,3.47,4.6,3.47,0.9,0.86,-0.04,0.86,0.0,0.86,0.0,0.87,0.86,0.86,0.87,0.0,0.87,-0.03,0.0,2094115,3104439,0.0,0.0,0.0,1.25,unspecified,False,0.5,0.48,0.56,0.42,0.454,0.897,1.0,0.78,0.749,1.0,0.0,0.818,0.0,0.0,1.0,0.761,43.144,38.377,54.5,57.5,2.356,4.123,0.251,0.0,1.0,0.848,1.0,1.0,0.0,0.001,0.8151,0.8074,-0.0076,0.8074,2.6524,0.2094,2.186,2.391,0.0005,0.8089,0.87,-0.03,0.0,2.186,2.391,0.0005,0.8089,0.5932,0.2638,0.2257,0.7579,0.188,5.19,0.452,mixed-rural-urban,0.0,0.1625,0.6604,0.7543,0.7571,0.4091,0.4434,0.0,57.5,False
NGA,Nigeria,Urhobo,majority,4.6,3.47,4.6,3.47,0.8,0.77,-0.03,0.77,0.0,0.77,0.0,0.77,0.77,0.77,0.77,0.0,0.77,-0.03,0.0,1861436,2759501,0.0,0.0,0.0,1.25,unspecified,False,0.5,0.48,0.56,0.42,0.454,0.891,1.0,0.78,0.748,1.0,0.0,0.818,0.0,0.0,1.0,0.761,43.144,38.377,54.5,57.5,2.356,4.123,0.251,0.0,1.0,0.848,1.0,1.0,0.0,0.001,0.8151,0.8074,-0.0076,0.8074,2.6524,0.2094,2.186,2.391,0.0005,0.8089,0.77,-0.03,0.0,2.186,2.391,0.0005,0.8089,0.5932,0.2638,0.2257,0.7579,0.188,5.19,0.452,mixed-rural-urban,0.0,0.1625,0.6604,0.7543,0.7571,0.4091,0.4434,0.0,57.5,False
NGA,Nigeria,Igala,majority,4.6,3.47,4.6,3.47,0.7,0.67,-0.03,0.67,0.0,0.67,0.0,0.67,0.67,0.67,0.67,0.0,0.68,-0.02,0.0,1628756,2414563,0.0,0.0,0.0,1.25,unspecified,False,0.5,0.48,0.56,0.42,0.454,0.884,1.0,0.78,0.746,1.0,0.0,0.818,0.0,0.0,1.0,0.761,43.144,38.377,54.5,57.5,2.356,4.123,0.251,0.0,1.0,0.848,1.0,1.0,0.0,0.001,0.8151,0.8074,-0.0076,0.8074,2.6524,0.2094,2.186,2.391,0.0005,0.8089,0.68,-0.02,0.0,2.186,2.391,0.0005,0.8089,0.5932,0.2638,0.2257,0.7579,0.188,5.19,0.452,mixed-rural-urban,0.0,0.1625,0.6604,0.7543,0.7571,0.4091,0.4434,0.0,57.5,False
NGA,Nigeria,Other,assimilating,4.6,3.47,4.6,3.47,20.5,19.32,-1.18,19.32,0.0,19.32,0.0,19.35,19.29,19.29,19.35,0.05,19.68,-0.82,0.36,47699294,69398553,0.0,0.0,0.0,1.25,unspecified,False,0.5,0.48,0.56,0.42,0.454,1.188,1.0,0.78,0.814,1.0,0.0,0.818,0.0,0.0,1.0,0.761,43.144,38.377,54.5,57.5,2.356,4.123,0.251,0.0,1.0,0.848,1.0,1.0,0.0,0.001,0.8151,0.8074,-0.0076,0.8074,2.6524,0.2094,2.186,2.391,0.0005,0.8089,19.68,-0.82,0.36,2.186,2.391,0.0005,0.8089,0.5932,0.2638,0.2257,0.7579,0.188,5.19,0.452,mixed-rural-urban,0.0,0.1625,0.6604,0.7543,0.7571,0.4091,0.4434,0.0,57.5,False
NIC,Nicaragua,Mestizo,majority,2.3,2.18,2.3,2.18,69.0,70.26,1.26,70.26,0.0,70.26,0.0,70.22,70.3,70.22,70.3,0.08,70.08,1.08,-0.18,4772134,6152129,0.0,0.0,0.0,1.25,unspecified,False,0.5,0.48,0.56,0.42,0.454,1.3,1.0,0.78,0.839,0.0,0.0,0.0,0.0,0.0,1.0,0.761,29.613,25.953,64.5,58.9,5.887,15.147,0.251,0.0,1.0,0.841,1.0,1.0,0.0,0.001,0.4892,0.4789,-0.0103,0.4789,1.2313,0.1761,1.745,1.935,0.0005,0.4806,70.08,1.08,-0.18,1.745,1.935,0.0005,0.4806,0.6305,0.2204,0.125,0.7463,0.1994,1.92,0.331,rural-heavy,0.0,0.0787,0.8969,0.7524,0.7161,0.4706,0.279,0.1431,58.9,True
NIC,Nicaragua,White,low_fertility,1.7,1.94,2.3,2.18,17.0,14.36,-2.64,14.36,0.0,14.36,0.0,14.46,14.27,14.27,14.46,0.19,14.65,-2.35,0.29,1175743,1257831,0.0,0.0,0.0,1.25,unspecified,False,0.5,0.48,0.56,0.42,0.454,1.167,1.0,0.78,0.809,0.0,0.0,0.0,0.0,0.0,1.0,0.761,29.613,25.953,64.5,58.9,5.887,15.147,0.251,0.0,1.0,0.841,1.0,1.0,0.0,0.001,0.4892,0.4789,-0.0103,0.4789,1.2313,0.1761,1.745,1.935,0.0005,0.4806,14.65,-2.35,0.29,1.745,1.935,0.0005,0.4806,0.6305,0.2204,0.125,0.7463,0.1994,1.92,0.331,rural-heavy,0.0,0.0787,0.8969,0.7524,0.7161,0.4706,0.279,0.1431,58.9,False
NIC,Nicaragua,Black (Creole),majority,2.3,2.18,2.3,2.18,5.0,5.08,0.08,5.08,0.0,5.08,0.0,5.08,5.09,5.08,5.09,0.01,5.07,0.07,-0.01,345807,445139,0.0,0.0,0.0,1.25,unspecified,False,0.5,0.48,0.56,0.42,0.454,1.035,1.0,0.78,0.78,0.0,0.0,0.0,0.0,0.0,1.0,0.761,29.613,25.953,64.5,58.9,5.887,15.147,0.251,0.0,1.0,0.841,1.0,1.0,0.0,0.001,0.4892,0.4789,-0.0103,0.4789,1.2313,0.1761,1.745,1.935,0.0005,0.4806,5.07,0.07,-0.01,1.745,1.935,0.0005,0.4806,0.6305,0.2204,0.125,0.7463,0.1994,1.92,0.331,rural-heavy,0.0,0.0787,0.8969,0.7524,0.7161,0.4706,0.279,0.1431,58.9,False
NIC,Nicaragua,Miskito (Amerindian),high_fertility,3.15,2.52,2.3,2.18,4.0,5.03,1.03,5.03,0.0,5.03,0.0,4.99,5.07,4.99,5.07,0.08,4.91,0.91,-0.12,276645,440605,0.0,0.0,0.0,1.25,IND;PAK;BGD;LKA;NPL,False,0.718,0.719,0.752,0.684,0.454,1.013,1.0,0.78,0.873,0.0,0.0,0.0,0.0,0.0,1.0,0.761,29.613,25.953,64.5,58.9,5.887,15.147,0.251,0.0,1.0,0.841,1.0,1.0,0.0,0.001,0.4892,0.4789,-0.0103,0.4789,1.2313,0.1761,1.745,1.935,0.0005,0.4806,4.91,0.91,-0.12,1.745,1.935,0.0005,0.4806,0.6305,0.2204,0.125,0.7463,0.1994,1.92,0.331,rural-heavy,0.0,0.0787,0.8969,0.7524,0.7161,0.4706,0.279,0.1431,58.9,False
NIC,Nicaragua,Other Amerindian,high_fertility,3.15,2.52,2.3,2.18,1.0,1.26,0.26,1.26,0.0,1.26,0.0,1.25,1.27,1.25,1.27,0.02,1.23,0.23,-0.03,69161,110151,0.0,0.0,0.0,1.25,IND;PAK;BGD;LKA;NPL,False,0.718,0.719,0.752,0.684,0.454,0.903,1.0,0.78,0.838,0.0,0.0,0.0,0.0,0.0,1.0,0.761,29.613,25.953,64.5,58.9,5.887,15.147,0.251,0.0,1.0,0.841,1.0,1.0,0.0,0.001,0.4892,0.4789,-0.0103,0.4789,1.2313,0.1761,1.745,1.935,0.0005,0.4806,1.23,0.23,-0.03,1.745,1.935,0.0005,0.4806,0.6305,0.2204,0.125,0.7463,0.1994,1.92,0.331,rural-heavy,0.0,0.0787,0.8969,0.7524,0.7161,0.4706,0.279,0.1431,58.9,False
NIC,Nicaragua,Other,assimilating,2.3,2.18,2.3,2.18,4.0,4.0,0.0,4.0,0.0,4.0,0.0,4.0,4.01,4.0,4.01,0.0,4.05,0.05,0.05,276645,350581,0.0,0.0,0.0,1.25,unspecified,False,0.5,0.48,0.56,0.42,0.454,1.013,1.0,0.78,0.775,0.0,0.0,0.0,0.0,0.0,1.0,0.761,29.613,25.953,64.5,58.9,5.887,15.147,0.251,0.0,1.0,0.841,1.0,1.0,0.0,0.001,0.4892,0.4789,-0.0103,0.4789,1.2313,0.1761,1.745,1.935,0.0005,0.4806,4.05,0.05,0.05,1.745,1.935,0.0005,0.4806,0.6305,0.2204,0.125,0.7463,0.1994,1.92,0.331,rural-heavy,0.0,0.0787,0.8969,0.7524,0.7161,0.4706,0.279,0.1431,58.9,False
NLD,Netherlands,Dutch,majority,1.4,1.61,1.4,1.61,75.4,72.08,-3.32,74.28,-2.2,72.2,-0.12,72.84,71.18,71.18,72.84,1.66,71.97,-3.43,-0.12,13744470,13665896,0.3,0.238,0.159,1.918,unspecified,False,0.5,0.48,0.56,0.42,0.706,1.3,1.0,0.78,0.999,0.0,1.03,0.0,0.676,0.514,1.0,0.761,10.027,5.682,65.5,65.74,24.473,28.578,0.34,0.146,0.84,0.911,1.0,1.137,0.08,0.0012,0.4238,0.4712,0.0474,0.4712,1.2697,0.109,2.152,2.083,0.0005,0.4727,71.97,-3.43,-0.12,2.152,2.083,0.0005,0.4727,0.7968,0.5072,0.104,0.8541,0.1911,1.89,0.845,metropolitan-heavy,0.047,-0.0014,0.9538,0.9286,0.979,0.7757,0.3007,0.7536,65.74,True
NLD,Netherlands,Other EU,immigrant,1.4,1.61,1.4,1.61,6.4,6.69,0.29,6.16,0.53,6.7,-0.01,6.53,6.86,6.53,6.86,0.32,6.82,0.42,0.13,1166639,1267402,0.3,0.238,0.159,1.918,unspecified,True,0.5,0.48,0.56,0.42,0.706,1.06,1.0,0.78,0.916,0.0,1.03,0.0,0.676,0.514,1.0,0.761,10.027,5.682,65.5,65.74,24.473,28.578,0.34,0.146,0.84,0.911,1.0,1.137,0.08,0.0012,0.4238,0.4712,0.0474,0.4712,1.2697,0.109,2.152,2.083,0.0005,0.4727,6.82,0.42,0.13,2.152,2.083,0.0005,0.4727,0.7968,0.5072,0.104,0.8541,0.1911,1.89,0.845,metropolitan-heavy,0.047,-0.0014,0.9538,0.9286,0.979,0.7757,0.3007,0.7536,65.74,False
NLD,Netherlands,Turkish,high_fertility,2.0,1.85,1.4,1.61,2.4,2.83,0.43,2.92,-0.09,2.84,-0.0,2.84,2.82,2.82,2.84,0.02,2.77,0.37,-0.06,437490,537075,0.3,0.238,0.159,1.918,unspecified,False,0.5,0.48,0.56,0.42,0.706,0.967,1.0,0.78,0.884,0.0,1.03,0.0,0.676,0.514,1.0,0.761,10.027,5.682,65.5,65.74,24.473,28.578,0.34,0.146,0.84,0.911,1.0,1.137,0.08,0.0012,0.4238,0.4712,0.0474,0.4712,1.2697,0.109,2.152,2.083,0.0005,0.4727,2.77,0.37,-0.06,2.152,2.083,0.0005,0.4727,0.7968,0.5072,0.104,0.8541,0.1911,1.89,0.845,metropolitan-heavy,0.047,-0.0014,0.9538,0.9286,0.979,0.7757,0.3007,0.7536,65.74,False
NLD,Netherlands,Moroccan,high_fertility,2.2,1.93,1.4,1.61,2.3,2.87,0.57,2.96,-0.09,2.87,-0.0,2.87,2.86,2.86,2.87,0.01,2.79,0.49,-0.08,419261,543910,0.3,0.238,0.159,1.918,MAR,False,0.63,0.613,0.7,0.58,0.706,0.963,1.0,0.78,0.97,0.0,1.03,0.0,0.676,0.514,1.0,0.761,10.027,5.682,65.5,65.74,24.473,28.578,0.34,0.146,0.84,0.911,1.0,1.137,0.08,0.0012,0.4238,0.4712,0.0474,0.4712,1.2697,0.109,2.152,2.083,0.0005,0.4727,2.79,0.49,-0.08,2.152,2.083,0.0005,0.4727,0.7968,0.5072,0.104,0.8541,0.1911,1.89,0.845,metropolitan-heavy,0.047,-0.0014,0.9538,0.9286,0.979,0.7757,0.3007,0.7536,65.74,False
NLD,Netherlands,Surinamese,assimilating,1.4,1.61,1.4,1.61,2.1,1.95,-0.15,2.01,-0.06,1.95,-0.0,1.97,1.93,1.93,1.97,0.05,1.99,-0.11,0.04,382804,369831,0.3,0.238,0.159,1.918,unspecified,False,0.5,0.48,0.56,0.42,0.706,0.956,1.0,0.78,0.88,0.0,1.03,0.0,0.676,0.514,1.0,0.761,10.027,5.682,65.5,65.74,24.473,28.578,0.34,0.146,0.84,0.911,1.0,1.137,0.08,0.0012,0.4238,0.4712,0.0474,0.4712,1.2697,0.109,2.152,2.083,0.0005,0.4727,1.99,-0.11,0.04,2.152,2.083,0.0005,0.4727,0.7968,0.5072,0.104,0.8541,0.1911,1.89,0.845,metropolitan-heavy,0.047,-0.0014,0.9538,0.9286,0.979,0.7757,0.3007,0.7536,65.74,False
NLD,Netherlands,Indonesian,assimilating,1.4,1.61,1.4,1.61,2.0,1.86,-0.14,1.92,-0.06,1.86,-0.0,1.88,1.83,1.83,1.88,0.04,1.9,-0.1,0.04,364575,352220,0.3,0.238,0.159,1.918,IDN,False,0.736,0.74,0.78,0.76,0.706,0.952,1.0,0.78,1.034,0.0,1.03,0.0,0.676,0.514,1.0,0.761,10.027,5.682,65.5,65.74,24.473,28.578,0.34,0.146,0.84,0.911,1.0,1.137,0.08,0.0012,0.4238,0.4712,0.0474,0.4712,1.2697,0.109,2.152,2.083,0.0005,0.4727,1.9,-0.1,0.04,2.152,2.083,0.0005,0.4727,0.7968,0.5072,0.104,0.8541,0.1911,1.89,0.845,metropolitan-heavy,0.047,-0.0014,0.9538,0.9286,0.979,0.7757,0.3007,0.7536,65.74,False
NLD,Netherlands,Antillean/Aruban,assimilating,1.4,1.61,1.4,1.61,0.7,0.65,-0.05,0.67,-0.02,0.65,-0.0,0.66,0.64,0.64,0.66,0.02,0.66,-0.04,0.01,127601,123277,0.3,0.238,0.159,1.918,unspecified,False,0.5,0.48,0.56,0.42,0.706,0.884,1.0,0.78,0.855,0.0,1.03,0.0,0.676,0.514,1.0,0.761,10.027,5.682,65.5,65.74,24.473,28.578,0.34,0.146,0.84,0.911,1.0,1.137,0.08,0.0012,0.4238,0.4712,0.0474,0.4712,1.2697,0.109,2.152,2.083,0.0005,0.4727,0.66,-0.04,0.01,2.152,2.083,0.0005,0.4727,0.7968,0.5072,0.104,0.8541,0.1911,1.89,0.845,metropolitan-heavy,0.047,-0.0014,0.9538,0.9286,0.979,0.7757,0.3007,0.7536,65.74,False
NLD,Netherlands,Syrian,high_fertility,2.15,1.91,1.4,1.61,0.6,1.18,0.58,0.76,0.42,1.18,-0.0,1.03,1.38,1.03,1.38,0.35,1.15,0.55,-0.03,109372,223719,0.3,0.238,0.159,1.918,SYR,True,0.672,0.726,0.6,0.74,0.706,0.876,1.0,0.78,0.957,0.0,1.03,0.0,0.676,0.514,1.0,0.761,10.027,5.682,65.5,65.74,24.473,28.578,0.34,0.146,0.84,0.911,1.0,1.137,0.08,0.0012,0.4238,0.4712,0.0474,0.4712,1.2697,0.109,2.152,2.083,0.0005,0.4727,1.15,0.55,-0.03,2.152,2.083,0.0005,0.4727,0.7968,0.5072,0.104,0.8541,0.1911,1.89,0.845,metropolitan-heavy,0.047,-0.0014,0.9538,0.9286,0.979,0.7757,0.3007,0.7536,65.74,False
NLD,Netherlands,Chinese,immigrant,1.2,1.53,1.4,1.61,0.5,0.48,-0.02,0.45,0.04,0.48,-0.0,0.47,0.49,0.47,0.49,0.02,0.49,-0.01,0.01,91144,91031,0.3,0.238,0.159,1.918,CHN,True,0.52,0.502,0.58,0.45,0.706,0.869,1.0,0.78,0.862,0.0,1.03,0.0,0.676,0.514,1.0,0.761,10.027,5.682,65.5,65.74,24.473,28.578,0.34,0.146,0.84,0.911,1.0,1.137,0.08,0.0012,0.4238,0.4712,0.0474,0.4712,1.2697,0.109,2.152,2.083,0.0005,0.4727,0.49,-0.01,0.01,2.152,2.083,0.0005,0.4727,0.7968,0.5072,0.104,0.8541,0.1911,1.89,0.845,metropolitan-heavy,0.047,-0.0014,0.9538,0.9286,0.979,0.7757,0.3007,0.7536,65.74,False
NLD,Netherlands,Iraqi,high_fertility,2.15,1.91,1.4,1.61,0.4,0.49,0.09,0.51,-0.02,0.49,-0.0,0.49,0.49,0.49,0.49,0.0,0.48,0.08,-0.01,72915,93331,0.3,0.238,0.159,1.918,IRQ,False,0.651,0.702,0.58,0.7,0.706,0.86,1.0,0.78,0.937,0.0,1.03,0.0,0.676,0.514,1.0,0.761,10.027,5.682,65.5,65.74,24.473,28.578,0.34,0.146,0.84,0.911,1.0,1.137,0.08,0.0012,0.4238,0.4712,0.0474,0.4712,1.2697,0.109,2.152,2.083,0.0005,0.4727,0.48,0.08,-0.01,2.152,2.083,0.0005,0.4727,0.7968,0.5072,0.104,0.8541,0.1911,1.89,0.845,metropolitan-heavy,0.047,-0.0014,0.9538,0.9286,0.979,0.7757,0.3007,0.7536,65.74,False
NLD,Netherlands,Polish,immigrant,1.7,1.73,1.4,1.61,1.5,2.14,0.64,1.6,0.54,2.14,-0.0,1.96,2.36,1.96,2.36,0.4,2.15,0.65,0.01,273431,405074,0.3,0.238,0.159,1.918,unspecified,True,0.5,0.48,0.56,0.42,0.706,0.93,1.0,0.78,0.871,0.0,1.03,0.0,0.676,0.514,1.0,0.761,10.027,5.682,65.5,65.74,24.473,28.578,0.34,0.146,0.84,0.911,1.0,1.137,0.08,0.0012,0.4238,0.4712,0.0474,0.4712,1.2697,0.109,2.152,2.083,0.0005,0.4727,2.15,0.65,0.01,2.152,2.083,0.0005,0.4727,0.7968,0.5072,0.104,0.8541,0.1911,1.89,0.845,metropolitan-heavy,0.047,-0.0014,0.9538,0.9286,0.979,0.7757,0.3007,0.7536,65.74,False
NLD,Netherlands,German,immigrant,1.3,1.57,1.4,1.61,1.2,1.2,-0.0,1.11,0.09,1.2,-0.0,1.18,1.23,1.18,1.23,0.05,1.23,0.03,0.03,218745,227467,0.3,0.238,0.159,1.918,unspecified,True,0.5,0.48,0.56,0.42,0.706,0.915,1.0,0.78,0.866,0.0,1.03,0.0,0.676,0.514,1.0,0.761,10.027,5.682,65.5,65.74,24.473,28.578,0.34,0.146,0.84,0.911,1.0,1.137,0.08,0.0012,0.4238,0.4712,0.0474,0.4712,1.2697,0.109,2.152,2.083,0.0005,0.4727,1.23,0.03,0.03,2.152,2.083,0.0005,0.4727,0.7968,0.5072,0.104,0.8541,0.1911,1.89,0.845,metropolitan-heavy,0.047,-0.0014,0.9538,0.9286,0.979,0.7757,0.3007,0.7536,65.74,False
NLD,Netherlands,Somali,high_fertility,2.6,2.09,1.4,1.61,0.7,1.48,0.78,1.0,0.48,1.36,0.12,1.31,1.68,1.31,1.68,0.38,1.42,0.72,-0.06,127601,280156,0.3,0.238,0.159,1.918,NGA;ETH;GHA;KEN;UGA;TZA;RWA;COD;CIV;CMR;SEN;ZMB;ZWE;MOZ;MWI;AGO;SDN;SOM;ERI;BFA;NER;MLI;GIN;SLE;LBR;BEN;TGO;GMB,True,0.711,0.785,0.574,0.717,0.706,0.884,1.0,0.78,0.984,0.0,1.03,0.0,0.676,0.514,1.0,0.761,10.027,5.682,65.5,65.74,24.473,28.578,0.34,0.146,0.84,0.911,1.0,1.137,0.08,0.0012,0.4238,0.4712,0.0474,0.4712,1.2697,0.109,2.152,2.083,0.0005,0.4727,1.42,0.72,-0.06,2.152,2.083,0.0005,0.4727,0.7968,0.5072,0.104,0.8541,0.1911,1.89,0.845,metropolitan-heavy,0.047,-0.0014,0.9538,0.9286,0.979,0.7757,0.3007,0.7536,65.74,False
NLD,Netherlands,Afghan,immigrant,1.4,1.61,1.4,1.61,0.5,0.53,0.03,0.48,0.05,0.53,-0.0,0.51,0.54,0.51,0.54,0.03,0.54,0.04,0.01,91144,99798,0.3,0.238,0.159,1.918,AFG,True,0.667,0.804,0.42,0.86,0.706,0.869,1.0,0.78,0.95,0.0,1.03,0.0,0.676,0.514,1.0,0.761,10.027,5.682,65.5,65.74,24.473,28.578,0.34,0.146,0.84,0.911,1.0,1.137,0.08,0.0012,0.4238,0.4712,0.0474,0.4712,1.2697,0.109,2.152,2.083,0.0005,0.4727,0.54,0.04,0.01,2.152,2.083,0.0005,0.4727,0.7968,0.5072,0.104,0.8541,0.1911,1.89,0.845,metropolitan-heavy,0.047,-0.0014,0.9538,0.9286,0.979,0.7757,0.3007,0.7536,65.74,False
NLD,Netherlands,Other,immigrant,1.4,1.61,1.4,1.61,3.3,3.58,0.28,3.18,0.4,3.54,0.04,3.46,3.71,3.46,3.71,0.25,3.65,0.35,0.07,601548,678283,0.3,0.238,0.159,1.918,NGA;ETH;GHA;KEN;UGA;TZA;RWA;COD;CIV;CMR;SEN;ZMB;ZWE;MOZ;MWI;AGO;SDN;SOM;ERI;BFA;NER;MLI;GIN;SLE;LBR;BEN;TGO;GMB,True,0.711,0.785,0.574,0.717,0.706,0.995,1.0,0.78,1.039,0.0,1.03,0.0,0.676,0.514,1.0,0.761,10.027,5.682,65.5,65.74,24.473,28.578,0.34,0.146,0.84,0.911,1.0,1.137,0.08,0.0012,0.4238,0.4712,0.0474,0.4712,1.2697,0.109,2.152,2.083,0.0005,0.4727,3.65,0.35,0.07,2.152,2.083,0.0005,0.4727,0.7968,0.5072,0.104,0.8541,0.1911,1.89,0.845,metropolitan-heavy,0.047,-0.0014,0.9538,0.9286,0.979,0.7757,0.3007,0.7536,65.74,False
NOR,Norway,Norwegian,majority,1.4,1.61,1.4,1.61,81.5,79.61,-1.89,80.94,-1.33,79.68,-0.07,80.05,79.11,79.11,80.05,0.93,79.49,-2.01,-0.12,4544975,4697053,0.3,0.238,0.142,1.896,unspecified,False,0.5,0.48,0.56,0.42,0.676,1.3,1.0,0.78,0.98,0.0,0.0,0.0,0.577,0.473,1.0,0.761,13.197,7.609,66.5,66.34,20.303,26.051,0.32,0.153,0.81,0.916,1.0,1.133,0.09,0.001,0.3294,0.359,0.0296,0.359,0.8921,0.1034,2.029,1.981,0.0005,0.3608,79.49,-2.01,-0.12,2.029,1.981,0.0005,0.3608,0.8125,0.4807,0.0949,0.8587,0.1872,1.56,0.773,urbanizing-majority,0.068,-0.0024,0.9651,0.9388,1.0,0.7914,0.2495,0.6387,66.34,True
NOR,Norway,Other Nordic/European,immigrant,1.3,1.57,1.4,1.61,5.9,6.07,0.17,5.56,0.52,6.08,-0.0,5.93,6.25,5.93,6.25,0.32,6.2,0.3,0.12,329023,358412,0.3,0.238,0.142,1.896,unspecified,True,0.5,0.48,0.56,0.42,0.676,1.052,1.0,0.78,0.898,0.0,0.0,0.0,0.577,0.473,1.0,0.761,13.197,7.609,66.5,66.34,20.303,26.051,0.32,0.153,0.81,0.916,1.0,1.133,0.09,0.001,0.3294,0.359,0.0296,0.359,0.8921,0.1034,2.029,1.981,0.0005,0.3608,6.2,0.3,0.12,2.029,1.981,0.0005,0.3608,0.8125,0.4807,0.0949,0.8587,0.1872,1.56,0.773,urbanizing-majority,0.068,-0.0024,0.9651,0.9388,1.0,0.7914,0.2495,0.6387,66.34,False
NOR,Norway,Polish,immigrant,1.4,1.61,1.4,1.61,2.1,2.24,0.14,2.05,0.18,2.24,-0.0,2.18,2.3,2.18,2.3,0.12,2.27,0.17,0.03,117110,132024,0.3,0.238,0.142,1.896,unspecified,True,0.5,0.48,0.56,0.42,0.676,0.956,1.0,0.78,0.866,0.0,0.0,0.0,0.577,0.473,1.0,0.761,13.197,7.609,66.5,66.34,20.303,26.051,0.32,0.153,0.81,0.916,1.0,1.133,0.09,0.001,0.3294,0.359,0.0296,0.359,0.8921,0.1034,2.029,1.981,0.0005,0.3608,2.27,0.17,0.03,2.029,1.981,0.0005,0.3608,0.8125,0.4807,0.0949,0.8587,0.1872,1.56,0.773,urbanizing-majority,0.068,-0.0024,0.9651,0.9388,1.0,0.7914,0.2495,0.6387,66.34,False
NOR,Norway,Swedish,immigrant,1.4,1.61,1.4,1.61,1.0,1.06,0.06,0.98,0.09,1.06,-0.0,1.04,1.09,1.04,1.09,0.06,1.08,0.08,0.02,55767,62747,0.3,0.238,0.142,1.896,unspecified,True,0.5,0.48,0.56,0.42,0.676,0.903,1.0,0.78,0.849,0.0,0.0,0.0,0.577,0.473,1.0,0.761,13.197,7.609,66.5,66.34,20.303,26.051,0.32,0.153,0.81,0.916,1.0,1.133,0.09,0.001,0.3294,0.359,0.0296,0.359,0.8921,0.1034,2.029,1.981,0.0005,0.3608,1.08,0.08,0.02,2.029,1.981,0.0005,0.3608,0.8125,0.4807,0.0949,0.8587,0.1872,1.56,0.773,urbanizing-majority,0.068,-0.0024,0.9651,0.9388,1.0,0.7914,0.2495,0.6387,66.34,False
NOR,Norway,Syrian,high_fertility,2.15,1.91,1.4,1.61,1.1,1.39,0.29,1.41,-0.02,1.39,-0.0,1.38,1.39,1.38,1.39,0.01,1.35,0.25,-0.04,61343,81830,0.3,0.238,0.142,1.896,SYR,False,0.672,0.726,0.6,0.74,0.676,0.909,1.0,0.78,0.954,0.0,0.0,0.0,0.577,0.473,1.0,0.761,13.197,7.609,66.5,66.34,20.303,26.051,0.32,0.153,0.81,0.916,1.0,1.133,0.09,0.001,0.3294,0.359,0.0296,0.359,0.8921,0.1034,2.029,1.981,0.0005,0.3608,1.35,0.25,-0.04,2.029,1.981,0.0005,0.3608,0.8125,0.4807,0.0949,0.8587,0.1872,1.56,0.773,urbanizing-majority,0.068,-0.0024,0.9651,0.9388,1.0,0.7914,0.2495,0.6387,66.34,False
NOR,Norway,Iraqi,high_fertility,2.15,1.91,1.4,1.61,0.8,1.01,0.21,1.03,-0.02,1.01,-0.0,1.0,1.01,1.0,1.01,0.01,0.98,0.18,-0.03,44613,59512,0.3,0.238,0.142,1.896,IRQ,False,0.651,0.702,0.58,0.7,0.676,0.891,1.0,0.78,0.933,0.0,0.0,0.0,0.577,0.473,1.0,0.761,13.197,7.609,66.5,66.34,20.303,26.051,0.32,0.153,0.81,0.916,1.0,1.133,0.09,0.001,0.3294,0.359,0.0296,0.359,0.8921,0.1034,2.029,1.981,0.0005,0.3608,0.98,0.18,-0.03,2.029,1.981,0.0005,0.3608,0.8125,0.4807,0.0949,0.8587,0.1872,1.56,0.773,urbanizing-majority,0.068,-0.0024,0.9651,0.9388,1.0,0.7914,0.2495,0.6387,66.34,False
NOR,Norway,Somali,high_fertility,2.8,2.17,1.4,1.61,0.7,1.15,0.45,1.06,0.09,1.06,0.08,1.1,1.19,1.1,1.19,0.09,1.09,0.39,-0.05,39037,67563,0.3,0.238,0.142,1.896,NGA;ETH;GHA;KEN;UGA;TZA;RWA;COD;CIV;CMR;SEN;ZMB;ZWE;MOZ;MWI;AGO;SDN;SOM;ERI;BFA;NER;MLI;GIN;SLE;LBR;BEN;TGO;GMB,True,0.711,0.785,0.574,0.717,0.676,0.884,1.006,0.78,0.968,0.0,0.0,0.0,0.577,0.473,1.0,0.761,13.197,7.609,66.5,66.34,20.303,26.051,0.32,0.153,0.81,0.916,1.0,1.133,0.09,0.001,0.3294,0.359,0.0296,0.359,0.8921,0.1034,2.029,1.981,0.0005,0.3608,1.09,0.39,-0.05,2.029,1.981,0.0005,0.3608,0.8125,0.4807,0.0949,0.8587,0.1872,1.56,0.773,urbanizing-majority,0.068,-0.0024,0.9651,0.9388,1.0,0.7914,0.2495,0.6387,66.34,False
NOR,Norway,Pakistani,high_fertility,1.75,1.75,1.4,1.61,0.9,1.01,0.11,1.03,-0.02,1.01,-0.0,1.01,1.01,1.01,1.01,0.0,1.0,0.1,-0.01,50190,59577,0.3,0.238,0.142,1.896,PAK,False,0.769,0.814,0.7,0.74,0.676,0.897,1.0,0.78,1.006,0.0,0.0,0.0,0.577,0.473,1.0,0.761,13.197,7.609,66.5,66.34,20.303,26.051,0.32,0.153,0.81,0.916,1.0,1.133,0.09,0.001,0.3294,0.359,0.0296,0.359,0.8921,0.1034,2.029,1.981,0.0005,0.3608,1.0,0.1,-0.01,2.029,1.981,0.0005,0.3608,0.8125,0.4807,0.0949,0.8587,0.1872,1.56,0.773,urbanizing-majority,0.068,-0.0024,0.9651,0.9388,1.0,0.7914,0.2495,0.6387,66.34,False
NOR,Norway,Eritrean,high_fertility,1.75,1.75,1.4,1.61,0.5,0.57,0.07,0.57,0.0,0.57,-0.0,0.57,0.58,0.57,0.58,0.01,0.57,0.07,-0.01,27883,33813,0.3,0.238,0.142,1.896,ETH,True,0.71,0.81,0.52,0.76,0.676,0.869,1.0,0.78,0.958,0.0,0.0,0.0,0.577,0.473,1.0,0.761,13.197,7.609,66.5,66.34,20.303,26.051,0.32,0.153,0.81,0.916,1.0,1.133,0.09,0.001,0.3294,0.359,0.0296,0.359,0.8921,0.1034,2.029,1.981,0.0005,0.3608,0.57,0.07,-0.01,2.029,1.981,0.0005,0.3608,0.8125,0.4807,0.0949,0.8587,0.1872,1.56,0.773,urbanizing-majority,0.068,-0.0024,0.9651,0.9388,1.0,0.7914,0.2495,0.6387,66.34,False
NOR,Norway,Vietnamese,immigrant,1.4,1.61,1.4,1.61,0.5,0.54,0.04,0.49,0.05,0.54,-0.0,0.52,0.56,0.52,0.56,0.03,0.55,0.05,0.01,27883,31757,0.3,0.238,0.142,1.896,VNM,True,0.71,0.674,0.84,0.68,0.676,0.869,1.0,0.78,0.958,0.0,0.0,0.0,0.577,0.473,1.0,0.761,13.197,7.609,66.5,66.34,20.303,26.051,0.32,0.153,0.81,0.916,1.0,1.133,0.09,0.001,0.3294,0.359,0.0296,0.359,0.8921,0.1034,2.029,1.981,0.0005,0.3608,0.55,0.05,0.01,2.029,1.981,0.0005,0.3608,0.8125,0.4807,0.0949,0.8587,0.1872,1.56,0.773,urbanizing-majority,0.068,-0.0024,0.9651,0.9388,1.0,0.7914,0.2495,0.6387,66.34,False
NOR,Norway,Filipino,immigrant,1.4,1.61,1.4,1.61,0.6,0.65,0.05,0.59,0.06,0.65,-0.0,0.63,0.67,0.63,0.67,0.04,0.66,0.06,0.01,33460,38238,0.3,0.238,0.142,1.896,PHL,True,0.759,0.718,0.88,0.64,0.676,0.876,1.0,0.78,0.99,0.0,0.0,0.0,0.577,0.473,1.0,0.761,13.197,7.609,66.5,66.34,20.303,26.051,0.32,0.153,0.81,0.916,1.0,1.133,0.09,0.001,0.3294,0.359,0.0296,0.359,0.8921,0.1034,2.029,1.981,0.0005,0.3608,0.66,0.06,0.01,2.029,1.981,0.0005,0.3608,0.8125,0.4807,0.0949,0.8587,0.1872,1.56,0.773,urbanizing-majority,0.068,-0.0024,0.9651,0.9388,1.0,0.7914,0.2495,0.6387,66.34,False
NOR,Norway,Other,immigrant,1.4,1.61,1.4,1.61,4.4,4.7,0.3,4.3,0.4,4.7,-0.0,4.58,4.84,4.58,4.84,0.26,4.77,0.37,0.07,245373,277301,0.3,0.238,0.142,1.896,unspecified,True,0.5,0.48,0.56,0.42,0.676,1.022,1.0,0.78,0.888,0.0,0.0,0.0,0.577,0.473,1.0,0.761,13.197,7.609,66.5,66.34,20.303,26.051,0.32,0.153,0.81,0.916,1.0,1.133,0.09,0.001,0.3294,0.359,0.0296,0.359,0.8921,0.1034,2.029,1.981,0.0005,0.3608,4.77,0.37,0.07,2.029,1.981,0.0005,0.3608,0.8125,0.4807,0.0949,0.8587,0.1872,1.56,0.773,urbanizing-majority,0.068,-0.0024,0.9651,0.9388,1.0,0.7914,0.2495,0.6387,66.34,False
NPL,Nepal,Chhetri,majority,2.0,2.03,2.0,2.03,16.6,16.15,-0.45,16.15,0.0,16.15,0.0,16.16,16.13,16.13,16.16,0.03,16.19,-0.41,0.04,4922075,5594221,0.043,0.0,0.0,1.317,unspecified,False,0.5,0.48,0.56,0.42,0.468,1.164,1.0,0.78,0.817,0.0,0.0,0.726,0.0,0.0,1.0,0.761,30.477,27.963,65.0,59.08,4.523,12.957,0.251,0.0,1.0,0.83,1.0,1.015,0.0,0.001,0.895,0.8972,0.0022,0.8972,3.2359,0.1946,2.322,2.503,0.0005,0.8969,16.19,-0.41,0.04,2.322,2.503,0.0005,0.8969,0.6,0.3109,0.1405,0.7344,0.2203,9.72,0.532,mixed-rural-urban,0.02,0.1331,0.8789,0.6765,0.7242,0.4146,0.2701,0.0435,59.08,False
NPL,Nepal,Bahun,majority,2.0,2.03,2.0,2.03,12.2,11.87,-0.33,11.87,0.0,11.87,0.0,11.88,11.86,11.86,11.88,0.02,11.9,-0.3,0.03,3617429,4111415,0.043,0.0,0.0,1.317,unspecified,False,0.5,0.48,0.56,0.42,0.468,1.13,1.0,0.78,0.809,0.0,0.0,0.726,0.0,0.0,1.0,0.761,30.477,27.963,65.0,59.08,4.523,12.957,0.251,0.0,1.0,0.83,1.0,1.015,0.0,0.001,0.895,0.8972,0.0022,0.8972,3.2359,0.1946,2.322,2.503,0.0005,0.8969,11.9,-0.3,0.03,2.322,2.503,0.0005,0.8969,0.6,0.3109,0.1405,0.7344,0.2203,9.72,0.532,mixed-rural-urban,0.02,0.1331,0.8789,0.6765,0.7242,0.4146,0.2701,0.0435,59.08,False
NPL,Nepal,Magar,majority,2.0,2.03,2.0,2.03,7.1,6.91,-0.19,6.91,0.0,6.91,0.0,6.91,6.9,6.9,6.91,0.01,6.93,-0.17,0.02,2105225,2392709,0.043,0.0,0.0,1.317,unspecified,False,0.5,0.48,0.56,0.42,0.468,1.071,1.0,0.78,0.795,0.0,0.0,0.726,0.0,0.0,1.0,0.761,30.477,27.963,65.0,59.08,4.523,12.957,0.251,0.0,1.0,0.83,1.0,1.015,0.0,0.001,0.895,0.8972,0.0022,0.8972,3.2359,0.1946,2.322,2.503,0.0005,0.8969,6.93,-0.17,0.02,2.322,2.503,0.0005,0.8969,0.6,0.3109,0.1405,0.7344,0.2203,9.72,0.532,mixed-rural-urban,0.02,0.1331,0.8789,0.6765,0.7242,0.4146,0.2701,0.0435,59.08,False
NPL,Nepal,Tharu,high_fertility,2.35,2.17,2.0,2.03,6.6,7.22,0.62,7.22,0.0,7.22,0.0,7.2,7.24,7.2,7.24,0.04,7.16,0.56,-0.06,1956970,2499992,0.043,0.0,0.0,1.317,unspecified,False,0.5,0.48,0.56,0.42,0.468,1.063,1.0,0.78,0.794,0.0,0.0,0.726,0.0,0.0,1.0,0.761,30.477,27.963,65.0,59.08,4.523,12.957,0.251,0.0,1.0,0.83,1.0,1.015,0.0,0.001,0.895,0.8972,0.0022,0.8972,3.2359,0.1946,2.322,2.503,0.0005,0.8969,7.16,0.56,-0.06,2.322,2.503,0.0005,0.8969,0.6,0.3109,0.1405,0.7344,0.2203,9.72,0.532,mixed-rural-urban,0.02,0.1331,0.8789,0.6765,0.7242,0.4146,0.2701,0.0435,59.08,False
NPL,Nepal,Tamang,majority,2.0,2.03,2.0,2.03,5.8,5.64,-0.16,5.64,0.0,5.64,0.0,5.65,5.64,5.64,5.65,0.01,5.66,-0.14,0.02,1719761,1954607,0.043,0.0,0.0,1.317,unspecified,False,0.5,0.48,0.56,0.42,0.468,1.05,1.0,0.78,0.791,0.0,0.0,0.726,0.0,0.0,1.0,0.761,30.477,27.963,65.0,59.08,4.523,12.957,0.251,0.0,1.0,0.83,1.0,1.015,0.0,0.001,0.895,0.8972,0.0022,0.8972,3.2359,0.1946,2.322,2.503,0.0005,0.8969,5.66,-0.14,0.02,2.322,2.503,0.0005,0.8969,0.6,0.3109,0.1405,0.7344,0.2203,9.72,0.532,mixed-rural-urban,0.02,0.1331,0.8789,0.6765,0.7242,0.4146,0.2701,0.0435,59.08,False
NPL,Nepal,Newar,majority,2.0,2.03,2.0,2.03,5.0,4.86,-0.14,4.86,0.0,4.86,0.0,4.87,4.86,4.86,4.87,0.01,4.88,-0.12,0.01,1482553,1685006,0.043,0.0,0.0,1.317,unspecified,False,0.5,0.48,0.56,0.42,0.468,1.035,1.0,0.78,0.787,0.0,0.0,0.726,0.0,0.0,1.0,0.761,30.477,27.963,65.0,59.08,4.523,12.957,0.251,0.0,1.0,0.83,1.0,1.015,0.0,0.001,0.895,0.8972,0.0022,0.8972,3.2359,0.1946,2.322,2.503,0.0005,0.8969,4.88,-0.12,0.01,2.322,2.503,0.0005,0.8969,0.6,0.3109,0.1405,0.7344,0.2203,9.72,0.532,mixed-rural-urban,0.02,0.1331,0.8789,0.6765,0.7242,0.4146,0.2701,0.0435,59.08,False
NPL,Nepal,Kami (Dalit),majority,2.0,2.03,2.0,2.03,4.8,4.67,-0.13,4.67,0.0,4.67,0.0,4.67,4.67,4.67,4.67,0.01,4.68,-0.12,0.01,1423251,1617606,0.043,0.0,0.0,1.317,unspecified,False,0.5,0.48,0.56,0.42,0.468,1.031,1.0,0.78,0.786,0.0,0.0,0.726,0.0,0.0,1.0,0.761,30.477,27.963,65.0,59.08,4.523,12.957,0.251,0.0,1.0,0.83,1.0,1.015,0.0,0.001,0.895,0.8972,0.0022,0.8972,3.2359,0.1946,2.322,2.503,0.0005,0.8969,4.68,-0.12,0.01,2.322,2.503,0.0005,0.8969,0.6,0.3109,0.1405,0.7344,0.2203,9.72,0.532,mixed-rural-urban,0.02,0.1331,0.8789,0.6765,0.7242,0.4146,0.2701,0.0435,59.08,False
NPL,Nepal,Muslim (Madhesi),high_fertility,2.95,2.41,2.0,2.03,4.4,5.52,1.12,5.52,0.0,5.52,0.0,5.48,5.56,5.48,5.56,0.09,5.39,0.99,-0.13,1304646,1912277,0.043,0.0,0.0,1.317,unspecified,False,0.5,0.48,0.56,0.42,0.468,1.022,1.0,0.78,0.784,0.0,0.0,0.726,0.0,0.0,1.0,0.761,30.477,27.963,65.0,59.08,4.523,12.957,0.251,0.0,1.0,0.83,1.0,1.015,0.0,0.001,0.895,0.8972,0.0022,0.8972,3.2359,0.1946,2.322,2.503,0.0005,0.8969,5.39,0.99,-0.13,2.322,2.503,0.0005,0.8969,0.6,0.3109,0.1405,0.7344,0.2203,9.72,0.532,mixed-rural-urban,0.02,0.1331,0.8789,0.6765,0.7242,0.4146,0.2701,0.0435,59.08,False
NPL,Nepal,Yadav,high_fertility,2.35,2.17,2.0,2.03,4.0,4.37,0.37,4.37,0.0,4.37,0.0,4.36,4.39,4.36,4.39,0.02,4.34,0.34,-0.04,1186042,1515147,0.043,0.0,0.0,1.317,unspecified,False,0.5,0.48,0.56,0.42,0.468,1.013,1.0,0.78,0.782,0.0,0.0,0.726,0.0,0.0,1.0,0.761,30.477,27.963,65.0,59.08,4.523,12.957,0.251,0.0,1.0,0.83,1.0,1.015,0.0,0.001,0.895,0.8972,0.0022,0.8972,3.2359,0.1946,2.322,2.503,0.0005,0.8969,4.34,0.34,-0.04,2.322,2.503,0.0005,0.8969,0.6,0.3109,0.1405,0.7344,0.2203,9.72,0.532,mixed-rural-urban,0.02,0.1331,0.8789,0.6765,0.7242,0.4146,0.2701,0.0435,59.08,False
NPL,Nepal,Rai,majority,2.0,2.03,2.0,2.03,2.3,2.24,-0.06,2.24,0.0,2.24,0.0,2.24,2.24,2.24,2.24,0.0,2.24,-0.06,0.01,681974,775103,0.043,0.0,0.0,1.317,unspecified,False,0.5,0.48,0.56,0.42,0.468,0.963,1.0,0.78,0.771,0.0,0.0,0.726,0.0,0.0,1.0,0.761,30.477,27.963,65.0,59.08,4.523,12.957,0.251,0.0,1.0,0.83,1.0,1.015,0.0,0.001,0.895,0.8972,0.0022,0.8972,3.2359,0.1946,2.322,2.503,0.0005,0.8969,2.24,-0.06,0.01,2.322,2.503,0.0005,0.8969,0.6,0.3109,0.1405,0.7344,0.2203,9.72,0.532,mixed-rural-urban,0.02,0.1331,0.8789,0.6765,0.7242,0.4146,0.2701,0.0435,59.08,False
NPL,Nepal,Gurung,majority,2.0,2.03,2.0,2.03,2.0,1.95,-0.05,1.95,0.0,1.95,0.0,1.95,1.94,1.94,1.95,0.0,1.95,-0.05,0.01,593021,674002,0.043,0.0,0.0,1.317,unspecified,False,0.5,0.48,0.56,0.42,0.468,0.952,1.0,0.78,0.768,0.0,0.0,0.726,0.0,0.0,1.0,0.761,30.477,27.963,65.0,59.08,4.523,12.957,0.251,0.0,1.0,0.83,1.0,1.015,0.0,0.001,0.895,0.8972,0.0022,0.8972,3.2359,0.1946,2.322,2.503,0.0005,0.8969,1.95,-0.05,0.01,2.322,2.503,0.0005,0.8969,0.6,0.3109,0.1405,0.7344,0.2203,9.72,0.532,mixed-rural-urban,0.02,0.1331,0.8789,0.6765,0.7242,0.4146,0.2701,0.0435,59.08,False
NPL,Nepal,Damai/Dholi,majority,2.0,2.03,2.0,2.03,1.8,1.75,-0.05,1.75,0.0,1.75,0.0,1.75,1.75,1.75,1.75,0.0,1.76,-0.04,0.0,533719,606602,0.043,0.0,0.0,1.317,unspecified,False,0.5,0.48,0.56,0.42,0.468,0.944,1.0,0.78,0.766,0.0,0.0,0.726,0.0,0.0,1.0,0.761,30.477,27.963,65.0,59.08,4.523,12.957,0.251,0.0,1.0,0.83,1.0,1.015,0.0,0.001,0.895,0.8972,0.0022,0.8972,3.2359,0.1946,2.322,2.503,0.0005,0.8969,1.76,-0.04,0.0,2.322,2.503,0.0005,0.8969,0.6,0.3109,0.1405,0.7344,0.2203,9.72,0.532,mixed-rural-urban,0.02,0.1331,0.8789,0.6765,0.7242,0.4146,0.2701,0.0435,59.08,False
NPL,Nepal,Thakuri,majority,2.0,2.03,2.0,2.03,1.6,1.56,-0.04,1.56,0.0,1.56,0.0,1.56,1.56,1.56,1.56,0.0,1.56,-0.04,0.0,474417,539202,0.043,0.0,0.0,1.317,unspecified,False,0.5,0.48,0.56,0.42,0.468,0.935,1.0,0.78,0.764,0.0,0.0,0.726,0.0,0.0,1.0,0.761,30.477,27.963,65.0,59.08,4.523,12.957,0.251,0.0,1.0,0.83,1.0,1.015,0.0,0.001,0.895,0.8972,0.0022,0.8972,3.2359,0.1946,2.322,2.503,0.0005,0.8969,1.56,-0.04,0.0,2.322,2.503,0.0005,0.8969,0.6,0.3109,0.1405,0.7344,0.2203,9.72,0.532,mixed-rural-urban,0.02,0.1331,0.8789,0.6765,0.7242,0.4146,0.2701,0.0435,59.08,False
NPL,Nepal,Limbu,majority,2.0,2.03,2.0,2.03,1.5,1.46,-0.04,1.46,0.0,1.46,0.0,1.46,1.46,1.46,1.46,0.0,1.46,-0.04,0.0,444766,505502,0.043,0.0,0.0,1.317,unspecified,False,0.5,0.48,0.56,0.42,0.468,0.93,1.0,0.78,0.763,0.0,0.0,0.726,0.0,0.0,1.0,0.761,30.477,27.963,65.0,59.08,4.523,12.957,0.251,0.0,1.0,0.83,1.0,1.015,0.0,0.001,0.895,0.8972,0.0022,0.8972,3.2359,0.1946,2.322,2.503,0.0005,0.8969,1.46,-0.04,0.0,2.322,2.503,0.0005,0.8969,0.6,0.3109,0.1405,0.7344,0.2203,9.72,0.532,mixed-rural-urban,0.02,0.1331,0.8789,0.6765,0.7242,0.4146,0.2701,0.0435,59.08,False
NPL,Nepal,Sarki,majority,2.0,2.03,2.0,2.03,1.4,1.36,-0.04,1.36,0.0,1.36,0.0,1.36,1.36,1.36,1.36,0.0,1.37,-0.03,0.0,415115,471802,0.043,0.0,0.0,1.317,unspecified,False,0.5,0.48,0.56,0.42,0.468,0.925,1.0,0.78,0.762,0.0,0.0,0.726,0.0,0.0,1.0,0.761,30.477,27.963,65.0,59.08,4.523,12.957,0.251,0.0,1.0,0.83,1.0,1.015,0.0,0.001,0.895,0.8972,0.0022,0.8972,3.2359,0.1946,2.322,2.503,0.0005,0.8969,1.37,-0.03,0.0,2.322,2.503,0.0005,0.8969,0.6,0.3109,0.1405,0.7344,0.2203,9.72,0.532,mixed-rural-urban,0.02,0.1331,0.8789,0.6765,0.7242,0.4146,0.2701,0.0435,59.08,False
NPL,Nepal,Teli,majority,2.0,2.03,2.0,2.03,1.1,1.07,-0.03,1.07,0.0,1.07,0.0,1.07,1.07,1.07,1.07,0.0,1.07,-0.03,0.0,326162,370701,0.043,0.0,0.0,1.317,unspecified,False,0.5,0.48,0.56,0.42,0.468,0.909,1.0,0.78,0.758,0.0,0.0,0.726,0.0,0.0,1.0,0.761,30.477,27.963,65.0,59.08,4.523,12.957,0.251,0.0,1.0,0.83,1.0,1.015,0.0,0.001,0.895,0.8972,0.0022,0.8972,3.2359,0.1946,2.322,2.503,0.0005,0.8969,1.07,-0.03,0.0,2.322,2.503,0.0005,0.8969,0.6,0.3109,0.1405,0.7344,0.2203,9.72,0.532,mixed-rural-urban,0.02,0.1331,0.8789,0.6765,0.7242,0.4146,0.2701,0.0435,59.08,False
NPL,Nepal,Chamar,majority,2.0,2.03,2.0,2.03,1.0,0.97,-0.03,0.97,0.0,0.97,0.0,0.97,0.97,0.97,0.97,0.0,0.98,-0.02,0.0,296511,337001,0.043,0.0,0.0,1.317,unspecified,False,0.5,0.48,0.56,0.42,0.468,0.903,1.0,0.78,0.757,0.0,0.0,0.726,0.0,0.0,1.0,0.761,30.477,27.963,65.0,59.08,4.523,12.957,0.251,0.0,1.0,0.83,1.0,1.015,0.0,0.001,0.895,0.8972,0.0022,0.8972,3.2359,0.1946,2.322,2.503,0.0005,0.8969,0.98,-0.02,0.0,2.322,2.503,0.0005,0.8969,0.6,0.3109,0.1405,0.7344,0.2203,9.72,0.532,mixed-rural-urban,0.02,0.1331,0.8789,0.6765,0.7242,0.4146,0.2701,0.0435,59.08,False
NPL,Nepal,Koiri,majority,2.0,2.03,2.0,2.03,1.0,0.97,-0.03,0.97,0.0,0.97,0.0,0.97,0.97,0.97,0.97,0.0,0.98,-0.02,0.0,296511,337001,0.043,0.0,0.0,1.317,unspecified,False,0.5,0.48,0.56,0.42,0.468,0.903,1.0,0.78,0.757,0.0,0.0,0.726,0.0,0.0,1.0,0.761,30.477,27.963,65.0,59.08,4.523,12.957,0.251,0.0,1.0,0.83,1.0,1.015,0.0,0.001,0.895,0.8972,0.0022,0.8972,3.2359,0.1946,2.322,2.503,0.0005,0.8969,0.98,-0.02,0.0,2.322,2.503,0.0005,0.8969,0.6,0.3109,0.1405,0.7344,0.2203,9.72,0.532,mixed-rural-urban,0.02,0.1331,0.8789,0.6765,0.7242,0.4146,0.2701,0.0435,59.08,False
NPL,Nepal,Other,assimilating,2.0,2.03,2.0,2.03,19.8,19.46,-0.34,19.46,0.0,19.46,0.0,19.48,19.44,19.44,19.48,0.04,19.51,-0.29,0.05,5870909,6742124,0.043,0.0,0.0,1.317,unspecified,False,0.5,0.48,0.56,0.42,0.468,1.184,1.0,0.78,0.821,0.0,0.0,0.726,0.0,0.0,1.0,0.761,30.477,27.963,65.0,59.08,4.523,12.957,0.251,0.0,1.0,0.83,1.0,1.015,0.0,0.001,0.895,0.8972,0.0022,0.8972,3.2359,0.1946,2.322,2.503,0.0005,0.8969,19.51,-0.29,0.05,2.322,2.503,0.0005,0.8969,0.6,0.3109,0.1405,0.7344,0.2203,9.72,0.532,mixed-rural-urban,0.02,0.1331,0.8789,0.6765,0.7242,0.4146,0.2701,0.0435,59.08,True
NRU,Nauru,Nauruan,majority,3.0,2.6,3.0,2.6,88.0,87.38,-0.62,87.67,-0.29,87.38,0.0,87.49,87.25,87.25,87.49,0.24,87.27,-0.73,-0.11,10532,13788,0.0,0.0,0.0,1.25,unspecified,False,0.5,0.48,0.56,0.42,0.454,1.3,1.0,0.78,0.839,0.0,0.0,0.0,0.0,0.0,1.0,0.761,29.195,25.637,65.0,59.4,5.804,14.963,0.251,0.041,0.966,0.875,1.0,1.0,0.0,0.001,0.2176,0.2275,0.0099,0.2275,0.4914,0.1395,1.553,1.555,0.0005,0.2293,87.27,-0.73,-0.11,1.553,1.555,0.0005,0.2293,0.6982,0.297,0.1147,0.7733,0.2047,1.29,0.55,mixed-rural-urban,0.0,0.1082,0.7544,0.8074,0.8765,0.6097,0.2468,0.1347,59.4,True
NRU,Nauru,Other Pacific Islander,assimilating,3.5,2.8,3.0,2.6,8.0,8.55,0.55,8.58,-0.03,8.55,0.0,8.53,8.57,8.53,8.57,0.04,8.57,0.57,0.02,957,1349,0.0,0.0,0.0,1.25,unspecified,False,0.5,0.48,0.56,0.42,0.454,1.084,1.0,0.78,0.79,0.0,0.0,0.0,0.0,0.0,1.0,0.761,29.195,25.637,65.0,59.4,5.804,14.963,0.251,0.041,0.966,0.875,1.0,1.0,0.0,0.001,0.2176,0.2275,0.0099,0.2275,0.4914,0.1395,1.553,1.555,0.0005,0.2293,8.57,0.57,0.02,1.553,1.555,0.0005,0.2293,0.6982,0.297,0.1147,0.7733,0.2047,1.29,0.55,mixed-rural-urban,0.0,0.1082,0.7544,0.8074,0.8765,0.6097,0.2468,0.1347,59.4,False
NRU,Nauru,Chinese / Asian,immigrant,2.8,2.52,3.0,2.6,4.0,4.07,0.07,3.75,0.32,4.07,0.0,3.98,4.18,3.98,4.18,0.2,4.15,0.15,0.08,479,642,0.0,0.0,0.0,1.25,CHN,True,0.52,0.502,0.58,0.45,0.454,1.013,1.0,0.78,0.784,0.0,0.0,0.0,0.0,0.0,1.0,0.761,29.195,25.637,65.0,59.4,5.804,14.963,0.251,0.041,0.966,0.875,1.0,1.0,0.0,0.001,0.2176,0.2275,0.0099,0.2275,0.4914,0.1395,1.553,1.555,0.0005,0.2293,4.15,0.15,0.08,1.553,1.555,0.0005,0.2293,0.6982,0.297,0.1147,0.7733,0.2047,1.29,0.55,mixed-rural-urban,0.0,0.1082,0.7544,0.8074,0.8765,0.6097,0.2468,0.1347,59.4,False
NZL,New Zealand,European,majority,1.6,1.75,1.6,1.75,59.0,51.88,-7.12,55.5,-3.62,51.92,-0.03,53.17,50.37,50.37,53.17,2.8,51.97,-7.03,0.08,3076226,2986111,0.214,0.0,0.0,1.81,unspecified,False,0.5,0.48,0.56,0.42,0.664,1.3,1.0,0.88,0.996,0.0,1.15,0.0,0.791,0.301,1.0,0.761,16.559,11.349,65.0,64.16,18.441,24.491,0.42,0.197,0.816,0.955,1.3,1.397,0.16,0.0012,0.6027,0.6598,0.057,0.6598,1.8838,0.1014,2.551,2.574,0.0005,0.6591,51.97,-7.03,0.08,2.551,2.574,0.0005,0.6591,0.8349,0.474,0.0851,0.9174,0.1808,2.94,0.833,metropolitan-heavy,0.036,0.0033,0.9564,0.9407,0.9269,0.7713,0.2606,0.5678,64.16,True
NZL,New Zealand,Maori,high_fertility,2.45,2.09,1.6,1.75,15.6,17.66,2.06,18.93,-1.27,17.68,-0.01,17.94,17.3,17.3,17.94,0.65,17.27,1.67,-0.4,813375,1016654,0.214,0.0,0.0,1.81,unspecified,False,0.5,0.48,0.56,0.42,0.664,1.157,1.0,0.88,0.947,0.0,1.15,0.0,0.791,0.301,1.0,0.761,16.559,11.349,65.0,64.16,18.441,24.491,0.42,0.197,0.816,0.955,1.3,1.397,0.16,0.0012,0.6027,0.6598,0.057,0.6598,1.8838,0.1014,2.551,2.574,0.0005,0.6591,17.27,1.67,-0.4,2.551,2.574,0.0005,0.6591,0.8349,0.474,0.0851,0.9174,0.1808,2.94,0.833,metropolitan-heavy,0.036,0.0033,0.9564,0.9407,0.9269,0.7713,0.2606,0.5678,64.16,False
NZL,New Zealand,Asian,immigrant,1.6,1.75,1.6,1.75,13.4,17.73,4.33,12.29,5.44,17.74,-0.01,16.03,19.8,16.03,19.8,3.77,18.15,4.75,0.42,698668,1020352,0.214,0.0,0.0,1.81,unspecified,True,0.5,0.48,0.56,0.42,0.664,1.14,1.0,0.88,0.941,0.0,1.15,0.0,0.791,0.301,1.0,0.761,16.559,11.349,65.0,64.16,18.441,24.491,0.42,0.197,0.816,0.955,1.3,1.397,0.16,0.0012,0.6027,0.6598,0.057,0.6598,1.8838,0.1014,2.551,2.574,0.0005,0.6591,18.15,4.75,0.42,2.551,2.574,0.0005,0.6591,0.8349,0.474,0.0851,0.9174,0.1808,2.94,0.833,metropolitan-heavy,0.036,0.0033,0.9564,0.9407,0.9269,0.7713,0.2606,0.5678,64.16,False
NZL,New Zealand,Pacific peoples,high_fertility,2.45,2.09,1.6,1.75,7.7,8.72,1.02,9.34,-0.62,8.72,-0.01,8.86,8.54,8.54,8.86,0.32,8.52,0.82,-0.2,401474,501810,0.214,0.0,0.0,1.81,unspecified,False,0.5,0.48,0.56,0.42,0.664,1.08,1.0,0.88,0.921,0.0,1.15,0.0,0.791,0.301,1.0,0.761,16.559,11.349,65.0,64.16,18.441,24.491,0.42,0.197,0.816,0.955,1.3,1.397,0.16,0.0012,0.6027,0.6598,0.057,0.6598,1.8838,0.1014,2.551,2.574,0.0005,0.6591,8.52,0.82,-0.2,2.551,2.574,0.0005,0.6591,0.8349,0.474,0.0851,0.9174,0.1808,2.94,0.833,metropolitan-heavy,0.036,0.0033,0.9564,0.9407,0.9269,0.7713,0.2606,0.5678,64.16,False
NZL,New Zealand,MELAA (ME/LatAm/African),immigrant,1.6,1.75,1.6,1.75,1.9,1.96,0.06,1.74,0.22,1.89,0.06,1.9,2.01,1.9,2.01,0.11,2.0,0.1,0.05,99065,112701,0.214,0.0,0.0,1.81,NGA;ETH;GHA;KEN;UGA;TZA;RWA;COD;CIV;CMR;SEN;ZMB;ZWE;MOZ;MWI;AGO;SDN;SOM;ERI;BFA;NER;MLI;GIN;SLE;LBR;BEN;TGO;GMB,True,0.711,0.785,0.574,0.717,0.664,0.948,1.0,0.88,1.013,0.0,1.15,0.0,0.791,0.301,1.0,0.761,16.559,11.349,65.0,64.16,18.441,24.491,0.42,0.197,0.816,0.955,1.3,1.397,0.16,0.0012,0.6027,0.6598,0.057,0.6598,1.8838,0.1014,2.551,2.574,0.0005,0.6591,2.0,0.1,0.05,2.551,2.574,0.0005,0.6591,0.8349,0.474,0.0851,0.9174,0.1808,2.94,0.833,metropolitan-heavy,0.036,0.0033,0.9564,0.9407,0.9269,0.7713,0.2606,0.5678,64.16,False
NZL,New Zealand,Other,assimilating,1.6,1.75,1.6,1.75,2.4,2.04,-0.36,2.19,-0.15,2.05,-0.0,2.1,1.98,1.98,2.1,0.11,2.1,-0.3,0.05,125135,117651,0.214,0.0,0.0,1.81,unspecified,False,0.5,0.48,0.56,0.42,0.664,0.967,1.0,0.88,0.882,0.0,1.15,0.0,0.791,0.301,1.0,0.761,16.559,11.349,65.0,64.16,18.441,24.491,0.42,0.197,0.816,0.955,1.3,1.397,0.16,0.0012,0.6027,0.6598,0.057,0.6598,1.8838,0.1014,2.551,2.574,0.0005,0.6591,2.1,-0.3,0.05,2.551,2.574,0.0005,0.6591,0.8349,0.474,0.0851,0.9174,0.1808,2.94,0.833,metropolitan-heavy,0.036,0.0033,0.9564,0.9407,0.9269,0.7713,0.2606,0.5678,64.16,False
OMN,Oman,Omani,high_fertility,2.75,2.36,2.4,2.22,55.6,57.18,1.58,58.76,-1.58,57.18,0.0,57.57,56.71,56.71,57.57,0.87,56.33,0.73,-0.85,2936537,4475250,0.0,0.0,0.0,1.5,unspecified,False,0.5,0.48,0.56,0.42,0.568,1.3,1.0,0.48,0.85,0.0,1.02,0.0,0.565,0.237,1.0,0.761,20.385,16.56,72.0,66.88,7.615,16.56,0.56,0.428,0.596,0.837,1.1,1.1,0.0,0.001,0.6522,0.6373,-0.0149,0.6373,1.8616,0.0847,2.052,2.163,0.0005,0.6454,56.33,0.73,-0.85,2.052,2.163,0.0005,0.6454,0.8144,0.312,0.1142,0.8505,0.1755,2.76,0.55,mixed-rural-urban,0.0,0.0283,0.9394,0.8192,0.9046,0.7708,0.0855,0.2073,66.88,True
OMN,Oman,Indian,immigrant,2.4,2.22,2.4,2.22,14.8,14.23,-0.57,13.66,0.58,14.23,0.0,14.09,14.4,14.09,14.4,0.31,14.53,-0.27,0.29,781668,1114135,0.0,0.0,0.0,1.5,IND;PAK;BGD;LKA;NPL,True,0.718,0.719,0.752,0.684,0.568,1.151,1.0,0.48,0.932,0.0,1.02,0.0,0.565,0.237,1.0,0.761,20.385,16.56,72.0,66.88,7.615,16.56,0.56,0.428,0.596,0.837,1.1,1.1,0.0,0.001,0.6522,0.6373,-0.0149,0.6373,1.8616,0.0847,2.052,2.163,0.0005,0.6454,14.53,-0.27,0.29,2.052,2.163,0.0005,0.6454,0.8144,0.312,0.1142,0.8505,0.1755,2.76,0.55,mixed-rural-urban,0.0,0.0283,0.9394,0.8192,0.9046,0.7708,0.0855,0.2073,66.88,False
OMN,Oman,Bangladeshi,immigrant,2.4,2.22,2.4,2.22,6.0,5.76,-0.24,5.54,0.23,5.76,0.0,5.71,5.83,5.71,5.83,0.12,5.88,-0.12,0.12,316893,451202,0.0,0.0,0.0,1.5,BGD,True,0.735,0.788,0.68,0.84,0.568,1.054,1.0,0.48,0.908,0.0,1.02,0.0,0.565,0.237,1.0,0.761,20.385,16.56,72.0,66.88,7.615,16.56,0.56,0.428,0.596,0.837,1.1,1.1,0.0,0.001,0.6522,0.6373,-0.0149,0.6373,1.8616,0.0847,2.052,2.163,0.0005,0.6454,5.88,-0.12,0.12,2.052,2.163,0.0005,0.6454,0.8144,0.312,0.1142,0.8505,0.1755,2.76,0.55,mixed-rural-urban,0.0,0.0283,0.9394,0.8192,0.9046,0.7708,0.0855,0.2073,66.88,False
OMN,Oman,Pakistani,immigrant,2.4,2.22,2.4,2.22,5.0,4.81,-0.19,4.61,0.19,4.81,0.0,4.76,4.86,4.76,4.86,0.1,4.91,-0.09,0.1,264077,376198,0.0,0.0,0.0,1.5,PAK,True,0.769,0.814,0.7,0.74,0.568,1.035,1.0,0.48,0.918,0.0,1.02,0.0,0.565,0.237,1.0,0.761,20.385,16.56,72.0,66.88,7.615,16.56,0.56,0.428,0.596,0.837,1.1,1.1,0.0,0.001,0.6522,0.6373,-0.0149,0.6373,1.8616,0.0847,2.052,2.163,0.0005,0.6454,4.91,-0.09,0.1,2.052,2.163,0.0005,0.6454,0.8144,0.312,0.1142,0.8505,0.1755,2.76,0.55,mixed-rural-urban,0.0,0.0283,0.9394,0.8192,0.9046,0.7708,0.0855,0.2073,66.88,False
OMN,Oman,Filipino,immigrant,2.4,2.22,2.4,2.22,3.0,2.88,-0.12,2.77,0.11,2.88,0.0,2.85,2.91,2.85,2.91,0.06,2.94,-0.06,0.06,158446,225156,0.0,0.0,0.0,1.5,PHL,True,0.759,0.718,0.88,0.64,0.568,0.986,1.0,0.48,0.896,0.0,1.02,0.0,0.565,0.237,1.0,0.761,20.385,16.56,72.0,66.88,7.615,16.56,0.56,0.428,0.596,0.837,1.1,1.1,0.0,0.001,0.6522,0.6373,-0.0149,0.6373,1.8616,0.0847,2.052,2.163,0.0005,0.6454,2.94,-0.06,0.06,2.052,2.163,0.0005,0.6454,0.8144,0.312,0.1142,0.8505,0.1755,2.76,0.55,mixed-rural-urban,0.0,0.0283,0.9394,0.8192,0.9046,0.7708,0.0855,0.2073,66.88,False
OMN,Oman,Egyptian,immigrant,2.8,2.38,2.4,2.22,3.0,3.14,0.14,3.03,0.11,3.14,0.0,3.1,3.19,3.1,3.19,0.08,3.17,0.17,0.03,158446,246045,0.0,0.0,0.0,1.5,EGY,True,0.7,0.706,0.72,0.66,0.568,0.986,1.0,0.48,0.869,0.0,1.02,0.0,0.565,0.237,1.0,0.761,20.385,16.56,72.0,66.88,7.615,16.56,0.56,0.428,0.596,0.837,1.1,1.1,0.0,0.001,0.6522,0.6373,-0.0149,0.6373,1.8616,0.0847,2.052,2.163,0.0005,0.6454,3.17,0.17,0.03,2.052,2.163,0.0005,0.6454,0.8144,0.312,0.1142,0.8505,0.1755,2.76,0.55,mixed-rural-urban,0.0,0.0283,0.9394,0.8192,0.9046,0.7708,0.0855,0.2073,66.88,False
OMN,Oman,Sri Lankan,immigrant,2.4,2.22,2.4,2.22,2.0,1.9,-0.1,1.85,0.06,1.9,0.0,1.89,1.92,1.89,1.92,0.03,1.94,-0.06,0.04,105631,148803,0.0,0.0,0.0,1.5,unspecified,True,0.5,0.48,0.56,0.42,0.568,0.952,1.0,0.48,0.77,0.0,1.02,0.0,0.565,0.237,1.0,0.761,20.385,16.56,72.0,66.88,7.615,16.56,0.56,0.428,0.596,0.837,1.1,1.1,0.0,0.001,0.6522,0.6373,-0.0149,0.6373,1.8616,0.0847,2.052,2.163,0.0005,0.6454,1.94,-0.06,0.04,2.052,2.163,0.0005,0.6454,0.8144,0.312,0.1142,0.8505,0.1755,2.76,0.55,mixed-rural-urban,0.0,0.0283,0.9394,0.8192,0.9046,0.7708,0.0855,0.2073,66.88,False
OMN,Oman,Nepali,immigrant,2.4,2.22,2.4,2.22,1.5,1.43,-0.07,1.38,0.04,1.43,0.0,1.42,1.44,1.42,1.44,0.02,1.46,-0.04,0.03,79223,111563,0.0,0.0,0.0,1.5,unspecified,True,0.5,0.48,0.56,0.42,0.568,0.93,1.0,0.48,0.765,0.0,1.02,0.0,0.565,0.237,1.0,0.761,20.385,16.56,72.0,66.88,7.615,16.56,0.56,0.428,0.596,0.837,1.1,1.1,0.0,0.001,0.6522,0.6373,-0.0149,0.6373,1.8616,0.0847,2.052,2.163,0.0005,0.6454,1.46,-0.04,0.03,2.052,2.163,0.0005,0.6454,0.8144,0.312,0.1142,0.8505,0.1755,2.76,0.55,mixed-rural-urban,0.0,0.0283,0.9394,0.8192,0.9046,0.7708,0.0855,0.2073,66.88,False
OMN,Oman,Other foreign,immigrant,2.4,2.22,2.4,2.22,9.1,8.67,-0.43,8.4,0.27,8.67,0.0,8.61,8.75,8.61,8.75,0.14,8.85,-0.25,0.18,480620,678646,0.0,0.0,0.0,1.5,unspecified,True,0.5,0.48,0.56,0.42,0.568,1.098,1.0,0.48,0.804,0.0,1.02,0.0,0.565,0.237,1.0,0.761,20.385,16.56,72.0,66.88,7.615,16.56,0.56,0.428,0.596,0.837,1.1,1.1,0.0,0.001,0.6522,0.6373,-0.0149,0.6373,1.8616,0.0847,2.052,2.163,0.0005,0.6454,8.85,-0.25,0.18,2.052,2.163,0.0005,0.6454,0.8144,0.312,0.1142,0.8505,0.1755,2.76,0.55,mixed-rural-urban,0.0,0.0283,0.9394,0.8192,0.9046,0.7708,0.0855,0.2073,66.88,False
PAK,Pakistan,Punjabi,majority,3.5,2.87,3.5,2.87,44.7,44.16,-0.54,44.16,0.0,44.16,0.0,44.18,44.14,44.14,44.18,0.04,44.19,-0.51,0.03,112317315,164218423,0.0,0.0,0.0,1.25,unspecified,False,0.5,0.48,0.56,0.42,0.454,1.279,1.0,0.78,0.834,0.86,0.0,0.814,0.0,0.0,1.0,0.761,39.433,39.334,57.5,52.22,3.067,8.445,0.251,0.0,1.0,0.807,1.0,1.0,0.0,0.001,0.7414,0.7436,0.0022,0.7436,2.3265,0.2477,2.155,2.288,0.0005,0.7436,44.19,-0.51,0.03,2.155,2.288,0.0005,0.7436,0.4767,0.297,0.201,0.6821,0.2471,3.9,0.55,mixed-rural-urban,0.0,0.1397,0.8258,0.5435,0.7121,0.2845,0.5523,0.0,52.22,True
PAK,Pakistan,Pashtun,high_fertility,3.85,3.01,3.5,2.87,15.4,16.48,1.08,16.48,0.0,16.48,0.0,16.45,16.52,16.45,16.52,0.07,16.39,0.99,-0.09,38695451,61297593,0.0,0.0,0.0,1.25,unspecified,False,0.5,0.48,0.56,0.42,0.454,1.156,1.0,0.78,0.806,0.86,0.0,0.814,0.0,0.0,1.0,0.761,39.433,39.334,57.5,52.22,3.067,8.445,0.251,0.0,1.0,0.807,1.0,1.0,0.0,0.001,0.7414,0.7436,0.0022,0.7436,2.3265,0.2477,2.155,2.288,0.0005,0.7436,16.39,0.99,-0.09,2.155,2.288,0.0005,0.7436,0.4767,0.297,0.201,0.6821,0.2471,3.9,0.55,mixed-rural-urban,0.0,0.1397,0.8258,0.5435,0.7121,0.2845,0.5523,0.0,52.22,False
PAK,Pakistan,Sindhi,majority,3.5,2.87,3.5,2.87,14.1,13.92,-0.18,13.92,0.0,13.92,0.0,13.92,13.91,13.91,13.92,0.01,13.93,-0.17,0.02,35428952,51752596,0.0,0.0,0.0,1.25,unspecified,False,0.5,0.48,0.56,0.42,0.454,1.146,1.0,0.78,0.804,0.86,0.0,0.814,0.0,0.0,1.0,0.761,39.433,39.334,57.5,52.22,3.067,8.445,0.251,0.0,1.0,0.807,1.0,1.0,0.0,0.001,0.7414,0.7436,0.0022,0.7436,2.3265,0.2477,2.155,2.288,0.0005,0.7436,13.93,-0.17,0.02,2.155,2.288,0.0005,0.7436,0.4767,0.297,0.201,0.6821,0.2471,3.9,0.55,mixed-rural-urban,0.0,0.1397,0.8258,0.5435,0.7121,0.2845,0.5523,0.0,52.22,False
PAK,Pakistan,Saraiki,majority,3.5,2.87,3.5,2.87,8.4,8.29,-0.11,8.29,0.0,8.29,0.0,8.29,8.29,8.29,8.29,0.01,8.3,-0.1,0.01,21106609,30831334,0.0,0.0,0.0,1.25,unspecified,False,0.5,0.48,0.56,0.42,0.454,1.089,1.0,0.78,0.792,0.86,0.0,0.814,0.0,0.0,1.0,0.761,39.433,39.334,57.5,52.22,3.067,8.445,0.251,0.0,1.0,0.807,1.0,1.0,0.0,0.001,0.7414,0.7436,0.0022,0.7436,2.3265,0.2477,2.155,2.288,0.0005,0.7436,8.3,-0.1,0.01,2.155,2.288,0.0005,0.7436,0.4767,0.297,0.201,0.6821,0.2471,3.9,0.55,mixed-rural-urban,0.0,0.1397,0.8258,0.5435,0.7121,0.2845,0.5523,0.0,52.22,False
PAK,Pakistan,Muhajir (Urdu-speaking),majority,3.5,2.87,3.5,2.87,7.6,7.5,-0.1,7.5,0.0,7.5,0.0,7.5,7.5,7.5,7.5,0.01,7.51,-0.09,0.01,19096456,27895016,0.0,0.0,0.0,1.25,unspecified,False,0.5,0.48,0.56,0.42,0.454,1.078,1.0,0.78,0.789,0.86,0.0,0.814,0.0,0.0,1.0,0.761,39.433,39.334,57.5,52.22,3.067,8.445,0.251,0.0,1.0,0.807,1.0,1.0,0.0,0.001,0.7414,0.7436,0.0022,0.7436,2.3265,0.2477,2.155,2.288,0.0005,0.7436,7.51,-0.09,0.01,2.155,2.288,0.0005,0.7436,0.4767,0.297,0.201,0.6821,0.2471,3.9,0.55,mixed-rural-urban,0.0,0.1397,0.8258,0.5435,0.7121,0.2845,0.5523,0.0,52.22,False
PAK,Pakistan,Baloch,majority,3.5,2.87,3.5,2.87,3.6,3.55,-0.05,3.55,0.0,3.55,0.0,3.55,3.55,3.55,3.55,0.0,3.56,-0.04,0.0,9045690,13213429,0.0,0.0,0.0,1.25,unspecified,False,0.5,0.48,0.56,0.42,0.454,1.003,1.0,0.78,0.773,0.86,0.0,0.814,0.0,0.0,1.0,0.761,39.433,39.334,57.5,52.22,3.067,8.445,0.251,0.0,1.0,0.807,1.0,1.0,0.0,0.001,0.7414,0.7436,0.0022,0.7436,2.3265,0.2477,2.155,2.288,0.0005,0.7436,3.56,-0.04,0.0,2.155,2.288,0.0005,0.7436,0.4767,0.297,0.201,0.6821,0.2471,3.9,0.55,mixed-rural-urban,0.0,0.1397,0.8258,0.5435,0.7121,0.2845,0.5523,0.0,52.22,False
PAK,Pakistan,Hindko,majority,3.5,2.87,3.5,2.87,2.4,2.37,-0.03,2.37,0.0,2.37,0.0,2.37,2.37,2.37,2.37,0.0,2.37,-0.03,0.0,6030460,8808953,0.0,0.0,0.0,1.25,unspecified,False,0.5,0.48,0.56,0.42,0.454,0.967,1.0,0.78,0.765,0.86,0.0,0.814,0.0,0.0,1.0,0.761,39.433,39.334,57.5,52.22,3.067,8.445,0.251,0.0,1.0,0.807,1.0,1.0,0.0,0.001,0.7414,0.7436,0.0022,0.7436,2.3265,0.2477,2.155,2.288,0.0005,0.7436,2.37,-0.03,0.0,2.155,2.288,0.0005,0.7436,0.4767,0.297,0.201,0.6821,0.2471,3.9,0.55,mixed-rural-urban,0.0,0.1397,0.8258,0.5435,0.7121,0.2845,0.5523,0.0,52.22,False
PAK,Pakistan,Brahui,majority,3.5,2.87,3.5,2.87,1.2,1.18,-0.02,1.18,0.0,1.18,0.0,1.18,1.18,1.18,1.18,0.0,1.19,-0.01,0.0,3015230,4404476,0.0,0.0,0.0,1.25,unspecified,False,0.5,0.48,0.56,0.42,0.454,0.915,1.0,0.78,0.753,0.86,0.0,0.814,0.0,0.0,1.0,0.761,39.433,39.334,57.5,52.22,3.067,8.445,0.251,0.0,1.0,0.807,1.0,1.0,0.0,0.001,0.7414,0.7436,0.0022,0.7436,2.3265,0.2477,2.155,2.288,0.0005,0.7436,1.19,-0.01,0.0,2.155,2.288,0.0005,0.7436,0.4767,0.297,0.201,0.6821,0.2471,3.9,0.55,mixed-rural-urban,0.0,0.1397,0.8258,0.5435,0.7121,0.2845,0.5523,0.0,52.22,False
PAK,Pakistan,Pahari-Potwari,majority,3.5,2.87,3.5,2.87,1.0,0.99,-0.01,0.99,0.0,0.99,0.0,0.99,0.99,0.99,0.99,0.0,0.99,-0.01,0.0,2512692,3670397,0.0,0.0,0.0,1.25,unspecified,False,0.5,0.48,0.56,0.42,0.454,0.903,1.0,0.78,0.75,0.86,0.0,0.814,0.0,0.0,1.0,0.761,39.433,39.334,57.5,52.22,3.067,8.445,0.251,0.0,1.0,0.807,1.0,1.0,0.0,0.001,0.7414,0.7436,0.0022,0.7436,2.3265,0.2477,2.155,2.288,0.0005,0.7436,0.99,-0.01,0.0,2.155,2.288,0.0005,0.7436,0.4767,0.297,0.201,0.6821,0.2471,3.9,0.55,mixed-rural-urban,0.0,0.1397,0.8258,0.5435,0.7121,0.2845,0.5523,0.0,52.22,False
PAK,Pakistan,Other,assimilating,3.5,2.87,3.5,2.87,1.6,1.55,-0.05,1.55,0.0,1.55,0.0,1.55,1.55,1.55,1.55,0.0,1.58,-0.02,0.02,4020307,5771582,0.0,0.0,0.0,1.25,unspecified,False,0.5,0.48,0.56,0.42,0.454,0.935,1.0,0.78,0.757,0.86,0.0,0.814,0.0,0.0,1.0,0.761,39.433,39.334,57.5,52.22,3.067,8.445,0.251,0.0,1.0,0.807,1.0,1.0,0.0,0.001,0.7414,0.7436,0.0022,0.7436,2.3265,0.2477,2.155,2.288,0.0005,0.7436,1.58,-0.02,0.02,2.155,2.288,0.0005,0.7436,0.4767,0.297,0.201,0.6821,0.2471,3.9,0.55,mixed-rural-urban,0.0,0.1397,0.8258,0.5435,0.7121,0.2845,0.5523,0.0,52.22,False
PAN,Panama,Mestizo,majority,2.1,2.1,2.1,2.1,60.0,58.91,-1.09,58.95,-0.04,58.91,0.0,58.97,58.85,58.85,58.97,0.12,59.02,-0.98,0.11,2709346,3317081,0.0,0.0,0.0,1.25,unspecified,False,0.5,0.48,0.56,0.42,0.454,1.3,1.0,0.78,0.839,0.0,0.0,0.0,0.0,0.0,1.0,0.761,23.681,17.101,68.0,61.36,8.319,21.539,0.251,0.008,0.997,0.88,1.0,1.0,0.0,0.001,0.605,0.6126,0.0076,0.6126,1.7374,0.1284,1.998,2.097,0.0005,0.6121,59.02,-0.98,0.11,1.998,2.097,0.0005,0.6121,0.7267,0.297,0.1143,0.7975,0.1902,2.58,0.55,mixed-rural-urban,0.0,0.0435,0.9422,0.8036,0.9078,0.6691,0.263,0.4336,61.36,True
PAN,Panama,Indigenous (Ngabe/Guna),high_fertility,2.95,2.44,2.1,2.1,12.3,15.06,2.76,15.07,-0.01,15.06,0.0,14.95,15.16,14.95,15.16,0.21,14.72,2.42,-0.34,555416,847809,0.0,0.0,0.0,1.25,unspecified,False,0.5,0.48,0.56,0.42,0.454,1.131,1.0,0.78,0.801,0.0,0.0,0.0,0.0,0.0,1.0,0.761,23.681,17.101,68.0,61.36,8.319,21.539,0.251,0.008,0.997,0.88,1.0,1.0,0.0,0.001,0.605,0.6126,0.0076,0.6126,1.7374,0.1284,1.998,2.097,0.0005,0.6121,14.72,2.42,-0.34,1.998,2.097,0.0005,0.6121,0.7267,0.297,0.1143,0.7975,0.1902,2.58,0.55,mixed-rural-urban,0.0,0.0435,0.9422,0.8036,0.9078,0.6691,0.263,0.4336,61.36,False
PAN,Panama,West Indian (Antillean),majority,2.1,2.1,2.1,2.1,9.2,9.02,-0.18,9.03,-0.01,9.02,0.0,9.03,9.01,9.01,9.03,0.02,9.04,-0.16,0.02,415433,508041,0.0,0.0,0.0,1.25,IND;PAK;BGD;LKA;NPL,False,0.718,0.719,0.752,0.684,0.454,1.099,1.0,0.78,0.9,0.0,0.0,0.0,0.0,0.0,1.0,0.761,23.681,17.101,68.0,61.36,8.319,21.539,0.251,0.008,0.997,0.88,1.0,1.0,0.0,0.001,0.605,0.6126,0.0076,0.6126,1.7374,0.1284,1.998,2.097,0.0005,0.6121,9.04,-0.16,0.02,1.998,2.097,0.0005,0.6121,0.7267,0.297,0.1143,0.7975,0.1902,2.58,0.55,mixed-rural-urban,0.0,0.0435,0.9422,0.8036,0.9078,0.6691,0.263,0.4336,61.36,False
PAN,Panama,White,low_fertility,1.5,1.86,2.1,2.1,6.7,5.4,-1.3,5.41,-0.0,5.4,0.0,5.45,5.35,5.35,5.45,0.1,5.55,-1.15,0.15,302544,304147,0.0,0.0,0.0,1.25,unspecified,False,0.5,0.48,0.56,0.42,0.454,1.065,1.0,0.78,0.786,0.0,0.0,0.0,0.0,0.0,1.0,0.761,23.681,17.101,68.0,61.36,8.319,21.539,0.251,0.008,0.997,0.88,1.0,1.0,0.0,0.001,0.605,0.6126,0.0076,0.6126,1.7374,0.1284,1.998,2.097,0.0005,0.6121,5.55,-1.15,0.15,1.998,2.097,0.0005,0.6121,0.7267,0.297,0.1143,0.7975,0.1902,2.58,0.55,mixed-rural-urban,0.0,0.0435,0.9422,0.8036,0.9078,0.6691,0.263,0.4336,61.36,False
PAN,Panama,Mulatto/Afro-Panamanian,majority,2.1,2.1,2.1,2.1,8.0,7.85,-0.15,7.85,-0.01,7.85,0.0,7.85,7.84,7.84,7.85,0.02,7.86,-0.14,0.02,361246,441775,0.0,0.0,0.0,1.25,unspecified,False,0.5,0.48,0.56,0.42,0.454,1.084,1.0,0.78,0.79,0.0,0.0,0.0,0.0,0.0,1.0,0.761,23.681,17.101,68.0,61.36,8.319,21.539,0.251,0.008,0.997,0.88,1.0,1.0,0.0,0.001,0.605,0.6126,0.0076,0.6126,1.7374,0.1284,1.998,2.097,0.0005,0.6121,7.86,-0.14,0.02,1.998,2.097,0.0005,0.6121,0.7267,0.297,0.1143,0.7975,0.1902,2.58,0.55,mixed-rural-urban,0.0,0.0435,0.9422,0.8036,0.9078,0.6691,0.263,0.4336,61.36,False
PAN,Panama,Chinese-Panamanian,majority,2.1,2.1,2.1,2.1,1.2,1.18,-0.02,1.18,-0.0,1.18,0.0,1.18,1.18,1.18,1.18,0.0,1.18,-0.02,0.0,54187,66266,0.0,0.0,0.0,1.25,CHN,False,0.52,0.502,0.58,0.45,0.454,0.915,1.0,0.78,0.761,0.0,0.0,0.0,0.0,0.0,1.0,0.761,23.681,17.101,68.0,61.36,8.319,21.539,0.251,0.008,0.997,0.88,1.0,1.0,0.0,0.001,0.605,0.6126,0.0076,0.6126,1.7374,0.1284,1.998,2.097,0.0005,0.6121,1.18,-0.02,0.0,1.998,2.097,0.0005,0.6121,0.7267,0.297,0.1143,0.7975,0.1902,2.58,0.55,mixed-rural-urban,0.0,0.0435,0.9422,0.8036,0.9078,0.6691,0.263,0.4336,61.36,False
PAN,Panama,Venezuelan migrant,immigrant,2.1,2.1,2.1,2.1,0.8,0.85,0.05,0.78,0.07,0.85,0.0,0.83,0.87,0.83,0.87,0.05,0.86,0.06,0.01,36125,47708,0.0,0.0,0.0,1.25,VEN,True,0.636,0.596,0.78,0.64,0.454,0.891,1.0,0.78,0.802,0.0,0.0,0.0,0.0,0.0,1.0,0.761,23.681,17.101,68.0,61.36,8.319,21.539,0.251,0.008,0.997,0.88,1.0,1.0,0.0,0.001,0.605,0.6126,0.0076,0.6126,1.7374,0.1284,1.998,2.097,0.0005,0.6121,0.86,0.06,0.01,1.998,2.097,0.0005,0.6121,0.7267,0.297,0.1143,0.7975,0.1902,2.58,0.55,mixed-rural-urban,0.0,0.0435,0.9422,0.8036,0.9078,0.6691,0.263,0.4336,61.36,False
PAN,Panama,Other,assimilating,2.1,2.1,2.1,2.1,1.8,1.74,-0.06,1.74,-0.0,1.74,0.0,1.74,1.74,1.74,1.74,0.0,1.77,-0.03,0.03,81280,97856,0.0,0.0,0.0,1.25,unspecified,False,0.5,0.48,0.56,0.42,0.454,0.944,1.0,0.78,0.759,0.0,0.0,0.0,0.0,0.0,1.0,0.761,23.681,17.101,68.0,61.36,8.319,21.539,0.251,0.008,0.997,0.88,1.0,1.0,0.0,0.001,0.605,0.6126,0.0076,0.6126,1.7374,0.1284,1.998,2.097,0.0005,0.6121,1.77,-0.03,0.03,1.998,2.097,0.0005,0.6121,0.7267,0.297,0.1143,0.7975,0.1902,2.58,0.55,mixed-rural-urban,0.0,0.0435,0.9422,0.8036,0.9078,0.6691,0.263,0.4336,61.36,False
PER,Peru,Mestizo,majority,2.0,2.03,2.0,2.03,60.2,58.65,-1.55,58.65,0.0,58.65,0.0,58.71,58.59,58.59,58.71,0.11,58.77,-1.43,0.12,20599146,23802955,0.043,0.0,0.0,1.317,unspecified,False,0.5,0.48,0.56,0.42,0.468,1.3,1.0,0.78,0.848,0.0,0.0,0.0,0.0,0.0,1.0,0.761,23.259,15.917,67.5,60.7,9.241,23.383,0.251,0.0,1.0,0.861,1.0,1.015,0.0,0.001,0.5992,0.6122,0.013,0.6122,1.7301,0.1309,2.044,2.089,0.0005,0.6114,58.77,-1.43,0.12,2.044,2.089,0.0005,0.6114,0.7232,0.3412,0.0913,0.8012,0.1959,2.58,0.646,urbanizing-majority,0.015,0.0395,0.9142,0.8061,0.7858,0.6708,0.3059,0.5174,60.7,True
PER,Peru,Quechua,high_fertility,2.35,2.17,2.0,2.03,16.5,18.01,1.51,18.01,0.0,18.01,0.0,17.97,18.06,17.97,18.06,0.1,17.86,1.36,-0.15,5645945,7311042,0.043,0.0,0.0,1.317,unspecified,False,0.5,0.48,0.56,0.42,0.468,1.163,1.0,0.78,0.816,0.0,0.0,0.0,0.0,0.0,1.0,0.761,23.259,15.917,67.5,60.7,9.241,23.383,0.251,0.0,1.0,0.861,1.0,1.015,0.0,0.001,0.5992,0.6122,0.013,0.6122,1.7301,0.1309,2.044,2.089,0.0005,0.6114,17.86,1.36,-0.15,2.044,2.089,0.0005,0.6114,0.7232,0.3412,0.0913,0.8012,0.1959,2.58,0.646,urbanizing-majority,0.015,0.0395,0.9142,0.8061,0.7858,0.6708,0.3059,0.5174,60.7,False
PER,Peru,Aymara,high_fertility,2.35,2.17,2.0,2.03,4.0,4.37,0.37,4.37,0.0,4.37,0.0,4.36,4.38,4.36,4.38,0.02,4.33,0.33,-0.04,1368714,1772374,0.043,0.0,0.0,1.317,unspecified,False,0.5,0.48,0.56,0.42,0.468,1.013,1.0,0.78,0.782,0.0,0.0,0.0,0.0,0.0,1.0,0.761,23.259,15.917,67.5,60.7,9.241,23.383,0.251,0.0,1.0,0.861,1.0,1.015,0.0,0.001,0.5992,0.6122,0.013,0.6122,1.7301,0.1309,2.044,2.089,0.0005,0.6114,4.33,0.33,-0.04,2.044,2.089,0.0005,0.6114,0.7232,0.3412,0.0913,0.8012,0.1959,2.58,0.646,urbanizing-majority,0.015,0.0395,0.9142,0.8061,0.7858,0.6708,0.3059,0.5174,60.7,False
PER,Peru,Other Amerindian (Amazonian),high_fertility,2.85,2.37,2.0,2.03,5.3,6.49,1.19,6.49,0.0,6.49,0.0,6.44,6.54,6.44,6.54,0.09,6.35,1.05,-0.15,1813546,2634263,0.043,0.0,0.0,1.317,IND;PAK;BGD;LKA;NPL,False,0.718,0.719,0.752,0.684,0.468,1.041,1.0,0.78,0.893,0.0,0.0,0.0,0.0,0.0,1.0,0.761,23.259,15.917,67.5,60.7,9.241,23.383,0.251,0.0,1.0,0.861,1.0,1.015,0.0,0.001,0.5992,0.6122,0.013,0.6122,1.7301,0.1309,2.044,2.089,0.0005,0.6114,6.35,1.05,-0.15,2.044,2.089,0.0005,0.6114,0.7232,0.3412,0.0913,0.8012,0.1959,2.58,0.646,urbanizing-majority,0.015,0.0395,0.9142,0.8061,0.7858,0.6708,0.3059,0.5174,60.7,False
PER,Peru,White,low_fertility,1.4,1.79,2.0,2.03,5.9,4.67,-1.23,4.67,0.0,4.67,0.0,4.71,4.62,4.62,4.71,0.09,4.8,-1.1,0.13,2018853,1894277,0.043,0.0,0.0,1.317,unspecified,False,0.5,0.48,0.56,0.42,0.468,1.052,1.0,0.78,0.791,0.0,0.0,0.0,0.0,0.0,1.0,0.761,23.259,15.917,67.5,60.7,9.241,23.383,0.251,0.0,1.0,0.861,1.0,1.015,0.0,0.001,0.5992,0.6122,0.013,0.6122,1.7301,0.1309,2.044,2.089,0.0005,0.6114,4.8,-1.1,0.13,2.044,2.089,0.0005,0.6114,0.7232,0.3412,0.0913,0.8012,0.1959,2.58,0.646,urbanizing-majority,0.015,0.0395,0.9142,0.8061,0.7858,0.6708,0.3059,0.5174,60.7,False
PER,Peru,Afro-Peruvian,majority,2.0,2.03,2.0,2.03,3.6,3.5,-0.1,3.5,0.0,3.5,0.0,3.5,3.5,3.5,3.5,0.01,3.51,-0.09,0.01,1231843,1420686,0.043,0.0,0.0,1.317,unspecified,False,0.5,0.48,0.56,0.42,0.468,1.003,1.0,0.78,0.78,0.0,0.0,0.0,0.0,0.0,1.0,0.761,23.259,15.917,67.5,60.7,9.241,23.383,0.251,0.0,1.0,0.861,1.0,1.015,0.0,0.001,0.5992,0.6122,0.013,0.6122,1.7301,0.1309,2.044,2.089,0.0005,0.6114,3.51,-0.09,0.01,2.044,2.089,0.0005,0.6114,0.7232,0.3412,0.0913,0.8012,0.1959,2.58,0.646,urbanizing-majority,0.015,0.0395,0.9142,0.8061,0.7858,0.6708,0.3059,0.5174,60.7,False
PER,Peru,Other,assimilating,2.0,2.03,2.0,2.03,4.5,4.31,-0.19,4.31,0.0,4.31,0.0,4.31,4.3,4.3,4.31,0.01,4.38,-0.12,0.08,1539803,1748280,0.043,0.0,0.0,1.317,unspecified,False,0.5,0.48,0.56,0.42,0.468,1.025,1.0,0.78,0.785,0.0,0.0,0.0,0.0,0.0,1.0,0.761,23.259,15.917,67.5,60.7,9.241,23.383,0.251,0.0,1.0,0.861,1.0,1.015,0.0,0.001,0.5992,0.6122,0.013,0.6122,1.7301,0.1309,2.044,2.089,0.0005,0.6114,4.38,-0.12,0.08,2.044,2.089,0.0005,0.6114,0.7232,0.3412,0.0913,0.8012,0.1959,2.58,0.646,urbanizing-majority,0.015,0.0395,0.9142,0.8061,0.7858,0.6708,0.3059,0.5174,60.7,False
PHL,Philippines,Tagalog,majority,2.8,2.38,2.8,2.38,28.1,28.42,0.32,28.42,0.0,28.42,0.0,28.43,28.41,28.41,28.43,0.03,28.08,-0.02,-0.34,32552069,38188563,0.0,0.0,0.0,1.25,unspecified,False,0.5,0.48,0.56,0.42,0.454,1.224,1.0,0.78,0.822,0.72,0.0,0.718,0.0,0.0,1.0,0.761,29.767,26.953,65.0,59.56,5.233,13.488,0.251,0.0,1.0,0.87,1.0,1.0,0.0,0.0012,0.8289,0.8304,0.0015,0.8304,2.7939,0.1306,2.291,2.41,0.0005,0.8306,28.08,-0.02,-0.34,2.291,2.41,0.0005,0.8306,0.7255,0.3123,0.1493,0.8143,0.1698,5.9,0.614,urbanizing-majority,0.0,0.121,0.8713,0.8351,0.8174,0.6103,0.2392,0.0676,59.56,True
PHL,Philippines,Cebuano,majority,2.8,2.38,2.8,2.38,13.1,12.92,-0.18,12.92,0.0,12.92,0.0,12.93,12.92,12.92,12.93,0.01,12.94,-0.16,0.02,15175520,17365119,0.0,0.0,0.0,1.25,unspecified,False,0.5,0.48,0.56,0.42,0.454,1.138,1.0,0.78,0.802,0.72,0.0,0.718,0.0,0.0,1.0,0.761,29.767,26.953,65.0,59.56,5.233,13.488,0.251,0.0,1.0,0.87,1.0,1.0,0.0,0.0012,0.8289,0.8304,0.0015,0.8304,2.7939,0.1306,2.291,2.41,0.0005,0.8306,12.94,-0.16,0.02,2.291,2.41,0.0005,0.8306,0.7255,0.3123,0.1493,0.8143,0.1698,5.9,0.614,urbanizing-majority,0.0,0.121,0.8713,0.8351,0.8174,0.6103,0.2392,0.0676,59.56,False
PHL,Philippines,Ilocano,majority,2.8,2.38,2.8,2.38,9.0,8.88,-0.12,8.88,0.0,8.88,0.0,8.88,8.87,8.87,8.88,0.01,8.89,-0.11,0.01,10425930,11930234,0.0,0.0,0.0,1.25,unspecified,False,0.5,0.48,0.56,0.42,0.454,1.096,1.0,0.78,0.793,0.72,0.0,0.718,0.0,0.0,1.0,0.761,29.767,26.953,65.0,59.56,5.233,13.488,0.251,0.0,1.0,0.87,1.0,1.0,0.0,0.0012,0.8289,0.8304,0.0015,0.8304,2.7939,0.1306,2.291,2.41,0.0005,0.8306,8.89,-0.11,0.01,2.291,2.41,0.0005,0.8306,0.7255,0.3123,0.1493,0.8143,0.1698,5.9,0.614,urbanizing-majority,0.0,0.121,0.8713,0.8351,0.8174,0.6103,0.2392,0.0676,59.56,False
PHL,Philippines,Hiligaynon (Ilonggo),majority,2.8,2.38,2.8,2.38,7.6,7.5,-0.1,7.5,0.0,7.5,0.0,7.5,7.49,7.49,7.5,0.01,7.51,-0.09,0.01,8804118,10074420,0.0,0.0,0.0,1.25,unspecified,False,0.5,0.48,0.56,0.42,0.454,1.078,1.0,0.78,0.789,0.72,0.0,0.718,0.0,0.0,1.0,0.761,29.767,26.953,65.0,59.56,5.233,13.488,0.251,0.0,1.0,0.87,1.0,1.0,0.0,0.0012,0.8289,0.8304,0.0015,0.8304,2.7939,0.1306,2.291,2.41,0.0005,0.8306,7.51,-0.09,0.01,2.291,2.41,0.0005,0.8306,0.7255,0.3123,0.1493,0.8143,0.1698,5.9,0.614,urbanizing-majority,0.0,0.121,0.8713,0.8351,0.8174,0.6103,0.2392,0.0676,59.56,False
PHL,Philippines,Bicolano,majority,2.8,2.38,2.8,2.38,6.0,5.92,-0.08,5.92,0.0,5.92,0.0,5.92,5.92,5.92,5.92,0.01,5.93,-0.07,0.01,6950620,7953489,0.0,0.0,0.0,1.25,unspecified,False,0.5,0.48,0.56,0.42,0.454,1.054,1.0,0.78,0.784,0.72,0.0,0.718,0.0,0.0,1.0,0.761,29.767,26.953,65.0,59.56,5.233,13.488,0.251,0.0,1.0,0.87,1.0,1.0,0.0,0.0012,0.8289,0.8304,0.0015,0.8304,2.7939,0.1306,2.291,2.41,0.0005,0.8306,5.93,-0.07,0.01,2.291,2.41,0.0005,0.8306,0.7255,0.3123,0.1493,0.8143,0.1698,5.9,0.614,urbanizing-majority,0.0,0.121,0.8713,0.8351,0.8174,0.6103,0.2392,0.0676,59.56,False
PHL,Philippines,Waray,majority,2.8,2.38,2.8,2.38,3.4,3.35,-0.05,3.35,0.0,3.35,0.0,3.36,3.35,3.35,3.36,0.0,3.36,-0.04,0.0,3938685,4506977,0.0,0.0,0.0,1.25,unspecified,False,0.5,0.48,0.56,0.42,0.454,0.998,1.0,0.78,0.771,0.72,0.0,0.718,0.0,0.0,1.0,0.761,29.767,26.953,65.0,59.56,5.233,13.488,0.251,0.0,1.0,0.87,1.0,1.0,0.0,0.0012,0.8289,0.8304,0.0015,0.8304,2.7939,0.1306,2.291,2.41,0.0005,0.8306,3.36,-0.04,0.0,2.291,2.41,0.0005,0.8306,0.7255,0.3123,0.1493,0.8143,0.1698,5.9,0.614,urbanizing-majority,0.0,0.121,0.8713,0.8351,0.8174,0.6103,0.2392,0.0676,59.56,False
PHL,Philippines,Kapampangan,majority,2.8,2.38,2.8,2.38,3.4,3.35,-0.05,3.35,0.0,3.35,0.0,3.36,3.35,3.35,3.36,0.0,3.36,-0.04,0.0,3938685,4506977,0.0,0.0,0.0,1.25,unspecified,False,0.5,0.48,0.56,0.42,0.454,0.998,1.0,0.78,0.771,0.72,0.0,0.718,0.0,0.0,1.0,0.761,29.767,26.953,65.0,59.56,5.233,13.488,0.251,0.0,1.0,0.87,1.0,1.0,0.0,0.0012,0.8289,0.8304,0.0015,0.8304,2.7939,0.1306,2.291,2.41,0.0005,0.8306,3.36,-0.04,0.0,2.291,2.41,0.0005,0.8306,0.7255,0.3123,0.1493,0.8143,0.1698,5.9,0.614,urbanizing-majority,0.0,0.121,0.8713,0.8351,0.8174,0.6103,0.2392,0.0676,59.56,False
PHL,Philippines,Pangasinan,majority,2.8,2.38,2.8,2.38,1.5,1.48,-0.02,1.48,0.0,1.48,0.0,1.48,1.48,1.48,1.48,0.0,1.48,-0.02,0.0,1737655,1988372,0.0,0.0,0.0,1.25,unspecified,False,0.5,0.48,0.56,0.42,0.454,0.93,1.0,0.78,0.756,0.72,0.0,0.718,0.0,0.0,1.0,0.761,29.767,26.953,65.0,59.56,5.233,13.488,0.251,0.0,1.0,0.87,1.0,1.0,0.0,0.0012,0.8289,0.8304,0.0015,0.8304,2.7939,0.1306,2.291,2.41,0.0005,0.8306,1.48,-0.02,0.0,2.291,2.41,0.0005,0.8306,0.7255,0.3123,0.1493,0.8143,0.1698,5.9,0.614,urbanizing-majority,0.0,0.121,0.8713,0.8351,0.8174,0.6103,0.2392,0.0676,59.56,False
PHL,Philippines,Muslim (Moro/Bangsamoro),high_fertility,3.75,2.76,2.8,2.38,5.0,6.05,1.05,6.05,0.0,6.05,0.0,6.01,6.09,6.01,6.09,0.08,5.92,0.92,-0.13,5792183,8130035,0.0,0.0,0.0,1.25,unspecified,False,0.5,0.48,0.56,0.42,0.454,1.035,1.0,0.78,0.78,0.72,0.0,0.718,0.0,0.0,1.0,0.761,29.767,26.953,65.0,59.56,5.233,13.488,0.251,0.0,1.0,0.87,1.0,1.0,0.0,0.0012,0.8289,0.8304,0.0015,0.8304,2.7939,0.1306,2.291,2.41,0.0005,0.8306,5.92,0.92,-0.13,2.291,2.41,0.0005,0.8306,0.7255,0.3123,0.1493,0.8143,0.1698,5.9,0.614,urbanizing-majority,0.0,0.121,0.8713,0.8351,0.8174,0.6103,0.2392,0.0676,59.56,False
PHL,Philippines,Other,assimilating,2.8,2.38,2.8,2.38,22.9,22.12,-0.78,22.12,0.0,22.12,0.0,22.13,22.11,22.11,22.13,0.02,22.54,-0.36,0.41,26528199,29729245,0.0,0.0,0.0,1.25,unspecified,False,0.5,0.48,0.56,0.42,0.454,1.201,1.0,0.78,0.817,0.72,0.0,0.718,0.0,0.0,1.0,0.761,29.767,26.953,65.0,59.56,5.233,13.488,0.251,0.0,1.0,0.87,1.0,1.0,0.0,0.0012,0.8289,0.8304,0.0015,0.8304,2.7939,0.1306,2.291,2.41,0.0005,0.8306,22.54,-0.36,0.41,2.291,2.41,0.0005,0.8306,0.7255,0.3123,0.1493,0.8143,0.1698,5.9,0.614,urbanizing-majority,0.0,0.121,0.8713,0.8351,0.8174,0.6103,0.2392,0.0676,59.56,False
PLW,Palau,Palauan,majority,1.7,1.82,1.7,1.82,66.3,66.46,0.16,67.08,-0.62,66.46,0.0,66.64,66.25,66.25,66.64,0.39,65.95,-0.35,-0.51,11748,10326,0.373,0.0,0.0,1.833,unspecified,False,0.5,0.48,0.56,0.42,0.581,1.3,1.0,0.78,0.919,0.0,0.0,0.0,0.0,0.0,1.0,0.761,23.394,18.1,68.0,63.8,8.606,18.1,0.251,0.335,0.22,0.884,1.0,1.131,0.0,0.001,0.5176,0.5154,-0.0022,0.5154,1.3206,0.1467,1.898,1.975,0.0005,0.5209,65.95,-0.35,-0.51,1.898,1.975,0.0005,0.5209,0.7899,0.445,0.1984,0.8246,0.2205,2.06,0.55,mixed-rural-urban,0.168,0.0665,0.8226,0.9091,0.8286,0.7596,0.1622,0.2773,63.8,True
PLW,Palau,Filipino,immigrant,1.7,1.82,1.7,1.82,12.6,12.72,0.12,12.44,0.27,12.72,0.0,12.63,12.81,12.63,12.81,0.18,12.89,0.29,0.18,2233,1976,0.373,0.0,0.0,1.833,PHL,True,0.759,0.718,0.88,0.64,0.581,1.133,1.0,0.78,1.039,0.0,0.0,0.0,0.0,0.0,1.0,0.761,23.394,18.1,68.0,63.8,8.606,18.1,0.251,0.335,0.22,0.884,1.0,1.131,0.0,0.001,0.5176,0.5154,-0.0022,0.5154,1.3206,0.1467,1.898,1.975,0.0005,0.5209,12.89,0.29,0.18,1.898,1.975,0.0005,0.5209,0.7899,0.445,0.1984,0.8246,0.2205,2.06,0.55,mixed-rural-urban,0.168,0.0665,0.8226,0.9091,0.8286,0.7596,0.1622,0.2773,63.8,False
PLW,Palau,Chinese,immigrant,1.5,1.74,1.7,1.82,5.7,5.36,-0.34,5.27,0.09,5.36,0.0,5.34,5.37,5.34,5.37,0.03,5.48,-0.22,0.12,1010,832,0.373,0.0,0.0,1.833,CHN,True,0.52,0.502,0.58,0.45,0.581,1.048,1.0,0.78,0.86,0.0,0.0,0.0,0.0,0.0,1.0,0.761,23.394,18.1,68.0,63.8,8.606,18.1,0.251,0.335,0.22,0.884,1.0,1.131,0.0,0.001,0.5176,0.5154,-0.0022,0.5154,1.3206,0.1467,1.898,1.975,0.0005,0.5209,5.48,-0.22,0.12,1.898,1.975,0.0005,0.5209,0.7899,0.445,0.1984,0.8246,0.2205,2.06,0.55,mixed-rural-urban,0.168,0.0665,0.8226,0.9091,0.8286,0.7596,0.1622,0.2773,63.8,False
PLW,Palau,Other,immigrant,1.7,1.82,1.7,1.82,15.4,15.47,0.07,15.21,0.26,15.47,0.0,15.39,15.57,15.39,15.57,0.18,15.69,0.29,0.21,2729,2404,0.373,0.0,0.0,1.833,unspecified,True,0.5,0.48,0.56,0.42,0.581,1.156,1.0,0.78,0.878,0.0,0.0,0.0,0.0,0.0,1.0,0.761,23.394,18.1,68.0,63.8,8.606,18.1,0.251,0.335,0.22,0.884,1.0,1.131,0.0,0.001,0.5176,0.5154,-0.0022,0.5154,1.3206,0.1467,1.898,1.975,0.0005,0.5209,15.69,0.29,0.21,1.898,1.975,0.0005,0.5209,0.7899,0.445,0.1984,0.8246,0.2205,2.06,0.55,mixed-rural-urban,0.168,0.0665,0.8226,0.9091,0.8286,0.7596,0.1622,0.2773,63.8,False
PNG,Papua New Guinea,Papuan / Melanesian (highlands),majority,3.2,2.71,3.2,2.71,48.0,47.93,-0.07,48.18,-0.25,47.93,0.0,48.01,47.84,47.84,48.01,0.17,47.81,-0.19,-0.12,5076724,7145364,0.0,0.0,0.0,1.25,unspecified,False,0.5,0.48,0.56,0.42,0.454,1.287,1.0,0.78,0.836,0.0,0.0,0.0,0.0,0.0,1.0,0.761,33.912,33.358,62.5,57.62,3.588,9.022,0.251,0.073,0.914,0.808,1.0,1.0,0.0,0.001,0.6311,0.6329,0.0018,0.6329,1.6894,0.1874,2.028,2.134,0.0005,0.6339,47.81,-0.19,-0.12,2.028,2.134,0.0005,0.6339,0.575,0.297,0.1147,0.7024,0.2491,2.72,0.55,mixed-rural-urban,0.0,0.1071,0.7991,0.609,0.6549,0.4469,0.3478,0.0,57.62,True
PNG,Papua New Guinea,Papuan / Melanesian (coastal & islands),majority,3.2,2.71,3.2,2.71,36.0,35.79,-0.21,35.98,-0.19,35.79,0.0,35.85,35.72,35.72,35.85,0.13,35.79,-0.21,-0.0,3807543,5334730,0.0,0.0,0.0,1.25,unspecified,False,0.5,0.48,0.56,0.42,0.454,1.253,1.0,0.78,0.828,0.0,0.0,0.0,0.0,0.0,1.0,0.761,33.912,33.358,62.5,57.62,3.588,9.022,0.251,0.073,0.914,0.808,1.0,1.0,0.0,0.001,0.6311,0.6329,0.0018,0.6329,1.6894,0.1874,2.028,2.134,0.0005,0.6339,35.79,-0.21,-0.0,2.028,2.134,0.0005,0.6339,0.575,0.297,0.1147,0.7024,0.2491,2.72,0.55,mixed-rural-urban,0.0,0.1071,0.7991,0.609,0.6549,0.4469,0.3478,0.0,57.62,False
PNG,Papua New Guinea,Polynesian (Bougainville/outer islands),majority,3.2,2.71,3.2,2.71,6.0,5.96,-0.04,6.0,-0.03,5.96,0.0,5.97,5.95,5.95,5.97,0.02,5.96,-0.04,-0.0,634591,889122,0.0,0.0,0.0,1.25,unspecified,False,0.5,0.48,0.56,0.42,0.454,1.054,1.0,0.78,0.784,0.0,0.0,0.0,0.0,0.0,1.0,0.761,33.912,33.358,62.5,57.62,3.588,9.022,0.251,0.073,0.914,0.808,1.0,1.0,0.0,0.001,0.6311,0.6329,0.0018,0.6329,1.6894,0.1874,2.028,2.134,0.0005,0.6339,5.96,-0.04,-0.0,2.028,2.134,0.0005,0.6339,0.575,0.297,0.1147,0.7024,0.2491,2.72,0.55,mixed-rural-urban,0.0,0.1071,0.7991,0.609,0.6549,0.4469,0.3478,0.0,57.62,False
PNG,Papua New Guinea,Chinese,immigrant,3.0,2.63,3.2,2.71,0.2,0.2,0.0,0.19,0.01,0.2,0.0,0.2,0.21,0.2,0.21,0.01,0.2,0.0,0.0,21153,29964,0.0,0.0,0.0,1.25,CHN,True,0.52,0.502,0.58,0.45,0.454,0.842,1.0,0.78,0.745,0.0,0.0,0.0,0.0,0.0,1.0,0.761,33.912,33.358,62.5,57.62,3.588,9.022,0.251,0.073,0.914,0.808,1.0,1.0,0.0,0.001,0.6311,0.6329,0.0018,0.6329,1.6894,0.1874,2.028,2.134,0.0005,0.6339,0.2,0.0,0.0,2.028,2.134,0.0005,0.6339,0.575,0.297,0.1147,0.7024,0.2491,2.72,0.55,mixed-rural-urban,0.0,0.1071,0.7991,0.609,0.6549,0.4469,0.3478,0.0,57.62,False
PNG,Papua New Guinea,European,immigrant,3.2,2.71,3.2,2.71,0.2,0.21,0.01,0.2,0.01,0.21,0.0,0.2,0.21,0.2,0.21,0.01,0.21,0.01,0.0,21153,31140,0.0,0.0,0.0,1.25,unspecified,True,0.5,0.48,0.56,0.42,0.454,0.842,1.0,0.78,0.737,0.0,0.0,0.0,0.0,0.0,1.0,0.761,33.912,33.358,62.5,57.62,3.588,9.022,0.251,0.073,0.914,0.808,1.0,1.0,0.0,0.001,0.6311,0.6329,0.0018,0.6329,1.6894,0.1874,2.028,2.134,0.0005,0.6339,0.21,0.01,0.0,2.028,2.134,0.0005,0.6339,0.575,0.297,0.1147,0.7024,0.2491,2.72,0.55,mixed-rural-urban,0.0,0.1071,0.7991,0.609,0.6549,0.4469,0.3478,0.0,57.62,False
PNG,Papua New Guinea,Mixed (Euro-Pacific),assimilating,3.2,2.71,3.2,2.71,3.0,2.98,-0.02,2.99,-0.01,2.98,0.0,2.98,2.97,2.97,2.98,0.01,3.0,-0.0,0.02,317295,444216,0.0,0.0,0.0,1.25,unspecified,False,0.5,0.48,0.56,0.42,0.454,0.986,1.0,0.78,0.769,0.0,0.0,0.0,0.0,0.0,1.0,0.761,33.912,33.358,62.5,57.62,3.588,9.022,0.251,0.073,0.914,0.808,1.0,1.0,0.0,0.001,0.6311,0.6329,0.0018,0.6329,1.6894,0.1874,2.028,2.134,0.0005,0.6339,3.0,-0.0,0.02,2.028,2.134,0.0005,0.6339,0.575,0.297,0.1147,0.7024,0.2491,2.72,0.55,mixed-rural-urban,0.0,0.1071,0.7991,0.609,0.6549,0.4469,0.3478,0.0,57.62,False
PNG,Papua New Guinea,Other,immigrant,3.2,2.71,3.2,2.71,6.6,6.92,0.32,6.47,0.46,6.92,0.0,6.78,7.09,6.78,7.09,0.31,7.02,0.42,0.1,698050,1032056,0.0,0.0,0.0,1.25,unspecified,True,0.5,0.48,0.56,0.42,0.454,1.063,1.0,0.78,0.786,0.0,0.0,0.0,0.0,0.0,1.0,0.761,33.912,33.358,62.5,57.62,3.588,9.022,0.251,0.073,0.914,0.808,1.0,1.0,0.0,0.001,0.6311,0.6329,0.0018,0.6329,1.6894,0.1874,2.028,2.134,0.0005,0.6339,7.02,0.42,0.1,2.028,2.134,0.0005,0.6339,0.575,0.297,0.1147,0.7024,0.2491,2.72,0.55,mixed-rural-urban,0.0,0.1071,0.7991,0.609,0.6549,0.4469,0.3478,0.0,57.62,False
POL,Poland,Polish,majority,1.3,1.54,1.3,1.54,95.2,94.76,-0.44,95.28,-0.52,94.76,0.0,94.92,94.57,94.57,94.92,0.36,94.7,-0.5,-0.06,36689327,31095505,0.59,0.488,0.176,2.39,unspecified,False,0.5,0.48,0.56,0.42,0.729,1.3,1.0,0.78,1.013,0.0,0.0,0.0,0.0,0.0,1.0,0.761,11.399,5.566,64.0,64.2,24.601,30.234,0.251,0.04,0.967,0.897,1.0,1.241,0.0,0.001,0.0931,0.1013,0.0082,0.1013,0.2142,0.1994,1.41,1.38,0.0005,0.1024,94.7,-0.5,-0.06,1.41,1.38,0.0005,0.1024,0.7679,0.544,0.2466,0.8438,0.2303,1.11,0.55,mixed-rural-urban,0.265,-0.0,0.8994,0.9122,0.9064,0.7573,0.3538,0.8288,64.2,True
POL,Poland,Silesian,majority,1.3,1.54,1.3,1.54,1.1,1.09,-0.01,1.1,-0.01,1.09,0.0,1.1,1.09,1.09,1.1,0.0,1.09,-0.01,-0.0,423931,358930,0.59,0.488,0.176,2.39,unspecified,False,0.5,0.48,0.56,0.42,0.729,0.909,1.0,0.78,0.874,0.0,0.0,0.0,0.0,0.0,1.0,0.761,11.399,5.566,64.0,64.2,24.601,30.234,0.251,0.04,0.967,0.897,1.0,1.241,0.0,0.001,0.0931,0.1013,0.0082,0.1013,0.2142,0.1994,1.41,1.38,0.0005,0.1024,1.09,-0.01,-0.0,1.41,1.38,0.0005,0.1024,0.7679,0.544,0.2466,0.8438,0.2303,1.11,0.55,mixed-rural-urban,0.265,-0.0,0.8994,0.9122,0.9064,0.7573,0.3538,0.8288,64.2,False
POL,Poland,German,low_fertility,0.8,1.34,1.3,1.54,0.2,0.16,-0.04,0.16,-0.0,0.16,0.0,0.16,0.15,0.15,0.16,0.0,0.16,-0.04,0.0,77078,50878,0.59,0.488,0.176,2.39,unspecified,False,0.5,0.48,0.56,0.42,0.729,0.842,1.0,0.78,0.85,0.0,0.0,0.0,0.0,0.0,1.0,0.761,11.399,5.566,64.0,64.2,24.601,30.234,0.251,0.04,0.967,0.897,1.0,1.241,0.0,0.001,0.0931,0.1013,0.0082,0.1013,0.2142,0.1994,1.41,1.38,0.0005,0.1024,0.16,-0.04,0.0,1.41,1.38,0.0005,0.1024,0.7679,0.544,0.2466,0.8438,0.2303,1.11,0.55,mixed-rural-urban,0.265,-0.0,0.8994,0.9122,0.9064,0.7573,0.3538,0.8288,64.2,False
POL,Poland,Ukrainian,immigrant,1.3,1.54,1.3,1.54,2.0,2.29,0.29,1.98,0.31,2.29,0.0,2.19,2.41,2.19,2.41,0.22,2.32,0.32,0.03,770784,751487,0.59,0.488,0.176,2.39,UKR,True,0.615,0.539,0.82,0.52,0.729,0.952,1.0,0.78,0.968,0.0,0.0,0.0,0.0,0.0,1.0,0.761,11.399,5.566,64.0,64.2,24.601,30.234,0.251,0.04,0.967,0.897,1.0,1.241,0.0,0.001,0.0931,0.1013,0.0082,0.1013,0.2142,0.1994,1.41,1.38,0.0005,0.1024,2.32,0.32,0.03,1.41,1.38,0.0005,0.1024,0.7679,0.544,0.2466,0.8438,0.2303,1.11,0.55,mixed-rural-urban,0.265,-0.0,0.8994,0.9122,0.9064,0.7573,0.3538,0.8288,64.2,False
POL,Poland,Belarusian,immigrant,1.3,1.54,1.3,1.54,0.4,0.45,0.05,0.4,0.06,0.45,0.0,0.43,0.47,0.43,0.47,0.04,0.46,0.06,0.01,154157,148046,0.59,0.488,0.176,2.39,unspecified,True,0.5,0.48,0.56,0.42,0.729,0.86,1.0,0.78,0.857,0.0,0.0,0.0,0.0,0.0,1.0,0.761,11.399,5.566,64.0,64.2,24.601,30.234,0.251,0.04,0.967,0.897,1.0,1.241,0.0,0.001,0.0931,0.1013,0.0082,0.1013,0.2142,0.1994,1.41,1.38,0.0005,0.1024,0.46,0.06,0.01,1.41,1.38,0.0005,0.1024,0.7679,0.544,0.2466,0.8438,0.2303,1.11,0.55,mixed-rural-urban,0.265,-0.0,0.8994,0.9122,0.9064,0.7573,0.3538,0.8288,64.2,False
POL,Poland,Russian,immigrant,1.3,1.54,1.3,1.54,0.3,0.34,0.04,0.3,0.04,0.34,0.0,0.33,0.35,0.33,0.35,0.03,0.34,0.04,0.0,115618,110981,0.59,0.488,0.176,2.39,unspecified,True,0.5,0.48,0.56,0.42,0.729,0.851,1.0,0.78,0.854,0.0,0.0,0.0,0.0,0.0,1.0,0.761,11.399,5.566,64.0,64.2,24.601,30.234,0.251,0.04,0.967,0.897,1.0,1.241,0.0,0.001,0.0931,0.1013,0.0082,0.1013,0.2142,0.1994,1.41,1.38,0.0005,0.1024,0.34,0.04,0.0,1.41,1.38,0.0005,0.1024,0.7679,0.544,0.2466,0.8438,0.2303,1.11,0.55,mixed-rural-urban,0.265,-0.0,0.8994,0.9122,0.9064,0.7573,0.3538,0.8288,64.2,False
POL,Poland,Vietnamese,immigrant,1.3,1.54,1.3,1.54,0.3,0.34,0.04,0.3,0.05,0.34,0.0,0.33,0.36,0.33,0.36,0.03,0.35,0.05,0.0,115618,113126,0.59,0.488,0.176,2.39,VNM,True,0.71,0.674,0.84,0.68,0.729,0.851,1.0,0.78,0.982,0.0,0.0,0.0,0.0,0.0,1.0,0.761,11.399,5.566,64.0,64.2,24.601,30.234,0.251,0.04,0.967,0.897,1.0,1.241,0.0,0.001,0.0931,0.1013,0.0082,0.1013,0.2142,0.1994,1.41,1.38,0.0005,0.1024,0.35,0.05,0.0,1.41,1.38,0.0005,0.1024,0.7679,0.544,0.2466,0.8438,0.2303,1.11,0.55,mixed-rural-urban,0.265,-0.0,0.8994,0.9122,0.9064,0.7573,0.3538,0.8288,64.2,False
POL,Poland,Other,immigrant,1.3,1.54,1.3,1.54,0.5,0.56,0.06,0.49,0.07,0.56,0.0,0.54,0.59,0.54,0.59,0.05,0.57,0.07,0.01,192696,185139,0.59,0.488,0.176,2.39,unspecified,True,0.5,0.48,0.56,0.42,0.729,0.869,1.0,0.78,0.86,0.0,0.0,0.0,0.0,0.0,1.0,0.761,11.399,5.566,64.0,64.2,24.601,30.234,0.251,0.04,0.967,0.897,1.0,1.241,0.0,0.001,0.0931,0.1013,0.0082,0.1013,0.2142,0.1994,1.41,1.38,0.0005,0.1024,0.57,0.07,0.01,1.41,1.38,0.0005,0.1024,0.7679,0.544,0.2466,0.8438,0.2303,1.11,0.55,mixed-rural-urban,0.265,-0.0,0.8994,0.9122,0.9064,0.7573,0.3538,0.8288,64.2,False
PRT,Portugal,Portuguese,majority,1.4,1.61,1.4,1.61,89.0,87.75,-1.25,88.8,-1.05,87.84,-0.09,88.08,87.36,87.36,88.08,0.72,87.66,-1.34,-0.1,9278509,8573440,0.4,0.329,0.18,2.099,unspecified,False,0.5,0.48,0.56,0.42,0.701,1.3,1.0,0.78,0.996,0.0,0.0,0.0,0.533,0.459,1.0,0.761,7.425,3.71,62.0,61.76,30.575,34.53,0.28,0.089,0.901,0.882,1.0,1.176,0.05,0.001,0.2049,0.2262,0.0213,0.2262,0.5129,0.1681,1.783,1.687,0.0005,0.2278,87.66,-1.34,-0.1,1.783,1.687,0.0005,0.2278,0.6944,0.5192,0.1181,0.8049,0.2274,1.29,0.768,urbanizing-majority,0.093,0.0052,0.9663,0.8141,0.9119,0.648,0.4594,1.0,61.76,True
PRT,Portugal,Brazilian,immigrant,1.4,1.61,1.4,1.61,4.2,4.61,0.41,4.14,0.47,4.61,-0.0,4.46,4.78,4.46,4.78,0.32,4.68,0.48,0.07,437862,450456,0.4,0.329,0.18,2.099,unspecified,True,0.5,0.48,0.56,0.42,0.701,1.018,1.0,0.78,0.899,0.0,0.0,0.0,0.533,0.459,1.0,0.761,7.425,3.71,62.0,61.76,30.575,34.53,0.28,0.089,0.901,0.882,1.0,1.176,0.05,0.001,0.2049,0.2262,0.0213,0.2262,0.5129,0.1681,1.783,1.687,0.0005,0.2278,4.68,0.48,0.07,1.783,1.687,0.0005,0.2278,0.6944,0.5192,0.1181,0.8049,0.2274,1.29,0.768,urbanizing-majority,0.093,0.0052,0.9663,0.8141,0.9119,0.648,0.4594,1.0,61.76,False
PRT,Portugal,African (PALOP - Angolan/Cape Verdean),high_fertility,1.75,1.75,1.4,1.61,2.8,3.37,0.57,3.22,0.15,3.27,0.09,3.31,3.43,3.31,3.43,0.12,3.32,0.52,-0.05,291908,329137,0.4,0.329,0.18,2.099,NGA;ETH;GHA;KEN;UGA;TZA;RWA;COD;CIV;CMR;SEN;ZMB;ZWE;MOZ;MWI;AGO;SDN;SOM;ERI;BFA;NER;MLI;GIN;SLE;LBR;BEN;TGO;GMB,True,0.711,0.785,0.574,0.717,0.701,0.98,1.009,0.78,1.032,0.0,0.0,0.0,0.533,0.459,1.0,0.761,7.425,3.71,62.0,61.76,30.575,34.53,0.28,0.089,0.901,0.882,1.0,1.176,0.05,0.001,0.2049,0.2262,0.0213,0.2262,0.5129,0.1681,1.783,1.687,0.0005,0.2278,3.32,0.52,-0.05,1.783,1.687,0.0005,0.2278,0.6944,0.5192,0.1181,0.8049,0.2274,1.29,0.768,urbanizing-majority,0.093,0.0052,0.9663,0.8141,0.9119,0.648,0.4594,1.0,61.76,False
PRT,Portugal,Other EU (UK/French/Italian),immigrant,1.3,1.57,1.4,1.61,1.5,1.58,0.08,1.42,0.16,1.58,-0.0,1.53,1.63,1.53,1.63,0.1,1.61,0.11,0.03,156379,154239,0.4,0.329,0.18,2.099,unspecified,True,0.5,0.48,0.56,0.42,0.701,0.93,1.0,0.78,0.869,0.0,0.0,0.0,0.533,0.459,1.0,0.761,7.425,3.71,62.0,61.76,30.575,34.53,0.28,0.089,0.901,0.882,1.0,1.176,0.05,0.001,0.2049,0.2262,0.0213,0.2262,0.5129,0.1681,1.783,1.687,0.0005,0.2278,1.61,0.11,0.03,1.783,1.687,0.0005,0.2278,0.6944,0.5192,0.1181,0.8049,0.2274,1.29,0.768,urbanizing-majority,0.093,0.0052,0.9663,0.8141,0.9119,0.648,0.4594,1.0,61.76,False
PRT,Portugal,Chinese,immigrant,1.2,1.53,1.4,1.61,0.5,0.5,0.0,0.45,0.05,0.51,-0.0,0.49,0.52,0.49,0.52,0.03,0.52,0.02,0.01,52126,49325,0.4,0.329,0.18,2.099,CHN,True,0.52,0.502,0.58,0.45,0.701,0.869,1.0,0.78,0.86,0.0,0.0,0.0,0.533,0.459,1.0,0.761,7.425,3.71,62.0,61.76,30.575,34.53,0.28,0.089,0.901,0.882,1.0,1.176,0.05,0.001,0.2049,0.2262,0.0213,0.2262,0.5129,0.1681,1.783,1.687,0.0005,0.2278,0.52,0.02,0.01,1.783,1.687,0.0005,0.2278,0.6944,0.5192,0.1181,0.8049,0.2274,1.29,0.768,urbanizing-majority,0.093,0.0052,0.9663,0.8141,0.9119,0.648,0.4594,1.0,61.76,False
PRT,Portugal,Nepali,immigrant,1.4,1.61,1.4,1.61,0.3,0.33,0.03,0.3,0.03,0.33,-0.0,0.32,0.34,0.32,0.34,0.02,0.33,0.03,0.0,31276,31944,0.4,0.329,0.18,2.099,unspecified,True,0.5,0.48,0.56,0.42,0.701,0.851,1.0,0.78,0.842,0.0,0.0,0.0,0.533,0.459,1.0,0.761,7.425,3.71,62.0,61.76,30.575,34.53,0.28,0.089,0.901,0.882,1.0,1.176,0.05,0.001,0.2049,0.2262,0.0213,0.2262,0.5129,0.1681,1.783,1.687,0.0005,0.2278,0.33,0.03,0.0,1.783,1.687,0.0005,0.2278,0.6944,0.5192,0.1181,0.8049,0.2274,1.29,0.768,urbanizing-majority,0.093,0.0052,0.9663,0.8141,0.9119,0.648,0.4594,1.0,61.76,False
PRT,Portugal,Ukrainian,immigrant,1.4,1.61,1.4,1.61,0.3,0.33,0.03,0.3,0.03,0.33,-0.0,0.32,0.34,0.32,0.34,0.02,0.33,0.03,0.0,31276,32181,0.4,0.329,0.18,2.099,UKR,True,0.615,0.539,0.82,0.52,0.701,0.851,1.0,0.78,0.909,0.0,0.0,0.0,0.533,0.459,1.0,0.761,7.425,3.71,62.0,61.76,30.575,34.53,0.28,0.089,0.901,0.882,1.0,1.176,0.05,0.001,0.2049,0.2262,0.0213,0.2262,0.5129,0.1681,1.783,1.687,0.0005,0.2278,0.33,0.03,0.0,1.783,1.687,0.0005,0.2278,0.6944,0.5192,0.1181,0.8049,0.2274,1.29,0.768,urbanizing-majority,0.093,0.0052,0.9663,0.8141,0.9119,0.648,0.4594,1.0,61.76,False
PRT,Portugal,Other,immigrant,1.4,1.61,1.4,1.61,1.4,1.53,0.13,1.38,0.15,1.53,-0.0,1.48,1.59,1.48,1.59,0.1,1.55,0.15,0.02,145954,149549,0.4,0.329,0.18,2.099,unspecified,True,0.5,0.48,0.56,0.42,0.701,0.925,1.0,0.78,0.867,0.0,0.0,0.0,0.533,0.459,1.0,0.761,7.425,3.71,62.0,61.76,30.575,34.53,0.28,0.089,0.901,0.882,1.0,1.176,0.05,0.001,0.2049,0.2262,0.0213,0.2262,0.5129,0.1681,1.783,1.687,0.0005,0.2278,1.55,0.15,0.02,1.783,1.687,0.0005,0.2278,0.6944,0.5192,0.1181,0.8049,0.2274,1.29,0.768,urbanizing-majority,0.093,0.0052,0.9663,0.8141,0.9119,0.648,0.4594,1.0,61.76,False
PRY,Paraguay,Mestizo (mestizo-criollo),majority,2.4,2.22,2.4,2.22,91.0,91.0,-0.0,91.11,-0.11,91.0,0.0,91.03,90.96,90.96,91.03,0.07,90.96,-0.04,-0.04,6305528,7862778,0.0,0.0,0.0,1.25,unspecified,False,0.5,0.48,0.56,0.42,0.454,1.3,1.0,0.78,0.839,0.0,0.0,0.0,0.0,0.0,1.0,0.761,28.778,24.335,65.5,59.1,5.722,16.565,0.251,0.016,0.992,0.856,1.0,1.0,0.0,0.001,0.1693,0.1695,0.0001,0.1695,0.3705,0.131,1.559,1.487,0.0005,0.1702,90.96,-0.04,-0.04,1.559,1.487,0.0005,0.1702,0.6957,0.3304,0.0803,0.7727,0.2123,1.2,0.663,urbanizing-majority,0.0,0.0531,0.8712,0.7571,0.8031,0.622,0.2583,0.2075,59.1,True
PRY,Paraguay,White (European descent),low_fertility,1.8,1.98,2.4,2.22,4.0,3.35,-0.65,3.35,-0.0,3.35,0.0,3.37,3.32,3.32,3.37,0.05,3.42,-0.58,0.07,277166,289055,0.0,0.0,0.0,1.25,unspecified,False,0.5,0.48,0.56,0.42,0.454,1.013,1.0,0.78,0.775,0.0,0.0,0.0,0.0,0.0,1.0,0.761,28.778,24.335,65.5,59.1,5.722,16.565,0.251,0.016,0.992,0.856,1.0,1.0,0.0,0.001,0.1693,0.1695,0.0001,0.1695,0.3705,0.131,1.559,1.487,0.0005,0.1702,3.42,-0.58,0.07,1.559,1.487,0.0005,0.1702,0.6957,0.3304,0.0803,0.7727,0.2123,1.2,0.663,urbanizing-majority,0.0,0.0531,0.8712,0.7571,0.8031,0.622,0.2583,0.2075,59.1,False
PRY,Paraguay,Indigenous (Guarani/Guaiku),high_fertility,3.25,2.56,2.4,2.22,2.5,3.07,0.57,3.08,-0.0,3.07,0.0,3.05,3.09,3.05,3.09,0.04,3.0,0.5,-0.07,173229,265375,0.0,0.0,0.0,1.25,unspecified,False,0.5,0.48,0.56,0.42,0.454,0.97,1.0,0.78,0.765,0.0,0.0,0.0,0.0,0.0,1.0,0.761,28.778,24.335,65.5,59.1,5.722,16.565,0.251,0.016,0.992,0.856,1.0,1.0,0.0,0.001,0.1693,0.1695,0.0001,0.1695,0.3705,0.131,1.559,1.487,0.0005,0.1702,3.0,0.5,-0.07,1.559,1.487,0.0005,0.1702,0.6957,0.3304,0.0803,0.7727,0.2123,1.2,0.663,urbanizing-majority,0.0,0.0531,0.8712,0.7571,0.8031,0.622,0.2583,0.2075,59.1,False
PRY,Paraguay,Brazilian (Brasiguayo),immigrant,2.4,2.22,2.4,2.22,1.5,1.6,0.1,1.48,0.12,1.6,0.0,1.56,1.65,1.56,1.65,0.08,1.62,0.12,0.02,103937,138263,0.0,0.0,0.0,1.25,unspecified,True,0.5,0.48,0.56,0.42,0.454,0.93,1.0,0.78,0.756,0.0,0.0,0.0,0.0,0.0,1.0,0.761,28.778,24.335,65.5,59.1,5.722,16.565,0.251,0.016,0.992,0.856,1.0,1.0,0.0,0.001,0.1693,0.1695,0.0001,0.1695,0.3705,0.131,1.559,1.487,0.0005,0.1702,1.62,0.12,0.02,1.559,1.487,0.0005,0.1702,0.6957,0.3304,0.0803,0.7727,0.2123,1.2,0.663,urbanizing-majority,0.0,0.0531,0.8712,0.7571,0.8031,0.622,0.2583,0.2075,59.1,False
PRY,Paraguay,Other,assimilating,2.4,2.22,2.4,2.22,1.0,0.98,-0.02,0.98,-0.0,0.98,0.0,0.98,0.98,0.98,0.98,0.0,1.0,-0.0,0.01,69292,85000,0.0,0.0,0.0,1.25,unspecified,False,0.5,0.48,0.56,0.42,0.454,0.903,1.0,0.78,0.75,0.0,0.0,0.0,0.0,0.0,1.0,0.761,28.778,24.335,65.5,59.1,5.722,16.565,0.251,0.016,0.992,0.856,1.0,1.0,0.0,0.001,0.1693,0.1695,0.0001,0.1695,0.3705,0.131,1.559,1.487,0.0005,0.1702,1.0,-0.0,0.01,1.559,1.487,0.0005,0.1702,0.6957,0.3304,0.0803,0.7727,0.2123,1.2,0.663,urbanizing-majority,0.0,0.0531,0.8712,0.7571,0.8031,0.622,0.2583,0.2075,59.1,False
PSE,Palestine,Palestinian Arab (Sunni Muslim),high_fertility,4.0,3.13,3.9,3.09,97.0,97.23,0.23,97.23,0.0,97.23,0.0,97.23,97.24,97.23,97.24,0.01,97.2,0.2,-0.03,5330584,8218049,0.0,0.0,0.0,1.25,unspecified,False,0.5,0.48,0.56,0.42,0.454,1.3,1.0,0.78,0.839,0.0,0.0,0.0,0.0,0.0,1.0,0.761,41.585,42.631,56.0,51.6,2.415,5.769,0.251,0.0,1.0,0.832,1.0,1.0,0.0,0.001,0.0588,0.0543,-0.0045,0.0543,0.1113,0.249,1.318,1.332,0.0005,0.0548,97.2,0.2,-0.03,1.318,1.332,0.0005,0.0548,0.525,0.2654,0.1262,0.7286,0.2058,1.06,0.456,mixed-rural-urban,0.0,0.038,0.7249,0.7499,0.6641,0.3376,0.6403,0.0,51.6,True
PSE,Palestine,Palestinian Christian,low_fertility,3.5,2.93,3.9,3.09,1.5,1.33,-0.17,1.33,0.0,1.33,0.0,1.34,1.33,1.33,1.34,0.01,1.35,-0.15,0.01,82432,112758,0.0,0.0,0.0,1.25,unspecified,False,0.5,0.48,0.56,0.42,0.454,0.93,1.0,0.78,0.756,0.0,0.0,0.0,0.0,0.0,1.0,0.761,41.585,42.631,56.0,51.6,2.415,5.769,0.251,0.0,1.0,0.832,1.0,1.0,0.0,0.001,0.0588,0.0543,-0.0045,0.0543,0.1113,0.249,1.318,1.332,0.0005,0.0548,1.35,-0.15,0.01,1.318,1.332,0.0005,0.0548,0.525,0.2654,0.1262,0.7286,0.2058,1.06,0.456,mixed-rural-urban,0.0,0.038,0.7249,0.7499,0.6641,0.3376,0.6403,0.0,51.6,False
PSE,Palestine,Druze,majority,3.9,3.09,3.9,3.09,0.5,0.48,-0.02,0.48,0.0,0.48,0.0,0.48,0.48,0.48,0.48,0.0,0.48,-0.02,0.0,27477,40865,0.0,0.0,0.0,1.25,unspecified,False,0.5,0.48,0.56,0.42,0.454,0.869,1.0,0.78,0.743,0.0,0.0,0.0,0.0,0.0,1.0,0.761,41.585,42.631,56.0,51.6,2.415,5.769,0.251,0.0,1.0,0.832,1.0,1.0,0.0,0.001,0.0588,0.0543,-0.0045,0.0543,0.1113,0.249,1.318,1.332,0.0005,0.0548,0.48,-0.02,0.0,1.318,1.332,0.0005,0.0548,0.525,0.2654,0.1262,0.7286,0.2058,1.06,0.456,mixed-rural-urban,0.0,0.038,0.7249,0.7499,0.6641,0.3376,0.6403,0.0,51.6,False
PSE,Palestine,Other,assimilating,3.9,3.09,3.9,3.09,1.0,0.95,-0.05,0.95,0.0,0.95,0.0,0.95,0.95,0.95,0.95,0.0,0.96,-0.04,0.02,54954,80224,0.0,0.0,0.0,1.25,unspecified,False,0.5,0.48,0.56,0.42,0.454,0.903,1.0,0.78,0.75,0.0,0.0,0.0,0.0,0.0,1.0,0.761,41.585,42.631,56.0,51.6,2.415,5.769,0.251,0.0,1.0,0.832,1.0,1.0,0.0,0.001,0.0588,0.0543,-0.0045,0.0543,0.1113,0.249,1.318,1.332,0.0005,0.0548,0.96,-0.04,0.02,1.318,1.332,0.0005,0.0548,0.525,0.2654,0.1262,0.7286,0.2058,1.06,0.456,mixed-rural-urban,0.0,0.038,0.7249,0.7499,0.6641,0.3376,0.6403,0.0,51.6,False
QAT,Qatar,Qatari,high_fertility,2.15,2.03,1.8,1.89,11.6,11.93,0.33,12.63,-0.7,11.93,-0.0,12.1,11.73,11.73,12.1,0.37,11.81,0.21,-0.12,353618,496695,0.129,0.0,0.0,2.0,unspecified,False,0.5,0.48,0.56,0.42,0.681,1.124,1.0,0.42,0.849,0.0,1.2,0.0,0.75,0.375,1.0,0.761,9.364,7.533,85.0,79.56,5.636,12.907,0.88,0.881,0.379,0.849,1.3,1.359,0.0,0.001,0.8623,0.8592,-0.0031,0.8592,2.9725,0.087,2.294,2.457,0.0005,0.8614,11.81,0.21,-0.12,2.294,2.457,0.0005,0.8614,0.8459,0.381,0.1431,0.8855,0.2019,7.1,0.55,mixed-rural-urban,0.058,0.0253,0.9697,0.7805,1.0,0.8005,0.0148,0.0412,79.56,False
QAT,Qatar,Indian,immigrant,1.8,1.89,1.8,1.89,17.4,16.67,-0.73,16.5,0.17,16.67,-0.0,16.64,16.71,16.64,16.71,0.07,16.97,-0.43,0.3,530427,694235,0.129,0.0,0.0,2.0,IND;PAK;BGD;LKA;NPL,True,0.718,0.719,0.752,0.684,0.681,1.169,1.108,0.42,1.045,0.0,1.2,0.0,0.75,0.375,1.0,0.761,9.364,7.533,85.0,79.56,5.636,12.907,0.88,0.881,0.379,0.849,1.3,1.359,0.0,0.001,0.8623,0.8592,-0.0031,0.8592,2.9725,0.087,2.294,2.457,0.0005,0.8614,16.97,-0.43,0.3,2.294,2.457,0.0005,0.8614,0.8459,0.381,0.1431,0.8855,0.2019,7.1,0.55,mixed-rural-urban,0.058,0.0253,0.9697,0.7805,1.0,0.8005,0.0148,0.0412,79.56,False
QAT,Qatar,Bangladeshi,immigrant,1.8,1.89,1.8,1.89,13.5,12.9,-0.6,12.8,0.1,12.91,-0.0,12.89,12.92,12.89,12.92,0.04,13.13,-0.37,0.23,411538,537396,0.129,0.0,0.0,2.0,BGD,True,0.735,0.788,0.68,0.84,0.681,1.141,1.0,0.42,0.996,0.0,1.2,0.0,0.75,0.375,1.0,0.761,9.364,7.533,85.0,79.56,5.636,12.907,0.88,0.881,0.379,0.849,1.3,1.359,0.0,0.001,0.8623,0.8592,-0.0031,0.8592,2.9725,0.087,2.294,2.457,0.0005,0.8614,13.13,-0.37,0.23,2.294,2.457,0.0005,0.8614,0.8459,0.381,0.1431,0.8855,0.2019,7.1,0.55,mixed-rural-urban,0.058,0.0253,0.9697,0.7805,1.0,0.8005,0.0148,0.0412,79.56,False
QAT,Qatar,Nepali,immigrant,1.8,1.89,1.8,1.89,7.6,7.19,-0.41,7.21,-0.02,7.19,-0.0,7.2,7.17,7.17,7.2,0.03,7.31,-0.29,0.13,231681,299276,0.129,0.0,0.0,2.0,unspecified,True,0.5,0.48,0.56,0.42,0.681,1.078,1.0,0.42,0.836,0.0,1.2,0.0,0.75,0.375,1.0,0.761,9.364,7.533,85.0,79.56,5.636,12.907,0.88,0.881,0.379,0.849,1.3,1.359,0.0,0.001,0.8623,0.8592,-0.0031,0.8592,2.9725,0.087,2.294,2.457,0.0005,0.8614,7.31,-0.29,0.13,2.294,2.457,0.0005,0.8614,0.8459,0.381,0.1431,0.8855,0.2019,7.1,0.55,mixed-rural-urban,0.058,0.0253,0.9697,0.7805,1.0,0.8005,0.0148,0.0412,79.56,False
QAT,Qatar,Egyptian,immigrant,2.2,2.05,1.8,1.89,8.5,9.06,0.56,9.02,0.04,9.06,-0.0,9.02,9.1,9.02,9.1,0.09,9.08,0.58,0.03,259116,377228,0.129,0.0,0.0,2.0,EGY,True,0.7,0.706,0.72,0.66,0.681,1.09,1.0,0.42,0.956,0.0,1.2,0.0,0.75,0.375,1.0,0.761,9.364,7.533,85.0,79.56,5.636,12.907,0.88,0.881,0.379,0.849,1.3,1.359,0.0,0.001,0.8623,0.8592,-0.0031,0.8592,2.9725,0.087,2.294,2.457,0.0005,0.8614,9.08,0.58,0.03,2.294,2.457,0.0005,0.8614,0.8459,0.381,0.1431,0.8855,0.2019,7.1,0.55,mixed-rural-urban,0.058,0.0253,0.9697,0.7805,1.0,0.8005,0.0148,0.0412,79.56,False
QAT,Qatar,Filipino,immigrant,1.8,1.89,1.8,1.89,7.3,6.96,-0.34,6.92,0.04,6.97,-0.0,6.96,6.97,6.96,6.97,0.01,7.09,-0.21,0.12,222535,290009,0.129,0.0,0.0,2.0,PHL,True,0.759,0.718,0.88,0.64,0.681,1.074,1.0,0.42,0.984,0.0,1.2,0.0,0.75,0.375,1.0,0.761,9.364,7.533,85.0,79.56,5.636,12.907,0.88,0.881,0.379,0.849,1.3,1.359,0.0,0.001,0.8623,0.8592,-0.0031,0.8592,2.9725,0.087,2.294,2.457,0.0005,0.8614,7.09,-0.21,0.12,2.294,2.457,0.0005,0.8614,0.8459,0.381,0.1431,0.8855,0.2019,7.1,0.55,mixed-rural-urban,0.058,0.0253,0.9697,0.7805,1.0,0.8005,0.0148,0.0412,79.56,False
QAT,Qatar,Sri Lankan,immigrant,1.8,1.89,1.8,1.89,4.0,3.78,-0.22,3.79,-0.02,3.78,-0.0,3.79,3.77,3.77,3.79,0.02,3.85,-0.15,0.07,121937,157348,0.129,0.0,0.0,2.0,unspecified,True,0.5,0.48,0.56,0.42,0.681,1.013,1.0,0.42,0.819,0.0,1.2,0.0,0.75,0.375,1.0,0.761,9.364,7.533,85.0,79.56,5.636,12.907,0.88,0.881,0.379,0.849,1.3,1.359,0.0,0.001,0.8623,0.8592,-0.0031,0.8592,2.9725,0.087,2.294,2.457,0.0005,0.8614,3.85,-0.15,0.07,2.294,2.457,0.0005,0.8614,0.8459,0.381,0.1431,0.8855,0.2019,7.1,0.55,mixed-rural-urban,0.058,0.0253,0.9697,0.7805,1.0,0.8005,0.0148,0.0412,79.56,False
QAT,Qatar,Pakistani,immigrant,1.8,1.89,1.8,1.89,4.0,3.84,-0.16,3.79,0.05,3.84,-0.0,3.83,3.85,3.83,3.85,0.02,3.91,-0.09,0.07,121937,159957,0.129,0.0,0.0,2.0,PAK,True,0.769,0.814,0.7,0.74,0.681,1.013,1.26,0.42,1.072,0.0,1.2,0.0,0.75,0.375,1.0,0.761,9.364,7.533,85.0,79.56,5.636,12.907,0.88,0.881,0.379,0.849,1.3,1.359,0.0,0.001,0.8623,0.8592,-0.0031,0.8592,2.9725,0.087,2.294,2.457,0.0005,0.8614,3.91,-0.09,0.07,2.294,2.457,0.0005,0.8614,0.8459,0.381,0.1431,0.8855,0.2019,7.1,0.55,mixed-rural-urban,0.058,0.0253,0.9697,0.7805,1.0,0.8005,0.0148,0.0412,79.56,False
QAT,Qatar,Other Arab,immigrant,2.2,2.05,1.8,1.89,3.0,3.17,0.17,3.18,-0.02,3.17,-0.0,3.16,3.17,3.16,3.17,0.01,3.18,0.18,0.01,91453,131931,0.129,0.0,0.0,2.0,unspecified,True,0.5,0.48,0.56,0.42,0.681,0.986,1.0,0.42,0.812,0.0,1.2,0.0,0.75,0.375,1.0,0.761,9.364,7.533,85.0,79.56,5.636,12.907,0.88,0.881,0.379,0.849,1.3,1.359,0.0,0.001,0.8623,0.8592,-0.0031,0.8592,2.9725,0.087,2.294,2.457,0.0005,0.8614,3.18,0.18,0.01,2.294,2.457,0.0005,0.8614,0.8459,0.381,0.1431,0.8855,0.2019,7.1,0.55,mixed-rural-urban,0.058,0.0253,0.9697,0.7805,1.0,0.8005,0.0148,0.0412,79.56,False
QAT,Qatar,Other foreign,immigrant,1.8,1.89,1.8,1.89,23.1,24.5,1.4,24.14,0.36,24.49,0.01,24.42,24.6,24.42,24.6,0.18,23.67,0.57,-0.84,704187,1020388,0.129,0.0,0.0,2.0,NGA;ETH;GHA;KEN;UGA;TZA;RWA;COD;CIV;CMR;SEN;ZMB;ZWE;MOZ;MWI;AGO;SDN;SOM;ERI;BFA;NER;MLI;GIN;SLE;LBR;BEN;TGO;GMB,True,0.711,0.785,0.574,0.717,0.681,1.202,1.004,0.42,1.006,0.0,1.2,0.0,0.75,0.375,1.0,0.761,9.364,7.533,85.0,79.56,5.636,12.907,0.88,0.881,0.379,0.849,1.3,1.359,0.0,0.001,0.8623,0.8592,-0.0031,0.8592,2.9725,0.087,2.294,2.457,0.0005,0.8614,23.67,0.57,-0.84,2.294,2.457,0.0005,0.8614,0.8459,0.381,0.1431,0.8855,0.2019,7.1,0.55,mixed-rural-urban,0.058,0.0253,0.9697,0.7805,1.0,0.8005,0.0148,0.0412,79.56,True
ROU,Romania,Romanian,majority,1.6,1.75,1.6,1.75,88.5,88.08,-0.42,88.29,-0.21,88.08,0.0,88.16,87.99,87.99,88.16,0.17,88.1,-0.4,0.02,16828360,14117264,0.476,0.399,0.143,2.174,unspecified,False,0.5,0.48,0.56,0.42,0.677,1.3,1.0,0.78,0.98,0.0,0.0,0.0,0.0,0.0,1.0,0.761,10.29,5.404,63.0,60.36,26.71,34.236,0.251,0.019,0.99,0.884,1.0,1.195,0.0,0.001,0.2118,0.2192,0.0074,0.2192,0.4883,0.2166,1.574,1.547,0.0005,0.219,88.1,-0.4,0.02,1.574,1.547,0.0005,0.219,0.6823,0.5101,0.2108,0.801,0.2403,1.28,0.602,urbanizing-majority,0.19,0.0273,0.8837,0.8204,0.9155,0.641,0.4862,1.0,60.36,True
ROU,Romania,Hungarian,low_fertility,1.2,1.59,1.6,1.75,6.0,5.06,-0.94,5.07,-0.01,5.06,0.0,5.1,5.02,5.02,5.1,0.07,5.15,-0.85,0.09,1140906,811236,0.476,0.399,0.143,2.174,unspecified,False,0.5,0.48,0.56,0.42,0.677,1.054,1.0,0.78,0.899,0.0,0.0,0.0,0.0,0.0,1.0,0.761,10.29,5.404,63.0,60.36,26.71,34.236,0.251,0.019,0.99,0.884,1.0,1.195,0.0,0.001,0.2118,0.2192,0.0074,0.2192,0.4883,0.2166,1.574,1.547,0.0005,0.219,5.15,-0.85,0.09,1.574,1.547,0.0005,0.219,0.6823,0.5101,0.2108,0.801,0.2403,1.28,0.602,urbanizing-majority,0.19,0.0273,0.8837,0.8204,0.9155,0.641,0.4862,1.0,60.36,False
ROU,Romania,Romani,high_fertility,2.65,2.17,1.6,1.75,3.4,4.63,1.23,4.64,-0.01,4.63,0.0,4.58,4.67,4.58,4.67,0.09,4.48,1.08,-0.14,646513,741404,0.476,0.399,0.143,2.174,unspecified,False,0.5,0.48,0.56,0.42,0.677,0.998,1.0,0.78,0.88,0.0,0.0,0.0,0.0,0.0,1.0,0.761,10.29,5.404,63.0,60.36,26.71,34.236,0.251,0.019,0.99,0.884,1.0,1.195,0.0,0.001,0.2118,0.2192,0.0074,0.2192,0.4883,0.2166,1.574,1.547,0.0005,0.219,4.48,1.08,-0.14,1.574,1.547,0.0005,0.219,0.6823,0.5101,0.2108,0.801,0.2403,1.28,0.602,urbanizing-majority,0.19,0.0273,0.8837,0.8204,0.9155,0.641,0.4862,1.0,60.36,False
ROU,Romania,Ukrainian,immigrant,1.6,1.75,1.6,1.75,0.5,0.56,0.06,0.49,0.07,0.56,0.0,0.54,0.59,0.54,0.59,0.05,0.57,0.07,0.01,95075,90240,0.476,0.399,0.143,2.174,UKR,True,0.615,0.539,0.82,0.52,0.677,0.869,1.0,0.78,0.904,0.0,0.0,0.0,0.0,0.0,1.0,0.761,10.29,5.404,63.0,60.36,26.71,34.236,0.251,0.019,0.99,0.884,1.0,1.195,0.0,0.001,0.2118,0.2192,0.0074,0.2192,0.4883,0.2166,1.574,1.547,0.0005,0.219,0.57,0.07,0.01,1.574,1.547,0.0005,0.219,0.6823,0.5101,0.2108,0.801,0.2403,1.28,0.602,urbanizing-majority,0.19,0.0273,0.8837,0.8204,0.9155,0.641,0.4862,1.0,60.36,False
ROU,Romania,German,low_fertility,1.1,1.55,1.6,1.75,0.4,0.32,-0.08,0.32,-0.0,0.32,0.0,0.33,0.32,0.32,0.33,0.01,0.33,-0.07,0.01,76060,51847,0.476,0.399,0.143,2.174,unspecified,False,0.5,0.48,0.56,0.42,0.677,0.86,1.0,0.78,0.835,0.0,0.0,0.0,0.0,0.0,1.0,0.761,10.29,5.404,63.0,60.36,26.71,34.236,0.251,0.019,0.99,0.884,1.0,1.195,0.0,0.001,0.2118,0.2192,0.0074,0.2192,0.4883,0.2166,1.574,1.547,0.0005,0.219,0.33,-0.07,0.01,1.574,1.547,0.0005,0.219,0.6823,0.5101,0.2108,0.801,0.2403,1.28,0.602,urbanizing-majority,0.19,0.0273,0.8837,0.8204,0.9155,0.641,0.4862,1.0,60.36,False
ROU,Romania,Other,immigrant,1.6,1.75,1.6,1.75,1.2,1.34,0.14,1.18,0.16,1.34,0.0,1.29,1.4,1.29,1.4,0.11,1.36,0.16,0.02,228181,215279,0.476,0.399,0.143,2.174,unspecified,True,0.5,0.48,0.56,0.42,0.677,0.915,1.0,0.78,0.853,0.0,0.0,0.0,0.0,0.0,1.0,0.761,10.29,5.404,63.0,60.36,26.71,34.236,0.251,0.019,0.99,0.884,1.0,1.195,0.0,0.001,0.2118,0.2192,0.0074,0.2192,0.4883,0.2166,1.574,1.547,0.0005,0.219,1.36,0.16,0.02,1.574,1.547,0.0005,0.219,0.6823,0.5101,0.2108,0.801,0.2403,1.28,0.602,urbanizing-majority,0.19,0.0273,0.8837,0.8204,0.9155,0.641,0.4862,1.0,60.36,False
RUS,Russia,Russian,majority,1.5,1.68,1.5,1.68,80.9,79.23,-1.67,79.23,0.0,79.23,0.0,79.29,79.18,79.18,79.29,0.11,79.39,-1.51,0.16,117159721,107864344,0.352,0.0,0.0,1.69,unspecified,False,0.5,0.48,0.56,0.42,0.527,1.3,1.0,0.78,0.885,0.0,0.0,0.0,0.0,0.0,1.0,0.761,14.046,7.554,65.0,62.28,20.954,30.166,0.235,0.0,1.0,0.848,0.8,0.899,0.0,0.001,0.332,0.3553,0.0233,0.3553,0.8394,0.2303,1.75,1.715,0.0005,0.3531,79.39,-1.51,0.16,1.75,1.715,0.0005,0.3531,0.6831,0.4639,0.1746,0.7634,0.2821,1.55,0.668,urbanizing-majority,0.117,0.0083,0.8249,0.798,0.9013,0.6734,0.387,0.8257,62.28,True
RUS,Russia,Tatar,high_fertility,1.85,1.82,1.5,1.68,3.9,4.39,0.49,4.39,0.0,4.39,0.0,4.37,4.4,4.37,4.4,0.03,4.34,0.44,-0.05,5647996,5973977,0.352,0.0,0.0,1.69,unspecified,False,0.5,0.48,0.56,0.42,0.527,1.011,1.0,0.78,0.81,0.0,0.0,0.0,0.0,0.0,1.0,0.761,14.046,7.554,65.0,62.28,20.954,30.166,0.235,0.0,1.0,0.848,0.8,0.899,0.0,0.001,0.332,0.3553,0.0233,0.3553,0.8394,0.2303,1.75,1.715,0.0005,0.3531,4.34,0.44,-0.05,1.75,1.715,0.0005,0.3531,0.6831,0.4639,0.1746,0.7634,0.2821,1.55,0.668,urbanizing-majority,0.117,0.0083,0.8249,0.798,0.9013,0.6734,0.387,0.8257,62.28,False
RUS,Russia,Ukrainian,low_fertility,1.1,1.52,1.5,1.68,1.4,1.15,-0.25,1.15,0.0,1.15,0.0,1.16,1.14,1.14,1.16,0.02,1.18,-0.22,0.02,2027486,1567746,0.352,0.0,0.0,1.69,UKR,False,0.615,0.539,0.82,0.52,0.527,0.925,1.0,0.78,0.844,0.0,0.0,0.0,0.0,0.0,1.0,0.761,14.046,7.554,65.0,62.28,20.954,30.166,0.235,0.0,1.0,0.848,0.8,0.899,0.0,0.001,0.332,0.3553,0.0233,0.3553,0.8394,0.2303,1.75,1.715,0.0005,0.3531,1.18,-0.22,0.02,1.75,1.715,0.0005,0.3531,0.6831,0.4639,0.1746,0.7634,0.2821,1.55,0.668,urbanizing-majority,0.117,0.0083,0.8249,0.798,0.9013,0.6734,0.387,0.8257,62.28,False
RUS,Russia,Bashkir,high_fertility,1.85,1.82,1.5,1.68,1.1,1.24,0.14,1.24,0.0,1.24,0.0,1.23,1.24,1.23,1.24,0.01,1.22,0.12,-0.01,1593025,1684968,0.352,0.0,0.0,1.69,unspecified,False,0.5,0.48,0.56,0.42,0.527,0.909,1.0,0.78,0.784,0.0,0.0,0.0,0.0,0.0,1.0,0.761,14.046,7.554,65.0,62.28,20.954,30.166,0.235,0.0,1.0,0.848,0.8,0.899,0.0,0.001,0.332,0.3553,0.0233,0.3553,0.8394,0.2303,1.75,1.715,0.0005,0.3531,1.22,0.12,-0.01,1.75,1.715,0.0005,0.3531,0.6831,0.4639,0.1746,0.7634,0.2821,1.55,0.668,urbanizing-majority,0.117,0.0083,0.8249,0.798,0.9013,0.6734,0.387,0.8257,62.28,False
RUS,Russia,Chechen,high_fertility,1.85,1.82,1.5,1.68,1.0,1.13,0.13,1.13,0.0,1.13,0.0,1.12,1.13,1.12,1.13,0.01,1.11,0.11,-0.01,1448204,1531789,0.352,0.0,0.0,1.69,unspecified,False,0.5,0.48,0.56,0.42,0.527,0.903,1.0,0.78,0.783,0.0,0.0,0.0,0.0,0.0,1.0,0.761,14.046,7.554,65.0,62.28,20.954,30.166,0.235,0.0,1.0,0.848,0.8,0.899,0.0,0.001,0.332,0.3553,0.0233,0.3553,0.8394,0.2303,1.75,1.715,0.0005,0.3531,1.11,0.11,-0.01,1.75,1.715,0.0005,0.3531,0.6831,0.4639,0.1746,0.7634,0.2821,1.55,0.668,urbanizing-majority,0.117,0.0083,0.8249,0.798,0.9013,0.6734,0.387,0.8257,62.28,False
RUS,Russia,Chuvash,low_fertility,1.1,1.52,1.5,1.68,1.0,0.82,-0.18,0.82,0.0,0.82,0.0,0.83,0.82,0.82,0.83,0.01,0.84,-0.16,0.02,1448204,1119818,0.352,0.0,0.0,1.69,unspecified,False,0.5,0.48,0.56,0.42,0.527,0.903,1.0,0.78,0.783,0.0,0.0,0.0,0.0,0.0,1.0,0.761,14.046,7.554,65.0,62.28,20.954,30.166,0.235,0.0,1.0,0.848,0.8,0.899,0.0,0.001,0.332,0.3553,0.0233,0.3553,0.8394,0.2303,1.75,1.715,0.0005,0.3531,0.84,-0.16,0.02,1.75,1.715,0.0005,0.3531,0.6831,0.4639,0.1746,0.7634,0.2821,1.55,0.668,urbanizing-majority,0.117,0.0083,0.8249,0.798,0.9013,0.6734,0.387,0.8257,62.28,False
RUS,Russia,Other,high_fertility,1.85,1.82,1.5,1.68,10.7,12.04,1.34,12.04,0.0,12.04,0.0,11.99,12.09,11.99,12.09,0.09,11.91,1.21,-0.13,15495785,16390142,0.352,0.0,0.0,1.69,unspecified,False,0.5,0.48,0.56,0.42,0.527,1.115,1.0,0.78,0.837,0.0,0.0,0.0,0.0,0.0,1.0,0.761,14.046,7.554,65.0,62.28,20.954,30.166,0.235,0.0,1.0,0.848,0.8,0.899,0.0,0.001,0.332,0.3553,0.0233,0.3553,0.8394,0.2303,1.75,1.715,0.0005,0.3531,11.91,1.21,-0.13,1.75,1.715,0.0005,0.3531,0.6831,0.4639,0.1746,0.7634,0.2821,1.55,0.668,urbanizing-majority,0.117,0.0083,0.8249,0.798,0.9013,0.6734,0.387,0.8257,62.28,False
RWA,Rwanda,Hutu,majority,3.8,3.04,3.8,3.04,85.0,85.0,0.0,85.0,0.0,85.0,0.0,85.0,85.0,85.0,85.0,0.0,85.0,0.0,0.0,12118087,19301719,0.0,0.0,0.0,1.25,unspecified,False,0.5,0.48,0.56,0.42,0.454,1.3,1.0,0.78,0.839,0.66,0.0,0.716,0.0,0.0,1.0,0.761,40.193,40.867,57.0,53.16,2.807,5.973,0.251,0.0,1.0,0.818,1.0,1.0,0.0,0.001,0.2578,0.2578,0.0,0.2578,0.5299,0.2927,1.47,1.611,0.0005,0.2578,85.0,0.0,0.0,1.47,1.611,0.0005,0.2578,0.4394,0.2148,0.1921,0.6995,0.1996,1.35,0.315,rural-heavy,0.0,0.1316,0.8165,0.6593,0.6638,0.1418,0.6467,0.0,53.16,True
RWA,Rwanda,Tutsi,majority,3.8,3.04,3.8,3.04,14.0,14.0,0.0,14.0,0.0,14.0,0.0,14.0,14.0,14.0,14.0,0.0,14.0,0.0,0.0,1995920,3179107,0.0,0.0,0.0,1.25,unspecified,False,0.5,0.48,0.56,0.42,0.454,1.145,1.0,0.78,0.804,0.66,0.0,0.716,0.0,0.0,1.0,0.761,40.193,40.867,57.0,53.16,2.807,5.973,0.251,0.0,1.0,0.818,1.0,1.0,0.0,0.001,0.2578,0.2578,0.0,0.2578,0.5299,0.2927,1.47,1.611,0.0005,0.2578,14.0,0.0,0.0,1.47,1.611,0.0005,0.2578,0.4394,0.2148,0.1921,0.6995,0.1996,1.35,0.315,rural-heavy,0.0,0.1316,0.8165,0.6593,0.6638,0.1418,0.6467,0.0,53.16,False
RWA,Rwanda,Twa,majority,3.8,3.04,3.8,3.04,1.0,1.0,0.0,1.0,0.0,1.0,0.0,1.0,1.0,1.0,1.0,0.0,1.0,0.0,0.0,142566,227079,0.0,0.0,0.0,1.25,unspecified,False,0.5,0.48,0.56,0.42,0.454,0.903,1.0,0.78,0.75,0.66,0.0,0.716,0.0,0.0,1.0,0.761,40.193,40.867,57.0,53.16,2.807,5.973,0.251,0.0,1.0,0.818,1.0,1.0,0.0,0.001,0.2578,0.2578,0.0,0.2578,0.5299,0.2927,1.47,1.611,0.0005,0.2578,1.0,0.0,0.0,1.47,1.611,0.0005,0.2578,0.4394,0.2148,0.1921,0.6995,0.1996,1.35,0.315,rural-heavy,0.0,0.1316,0.8165,0.6593,0.6638,0.1418,0.6467,0.0,53.16,False
SAU,Saudi Arabia,Saudi Arab,high_fertility,3.15,2.52,2.4,2.22,58.4,61.17,2.77,63.06,-1.89,61.2,-0.03,61.59,60.66,60.66,61.59,0.94,60.16,1.76,-1.01,19834247,29174142,0.0,0.0,0.0,1.5,unspecified,False,0.5,0.48,0.56,0.42,0.599,1.3,1.0,0.44,0.858,0.0,1.08,0.0,0.644,0.361,1.0,0.761,20.354,15.428,70.5,65.14,9.146,19.432,0.58,0.388,0.674,0.842,1.1,1.1,0.0,0.001,0.623,0.595,-0.028,0.595,1.6912,0.0912,2.019,2.122,0.0005,0.6055,60.16,1.76,-1.01,2.019,2.122,0.0005,0.6055,0.8219,0.312,0.114,0.8698,0.1592,2.47,0.55,mixed-rural-urban,0.0,0.004,0.9063,0.8697,0.9372,0.7823,0.161,0.3378,65.14,True
SAU,Saudi Arabia,Bangladeshi,immigrant,2.4,2.22,2.4,2.22,4.8,4.39,-0.41,4.19,0.2,4.39,-0.0,4.35,4.44,4.35,4.44,0.09,4.52,-0.28,0.13,1630212,2094305,0.0,0.0,0.0,1.5,BGD,True,0.735,0.788,0.68,0.84,0.599,1.031,1.0,0.44,0.909,0.0,1.08,0.0,0.644,0.361,1.0,0.761,20.354,15.428,70.5,65.14,9.146,19.432,0.58,0.388,0.674,0.842,1.1,1.1,0.0,0.001,0.623,0.595,-0.028,0.595,1.6912,0.0912,2.019,2.122,0.0005,0.6055,4.52,-0.28,0.13,2.019,2.122,0.0005,0.6055,0.8219,0.312,0.114,0.8698,0.1592,2.47,0.55,mixed-rural-urban,0.0,0.004,0.9063,0.8697,0.9372,0.7823,0.161,0.3378,65.14,False
SAU,Saudi Arabia,Indian,immigrant,2.4,2.22,2.4,2.22,4.4,4.02,-0.38,3.84,0.17,4.02,-0.0,3.98,4.06,3.98,4.06,0.08,4.13,-0.27,0.11,1494361,1916624,0.0,0.0,0.0,1.5,IND;PAK;BGD;LKA;NPL,True,0.718,0.719,0.752,0.684,0.599,1.022,1.0,0.44,0.898,0.0,1.08,0.0,0.644,0.361,1.0,0.761,20.354,15.428,70.5,65.14,9.146,19.432,0.58,0.388,0.674,0.842,1.1,1.1,0.0,0.001,0.623,0.595,-0.028,0.595,1.6912,0.0912,2.019,2.122,0.0005,0.6055,4.13,-0.27,0.11,2.019,2.122,0.0005,0.6055,0.8219,0.312,0.114,0.8698,0.1592,2.47,0.55,mixed-rural-urban,0.0,0.004,0.9063,0.8697,0.9372,0.7823,0.161,0.3378,65.14,False
SAU,Saudi Arabia,Pakistani,immigrant,2.4,2.22,2.4,2.22,3.9,3.57,-0.33,3.41,0.16,3.57,-0.0,3.54,3.61,3.54,3.61,0.07,3.67,-0.23,0.1,1324547,1702521,0.0,0.0,0.0,1.5,PAK,True,0.769,0.814,0.7,0.74,0.599,1.011,1.0,0.44,0.919,0.0,1.08,0.0,0.644,0.361,1.0,0.761,20.354,15.428,70.5,65.14,9.146,19.432,0.58,0.388,0.674,0.842,1.1,1.1,0.0,0.001,0.623,0.595,-0.028,0.595,1.6912,0.0912,2.019,2.122,0.0005,0.6055,3.67,-0.23,0.1,2.019,2.122,0.0005,0.6055,0.8219,0.312,0.114,0.8698,0.1592,2.47,0.55,mixed-rural-urban,0.0,0.004,0.9063,0.8697,0.9372,0.7823,0.161,0.3378,65.14,False
SAU,Saudi Arabia,Filipino,immigrant,2.4,2.22,2.4,2.22,2.7,2.47,-0.23,2.36,0.11,2.47,-0.0,2.44,2.49,2.44,2.49,0.05,2.54,-0.16,0.07,916994,1175804,0.0,0.0,0.0,1.5,PHL,True,0.759,0.718,0.88,0.64,0.599,0.977,1.0,0.44,0.902,0.0,1.08,0.0,0.644,0.361,1.0,0.761,20.354,15.428,70.5,65.14,9.146,19.432,0.58,0.388,0.674,0.842,1.1,1.1,0.0,0.001,0.623,0.595,-0.028,0.595,1.6912,0.0912,2.019,2.122,0.0005,0.6055,2.54,-0.16,0.07,2.019,2.122,0.0005,0.6055,0.8219,0.312,0.114,0.8698,0.1592,2.47,0.55,mixed-rural-urban,0.0,0.004,0.9063,0.8697,0.9372,0.7823,0.161,0.3378,65.14,False
SAU,Saudi Arabia,Egyptian,immigrant,2.8,2.38,2.4,2.22,2.4,2.41,0.01,2.29,0.11,2.41,-0.0,2.37,2.44,2.37,2.44,0.07,2.44,0.04,0.04,815106,1147445,0.0,0.0,0.0,1.5,EGY,True,0.7,0.706,0.72,0.66,0.599,0.967,1.22,0.44,0.941,0.0,1.08,0.0,0.644,0.361,1.0,0.761,20.354,15.428,70.5,65.14,9.146,19.432,0.58,0.388,0.674,0.842,1.1,1.1,0.0,0.001,0.623,0.595,-0.028,0.595,1.6912,0.0912,2.019,2.122,0.0005,0.6055,2.44,0.04,0.04,2.019,2.122,0.0005,0.6055,0.8219,0.312,0.114,0.8698,0.1592,2.47,0.55,mixed-rural-urban,0.0,0.004,0.9063,0.8697,0.9372,0.7823,0.161,0.3378,65.14,False
SAU,Saudi Arabia,Yemeni,immigrant,2.8,2.38,2.4,2.22,2.2,2.18,-0.02,2.1,0.07,2.18,-0.0,2.16,2.2,2.16,2.2,0.04,2.21,0.01,0.03,747181,1037819,0.0,0.0,0.0,1.5,unspecified,True,0.5,0.48,0.56,0.42,0.599,0.96,1.0,0.44,0.777,0.0,1.08,0.0,0.644,0.361,1.0,0.761,20.354,15.428,70.5,65.14,9.146,19.432,0.58,0.388,0.674,0.842,1.1,1.1,0.0,0.001,0.623,0.595,-0.028,0.595,1.6912,0.0912,2.019,2.122,0.0005,0.6055,2.21,0.01,0.03,2.019,2.122,0.0005,0.6055,0.8219,0.312,0.114,0.8698,0.1592,2.47,0.55,mixed-rural-urban,0.0,0.004,0.9063,0.8697,0.9372,0.7823,0.161,0.3378,65.14,False
SAU,Saudi Arabia,Sudanese,immigrant,2.8,2.38,2.4,2.22,1.5,1.54,0.04,1.43,0.11,1.51,0.03,1.51,1.58,1.51,1.58,0.07,1.57,0.07,0.02,509441,736115,0.0,0.0,0.0,1.5,NGA;ETH;GHA;KEN;UGA;TZA;RWA;COD;CIV;CMR;SEN;ZMB;ZWE;MOZ;MWI;AGO;SDN;SOM;ERI;BFA;NER;MLI;GIN;SLE;LBR;BEN;TGO;GMB,True,0.711,0.785,0.574,0.717,0.599,0.93,1.006,0.44,0.865,0.0,1.08,0.0,0.644,0.361,1.0,0.761,20.354,15.428,70.5,65.14,9.146,19.432,0.58,0.388,0.674,0.842,1.1,1.1,0.0,0.001,0.623,0.595,-0.028,0.595,1.6912,0.0912,2.019,2.122,0.0005,0.6055,1.57,0.07,0.02,2.019,2.122,0.0005,0.6055,0.8219,0.312,0.114,0.8698,0.1592,2.47,0.55,mixed-rural-urban,0.0,0.004,0.9063,0.8697,0.9372,0.7823,0.161,0.3378,65.14,False
SAU,Saudi Arabia,Syrian,immigrant,2.8,2.38,2.4,2.22,1.2,1.19,-0.01,1.15,0.05,1.19,-0.0,1.18,1.21,1.18,1.21,0.03,1.21,0.01,0.02,407553,569511,0.0,0.0,0.0,1.5,SYR,True,0.672,0.726,0.6,0.74,0.599,0.915,1.0,0.44,0.842,0.0,1.08,0.0,0.644,0.361,1.0,0.761,20.354,15.428,70.5,65.14,9.146,19.432,0.58,0.388,0.674,0.842,1.1,1.1,0.0,0.001,0.623,0.595,-0.028,0.595,1.6912,0.0912,2.019,2.122,0.0005,0.6055,1.21,0.01,0.02,2.019,2.122,0.0005,0.6055,0.8219,0.312,0.114,0.8698,0.1592,2.47,0.55,mixed-rural-urban,0.0,0.004,0.9063,0.8697,0.9372,0.7823,0.161,0.3378,65.14,False
SAU,Saudi Arabia,Nepali,immigrant,2.4,2.22,2.4,2.22,1.0,0.9,-0.1,0.87,0.03,0.9,-0.0,0.9,0.91,0.9,0.91,0.01,0.93,-0.07,0.03,339628,430838,0.0,0.0,0.0,1.5,unspecified,True,0.5,0.48,0.56,0.42,0.599,0.903,1.0,0.44,0.764,0.0,1.08,0.0,0.644,0.361,1.0,0.761,20.354,15.428,70.5,65.14,9.146,19.432,0.58,0.388,0.674,0.842,1.1,1.1,0.0,0.001,0.623,0.595,-0.028,0.595,1.6912,0.0912,2.019,2.122,0.0005,0.6055,0.93,-0.07,0.03,2.019,2.122,0.0005,0.6055,0.8219,0.312,0.114,0.8698,0.1592,2.47,0.55,mixed-rural-urban,0.0,0.004,0.9063,0.8697,0.9372,0.7823,0.161,0.3378,65.14,False
SAU,Saudi Arabia,Sri Lankan,immigrant,2.4,2.22,2.4,2.22,0.8,0.72,-0.08,0.7,0.02,0.72,-0.0,0.72,0.73,0.72,0.73,0.01,0.74,-0.06,0.02,271702,344589,0.0,0.0,0.0,1.5,unspecified,True,0.5,0.48,0.56,0.42,0.599,0.891,1.0,0.44,0.761,0.0,1.08,0.0,0.644,0.361,1.0,0.761,20.354,15.428,70.5,65.14,9.146,19.432,0.58,0.388,0.674,0.842,1.1,1.1,0.0,0.001,0.623,0.595,-0.028,0.595,1.6912,0.0912,2.019,2.122,0.0005,0.6055,0.74,-0.06,0.02,2.019,2.122,0.0005,0.6055,0.8219,0.312,0.114,0.8698,0.1592,2.47,0.55,mixed-rural-urban,0.0,0.004,0.9063,0.8697,0.9372,0.7823,0.161,0.3378,65.14,False
SAU,Saudi Arabia,Other foreign,immigrant,2.4,2.22,2.4,2.22,16.7,15.44,-1.26,14.59,0.85,15.43,0.01,15.25,15.67,15.25,15.67,0.42,15.88,-0.82,0.44,5671779,7364199,0.0,0.0,0.0,1.5,NGA;ETH;GHA;KEN;UGA;TZA;RWA;COD;CIV;CMR;SEN;ZMB;ZWE;MOZ;MWI;AGO;SDN;SOM;ERI;BFA;NER;MLI;GIN;SLE;LBR;BEN;TGO;GMB,True,0.711,0.785,0.574,0.717,0.599,1.165,1.006,0.44,0.945,0.0,1.08,0.0,0.644,0.361,1.0,0.761,20.354,15.428,70.5,65.14,9.146,19.432,0.58,0.388,0.674,0.842,1.1,1.1,0.0,0.001,0.623,0.595,-0.028,0.595,1.6912,0.0912,2.019,2.122,0.0005,0.6055,15.88,-0.82,0.44,2.019,2.122,0.0005,0.6055,0.8219,0.312,0.114,0.8698,0.1592,2.47,0.55,mixed-rural-urban,0.0,0.004,0.9063,0.8697,0.9372,0.7823,0.161,0.3378,65.14,False
SDN,Sudan,Sudanese Arab,majority,4.2,3.26,4.2,3.26,70.0,69.97,-0.03,69.97,0.0,69.97,0.0,69.98,69.97,69.97,69.98,0.01,69.91,-0.09,-0.06,35314272,59620180,0.0,0.0,0.0,1.25,unspecified,False,0.5,0.48,0.56,0.42,0.454,1.3,1.0,0.78,0.839,0.0,0.0,0.828,0.0,0.0,1.0,0.761,41.595,42.225,55.5,52.06,2.905,5.715,0.251,0.0,1.0,0.755,1.0,1.0,0.0,0.001,0.4968,0.4972,0.0005,0.4972,1.3508,0.3137,1.762,1.945,0.0005,0.498,69.91,-0.09,-0.06,1.762,1.945,0.0005,0.498,0.3254,0.2239,0.1156,0.5941,0.2872,1.99,0.346,rural-heavy,0.0,0.0261,0.73,0.4014,0.5287,0.0587,0.6861,0.0,52.06,True
SDN,Sudan,Beja,majority,4.2,3.26,4.2,3.26,6.0,5.99,-0.01,5.99,0.0,5.99,0.0,5.99,5.99,5.99,5.99,0.0,5.99,-0.01,0.0,3026938,5100893,0.0,0.0,0.0,1.25,unspecified,False,0.5,0.48,0.56,0.42,0.454,1.054,1.0,0.78,0.784,0.0,0.0,0.828,0.0,0.0,1.0,0.761,41.595,42.225,55.5,52.06,2.905,5.715,0.251,0.0,1.0,0.755,1.0,1.0,0.0,0.001,0.4968,0.4972,0.0005,0.4972,1.3508,0.3137,1.762,1.945,0.0005,0.498,5.99,-0.01,0.0,1.762,1.945,0.0005,0.498,0.3254,0.2239,0.1156,0.5941,0.2872,1.99,0.346,rural-heavy,0.0,0.0261,0.73,0.4014,0.5287,0.0587,0.6861,0.0,52.06,False
SDN,Sudan,Fur,majority,4.2,3.26,4.2,3.26,5.0,4.99,-0.01,4.99,0.0,4.99,0.0,4.99,4.99,4.99,4.99,0.0,4.99,-0.01,0.0,2522448,4250744,0.0,0.0,0.0,1.25,unspecified,False,0.5,0.48,0.56,0.42,0.454,1.035,1.0,0.78,0.78,0.0,0.0,0.828,0.0,0.0,1.0,0.761,41.595,42.225,55.5,52.06,2.905,5.715,0.251,0.0,1.0,0.755,1.0,1.0,0.0,0.001,0.4968,0.4972,0.0005,0.4972,1.3508,0.3137,1.762,1.945,0.0005,0.498,4.99,-0.01,0.0,1.762,1.945,0.0005,0.498,0.3254,0.2239,0.1156,0.5941,0.2872,1.99,0.346,rural-heavy,0.0,0.0261,0.73,0.4014,0.5287,0.0587,0.6861,0.0,52.06,False
SDN,Sudan,Nubian,majority,4.2,3.26,4.2,3.26,5.0,4.99,-0.01,4.99,0.0,4.99,0.0,4.99,4.99,4.99,4.99,0.0,4.99,-0.01,0.0,2522448,4250744,0.0,0.0,0.0,1.25,unspecified,False,0.5,0.48,0.56,0.42,0.454,1.035,1.0,0.78,0.78,0.0,0.0,0.828,0.0,0.0,1.0,0.761,41.595,42.225,55.5,52.06,2.905,5.715,0.251,0.0,1.0,0.755,1.0,1.0,0.0,0.001,0.4968,0.4972,0.0005,0.4972,1.3508,0.3137,1.762,1.945,0.0005,0.498,4.99,-0.01,0.0,1.762,1.945,0.0005,0.498,0.3254,0.2239,0.1156,0.5941,0.2872,1.99,0.346,rural-heavy,0.0,0.0261,0.73,0.4014,0.5287,0.0587,0.6861,0.0,52.06,False
SDN,Sudan,Zaghawa,majority,4.2,3.26,4.2,3.26,3.0,2.99,-0.01,2.99,0.0,2.99,0.0,2.99,2.99,2.99,2.99,0.0,2.99,-0.01,0.0,1513469,2550446,0.0,0.0,0.0,1.25,unspecified,False,0.5,0.48,0.56,0.42,0.454,0.986,1.0,0.78,0.769,0.0,0.0,0.828,0.0,0.0,1.0,0.761,41.595,42.225,55.5,52.06,2.905,5.715,0.251,0.0,1.0,0.755,1.0,1.0,0.0,0.001,0.4968,0.4972,0.0005,0.4972,1.3508,0.3137,1.762,1.945,0.0005,0.498,2.99,-0.01,0.0,1.762,1.945,0.0005,0.498,0.3254,0.2239,0.1156,0.5941,0.2872,1.99,0.346,rural-heavy,0.0,0.0261,0.73,0.4014,0.5287,0.0587,0.6861,0.0,52.06,False
SDN,Sudan,Nuba,majority,4.2,3.26,4.2,3.26,2.5,2.49,-0.01,2.49,0.0,2.49,0.0,2.49,2.49,2.49,2.49,0.0,2.49,-0.01,0.0,1261224,2125372,0.0,0.0,0.0,1.25,unspecified,False,0.5,0.48,0.56,0.42,0.454,0.97,1.0,0.78,0.765,0.0,0.0,0.828,0.0,0.0,1.0,0.761,41.595,42.225,55.5,52.06,2.905,5.715,0.251,0.0,1.0,0.755,1.0,1.0,0.0,0.001,0.4968,0.4972,0.0005,0.4972,1.3508,0.3137,1.762,1.945,0.0005,0.498,2.49,-0.01,0.0,1.762,1.945,0.0005,0.498,0.3254,0.2239,0.1156,0.5941,0.2872,1.99,0.346,rural-heavy,0.0,0.0261,0.73,0.4014,0.5287,0.0587,0.6861,0.0,52.06,False
SDN,Sudan,Masalit,majority,4.2,3.26,4.2,3.26,2.0,2.0,-0.0,2.0,0.0,2.0,0.0,2.0,2.0,2.0,2.0,0.0,2.0,-0.0,0.0,1008979,1700298,0.0,0.0,0.0,1.25,unspecified,False,0.5,0.48,0.56,0.42,0.454,0.952,1.0,0.78,0.761,0.0,0.0,0.828,0.0,0.0,1.0,0.761,41.595,42.225,55.5,52.06,2.905,5.715,0.251,0.0,1.0,0.755,1.0,1.0,0.0,0.001,0.4968,0.4972,0.0005,0.4972,1.3508,0.3137,1.762,1.945,0.0005,0.498,2.0,-0.0,0.0,1.762,1.945,0.0005,0.498,0.3254,0.2239,0.1156,0.5941,0.2872,1.99,0.346,rural-heavy,0.0,0.0261,0.73,0.4014,0.5287,0.0587,0.6861,0.0,52.06,False
SDN,Sudan,Fellata (Fulani),high_fertility,4.85,3.52,4.2,3.26,1.5,1.68,0.18,1.68,0.0,1.68,0.0,1.67,1.69,1.67,1.69,0.01,1.66,0.16,-0.02,756734,1431505,0.0,0.0,0.0,1.25,unspecified,False,0.5,0.48,0.56,0.42,0.454,0.93,1.0,0.78,0.756,0.0,0.0,0.828,0.0,0.0,1.0,0.761,41.595,42.225,55.5,52.06,2.905,5.715,0.251,0.0,1.0,0.755,1.0,1.0,0.0,0.001,0.4968,0.4972,0.0005,0.4972,1.3508,0.3137,1.762,1.945,0.0005,0.498,1.66,0.16,-0.02,1.762,1.945,0.0005,0.498,0.3254,0.2239,0.1156,0.5941,0.2872,1.99,0.346,rural-heavy,0.0,0.0261,0.73,0.4014,0.5287,0.0587,0.6861,0.0,52.06,False
SDN,Sudan,Other,assimilating,4.2,3.26,4.2,3.26,5.0,4.9,-0.1,4.9,0.0,4.9,0.0,4.9,4.9,4.9,4.9,0.0,4.97,-0.03,0.07,2522448,4176200,0.0,0.0,0.0,1.25,unspecified,False,0.5,0.48,0.56,0.42,0.454,1.035,1.0,0.78,0.78,0.0,0.0,0.828,0.0,0.0,1.0,0.761,41.595,42.225,55.5,52.06,2.905,5.715,0.251,0.0,1.0,0.755,1.0,1.0,0.0,0.001,0.4968,0.4972,0.0005,0.4972,1.3508,0.3137,1.762,1.945,0.0005,0.498,4.97,-0.03,0.07,1.762,1.945,0.0005,0.498,0.3254,0.2239,0.1156,0.5941,0.2872,1.99,0.346,rural-heavy,0.0,0.0261,0.73,0.4014,0.5287,0.0587,0.6861,0.0,52.06,False
SEN,Senegal,Wolof,majority,4.2,3.26,4.2,3.26,39.7,39.82,0.12,39.82,0.0,39.82,0.0,39.82,39.82,39.82,39.82,0.0,39.75,0.05,-0.07,7345289,12091832,0.0,0.0,0.0,1.25,unspecified,False,0.5,0.48,0.56,0.42,0.454,1.265,1.0,0.78,0.831,0.6,0.0,0.738,0.0,0.0,1.0,0.761,40.234,41.45,57.5,53.74,2.265,4.81,0.251,0.0,1.0,0.798,1.0,1.0,0.0,0.001,0.7336,0.7328,-0.0008,0.7328,2.2161,0.2827,2.065,2.277,0.0005,0.7334,39.75,0.05,-0.07,2.065,2.277,0.0005,0.7334,0.4109,0.2463,0.1857,0.6499,0.2533,3.74,0.403,mixed-rural-urban,0.0,0.1368,0.8411,0.51,0.6912,0.166,0.6087,0.0,53.74,True
SEN,Senegal,Pular (Fula),majority,4.2,3.26,4.2,3.26,27.5,27.49,-0.01,27.49,0.0,27.49,0.0,27.49,27.49,27.49,27.49,0.0,27.49,-0.01,-0.0,5088047,8347204,0.0,0.0,0.0,1.25,unspecified,False,0.5,0.48,0.56,0.42,0.454,1.222,1.0,0.78,0.821,0.6,0.0,0.738,0.0,0.0,1.0,0.761,40.234,41.45,57.5,53.74,2.265,4.81,0.251,0.0,1.0,0.798,1.0,1.0,0.0,0.001,0.7336,0.7328,-0.0008,0.7328,2.2161,0.2827,2.065,2.277,0.0005,0.7334,27.49,-0.01,-0.0,2.065,2.277,0.0005,0.7334,0.4109,0.2463,0.1857,0.6499,0.2533,3.74,0.403,mixed-rural-urban,0.0,0.1368,0.8411,0.51,0.6912,0.166,0.6087,0.0,53.74,False
SEN,Senegal,Serer,majority,4.2,3.26,4.2,3.26,16.0,15.99,-0.01,15.99,0.0,15.99,0.0,15.99,15.99,15.99,15.99,0.0,15.99,-0.01,-0.0,2960318,4856555,0.0,0.0,0.0,1.25,unspecified,False,0.5,0.48,0.56,0.42,0.454,1.16,1.0,0.78,0.807,0.6,0.0,0.738,0.0,0.0,1.0,0.761,40.234,41.45,57.5,53.74,2.265,4.81,0.251,0.0,1.0,0.798,1.0,1.0,0.0,0.001,0.7336,0.7328,-0.0008,0.7328,2.2161,0.2827,2.065,2.277,0.0005,0.7334,15.99,-0.01,-0.0,2.065,2.277,0.0005,0.7334,0.4109,0.2463,0.1857,0.6499,0.2533,3.74,0.403,mixed-rural-urban,0.0,0.1368,0.8411,0.51,0.6912,0.166,0.6087,0.0,53.74,False
SEN,Senegal,Mandinka,majority,4.2,3.26,4.2,3.26,4.9,4.9,-0.0,4.9,0.0,4.9,0.0,4.9,4.9,4.9,4.9,0.0,4.9,-0.0,-0.0,906597,1487320,0.0,0.0,0.0,1.25,unspecified,False,0.5,0.48,0.56,0.42,0.454,1.033,1.0,0.78,0.779,0.6,0.0,0.738,0.0,0.0,1.0,0.761,40.234,41.45,57.5,53.74,2.265,4.81,0.251,0.0,1.0,0.798,1.0,1.0,0.0,0.001,0.7336,0.7328,-0.0008,0.7328,2.2161,0.2827,2.065,2.277,0.0005,0.7334,4.9,-0.0,-0.0,2.065,2.277,0.0005,0.7334,0.4109,0.2463,0.1857,0.6499,0.2533,3.74,0.403,mixed-rural-urban,0.0,0.1368,0.8411,0.51,0.6912,0.166,0.6087,0.0,53.74,False
SEN,Senegal,Jola,majority,4.2,3.26,4.2,3.26,4.2,4.2,-0.0,4.2,0.0,4.2,0.0,4.2,4.2,4.2,4.2,0.0,4.2,-0.0,-0.0,777083,1274846,0.0,0.0,0.0,1.25,unspecified,False,0.5,0.48,0.56,0.42,0.454,1.018,1.0,0.78,0.776,0.6,0.0,0.738,0.0,0.0,1.0,0.761,40.234,41.45,57.5,53.74,2.265,4.81,0.251,0.0,1.0,0.798,1.0,1.0,0.0,0.001,0.7336,0.7328,-0.0008,0.7328,2.2161,0.2827,2.065,2.277,0.0005,0.7334,4.2,-0.0,-0.0,2.065,2.277,0.0005,0.7334,0.4109,0.2463,0.1857,0.6499,0.2533,3.74,0.403,mixed-rural-urban,0.0,0.1368,0.8411,0.51,0.6912,0.166,0.6087,0.0,53.74,False
SEN,Senegal,Soninke,majority,4.2,3.26,4.2,3.26,2.4,2.4,-0.0,2.4,0.0,2.4,0.0,2.4,2.4,2.4,2.4,0.0,2.4,-0.0,-0.0,444048,728483,0.0,0.0,0.0,1.25,unspecified,False,0.5,0.48,0.56,0.42,0.454,0.967,1.0,0.78,0.765,0.6,0.0,0.738,0.0,0.0,1.0,0.761,40.234,41.45,57.5,53.74,2.265,4.81,0.251,0.0,1.0,0.798,1.0,1.0,0.0,0.001,0.7336,0.7328,-0.0008,0.7328,2.2161,0.2827,2.065,2.277,0.0005,0.7334,2.4,-0.0,-0.0,2.065,2.277,0.0005,0.7334,0.4109,0.2463,0.1857,0.6499,0.2533,3.74,0.403,mixed-rural-urban,0.0,0.1368,0.8411,0.51,0.6912,0.166,0.6087,0.0,53.74,False
SEN,Senegal,Other,assimilating,4.2,3.26,4.2,3.26,5.3,5.2,-0.1,5.2,0.0,5.2,0.0,5.2,5.2,5.2,5.2,0.0,5.27,-0.03,0.07,980605,1578713,0.0,0.0,0.0,1.25,unspecified,False,0.5,0.48,0.56,0.42,0.454,1.041,1.0,0.78,0.781,0.6,0.0,0.738,0.0,0.0,1.0,0.761,40.234,41.45,57.5,53.74,2.265,4.81,0.251,0.0,1.0,0.798,1.0,1.0,0.0,0.001,0.7336,0.7328,-0.0008,0.7328,2.2161,0.2827,2.065,2.277,0.0005,0.7334,5.27,-0.03,0.07,2.065,2.277,0.0005,0.7334,0.4109,0.2463,0.1857,0.6499,0.2533,3.74,0.403,mixed-rural-urban,0.0,0.1368,0.8411,0.51,0.6912,0.166,0.6087,0.0,53.74,False
SGP,Singapore,Chinese,majority,0.9,1.29,1.0,1.33,74.3,70.75,-3.55,71.3,-0.55,70.8,-0.05,71.04,70.43,70.43,71.04,0.6,71.06,-3.24,0.31,4333464,4303070,0.471,0.0,0.0,2.384,CHN,False,0.52,0.502,0.58,0.45,0.79,1.3,1.0,0.58,1.014,0.0,1.16,0.0,0.701,0.252,1.0,0.761,8.371,3.247,73.0,72.76,18.629,23.993,0.52,0.04,0.99,0.896,1.2,1.398,0.0,0.001,0.4214,0.4648,0.0433,0.4648,1.1548,0.1113,1.88,1.84,0.0005,0.4615,71.06,-3.24,0.31,1.88,1.84,0.0005,0.4615,0.8356,0.542,0.1393,0.8882,0.2184,1.87,0.718,urbanizing-majority,0.133,0.0028,0.9774,0.874,1.0,0.8215,0.1962,0.5451,72.76,True
SGP,Singapore,Malay,high_fertility,1.35,1.47,1.0,1.33,13.5,16.13,2.63,16.26,-0.13,16.14,-0.01,16.07,16.18,16.07,16.18,0.11,15.81,2.31,-0.32,787372,981018,0.471,0.0,0.0,2.384,unspecified,False,0.5,0.48,0.56,0.42,0.79,1.141,1.0,0.58,0.941,0.0,1.16,0.0,0.701,0.252,1.0,0.761,8.371,3.247,73.0,72.76,18.629,23.993,0.52,0.04,0.99,0.896,1.2,1.398,0.0,0.001,0.4214,0.4648,0.0433,0.4648,1.1548,0.1113,1.88,1.84,0.0005,0.4615,15.81,2.31,-0.32,1.88,1.84,0.0005,0.4615,0.8356,0.542,0.1393,0.8882,0.2184,1.87,0.718,urbanizing-majority,0.133,0.0028,0.9774,0.874,1.0,0.8215,0.1962,0.5451,72.76,False
SGP,Singapore,Indian,majority,1.0,1.33,1.0,1.33,9.0,9.1,0.1,9.07,0.03,9.11,-0.01,9.09,9.11,9.09,9.11,0.02,9.09,0.09,-0.01,524915,553467,0.471,0.0,0.0,2.384,IND;PAK;BGD;LKA;NPL,True,0.718,0.719,0.752,0.684,0.79,1.096,1.0,0.58,1.09,0.0,1.16,0.0,0.701,0.252,1.0,0.761,8.371,3.247,73.0,72.76,18.629,23.993,0.52,0.04,0.99,0.896,1.2,1.398,0.0,0.001,0.4214,0.4648,0.0433,0.4648,1.1548,0.1113,1.88,1.84,0.0005,0.4615,9.09,0.09,-0.01,1.88,1.84,0.0005,0.4615,0.8356,0.542,0.1393,0.8882,0.2184,1.87,0.718,urbanizing-majority,0.133,0.0028,0.9774,0.874,1.0,0.8215,0.1962,0.5451,72.76,False
SGP,Singapore,Filipino,immigrant,1.7,1.61,1.0,1.33,0.7,1.09,0.39,0.92,0.17,1.09,-0.0,1.03,1.17,1.03,1.17,0.14,1.07,0.37,-0.02,40827,66352,0.471,0.0,0.0,2.384,PHL,True,0.759,0.718,0.88,0.64,0.79,0.884,1.0,0.58,1.011,0.0,1.16,0.0,0.701,0.252,1.0,0.761,8.371,3.247,73.0,72.76,18.629,23.993,0.52,0.04,0.99,0.896,1.2,1.398,0.0,0.001,0.4214,0.4648,0.0433,0.4648,1.1548,0.1113,1.88,1.84,0.0005,0.4615,1.07,0.37,-0.02,1.88,1.84,0.0005,0.4615,0.8356,0.542,0.1393,0.8882,0.2184,1.87,0.718,urbanizing-majority,0.133,0.0028,0.9774,0.874,1.0,0.8215,0.1962,0.5451,72.76,False
SGP,Singapore,Malaysian,immigrant,1.0,1.33,1.0,1.33,0.6,0.69,0.09,0.6,0.09,0.69,-0.0,0.66,0.72,0.66,0.72,0.06,0.7,0.1,0.01,34994,41913,0.471,0.0,0.0,2.384,unspecified,True,0.5,0.48,0.56,0.42,0.79,0.876,1.0,0.58,0.851,0.0,1.16,0.0,0.701,0.252,1.0,0.761,8.371,3.247,73.0,72.76,18.629,23.993,0.52,0.04,0.99,0.896,1.2,1.398,0.0,0.001,0.4214,0.4648,0.0433,0.4648,1.1548,0.1113,1.88,1.84,0.0005,0.4615,0.7,0.1,0.01,1.88,1.84,0.0005,0.4615,0.8356,0.542,0.1393,0.8882,0.2184,1.87,0.718,urbanizing-majority,0.133,0.0028,0.9774,0.874,1.0,0.8215,0.1962,0.5451,72.76,False
SGP,Singapore,Thai,immigrant,1.0,1.33,1.0,1.33,0.3,0.34,0.04,0.3,0.04,0.34,-0.0,0.33,0.36,0.33,0.36,0.03,0.35,0.05,0.0,17497,20927,0.471,0.0,0.0,2.384,unspecified,True,0.5,0.48,0.56,0.42,0.79,0.851,1.0,0.58,0.842,0.0,1.16,0.0,0.701,0.252,1.0,0.761,8.371,3.247,73.0,72.76,18.629,23.993,0.52,0.04,0.99,0.896,1.2,1.398,0.0,0.001,0.4214,0.4648,0.0433,0.4648,1.1548,0.1113,1.88,1.84,0.0005,0.4615,0.35,0.05,0.0,1.88,1.84,0.0005,0.4615,0.8356,0.542,0.1393,0.8882,0.2184,1.87,0.718,urbanizing-majority,0.133,0.0028,0.9774,0.874,1.0,0.8215,0.1962,0.5451,72.76,False
SGP,Singapore,Indonesian,immigrant,1.0,1.33,1.0,1.33,0.4,0.47,0.07,0.4,0.07,0.47,-0.0,0.45,0.5,0.45,0.5,0.05,0.48,0.08,0.01,23330,28601,0.471,0.0,0.0,2.384,IDN,True,0.736,0.74,0.78,0.76,0.79,0.86,1.0,0.58,0.985,0.0,1.16,0.0,0.701,0.252,1.0,0.761,8.371,3.247,73.0,72.76,18.629,23.993,0.52,0.04,0.99,0.896,1.2,1.398,0.0,0.001,0.4214,0.4648,0.0433,0.4648,1.1548,0.1113,1.88,1.84,0.0005,0.4615,0.48,0.08,0.01,1.88,1.84,0.0005,0.4615,0.8356,0.542,0.1393,0.8882,0.2184,1.87,0.718,urbanizing-majority,0.133,0.0028,0.9774,0.874,1.0,0.8215,0.1962,0.5451,72.76,False
SGP,Singapore,White (Western expatriates),immigrant,0.8,1.25,1.0,1.33,0.5,0.52,0.02,0.45,0.07,0.52,-0.0,0.5,0.54,0.5,0.54,0.04,0.53,0.03,0.01,29162,31446,0.471,0.0,0.0,2.384,unspecified,True,0.5,0.48,0.56,0.42,0.79,0.869,1.0,0.58,0.848,0.0,1.16,0.0,0.701,0.252,1.0,0.761,8.371,3.247,73.0,72.76,18.629,23.993,0.52,0.04,0.99,0.896,1.2,1.398,0.0,0.001,0.4214,0.4648,0.0433,0.4648,1.1548,0.1113,1.88,1.84,0.0005,0.4615,0.53,0.03,0.01,1.88,1.84,0.0005,0.4615,0.8356,0.542,0.1393,0.8882,0.2184,1.87,0.718,urbanizing-majority,0.133,0.0028,0.9774,0.874,1.0,0.8215,0.1962,0.5451,72.76,False
SGP,Singapore,Other,immigrant,1.0,1.33,1.0,1.33,0.7,0.9,0.2,0.7,0.2,0.83,0.07,0.84,0.98,0.84,0.98,0.14,0.91,0.21,0.01,40827,54900,0.471,0.0,0.0,2.384,NGA;ETH;GHA;KEN;UGA;TZA;RWA;COD;CIV;CMR;SEN;ZMB;ZWE;MOZ;MWI;AGO;SDN;SOM;ERI;BFA;NER;MLI;GIN;SLE;LBR;BEN;TGO;GMB,True,0.711,0.785,0.574,0.717,0.79,0.884,1.002,0.58,0.982,0.0,1.16,0.0,0.701,0.252,1.0,0.761,8.371,3.247,73.0,72.76,18.629,23.993,0.52,0.04,0.99,0.896,1.2,1.398,0.0,0.001,0.4214,0.4648,0.0433,0.4648,1.1548,0.1113,1.88,1.84,0.0005,0.4615,0.91,0.21,0.01,1.88,1.84,0.0005,0.4615,0.8356,0.542,0.1393,0.8882,0.2184,1.87,0.718,urbanizing-majority,0.133,0.0028,0.9774,0.874,1.0,0.8215,0.1962,0.5451,72.76,False
SLB,Solomon Islands,Melanesian,majority,3.5,2.87,3.5,2.87,95.3,95.28,-0.02,95.31,-0.03,95.28,0.0,95.29,95.27,95.27,95.29,0.02,95.27,-0.03,-0.01,780703,1247307,0.0,0.0,0.0,1.25,unspecified,False,0.5,0.48,0.56,0.42,0.454,1.3,1.0,0.78,0.839,0.0,0.0,0.0,0.0,0.0,1.0,0.761,36.145,36.387,61.0,55.8,2.855,7.813,0.251,0.004,0.999,0.814,1.0,1.0,0.0,0.001,0.0907,0.0911,0.0004,0.0911,0.1885,0.2035,1.407,1.377,0.0005,0.0912,95.27,-0.03,-0.01,1.407,1.377,0.0005,0.0912,0.5656,0.297,0.1149,0.7132,0.2356,1.1,0.55,mixed-rural-urban,0.0,0.1327,0.8722,0.6677,0.6322,0.4201,0.4324,0.0,55.8,True
SLB,Solomon Islands,Polynesian,majority,3.5,2.87,3.5,2.87,3.1,3.1,-0.0,3.1,-0.0,3.1,0.0,3.1,3.1,3.1,3.1,0.0,3.1,-0.0,-0.0,25395,40569,0.0,0.0,0.0,1.25,unspecified,False,0.5,0.48,0.56,0.42,0.454,0.989,1.0,0.78,0.77,0.0,0.0,0.0,0.0,0.0,1.0,0.761,36.145,36.387,61.0,55.8,2.855,7.813,0.251,0.004,0.999,0.814,1.0,1.0,0.0,0.001,0.0907,0.0911,0.0004,0.0911,0.1885,0.2035,1.407,1.377,0.0005,0.0912,3.1,-0.0,-0.0,1.407,1.377,0.0005,0.0912,0.5656,0.297,0.1149,0.7132,0.2356,1.1,0.55,mixed-rural-urban,0.0,0.1327,0.8722,0.6677,0.6322,0.4201,0.4324,0.0,55.8,False
SLB,Solomon Islands,Micronesian,majority,3.5,2.87,3.5,2.87,1.2,1.2,-0.0,1.2,-0.0,1.2,0.0,1.2,1.2,1.2,1.2,0.0,1.2,-0.0,-0.0,9830,15704,0.0,0.0,0.0,1.25,unspecified,False,0.5,0.48,0.56,0.42,0.454,0.915,1.0,0.78,0.753,0.0,0.0,0.0,0.0,0.0,1.0,0.761,36.145,36.387,61.0,55.8,2.855,7.813,0.251,0.004,0.999,0.814,1.0,1.0,0.0,0.001,0.0907,0.0911,0.0004,0.0911,0.1885,0.2035,1.407,1.377,0.0005,0.0912,1.2,-0.0,-0.0,1.407,1.377,0.0005,0.0912,0.5656,0.297,0.1149,0.7132,0.2356,1.1,0.55,mixed-rural-urban,0.0,0.1327,0.8722,0.6677,0.6322,0.4201,0.4324,0.0,55.8,False
SLB,Solomon Islands,Other,immigrant,3.5,2.87,3.5,2.87,0.4,0.42,0.02,0.39,0.03,0.42,0.0,0.41,0.43,0.41,0.43,0.02,0.43,0.03,0.01,3277,5532,0.0,0.0,0.0,1.25,unspecified,True,0.5,0.48,0.56,0.42,0.454,0.86,1.0,0.78,0.741,0.0,0.0,0.0,0.0,0.0,1.0,0.761,36.145,36.387,61.0,55.8,2.855,7.813,0.251,0.004,0.999,0.814,1.0,1.0,0.0,0.001,0.0907,0.0911,0.0004,0.0911,0.1885,0.2035,1.407,1.377,0.0005,0.0912,0.43,0.03,0.01,1.407,1.377,0.0005,0.0912,0.5656,0.297,0.1149,0.7132,0.2356,1.1,0.55,mixed-rural-urban,0.0,0.1327,0.8722,0.6677,0.6322,0.4201,0.4324,0.0,55.8,False
SLE,Sierra Leone,Temne,majority,4.0,3.15,4.0,3.15,35.5,35.77,0.27,35.77,0.0,35.77,0.0,35.77,35.77,35.77,35.77,0.0,35.6,0.1,-0.16,3067920,4631267,0.0,0.0,0.0,1.25,unspecified,False,0.5,0.48,0.56,0.42,0.454,1.252,1.0,0.78,0.828,0.0,0.0,0.778,0.0,0.0,1.0,0.761,40.896,41.784,56.5,52.98,2.604,5.236,0.251,0.0,1.0,0.757,1.0,1.0,0.0,0.001,0.7416,0.7404,-0.0012,0.7404,2.2598,0.3142,2.034,2.288,0.0005,0.7412,35.6,0.1,-0.16,2.034,2.288,0.0005,0.7412,0.3394,0.2231,0.1411,0.6013,0.2819,3.85,0.329,rural-heavy,0.0,0.0633,0.6736,0.4455,0.497,0.0707,0.6688,0.0,52.98,True
SLE,Sierra Leone,Mende,majority,4.0,3.15,4.0,3.15,33.2,33.17,-0.03,33.17,0.0,33.17,0.0,33.17,33.17,33.17,33.17,0.0,33.17,-0.03,-0.0,2869154,4294988,0.0,0.0,0.0,1.25,unspecified,False,0.5,0.48,0.56,0.42,0.454,1.244,1.0,0.78,0.826,0.0,0.0,0.778,0.0,0.0,1.0,0.761,40.896,41.784,56.5,52.98,2.604,5.236,0.251,0.0,1.0,0.757,1.0,1.0,0.0,0.001,0.7416,0.7404,-0.0012,0.7404,2.2598,0.3142,2.034,2.288,0.0005,0.7412,33.17,-0.03,-0.0,2.034,2.288,0.0005,0.7412,0.3394,0.2231,0.1411,0.6013,0.2819,3.85,0.329,rural-heavy,0.0,0.0633,0.6736,0.4455,0.497,0.0707,0.6688,0.0,52.98,False
SLE,Sierra Leone,Limba,majority,4.0,3.15,4.0,3.15,6.4,6.39,-0.01,6.39,0.0,6.39,0.0,6.39,6.39,6.39,6.39,0.0,6.39,-0.01,-0.0,553090,827950,0.0,0.0,0.0,1.25,unspecified,False,0.5,0.48,0.56,0.42,0.454,1.06,1.0,0.78,0.785,0.0,0.0,0.778,0.0,0.0,1.0,0.761,40.896,41.784,56.5,52.98,2.604,5.236,0.251,0.0,1.0,0.757,1.0,1.0,0.0,0.001,0.7416,0.7404,-0.0012,0.7404,2.2598,0.3142,2.034,2.288,0.0005,0.7412,6.39,-0.01,-0.0,2.034,2.288,0.0005,0.7412,0.3394,0.2231,0.1411,0.6013,0.2819,3.85,0.329,rural-heavy,0.0,0.0633,0.6736,0.4455,0.497,0.0707,0.6688,0.0,52.98,False
SLE,Sierra Leone,Kono,majority,4.0,3.15,4.0,3.15,4.4,4.4,-0.0,4.4,0.0,4.4,0.0,4.4,4.4,4.4,4.4,0.0,4.4,-0.0,-0.0,380249,569215,0.0,0.0,0.0,1.25,unspecified,False,0.5,0.48,0.56,0.42,0.454,1.022,1.0,0.78,0.777,0.0,0.0,0.778,0.0,0.0,1.0,0.761,40.896,41.784,56.5,52.98,2.604,5.236,0.251,0.0,1.0,0.757,1.0,1.0,0.0,0.001,0.7416,0.7404,-0.0012,0.7404,2.2598,0.3142,2.034,2.288,0.0005,0.7412,4.4,-0.0,-0.0,2.034,2.288,0.0005,0.7412,0.3394,0.2231,0.1411,0.6013,0.2819,3.85,0.329,rural-heavy,0.0,0.0633,0.6736,0.4455,0.497,0.0707,0.6688,0.0,52.98,False
SLE,Sierra Leone,Krio (Creole),majority,4.0,3.15,4.0,3.15,3.4,3.4,-0.0,3.4,0.0,3.4,0.0,3.4,3.4,3.4,3.4,0.0,3.4,-0.0,-0.0,293829,439848,0.0,0.0,0.0,1.25,unspecified,False,0.5,0.48,0.56,0.42,0.454,0.998,1.0,0.78,0.771,0.0,0.0,0.778,0.0,0.0,1.0,0.761,40.896,41.784,56.5,52.98,2.604,5.236,0.251,0.0,1.0,0.757,1.0,1.0,0.0,0.001,0.7416,0.7404,-0.0012,0.7404,2.2598,0.3142,2.034,2.288,0.0005,0.7412,3.4,-0.0,-0.0,2.034,2.288,0.0005,0.7412,0.3394,0.2231,0.1411,0.6013,0.2819,3.85,0.329,rural-heavy,0.0,0.0633,0.6736,0.4455,0.497,0.0707,0.6688,0.0,52.98,False
SLE,Sierra Leone,Koranko,majority,4.0,3.15,4.0,3.15,2.9,2.9,-0.0,2.9,0.0,2.9,0.0,2.9,2.9,2.9,2.9,0.0,2.9,-0.0,-0.0,250619,375165,0.0,0.0,0.0,1.25,unspecified,False,0.5,0.48,0.56,0.42,0.454,0.983,1.0,0.78,0.768,0.0,0.0,0.778,0.0,0.0,1.0,0.761,40.896,41.784,56.5,52.98,2.604,5.236,0.251,0.0,1.0,0.757,1.0,1.0,0.0,0.001,0.7416,0.7404,-0.0012,0.7404,2.2598,0.3142,2.034,2.288,0.0005,0.7412,2.9,-0.0,-0.0,2.034,2.288,0.0005,0.7412,0.3394,0.2231,0.1411,0.6013,0.2819,3.85,0.329,rural-heavy,0.0,0.0633,0.6736,0.4455,0.497,0.0707,0.6688,0.0,52.98,False
SLE,Sierra Leone,Sherbro,majority,4.0,3.15,4.0,3.15,2.6,2.6,-0.0,2.6,0.0,2.6,0.0,2.6,2.6,2.6,2.6,0.0,2.6,-0.0,-0.0,224693,336354,0.0,0.0,0.0,1.25,unspecified,False,0.5,0.48,0.56,0.42,0.454,0.974,1.0,0.78,0.766,0.0,0.0,0.778,0.0,0.0,1.0,0.761,40.896,41.784,56.5,52.98,2.604,5.236,0.251,0.0,1.0,0.757,1.0,1.0,0.0,0.001,0.7416,0.7404,-0.0012,0.7404,2.2598,0.3142,2.034,2.288,0.0005,0.7412,2.6,-0.0,-0.0,2.034,2.288,0.0005,0.7412,0.3394,0.2231,0.1411,0.6013,0.2819,3.85,0.329,rural-heavy,0.0,0.0633,0.6736,0.4455,0.497,0.0707,0.6688,0.0,52.98,False
SLE,Sierra Leone,Other,assimilating,4.0,3.15,4.0,3.15,11.6,11.38,-0.22,11.38,0.0,11.38,0.0,11.38,11.38,11.38,11.38,0.0,11.54,-0.06,0.16,1002475,1473544,0.0,0.0,0.0,1.25,unspecified,False,0.5,0.48,0.56,0.42,0.454,1.124,1.0,0.78,0.799,0.0,0.0,0.778,0.0,0.0,1.0,0.761,40.896,41.784,56.5,52.98,2.604,5.236,0.251,0.0,1.0,0.757,1.0,1.0,0.0,0.001,0.7416,0.7404,-0.0012,0.7404,2.2598,0.3142,2.034,2.288,0.0005,0.7412,11.54,-0.06,0.16,2.034,2.288,0.0005,0.7412,0.3394,0.2231,0.1411,0.6013,0.2819,3.85,0.329,rural-heavy,0.0,0.0633,0.6736,0.4455,0.497,0.0707,0.6688,0.0,52.98,False
SLV,El Salvador,Mestizo,majority,1.9,1.96,1.9,1.96,86.3,88.46,2.16,88.46,0.0,88.46,0.0,88.38,88.54,88.38,88.54,0.16,88.22,1.92,-0.24,5469864,5894462,0.086,0.0,0.0,1.384,unspecified,False,0.5,0.48,0.56,0.42,0.483,1.3,1.0,0.78,0.857,0.0,0.0,0.595,0.0,0.0,1.0,0.761,27.505,23.064,65.5,59.98,6.995,16.956,0.251,0.0,1.0,0.846,1.0,1.03,0.0,0.001,0.239,0.2064,-0.0326,0.2064,0.425,0.1668,1.557,1.585,0.0005,0.2102,88.22,1.92,-0.24,1.557,1.585,0.0005,0.2102,0.6369,0.3094,0.0938,0.74,0.2278,1.26,0.512,mixed-rural-urban,0.042,0.1064,0.8619,0.7036,0.7958,0.4962,0.2329,0.2253,59.98,True
SLV,El Salvador,White,low_fertility,1.3,1.72,1.9,1.96,12.7,10.47,-2.23,10.47,0.0,10.47,0.0,10.55,10.39,10.39,10.55,0.16,10.71,-1.99,0.24,804951,697744,0.086,0.0,0.0,1.384,unspecified,False,0.5,0.48,0.56,0.42,0.483,1.134,1.0,0.78,0.818,0.0,0.0,0.595,0.0,0.0,1.0,0.761,27.505,23.064,65.5,59.98,6.995,16.956,0.251,0.0,1.0,0.846,1.0,1.03,0.0,0.001,0.239,0.2064,-0.0326,0.2064,0.425,0.1668,1.557,1.585,0.0005,0.2102,10.71,-1.99,0.24,1.557,1.585,0.0005,0.2102,0.6369,0.3094,0.0938,0.74,0.2278,1.26,0.512,mixed-rural-urban,0.042,0.1064,0.8619,0.7036,0.7958,0.4962,0.2329,0.2253,59.98,False
SLV,El Salvador,Indigenous (Nahua-Pipil),high_fertility,2.75,2.3,1.9,1.96,0.2,0.26,0.06,0.26,0.0,0.26,0.0,0.26,0.26,0.26,0.26,0.0,0.25,0.05,-0.01,12676,17362,0.086,0.0,0.0,1.384,unspecified,False,0.5,0.48,0.56,0.42,0.483,0.842,1.0,0.78,0.749,0.0,0.0,0.595,0.0,0.0,1.0,0.761,27.505,23.064,65.5,59.98,6.995,16.956,0.251,0.0,1.0,0.846,1.0,1.03,0.0,0.001,0.239,0.2064,-0.0326,0.2064,0.425,0.1668,1.557,1.585,0.0005,0.2102,0.25,0.05,-0.01,1.557,1.585,0.0005,0.2102,0.6369,0.3094,0.0938,0.74,0.2278,1.26,0.512,mixed-rural-urban,0.042,0.1064,0.8619,0.7036,0.7958,0.4962,0.2329,0.2253,59.98,False
SLV,El Salvador,Other,assimilating,1.9,1.96,1.9,1.96,0.8,0.81,0.01,0.81,0.0,0.81,0.0,0.81,0.81,0.81,0.81,0.0,0.82,0.02,0.01,50706,53780,0.086,0.0,0.0,1.384,unspecified,False,0.5,0.48,0.56,0.42,0.483,0.891,1.0,0.78,0.76,0.0,0.0,0.595,0.0,0.0,1.0,0.761,27.505,23.064,65.5,59.98,6.995,16.956,0.251,0.0,1.0,0.846,1.0,1.03,0.0,0.001,0.239,0.2064,-0.0326,0.2064,0.425,0.1668,1.557,1.585,0.0005,0.2102,0.82,0.02,0.01,1.557,1.585,0.0005,0.2102,0.6369,0.3094,0.0938,0.74,0.2278,1.26,0.512,mixed-rural-urban,0.042,0.1064,0.8619,0.7036,0.7958,0.4962,0.2329,0.2253,59.98,False
SMR,San Marino,Sammarinese,majority,1.2,1.47,1.2,1.47,84.0,83.56,-0.44,84.68,-1.12,83.56,0.0,83.88,83.18,83.18,83.88,0.7,83.27,-0.73,-0.28,28229,28174,0.386,0.0,0.0,1.853,unspecified,False,0.5,0.48,0.56,0.42,0.585,1.3,1.0,0.78,0.922,0.0,0.0,0.0,0.0,0.0,1.0,0.761,27.991,19.941,65.0,65.4,7.009,14.659,0.251,0.164,0.685,0.892,1.0,1.135,0.0,0.001,0.2784,0.2852,0.0068,0.2852,0.6222,0.1372,1.623,1.64,0.0005,0.2893,83.27,-0.73,-0.28,1.623,1.64,0.0005,0.2893,0.7901,0.45,0.2009,0.816,0.2309,1.4,0.55,mixed-rural-urban,0.174,0.011,1.0,0.8144,0.9749,0.7651,0.0786,0.1209,65.4,True
SMR,San Marino,Italian,immigrant,1.1,1.43,1.2,1.47,12.0,12.21,0.21,11.37,0.84,12.21,0.0,11.97,12.48,11.97,12.48,0.51,12.44,0.44,0.23,4033,4116,0.386,0.0,0.0,1.853,unspecified,True,0.5,0.48,0.56,0.42,0.585,1.128,1.0,0.78,0.873,0.0,0.0,0.0,0.0,0.0,1.0,0.761,27.991,19.941,65.0,65.4,7.009,14.659,0.251,0.164,0.685,0.892,1.0,1.135,0.0,0.001,0.2784,0.2852,0.0068,0.2852,0.6222,0.1372,1.623,1.64,0.0005,0.2893,12.44,0.44,0.23,1.623,1.64,0.0005,0.2893,0.7901,0.45,0.2009,0.816,0.2309,1.4,0.55,mixed-rural-urban,0.174,0.011,1.0,0.8144,0.9749,0.7651,0.0786,0.1209,65.4,False
SMR,San Marino,Other,immigrant,1.2,1.47,1.2,1.47,4.0,4.24,0.24,3.96,0.28,4.24,0.0,4.15,4.34,4.15,4.34,0.18,4.29,0.29,0.06,1344,1429,0.386,0.0,0.0,1.853,unspecified,True,0.5,0.48,0.56,0.42,0.585,1.013,1.0,0.78,0.84,0.0,0.0,0.0,0.0,0.0,1.0,0.761,27.991,19.941,65.0,65.4,7.009,14.659,0.251,0.164,0.685,0.892,1.0,1.135,0.0,0.001,0.2784,0.2852,0.0068,0.2852,0.6222,0.1372,1.623,1.64,0.0005,0.2893,4.29,0.29,0.06,1.623,1.64,0.0005,0.2893,0.7901,0.45,0.2009,0.816,0.2309,1.4,0.55,mixed-rural-urban,0.174,0.011,1.0,0.8144,0.9749,0.7651,0.0786,0.1209,65.4,False
SOM,Somalia,Somali (Hawiye),high_fertility,6.75,4.55,6.0,4.25,30.0,30.13,0.13,30.16,-0.02,30.13,0.0,30.14,30.13,30.13,30.14,0.0,30.12,0.12,-0.01,5702746,11212043,0.0,0.0,0.0,1.25,SOM;ETH;KEN,False,0.717,0.799,0.567,0.747,0.454,1.232,1.0,0.78,0.942,0.0,0.0,0.822,0.0,0.0,1.0,0.761,44.5,45.913,53.5,50.46,2.0,3.627,0.251,0.01,0.997,0.725,1.0,1.0,0.0,0.001,0.773,0.7711,-0.0019,0.7711,2.4279,0.3403,2.087,2.332,0.0005,0.7714,30.12,0.12,-0.01,2.087,2.332,0.0005,0.7714,0.2654,0.2387,0.1617,0.5476,0.3247,4.37,0.36,rural-heavy,0.0,0.0341,0.6345,0.2938,0.4511,0.0,0.72,0.0,50.46,False
SOM,Somalia,Somali (Darood),high_fertility,6.75,4.55,6.0,4.25,32.0,32.17,0.17,32.19,-0.02,32.17,0.0,32.17,32.17,32.17,32.17,0.0,32.14,0.14,-0.03,6082930,11968931,0.0,0.0,0.0,1.25,SOM;ETH;KEN,False,0.717,0.799,0.567,0.747,0.454,1.24,1.0,0.78,0.945,0.0,0.0,0.822,0.0,0.0,1.0,0.761,44.5,45.913,53.5,50.46,2.0,3.627,0.251,0.01,0.997,0.725,1.0,1.0,0.0,0.001,0.773,0.7711,-0.0019,0.7711,2.4279,0.3403,2.087,2.332,0.0005,0.7714,32.14,0.14,-0.03,2.087,2.332,0.0005,0.7714,0.2654,0.2387,0.1617,0.5476,0.3247,4.37,0.36,rural-heavy,0.0,0.0341,0.6345,0.2938,0.4511,0.0,0.72,0.0,50.46,True
SOM,Somalia,Somali (Isaaq),high_fertility,6.75,4.55,6.0,4.25,15.0,15.07,0.07,15.08,-0.01,15.07,0.0,15.07,15.07,15.07,15.07,0.0,15.06,0.06,-0.01,2851373,5606021,0.0,0.0,0.0,1.25,SOM;ETH;KEN,False,0.717,0.799,0.567,0.747,0.454,1.153,1.0,0.78,0.917,0.0,0.0,0.822,0.0,0.0,1.0,0.761,44.5,45.913,53.5,50.46,2.0,3.627,0.251,0.01,0.997,0.725,1.0,1.0,0.0,0.001,0.773,0.7711,-0.0019,0.7711,2.4279,0.3403,2.087,2.332,0.0005,0.7714,15.06,0.06,-0.01,2.087,2.332,0.0005,0.7714,0.2654,0.2387,0.1617,0.5476,0.3247,4.37,0.36,rural-heavy,0.0,0.0341,0.6345,0.2938,0.4511,0.0,0.72,0.0,50.46,False
SOM,Somalia,Somali (Rahanweyn),high_fertility,6.75,4.55,6.0,4.25,6.0,6.03,0.03,6.03,-0.0,6.03,0.0,6.03,6.03,6.03,6.03,0.0,6.02,0.02,-0.0,1140549,2242409,0.0,0.0,0.0,1.25,SOM;ETH;KEN,False,0.717,0.799,0.567,0.747,0.454,1.054,1.0,0.78,0.886,0.0,0.0,0.822,0.0,0.0,1.0,0.761,44.5,45.913,53.5,50.46,2.0,3.627,0.251,0.01,0.997,0.725,1.0,1.0,0.0,0.001,0.773,0.7711,-0.0019,0.7711,2.4279,0.3403,2.087,2.332,0.0005,0.7714,6.02,0.02,-0.0,2.087,2.332,0.0005,0.7714,0.2654,0.2387,0.1617,0.5476,0.3247,4.37,0.36,rural-heavy,0.0,0.0341,0.6345,0.2938,0.4511,0.0,0.72,0.0,50.46,False
SOM,Somalia,Other Somali clans (Dir/other),high_fertility,6.75,4.55,6.0,4.25,7.0,7.03,0.03,7.04,-0.01,7.03,0.0,7.03,7.03,7.03,7.03,0.0,7.03,0.03,-0.0,1330641,2616143,0.0,0.0,0.0,1.25,SOM;ETH;KEN,False,0.717,0.799,0.567,0.747,0.454,1.07,1.0,0.78,0.891,0.0,0.0,0.822,0.0,0.0,1.0,0.761,44.5,45.913,53.5,50.46,2.0,3.627,0.251,0.01,0.997,0.725,1.0,1.0,0.0,0.001,0.773,0.7711,-0.0019,0.7711,2.4279,0.3403,2.087,2.332,0.0005,0.7714,7.03,0.03,-0.0,2.087,2.332,0.0005,0.7714,0.2654,0.2387,0.1617,0.5476,0.3247,4.37,0.36,rural-heavy,0.0,0.0341,0.6345,0.2938,0.4511,0.0,0.72,0.0,50.46,False
SOM,Somalia,Bantu (Jareer),high_fertility,6.35,4.39,6.0,4.25,5.0,4.81,-0.19,4.82,-0.0,4.81,0.0,4.82,4.81,4.81,4.82,0.02,4.83,-0.17,0.02,950458,1791277,0.0,0.0,0.0,1.25,unspecified,False,0.5,0.48,0.56,0.42,0.454,1.035,1.0,0.78,0.78,0.0,0.0,0.822,0.0,0.0,1.0,0.761,44.5,45.913,53.5,50.46,2.0,3.627,0.251,0.01,0.997,0.725,1.0,1.0,0.0,0.001,0.773,0.7711,-0.0019,0.7711,2.4279,0.3403,2.087,2.332,0.0005,0.7714,4.83,-0.17,0.02,2.087,2.332,0.0005,0.7714,0.2654,0.2387,0.1617,0.5476,0.3247,4.37,0.36,rural-heavy,0.0,0.0341,0.6345,0.2938,0.4511,0.0,0.72,0.0,50.46,False
SOM,Somalia,Arab/Benadiri,majority,6.0,4.25,6.0,4.25,1.0,0.91,-0.09,0.91,-0.0,0.91,0.0,0.91,0.91,0.91,0.91,0.01,0.92,-0.08,0.01,190092,338136,0.0,0.0,0.0,1.25,unspecified,False,0.5,0.48,0.56,0.42,0.454,0.903,1.0,0.78,0.75,0.0,0.0,0.822,0.0,0.0,1.0,0.761,44.5,45.913,53.5,50.46,2.0,3.627,0.251,0.01,0.997,0.725,1.0,1.0,0.0,0.001,0.773,0.7711,-0.0019,0.7711,2.4279,0.3403,2.087,2.332,0.0005,0.7714,0.92,-0.08,0.01,2.087,2.332,0.0005,0.7714,0.2654,0.2387,0.1617,0.5476,0.3247,4.37,0.36,rural-heavy,0.0,0.0341,0.6345,0.2938,0.4511,0.0,0.72,0.0,50.46,False
SOM,Somalia,Ethiopian migrant,immigrant,6.0,4.25,6.0,4.25,1.0,0.96,-0.04,0.89,0.07,0.96,0.0,0.94,0.98,0.94,0.98,0.04,0.98,-0.02,0.02,190092,356784,0.0,0.0,0.0,1.25,ETH,True,0.71,0.81,0.52,0.76,0.454,0.903,1.0,0.78,0.835,0.0,0.0,0.822,0.0,0.0,1.0,0.761,44.5,45.913,53.5,50.46,2.0,3.627,0.251,0.01,0.997,0.725,1.0,1.0,0.0,0.001,0.773,0.7711,-0.0019,0.7711,2.4279,0.3403,2.087,2.332,0.0005,0.7714,0.98,-0.02,0.02,2.087,2.332,0.0005,0.7714,0.2654,0.2387,0.1617,0.5476,0.3247,4.37,0.36,rural-heavy,0.0,0.0341,0.6345,0.2938,0.4511,0.0,0.72,0.0,50.46,False
SOM,Somalia,Other,high_fertility,6.35,4.39,6.0,4.25,3.0,2.89,-0.11,2.89,-0.0,2.89,0.0,2.89,2.88,2.88,2.89,0.01,2.9,-0.1,0.01,570275,1074766,0.0,0.0,0.0,1.25,unspecified,False,0.5,0.48,0.56,0.42,0.454,0.986,1.0,0.78,0.769,0.0,0.0,0.822,0.0,0.0,1.0,0.761,44.5,45.913,53.5,50.46,2.0,3.627,0.251,0.01,0.997,0.725,1.0,1.0,0.0,0.001,0.773,0.7711,-0.0019,0.7711,2.4279,0.3403,2.087,2.332,0.0005,0.7714,2.9,-0.1,0.01,2.087,2.332,0.0005,0.7714,0.2654,0.2387,0.1617,0.5476,0.3247,4.37,0.36,rural-heavy,0.0,0.0341,0.6345,0.2938,0.4511,0.0,0.72,0.0,50.46,False
SRB,Serbia,Serb,majority,1.5,1.68,1.5,1.68,80.6,79.7,-0.9,80.36,-0.67,79.7,0.0,79.92,79.44,79.44,79.92,0.48,79.59,-1.01,-0.1,5429391,4409476,0.559,0.464,0.138,2.296,unspecified,False,0.5,0.48,0.56,0.42,0.715,1.3,1.0,0.78,1.004,0.0,0.0,0.0,0.0,0.0,1.0,0.761,11.259,5.724,62.5,60.7,26.241,33.576,0.251,0.0,1.0,0.876,1.0,1.223,0.0,0.001,0.3381,0.3513,0.0132,0.3513,0.84,0.2324,1.691,1.723,0.0005,0.3526,79.59,-1.01,-0.1,1.691,1.723,0.0005,0.3526,0.6925,0.529,0.24,0.808,0.2458,1.54,0.55,mixed-rural-urban,0.251,0.0268,0.8917,0.8466,0.8419,0.6535,0.4727,0.9807,60.7,True
SRB,Serbia,Hungarian,low_fertility,1.1,1.52,1.5,1.68,2.8,2.32,-0.48,2.34,-0.02,2.32,0.0,2.34,2.29,2.29,2.34,0.04,2.36,-0.44,0.04,188614,128206,0.559,0.464,0.138,2.296,unspecified,False,0.5,0.48,0.56,0.42,0.715,0.98,1.0,0.78,0.893,0.0,0.0,0.0,0.0,0.0,1.0,0.761,11.259,5.724,62.5,60.7,26.241,33.576,0.251,0.0,1.0,0.876,1.0,1.223,0.0,0.001,0.3381,0.3513,0.0132,0.3513,0.84,0.2324,1.691,1.723,0.0005,0.3526,2.36,-0.44,0.04,1.691,1.723,0.0005,0.3526,0.6925,0.529,0.24,0.808,0.2458,1.54,0.55,mixed-rural-urban,0.251,0.0268,0.8917,0.8466,0.8419,0.6535,0.4727,0.9807,60.7,False
SRB,Serbia,Bosniak,high_fertility,1.85,1.82,1.5,1.68,2.3,2.6,0.3,2.63,-0.02,2.6,0.0,2.6,2.61,2.6,2.61,0.01,2.57,0.27,-0.03,154933,144081,0.559,0.464,0.138,2.296,unspecified,False,0.5,0.48,0.56,0.42,0.715,0.963,1.0,0.78,0.887,0.0,0.0,0.0,0.0,0.0,1.0,0.761,11.259,5.724,62.5,60.7,26.241,33.576,0.251,0.0,1.0,0.876,1.0,1.223,0.0,0.001,0.3381,0.3513,0.0132,0.3513,0.84,0.2324,1.691,1.723,0.0005,0.3526,2.57,0.27,-0.03,1.691,1.723,0.0005,0.3526,0.6925,0.529,0.24,0.808,0.2458,1.54,0.55,mixed-rural-urban,0.251,0.0268,0.8917,0.8466,0.8419,0.6535,0.4727,0.9807,60.7,False
SRB,Serbia,Romani,high_fertility,2.55,2.1,1.5,1.68,2.0,2.73,0.73,2.76,-0.02,2.73,0.0,2.71,2.76,2.71,2.76,0.05,2.65,0.65,-0.09,134724,151256,0.559,0.464,0.138,2.296,unspecified,False,0.5,0.48,0.56,0.42,0.715,0.952,1.0,0.78,0.883,0.0,0.0,0.0,0.0,0.0,1.0,0.761,11.259,5.724,62.5,60.7,26.241,33.576,0.251,0.0,1.0,0.876,1.0,1.223,0.0,0.001,0.3381,0.3513,0.0132,0.3513,0.84,0.2324,1.691,1.723,0.0005,0.3526,2.65,0.65,-0.09,1.691,1.723,0.0005,0.3526,0.6925,0.529,0.24,0.808,0.2458,1.54,0.55,mixed-rural-urban,0.251,0.0268,0.8917,0.8466,0.8419,0.6535,0.4727,0.9807,60.7,False
SRB,Serbia,Slovak,low_fertility,1.1,1.52,1.5,1.68,0.7,0.58,-0.12,0.58,-0.0,0.58,0.0,0.58,0.57,0.57,0.58,0.01,0.59,-0.11,0.01,47154,32052,0.559,0.464,0.138,2.296,unspecified,False,0.5,0.48,0.56,0.42,0.715,0.884,1.0,0.78,0.859,0.0,0.0,0.0,0.0,0.0,1.0,0.761,11.259,5.724,62.5,60.7,26.241,33.576,0.251,0.0,1.0,0.876,1.0,1.223,0.0,0.001,0.3381,0.3513,0.0132,0.3513,0.84,0.2324,1.691,1.723,0.0005,0.3526,0.59,-0.11,0.01,1.691,1.723,0.0005,0.3526,0.6925,0.529,0.24,0.808,0.2458,1.54,0.55,mixed-rural-urban,0.251,0.0268,0.8917,0.8466,0.8419,0.6535,0.4727,0.9807,60.7,False
SRB,Serbia,Croat,low_fertility,1.1,1.52,1.5,1.68,0.8,0.66,-0.14,0.67,-0.01,0.66,0.0,0.67,0.66,0.66,0.67,0.01,0.67,-0.13,0.01,53890,36630,0.559,0.464,0.138,2.296,unspecified,False,0.5,0.48,0.56,0.42,0.715,0.891,1.0,0.78,0.861,0.0,0.0,0.0,0.0,0.0,1.0,0.761,11.259,5.724,62.5,60.7,26.241,33.576,0.251,0.0,1.0,0.876,1.0,1.223,0.0,0.001,0.3381,0.3513,0.0132,0.3513,0.84,0.2324,1.691,1.723,0.0005,0.3526,0.67,-0.13,0.01,1.691,1.723,0.0005,0.3526,0.6925,0.529,0.24,0.808,0.2458,1.54,0.55,mixed-rural-urban,0.251,0.0268,0.8917,0.8466,0.8419,0.6535,0.4727,0.9807,60.7,False
SRB,Serbia,Albanian,high_fertility,1.85,1.82,1.5,1.68,0.6,0.68,0.08,0.69,-0.01,0.68,0.0,0.68,0.68,0.68,0.68,0.0,0.67,0.07,-0.01,40417,37586,0.559,0.464,0.138,2.296,unspecified,False,0.5,0.48,0.56,0.42,0.715,0.876,1.0,0.78,0.856,0.0,0.0,0.0,0.0,0.0,1.0,0.761,11.259,5.724,62.5,60.7,26.241,33.576,0.251,0.0,1.0,0.876,1.0,1.223,0.0,0.001,0.3381,0.3513,0.0132,0.3513,0.84,0.2324,1.691,1.723,0.0005,0.3526,0.67,0.07,-0.01,1.691,1.723,0.0005,0.3526,0.6925,0.529,0.24,0.808,0.2458,1.54,0.55,mixed-rural-urban,0.251,0.0268,0.8917,0.8466,0.8419,0.6535,0.4727,0.9807,60.7,False
SRB,Serbia,Other,assimilating,1.5,1.68,1.5,1.68,10.2,10.73,0.53,9.98,0.75,10.73,0.0,10.5,11.0,10.5,11.0,0.5,10.89,0.69,0.16,687094,593574,0.559,0.464,0.138,2.296,unspecified,False,0.5,0.48,0.56,0.42,0.715,1.11,1.0,0.78,0.938,0.0,0.0,0.0,0.0,0.0,1.0,0.761,11.259,5.724,62.5,60.7,26.241,33.576,0.251,0.0,1.0,0.876,1.0,1.223,0.0,0.001,0.3381,0.3513,0.0132,0.3513,0.84,0.2324,1.691,1.723,0.0005,0.3526,10.89,0.69,0.16,1.691,1.723,0.0005,0.3526,0.6925,0.529,0.24,0.808,0.2458,1.54,0.55,mixed-rural-urban,0.251,0.0268,0.8917,0.8466,0.8419,0.6535,0.4727,0.9807,60.7,False
SSD,South Sudan,Dinka,high_fertility,5.45,3.83,4.7,3.53,35.8,38.48,2.68,38.48,0.0,38.48,0.0,38.41,38.55,38.41,38.55,0.14,37.95,2.15,-0.53,4275741,7058284,0.0,0.0,0.0,1.25,unspecified,False,0.5,0.48,0.56,0.42,0.454,1.253,1.0,0.78,0.828,0.0,0.0,0.0,0.0,0.0,1.0,0.761,43.882,45.112,54.0,51.04,2.119,3.848,0.251,0.0,1.0,0.714,1.0,1.0,0.0,0.001,0.7665,0.7561,-0.0104,0.7561,2.3561,0.3392,2.064,2.323,0.0005,0.7578,37.95,2.15,-0.53,2.064,2.323,0.0005,0.7578,0.2945,0.2334,0.1849,0.5728,0.3043,4.1,0.332,rural-heavy,0.0,0.0144,0.5827,0.3685,0.3034,0.0277,0.72,0.0,51.04,True
SSD,South Sudan,Nuer,high_fertility,5.45,3.83,4.7,3.53,15.6,16.47,0.87,16.47,0.0,16.47,0.0,16.44,16.5,16.44,16.5,0.06,16.4,0.8,-0.07,1863172,3021105,0.0,0.0,0.0,1.25,unspecified,False,0.5,0.48,0.56,0.42,0.454,1.157,1.0,0.78,0.807,0.0,0.0,0.0,0.0,0.0,1.0,0.761,43.882,45.112,54.0,51.04,2.119,3.848,0.251,0.0,1.0,0.714,1.0,1.0,0.0,0.001,0.7665,0.7561,-0.0104,0.7561,2.3561,0.3392,2.064,2.323,0.0005,0.7578,16.4,0.8,-0.07,2.064,2.323,0.0005,0.7578,0.2945,0.2334,0.1849,0.5728,0.3043,4.1,0.332,rural-heavy,0.0,0.0144,0.5827,0.3685,0.3034,0.0277,0.72,0.0,51.04,False
SSD,South Sudan,Shilluk,majority,4.7,3.53,4.7,3.53,5.7,5.34,-0.36,5.34,0.0,5.34,0.0,5.35,5.33,5.33,5.35,0.02,5.37,-0.33,0.03,680774,979388,0.0,0.0,0.0,1.25,unspecified,False,0.5,0.48,0.56,0.42,0.454,1.048,1.0,0.78,0.783,0.0,0.0,0.0,0.0,0.0,1.0,0.761,43.882,45.112,54.0,51.04,2.119,3.848,0.251,0.0,1.0,0.714,1.0,1.0,0.0,0.001,0.7665,0.7561,-0.0104,0.7561,2.3561,0.3392,2.064,2.323,0.0005,0.7578,5.37,-0.33,0.03,2.064,2.323,0.0005,0.7578,0.2945,0.2334,0.1849,0.5728,0.3043,4.1,0.332,rural-heavy,0.0,0.0144,0.5827,0.3685,0.3034,0.0277,0.72,0.0,51.04,False
SSD,South Sudan,Azande,majority,4.7,3.53,4.7,3.53,4.6,4.31,-0.29,4.31,0.0,4.31,0.0,4.32,4.3,4.3,4.32,0.02,4.33,-0.27,0.02,549397,790383,0.0,0.0,0.0,1.25,unspecified,False,0.5,0.48,0.56,0.42,0.454,1.027,1.0,0.78,0.778,0.0,0.0,0.0,0.0,0.0,1.0,0.761,43.882,45.112,54.0,51.04,2.119,3.848,0.251,0.0,1.0,0.714,1.0,1.0,0.0,0.001,0.7665,0.7561,-0.0104,0.7561,2.3561,0.3392,2.064,2.323,0.0005,0.7578,4.33,-0.27,0.02,2.064,2.323,0.0005,0.7578,0.2945,0.2334,0.1849,0.5728,0.3043,4.1,0.332,rural-heavy,0.0,0.0144,0.5827,0.3685,0.3034,0.0277,0.72,0.0,51.04,False
SSD,South Sudan,Bari,majority,4.7,3.53,4.7,3.53,3.4,3.19,-0.21,3.19,0.0,3.19,0.0,3.19,3.18,3.18,3.19,0.01,3.2,-0.2,0.02,406076,584196,0.0,0.0,0.0,1.25,unspecified,False,0.5,0.48,0.56,0.42,0.454,0.998,1.0,0.78,0.771,0.0,0.0,0.0,0.0,0.0,1.0,0.761,43.882,45.112,54.0,51.04,2.119,3.848,0.251,0.0,1.0,0.714,1.0,1.0,0.0,0.001,0.7665,0.7561,-0.0104,0.7561,2.3561,0.3392,2.064,2.323,0.0005,0.7578,3.2,-0.2,0.02,2.064,2.323,0.0005,0.7578,0.2945,0.2334,0.1849,0.5728,0.3043,4.1,0.332,rural-heavy,0.0,0.0144,0.5827,0.3685,0.3034,0.0277,0.72,0.0,51.04,False
SSD,South Sudan,Lotuko,majority,4.7,3.53,4.7,3.53,3.0,2.81,-0.19,2.81,0.0,2.81,0.0,2.82,2.8,2.8,2.82,0.01,2.83,-0.17,0.02,358302,515467,0.0,0.0,0.0,1.25,unspecified,False,0.5,0.48,0.56,0.42,0.454,0.986,1.0,0.78,0.769,0.0,0.0,0.0,0.0,0.0,1.0,0.761,43.882,45.112,54.0,51.04,2.119,3.848,0.251,0.0,1.0,0.714,1.0,1.0,0.0,0.001,0.7665,0.7561,-0.0104,0.7561,2.3561,0.3392,2.064,2.323,0.0005,0.7578,2.83,-0.17,0.02,2.064,2.323,0.0005,0.7578,0.2945,0.2334,0.1849,0.5728,0.3043,4.1,0.332,rural-heavy,0.0,0.0144,0.5827,0.3685,0.3034,0.0277,0.72,0.0,51.04,False
SSD,South Sudan,Murle,majority,4.7,3.53,4.7,3.53,2.5,2.34,-0.16,2.34,0.0,2.34,0.0,2.35,2.34,2.34,2.35,0.01,2.35,-0.15,0.01,298585,429556,0.0,0.0,0.0,1.25,unspecified,False,0.5,0.48,0.56,0.42,0.454,0.97,1.0,0.78,0.765,0.0,0.0,0.0,0.0,0.0,1.0,0.761,43.882,45.112,54.0,51.04,2.119,3.848,0.251,0.0,1.0,0.714,1.0,1.0,0.0,0.001,0.7665,0.7561,-0.0104,0.7561,2.3561,0.3392,2.064,2.323,0.0005,0.7578,2.35,-0.15,0.01,2.064,2.323,0.0005,0.7578,0.2945,0.2334,0.1849,0.5728,0.3043,4.1,0.332,rural-heavy,0.0,0.0144,0.5827,0.3685,0.3034,0.0277,0.72,0.0,51.04,False
SSD,South Sudan,Zande,majority,4.7,3.53,4.7,3.53,2.5,2.34,-0.16,2.34,0.0,2.34,0.0,2.35,2.34,2.34,2.35,0.01,2.35,-0.15,0.01,298585,429556,0.0,0.0,0.0,1.25,unspecified,False,0.5,0.48,0.56,0.42,0.454,0.97,1.0,0.78,0.765,0.0,0.0,0.0,0.0,0.0,1.0,0.761,43.882,45.112,54.0,51.04,2.119,3.848,0.251,0.0,1.0,0.714,1.0,1.0,0.0,0.001,0.7665,0.7561,-0.0104,0.7561,2.3561,0.3392,2.064,2.323,0.0005,0.7578,2.35,-0.15,0.01,2.064,2.323,0.0005,0.7578,0.2945,0.2334,0.1849,0.5728,0.3043,4.1,0.332,rural-heavy,0.0,0.0144,0.5827,0.3685,0.3034,0.0277,0.72,0.0,51.04,False
SSD,South Sudan,Other (60+ groups),assimilating,4.7,3.53,4.7,3.53,26.9,24.72,-2.18,24.72,0.0,24.72,0.0,24.77,24.66,24.66,24.77,0.11,25.21,-1.69,0.49,3212777,4534039,0.0,0.0,0.0,1.25,unspecified,False,0.5,0.48,0.56,0.42,0.454,1.219,1.0,0.78,0.821,0.0,0.0,0.0,0.0,0.0,1.0,0.761,43.882,45.112,54.0,51.04,2.119,3.848,0.251,0.0,1.0,0.714,1.0,1.0,0.0,0.001,0.7665,0.7561,-0.0104,0.7561,2.3561,0.3392,2.064,2.323,0.0005,0.7578,25.21,-1.69,0.49,2.064,2.323,0.0005,0.7578,0.2945,0.2334,0.1849,0.5728,0.3043,4.1,0.332,rural-heavy,0.0,0.0144,0.5827,0.3685,0.3034,0.0277,0.72,0.0,51.04,False
STP,Sao Tome & Principe,Mestico (Forros),majority,3.8,3.04,3.8,3.04,44.9,45.68,0.78,45.89,-0.21,45.68,0.0,45.73,45.61,45.61,45.73,0.13,45.17,0.27,-0.51,105761,166776,0.0,0.0,0.0,1.25,unspecified,False,0.5,0.48,0.56,0.42,0.454,1.279,1.0,0.78,0.834,0.0,0.0,0.0,0.0,0.0,1.0,0.761,40.463,41.398,57.0,53.0,2.537,5.603,0.251,0.064,0.93,0.814,1.0,1.0,0.0,0.001,0.7206,0.7156,-0.005,0.7156,2.1544,0.3071,1.988,2.259,0.0005,0.7188,45.17,0.27,-0.51,1.988,2.259,0.0005,0.7188,0.4245,0.2229,0.2074,0.6737,0.227,3.52,0.29,rural-heavy,0.0,0.0626,0.81,0.6275,0.6737,0.1619,0.6609,0.0,53.0,True
STP,Sao Tome & Principe,Angolares,majority,3.8,3.04,3.8,3.04,15.0,14.96,-0.04,15.03,-0.07,14.96,0.0,14.98,14.94,14.94,14.98,0.04,14.95,-0.05,-0.01,35332,54624,0.0,0.0,0.0,1.25,unspecified,False,0.5,0.48,0.56,0.42,0.454,1.153,1.0,0.78,0.806,0.0,0.0,0.0,0.0,0.0,1.0,0.761,40.463,41.398,57.0,53.0,2.537,5.603,0.251,0.064,0.93,0.814,1.0,1.0,0.0,0.001,0.7206,0.7156,-0.005,0.7156,2.1544,0.3071,1.988,2.259,0.0005,0.7188,14.95,-0.05,-0.01,1.988,2.259,0.0005,0.7188,0.4245,0.2229,0.2074,0.6737,0.227,3.52,0.29,rural-heavy,0.0,0.0626,0.81,0.6275,0.6737,0.1619,0.6609,0.0,53.0,False
STP,Sao Tome & Principe,Tongas (mixed),assimilating,3.8,3.04,3.8,3.04,10.0,9.83,-0.17,9.88,-0.05,9.83,0.0,9.84,9.82,9.82,9.84,0.03,9.95,-0.05,0.11,23555,35901,0.0,0.0,0.0,1.25,unspecified,False,0.5,0.48,0.56,0.42,0.454,1.108,1.0,0.78,0.796,0.0,0.0,0.0,0.0,0.0,1.0,0.761,40.463,41.398,57.0,53.0,2.537,5.603,0.251,0.064,0.93,0.814,1.0,1.0,0.0,0.001,0.7206,0.7156,-0.005,0.7156,2.1544,0.3071,1.988,2.259,0.0005,0.7188,9.95,-0.05,0.11,1.988,2.259,0.0005,0.7188,0.4245,0.2229,0.2074,0.6737,0.227,3.52,0.29,rural-heavy,0.0,0.0626,0.81,0.6275,0.6737,0.1619,0.6609,0.0,53.0,False
STP,Sao Tome & Principe,European descent,low_fertility,3.2,2.8,3.8,3.04,4.0,3.53,-0.47,3.55,-0.02,3.53,0.0,3.55,3.51,3.51,3.55,0.04,3.57,-0.43,0.04,9422,12886,0.0,0.0,0.0,1.25,unspecified,False,0.5,0.48,0.56,0.42,0.454,1.013,1.0,0.78,0.775,0.0,0.0,0.0,0.0,0.0,1.0,0.761,40.463,41.398,57.0,53.0,2.537,5.603,0.251,0.064,0.93,0.814,1.0,1.0,0.0,0.001,0.7206,0.7156,-0.005,0.7156,2.1544,0.3071,1.988,2.259,0.0005,0.7188,3.57,-0.43,0.04,1.988,2.259,0.0005,0.7188,0.4245,0.2229,0.2074,0.6737,0.227,3.52,0.29,rural-heavy,0.0,0.0626,0.81,0.6275,0.6737,0.1619,0.6609,0.0,53.0,False
STP,Sao Tome & Principe,Other African,assimilating,3.8,3.04,3.8,3.04,20.0,19.58,-0.42,19.68,-0.09,19.58,0.0,19.61,19.55,19.55,19.61,0.06,19.86,-0.14,0.27,47110,71508,0.0,0.0,0.0,1.25,unspecified,False,0.5,0.48,0.56,0.42,0.454,1.185,1.0,0.78,0.813,0.0,0.0,0.0,0.0,0.0,1.0,0.761,40.463,41.398,57.0,53.0,2.537,5.603,0.251,0.064,0.93,0.814,1.0,1.0,0.0,0.001,0.7206,0.7156,-0.005,0.7156,2.1544,0.3071,1.988,2.259,0.0005,0.7188,19.86,-0.14,0.27,1.988,2.259,0.0005,0.7188,0.4245,0.2229,0.2074,0.6737,0.227,3.52,0.29,rural-heavy,0.0,0.0626,0.81,0.6275,0.6737,0.1619,0.6609,0.0,53.0,False
STP,Sao Tome & Principe,Other,immigrant,3.8,3.04,3.8,3.04,6.1,6.42,0.32,5.98,0.44,6.42,0.0,6.28,6.58,6.28,6.58,0.29,6.5,0.4,0.09,14368,23424,0.0,0.0,0.0,1.25,unspecified,True,0.5,0.48,0.56,0.42,0.454,1.055,1.0,0.78,0.784,0.0,0.0,0.0,0.0,0.0,1.0,0.761,40.463,41.398,57.0,53.0,2.537,5.603,0.251,0.064,0.93,0.814,1.0,1.0,0.0,0.001,0.7206,0.7156,-0.005,0.7156,2.1544,0.3071,1.988,2.259,0.0005,0.7188,6.5,0.4,0.09,1.988,2.259,0.0005,0.7188,0.4245,0.2229,0.2074,0.6737,0.227,3.52,0.29,rural-heavy,0.0,0.0626,0.81,0.6275,0.6737,0.1619,0.6609,0.0,53.0,False
SUR,Suriname,Hindustani (East Indian),majority,2.1,2.1,2.1,2.1,27.4,26.71,-0.69,26.8,-0.09,26.71,0.0,26.77,26.65,26.65,26.77,0.12,26.59,-0.81,-0.13,173836,196035,0.0,0.0,0.0,1.25,IND;PAK;BGD;LKA;NPL,False,0.718,0.719,0.752,0.684,0.454,1.222,1.0,0.78,0.94,0.0,0.0,0.0,0.0,0.0,1.0,0.761,25.467,19.183,66.5,60.1,8.033,20.717,0.251,0.044,0.962,0.843,1.0,1.0,0.0,0.001,0.8137,0.8145,0.0008,0.8145,2.6742,0.1476,2.238,2.389,0.0005,0.8152,26.59,-0.81,-0.13,2.238,2.389,0.0005,0.8152,0.6583,0.297,0.1144,0.7452,0.2279,5.39,0.55,mixed-rural-urban,0.0,0.0534,0.8595,0.6668,0.8136,0.5877,0.274,0.3962,60.1,True
SUR,Suriname,Maroon (Ndyuka/Saramaka),high_fertility,2.45,2.24,2.1,2.1,21.7,23.32,1.62,23.4,-0.08,23.32,0.0,23.29,23.34,23.29,23.34,0.06,23.15,1.45,-0.17,137673,171132,0.0,0.0,0.0,1.25,unspecified,False,0.5,0.48,0.56,0.42,0.454,1.195,1.0,0.78,0.815,0.0,0.0,0.0,0.0,0.0,1.0,0.761,25.467,19.183,66.5,60.1,8.033,20.717,0.251,0.044,0.962,0.843,1.0,1.0,0.0,0.001,0.8137,0.8145,0.0008,0.8145,2.6742,0.1476,2.238,2.389,0.0005,0.8152,23.15,1.45,-0.17,2.238,2.389,0.0005,0.8152,0.6583,0.297,0.1144,0.7452,0.2279,5.39,0.55,mixed-rural-urban,0.0,0.0534,0.8595,0.6668,0.8136,0.5877,0.274,0.3962,60.1,False
SUR,Suriname,Creole,majority,2.1,2.1,2.1,2.1,15.7,15.07,-0.63,15.12,-0.05,15.07,0.0,15.11,15.03,15.03,15.11,0.07,15.13,-0.57,0.06,99607,110606,0.0,0.0,0.0,1.25,unspecified,False,0.5,0.48,0.56,0.42,0.454,1.158,1.0,0.78,0.807,0.0,0.0,0.0,0.0,0.0,1.0,0.761,25.467,19.183,66.5,60.1,8.033,20.717,0.251,0.044,0.962,0.843,1.0,1.0,0.0,0.001,0.8137,0.8145,0.0008,0.8145,2.6742,0.1476,2.238,2.389,0.0005,0.8152,15.13,-0.57,0.06,2.238,2.389,0.0005,0.8152,0.6583,0.297,0.1144,0.7452,0.2279,5.39,0.55,mixed-rural-urban,0.0,0.0534,0.8595,0.6668,0.8136,0.5877,0.274,0.3962,60.1,False
SUR,Suriname,Javanese,majority,2.1,2.1,2.1,2.1,13.7,13.15,-0.55,13.2,-0.05,13.15,0.0,13.18,13.12,13.12,13.18,0.06,13.2,-0.5,0.05,86918,96516,0.0,0.0,0.0,1.25,unspecified,False,0.5,0.48,0.56,0.42,0.454,1.143,1.0,0.78,0.804,0.0,0.0,0.0,0.0,0.0,1.0,0.761,25.467,19.183,66.5,60.1,8.033,20.717,0.251,0.044,0.962,0.843,1.0,1.0,0.0,0.001,0.8137,0.8145,0.0008,0.8145,2.6742,0.1476,2.238,2.389,0.0005,0.8152,13.2,-0.5,0.05,2.238,2.389,0.0005,0.8152,0.6583,0.297,0.1144,0.7452,0.2279,5.39,0.55,mixed-rural-urban,0.0,0.0534,0.8595,0.6668,0.8136,0.5877,0.274,0.3962,60.1,False
SUR,Suriname,Mixed,assimilating,2.1,2.1,2.1,2.1,13.1,12.41,-0.69,12.45,-0.04,12.41,0.0,12.44,12.38,12.38,12.44,0.06,12.62,-0.48,0.21,83111,91059,0.0,0.0,0.0,1.25,unspecified,False,0.5,0.48,0.56,0.42,0.454,1.138,1.0,0.78,0.802,0.0,0.0,0.0,0.0,0.0,1.0,0.761,25.467,19.183,66.5,60.1,8.033,20.717,0.251,0.044,0.962,0.843,1.0,1.0,0.0,0.001,0.8137,0.8145,0.0008,0.8145,2.6742,0.1476,2.238,2.389,0.0005,0.8152,12.62,-0.48,0.21,2.238,2.389,0.0005,0.8152,0.6583,0.297,0.1144,0.7452,0.2279,5.39,0.55,mixed-rural-urban,0.0,0.0534,0.8595,0.6668,0.8136,0.5877,0.274,0.3962,60.1,False
SUR,Suriname,Amerindian,high_fertility,2.95,2.44,2.1,2.1,4.1,4.93,0.83,4.94,-0.02,4.93,0.0,4.9,4.95,4.9,4.95,0.05,4.83,0.73,-0.1,26012,36153,0.0,0.0,0.0,1.25,IND;PAK;BGD;LKA;NPL,False,0.718,0.719,0.752,0.684,0.454,1.016,1.0,0.78,0.874,0.0,0.0,0.0,0.0,0.0,1.0,0.761,25.467,19.183,66.5,60.1,8.033,20.717,0.251,0.044,0.962,0.843,1.0,1.0,0.0,0.001,0.8137,0.8145,0.0008,0.8145,2.6742,0.1476,2.238,2.389,0.0005,0.8152,4.83,0.73,-0.1,2.238,2.389,0.0005,0.8152,0.6583,0.297,0.1144,0.7452,0.2279,5.39,0.55,mixed-rural-urban,0.0,0.0534,0.8595,0.6668,0.8136,0.5877,0.274,0.3962,60.1,False
SUR,Suriname,Other,immigrant,2.1,2.1,2.1,2.1,4.3,4.42,0.12,4.09,0.32,4.42,0.0,4.32,4.53,4.32,4.53,0.21,4.5,0.2,0.08,27281,32407,0.0,0.0,0.0,1.25,unspecified,True,0.5,0.48,0.56,0.42,0.454,1.02,1.0,0.78,0.776,0.0,0.0,0.0,0.0,0.0,1.0,0.761,25.467,19.183,66.5,60.1,8.033,20.717,0.251,0.044,0.962,0.843,1.0,1.0,0.0,0.001,0.8137,0.8145,0.0008,0.8145,2.6742,0.1476,2.238,2.389,0.0005,0.8152,4.5,0.2,0.08,2.238,2.389,0.0005,0.8152,0.6583,0.297,0.1144,0.7452,0.2279,5.39,0.55,mixed-rural-urban,0.0,0.0534,0.8595,0.6668,0.8136,0.5877,0.274,0.3962,60.1,False
SVK,Slovakia,Slovak,majority,1.5,1.68,1.5,1.68,80.7,80.5,-0.2,81.28,-0.78,80.5,0.0,80.73,80.23,80.23,80.73,0.5,80.34,-0.36,-0.16,4443955,3973883,0.425,0.355,0.128,2.073,unspecified,False,0.5,0.48,0.56,0.42,0.652,1.3,1.0,0.78,0.965,0.0,0.0,0.0,0.0,0.0,1.0,0.761,12.379,6.653,64.0,62.36,23.621,30.987,0.251,0.086,0.888,0.891,1.0,1.174,0.0,0.001,0.3358,0.3396,0.0038,0.3396,0.8074,0.1406,1.867,1.72,0.0005,0.3419,80.34,-0.36,-0.16,1.867,1.72,0.0005,0.3419,0.7286,0.5534,0.1049,0.8219,0.2157,1.51,0.874,metropolitan-heavy,0.053,0.0176,0.9128,0.881,0.8992,0.6734,0.399,0.863,62.36,True
SVK,Slovakia,Hungarian,low_fertility,1.1,1.52,1.5,1.68,8.5,7.11,-1.39,7.18,-0.07,7.11,0.0,7.18,7.04,7.04,7.18,0.14,7.25,-1.25,0.14,468075,350884,0.425,0.355,0.128,2.073,unspecified,False,0.5,0.48,0.56,0.42,0.652,1.09,1.0,0.78,0.898,0.0,0.0,0.0,0.0,0.0,1.0,0.761,12.379,6.653,64.0,62.36,23.621,30.987,0.251,0.086,0.888,0.891,1.0,1.174,0.0,0.001,0.3358,0.3396,0.0038,0.3396,0.8074,0.1406,1.867,1.72,0.0005,0.3419,7.25,-1.25,0.14,1.867,1.72,0.0005,0.3419,0.7286,0.5534,0.1049,0.8219,0.2157,1.51,0.874,metropolitan-heavy,0.053,0.0176,0.9128,0.881,0.8992,0.6734,0.399,0.863,62.36,False
SVK,Slovakia,Romani,high_fertility,2.55,2.1,1.5,1.68,2.0,2.76,0.76,2.78,-0.03,2.76,0.0,2.73,2.78,2.73,2.78,0.05,2.66,0.66,-0.1,110135,136028,0.425,0.355,0.128,2.073,unspecified,False,0.5,0.48,0.56,0.42,0.652,0.952,1.0,0.78,0.854,0.0,0.0,0.0,0.0,0.0,1.0,0.761,12.379,6.653,64.0,62.36,23.621,30.987,0.251,0.086,0.888,0.891,1.0,1.174,0.0,0.001,0.3358,0.3396,0.0038,0.3396,0.8074,0.1406,1.867,1.72,0.0005,0.3419,2.66,0.66,-0.1,1.867,1.72,0.0005,0.3419,0.7286,0.5534,0.1049,0.8219,0.2157,1.51,0.874,metropolitan-heavy,0.053,0.0176,0.9128,0.881,0.8992,0.6734,0.399,0.863,62.36,False
SVK,Slovakia,Czech,immigrant,1.5,1.68,1.5,1.68,0.6,0.66,0.06,0.6,0.06,0.66,0.0,0.64,0.68,0.64,0.68,0.04,0.67,0.07,0.01,33041,32577,0.425,0.355,0.128,2.073,unspecified,True,0.5,0.48,0.56,0.42,0.652,0.876,1.0,0.78,0.83,0.0,0.0,0.0,0.0,0.0,1.0,0.761,12.379,6.653,64.0,62.36,23.621,30.987,0.251,0.086,0.888,0.891,1.0,1.174,0.0,0.001,0.3358,0.3396,0.0038,0.3396,0.8074,0.1406,1.867,1.72,0.0005,0.3419,0.67,0.07,0.01,1.867,1.72,0.0005,0.3419,0.7286,0.5534,0.1049,0.8219,0.2157,1.51,0.874,metropolitan-heavy,0.053,0.0176,0.9128,0.881,0.8992,0.6734,0.399,0.863,62.36,False
SVK,Slovakia,Rusyn / Ukrainian,majority,1.5,1.68,1.5,1.68,1.0,0.99,-0.01,1.0,-0.01,0.99,0.0,1.0,0.99,0.99,1.0,0.01,0.99,-0.01,-0.0,55068,49112,0.425,0.355,0.128,2.073,UKR,False,0.615,0.539,0.82,0.52,0.652,0.903,1.0,0.78,0.905,0.0,0.0,0.0,0.0,0.0,1.0,0.761,12.379,6.653,64.0,62.36,23.621,30.987,0.251,0.086,0.888,0.891,1.0,1.174,0.0,0.001,0.3358,0.3396,0.0038,0.3396,0.8074,0.1406,1.867,1.72,0.0005,0.3419,0.99,-0.01,-0.0,1.867,1.72,0.0005,0.3419,0.7286,0.5534,0.1049,0.8219,0.2157,1.51,0.874,metropolitan-heavy,0.053,0.0176,0.9128,0.881,0.8992,0.6734,0.399,0.863,62.36,False
SVK,Slovakia,Other,immigrant,1.5,1.68,1.5,1.68,7.2,7.98,0.78,7.16,0.82,7.98,0.0,7.73,8.29,7.73,8.29,0.56,8.09,0.89,0.11,396487,394009,0.425,0.355,0.128,2.073,unspecified,True,0.5,0.48,0.56,0.42,0.652,1.072,1.0,0.78,0.892,0.0,0.0,0.0,0.0,0.0,1.0,0.761,12.379,6.653,64.0,62.36,23.621,30.987,0.251,0.086,0.888,0.891,1.0,1.174,0.0,0.001,0.3358,0.3396,0.0038,0.3396,0.8074,0.1406,1.867,1.72,0.0005,0.3419,8.09,0.89,0.11,1.867,1.72,0.0005,0.3419,0.7286,0.5534,0.1049,0.8219,0.2157,1.51,0.874,metropolitan-heavy,0.053,0.0176,0.9128,0.881,0.8992,0.6734,0.399,0.863,62.36,False
SVN,Slovenia,Slovene,majority,1.6,1.75,1.6,1.75,83.1,82.09,-1.01,83.19,-1.1,82.09,0.0,82.42,81.69,81.69,82.42,0.73,81.87,-1.23,-0.22,1760633,1626610,0.317,0.264,0.128,1.905,unspecified,False,0.5,0.48,0.56,0.42,0.602,1.3,1.0,0.78,0.933,0.0,0.0,0.0,0.0,0.0,1.0,0.761,8.121,4.48,64.5,62.42,27.379,33.1,0.251,0.149,0.73,0.902,1.0,1.137,0.0,0.001,0.2942,0.3088,0.0146,0.3088,0.6917,0.1479,1.76,1.662,0.0005,0.312,81.87,-1.23,-0.22,1.76,1.662,0.0005,0.312,0.7475,0.4856,0.1065,0.8422,0.1927,1.45,0.766,urbanizing-majority,0.074,0.0,0.946,0.9258,0.9215,0.7046,0.4325,0.9591,62.42,True
SVN,Slovenia,Serb,immigrant,1.6,1.75,1.6,1.75,2.0,2.12,0.12,1.97,0.15,2.12,0.0,2.08,2.18,2.08,2.18,0.1,2.15,0.15,0.03,42374,42096,0.317,0.264,0.128,1.905,unspecified,True,0.5,0.48,0.56,0.42,0.602,0.952,1.0,0.78,0.83,0.0,0.0,0.0,0.0,0.0,1.0,0.761,8.121,4.48,64.5,62.42,27.379,33.1,0.251,0.149,0.73,0.902,1.0,1.137,0.0,0.001,0.2942,0.3088,0.0146,0.3088,0.6917,0.1479,1.76,1.662,0.0005,0.312,2.15,0.15,0.03,1.76,1.662,0.0005,0.312,0.7475,0.4856,0.1065,0.8422,0.1927,1.45,0.766,urbanizing-majority,0.074,0.0,0.946,0.9258,0.9215,0.7046,0.4325,0.9591,62.42,False
SVN,Slovenia,Croat,assimilating,1.6,1.75,1.6,1.75,1.8,1.74,-0.06,1.77,-0.02,1.74,0.0,1.75,1.73,1.73,1.75,0.02,1.77,-0.03,0.03,38136,34509,0.317,0.264,0.128,1.905,unspecified,False,0.5,0.48,0.56,0.42,0.602,0.944,1.0,0.78,0.828,0.0,0.0,0.0,0.0,0.0,1.0,0.761,8.121,4.48,64.5,62.42,27.379,33.1,0.251,0.149,0.73,0.902,1.0,1.137,0.0,0.001,0.2942,0.3088,0.0146,0.3088,0.6917,0.1479,1.76,1.662,0.0005,0.312,1.77,-0.03,0.03,1.76,1.662,0.0005,0.312,0.7475,0.4856,0.1065,0.8422,0.1927,1.45,0.766,urbanizing-majority,0.074,0.0,0.946,0.9258,0.9215,0.7046,0.4325,0.9591,62.42,False
SVN,Slovenia,Bosniak,high_fertility,1.95,1.89,1.6,1.75,1.1,1.23,0.13,1.25,-0.02,1.23,0.0,1.23,1.23,1.23,1.23,0.0,1.22,0.12,-0.02,23306,24448,0.317,0.264,0.128,1.905,unspecified,False,0.5,0.48,0.56,0.42,0.602,0.909,1.0,0.78,0.818,0.0,0.0,0.0,0.0,0.0,1.0,0.761,8.121,4.48,64.5,62.42,27.379,33.1,0.251,0.149,0.73,0.902,1.0,1.137,0.0,0.001,0.2942,0.3088,0.0146,0.3088,0.6917,0.1479,1.76,1.662,0.0005,0.312,1.22,0.12,-0.02,1.76,1.662,0.0005,0.312,0.7475,0.4856,0.1065,0.8422,0.1927,1.45,0.766,urbanizing-majority,0.074,0.0,0.946,0.9258,0.9215,0.7046,0.4325,0.9591,62.42,False
SVN,Slovenia,Other,immigrant,1.6,1.75,1.6,1.75,12.0,12.81,0.81,11.83,0.99,12.81,0.0,12.52,13.16,12.52,13.16,0.65,12.99,0.99,0.18,254243,253890,0.317,0.264,0.128,1.905,unspecified,True,0.5,0.48,0.56,0.42,0.602,1.128,1.0,0.78,0.882,0.0,0.0,0.0,0.0,0.0,1.0,0.761,8.121,4.48,64.5,62.42,27.379,33.1,0.251,0.149,0.73,0.902,1.0,1.137,0.0,0.001,0.2942,0.3088,0.0146,0.3088,0.6917,0.1479,1.76,1.662,0.0005,0.312,12.99,0.99,0.18,1.76,1.662,0.0005,0.312,0.7475,0.4856,0.1065,0.8422,0.1927,1.45,0.766,urbanizing-majority,0.074,0.0,0.946,0.9258,0.9215,0.7046,0.4325,0.9591,62.42,False
SWE,Sweden,Swedish,majority,1.5,1.68,1.5,1.68,78.0,74.34,-3.66,76.9,-2.56,74.47,-0.13,75.19,73.31,73.31,75.19,1.88,74.3,-3.7,-0.04,8273455,8407381,0.257,0.204,0.126,1.81,unspecified,False,0.5,0.48,0.56,0.42,0.648,1.3,1.0,0.78,0.962,0.0,1.02,0.0,0.574,0.483,1.0,0.761,14.046,8.613,65.0,64.08,20.954,27.307,0.34,0.169,0.798,0.911,1.0,1.115,0.1,0.001,0.3861,0.4407,0.0546,0.4407,1.1698,0.1172,2.12,2.091,0.0005,0.4412,74.3,-3.7,-0.04,2.12,2.091,0.0005,0.4412,0.7879,0.4659,0.0939,0.8519,0.1852,1.79,0.774,urbanizing-majority,0.058,-0.0014,0.9699,0.9303,0.9731,0.7544,0.308,0.6958,64.08,True
SWE,Sweden,Other Nordic/European,immigrant,1.4,1.64,1.5,1.68,4.5,4.49,-0.01,4.21,0.28,4.5,-0.01,4.42,4.57,4.42,4.57,0.15,4.59,0.09,0.1,477315,507988,0.257,0.204,0.126,1.81,unspecified,True,0.5,0.48,0.56,0.42,0.648,1.025,1.0,0.78,0.875,0.0,1.02,0.0,0.574,0.483,1.0,0.761,14.046,8.613,65.0,64.08,20.954,27.307,0.34,0.169,0.798,0.911,1.0,1.115,0.1,0.001,0.3861,0.4407,0.0546,0.4407,1.1698,0.1172,2.12,2.091,0.0005,0.4412,4.59,0.09,0.1,2.12,2.091,0.0005,0.4412,0.7879,0.4659,0.0939,0.8519,0.1852,1.79,0.774,urbanizing-majority,0.058,-0.0014,0.9699,0.9303,0.9731,0.7544,0.308,0.6958,64.08,False
SWE,Sweden,Finnish,immigrant,1.5,1.68,1.5,1.68,2.0,2.06,0.06,1.94,0.12,2.07,-0.0,2.03,2.1,2.03,2.1,0.07,2.1,0.1,0.03,212140,233419,0.257,0.204,0.126,1.81,unspecified,True,0.5,0.48,0.56,0.42,0.648,0.952,1.0,0.78,0.852,0.0,1.02,0.0,0.574,0.483,1.0,0.761,14.046,8.613,65.0,64.08,20.954,27.307,0.34,0.169,0.798,0.911,1.0,1.115,0.1,0.001,0.3861,0.4407,0.0546,0.4407,1.1698,0.1172,2.12,2.091,0.0005,0.4412,2.1,0.1,0.03,2.12,2.091,0.0005,0.4412,0.7879,0.4659,0.0939,0.8519,0.1852,1.79,0.774,urbanizing-majority,0.058,-0.0014,0.9699,0.9303,0.9731,0.7544,0.308,0.6958,64.08,False
SWE,Sweden,Syrian,high_fertility,2.25,1.98,1.5,1.68,1.8,3.02,1.22,2.26,0.75,3.02,-0.01,2.75,3.35,2.75,3.35,0.6,2.94,1.14,-0.08,190926,341113,0.257,0.204,0.126,1.81,SYR,True,0.672,0.726,0.6,0.74,0.648,0.944,1.0,0.78,0.953,0.0,1.02,0.0,0.574,0.483,1.0,0.761,14.046,8.613,65.0,64.08,20.954,27.307,0.34,0.169,0.798,0.911,1.0,1.115,0.1,0.001,0.3861,0.4407,0.0546,0.4407,1.1698,0.1172,2.12,2.091,0.0005,0.4412,2.94,1.14,-0.08,2.12,2.091,0.0005,0.4412,0.7879,0.4659,0.0939,0.8519,0.1852,1.79,0.774,urbanizing-majority,0.058,-0.0014,0.9699,0.9303,0.9731,0.7544,0.308,0.6958,64.08,False
SWE,Sweden,Iraqi,high_fertility,2.25,1.98,1.5,1.68,1.4,1.7,0.3,1.76,-0.06,1.71,-0.0,1.71,1.69,1.69,1.71,0.01,1.66,0.26,-0.04,148498,192504,0.257,0.204,0.126,1.81,IRQ,False,0.651,0.702,0.58,0.7,0.648,0.925,1.0,0.78,0.932,0.0,1.02,0.0,0.574,0.483,1.0,0.761,14.046,8.613,65.0,64.08,20.954,27.307,0.34,0.169,0.798,0.911,1.0,1.115,0.1,0.001,0.3861,0.4407,0.0546,0.4407,1.1698,0.1172,2.12,2.091,0.0005,0.4412,1.66,0.26,-0.04,2.12,2.091,0.0005,0.4412,0.7879,0.4659,0.0939,0.8519,0.1852,1.79,0.774,urbanizing-majority,0.058,-0.0014,0.9699,0.9303,0.9731,0.7544,0.308,0.6958,64.08,False
SWE,Sweden,Iranian,immigrant,1.9,1.84,1.5,1.68,1.0,1.17,0.17,1.1,0.07,1.17,-0.0,1.15,1.2,1.15,1.2,0.05,1.17,0.17,0.0,106070,132425,0.257,0.204,0.126,1.81,unspecified,True,0.5,0.48,0.56,0.42,0.648,0.903,1.0,0.78,0.836,0.0,1.02,0.0,0.574,0.483,1.0,0.761,14.046,8.613,65.0,64.08,20.954,27.307,0.34,0.169,0.798,0.911,1.0,1.115,0.1,0.001,0.3861,0.4407,0.0546,0.4407,1.1698,0.1172,2.12,2.091,0.0005,0.4412,1.17,0.17,0.0,2.12,2.091,0.0005,0.4412,0.7879,0.4659,0.0939,0.8519,0.1852,1.79,0.774,urbanizing-majority,0.058,-0.0014,0.9699,0.9303,0.9731,0.7544,0.308,0.6958,64.08,False
SWE,Sweden,Turkish,high_fertility,2.25,1.98,1.5,1.68,0.6,0.73,0.13,0.75,-0.03,0.73,-0.0,0.73,0.73,0.73,0.73,0.01,0.71,0.11,-0.02,63642,82502,0.257,0.204,0.126,1.81,unspecified,False,0.5,0.48,0.56,0.42,0.648,0.876,1.0,0.78,0.828,0.0,1.02,0.0,0.574,0.483,1.0,0.761,14.046,8.613,65.0,64.08,20.954,27.307,0.34,0.169,0.798,0.911,1.0,1.115,0.1,0.001,0.3861,0.4407,0.0546,0.4407,1.1698,0.1172,2.12,2.091,0.0005,0.4412,0.71,0.11,-0.02,2.12,2.091,0.0005,0.4412,0.7879,0.4659,0.0939,0.8519,0.1852,1.79,0.774,urbanizing-majority,0.058,-0.0014,0.9699,0.9303,0.9731,0.7544,0.308,0.6958,64.08,False
SWE,Sweden,Afghan,high_fertility,2.4,2.04,1.5,1.68,0.5,0.91,0.41,0.65,0.26,0.91,-0.0,0.82,1.03,0.82,1.03,0.21,0.88,0.38,-0.03,53035,102953,0.257,0.204,0.126,1.81,AFG,True,0.667,0.804,0.42,0.86,0.648,0.869,1.0,0.78,0.918,0.0,1.02,0.0,0.574,0.483,1.0,0.761,14.046,8.613,65.0,64.08,20.954,27.307,0.34,0.169,0.798,0.911,1.0,1.115,0.1,0.001,0.3861,0.4407,0.0546,0.4407,1.1698,0.1172,2.12,2.091,0.0005,0.4412,0.88,0.38,-0.03,2.12,2.091,0.0005,0.4412,0.7879,0.4659,0.0939,0.8519,0.1852,1.79,0.774,urbanizing-majority,0.058,-0.0014,0.9699,0.9303,0.9731,0.7544,0.308,0.6958,64.08,False
SWE,Sweden,Somalian,high_fertility,2.8,2.2,1.5,1.68,0.7,1.41,0.71,1.01,0.4,1.31,0.1,1.27,1.59,1.27,1.59,0.32,1.36,0.66,-0.05,74249,159653,0.257,0.204,0.126,1.81,NGA;ETH;GHA;KEN;UGA;TZA;RWA;COD;CIV;CMR;SEN;ZMB;ZWE;MOZ;MWI;AGO;SDN;SOM;ERI;BFA;NER;MLI;GIN;SLE;LBR;BEN;TGO;GMB,True,0.711,0.785,0.574,0.717,0.648,0.884,1.014,0.78,0.954,0.0,1.02,0.0,0.574,0.483,1.0,0.761,14.046,8.613,65.0,64.08,20.954,27.307,0.34,0.169,0.798,0.911,1.0,1.115,0.1,0.001,0.3861,0.4407,0.0546,0.4407,1.1698,0.1172,2.12,2.091,0.0005,0.4412,1.36,0.66,-0.05,2.12,2.091,0.0005,0.4412,0.7879,0.4659,0.0939,0.8519,0.1852,1.79,0.774,urbanizing-majority,0.058,-0.0014,0.9699,0.9303,0.9731,0.7544,0.308,0.6958,64.08,False
SWE,Sweden,Eritrean,high_fertility,1.85,1.82,1.5,1.68,0.4,0.52,0.12,0.45,0.07,0.44,0.08,0.5,0.55,0.5,0.55,0.05,0.52,0.12,-0.01,42428,59271,0.257,0.204,0.126,1.81,NGA;ETH;GHA;KEN;UGA;TZA;RWA;COD;CIV;CMR;SEN;ZMB;ZWE;MOZ;MWI;AGO;SDN;SOM;ERI;BFA;NER;MLI;GIN;SLE;LBR;BEN;TGO;GMB,True,0.711,0.785,0.574,0.717,0.648,0.86,1.014,0.78,0.943,0.0,1.02,0.0,0.574,0.483,1.0,0.761,14.046,8.613,65.0,64.08,20.954,27.307,0.34,0.169,0.798,0.911,1.0,1.115,0.1,0.001,0.3861,0.4407,0.0546,0.4407,1.1698,0.1172,2.12,2.091,0.0005,0.4412,0.52,0.12,-0.01,2.12,2.091,0.0005,0.4412,0.7879,0.4659,0.0939,0.8519,0.1852,1.79,0.774,urbanizing-majority,0.058,-0.0014,0.9699,0.9303,0.9731,0.7544,0.308,0.6958,64.08,False
SWE,Sweden,Polish,immigrant,1.5,1.68,1.5,1.68,1.3,1.34,0.04,1.26,0.08,1.34,-0.0,1.32,1.37,1.32,1.37,0.05,1.36,0.06,0.02,137891,151560,0.257,0.204,0.126,1.81,unspecified,True,0.5,0.48,0.56,0.42,0.648,0.92,1.0,0.78,0.842,0.0,1.02,0.0,0.574,0.483,1.0,0.761,14.046,8.613,65.0,64.08,20.954,27.307,0.34,0.169,0.798,0.911,1.0,1.115,0.1,0.001,0.3861,0.4407,0.0546,0.4407,1.1698,0.1172,2.12,2.091,0.0005,0.4412,1.36,0.06,0.02,2.12,2.091,0.0005,0.4412,0.7879,0.4659,0.0939,0.8519,0.1852,1.79,0.774,urbanizing-majority,0.058,-0.0014,0.9699,0.9303,0.9731,0.7544,0.308,0.6958,64.08,False
SWE,Sweden,South/East Asian,immigrant,1.5,1.68,1.5,1.68,3.3,3.41,0.11,3.2,0.21,3.42,-0.01,3.35,3.48,3.35,3.48,0.13,3.47,0.17,0.06,350031,385701,0.257,0.204,0.126,1.81,unspecified,True,0.5,0.48,0.56,0.42,0.648,0.995,1.0,0.78,0.866,0.0,1.02,0.0,0.574,0.483,1.0,0.761,14.046,8.613,65.0,64.08,20.954,27.307,0.34,0.169,0.798,0.911,1.0,1.115,0.1,0.001,0.3861,0.4407,0.0546,0.4407,1.1698,0.1172,2.12,2.091,0.0005,0.4412,3.47,0.17,0.06,2.12,2.091,0.0005,0.4412,0.7879,0.4659,0.0939,0.8519,0.1852,1.79,0.774,urbanizing-majority,0.058,-0.0014,0.9699,0.9303,0.9731,0.7544,0.308,0.6958,64.08,False
SWE,Sweden,Indian,immigrant,1.5,1.68,1.5,1.68,0.5,0.68,0.18,0.49,0.2,0.69,-0.0,0.62,0.77,0.62,0.77,0.15,0.69,0.19,0.01,53035,77337,0.257,0.204,0.126,1.81,IND;PAK;BGD;LKA;NPL,True,0.718,0.719,0.752,0.684,0.648,0.869,1.0,0.78,0.946,0.0,1.02,0.0,0.574,0.483,1.0,0.761,14.046,8.613,65.0,64.08,20.954,27.307,0.34,0.169,0.798,0.911,1.0,1.115,0.1,0.001,0.3861,0.4407,0.0546,0.4407,1.1698,0.1172,2.12,2.091,0.0005,0.4412,0.69,0.19,0.01,2.12,2.091,0.0005,0.4412,0.7879,0.4659,0.0939,0.8519,0.1852,1.79,0.774,urbanizing-majority,0.058,-0.0014,0.9699,0.9303,0.9731,0.7544,0.308,0.6958,64.08,False
SWE,Sweden,Pakistani,high_fertility,2.5,2.08,1.5,1.68,0.4,0.52,0.12,0.54,-0.02,0.52,-0.0,0.52,0.52,0.52,0.52,0.0,0.5,0.1,-0.02,42428,58543,0.257,0.204,0.126,1.81,PAK,False,0.769,0.814,0.7,0.74,0.648,0.86,1.0,0.78,0.97,0.0,1.02,0.0,0.574,0.483,1.0,0.761,14.046,8.613,65.0,64.08,20.954,27.307,0.34,0.169,0.798,0.911,1.0,1.115,0.1,0.001,0.3861,0.4407,0.0546,0.4407,1.1698,0.1172,2.12,2.091,0.0005,0.4412,0.5,0.1,-0.02,2.12,2.091,0.0005,0.4412,0.7879,0.4659,0.0939,0.8519,0.1852,1.79,0.774,urbanizing-majority,0.058,-0.0014,0.9699,0.9303,0.9731,0.7544,0.308,0.6958,64.08,False
SWE,Sweden,Chinese,immigrant,1.3,1.6,1.5,1.68,0.4,0.38,-0.02,0.36,0.02,0.38,-0.0,0.38,0.39,0.38,0.39,0.01,0.39,-0.01,0.01,42428,43303,0.257,0.204,0.126,1.81,CHN,True,0.52,0.502,0.58,0.45,0.648,0.86,1.0,0.78,0.834,0.0,1.02,0.0,0.574,0.483,1.0,0.761,14.046,8.613,65.0,64.08,20.954,27.307,0.34,0.169,0.798,0.911,1.0,1.115,0.1,0.001,0.3861,0.4407,0.0546,0.4407,1.1698,0.1172,2.12,2.091,0.0005,0.4412,0.39,-0.01,0.01,2.12,2.091,0.0005,0.4412,0.7879,0.4659,0.0939,0.8519,0.1852,1.79,0.774,urbanizing-majority,0.058,-0.0014,0.9699,0.9303,0.9731,0.7544,0.308,0.6958,64.08,False
SWE,Sweden,Other,immigrant,1.5,1.68,1.5,1.68,3.2,3.31,0.11,3.1,0.2,3.31,-0.01,3.25,3.37,3.25,3.37,0.12,3.36,0.16,0.06,339424,373978,0.257,0.204,0.126,1.81,unspecified,True,0.5,0.48,0.56,0.42,0.648,0.992,1.0,0.78,0.865,0.0,1.02,0.0,0.574,0.483,1.0,0.761,14.046,8.613,65.0,64.08,20.954,27.307,0.34,0.169,0.798,0.911,1.0,1.115,0.1,0.001,0.3861,0.4407,0.0546,0.4407,1.1698,0.1172,2.12,2.091,0.0005,0.4412,3.36,0.16,0.06,2.12,2.091,0.0005,0.4412,0.7879,0.4659,0.0939,0.8519,0.1852,1.79,0.774,urbanizing-majority,0.058,-0.0014,0.9699,0.9303,0.9731,0.7544,0.308,0.6958,64.08,False
SWZ,Eswatini,Swazi (Emaswati),majority,3.0,2.6,3.0,2.6,84.3,84.37,0.07,84.37,0.0,84.37,0.0,84.37,84.37,84.37,84.37,0.0,84.32,0.02,-0.05,1047705,1270083,0.0,0.0,0.0,1.25,unspecified,False,0.5,0.48,0.56,0.42,0.454,1.3,1.0,0.78,0.839,0.0,0.0,0.0,0.0,0.0,1.0,0.761,36.225,36.788,61.0,56.44,2.775,6.772,0.251,0.0,1.0,0.846,1.0,1.0,0.0,0.001,0.2777,0.2765,-0.0012,0.2765,0.619,0.2342,1.472,1.639,0.0005,0.2774,84.32,0.02,-0.05,1.472,1.639,0.0005,0.2774,0.5444,0.2017,0.1285,0.727,0.1955,1.38,0.277,rural-heavy,0.0,0.0376,0.699,0.7632,0.737,0.3255,0.4907,0.0,56.44,True
SWZ,Eswatini,Zulu,majority,3.0,2.6,3.0,2.6,9.9,9.9,-0.0,9.9,0.0,9.9,0.0,9.9,9.9,9.9,9.9,0.0,9.9,-0.0,-0.0,123040,148982,0.0,0.0,0.0,1.25,unspecified,False,0.5,0.48,0.56,0.42,0.454,1.107,1.0,0.78,0.796,0.0,0.0,0.0,0.0,0.0,1.0,0.761,36.225,36.788,61.0,56.44,2.775,6.772,0.251,0.0,1.0,0.846,1.0,1.0,0.0,0.001,0.2777,0.2765,-0.0012,0.2765,0.619,0.2342,1.472,1.639,0.0005,0.2774,9.9,-0.0,-0.0,1.472,1.639,0.0005,0.2774,0.5444,0.2017,0.1285,0.727,0.1955,1.38,0.277,rural-heavy,0.0,0.0376,0.699,0.7632,0.737,0.3255,0.4907,0.0,56.44,False
SWZ,Eswatini,Tsonga,majority,3.0,2.6,3.0,2.6,2.0,2.0,-0.0,2.0,0.0,2.0,0.0,2.0,2.0,2.0,2.0,0.0,2.0,-0.0,-0.0,24857,30097,0.0,0.0,0.0,1.25,unspecified,False,0.5,0.48,0.56,0.42,0.454,0.952,1.0,0.78,0.761,0.0,0.0,0.0,0.0,0.0,1.0,0.761,36.225,36.788,61.0,56.44,2.775,6.772,0.251,0.0,1.0,0.846,1.0,1.0,0.0,0.001,0.2777,0.2765,-0.0012,0.2765,0.619,0.2342,1.472,1.639,0.0005,0.2774,2.0,-0.0,-0.0,1.472,1.639,0.0005,0.2774,0.5444,0.2017,0.1285,0.727,0.1955,1.38,0.277,rural-heavy,0.0,0.0376,0.699,0.7632,0.737,0.3255,0.4907,0.0,56.44,False
SWZ,Eswatini,Other,assimilating,3.0,2.6,3.0,2.6,3.8,3.73,-0.07,3.73,0.0,3.73,0.0,3.73,3.73,3.73,3.73,0.0,3.79,-0.01,0.05,47228,56175,0.0,0.0,0.0,1.25,unspecified,False,0.5,0.48,0.56,0.42,0.454,1.008,1.0,0.78,0.774,0.0,0.0,0.0,0.0,0.0,1.0,0.761,36.225,36.788,61.0,56.44,2.775,6.772,0.251,0.0,1.0,0.846,1.0,1.0,0.0,0.001,0.2777,0.2765,-0.0012,0.2765,0.619,0.2342,1.472,1.639,0.0005,0.2774,3.79,-0.01,0.05,1.472,1.639,0.0005,0.2774,0.5444,0.2017,0.1285,0.727,0.1955,1.38,0.277,rural-heavy,0.0,0.0376,0.699,0.7632,0.737,0.3255,0.4907,0.0,56.44,False
SYC,Seychelles,Seychellois Creole (mixed),majority,2.2,2.14,2.2,2.14,76.0,76.52,0.52,76.52,0.0,76.52,0.0,76.5,76.53,76.5,76.53,0.03,76.41,0.41,-0.11,99131,108465,0.0,0.0,0.0,1.25,unspecified,False,0.5,0.48,0.56,0.42,0.454,1.3,1.0,0.78,0.839,0.0,0.0,0.0,0.0,0.0,1.0,0.761,14.284,10.145,68.0,64.32,17.716,25.535,0.251,0.0,1.0,0.894,1.0,1.0,0.0,0.001,0.4056,0.398,-0.0076,0.398,0.9816,0.1106,1.769,1.818,0.0005,0.3996,76.41,0.41,-0.11,1.769,1.818,0.0005,0.3996,0.7802,0.297,0.1143,0.8299,0.1714,1.66,0.55,mixed-rural-urban,0.0,0.0353,0.8504,0.9145,0.8861,0.7563,0.2749,0.6152,64.32,True
SYC,Seychelles,Other African,majority,2.2,2.14,2.2,2.14,10.0,10.05,0.05,10.05,0.0,10.05,0.0,10.05,10.06,10.05,10.06,0.0,10.05,0.05,-0.01,13044,14252,0.0,0.0,0.0,1.25,unspecified,False,0.5,0.48,0.56,0.42,0.454,1.108,1.0,0.78,0.796,0.0,0.0,0.0,0.0,0.0,1.0,0.761,14.284,10.145,68.0,64.32,17.716,25.535,0.251,0.0,1.0,0.894,1.0,1.0,0.0,0.001,0.4056,0.398,-0.0076,0.398,0.9816,0.1106,1.769,1.818,0.0005,0.3996,10.05,0.05,-0.01,1.769,1.818,0.0005,0.3996,0.7802,0.297,0.1143,0.8299,0.1714,1.66,0.55,mixed-rural-urban,0.0,0.0353,0.8504,0.9145,0.8861,0.7563,0.2749,0.6152,64.32,False
SYC,Seychelles,Indian,majority,2.2,2.14,2.2,2.14,6.0,6.03,0.03,6.03,0.0,6.03,0.0,6.03,6.03,6.03,6.03,0.0,6.03,0.03,-0.0,7826,8551,0.0,0.0,0.0,1.25,IND;PAK;BGD;LKA;NPL,False,0.718,0.719,0.752,0.684,0.454,1.054,1.0,0.78,0.886,0.0,0.0,0.0,0.0,0.0,1.0,0.761,14.284,10.145,68.0,64.32,17.716,25.535,0.251,0.0,1.0,0.894,1.0,1.0,0.0,0.001,0.4056,0.398,-0.0076,0.398,0.9816,0.1106,1.769,1.818,0.0005,0.3996,6.03,0.03,-0.0,1.769,1.818,0.0005,0.3996,0.7802,0.297,0.1143,0.8299,0.1714,1.66,0.55,mixed-rural-urban,0.0,0.0353,0.8504,0.9145,0.8861,0.7563,0.2749,0.6152,64.32,False
SYC,Seychelles,French/Chinese,low_fertility,1.7,1.94,2.2,2.14,4.0,3.44,-0.56,3.44,0.0,3.44,0.0,3.46,3.42,3.42,3.46,0.04,3.5,-0.5,0.06,5217,4875,0.0,0.0,0.0,1.25,CHN,False,0.52,0.502,0.58,0.45,0.454,1.013,1.0,0.78,0.784,0.0,0.0,0.0,0.0,0.0,1.0,0.761,14.284,10.145,68.0,64.32,17.716,25.535,0.251,0.0,1.0,0.894,1.0,1.0,0.0,0.001,0.4056,0.398,-0.0076,0.398,0.9816,0.1106,1.769,1.818,0.0005,0.3996,3.5,-0.5,0.06,1.769,1.818,0.0005,0.3996,0.7802,0.297,0.1143,0.8299,0.1714,1.66,0.55,mixed-rural-urban,0.0,0.0353,0.8504,0.9145,0.8861,0.7563,0.2749,0.6152,64.32,False
SYC,Seychelles,Other,assimilating,2.2,2.14,2.2,2.14,4.0,3.96,-0.04,3.96,0.0,3.96,0.0,3.96,3.96,3.96,3.96,0.0,4.01,0.01,0.05,5217,5612,0.0,0.0,0.0,1.25,unspecified,False,0.5,0.48,0.56,0.42,0.454,1.013,1.0,0.78,0.775,0.0,0.0,0.0,0.0,0.0,1.0,0.761,14.284,10.145,68.0,64.32,17.716,25.535,0.251,0.0,1.0,0.894,1.0,1.0,0.0,0.001,0.4056,0.398,-0.0076,0.398,0.9816,0.1106,1.769,1.818,0.0005,0.3996,4.01,0.01,0.05,1.769,1.818,0.0005,0.3996,0.7802,0.297,0.1143,0.8299,0.1714,1.66,0.55,mixed-rural-urban,0.0,0.0353,0.8504,0.9145,0.8861,0.7563,0.2749,0.6152,64.32,False
SYR,Syria,Syrian Arab,high_fertility,3.55,2.68,2.8,2.38,80.0,81.41,1.41,81.41,0.0,81.41,0.0,81.36,81.45,81.36,81.45,0.08,81.21,1.21,-0.2,19738206,30765896,0.0,0.0,0.0,1.25,SYR,False,0.672,0.726,0.6,0.74,0.454,1.3,1.0,0.78,0.938,0.0,0.0,0.726,0.0,0.0,1.0,0.761,39.873,37.296,55.5,50.0,4.627,12.704,0.251,0.0,1.0,0.778,1.0,1.0,0.0,0.001,0.3462,0.3246,-0.0216,0.3246,0.7588,0.2459,1.701,1.735,0.0005,0.3276,81.21,1.21,-0.2,1.701,1.735,0.0005,0.3276,0.4599,0.297,0.1145,0.6578,0.2692,1.48,0.55,mixed-rural-urban,0.0,0.0561,0.8311,0.4841,0.5926,0.2829,0.5342,0.032,50.0,True
SYR,Syria,Kurdish,high_fertility,3.55,2.68,2.8,2.38,9.5,9.65,0.15,9.65,0.0,9.65,0.0,9.64,9.65,9.64,9.65,0.01,9.64,0.14,-0.01,2343912,3646550,0.0,0.0,0.0,1.25,unspecified,False,0.5,0.48,0.56,0.42,0.454,1.102,1.0,0.78,0.795,0.0,0.0,0.726,0.0,0.0,1.0,0.761,39.873,37.296,55.5,50.0,4.627,12.704,0.251,0.0,1.0,0.778,1.0,1.0,0.0,0.001,0.3462,0.3246,-0.0216,0.3246,0.7588,0.2459,1.701,1.735,0.0005,0.3276,9.64,0.14,-0.01,1.701,1.735,0.0005,0.3276,0.4599,0.297,0.1145,0.6578,0.2692,1.48,0.55,mixed-rural-urban,0.0,0.0561,0.8311,0.4841,0.5926,0.2829,0.5342,0.032,50.0,False
SYR,Syria,Turkmen,high_fertility,3.15,2.52,2.8,2.38,2.0,1.88,-0.12,1.88,0.0,1.88,0.0,1.89,1.88,1.88,1.89,0.01,1.89,-0.11,0.01,493455,710801,0.0,0.0,0.0,1.25,unspecified,False,0.5,0.48,0.56,0.42,0.454,0.952,1.0,0.78,0.761,0.0,0.0,0.726,0.0,0.0,1.0,0.761,39.873,37.296,55.5,50.0,4.627,12.704,0.251,0.0,1.0,0.778,1.0,1.0,0.0,0.001,0.3462,0.3246,-0.0216,0.3246,0.7588,0.2459,1.701,1.735,0.0005,0.3276,1.89,-0.11,0.01,1.701,1.735,0.0005,0.3276,0.4599,0.297,0.1145,0.6578,0.2692,1.48,0.55,mixed-rural-urban,0.0,0.0561,0.8311,0.4841,0.5926,0.2829,0.5342,0.032,50.0,False
SYR,Syria,Armenian,low_fertility,2.4,2.22,2.8,2.38,1.0,0.76,-0.24,0.76,0.0,0.76,0.0,0.77,0.76,0.76,0.77,0.01,0.78,-0.22,0.02,246728,288444,0.0,0.0,0.0,1.25,unspecified,False,0.5,0.48,0.56,0.42,0.454,0.903,1.0,0.78,0.75,0.0,0.0,0.726,0.0,0.0,1.0,0.761,39.873,37.296,55.5,50.0,4.627,12.704,0.251,0.0,1.0,0.778,1.0,1.0,0.0,0.001,0.3462,0.3246,-0.0216,0.3246,0.7588,0.2459,1.701,1.735,0.0005,0.3276,0.78,-0.22,0.02,1.701,1.735,0.0005,0.3276,0.4599,0.297,0.1145,0.6578,0.2692,1.48,0.55,mixed-rural-urban,0.0,0.0561,0.8311,0.4841,0.5926,0.2829,0.5342,0.032,50.0,False
SYR,Syria,Assyrian,low_fertility,2.8,2.38,2.8,2.38,0.5,0.42,-0.08,0.42,0.0,0.42,0.0,0.42,0.42,0.42,0.42,0.0,0.43,-0.07,0.01,123364,158441,0.0,0.0,0.0,1.25,SYR,False,0.672,0.726,0.6,0.74,0.454,0.869,1.0,0.78,0.809,0.0,0.0,0.726,0.0,0.0,1.0,0.761,39.873,37.296,55.5,50.0,4.627,12.704,0.251,0.0,1.0,0.778,1.0,1.0,0.0,0.001,0.3462,0.3246,-0.0216,0.3246,0.7588,0.2459,1.701,1.735,0.0005,0.3276,0.43,-0.07,0.01,1.701,1.735,0.0005,0.3276,0.4599,0.297,0.1145,0.6578,0.2692,1.48,0.55,mixed-rural-urban,0.0,0.0561,0.8311,0.4841,0.5926,0.2829,0.5342,0.032,50.0,False
SYR,Syria,Circassian,majority,2.8,2.38,2.8,2.38,0.5,0.43,-0.07,0.43,0.0,0.43,0.0,0.43,0.42,0.42,0.43,0.0,0.43,-0.07,0.01,123364,161127,0.0,0.0,0.0,1.25,unspecified,False,0.5,0.48,0.56,0.42,0.454,0.869,1.0,0.78,0.743,0.0,0.0,0.726,0.0,0.0,1.0,0.761,39.873,37.296,55.5,50.0,4.627,12.704,0.251,0.0,1.0,0.778,1.0,1.0,0.0,0.001,0.3462,0.3246,-0.0216,0.3246,0.7588,0.2459,1.701,1.735,0.0005,0.3276,0.43,-0.07,0.01,1.701,1.735,0.0005,0.3276,0.4599,0.297,0.1145,0.6578,0.2692,1.48,0.55,mixed-rural-urban,0.0,0.0561,0.8311,0.4841,0.5926,0.2829,0.5342,0.032,50.0,False
SYR,Syria,Other,assimilating,2.8,2.38,2.8,2.38,6.5,5.46,-1.04,5.46,0.0,5.46,0.0,5.49,5.43,5.43,5.49,0.06,5.62,-0.88,0.16,1603729,2062116,0.0,0.0,0.0,1.25,unspecified,False,0.5,0.48,0.56,0.42,0.454,1.062,1.0,0.78,0.786,0.0,0.0,0.726,0.0,0.0,1.0,0.761,39.873,37.296,55.5,50.0,4.627,12.704,0.251,0.0,1.0,0.778,1.0,1.0,0.0,0.001,0.3462,0.3246,-0.0216,0.3246,0.7588,0.2459,1.701,1.735,0.0005,0.3276,5.62,-0.88,0.16,1.701,1.735,0.0005,0.3276,0.4599,0.297,0.1145,0.6578,0.2692,1.48,0.55,mixed-rural-urban,0.0,0.0561,0.8311,0.4841,0.5926,0.2829,0.5342,0.032,50.0,False
TCD,Chad,Sara,majority,5.9,4.19,5.9,4.19,27.7,27.46,-0.24,27.46,0.0,27.46,0.0,27.48,27.45,27.45,27.48,0.03,27.35,-0.35,-0.12,5622859,10672211,0.0,0.0,0.0,1.25,unspecified,False,0.5,0.48,0.56,0.42,0.454,1.223,1.0,0.78,0.821,0.0,0.0,0.0,0.0,0.0,1.0,0.761,46.0,46.829,52.0,50.0,2.0,3.171,0.251,0.0,1.0,0.737,1.0,1.0,0.0,0.001,0.8538,0.8539,0.0001,0.8539,2.9436,0.3487,2.154,2.445,0.0005,0.8544,27.35,-0.35,-0.12,2.154,2.445,0.0005,0.8544,0.2763,0.2301,0.2018,0.5608,0.3112,6.85,0.313,rural-heavy,0.0,0.0399,0.5787,0.3396,0.4821,0.0,0.72,0.0,50.0,True
TCD,Chad,Arab,high_fertility,6.65,4.49,5.9,4.19,12.3,13.35,1.05,13.35,0.0,13.35,0.0,13.31,13.39,13.31,13.39,0.07,13.26,0.96,-0.09,2496793,5187247,0.0,0.0,0.0,1.25,unspecified,False,0.5,0.48,0.56,0.42,0.454,1.131,1.0,0.78,0.801,0.0,0.0,0.0,0.0,0.0,1.0,0.761,46.0,46.829,52.0,50.0,2.0,3.171,0.251,0.0,1.0,0.737,1.0,1.0,0.0,0.001,0.8538,0.8539,0.0001,0.8539,2.9436,0.3487,2.154,2.445,0.0005,0.8544,13.26,0.96,-0.09,2.154,2.445,0.0005,0.8544,0.2763,0.2301,0.2018,0.5608,0.3112,6.85,0.313,rural-heavy,0.0,0.0399,0.5787,0.3396,0.4821,0.0,0.72,0.0,50.0,False
TCD,Chad,Mayo-Kebbi,majority,5.9,4.19,5.9,4.19,11.5,11.28,-0.22,11.28,0.0,11.28,0.0,11.29,11.28,11.28,11.29,0.01,11.3,-0.2,0.02,2334400,4384578,0.0,0.0,0.0,1.25,unspecified,False,0.5,0.48,0.56,0.42,0.454,1.123,1.0,0.78,0.799,0.0,0.0,0.0,0.0,0.0,1.0,0.761,46.0,46.829,52.0,50.0,2.0,3.171,0.251,0.0,1.0,0.737,1.0,1.0,0.0,0.001,0.8538,0.8539,0.0001,0.8539,2.9436,0.3487,2.154,2.445,0.0005,0.8544,11.3,-0.2,0.02,2.154,2.445,0.0005,0.8544,0.2763,0.2301,0.2018,0.5608,0.3112,6.85,0.313,rural-heavy,0.0,0.0399,0.5787,0.3396,0.4821,0.0,0.72,0.0,50.0,False
TCD,Chad,Kanem-Bornou,high_fertility,6.25,4.33,5.9,4.19,9.0,9.36,0.36,9.36,0.0,9.36,0.0,9.35,9.37,9.35,9.37,0.02,9.34,0.34,-0.02,1826922,3636831,0.0,0.0,0.0,1.25,unspecified,False,0.5,0.48,0.56,0.42,0.454,1.096,1.0,0.78,0.793,0.0,0.0,0.0,0.0,0.0,1.0,0.761,46.0,46.829,52.0,50.0,2.0,3.171,0.251,0.0,1.0,0.737,1.0,1.0,0.0,0.001,0.8538,0.8539,0.0001,0.8539,2.9436,0.3487,2.154,2.445,0.0005,0.8544,9.34,0.34,-0.02,2.154,2.445,0.0005,0.8544,0.2763,0.2301,0.2018,0.5608,0.3112,6.85,0.313,rural-heavy,0.0,0.0399,0.5787,0.3396,0.4821,0.0,0.72,0.0,50.0,False
TCD,Chad,Ouaddai,majority,5.9,4.19,5.9,4.19,8.7,8.54,-0.16,8.54,0.0,8.54,0.0,8.54,8.53,8.53,8.54,0.01,8.55,-0.15,0.01,1766024,3317029,0.0,0.0,0.0,1.25,unspecified,False,0.5,0.48,0.56,0.42,0.454,1.093,1.0,0.78,0.792,0.0,0.0,0.0,0.0,0.0,1.0,0.761,46.0,46.829,52.0,50.0,2.0,3.171,0.251,0.0,1.0,0.737,1.0,1.0,0.0,0.001,0.8538,0.8539,0.0001,0.8539,2.9436,0.3487,2.154,2.445,0.0005,0.8544,8.55,-0.15,0.01,2.154,2.445,0.0005,0.8544,0.2763,0.2301,0.2018,0.5608,0.3112,6.85,0.313,rural-heavy,0.0,0.0399,0.5787,0.3396,0.4821,0.0,0.72,0.0,50.0,False
TCD,Chad,Hadjarai,majority,5.9,4.19,5.9,4.19,6.7,6.57,-0.13,6.57,0.0,6.57,0.0,6.58,6.57,6.57,6.58,0.01,6.58,-0.12,0.01,1360042,2554493,0.0,0.0,0.0,1.25,unspecified,False,0.5,0.48,0.56,0.42,0.454,1.065,1.0,0.78,0.786,0.0,0.0,0.0,0.0,0.0,1.0,0.761,46.0,46.829,52.0,50.0,2.0,3.171,0.251,0.0,1.0,0.737,1.0,1.0,0.0,0.001,0.8538,0.8539,0.0001,0.8539,2.9436,0.3487,2.154,2.445,0.0005,0.8544,6.58,-0.12,0.01,2.154,2.445,0.0005,0.8544,0.2763,0.2301,0.2018,0.5608,0.3112,6.85,0.313,rural-heavy,0.0,0.0399,0.5787,0.3396,0.4821,0.0,0.72,0.0,50.0,False
TCD,Chad,Tandjile,majority,5.9,4.19,5.9,4.19,6.5,6.38,-0.12,6.38,0.0,6.38,0.0,6.38,6.37,6.37,6.38,0.01,6.39,-0.11,0.01,1319444,2478240,0.0,0.0,0.0,1.25,unspecified,False,0.5,0.48,0.56,0.42,0.454,1.062,1.0,0.78,0.786,0.0,0.0,0.0,0.0,0.0,1.0,0.761,46.0,46.829,52.0,50.0,2.0,3.171,0.251,0.0,1.0,0.737,1.0,1.0,0.0,0.001,0.8538,0.8539,0.0001,0.8539,2.9436,0.3487,2.154,2.445,0.0005,0.8544,6.39,-0.11,0.01,2.154,2.445,0.0005,0.8544,0.2763,0.2301,0.2018,0.5608,0.3112,6.85,0.313,rural-heavy,0.0,0.0399,0.5787,0.3396,0.4821,0.0,0.72,0.0,50.0,False
TCD,Chad,Gorane (Toubou),majority,5.9,4.19,5.9,4.19,6.3,6.18,-0.12,6.18,0.0,6.18,0.0,6.19,6.18,6.18,6.19,0.01,6.19,-0.11,0.01,1278845,2401986,0.0,0.0,0.0,1.25,unspecified,False,0.5,0.48,0.56,0.42,0.454,1.059,1.0,0.78,0.785,0.0,0.0,0.0,0.0,0.0,1.0,0.761,46.0,46.829,52.0,50.0,2.0,3.171,0.251,0.0,1.0,0.737,1.0,1.0,0.0,0.001,0.8538,0.8539,0.0001,0.8539,2.9436,0.3487,2.154,2.445,0.0005,0.8544,6.19,-0.11,0.01,2.154,2.445,0.0005,0.8544,0.2763,0.2301,0.2018,0.5608,0.3112,6.85,0.313,rural-heavy,0.0,0.0399,0.5787,0.3396,0.4821,0.0,0.72,0.0,50.0,False
TCD,Chad,Other,assimilating,5.9,4.19,5.9,4.19,11.3,10.87,-0.43,10.87,0.0,10.87,0.0,10.88,10.87,10.87,10.88,0.01,11.05,-0.25,0.17,2293802,4225072,0.0,0.0,0.0,1.25,unspecified,False,0.5,0.48,0.56,0.42,0.454,1.121,1.0,0.78,0.799,0.0,0.0,0.0,0.0,0.0,1.0,0.761,46.0,46.829,52.0,50.0,2.0,3.171,0.251,0.0,1.0,0.737,1.0,1.0,0.0,0.001,0.8538,0.8539,0.0001,0.8539,2.9436,0.3487,2.154,2.445,0.0005,0.8544,11.05,-0.25,0.17,2.154,2.445,0.0005,0.8544,0.2763,0.2301,0.2018,0.5608,0.3112,6.85,0.313,rural-heavy,0.0,0.0399,0.5787,0.3396,0.4821,0.0,0.72,0.0,50.0,False
TGO,Togo,Adja-Ewe/Mina,majority,4.3,3.31,4.3,3.31,42.4,42.64,0.24,42.64,0.0,42.64,0.0,42.64,42.64,42.64,42.64,0.0,42.49,0.09,-0.15,3564379,5952286,0.0,0.0,0.0,1.25,unspecified,False,0.5,0.48,0.56,0.42,0.454,1.272,1.0,0.78,0.832,0.0,0.0,0.76,0.0,0.0,1.0,0.761,39.843,40.675,57.5,53.82,2.657,5.505,0.251,0.0,1.0,0.802,1.0,1.0,0.0,0.001,0.7111,0.7096,-0.0014,0.7096,2.0811,0.2783,2.005,2.245,0.0005,0.7106,42.49,0.09,-0.15,2.005,2.245,0.0005,0.7106,0.4359,0.2204,0.1079,0.6697,0.2324,3.44,0.341,rural-heavy,0.0,0.0696,0.7019,0.6375,0.5874,0.1793,0.6266,0.0,53.82,True
TGO,Togo,Kabye/Tem,majority,4.3,3.31,4.3,3.31,25.9,25.88,-0.02,25.88,0.0,25.88,0.0,25.88,25.88,25.88,25.88,0.0,25.88,-0.02,-0.0,2177297,3612634,0.0,0.0,0.0,1.25,unspecified,False,0.5,0.48,0.56,0.42,0.454,1.215,1.0,0.78,0.82,0.0,0.0,0.76,0.0,0.0,1.0,0.761,39.843,40.675,57.5,53.82,2.657,5.505,0.251,0.0,1.0,0.802,1.0,1.0,0.0,0.001,0.7111,0.7096,-0.0014,0.7096,2.0811,0.2783,2.005,2.245,0.0005,0.7106,25.88,-0.02,-0.0,2.005,2.245,0.0005,0.7106,0.4359,0.2204,0.1079,0.6697,0.2324,3.44,0.341,rural-heavy,0.0,0.0696,0.7019,0.6375,0.5874,0.1793,0.6266,0.0,53.82,False
TGO,Togo,Akan-Peul/Gurma,majority,4.3,3.31,4.3,3.31,17.1,17.09,-0.01,17.09,0.0,17.09,0.0,17.09,17.09,17.09,17.09,0.0,17.09,-0.01,-0.0,1437521,2385175,0.0,0.0,0.0,1.25,unspecified,False,0.5,0.48,0.56,0.42,0.454,1.168,1.0,0.78,0.809,0.0,0.0,0.76,0.0,0.0,1.0,0.761,39.843,40.675,57.5,53.82,2.657,5.505,0.251,0.0,1.0,0.802,1.0,1.0,0.0,0.001,0.7111,0.7096,-0.0014,0.7096,2.0811,0.2783,2.005,2.245,0.0005,0.7106,17.09,-0.01,-0.0,2.005,2.245,0.0005,0.7106,0.4359,0.2204,0.1079,0.6697,0.2324,3.44,0.341,rural-heavy,0.0,0.0696,0.7019,0.6375,0.5874,0.1793,0.6266,0.0,53.82,False
TGO,Togo,Akposso/Ake,majority,4.3,3.31,4.3,3.31,4.0,4.0,-0.0,4.0,0.0,4.0,0.0,4.0,4.0,4.0,4.0,0.0,4.0,-0.0,-0.0,336262,557936,0.0,0.0,0.0,1.25,unspecified,False,0.5,0.48,0.56,0.42,0.454,1.013,1.0,0.78,0.775,0.0,0.0,0.76,0.0,0.0,1.0,0.761,39.843,40.675,57.5,53.82,2.657,5.505,0.251,0.0,1.0,0.802,1.0,1.0,0.0,0.001,0.7111,0.7096,-0.0014,0.7096,2.0811,0.2783,2.005,2.245,0.0005,0.7106,4.0,-0.0,-0.0,2.005,2.245,0.0005,0.7106,0.4359,0.2204,0.1079,0.6697,0.2324,3.44,0.341,rural-heavy,0.0,0.0696,0.7019,0.6375,0.5874,0.1793,0.6266,0.0,53.82,False
TGO,Togo,Other,assimilating,4.3,3.31,4.3,3.31,10.6,10.4,-0.2,10.4,0.0,10.4,0.0,10.4,10.4,10.4,10.4,0.0,10.55,-0.05,0.15,891095,1451991,0.0,0.0,0.0,1.25,unspecified,False,0.5,0.48,0.56,0.42,0.454,1.114,1.0,0.78,0.797,0.0,0.0,0.76,0.0,0.0,1.0,0.761,39.843,40.675,57.5,53.82,2.657,5.505,0.251,0.0,1.0,0.802,1.0,1.0,0.0,0.001,0.7111,0.7096,-0.0014,0.7096,2.0811,0.2783,2.005,2.245,0.0005,0.7106,10.55,-0.05,0.15,2.005,2.245,0.0005,0.7106,0.4359,0.2204,0.1079,0.6697,0.2324,3.44,0.341,rural-heavy,0.0,0.0696,0.7019,0.6375,0.5874,0.1793,0.6266,0.0,53.82,False
THA,Thailand,Central Thai,majority,1.3,1.54,1.3,1.54,36.0,35.58,-0.42,35.6,-0.03,35.58,-0.0,35.6,35.55,35.55,35.6,0.05,35.61,-0.39,0.04,25800484,23616518,0.461,0.0,0.0,1.97,unspecified,False,0.5,0.48,0.56,0.42,0.702,1.253,1.0,0.52,0.917,0.0,0.0,0.0,0.391,0.063,1.0,0.761,13.596,6.367,64.5,63.98,21.904,29.653,0.2,0.0,1.0,0.821,1.0,1.161,0.0,0.001,0.732,0.7376,0.0056,0.7376,2.2324,0.1646,2.253,2.275,0.0005,0.7371,35.61,-0.39,0.04,2.253,2.275,0.0005,0.7371,0.7216,0.5283,0.1628,0.8177,0.2223,3.81,0.747,urbanizing-majority,0.116,0.0621,0.9179,0.8081,0.8579,0.6653,0.3481,0.8024,63.98,True
THA,Thailand,Isan (Thai-Lao),majority,1.3,1.54,1.3,1.54,33.0,32.59,-0.41,32.61,-0.02,32.59,-0.0,32.61,32.56,32.56,32.61,0.05,32.63,-0.37,0.05,23650443,21632397,0.461,0.0,0.0,1.97,unspecified,False,0.5,0.48,0.56,0.42,0.702,1.243,1.0,0.52,0.914,0.0,0.0,0.0,0.391,0.063,1.0,0.761,13.596,6.367,64.5,63.98,21.904,29.653,0.2,0.0,1.0,0.821,1.0,1.161,0.0,0.001,0.732,0.7376,0.0056,0.7376,2.2324,0.1646,2.253,2.275,0.0005,0.7371,32.63,-0.37,0.05,2.253,2.275,0.0005,0.7371,0.7216,0.5283,0.1628,0.8177,0.2223,3.81,0.747,urbanizing-majority,0.116,0.0621,0.9179,0.8081,0.8579,0.6653,0.3481,0.8024,63.98,False
THA,Thailand,Northern Thai (Lanna),majority,1.3,1.54,1.3,1.54,13.0,12.84,-0.16,12.85,-0.01,12.84,-0.0,12.85,12.83,12.83,12.85,0.02,12.86,-0.14,0.02,9316841,8521853,0.461,0.0,0.0,1.97,unspecified,False,0.5,0.48,0.56,0.42,0.702,1.137,1.0,0.52,0.883,0.0,0.0,0.0,0.391,0.063,1.0,0.761,13.596,6.367,64.5,63.98,21.904,29.653,0.2,0.0,1.0,0.821,1.0,1.161,0.0,0.001,0.732,0.7376,0.0056,0.7376,2.2324,0.1646,2.253,2.275,0.0005,0.7371,12.86,-0.14,0.02,2.253,2.275,0.0005,0.7371,0.7216,0.5283,0.1628,0.8177,0.2223,3.81,0.747,urbanizing-majority,0.116,0.0621,0.9179,0.8081,0.8579,0.6653,0.3481,0.8024,63.98,False
THA,Thailand,Southern Thai,majority,1.3,1.54,1.3,1.54,4.0,3.95,-0.05,3.95,-0.0,3.95,-0.0,3.95,3.95,3.95,3.95,0.01,3.96,-0.04,0.01,2866720,2622109,0.461,0.0,0.0,1.97,unspecified,False,0.5,0.48,0.56,0.42,0.702,1.013,1.0,0.52,0.847,0.0,0.0,0.0,0.391,0.063,1.0,0.761,13.596,6.367,64.5,63.98,21.904,29.653,0.2,0.0,1.0,0.821,1.0,1.161,0.0,0.001,0.732,0.7376,0.0056,0.7376,2.2324,0.1646,2.253,2.275,0.0005,0.7371,3.96,-0.04,0.01,2.253,2.275,0.0005,0.7371,0.7216,0.5283,0.1628,0.8177,0.2223,3.81,0.747,urbanizing-majority,0.116,0.0621,0.9179,0.8081,0.8579,0.6653,0.3481,0.8024,63.98,False
THA,Thailand,Thai Chinese,majority,1.3,1.54,1.3,1.54,10.0,9.87,-0.13,9.88,-0.01,9.88,-0.0,9.88,9.87,9.87,9.88,0.01,9.89,-0.11,0.01,7166801,6555272,0.461,0.0,0.0,1.97,CHN,False,0.52,0.502,0.58,0.45,0.702,1.108,1.0,0.52,0.888,0.0,0.0,0.0,0.391,0.063,1.0,0.761,13.596,6.367,64.5,63.98,21.904,29.653,0.2,0.0,1.0,0.821,1.0,1.161,0.0,0.001,0.732,0.7376,0.0056,0.7376,2.2324,0.1646,2.253,2.275,0.0005,0.7371,9.89,-0.11,0.01,2.253,2.275,0.0005,0.7371,0.7216,0.5283,0.1628,0.8177,0.2223,3.81,0.747,urbanizing-majority,0.116,0.0621,0.9179,0.8081,0.8579,0.6653,0.3481,0.8024,63.98,False
THA,Thailand,Malay (Muslim),high_fertility,2.25,1.92,1.3,1.54,3.0,4.13,1.13,4.13,-0.0,4.13,-0.0,4.08,4.17,4.08,4.17,0.09,3.99,0.99,-0.14,2150040,2740871,0.461,0.0,0.0,1.97,unspecified,False,0.5,0.48,0.56,0.42,0.702,0.986,1.0,0.52,0.839,0.0,0.0,0.0,0.391,0.063,1.0,0.761,13.596,6.367,64.5,63.98,21.904,29.653,0.2,0.0,1.0,0.821,1.0,1.161,0.0,0.001,0.732,0.7376,0.0056,0.7376,2.2324,0.1646,2.253,2.275,0.0005,0.7371,3.99,0.99,-0.14,2.253,2.275,0.0005,0.7371,0.7216,0.5283,0.1628,0.8177,0.2223,3.81,0.747,urbanizing-majority,0.116,0.0621,0.9179,0.8081,0.8579,0.6653,0.3481,0.8024,63.98,False
THA,Thailand,Other,assimilating,1.3,1.54,1.3,1.54,1.0,1.05,0.05,0.97,0.07,1.04,0.0,1.02,1.07,1.02,1.07,0.05,1.06,0.06,0.02,716680,693712,0.461,0.0,0.0,1.97,NGA;ETH;GHA;KEN;UGA;TZA;RWA;COD;CIV;CMR;SEN;ZMB;ZWE;MOZ;MWI;AGO;SDN;SOM;ERI;BFA;NER;MLI;GIN;SLE;LBR;BEN;TGO;GMB,True,0.711,0.785,0.574,0.717,0.702,0.903,1.0,0.52,0.926,0.0,0.0,0.0,0.391,0.063,1.0,0.761,13.596,6.367,64.5,63.98,21.904,29.653,0.2,0.0,1.0,0.821,1.0,1.161,0.0,0.001,0.732,0.7376,0.0056,0.7376,2.2324,0.1646,2.253,2.275,0.0005,0.7371,1.06,0.06,0.02,2.253,2.275,0.0005,0.7371,0.7216,0.5283,0.1628,0.8177,0.2223,3.81,0.747,urbanizing-majority,0.116,0.0621,0.9179,0.8081,0.8579,0.6653,0.3481,0.8024,63.98,False
TJK,Tajikistan,Tajik,majority,3.5,2.87,3.5,2.87,84.3,84.31,0.01,84.35,-0.04,84.31,0.0,84.32,84.29,84.29,84.32,0.03,84.3,-0.0,-0.01,8928154,13130657,0.0,0.0,0.0,1.25,unspecified,False,0.5,0.48,0.56,0.42,0.454,1.3,1.0,0.78,0.839,0.0,0.0,0.0,0.0,0.0,1.0,0.761,34.364,33.497,62.0,56.72,3.636,9.783,0.251,0.006,0.998,0.842,1.0,1.0,0.0,0.001,0.2702,0.2701,-0.0001,0.2701,0.5679,0.2145,1.601,1.628,0.0005,0.2703,84.3,-0.0,-0.01,1.601,1.628,0.0005,0.2703,0.5841,0.2945,0.1415,0.7426,0.2038,1.37,0.527,mixed-rural-urban,0.0,0.0801,0.8466,0.777,0.6971,0.3861,0.4149,0.0,56.72,True
TJK,Tajikistan,Uzbek,majority,3.5,2.87,3.5,2.87,13.8,13.8,-0.0,13.81,-0.01,13.8,0.0,13.8,13.8,13.8,13.8,0.0,13.8,-0.0,-0.0,1461548,2149092,0.0,0.0,0.0,1.25,unspecified,False,0.5,0.48,0.56,0.42,0.454,1.143,1.0,0.78,0.804,0.0,0.0,0.0,0.0,0.0,1.0,0.761,34.364,33.497,62.0,56.72,3.636,9.783,0.251,0.006,0.998,0.842,1.0,1.0,0.0,0.001,0.2702,0.2701,-0.0001,0.2701,0.5679,0.2145,1.601,1.628,0.0005,0.2703,13.8,-0.0,-0.0,1.601,1.628,0.0005,0.2703,0.5841,0.2945,0.1415,0.7426,0.2038,1.37,0.527,mixed-rural-urban,0.0,0.0801,0.8466,0.777,0.6971,0.3861,0.4149,0.0,56.72,False
TJK,Tajikistan,Kyrgyz,majority,3.5,2.87,3.5,2.87,0.8,0.8,-0.0,0.8,-0.0,0.8,0.0,0.8,0.8,0.8,0.8,0.0,0.8,-0.0,-0.0,84727,124585,0.0,0.0,0.0,1.25,unspecified,False,0.5,0.48,0.56,0.42,0.454,0.891,1.0,0.78,0.748,0.0,0.0,0.0,0.0,0.0,1.0,0.761,34.364,33.497,62.0,56.72,3.636,9.783,0.251,0.006,0.998,0.842,1.0,1.0,0.0,0.001,0.2702,0.2701,-0.0001,0.2701,0.5679,0.2145,1.601,1.628,0.0005,0.2703,0.8,-0.0,-0.0,1.601,1.628,0.0005,0.2703,0.5841,0.2945,0.1415,0.7426,0.2038,1.37,0.527,mixed-rural-urban,0.0,0.0801,0.8466,0.777,0.6971,0.3861,0.4149,0.0,56.72,False
TJK,Tajikistan,Russian,low_fertility,3.1,2.71,3.5,2.87,0.5,0.46,-0.04,0.46,-0.0,0.46,0.0,0.46,0.46,0.46,0.46,0.0,0.46,-0.04,0.0,52955,71142,0.0,0.0,0.0,1.25,unspecified,False,0.5,0.48,0.56,0.42,0.454,0.869,1.0,0.78,0.743,0.0,0.0,0.0,0.0,0.0,1.0,0.761,34.364,33.497,62.0,56.72,3.636,9.783,0.251,0.006,0.998,0.842,1.0,1.0,0.0,0.001,0.2702,0.2701,-0.0001,0.2701,0.5679,0.2145,1.601,1.628,0.0005,0.2703,0.46,-0.04,0.0,1.601,1.628,0.0005,0.2703,0.5841,0.2945,0.1415,0.7426,0.2038,1.37,0.527,mixed-rural-urban,0.0,0.0801,0.8466,0.777,0.6971,0.3861,0.4149,0.0,56.72,False
TJK,Tajikistan,Other,immigrant,3.5,2.87,3.5,2.87,0.6,0.64,0.04,0.59,0.05,0.64,0.0,0.62,0.65,0.62,0.65,0.03,0.65,0.05,0.01,63546,99172,0.0,0.0,0.0,1.25,unspecified,True,0.5,0.48,0.56,0.42,0.454,0.876,1.0,0.78,0.744,0.0,0.0,0.0,0.0,0.0,1.0,0.761,34.364,33.497,62.0,56.72,3.636,9.783,0.251,0.006,0.998,0.842,1.0,1.0,0.0,0.001,0.2702,0.2701,-0.0001,0.2701,0.5679,0.2145,1.601,1.628,0.0005,0.2703,0.65,0.05,0.01,1.601,1.628,0.0005,0.2703,0.5841,0.2945,0.1415,0.7426,0.2038,1.37,0.527,mixed-rural-urban,0.0,0.0801,0.8466,0.777,0.6971,0.3861,0.4149,0.0,56.72,False
TKM,Turkmenistan,Turkmen,majority,2.9,2.42,2.9,2.42,85.0,85.44,0.44,85.44,0.0,85.44,0.0,85.43,85.46,85.43,85.46,0.02,85.32,0.32,-0.12,6370320,8236454,0.0,0.0,0.0,1.25,unspecified,False,0.5,0.48,0.56,0.42,0.454,1.3,1.0,0.78,0.839,0.0,0.0,0.0,0.0,0.0,1.0,0.761,28.412,24.658,65.0,59.8,6.588,15.542,0.251,0.0,1.0,0.861,1.0,1.0,0.0,0.001,0.2698,0.2626,-0.0072,0.2626,0.5975,0.1284,1.613,1.628,0.0005,0.2646,85.32,0.32,-0.12,1.613,1.628,0.0005,0.2646,0.7146,0.297,0.1143,0.7785,0.2055,1.36,0.55,mixed-rural-urban,0.0,0.0335,0.7982,0.7898,0.8046,0.6533,0.234,0.161,59.8,True
TKM,Turkmenistan,Uzbek,majority,2.9,2.42,2.9,2.42,5.0,5.02,0.02,5.02,0.0,5.02,0.0,5.02,5.02,5.02,5.02,0.0,5.01,0.01,-0.0,374725,483614,0.0,0.0,0.0,1.25,unspecified,False,0.5,0.48,0.56,0.42,0.454,1.035,1.0,0.78,0.78,0.0,0.0,0.0,0.0,0.0,1.0,0.761,28.412,24.658,65.0,59.8,6.588,15.542,0.251,0.0,1.0,0.861,1.0,1.0,0.0,0.001,0.2698,0.2626,-0.0072,0.2626,0.5975,0.1284,1.613,1.628,0.0005,0.2646,5.01,0.01,-0.0,1.613,1.628,0.0005,0.2646,0.7146,0.297,0.1143,0.7785,0.2055,1.36,0.55,mixed-rural-urban,0.0,0.0335,0.7982,0.7898,0.8046,0.6533,0.234,0.161,59.8,False
TKM,Turkmenistan,Russian,low_fertility,2.5,2.26,2.9,2.42,4.0,3.61,-0.39,3.61,0.0,3.61,0.0,3.63,3.6,3.6,3.63,0.03,3.66,-0.34,0.04,299780,348312,0.0,0.0,0.0,1.25,unspecified,False,0.5,0.48,0.56,0.42,0.454,1.013,1.0,0.78,0.775,0.0,0.0,0.0,0.0,0.0,1.0,0.761,28.412,24.658,65.0,59.8,6.588,15.542,0.251,0.0,1.0,0.861,1.0,1.0,0.0,0.001,0.2698,0.2626,-0.0072,0.2626,0.5975,0.1284,1.613,1.628,0.0005,0.2646,3.66,-0.34,0.04,1.613,1.628,0.0005,0.2646,0.7146,0.297,0.1143,0.7785,0.2055,1.36,0.55,mixed-rural-urban,0.0,0.0335,0.7982,0.7898,0.8046,0.6533,0.234,0.161,59.8,False
TKM,Turkmenistan,Other,assimilating,2.9,2.42,2.9,2.42,6.0,5.93,-0.07,5.93,0.0,5.93,0.0,5.93,5.93,5.93,5.93,0.0,6.01,0.01,0.08,449670,571325,0.0,0.0,0.0,1.25,unspecified,False,0.5,0.48,0.56,0.42,0.454,1.054,1.0,0.78,0.784,0.0,0.0,0.0,0.0,0.0,1.0,0.761,28.412,24.658,65.0,59.8,6.588,15.542,0.251,0.0,1.0,0.861,1.0,1.0,0.0,0.001,0.2698,0.2626,-0.0072,0.2626,0.5975,0.1284,1.613,1.628,0.0005,0.2646,6.01,0.01,0.08,1.613,1.628,0.0005,0.2646,0.7146,0.297,0.1143,0.7785,0.2055,1.36,0.55,mixed-rural-urban,0.0,0.0335,0.7982,0.7898,0.8046,0.6533,0.234,0.161,59.8,False
TLS,Timor-Leste,Tetum (Austronesian),majority,3.3,2.76,3.3,2.76,30.0,29.81,-0.19,29.85,-0.04,29.81,0.0,29.83,29.78,29.78,29.83,0.04,29.8,-0.2,-0.01,420191,563123,0.0,0.0,0.0,1.25,unspecified,False,0.5,0.48,0.56,0.42,0.454,1.232,1.0,0.78,0.823,0.0,0.0,0.0,0.0,0.0,1.0,0.761,34.635,34.596,62.5,56.74,2.865,8.664,0.251,0.021,0.989,0.821,1.0,1.0,0.0,0.001,0.8196,0.8211,0.0015,0.8211,2.7287,0.1868,2.245,2.397,0.0005,0.8211,29.8,-0.2,-0.01,2.245,2.397,0.0005,0.8211,0.5927,0.297,0.1146,0.722,0.234,5.59,0.55,mixed-rural-urban,0.0,0.0793,0.8022,0.6657,0.6795,0.4701,0.3851,0.0,56.74,True
TLS,Timor-Leste,Mambai,majority,3.3,2.76,3.3,2.76,15.0,14.88,-0.12,14.9,-0.02,14.88,0.0,14.89,14.87,14.87,14.89,0.02,14.89,-0.11,0.01,210096,281065,0.0,0.0,0.0,1.25,unspecified,False,0.5,0.48,0.56,0.42,0.454,1.153,1.0,0.78,0.806,0.0,0.0,0.0,0.0,0.0,1.0,0.761,34.635,34.596,62.5,56.74,2.865,8.664,0.251,0.021,0.989,0.821,1.0,1.0,0.0,0.001,0.8196,0.8211,0.0015,0.8211,2.7287,0.1868,2.245,2.397,0.0005,0.8211,14.89,-0.11,0.01,2.245,2.397,0.0005,0.8211,0.5927,0.297,0.1146,0.722,0.234,5.59,0.55,mixed-rural-urban,0.0,0.0793,0.8022,0.6657,0.6795,0.4701,0.3851,0.0,56.74,False
TLS,Timor-Leste,Makasae,majority,3.3,2.76,3.3,2.76,10.0,9.92,-0.08,9.93,-0.02,9.92,0.0,9.92,9.91,9.91,9.92,0.01,9.92,-0.08,0.01,140064,187377,0.0,0.0,0.0,1.25,unspecified,False,0.5,0.48,0.56,0.42,0.454,1.108,1.0,0.78,0.796,0.0,0.0,0.0,0.0,0.0,1.0,0.761,34.635,34.596,62.5,56.74,2.865,8.664,0.251,0.021,0.989,0.821,1.0,1.0,0.0,0.001,0.8196,0.8211,0.0015,0.8211,2.7287,0.1868,2.245,2.397,0.0005,0.8211,9.92,-0.08,0.01,2.245,2.397,0.0005,0.8211,0.5927,0.297,0.1146,0.722,0.234,5.59,0.55,mixed-rural-urban,0.0,0.0793,0.8022,0.6657,0.6795,0.4701,0.3851,0.0,56.74,False
TLS,Timor-Leste,Tokodede,majority,3.3,2.76,3.3,2.76,8.0,7.93,-0.07,7.95,-0.01,7.93,0.0,7.94,7.93,7.93,7.94,0.01,7.94,-0.06,0.0,112051,149901,0.0,0.0,0.0,1.25,unspecified,False,0.5,0.48,0.56,0.42,0.454,1.084,1.0,0.78,0.79,0.0,0.0,0.0,0.0,0.0,1.0,0.761,34.635,34.596,62.5,56.74,2.865,8.664,0.251,0.021,0.989,0.821,1.0,1.0,0.0,0.001,0.8196,0.8211,0.0015,0.8211,2.7287,0.1868,2.245,2.397,0.0005,0.8211,7.94,-0.06,0.0,2.245,2.397,0.0005,0.8211,0.5927,0.297,0.1146,0.722,0.234,5.59,0.55,mixed-rural-urban,0.0,0.0793,0.8022,0.6657,0.6795,0.4701,0.3851,0.0,56.74,False
TLS,Timor-Leste,Galoli,majority,3.3,2.76,3.3,2.76,7.0,6.94,-0.06,6.95,-0.01,6.94,0.0,6.95,6.94,6.94,6.95,0.01,6.95,-0.05,0.0,98045,131164,0.0,0.0,0.0,1.25,unspecified,False,0.5,0.48,0.56,0.42,0.454,1.07,1.0,0.78,0.787,0.0,0.0,0.0,0.0,0.0,1.0,0.761,34.635,34.596,62.5,56.74,2.865,8.664,0.251,0.021,0.989,0.821,1.0,1.0,0.0,0.001,0.8196,0.8211,0.0015,0.8211,2.7287,0.1868,2.245,2.397,0.0005,0.8211,6.95,-0.05,0.0,2.245,2.397,0.0005,0.8211,0.5927,0.297,0.1146,0.722,0.234,5.59,0.55,mixed-rural-urban,0.0,0.0793,0.8022,0.6657,0.6795,0.4701,0.3851,0.0,56.74,False
TLS,Timor-Leste,Other Austronesian,majority,3.3,2.76,3.3,2.76,20.0,19.84,-0.16,19.87,-0.03,19.84,0.0,19.85,19.82,19.82,19.85,0.03,19.85,-0.15,0.01,280128,374753,0.0,0.0,0.0,1.25,unspecified,False,0.5,0.48,0.56,0.42,0.454,1.185,1.0,0.78,0.813,0.0,0.0,0.0,0.0,0.0,1.0,0.761,34.635,34.596,62.5,56.74,2.865,8.664,0.251,0.021,0.989,0.821,1.0,1.0,0.0,0.001,0.8196,0.8211,0.0015,0.8211,2.7287,0.1868,2.245,2.397,0.0005,0.8211,19.85,-0.15,0.01,2.245,2.397,0.0005,0.8211,0.5927,0.297,0.1146,0.722,0.234,5.59,0.55,mixed-rural-urban,0.0,0.0793,0.8022,0.6657,0.6795,0.4701,0.3851,0.0,56.74,False
TLS,Timor-Leste,Papuan (Fataluku/Bunak),high_fertility,3.65,2.9,3.3,2.76,8.0,8.63,0.63,8.64,-0.01,8.63,0.0,8.61,8.64,8.61,8.64,0.03,8.56,0.56,-0.06,112051,162949,0.0,0.0,0.0,1.25,unspecified,False,0.5,0.48,0.56,0.42,0.454,1.084,1.0,0.78,0.79,0.0,0.0,0.0,0.0,0.0,1.0,0.761,34.635,34.596,62.5,56.74,2.865,8.664,0.251,0.021,0.989,0.821,1.0,1.0,0.0,0.001,0.8196,0.8211,0.0015,0.8211,2.7287,0.1868,2.245,2.397,0.0005,0.8211,8.56,0.56,-0.06,2.245,2.397,0.0005,0.8211,0.5927,0.297,0.1146,0.722,0.234,5.59,0.55,mixed-rural-urban,0.0,0.0793,0.8022,0.6657,0.6795,0.4701,0.3851,0.0,56.74,False
TLS,Timor-Leste,Chinese,immigrant,3.1,2.68,3.3,2.76,1.0,1.01,0.01,0.94,0.07,1.01,0.0,0.99,1.04,0.99,1.04,0.05,1.03,0.03,0.02,14006,19097,0.0,0.0,0.0,1.25,CHN,True,0.52,0.502,0.58,0.45,0.454,0.903,1.0,0.78,0.759,0.0,0.0,0.0,0.0,0.0,1.0,0.761,34.635,34.596,62.5,56.74,2.865,8.664,0.251,0.021,0.989,0.821,1.0,1.0,0.0,0.001,0.8196,0.8211,0.0015,0.8211,2.7287,0.1868,2.245,2.397,0.0005,0.8211,1.03,0.03,0.02,2.245,2.397,0.0005,0.8211,0.5927,0.297,0.1146,0.722,0.234,5.59,0.55,mixed-rural-urban,0.0,0.0793,0.8022,0.6657,0.6795,0.4701,0.3851,0.0,56.74,False
TLS,Timor-Leste,Other,immigrant,3.3,2.76,3.3,2.76,1.0,1.05,0.05,0.97,0.08,1.05,0.0,1.03,1.08,1.03,1.08,0.05,1.06,0.06,0.02,14006,19820,0.0,0.0,0.0,1.25,unspecified,True,0.5,0.48,0.56,0.42,0.454,0.903,1.0,0.78,0.75,0.0,0.0,0.0,0.0,0.0,1.0,0.761,34.635,34.596,62.5,56.74,2.865,8.664,0.251,0.021,0.989,0.821,1.0,1.0,0.0,0.001,0.8196,0.8211,0.0015,0.8211,2.7287,0.1868,2.245,2.397,0.0005,0.8211,1.06,0.06,0.02,2.245,2.397,0.0005,0.8211,0.5927,0.297,0.1146,0.722,0.234,5.59,0.55,mixed-rural-urban,0.0,0.0793,0.8022,0.6657,0.6795,0.4701,0.3851,0.0,56.74,False
TON,Tonga,Tongan,majority,3.3,2.76,3.3,2.76,96.6,96.66,0.06,96.66,0.0,96.66,0.0,96.66,96.66,96.66,96.66,0.0,96.61,0.01,-0.05,100649,101689,0.0,0.0,0.0,1.25,unspecified,False,0.5,0.48,0.56,0.42,0.454,1.3,1.0,0.78,0.839,0.0,0.0,0.0,0.0,0.0,1.0,0.761,33.652,32.689,63.0,57.0,3.348,10.311,0.251,0.0,1.0,0.869,1.0,1.0,0.0,0.001,0.0657,0.0646,-0.0011,0.0646,0.1292,0.1495,1.378,1.342,0.0005,0.0655,96.61,0.01,-0.05,1.378,1.342,0.0005,0.0655,0.7143,0.297,0.1145,0.8057,0.1763,1.07,0.55,mixed-rural-urban,0.0,0.0625,0.8652,0.9161,0.7252,0.6215,0.3516,0.0,57.0,True
TON,Tonga,Part-Tongan / Other,assimilating,3.3,2.76,3.3,2.76,3.4,3.34,-0.06,3.34,0.0,3.34,0.0,3.34,3.34,3.34,3.34,0.0,3.39,-0.01,0.05,3543,3516,0.0,0.0,0.0,1.25,unspecified,False,0.5,0.48,0.56,0.42,0.454,0.998,1.0,0.78,0.771,0.0,0.0,0.0,0.0,0.0,1.0,0.761,33.652,32.689,63.0,57.0,3.348,10.311,0.251,0.0,1.0,0.869,1.0,1.0,0.0,0.001,0.0657,0.0646,-0.0011,0.0646,0.1292,0.1495,1.378,1.342,0.0005,0.0655,3.39,-0.01,0.05,1.378,1.342,0.0005,0.0655,0.7143,0.297,0.1145,0.8057,0.1763,1.07,0.55,mixed-rural-urban,0.0,0.0625,0.8652,0.9161,0.7252,0.6215,0.3516,0.0,57.0,False
TTO,Trinidad & Tobago,East Indian,majority,1.6,1.75,1.6,1.75,35.4,36.25,0.85,36.25,0.0,36.25,0.0,36.24,36.26,36.24,36.26,0.01,35.8,0.4,-0.45,533753,507448,0.328,0.0,0.0,1.763,IND;PAK;BGD;LKA;NPL,False,0.718,0.719,0.752,0.684,0.565,1.251,1.0,0.78,1.047,0.0,0.0,0.0,0.0,0.0,1.0,0.761,15.486,8.719,67.0,63.64,17.514,27.641,0.251,0.0,1.0,0.873,1.0,1.115,0.0,0.001,0.7,0.6957,-0.0043,0.6957,1.9638,0.1752,2.107,2.23,0.0005,0.6974,35.8,0.4,-0.45,2.107,2.23,0.0005,0.6974,0.7205,0.4273,0.1882,0.799,0.23,3.29,0.55,mixed-rural-urban,0.148,0.032,0.8483,0.8043,0.8657,0.6893,0.3212,0.711,63.64,True
TTO,Trinidad & Tobago,African,majority,1.6,1.75,1.6,1.75,34.2,34.27,0.07,34.27,0.0,34.27,0.0,34.26,34.28,34.26,34.28,0.01,34.25,0.05,-0.02,515660,479709,0.328,0.0,0.0,1.763,unspecified,False,0.5,0.48,0.56,0.42,0.565,1.247,1.0,0.78,0.895,0.0,0.0,0.0,0.0,0.0,1.0,0.761,15.486,8.719,67.0,63.64,17.514,27.641,0.251,0.0,1.0,0.873,1.0,1.115,0.0,0.001,0.7,0.6957,-0.0043,0.6957,1.9638,0.1752,2.107,2.23,0.0005,0.6974,34.25,0.05,-0.02,2.107,2.23,0.0005,0.6974,0.7205,0.4273,0.1882,0.799,0.23,3.29,0.55,mixed-rural-urban,0.148,0.032,0.8483,0.8043,0.8657,0.6893,0.3212,0.711,63.64,False
TTO,Trinidad & Tobago,Mixed,assimilating,1.6,1.75,1.6,1.75,22.8,22.49,-0.31,22.49,0.0,22.49,0.0,22.49,22.5,22.49,22.5,0.01,22.8,0.0,0.31,343773,314839,0.328,0.0,0.0,1.763,unspecified,False,0.5,0.48,0.56,0.42,0.565,1.2,1.0,0.78,0.882,0.0,0.0,0.0,0.0,0.0,1.0,0.761,15.486,8.719,67.0,63.64,17.514,27.641,0.251,0.0,1.0,0.873,1.0,1.115,0.0,0.001,0.7,0.6957,-0.0043,0.6957,1.9638,0.1752,2.107,2.23,0.0005,0.6974,22.8,0.0,0.31,2.107,2.23,0.0005,0.6974,0.7205,0.4273,0.1882,0.799,0.23,3.29,0.55,mixed-rural-urban,0.148,0.032,0.8483,0.8043,0.8657,0.6893,0.3212,0.711,63.64,False
TTO,Trinidad & Tobago,Other (incl. Chinese/Syrian),assimilating,1.4,1.67,1.6,1.75,7.6,6.99,-0.61,6.99,0.0,6.99,0.0,7.01,6.97,6.97,7.01,0.04,7.14,-0.46,0.16,114591,97802,0.328,0.0,0.0,1.763,SYR,False,0.672,0.726,0.6,0.74,0.565,1.078,1.0,0.78,0.951,0.0,0.0,0.0,0.0,0.0,1.0,0.761,15.486,8.719,67.0,63.64,17.514,27.641,0.251,0.0,1.0,0.873,1.0,1.115,0.0,0.001,0.7,0.6957,-0.0043,0.6957,1.9638,0.1752,2.107,2.23,0.0005,0.6974,7.14,-0.46,0.16,2.107,2.23,0.0005,0.6974,0.7205,0.4273,0.1882,0.799,0.23,3.29,0.55,mixed-rural-urban,0.148,0.032,0.8483,0.8043,0.8657,0.6893,0.3212,0.711,63.64,False
TUN,Tunisia,Arab,majority,2.0,2.03,2.0,2.03,92.0,91.88,-0.12,91.96,-0.08,91.88,0.0,91.91,91.85,91.85,91.91,0.06,91.86,-0.14,-0.02,11294935,12078203,0.043,0.0,0.0,1.317,unspecified,False,0.5,0.48,0.56,0.42,0.468,1.3,1.0,0.78,0.848,0.0,0.0,0.536,0.0,0.0,1.0,0.761,21.422,16.015,67.0,62.2,11.578,21.785,0.251,0.011,0.996,0.856,1.0,1.015,0.0,0.001,0.1522,0.1542,0.002,0.1542,0.3366,0.133,1.484,1.463,0.0005,0.1546,91.86,-0.14,-0.02,1.484,1.463,0.0005,0.1546,0.7136,0.3142,0.106,0.789,0.2007,1.18,0.561,mixed-rural-urban,0.019,0.0808,0.9295,0.7604,0.7998,0.6501,0.2513,0.4448,62.2,True
TUN,Tunisia,Amazigh (Berber),majority,2.0,2.03,2.0,2.03,2.0,2.0,-0.0,2.0,-0.0,2.0,0.0,2.0,2.0,2.0,2.0,0.0,2.0,-0.0,0.0,245542,262419,0.043,0.0,0.0,1.317,unspecified,False,0.5,0.48,0.56,0.42,0.468,0.952,1.0,0.78,0.768,0.0,0.0,0.536,0.0,0.0,1.0,0.761,21.422,16.015,67.0,62.2,11.578,21.785,0.251,0.011,0.996,0.856,1.0,1.015,0.0,0.001,0.1522,0.1542,0.002,0.1542,0.3366,0.133,1.484,1.463,0.0005,0.1546,2.0,-0.0,0.0,1.484,1.463,0.0005,0.1546,0.7136,0.3142,0.106,0.789,0.2007,1.18,0.561,mixed-rural-urban,0.019,0.0808,0.9295,0.7604,0.7998,0.6501,0.2513,0.4448,62.2,False
TUN,Tunisia,Haratin/Black Tunisian,high_fertility,2.35,2.17,2.0,2.03,2.5,2.8,0.3,2.8,-0.0,2.8,0.0,2.79,2.81,2.79,2.81,0.02,2.77,0.27,-0.03,306928,368368,0.043,0.0,0.0,1.317,TUN,False,0.589,0.536,0.74,0.52,0.468,0.97,1.0,0.78,0.812,0.0,0.0,0.536,0.0,0.0,1.0,0.761,21.422,16.015,67.0,62.2,11.578,21.785,0.251,0.011,0.996,0.856,1.0,1.015,0.0,0.001,0.1522,0.1542,0.002,0.1542,0.3366,0.133,1.484,1.463,0.0005,0.1546,2.77,0.27,-0.03,1.484,1.463,0.0005,0.1546,0.7136,0.3142,0.106,0.789,0.2007,1.18,0.561,mixed-rural-urban,0.019,0.0808,0.9295,0.7604,0.7998,0.6501,0.2513,0.4448,62.2,False
TUN,Tunisia,European (Italian/French),low_fertility,1.5,1.83,2.0,2.03,1.5,1.26,-0.24,1.26,-0.0,1.26,0.0,1.27,1.25,1.25,1.27,0.02,1.29,-0.21,0.03,184157,165793,0.043,0.0,0.0,1.317,unspecified,False,0.5,0.48,0.56,0.42,0.468,0.93,1.0,0.78,0.763,0.0,0.0,0.536,0.0,0.0,1.0,0.761,21.422,16.015,67.0,62.2,11.578,21.785,0.251,0.011,0.996,0.856,1.0,1.015,0.0,0.001,0.1522,0.1542,0.002,0.1542,0.3366,0.133,1.484,1.463,0.0005,0.1546,1.29,-0.21,0.03,1.484,1.463,0.0005,0.1546,0.7136,0.3142,0.106,0.789,0.2007,1.18,0.561,mixed-rural-urban,0.019,0.0808,0.9295,0.7604,0.7998,0.6501,0.2513,0.4448,62.2,False
TUN,Tunisia,Libyan refugee,immigrant,2.0,2.03,2.0,2.03,1.0,1.07,0.07,0.99,0.09,1.07,0.0,1.05,1.11,1.05,1.11,0.06,1.09,0.09,0.02,122771,141187,0.043,0.0,0.0,1.317,unspecified,True,0.5,0.48,0.56,0.42,0.468,0.903,1.0,0.78,0.757,0.0,0.0,0.536,0.0,0.0,1.0,0.761,21.422,16.015,67.0,62.2,11.578,21.785,0.251,0.011,0.996,0.856,1.0,1.015,0.0,0.001,0.1522,0.1542,0.002,0.1542,0.3366,0.133,1.484,1.463,0.0005,0.1546,1.09,0.09,0.02,1.484,1.463,0.0005,0.1546,0.7136,0.3142,0.106,0.789,0.2007,1.18,0.561,mixed-rural-urban,0.019,0.0808,0.9295,0.7604,0.7998,0.6501,0.2513,0.4448,62.2,False
TUN,Tunisia,Other,assimilating,2.0,2.03,2.0,2.03,1.0,0.98,-0.02,0.98,-0.0,0.98,0.0,0.98,0.98,0.98,0.98,0.0,1.0,-0.0,0.01,122771,129172,0.043,0.0,0.0,1.317,unspecified,False,0.5,0.48,0.56,0.42,0.468,0.903,1.0,0.78,0.757,0.0,0.0,0.536,0.0,0.0,1.0,0.761,21.422,16.015,67.0,62.2,11.578,21.785,0.251,0.011,0.996,0.856,1.0,1.015,0.0,0.001,0.1522,0.1542,0.002,0.1542,0.3366,0.133,1.484,1.463,0.0005,0.1546,1.0,-0.0,0.01,1.484,1.463,0.0005,0.1546,0.7136,0.3142,0.106,0.789,0.2007,1.18,0.561,mixed-rural-urban,0.019,0.0808,0.9295,0.7604,0.7998,0.6501,0.2513,0.4448,62.2,False
TUR,Turkey,Turkish,majority,1.6,1.75,1.6,1.75,70.0,66.14,-3.86,66.14,0.0,66.14,0.0,66.29,66.0,66.0,66.29,0.29,66.53,-3.47,0.38,61231660,60359088,0.214,0.0,0.0,1.585,unspecified,False,0.5,0.48,0.56,0.42,0.527,1.3,1.0,0.78,0.885,0.0,0.0,0.0,0.0,0.0,1.0,0.761,21.991,13.688,67.5,62.86,10.509,23.452,0.251,0.0,1.0,0.882,1.0,1.075,0.0,0.001,0.47,0.5068,0.0368,0.5068,1.2601,0.1398,1.891,1.908,0.0005,0.5037,66.53,-3.47,0.38,1.891,1.908,0.0005,0.5037,0.7496,0.4082,0.1489,0.8152,0.2069,2.03,0.637,urbanizing-majority,0.078,0.0238,0.906,0.8238,0.9032,0.7142,0.2666,0.5206,62.86,True
TUR,Turkey,Kurdish (Kurmanji),high_fertility,2.35,2.05,1.6,1.75,19.0,22.8,3.8,22.8,0.0,22.8,0.0,22.66,22.94,22.66,22.94,0.28,22.36,3.36,-0.44,16620022,20807085,0.214,0.0,0.0,1.585,unspecified,False,0.5,0.48,0.56,0.42,0.527,1.179,1.0,0.78,0.854,0.0,0.0,0.0,0.0,0.0,1.0,0.761,21.991,13.688,67.5,62.86,10.509,23.452,0.251,0.0,1.0,0.882,1.0,1.075,0.0,0.001,0.47,0.5068,0.0368,0.5068,1.2601,0.1398,1.891,1.908,0.0005,0.5037,22.36,3.36,-0.44,1.891,1.908,0.0005,0.5037,0.7496,0.4082,0.1489,0.8152,0.2069,2.03,0.637,urbanizing-majority,0.078,0.0238,0.906,0.8238,0.9032,0.7142,0.2666,0.5206,62.86,False
TUR,Turkey,Zaza,high_fertility,1.95,1.89,1.6,1.75,1.5,1.62,0.12,1.62,0.0,1.62,0.0,1.61,1.62,1.61,1.62,0.01,1.6,0.1,-0.01,1312107,1474326,0.214,0.0,0.0,1.585,unspecified,False,0.5,0.48,0.56,0.42,0.527,0.93,1.0,0.78,0.79,0.0,0.0,0.0,0.0,0.0,1.0,0.761,21.991,13.688,67.5,62.86,10.509,23.452,0.251,0.0,1.0,0.882,1.0,1.075,0.0,0.001,0.47,0.5068,0.0368,0.5068,1.2601,0.1398,1.891,1.908,0.0005,0.5037,1.6,0.1,-0.01,1.891,1.908,0.0005,0.5037,0.7496,0.4082,0.1489,0.8152,0.2069,2.03,0.637,urbanizing-majority,0.078,0.0238,0.906,0.8238,0.9032,0.7142,0.2666,0.5206,62.86,False
TUR,Turkey,Arab,high_fertility,2.35,2.05,1.6,1.75,2.2,2.64,0.44,2.64,0.0,2.64,0.0,2.62,2.66,2.62,2.66,0.03,2.59,0.39,-0.05,1924424,2409241,0.214,0.0,0.0,1.585,unspecified,False,0.5,0.48,0.56,0.42,0.527,0.96,1.0,0.78,0.797,0.0,0.0,0.0,0.0,0.0,1.0,0.761,21.991,13.688,67.5,62.86,10.509,23.452,0.251,0.0,1.0,0.882,1.0,1.075,0.0,0.001,0.47,0.5068,0.0368,0.5068,1.2601,0.1398,1.891,1.908,0.0005,0.5037,2.59,0.39,-0.05,1.891,1.908,0.0005,0.5037,0.7496,0.4082,0.1489,0.8152,0.2069,2.03,0.637,urbanizing-majority,0.078,0.0238,0.906,0.8238,0.9032,0.7142,0.2666,0.5206,62.86,False
TUR,Turkey,Circassian,majority,1.6,1.75,1.6,1.75,1.0,0.94,-0.06,0.94,0.0,0.94,0.0,0.95,0.94,0.94,0.95,0.0,0.95,-0.05,0.01,874738,860524,0.214,0.0,0.0,1.585,unspecified,False,0.5,0.48,0.56,0.42,0.527,0.903,1.0,0.78,0.783,0.0,0.0,0.0,0.0,0.0,1.0,0.761,21.991,13.688,67.5,62.86,10.509,23.452,0.251,0.0,1.0,0.882,1.0,1.075,0.0,0.001,0.47,0.5068,0.0368,0.5068,1.2601,0.1398,1.891,1.908,0.0005,0.5037,0.95,-0.05,0.01,1.891,1.908,0.0005,0.5037,0.7496,0.4082,0.1489,0.8152,0.2069,2.03,0.637,urbanizing-majority,0.078,0.0238,0.906,0.8238,0.9032,0.7142,0.2666,0.5206,62.86,False
TUR,Turkey,Bosniak/Albanian,majority,1.6,1.75,1.6,1.75,0.8,0.75,-0.05,0.75,0.0,0.75,0.0,0.76,0.75,0.75,0.76,0.0,0.76,-0.04,0.01,699790,688419,0.214,0.0,0.0,1.585,unspecified,False,0.5,0.48,0.56,0.42,0.527,0.891,1.0,0.78,0.779,0.0,0.0,0.0,0.0,0.0,1.0,0.761,21.991,13.688,67.5,62.86,10.509,23.452,0.251,0.0,1.0,0.882,1.0,1.075,0.0,0.001,0.47,0.5068,0.0368,0.5068,1.2601,0.1398,1.891,1.908,0.0005,0.5037,0.76,-0.04,0.01,1.891,1.908,0.0005,0.5037,0.7496,0.4082,0.1489,0.8152,0.2069,2.03,0.637,urbanizing-majority,0.078,0.0238,0.906,0.8238,0.9032,0.7142,0.2666,0.5206,62.86,False
TUR,Turkey,Other,assimilating,1.6,1.75,1.6,1.75,5.5,5.11,-0.39,5.11,0.0,5.11,0.0,5.12,5.09,5.09,5.12,0.02,5.22,-0.28,0.11,4811059,4659384,0.214,0.0,0.0,1.585,unspecified,False,0.5,0.48,0.56,0.42,0.527,1.045,1.0,0.78,0.819,0.0,0.0,0.0,0.0,0.0,1.0,0.761,21.991,13.688,67.5,62.86,10.509,23.452,0.251,0.0,1.0,0.882,1.0,1.075,0.0,0.001,0.47,0.5068,0.0368,0.5068,1.2601,0.1398,1.891,1.908,0.0005,0.5037,5.22,-0.28,0.11,1.891,1.908,0.0005,0.5037,0.7496,0.4082,0.1489,0.8152,0.2069,2.03,0.637,urbanizing-majority,0.078,0.0238,0.906,0.8238,0.9032,0.7142,0.2666,0.5206,62.86,False
TUV,Tuvalu,Tuvaluan,majority,3.2,2.71,3.2,2.71,96.0,95.76,-0.24,96.07,-0.32,95.76,0.0,95.85,95.64,95.64,95.85,0.21,95.7,-0.3,-0.06,9282,9386,0.0,0.0,0.0,1.25,unspecified,False,0.5,0.48,0.56,0.42,0.454,1.3,1.0,0.78,0.839,0.0,0.0,0.0,0.0,0.0,1.0,0.761,31.709,29.772,64.0,58.4,4.291,11.828,0.251,0.042,0.964,0.859,1.0,1.0,0.0,0.001,0.0768,0.0813,0.0045,0.0813,0.1625,0.1476,1.391,1.358,0.0005,0.0824,95.7,-0.3,-0.06,1.391,1.358,0.0005,0.0824,0.6921,0.297,0.1147,0.7772,0.1986,1.09,0.55,mixed-rural-urban,0.0,0.1106,0.8193,0.8326,0.7494,0.5906,0.2791,0.0,58.4,True
TUV,Tuvalu,Other,immigrant,3.2,2.71,3.2,2.71,4.0,4.24,0.24,3.93,0.32,4.24,0.0,4.15,4.36,4.15,4.36,0.21,4.3,0.3,0.06,387,416,0.0,0.0,0.0,1.25,unspecified,True,0.5,0.48,0.56,0.42,0.454,1.013,1.0,0.78,0.775,0.0,0.0,0.0,0.0,0.0,1.0,0.761,31.709,29.772,64.0,58.4,4.291,11.828,0.251,0.042,0.964,0.859,1.0,1.0,0.0,0.001,0.0768,0.0813,0.0045,0.0813,0.1625,0.1476,1.391,1.358,0.0005,0.0824,4.3,0.3,0.06,1.391,1.358,0.0005,0.0824,0.6921,0.297,0.1147,0.7772,0.1986,1.09,0.55,mixed-rural-urban,0.0,0.1106,0.8193,0.8326,0.7494,0.5906,0.2791,0.0,58.4,False
TZA,Tanzania,Sukuma,majority,4.4,3.37,4.4,3.37,16.0,15.96,-0.04,15.96,0.0,15.96,0.0,15.96,15.96,15.96,15.96,0.0,15.96,-0.04,0.0,10969626,20685685,0.0,0.0,0.0,1.25,unspecified,False,0.5,0.48,0.56,0.42,0.454,1.16,1.0,0.78,0.807,0.68,0.0,0.792,0.0,0.0,1.0,0.761,42.0,43.511,56.0,52.16,2.0,4.329,0.251,0.0,1.0,0.806,1.0,1.0,0.0,0.001,0.8044,0.8034,-0.001,0.8034,2.6869,0.3013,2.254,2.376,0.0005,0.8034,15.96,-0.04,0.0,2.254,2.376,0.0005,0.8034,0.4075,0.3185,0.2022,0.6684,0.2442,5.09,0.599,urbanizing-majority,0.0,0.1223,0.7977,0.5989,0.6504,0.1381,0.6973,0.0,52.16,False
TZA,Tanzania,Nyamwezi,majority,4.4,3.37,4.4,3.37,5.2,5.19,-0.01,5.19,0.0,5.19,0.0,5.19,5.19,5.19,5.19,0.0,5.19,-0.01,0.0,3565128,6722848,0.0,0.0,0.0,1.25,unspecified,False,0.5,0.48,0.56,0.42,0.454,1.039,1.0,0.78,0.781,0.68,0.0,0.792,0.0,0.0,1.0,0.761,42.0,43.511,56.0,52.16,2.0,4.329,0.251,0.0,1.0,0.806,1.0,1.0,0.0,0.001,0.8044,0.8034,-0.001,0.8034,2.6869,0.3013,2.254,2.376,0.0005,0.8034,5.19,-0.01,0.0,2.254,2.376,0.0005,0.8034,0.4075,0.3185,0.2022,0.6684,0.2442,5.09,0.599,urbanizing-majority,0.0,0.1223,0.7977,0.5989,0.6504,0.1381,0.6973,0.0,52.16,False
TZA,Tanzania,Chagga,majority,4.4,3.37,4.4,3.37,4.8,4.79,-0.01,4.79,0.0,4.79,0.0,4.79,4.79,4.79,4.79,0.0,4.79,-0.01,0.0,3290888,6205705,0.0,0.0,0.0,1.25,unspecified,False,0.5,0.48,0.56,0.42,0.454,1.031,1.0,0.78,0.779,0.68,0.0,0.792,0.0,0.0,1.0,0.761,42.0,43.511,56.0,52.16,2.0,4.329,0.251,0.0,1.0,0.806,1.0,1.0,0.0,0.001,0.8044,0.8034,-0.001,0.8034,2.6869,0.3013,2.254,2.376,0.0005,0.8034,4.79,-0.01,0.0,2.254,2.376,0.0005,0.8034,0.4075,0.3185,0.2022,0.6684,0.2442,5.09,0.599,urbanizing-majority,0.0,0.1223,0.7977,0.5989,0.6504,0.1381,0.6973,0.0,52.16,False
TZA,Tanzania,Njema,majority,4.4,3.37,4.4,3.37,4.6,4.59,-0.01,4.59,0.0,4.59,0.0,4.59,4.59,4.59,4.59,0.0,4.59,-0.01,0.0,3153767,5947134,0.0,0.0,0.0,1.25,unspecified,False,0.5,0.48,0.56,0.42,0.454,1.027,1.0,0.78,0.778,0.68,0.0,0.792,0.0,0.0,1.0,0.761,42.0,43.511,56.0,52.16,2.0,4.329,0.251,0.0,1.0,0.806,1.0,1.0,0.0,0.001,0.8044,0.8034,-0.001,0.8034,2.6869,0.3013,2.254,2.376,0.0005,0.8034,4.59,-0.01,0.0,2.254,2.376,0.0005,0.8034,0.4075,0.3185,0.2022,0.6684,0.2442,5.09,0.599,urbanizing-majority,0.0,0.1223,0.7977,0.5989,0.6504,0.1381,0.6973,0.0,52.16,False
TZA,Tanzania,Haya,majority,4.4,3.37,4.4,3.37,4.5,4.49,-0.01,4.49,0.0,4.49,0.0,4.49,4.49,4.49,4.49,0.0,4.49,-0.01,0.0,3085207,5817849,0.0,0.0,0.0,1.25,unspecified,False,0.5,0.48,0.56,0.42,0.454,1.025,1.0,0.78,0.777,0.68,0.0,0.792,0.0,0.0,1.0,0.761,42.0,43.511,56.0,52.16,2.0,4.329,0.251,0.0,1.0,0.806,1.0,1.0,0.0,0.001,0.8044,0.8034,-0.001,0.8034,2.6869,0.3013,2.254,2.376,0.0005,0.8034,4.49,-0.01,0.0,2.254,2.376,0.0005,0.8034,0.4075,0.3185,0.2022,0.6684,0.2442,5.09,0.599,urbanizing-majority,0.0,0.1223,0.7977,0.5989,0.6504,0.1381,0.6973,0.0,52.16,False
TZA,Tanzania,Hehe,majority,4.4,3.37,4.4,3.37,4.2,4.19,-0.01,4.19,0.0,4.19,0.0,4.19,4.19,4.19,4.19,0.0,4.19,-0.01,0.0,2879527,5429992,0.0,0.0,0.0,1.25,unspecified,False,0.5,0.48,0.56,0.42,0.454,1.018,1.0,0.78,0.776,0.68,0.0,0.792,0.0,0.0,1.0,0.761,42.0,43.511,56.0,52.16,2.0,4.329,0.251,0.0,1.0,0.806,1.0,1.0,0.0,0.001,0.8044,0.8034,-0.001,0.8034,2.6869,0.3013,2.254,2.376,0.0005,0.8034,4.19,-0.01,0.0,2.254,2.376,0.0005,0.8034,0.4075,0.3185,0.2022,0.6684,0.2442,5.09,0.599,urbanizing-majority,0.0,0.1223,0.7977,0.5989,0.6504,0.1381,0.6973,0.0,52.16,False
TZA,Tanzania,Makonde,majority,4.4,3.37,4.4,3.37,4.0,3.99,-0.01,3.99,0.0,3.99,0.0,3.99,3.99,3.99,3.99,0.0,3.99,-0.01,0.0,2742406,5171421,0.0,0.0,0.0,1.25,unspecified,False,0.5,0.48,0.56,0.42,0.454,1.013,1.0,0.78,0.775,0.68,0.0,0.792,0.0,0.0,1.0,0.761,42.0,43.511,56.0,52.16,2.0,4.329,0.251,0.0,1.0,0.806,1.0,1.0,0.0,0.001,0.8044,0.8034,-0.001,0.8034,2.6869,0.3013,2.254,2.376,0.0005,0.8034,3.99,-0.01,0.0,2.254,2.376,0.0005,0.8034,0.4075,0.3185,0.2022,0.6684,0.2442,5.09,0.599,urbanizing-majority,0.0,0.1223,0.7977,0.5989,0.6504,0.1381,0.6973,0.0,52.16,False
TZA,Tanzania,Ha,majority,4.4,3.37,4.4,3.37,3.5,3.49,-0.01,3.49,0.0,3.49,0.0,3.49,3.49,3.49,3.49,0.0,3.49,-0.01,0.0,2399606,4524994,0.0,0.0,0.0,1.25,unspecified,False,0.5,0.48,0.56,0.42,0.454,1.0,1.0,0.78,0.772,0.68,0.0,0.792,0.0,0.0,1.0,0.761,42.0,43.511,56.0,52.16,2.0,4.329,0.251,0.0,1.0,0.806,1.0,1.0,0.0,0.001,0.8044,0.8034,-0.001,0.8034,2.6869,0.3013,2.254,2.376,0.0005,0.8034,3.49,-0.01,0.0,2.254,2.376,0.0005,0.8034,0.4075,0.3185,0.2022,0.6684,0.2442,5.09,0.599,urbanizing-majority,0.0,0.1223,0.7977,0.5989,0.6504,0.1381,0.6973,0.0,52.16,False
TZA,Tanzania,Gogo,majority,4.4,3.37,4.4,3.37,3.4,3.39,-0.01,3.39,0.0,3.39,0.0,3.39,3.39,3.39,3.39,0.0,3.39,-0.01,0.0,2331046,4395708,0.0,0.0,0.0,1.25,unspecified,False,0.5,0.48,0.56,0.42,0.454,0.998,1.0,0.78,0.771,0.68,0.0,0.792,0.0,0.0,1.0,0.761,42.0,43.511,56.0,52.16,2.0,4.329,0.251,0.0,1.0,0.806,1.0,1.0,0.0,0.001,0.8044,0.8034,-0.001,0.8034,2.6869,0.3013,2.254,2.376,0.0005,0.8034,3.39,-0.01,0.0,2.254,2.376,0.0005,0.8034,0.4075,0.3185,0.2022,0.6684,0.2442,5.09,0.599,urbanizing-majority,0.0,0.1223,0.7977,0.5989,0.6504,0.1381,0.6973,0.0,52.16,False
TZA,Tanzania,Zaramo,majority,4.4,3.37,4.4,3.37,3.1,3.09,-0.01,3.09,0.0,3.09,0.0,3.09,3.09,3.09,3.09,0.0,3.09,-0.01,0.0,2125365,4007851,0.0,0.0,0.0,1.25,unspecified,False,0.5,0.48,0.56,0.42,0.454,0.989,1.0,0.78,0.77,0.68,0.0,0.792,0.0,0.0,1.0,0.761,42.0,43.511,56.0,52.16,2.0,4.329,0.251,0.0,1.0,0.806,1.0,1.0,0.0,0.001,0.8044,0.8034,-0.001,0.8034,2.6869,0.3013,2.254,2.376,0.0005,0.8034,3.09,-0.01,0.0,2.254,2.376,0.0005,0.8034,0.4075,0.3185,0.2022,0.6684,0.2442,5.09,0.599,urbanizing-majority,0.0,0.1223,0.7977,0.5989,0.6504,0.1381,0.6973,0.0,52.16,False
TZA,Tanzania,Nyakyusa,majority,4.4,3.37,4.4,3.37,2.8,2.79,-0.01,2.79,0.0,2.79,0.0,2.79,2.79,2.79,2.79,0.0,2.79,-0.01,0.0,1919685,3619995,0.0,0.0,0.0,1.25,unspecified,False,0.5,0.48,0.56,0.42,0.454,0.98,1.0,0.78,0.768,0.68,0.0,0.792,0.0,0.0,1.0,0.761,42.0,43.511,56.0,52.16,2.0,4.329,0.251,0.0,1.0,0.806,1.0,1.0,0.0,0.001,0.8044,0.8034,-0.001,0.8034,2.6869,0.3013,2.254,2.376,0.0005,0.8034,2.79,-0.01,0.0,2.254,2.376,0.0005,0.8034,0.4075,0.3185,0.2022,0.6684,0.2442,5.09,0.599,urbanizing-majority,0.0,0.1223,0.7977,0.5989,0.6504,0.1381,0.6973,0.0,52.16,False
TZA,Tanzania,Makua,majority,4.4,3.37,4.4,3.37,2.7,2.69,-0.01,2.69,0.0,2.69,0.0,2.69,2.69,2.69,2.69,0.0,2.69,-0.01,0.0,1851124,3490709,0.0,0.0,0.0,1.25,unspecified,False,0.5,0.48,0.56,0.42,0.454,0.977,1.0,0.78,0.767,0.68,0.0,0.792,0.0,0.0,1.0,0.761,42.0,43.511,56.0,52.16,2.0,4.329,0.251,0.0,1.0,0.806,1.0,1.0,0.0,0.001,0.8044,0.8034,-0.001,0.8034,2.6869,0.3013,2.254,2.376,0.0005,0.8034,2.69,-0.01,0.0,2.254,2.376,0.0005,0.8034,0.4075,0.3185,0.2022,0.6684,0.2442,5.09,0.599,urbanizing-majority,0.0,0.1223,0.7977,0.5989,0.6504,0.1381,0.6973,0.0,52.16,False
TZA,Tanzania,Luguru,majority,4.4,3.37,4.4,3.37,2.2,2.19,-0.01,2.19,0.0,2.19,0.0,2.19,2.19,2.19,2.19,0.0,2.19,-0.01,0.0,1508324,2844282,0.0,0.0,0.0,1.25,unspecified,False,0.5,0.48,0.56,0.42,0.454,0.96,1.0,0.78,0.763,0.68,0.0,0.792,0.0,0.0,1.0,0.761,42.0,43.511,56.0,52.16,2.0,4.329,0.251,0.0,1.0,0.806,1.0,1.0,0.0,0.001,0.8044,0.8034,-0.001,0.8034,2.6869,0.3013,2.254,2.376,0.0005,0.8034,2.19,-0.01,0.0,2.254,2.376,0.0005,0.8034,0.4075,0.3185,0.2022,0.6684,0.2442,5.09,0.599,urbanizing-majority,0.0,0.1223,0.7977,0.5989,0.6504,0.1381,0.6973,0.0,52.16,False
TZA,Tanzania,Other,assimilating,4.4,3.37,4.4,3.37,39.0,39.16,0.16,39.16,0.0,39.16,0.0,39.16,39.16,39.16,39.16,0.0,39.16,0.16,0.0,26738463,50756918,0.0,0.0,0.0,1.25,unspecified,False,0.5,0.48,0.56,0.42,0.454,1.263,1.0,0.78,0.83,0.68,0.0,0.792,0.0,0.0,1.0,0.761,42.0,43.511,56.0,52.16,2.0,4.329,0.251,0.0,1.0,0.806,1.0,1.0,0.0,0.001,0.8044,0.8034,-0.001,0.8034,2.6869,0.3013,2.254,2.376,0.0005,0.8034,39.16,0.16,0.0,2.254,2.376,0.0005,0.8034,0.4075,0.3185,0.2022,0.6684,0.2442,5.09,0.599,urbanizing-majority,0.0,0.1223,0.7977,0.5989,0.6504,0.1381,0.6973,0.0,52.16,True
UGA,Uganda,Baganda,majority,4.5,3.42,4.5,3.42,16.5,16.48,-0.02,16.48,0.0,16.48,0.0,16.48,16.48,16.48,16.48,0.0,16.48,-0.02,0.0,8252490,14076395,0.0,0.0,0.0,1.25,unspecified,False,0.5,0.48,0.56,0.42,0.454,1.163,1.0,0.78,0.808,0.7,0.0,0.795,0.0,0.0,1.0,0.761,44.0,45.929,54.0,50.96,2.0,3.111,0.251,0.0,1.0,0.805,1.0,1.0,0.0,0.001,0.888,0.8877,-0.0003,0.8877,3.17,0.288,2.256,2.493,0.0005,0.8877,16.48,-0.02,0.0,2.256,2.493,0.0005,0.8877,0.4352,0.2536,0.1876,0.6854,0.2236,8.9,0.428,mixed-rural-urban,0.0,0.095,0.8072,0.6436,0.5972,0.1811,0.6941,0.0,50.96,False
UGA,Uganda,Banyankole,majority,4.5,3.42,4.5,3.42,9.6,9.59,-0.01,9.59,0.0,9.59,0.0,9.59,9.59,9.59,9.59,0.0,9.59,-0.01,0.0,4801449,8189903,0.0,0.0,0.0,1.25,unspecified,False,0.5,0.48,0.56,0.42,0.454,1.103,1.0,0.78,0.795,0.7,0.0,0.795,0.0,0.0,1.0,0.761,44.0,45.929,54.0,50.96,2.0,3.111,0.251,0.0,1.0,0.805,1.0,1.0,0.0,0.001,0.888,0.8877,-0.0003,0.8877,3.17,0.288,2.256,2.493,0.0005,0.8877,9.59,-0.01,0.0,2.256,2.493,0.0005,0.8877,0.4352,0.2536,0.1876,0.6854,0.2236,8.9,0.428,mixed-rural-urban,0.0,0.095,0.8072,0.6436,0.5972,0.1811,0.6941,0.0,50.96,False
UGA,Uganda,Basoga,majority,4.5,3.42,4.5,3.42,8.8,8.79,-0.01,8.79,0.0,8.79,0.0,8.79,8.79,8.79,8.79,0.0,8.79,-0.01,0.0,4401328,7507411,0.0,0.0,0.0,1.25,unspecified,False,0.5,0.48,0.56,0.42,0.454,1.094,1.0,0.78,0.793,0.7,0.0,0.795,0.0,0.0,1.0,0.761,44.0,45.929,54.0,50.96,2.0,3.111,0.251,0.0,1.0,0.805,1.0,1.0,0.0,0.001,0.888,0.8877,-0.0003,0.8877,3.17,0.288,2.256,2.493,0.0005,0.8877,8.79,-0.01,0.0,2.256,2.493,0.0005,0.8877,0.4352,0.2536,0.1876,0.6854,0.2236,8.9,0.428,mixed-rural-urban,0.0,0.095,0.8072,0.6436,0.5972,0.1811,0.6941,0.0,50.96,False
UGA,Uganda,Bakiga,majority,4.5,3.42,4.5,3.42,7.1,7.09,-0.01,7.09,0.0,7.09,0.0,7.09,7.09,7.09,7.09,0.0,7.09,-0.01,0.0,3551071,6057115,0.0,0.0,0.0,1.25,unspecified,False,0.5,0.48,0.56,0.42,0.454,1.071,1.0,0.78,0.788,0.7,0.0,0.795,0.0,0.0,1.0,0.761,44.0,45.929,54.0,50.96,2.0,3.111,0.251,0.0,1.0,0.805,1.0,1.0,0.0,0.001,0.888,0.8877,-0.0003,0.8877,3.17,0.288,2.256,2.493,0.0005,0.8877,7.09,-0.01,0.0,2.256,2.493,0.0005,0.8877,0.4352,0.2536,0.1876,0.6854,0.2236,8.9,0.428,mixed-rural-urban,0.0,0.095,0.8072,0.6436,0.5972,0.1811,0.6941,0.0,50.96,False
UGA,Uganda,Iteso,majority,4.5,3.42,4.5,3.42,7.0,6.99,-0.01,6.99,0.0,6.99,0.0,6.99,6.99,6.99,6.99,0.0,6.99,-0.01,0.0,3501056,5971804,0.0,0.0,0.0,1.25,unspecified,False,0.5,0.48,0.56,0.42,0.454,1.07,1.0,0.78,0.787,0.7,0.0,0.795,0.0,0.0,1.0,0.761,44.0,45.929,54.0,50.96,2.0,3.111,0.251,0.0,1.0,0.805,1.0,1.0,0.0,0.001,0.888,0.8877,-0.0003,0.8877,3.17,0.288,2.256,2.493,0.0005,0.8877,6.99,-0.01,0.0,2.256,2.493,0.0005,0.8877,0.4352,0.2536,0.1876,0.6854,0.2236,8.9,0.428,mixed-rural-urban,0.0,0.095,0.8072,0.6436,0.5972,0.1811,0.6941,0.0,50.96,False
UGA,Uganda,Langi,majority,4.5,3.42,4.5,3.42,6.3,6.29,-0.01,6.29,0.0,6.29,0.0,6.29,6.29,6.29,6.29,0.0,6.29,-0.01,0.0,3150951,5374624,0.0,0.0,0.0,1.25,unspecified,False,0.5,0.48,0.56,0.42,0.454,1.059,1.0,0.78,0.785,0.7,0.0,0.795,0.0,0.0,1.0,0.761,44.0,45.929,54.0,50.96,2.0,3.111,0.251,0.0,1.0,0.805,1.0,1.0,0.0,0.001,0.888,0.8877,-0.0003,0.8877,3.17,0.288,2.256,2.493,0.0005,0.8877,6.29,-0.01,0.0,2.256,2.493,0.0005,0.8877,0.4352,0.2536,0.1876,0.6854,0.2236,8.9,0.428,mixed-rural-urban,0.0,0.095,0.8072,0.6436,0.5972,0.1811,0.6941,0.0,50.96,False
UGA,Uganda,Acholi,majority,4.5,3.42,4.5,3.42,4.7,4.69,-0.01,4.69,0.0,4.69,0.0,4.69,4.69,4.69,4.69,0.0,4.69,-0.01,0.0,2350709,4009640,0.0,0.0,0.0,1.25,unspecified,False,0.5,0.48,0.56,0.42,0.454,1.029,1.0,0.78,0.778,0.7,0.0,0.795,0.0,0.0,1.0,0.761,44.0,45.929,54.0,50.96,2.0,3.111,0.251,0.0,1.0,0.805,1.0,1.0,0.0,0.001,0.888,0.8877,-0.0003,0.8877,3.17,0.288,2.256,2.493,0.0005,0.8877,4.69,-0.01,0.0,2.256,2.493,0.0005,0.8877,0.4352,0.2536,0.1876,0.6854,0.2236,8.9,0.428,mixed-rural-urban,0.0,0.095,0.8072,0.6436,0.5972,0.1811,0.6941,0.0,50.96,False
UGA,Uganda,Bagisu,majority,4.5,3.42,4.5,3.42,4.6,4.59,-0.01,4.59,0.0,4.59,0.0,4.59,4.59,4.59,4.59,0.0,4.59,-0.01,0.0,2300694,3924328,0.0,0.0,0.0,1.25,unspecified,False,0.5,0.48,0.56,0.42,0.454,1.027,1.0,0.78,0.778,0.7,0.0,0.795,0.0,0.0,1.0,0.761,44.0,45.929,54.0,50.96,2.0,3.111,0.251,0.0,1.0,0.805,1.0,1.0,0.0,0.001,0.888,0.8877,-0.0003,0.8877,3.17,0.288,2.256,2.493,0.0005,0.8877,4.59,-0.01,0.0,2.256,2.493,0.0005,0.8877,0.4352,0.2536,0.1876,0.6854,0.2236,8.9,0.428,mixed-rural-urban,0.0,0.095,0.8072,0.6436,0.5972,0.1811,0.6941,0.0,50.96,False
UGA,Uganda,Lugbara,majority,4.5,3.42,4.5,3.42,4.2,4.19,-0.01,4.19,0.0,4.19,0.0,4.19,4.19,4.19,4.19,0.0,4.19,-0.01,0.0,2100634,3583082,0.0,0.0,0.0,1.25,unspecified,False,0.5,0.48,0.56,0.42,0.454,1.018,1.0,0.78,0.776,0.7,0.0,0.795,0.0,0.0,1.0,0.761,44.0,45.929,54.0,50.96,2.0,3.111,0.251,0.0,1.0,0.805,1.0,1.0,0.0,0.001,0.888,0.8877,-0.0003,0.8877,3.17,0.288,2.256,2.493,0.0005,0.8877,4.19,-0.01,0.0,2.256,2.493,0.0005,0.8877,0.4352,0.2536,0.1876,0.6854,0.2236,8.9,0.428,mixed-rural-urban,0.0,0.095,0.8072,0.6436,0.5972,0.1811,0.6941,0.0,50.96,False
UGA,Uganda,Bunyoro,majority,4.5,3.42,4.5,3.42,2.7,2.7,-0.0,2.7,0.0,2.7,0.0,2.7,2.7,2.7,2.7,0.0,2.7,-0.0,0.0,1350407,2303410,0.0,0.0,0.0,1.25,unspecified,False,0.5,0.48,0.56,0.42,0.454,0.977,1.0,0.78,0.767,0.7,0.0,0.795,0.0,0.0,1.0,0.761,44.0,45.929,54.0,50.96,2.0,3.111,0.251,0.0,1.0,0.805,1.0,1.0,0.0,0.001,0.888,0.8877,-0.0003,0.8877,3.17,0.288,2.256,2.493,0.0005,0.8877,2.7,-0.0,0.0,2.256,2.493,0.0005,0.8877,0.4352,0.2536,0.1876,0.6854,0.2236,8.9,0.428,mixed-rural-urban,0.0,0.095,0.8072,0.6436,0.5972,0.1811,0.6941,0.0,50.96,False
UGA,Uganda,Batoro,majority,4.5,3.42,4.5,3.42,2.7,2.7,-0.0,2.7,0.0,2.7,0.0,2.7,2.7,2.7,2.7,0.0,2.7,-0.0,0.0,1350407,2303410,0.0,0.0,0.0,1.25,unspecified,False,0.5,0.48,0.56,0.42,0.454,0.977,1.0,0.78,0.767,0.7,0.0,0.795,0.0,0.0,1.0,0.761,44.0,45.929,54.0,50.96,2.0,3.111,0.251,0.0,1.0,0.805,1.0,1.0,0.0,0.001,0.888,0.8877,-0.0003,0.8877,3.17,0.288,2.256,2.493,0.0005,0.8877,2.7,-0.0,0.0,2.256,2.493,0.0005,0.8877,0.4352,0.2536,0.1876,0.6854,0.2236,8.9,0.428,mixed-rural-urban,0.0,0.095,0.8072,0.6436,0.5972,0.1811,0.6941,0.0,50.96,False
UGA,Uganda,Bafumbira,majority,4.5,3.42,4.5,3.42,2.5,2.5,-0.0,2.5,0.0,2.5,0.0,2.5,2.5,2.5,2.5,0.0,2.5,-0.0,0.0,1250377,2132787,0.0,0.0,0.0,1.25,unspecified,False,0.5,0.48,0.56,0.42,0.454,0.97,1.0,0.78,0.765,0.7,0.0,0.795,0.0,0.0,1.0,0.761,44.0,45.929,54.0,50.96,2.0,3.111,0.251,0.0,1.0,0.805,1.0,1.0,0.0,0.001,0.888,0.8877,-0.0003,0.8877,3.17,0.288,2.256,2.493,0.0005,0.8877,2.5,-0.0,0.0,2.256,2.493,0.0005,0.8877,0.4352,0.2536,0.1876,0.6854,0.2236,8.9,0.428,mixed-rural-urban,0.0,0.095,0.8072,0.6436,0.5972,0.1811,0.6941,0.0,50.96,False
UGA,Uganda,Karamojong,majority,4.5,3.42,4.5,3.42,2.0,2.0,-0.0,2.0,0.0,2.0,0.0,2.0,2.0,2.0,2.0,0.0,2.0,-0.0,0.0,1000302,1706230,0.0,0.0,0.0,1.25,unspecified,False,0.5,0.48,0.56,0.42,0.454,0.952,1.0,0.78,0.761,0.7,0.0,0.795,0.0,0.0,1.0,0.761,44.0,45.929,54.0,50.96,2.0,3.111,0.251,0.0,1.0,0.805,1.0,1.0,0.0,0.001,0.888,0.8877,-0.0003,0.8877,3.17,0.288,2.256,2.493,0.0005,0.8877,2.0,-0.0,0.0,2.256,2.493,0.0005,0.8877,0.4352,0.2536,0.1876,0.6854,0.2236,8.9,0.428,mixed-rural-urban,0.0,0.095,0.8072,0.6436,0.5972,0.1811,0.6941,0.0,50.96,False
UGA,Uganda,Other,assimilating,4.5,3.42,4.5,3.42,21.3,21.41,0.11,21.41,0.0,21.41,0.0,21.41,21.41,21.41,21.41,0.0,21.41,0.11,0.0,10653214,18291063,0.0,0.0,0.0,1.25,unspecified,False,0.5,0.48,0.56,0.42,0.454,1.193,1.0,0.78,0.815,0.7,0.0,0.795,0.0,0.0,1.0,0.761,44.0,45.929,54.0,50.96,2.0,3.111,0.251,0.0,1.0,0.805,1.0,1.0,0.0,0.001,0.888,0.8877,-0.0003,0.8877,3.17,0.288,2.256,2.493,0.0005,0.8877,21.41,0.11,0.0,2.256,2.493,0.0005,0.8877,0.4352,0.2536,0.1876,0.6854,0.2236,8.9,0.428,mixed-rural-urban,0.0,0.095,0.8072,0.6436,0.5972,0.1811,0.6941,0.0,50.96,True
UKR,Ukraine,Ukrainian,majority,1.2,1.47,1.2,1.47,77.8,80.49,2.69,80.68,-0.2,80.49,0.0,80.45,80.51,80.45,80.51,0.06,80.18,2.38,-0.3,29455252,25747791,0.644,0.0,0.0,2.256,UKR,False,0.615,0.539,0.82,0.52,0.673,1.3,1.0,0.78,1.077,0.0,0.0,0.539,0.0,0.0,1.0,0.761,12.895,6.388,62.5,63.86,24.605,29.752,0.251,0.02,0.989,0.861,1.0,1.225,0.0,0.001,0.3643,0.3307,-0.0336,0.3307,0.7435,0.2238,1.721,1.76,0.0005,0.3348,80.18,2.38,-0.3,1.721,1.76,0.0005,0.3348,0.7052,0.5525,0.2592,0.795,0.2695,1.49,0.55,mixed-rural-urban,0.29,0.0359,0.849,0.7939,0.8029,0.6789,0.3519,0.8069,63.86,True
UKR,Ukraine,Russian,low_fertility,0.8,1.31,1.2,1.47,17.3,14.46,-2.84,14.49,-0.04,14.46,0.0,14.57,14.35,14.35,14.57,0.22,14.73,-2.57,0.27,6549818,4625375,0.644,0.0,0.0,2.256,unspecified,False,0.5,0.48,0.56,0.42,0.673,1.169,1.0,0.78,0.935,0.0,0.0,0.539,0.0,0.0,1.0,0.761,12.895,6.388,62.5,63.86,24.605,29.752,0.251,0.02,0.989,0.861,1.0,1.225,0.0,0.001,0.3643,0.3307,-0.0336,0.3307,0.7435,0.2238,1.721,1.76,0.0005,0.3348,14.73,-2.57,0.27,1.721,1.76,0.0005,0.3348,0.7052,0.5525,0.2592,0.795,0.2695,1.49,0.55,mixed-rural-urban,0.29,0.0359,0.849,0.7939,0.8029,0.6789,0.3519,0.8069,63.86,False
UKR,Ukraine,Romanian / Moldovan,low_fertility,0.8,1.31,1.2,1.47,0.8,0.67,-0.13,0.67,-0.0,0.67,0.0,0.67,0.66,0.66,0.67,0.01,0.68,-0.12,0.01,302882,213890,0.644,0.0,0.0,2.256,unspecified,False,0.5,0.48,0.56,0.42,0.673,0.891,1.0,0.78,0.843,0.0,0.0,0.539,0.0,0.0,1.0,0.761,12.895,6.388,62.5,63.86,24.605,29.752,0.251,0.02,0.989,0.861,1.0,1.225,0.0,0.001,0.3643,0.3307,-0.0336,0.3307,0.7435,0.2238,1.721,1.76,0.0005,0.3348,0.68,-0.12,0.01,1.721,1.76,0.0005,0.3348,0.7052,0.5525,0.2592,0.795,0.2695,1.49,0.55,mixed-rural-urban,0.29,0.0359,0.849,0.7939,0.8029,0.6789,0.3519,0.8069,63.86,False
UKR,Ukraine,Belarusian,low_fertility,0.8,1.31,1.2,1.47,0.6,0.5,-0.1,0.5,-0.0,0.5,0.0,0.51,0.5,0.5,0.51,0.01,0.51,-0.09,0.01,227161,160418,0.644,0.0,0.0,2.256,unspecified,False,0.5,0.48,0.56,0.42,0.673,0.876,1.0,0.78,0.838,0.0,0.0,0.539,0.0,0.0,1.0,0.761,12.895,6.388,62.5,63.86,24.605,29.752,0.251,0.02,0.989,0.861,1.0,1.225,0.0,0.001,0.3643,0.3307,-0.0336,0.3307,0.7435,0.2238,1.721,1.76,0.0005,0.3348,0.51,-0.09,0.01,1.721,1.76,0.0005,0.3348,0.7052,0.5525,0.2592,0.795,0.2695,1.49,0.55,mixed-rural-urban,0.29,0.0359,0.849,0.7939,0.8029,0.6789,0.3519,0.8069,63.86,False
UKR,Ukraine,Hungarian (Zakarpattia),low_fertility,0.8,1.31,1.2,1.47,0.3,0.25,-0.05,0.25,-0.0,0.25,0.0,0.25,0.25,0.25,0.25,0.0,0.26,-0.04,0.0,113581,80209,0.644,0.0,0.0,2.256,unspecified,False,0.5,0.48,0.56,0.42,0.673,0.851,1.0,0.78,0.83,0.0,0.0,0.539,0.0,0.0,1.0,0.761,12.895,6.388,62.5,63.86,24.605,29.752,0.251,0.02,0.989,0.861,1.0,1.225,0.0,0.001,0.3643,0.3307,-0.0336,0.3307,0.7435,0.2238,1.721,1.76,0.0005,0.3348,0.26,-0.04,0.0,1.721,1.76,0.0005,0.3348,0.7052,0.5525,0.2592,0.795,0.2695,1.49,0.55,mixed-rural-urban,0.29,0.0359,0.849,0.7939,0.8029,0.6789,0.3519,0.8069,63.86,False
UKR,Ukraine,Bulgarian (Bessarabia),low_fertility,1.2,1.47,1.2,1.47,0.4,0.41,0.01,0.41,-0.0,0.41,0.0,0.41,0.41,0.41,0.41,0.0,0.41,0.01,-0.0,151441,130095,0.644,0.0,0.0,2.256,unspecified,False,0.5,0.48,0.56,0.42,0.673,0.86,1.0,0.78,0.833,0.0,0.0,0.539,0.0,0.0,1.0,0.761,12.895,6.388,62.5,63.86,24.605,29.752,0.251,0.02,0.989,0.861,1.0,1.225,0.0,0.001,0.3643,0.3307,-0.0336,0.3307,0.7435,0.2238,1.721,1.76,0.0005,0.3348,0.41,0.01,-0.0,1.721,1.76,0.0005,0.3348,0.7052,0.5525,0.2592,0.795,0.2695,1.49,0.55,mixed-rural-urban,0.29,0.0359,0.849,0.7939,0.8029,0.6789,0.3519,0.8069,63.86,False
UKR,Ukraine,Crimean Tatar,majority,1.2,1.47,1.2,1.47,0.5,0.52,0.02,0.52,-0.0,0.52,0.0,0.52,0.52,0.52,0.52,0.0,0.52,0.02,-0.0,189301,165374,0.644,0.0,0.0,2.256,unspecified,False,0.5,0.48,0.56,0.42,0.673,0.869,1.0,0.78,0.836,0.0,0.0,0.539,0.0,0.0,1.0,0.761,12.895,6.388,62.5,63.86,24.605,29.752,0.251,0.02,0.989,0.861,1.0,1.225,0.0,0.001,0.3643,0.3307,-0.0336,0.3307,0.7435,0.2238,1.721,1.76,0.0005,0.3348,0.52,0.02,-0.0,1.721,1.76,0.0005,0.3348,0.7052,0.5525,0.2592,0.795,0.2695,1.49,0.55,mixed-rural-urban,0.29,0.0359,0.849,0.7939,0.8029,0.6789,0.3519,0.8069,63.86,False
UKR,Ukraine,Roma,high_fertility,1.55,1.61,1.2,1.47,0.6,0.73,0.13,0.73,-0.0,0.73,0.0,0.72,0.73,0.72,0.73,0.01,0.72,0.12,-0.01,227161,233053,0.644,0.0,0.0,2.256,unspecified,False,0.5,0.48,0.56,0.42,0.673,0.876,1.0,0.78,0.838,0.0,0.0,0.539,0.0,0.0,1.0,0.761,12.895,6.388,62.5,63.86,24.605,29.752,0.251,0.02,0.989,0.861,1.0,1.225,0.0,0.001,0.3643,0.3307,-0.0336,0.3307,0.7435,0.2238,1.721,1.76,0.0005,0.3348,0.72,0.12,-0.01,1.721,1.76,0.0005,0.3348,0.7052,0.5525,0.2592,0.795,0.2695,1.49,0.55,mixed-rural-urban,0.29,0.0359,0.849,0.7939,0.8029,0.6789,0.3519,0.8069,63.86,False
UKR,Ukraine,Other,immigrant,1.2,1.47,1.2,1.47,1.7,1.98,0.28,1.74,0.24,1.98,0.0,1.9,2.07,1.9,2.07,0.17,2.0,0.3,0.02,643624,633932,0.644,0.0,0.0,2.256,unspecified,True,0.5,0.48,0.56,0.42,0.673,0.939,1.0,0.78,0.859,0.0,0.0,0.539,0.0,0.0,1.0,0.761,12.895,6.388,62.5,63.86,24.605,29.752,0.251,0.02,0.989,0.861,1.0,1.225,0.0,0.001,0.3643,0.3307,-0.0336,0.3307,0.7435,0.2238,1.721,1.76,0.0005,0.3348,2.0,0.3,0.02,1.721,1.76,0.0005,0.3348,0.7052,0.5525,0.2592,0.795,0.2695,1.49,0.55,mixed-rural-urban,0.29,0.0359,0.849,0.7939,0.8029,0.6789,0.3519,0.8069,63.86,False
URY,Uruguay,White (European),low_fertility,0.9,1.44,1.5,1.68,87.7,84.2,-3.5,84.62,-0.42,84.2,0.0,84.47,83.9,83.9,84.47,0.57,84.53,-3.17,0.33,2970033,2740237,0.318,0.0,0.0,1.747,unspecified,False,0.5,0.48,0.56,0.42,0.562,1.3,1.0,0.78,0.907,0.0,0.0,0.0,0.0,0.0,1.0,0.761,18.292,8.982,66.5,62.54,15.208,28.478,0.251,0.007,0.998,0.885,1.0,1.111,0.0,0.001,0.2258,0.2827,0.0569,0.2827,0.6515,0.1431,1.682,1.566,0.0005,0.2775,84.53,-3.17,0.33,1.682,1.566,0.0005,0.2775,0.7471,0.4823,0.1335,0.8282,0.2058,1.39,0.767,urbanizing-majority,0.074,0.0241,0.9154,0.8684,0.8751,0.7099,0.3546,0.749,62.54,True
URY,Uruguay,Black,majority,1.5,1.68,1.5,1.68,4.6,5.76,1.16,5.79,-0.03,5.76,0.0,5.72,5.8,5.72,5.8,0.09,5.6,1.0,-0.16,155783,187485,0.318,0.0,0.0,1.747,unspecified,False,0.5,0.48,0.56,0.42,0.562,1.027,1.0,0.78,0.832,0.0,0.0,0.0,0.0,0.0,1.0,0.761,18.292,8.982,66.5,62.54,15.208,28.478,0.251,0.007,0.998,0.885,1.0,1.111,0.0,0.001,0.2258,0.2827,0.0569,0.2827,0.6515,0.1431,1.682,1.566,0.0005,0.2775,5.6,1.0,-0.16,1.682,1.566,0.0005,0.2775,0.7471,0.4823,0.1335,0.8282,0.2058,1.39,0.767,urbanizing-majority,0.074,0.0241,0.9154,0.8684,0.8751,0.7099,0.3546,0.749,62.54,False
URY,Uruguay,Indigenous,majority,1.5,1.68,1.5,1.68,2.4,3.01,0.61,3.02,-0.02,3.01,0.0,2.98,3.03,2.98,3.03,0.04,2.92,0.52,-0.08,81278,97818,0.318,0.0,0.0,1.747,unspecified,False,0.5,0.48,0.56,0.42,0.562,0.967,1.0,0.78,0.816,0.0,0.0,0.0,0.0,0.0,1.0,0.761,18.292,8.982,66.5,62.54,15.208,28.478,0.251,0.007,0.998,0.885,1.0,1.111,0.0,0.001,0.2258,0.2827,0.0569,0.2827,0.6515,0.1431,1.682,1.566,0.0005,0.2775,2.92,0.52,-0.08,1.682,1.566,0.0005,0.2775,0.7471,0.4823,0.1335,0.8282,0.2058,1.39,0.767,urbanizing-majority,0.074,0.0241,0.9154,0.8684,0.8751,0.7099,0.3546,0.749,62.54,False
URY,Uruguay,Asian,immigrant,1.5,1.68,1.5,1.68,0.5,0.69,0.19,0.62,0.07,0.69,0.0,0.66,0.72,0.66,0.72,0.06,0.68,0.18,-0.01,16933,22422,0.318,0.0,0.0,1.747,unspecified,True,0.5,0.48,0.56,0.42,0.562,0.869,1.0,0.78,0.789,0.0,0.0,0.0,0.0,0.0,1.0,0.761,18.292,8.982,66.5,62.54,15.208,28.478,0.251,0.007,0.998,0.885,1.0,1.111,0.0,0.001,0.2258,0.2827,0.0569,0.2827,0.6515,0.1431,1.682,1.566,0.0005,0.2775,0.68,0.18,-0.01,1.682,1.566,0.0005,0.2775,0.7471,0.4823,0.1335,0.8282,0.2058,1.39,0.767,urbanizing-majority,0.074,0.0241,0.9154,0.8684,0.8751,0.7099,0.3546,0.749,62.54,False
URY,Uruguay,Other,assimilating,1.5,1.68,1.5,1.68,4.8,6.34,1.54,5.95,0.39,6.34,0.0,6.17,6.54,6.17,6.54,0.38,6.26,1.46,-0.08,162556,206393,0.318,0.0,0.0,1.747,unspecified,False,0.5,0.48,0.56,0.42,0.562,1.031,1.0,0.78,0.833,0.0,0.0,0.0,0.0,0.0,1.0,0.761,18.292,8.982,66.5,62.54,15.208,28.478,0.251,0.007,0.998,0.885,1.0,1.111,0.0,0.001,0.2258,0.2827,0.0569,0.2827,0.6515,0.1431,1.682,1.566,0.0005,0.2775,6.26,1.46,-0.08,1.682,1.566,0.0005,0.2775,0.7471,0.4823,0.1335,0.8282,0.2058,1.39,0.767,urbanizing-majority,0.074,0.0241,0.9154,0.8684,0.8751,0.7099,0.3546,0.749,62.54,False
USA,USA,White non-Hispanic,low_fertility,1.4,1.67,1.6,1.75,57.0,45.02,-11.98,52.18,-7.16,45.13,-0.11,47.36,42.26,42.26,47.36,5.11,38.38,-18.62,-6.64,196893143,171456108,0.214,0.0,0.0,1.652,unspecified,False,0.5,0.48,0.56,0.42,0.68,1.3,1.0,0.88,1.006,0.0,1.08,0.0,0.732,0.498,1.0,0.761,15.49,11.209,65.0,64.6,19.51,24.191,0.36,0.112,0.904,0.962,1.2,1.29,0.22,0.001,0.6482,0.7515,0.1033,0.7515,2.4023,0.1003,2.741,2.818,0.0005,0.7823,38.38,-18.62,-6.64,2.741,2.818,0.0005,0.7823,0.8229,0.4562,0.0825,0.8935,0.1825,4.02,0.81,metropolitan-heavy,0.041,0.0026,0.9138,0.9188,0.9913,0.7729,0.248,0.5541,64.6,True
USA,USA,Hispanic / Latino (Mexican),high_fertility,1.8,1.83,1.6,1.75,11.0,17.29,6.29,11.9,5.39,17.34,-0.05,15.52,19.45,15.52,19.45,3.92,14.6,3.6,-2.7,37996922,65863709,0.214,0.0,0.0,1.652,MEX,True,0.593,0.546,0.74,0.56,0.68,1.118,1.36,0.88,1.184,0.0,1.08,0.0,0.732,0.498,1.0,0.761,15.49,11.209,65.0,64.6,19.51,24.191,0.36,0.112,0.904,0.962,1.2,1.29,0.22,0.001,0.6482,0.7515,0.1033,0.7515,2.4023,0.1003,2.741,2.818,0.0005,0.7823,14.6,3.6,-2.7,2.741,2.818,0.0005,0.7823,0.8229,0.4562,0.0825,0.8935,0.1825,4.02,0.81,metropolitan-heavy,0.041,0.0026,0.9138,0.9188,0.9913,0.7729,0.248,0.5541,64.6,False
USA,USA,Hispanic / Latino (Puerto Rican),assimilating,1.6,1.75,1.6,1.75,2.2,2.08,-0.12,2.15,-0.07,2.08,-0.01,2.11,2.03,2.03,2.11,0.07,1.79,-0.41,-0.29,7599384,7913529,0.214,0.0,0.0,1.652,unspecified,True,0.5,0.48,0.56,0.42,0.68,0.96,1.0,0.88,0.887,0.0,1.08,0.0,0.732,0.498,1.0,0.761,15.49,11.209,65.0,64.6,19.51,24.191,0.36,0.112,0.904,0.962,1.2,1.29,0.22,0.001,0.6482,0.7515,0.1033,0.7515,2.4023,0.1003,2.741,2.818,0.0005,0.7823,1.79,-0.41,-0.29,2.741,2.818,0.0005,0.7823,0.8229,0.4562,0.0825,0.8935,0.1825,4.02,0.81,metropolitan-heavy,0.041,0.0026,0.9138,0.9188,0.9913,0.7729,0.248,0.5541,64.6,False
USA,USA,Hispanic / Latino (Salvadoran),high_fertility,2.0,1.91,1.6,1.75,1.1,1.65,0.55,1.26,0.39,1.66,-0.0,1.53,1.8,1.53,1.8,0.27,1.38,0.28,-0.27,3799692,6294822,0.214,0.0,0.0,1.652,SLV,True,0.585,0.595,0.62,0.66,0.68,0.909,1.0,0.88,0.924,0.0,1.08,0.0,0.732,0.498,1.0,0.761,15.49,11.209,65.0,64.6,19.51,24.191,0.36,0.112,0.904,0.962,1.2,1.29,0.22,0.001,0.6482,0.7515,0.1033,0.7515,2.4023,0.1003,2.741,2.818,0.0005,0.7823,1.38,0.28,-0.27,2.741,2.818,0.0005,0.7823,0.8229,0.4562,0.0825,0.8935,0.1825,4.02,0.81,metropolitan-heavy,0.041,0.0026,0.9138,0.9188,0.9913,0.7729,0.248,0.5541,64.6,False
USA,USA,Hispanic / Latino (Dominican),high_fertility,1.8,1.83,1.6,1.75,1.0,1.31,0.31,1.08,0.22,1.31,-0.0,1.24,1.38,1.24,1.38,0.14,1.1,0.1,-0.21,3454266,4971325,0.214,0.0,0.0,1.652,unspecified,True,0.5,0.48,0.56,0.42,0.68,0.903,1.0,0.88,0.867,0.0,1.08,0.0,0.732,0.498,1.0,0.761,15.49,11.209,65.0,64.6,19.51,24.191,0.36,0.112,0.904,0.962,1.2,1.29,0.22,0.001,0.6482,0.7515,0.1033,0.7515,2.4023,0.1003,2.741,2.818,0.0005,0.7823,1.1,0.1,-0.21,2.741,2.818,0.0005,0.7823,0.8229,0.4562,0.0825,0.8935,0.1825,4.02,0.81,metropolitan-heavy,0.041,0.0026,0.9138,0.9188,0.9913,0.7729,0.248,0.5541,64.6,False
USA,USA,Hispanic / Latino (Cuban),assimilating,1.4,1.67,1.6,1.75,1.0,0.88,-0.12,0.91,-0.03,0.88,-0.0,0.89,0.86,0.86,0.89,0.04,0.76,-0.24,-0.12,3454266,3348496,0.214,0.0,0.0,1.652,unspecified,True,0.5,0.48,0.56,0.42,0.68,0.903,1.0,0.88,0.867,0.0,1.08,0.0,0.732,0.498,1.0,0.761,15.49,11.209,65.0,64.6,19.51,24.191,0.36,0.112,0.904,0.962,1.2,1.29,0.22,0.001,0.6482,0.7515,0.1033,0.7515,2.4023,0.1003,2.741,2.818,0.0005,0.7823,0.76,-0.24,-0.12,2.741,2.818,0.0005,0.7823,0.8229,0.4562,0.0825,0.8935,0.1825,4.02,0.81,metropolitan-heavy,0.041,0.0026,0.9138,0.9188,0.9913,0.7729,0.248,0.5541,64.6,False
USA,USA,Hispanic / Latino (Guatemalan),high_fertility,2.1,1.95,1.6,1.75,0.8,1.3,0.5,0.94,0.35,1.3,-0.0,1.18,1.44,1.18,1.44,0.26,1.08,0.28,-0.21,2763413,4938199,0.214,0.0,0.0,1.652,GTM,True,0.616,0.663,0.56,0.7,0.68,0.891,1.24,0.88,1.028,0.0,1.08,0.0,0.732,0.498,1.0,0.761,15.49,11.209,65.0,64.6,19.51,24.191,0.36,0.112,0.904,0.962,1.2,1.29,0.22,0.001,0.6482,0.7515,0.1033,0.7515,2.4023,0.1003,2.741,2.818,0.0005,0.7823,1.08,0.28,-0.21,2.741,2.818,0.0005,0.7823,0.8229,0.4562,0.0825,0.8935,0.1825,4.02,0.81,metropolitan-heavy,0.041,0.0026,0.9138,0.9188,0.9913,0.7729,0.248,0.5541,64.6,False
USA,USA,Hispanic / Latino (Honduran),high_fertility,2.2,1.99,1.6,1.75,0.4,0.7,0.3,0.48,0.22,0.7,-0.0,0.63,0.79,0.63,0.79,0.16,0.58,0.18,-0.12,1381706,2669459,0.214,0.0,0.0,1.652,HND,True,0.609,0.656,0.56,0.72,0.68,0.86,1.22,0.88,0.999,0.0,1.08,0.0,0.732,0.498,1.0,0.761,15.49,11.209,65.0,64.6,19.51,24.191,0.36,0.112,0.904,0.962,1.2,1.29,0.22,0.001,0.6482,0.7515,0.1033,0.7515,2.4023,0.1003,2.741,2.818,0.0005,0.7823,0.58,0.18,-0.12,2.741,2.818,0.0005,0.7823,0.8229,0.4562,0.0825,0.8935,0.1825,4.02,0.81,metropolitan-heavy,0.041,0.0026,0.9138,0.9188,0.9913,0.7729,0.248,0.5541,64.6,False
USA,USA,Hispanic / Latino (Colombian),high_fertility,1.6,1.75,1.6,1.75,0.4,0.5,0.1,0.41,0.1,0.5,-0.0,0.47,0.53,0.47,0.53,0.06,0.43,0.03,-0.08,1381706,1910114,0.214,0.0,0.0,1.652,COL,True,0.632,0.586,0.78,0.6,0.68,0.86,1.0,0.88,0.932,0.0,1.08,0.0,0.732,0.498,1.0,0.761,15.49,11.209,65.0,64.6,19.51,24.191,0.36,0.112,0.904,0.962,1.2,1.29,0.22,0.001,0.6482,0.7515,0.1033,0.7515,2.4023,0.1003,2.741,2.818,0.0005,0.7823,0.43,0.03,-0.08,2.741,2.818,0.0005,0.7823,0.8229,0.4562,0.0825,0.8935,0.1825,4.02,0.81,metropolitan-heavy,0.041,0.0026,0.9138,0.9188,0.9913,0.7729,0.248,0.5541,64.6,False
USA,USA,Hispanic / Latino (Venezuelan),high_fertility,1.7,1.79,1.6,1.75,0.3,0.46,0.16,0.31,0.15,0.46,-0.0,0.42,0.52,0.42,0.52,0.11,0.39,0.09,-0.07,1036280,1766186,0.214,0.0,0.0,1.652,VEN,True,0.636,0.596,0.78,0.64,0.68,0.851,1.0,0.88,0.931,0.0,1.08,0.0,0.732,0.498,1.0,0.761,15.49,11.209,65.0,64.6,19.51,24.191,0.36,0.112,0.904,0.962,1.2,1.29,0.22,0.001,0.6482,0.7515,0.1033,0.7515,2.4023,0.1003,2.741,2.818,0.0005,0.7823,0.39,0.09,-0.07,2.741,2.818,0.0005,0.7823,0.8229,0.4562,0.0825,0.8935,0.1825,4.02,0.81,metropolitan-heavy,0.041,0.0026,0.9138,0.9188,0.9913,0.7729,0.248,0.5541,64.6,False
USA,USA,Hispanic / Latino (Other),high_fertility,1.8,1.83,1.6,1.75,0.4,0.52,0.12,0.43,0.09,0.52,-0.0,0.49,0.55,0.49,0.55,0.05,0.44,0.04,-0.08,1381706,1977721,0.214,0.0,0.0,1.652,unspecified,True,0.5,0.48,0.56,0.42,0.68,0.86,1.0,0.88,0.852,0.0,1.08,0.0,0.732,0.498,1.0,0.761,15.49,11.209,65.0,64.6,19.51,24.191,0.36,0.112,0.904,0.962,1.2,1.29,0.22,0.001,0.6482,0.7515,0.1033,0.7515,2.4023,0.1003,2.741,2.818,0.0005,0.7823,0.44,0.04,-0.08,2.741,2.818,0.0005,0.7823,0.8229,0.4562,0.0825,0.8935,0.1825,4.02,0.81,metropolitan-heavy,0.041,0.0026,0.9138,0.9188,0.9913,0.7729,0.248,0.5541,64.6,False
USA,USA,Black / African American,majority,1.7,1.79,1.6,1.75,10.8,9.6,-1.2,11.14,-1.53,9.63,-0.02,10.06,9.05,9.05,10.06,1.01,8.1,-2.7,-1.51,37306069,36579423,0.214,0.0,0.0,1.652,unspecified,False,0.5,0.48,0.56,0.42,0.68,1.116,1.0,0.88,0.942,0.0,1.08,0.0,0.732,0.498,1.0,0.761,15.49,11.209,65.0,64.6,19.51,24.191,0.36,0.112,0.904,0.962,1.2,1.29,0.22,0.001,0.6482,0.7515,0.1033,0.7515,2.4023,0.1003,2.741,2.818,0.0005,0.7823,8.1,-2.7,-1.51,2.741,2.818,0.0005,0.7823,0.8229,0.4562,0.0825,0.8935,0.1825,4.02,0.81,metropolitan-heavy,0.041,0.0026,0.9138,0.9188,0.9913,0.7729,0.248,0.5541,64.6,False
USA,USA,Black (African immigrant),immigrant,2.0,1.91,1.6,1.75,1.0,1.83,0.83,1.11,0.72,1.59,0.24,1.6,2.1,1.6,2.1,0.5,1.59,0.59,-0.24,3454266,6981302,0.214,0.0,0.0,1.652,NGA;ETH;GHA;KEN;UGA;TZA;RWA;COD;CIV;CMR;SEN;ZMB;ZWE;MOZ;MWI;AGO;SDN;SOM;ERI;BFA;NER;MLI;GIN;SLE;LBR;BEN;TGO;GMB,True,0.711,0.785,0.574,0.717,0.68,0.903,1.011,0.88,1.006,0.0,1.08,0.0,0.732,0.498,1.0,0.761,15.49,11.209,65.0,64.6,19.51,24.191,0.36,0.112,0.904,0.962,1.2,1.29,0.22,0.001,0.6482,0.7515,0.1033,0.7515,2.4023,0.1003,2.741,2.818,0.0005,0.7823,1.59,0.59,-0.24,2.741,2.818,0.0005,0.7823,0.8229,0.4562,0.0825,0.8935,0.1825,4.02,0.81,metropolitan-heavy,0.041,0.0026,0.9138,0.9188,0.9913,0.7729,0.248,0.5541,64.6,False
USA,USA,Black (Caribbean),immigrant,1.7,1.79,1.6,1.75,0.6,0.65,0.05,0.61,0.05,0.66,-0.0,0.64,0.67,0.64,0.67,0.02,0.56,-0.04,-0.09,2072559,2493990,0.214,0.0,0.0,1.652,unspecified,True,0.5,0.48,0.56,0.42,0.68,0.876,1.0,0.88,0.858,0.0,1.08,0.0,0.732,0.498,1.0,0.761,15.49,11.209,65.0,64.6,19.51,24.191,0.36,0.112,0.904,0.962,1.2,1.29,0.22,0.001,0.6482,0.7515,0.1033,0.7515,2.4023,0.1003,2.741,2.818,0.0005,0.7823,0.56,-0.04,-0.09,2.741,2.818,0.0005,0.7823,0.8229,0.4562,0.0825,0.8935,0.1825,4.02,0.81,metropolitan-heavy,0.041,0.0026,0.9138,0.9188,0.9913,0.7729,0.248,0.5541,64.6,False
USA,USA,Asian (Chinese),immigrant,1.3,1.63,1.6,1.75,1.5,1.52,0.02,1.32,0.2,1.53,-0.0,1.47,1.57,1.47,1.57,0.1,1.33,-0.17,-0.19,5181398,5798908,0.214,0.0,0.0,1.652,CHN,True,0.52,0.502,0.58,0.45,0.68,0.93,1.0,0.88,0.89,0.0,1.08,0.0,0.732,0.498,1.0,0.761,15.49,11.209,65.0,64.6,19.51,24.191,0.36,0.112,0.904,0.962,1.2,1.29,0.22,0.001,0.6482,0.7515,0.1033,0.7515,2.4023,0.1003,2.741,2.818,0.0005,0.7823,1.33,-0.17,-0.19,2.741,2.818,0.0005,0.7823,0.8229,0.4562,0.0825,0.8935,0.1825,4.02,0.81,metropolitan-heavy,0.041,0.0026,0.9138,0.9188,0.9913,0.7729,0.248,0.5541,64.6,False
USA,USA,Asian (Indian),immigrant,1.5,1.71,1.6,1.75,1.6,2.42,0.82,1.52,0.9,2.42,-0.01,2.12,2.77,2.12,2.77,0.65,2.1,0.5,-0.32,5526825,9199202,0.214,0.0,0.0,1.652,IND;PAK;BGD;LKA;NPL,True,0.718,0.719,0.752,0.684,0.68,0.935,1.04,0.88,1.04,0.0,1.08,0.0,0.732,0.498,1.0,0.761,15.49,11.209,65.0,64.6,19.51,24.191,0.36,0.112,0.904,0.962,1.2,1.29,0.22,0.001,0.6482,0.7515,0.1033,0.7515,2.4023,0.1003,2.741,2.818,0.0005,0.7823,2.1,0.5,-0.32,2.741,2.818,0.0005,0.7823,0.8229,0.4562,0.0825,0.8935,0.1825,4.02,0.81,metropolitan-heavy,0.041,0.0026,0.9138,0.9188,0.9913,0.7729,0.248,0.5541,64.6,False
USA,USA,Asian (Filipino),immigrant,1.6,1.75,1.6,1.75,1.2,1.56,0.36,1.18,0.38,1.56,-0.0,1.44,1.7,1.44,1.7,0.25,1.35,0.15,-0.21,4145119,5940294,0.214,0.0,0.0,1.652,PHL,True,0.759,0.718,0.88,0.64,0.68,0.915,1.18,0.88,1.126,0.0,1.08,0.0,0.732,0.498,1.0,0.761,15.49,11.209,65.0,64.6,19.51,24.191,0.36,0.112,0.904,0.962,1.2,1.29,0.22,0.001,0.6482,0.7515,0.1033,0.7515,2.4023,0.1003,2.741,2.818,0.0005,0.7823,1.35,0.15,-0.21,2.741,2.818,0.0005,0.7823,0.8229,0.4562,0.0825,0.8935,0.1825,4.02,0.81,metropolitan-heavy,0.041,0.0026,0.9138,0.9188,0.9913,0.7729,0.248,0.5541,64.6,False
USA,USA,Asian (Vietnamese),immigrant,1.5,1.71,1.6,1.75,0.7,0.79,0.09,0.66,0.12,0.79,-0.0,0.75,0.82,0.75,0.82,0.07,0.68,-0.02,-0.11,2417986,2998148,0.214,0.0,0.0,1.652,VNM,True,0.71,0.674,0.84,0.68,0.68,0.884,1.0,0.88,0.991,0.0,1.08,0.0,0.732,0.498,1.0,0.761,15.49,11.209,65.0,64.6,19.51,24.191,0.36,0.112,0.904,0.962,1.2,1.29,0.22,0.001,0.6482,0.7515,0.1033,0.7515,2.4023,0.1003,2.741,2.818,0.0005,0.7823,0.68,-0.02,-0.11,2.741,2.818,0.0005,0.7823,0.8229,0.4562,0.0825,0.8935,0.1825,4.02,0.81,metropolitan-heavy,0.041,0.0026,0.9138,0.9188,0.9913,0.7729,0.248,0.5541,64.6,False
USA,USA,Asian (Korean),immigrant,1.1,1.55,1.6,1.75,0.5,0.44,-0.06,0.41,0.03,0.44,-0.0,0.43,0.44,0.43,0.44,0.01,0.39,-0.11,-0.05,1727133,1669282,0.214,0.0,0.0,1.652,unspecified,True,0.5,0.48,0.56,0.42,0.68,0.869,1.0,0.88,0.855,0.0,1.08,0.0,0.732,0.498,1.0,0.761,15.49,11.209,65.0,64.6,19.51,24.191,0.36,0.112,0.904,0.962,1.2,1.29,0.22,0.001,0.6482,0.7515,0.1033,0.7515,2.4023,0.1003,2.741,2.818,0.0005,0.7823,0.39,-0.11,-0.05,2.741,2.818,0.0005,0.7823,0.8229,0.4562,0.0825,0.8935,0.1825,4.02,0.81,metropolitan-heavy,0.041,0.0026,0.9138,0.9188,0.9913,0.7729,0.248,0.5541,64.6,False
USA,USA,Asian (Japanese),immigrant,1.0,1.51,1.6,1.75,0.3,0.21,-0.09,0.23,-0.02,0.21,-0.0,0.22,0.2,0.2,0.22,0.02,0.19,-0.11,-0.02,1036280,810286,0.214,0.0,0.0,1.652,unspecified,True,0.5,0.48,0.56,0.42,0.68,0.851,1.0,0.88,0.849,0.0,1.08,0.0,0.732,0.498,1.0,0.761,15.49,11.209,65.0,64.6,19.51,24.191,0.36,0.112,0.904,0.962,1.2,1.29,0.22,0.001,0.6482,0.7515,0.1033,0.7515,2.4023,0.1003,2.741,2.818,0.0005,0.7823,0.19,-0.11,-0.02,2.741,2.818,0.0005,0.7823,0.8229,0.4562,0.0825,0.8935,0.1825,4.02,0.81,metropolitan-heavy,0.041,0.0026,0.9138,0.9188,0.9913,0.7729,0.248,0.5541,64.6,False
USA,USA,Asian (Pakistani),immigrant,2.0,1.91,1.6,1.75,0.2,0.31,0.11,0.22,0.09,0.31,-0.0,0.28,0.34,0.28,0.34,0.06,0.26,0.06,-0.05,690853,1174063,0.214,0.0,0.0,1.652,PAK,True,0.769,0.814,0.7,0.74,0.68,0.842,1.0,0.88,1.005,0.0,1.08,0.0,0.732,0.498,1.0,0.761,15.49,11.209,65.0,64.6,19.51,24.191,0.36,0.112,0.904,0.962,1.2,1.29,0.22,0.001,0.6482,0.7515,0.1033,0.7515,2.4023,0.1003,2.741,2.818,0.0005,0.7823,0.26,0.06,-0.05,2.741,2.818,0.0005,0.7823,0.8229,0.4562,0.0825,0.8935,0.1825,4.02,0.81,metropolitan-heavy,0.041,0.0026,0.9138,0.9188,0.9913,0.7729,0.248,0.5541,64.6,False
USA,USA,Asian (Bangladeshi),immigrant,2.1,1.95,1.6,1.75,0.1,0.17,0.07,0.11,0.05,0.17,-0.0,0.15,0.19,0.15,0.19,0.04,0.14,0.04,-0.03,345427,634363,0.214,0.0,0.0,1.652,BGD,True,0.735,0.788,0.68,0.84,0.68,0.831,1.0,0.88,0.98,0.0,1.08,0.0,0.732,0.498,1.0,0.761,15.49,11.209,65.0,64.6,19.51,24.191,0.36,0.112,0.904,0.962,1.2,1.29,0.22,0.001,0.6482,0.7515,0.1033,0.7515,2.4023,0.1003,2.741,2.818,0.0005,0.7823,0.14,0.04,-0.03,2.741,2.818,0.0005,0.7823,0.8229,0.4562,0.0825,0.8935,0.1825,4.02,0.81,metropolitan-heavy,0.041,0.0026,0.9138,0.9188,0.9913,0.7729,0.248,0.5541,64.6,False
USA,USA,Asian (Other),immigrant,1.4,1.67,1.6,1.75,0.5,0.58,0.08,0.46,0.12,0.58,-0.0,0.55,0.62,0.55,0.62,0.08,0.51,0.01,-0.08,1727133,2215373,0.214,0.0,0.0,1.652,unspecified,True,0.5,0.48,0.56,0.42,0.68,0.869,1.0,0.88,0.855,0.0,1.08,0.0,0.732,0.498,1.0,0.761,15.49,11.209,65.0,64.6,19.51,24.191,0.36,0.112,0.904,0.962,1.2,1.29,0.22,0.001,0.6482,0.7515,0.1033,0.7515,2.4023,0.1003,2.741,2.818,0.0005,0.7823,0.51,0.01,-0.08,2.741,2.818,0.0005,0.7823,0.8229,0.4562,0.0825,0.8935,0.1825,4.02,0.81,metropolitan-heavy,0.041,0.0026,0.9138,0.9188,0.9913,0.7729,0.248,0.5541,64.6,False
USA,USA,Middle Eastern / North African,immigrant,2.0,1.91,1.6,1.75,0.5,0.75,0.25,0.56,0.19,0.75,-0.0,0.68,0.82,0.68,0.82,0.13,0.63,0.13,-0.11,1727133,2837730,0.214,0.0,0.0,1.652,unspecified,True,0.5,0.48,0.56,0.42,0.68,0.869,1.0,0.88,0.855,0.0,1.08,0.0,0.732,0.498,1.0,0.761,15.49,11.209,65.0,64.6,19.51,24.191,0.36,0.112,0.904,0.962,1.2,1.29,0.22,0.001,0.6482,0.7515,0.1033,0.7515,2.4023,0.1003,2.741,2.818,0.0005,0.7823,0.63,0.13,-0.11,2.741,2.818,0.0005,0.7823,0.8229,0.4562,0.0825,0.8935,0.1825,4.02,0.81,metropolitan-heavy,0.041,0.0026,0.9138,0.9188,0.9913,0.7729,0.248,0.5541,64.6,False
USA,USA,Multiracial,assimilating,1.6,1.75,1.6,1.75,3.4,6.09,2.69,6.82,-0.73,6.1,-0.01,6.31,5.81,5.81,6.31,0.5,20.09,16.69,14.01,11744503,23179027,0.214,0.0,0.0,1.652,unspecified,False,0.5,0.48,0.56,0.42,0.68,0.998,1.0,0.88,0.9,0.0,1.08,0.0,0.732,0.498,1.0,0.761,15.49,11.209,65.0,64.6,19.51,24.191,0.36,0.112,0.904,0.962,1.2,1.29,0.22,0.001,0.6482,0.7515,0.1033,0.7515,2.4023,0.1003,2.741,2.818,0.0005,0.7823,20.09,16.69,14.01,2.741,2.818,0.0005,0.7823,0.8229,0.4562,0.0825,0.8935,0.1825,4.02,0.81,metropolitan-heavy,0.041,0.0026,0.9138,0.9188,0.9913,0.7729,0.248,0.5541,64.6,False
USA,USA,Native American,high_fertility,1.8,1.83,1.6,1.75,1.1,1.03,-0.07,1.2,-0.16,1.03,-0.0,1.08,0.97,0.97,1.08,0.11,0.87,-0.23,-0.17,3799692,3929599,0.214,0.0,0.0,1.652,unspecified,False,0.5,0.48,0.56,0.42,0.68,0.909,1.0,0.88,0.869,0.0,1.08,0.0,0.732,0.498,1.0,0.761,15.49,11.209,65.0,64.6,19.51,24.191,0.36,0.112,0.904,0.962,1.2,1.29,0.22,0.001,0.6482,0.7515,0.1033,0.7515,2.4023,0.1003,2.741,2.818,0.0005,0.7823,0.87,-0.23,-0.17,2.741,2.818,0.0005,0.7823,0.8229,0.4562,0.0825,0.8935,0.1825,4.02,0.81,metropolitan-heavy,0.041,0.0026,0.9138,0.9188,0.9913,0.7729,0.248,0.5541,64.6,False
USA,USA,Native Hawaiian / Pacific,majority,1.6,1.75,1.6,1.75,0.2,0.17,-0.03,0.2,-0.03,0.17,-0.0,0.18,0.16,0.16,0.18,0.02,0.15,-0.05,-0.03,690853,655043,0.214,0.0,0.0,1.652,unspecified,False,0.5,0.48,0.56,0.42,0.68,0.842,1.0,0.88,0.846,0.0,1.08,0.0,0.732,0.498,1.0,0.761,15.49,11.209,65.0,64.6,19.51,24.191,0.36,0.112,0.904,0.962,1.2,1.29,0.22,0.001,0.6482,0.7515,0.1033,0.7515,2.4023,0.1003,2.741,2.818,0.0005,0.7823,0.15,-0.05,-0.03,2.741,2.818,0.0005,0.7823,0.8229,0.4562,0.0825,0.8935,0.1825,4.02,0.81,metropolitan-heavy,0.041,0.0026,0.9138,0.9188,0.9913,0.7729,0.248,0.5541,64.6,False
USA,USA,Other,assimilating,1.6,1.75,1.6,1.75,0.2,0.17,-0.03,0.2,-0.03,0.17,-0.0,0.18,0.16,0.16,0.18,0.02,0.14,-0.06,-0.02,690853,641202,0.214,0.0,0.0,1.652,unspecified,False,0.5,0.48,0.56,0.42,0.68,0.842,1.0,0.88,0.846,0.0,1.08,0.0,0.732,0.498,1.0,0.761,15.49,11.209,65.0,64.6,19.51,24.191,0.36,0.112,0.904,0.962,1.2,1.29,0.22,0.001,0.6482,0.7515,0.1033,0.7515,2.4023,0.1003,2.741,2.818,0.0005,0.7823,0.14,-0.06,-0.02,2.741,2.818,0.0005,0.7823,0.8229,0.4562,0.0825,0.8935,0.1825,4.02,0.81,metropolitan-heavy,0.041,0.0026,0.9138,0.9188,0.9913,0.7729,0.248,0.5541,64.6,False
UZB,Uzbekistan,Uzbek,majority,3.2,2.71,3.2,2.71,83.8,84.05,0.25,84.05,0.0,84.05,0.0,84.05,84.06,84.05,84.06,0.01,83.97,0.17,-0.08,30471238,43884221,0.0,0.0,0.0,1.25,unspecified,False,0.5,0.48,0.56,0.42,0.454,1.3,1.0,0.78,0.839,0.0,0.0,0.0,0.0,0.0,1.0,0.761,27.759,24.204,65.5,60.54,6.741,15.256,0.251,0.0,1.0,0.865,1.0,1.0,0.0,0.001,0.2919,0.2878,-0.0041,0.2878,0.6784,0.145,1.609,1.659,0.0005,0.2891,83.97,0.17,-0.08,1.609,1.659,0.0005,0.2891,0.7024,0.2753,0.1019,0.7947,0.1747,1.4,0.497,mixed-rural-urban,0.0,0.0862,0.8653,0.8491,0.7677,0.5556,0.2156,0.148,60.54,True
UZB,Uzbekistan,Tajik,majority,3.2,2.71,3.2,2.71,4.8,4.81,0.01,4.81,0.0,4.81,0.0,4.81,4.81,4.81,4.81,0.0,4.81,0.01,-0.0,1745369,2510246,0.0,0.0,0.0,1.25,unspecified,False,0.5,0.48,0.56,0.42,0.454,1.031,1.0,0.78,0.779,0.0,0.0,0.0,0.0,0.0,1.0,0.761,27.759,24.204,65.5,60.54,6.741,15.256,0.251,0.0,1.0,0.865,1.0,1.0,0.0,0.001,0.2919,0.2878,-0.0041,0.2878,0.6784,0.145,1.609,1.659,0.0005,0.2891,4.81,0.01,-0.0,1.609,1.659,0.0005,0.2891,0.7024,0.2753,0.1019,0.7947,0.1747,1.4,0.497,mixed-rural-urban,0.0,0.0862,0.8653,0.8491,0.7677,0.5556,0.2156,0.148,60.54,False
UZB,Uzbekistan,Kazakh,majority,3.2,2.71,3.2,2.71,2.5,2.5,0.0,2.5,0.0,2.5,0.0,2.5,2.5,2.5,2.5,0.0,2.5,0.0,-0.0,909046,1307420,0.0,0.0,0.0,1.25,unspecified,False,0.5,0.48,0.56,0.42,0.454,0.97,1.0,0.78,0.765,0.0,0.0,0.0,0.0,0.0,1.0,0.761,27.759,24.204,65.5,60.54,6.741,15.256,0.251,0.0,1.0,0.865,1.0,1.0,0.0,0.001,0.2919,0.2878,-0.0041,0.2878,0.6784,0.145,1.609,1.659,0.0005,0.2891,2.5,0.0,-0.0,1.609,1.659,0.0005,0.2891,0.7024,0.2753,0.1019,0.7947,0.1747,1.4,0.497,mixed-rural-urban,0.0,0.0862,0.8653,0.8491,0.7677,0.5556,0.2156,0.148,60.54,False
UZB,Uzbekistan,Russian,low_fertility,2.8,2.55,3.2,2.71,2.3,2.09,-0.21,2.09,0.0,2.09,0.0,2.1,2.09,2.09,2.1,0.01,2.12,-0.18,0.02,836323,1093010,0.0,0.0,0.0,1.25,unspecified,False,0.5,0.48,0.56,0.42,0.454,0.963,1.0,0.78,0.764,0.0,0.0,0.0,0.0,0.0,1.0,0.761,27.759,24.204,65.5,60.54,6.741,15.256,0.251,0.0,1.0,0.865,1.0,1.0,0.0,0.001,0.2919,0.2878,-0.0041,0.2878,0.6784,0.145,1.609,1.659,0.0005,0.2891,2.12,-0.18,0.02,1.609,1.659,0.0005,0.2891,0.7024,0.2753,0.1019,0.7947,0.1747,1.4,0.497,mixed-rural-urban,0.0,0.0862,0.8653,0.8491,0.7677,0.5556,0.2156,0.148,60.54,False
UZB,Uzbekistan,Karakalpak,majority,3.2,2.71,3.2,2.71,2.2,2.2,0.0,2.2,0.0,2.2,0.0,2.2,2.2,2.2,2.2,0.0,2.2,0.0,-0.0,799961,1150529,0.0,0.0,0.0,1.25,unspecified,False,0.5,0.48,0.56,0.42,0.454,0.96,1.0,0.78,0.763,0.0,0.0,0.0,0.0,0.0,1.0,0.761,27.759,24.204,65.5,60.54,6.741,15.256,0.251,0.0,1.0,0.865,1.0,1.0,0.0,0.001,0.2919,0.2878,-0.0041,0.2878,0.6784,0.145,1.609,1.659,0.0005,0.2891,2.2,0.0,-0.0,1.609,1.659,0.0005,0.2891,0.7024,0.2753,0.1019,0.7947,0.1747,1.4,0.497,mixed-rural-urban,0.0,0.0862,0.8653,0.8491,0.7677,0.5556,0.2156,0.148,60.54,False
UZB,Uzbekistan,Other,assimilating,3.2,2.71,3.2,2.71,4.4,4.34,-0.06,4.34,0.0,4.34,0.0,4.34,4.34,4.34,4.34,0.0,4.4,0.0,0.06,1599922,2265325,0.0,0.0,0.0,1.25,unspecified,False,0.5,0.48,0.56,0.42,0.454,1.022,1.0,0.78,0.777,0.0,0.0,0.0,0.0,0.0,1.0,0.761,27.759,24.204,65.5,60.54,6.741,15.256,0.251,0.0,1.0,0.865,1.0,1.0,0.0,0.001,0.2919,0.2878,-0.0041,0.2878,0.6784,0.145,1.609,1.659,0.0005,0.2891,4.4,0.0,0.06,1.609,1.659,0.0005,0.2891,0.7024,0.2753,0.1019,0.7947,0.1747,1.4,0.497,mixed-rural-urban,0.0,0.0862,0.8653,0.8491,0.7677,0.5556,0.2156,0.148,60.54,False
VCT,St. Vincent & Grenadines,Black,majority,1.7,1.82,1.7,1.82,66.0,66.6,0.6,66.84,-0.24,66.6,0.0,66.66,66.53,66.53,66.66,0.13,66.22,0.22,-0.39,66416,59242,0.361,0.0,0.0,1.814,unspecified,False,0.5,0.48,0.56,0.42,0.576,1.3,1.0,0.78,0.917,0.0,0.0,0.0,0.0,0.0,1.0,0.761,22.101,20.287,65.0,64.8,12.899,14.914,0.251,0.0,1.0,0.885,1.0,1.126,0.0,0.001,0.5206,0.5139,-0.0067,0.5139,1.3207,0.1332,1.901,1.979,0.0005,0.5179,66.22,0.22,-0.39,1.901,1.979,0.0005,0.5179,0.8087,0.4401,0.1956,0.8314,0.215,2.06,0.55,mixed-rural-urban,0.162,0.0662,0.8492,0.9037,0.8411,0.7758,0.0928,0.1324,64.8,True
VCT,St. Vincent & Grenadines,Mixed,assimilating,1.7,1.82,1.7,1.82,19.0,18.7,-0.3,18.77,-0.07,18.7,0.0,18.72,18.68,18.68,18.72,0.04,18.96,-0.04,0.26,19120,16632,0.361,0.0,0.0,1.814,unspecified,False,0.5,0.48,0.56,0.42,0.576,1.179,1.0,0.78,0.883,0.0,0.0,0.0,0.0,0.0,1.0,0.761,22.101,20.287,65.0,64.8,12.899,14.914,0.251,0.0,1.0,0.885,1.0,1.126,0.0,0.001,0.5206,0.5139,-0.0067,0.5139,1.3207,0.1332,1.901,1.979,0.0005,0.5179,18.96,-0.04,0.26,1.901,1.979,0.0005,0.5179,0.8087,0.4401,0.1956,0.8314,0.215,2.06,0.55,mixed-rural-urban,0.162,0.0662,0.8492,0.9037,0.8411,0.7758,0.0928,0.1324,64.8,False
VCT,St. Vincent & Grenadines,East Indian,majority,1.7,1.82,1.7,1.82,6.0,6.0,-0.0,6.02,-0.02,6.0,0.0,6.0,5.99,5.99,6.0,0.01,5.99,-0.01,-0.0,6038,5335,0.361,0.0,0.0,1.814,IND;PAK;BGD;LKA;NPL,False,0.718,0.719,0.752,0.684,0.576,1.054,1.0,0.78,0.977,0.0,0.0,0.0,0.0,0.0,1.0,0.761,22.101,20.287,65.0,64.8,12.899,14.914,0.251,0.0,1.0,0.885,1.0,1.126,0.0,0.001,0.5206,0.5139,-0.0067,0.5139,1.3207,0.1332,1.901,1.979,0.0005,0.5179,5.99,-0.01,-0.0,1.901,1.979,0.0005,0.5179,0.8087,0.4401,0.1956,0.8314,0.215,2.06,0.55,mixed-rural-urban,0.162,0.0662,0.8492,0.9037,0.8411,0.7758,0.0928,0.1324,64.8,False
VCT,St. Vincent & Grenadines,European,low_fertility,1.3,1.66,1.7,1.82,4.0,3.42,-0.58,3.43,-0.01,3.42,0.0,3.44,3.4,3.4,3.44,0.05,3.48,-0.52,0.06,4025,3042,0.361,0.0,0.0,1.814,unspecified,False,0.5,0.48,0.56,0.42,0.576,1.013,1.0,0.78,0.836,0.0,0.0,0.0,0.0,0.0,1.0,0.761,22.101,20.287,65.0,64.8,12.899,14.914,0.251,0.0,1.0,0.885,1.0,1.126,0.0,0.001,0.5206,0.5139,-0.0067,0.5139,1.3207,0.1332,1.901,1.979,0.0005,0.5179,3.48,-0.52,0.06,1.901,1.979,0.0005,0.5179,0.8087,0.4401,0.1956,0.8314,0.215,2.06,0.55,mixed-rural-urban,0.162,0.0662,0.8492,0.9037,0.8411,0.7758,0.0928,0.1324,64.8,False
VCT,St. Vincent & Grenadines,Other,assimilating,1.7,1.82,1.7,1.82,5.0,5.28,0.28,4.94,0.34,5.28,0.0,5.18,5.41,5.18,5.41,0.23,5.35,0.35,0.07,5032,4698,0.361,0.0,0.0,1.814,unspecified,False,0.5,0.48,0.56,0.42,0.576,1.035,1.0,0.78,0.842,0.0,0.0,0.0,0.0,0.0,1.0,0.761,22.101,20.287,65.0,64.8,12.899,14.914,0.251,0.0,1.0,0.885,1.0,1.126,0.0,0.001,0.5206,0.5139,-0.0067,0.5139,1.3207,0.1332,1.901,1.979,0.0005,0.5179,5.35,0.35,0.07,1.901,1.979,0.0005,0.5179,0.8087,0.4401,0.1956,0.8314,0.215,2.06,0.55,mixed-rural-urban,0.162,0.0662,0.8492,0.9037,0.8411,0.7758,0.0928,0.1324,64.8,False
VEN,Venezuela,Mixed (Mestizo),high_fertility,1.9,2.02,2.1,2.1,50.0,52.95,2.95,52.99,-0.04,52.95,0.0,52.88,53.02,52.88,53.02,0.14,52.66,2.66,-0.29,14202772,16465585,0.0,0.0,0.0,1.25,unspecified,False,0.5,0.48,0.56,0.42,0.454,1.292,1.0,0.78,0.837,0.0,0.0,0.596,0.0,0.0,1.0,0.761,28.337,22.015,64.0,57.6,7.663,20.385,0.251,0.009,0.997,0.821,1.0,1.0,0.0,0.001,0.5718,0.5759,0.0041,0.5759,1.4133,0.1502,1.96,2.05,0.0005,0.5757,52.66,2.66,-0.29,1.96,2.05,0.0005,0.5757,0.6638,0.297,0.114,0.7556,0.22,2.36,0.55,mixed-rural-urban,0.0,0.0052,0.8104,0.696,0.6459,0.601,0.3204,0.3811,57.6,True
VEN,Venezuela,White (European descent),low_fertility,1.5,1.86,2.1,2.1,42.0,37.56,-4.44,37.58,-0.03,37.56,0.0,37.71,37.4,37.4,37.71,0.32,38.0,-4.0,0.45,11930328,11677832,0.0,0.0,0.0,1.25,unspecified,False,0.5,0.48,0.56,0.42,0.454,1.271,1.0,0.78,0.832,0.0,0.0,0.596,0.0,0.0,1.0,0.761,28.337,22.015,64.0,57.6,7.663,20.385,0.251,0.009,0.997,0.821,1.0,1.0,0.0,0.001,0.5718,0.5759,0.0041,0.5759,1.4133,0.1502,1.96,2.05,0.0005,0.5757,38.0,-4.0,0.45,1.96,2.05,0.0005,0.5757,0.6638,0.297,0.114,0.7556,0.22,2.36,0.55,mixed-rural-urban,0.0,0.0052,0.8104,0.696,0.6459,0.601,0.3204,0.3811,57.6,False
VEN,Venezuela,Black,majority,2.1,2.1,2.1,2.1,2.8,3.06,0.26,3.06,-0.0,3.06,0.0,3.05,3.07,3.05,3.07,0.02,3.02,0.22,-0.04,795355,951066,0.0,0.0,0.0,1.25,unspecified,False,0.5,0.48,0.56,0.42,0.454,0.98,1.0,0.78,0.768,0.0,0.0,0.596,0.0,0.0,1.0,0.761,28.337,22.015,64.0,57.6,7.663,20.385,0.251,0.009,0.997,0.821,1.0,1.0,0.0,0.001,0.5718,0.5759,0.0041,0.5759,1.4133,0.1502,1.96,2.05,0.0005,0.5757,3.02,0.22,-0.04,1.96,2.05,0.0005,0.5757,0.6638,0.297,0.114,0.7556,0.22,2.36,0.55,mixed-rural-urban,0.0,0.0052,0.8104,0.696,0.6459,0.601,0.3204,0.3811,57.6,False
VEN,Venezuela,Indigenous (Wayuu/Warao),high_fertility,2.95,2.44,2.1,2.1,2.6,3.56,0.96,3.56,-0.0,3.56,0.0,3.52,3.6,3.52,3.6,0.08,3.43,0.83,-0.13,738544,1107192,0.0,0.0,0.0,1.25,unspecified,False,0.5,0.48,0.56,0.42,0.454,0.974,1.0,0.78,0.766,0.0,0.0,0.596,0.0,0.0,1.0,0.761,28.337,22.015,64.0,57.6,7.663,20.385,0.251,0.009,0.997,0.821,1.0,1.0,0.0,0.001,0.5718,0.5759,0.0041,0.5759,1.4133,0.1502,1.96,2.05,0.0005,0.5757,3.43,0.83,-0.13,1.96,2.05,0.0005,0.5757,0.6638,0.297,0.114,0.7556,0.22,2.36,0.55,mixed-rural-urban,0.0,0.0052,0.8104,0.696,0.6459,0.601,0.3204,0.3811,57.6,False
VEN,Venezuela,Colombian migrant,immigrant,2.1,2.1,2.1,2.1,0.8,0.94,0.14,0.86,0.07,0.94,0.0,0.91,0.97,0.91,0.97,0.06,0.94,0.14,0.0,227244,291307,0.0,0.0,0.0,1.25,COL,True,0.632,0.586,0.78,0.6,0.454,0.891,1.0,0.78,0.8,0.0,0.0,0.596,0.0,0.0,1.0,0.761,28.337,22.015,64.0,57.6,7.663,20.385,0.251,0.009,0.997,0.821,1.0,1.0,0.0,0.001,0.5718,0.5759,0.0041,0.5759,1.4133,0.1502,1.96,2.05,0.0005,0.5757,0.94,0.14,0.0,1.96,2.05,0.0005,0.5757,0.6638,0.297,0.114,0.7556,0.22,2.36,0.55,mixed-rural-urban,0.0,0.0052,0.8104,0.696,0.6459,0.601,0.3204,0.3811,57.6,False
VEN,Venezuela,Other,assimilating,2.1,2.1,2.1,2.1,1.8,1.94,0.14,1.94,-0.0,1.94,0.0,1.93,1.94,1.93,1.94,0.01,1.94,0.14,0.0,511300,601905,0.0,0.0,0.0,1.25,unspecified,False,0.5,0.48,0.56,0.42,0.454,0.944,1.0,0.78,0.759,0.0,0.0,0.596,0.0,0.0,1.0,0.761,28.337,22.015,64.0,57.6,7.663,20.385,0.251,0.009,0.997,0.821,1.0,1.0,0.0,0.001,0.5718,0.5759,0.0041,0.5759,1.4133,0.1502,1.96,2.05,0.0005,0.5757,1.94,0.14,0.0,1.96,2.05,0.0005,0.5757,0.6638,0.297,0.114,0.7556,0.22,2.36,0.55,mixed-rural-urban,0.0,0.0052,0.8104,0.696,0.6459,0.601,0.3204,0.3811,57.6,False
VNM,Vietnam,Kinh (Viet),majority,1.9,1.96,1.9,1.96,85.3,84.32,-0.98,84.32,0.0,84.32,0.0,84.36,84.29,84.29,84.36,0.07,84.36,-0.94,0.04,86142495,92763931,0.086,0.0,0.0,1.384,unspecified,False,0.5,0.48,0.56,0.42,0.483,1.3,1.0,0.78,0.857,0.56,0.0,0.674,0.0,0.0,1.0,0.761,20.944,14.297,69.5,63.02,9.556,22.683,0.251,0.0,1.0,0.871,1.0,1.03,0.0,0.001,0.2686,0.2849,0.0163,0.2849,0.6782,0.1634,1.608,1.626,0.0005,0.2842,84.36,-0.94,0.04,1.608,1.626,0.0005,0.2842,0.7064,0.3327,0.2082,0.8075,0.1793,1.4,0.544,mixed-rural-urban,0.039,0.0831,0.8908,0.8348,0.8232,0.5739,0.2511,0.4856,63.02,True
VNM,Vietnam,Tay,high_fertility,2.25,2.1,1.9,1.96,1.9,2.11,0.21,2.11,0.0,2.11,0.0,2.11,2.12,2.11,2.12,0.01,2.09,0.19,-0.02,1918766,2324813,0.086,0.0,0.0,1.384,unspecified,False,0.5,0.48,0.56,0.42,0.483,0.948,1.0,0.78,0.774,0.56,0.0,0.674,0.0,0.0,1.0,0.761,20.944,14.297,69.5,63.02,9.556,22.683,0.251,0.0,1.0,0.871,1.0,1.03,0.0,0.001,0.2686,0.2849,0.0163,0.2849,0.6782,0.1634,1.608,1.626,0.0005,0.2842,2.09,0.19,-0.02,1.608,1.626,0.0005,0.2842,0.7064,0.3327,0.2082,0.8075,0.1793,1.4,0.544,mixed-rural-urban,0.039,0.0831,0.8908,0.8348,0.8232,0.5739,0.2511,0.4856,63.02,False
VNM,Vietnam,Thai,high_fertility,2.25,2.1,1.9,1.96,1.9,2.11,0.21,2.11,0.0,2.11,0.0,2.11,2.12,2.11,2.12,0.01,2.09,0.19,-0.02,1918766,2324813,0.086,0.0,0.0,1.384,unspecified,False,0.5,0.48,0.56,0.42,0.483,0.948,1.0,0.78,0.774,0.56,0.0,0.674,0.0,0.0,1.0,0.761,20.944,14.297,69.5,63.02,9.556,22.683,0.251,0.0,1.0,0.871,1.0,1.03,0.0,0.001,0.2686,0.2849,0.0163,0.2849,0.6782,0.1634,1.608,1.626,0.0005,0.2842,2.09,0.19,-0.02,1.608,1.626,0.0005,0.2842,0.7064,0.3327,0.2082,0.8075,0.1793,1.4,0.544,mixed-rural-urban,0.039,0.0831,0.8908,0.8348,0.8232,0.5739,0.2511,0.4856,63.02,False
VNM,Vietnam,Muong,high_fertility,2.25,2.1,1.9,1.96,1.5,1.67,0.17,1.67,0.0,1.67,0.0,1.66,1.67,1.66,1.67,0.01,1.65,0.15,-0.02,1514815,1835379,0.086,0.0,0.0,1.384,unspecified,False,0.5,0.48,0.56,0.42,0.483,0.93,1.0,0.78,0.77,0.56,0.0,0.674,0.0,0.0,1.0,0.761,20.944,14.297,69.5,63.02,9.556,22.683,0.251,0.0,1.0,0.871,1.0,1.03,0.0,0.001,0.2686,0.2849,0.0163,0.2849,0.6782,0.1634,1.608,1.626,0.0005,0.2842,1.65,0.15,-0.02,1.608,1.626,0.0005,0.2842,0.7064,0.3327,0.2082,0.8075,0.1793,1.4,0.544,mixed-rural-urban,0.039,0.0831,0.8908,0.8348,0.8232,0.5739,0.2511,0.4856,63.02,False
VNM,Vietnam,Khmer Krom,high_fertility,2.25,2.1,1.9,1.96,1.4,1.56,0.16,1.56,0.0,1.56,0.0,1.55,1.56,1.55,1.56,0.01,1.54,0.14,-0.02,1413828,1713020,0.086,0.0,0.0,1.384,unspecified,False,0.5,0.48,0.56,0.42,0.483,0.925,1.0,0.78,0.768,0.56,0.0,0.674,0.0,0.0,1.0,0.761,20.944,14.297,69.5,63.02,9.556,22.683,0.251,0.0,1.0,0.871,1.0,1.03,0.0,0.001,0.2686,0.2849,0.0163,0.2849,0.6782,0.1634,1.608,1.626,0.0005,0.2842,1.54,0.14,-0.02,1.608,1.626,0.0005,0.2842,0.7064,0.3327,0.2082,0.8075,0.1793,1.4,0.544,mixed-rural-urban,0.039,0.0831,0.8908,0.8348,0.8232,0.5739,0.2511,0.4856,63.02,False
VNM,Vietnam,Hmong,high_fertility,2.25,2.1,1.9,1.96,1.4,1.56,0.16,1.56,0.0,1.56,0.0,1.55,1.56,1.55,1.56,0.01,1.54,0.14,-0.02,1413828,1713020,0.086,0.0,0.0,1.384,unspecified,False,0.5,0.48,0.56,0.42,0.483,0.925,1.0,0.78,0.768,0.56,0.0,0.674,0.0,0.0,1.0,0.761,20.944,14.297,69.5,63.02,9.556,22.683,0.251,0.0,1.0,0.871,1.0,1.03,0.0,0.001,0.2686,0.2849,0.0163,0.2849,0.6782,0.1634,1.608,1.626,0.0005,0.2842,1.54,0.14,-0.02,1.608,1.626,0.0005,0.2842,0.7064,0.3327,0.2082,0.8075,0.1793,1.4,0.544,mixed-rural-urban,0.039,0.0831,0.8908,0.8348,0.8232,0.5739,0.2511,0.4856,63.02,False
VNM,Vietnam,Nung,high_fertility,2.25,2.1,1.9,1.96,1.0,1.11,0.11,1.11,0.0,1.11,0.0,1.11,1.12,1.11,1.12,0.01,1.1,0.1,-0.01,1009877,1223586,0.086,0.0,0.0,1.384,unspecified,False,0.5,0.48,0.56,0.42,0.483,0.903,1.0,0.78,0.763,0.56,0.0,0.674,0.0,0.0,1.0,0.761,20.944,14.297,69.5,63.02,9.556,22.683,0.251,0.0,1.0,0.871,1.0,1.03,0.0,0.001,0.2686,0.2849,0.0163,0.2849,0.6782,0.1634,1.608,1.626,0.0005,0.2842,1.1,0.1,-0.01,1.608,1.626,0.0005,0.2842,0.7064,0.3327,0.2082,0.8075,0.1793,1.4,0.544,mixed-rural-urban,0.039,0.0831,0.8908,0.8348,0.8232,0.5739,0.2511,0.4856,63.02,False
VNM,Vietnam,Dao,high_fertility,2.25,2.1,1.9,1.96,0.8,0.89,0.09,0.89,0.0,0.89,0.0,0.89,0.89,0.89,0.89,0.01,0.88,0.08,-0.01,807901,978869,0.086,0.0,0.0,1.384,unspecified,False,0.5,0.48,0.56,0.42,0.483,0.891,1.0,0.78,0.76,0.56,0.0,0.674,0.0,0.0,1.0,0.761,20.944,14.297,69.5,63.02,9.556,22.683,0.251,0.0,1.0,0.871,1.0,1.03,0.0,0.001,0.2686,0.2849,0.0163,0.2849,0.6782,0.1634,1.608,1.626,0.0005,0.2842,0.88,0.08,-0.01,1.608,1.626,0.0005,0.2842,0.7064,0.3327,0.2082,0.8075,0.1793,1.4,0.544,mixed-rural-urban,0.039,0.0831,0.8908,0.8348,0.8232,0.5739,0.2511,0.4856,63.02,False
VNM,Vietnam,Other,assimilating,1.9,1.96,1.9,1.96,4.8,4.66,-0.14,4.66,0.0,4.66,0.0,4.67,4.66,4.66,4.67,0.0,4.74,-0.06,0.07,4847409,5131479,0.086,0.0,0.0,1.384,unspecified,False,0.5,0.48,0.56,0.42,0.483,1.031,1.0,0.78,0.793,0.56,0.0,0.674,0.0,0.0,1.0,0.761,20.944,14.297,69.5,63.02,9.556,22.683,0.251,0.0,1.0,0.871,1.0,1.03,0.0,0.001,0.2686,0.2849,0.0163,0.2849,0.6782,0.1634,1.608,1.626,0.0005,0.2842,4.74,-0.06,0.07,1.608,1.626,0.0005,0.2842,0.7064,0.3327,0.2082,0.8075,0.1793,1.4,0.544,mixed-rural-urban,0.039,0.0831,0.8908,0.8348,0.8232,0.5739,0.2511,0.4856,63.02,False
VUT,Vanuatu,Ni-Vanuatu,majority,3.6,2.93,3.6,2.93,97.6,97.46,-0.14,97.65,-0.19,97.46,0.0,97.52,97.39,97.39,97.52,0.13,97.43,-0.17,-0.04,319919,520830,0.0,0.0,0.0,1.25,unspecified,False,0.5,0.48,0.56,0.42,0.454,1.3,1.0,0.78,0.839,0.0,0.0,0.0,0.0,0.0,1.0,0.761,35.252,35.15,61.5,56.7,3.248,8.15,0.251,0.025,0.984,0.822,1.0,1.0,0.0,0.001,0.0468,0.0495,0.0026,0.0495,0.0989,0.1878,1.356,1.316,0.0005,0.0502,97.43,-0.17,-0.04,1.356,1.316,0.0005,0.0502,0.5986,0.297,0.1148,0.728,0.2285,1.05,0.55,mixed-rural-urban,0.0,0.1148,0.8722,0.7065,0.6465,0.4702,0.394,0.0,56.7,True
VUT,Vanuatu,Other (incl. Asian/European),immigrant,3.6,2.93,3.6,2.93,2.4,2.54,0.14,2.35,0.19,2.54,0.0,2.48,2.61,2.48,2.61,0.13,2.57,0.17,0.04,7867,13561,0.0,0.0,0.0,1.25,unspecified,True,0.5,0.48,0.56,0.42,0.454,0.967,1.0,0.78,0.765,0.0,0.0,0.0,0.0,0.0,1.0,0.761,35.252,35.15,61.5,56.7,3.248,8.15,0.251,0.025,0.984,0.822,1.0,1.0,0.0,0.001,0.0468,0.0495,0.0026,0.0495,0.0989,0.1878,1.356,1.316,0.0005,0.0502,2.57,0.17,0.04,1.356,1.316,0.0005,0.0502,0.5986,0.297,0.1148,0.728,0.2285,1.05,0.55,mixed-rural-urban,0.0,0.1148,0.8722,0.7065,0.6465,0.4702,0.394,0.0,56.7,False
WSM,Samoa,Samoan,majority,3.7,2.98,3.7,2.98,96.0,95.76,-0.24,96.08,-0.32,95.76,0.0,95.86,95.65,95.65,95.86,0.21,95.7,-0.3,-0.06,209310,261171,0.0,0.0,0.0,1.25,unspecified,False,0.5,0.48,0.56,0.42,0.454,1.3,1.0,0.78,0.839,0.0,0.0,0.0,0.0,0.0,1.0,0.761,32.959,31.701,63.5,57.5,3.541,10.799,0.251,0.042,0.964,0.858,1.0,1.0,0.0,0.001,0.0768,0.0812,0.0044,0.0812,0.1623,0.1564,1.391,1.358,0.0005,0.0823,95.7,-0.3,-0.06,1.391,1.358,0.0005,0.0823,0.6843,0.297,0.1147,0.7822,0.1921,1.09,0.55,mixed-rural-urban,0.0,0.1054,0.8745,0.8437,0.7295,0.5761,0.3263,0.0,57.5,True
WSM,Samoa,Other,immigrant,3.7,2.98,3.7,2.98,4.0,4.24,0.24,3.92,0.32,4.24,0.0,4.14,4.35,4.14,4.35,0.21,4.3,0.3,0.06,8721,11557,0.0,0.0,0.0,1.25,unspecified,True,0.5,0.48,0.56,0.42,0.454,1.013,1.0,0.78,0.775,0.0,0.0,0.0,0.0,0.0,1.0,0.761,32.959,31.701,63.5,57.5,3.541,10.799,0.251,0.042,0.964,0.858,1.0,1.0,0.0,0.001,0.0768,0.0812,0.0044,0.0812,0.1623,0.1564,1.391,1.358,0.0005,0.0823,4.3,0.3,0.06,1.391,1.358,0.0005,0.0823,0.6843,0.297,0.1147,0.7822,0.1921,1.09,0.55,mixed-rural-urban,0.0,0.1054,0.8745,0.8437,0.7295,0.5761,0.3263,0.0,57.5,False
YEM,Yemen,Arab (Zaydi/Shafi'i),high_fertility,4.55,3.34,3.8,3.04,90.0,90.74,0.74,90.84,-0.1,90.74,0.0,90.75,90.73,90.73,90.75,0.01,90.63,0.63,-0.12,36524856,64405804,0.0,0.0,0.0,1.25,unspecified,False,0.5,0.48,0.56,0.42,0.454,1.3,1.0,0.78,0.839,0.0,0.0,0.0,0.0,0.0,1.0,0.761,42.77,44.049,55.0,50.84,2.23,5.111,0.251,0.014,0.994,0.747,1.0,1.0,0.0,0.001,0.1879,0.1748,-0.0131,0.1748,0.3874,0.2621,1.519,1.513,0.0005,0.1769,90.63,0.63,-0.12,1.519,1.513,0.0005,0.1769,0.4293,0.297,0.1146,0.642,0.2802,1.21,0.55,mixed-rural-urban,0.0,0.067,0.7974,0.4771,0.4071,0.2558,0.6202,0.0,50.84,True
YEM,Yemen,Mahra/Socotri,majority,3.8,3.04,3.8,3.04,2.0,1.76,-0.24,1.76,-0.0,1.76,0.0,1.76,1.75,1.75,1.76,0.02,1.78,-0.22,0.02,811663,1246211,0.0,0.0,0.0,1.25,unspecified,False,0.5,0.48,0.56,0.42,0.454,0.952,1.0,0.78,0.761,0.0,0.0,0.0,0.0,0.0,1.0,0.761,42.77,44.049,55.0,50.84,2.23,5.111,0.251,0.014,0.994,0.747,1.0,1.0,0.0,0.001,0.1879,0.1748,-0.0131,0.1748,0.3874,0.2621,1.519,1.513,0.0005,0.1769,1.78,-0.22,0.02,1.519,1.513,0.0005,0.1769,0.4293,0.297,0.1146,0.642,0.2802,1.21,0.55,mixed-rural-urban,0.0,0.067,0.7974,0.4771,0.4071,0.2558,0.6202,0.0,50.84,False
YEM,Yemen,Somali (refugee/descendant),high_fertility,4.55,3.34,3.8,3.04,2.0,2.01,0.01,2.02,-0.0,2.01,0.0,2.01,2.01,2.01,2.01,0.0,2.01,0.01,-0.0,811663,1429896,0.0,0.0,0.0,1.25,SOM;ETH;KEN,False,0.717,0.799,0.567,0.747,0.454,0.952,1.0,0.78,0.853,0.0,0.0,0.0,0.0,0.0,1.0,0.761,42.77,44.049,55.0,50.84,2.23,5.111,0.251,0.014,0.994,0.747,1.0,1.0,0.0,0.001,0.1879,0.1748,-0.0131,0.1748,0.3874,0.2621,1.519,1.513,0.0005,0.1769,2.01,0.01,-0.0,1.519,1.513,0.0005,0.1769,0.4293,0.297,0.1146,0.642,0.2802,1.21,0.55,mixed-rural-urban,0.0,0.067,0.7974,0.4771,0.4071,0.2558,0.6202,0.0,50.84,False
YEM,Yemen,Ethiopian/Eritrean migrant,immigrant,3.8,3.04,3.8,3.04,1.5,1.39,-0.11,1.29,0.11,1.39,0.0,1.37,1.43,1.37,1.43,0.06,1.43,-0.07,0.04,608748,989825,0.0,0.0,0.0,1.25,ETH,True,0.71,0.81,0.52,0.76,0.454,0.93,1.0,0.78,0.843,0.0,0.0,0.0,0.0,0.0,1.0,0.761,42.77,44.049,55.0,50.84,2.23,5.111,0.251,0.014,0.994,0.747,1.0,1.0,0.0,0.001,0.1879,0.1748,-0.0131,0.1748,0.3874,0.2621,1.519,1.513,0.0005,0.1769,1.43,-0.07,0.04,1.519,1.513,0.0005,0.1769,0.4293,0.297,0.1146,0.642,0.2802,1.21,0.55,mixed-rural-urban,0.0,0.067,0.7974,0.4771,0.4071,0.2558,0.6202,0.0,50.84,False
YEM,Yemen,Akdam (muwalladeen),high_fertility,4.15,3.18,3.8,3.04,2.5,2.37,-0.13,2.37,-0.0,2.37,0.0,2.38,2.36,2.36,2.38,0.01,2.38,-0.12,0.01,1014579,1681885,0.0,0.0,0.0,1.25,unspecified,False,0.5,0.48,0.56,0.42,0.454,0.97,1.0,0.78,0.765,0.0,0.0,0.0,0.0,0.0,1.0,0.761,42.77,44.049,55.0,50.84,2.23,5.111,0.251,0.014,0.994,0.747,1.0,1.0,0.0,0.001,0.1879,0.1748,-0.0131,0.1748,0.3874,0.2621,1.519,1.513,0.0005,0.1769,2.38,-0.12,0.01,1.519,1.513,0.0005,0.1769,0.4293,0.297,0.1146,0.642,0.2802,1.21,0.55,mixed-rural-urban,0.0,0.067,0.7974,0.4771,0.4071,0.2558,0.6202,0.0,50.84,False
YEM,Yemen,Other,assimilating,3.8,3.04,3.8,3.04,2.0,1.72,-0.28,1.72,-0.0,1.72,0.0,1.73,1.71,1.71,1.73,0.02,1.77,-0.23,0.05,811663,1222785,0.0,0.0,0.0,1.25,unspecified,False,0.5,0.48,0.56,0.42,0.454,0.952,1.0,0.78,0.761,0.0,0.0,0.0,0.0,0.0,1.0,0.761,42.77,44.049,55.0,50.84,2.23,5.111,0.251,0.014,0.994,0.747,1.0,1.0,0.0,0.001,0.1879,0.1748,-0.0131,0.1748,0.3874,0.2621,1.519,1.513,0.0005,0.1769,1.77,-0.23,0.05,1.519,1.513,0.0005,0.1769,0.4293,0.297,0.1146,0.642,0.2802,1.21,0.55,mixed-rural-urban,0.0,0.067,0.7974,0.4771,0.4071,0.2558,0.6202,0.0,50.84,False
ZAF,South Africa,Zulu,majority,2.4,2.22,2.4,2.22,22.5,22.76,0.26,22.76,0.0,22.76,0.0,22.75,22.76,22.75,22.76,0.02,22.73,0.23,-0.03,14401617,18017180,0.0,0.0,0.0,1.25,unspecified,False,0.5,0.48,0.56,0.42,0.454,1.199,1.0,0.78,0.816,0.0,0.0,0.0,0.0,0.0,1.0,0.761,27.991,23.399,65.0,59.4,7.009,17.201,0.251,0.0,1.0,0.872,1.0,1.0,0.0,0.001,0.7292,0.7239,-0.0054,0.7239,2.1846,0.1214,2.212,2.271,0.0005,0.7245,22.73,0.23,-0.03,2.212,2.271,0.0005,0.7245,0.7471,0.3379,0.0892,0.8205,0.1757,3.62,0.678,urbanizing-majority,0.0,0.0737,0.7855,0.8563,0.804,0.6697,0.2507,0.2364,59.4,False
ZAF,South Africa,Xhosa,majority,2.4,2.22,2.4,2.22,16.0,16.18,0.18,16.18,0.0,16.18,0.0,16.17,16.19,16.17,16.19,0.01,16.16,0.16,-0.02,10241150,12812217,0.0,0.0,0.0,1.25,unspecified,False,0.5,0.48,0.56,0.42,0.454,1.16,1.0,0.78,0.807,0.0,0.0,0.0,0.0,0.0,1.0,0.761,27.991,23.399,65.0,59.4,7.009,17.201,0.251,0.0,1.0,0.872,1.0,1.0,0.0,0.001,0.7292,0.7239,-0.0054,0.7239,2.1846,0.1214,2.212,2.271,0.0005,0.7245,16.16,0.16,-0.02,2.212,2.271,0.0005,0.7245,0.7471,0.3379,0.0892,0.8205,0.1757,3.62,0.678,urbanizing-majority,0.0,0.0737,0.7855,0.8563,0.804,0.6697,0.2507,0.2364,59.4,False
ZAF,South Africa,Other Black African (Sotho/Pedi/Tswana/Venda/Tsonga),majority,2.4,2.22,2.4,2.22,42.9,43.4,0.5,43.4,0.0,43.4,0.0,43.38,43.42,43.38,43.42,0.04,43.34,0.44,-0.06,27459083,34361039,0.0,0.0,0.0,1.25,NGA;GHA;KEN;UGA;TZA;ETH;SEN;CIV;CMR;COD,False,0.732,0.782,0.634,0.652,0.454,1.274,1.0,0.78,0.964,0.0,0.0,0.0,0.0,0.0,1.0,0.761,27.991,23.399,65.0,59.4,7.009,17.201,0.251,0.0,1.0,0.872,1.0,1.0,0.0,0.001,0.7292,0.7239,-0.0054,0.7239,2.1846,0.1214,2.212,2.271,0.0005,0.7245,43.34,0.44,-0.06,2.212,2.271,0.0005,0.7245,0.7471,0.3379,0.0892,0.8205,0.1757,3.62,0.678,urbanizing-majority,0.0,0.0737,0.7855,0.8563,0.804,0.6697,0.2507,0.2364,59.4,True
ZAF,South Africa,Colored (Mixed),majority,2.4,2.22,2.4,2.22,8.2,8.29,0.09,8.29,0.0,8.29,0.0,8.29,8.3,8.29,8.3,0.01,8.28,0.08,-0.01,5248589,6566261,0.0,0.0,0.0,1.25,unspecified,False,0.5,0.48,0.56,0.42,0.454,1.086,1.0,0.78,0.791,0.0,0.0,0.0,0.0,0.0,1.0,0.761,27.991,23.399,65.0,59.4,7.009,17.201,0.251,0.0,1.0,0.872,1.0,1.0,0.0,0.001,0.7292,0.7239,-0.0054,0.7239,2.1846,0.1214,2.212,2.271,0.0005,0.7245,8.28,0.08,-0.01,2.212,2.271,0.0005,0.7245,0.7471,0.3379,0.0892,0.8205,0.1757,3.62,0.678,urbanizing-majority,0.0,0.0737,0.7855,0.8563,0.804,0.6697,0.2507,0.2364,59.4,False
ZAF,South Africa,White (Afrikaner),low_fertility,1.8,1.98,2.4,2.22,5.0,4.24,-0.76,4.24,0.0,4.24,0.0,4.27,4.21,4.21,4.27,0.06,4.33,-0.67,0.09,3200359,3354533,0.0,0.0,0.0,1.25,unspecified,False,0.5,0.48,0.56,0.42,0.454,1.035,1.0,0.78,0.78,0.0,0.0,0.0,0.0,0.0,1.0,0.761,27.991,23.399,65.0,59.4,7.009,17.201,0.251,0.0,1.0,0.872,1.0,1.0,0.0,0.001,0.7292,0.7239,-0.0054,0.7239,2.1846,0.1214,2.212,2.271,0.0005,0.7245,4.33,-0.67,0.09,2.212,2.271,0.0005,0.7245,0.7471,0.3379,0.0892,0.8205,0.1757,3.62,0.678,urbanizing-majority,0.0,0.0737,0.7855,0.8563,0.804,0.6697,0.2507,0.2364,59.4,False
ZAF,South Africa,White (English-speaking),low_fertility,1.9,2.02,2.4,2.22,2.3,2.01,-0.29,2.01,0.0,2.01,0.0,2.02,2.0,2.0,2.02,0.02,2.04,-0.26,0.03,1472165,1588709,0.0,0.0,0.0,1.25,unspecified,False,0.5,0.48,0.56,0.42,0.454,0.963,1.0,0.78,0.764,0.0,0.0,0.0,0.0,0.0,1.0,0.761,27.991,23.399,65.0,59.4,7.009,17.201,0.251,0.0,1.0,0.872,1.0,1.0,0.0,0.001,0.7292,0.7239,-0.0054,0.7239,2.1846,0.1214,2.212,2.271,0.0005,0.7245,2.04,-0.26,0.03,2.212,2.271,0.0005,0.7245,0.7471,0.3379,0.0892,0.8205,0.1757,3.62,0.678,urbanizing-majority,0.0,0.0737,0.7855,0.8563,0.804,0.6697,0.2507,0.2364,59.4,False
ZAF,South Africa,Indian/Asian,majority,2.4,2.22,2.4,2.22,2.7,2.73,0.03,2.73,0.0,2.73,0.0,2.73,2.73,2.73,2.73,0.0,2.73,0.03,-0.0,1728194,2162062,0.0,0.0,0.0,1.25,IND;PAK;BGD;LKA;NPL,False,0.718,0.719,0.752,0.684,0.454,0.977,1.0,0.78,0.862,0.0,0.0,0.0,0.0,0.0,1.0,0.761,27.991,23.399,65.0,59.4,7.009,17.201,0.251,0.0,1.0,0.872,1.0,1.0,0.0,0.001,0.7292,0.7239,-0.0054,0.7239,2.1846,0.1214,2.212,2.271,0.0005,0.7245,2.73,0.03,-0.0,2.212,2.271,0.0005,0.7245,0.7471,0.3379,0.0892,0.8205,0.1757,3.62,0.678,urbanizing-majority,0.0,0.0737,0.7855,0.8563,0.804,0.6697,0.2507,0.2364,59.4,False
ZAF,South Africa,Other,assimilating,2.4,2.22,2.4,2.22,0.4,0.4,-0.0,0.4,0.0,0.4,0.0,0.4,0.4,0.4,0.4,0.0,0.4,0.0,0.01,256029,315331,0.0,0.0,0.0,1.25,unspecified,False,0.5,0.48,0.56,0.42,0.454,0.86,1.0,0.78,0.741,0.0,0.0,0.0,0.0,0.0,1.0,0.761,27.991,23.399,65.0,59.4,7.009,17.201,0.251,0.0,1.0,0.872,1.0,1.0,0.0,0.001,0.7292,0.7239,-0.0054,0.7239,2.1846,0.1214,2.212,2.271,0.0005,0.7245,0.4,0.0,0.01,2.212,2.271,0.0005,0.7245,0.7471,0.3379,0.0892,0.8205,0.1757,3.62,0.678,urbanizing-majority,0.0,0.0737,0.7855,0.8563,0.804,0.6697,0.2507,0.2364,59.4,False
ZMB,Zambia,Bemba,majority,4.0,3.15,4.0,3.15,21.0,20.96,-0.04,20.96,0.0,20.96,0.0,20.96,20.96,20.96,20.96,0.0,20.96,-0.04,0.0,4476142,7982127,0.0,0.0,0.0,1.25,unspecified,False,0.5,0.48,0.56,0.42,0.454,1.191,1.0,0.78,0.814,0.58,0.0,0.771,0.0,0.0,1.0,0.761,42.358,28.816,55.5,50.0,2.142,21.184,0.251,0.0,1.0,0.805,1.0,1.0,0.0,0.001,0.8417,0.8412,-0.0005,0.8412,2.8687,0.2462,2.217,2.428,0.0005,0.8412,20.96,-0.04,0.0,2.217,2.428,0.0005,0.8412,0.4999,0.2668,0.1946,0.6917,0.2375,6.3,0.453,mixed-rural-urban,0.0,0.0691,0.7579,0.6423,0.6016,0.3182,0.5633,0.4175,50.0,False
ZMB,Zambia,Tonga,majority,4.0,3.15,4.0,3.15,13.6,13.57,-0.03,13.57,0.0,13.57,0.0,13.57,13.57,13.57,13.57,0.0,13.57,-0.03,0.0,2898835,5169377,0.0,0.0,0.0,1.25,unspecified,False,0.5,0.48,0.56,0.42,0.454,1.142,1.0,0.78,0.803,0.58,0.0,0.771,0.0,0.0,1.0,0.761,42.358,28.816,55.5,50.0,2.142,21.184,0.251,0.0,1.0,0.805,1.0,1.0,0.0,0.001,0.8417,0.8412,-0.0005,0.8412,2.8687,0.2462,2.217,2.428,0.0005,0.8412,13.57,-0.03,0.0,2.217,2.428,0.0005,0.8412,0.4999,0.2668,0.1946,0.6917,0.2375,6.3,0.453,mixed-rural-urban,0.0,0.0691,0.7579,0.6423,0.6016,0.3182,0.5633,0.4175,50.0,False
ZMB,Zambia,Chewa,majority,4.0,3.15,4.0,3.15,7.4,7.39,-0.01,7.39,0.0,7.39,0.0,7.39,7.39,7.39,7.39,0.0,7.39,-0.01,0.0,1577307,2812749,0.0,0.0,0.0,1.25,unspecified,False,0.5,0.48,0.56,0.42,0.454,1.075,1.0,0.78,0.789,0.58,0.0,0.771,0.0,0.0,1.0,0.761,42.358,28.816,55.5,50.0,2.142,21.184,0.251,0.0,1.0,0.805,1.0,1.0,0.0,0.001,0.8417,0.8412,-0.0005,0.8412,2.8687,0.2462,2.217,2.428,0.0005,0.8412,7.39,-0.01,0.0,2.217,2.428,0.0005,0.8412,0.4999,0.2668,0.1946,0.6917,0.2375,6.3,0.453,mixed-rural-urban,0.0,0.0691,0.7579,0.6423,0.6016,0.3182,0.5633,0.4175,50.0,False
ZMB,Zambia,Lozi,majority,4.0,3.15,4.0,3.15,5.5,5.49,-0.01,5.49,0.0,5.49,0.0,5.49,5.49,5.49,5.49,0.0,5.49,-0.01,0.0,1172323,2090557,0.0,0.0,0.0,1.25,unspecified,False,0.5,0.48,0.56,0.42,0.454,1.045,1.0,0.78,0.782,0.58,0.0,0.771,0.0,0.0,1.0,0.761,42.358,28.816,55.5,50.0,2.142,21.184,0.251,0.0,1.0,0.805,1.0,1.0,0.0,0.001,0.8417,0.8412,-0.0005,0.8412,2.8687,0.2462,2.217,2.428,0.0005,0.8412,5.49,-0.01,0.0,2.217,2.428,0.0005,0.8412,0.4999,0.2668,0.1946,0.6917,0.2375,6.3,0.453,mixed-rural-urban,0.0,0.0691,0.7579,0.6423,0.6016,0.3182,0.5633,0.4175,50.0,False
ZMB,Zambia,Nsenga,majority,4.0,3.15,4.0,3.15,5.3,5.29,-0.01,5.29,0.0,5.29,0.0,5.29,5.29,5.29,5.29,0.0,5.29,-0.01,0.0,1129693,2014537,0.0,0.0,0.0,1.25,unspecified,False,0.5,0.48,0.56,0.42,0.454,1.041,1.0,0.78,0.781,0.58,0.0,0.771,0.0,0.0,1.0,0.761,42.358,28.816,55.5,50.0,2.142,21.184,0.251,0.0,1.0,0.805,1.0,1.0,0.0,0.001,0.8417,0.8412,-0.0005,0.8412,2.8687,0.2462,2.217,2.428,0.0005,0.8412,5.29,-0.01,0.0,2.217,2.428,0.0005,0.8412,0.4999,0.2668,0.1946,0.6917,0.2375,6.3,0.453,mixed-rural-urban,0.0,0.0691,0.7579,0.6423,0.6016,0.3182,0.5633,0.4175,50.0,False
ZMB,Zambia,Tumbuka,majority,4.0,3.15,4.0,3.15,4.4,4.39,-0.01,4.39,0.0,4.39,0.0,4.39,4.39,4.39,4.39,0.0,4.39,-0.01,0.0,937858,1672446,0.0,0.0,0.0,1.25,unspecified,False,0.5,0.48,0.56,0.42,0.454,1.022,1.0,0.78,0.777,0.58,0.0,0.771,0.0,0.0,1.0,0.761,42.358,28.816,55.5,50.0,2.142,21.184,0.251,0.0,1.0,0.805,1.0,1.0,0.0,0.001,0.8417,0.8412,-0.0005,0.8412,2.8687,0.2462,2.217,2.428,0.0005,0.8412,4.39,-0.01,0.0,2.217,2.428,0.0005,0.8412,0.4999,0.2668,0.1946,0.6917,0.2375,6.3,0.453,mixed-rural-urban,0.0,0.0691,0.7579,0.6423,0.6016,0.3182,0.5633,0.4175,50.0,False
ZMB,Zambia,Ngoni,majority,4.0,3.15,4.0,3.15,4.0,3.99,-0.01,3.99,0.0,3.99,0.0,3.99,3.99,3.99,3.99,0.0,3.99,-0.01,0.0,852598,1520405,0.0,0.0,0.0,1.25,unspecified,False,0.5,0.48,0.56,0.42,0.454,1.013,1.0,0.78,0.775,0.58,0.0,0.771,0.0,0.0,1.0,0.761,42.358,28.816,55.5,50.0,2.142,21.184,0.251,0.0,1.0,0.805,1.0,1.0,0.0,0.001,0.8417,0.8412,-0.0005,0.8412,2.8687,0.2462,2.217,2.428,0.0005,0.8412,3.99,-0.01,0.0,2.217,2.428,0.0005,0.8412,0.4999,0.2668,0.1946,0.6917,0.2375,6.3,0.453,mixed-rural-urban,0.0,0.0691,0.7579,0.6423,0.6016,0.3182,0.5633,0.4175,50.0,False
ZMB,Zambia,Lala,majority,4.0,3.15,4.0,3.15,3.1,3.09,-0.01,3.09,0.0,3.09,0.0,3.09,3.09,3.09,3.09,0.0,3.09,-0.01,0.0,660764,1178314,0.0,0.0,0.0,1.25,unspecified,False,0.5,0.48,0.56,0.42,0.454,0.989,1.0,0.78,0.77,0.58,0.0,0.771,0.0,0.0,1.0,0.761,42.358,28.816,55.5,50.0,2.142,21.184,0.251,0.0,1.0,0.805,1.0,1.0,0.0,0.001,0.8417,0.8412,-0.0005,0.8412,2.8687,0.2462,2.217,2.428,0.0005,0.8412,3.09,-0.01,0.0,2.217,2.428,0.0005,0.8412,0.4999,0.2668,0.1946,0.6917,0.2375,6.3,0.453,mixed-rural-urban,0.0,0.0691,0.7579,0.6423,0.6016,0.3182,0.5633,0.4175,50.0,False
ZMB,Zambia,Kaonde,majority,4.0,3.15,4.0,3.15,2.9,2.89,-0.01,2.89,0.0,2.89,0.0,2.89,2.89,2.89,2.89,0.0,2.89,-0.01,0.0,618134,1102294,0.0,0.0,0.0,1.25,unspecified,False,0.5,0.48,0.56,0.42,0.454,0.983,1.0,0.78,0.768,0.58,0.0,0.771,0.0,0.0,1.0,0.761,42.358,28.816,55.5,50.0,2.142,21.184,0.251,0.0,1.0,0.805,1.0,1.0,0.0,0.001,0.8417,0.8412,-0.0005,0.8412,2.8687,0.2462,2.217,2.428,0.0005,0.8412,2.89,-0.01,0.0,2.217,2.428,0.0005,0.8412,0.4999,0.2668,0.1946,0.6917,0.2375,6.3,0.453,mixed-rural-urban,0.0,0.0691,0.7579,0.6423,0.6016,0.3182,0.5633,0.4175,50.0,False
ZMB,Zambia,Lunda,majority,4.0,3.15,4.0,3.15,2.7,2.69,-0.01,2.69,0.0,2.69,0.0,2.69,2.69,2.69,2.69,0.0,2.69,-0.01,0.0,575504,1026273,0.0,0.0,0.0,1.25,unspecified,False,0.5,0.48,0.56,0.42,0.454,0.977,1.0,0.78,0.767,0.58,0.0,0.771,0.0,0.0,1.0,0.761,42.358,28.816,55.5,50.0,2.142,21.184,0.251,0.0,1.0,0.805,1.0,1.0,0.0,0.001,0.8417,0.8412,-0.0005,0.8412,2.8687,0.2462,2.217,2.428,0.0005,0.8412,2.69,-0.01,0.0,2.217,2.428,0.0005,0.8412,0.4999,0.2668,0.1946,0.6917,0.2375,6.3,0.453,mixed-rural-urban,0.0,0.0691,0.7579,0.6423,0.6016,0.3182,0.5633,0.4175,50.0,False
ZMB,Zambia,Luvale,majority,4.0,3.15,4.0,3.15,2.2,2.2,-0.0,2.2,0.0,2.2,0.0,2.2,2.2,2.2,2.2,0.0,2.2,-0.0,0.0,468929,836223,0.0,0.0,0.0,1.25,unspecified,False,0.5,0.48,0.56,0.42,0.454,0.96,1.0,0.78,0.763,0.58,0.0,0.771,0.0,0.0,1.0,0.761,42.358,28.816,55.5,50.0,2.142,21.184,0.251,0.0,1.0,0.805,1.0,1.0,0.0,0.001,0.8417,0.8412,-0.0005,0.8412,2.8687,0.2462,2.217,2.428,0.0005,0.8412,2.2,-0.0,0.0,2.217,2.428,0.0005,0.8412,0.4999,0.2668,0.1946,0.6917,0.2375,6.3,0.453,mixed-rural-urban,0.0,0.0691,0.7579,0.6423,0.6016,0.3182,0.5633,0.4175,50.0,False
ZMB,Zambia,Other,assimilating,4.0,3.15,4.0,3.15,27.9,28.04,0.14,28.04,0.0,28.04,0.0,28.04,28.04,28.04,28.04,0.0,28.04,0.14,0.0,5946874,10678082,0.0,0.0,0.0,1.25,unspecified,False,0.5,0.48,0.56,0.42,0.454,1.224,1.0,0.78,0.822,0.58,0.0,0.771,0.0,0.0,1.0,0.761,42.358,28.816,55.5,50.0,2.142,21.184,0.251,0.0,1.0,0.805,1.0,1.0,0.0,0.001,0.8417,0.8412,-0.0005,0.8412,2.8687,0.2462,2.217,2.428,0.0005,0.8412,28.04,0.14,0.0,2.217,2.428,0.0005,0.8412,0.4999,0.2668,0.1946,0.6917,0.2375,6.3,0.453,mixed-rural-urban,0.0,0.0691,0.7579,0.6423,0.6016,0.3182,0.5633,0.4175,50.0,True
ZWE,Zimbabwe,Shona,majority,3.4,2.81,3.4,2.81,70.0,70.04,0.04,70.04,0.0,70.04,0.0,70.04,70.04,70.04,70.04,0.0,70.03,0.03,-0.01,11644056,18116672,0.0,0.0,0.0,1.25,unspecified,False,0.5,0.48,0.56,0.42,0.454,1.3,1.0,0.78,0.839,0.62,0.0,0.692,0.0,0.0,1.0,0.761,39.627,40.728,58.0,53.76,2.373,5.512,0.251,0.0,1.0,0.807,1.0,1.0,0.0,0.001,0.4665,0.4659,-0.0006,0.4659,1.1339,0.2176,1.839,1.903,0.0005,0.466,70.03,0.03,-0.01,1.839,1.903,0.0005,0.466,0.5506,0.297,0.1764,0.718,0.2308,1.87,0.55,mixed-rural-urban,0.0,0.052,0.7011,0.6718,0.5831,0.4167,0.5441,0.0,53.76,True
ZWE,Zimbabwe,Ndebele,majority,3.4,2.81,3.4,2.81,20.0,20.01,0.01,20.01,0.0,20.01,0.0,20.01,20.01,20.01,20.01,0.0,20.01,0.01,-0.0,3326873,5175810,0.0,0.0,0.0,1.25,unspecified,False,0.5,0.48,0.56,0.42,0.454,1.185,1.0,0.78,0.813,0.62,0.0,0.692,0.0,0.0,1.0,0.761,39.627,40.728,58.0,53.76,2.373,5.512,0.251,0.0,1.0,0.807,1.0,1.0,0.0,0.001,0.4665,0.4659,-0.0006,0.4659,1.1339,0.2176,1.839,1.903,0.0005,0.466,20.01,0.01,-0.0,1.839,1.903,0.0005,0.466,0.5506,0.297,0.1764,0.718,0.2308,1.87,0.55,mixed-rural-urban,0.0,0.052,0.7011,0.6718,0.5831,0.4167,0.5441,0.0,53.76,False
ZWE,Zimbabwe,Kalanga,majority,3.4,2.81,3.4,2.81,3.0,3.0,0.0,3.0,0.0,3.0,0.0,3.0,3.0,3.0,3.0,0.0,3.0,0.0,-0.0,499031,776372,0.0,0.0,0.0,1.25,unspecified,False,0.5,0.48,0.56,0.42,0.454,0.986,1.0,0.78,0.769,0.62,0.0,0.692,0.0,0.0,1.0,0.761,39.627,40.728,58.0,53.76,2.373,5.512,0.251,0.0,1.0,0.807,1.0,1.0,0.0,0.001,0.4665,0.4659,-0.0006,0.4659,1.1339,0.2176,1.839,1.903,0.0005,0.466,3.0,0.0,-0.0,1.839,1.903,0.0005,0.466,0.5506,0.297,0.1764,0.718,0.2308,1.87,0.55,mixed-rural-urban,0.0,0.052,0.7011,0.6718,0.5831,0.4167,0.5441,0.0,53.76,False
ZWE,Zimbabwe,Tonga,majority,3.4,2.81,3.4,2.81,1.5,1.5,0.0,1.5,0.0,1.5,0.0,1.5,1.5,1.5,1.5,0.0,1.5,0.0,-0.0,249515,388186,0.0,0.0,0.0,1.25,unspecified,False,0.5,0.48,0.56,0.42,0.454,0.93,1.0,0.78,0.756,0.62,0.0,0.692,0.0,0.0,1.0,0.761,39.627,40.728,58.0,53.76,2.373,5.512,0.251,0.0,1.0,0.807,1.0,1.0,0.0,0.001,0.4665,0.4659,-0.0006,0.4659,1.1339,0.2176,1.839,1.903,0.0005,0.466,1.5,0.0,-0.0,1.839,1.903,0.0005,0.466,0.5506,0.297,0.1764,0.718,0.2308,1.87,0.55,mixed-rural-urban,0.0,0.052,0.7011,0.6718,0.5831,0.4167,0.5441,0.0,53.76,False
ZWE,Zimbabwe,Other Black African,majority,3.4,2.81,3.4,2.81,4.9,4.9,0.0,4.9,0.0,4.9,0.0,4.9,4.9,4.9,4.9,0.0,4.9,0.0,-0.0,815084,1268074,0.0,0.0,0.0,1.25,NGA;GHA;KEN;UGA;TZA;ETH;SEN;CIV;CMR;COD,False,0.732,0.782,0.634,0.652,0.454,1.033,1.0,0.78,0.886,0.62,0.0,0.692,0.0,0.0,1.0,0.761,39.627,40.728,58.0,53.76,2.373,5.512,0.251,0.0,1.0,0.807,1.0,1.0,0.0,0.001,0.4665,0.4659,-0.0006,0.4659,1.1339,0.2176,1.839,1.903,0.0005,0.466,4.9,0.0,-0.0,1.839,1.903,0.0005,0.466,0.5506,0.297,0.1764,0.718,0.2308,1.87,0.55,mixed-rural-urban,0.0,0.052,0.7011,0.6718,0.5831,0.4167,0.5441,0.0,53.76,False
ZWE,Zimbabwe,White,low_fertility,2.8,2.57,3.4,2.81,0.4,0.35,-0.05,0.35,0.0,0.35,0.0,0.35,0.35,0.35,0.35,0.0,0.35,-0.05,0.01,66537,90470,0.0,0.0,0.0,1.25,unspecified,False,0.5,0.48,0.56,0.42,0.454,0.86,1.0,0.78,0.741,0.62,0.0,0.692,0.0,0.0,1.0,0.761,39.627,40.728,58.0,53.76,2.373,5.512,0.251,0.0,1.0,0.807,1.0,1.0,0.0,0.001,0.4665,0.4659,-0.0006,0.4659,1.1339,0.2176,1.839,1.903,0.0005,0.466,0.35,-0.05,0.01,1.839,1.903,0.0005,0.466,0.5506,0.297,0.1764,0.718,0.2308,1.87,0.55,mixed-rural-urban,0.0,0.052,0.7011,0.6718,0.5831,0.4167,0.5441,0.0,53.76,False
ZWE,Zimbabwe,Other,assimilating,3.4,2.81,3.4,2.81,0.2,0.2,-0.0,0.2,0.0,0.2,0.0,0.2,0.2,0.2,0.2,0.0,0.2,-0.0,0.0,33269,50803,0.0,0.0,0.0,1.25,unspecified,False,0.5,0.48,0.56,0.42,0.454,0.842,1.0,0.78,0.737,0.62,0.0,0.692,0.0,0.0,1.0,0.761,39.627,40.728,58.0,53.76,2.373,5.512,0.251,0.0,1.0,0.807,1.0,1.0,0.0,0.001,0.4665,0.4659,-0.0006,0.4659,1.1339,0.2176,1.839,1.903,0.0005,0.466,0.2,-0.0,0.0,1.839,1.903,0.0005,0.466,0.5506,0.297,0.1764,0.718,0.2308,1.87,0.55,mixed-rural-urban,0.0,0.052,0.7011,0.6718,0.5831,0.4167,0.5441,0.0,53.76,False
