Rank,UNDP_Rank_2023,RankChange_2023_to_2050,RankChangeDisplay,DevelopmentMomentumScore,DevelopmentMomentumTier,IndustrializingMover,IndustrializationSignal,RankCluster,RankClusterSize,RankClusterLabel,ProjectionType,BaselineSource,BaselineDataYear,UNDP_Country,ISO3,Country,HDI_Baseline,HDI_2024_Local_Estimate,HDI_2024_vs_UNDP_HDR2025,HDI_2024,UNDP_HDI_2023,Population_2024,Population_2024_Source,Population_2050,Population_2050_Source,HDI_Baseline_Recomputed_From_Components,HDI_Baseline_Component_Mismatch,HDI_2024_Recomputed_From_Components,HDI_2024_Component_Mismatch,HDI_2050,HDI_2050_Gain,HDI_P10,HDI_P50,HDI_P90,HDI_Optimistic,HDI_Pessimistic,Interval_Contains_Baseline_HDI,Interval_Contains_2024_HDI,LifeExp_Baseline,GNI_PPP_Baseline,ExpSchool_Baseline,MeanSchool_Baseline,HealthIndex_2025,EducationIndex_2025,IncomeIndex_2025,HealthIndex_2050,EducationIndex_2050,IncomeIndex_2050,HDI_2050_Recomputed_From_Indices,HDI_2050_Index_Mismatch,LifeExp_2024,GNI_PPP_2024,ExpSchool_2024,MeanSchool_2024,InstEfficiency,TechFactor,DemoFactor,MedianAge_2024,MedianAge_2050,MedianAgeShift_2024_to_2050,Youth014Pct_2024,Youth014Pct_2050,WorkingAgePct_2024,WorkingAgePct_2050,WorkforceChangePP_2024_to_2050,Elderly65PlusPct_2024,Elderly65PlusPct_2050,Elderly65PlusChangePP_2024_to_2050,ChildDependencyRatio,OldAgeDependencyRatio,TotalDependencyRatio,AgePyramidScore,WorkforceDepth,WorkforceMomentum,YouthDependencyPressure,AgingPressure,DevelopedDemographicAdaptation,AdaptedAgingPressure,FertilityWindow,HumanCapitalAbsorption,DemographicDividend,DependencyPressure,DemographicHDIMultiplier,DemographicHDIAdjustment,FutureReadiness,DigitalInfraDevelopment,DigitalInfraHDIAdjustment,RecoveryPotential2050,ResourceDependence,GrowthVolatility,EconomicDiversification,ResourceDrag,IndustrializationHDIAcceleration,DevelopingCatchupReadiness,GrowthProspectScore,LowGrowthProspectDrag,TrajectoryHDISpeedMultiplier,TrajectoryHDICapMultiplier,TrajectoryHDIShockMultiplier,Gini_2024,InfantMortality_2024,ClimateRisk_2024,Fertility_2024,Urbanization_2024,PoliticalStability_2024,RuleOfLaw_2024,Physicians_2024,HealthExp_2024,RenewableShare_2024,Contrib_Income,Contrib_Education,Contrib_Health,Contrib_Governance,Contrib_Demographics,Contrib_Technology,Contrib_Recovery,Contrib_Inequality,Contrib_Climate,Contrib_ShockRisk,ai_adoption_index,robot_density,semiconductor_production,green_energy_investment,ev_adoption,battery_capacity,high_speed_rail,startup_ecosystem,venture_capital,cloud_adoption,Trajectory,Rank_Best_P90,Rank_Worst_P10
1,1,0,0,30.31,emerging_mover,False,0.4,1,1,Cluster 1,scenario_projection,UNDP_HDR_2025_Table_1,2023,Iceland,ISL,Iceland,0.972,0.959,-0.013,0.959,0.972,393404,un_wpp_owid_2024,432997,un_wpp_owid_2050,0.9314,-0.0406,0.9314,-0.0406,0.9694,-0.0026,0.949,0.9694,0.9719,0.9719,0.949,False,True,82.691,69116.9374,18.8506,13.9089,0.9219,0.9324,0.9399,0.959597,0.970497,0.978197,0.9694,2.7e-07,82.691,69116.9374,18.8506,13.9089,1.12,1.134,0.9184,37.0,42.5,5.5,16.5,11.229,67.0,62.6,-4.4,16.5,26.171,9.671,0.1794,0.4181,0.5974,0.8601,0.5727,0.225,0.0,0.6441,0.5795,0.4874,0.9167,0.7775,0.3839,0.3158,0.9797,0.0002,0.404,0.547,0.0003,0.0,0.12,0.22,0.6,0.0117,0.0488,0.0,0.5949,0.4051,0.738,0.7216,1.04,0.38,25.0,0.3,2.3,0.55,0.0,0.0,1.5,6.0,0.2,0.0,0.0001,0.0001,0.0012,0.0004,0.0005,0.0,-0.0001,-0.0002,-0.0001,0.436,0.3069,0.2069,0.4202,0.5183,0.2356,0.4973,0.405,0.5173,0.4967,slow_growth,1,9
2,2,0,0,33.53,emerging_mover,False,0.54,2,2,Cluster 2,scenario_projection,UNDP_HDR_2025_Table_1,2023,Norway,NOR,Norway,0.97,0.966,-0.004,0.966,0.97,5576656,un_wpp_owid_2024,5899827,un_wpp_owid_2050,0.9447,-0.0253,0.9447,-0.0253,0.9664,-0.0036,0.9468,0.9664,0.9691,0.9691,0.9468,False,True,83.308,112710.0211,18.7929,13.118,0.931,0.9055,1.0,0.963278,0.936978,0.999977,0.9664,2.1e-07,83.308,112710.0211,18.7929,13.118,1.12,1.134,0.8959,39.8,45.0,5.2,13.1971,8.5129,66.5,62.34,-4.16,20.3029,29.1471,8.8442,0.1366,0.4676,0.6041,0.8224,0.5609,0.24,0.0,0.7794,0.7782,0.5247,0.7959,0.7293,0.3181,0.3692,0.9466,0.0002,0.5443,0.563,0.0003,0.0,0.42,0.25,0.88,0.0356,0.0574,0.0,0.6765,0.3235,0.738,0.7216,1.04,0.2792,4.4732,0.0898,1.6102,0.773,0.6769,1.0534,2.8991,8.9069,0.1524,0.0,0.0002,0.0001,0.0018,0.0003,0.0009,0.0,-0.0,-0.0001,-0.0001,0.5566,0.4915,0.4344,0.5483,0.6505,0.4265,0.6148,0.4984,0.6054,0.617,slow_growth,2,11
3,2,-1,-1,32.63,emerging_mover,False,0.53,2,2,Cluster 2,scenario_projection,UNDP_HDR_2025_Table_1,2023,Switzerland,CHE,Switzerland,0.97,0.967,-0.003,0.967,0.97,8921979,un_wpp_owid_2024,9342590,un_wpp_owid_2050,0.9341,-0.0359,0.9341,-0.0359,0.9661,-0.0039,0.9464,0.9661,0.9689,0.9689,0.9464,False,True,83.954,81948.9018,16.6675,13.9491,0.9405,0.8985,0.9644,0.972741,0.929543,0.997239,0.9661,-2.1e-07,83.954,81948.9018,16.6675,13.9491,1.12,1.134,0.878,42.7,47.5,4.8,9.9897,6.2755,66.0,62.16,-3.84,24.0103,31.5645,7.5543,0.101,0.5078,0.6088,0.7922,0.5527,0.26,0.0,0.8893,0.7946,0.5925,0.9125,0.7363,0.276,0.4121,0.9299,0.0002,0.5344,0.5607,0.0003,0.0,0.12,0.22,0.6,0.0117,0.0572,0.0,0.6712,0.3288,0.738,0.7216,1.04,0.3188,3.733,0.1264,1.89,0.7453,0.9612,1.4488,3.1928,10.3111,0.1684,0.0,0.0003,0.0001,0.002,0.0002,0.001,0.0,-0.0,-0.0001,-0.0001,0.5708,0.5017,0.4383,0.4709,0.6194,0.4335,0.5966,0.5063,0.5826,0.6238,slow_growth,2,11
4,4,0,0,32.66,emerging_mover,False,0.54,3,2,Cluster 3,scenario_projection,UNDP_HDR_2025_Table_1,2023,Denmark,DNK,Denmark,0.962,0.952,-0.01,0.952,0.962,5977417,un_wpp_owid_2024,6124830,un_wpp_owid_2050,0.922,-0.04,0.922,-0.04,0.9588,-0.0032,0.9392,0.9588,0.9621,0.9621,0.9392,True,True,81.933,76007.8567,18.704,13.0273,0.9108,0.9023,0.9536,0.947278,0.938478,0.991477,0.9588,8e-08,81.933,76007.8567,18.704,13.0273,1.12,1.134,0.8752,42.0,46.5,4.5,11.0826,7.2658,65.0,61.4,-3.6,23.9174,31.3342,7.4168,0.1183,0.5103,0.6287,0.7846,0.5182,0.275,0.0,0.8788,0.7809,0.5906,0.7667,0.7025,0.2607,0.4226,0.9189,0.0001,0.545,0.5646,0.0005,0.0,0.12,0.22,0.6,0.0116,0.0579,0.0,0.6922,0.3078,0.738,0.7216,1.04,0.2839,3.6695,0.1085,1.5401,0.8248,1.0613,1.051,3.8188,8.7414,0.2079,0.0,0.0002,0.0002,0.0017,0.0001,0.0008,0.0,-0.0,-0.0001,-0.0001,0.5577,0.5031,0.4402,0.5507,0.6093,0.4368,0.6218,0.4981,0.605,0.6269,slow_growth,4,18
5,8,3,+3,41.73,emerging_mover,False,0.41,3,2,Cluster 3,scenario_projection,UNDP_HDR_2025_Table_1,2023,"Hong Kong, China (SAR)",HKG,Hong Kong,0.955,0.956,0.001,0.956,0.955,7414914,un_wpp_owid_2024,6090616,un_wpp_owid_2050,0.9171,-0.0379,0.9171,-0.0379,0.9599,0.0049,0.9326,0.9599,0.9632,0.9632,0.9326,True,True,85.511,69435.7571,16.8959,12.35,0.9634,0.8512,0.9406,0.999941,0.898947,0.983942,0.9599,-1e-08,85.511,69435.7571,16.8959,12.35,0.9,1.134,1.0746,45.6,35.0,-10.6,7.3607,15.2841,65.0,73.48,8.48,27.6393,11.2359,-16.4033,0.208,0.1529,0.3609,0.899,1.0,1.0,0.0,0.0,0.471,0.0,0.9167,0.8821,0.9342,0.0,1.18,0.0025,0.4072,0.5478,0.0006,0.0,0.12,0.22,0.6,0.0123,0.0466,0.0,0.6297,0.3703,0.9,0.88,1.0,0.38,25.0,0.3,2.3,0.55,0.0,0.0,1.5,6.0,0.2,0.0,0.0004,0.0,0.0018,0.0024,0.0008,0.0,-0.0001,-0.0002,-0.0001,0.4478,0.3071,0.2069,0.4205,0.5187,0.2357,0.4976,0.4127,0.5199,0.5055,moderate,4,19
6,5,-1,-1,32.8,emerging_mover,False,0.53,4,2,Cluster 4,scenario_projection,UNDP_HDR_2025_Table_1,2023,Sweden,SWE,Sweden,0.959,0.952,-0.007,0.952,0.959,10606993,un_wpp_owid_2024,11309632,un_wpp_owid_2050,0.9185,-0.0405,0.9185,-0.0405,0.9565,-0.0025,0.9369,0.9565,0.96,0.96,0.9369,True,True,83.262,66102.0859,18.9915,12.7403,0.9303,0.8923,0.9335,0.968832,0.929331,0.971932,0.9565,-1e-07,83.262,66102.0859,18.9915,12.7403,1.12,1.134,0.8856,39.6,44.5,4.9,14.0459,9.3325,65.0,61.08,-3.92,20.9541,29.5875,8.6334,0.1528,0.4844,0.6372,0.8003,0.5036,0.255,0.0,0.7994,0.7817,0.537,0.8078,0.7068,0.2829,0.4001,0.929,0.0002,0.533,0.5653,0.0005,0.0,0.12,0.22,0.6,0.0117,0.0569,0.0,0.6866,0.3134,0.738,0.7216,1.04,0.2819,3.4954,0.11,1.6387,0.7742,0.3787,0.9453,4.1511,9.986,0.1606,0.0,0.0002,0.0001,0.0013,0.0002,0.0006,0.0,-0.0,-0.0001,-0.0001,0.5771,0.4742,0.4194,0.5294,0.5977,0.4127,0.5924,0.5207,0.5881,0.6179,slow_growth,4,19
7,7,0,0,34.22,emerging_mover,False,0.53,4,2,Cluster 4,scenario_projection,UNDP_HDR_2025_Table_1,2023,Australia,AUS,Australia,0.958,0.946,-0.012,0.946,0.958,26713206,un_wpp_owid_2024,32506964,un_wpp_owid_2050,0.9173,-0.0407,0.9173,-0.0407,0.9562,-0.0018,0.9366,0.9562,0.9597,0.9597,0.9366,True,True,83.923,58276.8764,20.6548,12.87,0.94,0.8969,0.9154,0.979944,0.935042,0.954143,0.9562,-2.7e-07,83.923,58276.8764,20.6548,12.87,1.1,1.134,0.9099,37.9,42.5,4.6,16.0577,11.4632,65.5,61.82,-3.68,18.4423,26.7168,8.2745,0.1854,0.4322,0.6176,0.8433,0.5373,0.27,0.0,0.6689,0.7938,0.4459,0.8315,0.7329,0.3574,0.3391,0.962,0.0005,0.5349,0.571,0.0006,0.0,0.35,0.3,0.82,0.0383,0.0561,0.0,0.6839,0.3161,0.738,0.7216,1.04,0.3163,4.2724,0.0955,1.6956,0.8118,0.6113,1.1717,2.7354,8.9347,0.1882,0.0,0.0001,0.0001,0.0009,0.0002,0.0005,0.0,-0.0,-0.0,-0.0,0.5692,0.4975,0.4569,0.4616,0.6038,0.4464,0.5982,0.5181,0.5832,0.6138,slow_growth,5,19
8,8,0,0,33.04,emerging_mover,False,0.56,5,2,Cluster 5,scenario_projection,UNDP_HDR_2025_Table_1,2023,Netherlands,NLD,Netherlands,0.955,0.946,-0.009,0.946,0.955,18228740,un_wpp_owid_2024,18958470,un_wpp_owid_2050,0.9139,-0.0411,0.9139,-0.0411,0.9519,-0.0031,0.9324,0.9519,0.9558,0.9558,0.9324,True,True,82.158,68344.3083,18.5849,12.6699,0.9141,0.8899,0.9383,0.952153,0.927054,0.977152,0.9519,-6e-08,82.158,68344.3083,18.5849,12.6699,1.11,1.134,0.8731,42.8,47.5,4.7,10.0269,6.3451,65.5,61.74,-3.76,24.4731,31.9149,7.4417,0.1028,0.5169,0.6197,0.7825,0.5336,0.265,0.0,0.9052,0.7895,0.6051,0.8344,0.7113,0.2571,0.4257,0.9189,0.0001,0.5554,0.564,0.0006,0.0,0.12,0.22,0.6,0.0117,0.0582,0.0,0.6945,0.3055,0.738,0.7216,1.04,0.3047,1.7488,0.1194,1.7025,0.8446,0.5335,1.1663,3.5398,9.5851,0.1089,0.0,0.0002,0.0002,0.0015,0.0001,0.0008,0.0,-0.0,-0.0001,-0.0001,0.5668,0.5493,0.4944,0.4785,0.6279,0.4825,0.6123,0.532,0.5982,0.6118,slow_growth,8,19
9,11,2,+2,34.97,emerging_mover,False,0.52,5,2,Cluster 5,scenario_projection,UNDP_HDR_2025_Table_1,2023,Ireland,IRL,Ireland,0.949,0.95,0.001,0.95,0.949,5255016,un_wpp_owid_2024,5970040,un_wpp_owid_2050,0.9163,-0.0327,0.9163,-0.0327,0.9505,0.0015,0.931,0.9505,0.9545,0.9545,0.931,True,True,82.412,90884.6346,19.1849,11.725,0.9178,0.856,0.9792,0.958919,0.895518,1.0,0.9505,-9e-08,82.412,90884.6346,19.1849,11.725,1.1,1.134,0.9064,38.2,43.5,5.3,15.2082,10.1498,66.5,62.26,-4.24,18.2918,27.5902,9.2984,0.163,0.4431,0.6062,0.8392,0.5573,0.235,0.0,0.7086,0.7726,0.4787,0.9167,0.7315,0.3441,0.3452,0.9575,0.0004,0.519,0.5616,0.0007,0.0,0.12,0.22,0.6,0.0118,0.0558,0.0,0.6878,0.3122,0.738,0.7216,1.04,0.3085,4.5847,0.1254,1.9,0.7721,0.5874,1.2622,3.8073,8.655,0.1854,0.0,0.0001,0.0001,0.0007,0.0002,0.0004,0.0,-0.0,-0.0,-0.0,0.543,0.4803,0.4235,0.4705,0.6133,0.4177,0.5983,0.4788,0.5686,0.5953,slow_growth,8,19
10,5,-5,-5,28.37,stable_or_slow,False,0.51,6,3,Cluster 6,scenario_projection,UNDP_HDR_2025_Table_1,2023,Germany,DEU,Germany,0.959,0.942,-0.017,0.942,0.959,84552234,un_wpp_owid_2024,78294606,un_wpp_owid_2050,0.9194,-0.0396,0.9194,-0.0396,0.948,-0.011,0.9285,0.948,0.9522,0.9522,0.9285,False,True,81.378,64053.2212,17.3092,14.2964,0.9026,0.9269,0.929,0.931011,0.955911,0.957311,0.948,2.2e-07,81.378,64053.2212,17.3092,14.2964,1.11,1.134,0.8391,45.7,51.0,5.3,7.3756,4.1319,64.5,60.26,-4.24,28.1244,35.6081,7.4837,0.0686,0.5909,0.6595,0.72,0.4664,0.235,0.0,1.0,0.7764,0.6739,0.6568,0.6644,0.1708,0.4882,0.8794,-0.0002,0.5089,0.5644,0.0005,0.0,0.12,0.22,0.6,0.0117,0.0552,0.0,0.6757,0.3243,0.738,0.7216,1.04,0.3021,2.7277,0.126,1.2764,0.8318,0.7732,1.2452,3.1079,9.7908,0.0966,0.0002,0.0006,0.0007,0.0056,-0.0004,0.0028,0.0,-0.0,-0.0003,-0.0004,0.5803,0.4911,0.3401,0.5011,0.5771,0.3407,0.5711,0.4768,0.5784,0.6319,slow_growth,8,21
11,10,-1,-1,30.76,emerging_mover,False,0.49,6,3,Cluster 6,scenario_projection,UNDP_HDR_2025_Table_1,2023,Belgium,BEL,Belgium,0.951,0.937,-0.014,0.937,0.951,11738761,un_wpp_owid_2024,11870903,un_wpp_owid_2050,0.9105,-0.0405,0.9105,-0.0405,0.9476,-0.0034,0.9282,0.9476,0.9518,0.9518,0.9282,True,True,82.115,63582.4754,18.996,12.6897,0.9135,0.8906,0.9279,0.9507,0.927,0.9655,0.9476,2.5e-07,82.115,63582.4754,18.996,12.6897,1.1,1.134,0.8737,41.6,46.0,4.4,11.7189,7.8145,64.5,60.98,-3.52,23.7811,31.2055,7.4244,0.1281,0.5117,0.6399,0.7804,0.4991,0.28,0.0,0.873,0.7346,0.6036,0.8708,0.7104,0.257,0.4285,0.9182,-0.0,0.4913,0.5684,0.0007,0.0,0.12,0.22,0.6,0.0119,0.0535,0.0,0.6724,0.3276,0.738,0.7216,1.04,0.3376,4.862,0.0907,1.7898,0.8544,0.594,0.9248,3.5153,8.5356,0.1199,0.0001,0.0003,0.0002,0.0017,0.0001,0.0009,0.0,-0.0,-0.0001,-0.0001,0.5406,0.4272,0.3816,0.427,0.5903,0.3736,0.5901,0.4648,0.5372,0.5809,slow_growth,9,22
12,13,1,+1,35.55,emerging_mover,False,0.52,6,3,Cluster 6,scenario_projection,UNDP_HDR_2025_Table_1,2023,Singapore,SGP,Singapore,0.946,0.949,0.003,0.949,0.946,5832387,un_wpp_owid_2024,6081693,un_wpp_owid_2050,0.9215,-0.0245,0.9215,-0.0245,0.9464,0.0004,0.9271,0.9464,0.9507,0.9507,0.9271,True,True,83.736,111239.2291,16.7423,11.99,0.9373,0.8349,1.0,0.975268,0.869161,1.0,0.9464,1e-08,83.736,111239.2291,16.7423,11.99,1.15,1.134,0.9207,42.2,50.0,7.8,8.3707,3.9623,73.0,66.76,-6.24,18.6293,29.2777,10.6484,0.0594,0.4386,0.4979,0.86,0.7618,0.11,0.0,0.7853,0.8018,0.5209,0.7939,0.7511,0.3817,0.2955,0.9786,0.0006,0.522,0.5724,0.0008,0.0,0.12,0.22,0.6,0.0117,0.0563,0.0,0.6782,0.3218,0.738,0.7216,1.04,0.3045,4.3693,0.1083,1.6053,0.7183,0.607,1.3129,3.6092,9.7994,0.1085,0.0,0.0,0.0,0.0002,0.0001,0.0001,0.0,-0.0,-0.0,-0.0,0.6197,0.44,0.408,0.4412,0.5804,0.3796,0.5716,0.5577,0.5682,0.6533,slow_growth,9,22
13,13,0,0,32.04,emerging_mover,False,0.55,7,3,Cluster 7,scenario_projection,UNDP_HDR_2025_Table_1,2023,United Kingdom,GBR,UK,0.946,0.94,-0.006,0.94,0.946,69138185,un_wpp_owid_2024,75504685,un_wpp_owid_2050,0.9067,-0.0393,0.9067,-0.0393,0.9429,-0.0031,0.9235,0.9429,0.9475,0.9475,0.9235,True,True,81.302,54371.5863,17.8111,13.49,0.9015,0.9134,0.9054,0.937514,0.949814,0.941414,0.9429,5e-08,81.302,54371.5863,17.8111,13.49,1.1,1.134,0.8662,40.5,45.5,5.0,13.2676,8.5149,64.0,60.0,-4.0,22.7324,31.4851,8.7527,0.1419,0.5248,0.6667,0.7639,0.4545,0.25,0.0,0.8857,0.7658,0.6008,0.7279,0.6815,0.2209,0.4522,0.9007,-0.0002,0.5485,0.5694,0.0008,0.0,0.12,0.22,0.6,0.0118,0.0573,0.0,0.6831,0.3169,0.738,0.7216,1.04,0.3388,3.5138,0.1075,1.4468,0.7541,0.517,1.0431,3.4318,10.8478,0.1225,0.0001,0.0002,0.0002,0.0016,0.0,0.0008,0.0,-0.0,-0.0001,-0.0001,0.5921,0.516,0.4714,0.4559,0.6029,0.4593,0.5923,0.5657,0.5954,0.6341,slow_growth,12,24
14,15,1,+1,39.01,emerging_mover,False,0.41,7,3,Cluster 7,scenario_projection,UNDP_HDR_2025_Table_1,2023,United Arab Emirates,ARE,UAE,0.94,0.911,-0.029,0.911,0.94,11027135,un_wpp_owid_2024,15367397,un_wpp_owid_2050,0.9015,-0.0385,0.9015,-0.0385,0.9448,0.0048,0.9175,0.9448,0.9493,0.9493,0.9175,True,False,82.909,71142.3048,15.6016,12.99,0.9251,0.8389,0.944,0.968005,0.883704,0.985905,0.9448,-1.2e-07,82.909,71142.3048,15.6016,12.99,1.08,1.134,1.1027,33.5,40.0,6.5,10.7347,8.583,83.0,77.8,-5.2,6.2653,13.617,7.3517,0.1103,0.175,0.2853,0.8407,1.0,0.175,0.0,0.0735,0.6549,0.0533,0.9167,0.8672,0.7449,0.0265,1.1328,0.0025,0.4146,0.6178,0.001,0.0,0.55,0.38,0.78,0.0833,0.0455,0.0,0.6296,0.3704,0.9,0.88,1.0,0.38,25.0,0.3,2.3,0.55,0.0,0.0,1.5,6.0,0.2,0.0,0.0004,0.0001,0.0019,0.002,0.0009,0.0,-0.0001,-0.0003,-0.0002,0.4826,0.308,0.2069,0.4643,0.5207,0.2361,0.4991,0.3959,0.5141,0.5181,moderate,10,28
15,17,2,+2,32.76,emerging_mover,False,0.41,7,3,Cluster 7,scenario_projection,UNDP_HDR_2025_Table_1,2023,Liechtenstein,LIE,Liechtenstein,0.938,0.935,-0.003,0.935,0.938,39895,un_wpp_owid_2024,43024,un_wpp_owid_2050,0.9136,-0.0244,0.9136,-0.0244,0.9431,0.0051,0.9174,0.9431,0.9477,0.9477,0.9174,True,True,83.63,166811.6741,15.4126,12.41,0.9357,0.8149,1.0,0.976991,0.858592,0.999991,0.9431,1.9e-07,83.63,166811.6741,15.4126,12.41,0.9,1.134,0.9611,28.0,35.0,7.0,27.9906,23.3987,65.0,59.4,-5.6,7.0094,17.2013,10.1919,0.3939,0.2896,0.6835,0.9109,0.4273,0.15,0.0485,0.2364,0.5261,0.1842,0.9167,0.6996,0.4367,0.2508,0.9916,0.0008,0.4056,0.5373,0.0009,0.0,0.12,0.22,0.6,0.0118,0.0486,0.0,0.6849,0.3151,0.9,0.88,1.0,0.38,25.0,0.3,2.3,0.55,0.0,0.0,1.5,6.0,0.2,0.0,0.0006,0.0001,0.0026,0.0013,0.0011,0.0,-0.0001,-0.0003,-0.0002,0.4202,0.3174,0.2069,0.4371,0.5406,0.2399,0.5141,0.4034,0.5025,0.4743,moderate,11,28
16,12,-4,-4,31.11,emerging_mover,False,0.56,8,1,Cluster 8,scenario_projection,UNDP_HDR_2025_Table_1,2023,Finland,FIN,Finland,0.948,0.942,-0.006,0.942,0.948,5617311,un_wpp_owid_2024,5351645,un_wpp_owid_2050,0.9078,-0.0402,0.9078,-0.0402,0.9427,-0.0053,0.9236,0.9427,0.9473,0.9473,0.9236,False,True,81.91,57067.6369,19.4941,12.9796,0.9104,0.9007,0.9124,0.945448,0.935448,0.947247,0.9427,1e-08,81.91,57067.6369,19.4941,12.9796,1.12,1.134,0.8455,43.1,48.0,4.9,10.2642,6.2842,63.5,59.58,-3.92,26.2358,34.1358,7.9,0.1055,0.5729,0.6784,0.7278,0.4355,0.255,0.0,1.0,0.7739,0.675,0.78,0.6698,0.1654,0.5017,0.8766,-0.0004,0.5635,0.5644,0.0007,0.0,0.12,0.22,0.6,0.0117,0.0588,0.0,0.6987,0.3013,0.738,0.7216,1.04,0.31,4.6982,0.0755,1.572,0.7786,0.2777,1.2247,3.8297,10.2375,0.222,0.0001,0.0004,0.0003,0.0027,-0.0002,0.0014,0.0,-0.0,-0.0001,-0.0001,0.5929,0.5308,0.4797,0.5256,0.6316,0.4714,0.6184,0.5425,0.6226,0.619,slow_growth,12,24
17,16,-1,-1,33.26,emerging_mover,False,0.55,9,3,Cluster 9,scenario_projection,UNDP_HDR_2025_Table_1,2023,Canada,CAN,Canada,0.939,0.935,-0.004,0.935,0.939,39742429,un_wpp_owid_2024,45621880,un_wpp_owid_2050,0.9005,-0.0385,0.9005,-0.0385,0.939,0.0,0.9198,0.939,0.9439,0.9439,0.9198,True,True,82.63,54688.4173,15.8883,13.87,0.921,0.8747,0.9062,0.960483,0.912184,0.944984,0.939,-1.4e-07,82.63,54688.4173,15.8883,13.87,1.1,1.134,0.8791,41.8,46.5,4.7,11.1553,7.2018,65.5,61.74,-3.76,23.3447,31.0582,7.7135,0.1166,0.503,0.6197,0.7923,0.5336,0.265,0.0,0.8663,0.8284,0.5649,0.7123,0.685,0.2672,0.4116,0.9196,0.0,0.5511,0.5618,0.0009,0.0,0.28,0.25,0.88,0.024,0.0575,0.0,0.6942,0.3058,0.738,0.7216,1.04,0.3143,4.2637,0.0985,1.4095,0.7538,0.5417,1.3963,3.1964,9.3049,0.1295,0.0,0.0,0.0,0.0,0.0,0.0,0.0,-0.0,-0.0,-0.0,0.5671,0.5558,0.5052,0.4566,0.611,0.49,0.5927,0.5276,0.5859,0.6192,slow_growth,14,27
18,17,-1,-1,35.79,emerging_mover,False,0.55,9,3,Cluster 9,scenario_projection,UNDP_HDR_2025_Table_1,2023,New Zealand,NZL,New Zealand,0.938,0.937,-0.001,0.937,0.938,5213942,un_wpp_owid_2024,5755279,un_wpp_owid_2050,0.8985,-0.0395,0.8985,-0.0395,0.94,0.002,0.9205,0.94,0.9448,0.9448,0.9205,True,True,82.088,47259.6014,19.3001,12.883,0.9131,0.8973,0.8852,0.95521,0.93921,0.92581,0.94,-9e-08,82.088,47259.6014,19.3001,12.883,1.11,1.134,0.9115,37.7,42.0,4.3,16.5586,12.1719,65.0,61.56,-3.44,18.4414,26.2681,7.8267,0.1977,0.4267,0.6244,0.845,0.5255,0.285,0.0,0.6486,0.7748,0.4375,0.8305,0.7311,0.3626,0.3366,0.9634,0.0005,0.5537,0.5676,0.001,0.0,0.12,0.22,0.6,0.0117,0.0582,0.0,0.7135,0.2865,0.738,0.7216,1.04,0.2784,3.7545,0.1131,1.6932,0.8331,0.5865,1.165,3.2602,10.1105,0.1822,0.0001,0.0001,0.0001,0.001,0.0003,0.0005,0.0,-0.0,-0.0,-0.0,0.5447,0.5278,0.4786,0.4885,0.6395,0.4726,0.6309,0.5351,0.613,0.6062,slow_growth,13,26
19,17,-2,-2,36.22,emerging_mover,False,0.55,9,3,Cluster 9,scenario_projection,UNDP_HDR_2025_Table_1,2023,United States,USA,USA,0.938,0.927,-0.011,0.927,0.938,345426566,un_wpp_owid_2024,380846905,un_wpp_owid_2050,0.8987,-0.0393,0.8987,-0.0393,0.9393,0.0013,0.9196,0.9393,0.9442,0.9442,0.9196,True,True,79.304,73650.0308,15.923,13.91,0.8721,0.877,0.949,0.912013,0.917013,0.990914,0.9393,-3.5e-07,79.304,73650.0308,15.923,13.91,1.08,1.134,0.9184,38.5,42.0,3.5,15.4897,11.9692,65.0,62.2,-2.8,19.5103,25.8308,6.3205,0.1924,0.4153,0.6077,0.8586,0.5545,0.325,0.0,0.6287,0.7333,0.435,0.8563,0.7359,0.3916,0.3175,0.9746,0.0006,0.5534,0.5746,0.001,0.0,0.12,0.22,0.6,0.012,0.0567,0.0,0.6891,0.3109,0.738,0.7216,1.04,0.3348,3.1374,0.1049,1.7551,0.81,0.4407,1.4273,3.8046,10.04,0.1752,0.0,0.0001,0.0001,0.0006,0.0002,0.0003,0.0,-0.0,-0.0,-0.0,0.6045,0.4733,0.4728,0.4614,0.6132,0.4163,0.6013,0.5989,0.6307,0.6616,slow_growth,14,28
20,21,1,+1,31.47,emerging_mover,False,0.54,10,3,Cluster 10,scenario_projection,UNDP_HDR_2025_Table_1,2023,Slovenia,SVN,Slovenia,0.931,0.926,-0.005,0.926,0.931,2118692,un_wpp_owid_2024,1981554,un_wpp_owid_2050,0.8916,-0.0394,0.8916,-0.0394,0.93,-0.001,0.9109,0.93,0.9357,0.9357,0.9109,True,True,81.603,46360.8078,17.4772,12.9512,0.9059,0.8865,0.8825,0.94496,0.924761,0.920461,0.93,-3.7e-07,81.603,46360.8078,17.4772,12.9512,1.07,1.134,0.8452,44.9,50.0,5.1,8.1206,4.7181,64.5,60.42,-4.08,27.3794,34.8619,7.4826,0.0781,0.577,0.6551,0.7308,0.4736,0.245,0.0,1.0,0.7084,0.7025,0.778,0.6715,0.1792,0.4851,0.8831,-0.0009,0.536,0.5584,0.0011,0.0,0.12,0.22,0.6,0.012,0.0558,0.0,0.7381,0.2619,0.9,0.88,1.0,0.3159,3.7267,0.1106,1.5672,0.7665,0.5872,1.2453,2.9858,10.4142,0.1863,0.0,0.0001,0.0001,0.0004,-0.0,0.0002,0.0,-0.0,-0.0,-0.0,0.5044,0.5336,0.4819,0.481,0.6247,0.4762,0.607,0.5052,0.5789,0.5669,moderate,20,33
21,22,1,+1,32.25,emerging_mover,False,0.54,10,3,Cluster 10,scenario_projection,UNDP_HDR_2025_Table_1,2023,Austria,AUT,Austria,0.93,0.928,-0.002,0.928,0.93,9120815,un_wpp_owid_2024,8724335,un_wpp_owid_2050,0.8907,-0.0393,0.8907,-0.0393,0.9298,-0.0002,0.9108,0.9298,0.9354,0.9354,0.9108,True,True,81.956,63479.2084,16.2843,12.3615,0.9111,0.836,0.9277,0.951149,0.872745,0.96835,0.9298,-2.5e-07,81.956,63479.2084,16.2843,12.3615,1.1,1.134,0.8621,43.2,48.5,5.3,9.5949,5.642,65.5,61.26,-4.24,24.9051,33.098,8.1928,0.0921,0.5403,0.6324,0.7624,0.5118,0.235,0.0,0.959,0.7681,0.6496,0.6741,0.6461,0.2077,0.4541,0.8915,-0.0006,0.5421,0.5672,0.0011,0.0,0.12,0.22,0.6,0.0118,0.0571,0.0,0.7089,0.2911,0.738,0.7216,1.04,0.3049,3.7375,0.082,1.3179,0.8118,0.471,1.3416,3.1278,9.1516,0.1318,0.0,0.0,0.0,0.0001,-0.0,0.0001,0.0,-0.0,-0.0,-0.0,0.548,0.5326,0.4898,0.4565,0.6132,0.4762,0.6055,0.5252,0.579,0.5955,slow_growth,20,33
22,27,5,+5,41.3,fast_converger,True,0.53,10,3,Cluster 10,scenario_projection,UNDP_HDR_2025_Table_1,2023,Israel,ISR,Israel,0.919,0.915,-0.004,0.915,0.919,9387015,un_wpp_owid_2024,13092723,un_wpp_owid_2050,0.8804,-0.0386,0.8804,-0.0386,0.9284,0.0094,0.8991,0.9284,0.9342,0.9342,0.8991,True,True,82.408,48050.1118,14.9342,13.5346,0.9178,0.8378,0.8876,0.965579,0.888081,0.93318,0.9284,3e-07,82.408,48050.1118,14.9342,13.5346,1.08,1.134,0.9843,30.4,35.5,5.1,24.5914,20.9485,66.5,62.42,-4.08,8.9086,16.6315,7.7229,0.3356,0.2664,0.6021,0.9517,0.5645,0.245,0.0,0.2105,0.645,0.1535,0.7957,0.7387,0.5442,0.163,1.0395,0.0017,0.5265,0.5665,0.0013,0.0,0.12,0.22,0.6,0.0126,0.0529,0.0,0.7187,0.2813,0.9,0.88,1.0,0.2927,3.7217,0.0906,1.6096,0.758,0.4873,1.0788,3.0933,9.0878,0.1774,0.0003,0.0009,0.0004,0.0037,0.0027,0.002,0.0,-0.0,-0.0002,-0.0004,0.5781,0.4444,0.386,0.4758,0.6135,0.3852,0.6009,0.5699,0.5969,0.6146,moderate,20,40
23,24,1,+1,28.08,stable_or_slow,False,0.38,11,2,Cluster 11,scenario_projection,UNDP_HDR_2025_Table_1,2023,Malta,MLT,Malta,0.924,0.918,-0.006,0.918,0.924,539612,un_wpp_owid_2024,535728,un_wpp_owid_2050,0.8852,-0.0388,0.8852,-0.0388,0.9261,0.0021,0.9024,0.9261,0.9321,0.9321,0.9024,True,True,83.299,52155.0749,15.9099,12.4207,0.9309,0.8283,0.8994,0.972914,0.868213,0.940314,0.9261,-1e-08,83.299,52155.0749,15.9099,12.4207,1.07,1.134,0.8802,41.5,47.0,5.5,11.1729,6.6992,66.5,62.1,-4.4,22.3271,31.2008,8.8737,0.1079,0.5024,0.6103,0.7955,0.55,0.225,0.0,0.8728,0.7123,0.6117,0.9167,0.7038,0.2685,0.4073,0.9238,-0.0005,0.3777,0.5463,0.0012,0.0,0.12,0.22,0.6,0.012,0.0458,0.0,0.6704,0.3296,0.9,0.88,1.0,0.38,25.0,0.3,2.3,0.55,0.0,0.0,1.5,6.0,0.2,0.0001,0.0003,0.0001,0.0013,0.0001,0.0006,0.0,-0.0001,-0.0002,-0.0001,0.3887,0.2957,0.2069,0.4023,0.4945,0.2312,0.4793,0.3659,0.4717,0.4412,moderate,20,37
24,25,1,+1,31.3,emerging_mover,False,0.41,11,2,Cluster 11,scenario_projection,UNDP_HDR_2025_Table_1,2023,Luxembourg,LUX,Luxembourg,0.922,0.927,0.005,0.927,0.922,673042,un_wpp_owid_2024,791461,un_wpp_owid_2050,0.8894,-0.0326,0.8894,-0.0326,0.9257,0.0037,0.9014,0.9257,0.9317,0.9317,0.9014,True,True,82.229,85461.2483,14.358,12.5894,0.9151,0.7922,0.9704,0.954322,0.831219,1.0,0.9257,-2.8e-07,82.229,85461.2483,14.358,12.5894,1.1,1.134,0.9152,39.5,44.0,4.5,13.3655,9.2996,67.0,63.4,-3.6,19.6345,27.3004,7.6658,0.1467,0.4306,0.5773,0.8579,0.6091,0.275,0.0,0.6955,0.7649,0.472,0.9167,0.717,0.3766,0.3199,0.9675,0.0004,0.4092,0.5431,0.0012,0.0,0.12,0.22,0.6,0.0117,0.0488,0.0,0.6423,0.3577,0.738,0.7216,1.04,0.38,25.0,0.3,2.3,0.55,0.0,0.0,1.5,6.0,0.2,0.0,0.0005,0.0001,0.0021,0.0006,0.0009,0.0,-0.0001,-0.0003,-0.0001,0.4281,0.3153,0.2069,0.4338,0.5362,0.239,0.5108,0.4068,0.5222,0.4927,slow_growth,20,38
25,20,-5,-5,29.96,stable_or_slow,False,0.56,12,3,Cluster 12,scenario_projection,UNDP_HDR_2025_Table_1,2023,Korea (Republic of),KOR,South Korea,0.937,0.929,-0.008,0.929,0.937,51717587,un_wpp_owid_2024,45143134,un_wpp_owid_2050,0.8977,-0.0393,0.8977,-0.0393,0.9212,-0.0158,0.9022,0.9212,0.9275,0.9275,0.9022,False,False,84.329,49726.4533,16.6186,12.7222,0.946,0.8568,0.8926,0.970104,0.880204,0.915504,0.9212,6e-08,84.329,49726.4533,16.6186,12.7222,1.1,1.134,0.854,43.7,53.0,9.3,8.0195,3.0352,69.5,62.06,-7.44,22.4805,34.9048,12.4243,0.0489,0.5624,0.6113,0.7524,0.5482,0.035,0.0,1.0,0.691,0.7098,0.8393,0.6904,0.1782,0.4538,0.8915,-0.0008,0.5609,0.565,0.001,0.0,0.12,0.22,0.6,0.0121,0.0567,0.0,0.6774,0.3226,0.9,0.88,1.0,0.3398,3.7684,0.0785,1.7142,0.7913,0.354,1.0065,3.2044,10.0507,0.1408,0.0006,0.0015,0.0005,0.0077,-0.0003,0.0042,0.0,-0.0,-0.0003,-0.0008,0.5763,0.5901,0.5409,0.4532,0.6084,0.5154,0.596,0.5268,0.592,0.6103,moderate,23,37
26,29,3,+3,32.38,emerging_mover,False,0.38,12,3,Cluster 12,scenario_projection,UNDP_HDR_2025_Table_1,2023,San Marino,SMR,San Marino,0.915,0.921,0.006,0.921,0.915,33606,un_wpp_owid_2024,33719,un_wpp_owid_2050,0.8803,-0.0347,0.8803,-0.0347,0.922,0.007,0.8935,0.922,0.9284,0.9284,0.8935,True,True,85.706,64706.3756,14.5998,11.36,0.9663,0.7589,0.9304,0.999948,0.805858,0.97265,0.922,-1.7e-07,85.706,64706.3756,14.5998,11.36,0.9,1.134,0.9611,28.0,35.0,7.0,27.9906,23.3987,65.0,59.4,-5.6,7.0094,17.2013,10.1919,0.3939,0.2896,0.6835,0.9109,0.4273,0.15,0.0485,0.2364,0.5091,0.1859,0.9167,0.6727,0.4313,0.2508,0.986,0.0007,0.3836,0.5323,0.0013,0.0,0.12,0.22,0.6,0.012,0.0463,0.0,0.6844,0.3156,0.9,0.88,1.0,0.38,25.0,0.3,2.3,0.55,0.0,0.0,1.5,6.0,0.2,0.0001,0.0011,0.0001,0.0033,0.0018,0.0015,0.0,-0.0002,-0.0005,-0.0002,0.3887,0.3043,0.2069,0.416,0.5127,0.2346,0.4931,0.3728,0.4696,0.4373,moderate,22,43
27,32,5,+5,33.44,fast_converger,True,0.39,12,3,Cluster 12,scenario_projection,UNDP_HDR_2025_Table_1,2023,Andorra,AND,Andorra,0.913,0.926,0.013,0.926,0.913,81955,un_wpp_owid_2024,82213,un_wpp_owid_2050,0.8754,-0.0376,0.8754,-0.0376,0.9203,0.0073,0.8915,0.9203,0.9268,0.9268,0.8915,True,True,84.041,64631.0749,14.5428,11.61,0.9418,0.7657,0.9302,0.985627,0.812822,0.972927,0.9203,2e-08,84.041,64631.0749,14.5428,11.61,0.9,1.134,0.9611,28.0,35.0,7.0,27.9906,23.3987,65.0,59.4,-5.6,7.0094,17.2013,10.1919,0.3939,0.2896,0.6835,0.9109,0.4273,0.15,0.0485,0.2364,0.5097,0.1858,0.9167,0.6759,0.432,0.2508,0.9867,0.0007,0.3865,0.5399,0.0014,0.0,0.12,0.22,0.6,0.012,0.0464,0.0,0.6868,0.3132,0.9,0.88,1.0,0.38,25.0,0.3,2.3,0.55,0.0,0.0,1.5,6.0,0.2,0.0001,0.0011,0.0002,0.0034,0.0018,0.0015,0.0,-0.0002,-0.0005,-0.0003,0.3966,0.3042,0.2069,0.416,0.5126,0.2346,0.493,0.3778,0.4764,0.4466,moderate,23,46
28,26,-2,-2,30.97,emerging_mover,False,0.53,13,1,Cluster 13,scenario_projection,UNDP_HDR_2025_Table_1,2023,France,FRA,France,0.92,0.91,-0.01,0.91,0.92,66548532,un_wpp_owid_2024,68219681,un_wpp_owid_2050,0.8815,-0.0385,0.8815,-0.0385,0.9197,-0.0003,0.9007,0.9197,0.9262,0.9262,0.9007,True,True,83.325,55060.1604,16.0951,11.7657,0.9312,0.8109,0.9072,0.971538,0.846033,0.946437,0.9197,1.7e-07,83.325,55060.1604,16.0951,11.7657,1.1,1.134,0.8578,41.7,46.0,4.3,12.0885,8.0989,63.0,59.56,-3.44,24.9115,32.3411,7.4296,0.136,0.543,0.679,0.7481,0.4345,0.285,0.0,0.9246,0.7491,0.6337,0.7683,0.6306,0.1928,0.475,0.8817,-0.0011,0.5299,0.568,0.0013,0.0,0.12,0.22,0.6,0.0119,0.0559,0.0,0.708,0.292,0.738,0.7216,1.04,0.2946,2.5457,0.1326,1.5439,0.8372,0.9756,1.1407,3.028,8.303,0.1734,0.0,0.0,0.0,0.0002,-0.0,0.0001,0.0,-0.0,-0.0,-0.0,0.5589,0.5025,0.4532,0.4814,0.5539,0.4449,0.6007,0.5116,0.5822,0.6094,slow_growth,23,38
29,29,0,0,29.72,stable_or_slow,False,0.49,14,3,Cluster 14,scenario_projection,UNDP_HDR_2025_Table_1,2023,Czechia,CZE,Czechia,0.915,0.902,-0.013,0.902,0.915,10735857,un_wpp_owid_2024,9825542,un_wpp_owid_2050,0.8768,-0.0382,0.8768,-0.0382,0.9158,0.0008,0.8964,0.9158,0.9225,0.9225,0.8964,True,True,79.834,45889.014,16.7935,12.9632,0.8799,0.8694,0.881,0.919149,0.908249,0.920049,0.9158,-8e-08,79.834,45889.014,16.7935,12.9632,1.07,1.134,0.8515,43.3,48.5,5.2,9.7637,5.776,64.5,60.34,-4.16,25.7363,33.884,8.1477,0.0957,0.5616,0.6573,0.7409,0.47,0.24,0.0,0.9947,0.6911,0.706,0.7059,0.6527,0.1771,0.4847,0.8797,-0.0015,0.4936,0.559,0.0014,0.0,0.12,0.22,0.6,0.012,0.0532,0.0,0.7498,0.2502,0.9,0.88,1.0,0.3171,4.2528,0.1195,1.3943,0.7696,0.3675,1.4654,4.0799,9.3997,0.0682,0.0,0.0001,0.0001,0.0004,-0.0,0.0002,0.0,-0.0,-0.0,-0.0,0.5097,0.4698,0.4122,0.4279,0.5944,0.3988,0.5817,0.4374,0.5373,0.5672,moderate,25,40
30,32,2,+2,29.67,stable_or_slow,False,0.36,14,3,Cluster 14,scenario_projection,UNDP_HDR_2025_Table_1,2023,Cyprus,CYP,Cyprus,0.913,0.907,-0.006,0.907,0.913,1358287,un_wpp_owid_2024,1508484,un_wpp_owid_2050,0.8752,-0.0378,0.8752,-0.0378,0.9165,0.0035,0.8907,0.9165,0.9233,0.9233,0.8907,True,True,81.648,45394.1562,16.2156,12.5574,0.9066,0.8409,0.8795,0.948235,0.882233,0.920234,0.9165,1e-07,81.648,45394.1562,16.2156,12.5574,1.06,1.134,0.9091,38.2,44.0,5.8,14.7542,9.4369,67.5,62.86,-4.64,17.7458,27.7031,9.9574,0.1501,0.4407,0.5908,0.846,0.5845,0.21,0.0,0.7138,0.6413,0.5215,0.9167,0.7318,0.3497,0.3361,0.9605,-0.0002,0.362,0.5378,0.0014,0.0,0.12,0.22,0.6,0.0123,0.0441,0.0,0.6636,0.3364,0.9,0.88,1.0,0.38,25.0,0.3,2.3,0.55,0.0,0.0,1.5,6.0,0.2,0.0002,0.0004,0.0002,0.0019,0.0006,0.0008,0.0,-0.0001,-0.0003,-0.0002,0.3493,0.2901,0.2069,0.3935,0.4828,0.229,0.4705,0.3364,0.454,0.4074,moderate,25,46
31,38,7,+7,39.93,fast_converger,True,0.38,14,3,Cluster 14,scenario_projection,UNDP_HDR_2025_Table_1,2023,Bahrain,BHR,Bahrain,0.899,0.888,-0.011,0.888,0.899,1607059,un_wpp_owid_2024,2139472,un_wpp_owid_2050,0.8605,-0.0385,0.8605,-0.0385,0.917,0.018,0.875,0.917,0.9238,0.9238,0.875,True,True,81.284,52818.7954,15.9272,11.13,0.9012,0.7846,0.9012,0.953665,0.849269,0.952065,0.917,-2.1e-07,81.284,52818.7954,15.9272,11.13,1.03,1.134,1.015,32.1,38.5,6.4,18.0204,13.9938,73.5,68.38,-5.12,8.4796,17.6262,9.1466,0.2046,0.2578,0.4624,0.9679,0.8355,0.18,0.0,0.2557,0.6017,0.1911,0.9167,0.8028,0.6364,0.0921,1.0846,0.0025,0.375,0.5935,0.0018,0.0,0.45,0.35,0.68,0.0713,0.0922,0.0,0.6395,0.3605,1.0,1.0,1.0,0.38,25.0,0.3,2.3,0.55,0.0,0.0,1.5,6.0,0.2,0.0005,0.0023,0.0007,0.0069,0.0066,0.0034,0.0,-0.0004,-0.0011,-0.0009,0.3769,0.2962,0.2069,0.4031,0.4956,0.2314,0.4801,0.3588,0.4691,0.4323,moderate,25,57
32,28,-4,-4,27.42,stable_or_slow,False,0.51,15,2,Cluster 15,scenario_projection,UNDP_HDR_2025_Table_1,2023,Spain,ESP,Spain,0.918,0.911,-0.007,0.911,0.918,47910533,un_wpp_owid_2024,44928562,un_wpp_owid_2050,0.8765,-0.0415,0.8765,-0.0415,0.911,-0.007,0.8923,0.911,0.9181,0.9181,0.8923,True,True,83.67,46008.4422,17.8303,10.7561,0.9363,0.816,0.8814,0.972751,0.848745,0.915748,0.911,-1.7e-07,83.67,46008.4422,17.8303,10.7561,1.07,1.134,0.814,45.5,51.0,5.5,7.9827,4.3564,62.5,58.1,-4.4,29.5173,37.5436,8.0263,0.075,0.6462,0.7212,0.6686,0.3682,0.225,0.0,1.0,0.6977,0.707,0.7711,0.5953,0.1066,0.5323,0.845,-0.0018,0.5084,0.5598,0.0013,0.0,0.12,0.22,0.6,0.0119,0.0543,0.0,0.7442,0.2558,0.9,0.88,1.0,0.3177,3.9298,0.092,1.5506,0.7515,0.6577,1.2309,3.447,9.0501,0.1476,0.0003,0.0008,0.0002,0.0031,-0.0006,0.0016,0.0,-0.0,-0.0001,-0.0003,0.5321,0.4656,0.4073,0.4637,0.6084,0.4007,0.5943,0.4651,0.5622,0.5846,moderate,29,45
33,43,10,+10,43.58,fast_converger,True,0.41,15,2,Cluster 15,scenario_projection,UNDP_HDR_2025_Table_1,2023,Qatar,QAT,Qatar,0.886,0.858,-0.028,0.858,0.886,3048429,un_wpp_owid_2024,4164465,un_wpp_owid_2050,0.8631,-0.0229,0.8631,-0.0229,0.9113,0.0253,0.863,0.9113,0.9185,0.9185,0.863,True,False,82.368,105353.268,13.1412,10.77,0.9172,0.701,1.0,0.969681,0.780484,0.99998,0.9113,7e-08,82.368,105353.268,13.1412,10.77,1.05,1.134,1.1141,33.7,40.5,6.8,9.364,7.5331,85.0,79.56,-5.44,5.636,12.9069,7.2709,0.0947,0.1622,0.2569,0.8169,1.0,0.16,0.0,0.0412,0.6274,0.0304,0.9167,0.8005,0.7346,0.0148,1.1217,0.0038,0.4053,0.5934,0.0021,0.0,0.88,0.5,0.58,0.2113,0.092,0.0,0.6413,0.3587,1.0,1.0,1.0,0.38,25.0,0.3,2.3,0.55,0.0,0.0,1.5,6.0,0.2,0.0,0.004,0.0007,0.0092,0.0102,0.0044,0.0,-0.0005,-0.0013,-0.0014,0.4084,0.3174,0.2069,0.4371,0.5406,0.2399,0.5141,0.3959,0.5164,0.4765,moderate,29,66
34,23,-11,-11,24.18,stable_or_slow,False,0.53,16,4,Cluster 16,scenario_projection,UNDP_HDR_2025_Table_1,2023,Japan,JPN,Japan,0.925,0.92,-0.005,0.92,0.925,123753041,un_wpp_owid_2024,105123163,un_wpp_owid_2050,0.8869,-0.0381,0.8869,-0.0381,0.9058,-0.0192,0.8873,0.9058,0.9133,0.9133,0.8873,False,False,84.712,47774.6097,15.512,12.684,0.9516,0.8265,0.8868,0.970945,0.84564,0.905142,0.9058,-6e-08,84.712,47774.6097,15.512,12.684,1.1,1.134,0.7632,48.6,54.5,5.9,5.8931,3.6576,59.0,54.28,-4.72,35.1069,42.0624,6.9555,0.0674,0.7749,0.8423,0.5651,0.1945,0.205,0.0,1.0,0.6906,0.71,0.8152,0.5382,0.0028,0.6188,0.7954,-0.002,0.5328,0.5692,0.0012,0.0,0.12,0.22,0.6,0.0117,0.0568,0.0,0.6399,0.3601,0.648,0.616,1.12,0.2698,4.3004,0.0786,1.6565,0.789,1.0425,1.0806,4.1071,9.7249,0.1351,0.0007,0.002,0.0004,0.0082,-0.0028,0.0042,0.0,-0.0,-0.0003,-0.0006,0.5615,0.5586,0.4708,0.4398,0.5899,0.4312,0.6044,0.4991,0.5663,0.6063,stagnant,32,47
35,36,1,+1,30.16,emerging_mover,False,0.52,16,4,Cluster 16,scenario_projection,UNDP_HDR_2025_Table_1,2023,Estonia,EST,Estonia,0.905,0.899,-0.006,0.899,0.905,1360548,un_wpp_owid_2024,1174264,un_wpp_owid_2050,0.8671,-0.0379,0.8671,-0.0379,0.9059,0.0009,0.8863,0.9059,0.9135,0.9135,0.8863,True,True,79.153,40880.9304,15.9679,13.5622,0.8699,0.8671,0.8644,0.908903,0.906003,0.902803,0.9059,-4.3e-07,79.153,40880.9304,15.9679,13.5622,1.07,1.134,0.8318,42.4,48.5,6.1,11.0771,6.0265,63.5,58.62,-4.88,25.4229,35.3535,9.9306,0.1028,0.6031,0.7059,0.7008,0.3918,0.195,0.0,1.0,0.7215,0.697,0.7542,0.6317,0.1245,0.5214,0.8571,-0.0023,0.5226,0.558,0.0016,0.0,0.12,0.22,0.6,0.012,0.0551,0.0,0.7564,0.2436,0.9,0.88,1.0,0.3017,3.4847,0.132,1.5101,0.7223,0.7762,1.0241,4.0677,10.5438,0.1418,0.0001,0.0001,0.0001,0.0005,-0.0001,0.0003,0.0,-0.0,-0.0,-0.0,0.5173,0.5065,0.4521,0.4677,0.6081,0.4411,0.5919,0.474,0.5831,0.5843,moderate,32,47
36,37,1,+1,32.48,emerging_mover,False,0.39,16,4,Cluster 16,scenario_projection,UNDP_HDR_2025_Table_1,2023,Saudi Arabia,SAU,Saudi Arabia,0.9,0.875,-0.025,0.875,0.9,33962751,un_wpp_owid_2024,47693912,un_wpp_owid_2050,0.861,-0.039,0.861,-0.039,0.904,0.004,0.8748,0.904,0.9119,0.9119,0.8748,True,True,78.732,50298.9136,16.9494,11.6064,0.8637,0.8265,0.8942,0.906322,0.869721,0.937223,0.904,9e-08,78.732,50298.9136,16.9494,11.6064,1.02,1.134,0.9816,31.8,38.5,6.7,20.3542,15.4277,70.5,65.14,-5.36,9.1458,19.4323,10.2865,0.2368,0.2983,0.5352,0.9719,0.6882,0.165,0.0,0.3378,0.4665,0.2716,0.9167,0.7823,0.5466,0.161,1.0474,0.0014,0.3886,0.61,0.0018,0.0,0.8,0.6,0.55,0.2493,0.038,0.0,0.5627,0.4373,0.9,0.88,1.0,0.38,25.0,0.3,2.3,0.55,0.0,0.0,1.5,6.0,0.2,0.0001,0.0005,0.0002,0.0016,0.0013,0.0009,0.0,-0.0001,-0.0003,-0.0003,0.4374,0.2942,0.2069,0.4392,0.4915,0.2306,0.477,0.3698,0.4783,0.4607,moderate,32,58
37,39,2,+2,32.05,emerging_mover,False,0.52,16,4,Cluster 16,scenario_projection,UNDP_HDR_2025_Table_1,2023,Lithuania,LTU,Lithuania,0.895,0.875,-0.02,0.875,0.895,2859112,un_wpp_owid_2024,2258767,un_wpp_owid_2050,0.8576,-0.0374,0.8576,-0.0374,0.9046,0.0096,0.877,0.9046,0.9123,0.9123,0.877,True,False,76.025,41916.4658,16.4547,13.6107,0.8239,0.8818,0.868,0.872126,0.929827,0.912827,0.9046,8e-08,76.025,41916.4658,16.4547,13.6107,1.07,1.134,0.825,44.6,50.0,5.4,8.7688,4.9255,63.0,58.68,-4.32,28.2312,36.3945,8.1633,0.0839,0.6202,0.7042,0.6896,0.3945,0.23,0.0,1.0,0.682,0.7135,0.747,0.6346,0.13,0.5201,0.8591,-0.0029,0.5211,0.5599,0.0018,0.0,0.12,0.22,0.6,0.012,0.1207,0.0,0.7791,0.2209,1.0,1.0,1.0,0.3459,3.9519,0.084,1.4927,0.7846,1.0564,1.5578,3.0848,10.2014,0.1443,0.0006,0.0009,0.0013,0.0053,-0.0008,0.0029,0.0,-0.0,-0.0002,-0.0004,0.5088,0.5001,0.4473,0.4746,0.6222,0.4376,0.6131,0.4755,0.5687,0.5635,moderate,32,56
38,29,-9,-9,25.0,stable_or_slow,False,0.51,17,3,Cluster 17,scenario_projection,UNDP_HDR_2025_Table_1,2023,Italy,ITA,Italy,0.915,0.903,-0.012,0.903,0.915,59342870,un_wpp_owid_2024,51891098,un_wpp_owid_2050,0.8744,-0.0406,0.8744,-0.0406,0.9007,-0.0143,0.8822,0.9007,0.9087,0.9087,0.8822,False,True,83.716,52388.8831,16.7142,10.8281,0.937,0.7927,0.9001,0.964384,0.817986,0.926285,0.9007,1e-08,83.716,52388.8831,16.7142,10.8281,1.05,1.134,0.7783,48.0,53.5,5.5,6.2189,3.552,60.0,55.6,-4.4,33.7811,40.848,7.0669,0.0639,0.7347,0.7986,0.5968,0.2545,0.225,0.0,1.0,0.6467,0.7284,0.902,0.5608,0.0407,0.5875,0.8137,-0.0025,0.5125,0.5618,0.0013,0.0,0.12,0.22,0.6,0.0122,0.0534,0.0,0.6032,0.3968,0.9,0.88,1.0,0.3252,3.2316,0.0502,1.8648,0.7173,0.7173,0.8847,3.346,9.2592,0.2099,0.0004,0.0019,0.0005,0.0058,-0.0018,0.0032,0.0,-0.0,-0.0001,-0.0005,0.5355,0.454,0.4045,0.4858,0.604,0.403,0.5926,0.4911,0.5742,0.5798,moderate,34,52
39,35,-4,-4,24.06,stable_or_slow,False,0.37,17,3,Cluster 17,scenario_projection,UNDP_HDR_2025_Table_1,2023,Poland,POL,Poland,0.906,0.881,-0.025,0.881,0.906,38539209,un_wpp_owid_2024,32814092,un_wpp_owid_2050,0.8686,-0.0374,0.8686,-0.0374,0.9021,-0.0039,0.8829,0.9021,0.9101,0.9101,0.8829,True,False,78.633,42217.6378,16.6783,13.2085,0.8622,0.8746,0.869,0.895482,0.908382,0.902482,0.9021,-8e-08,78.633,42217.6378,16.6783,13.2085,1.06,1.134,0.8412,42.0,48.0,6.0,11.3992,6.3433,64.0,59.2,-4.8,24.6008,34.4567,9.856,0.1072,0.582,0.6892,0.7189,0.4182,0.2,0.0,1.0,0.631,0.735,0.9167,0.6756,0.1482,0.5094,0.872,-0.0023,0.3662,0.5482,0.0015,0.0,0.12,0.22,0.6,0.0121,0.0622,0.0,0.6801,0.3199,0.9,0.88,1.0,0.38,25.0,0.3,2.3,0.55,0.0,0.0,1.5,6.0,0.2,0.0002,0.0003,0.0002,0.0017,-0.0002,0.0008,0.0,-0.0001,-0.0002,-0.0002,0.3769,0.2873,0.2069,0.3888,0.4767,0.2278,0.4659,0.3517,0.4545,0.4251,moderate,34,51
40,41,1,+1,32.2,emerging_mover,False,0.52,17,3,Cluster 17,scenario_projection,UNDP_HDR_2025_Table_1,2023,Croatia,HRV,Croatia,0.889,0.858,-0.031,0.858,0.889,3875325,un_wpp_owid_2024,3234155,un_wpp_owid_2050,0.8519,-0.0371,0.8519,-0.0371,0.9006,0.0116,0.8701,0.9006,0.9087,0.9087,0.8701,True,False,78.58,41379.8903,16.3482,12.0951,0.8615,0.8286,0.8661,0.911066,0.878967,0.912166,0.9006,3.2e-07,78.58,41379.8903,16.3482,12.0951,1.06,1.1025,0.835,44.3,49.5,5.2,8.9586,5.1849,63.5,59.34,-4.16,27.5414,35.4751,7.9337,0.0874,0.5978,0.6852,0.7091,0.4245,0.24,0.0,1.0,0.6568,0.7241,0.8597,0.6416,0.1489,0.5066,0.8672,-0.0031,0.5242,0.5379,0.0018,0.0,0.12,0.22,0.6,0.0121,0.1205,0.0,0.7854,0.2146,1.0,1.0,1.0,0.3128,2.2191,0.1315,1.7632,0.7781,0.6222,1.2601,3.0628,10.6056,0.0988,0.0007,0.0016,0.0013,0.0063,-0.0008,0.0034,0.0,-0.0,-0.0004,-0.0004,0.461,0.5298,0.4813,0.4764,0.6287,0.469,0.6222,0.4777,0.571,0.5245,moderate,34,64
41,34,-7,-7,26.69,stable_or_slow,False,0.52,18,3,Cluster 18,scenario_projection,UNDP_HDR_2025_Table_1,2023,Greece,GRC,Greece,0.908,0.893,-0.015,0.893,0.908,10047813,un_wpp_owid_2024,8812069,un_wpp_owid_2050,0.8677,-0.0403,0.8677,-0.0403,0.8954,-0.0126,0.8582,0.8954,0.9113,0.9113,0.8582,True,True,81.857,35760.7492,20.8455,11.5539,0.9097,0.8498,0.8452,0.938297,0.877397,0.871997,0.8954,1.3e-07,81.857,35760.7492,20.8455,11.5539,1.04,1.134,0.8034,45.6,51.0,5.4,8.0968,4.4521,61.5,57.18,-4.32,30.4032,38.3679,7.9647,0.0779,0.671,0.7489,0.6467,0.3264,0.23,0.0,1.0,0.6312,0.7349,0.8585,0.6115,0.09,0.552,0.8401,-0.0026,0.5231,0.5493,0.0014,0.0,0.12,0.22,0.6,0.0123,0.0538,0.0,0.6327,0.3673,0.648,0.616,1.12,0.3156,2.2453,0.1014,1.7605,0.8482,0.3327,1.2247,3.2407,7.6246,0.1932,0.0008,0.0012,0.0006,0.0051,-0.0012,0.003,0.0,-0.0,-0.0002,-0.0005,0.4828,0.495,0.4424,0.5,0.646,0.4375,0.6425,0.4709,0.5733,0.5402,stagnant,32,68
42,41,-1,-1,24.74,stable_or_slow,False,0.35,18,3,Cluster 18,scenario_projection,UNDP_HDR_2025_Table_1,2023,Latvia,LVA,Latvia,0.889,0.879,-0.01,0.879,0.889,1871874,un_wpp_owid_2024,1513807,un_wpp_owid_2050,0.8518,-0.0372,0.8518,-0.0372,0.8946,0.0056,0.8566,0.8946,0.9106,0.9106,0.8566,True,True,76.19,37997.8223,16.4827,13.4094,0.8263,0.876,0.8539,0.868121,0.920322,0.896121,0.8946,3e-08,76.19,37997.8223,16.4827,13.4094,1.06,1.134,0.829,44.4,50.0,5.6,8.855,4.8849,63.5,59.02,-4.48,27.645,36.0951,8.4501,0.0828,0.6116,0.6943,0.6977,0.41,0.22,0.0,1.0,0.6373,0.7324,0.9167,0.668,0.1425,0.5131,0.8687,-0.0032,0.3503,0.5307,0.0018,0.0,0.12,0.22,0.6,0.0121,0.0968,0.0,0.694,0.306,1.0,1.0,1.0,0.38,25.0,0.3,2.3,0.55,0.0,0.0,1.5,6.0,0.2,0.0005,0.0007,0.0006,0.0038,-0.0005,0.0016,0.0,-0.0002,-0.0005,-0.0005,0.3296,0.2831,0.2069,0.3821,0.4678,0.2261,0.4592,0.3182,0.4408,0.3888,moderate,34,69
43,44,1,+1,32.11,emerging_mover,False,0.51,18,3,Cluster 18,scenario_projection,UNDP_HDR_2025_Table_1,2023,Slovakia,SVK,Slovakia,0.88,0.855,-0.025,0.855,0.88,5506759,un_wpp_owid_2024,4936493,un_wpp_owid_2050,0.8438,-0.0362,0.8438,-0.0362,0.8937,0.0137,0.857,0.8937,0.9098,0.9098,0.857,True,False,78.341,36792.9887,14.9468,13.1032,0.858,0.8246,0.8493,0.908866,0.876368,0.896167,0.8937,3e-08,78.341,36792.9887,14.9468,13.1032,1.06,1.1025,0.849,41.2,47.0,5.8,12.3788,7.1835,64.0,59.36,-4.64,23.6212,33.4565,9.8354,0.121,0.5636,0.6846,0.7326,0.4255,0.21,0.0,0.9753,0.6642,0.7032,0.7344,0.6245,0.1539,0.4973,0.8674,-0.0035,0.5118,0.539,0.002,0.0,0.12,0.22,0.6,0.0121,0.1184,0.0,0.7927,0.2073,1.0,1.0,1.0,0.3014,4.3108,0.0605,1.4624,0.8742,0.6232,1.4315,3.7643,9.6226,0.1652,0.001,0.0018,0.0015,0.0069,-0.0008,0.0039,0.0,-0.0,-0.0002,-0.0004,0.4492,0.5058,0.4511,0.4658,0.6357,0.4482,0.6244,0.4607,0.5531,0.5244,moderate,34,69
44,40,-4,-4,28.99,stable_or_slow,False,0.52,19,3,Cluster 19,scenario_projection,UNDP_HDR_2025_Table_1,2023,Portugal,PRT,Portugal,0.89,0.874,-0.016,0.874,0.89,10425291,un_wpp_owid_2024,9770270,un_wpp_owid_2050,0.8476,-0.0424,0.8476,-0.0424,0.8921,0.0021,0.8554,0.8921,0.9084,0.9084,0.8554,True,True,82.36,41063.9257,17.4868,9.7033,0.9171,0.7676,0.865,0.96428,0.809283,0.909781,0.8921,-1.2e-07,82.36,41063.9257,17.4868,9.7033,1.07,1.134,0.8081,46.2,51.5,5.3,7.4247,4.0982,62.0,57.76,-4.24,30.5753,38.1418,7.5665,0.071,0.6604,0.7313,0.6571,0.3527,0.235,0.0,1.0,0.6764,0.7159,0.8569,0.5806,0.097,0.5395,0.8391,-0.0034,0.5192,0.5569,0.0018,0.0,0.12,0.22,0.6,0.012,0.1209,0.0,0.715,0.285,1.0,1.0,1.0,0.3088,2.6204,0.0971,1.7566,0.7684,0.6509,1.2612,2.8642,8.4677,0.1811,0.0001,0.0004,0.0001,0.0012,-0.0003,0.0006,0.0,-0.0,-0.0001,-0.0001,0.5042,0.5065,0.4514,0.4667,0.6145,0.4466,0.5954,0.4808,0.5603,0.5656,moderate,34,69
45,45,0,0,29.28,stable_or_slow,False,0.35,19,3,Cluster 19,scenario_projection,UNDP_HDR_2025_Table_1,2023,Chile,CHL,Chile,0.878,0.86,-0.018,0.86,0.878,19764774,un_wpp_owid_2024,20320305,un_wpp_owid_2050,0.8404,-0.0376,0.8404,-0.0376,0.8932,0.0152,0.8549,0.8932,0.9095,0.9095,0.8549,True,True,81.167,28047.1698,16.9124,11.2911,0.8995,0.8143,0.8102,0.949481,0.870483,0.862183,0.8932,-8e-08,81.167,28047.1698,16.9124,11.2911,1.06,1.134,0.9018,35.5,44.0,8.5,17.2806,9.6046,69.0,62.2,-6.8,13.7194,28.1954,14.476,0.1544,0.4533,0.6077,0.8315,0.5545,0.075,0.0,0.7362,0.0,0.7362,0.9167,0.7086,0.2986,0.3562,0.9409,-0.0024,0.3486,0.5841,0.0022,0.0,0.45,0.42,0.68,0.0833,0.0914,0.3178,0.7172,0.2828,1.0,1.0,1.0,0.38,25.0,0.3,2.3,0.55,0.0,0.0,1.5,6.0,0.2,0.0016,0.0021,0.0007,0.008,0.0017,0.0036,0.0,-0.0004,-0.0011,-0.001,0.369,0.271,0.2069,0.3628,0.4422,0.2213,0.4398,0.3336,0.4306,0.4092,moderate,34,69
46,58,12,+12,57.86,rapid_industrializer,False,0.32,19,3,Cluster 19,scenario_projection,UNDP_HDR_2025_Table_1,2023,Saint Kitts and Nevis,KNA,Saint Kitts & Nevis,0.84,0.78,-0.06,0.78,0.84,46867,un_wpp_owid_2024,44274,un_wpp_owid_2050,0.8016,-0.0384,0.8016,-0.0384,0.8924,0.0524,0.8166,0.8924,0.9089,0.9089,0.8166,True,False,72.145,29105.4374,18.407,10.8494,0.7668,0.8235,0.8156,0.857063,0.92016,0.901161,0.8924,-1.4e-07,72.145,29105.4374,18.407,10.8494,0.9,1.0302,1.0174,35.5,35.0,-0.5,19.5103,19.9407,65.0,65.4,0.4,15.4897,14.6593,-0.8304,0.3049,0.2241,0.5291,0.9919,0.7,0.525,0.0,0.1209,0.0,0.1209,0.9167,0.7961,0.6968,0.0786,1.1005,0.005,0.3241,0.4831,0.0025,0.0,0.12,0.22,0.6,0.0126,0.186,0.3461,0.742,0.258,1.0,1.0,1.0,0.38,25.0,0.3,2.3,0.55,0.0,0.0,1.5,6.0,0.2,0.0035,0.005,0.0045,0.0175,0.0196,0.0079,0.0,-0.001,-0.0028,-0.0017,0.2902,0.2725,0.2069,0.3651,0.4453,0.2219,0.4422,0.2847,0.3825,0.3295,moderate,34,103
47,67,20,+20,63.91,rapid_industrializer,True,0.4,20,1,Cluster 20,scenario_projection,UNDP_HDR_2025_Table_1,2023,Malaysia,MYS,Malaysia,0.819,0.803,-0.016,0.803,0.819,35557670,un_wpp_owid_2024,44289762,un_wpp_owid_2050,0.7852,-0.0338,0.7852,-0.0338,0.8901,0.0711,0.795,0.8901,0.9119,0.9119,0.795,True,True,76.657,32553.0911,12.6764,11.09,0.8332,0.6987,0.8317,0.925442,0.827437,0.920942,0.8901,1e-08,76.657,32553.0911,12.6764,11.09,1.02,1.134,0.9682,30.3,38.0,7.7,22.4805,16.9228,69.5,63.34,-6.16,8.0195,19.7372,11.7177,0.2672,0.3116,0.5788,0.9441,0.6064,0.115,0.0,0.3517,0.0,0.3517,0.8576,0.686,0.4765,0.1972,1.0086,0.0004,0.3963,0.5981,0.0034,0.0,0.12,0.22,0.6,0.0128,0.401,0.3928,0.7929,0.2071,1.22,1.22,0.96,0.3993,23.4989,0.2061,2.4419,0.592,-0.0288,0.0455,2.0508,6.6059,0.1338,0.0046,0.0125,0.0051,0.0264,0.017,0.0138,0.0,-0.003,-0.0028,-0.0025,0.4507,0.319,0.3401,0.3544,0.4892,0.2793,0.4555,0.339,0.4279,0.5082,frontier_jumper,32,122
48,50,2,+2,37.29,emerging_mover,False,0.36,21,3,Cluster 21,scenario_projection,UNDP_HDR_2025_Table_1,2023,Oman,OMN,Oman,0.858,0.816,-0.042,0.816,0.858,5281542,un_wpp_owid_2024,7826998,un_wpp_owid_2050,0.8226,-0.0354,0.8226,-0.0354,0.8863,0.0283,0.834,0.8863,0.9037,0.9037,0.834,True,False,80.031,36096.0412,13.4393,11.89,0.8828,0.7449,0.8465,0.939433,0.819228,0.904631,0.8863,-1.2e-07,80.031,36096.0412,13.4393,11.89,1.02,1.134,1.0132,30.6,37.0,6.4,20.3846,16.56,72.0,66.88,-5.12,7.6154,16.56,8.9446,0.2476,0.2476,0.4952,0.9881,0.7673,0.18,0.0,0.2073,0.0,0.2073,0.9167,0.7708,0.625,0.0855,1.078,0.0028,0.3576,0.5892,0.0026,0.0,0.72,0.55,0.5,0.2079,0.0906,0.2965,0.6668,0.3332,1.0,1.0,1.0,0.38,25.0,0.3,2.3,0.55,0.0,0.0,1.5,6.0,0.2,0.0016,0.0041,0.0012,0.0102,0.0099,0.0051,0.0,-0.0006,-0.0016,-0.0016,0.369,0.281,0.2069,0.3789,0.4635,0.2253,0.4559,0.3417,0.4406,0.413,moderate,38,89
49,53,4,+4,39.29,emerging_mover,False,0.32,21,3,Cluster 21,scenario_projection,UNDP_HDR_2025_Table_1,2023,Antigua and Barbuda,ATG,Antigua & Barbuda,0.851,0.78,-0.071,0.78,0.851,93782,un_wpp_owid_2024,95062,un_wpp_owid_2050,0.8149,-0.0361,0.8149,-0.0361,0.8861,0.0351,0.8276,0.8861,0.9035,0.9035,0.8276,True,False,77.598,27386.5179,15.503,11.6475,0.847,0.7918,0.8068,0.91229,0.871191,0.875391,0.8861,1.1e-07,77.598,27386.5179,15.503,11.6475,0.9,1.0302,1.0136,35.0,35.0,0.0,20.1713,20.1713,65.0,65.0,0.0,14.8287,14.8287,0.0,0.3103,0.2281,0.5385,0.9865,0.6818,0.5,0.0,0.1286,0.0,0.1286,0.9167,0.7754,0.6775,0.088,1.0908,0.0042,0.3216,0.4839,0.0023,0.0,0.12,0.22,0.6,0.0126,0.0984,0.3302,0.7266,0.2734,1.0,1.0,1.0,0.38,25.0,0.3,2.3,0.55,0.0,0.0,1.5,6.0,0.2,0.0026,0.004,0.0019,0.012,0.0129,0.0054,0.0,-0.0007,-0.0019,-0.0012,0.2902,0.27,0.2069,0.3613,0.4402,0.2209,0.4383,0.2827,0.3785,0.3275,moderate,38,96
50,60,10,+10,55.3,rapid_industrializer,True,0.42,21,3,Cluster 21,scenario_projection,UNDP_HDR_2025_Table_1,2023,Kazakhstan,KAZ,Kazakhstan,0.837,0.811,-0.026,0.811,0.837,20592574,un_wpp_owid_2024,26544266,un_wpp_owid_2050,0.8017,-0.0353,0.8017,-0.0353,0.8857,0.0487,0.8118,0.8857,0.9032,0.9032,0.8118,True,False,74.402,30988.5284,14.0086,12.5472,0.8,0.7812,0.8246,0.881603,0.874703,0.901003,0.8857,-1e-08,74.402,30988.5284,14.0086,12.5472,1.0,1.134,0.9613,30.8,37.5,6.7,23.4614,18.2023,67.5,62.14,-5.36,9.0386,19.6577,10.6191,0.2929,0.3163,0.6093,0.9288,0.5518,0.165,0.0,0.3481,0.0,0.3481,0.8732,0.7132,0.468,0.2176,1.0073,0.0004,0.421,0.5923,0.003,0.0,0.58,0.58,0.5,0.1804,0.1877,0.3444,0.7127,0.2873,1.08,1.08,0.96,0.3841,23.5449,0.1883,2.4043,0.6631,-0.2695,-0.1777,2.1301,5.9683,0.1165,0.0034,0.0064,0.0044,0.0177,0.0121,0.0104,0.0,-0.0013,-0.0018,-0.0025,0.4665,0.3627,0.3045,0.3817,0.5289,0.3052,0.5023,0.3749,0.4611,0.522,fast_converger,38,110
51,48,-3,-3,30.03,emerging_mover,False,0.4,22,3,Cluster 22,scenario_projection,UNDP_HDR_2025_Table_1,2023,Uruguay,URY,Uruguay,0.862,0.83,-0.032,0.83,0.862,3386583,un_wpp_owid_2024,3254355,un_wpp_owid_2050,0.8224,-0.0396,0.8224,-0.0396,0.8814,0.0194,0.8401,0.8814,0.8994,0.8994,0.8401,True,False,78.138,28649.822,17.484,10.54,0.855,0.7999,0.8133,0.911661,0.862657,0.870658,0.8814,-1e-08,78.138,28649.822,17.484,10.54,1.06,1.134,0.8686,35.8,44.5,8.7,18.2918,9.7018,66.5,59.54,-6.96,15.2082,30.7582,15.55,0.1629,0.5166,0.6795,0.7661,0.4336,0.065,0.0,0.8526,0.0,0.8526,0.9421,0.6619,0.1875,0.4495,0.89,-0.0045,0.4015,0.5591,0.0024,0.0,0.12,0.22,0.6,0.0124,0.1072,0.4055,0.8124,0.1876,1.0,1.0,1.0,0.3955,21.4097,0.1807,1.9611,0.7672,0.1603,-0.1763,2.2396,4.7715,0.0899,0.002,0.0029,0.0015,0.0103,-0.0,0.0052,0.0,-0.001,-0.0009,-0.0008,0.4587,0.3367,0.2865,0.3401,0.512,0.2843,0.4945,0.3525,0.434,0.5157,moderate,41,84
52,54,2,+2,46.52,fast_converger,False,0.32,22,3,Cluster 22,scenario_projection,UNDP_HDR_2025_Table_1,2023,Seychelles,SYC,Seychelles,0.848,0.785,-0.063,0.785,0.848,130436,un_wpp_owid_2024,141756,un_wpp_owid_2050,0.8096,-0.0384,0.8096,-0.0384,0.8833,0.0353,0.8246,0.8833,0.9011,0.9011,0.8246,True,False,72.862,29195.0379,18.2249,11.2,0.7774,0.8367,0.816,0.850423,0.914525,0.886124,0.8833,2.6e-07,72.862,29195.0379,18.2249,11.2,0.9,1.0302,0.9331,38.4,43.0,4.6,14.2836,10.1449,68.0,64.32,-3.68,17.7164,25.5351,7.8186,0.1577,0.397,0.5547,0.8907,0.6509,0.27,0.0,0.6152,0.0,0.6152,0.9167,0.7563,0.434,0.2749,0.9957,-0.0008,0.3242,0.483,0.0023,0.0,0.12,0.22,0.6,0.0126,0.1813,0.3422,0.7347,0.2653,1.0,1.0,1.0,0.38,25.0,0.3,2.3,0.55,0.0,0.0,1.5,6.0,0.2,0.0031,0.0041,0.0038,0.0143,0.008,0.0071,0.0,-0.0009,-0.0025,-0.0017,0.2902,0.2726,0.2069,0.3653,0.4456,0.2219,0.4424,0.2848,0.3827,0.3296,moderate,39,100
53,59,6,+6,49.64,fast_converger,False,0.35,22,3,Cluster 22,scenario_projection,UNDP_HDR_2025_Table_1,2023,Panama,PAN,Panama,0.839,0.805,-0.034,0.805,0.839,4515576,un_wpp_owid_2024,5630682,un_wpp_owid_2050,0.8045,-0.0345,0.8045,-0.0345,0.8825,0.0435,0.8143,0.8825,0.9005,0.9005,0.8143,True,False,79.594,34384.5681,13.3116,10.8338,0.8764,0.7076,0.8395,0.942179,0.803582,0.90778,0.8825,6e-08,79.594,34384.5681,13.3116,10.8338,1.0,1.134,0.9433,30.2,38.5,8.3,23.6811,17.1006,68.0,61.36,-6.64,8.3189,21.5394,13.2205,0.2787,0.351,0.6297,0.8967,0.5164,0.085,0.0,0.4336,0.0,0.4336,0.9167,0.6691,0.3952,0.263,0.9746,-0.0011,0.3451,0.5221,0.0026,0.0,0.12,0.22,0.6,0.013,0.1855,0.3318,0.7163,0.2837,1.08,1.08,0.96,0.38,25.0,0.3,2.3,0.55,0.0,0.0,1.5,6.0,0.2,0.003,0.0086,0.0023,0.0177,0.009,0.0089,0.0,-0.0011,-0.0029,-0.0022,0.3375,0.2791,0.2069,0.3758,0.4594,0.2245,0.4528,0.3201,0.4164,0.3785,fast_converger,41,106
54,69,15,+15,62.83,rapid_industrializer,False,0.3,23,1,Cluster 23,scenario_projection,UNDP_HDR_2025_Table_1,2023,Barbados,BRB,Barbados,0.811,0.81,-0.001,0.81,0.811,282476,un_wpp_owid_2024,264225,un_wpp_owid_2050,0.7739,-0.0371,0.7739,-0.0371,0.8806,0.0696,0.7879,0.8806,0.8988,0.8988,0.7879,True,True,76.178,17327.5205,16.628,9.9284,0.8261,0.7571,0.741,0.919149,0.875847,0.848246,0.8806,-4e-08,76.178,17327.5205,16.628,9.9284,0.9,1.0302,1.0429,39.5,35.0,-4.5,14.1755,18.0965,65.0,68.6,3.6,20.8245,13.3035,-7.521,0.2638,0.1939,0.4577,0.9649,0.8455,0.725,0.0,0.0592,0.0,0.0592,0.9167,0.8007,0.804,0.0213,1.1372,0.0084,0.3035,0.4902,0.0031,0.0,0.12,0.22,0.6,0.0125,0.2,0.3612,0.7504,0.2496,1.0,1.0,1.0,0.38,25.0,0.3,2.3,0.55,0.0,0.0,1.5,6.0,0.2,0.0066,0.0082,0.0039,0.0211,0.0271,0.0093,0.0,-0.0012,-0.0033,-0.002,0.2902,0.2518,0.2069,0.3321,0.4015,0.2136,0.4091,0.2682,0.3487,0.3129,moderate,41,124
55,46,-9,-9,24.81,stable_or_slow,False,0.35,24,2,Cluster 24,scenario_projection,UNDP_HDR_2025_Table_1,2023,Hungary,HUN,Hungary,0.87,0.846,-0.024,0.846,0.87,9676135,un_wpp_owid_2024,8725349,un_wpp_owid_2050,0.8343,-0.0357,0.8343,-0.0357,0.8776,0.0076,0.8402,0.8776,0.8963,0.8963,0.8402,True,True,77.024,37236.0746,15.4694,12.3316,0.8386,0.8139,0.851,0.880986,0.858587,0.893586,0.8776,-1.2e-07,77.024,37236.0746,15.4694,12.3316,1.05,1.1025,0.8356,43.6,49.0,5.4,9.7063,5.5648,63.5,59.18,-4.32,26.7937,35.2552,8.4616,0.094,0.5957,0.6898,0.7095,0.4173,0.23,0.0,1.0,0.0,1.0,0.9167,0.6433,0.1447,0.5098,0.8659,-0.0051,0.3479,0.5289,0.0021,0.0,0.12,0.22,0.6,0.0122,0.0989,0.3414,0.75,0.25,1.0,1.0,1.0,0.38,25.0,0.3,2.3,0.55,0.0,0.0,1.5,6.0,0.2,0.0007,0.0013,0.0007,0.0049,-0.0006,0.0021,0.0,-0.0003,-0.0007,-0.0005,0.3256,0.2823,0.2069,0.3808,0.4661,0.2258,0.4579,0.3151,0.4355,0.3832,moderate,41,84
56,52,-4,-4,34.51,emerging_mover,False,0.38,24,2,Cluster 24,scenario_projection,UNDP_HDR_2025_Table_1,2023,Kuwait,KWT,Kuwait,0.852,0.831,-0.021,0.831,0.852,4934508,un_wpp_owid_2024,6367757,un_wpp_owid_2050,0.8058,-0.0462,0.8058,-0.0462,0.8779,0.0259,0.8277,0.8779,0.8966,0.8966,0.8277,True,True,80.405,56612.047,15.9042,7.566,0.8883,0.6464,0.9112,0.952857,0.729667,0.973156,0.8779,-1.7e-07,80.405,56612.047,15.9042,7.566,1.02,1.134,1.0023,36.8,42.0,5.2,13.2,9.55,74.0,69.84,-4.16,12.8,20.61,7.81,0.1367,0.2951,0.4318,0.9181,0.9018,0.24,0.0,0.3914,0.0,0.3914,0.9167,0.7422,0.6033,0.1409,1.0582,0.002,0.379,0.5445,0.0025,0.0,0.92,0.58,0.4,0.3035,0.0897,0.2694,0.6311,0.3689,1.0,1.0,1.0,0.38,25.0,0.3,2.3,0.55,0.0,0.0,1.5,6.0,0.2,0.0006,0.0055,0.0011,0.0097,0.0082,0.0049,0.0,-0.0006,-0.0015,-0.0019,0.3808,0.2989,0.2069,0.4075,0.5015,0.2325,0.4846,0.3635,0.4755,0.4381,moderate,41,96
57,57,0,0,42.16,fast_converger,False,0.36,25,3,Cluster 25,scenario_projection,UNDP_HDR_2025_Table_1,2023,Georgia,GEO,Georgia,0.844,0.802,-0.042,0.802,0.844,3807668,un_wpp_owid_2024,3664012,un_wpp_owid_2050,0.8084,-0.0356,0.8084,-0.0356,0.875,0.031,0.8191,0.875,0.8942,0.8942,0.8191,True,False,74.496,20752.5701,16.7547,12.7,0.8014,0.8596,0.7669,0.868279,0.926477,0.83278,0.875,5e-08,74.496,20752.5701,16.7547,12.7,0.98,1.1025,0.8529,38.7,45.0,6.3,15.877,9.39,63.5,58.46,-5.04,20.623,32.15,11.527,0.1606,0.5499,0.7106,0.7355,0.3845,0.185,0.0,0.9159,0.0,0.9159,0.9311,0.669,0.1636,0.4944,0.8773,-0.0059,0.3632,0.5686,0.0027,0.0,0.12,0.22,0.6,0.013,0.187,0.3713,0.7465,0.2535,1.08,1.08,0.96,0.3617,11.8673,0.2352,1.9347,0.6928,-0.1955,0.3754,2.106,5.7767,0.1326,0.0045,0.0038,0.0044,0.0157,-0.0012,0.0089,0.0,-0.0001,-0.0021,-0.0029,0.4171,0.2876,0.2395,0.3319,0.4811,0.2426,0.459,0.3073,0.3941,0.4721,fast_converger,43,102
58,62,4,+4,47.2,fast_converger,False,0.33,25,3,Cluster 25,scenario_projection,UNDP_HDR_2025_Table_1,2023,Costa Rica,CRI,Costa Rica,0.833,0.806,-0.027,0.806,0.833,5129909,un_wpp_owid_2024,5354149,un_wpp_owid_2050,0.7921,-0.0409,0.7921,-0.0409,0.8759,0.0429,0.8095,0.8759,0.8948,0.8948,0.8095,True,False,80.799,23417.2132,16.3496,8.8448,0.8941,0.7086,0.7843,0.964919,0.806216,0.863817,0.8759,2.9e-07,80.799,23417.2132,16.3496,8.8448,1.01,1.134,0.9173,34.0,42.0,8.0,19.3214,12.0009,68.5,62.1,-6.4,12.1786,25.8991,13.7206,0.1933,0.4171,0.6103,0.8565,0.55,0.1,0.0,0.6318,0.0,0.6318,0.9167,0.6644,0.3335,0.3205,0.9487,-0.0027,0.3302,0.5301,0.0027,0.0,0.12,0.22,0.6,0.0126,0.1912,0.347,0.7363,0.2637,1.08,1.08,0.96,0.38,25.0,0.3,2.3,0.55,0.0,0.0,1.5,6.0,0.2,0.0047,0.0087,0.002,0.0189,0.0059,0.009,0.0,-0.0011,-0.003,-0.0023,0.3375,0.2638,0.2069,0.3513,0.427,0.2184,0.4283,0.3078,0.3935,0.3677,fast_converger,42,112
59,66,7,+7,54.16,rapid_industrializer,False,0.33,25,3,Cluster 25,scenario_projection,UNDP_HDR_2025_Table_1,2023,Bahamas,BHS,Bahamas,0.82,0.812,-0.008,0.812,0.82,401282,un_wpp_owid_2024,424272,un_wpp_owid_2050,0.7836,-0.0364,0.7836,-0.0364,0.8748,0.0548,0.7966,0.8748,0.8939,0.8939,0.7966,True,True,74.552,30974.6807,11.8914,12.8144,0.8022,0.7274,0.8245,0.885518,0.834617,0.905819,0.8748,-1.9e-07,74.552,30974.6807,11.8914,12.8144,0.9,1.0302,0.9947,32.5,35.0,2.5,23.3268,21.3239,65.0,63.0,-2.0,11.6732,15.6761,4.0029,0.3385,0.2488,0.5873,0.9595,0.5909,0.375,0.0,0.1671,0.0,0.1671,0.9167,0.7171,0.5897,0.1368,1.0516,0.0032,0.3265,0.4822,0.0028,0.0,0.12,0.22,0.6,0.0126,0.1984,0.3565,0.7459,0.2541,1.0,1.0,1.0,0.38,25.0,0.3,2.3,0.55,0.0,0.0,1.5,6.0,0.2,0.0036,0.0083,0.0041,0.019,0.0172,0.0086,0.0,-0.0011,-0.003,-0.0018,0.2902,0.2749,0.2069,0.3691,0.4506,0.2229,0.4461,0.2867,0.3866,0.3314,moderate,43,122
60,48,-12,-12,25.1,stable_or_slow,False,0.33,26,3,Cluster 26,scenario_projection,UNDP_HDR_2025_Table_1,2023,Montenegro,MNE,Montenegro,0.862,0.832,-0.03,0.832,0.862,638481,un_wpp_owid_2024,533299,un_wpp_owid_2050,0.8265,-0.0355,0.8265,-0.0355,0.8734,0.0114,0.8357,0.8734,0.8928,0.8928,0.8357,True,False,77.087,28026.3304,15.5365,12.7739,0.8395,0.8301,0.8101,0.885293,0.879293,0.855893,0.8734,3.7e-07,77.087,28026.3304,15.5365,12.7739,0.96,1.1025,0.8518,39.5,45.5,6.0,14.783,8.7917,63.5,58.7,-4.8,21.717,32.5083,10.7914,0.1498,0.5538,0.7036,0.7346,0.3955,0.2,0.0,0.9322,0.0,0.9322,0.9167,0.6543,0.1618,0.4953,0.8744,-0.0052,0.3319,0.5152,0.0022,0.0,0.12,0.22,0.6,0.0126,0.0962,0.3269,0.7156,0.2844,1.08,1.08,0.96,0.38,25.0,0.3,2.3,0.55,0.0,0.0,1.5,6.0,0.2,0.0015,0.0019,0.0012,0.0066,-0.0006,0.0034,0.0,-0.0004,-0.0011,-0.001,0.3178,0.2709,0.2069,0.3627,0.4421,0.2213,0.4398,0.301,0.3993,0.3576,fast_converger,45,87
61,51,-10,-10,31.82,emerging_mover,False,0.39,26,3,Cluster 26,scenario_projection,UNDP_HDR_2025_Table_1,2023,Türkiye,TUR,Turkey,0.853,0.838,-0.015,0.838,0.853,87473800,un_wpp_owid_2024,91258068,un_wpp_owid_2050,0.8088,-0.0442,0.8088,-0.0442,0.8737,0.0207,0.8267,0.8737,0.8931,0.8931,0.8267,True,True,77.156,34506.9806,19.8308,8.9862,0.8405,0.7494,0.84,0.903387,0.819488,0.900887,0.8737,-1.7e-07,77.156,34506.9806,19.8308,8.9862,0.95,1.134,0.9181,32.2,40.5,8.3,21.9914,14.4249,67.5,60.86,-6.64,10.5086,24.7151,14.2066,0.237,0.4061,0.6431,0.8534,0.4936,0.085,0.0,0.578,0.0,0.578,0.9829,0.6836,0.3308,0.3246,0.9504,-0.0023,0.3902,0.5503,0.0024,0.0,0.2,0.65,0.62,0.0654,0.1538,0.3262,0.6322,0.3678,1.08,1.08,0.96,0.3813,19.94,0.2695,2.1409,0.6366,-0.0682,0.154,1.6359,7.3341,0.0579,0.0016,0.0041,0.0019,0.0085,0.0034,0.0053,0.0,-0.0006,-0.0014,-0.002,0.4543,0.3282,0.2682,0.3342,0.4959,0.2695,0.4638,0.3475,0.4262,0.5137,fast_converger,45,98
62,113,51,+51,85.94,rapid_industrializer,True,0.4,26,3,Cluster 26,scenario_projection,UNDP_HDR_2025_Table_1,2023,Indonesia,IDN,Indonesia,0.728,0.713,-0.015,0.713,0.728,283487933,un_wpp_owid_2024,320712943,un_wpp_owid_2050,0.6963,-0.0317,0.6963,-0.0317,0.8724,0.1444,0.7006,0.8724,0.898,0.898,0.7006,True,True,71.146,13700.1299,13.3358,8.6972,0.7521,0.6346,0.7072,0.912523,0.836321,0.870022,0.8724,6e-08,71.146,13700.1299,13.3358,8.6972,0.98,1.1025,0.9715,29.7,37.0,7.3,23.7686,18.67,68.5,62.66,-5.84,7.7314,18.67,10.9386,0.298,0.298,0.5959,0.9472,0.5755,0.135,0.0,0.3032,0.0,0.3032,0.9237,0.662,0.4807,0.1919,1.0067,0.0009,0.3951,0.6058,0.0052,0.16,0.12,0.22,0.6,0.0132,0.5202,0.4154,0.789,0.211,1.22,1.22,0.96,0.4078,17.4616,0.1302,2.2832,0.5607,-0.4483,-0.0982,2.1583,6.6455,0.1354,0.0163,0.0265,0.015,0.0423,0.031,0.0241,0.0039,-0.0065,-0.0032,-0.0051,0.4397,0.3295,0.2734,0.4001,0.4061,0.3076,0.4889,0.3576,0.4572,0.4911,frontier_jumper,41,151
63,60,-3,-3,44.96,fast_converger,False,0.37,27,2,Cluster 27,scenario_projection,UNDP_HDR_2025_Table_1,2023,Brunei Darussalam,BRN,Brunei,0.837,0.823,-0.014,0.823,0.837,462734,un_wpp_owid_2024,519557,un_wpp_owid_2050,0.8017,-0.0353,0.8017,-0.0353,0.8709,0.0339,0.8124,0.8709,0.8907,0.8907,0.8124,True,True,75.327,75826.8734,13.6986,9.282,0.8136,0.6645,0.9532,0.877803,0.752502,1.0,0.8709,-1e-07,75.327,75826.8734,13.6986,9.282,0.9,1.0908,0.9678,31.2,39.0,7.8,20.9263,15.1423,70.5,64.26,-6.24,8.5737,20.5977,12.024,0.2356,0.3205,0.5562,0.9466,0.6482,0.11,0.0,0.3908,0.0,0.3908,0.9167,0.6893,0.4794,0.1951,1.0102,0.0003,0.3721,0.4893,0.0025,0.0,0.86,0.58,0.35,0.2959,0.1685,0.2838,0.6444,0.3556,1.0,1.0,1.0,0.38,25.0,0.3,2.3,0.55,0.0,0.0,1.5,6.0,0.2,0.0,0.008,0.003,0.0118,0.0097,0.0072,0.0,-0.0009,-0.0024,-0.0026,0.3296,0.3106,0.2069,0.4261,0.5261,0.2371,0.5032,0.3402,0.4526,0.3886,moderate,47,110
64,78,14,+14,56.9,rapid_industrializer,True,0.44,27,2,Cluster 27,scenario_projection,UNDP_HDR_2025_Table_1,2023,China,CHN,China,0.797,0.788,-0.009,0.788,0.797,1419321284,un_wpp_owid_2024,1260289089,un_wpp_owid_2050,0.7573,-0.0397,0.7573,-0.0397,0.8717,0.0747,0.7729,0.8717,0.8913,0.8913,0.7729,True,True,77.953,22029.2225,15.4787,8.0362,0.8522,0.6572,0.7755,0.95124,0.792233,0.878937,0.8717,-2.4e-07,77.953,22029.2225,15.4787,8.0362,1.05,1.134,0.8426,39.0,50.0,11.0,13.134,4.7443,69.0,60.2,-8.8,17.866,35.0557,17.1897,0.0788,0.5823,0.6611,0.7256,0.4636,0.0,0.0,1.0,0.0,1.0,0.9978,0.5974,0.1153,0.4894,0.8552,-0.0089,0.4388,0.596,0.0037,0.16,0.12,0.22,0.6,0.0131,0.4769,0.4152,0.7878,0.2122,1.188,1.188,0.8832,0.3361,8.8475,0.159,2.1054,0.6264,-0.225,0.118,2.2267,6.7838,0.1322,0.0087,0.0179,0.0066,0.0342,-0.0063,0.0183,0.0028,-0.0,-0.0028,-0.0048,0.4746,0.4056,0.3842,0.3349,0.5396,0.431,0.5521,0.3355,0.4071,0.5237,fast_converger,47,130
65,55,-10,-10,40.35,emerging_mover,False,0.39,28,1,Cluster 28,scenario_projection,UNDP_HDR_2025_Table_1,2023,Romania,ROU,Romania,0.845,0.828,-0.017,0.828,0.845,19015096,un_wpp_owid_2024,16027269,un_wpp_owid_2050,0.8095,-0.0355,0.8095,-0.0355,0.8695,0.0245,0.8215,0.8695,0.8894,0.8894,0.8215,True,True,75.938,39374.2537,14.0529,11.55,0.8226,0.7507,0.859,0.881078,0.816672,0.913581,0.8695,2.2e-07,75.938,39374.2537,14.0529,11.55,1.05,1.1025,0.8262,43.2,49.0,5.8,10.2901,5.6766,63.0,58.36,-4.64,26.7099,35.9634,9.2536,0.0973,0.6162,0.7135,0.6903,0.38,0.21,0.0,1.0,0.0,1.0,0.9628,0.6076,0.1156,0.5268,0.8501,-0.0067,0.3873,0.5362,0.0025,0.0,0.12,0.22,0.6,0.0125,0.2874,0.3871,0.7856,0.2144,1.0,1.0,1.0,0.3934,14.2114,0.2785,2.1893,0.6015,0.0696,-0.3354,2.1787,5.9477,0.1785,0.0019,0.0053,0.0031,0.0149,-0.0028,0.0069,0.0,-0.0013,-0.002,-0.0016,0.4257,0.3375,0.2862,0.3567,0.4854,0.289,0.4509,0.3301,0.4213,0.4898,moderate,48,101
66,47,-19,-19,26.14,stable_or_slow,False,0.39,29,2,Cluster 29,scenario_projection,UNDP_HDR_2025_Table_1,2023,Argentina,ARG,Argentina,0.865,0.842,-0.023,0.842,0.865,45696153,un_wpp_owid_2024,48308945,un_wpp_owid_2050,0.826,-0.039,0.826,-0.039,0.8641,-0.0009,0.8257,0.8641,0.885,0.885,0.8257,True,True,77.395,25876.0531,18.8312,11.1846,0.844,0.8361,0.7987,0.882952,0.874651,0.835449,0.8641,-1.2e-07,77.395,25876.0531,18.8312,11.1846,0.9,1.134,0.9026,31.7,40.0,8.3,23.9173,15.9056,65.5,58.86,-6.64,10.5827,25.2344,14.6517,0.2702,0.4287,0.6989,0.8204,0.4027,0.085,0.0,0.6016,0.0,0.6016,0.8754,0.6776,0.2798,0.373,0.9284,-0.0028,0.3854,0.5321,0.0021,0.0,0.35,0.78,0.55,0.1462,0.0888,0.3081,0.5626,0.4374,0.9244,0.928,1.063,0.3992,16.3682,0.1381,2.3991,0.6765,-0.2182,-0.1059,1.8288,6.66,0.1182,0.0001,0.0001,0.0001,0.0003,0.0001,0.0002,0.0,-0.0,-0.0,-0.0001,0.4421,0.3173,0.2616,0.3485,0.5014,0.2652,0.4743,0.3378,0.4126,0.4931,moderate,51,99
67,55,-12,-12,38.0,emerging_mover,False,0.37,29,2,Cluster 29,scenario_projection,UNDP_HDR_2025_Table_1,2023,Bulgaria,BGR,Bulgaria,0.845,0.795,-0.05,0.795,0.845,6757686,un_wpp_owid_2024,5402218,un_wpp_owid_2050,0.8093,-0.0357,0.8093,-0.0357,0.8628,0.0178,0.8218,0.8628,0.8837,0.8837,0.8218,True,False,75.636,32174.93,15.3166,11.4545,0.8182,0.7805,0.83,0.870906,0.837106,0.881006,0.8628,1.3e-07,75.636,32174.93,15.3166,11.4545,1.05,1.1025,0.8016,45.4,51.0,5.6,8.2953,4.4687,61.5,57.02,-4.48,30.2047,38.5113,8.3066,0.0784,0.6754,0.7538,0.6429,0.3191,0.22,0.0,1.0,0.0,1.0,0.9878,0.5988,0.082,0.5556,0.8355,-0.0072,0.3657,0.5498,0.0026,0.0,0.12,0.22,0.6,0.0125,0.1948,0.4034,0.7841,0.2159,1.0,1.0,1.0,0.3839,10.9864,0.2664,2.1292,0.7295,-0.0589,0.0937,1.9709,5.7224,0.1425,0.0019,0.0035,0.0023,0.0109,-0.0027,0.0053,0.0,-0.0007,-0.0014,-0.0014,0.4354,0.2784,0.2479,0.3337,0.4701,0.2431,0.4653,0.3126,0.3975,0.4734,moderate,51,100
68,76,8,+8,56.24,rapid_industrializer,False,0.3,30,1,Cluster 30,scenario_projection,UNDP_HDR_2025_Table_1,2023,Saint Vincent and the Grenadines,VCT,St. Vincent & Grenadines,0.798,0.75,-0.048,0.75,0.798,100630,un_wpp_owid_2024,88949,un_wpp_owid_2050,0.7636,-0.0344,0.7636,-0.0344,0.8618,0.0638,0.7736,0.8618,0.883,0.883,0.7736,True,False,71.23,17246.6361,16.253,11.2953,0.7534,0.7984,0.7403,0.846907,0.901208,0.838607,0.8618,-1.5e-07,71.23,17246.6361,16.253,11.2953,0.9,1.0302,1.0022,33.5,35.0,1.5,22.1009,20.8629,65.0,63.8,-1.2,12.8991,15.3371,2.4381,0.327,0.2404,0.5674,0.9703,0.6273,0.425,0.0,0.1517,0.0,0.1517,0.9167,0.7622,0.6292,0.117,1.0719,0.0046,0.3033,0.4902,0.0032,0.16,0.12,0.22,0.6,0.0129,0.2012,0.3649,0.7354,0.2646,1.0,1.0,1.0,0.38,25.0,0.3,2.3,0.55,0.0,0.0,1.5,6.0,0.2,0.0065,0.0067,0.0056,0.0202,0.0205,0.0092,0.0018,-0.0012,-0.0033,-0.0021,0.2902,0.2516,0.2069,0.3318,0.4011,0.2135,0.4088,0.268,0.3483,0.3128,moderate,52,130
69,80,11,+11,57.13,rapid_industrializer,False,0.3,31,1,Cluster 31,scenario_projection,UNDP_HDR_2025_Table_1,2023,Grenada,GRD,Grenada,0.791,0.76,-0.031,0.76,0.791,117218,un_wpp_owid_2024,113255,un_wpp_owid_2050,0.7532,-0.0378,0.7532,-0.0378,0.8578,0.0668,0.7671,0.8578,0.8796,0.8796,0.7671,True,False,75.205,14349.028,16.5773,9.4464,0.8118,0.7374,0.7139,0.903358,0.85296,0.819162,0.8578,1.5e-07,75.205,14349.028,16.5773,9.4464,0.9,1.0302,0.9985,33.0,35.0,2.0,22.7209,21.0934,65.0,63.4,-1.6,12.2791,15.5066,3.2275,0.3327,0.2446,0.5773,0.9649,0.6091,0.4,0.0,0.1594,0.0,0.1594,0.9167,0.7274,0.607,0.1269,1.0592,0.0041,0.296,0.4927,0.0033,0.16,0.12,0.22,0.6,0.0128,0.2058,0.3729,0.7454,0.2546,1.0,1.0,1.0,0.38,25.0,0.3,2.3,0.55,0.0,0.0,1.5,6.0,0.2,0.0076,0.0091,0.0044,0.0212,0.0202,0.0095,0.0018,-0.0013,-0.0034,-0.0022,0.2902,0.2443,0.2069,0.3201,0.3856,0.2106,0.3971,0.2621,0.3363,0.3069,moderate,55,133
70,62,-8,-8,37.46,emerging_mover,False,0.33,32,3,Cluster 32,scenario_projection,UNDP_HDR_2025_Table_1,2023,Serbia,SRB,Serbia,0.833,0.802,-0.031,0.802,0.833,6736217,un_wpp_owid_2024,5532862,un_wpp_owid_2050,0.7986,-0.0344,0.7986,-0.0344,0.8549,0.0219,0.8098,0.8549,0.8771,0.8771,0.8098,True,False,76.769,23114.8095,15.0422,11.6417,0.8348,0.7798,0.7824,0.88784,0.840643,0.837143,0.8549,0.0,76.769,23114.8095,15.0422,11.6417,0.97,1.134,0.8214,42.5,48.5,6.0,11.259,6.1605,62.5,57.7,-4.8,26.241,36.1395,9.8985,0.1068,0.6263,0.7331,0.6793,0.35,0.2,0.0,1.0,0.0,1.0,0.9167,0.6035,0.0992,0.5408,0.843,-0.0075,0.328,0.5292,0.0027,0.0,0.12,0.22,0.6,0.0126,0.192,0.3528,0.7369,0.2631,1.08,1.08,0.96,0.38,25.0,0.3,2.3,0.55,0.0,0.0,1.5,6.0,0.2,0.0034,0.0048,0.0024,0.013,-0.0032,0.0065,0.0,-0.0008,-0.0022,-0.0019,0.3296,0.2633,0.2069,0.3505,0.4259,0.2182,0.4275,0.3024,0.3933,0.363,fast_converger,57,112
71,73,2,+2,47.66,fast_converger,False,0.33,32,3,Cluster 32,scenario_projection,UNDP_HDR_2025_Table_1,2023,Mauritius,MUS,Mauritius,0.806,0.802,-0.004,0.802,0.806,1271171,un_wpp_owid_2024,1107198,un_wpp_owid_2050,0.7714,-0.0346,0.7714,-0.0346,0.8539,0.0479,0.7826,0.8539,0.8762,0.8762,0.7826,True,True,74.926,27279.9601,14.1628,10.1033,0.8077,0.7049,0.8063,0.881717,0.801416,0.881117,0.8539,-1.6e-07,74.926,27279.9601,14.1628,10.1033,1.02,1.071,0.9282,35.5,41.5,6.0,18.1167,12.4403,67.5,62.7,-4.8,14.3833,24.8597,10.4764,0.1984,0.3965,0.5949,0.8766,0.5773,0.2,0.0,0.5845,0.0,0.5845,0.9167,0.674,0.3843,0.2925,0.9674,-0.0021,0.3251,0.5118,0.0031,0.0,0.12,0.22,0.6,0.0126,0.2063,0.3595,0.7413,0.2587,1.0,1.0,1.0,0.38,25.0,0.3,2.3,0.55,0.0,0.0,1.5,6.0,0.2,0.0042,0.0093,0.0041,0.0196,0.0081,0.0091,0.0,-0.0012,-0.0031,-0.0022,0.2902,0.2699,0.2069,0.361,0.4398,0.2208,0.438,0.2826,0.3998,0.3417,moderate,57,126
72,103,31,+31,72.12,rapid_industrializer,False,0.31,32,3,Cluster 32,scenario_projection,UNDP_HDR_2025_Table_1,2023,Saint Lucia,LCA,Saint Lucia,0.748,0.72,-0.028,0.72,0.748,179751,un_wpp_owid_2024,172086,un_wpp_owid_2050,0.7161,-0.0319,0.7161,-0.0319,0.8544,0.1064,0.7241,0.8544,0.8767,0.8767,0.7241,True,False,72.697,20899.7819,12.7304,8.6142,0.775,0.6171,0.768,0.891799,0.786799,0.888899,0.8544,-3.4e-07,72.697,20899.7819,12.7304,8.6142,0.9,1.0302,1.006,34.0,35.0,1.0,21.4683,20.6323,65.0,64.2,-0.8,13.5317,15.1677,1.6359,0.3214,0.2363,0.5576,0.9757,0.6455,0.45,0.0,0.144,0.0,0.144,0.9167,0.6806,0.6281,0.1073,1.0603,0.0053,0.3109,0.4876,0.0039,0.16,0.12,0.22,0.6,0.0128,0.2344,0.3717,0.7518,0.2482,1.0,1.0,1.0,0.38,25.0,0.3,2.3,0.55,0.0,0.0,1.5,6.0,0.2,0.0088,0.0199,0.008,0.032,0.0309,0.0144,0.0028,-0.0019,-0.0052,-0.0033,0.2902,0.2593,0.2069,0.344,0.4174,0.2166,0.4211,0.2741,0.3609,0.3189,moderate,57,143
73,68,-5,-5,42.74,fast_converger,True,0.4,33,5,Cluster 33,scenario_projection,UNDP_HDR_2025_Table_1,2023,North Macedonia,MKD,North Macedonia,0.815,0.79,-0.025,0.79,0.815,1823011,un_wpp_owid_2024,1512685,un_wpp_owid_2050,0.7801,-0.0349,0.7801,-0.0349,0.85,0.035,0.7908,0.85,0.8729,0.8729,0.7908,True,False,77.395,22128.3946,14.7814,10.23,0.844,0.7246,0.7762,0.90893,0.802226,0.842228,0.85,5e-08,77.395,22128.3946,14.7814,10.23,0.96,1.134,0.85,39.0,45.0,6.0,15.6761,9.4488,63.0,58.2,-4.8,21.3239,32.3512,11.0273,0.1623,0.5559,0.7182,0.7297,0.3727,0.2,0.0,0.9251,0.0,0.9251,0.9971,0.6119,0.146,0.5032,0.8624,-0.0074,0.3968,0.518,0.003,0.0,0.12,0.22,0.6,0.0126,0.2189,0.3841,0.7657,0.2343,1.08,1.08,0.96,0.3728,16.1124,0.1793,2.0931,0.5874,-0.4447,-0.2022,1.7898,7.499,0.0786,0.0046,0.0077,0.0035,0.0168,-0.0024,0.0091,0.0,-0.0007,-0.0017,-0.0021,0.4342,0.3211,0.2388,0.3866,0.539,0.2507,0.4976,0.3393,0.4548,0.5063,fast_converger,62,123
74,69,-5,-5,45.78,fast_converger,True,0.39,33,5,Cluster 33,scenario_projection,UNDP_HDR_2025_Table_1,2023,Armenia,ARM,Armenia,0.811,0.786,-0.025,0.786,0.811,2973843,un_wpp_owid_2024,2495200,un_wpp_owid_2050,0.7777,-0.0333,0.7777,-0.0333,0.8499,0.0389,0.7836,0.8499,0.873,0.873,0.7836,True,True,75.683,20220.7232,14.3839,11.345,0.8189,0.7527,0.7632,0.886346,0.832543,0.831943,0.8499,3e-08,75.683,20220.7232,14.3839,11.345,0.97,1.134,0.8991,33.5,41.0,7.5,21.7852,14.2087,65.5,59.5,-6.0,12.7148,26.2913,13.5765,0.2388,0.4419,0.6807,0.8169,0.4318,0.125,0.0,0.6496,0.0,0.6496,0.9018,0.6471,0.2749,0.3772,0.9216,-0.0043,0.3865,0.535,0.0031,0.0,0.12,0.22,0.6,0.0133,0.2059,0.3751,0.7374,0.2626,1.08,1.08,0.96,0.4371,14.2387,0.1493,2.3357,0.686,0.3092,-0.0972,1.534,6.6571,0.0853,0.0052,0.0078,0.0043,0.0173,0.0039,0.0104,0.0,-0.0044,-0.0015,-0.0042,0.4364,0.3167,0.2597,0.3487,0.5077,0.2622,0.4834,0.3364,0.4221,0.4922,fast_converger,62,126
75,84,9,+9,54.06,rapid_industrializer,False,0.29,33,5,Cluster 33,scenario_projection,UNDP_HDR_2025_Table_1,2023,Palau,PLW,Palau,0.786,0.767,-0.019,0.767,0.786,17719,un_wpp_owid_2024,15537,un_wpp_owid_2050,0.7526,-0.0334,0.7526,-0.0334,0.8498,0.0638,0.7594,0.8498,0.8799,0.8799,0.7594,True,True,69.269,16034.5104,14.0674,13.299,0.7245,0.806,0.7299,0.819863,0.90636,0.825863,0.8498,-1e-07,69.269,16034.5104,14.0674,13.299,0.9,1.02,0.9728,30.5,37.0,6.5,23.3939,18.6,68.0,62.8,-5.2,8.6061,18.6,9.9939,0.2962,0.2962,0.5924,0.9499,0.5818,0.175,0.0,0.3,0.0,0.3,0.9167,0.745,0.5086,0.1883,1.0274,0.0016,0.2931,0.4634,0.0031,0.16,0.12,0.22,0.6,0.0136,0.1939,0.3382,0.6799,0.3201,1.22,1.22,0.96,0.38,25.0,0.3,2.3,0.55,0.0,0.0,1.5,6.0,0.2,0.0074,0.0075,0.0073,0.0199,0.0181,0.0103,0.002,-0.0014,-0.0038,-0.0035,0.2705,0.2487,0.2069,0.3272,0.395,0.2124,0.4042,0.2531,0.3259,0.2868,frontier_jumper,55,133
76,89,13,+13,54.19,rapid_industrializer,False,0.35,33,5,Cluster 33,scenario_projection,UNDP_HDR_2025_Table_1,2023,Guyana,GUY,Guyana,0.776,0.714,-0.062,0.714,0.776,831092,un_wpp_owid_2024,940608,un_wpp_owid_2050,0.7425,-0.0335,0.7425,-0.0335,0.8498,0.0738,0.7498,0.8498,0.8729,0.8729,0.7498,True,False,70.18,46959.2517,13.0221,8.7024,0.7379,0.6273,0.8843,0.836145,0.763142,0.961752,0.8498,-8e-08,70.18,46959.2517,13.0221,8.7024,0.97,1.0815,0.9577,27.5,35.5,8.0,27.6001,22.5205,66.0,59.6,-6.4,6.3999,17.8795,11.4796,0.3779,0.3,0.6779,0.9136,0.4364,0.1,0.018,0.2673,0.0,0.2673,0.9167,0.6166,0.4126,0.2451,0.9735,-0.0005,0.3469,0.4893,0.0033,0.16,0.72,0.68,0.36,0.2992,0.2784,0.2997,0.622,0.378,1.2096,1.2096,0.9408,0.38,25.0,0.3,2.3,0.55,0.0,0.0,1.5,6.0,0.2,0.0028,0.0182,0.0088,0.0228,0.0168,0.0143,0.0026,-0.0018,-0.0048,-0.0059,0.302,0.2915,0.2069,0.3956,0.4857,0.2295,0.4726,0.3074,0.4214,0.3569,fast_converger,62,135
77,93,16,+16,60.35,rapid_industrializer,False,0.35,33,5,Cluster 33,scenario_projection,UNDP_HDR_2025_Table_1,2023,Viet Nam,VNM,Vietnam,0.766,0.726,-0.04,0.726,0.766,100987685,un_wpp_owid_2024,110008911,un_wpp_owid_2050,0.7307,-0.0353,0.7307,-0.0353,0.8491,0.0831,0.7331,0.8491,0.8762,0.8762,0.7331,True,False,74.588,13032.6353,15.4577,8.98,0.8028,0.6942,0.7001,0.890806,0.834805,0.823205,0.8491,-2.3e-07,74.588,13032.6353,15.4577,8.98,0.97,1.1025,0.9454,31.9,40.0,8.1,20.9436,14.2972,69.5,63.02,-6.48,9.5564,22.6828,13.1263,0.2269,0.3599,0.5868,0.9059,0.5918,0.095,0.0,0.4856,0.0,0.4856,0.3245,0.5739,0.391,0.2511,0.9605,-0.0023,0.3484,0.5915,0.0042,0.16,0.12,0.22,0.6,0.0131,0.4815,0.3676,0.7539,0.2461,1.16,1.16,0.94,0.3795,51.5326,0.3476,3.7211,0.544,-0.3442,-0.4919,0.6931,3.9995,0.1778,0.0121,0.0159,0.0039,0.0303,0.0143,0.0167,0.0028,-0.0019,-0.0062,-0.0048,0.3995,0.275,0.2471,0.3279,0.4613,0.2467,0.4114,0.2775,0.37,0.4676,accelerator,57,140
78,71,-7,-7,42.97,fast_converger,True,0.39,34,1,Cluster 34,scenario_projection,UNDP_HDR_2025_Table_1,2023,Albania,ALB,Albania,0.81,0.796,-0.014,0.796,0.81,2791756,un_wpp_owid_2024,2240170,un_wpp_owid_2050,0.7756,-0.0344,0.7756,-0.0344,0.8476,0.0376,0.7877,0.8476,0.8708,0.8708,0.7877,True,True,79.602,17627.394,14.5101,10.1753,0.8765,0.716,0.7435,0.941868,0.795857,0.812358,0.8476,-2e-07,79.602,17627.394,14.5101,10.1753,0.95,1.0815,0.855,38.0,44.5,6.5,16.8489,9.9991,63.5,58.3,-5.2,19.6511,31.7009,12.0498,0.1715,0.5438,0.7153,0.7385,0.3773,0.175,0.0,0.8955,0.0,0.8955,0.9302,0.5994,0.1527,0.4904,0.8643,-0.0073,0.3924,0.5073,0.003,0.0,0.12,0.22,0.6,0.0125,0.2219,0.4016,0.7903,0.2097,1.08,1.08,0.96,0.3791,9.4459,0.2302,2.2676,0.6414,-0.0549,-0.1664,2.7929,6.9906,0.1533,0.0057,0.0086,0.0033,0.0175,-0.0021,0.0098,0.0,-0.0011,-0.0023,-0.0018,0.4058,0.3391,0.2627,0.3773,0.5328,0.2766,0.4879,0.329,0.4289,0.4836,fast_converger,65,124
79,76,-3,-3,44.93,fast_converger,True,0.39,35,3,Cluster 35,scenario_projection,UNDP_HDR_2025_Table_1,2023,Thailand,THA,Thailand,0.798,0.8,0.002,0.8,0.798,71668010,un_wpp_owid_2024,66382731,un_wpp_owid_2050,0.7612,-0.0368,0.7612,-0.0368,0.8448,0.0468,0.7753,0.8448,0.8685,0.8685,0.7753,True,True,76.412,20569.9018,15.3588,9.04,0.8296,0.6943,0.7657,0.905575,0.788779,0.844077,0.8448,7e-08,76.412,20569.9018,15.3588,9.04,1.01,1.134,0.8447,40.1,47.0,6.9,13.5958,7.2507,64.5,58.98,-5.52,21.9042,33.7693,11.8651,0.1229,0.5726,0.6955,0.7239,0.4082,0.155,0.0,0.9895,0.0,0.9895,0.8917,0.584,0.1226,0.5101,0.851,-0.0089,0.3891,0.6111,0.0037,0.16,0.12,0.22,0.6,0.013,0.3766,0.4387,0.8139,0.1861,1.08,1.08,0.96,0.3633,17.5301,0.1789,2.3598,0.7472,0.0411,-0.3471,1.9716,6.7723,0.1056,0.0059,0.0104,0.0046,0.0212,-0.0043,0.0123,0.0018,-0.0002,-0.002,-0.0029,0.4719,0.3171,0.293,0.3385,0.4069,0.287,0.4832,0.3621,0.4223,0.5092,fast_converger,66,130
80,89,9,+9,57.48,rapid_industrializer,True,0.39,35,3,Cluster 35,scenario_projection,UNDP_HDR_2025_Table_1,2023,Dominican Republic,DOM,Dominican Rep.,0.776,0.766,-0.01,0.766,0.776,11427558,un_wpp_owid_2024,12996292,un_wpp_owid_2050,0.7425,-0.0335,0.7425,-0.0335,0.8456,0.0696,0.7497,0.8456,0.8694,0.8694,0.7497,True,True,73.72,22023.5106,13.6169,9.4445,0.79,0.6682,0.7755,0.884246,0.789552,0.866047,0.8456,2.5e-07,73.72,22023.5106,13.6169,9.4445,0.96,1.0815,0.9636,27.6,36.0,8.4,26.3057,21.1155,67.5,60.78,-6.72,6.1943,18.1045,11.9102,0.3474,0.2979,0.6453,0.9283,0.49,0.08,0.0,0.2775,0.0,0.2775,0.9918,0.668,0.4441,0.2179,0.9942,0.0002,0.3913,0.5109,0.0035,0.16,0.12,0.22,0.6,0.0135,0.3021,0.3868,0.7521,0.2479,1.08,1.08,0.96,0.3998,13.8083,0.2088,2.0804,0.6615,0.1821,0.1611,1.6455,7.1836,0.0971,0.0062,0.0135,0.0067,0.0213,0.0157,0.0129,0.0021,-0.0029,-0.0028,-0.0032,0.4201,0.339,0.2908,0.3617,0.5053,0.2881,0.4859,0.3361,0.4182,0.4676,fast_converger,66,135
81,98,17,+17,63.02,rapid_industrializer,False,0.3,35,3,Cluster 35,scenario_projection,UNDP_HDR_2025_Table_1,2023,Dominica,DMA,Dominica,0.761,0.74,-0.021,0.74,0.761,66226,un_wpp_owid_2024,63212,un_wpp_owid_2050,0.7287,-0.0323,0.7287,-0.0323,0.8439,0.0829,0.7376,0.8439,0.8678,0.8678,0.7376,True,True,71.132,16001.1255,14.151,10.1251,0.7519,0.7053,0.7296,0.855945,0.835246,0.840646,0.8439,2.9e-07,71.132,16001.1255,14.151,10.1251,0.9,1.0302,1.0098,34.5,35.0,0.5,20.8245,20.4018,65.0,64.6,-0.4,14.1755,14.9982,0.8227,0.3158,0.2322,0.548,0.9811,0.6636,0.475,0.0,0.1363,0.0,0.1363,0.9167,0.7284,0.6529,0.0976,1.0757,0.006,0.3003,0.4912,0.0038,0.16,0.12,0.22,0.6,0.0126,0.227,0.3915,0.7624,0.2376,1.0,1.0,1.0,0.38,25.0,0.3,2.3,0.55,0.0,0.0,1.5,6.0,0.2,0.0083,0.0119,0.0069,0.0251,0.0255,0.0111,0.0021,-0.0015,-0.004,-0.0024,0.2902,0.2486,0.2069,0.327,0.3948,0.2123,0.4041,0.2656,0.3435,0.3104,moderate,66,139
82,81,-1,-1,50.06,fast_converger,False,0.38,36,3,Cluster 36,scenario_projection,UNDP_HDR_2025_Table_1,2023,Mexico,MEX,Mexico,0.789,0.781,-0.008,0.781,0.789,130861001,un_wpp_owid_2024,148946266,un_wpp_owid_2050,0.7546,-0.0344,0.7546,-0.0344,0.8415,0.0525,0.7621,0.8415,0.8659,0.8659,0.7621,True,True,75.069,21812.6557,14.4681,9.3495,0.8098,0.6853,0.7741,0.890299,0.785299,0.852299,0.8415,3.5e-07,75.069,21812.6557,14.4681,9.3495,0.97,1.134,0.9445,29.3,37.5,8.2,25.2706,19.0196,67.0,60.44,-6.56,7.7294,20.5404,12.811,0.3147,0.3398,0.6545,0.8957,0.4745,0.09,0.0,0.3882,0.0,0.3882,0.8872,0.6445,0.3905,0.2644,0.9693,-0.0015,0.3753,0.5713,0.0035,0.16,0.12,0.22,0.6,0.0141,0.3024,0.3427,0.6886,0.3114,1.08,1.08,0.96,0.3698,9.7736,0.2179,1.8293,0.5955,-0.0008,-0.1484,1.8274,6.2416,0.149,0.005,0.0103,0.0051,0.0168,0.01,0.0106,0.0017,-0.0006,-0.0024,-0.0042,0.4497,0.3146,0.2716,0.3348,0.4619,0.2701,0.4338,0.3311,0.395,0.4903,fast_converger,66,133
83,111,28,+28,68.95,rapid_industrializer,False,0.3,36,3,Cluster 36,scenario_projection,UNDP_HDR_2025_Table_1,2023,Fiji,FJI,Fiji,0.731,0.737,0.006,0.737,0.731,928800,un_wpp_owid_2024,1000265,un_wpp_owid_2050,0.7,-0.031,0.7,-0.031,0.841,0.11,0.7053,0.841,0.8728,0.8728,0.7053,True,True,67.316,12843.1589,13.8487,10.371,0.6958,0.7062,0.698,0.827789,0.861089,0.834489,0.841,2.1e-07,67.316,12843.1589,13.8487,10.371,0.98,1.0815,0.9699,28.5,35.5,7.0,26.3687,21.7958,66.5,60.9,-5.6,7.1313,17.3042,10.1729,0.3579,0.2841,0.642,0.9312,0.4955,0.15,0.0,0.2411,0.0,0.2411,0.9167,0.6762,0.4734,0.2025,1.0054,0.0012,0.2964,0.514,0.0043,0.16,0.12,0.22,0.6,0.0133,0.2304,0.3736,0.7119,0.2881,1.22,1.22,0.96,0.38,25.0,0.3,2.3,0.55,0.0,0.0,1.5,6.0,0.2,0.0136,0.0176,0.0126,0.0338,0.0256,0.0169,0.0032,-0.0022,-0.0059,-0.0051,0.302,0.2399,0.2069,0.313,0.3763,0.2088,0.3901,0.2661,0.3421,0.3192,frontier_jumper,62,150
84,117,33,+33,74.43,rapid_industrializer,False,0.35,36,3,Cluster 36,scenario_projection,UNDP_HDR_2025_Table_1,2023,Philippines,PHL,Philippines,0.72,0.71,-0.01,0.71,0.72,115843663,un_wpp_owid_2024,134373432,un_wpp_owid_2050,0.6898,-0.0302,0.6898,-0.0302,0.841,0.121,0.692,0.841,0.8692,0.8692,0.692,True,True,69.833,10731.2042,12.819,9.9772,0.7328,0.6664,0.6721,0.871332,0.83513,0.81743,0.841,2.2e-07,69.833,10731.2042,12.819,9.9772,0.96,1.1025,0.9711,25.7,32.5,6.8,29.7672,26.9525,65.0,59.56,-5.44,5.2328,13.4875,8.2547,0.4525,0.2265,0.679,0.9131,0.4345,0.16,0.1731,0.0676,0.0,0.0676,0.895,0.6103,0.4489,0.2392,0.9823,0.0016,0.3479,0.5989,0.005,0.16,0.12,0.22,0.6,0.0138,0.4273,0.3907,0.7388,0.2612,1.16,1.16,0.94,0.4015,16.8823,0.2021,2.3519,0.6143,-0.124,-0.2407,1.5034,6.6434,0.0986,0.0158,0.0215,0.0133,0.0337,0.0282,0.0207,0.0035,-0.005,-0.0044,-0.0064,0.41,0.2965,0.2555,0.2973,0.4413,0.2519,0.4138,0.2932,0.3607,0.4587,accelerator,66,152
85,104,19,+19,59.23,rapid_industrializer,False,0.3,37,1,Cluster 37,scenario_projection,UNDP_HDR_2025_Table_1,2023,Mongolia,MNG,Mongolia,0.747,0.741,-0.006,0.741,0.747,3475541,un_wpp_owid_2024,4501492,un_wpp_owid_2050,0.7146,-0.0324,0.7146,-0.0324,0.8389,0.0919,0.722,0.8389,0.8711,0.8711,0.722,True,True,71.734,14787.0824,13.6377,9.42,0.7608,0.6679,0.7182,0.870566,0.813168,0.833967,0.8389,1.7e-07,71.734,14787.0824,13.6377,9.42,0.9,1.0302,0.9689,28.3,36.0,7.7,25.7477,20.814,67.5,61.34,-6.16,6.7523,17.846,11.0937,0.3393,0.2909,0.6303,0.9371,0.5155,0.115,0.0,0.2657,0.0,0.2657,0.9167,0.6623,0.4648,0.203,1.001,0.0008,0.2972,0.4923,0.0039,0.16,0.62,0.72,0.25,0.2856,0.1975,0.3184,0.6462,0.3538,1.22,1.22,0.96,0.38,25.0,0.3,2.3,0.55,0.0,0.0,1.5,6.0,0.2,0.0109,0.0182,0.009,0.0267,0.0226,0.015,0.0029,-0.002,-0.0054,-0.0058,0.2902,0.2455,0.2069,0.322,0.3882,0.2111,0.399,0.2631,0.3383,0.3079,frontier_jumper,64,144
86,64,-22,-22,36.04,emerging_mover,False,0.39,38,4,Cluster 38,scenario_projection,UNDP_HDR_2025_Table_1,2023,Russian Federation,RUS,Russia,0.832,0.822,-0.01,0.822,0.832,144820421,un_wpp_owid_2024,136132783,un_wpp_owid_2050,0.7968,-0.0352,0.7968,-0.0352,0.8356,0.0036,0.7976,0.8356,0.8611,0.8611,0.7976,True,True,73.154,39221.6836,13.1852,12.41,0.7817,0.7538,0.8584,0.82003,0.791829,0.898533,0.8356,-8e-08,73.154,39221.6836,13.1852,12.41,0.92,1.134,0.8614,39.6,46.0,6.4,14.0459,8.0348,65.0,59.88,-5.12,20.9541,32.0852,11.1311,0.1342,0.5358,0.67,0.7554,0.4491,0.18,0.0,0.913,0.0,0.913,0.9135,0.6345,0.1857,0.4644,0.8825,-0.0064,0.3933,0.5528,0.0026,0.0,0.65,0.72,0.52,0.2785,0.1517,0.2619,0.3921,0.6079,1.08,1.08,0.96,0.3502,12.5844,0.2618,2.3076,0.6685,0.1103,0.6524,2.187,7.3103,0.1581,0.0003,0.001,0.0007,0.0016,-0.0001,0.0013,0.0,-0.0,-0.0003,-0.0009,0.4651,0.3087,0.2524,0.3648,0.5064,0.2592,0.4792,0.3528,0.4303,0.5138,fast_converger,69,121
87,72,-15,-15,39.47,emerging_mover,False,0.33,38,4,Cluster 38,scenario_projection,UNDP_HDR_2025_Table_1,2023,Trinidad and Tobago,TTO,Trinidad & Tobago,0.807,0.796,-0.011,0.796,0.807,1507778,un_wpp_owid_2024,1399799,un_wpp_owid_2050,0.7733,-0.0337,0.7733,-0.0337,0.8342,0.0272,0.7817,0.8342,0.8597,0.8597,0.7817,True,True,73.49,27000.1451,14.2376,10.7928,0.7866,0.7304,0.8048,0.844069,0.798071,0.861769,0.8342,-1.3e-07,73.49,27000.1451,14.2376,10.7928,0.97,1.0815,0.8918,37.8,44.5,6.7,15.4859,9.1982,67.0,61.64,-5.36,17.5141,29.1618,11.6477,0.1492,0.4731,0.6223,0.8128,0.5291,0.165,0.0,0.7801,0.0,0.7801,0.9167,0.6576,0.2759,0.3825,0.9226,-0.0049,0.3319,0.5154,0.003,0.0,0.7,0.62,0.45,0.2436,0.1773,0.3026,0.6347,0.3653,1.0,1.0,1.0,0.38,25.0,0.3,2.3,0.55,0.0,0.0,1.5,6.0,0.2,0.0029,0.0059,0.0032,0.0123,0.0022,0.0064,0.0,-0.0008,-0.0022,-0.0027,0.3256,0.2695,0.2069,0.3604,0.439,0.2207,0.4374,0.3049,0.3951,0.36,moderate,69,126
88,81,-7,-7,46.5,fast_converger,True,0.38,38,4,Cluster 38,scenario_projection,UNDP_HDR_2025_Table_1,2023,Azerbaijan,AZE,Azerbaijan,0.789,0.745,-0.044,0.745,0.789,10336577,un_wpp_owid_2024,11224921,un_wpp_owid_2050,0.756,-0.033,0.756,-0.033,0.8359,0.0469,0.762,0.8359,0.8612,0.8612,0.762,True,False,74.429,20667.9573,12.9098,11.07,0.8004,0.7044,0.7664,0.874859,0.795763,0.838961,0.8359,3.9e-07,74.429,20667.9573,12.9098,11.07,0.9,1.134,0.9566,30.3,37.0,6.7,24.6917,19.43,66.5,61.14,-5.36,8.8083,19.43,10.6217,0.3178,0.3178,0.6356,0.9179,0.5064,0.165,0.0,0.3377,0.0,0.3377,0.8738,0.6642,0.4421,0.2327,0.9905,-0.0002,0.3805,0.5313,0.0033,0.16,0.76,0.7,0.32,0.3451,0.1749,0.297,0.6037,0.3963,1.08,1.08,0.96,0.3574,17.5532,0.175,1.797,0.6336,-0.2198,0.0327,1.9025,6.0297,0.104,0.0045,0.0087,0.0045,0.0132,0.011,0.0096,0.0016,-0.0,-0.0017,-0.0045,0.4429,0.303,0.2412,0.3524,0.501,0.2471,0.4703,0.3315,0.4187,0.4974,fast_converger,69,133
89,130,41,+41,82.78,rapid_industrializer,False,0.33,38,4,Cluster 38,scenario_projection,UNDP_HDR_2025_Table_1,2023,India,IND,India,0.685,0.644,-0.041,0.644,0.685,1450935785,un_wpp_owid_2024,1679589264,un_wpp_owid_2050,0.6507,-0.0343,0.6507,-0.0343,0.8358,0.1508,0.6503,0.8358,0.8654,0.8654,0.6503,True,False,72.003,9046.7563,12.9545,6.88,0.7648,0.5563,0.6476,0.901725,0.782822,0.827123,0.8358,8e-08,72.003,9046.7563,12.9545,6.88,0.93,1.1025,0.9859,28.2,35.0,6.8,25.8296,21.8657,67.5,62.06,-5.44,6.6704,16.0743,9.404,0.3523,0.259,0.6113,0.9468,0.5482,0.16,0.0,0.1852,0.0,0.1852,0.5191,0.5504,0.4925,0.1605,0.9974,0.0016,0.3316,0.618,0.0057,0.28,0.12,0.22,0.6,0.0138,0.5125,0.3482,0.7045,0.2955,1.16,1.16,0.94,0.416,47.3218,0.3492,3.2541,0.4429,-0.1704,-0.7299,1.1497,5.2174,0.1466,0.0222,0.0361,0.0094,0.0429,0.0362,0.0248,0.0078,-0.0087,-0.0098,-0.0102,0.4012,0.2126,0.1659,0.298,0.4016,0.2732,0.3614,0.3755,0.3779,0.4484,accelerator,66,164
90,79,-11,-11,46.64,fast_converger,True,0.39,39,2,Cluster 39,scenario_projection,UNDP_HDR_2025_Table_1,2023,Peru,PER,Peru,0.794,0.762,-0.032,0.762,0.794,34217850,un_wpp_owid_2024,40583877,un_wpp_owid_2050,0.7603,-0.0337,0.7603,-0.0337,0.8335,0.0395,0.7695,0.8335,0.859,0.859,0.7695,True,False,77.74,14338.7098,14.9094,10.1547,0.8491,0.725,0.7138,0.914182,0.806084,0.785785,0.8335,-7e-08,77.74,14338.7098,14.9094,10.1547,0.97,1.0815,0.9264,31.0,39.5,8.5,23.2592,15.9171,67.5,60.7,-6.8,9.2408,23.3829,14.1422,0.2622,0.3852,0.6474,0.8665,0.4864,0.075,0.0,0.5174,0.0,0.5174,0.9632,0.6708,0.3472,0.3059,0.9556,-0.0027,0.3921,0.5351,0.0034,0.16,0.38,0.52,0.54,0.1051,0.2579,0.3731,0.68,0.32,0.9496,0.952,1.042,0.3704,18.3151,0.2155,2.1884,0.6459,0.1348,-0.2424,1.6227,6.0753,0.1169,0.0053,0.0069,0.0027,0.0138,0.006,0.0081,0.0013,-0.0005,-0.0018,-0.0025,0.4153,0.3319,0.2529,0.3749,0.5365,0.2656,0.4941,0.3296,0.4312,0.4894,moderate,69,132
91,111,20,+20,62.7,rapid_industrializer,False,0.3,39,2,Cluster 39,scenario_projection,UNDP_HDR_2025_Table_1,2023,Botswana,BWA,Botswana,0.731,0.693,-0.038,0.693,0.731,2521145,un_wpp_owid_2024,3437433,un_wpp_owid_2050,0.7007,-0.0303,0.7007,-0.0303,0.832,0.101,0.6971,0.832,0.8622,0.8622,0.6971,True,False,69.163,16983.771,11.4257,10.478,0.723,0.6447,0.7381,0.830961,0.803062,0.863059,0.832,1.4e-07,69.163,16983.771,11.4257,10.478,1.01,1.1025,0.9704,24.5,30.5,6.0,30.1006,28.7306,65.5,60.7,-4.8,4.3994,10.5694,6.17,0.4733,0.1741,0.6474,0.9284,0.4864,0.2,0.2787,0.0,0.0,0.0,0.4216,0.5148,0.4556,0.2367,0.9691,0.0017,0.3005,0.5167,0.0042,0.16,0.12,0.22,0.6,0.0128,0.2404,0.3456,0.7292,0.2708,1.16,1.16,0.94,0.4492,36.0772,0.303,3.4882,0.4906,-0.1048,-0.8099,0.7589,4.7188,0.2042,0.0117,0.0204,0.0084,0.0365,0.0251,0.0166,0.0032,-0.0098,-0.006,-0.0051,0.3918,0.2153,0.1832,0.287,0.3842,0.1883,0.3504,0.2522,0.3203,0.4326,accelerator,68,152
92,83,-9,-9,46.93,fast_converger,False,0.37,40,3,Cluster 40,scenario_projection,UNDP_HDR_2025_Table_1,2023,Colombia,COL,Colombia,0.788,0.752,-0.036,0.752,0.788,52886360,un_wpp_owid_2024,59385352,un_wpp_owid_2050,0.7531,-0.0349,0.7531,-0.0349,0.8308,0.0428,0.7583,0.8308,0.857,0.857,0.7583,True,False,77.725,18665.9497,14.2864,9.0316,0.8489,0.6693,0.7517,0.918621,0.758018,0.823519,0.8308,3e-08,77.725,18665.9497,14.2864,9.0316,0.98,1.134,0.9266,31.5,40.0,8.5,22.3923,15.0009,68.0,61.2,-6.8,9.6077,23.7991,14.1914,0.2451,0.3889,0.634,0.8685,0.5091,0.075,0.0,0.5363,0.0,0.5363,0.9692,0.6503,0.3457,0.3031,0.9525,-0.0031,0.3663,0.5784,0.0036,0.16,0.28,0.48,0.58,0.0723,0.2548,0.329,0.6311,0.3689,1.0392,1.0411,0.9902,0.4046,17.6049,0.1964,2.1739,0.5935,-0.2831,0.1334,2.5616,5.9416,0.1255,0.0051,0.0096,0.0035,0.0154,0.0067,0.0093,0.0015,-0.0024,-0.0019,-0.0041,0.4494,0.3,0.2596,0.3224,0.4513,0.2563,0.4259,0.3221,0.3881,0.4883,fast_converger,70,133
93,92,-1,-1,45.09,fast_converger,False,0.26,40,3,Cluster 40,scenario_projection,UNDP_HDR_2025_Table_1,2023,Tonga,TON,Tonga,0.769,0.745,-0.024,0.745,0.769,104192,un_wpp_owid_2024,105205,un_wpp_owid_2050,0.7341,-0.0349,0.7341,-0.0349,0.8315,0.0625,0.7435,0.8315,0.8651,0.8651,0.7435,True,True,72.895,7438.2101,17.7869,10.9149,0.7779,0.821,0.6194,0.865246,0.916149,0.725239,0.8315,7e-08,72.895,7438.2101,17.7869,10.9149,0.9,1.0,0.9297,22.0,29.5,7.5,33.6519,32.6891,63.0,57.0,-6.0,3.3481,10.3109,6.9628,0.5735,0.1809,0.7544,0.8543,0.3182,0.125,0.3705,0.0,0.0,0.0,0.9167,0.6215,0.3593,0.3516,0.9424,0.0002,0.2558,0.4568,0.0032,0.16,0.12,0.22,0.6,0.0133,0.2011,0.3551,0.7076,0.2924,1.22,1.22,0.96,0.38,25.0,0.3,2.3,0.55,0.0,0.0,1.5,6.0,0.2,0.0112,0.0069,0.0058,0.0206,0.014,0.0098,0.002,-0.0014,-0.0038,-0.0027,0.2468,0.2181,0.2069,0.2782,0.3302,0.2001,0.3553,0.2136,0.2669,0.2423,frontier_jumper,66,136
94,93,-1,-1,48.73,fast_converger,False,0.32,40,3,Cluster 40,scenario_projection,UNDP_HDR_2025_Table_1,2023,Maldives,MDV,Maldives,0.766,0.762,-0.004,0.762,0.766,527801,un_wpp_owid_2024,589963,un_wpp_owid_2050,0.7302,-0.0358,0.7302,-0.0358,0.8305,0.0645,0.7398,0.8305,0.8604,0.8604,0.7398,True,True,81.041,19317.3188,12.7684,7.4104,0.8977,0.5732,0.7566,0.97223,0.699222,0.842626,0.8305,3e-08,81.041,19317.3188,12.7684,7.4104,0.9,1.1025,0.9383,30.3,38.0,7.7,24.6917,18.3076,66.5,60.34,-6.16,8.8083,21.3524,12.5441,0.3034,0.3539,0.6573,0.885,0.47,0.115,0.0,0.4251,0.0,0.4251,0.9167,0.5919,0.3678,0.2797,0.9526,-0.0024,0.3175,0.5231,0.0037,0.16,0.12,0.22,0.6,0.0135,0.2126,0.3244,0.6939,0.3061,1.16,1.16,0.94,0.38,25.0,0.3,2.3,0.55,0.0,0.0,1.5,6.0,0.2,0.007,0.0183,0.0027,0.0201,0.0111,0.0125,0.0023,-0.0016,-0.0043,-0.0038,0.3178,0.2561,0.2069,0.339,0.4107,0.2153,0.4161,0.2892,0.3771,0.3472,accelerator,69,139
95,74,-21,-21,36.47,emerging_mover,False,0.31,41,2,Cluster 41,scenario_projection,UNDP_HDR_2025_Table_1,2023,Bosnia and Herzegovina,BIH,Bosnia & Herzegovina,0.804,0.78,-0.024,0.78,0.804,3164256,un_wpp_owid_2024,2455171,un_wpp_owid_2050,0.7709,-0.0331,0.7709,-0.0331,0.8294,0.0254,0.7796,0.8294,0.8555,0.8555,0.7796,True,True,77.85,19827.4859,13.1639,10.97,0.8507,0.7081,0.7604,0.904195,0.773195,0.816095,0.8294,-1.5e-07,77.85,19827.4859,13.1639,10.97,0.93,1.0302,0.8213,42.3,48.0,5.7,11.6563,6.6169,62.0,57.44,-4.56,26.3437,35.9431,9.5994,0.1152,0.6258,0.7409,0.6781,0.3382,0.215,0.0,1.0,0.0,1.0,0.9167,0.5663,0.0896,0.5464,0.8338,-0.0093,0.3088,0.4883,0.0029,0.0,0.12,0.22,0.6,0.0129,0.1986,0.3455,0.7078,0.2922,1.08,1.08,0.96,0.38,25.0,0.3,2.3,0.55,0.0,0.0,1.5,6.0,0.2,0.0044,0.0077,0.0026,0.014,-0.0045,0.0073,0.0,-0.001,-0.0026,-0.0026,0.2902,0.2572,0.2069,0.3407,0.4129,0.2158,0.4177,0.2724,0.3575,0.3172,fast_converger,70,127
96,100,4,+4,53.27,rapid_industrializer,False,0.38,41,2,Cluster 41,scenario_projection,UNDP_HDR_2025_Table_1,2023,Jordan,JOR,Jordan,0.754,0.736,-0.018,0.736,0.754,11552885,un_wpp_owid_2024,16367354,un_wpp_owid_2050,0.7227,-0.0313,0.7227,-0.0313,0.8295,0.0755,0.731,0.8295,0.8555,0.8555,0.731,True,True,77.814,9221.8724,13.109,10.24,0.8502,0.6827,0.6503,0.937639,0.801433,0.759532,0.8295,-1.3e-07,77.814,9221.8724,13.109,10.24,1.0,1.1025,0.9394,24.5,32.0,7.5,32.718,29.7259,62.5,56.5,-6.0,4.782,13.7741,8.9921,0.5261,0.2438,0.7699,0.8718,0.2955,0.125,0.2458,0.0806,0.0,0.0806,0.8408,0.5538,0.346,0.3394,0.9306,-0.0008,0.379,0.5208,0.0039,0.16,0.12,0.22,0.6,0.013,0.2417,0.4319,0.805,0.195,1.08,1.08,0.96,0.3821,17.4599,0.154,1.7179,0.7395,-0.066,-0.1662,2.26,5.5572,0.1311,0.0114,0.013,0.0047,0.0248,0.0124,0.0138,0.0022,-0.0017,-0.0021,-0.003,0.4,0.3266,0.2612,0.34,0.5163,0.2703,0.4815,0.3148,0.4035,0.4754,fast_converger,70,141
97,84,-13,-13,45.8,fast_converger,False,0.37,42,4,Cluster 42,scenario_projection,UNDP_HDR_2025_Table_1,2023,Brazil,BRA,Brazil,0.786,0.76,-0.026,0.76,0.786,211998565,un_wpp_owid_2024,217489300,un_wpp_owid_2050,0.747,-0.039,0.747,-0.039,0.8256,0.0396,0.7559,0.8256,0.8527,0.8527,0.7559,True,True,75.848,18011.2855,15.7927,8.4254,0.8213,0.6797,0.7466,0.893474,0.767178,0.820977,0.8256,-0.0,75.848,18011.2855,15.7927,8.4254,0.98,1.134,0.9051,34.3,43.5,9.2,18.3725,10.1821,69.5,62.14,-7.36,12.1275,27.6779,15.5504,0.1639,0.4454,0.6093,0.8366,0.5518,0.04,0.0,0.7126,0.0,0.7126,0.9493,0.6509,0.2888,0.3489,0.9307,-0.0049,0.3697,0.5719,0.0037,0.16,0.22,0.42,0.66,0.0445,0.265,0.3649,0.6813,0.3187,1.0301,1.0325,0.997,0.4176,22.4396,0.2277,2.2217,0.5981,-0.4195,0.1204,1.7599,6.9921,0.1486,0.0051,0.0088,0.0037,0.0157,0.0037,0.009,0.0015,-0.003,-0.0021,-0.0028,0.4502,0.3001,0.2695,0.3283,0.4462,0.2655,0.4269,0.3365,0.3918,0.4823,fast_converger,73,133
98,89,-9,-9,45.84,fast_converger,False,0.3,42,4,Cluster 42,scenario_projection,UNDP_HDR_2025_Table_1,2023,Sri Lanka,LKA,Sri Lanka,0.776,0.78,0.004,0.78,0.776,23103561,un_wpp_owid_2024,24813694,un_wpp_owid_2050,0.744,-0.032,0.744,-0.032,0.827,0.051,0.7483,0.827,0.8577,0.8577,0.7483,True,True,77.483,12615.6004,13.1282,10.77,0.8453,0.7007,0.6954,0.91562,0.795518,0.776517,0.827,-1.8e-07,77.483,12615.6004,13.1282,10.77,0.93,1.1025,0.9123,34.0,40.5,6.5,21.1616,14.6313,65.5,60.3,-5.2,13.3384,25.0687,11.7303,0.2426,0.4157,0.6584,0.8418,0.4682,0.175,0.0,0.594,0.0,0.594,0.9167,0.6397,0.3206,0.3413,0.9379,-0.0041,0.3023,0.5652,0.0037,0.16,0.12,0.22,0.6,0.0139,0.1958,0.3259,0.6519,0.3481,1.16,1.16,0.94,0.38,25.0,0.3,2.3,0.55,0.0,0.0,1.5,6.0,0.2,0.0081,0.0112,0.0038,0.0177,0.0068,0.011,0.002,-0.0014,-0.0037,-0.0044,0.3256,0.2392,0.2069,0.3119,0.3747,0.2086,0.3889,0.2806,0.3487,0.3379,accelerator,70,135
99,105,6,+6,58.36,rapid_industrializer,True,0.4,42,4,Cluster 42,scenario_projection,UNDP_HDR_2025_Table_1,2023,Tunisia,TUN,Tunisia,0.746,0.731,-0.015,0.731,0.746,12277103,un_wpp_owid_2024,13145140,un_wpp_owid_2050,0.7086,-0.0374,0.7086,-0.0374,0.8268,0.0808,0.72,0.8268,0.8534,0.8534,0.72,True,True,76.508,12011.3878,14.6735,7.5949,0.831,0.6221,0.6883,0.929462,0.760351,0.799753,0.8268,1.5e-07,76.508,12011.3878,14.6735,7.5949,0.97,1.1025,0.9467,33.0,39.0,6.0,21.4225,16.015,67.0,62.2,-4.8,11.5775,21.785,10.2075,0.2575,0.3502,0.6077,0.9052,0.5545,0.2,0.0,0.4448,0.0,0.4448,0.9828,0.6501,0.4247,0.2513,0.9807,-0.0014,0.4038,0.5466,0.0042,0.16,0.12,0.22,0.6,0.0137,0.3525,0.366,0.7267,0.2733,0.9936,0.9936,1.0176,0.3645,16.0753,0.2526,2.1413,0.5613,0.1357,0.009,1.5381,6.3393,0.0946,0.0105,0.0173,0.0057,0.0244,0.0147,0.0145,0.0024,-0.0004,-0.0038,-0.0046,0.4122,0.3587,0.2847,0.3822,0.5284,0.2939,0.4838,0.3495,0.4538,0.4912,fast_converger,73,145
100,107,7,+7,55.5,rapid_industrializer,False,0.3,42,4,Cluster 42,scenario_projection,UNDP_HDR_2025_Table_1,2023,Uzbekistan,UZB,Uzbekistan,0.74,0.727,-0.013,0.727,0.74,36361859,un_wpp_owid_2024,52210751,un_wpp_owid_2050,0.7089,-0.0311,0.7089,-0.0311,0.8262,0.0862,0.7062,0.8262,0.8534,0.8534,0.7062,True,True,72.388,8825.7309,12.4609,11.91,0.7704,0.7179,0.644,0.865259,0.84906,0.767664,0.8262,7e-08,72.388,8825.7309,12.4609,11.91,0.9,1.0815,0.9809,27.8,34.0,6.2,27.7592,24.2039,65.5,60.54,-4.96,6.7408,15.2561,8.5152,0.3998,0.252,0.6518,0.9263,0.4791,0.19,0.0943,0.148,0.0,0.148,0.32,0.5556,0.4563,0.2156,0.9796,0.0008,0.2955,0.5278,0.0041,0.16,0.12,0.22,0.6,0.0135,0.2216,0.3211,0.6756,0.3244,1.08,1.08,0.96,0.3768,44.3136,0.2666,3.7321,0.4972,-0.4926,-0.3101,0.9889,6.1554,0.2817,0.0133,0.0141,0.006,0.0241,0.0212,0.0145,0.0027,-0.0016,-0.0046,-0.0035,0.3242,0.2269,0.1634,0.3215,0.408,0.1859,0.3726,0.2505,0.3281,0.3744,fast_converger,73,150
101,65,-36,-36,33.84,emerging_mover,False,0.33,43,2,Cluster 43,scenario_projection,UNDP_HDR_2025_Table_1,2023,Belarus,BLR,Belarus,0.824,0.808,-0.016,0.808,0.824,9056696,un_wpp_owid_2024,7453542,un_wpp_owid_2050,0.7899,-0.0341,0.7899,-0.0341,0.8217,-0.0023,0.7386,0.8217,0.8647,0.8647,0.7386,True,True,74.434,26724.871,13.7188,12.3354,0.8005,0.7665,0.8033,0.832617,0.797516,0.835517,0.8217,7e-08,74.434,26724.871,13.7188,12.3354,0.82,1.0815,0.843,40.3,46.5,6.2,13.7143,7.8041,63.5,58.54,-4.96,22.7857,33.6559,10.8702,0.1333,0.5749,0.7082,0.7192,0.3882,0.19,0.0,0.9844,0.0,0.9844,0.9167,0.6175,0.1288,0.5174,0.8566,-0.0078,0.329,0.5075,0.0026,0.0,0.12,0.22,0.6,0.0141,0.1738,0.296,0.492,0.508,0.82,0.92,1.18,0.38,25.0,0.3,2.3,0.55,0.0,0.0,1.5,6.0,0.2,0.0002,0.0004,0.0002,0.0005,-0.0002,0.0004,0.0,-0.0001,-0.0002,-0.0002,0.3178,0.2691,0.2069,0.3597,0.4381,0.2205,0.4367,0.2995,0.3897,0.3518,conflict_recovery,66,139
102,135,33,+33,75.8,rapid_industrializer,False,0.27,43,2,Cluster 43,scenario_projection,UNDP_HDR_2025_Table_1,2023,Cabo Verde,CPV,Cape Verde,0.668,0.662,-0.006,0.662,0.668,524878,un_wpp_owid_2024,566142,un_wpp_owid_2050,0.6348,-0.0332,0.6348,-0.0332,0.8207,0.1527,0.6436,0.8207,0.8564,0.8564,0.6436,True,True,76.059,8165.3792,11.3671,6.09,0.8244,0.4903,0.6329,0.959119,0.71744,0.803332,0.8207,-1e-07,76.059,8165.3792,11.3671,6.09,0.95,1.0302,0.9804,26.5,34.0,7.5,27.9443,24.2285,66.5,60.5,-6.0,5.5557,15.2715,9.7158,0.4005,0.2524,0.6529,0.9258,0.4773,0.125,0.0772,0.1487,0.0,0.1487,0.9167,0.5567,0.4482,0.2095,0.9789,0.001,0.2737,0.5004,0.0051,0.28,0.12,0.22,0.6,0.0129,0.2694,0.3774,0.7561,0.2439,1.22,1.22,0.96,0.38,25.0,0.3,2.3,0.55,0.0,0.0,1.5,6.0,0.2,0.0212,0.0382,0.0088,0.0414,0.0305,0.0201,0.0069,-0.0028,-0.0074,-0.0042,0.2902,0.2218,0.2069,0.2842,0.338,0.2016,0.3612,0.2442,0.2995,0.289,frontier_jumper,70,166
103,75,-28,-28,35.56,emerging_mover,False,0.3,44,3,Cluster 44,scenario_projection,UNDP_HDR_2025_Table_1,2023,Iran (Islamic Republic of),IRN,Iran,0.799,0.774,-0.025,0.774,0.799,91567737,un_wpp_owid_2024,101861995,un_wpp_owid_2050,0.7658,-0.0332,0.7658,-0.0332,0.8168,0.0178,0.769,0.8168,0.8452,0.8452,0.769,True,True,77.654,16095.7717,13.9683,10.8467,0.8479,0.7253,0.7304,0.896709,0.780508,0.778608,0.8168,3.5e-07,77.654,16095.7717,13.9683,10.8467,0.85,1.0506,0.8999,32.0,40.0,8.0,23.9174,16.0061,65.0,58.6,-6.4,11.0826,25.3939,14.3113,0.2731,0.4333,0.7065,0.8151,0.3909,0.1,0.0,0.6088,0.0,0.6088,0.9167,0.6278,0.2644,0.3809,0.9153,-0.0049,0.3028,0.5028,0.0028,0.16,0.68,0.75,0.4,0.3293,0.1477,0.2471,0.3926,0.6074,1.08,1.08,0.96,0.38,25.0,0.3,2.3,0.55,0.0,0.0,1.5,6.0,0.2,0.003,0.0048,0.0018,0.0061,0.0021,0.0049,0.0009,-0.0006,-0.0017,-0.0034,0.2941,0.2489,0.2069,0.3274,0.3953,0.2124,0.4044,0.2683,0.3521,0.3185,fast_converger,80,132
104,120,16,+16,61.21,rapid_industrializer,False,0.32,44,3,Cluster 44,scenario_projection,UNDP_HDR_2025_Table_1,2023,Morocco,MAR,Morocco,0.71,0.683,-0.027,0.683,0.71,38081176,un_wpp_owid_2024,43440432,un_wpp_owid_2050,0.6672,-0.0428,0.6672,-0.0428,0.8162,0.1062,0.675,0.8162,0.8493,0.8493,0.675,True,True,75.313,8652.8809,15.075,6.198,0.8134,0.5696,0.6412,0.925543,0.746635,0.786837,0.8162,-3e-08,75.313,8652.8809,15.075,6.198,0.96,1.1025,0.9501,30.2,36.0,5.8,26.6413,21.88,64.0,59.36,-4.64,9.3587,18.76,9.4013,0.3686,0.316,0.6846,0.9016,0.4255,0.21,0.0,0.3073,0.0,0.3073,0.0364,0.428,0.379,0.2568,0.9332,-0.0026,0.3156,0.5486,0.0045,0.16,0.12,0.22,0.6,0.0134,0.37,0.2919,0.6858,0.3142,1.16,1.16,0.94,0.363,44.1265,0.2774,4.4126,0.4768,-0.2828,-0.2617,1.0809,5.4779,0.1286,0.0169,0.026,0.0056,0.0334,0.0152,0.0174,0.0033,-0.0003,-0.0057,-0.0057,0.3821,0.231,0.1679,0.3086,0.4312,0.1814,0.3856,0.2614,0.3593,0.4473,accelerator,77,158
105,130,25,+25,70.29,rapid_industrializer,False,0.33,44,3,Cluster 44,scenario_projection,UNDP_HDR_2025_Table_1,2023,Bangladesh,BGD,Bangladesh,0.685,0.67,-0.015,0.67,0.685,173562366,un_wpp_owid_2024,214709097,un_wpp_owid_2050,0.6516,-0.0334,0.6516,-0.0334,0.8161,0.1311,0.6524,0.8161,0.8491,0.8491,0.6524,True,True,74.672,8497.6586,12.3102,6.79,0.804,0.5387,0.6386,0.920553,0.741062,0.796759,0.8161,1.2e-07,74.672,8497.6586,12.3102,6.79,0.92,1.0815,0.9497,27.6,36.5,8.9,26.7104,20.8312,67.0,59.88,-7.12,6.2896,19.2888,12.9992,0.3479,0.3221,0.67,0.9026,0.4491,0.055,0.0,0.3313,0.0,0.3313,0.6538,0.5292,0.3723,0.255,0.9481,-0.0027,0.3284,0.5639,0.0052,0.28,0.12,0.22,0.6,0.0137,0.463,0.3591,0.7131,0.2869,1.16,1.16,0.94,0.3914,45.7602,0.254,2.9308,0.4722,-0.6005,-0.584,1.2056,4.2638,0.2491,0.0205,0.0341,0.007,0.0371,0.021,0.0226,0.0072,-0.0045,-0.0065,-0.0073,0.3833,0.2487,0.1766,0.3386,0.4528,0.2019,0.3899,0.2759,0.3603,0.4557,accelerator,77,164
106,88,-18,-18,45.1,fast_converger,False,0.38,45,5,Cluster 45,scenario_projection,UNDP_HDR_2025_Table_1,2023,Ecuador,ECU,Ecuador,0.777,0.74,-0.037,0.74,0.777,18135478,un_wpp_owid_2024,21337230,un_wpp_owid_2050,0.7415,-0.0355,0.7415,-0.0355,0.8137,0.0367,0.7507,0.8137,0.8423,0.8423,0.7507,True,False,77.392,13986.397,14.8517,8.97,0.844,0.6801,0.7102,0.910632,0.760227,0.778228,0.8137,6e-08,77.392,13986.397,14.8517,8.97,0.91,1.0815,0.945,28.8,37.0,8.2,26.1062,20.03,66.5,59.94,-6.56,7.3938,20.03,12.6362,0.3342,0.3342,0.6683,0.8948,0.4518,0.09,0.0,0.365,0.0,0.365,0.8124,0.6238,0.3854,0.2659,0.9644,-0.0016,0.379,0.5005,0.0033,0.16,0.46,0.58,0.42,0.1617,0.2371,0.3125,0.5773,0.4227,0.9412,0.944,1.049,0.3599,14.0984,0.2003,2.5502,0.5446,0.2034,0.1624,2.2202,6.8886,0.1308,0.0047,0.0074,0.0029,0.0111,0.0068,0.0068,0.0012,-0.0,-0.0015,-0.0027,0.4145,0.3252,0.2678,0.3646,0.4895,0.2718,0.4537,0.3246,0.4105,0.4682,moderate,82,135
107,106,-1,-1,54.64,rapid_industrializer,True,0.39,45,5,Cluster 45,scenario_projection,UNDP_HDR_2025_Table_1,2023,South Africa,ZAF,South Africa,0.741,0.717,-0.024,0.717,0.741,64007187,un_wpp_owid_2024,79177332,un_wpp_owid_2050,0.7099,-0.0311,0.7099,-0.0311,0.8147,0.0737,0.7123,0.8147,0.8434,0.8434,0.7123,True,True,66.139,13693.9886,13.7933,11.61,0.6785,0.7457,0.7072,0.785479,0.856277,0.803978,0.8147,-8e-08,66.139,13693.9886,13.7933,11.61,0.9,1.1025,0.9611,28.0,35.0,7.0,27.9906,23.3987,65.0,59.4,-5.6,7.0094,17.2013,10.1919,0.3939,0.2896,0.6835,0.9109,0.4273,0.15,0.0481,0.2364,0.0,0.2364,0.935,0.6697,0.4308,0.2507,0.9854,0.0,0.388,0.5643,0.0043,0.16,0.12,0.22,0.6,0.0145,0.2215,0.3593,0.6744,0.3256,1.0,1.0,1.0,0.3624,10.1998,0.2336,2.2559,0.6785,-0.0562,0.1564,1.3912,6.2192,0.1644,0.0086,0.0112,0.0112,0.0181,0.0166,0.0147,0.0023,-0.0002,-0.0034,-0.0055,0.4356,0.3085,0.2666,0.3798,0.5031,0.265,0.4919,0.329,0.4254,0.4751,moderate,82,148
108,108,0,0,48.27,fast_converger,False,0.25,45,5,Cluster 45,scenario_projection,UNDP_HDR_2025_Table_1,2023,Marshall Islands,MHL,Marshall Islands,0.733,0.628,-0.105,0.628,0.733,37572,un_wpp_owid_2024,25212,un_wpp_owid_2050,0.7018,-0.0312,0.7018,-0.0312,0.8139,0.0809,0.7059,0.8139,0.8512,0.8512,0.7059,True,False,66.945,7223.8608,16.3861,11.6367,0.6904,0.8137,0.6152,0.797953,0.921845,0.732956,0.8139,-2e-08,66.945,7223.8608,16.3861,11.6367,0.9,1.0,0.9335,22.5,29.5,7.0,33.4102,32.3851,63.0,57.4,-5.6,3.5898,10.2149,6.6252,0.5642,0.178,0.7422,0.8624,0.3364,0.15,0.3599,0.0,0.0,0.0,0.9167,0.6256,0.3761,0.3384,0.9494,0.0004,0.2531,0.4511,0.0036,0.16,0.12,0.22,0.6,0.0138,0.2113,0.348,0.6727,0.3273,1.22,1.22,0.96,0.38,25.0,0.3,2.3,0.55,0.0,0.0,1.5,6.0,0.2,0.0141,0.0094,0.0109,0.0229,0.0193,0.0128,0.0027,-0.0019,-0.005,-0.0042,0.2429,0.217,0.2069,0.2764,0.3277,0.1997,0.3534,0.2102,0.261,0.2363,frontier_jumper,73,150
109,115,6,+6,54.98,rapid_industrializer,False,0.29,45,5,Cluster 45,scenario_projection,UNDP_HDR_2025_Table_1,2023,Belize,BLZ,Belize,0.721,0.683,-0.038,0.683,0.721,417077,un_wpp_owid_2024,516628,un_wpp_owid_2050,0.6905,-0.0305,0.6905,-0.0305,0.8128,0.0918,0.6963,0.8128,0.8415,0.8415,0.6963,True,False,73.566,12343.0781,11.9838,8.7623,0.7877,0.6038,0.6923,0.888244,0.749537,0.80654,0.8128,1.2e-07,73.566,12343.0781,11.9838,8.7623,0.96,1.0506,0.9664,25.5,33.0,7.5,29.9027,26.6159,65.0,59.0,-6.0,5.0973,14.3841,9.2868,0.4511,0.2438,0.6949,0.9055,0.4091,0.125,0.16,0.1084,0.0,0.1084,0.9167,0.5774,0.4142,0.2597,0.9651,0.0005,0.2909,0.5018,0.0043,0.16,0.12,0.22,0.6,0.013,0.2406,0.367,0.7375,0.2625,1.0,1.0,1.0,0.38,25.0,0.3,2.3,0.55,0.0,0.0,1.5,6.0,0.2,0.0115,0.0198,0.0072,0.0279,0.019,0.0138,0.0026,-0.0018,-0.005,-0.0033,0.2902,0.2383,0.2069,0.3105,0.3729,0.2082,0.3875,0.2574,0.3319,0.3057,moderate,82,152
110,122,12,+12,56.75,rapid_industrializer,False,0.25,45,5,Cluster 45,scenario_projection,UNDP_HDR_2025_Table_1,2023,Samoa,WSM,Samoa,0.708,0.702,-0.006,0.702,0.708,218031,un_wpp_owid_2024,272728,un_wpp_owid_2050,0.6785,-0.0295,0.6785,-0.0295,0.8134,0.1054,0.6825,0.8134,0.8507,0.8507,0.6825,True,True,71.698,5952.0169,12.4364,11.333,0.7603,0.6996,0.5874,0.874459,0.843661,0.729466,0.8134,-2e-08,71.698,5952.0169,12.4364,11.333,0.9,1.0,0.9371,22.5,30.0,7.5,32.9587,31.7012,63.5,57.5,-6.0,3.5413,10.7988,7.2575,0.5513,0.1878,0.7391,0.8699,0.3409,0.125,0.3362,0.0,0.0,0.0,0.9167,0.5761,0.3712,0.3263,0.9425,0.0003,0.2484,0.4645,0.0041,0.16,0.12,0.22,0.6,0.0133,0.2336,0.3771,0.7145,0.2855,1.22,1.22,0.96,0.38,25.0,0.3,2.3,0.55,0.0,0.0,1.5,6.0,0.2,0.019,0.0179,0.0098,0.0319,0.0208,0.0151,0.0032,-0.0022,-0.0059,-0.0041,0.2508,0.2093,0.2069,0.264,0.3113,0.1966,0.3411,0.209,0.2552,0.2395,frontier_jumper,73,155
111,124,13,+13,60.57,rapid_industrializer,False,0.3,46,2,Cluster 46,scenario_projection,UNDP_HDR_2025_Table_1,2023,Nauru,NRU,Nauru,0.703,0.74,0.037,0.74,0.703,11968,un_wpp_owid_2024,15779,un_wpp_owid_2050,0.6732,-0.0298,0.6732,-0.0298,0.8112,0.1082,0.6759,0.8112,0.8491,0.8491,0.6759,True,True,62.109,19642.3777,12.8426,9.4486,0.6193,0.6491,0.759,0.754366,0.807364,0.876461,0.8112,1.6e-07,62.109,19642.3777,12.8426,9.4486,0.9,1.0,0.9693,26.5,33.5,7.0,29.1955,25.6371,65.0,59.4,-5.6,5.8045,14.9629,9.1585,0.4316,0.2519,0.6835,0.9109,0.4273,0.15,0.1261,0.1347,0.0,0.1347,0.9167,0.6097,0.4331,0.2468,0.9771,0.0007,0.2954,0.4454,0.004,0.16,0.12,0.22,0.6,0.0138,0.2365,0.3525,0.6846,0.3154,1.22,1.22,0.96,0.38,25.0,0.3,2.3,0.55,0.0,0.0,1.5,6.0,0.2,0.01,0.0217,0.0165,0.0293,0.0249,0.0162,0.0033,-0.0023,-0.0061,-0.0052,0.2508,0.2568,0.2069,0.3401,0.4121,0.2156,0.4171,0.2471,0.331,0.2761,frontier_jumper,77,158
112,125,13,+13,62.83,rapid_industrializer,False,0.31,46,2,Cluster 46,scenario_projection,UNDP_HDR_2025_Table_1,2023,Bhutan,BTN,Bhutan,0.698,0.666,-0.032,0.666,0.698,791530,un_wpp_owid_2024,882345,un_wpp_owid_2050,0.6581,-0.0399,0.6581,-0.0399,0.8102,0.1122,0.6609,0.8102,0.8446,0.8446,0.6609,True,True,72.975,13842.8035,13.1527,5.8358,0.779,0.5163,0.7087,0.899992,0.701494,0.842392,0.8102,8e-08,72.975,13842.8035,13.1527,5.8358,0.9,1.0506,0.981,28.1,35.5,7.4,25.5122,21.138,68.0,62.08,-5.92,6.4878,16.782,10.2942,0.3405,0.2703,0.6108,0.9471,0.5491,0.13,0.0,0.2174,0.0,0.2174,0.5686,0.5388,0.4743,0.1717,0.9891,0.0008,0.3121,0.4969,0.0045,0.28,0.12,0.22,0.6,0.0133,0.2531,0.3488,0.7185,0.2815,1.16,1.16,0.94,0.4541,30.334,0.2565,3.1353,0.5284,-0.6657,-0.5048,1.5338,4.9931,0.1948,0.0136,0.0304,0.0091,0.0316,0.0265,0.0184,0.0061,-0.0114,-0.0056,-0.0064,0.3766,0.2403,0.1884,0.299,0.4216,0.201,0.3758,0.2568,0.3277,0.4337,accelerator,81,164
113,99,-14,-14,48.73,fast_converger,False,0.37,47,1,Cluster 47,scenario_projection,UNDP_HDR_2025_Table_1,2023,Paraguay,PRY,Paraguay,0.756,0.717,-0.039,0.717,0.756,6929152,un_wpp_owid_2024,8640471,un_wpp_owid_2050,0.7223,-0.0337,0.7223,-0.0337,0.8091,0.0531,0.7308,0.8091,0.8384,0.8384,0.7308,True,False,73.844,15252.2202,13.9871,8.9307,0.7918,0.6586,0.7227,0.871177,0.75708,0.803079,0.8091,-1e-07,73.844,15252.2202,13.9871,8.9307,0.92,1.0506,0.9621,26.5,34.5,8.0,28.7784,24.3349,65.5,59.1,-6.4,5.7216,16.5651,10.8435,0.4118,0.2803,0.692,0.9068,0.4136,0.1,0.0766,0.2075,0.0,0.2075,0.9472,0.622,0.4086,0.2583,0.9711,-0.0003,0.3729,0.4943,0.0036,0.16,0.24,0.5,0.46,0.069,0.2561,0.3706,0.6714,0.3286,0.9412,0.944,1.049,0.3687,19.4359,0.2107,1.9732,0.6627,0.0301,0.0466,2.3611,5.7227,0.1754,0.0059,0.0102,0.0049,0.0153,0.011,0.0093,0.0016,-0.0005,-0.0021,-0.0023,0.395,0.3043,0.2465,0.3722,0.5097,0.2558,0.4812,0.3104,0.4023,0.4513,moderate,86,141
114,86,-28,-28,36.04,emerging_mover,False,0.31,48,4,Cluster 48,scenario_projection,UNDP_HDR_2025_Table_1,2023,Moldova (Republic of),MDA,Moldova,0.785,0.767,-0.018,0.767,0.785,3034967,un_wpp_owid_2024,2351806,un_wpp_owid_2050,0.752,-0.033,0.752,-0.033,0.8048,0.0198,0.7502,0.8048,0.8353,0.8353,0.7502,True,True,71.198,15866.5421,14.6386,11.83,0.7529,0.7754,0.7283,0.800914,0.833015,0.781314,0.8048,2.5e-07,71.198,15866.5421,14.6386,11.83,0.92,1.0506,0.8496,38.0,44.5,6.5,17.0797,10.119,63.0,57.8,-5.2,19.9203,32.081,12.1607,0.1751,0.555,0.7301,0.7274,0.3545,0.175,0.0,0.9128,0.0,0.9128,0.5074,0.5437,0.1246,0.5072,0.8456,-0.0093,0.3123,0.4786,0.003,0.16,0.12,0.22,0.6,0.0134,0.2019,0.2998,0.6445,0.3555,1.0,1.0,1.0,0.4311,45.9541,0.3367,3.2822,0.3798,-0.2122,-0.3104,1.0763,4.6795,0.1801,0.0045,0.0052,0.0027,0.0116,-0.0028,0.006,0.0013,-0.0031,-0.0026,-0.0031,0.3615,0.2491,0.1763,0.3149,0.4251,0.1975,0.3588,0.2602,0.3447,0.4348,moderate,89,135
115,100,-15,-15,44.51,fast_converger,False,0.31,48,4,Cluster 48,scenario_projection,UNDP_HDR_2025_Table_1,2023,Egypt,EGY,Egypt,0.754,0.739,-0.015,0.739,0.754,116538256,un_wpp_owid_2024,161630196,un_wpp_owid_2050,0.7227,-0.0313,0.7227,-0.0313,0.8053,0.0513,0.7132,0.8053,0.8408,0.8408,0.7132,True,True,71.633,16218.1352,13.1272,10.1361,0.7593,0.6797,0.7315,0.825309,0.778709,0.812609,0.8053,1.9e-07,71.633,16218.1352,13.1272,10.1361,0.93,1.1025,0.9362,24.1,29.5,5.4,33.4085,32.1722,62.0,57.68,-4.32,4.5915,10.1478,5.5563,0.5578,0.1759,0.7337,0.8681,0.3491,0.23,0.4304,0.0,0.0,0.0,0.3553,0.4501,0.3432,0.362,0.9092,-0.001,0.3121,0.5406,0.0036,0.16,0.12,0.22,0.6,0.0141,0.3228,0.276,0.6169,0.3831,1.16,1.16,0.94,0.4163,51.0419,0.295,3.6472,0.3776,-0.8306,-0.457,0.6856,4.4972,0.1488,0.0071,0.0116,0.0036,0.0178,0.0113,0.0102,0.002,-0.004,-0.0037,-0.0046,0.393,0.2236,0.1738,0.3143,0.405,0.1833,0.36,0.2653,0.357,0.4455,accelerator,85,148
116,117,1,+1,52.89,rapid_industrializer,False,0.33,48,4,Cluster 48,scenario_projection,UNDP_HDR_2025_Table_1,2023,Kyrgyzstan,KGZ,Kyrgyzstan,0.72,0.692,-0.028,0.692,0.72,7186014,un_wpp_owid_2024,9642949,un_wpp_owid_2050,0.6893,-0.0307,0.6893,-0.0307,0.8056,0.0856,0.6833,0.8056,0.8454,0.8454,0.6833,True,True,71.677,6078.1176,12.7139,12.0659,0.76,0.7298,0.5904,0.841374,0.858073,0.724177,0.8056,-2e-07,71.677,6078.1176,12.7139,12.0659,0.93,1.0302,0.969,27.1,33.5,6.4,29.1452,25.6497,64.5,59.38,-5.12,6.3548,14.9703,8.6155,0.432,0.2521,0.6841,0.9106,0.4264,0.18,0.1508,0.135,0.0,0.135,0.4275,0.5552,0.4207,0.2577,0.9634,0.0002,0.327,0.4814,0.004,0.16,0.12,0.22,0.6,0.0135,0.2395,0.3368,0.6805,0.3195,1.22,1.22,0.96,0.432,63.9359,0.3088,3.474,0.4572,-0.4113,-0.7281,0.6304,4.604,0.2991,0.0176,0.0146,0.004,0.0284,0.0212,0.0155,0.003,-0.0075,-0.0058,-0.0054,0.3789,0.2523,0.1914,0.3517,0.4429,0.212,0.3866,0.2663,0.3497,0.4377,frontier_jumper,80,154
117,117,0,0,55.19,rapid_industrializer,True,0.42,48,4,Cluster 48,scenario_projection,UNDP_HDR_2025_Table_1,2023,Jamaica,JAM,Jamaica,0.72,0.709,-0.011,0.709,0.72,2839182,un_wpp_owid_2024,2454944,un_wpp_owid_2050,0.6899,-0.0301,0.6899,-0.0301,0.8052,0.0852,0.6944,0.8052,0.8351,0.8351,0.6944,True,True,71.479,10056.9853,12.3834,9.9599,0.757,0.6544,0.6628,0.860471,0.783373,0.774474,0.8052,2.4e-07,71.479,10056.9853,12.3834,9.9599,0.97,1.1124,0.9254,31.5,39.5,8.0,23.0921,15.9576,67.0,60.6,-6.4,9.9079,23.4424,13.5345,0.2633,0.3868,0.6502,0.8645,0.4818,0.1,0.0,0.5201,0.0,0.5201,0.8287,0.6112,0.3367,0.3088,0.943,-0.0042,0.4175,0.5165,0.0045,0.16,0.12,0.22,0.6,0.0132,0.2664,0.4284,0.7878,0.2122,1.0,1.0,1.0,0.3801,19.2277,0.3172,2.5111,0.6935,0.0961,-0.1769,1.9038,6.5298,0.1172,0.0128,0.0171,0.0094,0.0278,0.0105,0.0168,0.0026,-0.0018,-0.0052,-0.0047,0.4382,0.3494,0.2742,0.4026,0.5631,0.2853,0.5309,0.3654,0.4627,0.5036,moderate,89,152
118,96,-22,-22,41.43,emerging_mover,False,0.3,49,1,Cluster 49,scenario_projection,UNDP_HDR_2025_Table_1,2023,Algeria,DZA,Algeria,0.763,0.745,-0.018,0.745,0.763,46814302,un_wpp_owid_2024,59565550,un_wpp_owid_2050,0.7224,-0.0406,0.7224,-0.0406,0.8016,0.0386,0.7345,0.8016,0.8323,0.8323,0.7345,True,True,76.261,15114.1718,15.4952,7.4164,0.8274,0.6317,0.7214,0.898937,0.72115,0.794545,0.8016,1.5e-07,76.261,15114.1718,15.4952,7.4164,0.88,1.0302,0.9653,29.2,35.0,5.8,27.2826,23.1336,64.5,59.86,-4.64,8.2174,17.0064,8.7891,0.3865,0.2841,0.6706,0.9171,0.4482,0.21,0.0393,0.2276,0.0,0.2276,0.9167,0.6198,0.4463,0.2345,0.9841,0.0002,0.2981,0.492,0.0034,0.16,0.78,0.68,0.32,0.3505,0.1673,0.2565,0.4621,0.5379,1.0,1.0,1.0,0.38,25.0,0.3,2.3,0.55,0.0,0.0,1.5,6.0,0.2,0.0048,0.0096,0.003,0.0106,0.0099,0.0071,0.0014,-0.001,-0.0026,-0.0041,0.2902,0.2464,0.2069,0.3234,0.39,0.2114,0.4004,0.2638,0.3397,0.3086,moderate,91,140
119,87,-32,-32,36.15,emerging_mover,False,0.31,50,3,Cluster 50,scenario_projection,UNDP_HDR_2025_Table_1,2023,Ukraine,UKR,Ukraine,0.779,0.773,-0.006,0.773,0.779,37860221,un_wpp_owid_2024,31990136,un_wpp_owid_2050,0.7464,-0.0326,0.7464,-0.0326,0.7984,0.0194,0.7157,0.7984,0.8662,0.8662,0.7157,True,True,73.422,16933.1445,13.328,11.1227,0.7856,0.7175,0.7377,0.835539,0.773336,0.787637,0.7984,-3.2e-07,73.422,16933.1445,13.328,11.1227,0.88,1.0815,0.8321,41.2,47.0,5.8,12.8946,7.4486,62.5,57.86,-4.64,24.6054,34.6914,10.086,0.1287,0.5996,0.7283,0.6982,0.3573,0.21,0.0,1.0,0.0,1.0,0.9167,0.581,0.1034,0.5374,0.841,-0.0109,0.3104,0.516,0.0031,0.72,0.12,0.22,0.6,0.015,0.1781,0.3216,0.5181,0.4819,1.0785,1.1085,0.9969,0.38,25.0,0.3,2.3,0.55,0.0,0.0,1.5,6.0,0.2,0.0032,0.005,0.0026,0.0084,-0.0027,0.0051,0.0042,-0.0006,-0.0018,-0.004,0.3138,0.2509,0.2069,0.3306,0.3996,0.2132,0.4077,0.2825,0.3624,0.3366,conflict_recovery,66,146
120,129,9,+9,57.18,rapid_industrializer,False,0.25,50,3,Cluster 50,scenario_projection,UNDP_HDR_2025_Table_1,2023,Tuvalu,TUV,Tuvalu,0.689,0.641,-0.048,0.641,0.689,9669,un_wpp_owid_2024,9802,un_wpp_owid_2050,0.6602,-0.0288,0.6602,-0.0288,0.7996,0.1106,0.6619,0.7996,0.8665,0.8665,0.6619,True,False,67.105,7005.5208,12.3751,10.7675,0.6927,0.6802,0.6108,0.819349,0.83255,0.749445,0.7996,4.1e-07,67.105,7005.5208,12.3751,10.7675,0.9,1.0,0.9512,24.0,31.0,7.0,31.7087,29.7718,64.0,58.4,-5.6,4.2913,11.8282,7.5369,0.5098,0.2025,0.7123,0.8974,0.3818,0.15,0.2694,0.0,0.0,0.0,0.9167,0.5906,0.4176,0.2791,0.9645,0.0014,0.2489,0.4457,0.0041,0.28,0.12,0.22,0.6,0.0138,0.234,0.3669,0.6868,0.3132,1.22,1.22,0.96,0.38,25.0,0.3,2.3,0.55,0.0,0.0,1.5,6.0,0.2,0.0174,0.0197,0.0131,0.0279,0.0249,0.0154,0.0057,-0.0023,-0.0061,-0.0052,0.2311,0.2157,0.2069,0.2744,0.3251,0.1992,0.3514,0.2017,0.2567,0.2268,frontier_jumper,66,163
121,136,15,+15,62.81,rapid_industrializer,False,0.29,50,3,Cluster 50,scenario_projection,UNDP_HDR_2025_Table_1,2023,Namibia,NAM,Namibia,0.665,0.615,-0.05,0.615,0.665,3030127,un_wpp_owid_2024,4512303,un_wpp_owid_2050,0.6353,-0.0297,0.6353,-0.0297,0.7983,0.1333,0.6403,0.7983,0.8576,0.8576,0.6403,True,False,67.385,10916.6087,11.7851,7.2731,0.6968,0.5455,0.6746,0.836741,0.739448,0.822242,0.7983,-3e-08,67.385,10916.6087,11.7851,7.2731,1.0,1.0506,0.9227,21.8,28.0,6.2,34.6565,34.3565,62.0,57.04,-4.96,3.3435,8.6035,5.26,0.6023,0.1508,0.7532,0.8398,0.32,0.19,0.4283,0.0,0.0,0.0,0.9167,0.4809,0.3254,0.375,0.9075,-0.0012,0.287,0.5104,0.0051,0.28,0.12,0.22,0.6,0.013,0.2717,0.3892,0.7533,0.2467,1.16,1.16,0.94,0.38,25.0,0.3,2.3,0.55,0.0,0.0,1.5,6.0,0.2,0.0171,0.0317,0.0147,0.0382,0.02,0.0193,0.0065,-0.0026,-0.0069,-0.0046,0.2902,0.2334,0.2069,0.3027,0.3625,0.2063,0.3797,0.2534,0.3292,0.3054,accelerator,70,168
122,95,-27,-27,39.07,emerging_mover,False,0.3,51,1,Cluster 51,scenario_projection,UNDP_HDR_2025_Table_1,2023,Turkmenistan,TKM,Turkmenistan,0.764,0.745,-0.019,0.745,0.764,7494494,un_wpp_owid_2024,9639706,un_wpp_owid_2050,0.7327,-0.0313,0.7327,-0.0313,0.7975,0.0335,0.7332,0.7975,0.8499,0.8499,0.7332,True,True,70.073,17715.5817,13.2406,11.2078,0.7364,0.7178,0.7442,0.79819,0.78979,0.80459,0.7975,2.9e-07,70.073,17715.5817,13.2406,11.2078,0.9,1.0302,0.9722,27.5,34.0,6.5,28.4119,24.6578,65.0,59.8,-5.2,6.5881,15.5422,8.954,0.4123,0.2599,0.6722,0.9163,0.4455,0.175,0.0921,0.161,0.0,0.161,0.9167,0.6533,0.4543,0.234,0.9914,0.0008,0.2955,0.4624,0.0031,0.16,0.86,0.76,0.18,0.4961,0.1435,0.2245,0.4568,0.5432,1.0,1.0,1.0,0.38,25.0,0.3,2.3,0.55,0.0,0.0,1.5,6.0,0.2,0.0037,0.0064,0.0041,0.0089,0.0098,0.0061,0.0012,-0.0008,-0.0023,-0.0036,0.2626,0.2527,0.2069,0.3335,0.4034,0.214,0.4105,0.2513,0.3341,0.2864,moderate,74,140
123,108,-15,-15,42.45,fast_converger,False,0.3,52,1,Cluster 52,scenario_projection,UNDP_HDR_2025_Table_1,2023,Gabon,GAB,Gabon,0.733,0.706,-0.027,0.706,0.733,2538953,un_wpp_owid_2024,4084539,un_wpp_owid_2050,0.7026,-0.0304,0.7026,-0.0304,0.795,0.062,0.7035,0.795,0.8638,0.8638,0.7035,True,True,68.337,18854.0615,12.4828,9.686,0.7108,0.6479,0.7531,0.796823,0.756522,0.833524,0.795,9e-08,68.337,18854.0615,12.4828,9.686,0.85,1.0302,0.9184,22.5,28.0,5.5,35.2162,34.7083,61.0,56.6,-4.4,3.7838,8.6917,4.9078,0.6132,0.1536,0.7668,0.8307,0.3,0.225,0.4405,0.0,0.0,0.0,0.9167,0.5215,0.327,0.3898,0.9118,-0.0012,0.302,0.4693,0.0035,0.16,0.7,0.65,0.35,0.3011,0.1807,0.2658,0.5448,0.4552,1.22,1.22,0.96,0.38,25.0,0.3,2.3,0.55,0.0,0.0,1.5,6.0,0.2,0.0068,0.0156,0.0089,0.0159,0.0131,0.0121,0.0023,-0.0016,-0.0044,-0.0067,0.2784,0.2552,0.2069,0.3375,0.4087,0.215,0.4145,0.2633,0.3412,0.2999,frontier_jumper,67,150
124,137,13,+13,63.94,rapid_industrializer,False,0.34,53,1,Cluster 53,scenario_projection,UNDP_HDR_2025_Table_1,2023,Guatemala,GTM,Guatemala,0.662,0.627,-0.035,0.627,0.662,18406366,un_wpp_owid_2024,24670861,un_wpp_owid_2050,0.6298,-0.0322,0.6298,-0.0322,0.7894,0.1274,0.6335,0.7894,0.8518,0.8518,0.6335,True,False,72.602,12458.604,10.6776,5.8473,0.7736,0.4656,0.6936,0.90126,0.661544,0.825055,0.7894,2.2e-07,72.602,12458.604,10.6776,5.8473,0.93,1.0302,0.9439,22.9,30.5,7.6,32.3083,30.7629,64.0,57.92,-6.08,3.6917,11.3171,7.6253,0.5311,0.1954,0.7265,0.8841,0.36,0.12,0.2954,0.0,0.0,0.0,0.9865,0.4894,0.374,0.3001,0.934,-0.0002,0.3446,0.4876,0.0046,0.28,0.12,0.22,0.6,0.0144,0.2552,0.3417,0.6842,0.3158,1.16,1.16,0.94,0.3739,15.8008,0.1699,2.1325,0.6506,-0.2397,0.0907,1.8995,5.9047,0.0949,0.0143,0.0355,0.0118,0.0303,0.0222,0.0198,0.0062,-0.0017,-0.0038,-0.0073,0.3828,0.28,0.229,0.3273,0.4747,0.2297,0.4517,0.2728,0.365,0.4328,accelerator,73,169
125,123,-2,-2,47.65,fast_converger,False,0.26,54,2,Cluster 54,scenario_projection,UNDP_HDR_2025_Table_1,2023,Nicaragua,NIC,Nicaragua,0.706,0.667,-0.039,0.667,0.706,6916136,un_wpp_owid_2024,8756437,un_wpp_owid_2050,0.6766,-0.0294,0.6766,-0.0294,0.7847,0.0787,0.6672,0.7847,0.8499,0.8499,0.6672,True,False,74.947,6881.4796,11.5102,9.933,0.808,0.6301,0.6083,0.896862,0.752368,0.716069,0.7847,-9e-08,74.947,6881.4796,11.5102,9.933,0.92,1.0302,0.9634,26.5,33.5,7.0,29.6126,25.9528,64.5,58.9,-5.6,5.8874,15.1472,9.2598,0.4406,0.2572,0.6978,0.9041,0.4045,0.15,0.1712,0.1431,0.0,0.1431,0.2826,0.4706,0.3806,0.279,0.9364,-0.0013,0.2585,0.4765,0.0039,0.16,0.12,0.22,0.6,0.0144,0.2152,0.2432,0.5595,0.4405,1.16,1.16,0.94,0.3719,19.2793,0.3272,3.8218,0.3313,-0.6361,-0.6845,1.1857,5.5207,0.1843,0.0145,0.0179,0.0066,0.0226,0.0157,0.0119,0.0027,-0.0011,-0.0055,-0.0065,0.2938,0.2182,0.2043,0.2613,0.2981,0.2016,0.2888,0.2368,0.2773,0.3047,accelerator,74,159
126,132,6,+6,57.65,rapid_industrializer,False,0.32,54,2,Cluster 54,scenario_projection,UNDP_HDR_2025_Table_1,2023,El Salvador,SLV,El Salvador,0.678,0.675,-0.003,0.675,0.678,6338197,un_wpp_owid_2024,6663348,un_wpp_owid_2050,0.6484,-0.0296,0.6484,-0.0296,0.7844,0.1064,0.6445,0.7844,0.8489,0.8489,0.6445,True,True,72.099,10594.842,11.1129,7.3,0.7662,0.5307,0.6703,0.861917,0.703614,0.795816,0.7844,-1e-07,72.099,10594.842,11.1129,7.3,0.94,1.0506,0.9665,28.1,35.0,6.9,27.5053,23.0644,65.5,59.98,-5.52,6.9947,16.9556,9.9609,0.3845,0.2827,0.6672,0.9187,0.4536,0.155,0.043,0.2253,0.0,0.2253,0.4941,0.4962,0.4139,0.2329,0.9568,-0.0012,0.3152,0.4891,0.0044,0.28,0.12,0.22,0.6,0.0142,0.244,0.3094,0.6415,0.3585,1.16,1.16,0.94,0.4257,45.761,0.1938,3.3142,0.5122,0.3459,-0.5563,0.3028,5.5437,0.1745,0.0153,0.0301,0.0063,0.0306,0.0207,0.0178,0.006,-0.0078,-0.0042,-0.0084,0.3773,0.233,0.1686,0.3129,0.4407,0.1865,0.3897,0.26,0.3422,0.4408,accelerator,78,166
127,108,-19,-19,43.5,fast_converger,False,0.31,55,1,Cluster 55,scenario_projection,UNDP_HDR_2025_Table_1,2023,Bolivia (Plurinational State of),BOL,Bolivia,0.733,0.692,-0.041,0.692,0.733,12413318,un_wpp_owid_2024,16110163,un_wpp_owid_2050,0.7008,-0.0322,0.7008,-0.0322,0.7813,0.0483,0.6995,0.7813,0.8382,0.8382,0.6995,True,False,68.581,9445.2449,15.6107,10.0212,0.7144,0.737,0.6538,0.785805,0.824405,0.736204,0.7813,6e-08,68.581,9445.2449,15.6107,10.0212,0.92,1.0302,0.958,25.2,32.5,7.3,30.9604,27.8855,64.0,58.16,-5.84,5.0396,13.9545,8.9149,0.4795,0.2399,0.7194,0.8942,0.3709,0.135,0.2336,0.0888,0.0,0.0888,0.5472,0.5504,0.3811,0.3011,0.9453,-0.0004,0.3112,0.4815,0.0037,0.16,0.42,0.62,0.38,0.1634,0.2273,0.3013,0.5309,0.4691,0.9328,0.936,1.056,0.3659,36.9063,0.2561,3.1868,0.4797,-0.5378,-0.5852,0.9131,5.449,0.2364,0.0077,0.0077,0.0047,0.0142,0.0104,0.0083,0.0016,-0.0003,-0.0026,-0.0033,0.3701,0.2366,0.1892,0.3232,0.4192,0.2004,0.3764,0.2474,0.3299,0.4193,moderate,86,152
128,115,-13,-13,45.96,fast_converger,True,0.39,56,2,Cluster 56,scenario_projection,UNDP_HDR_2025_Table_1,2023,Libya,LBY,Libya,0.721,0.718,-0.003,0.718,0.721,7381029,un_wpp_owid_2024,9260610,un_wpp_owid_2050,0.6882,-0.0328,0.6882,-0.0328,0.7779,0.0569,0.6559,0.7779,0.8679,0.8679,0.6559,True,True,69.339,19831.4324,12.9247,7.7786,0.7256,0.5908,0.7604,0.809585,0.696187,0.835185,0.7779,-1.6e-07,69.339,19831.4324,12.9247,7.7786,0.75,1.0302,0.9866,29.0,34.5,5.5,26.3144,22.8475,66.0,61.6,-4.4,7.6856,15.5525,7.867,0.3709,0.2525,0.6234,0.9406,0.5273,0.225,0.0299,0.1615,0.0,0.1615,0.8738,0.6202,0.5092,0.1731,1.0103,0.002,0.3931,0.4858,0.0036,0.65,0.9,0.88,0.2,0.6378,0.1432,0.2111,0.2936,0.7064,1.0298,1.073,1.0314,0.3621,18.6324,0.1522,2.4028,0.6964,-0.0452,-0.178,1.6934,6.5434,0.1381,0.0046,0.0135,0.007,0.0085,0.0161,0.0106,0.0072,-0.0001,-0.0017,-0.0088,0.3991,0.327,0.2611,0.3915,0.5433,0.2715,0.5159,0.3332,0.4285,0.4597,conflict_recovery,66,164
129,140,11,+11,60.65,rapid_industrializer,False,0.24,56,2,Cluster 56,scenario_projection,UNDP_HDR_2025_Table_1,2023,Kiribati,KIR,Kiribati,0.644,0.628,-0.016,0.628,0.644,134521,un_wpp_owid_2024,182635,un_wpp_owid_2050,0.6172,-0.0268,0.6172,-0.0268,0.7769,0.1329,0.6169,0.7769,0.8514,0.8514,0.6169,True,True,66.473,4947.2804,11.8739,9.1286,0.6834,0.6135,0.5608,0.823444,0.791846,0.719151,0.7769,-2.9e-07,66.473,4947.2804,11.8739,9.1286,0.9,1.0,0.9447,23.5,30.0,6.5,32.4354,31.1045,63.5,58.3,-5.2,4.0646,10.5955,6.5309,0.5335,0.1817,0.7153,0.8861,0.3773,0.175,0.3156,0.0,0.0,0.0,0.9167,0.5501,0.3978,0.3006,0.9494,0.0008,0.2371,0.4543,0.0048,0.28,0.12,0.22,0.6,0.0138,0.2556,0.37,0.6882,0.3118,1.22,1.22,0.96,0.38,25.0,0.3,2.3,0.55,0.0,0.0,1.5,6.0,0.2,0.023,0.0274,0.0156,0.0321,0.0262,0.0176,0.0066,-0.0026,-0.007,-0.006,0.2389,0.2019,0.2069,0.2523,0.2957,0.1937,0.3293,0.1956,0.2355,0.2214,frontier_jumper,73,171
130,114,-16,-16,43.79,fast_converger,False,0.31,57,1,Cluster 57,scenario_projection,UNDP_HDR_2025_Table_1,2023,Suriname,SUR,Suriname,0.722,0.73,0.008,0.73,0.722,634438,un_wpp_owid_2024,733907,un_wpp_owid_2050,0.6918,-0.0302,0.6918,-0.0302,0.7754,0.0534,0.694,0.7754,0.8332,0.8332,0.694,True,True,73.631,17344.3869,10.9591,8.4298,0.7887,0.5664,0.7412,0.859451,0.666762,0.813553,0.7754,2.5e-07,73.631,17344.3869,10.9591,8.4298,0.9,1.0815,0.9412,29.5,37.5,8.0,25.4671,19.1831,66.5,60.1,-6.4,8.0329,20.7169,12.6841,0.3192,0.3447,0.6639,0.8891,0.4591,0.1,0.0,0.3962,0.0,0.3962,0.9167,0.5877,0.3709,0.274,0.9537,-0.0027,0.3061,0.4982,0.0041,0.16,0.58,0.68,0.3,0.2613,0.1982,0.2788,0.5168,0.4832,0.9496,0.952,1.042,0.38,25.0,0.3,2.3,0.55,0.0,0.0,1.5,6.0,0.2,0.0061,0.0152,0.005,0.0154,0.0094,0.0099,0.0019,-0.0013,-0.0035,-0.0046,0.2981,0.2518,0.2069,0.3322,0.4016,0.2136,0.4092,0.2732,0.3534,0.3208,moderate,91,152
131,128,-3,-3,46.1,fast_converger,False,0.28,58,2,Cluster 58,scenario_projection,UNDP_HDR_2025_Table_1,2023,Tajikistan,TJK,Tajikistan,0.691,0.679,-0.012,0.679,0.691,10590930,un_wpp_owid_2024,15574648,un_wpp_owid_2050,0.6612,-0.0298,0.6612,-0.0298,0.7711,0.0801,0.6492,0.7711,0.85,0.85,0.6492,True,True,71.79,5746.569,10.8498,11.2709,0.7616,0.6516,0.5824,0.84656,0.776963,0.697067,0.7711,2.9e-07,71.79,5746.569,10.8498,11.2709,0.88,1.0302,0.9244,22.4,29.0,6.6,34.3641,33.4967,62.0,56.72,-5.28,3.6359,9.7833,6.1474,0.5906,0.1725,0.763,0.8432,0.3055,0.17,0.5064,0.0,0.0,0.0,0.2283,0.3861,0.2777,0.4149,0.8738,-0.0028,0.2848,0.4843,0.004,0.28,0.12,0.22,0.6,0.0141,0.2331,0.3056,0.6432,0.3568,1.22,1.22,0.96,0.3859,52.1419,0.3703,3.952,0.5275,-0.9596,-0.3709,1.0703,5.8393,0.167,0.0166,0.0184,0.006,0.023,0.0116,0.0148,0.0052,-0.0027,-0.0068,-0.0058,0.3702,0.1931,0.1772,0.279,0.3725,0.176,0.3572,0.2396,0.2941,0.3893,frontier_jumper,73,165
132,147,15,+15,67.71,rapid_industrializer,False,0.29,58,2,Cluster 58,scenario_projection,UNDP_HDR_2025_Table_1,2023,Lao People's Democratic Republic,LAO,Laos,0.617,0.607,-0.01,0.607,0.617,7769823,un_wpp_owid_2024,9757284,un_wpp_owid_2050,0.5892,-0.0278,0.5892,-0.0278,0.7705,0.1535,0.5836,0.7705,0.8482,0.8482,0.5836,True,True,68.964,8106.1532,9.6055,6.0602,0.7201,0.4496,0.6318,0.853942,0.674433,0.794239,0.7705,2.8e-07,68.964,8106.1532,9.6055,6.0602,0.9,1.0302,0.9676,24.4,31.5,7.1,30.1593,28.1163,65.5,59.82,-5.68,4.3407,12.0637,7.723,0.47,0.2017,0.6717,0.9166,0.4464,0.145,0.2435,0.0029,0.0,0.0029,0.5392,0.4347,0.42,0.2402,0.9471,0.0008,0.29,0.4932,0.0053,0.28,0.12,0.22,0.6,0.0139,0.3976,0.3643,0.717,0.283,1.22,1.22,0.96,0.371,34.544,0.3112,3.206,0.6045,-0.4414,-0.7211,0.7231,5.2755,0.2369,0.0212,0.042,0.0119,0.0357,0.0295,0.0226,0.0074,-0.0016,-0.0083,-0.007,0.3417,0.2244,0.1821,0.2831,0.4096,0.1939,0.3707,0.2234,0.2807,0.39,frontier_jumper,78,177
133,102,-31,-31,37.33,emerging_mover,False,0.29,59,1,Cluster 59,scenario_projection,UNDP_HDR_2025_Table_1,2023,Lebanon,LBN,Lebanon,0.752,0.723,-0.029,0.723,0.752,5805962,un_wpp_owid_2024,6999262,un_wpp_owid_2050,0.721,-0.031,0.721,-0.031,0.7682,0.0162,0.6885,0.7682,0.8463,0.8463,0.6885,True,True,77.817,11298.8872,11.683,10.37,0.8502,0.6486,0.6795,0.896454,0.698442,0.724043,0.7682,-1.1e-07,77.817,11298.8872,11.683,10.37,0.85,1.1025,0.9104,30.5,38.0,7.5,26.6836,19.6186,63.5,57.5,-6.0,9.8164,22.8814,13.065,0.3412,0.3979,0.7391,0.8291,0.3409,0.125,0.0,0.4946,0.0,0.4946,0.9167,0.5853,0.2834,0.3632,0.9163,-0.0052,0.2929,0.5218,0.0036,0.58,0.18,0.9,0.35,0.1112,0.1782,0.2897,0.3952,0.6048,1.0267,1.0707,1.0336,0.38,25.0,0.3,2.3,0.55,0.0,0.0,1.5,6.0,0.2,0.0026,0.0041,0.0011,0.0048,0.0018,0.0033,0.0022,-0.0004,-0.0012,-0.0022,0.3059,0.2348,0.2069,0.3049,0.3654,0.2068,0.3819,0.2646,0.3377,0.3201,conflict_recovery,79,152
134,145,11,+11,62.16,rapid_industrializer,False,0.28,60,2,Cluster 60,scenario_projection,UNDP_HDR_2025_Table_1,2023,Nepal,NPL,Nepal,0.622,0.602,-0.02,0.602,0.622,29651054,un_wpp_owid_2024,34642021,un_wpp_owid_2050,0.5752,-0.0468,0.5752,-0.0468,0.7551,0.1331,0.59,0.7551,0.8282,0.8282,0.59,True,True,70.354,4725.9306,13.7543,4.5037,0.7405,0.4638,0.5542,0.878865,0.676473,0.724171,0.7551,2.1e-07,70.354,4725.9306,13.7543,4.5037,0.88,1.0506,0.9635,24.6,32.0,7.4,30.4766,27.9629,65.0,59.08,-5.92,4.5234,12.9571,8.4337,0.4733,0.2193,0.6926,0.9066,0.4127,0.13,0.2442,0.0435,0.0,0.0435,0.4546,0.4146,0.3843,0.2701,0.93,-0.0007,0.2781,0.5475,0.0058,0.28,0.12,0.22,0.6,0.0138,0.3881,0.3441,0.7005,0.2995,1.16,1.16,0.94,0.3632,39.0918,0.3417,3.409,0.5317,-0.0913,-0.2909,1.1373,4.1532,0.2908,0.0229,0.0372,0.0092,0.0303,0.0223,0.0198,0.0065,-0.0004,-0.008,-0.0068,0.3819,0.1929,0.1859,0.2704,0.3455,0.1851,0.325,0.2263,0.2704,0.3978,accelerator,97,173
135,151,16,+16,68.39,rapid_industrializer,False,0.3,60,2,Cluster 60,scenario_projection,UNDP_HDR_2025_Table_1,2023,Cambodia,KHM,Cambodia,0.606,0.593,-0.013,0.593,0.606,17638804,un_wpp_owid_2024,21931455,un_wpp_owid_2050,0.5725,-0.0335,0.5725,-0.0335,0.7546,0.1486,0.5663,0.7546,0.8388,0.8388,0.5663,True,True,70.668,4931.0168,11.1979,5.1971,0.7451,0.4495,0.5604,0.866694,0.673795,0.735795,0.7546,0.0,70.668,4931.0168,11.1979,5.1971,0.9,1.0302,0.985,26.4,33.0,6.6,28.4333,25.4993,66.0,60.72,-5.28,5.5667,13.7807,8.214,0.4199,0.227,0.6469,0.9287,0.4873,0.17,0.147,0.0809,0.0,0.0809,0.377,0.4323,0.4408,0.2101,0.9571,0.0005,0.3023,0.5145,0.0057,0.28,0.12,0.22,0.6,0.0139,0.4241,0.3417,0.7012,0.2988,1.22,1.22,0.96,0.4131,58.7744,0.4238,3.5953,0.5335,-0.5471,-0.4853,1.0872,4.1336,0.1515,0.027,0.0439,0.0077,0.0372,0.0313,0.0229,0.0077,-0.0081,-0.0117,-0.0094,0.3557,0.2377,0.1904,0.2899,0.4161,0.1986,0.3765,0.2423,0.3097,0.4058,frontier_jumper,86,178
136,97,-39,-39,27.87,stable_or_slow,False,0.28,61,1,Cluster 61,scenario_projection,UNDP_HDR_2025_Table_1,2023,Cuba,CUB,Cuba,0.762,0.764,0.002,0.764,0.762,10979781,un_wpp_owid_2024,9381995,un_wpp_owid_2050,0.7304,-0.0316,0.7304,-0.0316,0.7481,-0.0139,0.6722,0.7481,0.8259,0.8259,0.6722,True,True,78.085,8415.4117,13.8788,10.6315,0.8542,0.7158,0.6372,0.873144,0.733937,0.653333,0.7481,1.6e-07,78.085,8415.4117,13.8788,10.6315,0.8,1.0605,0.7918,42.2,50.0,7.8,11.781,5.2735,62.0,55.76,-6.24,26.219,38.9665,12.7474,0.0946,0.6988,0.7934,0.6206,0.2618,0.11,0.0,1.0,0.0,1.0,0.9167,0.5356,0.023,0.5839,0.8061,-0.0131,0.2779,0.5058,0.0034,0.16,0.12,0.22,0.6,0.0142,0.1937,0.3202,0.4753,0.5247,0.72,0.7,1.12,0.38,25.0,0.3,2.3,0.55,0.0,0.0,1.5,6.0,0.2,0.0019,0.0022,0.0007,0.0027,-0.0018,0.0021,0.0004,-0.0003,-0.0008,-0.001,0.302,0.223,0.2069,0.2861,0.3406,0.2021,0.3631,0.2527,0.3038,0.2985,stagnant,100,158
137,143,6,+6,54.76,rapid_industrializer,False,0.31,62,2,Cluster 62,scenario_projection,UNDP_HDR_2025_Table_1,2023,Ghana,GHA,Ghana,0.628,0.602,-0.026,0.602,0.628,34427417,un_wpp_owid_2024,50553046,un_wpp_owid_2050,0.5998,-0.0282,0.5998,-0.0282,0.7428,0.1148,0.5882,0.7428,0.8209,0.8209,0.5882,True,True,65.498,6846.3522,11.4185,7.1072,0.6691,0.5308,0.6075,0.780876,0.701878,0.747777,0.7428,7e-08,65.498,6846.3522,11.4185,7.1072,0.92,1.0815,0.916,20.9,26.5,5.6,35.5166,35.8521,61.5,57.02,-4.48,2.9834,7.1279,4.1445,0.6288,0.125,0.7538,0.8261,0.3191,0.22,0.6068,0.0,0.0,0.0,0.2461,0.3194,0.2487,0.4504,0.8497,-0.0043,0.3116,0.5477,0.0055,0.28,0.12,0.22,0.6,0.0137,0.412,0.3412,0.7067,0.2933,1.16,1.16,0.94,0.4108,39.8799,0.2859,3.9093,0.5205,-0.8173,-0.5707,1.0372,3.5897,0.2034,0.0206,0.0313,0.0113,0.0338,0.0108,0.0204,0.0066,-0.0066,-0.0067,-0.0067,0.3893,0.218,0.1695,0.3143,0.4235,0.1822,0.385,0.2599,0.3376,0.4366,accelerator,102,173
138,149,11,+11,57.64,rapid_industrializer,False,0.23,62,2,Cluster 62,scenario_projection,UNDP_HDR_2025_Table_1,2023,Micronesia (Federated States of),FSM,Micronesia,0.615,0.628,0.013,0.628,0.615,113171,un_wpp_owid_2024,126420,un_wpp_owid_2050,0.5875,-0.0275,0.5875,-0.0275,0.7426,0.1276,0.5876,0.7426,0.8286,0.8286,0.5876,True,True,67.198,4245.8782,11.5401,7.3325,0.6941,0.542,0.5388,0.825776,0.719879,0.68888,0.7426,2.9e-07,67.198,4245.8782,11.5401,7.3325,0.9,1.0,0.9227,22.0,28.5,6.5,34.5615,34.0039,62.0,56.8,-5.2,3.4385,9.1961,5.7576,0.5987,0.1619,0.7606,0.8398,0.3091,0.175,0.416,0.0,0.0,0.0,0.9167,0.4775,0.321,0.3751,0.9059,-0.0018,0.2311,0.4564,0.0051,0.28,0.12,0.22,0.6,0.0138,0.2682,0.3625,0.6825,0.3175,1.22,1.22,0.96,0.38,25.0,0.3,2.3,0.55,0.0,0.0,1.5,6.0,0.2,0.0234,0.0314,0.0146,0.0307,0.0193,0.0169,0.0063,-0.0025,-0.0068,-0.0058,0.2389,0.1958,0.2069,0.2425,0.2828,0.1912,0.3196,0.1908,0.2256,0.2166,frontier_jumper,97,173
139,139,0,0,51.74,fast_converger,False,0.31,63,1,Cluster 63,scenario_projection,UNDP_HDR_2025_Table_1,2023,Honduras,HND,Honduras,0.645,0.621,-0.024,0.621,0.645,10825704,un_wpp_owid_2024,14846781,un_wpp_owid_2050,0.6182,-0.0268,0.6182,-0.0268,0.7407,0.0957,0.6037,0.7407,0.8197,0.8197,0.6037,True,True,72.884,6064.7858,10.1622,7.5102,0.7777,0.5148,0.5901,0.865379,0.664784,0.706383,0.7407,7e-08,72.884,6064.7858,10.1622,7.5102,0.91,1.0302,0.9503,24.5,31.0,6.5,31.8456,29.8434,63.5,58.3,-5.2,4.6544,11.8566,7.2022,0.5119,0.2034,0.7153,0.896,0.3773,0.175,0.3231,0.0,0.0,0.0,0.4372,0.4128,0.3705,0.3038,0.9203,-0.001,0.3147,0.4839,0.0045,0.28,0.12,0.22,0.6,0.0148,0.2462,0.2967,0.6137,0.3863,1.16,1.16,0.94,0.45,44.2692,0.3255,3.4508,0.5659,-0.2238,-0.3935,0.8813,4.9419,0.12,0.0185,0.0302,0.0065,0.0259,0.0194,0.0176,0.0059,-0.0105,-0.0069,-0.0109,0.3762,0.2325,0.1971,0.3075,0.425,0.1979,0.4049,0.2589,0.3352,0.4114,accelerator,103,172
140,146,6,+6,52.63,rapid_industrializer,False,0.22,64,1,Cluster 64,scenario_projection,UNDP_HDR_2025_Table_1,2023,Vanuatu,VUT,Vanuatu,0.621,0.607,-0.014,0.607,0.621,327786,un_wpp_owid_2024,534391,un_wpp_owid_2050,0.5928,-0.0282,0.5928,-0.0282,0.7358,0.1148,0.593,0.7358,0.8242,0.8242,0.593,True,True,71.477,3403.6902,11.8116,7.1832,0.757,0.5428,0.5071,0.872188,0.706491,0.646491,0.7358,-7e-08,71.477,3403.6902,11.8116,7.1832,0.9,0.9604,0.9171,21.5,27.5,6.0,35.2524,35.1495,61.5,56.7,-4.8,3.2476,8.1505,4.9028,0.6199,0.1437,0.7637,0.8281,0.3045,0.2,0.4558,0.0,0.0,0.0,0.9167,0.4702,0.3094,0.394,0.8986,-0.0023,0.2177,0.4475,0.0048,0.28,0.12,0.22,0.6,0.014,0.2575,0.3485,0.6628,0.3372,1.22,1.22,0.96,0.38,25.0,0.3,2.3,0.55,0.0,0.0,1.5,6.0,0.2,0.0234,0.0298,0.0108,0.0271,0.0172,0.0155,0.006,-0.0024,-0.0065,-0.0062,0.2232,0.187,0.2069,0.2284,0.2642,0.1877,0.3055,0.1737,0.2049,0.1959,frontier_jumper,101,172
141,126,-15,-15,36.4,emerging_mover,False,0.26,65,1,Cluster 65,scenario_projection,UNDP_HDR_2025_Table_1,2023,Eswatini (Kingdom of),SWZ,Eswatini,0.695,0.597,-0.098,0.597,0.695,1242829,un_wpp_owid_2024,1505338,un_wpp_owid_2050,0.6625,-0.0325,0.6625,-0.0325,0.7326,0.0376,0.6428,0.7326,0.8051,0.8051,0.6428,True,False,64.123,9919.0852,15.246,8.6852,0.6489,0.6781,0.6608,0.69901,0.76321,0.73701,0.7326,4e-08,64.123,9919.0852,15.246,8.6852,0.88,1.0302,0.9084,20.3,26.0,5.7,36.2253,36.7876,61.0,56.44,-4.56,2.7747,6.7724,3.9977,0.6518,0.12,0.7718,0.8099,0.2927,0.215,0.6722,0.0,0.0,0.0,0.0,0.3255,0.2184,0.4907,0.8362,-0.0043,0.2614,0.4682,0.0037,0.28,0.12,0.22,0.6,0.0142,0.2251,0.2253,0.5564,0.4436,1.0,1.0,1.0,0.4617,82.1598,0.3369,4.867,0.277,-1.2133,-0.8352,0.3848,4.8837,0.2145,0.0088,0.0111,0.002,0.0154,0.0044,0.0085,0.0035,-0.007,-0.0042,-0.0048,0.3199,0.202,0.1486,0.2736,0.3446,0.1652,0.2854,0.2117,0.2857,0.3769,moderate,117,166
142,133,-9,-9,36.21,emerging_mover,False,0.29,66,2,Cluster 66,scenario_projection,UNDP_HDR_2025_Table_1,2023,Equatorial Guinea,GNQ,Equatorial Guinea,0.674,0.607,-0.067,0.607,0.674,1892523,un_wpp_owid_2024,3143731,un_wpp_owid_2050,0.6451,-0.0289,0.6451,-0.0289,0.7275,0.0535,0.6132,0.7275,0.8379,0.8379,0.6132,True,False,63.707,12762.4684,12.4912,8.2813,0.6428,0.5993,0.6971,0.720999,0.694899,0.768499,0.7275,3.7e-07,63.707,12762.4684,12.4912,8.2813,0.75,1.0302,0.9072,22.3,28.0,5.7,36.2256,35.636,60.0,55.44,-4.56,3.7744,8.924,5.1496,0.6428,0.161,0.8038,0.8067,0.2473,0.215,0.4726,0.0,0.0,0.0,0.9167,0.4756,0.2824,0.4297,0.8865,-0.0031,0.2914,0.4943,0.0042,0.28,0.92,0.9,0.15,0.6618,0.1521,0.1979,0.251,0.749,1.22,1.22,0.96,0.38,25.0,0.3,2.3,0.55,0.0,0.0,1.5,6.0,0.2,0.0073,0.0167,0.0104,0.0083,0.0098,0.0114,0.0039,-0.0015,-0.0041,-0.0085,0.2902,0.2396,0.2069,0.3126,0.3757,0.2087,0.3897,0.2584,0.3287,0.3032,frontier_jumper,86,171
143,143,0,0,48.88,fast_converger,False,0.3,66,2,Cluster 66,scenario_projection,UNDP_HDR_2025_Table_1,2023,Kenya,KEN,Kenya,0.628,0.575,-0.053,0.575,0.628,56432946,un_wpp_owid_2024,83593234,un_wpp_owid_2050,0.6017,-0.0263,0.6017,-0.0263,0.7293,0.1013,0.5918,0.7293,0.8108,0.8108,0.5918,True,False,63.646,5608.2961,11.4741,8.6247,0.6419,0.5862,0.5789,0.747833,0.733732,0.706931,0.7293,2.6e-07,63.646,5608.2961,11.4741,8.6247,0.9,1.0815,0.8983,20.0,25.5,5.5,37.2738,37.9337,60.0,55.6,-4.4,2.7262,6.4663,3.7401,0.6823,0.1163,0.7986,0.7882,0.2545,0.225,0.6778,0.0,0.0,0.0,0.3386,0.3304,0.2005,0.5122,0.8288,-0.0057,0.2963,0.5639,0.0056,0.28,0.12,0.22,0.6,0.014,0.4226,0.3326,0.6689,0.3311,1.16,1.16,0.94,0.4047,43.1528,0.3038,3.6873,0.4495,-0.2586,-0.9342,1.1494,5.6303,0.1568,0.0207,0.0266,0.0127,0.0297,0.0067,0.0186,0.0063,-0.0056,-0.0068,-0.0077,0.3284,0.2437,0.1762,0.2901,0.4008,0.1929,0.3574,0.2523,0.3306,0.3904,accelerator,112,172
144,126,-18,-18,26.97,stable_or_slow,False,0.29,67,2,Cluster 67,scenario_projection,UNDP_HDR_2025_Table_1,2023,Iraq,IRQ,Iraq,0.695,0.686,-0.009,0.686,0.695,46042015,un_wpp_owid_2024,71928759,un_wpp_owid_2050,0.661,-0.034,0.661,-0.034,0.7215,0.0265,0.5971,0.7215,0.8373,0.8373,0.5971,True,True,72.324,12653.5247,12.3594,6.78,0.7695,0.5394,0.6958,0.825372,0.604979,0.752175,0.7215,-4e-08,72.324,12653.5247,12.3594,6.78,0.78,1.0302,0.8704,20.0,26.5,6.5,39.6034,39.7893,57.5,52.3,-5.2,2.8966,7.9107,5.0141,0.7608,0.1513,0.912,0.7269,0.1045,0.175,0.7986,0.0,0.0,0.0,0.1664,0.2058,0.0647,0.6354,0.7541,-0.0077,0.2907,0.4747,0.0034,0.58,0.88,0.78,0.22,0.518,0.1621,0.1988,0.3486,0.6514,1.0237,1.0686,1.0357,0.3631,39.1555,0.3663,4.1006,0.565,-0.8337,-0.5895,1.2484,6.0278,0.2414,0.0048,0.0107,0.0032,0.0077,-0.0023,0.0068,0.0048,-0.0001,-0.003,-0.006,0.3544,0.2133,0.1752,0.2893,0.4015,0.187,0.3648,0.234,0.2902,0.3969,conflict_recovery,86,172
145,164,19,+19,65.42,rapid_industrializer,False,0.27,67,2,Cluster 67,scenario_projection,UNDP_HDR_2025_Table_1,2023,Nigeria,NGA,Nigeria,0.56,0.535,-0.025,0.535,0.56,232679482,un_wpp_owid_2024,359185557,un_wpp_owid_2050,0.5361,-0.0239,0.5361,-0.0239,0.7225,0.1625,0.5188,0.7225,0.8371,0.8371,0.5188,True,True,54.462,5569.375,10.5141,7.586,0.5068,0.5263,0.5779,0.660405,0.754305,0.757105,0.7225,-6e-08,54.462,5569.375,10.5141,7.586,0.84,1.0506,0.9079,18.1,22.5,4.4,43.1443,38.3766,54.5,57.5,3.0,2.3557,4.1234,1.7677,0.6674,0.0717,0.7391,0.8099,0.3409,0.6875,0.6151,0.0,0.0,0.0,0.7041,0.4091,0.3534,0.4434,0.8904,-0.0036,0.2662,0.5659,0.0064,0.58,0.58,0.72,0.34,0.2979,0.3413,0.2703,0.4462,0.5538,1.35,1.35,0.9216,0.4333,45.2829,0.327,2.8102,0.4518,-0.4434,-0.7901,0.7415,4.8601,0.1701,0.0304,0.0494,0.0247,0.0322,0.0273,0.0291,0.0211,-0.0148,-0.0119,-0.025,0.3814,0.1777,0.1674,0.2456,0.3282,0.1631,0.3062,0.223,0.2705,0.3987,frontier_jumper,86,185
146,156,10,+10,55.94,rapid_industrializer,False,0.21,68,1,Cluster 68,scenario_projection,UNDP_HDR_2025_Table_1,2023,Solomon Islands,SLB,Solomon Islands,0.584,0.564,-0.02,0.564,0.584,819206,un_wpp_owid_2024,1309112,un_wpp_owid_2050,0.5547,-0.0293,0.5547,-0.0293,0.7167,0.1327,0.5554,0.7167,0.8116,0.8116,0.5554,True,True,70.528,2777.2667,11.313,5.8797,0.7431,0.4806,0.4778,0.87224,0.667654,0.632157,0.7167,1.1e-07,70.528,2777.2667,11.313,5.8797,0.9,1.0,0.9062,20.5,27.0,6.5,36.145,36.3873,61.0,55.8,-5.2,2.855,7.8127,4.9577,0.6521,0.14,0.7921,0.8048,0.2636,0.175,0.4986,0.0,0.0,0.0,0.9167,0.4201,0.2631,0.4324,0.8725,-0.0041,0.2122,0.4583,0.0053,0.28,0.12,0.22,0.6,0.0142,0.2709,0.3406,0.6488,0.3512,1.22,1.3176,0.96,0.38,25.0,0.3,2.3,0.55,0.0,0.0,1.5,6.0,0.2,0.0284,0.0388,0.0132,0.0303,0.0151,0.0181,0.0069,-0.0027,-0.0074,-0.0079,0.2311,0.1789,0.2069,0.2155,0.247,0.1845,0.2925,0.1722,0.1963,0.1973,frontier_jumper,111,179
147,121,-26,-26,29.78,stable_or_slow,False,0.27,69,2,Cluster 69,scenario_projection,UNDP_HDR_2025_Table_1,2023,Venezuela (Bolivarian Republic of),VEN,Venezuela,0.709,0.691,-0.018,0.691,0.709,28405544,un_wpp_owid_2024,31094887,un_wpp_owid_2050,0.6789,-0.0301,0.6789,-0.0301,0.7142,0.0052,0.6,0.7142,0.8306,0.8306,0.6,True,True,72.514,7157.08,12.9654,9.6784,0.7723,0.6601,0.6139,0.810391,0.695992,0.645893,0.7142,-6e-08,72.514,7157.08,12.9654,9.6784,0.72,1.0302,0.928,28.5,36.5,8.0,28.3366,22.015,64.0,57.6,-6.4,7.6634,20.385,12.7216,0.3822,0.3539,0.7361,0.8592,0.3455,0.1,0.0005,0.3811,0.0,0.3811,0.9167,0.601,0.3288,0.3204,0.9374,-0.0043,0.2684,0.5022,0.0038,0.55,0.86,0.95,0.18,0.6702,0.1273,0.1831,0.1435,0.8565,0.9956,1.0481,1.0556,0.38,25.0,0.3,2.3,0.55,0.0,0.0,1.5,6.0,0.2,0.001,0.0015,0.0007,0.0008,0.001,0.0011,0.0008,-0.0002,-0.0004,-0.001,0.2902,0.2166,0.2069,0.2758,0.3269,0.1995,0.3528,0.24,0.2909,0.2848,conflict_recovery,94,172
148,142,-6,-6,45.59,fast_converger,False,0.25,69,2,Cluster 69,scenario_projection,UNDP_HDR_2025_Table_1,2023,Timor-Leste,TLS,Timor-Leste,0.634,0.607,-0.027,0.607,0.634,1400638,un_wpp_owid_2024,1889248,un_wpp_owid_2050,0.5996,-0.0344,0.5996,-0.0344,0.7133,0.0793,0.6048,0.7133,0.7872,0.7872,0.6048,True,True,67.689,5434.5947,13.2531,6.2266,0.7013,0.5353,0.5743,0.802241,0.665734,0.679534,0.7133,6e-08,67.689,5434.5947,13.2531,6.2266,0.85,1.0,0.9198,20.8,28.0,7.2,34.635,34.5964,62.5,56.74,-5.76,2.865,8.6636,5.7987,0.6097,0.1527,0.7624,0.8336,0.3064,0.14,0.4366,0.0,0.0,0.0,0.9167,0.4701,0.3055,0.3851,0.8992,-0.0023,0.2451,0.4686,0.0048,0.28,0.12,0.22,0.6,0.0144,0.2479,0.3285,0.6377,0.3623,1.0,1.0,1.0,0.38,25.0,0.3,2.3,0.55,0.0,0.0,1.5,6.0,0.2,0.0138,0.0219,0.0097,0.017,0.0125,0.0119,0.0044,-0.0017,-0.0047,-0.0055,0.2508,0.2056,0.2069,0.2582,0.3037,0.1952,0.3353,0.2061,0.2515,0.238,moderate,125,172
149,133,-16,-16,35.54,emerging_mover,False,0.3,70,1,Cluster 70,scenario_projection,UNDP_HDR_2025_Table_1,2023,"Palestine, State of",PSE,Palestine,0.674,0.674,0.0,0.674,0.674,5495447,un_wpp_owid_2024,8451896,un_wpp_owid_2050,0.6463,-0.0277,0.6463,-0.0277,0.712,0.038,0.6333,0.712,0.8031,0.8031,0.6333,True,True,65.17,6547.0986,12.998,10.13,0.6643,0.6762,0.6011,0.72486,0.749862,0.664055,0.712,-2.5e-07,65.17,6547.0986,12.998,10.13,0.78,1.0302,0.8542,18.5,24.0,5.5,41.5853,42.6306,56.0,51.6,-4.4,2.4147,5.7694,3.3547,0.8262,0.1118,0.938,0.6919,0.0727,0.225,0.8102,0.0,0.0,0.0,0.5783,0.3376,0.0772,0.6403,0.7773,-0.0082,0.3024,0.4833,0.0038,0.62,0.12,0.22,0.6,0.0155,0.2147,0.2945,0.5637,0.4363,1.0,1.0,1.0,0.3996,35.3562,0.3308,3.1121,0.4555,-0.3243,-0.8545,1.3418,4.5403,0.2054,0.0094,0.0118,0.0073,0.0086,-0.0019,0.01,0.0078,-0.0028,-0.0042,-0.0081,0.3717,0.2294,0.1736,0.3013,0.4107,0.1883,0.3578,0.2447,0.319,0.428,moderate,118,169
150,159,9,+9,49.33,fast_converger,False,0.17,71,1,Cluster 71,scenario_projection,UNDP_HDR_2025_Table_1,2023,Rwanda,RWA,Rwanda,0.578,0.534,-0.044,0.534,0.578,14256573,un_wpp_owid_2024,22707905,un_wpp_owid_2050,0.5409,-0.0371,0.5409,-0.0371,0.7096,0.1316,0.5331,0.7096,0.8103,0.8103,0.5331,True,True,67.785,2970.5595,12.5905,4.88,0.7027,0.4619,0.4875,0.816478,0.659282,0.663782,0.7096,1.9e-07,67.785,2970.5595,12.5905,4.88,0.95,1.0506,0.871,19.7,24.5,4.8,40.1929,40.867,57.0,53.16,-3.84,2.8071,5.973,3.1659,0.7688,0.1124,0.8811,0.7289,0.1436,0.26,0.8576,0.0,0.0,0.0,0.0,0.1418,0.0671,0.6467,0.7424,-0.0099,0.1692,0.5828,0.0062,0.28,0.12,0.22,0.6,0.0137,0.4511,0.2398,0.6099,0.3901,1.22,1.3176,0.96,0.3745,60.9714,0.3287,5.1988,0.3153,-1.0479,-0.9281,0.2454,5.0933,0.3246,0.0362,0.0446,0.0079,0.0461,-0.0111,0.0209,0.0084,-0.0024,-0.0098,-0.0092,0.3454,0.0848,0.1268,0.1353,0.1538,0.1142,0.1337,0.136,0.1296,0.3326,frontier_jumper,112,182
151,138,-13,-13,33.6,emerging_mover,False,0.25,72,1,Cluster 72,scenario_projection,UNDP_HDR_2025_Table_1,2023,Congo,COG,Congo,0.649,0.571,-0.078,0.571,0.649,6332969,un_wpp_owid_2024,11006470,un_wpp_owid_2050,0.6205,-0.0285,0.6205,-0.0285,0.702,0.053,0.5918,0.702,0.8227,0.8227,0.5918,True,False,65.772,5902.5991,12.6819,8.3226,0.6731,0.6054,0.5862,0.749602,0.698302,0.660902,0.702,-1.3e-07,65.772,5902.5991,12.6819,8.3226,0.78,1.0,0.8678,19.0,24.0,5.0,40.4626,41.3975,57.0,53.0,-4.0,2.5374,5.6025,3.0651,0.7811,0.1057,0.8868,0.7219,0.1364,0.25,0.6723,0.0,0.0,0.0,0.9167,0.4112,0.1631,0.5729,0.8218,-0.0069,0.2501,0.4685,0.0042,0.28,0.78,0.78,0.25,0.4561,0.1759,0.23,0.3382,0.6618,1.22,1.22,0.96,0.38,25.0,0.3,2.3,0.55,0.0,0.0,1.5,6.0,0.2,0.0116,0.0178,0.0102,0.0105,0.0027,0.0114,0.0042,-0.0017,-0.0045,-0.0093,0.2587,0.2089,0.2069,0.2635,0.3106,0.1965,0.3405,0.2138,0.2562,0.245,frontier_jumper,101,172
152,141,-11,-11,35.41,emerging_mover,False,0.23,73,1,Cluster 73,scenario_projection,UNDP_HDR_2025_Table_1,2023,Sao Tome and Principe,STP,Sao Tome & Principe,0.637,0.618,-0.019,0.618,0.637,235548,un_wpp_owid_2024,365120,un_wpp_owid_2050,0.6024,-0.0346,0.6024,-0.0346,0.6996,0.0626,0.5839,0.6996,0.8056,0.8056,0.5839,True,True,69.718,5583.4233,12.8567,5.9876,0.7311,0.517,0.5782,0.80999,0.627492,0.673692,0.6996,-9e-08,69.718,5583.4233,12.8567,5.9876,0.88,1.0302,0.8678,19.0,24.0,5.0,40.4626,41.3975,57.0,53.0,-4.0,2.5374,5.6025,3.0651,0.7811,0.1057,0.8868,0.7219,0.1364,0.25,0.8817,0.0,0.0,0.0,0.0,0.1619,0.0588,0.6609,0.7411,-0.0089,0.2301,0.4905,0.0044,0.28,0.12,0.22,0.6,0.014,0.2517,0.2084,0.5599,0.4401,1.22,1.22,0.96,0.3914,35.781,0.5427,5.2356,0.2903,-1.4795,-1.0064,0.0361,4.8724,0.3688,0.0171,0.0245,0.0068,0.0235,-0.0072,0.013,0.0052,-0.0033,-0.0102,-0.0069,0.3598,0.1427,0.1231,0.2397,0.28,0.1372,0.2226,0.187,0.2207,0.3885,frontier_jumper,114,177
153,160,7,+7,52.81,rapid_industrializer,False,0.23,74,3,Cluster 74,scenario_projection,UNDP_HDR_2025_Table_1,2023,Papua New Guinea,PNG,Papua New Guinea,0.576,0.558,-0.018,0.558,0.576,10576509,un_wpp_owid_2024,14906592,un_wpp_owid_2050,0.5428,-0.0332,0.5428,-0.0332,0.6831,0.1071,0.5465,0.6831,0.7649,0.7649,0.5465,True,True,66.134,3970.6477,11.5111,4.9625,0.6784,0.4454,0.5292,0.799136,0.609028,0.65493,0.6831,-1e-08,66.134,3970.6477,11.5111,4.9625,0.9,1.0,0.9306,22.4,28.5,6.1,33.9119,33.3584,62.5,57.62,-4.88,3.5881,9.0216,5.4335,0.5789,0.1566,0.7355,0.8566,0.3464,0.195,0.3937,0.0,0.0,0.0,0.9167,0.4469,0.3422,0.3478,0.911,-0.0018,0.2289,0.4615,0.0054,0.28,0.12,0.22,0.6,0.0145,0.2719,0.3269,0.6319,0.3681,1.0,1.0,1.0,0.38,25.0,0.3,2.3,0.55,0.0,0.0,1.5,6.0,0.2,0.0191,0.0332,0.0134,0.0194,0.0177,0.0148,0.0055,-0.0022,-0.0059,-0.008,0.2389,0.1931,0.2069,0.2383,0.2772,0.1902,0.3153,0.1886,0.2244,0.2166,moderate,134,180
154,163,9,+9,52.88,rapid_industrializer,False,0.25,74,3,Cluster 74,scenario_projection,UNDP_HDR_2025_Table_1,2023,Mauritania,MRT,Mauritania,0.563,0.556,-0.007,0.556,0.563,5169403,un_wpp_owid_2024,9415604,un_wpp_owid_2050,0.5374,-0.0256,0.5374,-0.0256,0.685,0.122,0.5335,0.685,0.7907,0.7907,0.5335,True,True,68.484,6267.4708,7.9495,4.852,0.713,0.366,0.5948,0.825035,0.544923,0.714931,0.685,-4e-08,68.484,6267.4708,7.9495,4.852,0.85,1.02,0.8796,20.1,25.5,5.4,39.0962,39.574,58.0,53.68,-4.32,2.9038,6.746,3.8421,0.7372,0.1257,0.8629,0.7475,0.1673,0.23,0.6091,0.0,0.0,0.0,0.9167,0.3161,0.1743,0.5293,0.8171,-0.0076,0.2538,0.4724,0.0054,0.28,0.12,0.22,0.6,0.0145,0.2834,0.32,0.6369,0.3631,1.22,1.3176,0.96,0.38,25.0,0.3,2.3,0.55,0.0,0.0,1.5,6.0,0.2,0.021,0.0481,0.015,0.0272,0.0045,0.0196,0.007,-0.0028,-0.0075,-0.0101,0.2626,0.2113,0.2069,0.2673,0.3157,0.1974,0.3444,0.2182,0.263,0.2512,frontier_jumper,124,182
155,168,13,+13,57.53,rapid_industrializer,False,0.26,74,3,Cluster 74,scenario_projection,UNDP_HDR_2025_Table_1,2023,Pakistan,PAK,Pakistan,0.544,0.544,0.0,0.544,0.544,251269160,un_wpp_owid_2024,371863799,un_wpp_owid_2050,0.5178,-0.0262,0.5178,-0.0262,0.6837,0.1397,0.5137,0.6837,0.79,0.79,0.5137,True,True,67.649,5501.1329,7.8951,4.317,0.7007,0.344,0.5761,0.825788,0.543492,0.71209,0.6837,-7e-08,67.649,5501.1329,7.8951,4.317,0.85,1.0302,0.8718,20.4,27.0,6.6,39.4328,39.3345,57.5,52.22,-5.28,3.0672,8.4455,5.3784,0.7532,0.1617,0.915,0.73,0.1009,0.17,0.6008,0.0,0.0,0.0,0.9167,0.2845,0.1302,0.5523,0.7974,-0.0091,0.258,0.5498,0.0063,0.45,0.12,0.22,0.6,0.0147,0.4212,0.3364,0.6003,0.3997,1.22,1.3176,0.96,0.38,25.0,0.3,2.3,0.55,0.0,0.0,1.5,6.0,0.2,0.0246,0.0541,0.0171,0.0321,0.0008,0.0225,0.0123,-0.003,-0.0082,-0.0125,0.2902,0.2061,0.2069,0.259,0.3047,0.1953,0.336,0.2316,0.2737,0.2764,frontier_jumper,124,186
156,155,-1,-1,44.1,fast_converger,False,0.31,75,1,Cluster 75,scenario_projection,UNDP_HDR_2025_Table_1,2023,Cameroon,CMR,Cameroon,0.588,0.576,-0.012,0.576,0.588,29123748,un_wpp_owid_2024,51096324,un_wpp_owid_2050,0.5614,-0.0266,0.5614,-0.0266,0.6796,0.0916,0.547,0.6796,0.7966,0.7966,0.547,True,True,63.7,4746.2658,10.7919,6.5742,0.6426,0.4963,0.5549,0.739158,0.63755,0.666052,0.6796,-2.3e-07,63.7,4746.2658,10.7919,6.5742,0.82,1.0302,0.8727,18.7,23.5,4.8,40.0988,41.1796,57.5,53.66,-3.84,2.4012,5.1604,2.7592,0.7674,0.0962,0.8636,0.7328,0.1664,0.26,0.8263,0.0,0.0,0.0,0.2988,0.2265,0.1017,0.6211,0.7689,-0.0098,0.3138,0.465,0.0046,0.4,0.12,0.22,0.6,0.015,0.3628,0.3038,0.62,0.38,1.16,1.2528,0.94,0.3633,45.9582,0.2867,3.7829,0.5355,-0.7821,-0.4954,1.345,5.402,0.2243,0.02,0.0322,0.0125,0.0202,-0.0041,0.0185,0.009,-0.0004,-0.0064,-0.0099,0.3541,0.2295,0.1617,0.3381,0.459,0.1832,0.4091,0.244,0.3402,0.419,accelerator,123,180
157,157,0,0,42.41,fast_converger,False,0.29,76,2,Cluster 76,scenario_projection,UNDP_HDR_2025_Table_1,2023,Uganda,UGA,Uganda,0.582,0.55,-0.032,0.55,0.582,50015091,un_wpp_owid_2024,85431201,un_wpp_owid_2050,0.5541,-0.0279,0.5541,-0.0279,0.677,0.095,0.5396,0.677,0.7884,0.7884,0.5396,True,True,68.252,2736.41,11.564,6.3237,0.7096,0.5039,0.4757,0.80723,0.643624,0.597222,0.677,-3.6e-07,68.252,2736.41,11.564,6.3237,0.88,1.0302,0.8366,15.7,19.5,3.8,44.0,45.9295,54.0,50.96,-3.04,2.0,3.1105,1.1105,0.9013,0.061,0.9623,0.6536,0.0436,0.31,0.9382,0.0,0.0,0.0,0.3308,0.1811,0.0084,0.6941,0.7261,-0.0114,0.2881,0.5125,0.0052,0.28,0.12,0.22,0.6,0.0145,0.3944,0.3041,0.6225,0.3775,1.22,1.3176,0.96,0.3858,34.1832,0.3071,3.706,0.4278,-1.1883,-0.3598,1.0706,4.3814,0.2142,0.028,0.0343,0.0117,0.029,-0.0132,0.0192,0.0069,-0.0035,-0.0075,-0.0099,0.3623,0.2113,0.1683,0.2893,0.3835,0.1801,0.3363,0.2357,0.3033,0.4106,frontier_jumper,125,180
158,165,7,+7,50.97,fast_converger,False,0.33,76,2,Cluster 76,scenario_projection,UNDP_HDR_2025_Table_1,2023,Tanzania (United Republic of),TZA,Tanzania,0.555,0.549,-0.006,0.549,0.555,68560162,un_wpp_owid_2024,129621091,un_wpp_owid_2050,0.5318,-0.0232,0.5318,-0.0232,0.6773,0.1223,0.5149,0.6773,0.7881,0.7881,0.5149,True,True,66.995,3514.6329,8.5857,6.0654,0.6911,0.4252,0.5117,0.797748,0.598861,0.650357,0.6773,1.8e-07,66.995,3514.6329,8.5857,6.0654,0.89,1.0302,0.8539,17.2,22.0,4.8,42.0,43.5111,56.0,52.16,-3.84,2.0,4.3289,2.3289,0.8342,0.083,0.9172,0.6916,0.0982,0.26,0.9459,0.0,0.0,0.0,0.2338,0.1381,0.018,0.6973,0.7209,-0.0117,0.3307,0.5152,0.0057,0.28,0.12,0.22,0.6,0.0139,0.4744,0.3602,0.727,0.273,1.22,1.3176,0.96,0.4219,40.3868,0.35,3.9388,0.5985,-0.4658,-0.5256,0.9965,4.9007,0.1615,0.0321,0.0491,0.014,0.0388,-0.0157,0.026,0.0082,-0.0101,-0.0103,-0.0097,0.3702,0.2474,0.1765,0.3343,0.4797,0.196,0.4344,0.2685,0.3612,0.4386,frontier_jumper,125,186
159,152,-7,-7,39.08,emerging_mover,False,0.27,77,1,Cluster 77,scenario_projection,UNDP_HDR_2025_Table_1,2023,Comoros,COM,Comoros,0.603,0.586,-0.017,0.586,0.603,866632,un_wpp_owid_2024,1307561,un_wpp_owid_2050,0.5696,-0.0334,0.5696,-0.0334,0.6697,0.0667,0.5515,0.6697,0.7859,0.7859,0.5515,True,True,66.777,3481.1214,13.2945,6.0068,0.6879,0.5266,0.5103,0.758905,0.644904,0.613704,0.6697,2.8e-07,66.777,3481.1214,13.2945,6.0068,0.85,1.0302,0.8868,20.4,25.5,5.1,38.505,38.9418,58.5,54.42,-4.08,2.995,6.6382,3.6432,0.7156,0.122,0.8376,0.7632,0.2009,0.245,0.7701,0.0,0.0,0.0,0.0,0.2062,0.1294,0.5788,0.7798,-0.0084,0.2704,0.4787,0.0047,0.28,0.12,0.22,0.6,0.0146,0.2645,0.2111,0.5488,0.4512,1.22,1.22,0.96,0.3637,70.9635,0.3888,5.5368,0.3808,-1.3013,-1.0643,0.4303,4.2753,0.2374,0.0185,0.0231,0.0037,0.0192,-0.0014,0.0133,0.005,-0.0004,-0.007,-0.0074,0.3533,0.1803,0.1148,0.2812,0.3828,0.1417,0.3152,0.2237,0.2931,0.4179,frontier_jumper,125,180
160,150,-10,-10,47.68,fast_converger,False,0.31,78,2,Cluster 78,scenario_projection,UNDP_HDR_2025_Table_1,2023,Myanmar,MMR,Myanmar,0.609,0.585,-0.024,0.585,0.609,54500086,un_wpp_owid_2024,58623233,un_wpp_owid_2050,0.5798,-0.0292,0.5798,-0.0292,0.6651,0.0561,0.5466,0.6651,0.8057,0.8057,0.5466,True,True,66.889,4918.8106,11.5046,6.38,0.6895,0.5048,0.56,0.760285,0.605988,0.638587,0.6651,-1.7e-07,66.889,4918.8106,11.5046,6.38,0.75,1.02,0.9784,29.0,35.5,6.5,25.5405,21.2941,67.0,61.8,-5.2,7.4595,16.9059,9.4463,0.3446,0.2736,0.6181,0.9433,0.5364,0.175,0.0,0.223,0.0,0.223,0.623,0.5392,0.4749,0.1789,0.988,0.0005,0.3076,0.4553,0.0047,0.58,0.12,0.22,0.6,0.016,0.2326,0.279,0.3853,0.6147,1.0069,1.0563,1.0476,0.4574,48.8883,0.3998,3.0048,0.5406,-0.8517,0.1682,1.0496,5.9329,0.2122,0.0109,0.019,0.0059,0.0092,0.0156,0.0106,0.0076,-0.0071,-0.0052,-0.0103,0.352,0.225,0.1673,0.3266,0.4444,0.1853,0.4009,0.2463,0.3238,0.4045,conflict_recovery,114,180
161,169,8,+8,55.06,rapid_industrializer,False,0.32,78,2,Cluster 78,scenario_projection,UNDP_HDR_2025_Table_1,2023,Senegal,SEN,Senegal,0.53,0.511,-0.019,0.511,0.53,18501988,un_wpp_owid_2024,30364953,un_wpp_owid_2050,0.4897,-0.0403,0.4897,-0.0403,0.6668,0.1368,0.4932,0.6668,0.7673,0.7673,0.4932,True,True,68.683,4202.0307,9.1427,2.9346,0.7159,0.3052,0.5374,0.841078,0.509986,0.691182,0.6668,9e-08,68.683,4202.0307,9.1427,2.9346,0.91,1.0506,0.872,18.3,23.0,4.7,40.2345,41.4502,57.5,53.74,-3.76,2.2655,4.8098,2.5442,0.7713,0.0895,0.8608,0.7314,0.17,0.265,0.8017,0.0,0.0,0.0,0.4357,0.166,0.098,0.6087,0.7605,-0.0102,0.3172,0.5186,0.0062,0.38,0.12,0.22,0.6,0.0138,0.4847,0.3381,0.7002,0.2998,1.16,1.2528,0.94,0.4514,37.5007,0.3278,3.4544,0.403,-0.0474,-0.8192,0.8704,5.1762,0.2674,0.0306,0.0591,0.0131,0.041,-0.007,0.0237,0.0111,-0.0148,-0.0096,-0.0103,0.3369,0.2731,0.2113,0.3383,0.4178,0.2277,0.3674,0.2566,0.3455,0.3977,accelerator,134,188
162,148,-14,-14,30.72,emerging_mover,False,0.26,79,2,Cluster 79,scenario_projection,UNDP_HDR_2025_Table_1,2023,Angola,AGO,Angola,0.616,0.586,-0.03,0.586,0.616,37885854,un_wpp_owid_2024,74295397,un_wpp_owid_2050,0.5833,-0.0327,0.5833,-0.0327,0.6647,0.0487,0.5818,0.6647,0.7846,0.7846,0.5818,True,True,64.617,6631.2765,12.1676,5.9562,0.6561,0.5016,0.6029,0.732076,0.593462,0.675971,0.6647,6e-08,64.617,6631.2765,12.1676,5.9562,0.78,1.02,0.8429,16.7,21.5,4.8,43.0,44.7202,55.0,51.16,-3.84,2.0,4.1198,2.1198,0.8741,0.0805,0.9547,0.6672,0.0527,0.26,0.7625,0.0,0.0,0.0,0.9167,0.3214,0.0796,0.6202,0.7789,-0.0092,0.256,0.4716,0.0045,0.28,0.82,0.82,0.22,0.5042,0.1891,0.2286,0.3487,0.6513,1.16,1.16,0.94,0.38,25.0,0.3,2.3,0.55,0.0,0.0,1.5,6.0,0.2,0.0101,0.0201,0.0097,0.0101,-0.0018,0.0104,0.0037,-0.0015,-0.004,-0.0081,0.2626,0.2136,0.2069,0.2709,0.3205,0.1983,0.3479,0.22,0.2667,0.253,accelerator,126,177
163,154,-9,-9,37.69,emerging_mover,False,0.29,79,2,Cluster 79,scenario_projection,UNDP_HDR_2025_Table_1,2023,Zambia,ZMB,Zambia,0.595,0.565,-0.03,0.565,0.595,21314962,un_wpp_owid_2024,38083384,un_wpp_owid_2050,0.5693,-0.0257,0.5693,-0.0257,0.6641,0.0691,0.5608,0.6641,0.7648,0.7648,0.5608,True,True,66.349,3446.6758,11.0205,7.3974,0.6816,0.532,0.5089,0.757925,0.642321,0.60162,0.6641,9e-08,66.349,3446.6758,11.0205,7.3974,0.85,1.02,0.8567,17.6,35.0,17.4,42.3584,28.8161,55.5,50.0,-5.5,2.1416,21.1839,19.0423,0.5763,0.4237,1.0,0.7474,0.0,0.1562,0.2692,0.4175,0.0,0.4175,0.5625,0.3182,0.0443,0.5633,0.7801,-0.0152,0.2938,0.4553,0.0048,0.28,0.55,0.7,0.28,0.2667,0.2442,0.2817,0.5437,0.4563,1.16,1.2528,0.94,0.3819,34.9219,0.3572,3.1499,0.4533,-0.1657,-0.5828,0.6848,3.9473,0.1402,0.0201,0.0264,0.0091,0.0209,-0.0094,0.0146,0.0054,-0.0023,-0.0069,-0.0089,0.3487,0.2406,0.1854,0.2804,0.4038,0.1958,0.3511,0.2329,0.2964,0.4033,accelerator,134,178
164,157,-7,-7,41.29,emerging_mover,False,0.32,80,1,Cluster 80,scenario_projection,UNDP_HDR_2025_Table_1,2023,Côte d'Ivoire,CIV,Cote d'Ivoire,0.582,0.55,-0.032,0.55,0.582,31934229,un_wpp_owid_2024,55746985,un_wpp_owid_2050,0.5473,-0.0347,0.5473,-0.0347,0.6619,0.0799,0.5404,0.6619,0.7856,0.7856,0.5404,True,True,61.944,6735.4163,11.4111,4.87,0.6168,0.4393,0.6052,0.710931,0.575044,0.709331,0.6619,1.7e-07,61.944,6735.4163,11.4111,4.87,0.83,1.0302,0.8678,18.7,23.5,4.8,40.5706,41.6239,57.0,53.16,-3.84,2.4294,5.2161,2.7867,0.783,0.0981,0.8811,0.722,0.1436,0.26,0.8834,0.0,0.0,0.0,0.1572,0.1554,0.0616,0.6575,0.7413,-0.0109,0.3155,0.4944,0.0049,0.28,0.12,0.22,0.6,0.0149,0.3765,0.281,0.612,0.388,1.16,1.2528,0.94,0.3684,37.9178,0.4154,4.1227,0.5382,-0.3923,-0.5159,0.8167,4.8246,0.1904,0.0169,0.0349,0.0127,0.0204,-0.0082,0.018,0.006,-0.001,-0.0089,-0.0108,0.3471,0.2618,0.193,0.3101,0.4489,0.2108,0.3917,0.2436,0.3274,0.4211,accelerator,125,180
165,153,-12,-12,35.09,emerging_mover,False,0.23,81,2,Cluster 81,scenario_projection,UNDP_HDR_2025_Table_1,2023,Zimbabwe,ZWE,Zimbabwe,0.598,0.55,-0.048,0.55,0.598,16634366,un_wpp_owid_2024,25866386,un_wpp_owid_2050,0.5733,-0.0247,0.5733,-0.0247,0.65,0.052,0.5587,0.65,0.7811,0.7811,0.5587,True,False,62.775,3511.4632,11.0575,8.9308,0.629,0.5856,0.5115,0.701056,0.671753,0.583146,0.65,-2.2e-07,62.775,3511.4632,11.0575,8.9308,0.78,1.02,0.8752,18.7,24.0,5.3,39.6271,40.7281,58.0,53.76,-4.24,2.3729,5.5119,3.139,0.7576,0.1025,0.8601,0.7382,0.1709,0.235,0.6491,0.0,0.0,0.0,0.9167,0.4167,0.1842,0.5441,0.8329,-0.0074,0.2305,0.4775,0.0049,0.44,0.45,0.82,0.25,0.2811,0.2055,0.2617,0.3602,0.6398,1.0,1.0,1.0,0.38,25.0,0.3,2.3,0.55,0.0,0.0,1.5,6.0,0.2,0.0116,0.0149,0.0093,0.0103,0.0031,0.009,0.0052,-0.0013,-0.0036,-0.0066,0.2626,0.1883,0.2069,0.2304,0.2668,0.1882,0.3075,0.1998,0.223,0.2313,moderate,128,178
166,175,9,+9,58.03,rapid_industrializer,False,0.24,81,2,Cluster 81,scenario_projection,UNDP_HDR_2025_Table_1,2023,Djibouti,DJI,Djibouti,0.513,0.509,-0.004,0.509,0.513,1168726,un_wpp_owid_2024,1530546,un_wpp_owid_2050,0.4903,-0.0227,0.4903,-0.0227,0.6491,0.1361,0.4633,0.6491,0.7966,0.7966,0.4633,True,True,65.987,6367.606,6.2074,3.9504,0.6763,0.2918,0.5971,0.748822,0.502215,0.727221,0.6491,-7e-08,65.987,6367.606,6.2074,3.9504,0.85,1.0302,0.9555,24.9,30.0,5.1,31.5899,30.2691,63.5,59.42,-4.08,4.9101,10.3109,5.4008,0.5094,0.1735,0.6829,0.9087,0.4282,0.245,0.3759,0.0,0.0,0.0,0.0011,0.2344,0.3559,0.3028,0.8884,-0.0033,0.2421,0.4953,0.006,0.38,0.12,0.22,0.6,0.0148,0.2848,0.2259,0.5446,0.4554,1.22,1.3176,0.96,0.4268,80.9656,0.3648,4.4975,0.3391,-1.07,-0.6679,0.2844,5.013,0.38,0.0243,0.0586,0.0044,0.0306,0.021,0.0215,0.0112,-0.011,-0.0108,-0.0139,0.3672,0.1533,0.1417,0.2523,0.2902,0.1524,0.2432,0.2012,0.2316,0.388,frontier_jumper,123,190
167,161,-6,-6,37.41,emerging_mover,False,0.25,82,2,Cluster 82,scenario_projection,UNDP_HDR_2025_Table_1,2023,Togo,TGO,Togo,0.571,0.539,-0.032,0.539,0.571,8406554,un_wpp_owid_2024,13960022,un_wpp_owid_2050,0.5387,-0.0323,0.5387,-0.0323,0.6406,0.0696,0.5198,0.6406,0.7922,0.7922,0.5198,True,True,62.739,2855.9638,13.0964,5.8611,0.6285,0.5163,0.4818,0.701938,0.637535,0.587432,0.6406,-2e-07,62.739,2855.9638,13.0964,5.8611,0.85,1.02,0.8758,19.4,24.0,4.6,39.8429,40.6752,57.5,53.82,-3.68,2.6571,5.5048,2.8476,0.7558,0.1023,0.858,0.7395,0.1736,0.27,0.8489,0.0,0.0,0.0,0.0,0.1793,0.0924,0.6266,0.7581,-0.0102,0.246,0.4491,0.0047,0.28,0.12,0.22,0.6,0.0146,0.2756,0.2128,0.5384,0.4616,1.22,1.3176,0.96,0.448,60.7335,0.2822,5.4611,0.3412,-0.7641,-1.145,0.2798,3.2814,0.4578,0.023,0.0281,0.0059,0.0223,-0.0054,0.015,0.0059,-0.0102,-0.0059,-0.0092,0.2699,0.1804,0.1418,0.3245,0.3281,0.1654,0.2978,0.2021,0.2604,0.2892,frontier_jumper,124,185
168,166,-2,-2,48.24,fast_converger,False,0.23,82,2,Cluster 82,scenario_projection,UNDP_HDR_2025_Table_1,2023,Haiti,HTI,Haiti,0.554,0.535,-0.019,0.535,0.554,11772562,un_wpp_owid_2024,14710871,un_wpp_owid_2050,0.5252,-0.0288,0.5252,-0.0288,0.6418,0.0878,0.5051,0.6418,0.8168,0.8168,0.5051,True,True,64.936,2934.9258,10.8964,5.3823,0.6608,0.4513,0.4858,0.76421,0.587308,0.589008,0.6418,3.4e-07,64.936,2934.9258,10.8964,5.3823,0.75,1.0302,0.9464,24.1,31.5,7.4,32.0898,29.6838,63.5,57.58,-5.92,4.4102,12.7362,8.326,0.5155,0.2212,0.7367,0.8863,0.3445,0.13,0.2663,0.0335,0.0,0.0335,0.9167,0.4687,0.3624,0.3073,0.9267,-0.0019,0.2331,0.5144,0.0058,0.58,0.12,0.22,0.6,0.0161,0.2421,0.2779,0.3573,0.6427,1.0059,1.14,1.0483,0.38,25.0,0.3,2.3,0.55,0.0,0.0,1.5,6.0,0.2,0.0162,0.0271,0.0117,0.0113,0.0152,0.0128,0.0095,-0.0018,-0.0049,-0.0092,0.2902,0.1811,0.2069,0.219,0.2517,0.1853,0.296,0.2116,0.2327,0.2564,conflict_recovery,103,187
169,167,-2,-2,44.1,fast_converger,False,0.19,83,1,Cluster 83,scenario_projection,UNDP_HDR_2025_Table_1,2023,Lesotho,LSO,Lesotho,0.55,0.514,-0.036,0.514,0.55,2337428,un_wpp_owid_2024,2993088,un_wpp_owid_2050,0.527,-0.023,0.527,-0.023,0.6349,0.0849,0.4987,0.6349,0.7534,0.7534,0.4987,True,True,57.375,3029.3857,10.9866,7.7299,0.5496,0.543,0.4903,0.611655,0.67985,0.615455,0.6349,-2e-08,57.375,3029.3857,10.9866,7.7299,0.85,1.0302,0.9386,22.6,28.0,5.4,33.36,33.0449,63.0,58.68,-4.32,3.64,8.2751,4.6351,0.5631,0.141,0.7042,0.8738,0.3945,0.23,0.502,0.0,0.0,0.0,0.0511,0.3318,0.3194,0.371,0.883,-0.0033,0.191,0.4985,0.006,0.28,0.12,0.22,0.6,0.014,0.2891,0.2786,0.5939,0.4061,1.0,1.0,1.0,0.4639,82.499,0.2885,4.3774,0.3581,-1.5493,-1.2396,0.2462,4.3286,0.2963,0.0229,0.0253,0.0035,0.0241,0.0148,0.0142,0.0058,-0.012,-0.006,-0.0077,0.3252,0.1134,0.1261,0.1732,0.2122,0.1231,0.1886,0.1547,0.1664,0.327,moderate,136,187
170,162,-8,-8,37.37,emerging_mover,False,0.24,84,1,Cluster 84,scenario_projection,UNDP_HDR_2025_Table_1,2023,Syrian Arab Republic,SYR,Syria,0.564,0.577,0.013,0.577,0.564,24672758,un_wpp_owid_2024,37793375,un_wpp_owid_2050,0.5406,-0.0234,0.5406,-0.0234,0.6201,0.0561,0.4858,0.6201,0.8065,0.8065,0.4858,True,True,72.12,3917.7024,7.4188,5.9355,0.7665,0.391,0.5273,0.831056,0.484132,0.59264,0.6201,-7e-08,72.12,3917.7024,7.4188,5.9355,0.7,1.0302,0.8668,23.0,30.0,7.0,39.8732,37.2956,55.5,50.0,-5.5,4.6268,12.7044,8.0777,0.7459,0.2541,1.0,0.7183,0.0,0.1562,0.5301,0.032,0.0,0.032,0.9167,0.2829,0.094,0.5342,0.7917,-0.0105,0.2445,0.5105,0.0049,0.7,0.12,0.22,0.6,0.0167,0.2233,0.2423,0.3365,0.6635,1.029,1.1582,1.032,0.38,25.0,0.3,2.3,0.55,0.0,0.0,1.5,6.0,0.2,0.0122,0.0259,0.0068,0.0079,-0.0013,0.0111,0.0098,-0.0016,-0.0042,-0.0106,0.2902,0.1926,0.2069,0.2374,0.2761,0.1899,0.3144,0.2208,0.2516,0.2656,conflict_recovery,114,188
171,180,9,+9,44.88,fast_converger,False,0.16,85,1,Cluster 85,scenario_projection,UNDP_HDR_2025_Table_1,2023,Ethiopia,ETH,Ethiopia,0.497,0.498,0.001,0.498,0.497,132059770,un_wpp_owid_2024,225021870,un_wpp_owid_2050,0.4521,-0.0449,0.4521,-0.0449,0.6177,0.1207,0.4349,0.6177,0.7826,0.7826,0.4349,True,True,67.315,2795.507,9.2177,2.4025,0.6958,0.2773,0.4788,0.799952,0.467331,0.630441,0.6177,8e-08,67.315,2795.507,9.2177,2.4025,0.87,1.0302,0.8608,17.8,22.5,4.7,41.3444,42.6748,56.5,52.74,-3.76,2.1556,4.5852,2.4296,0.8092,0.0869,0.8961,0.7069,0.1245,0.265,0.9398,0.0,0.0,0.0,0.0,0.0336,0.0129,0.6919,0.72,-0.0146,0.1604,0.5329,0.0058,0.58,0.12,0.22,0.6,0.0154,0.4167,0.183,0.439,0.561,1.342,1.35,0.9408,0.4934,67.8277,0.431,5.6738,0.3307,-1.1556,-1.1874,0.2726,4.3543,0.3278,0.0429,0.0739,0.0079,0.0453,-0.0241,0.0251,0.0218,-0.0278,-0.0162,-0.028,0.3256,0.0824,0.1149,0.1302,0.1597,0.1073,0.1336,0.1245,0.1105,0.3154,frontier_jumper,127,192
172,173,1,+1,38.54,emerging_mover,False,0.22,86,1,Cluster 86,scenario_projection,UNDP_HDR_2025_Table_1,2023,Benin,BEN,Benin,0.515,0.499,-0.016,0.499,0.515,14462721,un_wpp_owid_2024,24433814,un_wpp_owid_2050,0.4744,-0.0406,0.4744,-0.0406,0.6053,0.0903,0.4643,0.6053,0.7716,0.7716,0.4643,True,True,60.774,3805.5275,10.4465,3.1942,0.5996,0.3404,0.5231,0.69281,0.493607,0.648509,0.6053,-2.6e-07,60.774,3805.5275,10.4465,3.1942,0.85,1.02,0.863,18.4,23.0,4.6,41.1472,42.2746,56.5,52.82,-3.68,2.3528,4.9054,2.5526,0.8004,0.0929,0.8932,0.7116,0.1282,0.27,0.9216,0.0,0.0,0.0,0.0,0.068,0.0279,0.6822,0.72,-0.0131,0.2241,0.4541,0.0051,0.38,0.12,0.22,0.6,0.0146,0.2866,0.227,0.5524,0.4476,1.22,1.3176,0.96,0.4142,56.8286,0.3306,4.8309,0.3423,-1.3479,-1.0099,0.1346,4.1458,0.2794,0.0247,0.0442,0.0087,0.0263,-0.0139,0.0167,0.0094,-0.0074,-0.0081,-0.0101,0.3364,0.1279,0.1017,0.2395,0.3036,0.1171,0.2535,0.1822,0.2163,0.3626,frontier_jumper,131,190
173,170,-3,-3,34.31,emerging_mover,False,0.25,87,1,Cluster 87,scenario_projection,UNDP_HDR_2025_Table_1,2023,Gambia,GMB,Gambia,0.524,0.5,-0.024,0.5,0.524,2759999,un_wpp_owid_2024,4301899,un_wpp_owid_2050,0.498,-0.026,0.498,-0.026,0.5902,0.0662,0.441,0.5902,0.8006,0.8006,0.441,True,True,65.86,2812.0176,8.9779,4.6747,0.6744,0.3817,0.4796,0.739088,0.489992,0.567691,0.5902,-2.1e-07,65.86,2812.0176,8.9779,4.6747,0.83,1.0,0.8537,17.8,22.0,4.2,42.2948,43.5292,55.5,52.14,-3.36,2.2052,4.3308,2.1256,0.8349,0.0831,0.9179,0.6911,0.0973,0.29,0.9786,0.0,0.0,0.0,0.0,0.0683,0.0004,0.711,0.72,-0.0137,0.2463,0.4431,0.0048,0.38,0.12,0.22,0.6,0.0148,0.2857,0.1987,0.52,0.48,1.22,1.3176,0.96,0.4361,65.2516,0.5463,5.4419,0.2896,-1.2348,-1.2231,0.345,5.4637,0.4274,0.0246,0.0382,0.0064,0.0221,-0.015,0.0156,0.0087,-0.0096,-0.0125,-0.0124,0.3284,0.1682,0.129,0.2949,0.3319,0.1534,0.2639,0.1866,0.2384,0.3688,frontier_jumper,119,191
174,174,0,0,35.62,emerging_mover,False,0.24,88,1,Cluster 88,scenario_projection,UNDP_HDR_2025_Table_1,2023,Guinea-Bissau,GNB,Guinea-Bissau,0.514,0.483,-0.031,0.483,0.514,2201360,un_wpp_owid_2024,3438608,un_wpp_owid_2050,0.4779,-0.0361,0.4779,-0.0361,0.5875,0.0735,0.4414,0.5875,0.7982,0.7982,0.4414,True,True,64.085,2403.0592,10.6353,3.673,0.6483,0.3683,0.457,0.735403,0.492302,0.560102,0.5875,2.3e-07,64.085,2403.0592,10.6353,3.673,0.82,1.0,0.8605,18.7,23.0,4.3,41.5141,42.5076,56.0,52.56,-3.44,2.4859,4.9324,2.4465,0.8087,0.0938,0.9026,0.706,0.1164,0.285,0.9322,0.0,0.0,0.0,0.0,0.0757,0.0236,0.6915,0.72,-0.0139,0.2372,0.4414,0.0048,0.38,0.12,0.22,0.6,0.0152,0.2731,0.197,0.4889,0.5111,1.22,1.3176,0.96,0.411,50.5419,0.3741,4.9768,0.2649,-1.6617,-0.795,0.6098,4.1968,0.4496,0.0237,0.0368,0.0087,0.0188,-0.0124,0.0144,0.0082,-0.0061,-0.008,-0.0106,0.3222,0.16,0.1253,0.2868,0.3151,0.1501,0.2454,0.1799,0.2258,0.3611,frontier_jumper,122,191
175,172,-3,-3,34.08,emerging_mover,False,0.24,89,3,Cluster 89,scenario_projection,UNDP_HDR_2025_Table_1,2023,Malawi,MWI,Malawi,0.517,0.508,-0.009,0.508,0.517,21655288,un_wpp_owid_2024,37361675,un_wpp_owid_2050,0.4915,-0.0255,0.4915,-0.0255,0.5842,0.0672,0.443,0.5842,0.7948,0.7948,0.443,True,True,67.353,1633.6926,9.9026,5.2437,0.6964,0.4246,0.4016,0.752216,0.536111,0.49441,0.5842,-6e-08,67.353,1633.6926,9.9026,5.2437,0.82,1.0,0.8419,17.2,21.5,4.3,43.435,44.8117,54.5,51.06,-3.44,2.065,4.1283,2.0633,0.8776,0.0809,0.9585,0.665,0.0482,0.285,1.0,0.0,0.0,0.0,0.0,0.0706,0.0,0.72,0.72,-0.0141,0.238,0.4392,0.0048,0.38,0.12,0.22,0.6,0.0148,0.2837,0.2302,0.5397,0.4603,1.22,1.3176,0.96,0.4662,89.988,0.3575,4.9257,0.3424,-0.6616,-1.1289,0.2944,4.6028,0.2718,0.0296,0.0382,0.0017,0.0222,-0.0158,0.0161,0.009,-0.014,-0.0085,-0.0113,0.3017,0.1594,0.113,0.2706,0.3393,0.1337,0.2863,0.1848,0.2458,0.345,frontier_jumper,124,191
176,177,1,+1,36.27,emerging_mover,False,0.23,89,3,Cluster 89,scenario_projection,UNDP_HDR_2025_Table_1,2023,Liberia,LBR,Liberia,0.51,0.481,-0.029,0.481,0.51,5612813,un_wpp_owid_2024,8910534,un_wpp_owid_2050,0.4868,-0.0232,0.4868,-0.0232,0.5851,0.0751,0.445,0.5851,0.7947,0.7947,0.445,True,True,62.163,1537.8594,10.4659,6.1699,0.62,0.4735,0.3929,0.69232,0.590317,0.490114,0.5851,-4.6e-07,62.163,1537.8594,10.4659,6.1699,0.78,1.0,0.8574,18.3,23.0,4.7,41.6545,42.7943,56.0,52.24,-3.76,2.3455,4.9657,2.6202,0.8192,0.0951,0.9142,0.6991,0.1018,0.265,0.9452,0.0,0.0,0.0,0.0,0.1193,0.0183,0.697,0.72,-0.0144,0.2301,0.4404,0.0048,0.42,0.12,0.22,0.6,0.0155,0.263,0.2301,0.5146,0.4854,1.22,1.3176,0.96,0.3879,54.4987,0.2869,4.9289,0.4549,-1.1685,-0.8836,0.3781,4.2586,0.3371,0.0264,0.0324,0.0085,0.0153,-0.0123,0.0161,0.0094,-0.0035,-0.0064,-0.0108,0.3086,0.146,0.1197,0.2584,0.3308,0.1347,0.2878,0.163,0.2124,0.3397,frontier_jumper,124,191
177,179,2,+2,38.43,emerging_mover,False,0.25,89,3,Cluster 89,scenario_projection,UNDP_HDR_2025_Table_1,2023,Guinea,GIN,Guinea,0.5,0.465,-0.035,0.465,0.5,14754779,un_wpp_owid_2024,23404593,un_wpp_owid_2050,0.4509,-0.0491,0.4509,-0.0491,0.585,0.085,0.4446,0.585,0.7947,0.7947,0.4446,True,True,60.74,3494.3477,10.3933,2.4863,0.5991,0.2995,0.5108,0.693943,0.453728,0.63584,0.585,-1.7e-07,60.74,3494.3477,10.3933,2.4863,0.8,1.0,0.8575,18.0,22.5,4.5,41.7549,42.9818,56.0,52.4,-3.6,2.2451,4.6182,2.3731,0.8203,0.0881,0.9084,0.6996,0.1091,0.275,0.9537,0.0,0.0,0.0,0.0425,0.0445,0.0058,0.7006,0.72,-0.0145,0.2538,0.4442,0.0049,0.42,0.12,0.22,0.6,0.0151,0.2779,0.2305,0.5347,0.4653,1.22,1.3176,0.96,0.3976,66.9166,0.4004,4.3981,0.3716,-1.3423,-0.7854,0.1749,4.5219,0.3469,0.0242,0.0482,0.007,0.0204,-0.0164,0.0178,0.0105,-0.0052,-0.01,-0.0115,0.3112,0.1828,0.1439,0.2943,0.3481,0.1622,0.2998,0.1952,0.2538,0.3472,frontier_jumper,124,191
178,183,5,+5,41.49,emerging_mover,False,0.22,90,1,Cluster 90,scenario_projection,UNDP_HDR_2025_Table_1,2023,Madagascar,MDG,Madagascar,0.487,0.501,0.014,0.501,0.487,31964960,un_wpp_owid_2024,53185473,un_wpp_owid_2050,0.4617,-0.0253,0.4617,-0.0253,0.58,0.093,0.4373,0.58,0.7919,0.7919,0.4373,True,True,63.632,1655.7647,9.0626,4.5925,0.6416,0.3802,0.4035,0.719254,0.522639,0.519039,0.58,5e-08,63.632,1655.7647,9.0626,4.5925,0.8,1.0,0.874,19.8,24.0,4.2,40.1523,40.8338,57.0,53.64,-3.36,2.8477,5.5262,2.6785,0.7613,0.103,0.8643,0.7356,0.1655,0.29,0.8561,0.0,0.0,0.0,0.0,0.1101,0.0764,0.634,0.7418,-0.0132,0.2187,0.4444,0.0052,0.38,0.12,0.22,0.6,0.0151,0.2713,0.2344,0.5268,0.4732,1.22,1.3176,0.96,0.374,70.1775,0.4116,4.6471,0.3905,-1.2324,-1.1115,0.485,4.8768,0.2814,0.0301,0.0422,0.0067,0.0204,-0.0092,0.0171,0.0095,-0.0019,-0.0103,-0.0116,0.3077,0.1455,0.1217,0.2256,0.3018,0.1334,0.2526,0.1586,0.1983,0.342,frontier_jumper,124,192
179,171,-8,-8,29.34,stable_or_slow,False,0.25,91,1,Cluster 91,scenario_projection,UNDP_HDR_2025_Table_1,2023,Congo (Democratic Republic of the),COD,Congo (DRC),0.522,0.479,-0.043,0.479,0.522,109276264,un_wpp_owid_2024,218246071,un_wpp_owid_2050,0.4995,-0.0225,0.4995,-0.0225,0.5559,0.0339,0.4136,0.5559,0.7848,0.7848,0.4136,True,True,61.895,1431.0479,10.9115,7.3786,0.6161,0.5287,0.3825,0.65462,0.597618,0.439113,0.5559,-3.4e-07,61.895,1431.0479,10.9115,7.3786,0.72,1.0,0.8366,16.8,21.0,4.2,44.0,45.4804,54.0,50.64,-3.36,2.0,3.8796,1.8796,0.8981,0.0766,0.9747,0.6533,0.0291,0.29,1.0,0.0,0.0,0.0,0.0,0.1154,0.0,0.72,0.72,-0.0157,0.253,0.4289,0.0042,0.55,0.12,0.22,0.6,0.0167,0.2345,0.1915,0.4295,0.5705,1.22,1.3176,0.96,0.4475,92.5762,0.3271,4.9494,0.4245,-1.3051,-0.9687,0.3387,4.7778,0.3056,0.019,0.0213,0.0013,0.0082,-0.0103,0.0119,0.0091,-0.0081,-0.0054,-0.0133,0.3045,0.1812,0.1322,0.2848,0.3725,0.1539,0.3139,0.1815,0.2477,0.3576,frontier_jumper,125,192
180,182,2,+2,34.47,emerging_mover,False,0.26,92,1,Cluster 92,scenario_projection,UNDP_HDR_2025_Table_1,2023,Mozambique,MOZ,Mozambique,0.493,0.446,-0.047,0.446,0.493,34631767,un_wpp_owid_2024,63530959,un_wpp_owid_2050,0.4641,-0.0289,0.4641,-0.0289,0.5526,0.0596,0.4185,0.5526,0.7795,0.7795,0.4185,True,True,63.611,1355.7671,10.8483,4.5905,0.6413,0.4158,0.3747,0.706676,0.517883,0.461085,0.5526,1.5e-07,63.611,1355.7671,10.8483,4.5905,0.8,1.0,0.8468,17.2,21.5,4.3,42.9577,44.3539,55.0,51.56,-3.44,2.0423,4.0861,2.0438,0.8602,0.0792,0.9395,0.6759,0.0709,0.285,1.0,0.0,0.0,0.0,0.0,0.0731,0.0,0.72,0.72,-0.0152,0.2621,0.4377,0.0049,0.45,0.12,0.22,0.6,0.0152,0.3762,0.2276,0.4509,0.5491,0.9783,1.1182,1.0679,0.3724,70.7564,0.3431,5.09,0.3373,-1.4666,-1.1862,0.1783,5.552,0.3049,0.0216,0.0268,0.0043,0.0137,-0.0113,0.0119,0.0077,-0.0012,-0.0059,-0.008,0.319,0.1981,0.138,0.2896,0.3724,0.1636,0.2983,0.1968,0.2637,0.382,conflict_recovery,128,192
181,176,-5,-5,23.48,stable_or_slow,False,0.11,93,2,Cluster 93,scenario_projection,UNDP_HDR_2025_Table_1,2023,Sudan,SDN,Sudan,0.511,0.51,-0.001,0.51,0.511,50448960,un_wpp_owid_2024,85206382,un_wpp_owid_2050,0.4828,-0.0282,0.4828,-0.0282,0.5371,0.0261,0.4053,0.5371,0.7726,0.7726,0.4053,True,True,66.331,2810.312,8.6204,3.962,0.6813,0.3444,0.4795,0.729965,0.401436,0.528747,0.5371,3.4e-07,66.331,2810.312,8.6204,3.962,0.72,1.0,0.8587,19.7,24.0,4.3,41.595,42.2254,55.5,52.06,-3.44,2.905,5.7146,2.8096,0.8111,0.1098,0.9209,0.7018,0.0936,0.285,0.9193,0.0,0.0,0.0,0.0,0.0587,0.014,0.6861,0.72,-0.0153,0.1134,0.4614,0.0044,0.62,0.12,0.22,0.6,0.0167,0.2121,0.1526,0.2308,0.7692,1.0054,1.1396,1.0487,0.3825,62.2426,0.3033,5.1429,0.3462,-0.9908,-0.9447,0.2886,4.1016,0.3638,0.0083,0.0159,0.0022,0.0043,-0.0053,0.0053,0.0054,-0.0011,-0.0027,-0.0064,0.1576,0.0655,0.1066,0.1463,0.1046,0.0985,0.1436,0.1044,0.0961,0.1103,conflict_recovery,131,192
182,184,2,+2,35.53,emerging_mover,False,0.17,93,2,Cluster 93,scenario_projection,UNDP_HDR_2025_Table_1,2023,Yemen,YEM,Yemen,0.47,0.455,-0.015,0.455,0.47,40583173,un_wpp_owid_2024,70976407,un_wpp_owid_2050,0.4504,-0.0196,0.4504,-0.0196,0.537,0.067,0.4209,0.537,0.7642,0.7642,0.4209,True,True,69.295,1018.2006,7.4949,5.4841,0.7249,0.3778,0.3336,0.797361,0.477077,0.40708,0.537,1.6e-07,69.295,1018.2006,7.4949,5.4841,0.72,0.98,0.8438,17.8,23.0,5.2,42.77,44.0487,55.0,50.84,-4.16,2.23,5.1113,2.8813,0.8664,0.1005,0.967,0.6689,0.0382,0.24,0.7625,0.0,0.0,0.0,0.9167,0.2558,0.0578,0.6202,0.7632,-0.0146,0.1684,0.4643,0.0054,0.68,0.12,0.22,0.6,0.0167,0.2213,0.256,0.3184,0.6816,1.0236,1.1539,1.0358,0.38,25.0,0.3,2.3,0.55,0.0,0.0,1.5,6.0,0.2,0.02,0.0296,0.009,0.0089,-0.0039,0.0109,0.0107,-0.0017,-0.0047,-0.0117,0.2153,0.139,0.2069,0.1516,0.1624,0.1685,0.2286,0.1303,0.1279,0.1539,conflict_recovery,134,192
183,187,4,+4,38.45,emerging_mover,False,0.19,94,1,Cluster 94,scenario_projection,UNDP_HDR_2025_Table_1,2023,Burundi,BDI,Burundi,0.439,0.426,-0.013,0.426,0.439,14047788,un_wpp_owid_2024,24131721,un_wpp_owid_2050,0.4088,-0.0302,0.4088,-0.0302,0.5329,0.0939,0.3858,0.5329,0.7307,0.7307,0.3858,True,True,63.651,858.9156,9.8294,3.4739,0.6419,0.3443,0.3091,0.713227,0.488318,0.434516,0.5329,-3.6e-07,63.651,858.9156,9.8294,3.4739,0.9,1.01,0.8382,17.0,21.0,4.0,43.9728,45.3329,54.0,50.8,-3.2,2.0272,3.8671,1.8399,0.8924,0.0761,0.9685,0.6568,0.0364,0.3,1.0,0.0,0.0,0.0,0.0,0.029,0.0,0.72,0.72,-0.0171,0.1868,0.4841,0.0058,0.42,0.12,0.22,0.6,0.0154,0.2583,0.2056,0.4828,0.5172,1.22,1.3176,0.96,0.4016,88.4797,0.3681,5.1792,0.3402,-1.1747,-1.1601,0.2561,4.1189,0.2742,0.0379,0.0447,0.002,0.0277,-0.0176,0.0165,0.0105,-0.0058,-0.0092,-0.0128,0.3173,0.1085,0.1417,0.1717,0.2004,0.1292,0.1843,0.1392,0.1607,0.3151,frontier_jumper,142,193
184,185,1,+1,34.39,emerging_mover,False,0.23,95,1,Cluster 95,scenario_projection,UNDP_HDR_2025_Table_1,2023,Sierra Leone,SLE,Sierra Leone,0.467,0.477,0.01,0.477,0.467,8642029,un_wpp_owid_2024,12948331,un_wpp_owid_2050,0.4375,-0.0295,0.4375,-0.0295,0.5303,0.0633,0.395,0.5303,0.7722,0.7722,0.395,True,True,61.786,1713.7278,9.0641,3.5353,0.6145,0.3336,0.4084,0.673579,0.445486,0.496984,0.5303,5e-08,61.786,1713.7278,9.0641,3.5353,0.78,1.0,0.866,19.1,23.5,4.4,40.8957,41.7838,56.5,52.98,-3.52,2.6043,5.2362,2.6318,0.7887,0.0988,0.8875,0.7182,0.1355,0.28,0.8993,0.0,0.0,0.0,0.0,0.0707,0.0402,0.6688,0.7206,-0.0154,0.2324,0.4344,0.0049,0.42,0.12,0.22,0.6,0.0159,0.253,0.1979,0.4571,0.5429,1.22,1.3176,0.96,0.457,86.9646,0.3686,4.7033,0.3294,-1.5738,-0.8317,0.4104,3.889,0.3057,0.027,0.0431,0.0026,0.0149,-0.0124,0.016,0.01,-0.0128,-0.0088,-0.0161,0.3128,0.1533,0.1187,0.261,0.3233,0.1367,0.2662,0.1756,0.225,0.3512,frontier_jumper,131,193
185,178,-7,-7,27.6,stable_or_slow,False,0.22,96,1,Cluster 96,scenario_projection,UNDP_HDR_2025_Table_1,2023,Eritrea,ERI,Eritrea,0.503,0.492,-0.011,0.492,0.503,3535610,un_wpp_owid_2024,5696064,un_wpp_owid_2050,0.4812,-0.0218,0.4812,-0.0218,0.5273,0.0243,0.3991,0.5273,0.7672,0.7672,0.3991,True,True,68.624,2029.0701,7.3367,5.0914,0.7151,0.3601,0.4327,0.75494,0.410267,0.473362,0.5273,-3.6e-07,68.624,2029.0701,7.3367,5.0914,0.72,0.98,0.8684,19.7,24.0,4.3,40.6603,41.3446,56.5,53.06,-3.44,2.8397,5.5954,2.7556,0.7792,0.1055,0.8847,0.7232,0.1391,0.285,0.8793,0.0,0.0,0.0,0.0,0.0879,0.0522,0.6583,0.7281,-0.0146,0.2248,0.4328,0.0044,0.45,0.12,0.22,0.6,0.0165,0.2347,0.1653,0.2698,0.7302,0.9573,1.1017,1.0828,0.3644,72.332,0.2628,5.2116,0.381,-0.9751,-1.135,0.1835,5.6345,0.3741,0.0079,0.0135,0.0015,0.0033,-0.0036,0.0053,0.0035,-0.0002,-0.002,-0.0047,0.293,0.1677,0.1482,0.2461,0.3031,0.1611,0.2505,0.1558,0.1944,0.3279,conflict_recovery,134,193
186,186,0,0,31.57,emerging_mover,False,0.23,97,1,Cluster 97,scenario_projection,UNDP_HDR_2025_Table_1,2023,Burkina Faso,BFA,Burkina Faso,0.459,0.449,-0.01,0.449,0.459,23548782,un_wpp_owid_2024,37304387,un_wpp_owid_2050,0.4166,-0.0424,0.4166,-0.0424,0.5157,0.0567,0.3866,0.5157,0.7636,0.7636,0.3866,True,True,61.092,2390.5278,8.7333,2.2666,0.6043,0.2622,0.4563,0.670584,0.373291,0.547887,0.5157,1.2e-07,61.092,2390.5278,8.7333,2.2666,0.78,1.0,0.8427,17.3,21.5,4.2,43.4045,44.7385,54.5,51.14,-3.36,2.0955,4.1215,2.026,0.8748,0.0806,0.9554,0.6667,0.0518,0.29,1.0,0.0,0.0,0.0,0.0,0.0,0.0,0.72,0.72,-0.0169,0.2338,0.4335,0.0048,0.48,0.12,0.22,0.6,0.0157,0.257,0.1861,0.3441,0.6559,1.22,1.3176,0.96,0.4219,88.4859,0.525,4.9819,0.2986,-1.0248,-0.9948,0.2206,3.0515,0.2771,0.0226,0.0443,0.0011,0.014,-0.0159,0.0143,0.0104,-0.0075,-0.0114,-0.0152,0.309,0.1599,0.1257,0.2623,0.319,0.1409,0.2652,0.1791,0.2317,0.3448,frontier_jumper,134,193
187,181,-6,-6,23.33,stable_or_slow,False,0.18,98,1,Cluster 98,scenario_projection,UNDP_HDR_2025_Table_1,2023,Afghanistan,AFG,Afghanistan,0.496,0.462,-0.034,0.462,0.496,42647502,un_wpp_owid_2024,76885136,un_wpp_owid_2050,0.4466,-0.0494,0.4466,-0.0494,0.5125,0.0165,0.3844,0.5125,0.762,0.762,0.3844,True,True,66.035,1971.5495,10.7901,2.5148,0.677,0.307,0.4286,0.754467,0.364833,0.489044,0.5125,2.7e-07,66.035,1971.5495,10.7901,2.5148,0.72,0.9604,0.8521,17.6,22.0,4.4,42.3584,43.6748,55.5,51.98,-3.52,2.1416,4.3452,2.2036,0.8402,0.0836,0.9238,0.6877,0.09,0.28,0.9852,0.0,0.0,0.0,0.0,0.029,0.0,0.7138,0.72,-0.0167,0.1791,0.4379,0.0042,0.62,0.12,0.22,0.6,0.017,0.2149,0.152,0.2137,0.7863,0.9989,1.1345,1.0532,0.437,73.6082,0.3014,4.9727,0.3588,-0.7694,-1.0281,0.2564,4.3542,0.3149,0.0066,0.0122,0.0011,0.0028,-0.0044,0.004,0.0039,-0.0027,-0.0019,-0.0051,0.2586,0.1164,0.1291,0.1973,0.2213,0.1272,0.207,0.1305,0.1497,0.2541,conflict_recovery,134,193
188,191,3,+3,37.98,emerging_mover,False,0.27,99,1,Cluster 99,scenario_projection,UNDP_HDR_2025_Table_1,2023,Central African Republic,CAF,Central African Rep.,0.414,0.387,-0.027,0.387,0.414,5330691,un_wpp_owid_2024,10616753,un_wpp_owid_2050,0.3933,-0.0207,0.3933,-0.0207,0.4954,0.0814,0.3412,0.4954,0.7963,0.7963,0.3412,True,True,57.408,1099.8607,7.4358,3.9894,0.5501,0.3209,0.3447,0.618407,0.445205,0.441605,0.4954,1.5e-07,57.408,1099.8607,7.4358,3.9894,0.72,0.98,0.8401,17.6,21.5,3.9,43.7862,44.9766,54.0,50.88,-3.12,2.2138,4.1434,1.9297,0.884,0.0814,0.9654,0.6611,0.04,0.305,1.0,0.0,0.0,0.0,0.0,0.0184,0.0,0.72,0.72,-0.0168,0.2661,0.4196,0.0056,0.52,0.12,0.22,0.6,0.0145,0.2975,0.2346,0.4383,0.5617,1.22,1.3176,0.96,0.4826,61.5667,0.3078,5.5421,0.3267,-1.065,-0.8805,0.0706,4.5094,0.4023,0.0328,0.0485,0.0092,0.0167,-0.0184,0.0179,0.0134,-0.0175,-0.0079,-0.0132,0.304,0.1884,0.1277,0.3333,0.3901,0.161,0.3163,0.1984,0.276,0.3661,frontier_jumper,123,193
189,188,-1,-1,33.76,emerging_mover,False,0.25,100,1,Cluster 100,scenario_projection,UNDP_HDR_2025_Table_1,2023,Mali,MLI,Mali,0.419,0.428,0.009,0.428,0.419,24478597,un_wpp_owid_2024,46154082,un_wpp_owid_2050,0.3773,-0.0417,0.3773,-0.0417,0.4853,0.0663,0.3331,0.4853,0.7929,0.7929,0.3331,True,True,60.439,2341.5881,7.0113,1.63,0.5947,0.1992,0.4533,0.668013,0.313706,0.54541,0.4853,-1e-08,60.439,2341.5881,7.0113,1.63,0.78,1.0,0.8312,16.0,20.0,4.0,44.5,46.3127,53.5,50.3,-3.2,2.0,3.3873,1.3873,0.9207,0.0673,0.9881,0.6412,0.0136,0.3,1.0,0.0,0.0,0.0,0.0,0.0,0.0,0.72,0.72,-0.0186,0.2493,0.4397,0.0051,0.52,0.12,0.22,0.6,0.0161,0.2499,0.1948,0.338,0.662,1.22,1.3176,0.96,0.4182,71.2556,0.4762,4.7111,0.3729,-1.2299,-1.0286,0.4802,3.6931,0.3018,0.0227,0.0482,0.0056,0.013,-0.0162,0.0154,0.0114,-0.0071,-0.0105,-0.0163,0.3129,0.1773,0.1357,0.2778,0.3495,0.154,0.2943,0.187,0.2466,0.3574,frontier_jumper,124,193
190,188,-2,-2,32.78,emerging_mover,False,0.25,101,1,Cluster 101,scenario_projection,UNDP_HDR_2025_Table_1,2023,Niger,NER,Niger,0.419,0.394,-0.025,0.394,0.419,27032417,un_wpp_owid_2024,52513881,un_wpp_owid_2050,0.365,-0.054,0.365,-0.054,0.4797,0.0607,0.3266,0.4797,0.7923,0.7923,0.3266,True,True,61.183,1590.188,8.3089,1.4123,0.6056,0.2019,0.3977,0.705338,0.314617,0.497427,0.4797,-1.2e-07,61.183,1590.188,8.3089,1.4123,0.75,0.98,0.8255,14.8,18.5,3.7,47.0,47.256,51.0,50.0,-1.0,2.0,2.744,0.744,0.9451,0.0549,1.0,0.6287,0.0,0.4375,1.0,0.0,0.0,0.0,0.0,0.0,0.0,0.72,0.72,-0.0189,0.2535,0.422,0.0048,0.48,0.12,0.22,0.6,0.0164,0.2418,0.158,0.2997,0.7003,1.22,1.3176,0.96,0.3893,56.1652,0.4219,5.3711,0.3111,-1.5344,-1.0869,0.169,4.2773,0.3899,0.0214,0.0418,0.007,0.0085,-0.0149,0.0132,0.0093,-0.0032,-0.0082,-0.0143,0.31,0.1794,0.1343,0.3109,0.3572,0.1586,0.2921,0.1858,0.2511,0.3554,frontier_jumper,124,193
191,190,-1,-1,25.36,stable_or_slow,False,0.24,102,1,Cluster 102,scenario_projection,UNDP_HDR_2025_Table_1,2023,Chad,TCD,Chad,0.416,0.394,-0.022,0.394,0.416,20299131,un_wpp_owid_2024,38857686,un_wpp_owid_2050,0.3807,-0.0353,0.3807,-0.0353,0.4559,0.0399,0.3087,0.4559,0.7839,0.7839,0.3087,True,True,55.069,1748.001,8.3476,2.335,0.5157,0.2602,0.4113,0.578656,0.339633,0.482146,0.4559,5e-08,55.069,1748.001,8.3476,2.335,0.75,0.98,0.8273,15.8,19.5,3.7,46.0,46.8286,52.0,50.0,-2.0,2.0,3.1714,1.1714,0.9366,0.0634,1.0,0.6325,0.0,0.375,1.0,0.0,0.0,0.0,0.0,0.0,0.0,0.72,0.72,-0.0186,0.2432,0.4206,0.0049,0.5,0.58,0.78,0.15,0.3773,0.2087,0.1537,0.2082,0.7918,1.22,1.3176,0.96,0.4454,66.9632,0.5283,4.9896,0.3134,-1.308,-0.972,0.3942,4.7008,0.2864,0.0174,0.0323,0.0061,0.0079,-0.0122,0.0105,0.008,-0.0076,-0.0084,-0.014,0.2616,0.189,0.1341,0.2922,0.3495,0.1563,0.2973,0.1821,0.2577,0.3119,frontier_jumper,127,193
192,192,0,0,27.94,stable_or_slow,False,0.24,103,1,Cluster 103,scenario_projection,UNDP_HDR_2025_Table_1,2023,Somalia,SOM,Somalia,0.404,0.285,-0.119,0.285,0.404,19009155,un_wpp_owid_2024,37206509,un_wpp_owid_2050,0.3661,-0.0379,0.3661,-0.0379,0.4381,0.0341,0.3042,0.4381,0.7713,0.7713,0.3042,True,False,58.816,1474.7385,7.4862,1.9,0.5708,0.2222,0.3868,0.634482,0.293792,0.451087,0.4381,-6e-08,58.816,1474.7385,7.4862,1.9,0.7,0.9604,0.8338,16.7,20.5,3.8,44.5,45.9134,53.5,50.46,-3.04,2.0,3.6266,1.6266,0.9099,0.0719,0.9818,0.647,0.0209,0.31,1.0,0.0,0.0,0.0,0.0,0.0,0.0,0.72,0.72,-0.0201,0.243,0.4147,0.0046,0.62,0.12,0.22,0.6,0.017,0.2248,0.169,0.2263,0.7737,0.9989,1.1345,1.0532,0.3953,74.7773,0.424,4.661,0.3605,-0.6267,-0.8802,0.1244,4.8976,0.4985,0.0122,0.0244,0.0026,0.0042,-0.0081,0.0077,0.0069,-0.0022,-0.0047,-0.0089,0.2621,0.1819,0.1471,0.3235,0.3427,0.1725,0.2934,0.1731,0.2353,0.2982,conflict_recovery,131,193
193,193,0,0,19.18,stable_or_slow,False,0.24,104,1,Cluster 104,scenario_projection,UNDP_HDR_2025_Table_1,2023,South Sudan,SSD,South Sudan,0.388,0.385,-0.003,0.385,0.388,11943410,un_wpp_owid_2024,18341975,un_wpp_owid_2050,0.3717,-0.0163,0.3717,-0.0163,0.4024,0.0144,0.2719,0.4024,0.7632,0.7632,0.2719,True,True,57.617,688.3473,5.6348,5.73,0.5532,0.3348,0.2773,0.582667,0.368543,0.303435,0.4024,1.1e-07,57.617,688.3473,5.6348,5.73,0.7,0.9604,0.8405,17.3,21.0,3.7,43.8815,45.1118,54.0,51.04,-2.96,2.1185,3.8482,1.7297,0.8839,0.0754,0.9592,0.662,0.0473,0.315,1.0,0.0,0.0,0.0,0.0,0.0277,0.0,0.72,0.72,-0.0208,0.2382,0.423,0.0049,0.65,0.7,0.9,0.08,0.582,0.1644,0.1164,0.0476,0.9524,1.0051,1.1393,1.0489,0.4301,74.0866,0.4857,5.2591,0.3322,-1.0124,-0.8385,0.3147,3.9645,0.4101,0.0075,0.0104,0.0014,0.0024,-0.004,0.0038,0.0036,-0.0022,-0.0027,-0.0058,0.3004,0.1622,0.1283,0.2924,0.3345,0.1505,0.275,0.1715,0.2273,0.3395,conflict_recovery,134,193
