ISO3,Country,Group,Profile,Share_2024_pct,Share_2050_pct,Change_pp,Share_2050_WithoutBirthReplacementMigration_pct,BirthReplacementMigration_Attributed_Change_pp,Birth_Replacement_Pressure_2050,Europe_Migration_Response_2050,Migration_Composition_Weight_2050,SSA_LateMigration_CompositionWeight_2050,Share_2050_WithoutSSALateMigration_pct,SSA_LateMigration_Attributed_Change_pp,Pop_2024,Pop_2050
AFG,Afghanistan,Catholic Christianity,religion,0.01,0.01,-0.0,0.01,0.0,0.0,0.0,0.0,0.0,0.01,0.0,5224,8590
AFG,Afghanistan,Folk / Traditional,religion,0.01,0.01,-0.0,0.01,0.0,0.0,0.0,0.0,0.0,0.01,0.0,4976,7799
AFG,Afghanistan,Hinduism,religion,0.03,0.03,-0.0,0.03,0.0,0.0,0.0,0.0,0.0,0.03,0.0,12794,21329
AFG,Afghanistan,Ibadi / Other Islam,religion,3.0,2.96,-0.04,2.96,0.0,0.0,0.0,0.0,0.0,2.96,0.0,1278146,2272605
AFG,Afghanistan,Other religions,religion,0.01,0.01,-0.0,0.01,0.0,0.0,0.0,0.0,0.0,0.01,0.0,4976,8223
AFG,Afghanistan,Shia Islam,religion,8.99,8.87,-0.12,8.87,0.0,0.0,0.0,0.0,0.0,8.87,0.0,3834437,6817815
AFG,Afghanistan,Sunni Islam,religion,87.91,87.91,-0.01,87.91,0.0,0.0,0.0,0.0,0.0,87.91,0.0,37492272,67586068
AFG,Afghanistan,Unaffiliated,religion,0.02,0.21,0.19,0.21,0.0,0.0,0.0,0.0,0.0,0.21,0.0,7463,162708
AGO,Angola,African Independent / Syncretic Christianity,religion,15.58,14.78,-0.8,14.78,0.0,0.0,0.0,0.0,0.0,14.78,0.0,5902425,10982531
AGO,Angola,Catholic Christianity,religion,26.83,25.46,-1.37,25.46,0.0,0.0,0.0,0.0,0.0,25.46,0.0,10165287,18914359
AGO,Angola,Folk / Traditional,religion,2.72,1.86,-0.85,1.86,0.0,0.0,0.0,0.0,0.0,1.86,0.0,1029396,1384064
AGO,Angola,Ibadi / Other Islam,religion,0.0,0.21,0.21,0.21,0.0,0.0,0.0,0.0,0.0,0.21,0.0,0,156052
AGO,Angola,Indigenous / Syncretic traditions,religion,8.24,5.81,-2.43,5.81,0.0,0.0,0.0,0.0,0.0,5.81,0.0,3121395,4315060
AGO,Angola,Orthodox Christianity,religion,5.19,4.93,-0.27,4.93,0.0,0.0,0.0,0.0,0.0,4.93,0.0,1967475,3660844
AGO,Angola,Other Christianity,religion,4.33,4.11,-0.22,4.11,0.0,0.0,0.0,0.0,0.0,4.11,0.0,1639562,3050703
AGO,Angola,Other religions,religion,1.1,1.22,0.13,1.22,0.0,0.0,0.0,0.0,0.0,1.22,0.0,415079,906996
AGO,Angola,Protestant Christianity,religion,34.62,33.03,-1.59,33.03,0.0,0.0,0.0,0.0,0.0,33.03,0.0,13116499,24541186
AGO,Angola,Shia Islam,religion,0.03,0.64,0.61,0.64,0.0,0.0,0.0,0.0,0.0,0.64,0.0,10229,475660
AGO,Angola,Sunni Islam,religion,0.26,6.26,6.0,6.26,0.0,0.0,0.0,0.0,0.0,6.26,0.0,100019,4651932
AGO,Angola,Unaffiliated,religion,1.1,1.69,0.59,1.69,0.0,0.0,0.0,0.0,0.0,1.69,0.0,415079,1256012
ALB,Albania,Catholic Christianity,religion,8.63,7.85,-0.78,7.85,0.0,0.525,0.15,0.0,0.0,7.85,0.0,240859,175845
ALB,Albania,Folk / Traditional,religion,8.22,6.78,-1.44,6.78,0.0,0.525,0.15,0.0,0.0,6.78,0.0,229389,151817
ALB,Albania,Ibadi / Other Islam,religion,1.52,1.52,-0.0,1.52,0.0,0.525,0.15,0.0,0.0,1.52,0.0,42463,34033
ALB,Albania,Orthodox Christianity,religion,1.64,1.5,-0.15,1.5,0.0,0.525,0.15,0.0,0.0,1.5,0.0,45878,33494
ALB,Albania,Other Christianity,religion,3.29,2.99,-0.3,2.99,0.0,0.525,0.15,0.0,0.0,2.99,0.0,91756,66989
ALB,Albania,Other religions,religion,8.22,8.03,-0.19,8.03,0.0,0.525,0.15,0.0,0.0,8.03,0.0,229389,179788
ALB,Albania,Protestant Christianity,religion,6.98,6.35,-0.63,6.35,0.0,0.525,0.15,0.0,0.0,6.35,0.0,194981,142351
ALB,Albania,Shia Islam,religion,4.56,4.56,-0.01,4.56,0.0,0.525,0.15,0.0,0.0,4.56,0.0,127388,102100
ALB,Albania,Sunni Islam,religion,44.62,45.19,0.57,45.19,0.0,0.525,0.15,0.0,0.0,45.19,0.0,1245570,1012346
ALB,Albania,Unaffiliated,religion,12.32,15.24,2.92,15.24,0.0,0.525,0.15,0.0,0.0,15.24,0.0,344084,341406
AND,Andorra,Catholic Christianity,religion,28.58,25.39,-3.19,25.39,0.0,0.0,0.0,0.0,0.0,25.39,0.0,23419,20874
AND,Andorra,Hinduism,religion,0.5,0.13,-0.37,0.13,0.0,0.0,0.0,0.0,0.0,0.13,0.0,410,110
AND,Andorra,Ibadi / Other Islam,religion,0.08,0.21,0.14,0.21,0.0,0.0,0.0,0.0,0.0,0.21,0.0,64,176
AND,Andorra,Judaism,religion,0.52,0.43,-0.09,0.43,0.0,0.0,0.0,0.0,0.0,0.43,0.0,422,353
AND,Andorra,Mahayana Buddhism,religion,0.46,0.38,-0.08,0.38,0.0,0.0,0.0,0.0,0.0,0.38,0.0,380,312
AND,Andorra,Orthodox Christianity,religion,5.44,4.84,-0.61,4.84,0.0,0.0,0.0,0.0,0.0,4.84,0.0,4461,3976
AND,Andorra,Other Christianity,religion,10.89,9.67,-1.21,9.67,0.0,0.0,0.0,0.0,0.0,9.67,0.0,8921,7952
AND,Andorra,Other religions,religion,2.58,2.74,0.16,2.74,0.0,0.0,0.0,0.0,0.0,2.74,0.0,2112,2250
AND,Andorra,Protestant Christianity,religion,23.13,20.55,-2.58,20.55,0.0,0.0,0.0,0.0,0.0,20.55,0.0,18958,16898
AND,Andorra,Shia Islam,religion,0.23,0.64,0.41,0.64,0.0,0.0,0.0,0.0,0.0,0.64,0.0,192,528
AND,Andorra,Sunni Islam,religion,2.29,6.29,4.0,6.29,0.0,0.0,0.0,0.0,0.0,6.29,0.0,1875,5169
AND,Andorra,Theravada Buddhism,religion,0.36,0.3,-0.07,0.3,0.0,0.0,0.0,0.0,0.0,0.3,0.0,296,243
AND,Andorra,Unaffiliated,religion,24.74,28.26,3.52,28.26,0.0,0.0,0.0,0.0,0.0,28.26,0.0,20276,23235
AND,Andorra,Vajrayana / Other Buddhism,religion,0.21,0.17,-0.04,0.17,0.0,0.0,0.0,0.0,0.0,0.17,0.0,169,139
ARE,UAE,African Independent / Syncretic Christianity,religion,0.0,0.07,0.07,0.07,0.0,0.0,0.0,0.0,0.0106,0.0,0.07,0,11424
ARE,UAE,Catholic Christianity,religion,1.55,1.22,-0.33,1.22,0.0,0.0,0.0,0.0,0.0106,1.03,0.19,170921,188224
ARE,UAE,Folk / Traditional,religion,2.58,1.02,-1.56,1.02,0.0,0.0,0.0,0.0,0.0106,1.03,-0.01,284868,157211
ARE,UAE,Hinduism,religion,12.5,2.1,-10.4,2.1,0.0,0.0,0.0,0.0,0.0106,2.12,-0.02,1378392,322696
ARE,UAE,Ibadi / Other Islam,religion,2.16,2.6,0.44,2.6,0.0,0.0,0.0,0.0,0.0106,2.63,-0.03,238186,399876
ARE,UAE,Indigenous / Syncretic traditions,religion,0.0,0.03,0.03,0.03,0.0,0.0,0.0,0.0,0.0106,0.0,0.03,0,4896
ARE,UAE,Orthodox Christianity,religion,2.97,2.01,-0.96,2.01,0.0,0.0,0.0,0.0,0.0106,1.98,0.03,327598,309491
ARE,UAE,Other Christianity,religion,1.23,0.85,-0.37,0.85,0.0,0.0,0.0,0.0,0.0106,0.82,0.03,135312,130991
ARE,UAE,Other religions,religion,2.58,1.69,-0.89,1.69,0.0,0.0,0.0,0.0,0.0106,1.69,0.0,284868,259661
ARE,UAE,Protestant Christianity,religion,0.71,0.76,0.05,0.76,0.0,0.0,0.0,0.0,0.0106,0.47,0.28,78339,116121
ARE,UAE,Shia Islam,religion,6.48,7.81,1.33,7.81,0.0,0.0,0.0,0.0,0.0106,7.89,-0.08,714558,1200443
ARE,UAE,Sunni Islam,religion,63.36,76.81,13.45,76.81,0.0,0.0,0.0,0.0,0.0106,77.31,-0.5,6986793,11803459
ARE,UAE,Unaffiliated,religion,3.88,3.01,-0.86,3.01,0.0,0.0,0.0,0.0,0.0106,3.02,-0.01,427301,462907
ARG,Argentina,Catholic Christianity,religion,60.23,57.62,-2.61,57.62,0.0,0.0,0.0,0.0,0.0,57.62,0.0,27523152,27835754
ARG,Argentina,Folk / Traditional,religion,2.99,2.58,-0.4,2.58,0.0,0.0,0.0,0.0,0.0,2.58,0.0,1365236,1248761
ARG,Argentina,Ibadi / Other Islam,religion,0.03,0.03,0.0,0.03,0.0,0.0,0.0,0.0,0.0,0.03,0.0,12338,13068
ARG,Argentina,Judaism,religion,0.2,0.2,-0.0,0.2,0.0,0.0,0.0,0.0,0.0,0.2,0.0,91016,96200
ARG,Argentina,Mahayana Buddhism,religion,0.13,0.13,-0.0,0.13,0.0,0.0,0.0,0.0,0.0,0.13,0.0,61436,63640
ARG,Argentina,Orthodox Christianity,religion,2.51,2.4,-0.11,2.4,0.0,0.0,0.0,0.0,0.0,2.4,0.0,1146798,1159823
ARG,Argentina,Other Christianity,religion,5.86,5.6,-0.25,5.6,0.0,0.0,0.0,0.0,0.0,5.6,0.0,2675862,2706254
ARG,Argentina,Other religions,religion,2.99,3.04,0.05,3.04,0.0,0.0,0.0,0.0,0.0,3.04,0.0,1365236,1467980
ARG,Argentina,Protestant Christianity,religion,15.06,14.41,-0.65,14.41,0.0,0.0,0.0,0.0,0.0,14.41,0.0,6880788,6958938
ARG,Argentina,Shia Islam,religion,0.08,0.08,0.0,0.08,0.0,0.0,0.0,0.0,0.0,0.08,0.0,37014,39205
ARG,Argentina,Sunni Islam,religion,0.79,0.81,0.01,0.81,0.0,0.0,0.0,0.0,0.0,0.81,0.0,361914,389006
ARG,Argentina,Theravada Buddhism,religion,0.1,0.1,-0.0,0.1,0.0,0.0,0.0,0.0,0.0,0.1,0.0,47783,49497
ARG,Argentina,Unaffiliated,religion,8.96,12.94,3.98,12.94,0.0,0.0,0.0,0.0,0.0,12.94,0.0,4095707,6252536
ARG,Argentina,Vajrayana / Other Buddhism,religion,0.06,0.06,-0.0,0.06,0.0,0.0,0.0,0.0,0.0,0.06,0.0,27305,28284
ARM,Armenia,Catholic Christianity,religion,6.08,5.57,-0.51,5.57,0.0,0.0,0.0,0.0,0.0,5.57,0.0,180708,138910
ARM,Armenia,Folk / Traditional,religion,3.68,3.05,-0.63,3.05,0.0,0.0,0.0,0.0,0.0,3.05,0.0,109520,76081
ARM,Armenia,Hinduism,religion,3.0,2.81,-0.19,2.81,0.0,0.0,0.0,0.0,0.0,2.81,0.0,89215,70169
ARM,Armenia,Mahayana Buddhism,religion,2.21,2.07,-0.14,2.07,0.0,0.0,0.0,0.0,0.0,2.07,0.0,65712,51684
ARM,Armenia,Orthodox Christianity,religion,52.66,48.25,-4.42,48.25,0.0,0.0,0.0,0.0,0.0,48.25,0.0,1566139,1203891
ARM,Armenia,Other Christianity,religion,4.73,4.33,-0.4,4.33,0.0,0.0,0.0,0.0,0.0,4.33,0.0,140551,108041
ARM,Armenia,Other religions,religion,2.46,2.45,-0.0,2.45,0.0,0.0,0.0,0.0,0.0,2.45,0.0,73013,61186
ARM,Armenia,Protestant Christianity,religion,4.05,3.71,-0.34,3.71,0.0,0.0,0.0,0.0,0.0,3.71,0.0,120472,92607
ARM,Armenia,Sunni Islam,religion,0.02,0.02,-0.0,0.02,0.0,0.0,0.0,0.0,0.0,0.02,0.0,523,437
ARM,Armenia,Theravada Buddhism,religion,1.72,1.61,-0.11,1.61,0.0,0.0,0.0,0.0,0.0,1.61,0.0,51109,40198
ARM,Armenia,Unaffiliated,religion,18.41,25.21,6.8,25.21,0.0,0.0,0.0,0.0,0.0,25.21,0.0,547601,629026
ARM,Armenia,Vajrayana / Other Buddhism,religion,0.98,0.92,-0.06,0.92,0.0,0.0,0.0,0.0,0.0,0.92,0.0,29205,22970
ATG,Antigua & Barbuda,Catholic Christianity,religion,60.39,57.83,-2.56,57.83,0.0,0.0,0.0,0.0,0.0,57.83,0.0,56634,54974
ATG,Antigua & Barbuda,Folk / Traditional,religion,3.0,2.6,-0.4,2.6,0.0,0.0,0.0,0.0,0.0,2.6,0.0,2809,2468
ATG,Antigua & Barbuda,Hinduism,religion,0.4,0.39,-0.01,0.39,0.0,0.0,0.0,0.0,0.0,0.39,0.0,375,372
ATG,Antigua & Barbuda,Judaism,religion,0.2,0.2,0.0,0.2,0.0,0.0,0.0,0.0,0.0,0.2,0.0,187,191
ATG,Antigua & Barbuda,Mahayana Buddhism,religion,0.13,0.13,-0.0,0.13,0.0,0.0,0.0,0.0,0.0,0.13,0.0,126,125
ATG,Antigua & Barbuda,Orthodox Christianity,religion,2.52,2.41,-0.11,2.41,0.0,0.0,0.0,0.0,0.0,2.41,0.0,2360,2291
ATG,Antigua & Barbuda,Other Christianity,religion,5.87,5.62,-0.25,5.62,0.0,0.0,0.0,0.0,0.0,5.62,0.0,5506,5345
ATG,Antigua & Barbuda,Other religions,religion,3.0,3.06,0.06,3.06,0.0,0.0,0.0,0.0,0.0,3.06,0.0,2809,2906
ATG,Antigua & Barbuda,Protestant Christianity,religion,15.1,14.46,-0.64,14.46,0.0,0.0,0.0,0.0,0.0,14.46,0.0,14158,13744
ATG,Antigua & Barbuda,Shia Islam,religion,0.02,0.02,0.0,0.02,0.0,0.0,0.0,0.0,0.0,0.02,0.0,21,21
ATG,Antigua & Barbuda,Sunni Islam,religion,0.22,0.22,0.0,0.22,0.0,0.0,0.0,0.0,0.0,0.22,0.0,206,213
ATG,Antigua & Barbuda,Theravada Buddhism,religion,0.1,0.1,-0.0,0.1,0.0,0.0,0.0,0.0,0.0,0.1,0.0,98,98
ATG,Antigua & Barbuda,Unaffiliated,religion,8.99,12.9,3.91,12.9,0.0,0.0,0.0,0.0,0.0,12.9,0.0,8428,12260
ATG,Antigua & Barbuda,Vajrayana / Other Buddhism,religion,0.06,0.06,-0.0,0.06,0.0,0.0,0.0,0.0,0.0,0.06,0.0,56,56
AUS,Australia,African Independent / Syncretic Christianity,religion,0.0,0.07,0.07,0.07,0.0,0.0,0.0,0.0,0.0094,0.0,0.07,0,21474
AUS,Australia,Catholic Christianity,religion,11.51,10.04,-1.48,10.04,0.0,0.0,0.0,0.0,0.0094,9.95,0.09,3075601,3263073
AUS,Australia,Hinduism,religion,2.7,2.38,-0.32,2.38,0.0,0.0,0.0,0.0,0.0094,2.41,-0.02,721257,774582
AUS,Australia,Ibadi / Other Islam,religion,0.1,0.09,-0.01,0.09,0.0,0.0,0.0,0.0,0.0094,0.09,-0.0,25645,28495
AUS,Australia,Indigenous / Syncretic traditions,religion,0.0,0.03,0.03,0.03,0.0,0.0,0.0,0.0,0.0094,0.0,0.03,0,9203
AUS,Australia,Judaism,religion,0.5,0.46,-0.04,0.46,0.0,0.0,0.0,0.0,0.0094,0.47,-0.0,134423,150281
AUS,Australia,Mahayana Buddhism,religion,1.13,1.0,-0.13,1.0,0.0,0.0,0.0,0.0,0.0094,1.01,-0.01,302452,324814
AUS,Australia,Orthodox Christianity,religion,1.77,1.56,-0.21,1.56,0.0,0.0,0.0,0.0,0.0094,1.53,0.03,473169,508383
AUS,Australia,Other Christianity,religion,6.64,5.73,-0.92,5.73,0.0,0.0,0.0,0.0,0.0094,5.74,-0.02,1774385,1861186
AUS,Australia,Other religions,religion,7.55,6.86,-0.69,6.86,0.0,0.0,0.0,0.0,0.0094,6.9,-0.05,2016347,2228400
AUS,Australia,Protestant Christianity,religion,24.36,21.11,-3.25,21.11,0.0,0.0,0.0,0.0,0.0094,21.05,0.06,6506080,6862184
AUS,Australia,Shia Islam,religion,0.29,0.27,-0.02,0.27,0.0,0.0,0.0,0.0,0.0094,0.27,0.0,76934,87018
AUS,Australia,Sunni Islam,religion,2.82,2.89,0.08,2.89,0.0,0.0,0.0,0.0,0.0094,2.63,0.26,752244,940189
AUS,Australia,Theravada Buddhism,religion,0.88,0.78,-0.1,0.78,0.0,0.0,0.0,0.0,0.0094,0.78,-0.01,235240,252633
AUS,Australia,Unaffiliated,religion,39.25,46.3,7.05,46.3,0.0,0.0,0.0,0.0,0.0094,46.72,-0.42,10485005,15050689
AUS,Australia,Vajrayana / Other Buddhism,religion,0.5,0.44,-0.06,0.44,0.0,0.0,0.0,0.0,0.0094,0.45,-0.0,134423,144362
AUT,Austria,African Independent / Syncretic Christianity,religion,0.0,0.04,0.04,0.04,0.0,0.335,0.197,0.0346,0.0064,0.0,0.04,0,3921
AUT,Austria,Catholic Christianity,religion,46.31,40.54,-5.77,40.76,-0.22,0.335,0.197,0.0346,0.0064,40.68,-0.14,4223551,3536983
AUT,Austria,Hinduism,religion,0.1,0.35,0.25,0.29,0.06,0.335,0.197,0.0346,0.0064,0.35,-0.0,9121,30591
AUT,Austria,Ibadi / Other Islam,religion,0.25,0.4,0.15,0.38,0.02,0.335,0.197,0.0346,0.0064,0.4,-0.0,22711,35026
AUT,Austria,Indigenous / Syncretic traditions,religion,0.0,0.02,0.02,0.02,0.0,0.335,0.197,0.0346,0.0064,0.0,0.02,0,1680
AUT,Austria,Judaism,religion,0.49,0.19,-0.3,0.19,-0.01,0.335,0.197,0.0346,0.0064,0.19,-0.0,44440,16392
AUT,Austria,Mahayana Buddhism,religion,0.44,0.31,-0.13,0.31,0.0,0.335,0.197,0.0346,0.0064,0.31,-0.0,39996,27168
AUT,Austria,Orthodox Christianity,religion,1.93,1.72,-0.21,1.73,-0.01,0.335,0.197,0.0346,0.0064,1.7,0.02,175981,149731
AUT,Austria,Other Christianity,religion,4.5,3.96,-0.55,3.98,-0.02,0.335,0.197,0.0346,0.0064,3.96,0.0,410623,345079
AUT,Austria,Other religions,religion,2.44,3.76,1.32,3.79,-0.03,0.335,0.197,0.0346,0.0064,3.77,-0.01,222199,328115
AUT,Austria,Protestant Christianity,religion,11.58,10.28,-1.3,10.33,-0.05,0.335,0.197,0.0346,0.0064,10.17,0.11,1055888,896708
AUT,Austria,Shia Islam,religion,0.75,1.21,0.46,1.14,0.07,0.335,0.197,0.0346,0.0064,1.21,-0.0,68132,105357
AUT,Austria,Sunni Islam,religion,7.3,11.97,4.67,11.33,0.64,0.335,0.197,0.0346,0.0064,11.85,0.12,666184,1044221
AUT,Austria,Theravada Buddhism,religion,0.34,0.24,-0.1,0.24,0.0,0.335,0.197,0.0346,0.0064,0.24,-0.0,31108,21130
AUT,Austria,Unaffiliated,religion,23.39,24.87,1.49,25.34,-0.46,0.335,0.197,0.0346,0.0064,25.02,-0.14,2133106,2170158
AUT,Austria,Vajrayana / Other Buddhism,religion,0.19,0.14,-0.06,0.14,0.0,0.335,0.197,0.0346,0.0064,0.14,-0.0,17776,12075
AZE,Azerbaijan,Catholic Christianity,religion,0.47,0.44,-0.03,0.44,0.0,0.0,0.0,0.0,0.0,0.44,0.0,48840,49692
AZE,Azerbaijan,Folk / Traditional,religion,0.45,0.38,-0.07,0.38,0.0,0.0,0.0,0.0,0.0,0.38,0.0,46515,42849
AZE,Azerbaijan,Ibadi / Other Islam,religion,1.95,1.91,-0.04,1.91,0.0,0.0,0.0,0.0,0.0,1.91,0.0,201150,214453
AZE,Azerbaijan,Orthodox Christianity,religion,0.09,0.08,-0.01,0.08,0.0,0.0,0.0,0.0,0.0,0.08,0.0,9303,9465
AZE,Azerbaijan,Other Christianity,religion,0.18,0.17,-0.01,0.17,0.0,0.0,0.0,0.0,0.0,0.17,0.0,18606,18930
AZE,Azerbaijan,Other religions,religion,0.45,0.44,-0.01,0.44,0.0,0.0,0.0,0.0,0.0,0.44,0.0,46515,49862
AZE,Azerbaijan,Protestant Christianity,religion,0.38,0.36,-0.02,0.36,0.0,0.0,0.0,0.0,0.0,0.36,0.0,39537,40227
AZE,Azerbaijan,Shia Islam,religion,63.24,62.09,-1.15,62.09,0.0,0.0,0.0,0.0,0.0,62.09,0.0,6537368,6969712
AZE,Azerbaijan,Sunni Islam,religion,32.11,31.99,-0.12,31.99,0.0,0.0,0.0,0.0,0.0,31.99,0.0,3318972,3590676
AZE,Azerbaijan,Unaffiliated,religion,0.68,2.13,1.45,2.13,0.0,0.0,0.0,0.0,0.0,2.13,0.0,69772,239054
BDI,Burundi,African Independent / Syncretic Christianity,religion,14.05,14.14,0.09,14.14,0.0,0.0,0.0,0.0,0.0,14.14,0.0,1973449,3411111
BDI,Burundi,Catholic Christianity,religion,24.19,24.34,0.15,24.34,0.0,0.0,0.0,0.0,0.0,24.34,0.0,3398717,5874691
BDI,Burundi,Folk / Traditional,religion,2.45,1.79,-0.66,1.79,0.0,0.0,0.0,0.0,0.0,1.79,0.0,344174,431541
BDI,Burundi,Hinduism,religion,0.1,0.04,-0.06,0.04,0.0,0.0,0.0,0.0,0.0,0.04,0.0,14048,8456
BDI,Burundi,Ibadi / Other Islam,religion,0.3,0.32,0.02,0.32,0.0,0.0,0.0,0.0,0.0,0.32,0.0,42143,77598
BDI,Burundi,Indigenous / Syncretic traditions,religion,7.43,5.58,-1.85,5.58,0.0,0.0,0.0,0.0,0.0,5.58,0.0,1043624,1346817
BDI,Burundi,Orthodox Christianity,religion,4.68,4.71,0.03,4.71,0.0,0.0,0.0,0.0,0.0,4.71,0.0,657816,1137037
BDI,Burundi,Other Christianity,religion,3.9,3.93,0.02,3.93,0.0,0.0,0.0,0.0,0.0,3.93,0.0,548180,947531
BDI,Burundi,Other religions,religion,0.99,1.18,0.19,1.18,0.0,0.0,0.0,0.0,0.0,1.18,0.0,138780,284136
BDI,Burundi,Protestant Christianity,religion,31.22,31.57,0.36,31.57,0.0,0.0,0.0,0.0,0.0,31.57,0.0,4385442,7619218
BDI,Burundi,Shia Islam,religion,0.9,0.96,0.06,0.96,0.0,0.0,0.0,0.0,0.0,0.96,0.0,126430,232794
BDI,Burundi,Sunni Islam,religion,8.8,9.48,0.68,9.48,0.0,0.0,0.0,0.0,0.0,9.48,0.0,1236205,2287195
BDI,Burundi,Unaffiliated,religion,0.99,1.96,0.97,1.96,0.0,0.0,0.0,0.0,0.0,1.96,0.0,138780,473597
BEL,Belgium,African Independent / Syncretic Christianity,religion,0.0,0.1,0.1,0.1,0.0,0.204,0.126,0.0224,0.0143,0.0,0.1,0,11913
BEL,Belgium,Catholic Christianity,religion,46.68,33.44,-13.25,33.46,-0.03,0.204,0.126,0.0224,0.0143,33.65,-0.21,5479750,3969129
BEL,Belgium,Hinduism,religion,0.06,0.51,0.45,0.48,0.03,0.204,0.126,0.0224,0.0143,0.52,-0.01,7043,60976
BEL,Belgium,Ibadi / Other Islam,religion,0.23,0.45,0.22,0.43,0.01,0.204,0.126,0.0224,0.0143,0.45,-0.01,26764,52831
BEL,Belgium,Indigenous / Syncretic traditions,religion,0.0,0.04,0.04,0.04,0.0,0.204,0.126,0.0224,0.0143,0.0,0.04,0,5106
BEL,Belgium,Judaism,religion,0.49,0.38,-0.12,0.38,-0.01,0.204,0.126,0.0224,0.0143,0.38,-0.01,57657,44580
BEL,Belgium,Mahayana Buddhism,religion,0.44,0.36,-0.08,0.35,0.01,0.204,0.126,0.0224,0.0143,0.36,-0.01,51892,42485
BEL,Belgium,Orthodox Christianity,religion,1.95,1.45,-0.49,1.45,-0.0,0.204,0.126,0.0224,0.0143,1.4,0.05,228323,172543
BEL,Belgium,Other Christianity,religion,4.54,3.28,-1.26,3.28,-0.0,0.204,0.126,0.0224,0.0143,3.27,0.01,532753,389551
BEL,Belgium,Other religions,religion,2.46,4.24,1.78,4.27,-0.03,0.204,0.126,0.0224,0.0143,4.27,-0.03,288286,503121
BEL,Belgium,Protestant Christianity,religion,11.67,8.68,-2.99,8.68,-0.01,0.204,0.126,0.0224,0.0143,8.41,0.27,1369937,1030149
BEL,Belgium,Shia Islam,religion,0.68,1.34,0.66,1.3,0.04,0.204,0.126,0.0224,0.0143,1.35,-0.01,80293,159343
BEL,Belgium,Sunni Islam,religion,6.69,13.48,6.8,13.11,0.38,0.204,0.126,0.0224,0.0143,13.24,0.24,785088,1600760
BEL,Belgium,Theravada Buddhism,religion,0.34,0.28,-0.07,0.27,0.01,0.204,0.126,0.0224,0.0143,0.28,-0.0,40360,33044
BEL,Belgium,Unaffiliated,religion,23.58,31.81,8.24,32.23,-0.41,0.204,0.126,0.0224,0.0143,32.24,-0.43,2767550,3776489
BEL,Belgium,Vajrayana / Other Buddhism,religion,0.2,0.16,-0.04,0.15,0.01,0.204,0.126,0.0224,0.0143,0.16,-0.0,23063,18882
BEN,Benin,African Independent / Syncretic Christianity,religion,10.77,9.51,-1.26,9.51,0.0,0.0,0.0,0.0,0.0,9.51,0.0,1557665,2324376
BEN,Benin,Catholic Christianity,religion,18.55,16.38,-2.17,16.38,0.0,0.0,0.0,0.0,0.0,16.38,0.0,2682645,4003093
BEN,Benin,Folk / Traditional,religion,2.32,1.18,-1.14,1.18,0.0,0.0,0.0,0.0,0.0,1.18,0.0,335331,287970
BEN,Benin,Ibadi / Other Islam,religion,0.83,1.16,0.33,1.16,0.0,0.0,0.0,0.0,0.0,1.16,0.0,120185,284200
BEN,Benin,Indigenous / Syncretic traditions,religion,7.65,4.19,-3.47,4.19,0.0,0.0,0.0,0.0,0.0,4.19,0.0,1106952,1022931
BEN,Benin,Orthodox Christianity,religion,3.59,3.17,-0.42,3.17,0.0,0.0,0.0,0.0,0.0,3.17,0.0,519222,774792
BEN,Benin,Other Christianity,religion,2.99,2.64,-0.35,2.64,0.0,0.0,0.0,0.0,0.0,2.64,0.0,432685,645660
BEN,Benin,Other religions,religion,1.25,1.01,-0.24,1.01,0.0,0.0,0.0,0.0,0.0,1.01,0.0,180285,246580
BEN,Benin,Protestant Christianity,religion,23.93,21.26,-2.67,21.26,0.0,0.0,0.0,0.0,0.0,21.26,0.0,3461478,5195339
BEN,Benin,Shia Islam,religion,2.49,3.49,1.0,3.49,0.0,0.0,0.0,0.0,0.0,3.49,0.0,360556,852601
BEN,Benin,Sunni Islam,religion,24.38,34.24,9.87,34.24,0.0,0.0,0.0,0.0,0.0,34.24,0.0,3525433,8367159
BEN,Benin,Unaffiliated,religion,1.25,1.76,0.51,1.76,0.0,0.0,0.0,0.0,0.0,1.76,0.0,180285,429112
BFA,Burkina Faso,Catholic Christianity,religion,6.33,5.97,-0.36,5.97,0.0,0.0,0.0,0.0,0.0,5.97,0.0,1491774,2228671
BFA,Burkina Faso,Folk / Traditional,religion,6.03,5.42,-0.61,5.42,0.0,0.0,0.0,0.0,0.0,5.42,0.0,1420737,2022867
BFA,Burkina Faso,Ibadi / Other Islam,religion,1.91,1.95,0.04,1.95,0.0,0.0,0.0,0.0,0.0,1.95,0.0,450724,728811
BFA,Burkina Faso,Orthodox Christianity,religion,1.21,1.14,-0.07,1.14,0.0,0.0,0.0,0.0,0.0,1.14,0.0,284147,424509
BFA,Burkina Faso,Other Christianity,religion,2.41,2.28,-0.14,2.28,0.0,0.0,0.0,0.0,0.0,2.28,0.0,568295,849017
BFA,Burkina Faso,Other religions,religion,6.03,5.73,-0.3,5.73,0.0,0.0,0.0,0.0,0.0,5.73,0.0,1420737,2138808
BFA,Burkina Faso,Protestant Christianity,religion,5.13,4.84,-0.29,4.84,0.0,0.0,0.0,0.0,0.0,4.84,0.0,1207627,1804162
BFA,Burkina Faso,Shia Islam,religion,5.74,5.86,0.12,5.86,0.0,0.0,0.0,0.0,0.0,5.86,0.0,1352171,2186433
BFA,Burkina Faso,Sunni Islam,religion,56.14,58.1,1.96,58.1,0.0,0.0,0.0,0.0,0.0,58.1,0.0,13221228,21674152
BFA,Burkina Faso,Unaffiliated,religion,9.05,8.7,-0.35,8.7,0.0,0.0,0.0,0.0,0.0,8.7,0.0,2131106,3246958
BGD,Bangladesh,Catholic Christianity,religion,0.14,0.13,-0.01,0.13,0.0,0.0,0.0,0.0,0.0,0.13,0.0,240557,281071
BGD,Bangladesh,Hinduism,religion,7.9,7.58,-0.32,7.58,0.0,0.0,0.0,0.0,0.0,7.58,0.0,13711427,16272378
BGD,Bangladesh,Ibadi / Other Islam,religion,2.73,2.66,-0.07,2.66,0.0,0.0,0.0,0.0,0.0,2.66,0.0,4738253,5702602
BGD,Bangladesh,Mahayana Buddhism,religion,0.3,0.28,-0.01,0.28,0.0,0.0,0.0,0.0,0.0,0.28,0.0,515480,611759
BGD,Bangladesh,Orthodox Christianity,religion,0.03,0.02,-0.0,0.02,0.0,0.0,0.0,0.0,0.0,0.02,0.0,45820,53537
BGD,Bangladesh,Other Christianity,religion,0.05,0.05,-0.0,0.05,0.0,0.0,0.0,0.0,0.0,0.05,0.0,91641,107075
BGD,Bangladesh,Other religions,religion,0.11,0.11,-0.0,0.11,0.0,0.0,0.0,0.0,0.0,0.11,0.0,190919,232542
BGD,Bangladesh,Protestant Christianity,religion,0.11,0.11,-0.01,0.11,0.0,0.0,0.0,0.0,0.0,0.11,0.0,194737,227534
BGD,Bangladesh,Shia Islam,religion,8.19,7.97,-0.22,7.97,0.0,0.0,0.0,0.0,0.0,7.97,0.0,14214758,17107807
BGD,Bangladesh,Sunni Islam,religion,80.08,79.07,-1.01,79.07,0.0,0.0,0.0,0.0,0.0,79.07,0.0,138988743,169761747
BGD,Bangladesh,Theravada Buddhism,religion,0.23,0.22,-0.01,0.22,0.0,0.0,0.0,0.0,0.0,0.22,0.0,400929,475813
BGD,Bangladesh,Unaffiliated,religion,0.0,1.68,1.68,1.68,0.0,0.0,0.0,0.0,0.0,1.68,0.0,0,3603339
BGD,Bangladesh,Vajrayana / Other Buddhism,religion,0.13,0.13,-0.01,0.13,0.0,0.0,0.0,0.0,0.0,0.13,0.0,229102,271893
BGR,Bulgaria,Catholic Christianity,religion,5.47,5.22,-0.25,5.25,-0.02,0.462,0.166,0.0384,0.0,5.22,0.0,369806,282217
BGR,Bulgaria,Hinduism,religion,0.0,0.1,0.1,0.0,0.1,0.462,0.166,0.0384,0.0,0.1,0.0,0,5188
BGR,Bulgaria,Ibadi / Other Islam,religion,0.4,0.32,-0.08,0.31,0.02,0.462,0.166,0.0384,0.0,0.32,0.0,27166,17548
BGR,Bulgaria,Judaism,religion,0.46,0.4,-0.06,0.41,-0.02,0.462,0.166,0.0384,0.0,0.4,0.0,31128,21377
BGR,Bulgaria,Mahayana Buddhism,religion,0.41,0.38,-0.03,0.37,0.02,0.462,0.166,0.0384,0.0,0.38,0.0,28016,20574
BGR,Bulgaria,Orthodox Christianity,religion,47.43,45.28,-2.15,45.46,-0.19,0.462,0.166,0.0384,0.0,45.28,0.0,3204989,2445884
BGR,Bulgaria,Other Christianity,religion,4.26,4.06,-0.19,4.08,-0.02,0.462,0.166,0.0384,0.0,4.06,0.0,287627,219502
BGR,Bulgaria,Other religions,religion,2.3,2.67,0.36,2.65,0.01,0.462,0.166,0.0384,0.0,2.67,0.0,155642,144088
BGR,Bulgaria,Protestant Christianity,religion,3.65,3.48,-0.17,3.5,-0.01,0.462,0.166,0.0384,0.0,3.48,0.0,246538,188145
BGR,Bulgaria,Shia Islam,religion,1.21,0.97,-0.23,0.92,0.05,0.462,0.166,0.0384,0.0,0.97,0.0,81498,52645
BGR,Bulgaria,Sikhism,religion,0.0,0.03,0.03,0.0,0.03,0.462,0.166,0.0384,0.0,0.03,0.0,0,1660
BGR,Bulgaria,Sunni Islam,religion,11.79,9.57,-2.22,9.08,0.5,0.462,0.166,0.0384,0.0,9.57,0.0,796866,517206
BGR,Bulgaria,Theravada Buddhism,religion,0.32,0.3,-0.03,0.28,0.01,0.462,0.166,0.0384,0.0,0.3,0.0,21790,16002
BGR,Bulgaria,Unaffiliated,religion,22.11,27.05,4.93,27.53,-0.48,0.462,0.166,0.0384,0.0,27.05,0.0,1494168,1461035
BGR,Bulgaria,Vajrayana / Other Buddhism,religion,0.18,0.17,-0.01,0.16,0.01,0.462,0.166,0.0384,0.0,0.17,0.0,12451,9144
BHR,Bahrain,African Independent / Syncretic Christianity,religion,0.0,0.04,0.04,0.04,0.0,0.0,0.0,0.0,0.0063,0.0,0.04,0,947
BHR,Bahrain,Catholic Christianity,religion,2.06,1.23,-0.83,1.23,0.0,0.0,0.0,0.0,0.0063,1.12,0.11,33105,26411
BHR,Bahrain,Folk / Traditional,religion,3.43,1.16,-2.27,1.16,0.0,0.0,0.0,0.0,0.0063,1.17,-0.01,55176,24788
BHR,Bahrain,Hinduism,religion,5.4,0.92,-4.48,0.92,0.0,0.0,0.0,0.0,0.0063,0.92,-0.01,86781,19603
BHR,Bahrain,Ibadi / Other Islam,religion,1.48,1.75,0.27,1.75,0.0,0.0,0.0,0.0,0.0063,1.76,-0.01,23784,37464
BHR,Bahrain,Indigenous / Syncretic traditions,religion,0.0,0.02,0.02,0.02,0.0,0.0,0.0,0.0,0.0063,0.0,0.02,0,406
BHR,Bahrain,Orthodox Christianity,religion,3.95,2.17,-1.78,2.17,0.0,0.0,0.0,0.0,0.0063,2.15,0.02,63452,46371
BHR,Bahrain,Other Christianity,religion,1.63,0.91,-0.72,0.91,0.0,0.0,0.0,0.0,0.0063,0.89,0.02,26208,19415
BHR,Bahrain,Other religions,religion,3.43,1.84,-1.59,1.84,0.0,0.0,0.0,0.0,0.0063,1.84,0.0,55176,39357
BHR,Bahrain,Protestant Christianity,religion,0.94,0.68,-0.26,0.68,0.0,0.0,0.0,0.0,0.0063,0.51,0.17,15173,14580
BHR,Bahrain,Shia Islam,religion,42.92,50.78,7.86,50.78,0.0,0.0,0.0,0.0,0.0063,51.1,-0.32,689750,1086512
BHR,Bahrain,Sunni Islam,religion,29.6,35.29,5.69,35.29,0.0,0.0,0.0,0.0,0.0063,35.32,-0.03,475689,754959
BHR,Bahrain,Unaffiliated,religion,5.15,3.21,-1.94,3.21,0.0,0.0,0.0,0.0,0.0063,3.21,-0.0,82764,68659
BHS,Bahamas,Catholic Christianity,religion,60.6,57.67,-2.93,57.67,0.0,0.0,0.0,0.0,0.0,57.67,0.0,243183,244665
BHS,Bahamas,Folk / Traditional,religion,3.01,2.59,-0.42,2.59,0.0,0.0,0.0,0.0,0.0,2.59,0.0,12063,10980
BHS,Bahamas,Hinduism,religion,0.2,0.19,-0.01,0.19,0.0,0.0,0.0,0.0,0.0,0.19,0.0,803,825
BHS,Bahamas,Judaism,religion,0.2,0.2,0.0,0.2,0.0,0.0,0.0,0.0,0.0,0.2,0.0,804,855
BHS,Bahamas,Mahayana Buddhism,religion,0.14,0.13,-0.0,0.13,0.0,0.0,0.0,0.0,0.0,0.13,0.0,543,558
BHS,Bahamas,Orthodox Christianity,religion,2.53,2.4,-0.12,2.4,0.0,0.0,0.0,0.0,0.0,2.4,0.0,10133,10194
BHS,Bahamas,Other Christianity,religion,5.89,5.61,-0.29,5.61,0.0,0.0,0.0,0.0,0.0,5.61,0.0,23643,23787
BHS,Bahamas,Other religions,religion,3.01,3.07,0.07,3.07,0.0,0.0,0.0,0.0,0.0,3.07,0.0,12063,13041
BHS,Bahamas,Protestant Christianity,religion,15.15,14.42,-0.73,14.42,0.0,0.0,0.0,0.0,0.0,14.42,0.0,60796,61166
BHS,Bahamas,Sunni Islam,religion,0.09,0.09,0.0,0.09,0.0,0.0,0.0,0.0,0.0,0.09,0.0,353,382
BHS,Bahamas,Theravada Buddhism,religion,0.11,0.1,-0.0,0.1,0.0,0.0,0.0,0.0,0.0,0.1,0.0,422,434
BHS,Bahamas,Unaffiliated,religion,9.02,13.47,4.45,13.47,0.0,0.0,0.0,0.0,0.0,13.47,0.0,36188,57137
BHS,Bahamas,Vajrayana / Other Buddhism,religion,0.06,0.06,-0.0,0.06,0.0,0.0,0.0,0.0,0.0,0.06,0.0,241,248
BIH,Bosnia & Herzegovina,Catholic Christianity,religion,8.63,7.9,-0.73,7.9,0.0,0.558,0.145,0.0,0.0,7.9,0.0,272996,193872
BIH,Bosnia & Herzegovina,Folk / Traditional,religion,8.22,6.85,-1.37,6.85,0.0,0.558,0.145,0.0,0.0,6.85,0.0,259996,168158
BIH,Bosnia & Herzegovina,Ibadi / Other Islam,religion,1.52,1.55,0.03,1.55,0.0,0.558,0.145,0.0,0.0,1.55,0.0,48128,37994
BIH,Bosnia & Herzegovina,Orthodox Christianity,religion,1.64,1.5,-0.14,1.5,0.0,0.558,0.145,0.0,0.0,1.5,0.0,51999,36928
BIH,Bosnia & Herzegovina,Other Christianity,religion,3.29,3.01,-0.28,3.01,0.0,0.558,0.145,0.0,0.0,3.01,0.0,103999,73856
BIH,Bosnia & Herzegovina,Other religions,religion,8.22,7.99,-0.23,7.99,0.0,0.558,0.145,0.0,0.0,7.99,0.0,259996,196081
BIH,Bosnia & Herzegovina,Protestant Christianity,religion,6.98,6.39,-0.59,6.39,0.0,0.558,0.145,0.0,0.0,6.39,0.0,220997,156944
BIH,Bosnia & Herzegovina,Shia Islam,religion,4.56,4.64,0.08,4.64,0.0,0.558,0.145,0.0,0.0,4.64,0.0,144385,113983
BIH,Bosnia & Herzegovina,Sunni Islam,religion,44.62,46.02,1.4,46.02,0.0,0.558,0.145,0.0,0.0,46.02,0.0,1411764,1129872
BIH,Bosnia & Herzegovina,Unaffiliated,religion,12.32,14.15,1.83,14.15,0.0,0.558,0.145,0.0,0.0,14.15,0.0,389995,347483
BLR,Belarus,Catholic Christianity,religion,6.31,5.54,-0.77,5.54,0.0,0.0,0.0,0.0,0.0,5.54,0.0,571848,412930
BLR,Belarus,Ibadi / Other Islam,religion,0.0,0.19,0.19,0.19,0.0,0.0,0.0,0.0,0.0,0.19,0.0,0,14353
BLR,Belarus,Judaism,religion,0.53,0.43,-0.1,0.43,0.0,0.0,0.0,0.0,0.0,0.43,0.0,48135,32408
BLR,Belarus,Mahayana Buddhism,religion,0.48,0.39,-0.09,0.39,0.0,0.0,0.0,0.0,0.0,0.39,0.0,43322,28869
BLR,Belarus,Orthodox Christianity,religion,54.72,48.01,-6.71,48.01,0.0,0.0,0.0,0.0,0.0,48.01,0.0,4956018,3578726
BLR,Belarus,Other Christianity,religion,4.91,4.31,-0.6,4.31,0.0,0.0,0.0,0.0,0.0,4.31,0.0,444771,321168
BLR,Belarus,Other religions,religion,2.66,2.76,0.1,2.76,0.0,0.0,0.0,0.0,0.0,2.76,0.0,240677,205855
BLR,Belarus,Protestant Christianity,religion,4.21,3.69,-0.52,3.69,0.0,0.0,0.0,0.0,0.0,3.69,0.0,381232,275287
BLR,Belarus,Shia Islam,religion,0.0,0.58,0.58,0.58,0.0,0.0,0.0,0.0,0.0,0.58,0.0,0,43059
BLR,Belarus,Sunni Islam,religion,0.07,5.67,5.6,5.67,0.0,0.0,0.0,0.0,0.0,5.67,0.0,6376,422557
BLR,Belarus,Theravada Buddhism,religion,0.37,0.3,-0.07,0.3,0.0,0.0,0.0,0.0,0.0,0.3,0.0,33695,22454
BLR,Belarus,Unaffiliated,religion,25.51,27.95,2.44,27.95,0.0,0.0,0.0,0.0,0.0,27.95,0.0,2310498,2083046
BLR,Belarus,Vajrayana / Other Buddhism,religion,0.21,0.17,-0.04,0.17,0.0,0.0,0.0,0.0,0.0,0.17,0.0,19254,12831
BLZ,Belize,Catholic Christianity,religion,60.6,58.11,-2.5,58.11,0.0,0.0,0.0,0.0,0.0,58.11,0.0,252755,300194
BLZ,Belize,Folk / Traditional,religion,3.01,2.62,-0.39,2.62,0.0,0.0,0.0,0.0,0.0,2.62,0.0,12537,13535
BLZ,Belize,Hinduism,religion,0.2,0.2,-0.0,0.2,0.0,0.0,0.0,0.0,0.0,0.2,0.0,834,1008
BLZ,Belize,Judaism,religion,0.2,0.2,-0.0,0.2,0.0,0.0,0.0,0.0,0.0,0.2,0.0,836,1026
BLZ,Belize,Mahayana Buddhism,religion,0.14,0.13,-0.0,0.13,0.0,0.0,0.0,0.0,0.0,0.13,0.0,564,682
BLZ,Belize,Orthodox Christianity,religion,2.53,2.42,-0.1,2.42,0.0,0.0,0.0,0.0,0.0,2.42,0.0,10531,12508
BLZ,Belize,Other Christianity,religion,5.89,5.65,-0.24,5.65,0.0,0.0,0.0,0.0,0.0,5.65,0.0,24573,29186
BLZ,Belize,Other religions,religion,3.01,3.04,0.04,3.04,0.0,0.0,0.0,0.0,0.0,3.04,0.0,12537,15727
BLZ,Belize,Protestant Christianity,religion,15.15,14.53,-0.62,14.53,0.0,0.0,0.0,0.0,0.0,14.53,0.0,63189,75049
BLZ,Belize,Sunni Islam,religion,0.09,0.09,0.0,0.09,0.0,0.0,0.0,0.0,0.0,0.09,0.0,367,456
BLZ,Belize,Theravada Buddhism,religion,0.11,0.1,-0.0,0.1,0.0,0.0,0.0,0.0,0.0,0.1,0.0,439,530
BLZ,Belize,Unaffiliated,religion,9.02,12.86,3.84,12.86,0.0,0.0,0.0,0.0,0.0,12.86,0.0,37612,66423
BLZ,Belize,Vajrayana / Other Buddhism,religion,0.06,0.06,-0.0,0.06,0.0,0.0,0.0,0.0,0.0,0.06,0.0,251,303
BOL,Bolivia,Catholic Christianity,religion,60.6,58.84,-1.76,58.84,0.0,0.0,0.0,0.0,0.0,58.84,0.0,7522665,9479241
BOL,Bolivia,Folk / Traditional,religion,3.01,2.66,-0.35,2.66,0.0,0.0,0.0,0.0,0.0,2.66,0.0,373148,428028
BOL,Bolivia,Hinduism,religion,0.2,0.2,-0.0,0.2,0.0,0.0,0.0,0.0,0.0,0.2,0.0,24827,31795
BOL,Bolivia,Judaism,religion,0.2,0.2,-0.0,0.2,0.0,0.0,0.0,0.0,0.0,0.2,0.0,24877,32260
BOL,Bolivia,Mahayana Buddhism,religion,0.14,0.13,-0.0,0.13,0.0,0.0,0.0,0.0,0.0,0.13,0.0,16792,21505
BOL,Bolivia,Orthodox Christianity,religion,2.53,2.45,-0.07,2.45,0.0,0.0,0.0,0.0,0.0,2.45,0.0,313444,394968
BOL,Bolivia,Other Christianity,religion,5.89,5.72,-0.17,5.72,0.0,0.0,0.0,0.0,0.0,5.72,0.0,731370,921593
BOL,Bolivia,Other religions,religion,3.01,3.05,0.04,3.05,0.0,0.0,0.0,0.0,0.0,3.05,0.0,373148,490773
BOL,Bolivia,Protestant Christianity,religion,15.15,14.71,-0.44,14.71,0.0,0.0,0.0,0.0,0.0,14.71,0.0,1880666,2369810
BOL,Bolivia,Sunni Islam,religion,0.09,0.09,0.0,0.09,0.0,0.0,0.0,0.0,0.0,0.09,0.0,10924,14348
BOL,Bolivia,Theravada Buddhism,religion,0.11,0.1,-0.0,0.1,0.0,0.0,0.0,0.0,0.0,0.1,0.0,13060,16726
BOL,Bolivia,Unaffiliated,religion,9.02,11.79,2.77,11.79,0.0,0.0,0.0,0.0,0.0,11.79,0.0,1119444,1899557
BOL,Bolivia,Vajrayana / Other Buddhism,religion,0.06,0.06,-0.0,0.06,0.0,0.0,0.0,0.0,0.0,0.06,0.0,7463,9558
BRA,Brazil,Catholic Christianity,religion,59.84,57.6,-2.24,57.6,0.0,0.0,0.0,0.0,0.0,57.6,0.0,126861942,125272405
BRA,Brazil,Folk / Traditional,religion,4.05,3.54,-0.51,3.54,0.0,0.0,0.0,0.0,0.0,3.54,0.0,8594983,7698540
BRA,Brazil,Ibadi / Other Islam,religion,0.01,0.01,0.0,0.01,0.0,0.0,0.0,0.0,0.0,0.01,0.0,22896,23663
BRA,Brazil,Judaism,religion,0.1,0.1,0.0,0.1,0.0,0.0,0.0,0.0,0.0,0.1,0.0,214875,221854
BRA,Brazil,Mahayana Buddhism,religion,0.09,0.09,-0.0,0.09,0.0,0.0,0.0,0.0,0.0,0.09,0.0,193387,194726
BRA,Brazil,Orthodox Christianity,religion,2.49,2.4,-0.09,2.4,0.0,0.0,0.0,0.0,0.0,2.4,0.0,5285914,5219684
BRA,Brazil,Other Christianity,religion,5.82,5.6,-0.22,5.6,0.0,0.0,0.0,0.0,0.0,5.6,0.0,12333800,12179262
BRA,Brazil,Other religions,religion,3.04,3.1,0.06,3.1,0.0,0.0,0.0,0.0,0.0,3.1,0.0,6446237,6747582
BRA,Brazil,Protestant Christianity,religion,14.96,14.4,-0.56,14.4,0.0,0.0,0.0,0.0,0.0,14.4,0.0,31715486,31318101
BRA,Brazil,Shia Islam,religion,0.03,0.03,0.0,0.03,0.0,0.0,0.0,0.0,0.0,0.03,0.0,68688,70989
BRA,Brazil,Sunni Islam,religion,0.32,0.32,0.01,0.32,0.0,0.0,0.0,0.0,0.0,0.32,0.0,671611,704332
BRA,Brazil,Theravada Buddhism,religion,0.07,0.07,-0.0,0.07,0.0,0.0,0.0,0.0,0.0,0.07,0.0,150412,151453
BRA,Brazil,Unaffiliated,religion,9.12,12.69,3.57,12.69,0.0,0.0,0.0,0.0,0.0,12.69,0.0,19338711,27600166
BRA,Brazil,Vajrayana / Other Buddhism,religion,0.04,0.04,-0.0,0.04,0.0,0.0,0.0,0.0,0.0,0.04,0.0,85950,86545
BRB,Barbados,Catholic Christianity,religion,59.59,56.47,-3.12,56.47,0.0,0.0,0.0,0.0,0.0,56.47,0.0,168335,149215
BRB,Barbados,Folk / Traditional,religion,2.96,2.54,-0.42,2.54,0.0,0.0,0.0,0.0,0.0,2.54,0.0,8350,6701
BRB,Barbados,Hinduism,religion,0.46,0.45,-0.01,0.45,0.0,0.0,0.0,0.0,0.0,0.45,0.0,1299,1177
BRB,Barbados,Ibadi / Other Islam,religion,0.04,0.05,0.0,0.05,0.0,0.0,0.0,0.0,0.0,0.05,0.0,127,119
BRB,Barbados,Judaism,religion,0.2,0.2,-0.0,0.2,0.0,0.0,0.0,0.0,0.0,0.2,0.0,557,520
BRB,Barbados,Mahayana Buddhism,religion,0.13,0.13,-0.0,0.13,0.0,0.0,0.0,0.0,0.0,0.13,0.0,376,340
BRB,Barbados,Orthodox Christianity,religion,2.48,2.35,-0.13,2.35,0.0,0.0,0.0,0.0,0.0,2.35,0.0,7014,6217
BRB,Barbados,Other Christianity,religion,5.79,5.49,-0.3,5.49,0.0,0.0,0.0,0.0,0.0,5.49,0.0,16366,14507
BRB,Barbados,Other religions,religion,2.96,3.01,0.06,3.01,0.0,0.0,0.0,0.0,0.0,3.01,0.0,8350,7964
BRB,Barbados,Protestant Christianity,religion,14.9,14.12,-0.78,14.12,0.0,0.0,0.0,0.0,0.0,14.12,0.0,42084,37304
BRB,Barbados,Shia Islam,religion,0.14,0.14,0.0,0.14,0.0,0.0,0.0,0.0,0.0,0.14,0.0,381,357
BRB,Barbados,Sunni Islam,religion,1.32,1.34,0.02,1.34,0.0,0.0,0.0,0.0,0.0,1.34,0.0,3729,3542
BRB,Barbados,Theravada Buddhism,religion,0.1,0.1,-0.0,0.1,0.0,0.0,0.0,0.0,0.0,0.1,0.0,292,265
BRB,Barbados,Unaffiliated,religion,8.87,13.57,4.7,13.57,0.0,0.0,0.0,0.0,0.0,13.57,0.0,25050,35847
BRB,Barbados,Vajrayana / Other Buddhism,religion,0.06,0.06,-0.0,0.06,0.0,0.0,0.0,0.0,0.0,0.06,0.0,167,151
BRN,Brunei,African Independent / Syncretic Christianity,religion,0.0,0.02,0.02,0.02,0.0,0.0,0.0,0.0,0.0027,0.0,0.02,0,98
BRN,Brunei,Catholic Christianity,religion,3.13,2.94,-0.18,2.94,0.0,0.0,0.0,0.0,0.0027,2.9,0.04,14467,15293
BRN,Brunei,Folk / Traditional,religion,2.98,2.49,-0.49,2.49,0.0,0.0,0.0,0.0,0.0027,2.5,-0.01,13778,12949
BRN,Brunei,Hinduism,religion,0.04,0.03,-0.0,0.03,0.0,0.0,0.0,0.0,0.0027,0.03,-0.0,162,172
BRN,Brunei,Ibadi / Other Islam,religion,2.46,2.41,-0.05,2.41,0.0,0.0,0.0,0.0,0.0027,2.42,-0.01,11397,12538
BRN,Brunei,Orthodox Christianity,religion,0.6,0.56,-0.03,0.56,0.0,0.0,0.0,0.0,0.0027,0.55,0.01,2756,2932
BRN,Brunei,Other Christianity,religion,1.19,1.11,-0.08,1.11,0.0,0.0,0.0,0.0,0.0027,1.1,0.01,5511,5780
BRN,Brunei,Other religions,religion,2.98,2.91,-0.06,2.91,0.0,0.0,0.0,0.0,0.0027,2.92,-0.0,13778,15132
BRN,Brunei,Protestant Christianity,religion,2.53,2.41,-0.12,2.41,0.0,0.0,0.0,0.0,0.0027,2.35,0.07,11711,12543
BRN,Brunei,Shia Islam,religion,7.39,7.24,-0.15,7.24,0.0,0.0,0.0,0.0,0.0027,7.26,-0.02,34191,37620
BRN,Brunei,Sunni Islam,religion,72.25,71.9,-0.35,71.9,0.0,0.0,0.0,0.0,0.0027,72.02,-0.11,334316,373570
BRN,Brunei,Unaffiliated,religion,4.47,5.94,1.48,5.94,0.0,0.0,0.0,0.0,0.0027,5.95,-0.01,20667,30886
BTN,Bhutan,Catholic Christianity,religion,9.6,9.08,-0.52,9.08,0.0,0.0,0.0,0.0,0.0,9.08,0.0,75996,80124
BTN,Bhutan,Hinduism,religion,23.8,22.89,-0.91,22.89,0.0,0.0,0.0,0.0,0.0,22.89,0.0,188384,201998
BTN,Bhutan,Mahayana Buddhism,religion,5.49,5.28,-0.21,5.28,0.0,0.0,0.0,0.0,0.0,5.28,0.0,43427,46565
BTN,Bhutan,Orthodox Christianity,religion,1.83,1.73,-0.1,1.73,0.0,0.0,0.0,0.0,0.0,1.73,0.0,14476,15262
BTN,Bhutan,Other Christianity,religion,3.66,3.46,-0.2,3.46,0.0,0.0,0.0,0.0,0.0,3.46,0.0,28951,30524
BTN,Bhutan,Other religions,religion,15.24,15.23,-0.01,15.23,0.0,0.0,0.0,0.0,0.0,15.23,0.0,120629,134395
BTN,Bhutan,Protestant Christianity,religion,7.77,7.35,-0.42,7.35,0.0,0.0,0.0,0.0,0.0,7.35,0.0,61521,64863
BTN,Bhutan,Theravada Buddhism,religion,3.05,2.93,-0.12,2.93,0.0,0.0,0.0,0.0,0.0,2.93,0.0,24126,25869
BTN,Bhutan,Unaffiliated,religion,7.62,10.62,3.0,10.62,0.0,0.0,0.0,0.0,0.0,10.62,0.0,60315,93676
BTN,Bhutan,Vajrayana / Other Buddhism,religion,21.95,21.43,-0.52,21.43,0.0,0.0,0.0,0.0,0.0,21.43,0.0,173706,189069
BWA,Botswana,African Independent / Syncretic Christianity,religion,13.86,13.24,-0.62,13.24,0.0,0.0,0.0,0.0,0.0,13.24,0.0,349468,455192
BWA,Botswana,Catholic Christianity,religion,23.87,22.81,-1.07,22.81,0.0,0.0,0.0,0.0,0.0,22.81,0.0,601861,783942
BWA,Botswana,Folk / Traditional,religion,3.77,2.73,-1.04,2.73,0.0,0.0,0.0,0.0,0.0,2.73,0.0,95031,93749
BWA,Botswana,Hinduism,religion,0.3,0.73,0.43,0.73,0.0,0.0,0.0,0.0,0.0,0.73,0.0,7563,25116
BWA,Botswana,Ibadi / Other Islam,religion,0.01,0.06,0.05,0.06,0.0,0.0,0.0,0.0,0.0,0.06,0.0,303,2081
BWA,Botswana,Indigenous / Syncretic traditions,religion,11.43,9.52,-1.91,9.52,0.0,0.0,0.0,0.0,0.0,9.52,0.0,288158,327285
BWA,Botswana,Orthodox Christianity,religion,4.62,4.41,-0.21,4.41,0.0,0.0,0.0,0.0,0.0,4.41,0.0,116489,151731
BWA,Botswana,Other Christianity,religion,3.85,3.68,-0.17,3.68,0.0,0.0,0.0,0.0,0.0,3.68,0.0,97074,126442
BWA,Botswana,Other religions,religion,2.03,2.01,-0.01,2.01,0.0,0.0,0.0,0.0,0.0,2.01,0.0,51092,69168
BWA,Botswana,Protestant Christianity,religion,30.8,29.59,-1.21,29.59,0.0,0.0,0.0,0.0,0.0,29.59,0.0,776595,1017136
BWA,Botswana,Shia Islam,religion,0.04,0.18,0.15,0.18,0.0,0.0,0.0,0.0,0.0,0.18,0.0,908,6244
BWA,Botswana,Sunni Islam,religion,0.35,1.78,1.43,1.78,0.0,0.0,0.0,0.0,0.0,1.78,0.0,8874,61119
BWA,Botswana,Unaffiliated,religion,5.07,9.26,4.19,9.26,0.0,0.0,0.0,0.0,0.0,9.26,0.0,127729,318227
CAF,Central African Rep.,African Independent / Syncretic Christianity,religion,13.28,13.87,0.59,13.87,0.0,0.0,0.0,0.0,0.0,13.87,0.0,708045,1472684
CAF,Central African Rep.,Catholic Christianity,religion,22.88,23.89,1.01,23.89,0.0,0.0,0.0,0.0,0.0,23.89,0.0,1219410,2536288
CAF,Central African Rep.,Folk / Traditional,religion,2.32,1.75,-0.57,1.75,0.0,0.0,0.0,0.0,0.0,1.75,0.0,123485,185472
CAF,Central African Rep.,Ibadi / Other Islam,religion,0.45,0.38,-0.07,0.38,0.0,0.0,0.0,0.0,0.0,0.38,0.0,23988,40105
CAF,Central African Rep.,Indigenous / Syncretic traditions,religion,7.02,5.46,-1.57,5.46,0.0,0.0,0.0,0.0,0.0,5.46,0.0,374437,579269
CAF,Central African Rep.,Orthodox Christianity,religion,4.43,4.62,0.2,4.62,0.0,0.0,0.0,0.0,0.0,4.62,0.0,236015,490895
CAF,Central African Rep.,Other Christianity,religion,3.69,3.85,0.16,3.85,0.0,0.0,0.0,0.0,0.0,3.85,0.0,196679,409079
CAF,Central African Rep.,Other religions,religion,0.93,1.16,0.22,1.16,0.0,0.0,0.0,0.0,0.0,1.16,0.0,49792,122883
CAF,Central African Rep.,Protestant Christianity,religion,29.52,30.98,1.46,30.98,0.0,0.0,0.0,0.0,0.0,30.98,0.0,1573433,3288813
CAF,Central African Rep.,Shia Islam,religion,1.35,1.13,-0.22,1.13,0.0,0.0,0.0,0.0,0.0,1.13,0.0,71964,120316
CAF,Central African Rep.,Sunni Islam,religion,13.2,11.15,-2.05,11.15,0.0,0.0,0.0,0.0,0.0,11.15,0.0,703651,1183656
CAF,Central African Rep.,Unaffiliated,religion,0.93,1.76,0.83,1.76,0.0,0.0,0.0,0.0,0.0,1.76,0.0,49792,187293
CAN,Canada,African Independent / Syncretic Christianity,religion,0.0,0.15,0.15,0.15,0.0,0.0,0.0,0.0,0.0209,0.0,0.15,0,66673
CAN,Canada,Catholic Christianity,religion,13.82,14.86,1.03,14.86,0.0,0.0,0.0,0.0,0.0209,14.77,0.09,5494268,6778469
CAN,Canada,Hinduism,religion,2.3,2.78,0.48,2.78,0.0,0.0,0.0,0.0,0.0209,2.84,-0.06,914076,1268750
CAN,Canada,Ibadi / Other Islam,religion,0.15,0.19,0.05,0.19,0.0,0.0,0.0,0.0,0.0209,0.2,-0.0,58421,88812
CAN,Canada,Indigenous / Syncretic traditions,religion,0.0,0.06,0.06,0.06,0.0,0.0,0.0,0.0,0.0209,0.0,0.06,0,28574
CAN,Canada,Judaism,religion,1.0,0.56,-0.45,0.56,0.0,0.0,0.0,0.0,0.0209,0.57,-0.01,398713,253750
CAN,Canada,Mahayana Buddhism,religion,0.68,0.42,-0.26,0.42,0.0,0.0,0.0,0.0,0.0209,0.43,-0.01,269131,190312
CAN,Canada,Orthodox Christianity,religion,2.13,2.33,0.2,2.33,0.0,0.0,0.0,0.0,0.0209,2.27,0.06,845272,1062623
CAN,Canada,Other Christianity,religion,7.98,8.43,0.45,8.43,0.0,0.0,0.0,0.0,0.0209,8.52,-0.09,3169770,3844348
CAN,Canada,Other religions,religion,1.0,0.43,-0.57,0.43,0.0,0.0,0.0,0.0,0.0209,0.4,0.03,398713,195958
CAN,Canada,Protestant Christianity,religion,29.24,31.15,1.91,31.15,0.0,0.0,0.0,0.0,0.0209,31.24,-0.09,11622491,14213415
CAN,Canada,Shia Islam,religion,0.44,0.59,0.15,0.59,0.0,0.0,0.0,0.0,0.0209,0.6,-0.0,175264,271200
CAN,Canada,Sikhism,religion,2.01,1.85,-0.15,1.85,0.0,0.0,0.0,0.0,0.0209,1.89,-0.04,797426,845833
CAN,Canada,Sunni Islam,religion,4.31,6.34,2.02,6.34,0.0,0.0,0.0,0.0,0.0209,5.83,0.5,1713694,2890907
CAN,Canada,Theravada Buddhism,religion,0.53,0.32,-0.2,0.32,0.0,0.0,0.0,0.0,0.0209,0.33,-0.01,209324,148021
CAN,Canada,Unaffiliated,religion,34.11,29.35,-4.76,29.35,0.0,0.0,0.0,0.0,0.0209,29.92,-0.57,13556250,13389650
CAN,Canada,Vajrayana / Other Buddhism,religion,0.3,0.19,-0.12,0.19,0.0,0.0,0.0,0.0,0.0209,0.19,-0.0,119614,84583
CHE,Switzerland,African Independent / Syncretic Christianity,religion,0.0,0.07,0.07,0.07,0.0,0.238,0.155,0.0275,0.0096,0.0,0.07,0,6266
CHE,Switzerland,Catholic Christianity,religion,47.32,37.81,-9.51,37.83,-0.02,0.238,0.155,0.0275,0.0096,38.0,-0.18,4222134,3532832
CHE,Switzerland,Hinduism,religion,0.49,0.62,0.13,0.55,0.07,0.238,0.155,0.0275,0.0096,0.63,-0.01,43718,57885
CHE,Switzerland,Ibadi / Other Islam,religion,0.18,0.3,0.12,0.29,0.01,0.238,0.155,0.0275,0.0096,0.3,-0.0,15792,27759
CHE,Switzerland,Indigenous / Syncretic traditions,religion,0.0,0.03,0.03,0.03,0.0,0.238,0.155,0.0275,0.0096,0.0,0.03,0,2686
CHE,Switzerland,Judaism,religion,0.5,0.47,-0.03,0.48,-0.01,0.238,0.155,0.0275,0.0096,0.48,-0.0,44425,43978
CHE,Switzerland,Mahayana Buddhism,religion,0.45,0.51,0.06,0.5,0.01,0.238,0.155,0.0275,0.0096,0.51,-0.0,39982,47653
CHE,Switzerland,Orthodox Christianity,religion,1.97,1.62,-0.36,1.62,-0.0,0.238,0.155,0.0275,0.0096,1.58,0.03,175922,150969
CHE,Switzerland,Other Christianity,religion,4.6,3.7,-0.9,3.7,-0.0,0.238,0.155,0.0275,0.0096,3.69,0.0,410485,345397
CHE,Switzerland,Other religions,religion,2.49,2.68,0.19,2.64,0.04,0.238,0.155,0.0275,0.0096,2.68,-0.01,222124,250049
CHE,Switzerland,Protestant Christianity,religion,11.83,9.67,-2.16,9.67,-0.0,0.238,0.155,0.0275,0.0096,9.5,0.17,1055534,903126
CHE,Switzerland,Shia Islam,religion,0.53,0.9,0.37,0.87,0.03,0.238,0.155,0.0275,0.0096,0.9,-0.0,47376,83725
CHE,Switzerland,Sunni Islam,religion,5.19,9.02,3.83,8.72,0.3,0.238,0.155,0.0275,0.0096,8.82,0.2,463229,842593
CHE,Switzerland,Theravada Buddhism,religion,0.35,0.4,0.05,0.39,0.01,0.238,0.155,0.0275,0.0096,0.4,-0.0,31097,37063
CHE,Switzerland,Unaffiliated,religion,23.9,32.0,8.1,32.43,-0.43,0.238,0.155,0.0275,0.0096,32.28,-0.29,2132391,2989430
CHE,Switzerland,Vajrayana / Other Buddhism,religion,0.2,0.23,0.03,0.22,0.0,0.238,0.155,0.0275,0.0096,0.23,-0.0,17770,21179
CHL,Chile,Catholic Christianity,religion,60.6,58.17,-2.43,58.17,0.0,0.0,0.0,0.0,0.0,58.17,0.0,11977763,11820348
CHL,Chile,Folk / Traditional,religion,3.01,2.61,-0.39,2.61,0.0,0.0,0.0,0.0,0.0,2.61,0.0,594135,530698
CHL,Chile,Hinduism,religion,0.2,0.2,-0.0,0.2,0.0,0.0,0.0,0.0,0.0,0.2,0.0,39530,39857
CHL,Chile,Judaism,religion,0.2,0.2,0.0,0.2,0.0,0.0,0.0,0.0,0.0,0.2,0.0,39609,41096
CHL,Chile,Mahayana Buddhism,religion,0.14,0.13,-0.0,0.13,0.0,0.0,0.0,0.0,0.0,0.13,0.0,26736,26957
CHL,Chile,Orthodox Christianity,religion,2.53,2.42,-0.1,2.42,0.0,0.0,0.0,0.0,0.0,2.42,0.0,499073,492514
CHL,Chile,Other Christianity,religion,5.89,5.66,-0.24,5.66,0.0,0.0,0.0,0.0,0.0,5.66,0.0,1164505,1149200
CHL,Chile,Other religions,religion,3.01,3.07,0.07,3.07,0.0,0.0,0.0,0.0,0.0,3.07,0.0,594135,624274
CHL,Chile,Protestant Christianity,religion,15.15,14.54,-0.61,14.54,0.0,0.0,0.0,0.0,0.0,14.54,0.0,2994441,2955087
CHL,Chile,Sunni Islam,religion,0.09,0.09,0.0,0.09,0.0,0.0,0.0,0.0,0.0,0.09,0.0,17393,18314
CHL,Chile,Theravada Buddhism,religion,0.11,0.1,-0.0,0.1,0.0,0.0,0.0,0.0,0.0,0.1,0.0,20795,20967
CHL,Chile,Unaffiliated,religion,9.02,12.74,3.72,12.74,0.0,0.0,0.0,0.0,0.0,12.74,0.0,1782405,2589010
CHL,Chile,Vajrayana / Other Buddhism,religion,0.06,0.06,-0.0,0.06,0.0,0.0,0.0,0.0,0.0,0.06,0.0,11883,11981
CHN,China,Catholic Christianity,religion,2.1,2.94,0.84,2.94,0.0,0.0,0.0,0.0,0.0,2.94,0.0,29858972,37052499
CHN,China,Folk / Traditional,religion,22.04,24.0,1.96,24.0,0.0,0.0,0.0,0.0,0.0,24.0,0.0,312808273,302469381
CHN,China,Hinduism,religion,0.1,0.0,-0.1,0.0,0.0,0.0,0.0,0.0,0.0,0.0,0.0,1419321,0
CHN,China,Ibadi / Other Islam,religion,0.05,0.06,0.01,0.06,0.0,0.0,0.0,0.0,0.0,0.06,0.0,734499,756173
CHN,China,Mahayana Buddhism,religion,15.15,13.86,-1.29,13.86,0.0,0.0,0.0,0.0,0.0,13.86,0.0,214984595,174676068
CHN,China,Orthodox Christianity,religion,0.4,0.56,0.16,0.56,0.0,0.0,0.0,0.0,0.0,0.56,0.0,5687423,7057619
CHN,China,Other Christianity,religion,0.8,1.12,0.32,1.12,0.0,0.0,0.0,0.0,0.0,1.12,0.0,11374846,14115238
CHN,China,Other religions,religion,1.0,0.5,-0.5,0.5,0.0,0.0,0.0,0.0,0.0,0.5,0.0,14218558,6301445
CHN,China,Protestant Christianity,religion,1.7,2.38,0.68,2.38,0.0,0.0,0.0,0.0,0.0,2.38,0.0,24171548,29994880
CHN,China,Shia Islam,religion,0.16,0.18,0.02,0.18,0.0,0.0,0.0,0.0,0.0,0.18,0.0,2203496,2268520
CHN,China,Sunni Islam,religion,1.52,1.76,0.24,1.76,0.0,0.0,0.0,0.0,0.0,1.76,0.0,21545297,22181088
CHN,China,Theravada Buddhism,religion,1.08,0.99,-0.09,0.99,0.0,0.0,0.0,0.0,0.0,0.99,0.0,15356042,12476862
CHN,China,Unaffiliated,religion,52.09,50.0,-2.09,50.0,0.0,0.0,0.0,0.0,0.0,50.0,0.0,739365009,630144544
CHN,China,Vajrayana / Other Buddhism,religion,1.8,1.65,-0.15,1.65,0.0,0.0,0.0,0.0,0.0,1.65,0.0,25593404,20794770
CIV,Cote d'Ivoire,African Independent / Syncretic Christianity,religion,6.96,6.78,-0.18,6.78,0.0,0.0,0.0,0.0,0.0,6.78,0.0,2223307,3780871
CIV,Cote d'Ivoire,Catholic Christianity,religion,11.99,11.68,-0.31,11.68,0.0,0.0,0.0,0.0,0.0,11.68,0.0,3829028,6511501
CIV,Cote d'Ivoire,Folk / Traditional,religion,3.16,3.07,-0.08,3.07,0.0,0.0,0.0,0.0,0.0,3.07,0.0,1007639,1713553
CIV,Cote d'Ivoire,Hinduism,religion,0.1,0.0,-0.1,0.0,0.0,0.0,0.0,0.0,0.0,0.0,0.0,31934,0
CIV,Cote d'Ivoire,Ibadi / Other Islam,religion,1.29,1.31,0.02,1.31,0.0,0.0,0.0,0.0,0.0,1.31,0.0,410994,729642
CIV,Cote d'Ivoire,Indigenous / Syncretic traditions,religion,13.13,11.8,-1.33,11.8,0.0,0.0,0.0,0.0,0.0,11.8,0.0,4193078,6577832
CIV,Cote d'Ivoire,Orthodox Christianity,religion,2.32,2.26,-0.06,2.26,0.0,0.0,0.0,0.0,0.0,2.26,0.0,741102,1260290
CIV,Cote d'Ivoire,Other Christianity,religion,1.93,1.88,-0.05,1.88,0.0,0.0,0.0,0.0,0.0,1.88,0.0,617585,1050242
CIV,Cote d'Ivoire,Other religions,religion,1.22,2.0,0.78,2.0,0.0,0.0,0.0,0.0,0.0,2.0,0.0,390054,1114940
CIV,Cote d'Ivoire,Protestant Christianity,religion,15.47,15.07,-0.4,15.07,0.0,0.0,0.0,0.0,0.0,15.07,0.0,4940681,8401936
CIV,Cote d'Ivoire,Shia Islam,religion,3.86,3.93,0.07,3.93,0.0,0.0,0.0,0.0,0.0,3.93,0.0,1232981,2188925
CIV,Cote d'Ivoire,Sunni Islam,religion,37.75,38.39,0.64,38.39,0.0,0.0,0.0,0.0,0.0,38.39,0.0,12055810,21402827
CIV,Cote d'Ivoire,Unaffiliated,religion,0.81,1.82,1.01,1.82,0.0,0.0,0.0,0.0,0.0,1.82,0.0,260036,1014426
CMR,Cameroon,African Independent / Syncretic Christianity,religion,10.66,11.58,0.92,11.58,0.0,0.0,0.0,0.0,0.0,11.58,0.0,3104545,5918988
CMR,Cameroon,Catholic Christianity,religion,18.36,19.95,1.59,19.95,0.0,0.0,0.0,0.0,0.0,19.95,0.0,5346716,10193813
CMR,Cameroon,Folk / Traditional,religion,2.01,1.84,-0.17,1.84,0.0,0.0,0.0,0.0,0.0,1.84,0.0,584797,940967
CMR,Cameroon,Ibadi / Other Islam,religion,0.92,0.74,-0.18,0.74,0.0,0.0,0.0,0.0,0.0,0.74,0.0,267356,379422
CMR,Cameroon,Indigenous / Syncretic traditions,religion,6.78,6.08,-0.7,6.08,0.0,0.0,0.0,0.0,0.0,6.08,0.0,1975375,3106204
CMR,Cameroon,Orthodox Christianity,religion,3.55,3.86,0.31,3.86,0.0,0.0,0.0,0.0,0.0,3.86,0.0,1034848,1972996
CMR,Cameroon,Other Christianity,religion,2.96,3.22,0.26,3.22,0.0,0.0,0.0,0.0,0.0,3.22,0.0,862374,1644163
CMR,Cameroon,Other religions,religion,0.93,1.2,0.27,1.2,0.0,0.0,0.0,0.0,0.0,1.2,0.0,269492,613156
CMR,Cameroon,Protestant Christianity,religion,23.69,25.74,2.05,25.74,0.0,0.0,0.0,0.0,0.0,25.74,0.0,6898989,13153308
CMR,Cameroon,Shia Islam,religion,2.75,2.23,-0.53,2.23,0.0,0.0,0.0,0.0,0.0,2.23,0.0,802068,1138267
CMR,Cameroon,Sunni Islam,religion,26.93,21.78,-5.15,21.78,0.0,0.0,0.0,0.0,0.0,21.78,0.0,7842443,11129722
CMR,Cameroon,Unaffiliated,religion,0.46,1.77,1.31,1.77,0.0,0.0,0.0,0.0,0.0,1.77,0.0,134746,905316
COD,Congo (DRC),African Independent / Syncretic Christianity,religion,16.58,16.52,-0.06,16.52,0.0,0.0,0.0,0.0,0.0,16.52,0.0,18118263,36048570
COD,Congo (DRC),Catholic Christianity,religion,28.55,28.45,-0.11,28.45,0.0,0.0,0.0,0.0,0.0,28.45,0.0,31203675,62083648
COD,Congo (DRC),Folk / Traditional,religion,1.24,1.11,-0.13,1.11,0.0,0.0,0.0,0.0,0.0,1.11,0.0,1356682,2429360
COD,Congo (DRC),Hinduism,religion,0.18,0.0,-0.18,0.0,0.0,0.0,0.0,0.0,0.0,0.0,0.0,196697,0
COD,Congo (DRC),Ibadi / Other Islam,religion,0.05,0.06,0.01,0.06,0.0,0.0,0.0,0.0,0.0,0.06,0.0,49174,130611
COD,Congo (DRC),Indigenous / Syncretic traditions,religion,3.96,3.67,-0.29,3.67,0.0,0.0,0.0,0.0,0.0,3.67,0.0,4332628,8019501
COD,Congo (DRC),Orthodox Christianity,religion,5.53,5.51,-0.02,5.51,0.0,0.0,0.0,0.0,0.0,5.51,0.0,6039421,12016190
COD,Congo (DRC),Other Christianity,religion,4.61,4.59,-0.02,4.59,0.0,0.0,0.0,0.0,0.0,4.59,0.0,5032851,10013492
COD,Congo (DRC),Other religions,religion,0.6,0.7,0.1,0.7,0.0,0.0,0.0,0.0,0.0,0.7,0.0,656459,1527722
COD,Congo (DRC),Protestant Christianity,religion,36.84,36.71,-0.14,36.71,0.0,0.0,0.0,0.0,0.0,36.71,0.0,40262806,80107933
COD,Congo (DRC),Shia Islam,religion,0.14,0.18,0.04,0.18,0.0,0.0,0.0,0.0,0.0,0.18,0.0,147523,391832
COD,Congo (DRC),Sunni Islam,religion,1.32,1.76,0.44,1.76,0.0,0.0,0.0,0.0,0.0,1.76,0.0,1442447,3831249
COD,Congo (DRC),Unaffiliated,religion,0.4,0.75,0.35,0.75,0.0,0.0,0.0,0.0,0.0,0.75,0.0,437639,1645962
COG,Congo,African Independent / Syncretic Christianity,religion,15.31,14.64,-0.67,14.64,0.0,0.0,0.0,0.0,0.0,14.64,0.0,969821,1611516
COG,Congo,Catholic Christianity,religion,26.37,25.22,-1.16,25.22,0.0,0.0,0.0,0.0,0.0,25.22,0.0,1670248,2775389
COG,Congo,Folk / Traditional,religion,2.67,1.84,-0.83,1.84,0.0,0.0,0.0,0.0,0.0,1.84,0.0,169139,202451
COG,Congo,Ibadi / Other Islam,religion,0.06,0.23,0.17,0.23,0.0,0.0,0.0,0.0,0.0,0.23,0.0,3800,25505
COG,Congo,Indigenous / Syncretic traditions,religion,8.1,5.74,-2.36,5.74,0.0,0.0,0.0,0.0,0.0,5.74,0.0,512873,631351
COG,Congo,Orthodox Christianity,religion,5.1,4.88,-0.22,4.88,0.0,0.0,0.0,0.0,0.0,4.88,0.0,323274,537172
COG,Congo,Other Christianity,religion,4.25,4.07,-0.19,4.07,0.0,0.0,0.0,0.0,0.0,4.07,0.0,269395,447643
COG,Congo,Other religions,religion,1.08,1.22,0.14,1.22,0.0,0.0,0.0,0.0,0.0,1.22,0.0,68201,133760
COG,Congo,Protestant Christianity,religion,34.03,32.72,-1.31,32.72,0.0,0.0,0.0,0.0,0.0,32.72,0.0,2155158,3600905
COG,Congo,Shia Islam,religion,0.18,0.7,0.52,0.7,0.0,0.0,0.0,0.0,0.0,0.7,0.0,11399,76514
COG,Congo,Sunni Islam,religion,1.76,6.81,5.05,6.81,0.0,0.0,0.0,0.0,0.0,6.81,0.0,111460,749163
COG,Congo,Unaffiliated,religion,1.08,1.95,0.88,1.95,0.0,0.0,0.0,0.0,0.0,1.95,0.0,68201,215099
COL,Colombia,Catholic Christianity,religion,60.65,58.46,-2.19,58.46,0.0,0.0,0.0,0.0,0.0,58.46,0.0,32075680,34718508
COL,Colombia,Folk / Traditional,religion,3.01,2.63,-0.38,2.63,0.0,0.0,0.0,0.0,0.0,2.63,0.0,1591056,1562733
COL,Colombia,Hinduism,religion,0.02,0.02,-0.0,0.02,0.0,0.0,0.0,0.0,0.0,0.02,0.0,10577,11670
COL,Colombia,Judaism,religion,0.2,0.2,0.0,0.2,0.0,0.0,0.0,0.0,0.0,0.2,0.0,106070,119726
COL,Colombia,Mahayana Buddhism,religion,0.14,0.13,-0.0,0.13,0.0,0.0,0.0,0.0,0.0,0.13,0.0,71598,78994
COL,Colombia,Orthodox Christianity,religion,2.53,2.44,-0.09,2.44,0.0,0.0,0.0,0.0,0.0,2.44,0.0,1336487,1446604
COL,Colombia,Other Christianity,religion,5.9,5.68,-0.21,5.68,0.0,0.0,0.0,0.0,0.0,5.68,0.0,3118469,3375410
COL,Colombia,Other religions,religion,3.01,3.06,0.06,3.06,0.0,0.0,0.0,0.0,0.0,3.06,0.0,1591056,1819896
COL,Colombia,Protestant Christianity,religion,15.16,14.62,-0.55,14.62,0.0,0.0,0.0,0.0,0.0,14.62,0.0,8018920,8679627
COL,Colombia,Shia Islam,religion,0.02,0.02,0.0,0.02,0.0,0.0,0.0,0.0,0.0,0.02,0.0,9520,10746
COL,Colombia,Sunni Islam,religion,0.18,0.18,0.0,0.18,0.0,0.0,0.0,0.0,0.0,0.18,0.0,93080,106623
COL,Colombia,Theravada Buddhism,religion,0.11,0.1,-0.0,0.1,0.0,0.0,0.0,0.0,0.0,0.1,0.0,55687,61440
COL,Colombia,Unaffiliated,religion,9.03,12.39,3.37,12.39,0.0,0.0,0.0,0.0,0.0,12.39,0.0,4773167,7358267
COL,Colombia,Vajrayana / Other Buddhism,religion,0.06,0.06,-0.0,0.06,0.0,0.0,0.0,0.0,0.0,0.06,0.0,31821,35108
COM,Comoros,Catholic Christianity,religion,0.3,0.28,-0.02,0.28,0.0,0.0,0.0,0.0,0.0,0.28,0.0,2578,3604
COM,Comoros,Folk / Traditional,religion,0.28,0.24,-0.04,0.24,0.0,0.0,0.0,0.0,0.0,0.24,0.0,2455,3183
COM,Comoros,Ibadi / Other Islam,religion,2.95,2.9,-0.05,2.9,0.0,0.0,0.0,0.0,0.0,2.9,0.0,25557,37916
COM,Comoros,Orthodox Christianity,religion,0.06,0.05,-0.0,0.05,0.0,0.0,0.0,0.0,0.0,0.05,0.0,491,686
COM,Comoros,Other Christianity,religion,0.11,0.1,-0.01,0.1,0.0,0.0,0.0,0.0,0.0,0.1,0.0,982,1373
COM,Comoros,Other religions,religion,0.28,0.27,-0.02,0.27,0.0,0.0,0.0,0.0,0.0,0.27,0.0,2455,3477
COM,Comoros,Protestant Christianity,religion,0.24,0.22,-0.02,0.22,0.0,0.0,0.0,0.0,0.0,0.22,0.0,2087,2917
COM,Comoros,Shia Islam,religion,8.85,8.7,-0.15,8.7,0.0,0.0,0.0,0.0,0.0,8.7,0.0,76671,113747
COM,Comoros,Sunni Islam,religion,86.5,86.26,-0.24,86.26,0.0,0.0,0.0,0.0,0.0,86.26,0.0,749671,1127943
COM,Comoros,Unaffiliated,religion,0.43,0.97,0.55,0.97,0.0,0.0,0.0,0.0,0.0,0.97,0.0,3683,12716
CPV,Cape Verde,African Independent / Syncretic Christianity,religion,15.19,12.58,-2.61,12.58,0.0,0.0,0.0,0.0,0.0,12.58,0.0,79729,71209
CPV,Cape Verde,Catholic Christianity,religion,26.16,21.66,-4.5,21.66,0.0,0.0,0.0,0.0,0.0,21.66,0.0,137311,122638
CPV,Cape Verde,Folk / Traditional,religion,2.53,1.49,-1.04,1.49,0.0,0.0,0.0,0.0,0.0,1.49,0.0,13288,8444
CPV,Cape Verde,Ibadi / Other Islam,religion,0.06,0.55,0.49,0.55,0.0,0.0,0.0,0.0,0.0,0.55,0.0,315,3110
CPV,Cape Verde,Indigenous / Syncretic traditions,religion,8.36,5.14,-3.22,5.14,0.0,0.0,0.0,0.0,0.0,5.14,0.0,43865,29086
CPV,Cape Verde,Orthodox Christianity,religion,5.06,4.19,-0.87,4.19,0.0,0.0,0.0,0.0,0.0,4.19,0.0,26576,23736
CPV,Cape Verde,Other Christianity,religion,4.22,3.49,-0.73,3.49,0.0,0.0,0.0,0.0,0.0,3.49,0.0,22147,19780
CPV,Cape Verde,Other religions,religion,1.63,1.37,-0.26,1.37,0.0,0.0,0.0,0.0,0.0,1.37,0.0,8573,7778
CPV,Cape Verde,Protestant Christianity,religion,33.76,28.15,-5.61,28.15,0.0,0.0,0.0,0.0,0.0,28.15,0.0,177175,159357
CPV,Cape Verde,Shia Islam,religion,0.18,1.65,1.47,1.65,0.0,0.0,0.0,0.0,0.0,1.65,0.0,945,9329
CPV,Cape Verde,Sunni Islam,religion,1.76,16.12,14.36,16.12,0.0,0.0,0.0,0.0,0.0,16.12,0.0,9238,91277
CPV,Cape Verde,Unaffiliated,religion,1.09,3.6,2.51,3.6,0.0,0.0,0.0,0.0,0.0,3.6,0.0,5715,20398
CRI,Costa Rica,Catholic Christianity,religion,60.6,58.1,-2.5,58.1,0.0,0.0,0.0,0.0,0.0,58.1,0.0,3108805,3110717
CRI,Costa Rica,Folk / Traditional,religion,3.01,2.61,-0.39,2.61,0.0,0.0,0.0,0.0,0.0,2.61,0.0,154207,139844
CRI,Costa Rica,Hinduism,religion,0.2,0.2,-0.0,0.2,0.0,0.0,0.0,0.0,0.0,0.2,0.0,10260,10476
CRI,Costa Rica,Judaism,religion,0.2,0.2,0.0,0.2,0.0,0.0,0.0,0.0,0.0,0.2,0.0,10280,10792
CRI,Costa Rica,Mahayana Buddhism,religion,0.14,0.13,-0.0,0.13,0.0,0.0,0.0,0.0,0.0,0.13,0.0,6939,7086
CRI,Costa Rica,Orthodox Christianity,religion,2.53,2.42,-0.1,2.42,0.0,0.0,0.0,0.0,0.0,2.42,0.0,129534,129613
CRI,Costa Rica,Other Christianity,religion,5.89,5.65,-0.24,5.65,0.0,0.0,0.0,0.0,0.0,5.65,0.0,302245,302431
CRI,Costa Rica,Other religions,religion,3.01,3.07,0.06,3.07,0.0,0.0,0.0,0.0,0.0,3.07,0.0,154207,164271
CRI,Costa Rica,Protestant Christianity,religion,15.15,14.52,-0.63,14.52,0.0,0.0,0.0,0.0,0.0,14.52,0.0,777201,777679
CRI,Costa Rica,Sunni Islam,religion,0.09,0.09,0.0,0.09,0.0,0.0,0.0,0.0,0.0,0.09,0.0,4514,4816
CRI,Costa Rica,Theravada Buddhism,religion,0.11,0.1,-0.0,0.1,0.0,0.0,0.0,0.0,0.0,0.1,0.0,5397,5511
CRI,Costa Rica,Unaffiliated,religion,9.02,12.85,3.83,12.85,0.0,0.0,0.0,0.0,0.0,12.85,0.0,462620,687764
CRI,Costa Rica,Vajrayana / Other Buddhism,religion,0.06,0.06,-0.0,0.06,0.0,0.0,0.0,0.0,0.0,0.06,0.0,3084,3149
CUB,Cuba,Catholic Christianity,religion,60.6,59.85,-0.74,59.85,0.0,0.0,0.0,0.0,0.0,59.85,0.0,6653252,5615429
CUB,Cuba,Folk / Traditional,religion,3.01,2.72,-0.28,2.72,0.0,0.0,0.0,0.0,0.0,2.72,0.0,330022,255454
CUB,Cuba,Hinduism,religion,0.21,0.21,0.0,0.21,0.0,0.0,0.0,0.0,0.0,0.21,0.0,23058,19779
CUB,Cuba,Judaism,religion,0.2,0.2,0.0,0.2,0.0,0.0,0.0,0.0,0.0,0.2,0.0,22001,19205
CUB,Cuba,Mahayana Buddhism,religion,0.14,0.14,0.0,0.14,0.0,0.0,0.0,0.0,0.0,0.14,0.0,14851,12739
CUB,Cuba,Orthodox Christianity,religion,2.52,2.49,-0.03,2.49,0.0,0.0,0.0,0.0,0.0,2.49,0.0,277219,233976
CUB,Cuba,Other Christianity,religion,5.89,5.82,-0.07,5.82,0.0,0.0,0.0,0.0,0.0,5.82,0.0,646844,545944
CUB,Cuba,Other religions,religion,3.01,3.07,0.06,3.07,0.0,0.0,0.0,0.0,0.0,3.07,0.0,330022,287773
CUB,Cuba,Protestant Christianity,religion,15.15,14.96,-0.19,14.96,0.0,0.0,0.0,0.0,0.0,14.96,0.0,1663313,1403857
CUB,Cuba,Sunni Islam,religion,0.09,0.1,0.01,0.1,0.0,0.0,0.0,0.0,0.0,0.1,0.0,9662,8957
CUB,Cuba,Theravada Buddhism,religion,0.11,0.11,0.0,0.11,0.0,0.0,0.0,0.0,0.0,0.11,0.0,11551,9908
CUB,Cuba,Unaffiliated,religion,9.02,10.27,1.25,10.27,0.0,0.0,0.0,0.0,0.0,10.27,0.0,990067,963310
CUB,Cuba,Vajrayana / Other Buddhism,religion,0.06,0.06,0.0,0.06,0.0,0.0,0.0,0.0,0.0,0.06,0.0,6600,5662
CYP,Cyprus,Catholic Christianity,religion,4.7,5.05,0.35,5.06,-0.01,0.272,0.138,0.0269,0.0,5.05,0.0,63773,76133
CYP,Cyprus,Hinduism,religion,0.4,0.17,-0.23,0.11,0.06,0.272,0.138,0.0269,0.0,0.17,0.0,5433,2576
CYP,Cyprus,Ibadi / Other Islam,religion,0.76,0.41,-0.35,0.4,0.01,0.272,0.138,0.0269,0.0,0.41,0.0,10309,6217
CYP,Cyprus,Judaism,religion,0.4,0.38,-0.01,0.39,-0.01,0.272,0.138,0.0269,0.0,0.38,0.0,5368,5776
CYP,Cyprus,Mahayana Buddhism,religion,0.36,0.36,0.01,0.35,0.01,0.272,0.138,0.0269,0.0,0.36,0.0,4831,5454
CYP,Cyprus,Orthodox Christianity,religion,40.69,43.74,3.05,43.83,-0.09,0.272,0.138,0.0269,0.0,43.74,0.0,552702,659821
CYP,Cyprus,Other Christianity,religion,3.65,3.93,0.27,3.93,-0.01,0.272,0.138,0.0269,0.0,3.93,0.0,49601,59215
CYP,Cyprus,Other religions,religion,1.98,2.57,0.6,2.56,0.01,0.272,0.138,0.0269,0.0,2.57,0.0,26841,38841
CYP,Cyprus,Protestant Christianity,religion,3.13,3.36,0.23,3.37,-0.01,0.272,0.138,0.0269,0.0,3.36,0.0,42516,50755
CYP,Cyprus,Shia Islam,religion,2.28,1.24,-1.04,1.21,0.03,0.272,0.138,0.0269,0.0,1.24,0.0,30928,18651
CYP,Cyprus,Sikhism,religion,0.0,0.02,0.02,0.0,0.02,0.272,0.138,0.0269,0.0,0.02,0.0,0,324
CYP,Cyprus,Sunni Islam,religion,22.26,12.18,-10.09,11.91,0.27,0.272,0.138,0.0269,0.0,12.18,0.0,302409,183687
CYP,Cyprus,Theravada Buddhism,religion,0.28,0.28,0.0,0.27,0.01,0.272,0.138,0.0269,0.0,0.28,0.0,3758,4242
CYP,Cyprus,Unaffiliated,religion,18.97,26.14,7.17,26.45,-0.31,0.272,0.138,0.0269,0.0,26.14,0.0,257670,394367
CYP,Cyprus,Vajrayana / Other Buddhism,religion,0.16,0.16,0.0,0.16,0.0,0.272,0.138,0.0269,0.0,0.16,0.0,2147,2424
CZE,Czechia,Catholic Christianity,religion,29.44,25.23,-4.21,25.34,-0.11,0.327,0.166,0.0316,0.0,25.23,0.0,3160459,2479003
CZE,Czechia,Hinduism,religion,0.02,0.08,0.06,0.0,0.08,0.327,0.166,0.0316,0.0,0.08,0.0,2469,7773
CZE,Czechia,Ibadi / Other Islam,religion,0.0,0.21,0.21,0.19,0.02,0.327,0.166,0.0316,0.0,0.21,0.0,0,20461
CZE,Czechia,Judaism,religion,0.53,0.42,-0.12,0.43,-0.01,0.327,0.166,0.0316,0.0,0.42,0.0,57007,40797
CZE,Czechia,Mahayana Buddhism,religion,0.48,0.39,-0.09,0.38,0.01,0.327,0.166,0.0316,0.0,0.39,0.0,51306,38563
CZE,Czechia,Orthodox Christianity,religion,5.61,4.81,-0.8,4.83,-0.02,0.327,0.166,0.0316,0.0,4.81,0.0,601992,472191
CZE,Czechia,Other Christianity,religion,11.21,9.61,-1.6,9.65,-0.04,0.327,0.166,0.0316,0.0,9.61,0.0,1203984,944382
CZE,Czechia,Other religions,religion,2.65,2.76,0.1,2.75,0.01,0.327,0.166,0.0316,0.0,2.76,0.0,285034,271129
CZE,Czechia,Protestant Christianity,religion,23.83,20.42,-3.41,20.51,-0.09,0.327,0.166,0.0316,0.0,20.42,0.0,2558467,2006812
CZE,Czechia,Shia Islam,religion,0.01,0.63,0.61,0.58,0.05,0.327,0.166,0.0316,0.0,0.63,0.0,1449,61742
CZE,Czechia,Sikhism,religion,0.0,0.03,0.03,0.0,0.03,0.327,0.166,0.0316,0.0,0.03,0.0,0,2487
CZE,Czechia,Sunni Islam,religion,0.13,6.14,6.01,5.63,0.52,0.327,0.166,0.0316,0.0,6.14,0.0,14171,603751
CZE,Czechia,Theravada Buddhism,religion,0.37,0.31,-0.07,0.3,0.01,0.327,0.166,0.0316,0.0,0.31,0.0,39905,29993
CZE,Czechia,Unaffiliated,religion,25.49,28.8,3.31,29.24,-0.45,0.327,0.166,0.0316,0.0,28.8,0.0,2736328,2829319
CZE,Czechia,Vajrayana / Other Buddhism,religion,0.21,0.17,-0.04,0.17,0.01,0.327,0.166,0.0316,0.0,0.17,0.0,22803,17139
DEU,Germany,African Independent / Syncretic Christianity,religion,0.0,0.06,0.06,0.06,0.0,0.346,0.24,0.0385,0.009,0.0,0.06,0,49076
DEU,Germany,Catholic Christianity,religion,17.0,13.24,-3.76,13.24,0.0,0.346,0.24,0.0385,0.009,13.19,0.05,14377963,10366098
DEU,Germany,Hinduism,religion,0.15,0.45,0.3,0.39,0.06,0.346,0.24,0.0385,0.009,0.45,-0.0,126828,350818
DEU,Germany,Ibadi / Other Islam,religion,0.2,0.31,0.11,0.29,0.02,0.346,0.24,0.0385,0.009,0.31,-0.0,169950,244277
DEU,Germany,Indigenous / Syncretic traditions,religion,0.0,0.03,0.03,0.03,0.0,0.346,0.24,0.0385,0.009,0.0,0.03,0,21032
DEU,Germany,Judaism,religion,0.5,0.28,-0.22,0.29,-0.01,0.346,0.24,0.0385,0.009,0.28,-0.0,418938,218264
DEU,Germany,Mahayana Buddhism,religion,0.45,0.44,-0.01,0.43,0.0,0.346,0.24,0.0385,0.009,0.44,-0.0,377044,340851
DEU,Germany,Orthodox Christianity,religion,2.62,2.06,-0.56,2.06,0.0,0.346,0.24,0.0385,0.009,2.03,0.03,2211994,1609345
DEU,Germany,Other Christianity,religion,9.81,7.58,-2.23,7.57,0.0,0.346,0.24,0.0385,0.009,7.61,-0.03,8294979,5931635
DEU,Germany,Other religions,religion,2.48,4.23,1.75,4.28,-0.05,0.346,0.24,0.0385,0.009,4.25,-0.02,2094692,3311673
DEU,Germany,Protestant Christianity,religion,35.97,27.89,-8.08,27.88,0.01,0.346,0.24,0.0385,0.009,27.9,-0.01,30414923,21835796
DEU,Germany,Shia Islam,religion,0.6,0.94,0.34,0.87,0.07,0.346,0.24,0.0385,0.009,0.94,-0.0,509850,736335
DEU,Germany,Sunni Islam,religion,5.9,9.42,3.52,8.77,0.65,0.346,0.24,0.0385,0.009,9.23,0.19,4985200,7375773
DEU,Germany,Theravada Buddhism,religion,0.35,0.34,-0.01,0.34,0.0,0.346,0.24,0.0385,0.009,0.34,-0.0,293257,265106
DEU,Germany,Unaffiliated,religion,23.78,32.55,8.77,33.3,-0.75,0.346,0.24,0.0385,0.009,32.82,-0.27,20109040,25487036
DEU,Germany,Vajrayana / Other Buddhism,religion,0.2,0.19,-0.0,0.19,0.0,0.346,0.24,0.0385,0.009,0.2,-0.0,167575,151489
DJI,Djibouti,Catholic Christianity,religion,0.1,0.1,-0.0,0.1,0.0,0.0,0.0,0.0,0.0,0.1,0.0,1186,1481
DJI,Djibouti,Folk / Traditional,religion,0.1,0.09,-0.01,0.09,0.0,0.0,0.0,0.0,0.0,0.09,0.0,1130,1306
DJI,Djibouti,Hinduism,religion,0.02,0.02,-0.0,0.02,0.0,0.0,0.0,0.0,0.0,0.02,0.0,234,295
DJI,Djibouti,Ibadi / Other Islam,religion,2.98,2.91,-0.07,2.91,0.0,0.0,0.0,0.0,0.0,2.91,0.0,34851,44504
DJI,Djibouti,Orthodox Christianity,religion,0.02,0.02,-0.0,0.02,0.0,0.0,0.0,0.0,0.0,0.02,0.0,226,282
DJI,Djibouti,Other Christianity,religion,0.04,0.04,-0.0,0.04,0.0,0.0,0.0,0.0,0.0,0.04,0.0,452,564
DJI,Djibouti,Other religions,religion,0.1,0.09,-0.0,0.09,0.0,0.0,0.0,0.0,0.0,0.09,0.0,1130,1450
DJI,Djibouti,Protestant Christianity,religion,0.08,0.08,-0.0,0.08,0.0,0.0,0.0,0.0,0.0,0.08,0.0,960,1199
DJI,Djibouti,Shia Islam,religion,8.95,8.72,-0.22,8.72,0.0,0.0,0.0,0.0,0.0,8.72,0.0,104554,133513
DJI,Djibouti,Sunni Islam,religion,87.47,86.56,-0.91,86.56,0.0,0.0,0.0,0.0,0.0,86.56,0.0,1022308,1324805
DJI,Djibouti,Unaffiliated,religion,0.14,1.38,1.24,1.38,0.0,0.0,0.0,0.0,0.0,1.38,0.0,1695,21146
DMA,Dominica,Catholic Christianity,religion,60.54,57.53,-3.01,57.53,0.0,0.0,0.0,0.0,0.0,57.53,0.0,40094,36368
DMA,Dominica,Folk / Traditional,religion,3.0,2.59,-0.42,2.59,0.0,0.0,0.0,0.0,0.0,2.59,0.0,1989,1635
DMA,Dominica,Hinduism,religion,0.2,0.19,-0.01,0.19,0.0,0.0,0.0,0.0,0.0,0.19,0.0,132,123
DMA,Dominica,Judaism,religion,0.2,0.2,-0.0,0.2,0.0,0.0,0.0,0.0,0.0,0.2,0.0,133,126
DMA,Dominica,Mahayana Buddhism,religion,0.14,0.13,-0.0,0.13,0.0,0.0,0.0,0.0,0.0,0.13,0.0,89,83
DMA,Dominica,Orthodox Christianity,religion,2.52,2.4,-0.13,2.4,0.0,0.0,0.0,0.0,0.0,2.4,0.0,1671,1515
DMA,Dominica,Other Christianity,religion,5.89,5.59,-0.29,5.59,0.0,0.0,0.0,0.0,0.0,5.59,0.0,3898,3536
DMA,Dominica,Other religions,religion,3.0,3.06,0.05,3.06,0.0,0.0,0.0,0.0,0.0,3.06,0.0,1989,1932
DMA,Dominica,Protestant Christianity,religion,15.14,14.38,-0.75,14.38,0.0,0.0,0.0,0.0,0.0,14.38,0.0,10023,9092
DMA,Dominica,Shia Islam,religion,0.02,0.02,-0.0,0.02,0.0,0.0,0.0,0.0,0.0,0.02,0.0,12,11
DMA,Dominica,Sunni Islam,religion,0.18,0.18,0.0,0.18,0.0,0.0,0.0,0.0,0.0,0.18,0.0,117,113
DMA,Dominica,Theravada Buddhism,religion,0.11,0.1,-0.0,0.1,0.0,0.0,0.0,0.0,0.0,0.1,0.0,70,64
DMA,Dominica,Unaffiliated,religion,9.01,13.57,4.56,13.57,0.0,0.0,0.0,0.0,0.0,13.57,0.0,5966,8576
DMA,Dominica,Vajrayana / Other Buddhism,religion,0.06,0.06,-0.0,0.06,0.0,0.0,0.0,0.0,0.0,0.06,0.0,40,37
DNK,Denmark,African Independent / Syncretic Christianity,religion,0.0,0.07,0.07,0.07,-0.0,0.204,0.116,0.0216,0.0096,0.0,0.07,0,4129
DNK,Denmark,Catholic Christianity,religion,17.25,14.2,-3.05,14.25,-0.05,0.204,0.116,0.0216,0.0096,14.16,0.05,1031181,869933
DNK,Denmark,Hinduism,religion,0.1,0.33,0.23,0.29,0.04,0.204,0.116,0.0216,0.0096,0.33,-0.0,5977,19995
DNK,Denmark,Ibadi / Other Islam,religion,0.16,0.3,0.14,0.29,0.01,0.204,0.116,0.0216,0.0096,0.31,-0.0,9683,18591
DNK,Denmark,Indigenous / Syncretic traditions,religion,0.0,0.03,0.03,0.03,0.0,0.204,0.116,0.0216,0.0096,0.0,0.03,0,1769
DNK,Denmark,Judaism,religion,0.5,0.19,-0.31,0.19,-0.0,0.204,0.116,0.0216,0.0096,0.19,-0.0,30046,11580
DNK,Denmark,Mahayana Buddhism,religion,0.45,0.36,-0.09,0.35,0.01,0.204,0.116,0.0216,0.0096,0.36,-0.0,27041,22025
DNK,Denmark,Orthodox Christianity,religion,2.65,2.21,-0.45,2.21,-0.01,0.204,0.116,0.0216,0.0096,2.18,0.03,158643,135061
DNK,Denmark,Other Christianity,religion,9.95,8.13,-1.83,8.15,-0.03,0.204,0.116,0.0216,0.0096,8.17,-0.04,594912,497778
DNK,Denmark,Other religions,religion,2.51,3.67,1.16,3.68,-0.01,0.204,0.116,0.0216,0.0096,3.68,-0.02,150230,224697
DNK,Denmark,Protestant Christianity,religion,36.49,29.92,-6.57,30.02,-0.1,0.204,0.116,0.0216,0.0096,29.95,-0.03,2181344,1832461
DNK,Denmark,Shia Islam,religion,0.49,0.92,0.43,0.87,0.04,0.204,0.116,0.0216,0.0096,0.92,-0.0,29050,56067
DNK,Denmark,Sunni Islam,religion,4.75,9.19,4.44,8.79,0.4,0.204,0.116,0.0216,0.0096,8.99,0.2,284047,563021
DNK,Denmark,Theravada Buddhism,religion,0.35,0.28,-0.07,0.27,0.01,0.204,0.116,0.0216,0.0096,0.28,-0.0,21032,17131
DNK,Denmark,Unaffiliated,religion,24.13,30.05,5.93,30.37,-0.31,0.204,0.116,0.0216,0.0096,30.32,-0.27,1442211,1840802
DNK,Denmark,Vajrayana / Other Buddhism,religion,0.2,0.16,-0.04,0.15,0.01,0.204,0.116,0.0216,0.0096,0.16,-0.0,12018,9789
DOM,Dominican Rep.,Catholic Christianity,religion,60.6,57.63,-2.97,57.63,0.0,0.0,0.0,0.0,0.0,57.63,0.0,6925279,7490254
DOM,Dominican Rep.,Folk / Traditional,religion,3.01,2.59,-0.42,2.59,0.0,0.0,0.0,0.0,0.0,2.59,0.0,343516,336099
DOM,Dominican Rep.,Hinduism,religion,0.2,0.19,-0.01,0.19,0.0,0.0,0.0,0.0,0.0,0.19,0.0,22855,25269
DOM,Dominican Rep.,Judaism,religion,0.2,0.2,-0.0,0.2,0.0,0.0,0.0,0.0,0.0,0.2,0.0,22901,25758
DOM,Dominican Rep.,Mahayana Buddhism,religion,0.14,0.13,-0.0,0.13,0.0,0.0,0.0,0.0,0.0,0.13,0.0,15458,17091
DOM,Dominican Rep.,Orthodox Christianity,religion,2.53,2.4,-0.12,2.4,0.0,0.0,0.0,0.0,0.0,2.4,0.0,288553,312094
DOM,Dominican Rep.,Other Christianity,religion,5.89,5.6,-0.29,5.6,0.0,0.0,0.0,0.0,0.0,5.6,0.0,673291,728219
DOM,Dominican Rep.,Other religions,religion,3.01,3.05,0.04,3.05,0.0,0.0,0.0,0.0,0.0,3.05,0.0,343516,395907
DOM,Dominican Rep.,Protestant Christianity,religion,15.15,14.41,-0.74,14.41,0.0,0.0,0.0,0.0,0.0,14.41,0.0,1731320,1872564
DOM,Dominican Rep.,Sunni Islam,religion,0.09,0.09,-0.0,0.09,0.0,0.0,0.0,0.0,0.0,0.09,0.0,10056,11384
DOM,Dominican Rep.,Theravada Buddhism,religion,0.11,0.1,-0.0,0.1,0.0,0.0,0.0,0.0,0.0,0.1,0.0,12023,13293
DOM,Dominican Rep.,Unaffiliated,religion,9.02,13.55,4.53,13.55,0.0,0.0,0.0,0.0,0.0,13.55,0.0,1030548,1760763
DOM,Dominican Rep.,Vajrayana / Other Buddhism,religion,0.06,0.06,-0.0,0.06,0.0,0.0,0.0,0.0,0.0,0.06,0.0,6870,7596
DZA,Algeria,Catholic Christianity,religion,0.1,0.8,0.7,0.8,0.0,0.0,0.0,0.0,0.0,0.8,0.0,46814,475100
DZA,Algeria,Folk / Traditional,religion,0.17,0.68,0.51,0.68,0.0,0.0,0.0,0.0,0.0,0.68,0.0,78024,402893
DZA,Algeria,Ibadi / Other Islam,religion,2.97,2.78,-0.19,2.78,0.0,0.0,0.0,0.0,0.0,2.78,0.0,1390385,1655496
DZA,Algeria,Orthodox Christianity,religion,0.19,1.53,1.34,1.53,0.0,0.0,0.0,0.0,0.0,1.53,0.0,89727,910608
DZA,Algeria,Other Christianity,religion,0.08,0.63,0.55,0.63,0.0,0.0,0.0,0.0,0.0,0.63,0.0,37061,376121
DZA,Algeria,Other religions,religion,0.17,1.26,1.09,1.26,0.0,0.0,0.0,0.0,0.0,1.26,0.0,78024,750262
DZA,Algeria,Protestant Christianity,religion,0.05,0.37,0.32,0.37,0.0,0.0,0.0,0.0,0.0,0.37,0.0,21457,217754
DZA,Algeria,Shia Islam,religion,8.91,8.34,-0.57,8.34,0.0,0.0,0.0,0.0,0.0,8.34,0.0,4171154,4966489
DZA,Algeria,Sunni Islam,religion,87.12,81.75,-5.37,81.75,0.0,0.0,0.0,0.0,0.0,81.75,0.0,40784620,48697702
DZA,Algeria,Unaffiliated,religion,0.25,1.87,1.62,1.87,0.0,0.0,0.0,0.0,0.0,1.87,0.0,117036,1113126
ECU,Ecuador,Catholic Christianity,religion,60.6,58.92,-1.68,58.92,0.0,0.0,0.0,0.0,0.0,58.92,0.0,10990384,12571648
ECU,Ecuador,Folk / Traditional,religion,3.01,2.66,-0.35,2.66,0.0,0.0,0.0,0.0,0.0,2.66,0.0,545158,567120
ECU,Ecuador,Hinduism,religion,0.2,0.2,-0.0,0.2,0.0,0.0,0.0,0.0,0.0,0.2,0.0,36271,42205
ECU,Ecuador,Judaism,religion,0.2,0.2,0.0,0.2,0.0,0.0,0.0,0.0,0.0,0.2,0.0,36344,43023
ECU,Ecuador,Mahayana Buddhism,religion,0.14,0.13,-0.0,0.13,0.0,0.0,0.0,0.0,0.0,0.13,0.0,24532,28546
ECU,Ecuador,Orthodox Christianity,religion,2.53,2.45,-0.07,2.45,0.0,0.0,0.0,0.0,0.0,2.45,0.0,457933,523819
ECU,Ecuador,Other Christianity,religion,5.89,5.73,-0.16,5.73,0.0,0.0,0.0,0.0,0.0,5.73,0.0,1068510,1222244
ECU,Ecuador,Other religions,religion,3.01,3.06,0.05,3.06,0.0,0.0,0.0,0.0,0.0,3.06,0.0,545158,652171
ECU,Ecuador,Protestant Christianity,religion,15.15,14.73,-0.42,14.73,0.0,0.0,0.0,0.0,0.0,14.73,0.0,2747596,3142912
ECU,Ecuador,Sunni Islam,religion,0.09,0.09,0.0,0.09,0.0,0.0,0.0,0.0,0.0,0.09,0.0,15959,19166
ECU,Ecuador,Theravada Buddhism,religion,0.11,0.1,-0.0,0.1,0.0,0.0,0.0,0.0,0.0,0.1,0.0,19081,22202
ECU,Ecuador,Unaffiliated,religion,9.02,11.67,2.65,11.67,0.0,0.0,0.0,0.0,0.0,11.67,0.0,1635474,2489487
ECU,Ecuador,Vajrayana / Other Buddhism,religion,0.06,0.06,-0.0,0.06,0.0,0.0,0.0,0.0,0.0,0.06,0.0,10903,12687
EGY,Egypt,Catholic Christianity,religion,1.74,1.9,0.16,1.9,0.0,0.0,0.0,0.0,0.0,1.9,0.0,2031863,3075809
EGY,Egypt,Ibadi / Other Islam,religion,2.77,2.72,-0.05,2.72,0.0,0.0,0.0,0.0,0.0,2.72,0.0,3228692,4397445
EGY,Egypt,Orthodox Christianity,religion,3.34,3.65,0.31,3.65,0.0,0.0,0.0,0.0,0.0,3.65,0.0,3894404,5895300
EGY,Egypt,Other Christianity,religion,1.38,1.51,0.13,1.51,0.0,0.0,0.0,0.0,0.0,1.51,0.0,1608558,2435015
EGY,Egypt,Other religions,religion,0.23,0.3,0.07,0.3,0.0,0.0,0.0,0.0,0.0,0.3,0.0,267350,484891
EGY,Egypt,Protestant Christianity,religion,0.8,0.87,0.07,0.87,0.0,0.0,0.0,0.0,0.0,0.87,0.0,931271,1409746
EGY,Egypt,Shia Islam,religion,8.31,8.16,-0.15,8.16,0.0,0.0,0.0,0.0,0.0,8.16,0.0,9686077,13192336
EGY,Egypt,Sunni Islam,religion,81.27,79.81,-1.46,79.81,0.0,0.0,0.0,0.0,0.0,79.81,0.0,94708310,128991733
EGY,Egypt,Unaffiliated,religion,0.15,1.08,0.93,1.08,0.0,0.0,0.0,0.0,0.0,1.08,0.0,178234,1747921
ERI,Eritrea,African Independent / Syncretic Christianity,religion,4.35,2.35,-2.0,2.35,0.0,0.0,0.0,0.0,0.0,2.35,0.0,153693,133758
ERI,Eritrea,Catholic Christianity,religion,7.49,4.04,-3.44,4.04,0.0,0.0,0.0,0.0,0.0,4.04,0.0,264693,230361
ERI,Eritrea,Folk / Traditional,religion,5.61,2.43,-3.18,2.43,0.0,0.0,0.0,0.0,0.0,2.43,0.0,198520,138501
ERI,Eritrea,Hinduism,religion,0.1,0.03,-0.07,0.03,0.0,0.0,0.0,0.0,0.0,0.03,0.0,3536,1990
ERI,Eritrea,Ibadi / Other Islam,religion,1.55,2.24,0.69,2.24,0.0,0.0,0.0,0.0,0.0,2.24,0.0,54731,127579
ERI,Eritrea,Indigenous / Syncretic traditions,religion,15.52,7.04,-8.48,7.04,0.0,0.0,0.0,0.0,0.0,7.04,0.0,548599,400929
ERI,Eritrea,Orthodox Christianity,religion,1.45,0.78,-0.67,0.78,0.0,0.0,0.0,0.0,0.0,0.78,0.0,51231,44586
ERI,Eritrea,Other Christianity,religion,1.21,0.65,-0.56,0.65,0.0,0.0,0.0,0.0,0.0,0.65,0.0,42692,37155
ERI,Eritrea,Other religions,religion,1.51,1.16,-0.35,1.16,0.0,0.0,0.0,0.0,0.0,1.16,0.0,53366,66296
ERI,Eritrea,Protestant Christianity,religion,9.66,5.27,-4.39,5.27,0.0,0.0,0.0,0.0,0.0,5.27,0.0,341540,300085
ERI,Eritrea,Shia Islam,religion,4.64,6.72,2.08,6.72,0.0,0.0,0.0,0.0,0.0,6.72,0.0,164194,382737
ERI,Eritrea,Sunni Islam,religion,45.41,65.93,20.53,65.93,0.0,0.0,0.0,0.0,0.0,65.93,0.0,1605450,3755694
ERI,Eritrea,Unaffiliated,religion,1.51,1.34,-0.17,1.34,0.0,0.0,0.0,0.0,0.0,1.34,0.0,53366,76393
ESP,Spain,African Independent / Syncretic Christianity,religion,0.0,0.04,0.04,0.04,0.0,0.397,0.226,0.04,0.0058,0.0,0.04,0,18142
ESP,Spain,Catholic Christianity,religion,47.97,38.67,-9.3,38.25,0.42,0.397,0.226,0.04,0.0058,38.79,-0.11,22982646,17374729
ESP,Spain,Hinduism,religion,0.11,0.5,0.39,0.48,0.02,0.397,0.226,0.04,0.0058,0.5,-0.0,52702,224652
ESP,Spain,Ibadi / Other Islam,religion,0.15,0.29,0.14,0.28,0.01,0.397,0.226,0.04,0.0058,0.3,-0.0,71866,132278
ESP,Spain,Indigenous / Syncretic traditions,religion,0.0,0.02,0.02,0.02,0.0,0.397,0.226,0.04,0.0058,0.0,0.02,0,7775
ESP,Spain,Judaism,religion,0.5,0.47,-0.03,0.49,-0.02,0.397,0.226,0.04,0.0058,0.47,-0.0,241821,211325
ESP,Spain,Mahayana Buddhism,religion,0.45,0.5,0.05,0.5,-0.0,0.397,0.226,0.04,0.0058,0.51,-0.0,217639,225781
ESP,Spain,Orthodox Christianity,religion,2.0,1.64,-0.36,1.62,0.02,0.397,0.226,0.04,0.0058,1.62,0.02,957610,734854
ESP,Spain,Other Christianity,religion,4.66,3.77,-0.89,3.73,0.04,0.397,0.226,0.04,0.0058,3.77,0.0,2234424,1694789
ESP,Spain,Other religions,religion,2.52,2.63,0.1,2.65,-0.03,0.397,0.226,0.04,0.0058,2.63,-0.0,1209104,1180192
ESP,Spain,Protestant Christianity,religion,11.99,9.8,-2.2,9.69,0.11,0.397,0.226,0.04,0.0058,9.7,0.1,5745661,4401347
ESP,Spain,Shia Islam,religion,0.45,0.89,0.44,0.86,0.03,0.397,0.226,0.04,0.0058,0.89,-0.0,215597,398131
ESP,Spain,Sunni Islam,religion,4.4,8.82,4.42,8.53,0.3,0.397,0.226,0.04,0.0058,8.7,0.12,2108063,3963859
ESP,Spain,Theravada Buddhism,religion,0.35,0.39,0.04,0.39,-0.0,0.397,0.226,0.04,0.0058,0.39,-0.0,169275,175607
ESP,Spain,Unaffiliated,religion,24.23,31.35,7.12,32.24,-0.89,0.397,0.226,0.04,0.0058,31.52,-0.17,11607397,14084753
ESP,Spain,Vajrayana / Other Buddhism,religion,0.2,0.22,0.02,0.22,-0.0,0.397,0.226,0.04,0.0058,0.22,-0.0,96728,100347
EST,Estonia,Catholic Christianity,religion,18.23,15.67,-2.56,15.75,-0.08,0.403,0.195,0.0377,0.0,15.67,0.0,248057,184005
EST,Estonia,Hinduism,religion,0.03,0.09,0.07,0.0,0.09,0.403,0.195,0.0377,0.0,0.09,0.0,367,1108
EST,Estonia,Ibadi / Other Islam,religion,0.0,0.21,0.21,0.19,0.02,0.403,0.195,0.0377,0.0,0.21,0.0,0,2491
EST,Estonia,Judaism,religion,0.53,0.41,-0.12,0.43,-0.02,0.403,0.195,0.0377,0.0,0.41,0.0,7228,4868
EST,Estonia,Mahayana Buddhism,religion,0.48,0.4,-0.08,0.38,0.01,0.403,0.195,0.0377,0.0,0.4,0.0,6505,4654
EST,Estonia,Orthodox Christianity,religion,2.8,2.41,-0.39,2.42,-0.01,0.403,0.195,0.0377,0.0,2.41,0.0,38163,28309
EST,Estonia,Other Christianity,religion,10.52,9.04,-1.48,9.09,-0.05,0.403,0.195,0.0377,0.0,9.04,0.0,143110,106157
EST,Estonia,Other religions,religion,2.66,2.77,0.11,2.76,0.01,0.403,0.195,0.0377,0.0,2.77,0.0,36139,32468
EST,Estonia,Protestant Christianity,religion,38.57,33.15,-5.42,33.32,-0.18,0.403,0.195,0.0377,0.0,33.15,0.0,524736,389242
EST,Estonia,Shia Islam,religion,0.0,0.64,0.64,0.57,0.06,0.403,0.195,0.0377,0.0,0.64,0.0,0,7472
EST,Estonia,Sikhism,religion,0.0,0.03,0.03,0.0,0.03,0.403,0.195,0.0377,0.0,0.03,0.0,0,355
EST,Estonia,Sunni Islam,religion,0.09,6.25,6.16,5.63,0.62,0.403,0.195,0.0377,0.0,6.25,0.0,1197,73348
EST,Estonia,Theravada Buddhism,religion,0.37,0.31,-0.06,0.3,0.01,0.403,0.195,0.0377,0.0,0.31,0.0,5059,3620
EST,Estonia,Unaffiliated,religion,25.5,28.45,2.95,28.98,-0.53,0.403,0.195,0.0377,0.0,28.45,0.0,346933,334098
EST,Estonia,Vajrayana / Other Buddhism,religion,0.21,0.18,-0.04,0.17,0.01,0.403,0.195,0.0377,0.0,0.18,0.0,2891,2068
ETH,Ethiopia,African Independent / Syncretic Christianity,religion,11.8,11.12,-0.68,11.12,0.0,0.0,0.0,0.0,0.0,11.12,0.0,15588215,25020189
ETH,Ethiopia,Catholic Christianity,religion,20.33,19.15,-1.18,19.15,0.0,0.0,0.0,0.0,0.0,19.15,0.0,26846371,43090325
ETH,Ethiopia,Folk / Traditional,religion,1.61,1.1,-0.51,1.1,0.0,0.0,0.0,0.0,0.0,1.1,0.0,2130664,2482003
ETH,Ethiopia,Ibadi / Other Islam,religion,0.94,1.04,0.1,1.04,0.0,0.0,0.0,0.0,0.0,1.04,0.0,1240041,2335218
ETH,Ethiopia,Indigenous / Syncretic traditions,religion,0.99,0.68,-0.31,0.68,0.0,0.0,0.0,0.0,0.0,0.68,0.0,1305891,1521227
ETH,Ethiopia,Orthodox Christianity,religion,3.93,3.71,-0.23,3.71,0.0,0.0,0.0,0.0,0.0,3.71,0.0,5196072,8340063
ETH,Ethiopia,Other Christianity,religion,3.28,3.09,-0.19,3.09,0.0,0.0,0.0,0.0,0.0,3.09,0.0,4330060,6950052
ETH,Ethiopia,Other religions,religion,0.31,0.4,0.09,0.4,0.0,0.0,0.0,0.0,0.0,0.4,0.0,412387,900087
ETH,Ethiopia,Protestant Christianity,religion,26.23,24.71,-1.52,24.71,0.0,0.0,0.0,0.0,0.0,24.71,0.0,34640478,55600420
ETH,Ethiopia,Shia Islam,religion,2.82,3.11,0.3,3.11,0.0,0.0,0.0,0.0,0.0,3.11,0.0,3720124,7005653
ETH,Ethiopia,Sunni Islam,religion,27.54,30.44,2.9,30.44,0.0,0.0,0.0,0.0,0.0,30.44,0.0,36374543,68499717
ETH,Ethiopia,Unaffiliated,religion,0.21,1.46,1.25,1.46,0.0,0.0,0.0,0.0,0.0,1.46,0.0,274924,3276916
FIN,Finland,African Independent / Syncretic Christianity,religion,0.0,0.06,0.06,0.06,0.0,0.341,0.194,0.0347,0.0093,0.0,0.06,0,3472
FIN,Finland,Catholic Christianity,religion,17.78,13.89,-3.89,13.9,-0.01,0.341,0.194,0.0347,0.0093,13.84,0.05,998796,743233
FIN,Finland,Hinduism,religion,0.1,0.54,0.44,0.47,0.07,0.341,0.194,0.0347,0.0093,0.55,-0.01,5617,29052
FIN,Finland,Ibadi / Other Islam,religion,0.07,0.28,0.21,0.27,0.02,0.341,0.194,0.0347,0.0093,0.28,-0.0,4213,15083
FIN,Finland,Indigenous / Syncretic traditions,religion,0.0,0.03,0.03,0.03,0.0,0.341,0.194,0.0347,0.0093,0.0,0.03,0,1488
FIN,Finland,Judaism,religion,0.52,0.47,-0.05,0.49,-0.02,0.341,0.194,0.0347,0.0093,0.48,-0.0,29102,25224
FIN,Finland,Mahayana Buddhism,religion,0.47,0.51,0.05,0.5,0.01,0.341,0.194,0.0347,0.0093,0.52,-0.0,26192,27375
FIN,Finland,Orthodox Christianity,religion,2.74,2.16,-0.58,2.16,-0.0,0.341,0.194,0.0347,0.0093,2.13,0.03,153661,115374
FIN,Finland,Other Christianity,religion,10.26,7.95,-2.31,7.95,-0.01,0.341,0.194,0.0347,0.0093,7.98,-0.04,576229,425336
FIN,Finland,Other religions,religion,2.59,2.67,0.08,2.66,0.01,0.341,0.194,0.0347,0.0093,2.68,-0.01,145512,143071
FIN,Finland,Protestant Christianity,religion,37.61,29.26,-8.36,29.28,-0.02,0.341,0.194,0.0347,0.0093,29.28,-0.02,2112838,1565681
FIN,Finland,Shia Islam,religion,0.22,0.85,0.63,0.8,0.05,0.341,0.194,0.0347,0.0093,0.85,-0.0,12639,45498
FIN,Finland,Sikhism,religion,0.0,0.03,0.03,0.0,0.03,0.341,0.194,0.0347,0.0093,0.03,-0.0,0,1471
FIN,Finland,Sunni Islam,religion,2.2,8.55,6.35,8.07,0.49,0.341,0.194,0.0347,0.0093,8.35,0.2,123581,457675
FIN,Finland,Theravada Buddhism,religion,0.36,0.4,0.04,0.39,0.01,0.341,0.194,0.0347,0.0093,0.4,-0.0,20372,21292
FIN,Finland,Unaffiliated,religion,24.87,32.12,7.26,32.74,-0.62,0.341,0.194,0.0347,0.0093,32.4,-0.28,1396918,1719155
FIN,Finland,Vajrayana / Other Buddhism,religion,0.21,0.23,0.02,0.22,0.0,0.341,0.194,0.0347,0.0093,0.23,-0.0,11641,12167
FJI,Fiji,Catholic Christianity,religion,20.51,19.06,-1.45,19.06,0.0,0.0,0.0,0.0,0.0,19.06,0.0,190528,190637
FJI,Fiji,Folk / Traditional,religion,4.07,3.43,-0.64,3.43,0.0,0.0,0.0,0.0,0.0,3.43,0.0,37803,34273
FJI,Fiji,Hinduism,religion,27.9,26.46,-1.44,26.46,0.0,0.0,0.0,0.0,0.0,26.46,0.0,259135,264651
FJI,Fiji,Ibadi / Other Islam,religion,0.19,0.18,-0.01,0.18,0.0,0.0,0.0,0.0,0.0,0.18,0.0,1755,1809
FJI,Fiji,Mahayana Buddhism,religion,0.46,0.43,-0.02,0.43,0.0,0.0,0.0,0.0,0.0,0.43,0.0,4253,4343
FJI,Fiji,Orthodox Christianity,religion,3.91,3.63,-0.28,3.63,0.0,0.0,0.0,0.0,0.0,3.63,0.0,36291,36312
FJI,Fiji,Other Christianity,religion,7.81,7.26,-0.55,7.26,0.0,0.0,0.0,0.0,0.0,7.26,0.0,72582,72624
FJI,Fiji,Other religions,religion,1.02,1.02,-0.0,1.02,0.0,0.0,0.0,0.0,0.0,1.02,0.0,9451,10155
FJI,Fiji,Protestant Christianity,religion,16.61,15.43,-1.18,15.43,0.0,0.0,0.0,0.0,0.0,15.43,0.0,154237,154325
FJI,Fiji,Shia Islam,religion,0.57,0.54,-0.02,0.54,0.0,0.0,0.0,0.0,0.0,0.54,0.0,5266,5428
FJI,Fiji,Sunni Islam,religion,5.54,5.39,-0.16,5.39,0.0,0.0,0.0,0.0,0.0,5.39,0.0,51493,53869
FJI,Fiji,Theravada Buddhism,religion,0.36,0.34,-0.02,0.34,0.0,0.0,0.0,0.0,0.0,0.34,0.0,3308,3378
FJI,Fiji,Unaffiliated,religion,10.85,16.65,5.8,16.65,0.0,0.0,0.0,0.0,0.0,16.65,0.0,100808,166531
FJI,Fiji,Vajrayana / Other Buddhism,religion,0.2,0.19,-0.01,0.19,0.0,0.0,0.0,0.0,0.0,0.19,0.0,1890,1930
FRA,France,African Independent / Syncretic Christianity,religion,0.0,0.1,0.1,0.1,-0.0,0.136,0.084,0.0156,0.0144,0.0,0.1,0,68578
FRA,France,Catholic Christianity,religion,45.2,35.0,-10.2,35.07,-0.07,0.136,0.084,0.0156,0.0144,35.23,-0.23,30083040,23877231
FRA,France,Hinduism,religion,0.2,0.41,0.21,0.39,0.02,0.136,0.084,0.0156,0.0144,0.42,-0.01,133097,280632
FRA,France,Ibadi / Other Islam,religion,0.31,0.5,0.19,0.49,0.01,0.136,0.084,0.0156,0.0144,0.51,-0.01,207232,343308
FRA,France,Indigenous / Syncretic traditions,religion,0.0,0.04,0.04,0.04,-0.0,0.136,0.084,0.0156,0.0144,0.0,0.04,0,29391
FRA,France,Judaism,religion,0.48,0.57,0.1,0.58,-0.01,0.136,0.084,0.0156,0.0144,0.58,-0.01,316530,389431
FRA,France,Mahayana Buddhism,religion,0.43,0.44,0.01,0.43,0.01,0.136,0.084,0.0156,0.0144,0.45,-0.01,284877,301528
FRA,France,Orthodox Christianity,religion,1.88,1.52,-0.36,1.52,-0.0,0.136,0.084,0.0156,0.0144,1.47,0.05,1253460,1036113
FRA,France,Other Christianity,religion,4.39,3.43,-0.96,3.44,-0.01,0.136,0.084,0.0156,0.0144,3.43,0.01,2924740,2342488
FRA,France,Other religions,religion,2.38,2.99,0.61,2.99,-0.0,0.136,0.084,0.0156,0.0144,3.0,-0.01,1582652,2036794
FRA,France,Protestant Christianity,religion,11.3,9.07,-2.23,9.09,-0.02,0.136,0.084,0.0156,0.0144,8.81,0.26,7520760,6187289
FRA,France,Shia Islam,religion,0.93,1.52,0.58,1.49,0.03,0.136,0.084,0.0156,0.0144,1.53,-0.01,621696,1034821
FRA,France,Sunni Islam,religion,9.13,15.19,6.06,14.89,0.3,0.136,0.084,0.0156,0.0144,14.98,0.22,6078809,10364262
FRA,France,Theravada Buddhism,religion,0.33,0.34,0.01,0.34,0.01,0.136,0.084,0.0156,0.0144,0.35,-0.01,221571,234522
FRA,France,Unaffiliated,religion,22.83,28.67,5.84,28.95,-0.28,0.136,0.084,0.0156,0.0144,29.05,-0.38,15193455,19559283
FRA,France,Vajrayana / Other Buddhism,religion,0.19,0.2,0.01,0.19,0.0,0.136,0.084,0.0156,0.0144,0.2,-0.0,126612,134012
FSM,Micronesia,Catholic Christianity,religion,30.52,28.8,-1.73,28.8,0.0,0.0,0.0,0.0,0.0,28.8,0.0,34540,36403
FSM,Micronesia,Folk / Traditional,religion,6.06,5.22,-0.84,5.22,0.0,0.0,0.0,0.0,0.0,5.22,0.0,6853,6596
FSM,Micronesia,Hinduism,religion,2.0,1.92,-0.08,1.92,0.0,0.0,0.0,0.0,0.0,1.92,0.0,2263,2422
FSM,Micronesia,Mahayana Buddhism,religion,0.68,0.65,-0.03,0.65,0.0,0.0,0.0,0.0,0.0,0.65,0.0,771,825
FSM,Micronesia,Orthodox Christianity,religion,5.81,5.48,-0.33,5.48,0.0,0.0,0.0,0.0,0.0,5.48,0.0,6579,6934
FSM,Micronesia,Other Christianity,religion,11.63,10.97,-0.66,10.97,0.0,0.0,0.0,0.0,0.0,10.97,0.0,13158,13868
FSM,Micronesia,Other religions,religion,1.51,1.51,-0.0,1.51,0.0,0.0,0.0,0.0,0.0,1.51,0.0,1713,1909
FSM,Micronesia,Protestant Christianity,religion,24.71,23.31,-1.4,23.31,0.0,0.0,0.0,0.0,0.0,23.31,0.0,27961,29469
FSM,Micronesia,Sunni Islam,religion,0.09,0.09,-0.0,0.09,0.0,0.0,0.0,0.0,0.0,0.09,0.0,100,110
FSM,Micronesia,Theravada Buddhism,religion,0.53,0.51,-0.02,0.51,0.0,0.0,0.0,0.0,0.0,0.51,0.0,600,642
FSM,Micronesia,Unaffiliated,religion,16.15,21.26,5.11,21.26,0.0,0.0,0.0,0.0,0.0,21.26,0.0,18275,26875
FSM,Micronesia,Vajrayana / Other Buddhism,religion,0.3,0.29,-0.01,0.29,0.0,0.0,0.0,0.0,0.0,0.29,0.0,343,367
GAB,Gabon,African Independent / Syncretic Christianity,religion,14.06,14.09,0.03,14.09,0.0,0.0,0.0,0.0,0.0,14.09,0.0,357072,575653
GAB,Gabon,Catholic Christianity,religion,24.22,24.27,0.05,24.27,0.0,0.0,0.0,0.0,0.0,24.27,0.0,614957,991402
GAB,Gabon,Folk / Traditional,religion,2.45,1.75,-0.7,1.75,0.0,0.0,0.0,0.0,0.0,1.75,0.0,62274,71441
GAB,Gabon,Ibadi / Other Islam,religion,0.3,0.32,0.02,0.32,0.0,0.0,0.0,0.0,0.0,0.32,0.0,7617,12904
GAB,Gabon,Indigenous / Syncretic traditions,religion,7.44,5.46,-1.98,5.46,0.0,0.0,0.0,0.0,0.0,5.46,0.0,188831,223069
GAB,Gabon,Orthodox Christianity,religion,4.69,4.7,0.01,4.7,0.0,0.0,0.0,0.0,0.0,4.7,0.0,119024,191884
GAB,Gabon,Other Christianity,religion,3.91,3.91,0.01,3.91,0.0,0.0,0.0,0.0,0.0,3.91,0.0,99187,159904
GAB,Gabon,Other religions,religion,0.99,1.19,0.2,1.19,0.0,0.0,0.0,0.0,0.0,1.19,0.0,25111,48508
GAB,Gabon,Protestant Christianity,religion,31.25,31.48,0.23,31.48,0.0,0.0,0.0,0.0,0.0,31.48,0.0,793493,1285999
GAB,Gabon,Shia Islam,religion,0.9,0.95,0.05,0.95,0.0,0.0,0.0,0.0,0.0,0.95,0.0,22851,38711
GAB,Gabon,Sunni Islam,religion,8.8,9.31,0.51,9.31,0.0,0.0,0.0,0.0,0.0,9.31,0.0,223428,380414
GAB,Gabon,Unaffiliated,religion,0.99,2.56,1.57,2.56,0.0,0.0,0.0,0.0,0.0,2.56,0.0,25111,104650
GBR,UK,African Independent / Syncretic Christianity,religion,0.0,0.12,0.12,0.12,0.0,0.204,0.134,0.0231,0.0165,0.0,0.12,0,87000
GBR,UK,Catholic Christianity,religion,12.02,12.31,0.3,12.33,-0.01,0.204,0.134,0.0231,0.0165,12.2,0.11,8309439,9297403
GBR,UK,Hinduism,religion,1.7,2.34,0.64,2.12,0.22,0.204,0.134,0.0231,0.0165,2.38,-0.04,1175349,1767604
GBR,UK,Ibadi / Other Islam,religion,0.18,0.47,0.29,0.46,0.01,0.204,0.134,0.0231,0.0165,0.48,-0.01,124449,355192
GBR,UK,Indigenous / Syncretic traditions,religion,0.0,0.05,0.05,0.05,0.0,0.204,0.134,0.0231,0.0165,0.0,0.05,0,37286
GBR,UK,Judaism,religion,0.5,0.38,-0.13,0.39,-0.01,0.204,0.134,0.0231,0.0165,0.38,-0.01,347385,284000
GBR,UK,Mahayana Buddhism,religion,0.23,0.42,0.2,0.43,-0.01,0.204,0.134,0.0231,0.0165,0.43,-0.01,156323,319500
GBR,UK,Orthodox Christianity,religion,1.85,1.93,0.08,1.93,-0.0,0.204,0.134,0.0231,0.0165,1.88,0.05,1278375,1456183
GBR,UK,Other Christianity,religion,6.93,6.99,0.06,7.0,-0.01,0.204,0.134,0.0231,0.0165,7.04,-0.05,4793907,5277365
GBR,UK,Other religions,religion,6.98,3.15,-3.83,3.18,-0.03,0.204,0.134,0.0231,0.0165,3.17,-0.02,4828645,2380675
GBR,UK,Protestant Christianity,religion,25.42,25.83,0.41,25.86,-0.02,0.204,0.134,0.0231,0.0165,25.81,0.02,17577659,19503622
GBR,UK,Shia Islam,religion,0.54,1.42,0.88,1.39,0.03,0.204,0.134,0.0231,0.0165,1.43,-0.02,373346,1071791
GBR,UK,Sikhism,religion,0.9,1.24,0.34,1.16,0.09,0.204,0.134,0.0231,0.0165,1.26,-0.02,625292,937668
GBR,UK,Sunni Islam,religion,5.28,14.29,9.01,14.05,0.25,0.204,0.134,0.0231,0.0165,14.03,0.26,3650496,10791826
GBR,UK,Theravada Buddhism,religion,0.18,0.33,0.15,0.34,-0.01,0.204,0.134,0.0231,0.0165,0.33,-0.01,121585,248500
GBR,UK,Unaffiliated,religion,37.18,28.54,-8.64,29.02,-0.49,0.204,0.134,0.0231,0.0165,28.97,-0.44,25706458,21547071
GBR,UK,Vajrayana / Other Buddhism,religion,0.1,0.19,0.09,0.19,-0.0,0.204,0.134,0.0231,0.0165,0.19,-0.0,69477,142000
GEO,Georgia,Catholic Christianity,religion,5.59,5.13,-0.47,5.13,0.0,0.0,0.0,0.0,0.0,5.13,0.0,213030,187953
GEO,Georgia,Folk / Traditional,religion,3.39,2.81,-0.58,2.81,0.0,0.0,0.0,0.0,0.0,2.81,0.0,129109,103095
GEO,Georgia,Ibadi / Other Islam,religion,0.32,0.32,-0.01,0.32,0.0,0.0,0.0,0.0,0.0,0.32,0.0,12223,11577
GEO,Georgia,Mahayana Buddhism,religion,2.03,1.91,-0.12,1.91,0.0,0.0,0.0,0.0,0.0,1.91,0.0,77465,70164
GEO,Georgia,Orthodox Christianity,religion,48.49,44.46,-4.03,44.46,0.0,0.0,0.0,0.0,0.0,44.46,0.0,1846257,1628926
GEO,Georgia,Other Christianity,religion,4.35,3.99,-0.36,3.99,0.0,0.0,0.0,0.0,0.0,3.99,0.0,165690,146186
GEO,Georgia,Other religions,religion,2.26,2.24,-0.02,2.24,0.0,0.0,0.0,0.0,0.0,2.24,0.0,86073,81932
GEO,Georgia,Protestant Christianity,religion,3.73,3.42,-0.31,3.42,0.0,0.0,0.0,0.0,0.0,3.42,0.0,142020,125302
GEO,Georgia,Shia Islam,religion,0.96,0.95,-0.02,0.95,0.0,0.0,0.0,0.0,0.0,0.95,0.0,36668,34732
GEO,Georgia,Sunni Islam,religion,9.42,9.4,-0.01,9.4,0.0,0.0,0.0,0.0,0.0,9.4,0.0,358530,344505
GEO,Georgia,Theravada Buddhism,religion,1.58,1.49,-0.09,1.49,0.0,0.0,0.0,0.0,0.0,1.49,0.0,60251,54572
GEO,Georgia,Unaffiliated,religion,16.95,23.03,6.08,23.03,0.0,0.0,0.0,0.0,0.0,23.03,0.0,645544,843885
GEO,Georgia,Vajrayana / Other Buddhism,religion,0.9,0.85,-0.05,0.85,0.0,0.0,0.0,0.0,0.0,0.85,0.0,34429,31184
GHA,Ghana,African Independent / Syncretic Christianity,religion,12.79,12.74,-0.05,12.74,0.0,0.0,0.0,0.0,0.0,12.74,0.0,4402574,6439562
GHA,Ghana,Catholic Christianity,religion,22.02,21.94,-0.09,21.94,0.0,0.0,0.0,0.0,0.0,21.94,0.0,7582210,11090357
GHA,Ghana,Folk / Traditional,religion,1.86,0.91,-0.95,0.91,0.0,0.0,0.0,0.0,0.0,0.91,0.0,640750,462098
GHA,Ghana,Hinduism,religion,0.05,0.0,-0.05,0.0,0.0,0.0,0.0,0.0,0.0,0.0,0.0,17214,0
GHA,Ghana,Ibadi / Other Islam,religion,0.6,0.65,0.05,0.65,0.0,0.0,0.0,0.0,0.0,0.65,0.0,205532,327941
GHA,Ghana,Indigenous / Syncretic traditions,religion,5.14,3.02,-2.13,3.02,0.0,0.0,0.0,0.0,0.0,3.02,0.0,1770675,1525421
GHA,Ghana,Orthodox Christianity,religion,4.26,4.25,-0.02,4.25,0.0,0.0,0.0,0.0,0.0,4.25,0.0,1467525,2146521
GHA,Ghana,Other Christianity,religion,3.55,3.54,-0.01,3.54,0.0,0.0,0.0,0.0,0.0,3.54,0.0,1222937,1788767
GHA,Ghana,Other religions,religion,1.0,1.0,-0.0,1.0,0.0,0.0,0.0,0.0,0.0,1.0,0.0,344489,505530
GHA,Ghana,Protestant Christianity,religion,28.42,28.31,-0.11,28.31,0.0,0.0,0.0,0.0,0.0,28.31,0.0,9783497,14310139
GHA,Ghana,Shia Islam,religion,1.79,1.95,0.16,1.95,0.0,0.0,0.0,0.0,0.0,1.95,0.0,616595,983822
GHA,Ghana,Sunni Islam,religion,17.51,19.03,1.52,19.03,0.0,0.0,0.0,0.0,0.0,19.03,0.0,6028929,9619593
GHA,Ghana,Unaffiliated,religion,1.0,2.68,1.68,2.68,0.0,0.0,0.0,0.0,0.0,2.68,0.0,344489,1353294
GIN,Guinea,Catholic Christianity,religion,1.91,1.75,-0.15,1.75,0.0,0.0,0.0,0.0,0.0,1.75,0.0,281447,410228
GIN,Guinea,Folk / Traditional,religion,1.82,1.57,-0.25,1.57,0.0,0.0,0.0,0.0,0.0,1.57,0.0,268045,367161
GIN,Guinea,Ibadi / Other Islam,religion,2.67,2.65,-0.02,2.65,0.0,0.0,0.0,0.0,0.0,2.65,0.0,394395,620545
GIN,Guinea,Orthodox Christianity,religion,0.36,0.33,-0.03,0.33,0.0,0.0,0.0,0.0,0.0,0.33,0.0,53609,78139
GIN,Guinea,Other Christianity,religion,0.73,0.67,-0.06,0.67,0.0,0.0,0.0,0.0,0.0,0.67,0.0,107218,156277
GIN,Guinea,Other religions,religion,1.82,1.69,-0.13,1.69,0.0,0.0,0.0,0.0,0.0,1.69,0.0,268045,394718
GIN,Guinea,Protestant Christianity,religion,1.54,1.42,-0.13,1.42,0.0,0.0,0.0,0.0,0.0,1.42,0.0,227838,332089
GIN,Guinea,Shia Islam,religion,8.02,7.95,-0.06,7.95,0.0,0.0,0.0,0.0,0.0,7.95,0.0,1183186,1861636
GIN,Guinea,Sunni Islam,religion,78.41,78.85,0.45,78.85,0.0,0.0,0.0,0.0,0.0,78.85,0.0,11568927,18455239
GIN,Guinea,Unaffiliated,religion,2.73,3.11,0.39,3.11,0.0,0.0,0.0,0.0,0.0,3.11,0.0,402068,728561
GMB,Gambia,Catholic Christianity,religion,0.63,0.58,-0.05,0.58,0.0,0.0,0.0,0.0,0.0,0.58,0.0,17388,24751
GMB,Gambia,Folk / Traditional,religion,0.6,0.52,-0.08,0.52,0.0,0.0,0.0,0.0,0.0,0.52,0.0,16560,22301
GMB,Gambia,Ibadi / Other Islam,religion,2.89,2.86,-0.04,2.86,0.0,0.0,0.0,0.0,0.0,2.86,0.0,79819,122822
GMB,Gambia,Orthodox Christianity,religion,0.12,0.11,-0.01,0.11,0.0,0.0,0.0,0.0,0.0,0.11,0.0,3312,4714
GMB,Gambia,Other Christianity,religion,0.24,0.22,-0.02,0.22,0.0,0.0,0.0,0.0,0.0,0.22,0.0,6624,9429
GMB,Gambia,Other religions,religion,0.6,0.55,-0.05,0.55,0.0,0.0,0.0,0.0,0.0,0.55,0.0,16560,23752
GMB,Gambia,Protestant Christianity,religion,0.51,0.47,-0.04,0.47,0.0,0.0,0.0,0.0,0.0,0.47,0.0,14076,20036
GMB,Gambia,Shia Islam,religion,8.68,8.57,-0.11,8.57,0.0,0.0,0.0,0.0,0.0,8.57,0.0,239458,368467
GMB,Gambia,Sunni Islam,religion,84.83,84.91,0.08,84.91,0.0,0.0,0.0,0.0,0.0,84.91,0.0,2341362,3652697
GMB,Gambia,Unaffiliated,religion,0.9,1.23,0.33,1.23,0.0,0.0,0.0,0.0,0.0,1.23,0.0,24840,52928
GNB,Guinea-Bissau,Catholic Christianity,religion,9.43,9.06,-0.38,9.06,0.0,0.0,0.0,0.0,0.0,9.06,0.0,207643,311375
GNB,Guinea-Bissau,Folk / Traditional,religion,8.98,8.17,-0.81,8.17,0.0,0.0,0.0,0.0,0.0,8.17,0.0,197756,280900
GNB,Guinea-Bissau,Ibadi / Other Islam,religion,1.38,1.43,0.05,1.43,0.0,0.0,0.0,0.0,0.0,1.43,0.0,30445,49221
GNB,Guinea-Bissau,Orthodox Christianity,religion,1.8,1.72,-0.07,1.72,0.0,0.0,0.0,0.0,0.0,1.72,0.0,39551,59310
GNB,Guinea-Bissau,Other Christianity,religion,3.59,3.45,-0.14,3.45,0.0,0.0,0.0,0.0,0.0,3.45,0.0,79102,118619
GNB,Guinea-Bissau,Other religions,religion,8.98,8.71,-0.27,8.71,0.0,0.0,0.0,0.0,0.0,8.71,0.0,197756,299664
GNB,Guinea-Bissau,Protestant Christianity,religion,7.64,7.33,-0.31,7.33,0.0,0.0,0.0,0.0,0.0,7.33,0.0,168092,252066
GNB,Guinea-Bissau,Shia Islam,religion,4.15,4.29,0.15,4.29,0.0,0.0,0.0,0.0,0.0,4.29,0.0,91334,147664
GNB,Guinea-Bissau,Sunni Islam,religion,40.57,42.57,2.0,42.57,0.0,0.0,0.0,0.0,0.0,42.57,0.0,893048,1463889
GNB,Guinea-Bissau,Unaffiliated,religion,13.48,13.26,-0.22,13.26,0.0,0.0,0.0,0.0,0.0,13.26,0.0,296633,455899
GNQ,Equatorial Guinea,African Independent / Syncretic Christianity,religion,15.0,14.5,-0.5,14.5,0.0,0.0,0.0,0.0,0.0,14.5,0.0,283903,455842
GNQ,Equatorial Guinea,Catholic Christianity,religion,25.84,24.97,-0.86,24.97,0.0,0.0,0.0,0.0,0.0,24.97,0.0,488945,785061
GNQ,Equatorial Guinea,Folk / Traditional,religion,2.62,1.81,-0.8,1.81,0.0,0.0,0.0,0.0,0.0,1.81,0.0,49513,57000
GNQ,Equatorial Guinea,Ibadi / Other Islam,religion,0.12,0.25,0.13,0.25,0.0,0.0,0.0,0.0,0.0,0.25,0.0,2271,7942
GNQ,Equatorial Guinea,Indigenous / Syncretic traditions,religion,7.93,5.66,-2.28,5.66,0.0,0.0,0.0,0.0,0.0,5.66,0.0,150137,177818
GNQ,Equatorial Guinea,Orthodox Christianity,religion,5.0,4.83,-0.17,4.83,0.0,0.0,0.0,0.0,0.0,4.83,0.0,94634,151947
GNQ,Equatorial Guinea,Other Christianity,religion,4.17,4.03,-0.14,4.03,0.0,0.0,0.0,0.0,0.0,4.03,0.0,78862,126623
GNQ,Equatorial Guinea,Other religions,religion,1.05,1.21,0.16,1.21,0.0,0.0,0.0,0.0,0.0,1.21,0.0,19965,38042
GNQ,Equatorial Guinea,Protestant Christianity,religion,33.34,32.4,-0.94,32.4,0.0,0.0,0.0,0.0,0.0,32.4,0.0,630896,1018542
GNQ,Equatorial Guinea,Shia Islam,religion,0.36,0.76,0.4,0.76,0.0,0.0,0.0,0.0,0.0,0.76,0.0,6813,23826
GNQ,Equatorial Guinea,Sunni Islam,religion,3.52,7.43,3.91,7.43,0.0,0.0,0.0,0.0,0.0,7.43,0.0,66617,233552
GNQ,Equatorial Guinea,Unaffiliated,religion,1.05,2.15,1.09,2.15,0.0,0.0,0.0,0.0,0.0,2.15,0.0,19965,67537
GRC,Greece,African Independent / Syncretic Christianity,religion,0.0,0.03,0.03,0.03,0.0,0.451,0.201,0.0407,0.0038,0.0,0.03,0,2337
GRC,Greece,Catholic Christianity,religion,6.09,5.42,-0.67,5.43,-0.01,0.451,0.201,0.0407,0.0038,5.36,0.05,611444,477301
GRC,Greece,Hinduism,religion,0.0,0.04,0.04,0.0,0.04,0.451,0.201,0.0407,0.0038,0.04,-0.0,0,3570
GRC,Greece,Ibadi / Other Islam,religion,0.11,0.25,0.13,0.22,0.02,0.451,0.201,0.0407,0.0038,0.25,-0.0,11153,21620
GRC,Greece,Indigenous / Syncretic traditions,religion,0.0,0.01,0.01,0.01,0.0,0.451,0.201,0.0407,0.0038,0.0,0.01,0,1002
GRC,Greece,Judaism,religion,0.51,0.41,-0.11,0.42,-0.02,0.451,0.201,0.0407,0.0038,0.41,-0.0,51468,35757
GRC,Greece,Mahayana Buddhism,religion,0.46,0.36,-0.1,0.37,-0.02,0.451,0.201,0.0407,0.0038,0.36,-0.0,46321,31666
GRC,Greece,Orthodox Christianity,religion,52.74,46.34,-6.4,46.42,-0.09,0.451,0.201,0.0407,0.0038,46.49,-0.16,5299178,4083295
GRC,Greece,Other Christianity,religion,4.73,4.17,-0.56,4.18,-0.01,0.451,0.201,0.0407,0.0038,4.17,-0.0,475567,367635
GRC,Greece,Other religions,religion,2.56,2.82,0.25,2.72,0.09,0.451,0.201,0.0407,0.0038,2.82,-0.0,257342,248160
GRC,Greece,Protestant Christianity,religion,4.06,3.67,-0.39,3.67,-0.01,0.451,0.201,0.0407,0.0038,3.58,0.09,407629,322987
GRC,Greece,Shia Islam,religion,0.33,0.74,0.4,0.67,0.07,0.451,0.201,0.0407,0.0038,0.74,-0.0,33459,65026
GRC,Greece,Sunni Islam,religion,3.26,7.32,4.07,6.62,0.7,0.451,0.201,0.0407,0.0038,7.24,0.09,327157,645290
GRC,Greece,Theravada Buddhism,religion,0.36,0.28,-0.08,0.29,-0.01,0.451,0.201,0.0407,0.0038,0.28,-0.0,36028,24629
GRC,Greece,Unaffiliated,religion,24.59,28.0,3.42,28.77,-0.76,0.451,0.201,0.0407,0.0038,28.1,-0.1,2470479,2467718
GRC,Greece,Vajrayana / Other Buddhism,religion,0.2,0.16,-0.05,0.17,-0.01,0.451,0.201,0.0407,0.0038,0.16,-0.0,20587,14074
GRD,Grenada,Catholic Christianity,religion,60.18,57.43,-2.74,57.43,0.0,0.0,0.0,0.0,0.0,57.43,0.0,70537,65046
GRD,Grenada,Folk / Traditional,religion,2.98,2.58,-0.4,2.58,0.0,0.0,0.0,0.0,0.0,2.58,0.0,3499,2925
GRD,Grenada,Hinduism,religion,0.7,0.68,-0.02,0.68,0.0,0.0,0.0,0.0,0.0,0.68,0.0,821,772
GRD,Grenada,Judaism,religion,0.2,0.2,-0.0,0.2,0.0,0.0,0.0,0.0,0.0,0.2,0.0,233,224
GRD,Grenada,Mahayana Buddhism,religion,0.13,0.13,-0.0,0.13,0.0,0.0,0.0,0.0,0.0,0.13,0.0,157,148
GRD,Grenada,Orthodox Christianity,religion,2.51,2.39,-0.11,2.39,0.0,0.0,0.0,0.0,0.0,2.39,0.0,2939,2710
GRD,Grenada,Other Christianity,religion,5.85,5.58,-0.27,5.58,0.0,0.0,0.0,0.0,0.0,5.58,0.0,6858,6324
GRD,Grenada,Other religions,religion,2.98,3.03,0.05,3.03,0.0,0.0,0.0,0.0,0.0,3.03,0.0,3499,3435
GRD,Grenada,Protestant Christianity,religion,15.04,14.36,-0.69,14.36,0.0,0.0,0.0,0.0,0.0,14.36,0.0,17634,16261
GRD,Grenada,Shia Islam,religion,0.03,0.03,-0.0,0.03,0.0,0.0,0.0,0.0,0.0,0.03,0.0,32,30
GRD,Grenada,Sunni Islam,religion,0.26,0.27,0.0,0.27,0.0,0.0,0.0,0.0,0.0,0.27,0.0,309,301
GRD,Grenada,Theravada Buddhism,religion,0.1,0.1,-0.0,0.1,0.0,0.0,0.0,0.0,0.0,0.1,0.0,122,115
GRD,Grenada,Unaffiliated,religion,8.95,13.15,4.2,13.15,0.0,0.0,0.0,0.0,0.0,13.15,0.0,10497,14896
GRD,Grenada,Vajrayana / Other Buddhism,religion,0.06,0.06,-0.0,0.06,0.0,0.0,0.0,0.0,0.0,0.06,0.0,70,66
GTM,Guatemala,Catholic Christianity,religion,60.6,57.58,-3.03,57.58,0.0,0.0,0.0,0.0,0.0,57.58,0.0,11154546,14204358
GTM,Guatemala,Folk / Traditional,religion,3.01,2.59,-0.41,2.59,0.0,0.0,0.0,0.0,0.0,2.59,0.0,553301,639991
GTM,Guatemala,Hinduism,religion,0.2,0.19,-0.01,0.19,0.0,0.0,0.0,0.0,0.0,0.19,0.0,36813,47740
GTM,Guatemala,Judaism,religion,0.2,0.2,-0.0,0.2,0.0,0.0,0.0,0.0,0.0,0.2,0.0,36887,48516
GTM,Guatemala,Mahayana Buddhism,religion,0.14,0.13,-0.0,0.13,0.0,0.0,0.0,0.0,0.0,0.13,0.0,24899,32289
GTM,Guatemala,Orthodox Christianity,religion,2.53,2.4,-0.13,2.4,0.0,0.0,0.0,0.0,0.0,2.4,0.0,464773,591848
GTM,Guatemala,Other Christianity,religion,5.89,5.6,-0.29,5.6,0.0,0.0,0.0,0.0,0.0,5.6,0.0,1084470,1380979
GTM,Guatemala,Other religions,religion,3.01,3.04,0.03,3.04,0.0,0.0,0.0,0.0,0.0,3.04,0.0,553301,748944
GTM,Guatemala,Protestant Christianity,religion,15.15,14.39,-0.76,14.39,0.0,0.0,0.0,0.0,0.0,14.39,0.0,2788637,3551089
GTM,Guatemala,Sunni Islam,religion,0.09,0.09,-0.0,0.09,0.0,0.0,0.0,0.0,0.0,0.09,0.0,16198,21531
GTM,Guatemala,Theravada Buddhism,religion,0.11,0.1,-0.0,0.1,0.0,0.0,0.0,0.0,0.0,0.1,0.0,19366,25114
GTM,Guatemala,Unaffiliated,religion,9.02,13.64,4.62,13.64,0.0,0.0,0.0,0.0,0.0,13.64,0.0,1659903,3364109
GTM,Guatemala,Vajrayana / Other Buddhism,religion,0.06,0.06,-0.0,0.06,0.0,0.0,0.0,0.0,0.0,0.06,0.0,11066,14351
GUY,Guyana,Catholic Christianity,religion,41.21,39.41,-1.8,39.41,0.0,0.0,0.0,0.0,0.0,39.41,0.0,342505,370739
GUY,Guyana,Folk / Traditional,religion,2.04,1.77,-0.27,1.77,0.0,0.0,0.0,0.0,0.0,1.77,0.0,16989,16652
GUY,Guyana,Hinduism,religion,24.9,24.32,-0.58,24.32,0.0,0.0,0.0,0.0,0.0,24.32,0.0,206942,228778
GUY,Guyana,Ibadi / Other Islam,religion,0.22,0.22,-0.0,0.22,0.0,0.0,0.0,0.0,0.0,0.22,0.0,1820,2037
GUY,Guyana,Judaism,religion,0.14,0.14,-0.0,0.14,0.0,0.0,0.0,0.0,0.0,0.14,0.0,1133,1275
GUY,Guyana,Mahayana Buddhism,religion,0.09,0.09,-0.0,0.09,0.0,0.0,0.0,0.0,0.0,0.09,0.0,765,845
GUY,Guyana,Orthodox Christianity,religion,1.72,1.64,-0.07,1.64,0.0,0.0,0.0,0.0,0.0,1.64,0.0,14271,15447
GUY,Guyana,Other Christianity,religion,4.01,3.83,-0.17,3.83,0.0,0.0,0.0,0.0,0.0,3.83,0.0,33299,36044
GUY,Guyana,Other religions,religion,2.04,2.07,0.03,2.07,0.0,0.0,0.0,0.0,0.0,2.07,0.0,16989,19467
GUY,Guyana,Protestant Christianity,religion,10.3,9.85,-0.45,9.85,0.0,0.0,0.0,0.0,0.0,9.85,0.0,85626,92685
GUY,Guyana,Shia Islam,religion,0.66,0.65,-0.01,0.65,0.0,0.0,0.0,0.0,0.0,0.65,0.0,5460,6111
GUY,Guyana,Sunni Islam,religion,6.42,6.45,0.02,6.45,0.0,0.0,0.0,0.0,0.0,6.45,0.0,53389,60648
GUY,Guyana,Theravada Buddhism,religion,0.07,0.07,-0.0,0.07,0.0,0.0,0.0,0.0,0.0,0.07,0.0,595,657
GUY,Guyana,Unaffiliated,religion,6.13,9.45,3.31,9.45,0.0,0.0,0.0,0.0,0.0,9.45,0.0,50968,88847
GUY,Guyana,Vajrayana / Other Buddhism,religion,0.04,0.04,-0.0,0.04,0.0,0.0,0.0,0.0,0.0,0.04,0.0,340,376
HKG,Hong Kong,African Independent / Syncretic Christianity,religion,0.0,0.03,0.03,0.03,0.0,0.0,0.0,0.0,0.004,0.0,0.03,0,1688
HKG,Hong Kong,Catholic Christianity,religion,3.29,3.27,-0.02,3.27,0.0,0.0,0.0,0.0,0.004,3.21,0.06,243802,199215
HKG,Hong Kong,Folk / Traditional,religion,17.61,15.85,-1.77,15.85,0.0,0.0,0.0,0.0,0.004,15.91,-0.06,1306084,965145
HKG,Hong Kong,Ibadi / Other Islam,religion,0.12,0.09,-0.04,0.09,0.0,0.0,0.0,0.0,0.004,0.09,-0.0,9120,5216
HKG,Hong Kong,Indigenous / Syncretic traditions,religion,0.0,0.01,0.01,0.01,0.0,0.0,0.0,0.0,0.004,0.0,0.01,0,723
HKG,Hong Kong,Mahayana Buddhism,religion,24.66,21.68,-2.98,21.68,0.0,0.0,0.0,0.0,0.004,21.77,-0.09,1828518,1320504
HKG,Hong Kong,Orthodox Christianity,religion,0.63,0.63,0.0,0.63,0.0,0.0,0.0,0.0,0.004,0.61,0.02,46439,38279
HKG,Hong Kong,Other Christianity,religion,1.25,1.23,-0.02,1.23,0.0,0.0,0.0,0.0,0.004,1.22,0.01,92877,75111
HKG,Hong Kong,Other religions,religion,2.94,2.65,-0.29,2.65,0.0,0.0,0.0,0.0,0.004,2.65,-0.0,217681,161261
HKG,Hong Kong,Protestant Christianity,religion,2.66,2.69,0.03,2.69,0.0,0.0,0.0,0.0,0.004,2.6,0.1,197364,164070
HKG,Hong Kong,Shia Islam,religion,0.37,0.26,-0.11,0.26,0.0,0.0,0.0,0.0,0.004,0.26,0.0,27361,15768
HKG,Hong Kong,Sunni Islam,religion,3.61,2.65,-0.96,2.65,0.0,0.0,0.0,0.0,0.004,2.54,0.11,267530,161581
HKG,Hong Kong,Theravada Buddhism,religion,1.76,1.55,-0.21,1.55,0.0,0.0,0.0,0.0,0.004,1.55,-0.01,130608,94322
HKG,Hong Kong,Unaffiliated,religion,38.16,44.83,6.67,44.83,0.0,0.0,0.0,0.0,0.004,45.0,-0.17,2829849,2730531
HKG,Hong Kong,Vajrayana / Other Buddhism,religion,2.94,2.58,-0.35,2.58,0.0,0.0,0.0,0.0,0.004,2.59,-0.01,217681,157203
HND,Honduras,Catholic Christianity,religion,60.48,58.51,-1.97,58.51,0.0,0.0,0.0,0.0,0.0,58.51,0.0,6547386,8687163
HND,Honduras,Folk / Traditional,religion,3.0,2.65,-0.35,2.65,0.0,0.0,0.0,0.0,0.0,2.65,0.0,324771,393166
HND,Honduras,Hinduism,religion,0.2,0.2,-0.0,0.2,0.0,0.0,0.0,0.0,0.0,0.2,0.0,21651,29135
HND,Honduras,Judaism,religion,0.2,0.2,-0.0,0.2,0.0,0.0,0.0,0.0,0.0,0.2,0.0,21651,29450
HND,Honduras,Mahayana Buddhism,religion,0.14,0.13,-0.0,0.13,0.0,0.0,0.0,0.0,0.0,0.13,0.0,14615,19666
HND,Honduras,Orthodox Christianity,religion,2.52,2.44,-0.08,2.44,0.0,0.0,0.0,0.0,0.0,2.44,0.0,272808,361965
HND,Honduras,Other Christianity,religion,5.88,5.69,-0.19,5.69,0.0,0.0,0.0,0.0,0.0,5.69,0.0,636551,844585
HND,Honduras,Other religions,religion,3.0,3.03,0.03,3.03,0.0,0.0,0.0,0.0,0.0,3.03,0.0,324771,450123
HND,Honduras,Protestant Christianity,religion,15.12,14.63,-0.49,14.63,0.0,0.0,0.0,0.0,0.0,14.63,0.0,1636846,2171791
HND,Honduras,Shia Islam,religion,0.03,0.03,-0.0,0.03,0.0,0.0,0.0,0.0,0.0,0.03,0.0,2923,3977
HND,Honduras,Sunni Islam,religion,0.26,0.27,0.0,0.27,0.0,0.0,0.0,0.0,0.0,0.27,0.0,28580,39468
HND,Honduras,Theravada Buddhism,religion,0.1,0.1,-0.0,0.1,0.0,0.0,0.0,0.0,0.0,0.1,0.0,11367,15296
HND,Honduras,Unaffiliated,religion,9.0,12.07,3.07,12.07,0.0,0.0,0.0,0.0,0.0,12.07,0.0,974313,1792254
HND,Honduras,Vajrayana / Other Buddhism,religion,0.06,0.06,-0.0,0.06,0.0,0.0,0.0,0.0,0.0,0.06,0.0,6495,8740
HRV,Croatia,Catholic Christianity,religion,49.89,43.1,-6.79,43.34,-0.24,0.445,0.198,0.0401,0.0,43.1,0.0,1933436,1393944
HRV,Croatia,Hinduism,religion,0.0,0.1,0.1,0.0,0.1,0.445,0.198,0.0401,0.0,0.1,0.0,0,3242
HRV,Croatia,Ibadi / Other Islam,religion,0.04,0.22,0.18,0.2,0.02,0.445,0.198,0.0401,0.0,0.22,0.0,1511,7238
HRV,Croatia,Judaism,religion,0.52,0.41,-0.11,0.43,-0.02,0.445,0.198,0.0401,0.0,0.41,0.0,20343,13296
HRV,Croatia,Mahayana Buddhism,religion,0.47,0.39,-0.08,0.38,0.02,0.445,0.198,0.0401,0.0,0.39,0.0,18309,12765
HRV,Croatia,Orthodox Christianity,religion,2.08,1.8,-0.28,1.81,-0.01,0.445,0.198,0.0401,0.0,1.8,0.0,80560,58081
HRV,Croatia,Other Christianity,religion,4.85,4.19,-0.66,4.21,-0.02,0.445,0.198,0.0401,0.0,4.19,0.0,187973,135522
HRV,Croatia,Other religions,religion,2.62,2.76,0.13,2.75,0.01,0.445,0.198,0.0401,0.0,2.76,0.0,101717,89125
HRV,Croatia,Protestant Christianity,religion,12.47,10.78,-1.7,10.83,-0.06,0.445,0.198,0.0401,0.0,10.78,0.0,483359,348486
HRV,Croatia,Shia Islam,religion,0.12,0.67,0.55,0.61,0.07,0.445,0.198,0.0401,0.0,0.67,0.0,4534,21714
HRV,Croatia,Sikhism,religion,0.0,0.03,0.03,0.0,0.03,0.445,0.198,0.0401,0.0,0.03,0.0,0,1037
HRV,Croatia,Sunni Islam,religion,1.14,6.57,5.43,5.92,0.64,0.445,0.198,0.0401,0.0,6.57,0.0,44334,212453
HRV,Croatia,Theravada Buddhism,religion,0.37,0.31,-0.06,0.29,0.01,0.445,0.198,0.0401,0.0,0.31,0.0,14240,9928
HRV,Croatia,Unaffiliated,religion,25.2,28.5,3.3,29.06,-0.56,0.445,0.198,0.0401,0.0,28.5,0.0,976483,921649
HRV,Croatia,Vajrayana / Other Buddhism,religion,0.21,0.18,-0.03,0.17,0.01,0.445,0.198,0.0401,0.0,0.18,0.0,8137,5673
HTI,Haiti,Catholic Christianity,religion,60.6,59.29,-1.32,59.29,0.0,0.0,0.0,0.0,0.0,59.29,0.0,7134357,8721458
HTI,Haiti,Folk / Traditional,religion,3.01,2.7,-0.31,2.7,0.0,0.0,0.0,0.0,0.0,2.7,0.0,353887,396749
HTI,Haiti,Hinduism,religion,0.2,0.2,-0.0,0.2,0.0,0.0,0.0,0.0,0.0,0.2,0.0,23545,29074
HTI,Haiti,Judaism,religion,0.2,0.2,-0.0,0.2,0.0,0.0,0.0,0.0,0.0,0.2,0.0,23592,29351
HTI,Haiti,Mahayana Buddhism,religion,0.14,0.13,-0.0,0.13,0.0,0.0,0.0,0.0,0.0,0.13,0.0,15925,19664
HTI,Haiti,Orthodox Christianity,religion,2.53,2.47,-0.05,2.47,0.0,0.0,0.0,0.0,0.0,2.47,0.0,297265,363394
HTI,Haiti,Other Christianity,religion,5.89,5.76,-0.13,5.76,0.0,0.0,0.0,0.0,0.0,5.76,0.0,693618,847920
HTI,Haiti,Other religions,religion,3.01,3.04,0.03,3.04,0.0,0.0,0.0,0.0,0.0,3.04,0.0,353887,446561
HTI,Haiti,Protestant Christianity,religion,15.15,14.82,-0.33,14.82,0.0,0.0,0.0,0.0,0.0,14.82,0.0,1783589,2180365
HTI,Haiti,Sunni Islam,religion,0.09,0.09,0.0,0.09,0.0,0.0,0.0,0.0,0.0,0.09,0.0,10360,13144
HTI,Haiti,Theravada Buddhism,religion,0.11,0.1,-0.0,0.1,0.0,0.0,0.0,0.0,0.0,0.1,0.0,12386,15294
HTI,Haiti,Unaffiliated,religion,9.02,11.14,2.12,11.14,0.0,0.0,0.0,0.0,0.0,11.14,0.0,1061660,1639158
HTI,Haiti,Vajrayana / Other Buddhism,religion,0.06,0.06,-0.0,0.06,0.0,0.0,0.0,0.0,0.0,0.06,0.0,7078,8740
HUN,Hungary,Catholic Christianity,religion,50.29,43.84,-6.44,44.02,-0.18,0.347,0.103,0.0276,0.0,43.84,0.0,4865670,3825426
HUN,Hungary,Hinduism,religion,0.03,0.07,0.04,0.0,0.07,0.347,0.103,0.0276,0.0,0.07,0.0,2903,6018
HUN,Hungary,Ibadi / Other Islam,religion,0.02,0.21,0.2,0.2,0.02,0.347,0.103,0.0276,0.0,0.21,0.0,1451,18467
HUN,Hungary,Judaism,religion,0.53,0.42,-0.11,0.43,-0.01,0.347,0.103,0.0276,0.0,0.42,0.0,51196,36724
HUN,Hungary,Mahayana Buddhism,religion,0.48,0.4,-0.08,0.38,0.01,0.347,0.103,0.0276,0.0,0.4,0.0,46076,34498
HUN,Hungary,Orthodox Christianity,religion,2.1,1.83,-0.27,1.83,-0.01,0.347,0.103,0.0276,0.0,1.83,0.0,202736,159393
HUN,Hungary,Other Christianity,religion,4.89,4.26,-0.63,4.28,-0.02,0.347,0.103,0.0276,0.0,4.26,0.0,473051,371916
HUN,Hungary,Other religions,religion,2.65,2.76,0.12,2.76,0.01,0.347,0.103,0.0276,0.0,2.76,0.0,255980,241101
HUN,Hungary,Protestant Christianity,religion,12.57,10.96,-1.61,11.01,-0.04,0.347,0.103,0.0276,0.0,10.96,0.0,1216417,956357
HUN,Hungary,Shia Islam,religion,0.05,0.63,0.59,0.59,0.05,0.347,0.103,0.0276,0.0,0.63,0.0,4354,55401
HUN,Hungary,Sikhism,religion,0.0,0.02,0.02,0.0,0.02,0.347,0.103,0.0276,0.0,0.02,0.0,0,1926
HUN,Hungary,Sunni Islam,religion,0.44,6.21,5.77,5.76,0.45,0.347,0.103,0.0276,0.0,6.21,0.0,42575,541850
HUN,Hungary,Theravada Buddhism,religion,0.37,0.31,-0.06,0.3,0.01,0.347,0.103,0.0276,0.0,0.31,0.0,35837,26832
HUN,Hungary,Unaffiliated,religion,25.4,27.9,2.5,28.26,-0.36,0.347,0.103,0.0276,0.0,27.9,0.0,2457409,2434108
HUN,Hungary,Vajrayana / Other Buddhism,religion,0.21,0.18,-0.04,0.17,0.0,0.347,0.103,0.0276,0.0,0.18,0.0,20478,15332
IDN,Indonesia,Catholic Christianity,religion,4.16,4.27,0.11,4.27,0.0,0.0,0.0,0.0,0.0,4.27,0.0,11790589,13695769
IDN,Indonesia,Folk / Traditional,religion,0.3,0.39,0.09,0.39,0.0,0.0,0.0,0.0,0.0,0.39,0.0,842185,1254191
IDN,Indonesia,Hinduism,religion,1.71,1.66,-0.05,1.66,0.0,0.0,0.0,0.0,0.0,1.66,0.0,4847644,5330313
IDN,Indonesia,Ibadi / Other Islam,religion,2.61,2.53,-0.08,2.53,0.0,0.0,0.0,0.0,0.0,2.53,0.0,7407540,8108347
IDN,Indonesia,Mahayana Buddhism,religion,0.31,0.31,-0.0,0.31,0.0,0.0,0.0,0.0,0.0,0.31,0.0,884294,987676
IDN,Indonesia,Orthodox Christianity,religion,0.79,0.81,0.02,0.81,0.0,0.0,0.0,0.0,0.0,0.81,0.0,2245827,2608718
IDN,Indonesia,Other Christianity,religion,1.58,1.63,0.04,1.63,0.0,0.0,0.0,0.0,0.0,1.63,0.0,4491653,5217436
IDN,Indonesia,Other religions,religion,0.3,0.6,0.3,0.6,0.0,0.0,0.0,0.0,0.0,0.6,0.0,842185,1924278
IDN,Indonesia,Protestant Christianity,religion,3.37,3.46,0.09,3.46,0.0,0.0,0.0,0.0,0.0,3.46,0.0,9544763,11087051
IDN,Indonesia,Shia Islam,religion,7.84,7.58,-0.25,7.58,0.0,0.0,0.0,0.0,0.0,7.58,0.0,22222619,24325040
IDN,Indonesia,Sunni Islam,religion,76.65,74.16,-2.49,74.16,0.0,0.0,0.0,0.0,0.0,74.16,0.0,217287831,237844834
IDN,Indonesia,Theravada Buddhism,religion,0.24,0.24,-0.0,0.24,0.0,0.0,0.0,0.0,0.0,0.24,0.0,687784,768192
IDN,Indonesia,Unaffiliated,religion,0.0,2.22,2.22,2.22,0.0,0.0,0.0,0.0,0.0,2.22,0.0,0,7122132
IDN,Indonesia,Vajrayana / Other Buddhism,religion,0.14,0.14,-0.0,0.14,0.0,0.0,0.0,0.0,0.0,0.14,0.0,393020,438967
IND,India,Catholic Christianity,religion,0.88,0.98,0.11,0.98,0.0,0.0,0.0,0.0,0.0,0.98,0.0,12698050,16482868
IND,India,Hinduism,religion,79.8,74.97,-4.83,74.97,0.0,0.0,0.0,0.0,0.0,74.97,0.0,1157846756,1259107985
IND,India,Ibadi / Other Islam,religion,0.44,0.5,0.06,0.5,0.0,0.0,0.0,0.0,0.0,0.5,0.0,6355099,8339546
IND,India,Mahayana Buddhism,religion,0.27,0.31,0.03,0.31,0.0,0.0,0.0,0.0,0.0,0.31,0.0,3968141,5150896
IND,India,Orthodox Christianity,religion,0.17,0.19,0.02,0.19,0.0,0.0,0.0,0.0,0.0,0.19,0.0,2418676,3139594
IND,India,Other Christianity,religion,0.33,0.37,0.04,0.37,0.0,0.0,0.0,0.0,0.0,0.37,0.0,4837352,6279188
IND,India,Other religions,religion,0.78,0.55,-0.23,0.55,0.0,0.0,0.0,0.0,0.0,0.55,0.0,11337545,9237741
IND,India,Protestant Christianity,religion,0.71,0.79,0.09,0.79,0.0,0.0,0.0,0.0,0.0,0.79,0.0,10279374,13343274
IND,India,Shia Islam,religion,1.31,1.49,0.18,1.49,0.0,0.0,0.0,0.0,0.0,1.49,0.0,19065296,25018639
IND,India,Sikhism,religion,1.48,1.56,0.08,1.56,0.0,0.0,0.0,0.0,0.0,1.56,0.0,21415362,26163283
IND,India,Sunni Islam,religion,12.85,14.56,1.72,14.56,0.0,0.0,0.0,0.0,0.0,14.56,0.0,186416230,244626694
IND,India,Theravada Buddhism,religion,0.21,0.24,0.03,0.24,0.0,0.0,0.0,0.0,0.0,0.24,0.0,3086332,4006253
IND,India,Unaffiliated,religion,0.61,3.31,2.7,3.31,0.0,0.0,0.0,0.0,0.0,3.31,0.0,8818090,55586412
IND,India,Vajrayana / Other Buddhism,religion,0.12,0.14,0.01,0.14,0.0,0.0,0.0,0.0,0.0,0.14,0.0,1763618,2289287
IND,India,Zoroastrianism,religion,0.04,0.05,0.01,0.05,0.0,0.0,0.0,0.0,0.0,0.05,0.0,629864,817603
IRL,Ireland,African Independent / Syncretic Christianity,religion,0.0,0.11,0.11,0.11,0.0,0.17,0.118,0.0201,0.0163,0.0,0.11,0,6808
IRL,Ireland,Catholic Christianity,religion,49.69,38.29,-11.41,38.24,0.05,0.17,0.118,0.0201,0.0163,38.61,-0.32,2611416,2285803
IRL,Ireland,Hinduism,religion,0.3,0.64,0.34,0.51,0.13,0.17,0.118,0.0201,0.0163,0.65,-0.01,15765,38176
IRL,Ireland,Ibadi / Other Islam,religion,0.04,0.26,0.22,0.26,0.0,0.17,0.118,0.0201,0.0163,0.27,-0.0,2207,15612
IRL,Ireland,Indigenous / Syncretic traditions,religion,0.0,0.05,0.05,0.05,0.0,0.17,0.118,0.0201,0.0163,0.0,0.05,0,2918
IRL,Ireland,Judaism,religion,0.52,0.48,-0.05,0.49,-0.01,0.17,0.118,0.0201,0.0163,0.48,-0.01,27477,28424
IRL,Ireland,Mahayana Buddhism,religion,0.47,0.49,0.02,0.5,-0.01,0.17,0.118,0.0201,0.0163,0.5,-0.01,24729,29322
IRL,Ireland,Orthodox Christianity,religion,2.07,1.66,-0.41,1.66,0.0,0.17,0.118,0.0201,0.0163,1.61,0.06,108809,99335
IRL,Ireland,Other Christianity,religion,4.83,3.76,-1.07,3.75,0.0,0.17,0.118,0.0201,0.0163,3.75,0.0,253888,224325
IRL,Ireland,Other religions,religion,2.61,2.71,0.09,2.66,0.05,0.17,0.118,0.0201,0.0163,2.72,-0.01,137385,161607
IRL,Ireland,Protestant Christianity,religion,12.42,9.93,-2.49,9.92,0.01,0.17,0.118,0.0201,0.0163,9.65,0.28,652854,593092
IRL,Ireland,Shia Islam,religion,0.13,0.79,0.67,0.78,0.01,0.17,0.118,0.0201,0.0163,0.8,-0.0,6621,47324
IRL,Ireland,Sunni Islam,religion,1.23,8.16,6.93,8.02,0.14,0.17,0.118,0.0201,0.0163,7.8,0.36,64742,487368
IRL,Ireland,Theravada Buddhism,religion,0.37,0.38,0.02,0.39,-0.01,0.17,0.118,0.0201,0.0163,0.39,-0.01,19234,22806
IRL,Ireland,Unaffiliated,religion,25.1,32.06,6.96,32.44,-0.37,0.17,0.118,0.0201,0.0163,32.55,-0.49,1318897,1914088
IRL,Ireland,Vajrayana / Other Buddhism,religion,0.21,0.22,0.01,0.22,-0.0,0.17,0.118,0.0201,0.0163,0.22,-0.0,10991,13032
IRN,Iran,Bahai,religion,0.02,0.35,0.33,0.35,0.0,0.0,0.0,0.0,0.0,0.35,0.0,17169,353539
IRN,Iran,Catholic Christianity,religion,0.0,0.06,0.06,0.06,0.0,0.0,0.0,0.0,0.0,0.06,0.0,0,60607
IRN,Iran,Hinduism,religion,0.1,0.0,-0.1,0.0,0.0,0.0,0.0,0.0,0.0,0.0,0.0,91568,0
IRN,Iran,Ibadi / Other Islam,religion,2.0,1.94,-0.05,1.94,0.0,0.0,0.0,0.0,0.0,1.94,0.0,1827692,1979818
IRN,Iran,Judaism,religion,0.0,0.05,0.05,0.05,0.0,0.0,0.0,0.0,0.0,0.05,0.0,0,50506
IRN,Iran,Orthodox Christianity,religion,0.0,0.11,0.11,0.11,0.0,0.0,0.0,0.0,0.0,0.11,0.0,0,116163
IRN,Iran,Other Christianity,religion,0.0,0.05,0.05,0.05,0.0,0.0,0.0,0.0,0.0,0.05,0.0,0,47980
IRN,Iran,Other religions,religion,0.02,0.33,0.31,0.33,0.0,0.0,0.0,0.0,0.0,0.33,0.0,20030,336145
IRN,Iran,Protestant Christianity,religion,0.0,0.03,0.03,0.03,0.0,0.0,0.0,0.0,0.0,0.03,0.0,0,27778
IRN,Iran,Shia Islam,religion,89.82,87.46,-2.36,87.46,0.0,0.0,0.0,0.0,0.0,87.46,0.0,82246141,89091824
IRN,Iran,Sunni Islam,religion,7.98,7.77,-0.21,7.77,0.0,0.0,0.0,0.0,0.0,7.77,0.0,7310768,7919273
IRN,Iran,Unaffiliated,religion,0.03,1.73,1.69,1.73,0.0,0.0,0.0,0.0,0.0,1.73,0.0,28615,1757149
IRN,Iran,Zoroastrianism,religion,0.0,0.12,0.12,0.12,0.0,0.0,0.0,0.0,0.0,0.12,0.0,0,121213
IRQ,Iraq,Catholic Christianity,religion,0.35,0.84,0.49,0.84,0.0,0.0,0.0,0.0,0.0,0.84,0.0,161147,606154
IRQ,Iraq,Folk / Traditional,religion,0.58,0.74,0.16,0.74,0.0,0.0,0.0,0.0,0.0,0.74,0.0,268578,534516
IRQ,Iraq,Ibadi / Other Islam,religion,1.93,1.86,-0.07,1.86,0.0,0.0,0.0,0.0,0.0,1.86,0.0,888611,1335596
IRQ,Iraq,Orthodox Christianity,religion,0.67,1.62,0.94,1.62,0.0,0.0,0.0,0.0,0.0,1.62,0.0,308865,1161795
IRQ,Iraq,Other Christianity,religion,0.28,0.67,0.39,0.67,0.0,0.0,0.0,0.0,0.0,0.67,0.0,127575,479872
IRQ,Iraq,Other religions,religion,0.58,1.33,0.75,1.33,0.0,0.0,0.0,0.0,0.0,1.33,0.0,268578,955746
IRQ,Iraq,Protestant Christianity,religion,0.16,0.39,0.23,0.39,0.0,0.0,0.0,0.0,0.0,0.39,0.0,73859,277821
IRQ,Iraq,Shia Islam,religion,59.83,57.56,-2.27,57.56,0.0,0.0,0.0,0.0,0.0,57.56,0.0,27546938,41403468
IRQ,Iraq,Sunni Islam,religion,34.74,33.51,-1.23,33.51,0.0,0.0,0.0,0.0,0.0,33.51,0.0,15994996,24103699
IRQ,Iraq,Unaffiliated,religion,0.88,1.49,0.61,1.49,0.0,0.0,0.0,0.0,0.0,1.49,0.0,402868,1070093
ISL,Iceland,Catholic Christianity,religion,18.22,14.06,-4.16,14.07,-0.01,0.17,0.093,0.0181,0.0,14.06,0.0,71674,60890
ISL,Iceland,Hinduism,religion,0.0,0.5,0.5,0.46,0.04,0.17,0.093,0.0181,0.0,0.5,0.0,0,2150
ISL,Iceland,Ibadi / Other Islam,religion,0.0,0.26,0.26,0.25,0.01,0.17,0.093,0.0181,0.0,0.26,0.0,0,1134
ISL,Iceland,Judaism,religion,0.53,0.49,-0.04,0.5,-0.01,0.17,0.093,0.0181,0.0,0.49,0.0,2088,2117
ISL,Iceland,Mahayana Buddhism,religion,0.48,0.52,0.04,0.51,0.0,0.17,0.093,0.0181,0.0,0.52,0.0,1880,2244
ISL,Iceland,Orthodox Christianity,religion,2.8,2.16,-0.64,2.16,-0.0,0.17,0.093,0.0181,0.0,2.16,0.0,11027,9368
ISL,Iceland,Other Christianity,religion,10.51,8.11,-2.4,8.12,-0.01,0.17,0.093,0.0181,0.0,8.11,0.0,41350,35129
ISL,Iceland,Other religions,religion,2.65,2.69,0.03,2.68,0.01,0.17,0.093,0.0181,0.0,2.69,0.0,10442,11644
ISL,Iceland,Protestant Christianity,religion,38.54,29.75,-8.79,29.77,-0.02,0.17,0.093,0.0181,0.0,29.75,0.0,151617,128805
ISL,Iceland,Shia Islam,religion,0.02,0.79,0.77,0.76,0.03,0.17,0.093,0.0181,0.0,0.79,0.0,71,3418
ISL,Iceland,Sikhism,religion,0.0,0.01,0.01,0.0,0.01,0.17,0.093,0.0181,0.0,0.01,0.0,0,63
ISL,Iceland,Sunni Islam,religion,0.18,7.72,7.54,7.46,0.26,0.17,0.093,0.0181,0.0,7.72,0.0,692,33420
ISL,Iceland,Theravada Buddhism,religion,0.37,0.4,0.03,0.4,0.0,0.17,0.093,0.0181,0.0,0.4,0.0,1462,1745
ISL,Iceland,Unaffiliated,religion,25.48,32.3,6.82,32.62,-0.32,0.17,0.093,0.0181,0.0,32.3,0.0,100243,139874
ISL,Iceland,Vajrayana / Other Buddhism,religion,0.21,0.23,0.02,0.23,0.0,0.17,0.093,0.0181,0.0,0.23,0.0,835,997
ISR,Israel,Bahai,religion,0.0,0.1,0.1,0.1,0.0,0.0,0.0,0.0,0.0,0.1,0.0,0,12659
ISR,Israel,Catholic Christianity,religion,0.48,0.42,-0.06,0.42,0.0,0.0,0.0,0.0,0.0,0.42,0.0,45052,54687
ISR,Israel,Ibadi / Other Islam,religion,0.54,0.58,0.04,0.58,0.0,0.0,0.0,0.0,0.0,0.58,0.0,50690,75954
ISR,Israel,Judaism,religion,72.99,69.62,-3.38,69.62,0.0,0.0,0.0,0.0,0.0,69.62,0.0,6851685,9114535
ISR,Israel,Orthodox Christianity,religion,0.92,0.8,-0.12,0.8,0.0,0.0,0.0,0.0,0.0,0.8,0.0,86350,104817
ISR,Israel,Other Christianity,religion,0.38,0.33,-0.05,0.33,0.0,0.0,0.0,0.0,0.0,0.33,0.0,35666,43294
ISR,Israel,Other religions,religion,4.0,2.9,-1.1,2.9,0.0,0.0,0.0,0.0,0.0,2.9,0.0,375435,379689
ISR,Israel,Protestant Christianity,religion,0.22,0.19,-0.03,0.19,0.0,0.0,0.0,0.0,0.0,0.19,0.0,20649,25065
ISR,Israel,Shia Islam,religion,1.62,1.74,0.12,1.74,0.0,0.0,0.0,0.0,0.0,1.74,0.0,152070,227863
ISR,Israel,Sunni Islam,religion,15.84,17.02,1.18,17.02,0.0,0.0,0.0,0.0,0.0,17.02,0.0,1486903,2227997
ISR,Israel,Unaffiliated,religion,3.0,6.31,3.31,6.31,0.0,0.0,0.0,0.0,0.0,6.31,0.0,281576,826162
ITA,Italy,African Independent / Syncretic Christianity,religion,0.0,0.09,0.09,0.09,0.0,0.489,0.248,0.0464,0.0124,0.0,0.09,0,44975
ITA,Italy,Catholic Christianity,religion,48.03,47.47,-0.56,47.97,-0.5,0.489,0.248,0.0464,0.0124,47.82,-0.36,28499729,24631191
ITA,Italy,Hinduism,religion,0.2,0.6,0.4,0.29,0.31,0.489,0.248,0.0464,0.0124,0.61,-0.01,118686,311022
ITA,Italy,Ibadi / Other Islam,religion,0.14,0.29,0.15,0.26,0.03,0.489,0.248,0.0464,0.0124,0.29,-0.0,85454,150211
ITA,Italy,Indigenous / Syncretic traditions,religion,0.0,0.04,0.04,0.04,0.0,0.489,0.248,0.0464,0.0124,0.0,0.04,0,19275
ITA,Italy,Judaism,religion,0.51,0.19,-0.32,0.19,-0.01,0.489,0.248,0.0464,0.0124,0.19,-0.0,299871,96486
ITA,Italy,Mahayana Buddhism,religion,0.45,0.33,-0.12,0.35,-0.02,0.489,0.248,0.0464,0.0124,0.34,-0.0,269884,173674
ITA,Italy,Orthodox Christianity,religion,2.0,2.03,0.03,2.05,-0.02,0.489,0.248,0.0464,0.0124,1.99,0.04,1187489,1053338
ITA,Italy,Other Christianity,religion,4.67,4.64,-0.03,4.69,-0.05,0.489,0.248,0.0464,0.0124,4.65,-0.01,2770807,2408531
ITA,Italy,Other religions,religion,2.53,3.65,1.12,3.68,-0.03,0.489,0.248,0.0464,0.0124,3.67,-0.02,1499354,1892419
ITA,Italy,Protestant Christianity,religion,12.01,12.14,0.14,12.27,-0.12,0.489,0.248,0.0464,0.0124,11.96,0.19,7124932,6300754
ITA,Italy,Shia Islam,religion,0.43,0.87,0.44,0.8,0.08,0.489,0.248,0.0464,0.0124,0.88,-0.0,256361,453845
ITA,Italy,Sikhism,religion,0.0,0.09,0.09,0.0,0.09,0.489,0.248,0.0464,0.0124,0.09,-0.0,0,47513
ITA,Italy,Sunni Islam,religion,4.22,8.86,4.64,8.09,0.77,0.489,0.248,0.0464,0.0124,8.6,0.26,2506643,4598935
ITA,Italy,Theravada Buddhism,religion,0.35,0.26,-0.09,0.27,-0.01,0.489,0.248,0.0464,0.0124,0.26,-0.0,209910,135080
ITA,Italy,Unaffiliated,religion,24.26,18.3,-5.95,18.81,-0.5,0.489,0.248,0.0464,0.0124,18.5,-0.2,14393803,9496662
ITA,Italy,Vajrayana / Other Buddhism,religion,0.2,0.15,-0.05,0.16,-0.01,0.489,0.248,0.0464,0.0124,0.15,-0.0,119948,77189
JAM,Jamaica,Catholic Christianity,religion,60.62,57.24,-3.38,57.24,0.0,0.0,0.0,0.0,0.0,57.24,0.0,1721107,1405176
JAM,Jamaica,Folk / Traditional,religion,3.01,2.57,-0.44,2.57,0.0,0.0,0.0,0.0,0.0,2.57,0.0,85372,63135
JAM,Jamaica,Hinduism,religion,0.07,0.07,-0.0,0.07,0.0,0.0,0.0,0.0,0.0,0.07,0.0,1987,1657
JAM,Jamaica,Judaism,religion,0.2,0.2,-0.0,0.2,0.0,0.0,0.0,0.0,0.0,0.2,0.0,5691,4910
JAM,Jamaica,Mahayana Buddhism,religion,0.14,0.13,-0.0,0.13,0.0,0.0,0.0,0.0,0.0,0.13,0.0,3842,3202
JAM,Jamaica,Orthodox Christianity,religion,2.53,2.38,-0.14,2.38,0.0,0.0,0.0,0.0,0.0,2.38,0.0,71713,58549
JAM,Jamaica,Other Christianity,religion,5.89,5.56,-0.33,5.56,0.0,0.0,0.0,0.0,0.0,5.56,0.0,167330,136614
JAM,Jamaica,Other religions,religion,3.01,3.07,0.06,3.07,0.0,0.0,0.0,0.0,0.0,3.07,0.0,85372,75361
JAM,Jamaica,Protestant Christianity,religion,15.15,14.31,-0.85,14.31,0.0,0.0,0.0,0.0,0.0,14.31,0.0,430277,351294
JAM,Jamaica,Shia Islam,religion,0.02,0.02,0.0,0.02,0.0,0.0,0.0,0.0,0.0,0.02,0.0,511,443
JAM,Jamaica,Sunni Islam,religion,0.18,0.18,0.0,0.18,0.0,0.0,0.0,0.0,0.0,0.18,0.0,4997,4396
JAM,Jamaica,Theravada Buddhism,religion,0.11,0.1,-0.0,0.1,0.0,0.0,0.0,0.0,0.0,0.1,0.0,2988,2491
JAM,Jamaica,Unaffiliated,religion,9.02,14.11,5.09,14.11,0.0,0.0,0.0,0.0,0.0,14.11,0.0,256117,346292
JAM,Jamaica,Vajrayana / Other Buddhism,religion,0.06,0.06,-0.0,0.06,0.0,0.0,0.0,0.0,0.0,0.06,0.0,1707,1423
JOR,Jordan,Catholic Christianity,religion,0.27,0.82,0.55,0.82,0.0,0.0,0.0,0.0,0.0,0.82,0.0,31193,133890
JOR,Jordan,Folk / Traditional,religion,0.45,0.71,0.26,0.71,0.0,0.0,0.0,0.0,0.0,0.71,0.0,51988,116611
JOR,Jordan,Hinduism,religion,0.1,0.02,-0.08,0.02,0.0,0.0,0.0,0.0,0.0,0.02,0.0,11553,2822
JOR,Jordan,Ibadi / Other Islam,religion,2.92,2.74,-0.17,2.74,0.0,0.0,0.0,0.0,0.0,2.74,0.0,336882,448707
JOR,Jordan,Orthodox Christianity,religion,0.52,1.57,1.05,1.57,0.0,0.0,0.0,0.0,0.0,1.57,0.0,59786,256622
JOR,Jordan,Other Christianity,religion,0.21,0.65,0.43,0.65,0.0,0.0,0.0,0.0,0.0,0.65,0.0,24694,105996
JOR,Jordan,Other religions,religion,0.45,1.31,0.86,1.31,0.0,0.0,0.0,0.0,0.0,1.31,0.0,51988,214385
JOR,Jordan,Protestant Christianity,religion,0.12,0.37,0.25,0.37,0.0,0.0,0.0,0.0,0.0,0.37,0.0,14297,61366
JOR,Jordan,Shia Islam,religion,8.75,8.22,-0.52,8.22,0.0,0.0,0.0,0.0,0.0,8.22,0.0,1010646,1346122
JOR,Jordan,Sunni Islam,religion,85.54,80.64,-4.9,80.64,0.0,0.0,0.0,0.0,0.0,80.64,0.0,9881876,13198601
JOR,Jordan,Unaffiliated,religion,0.68,2.95,2.27,2.95,0.0,0.0,0.0,0.0,0.0,2.95,0.0,77982,482232
JPN,Japan,African Independent / Syncretic Christianity,religion,0.0,0.02,0.02,0.02,0.0,0.0,0.0,0.0,0.0032,0.0,0.02,0,23622
JPN,Japan,Catholic Christianity,religion,0.63,0.69,0.06,0.69,0.0,0.0,0.0,0.0,0.0032,0.63,0.06,778085,724266
JPN,Japan,Folk / Traditional,religion,9.98,8.97,-1.01,8.97,0.0,0.0,0.0,0.0,0.0032,9.0,-0.03,12350553,9430714
JPN,Japan,Hinduism,religion,0.1,0.0,-0.1,0.0,0.0,0.0,0.0,0.0,0.0032,0.0,0.0,123753,0
JPN,Japan,Mahayana Buddhism,religion,23.47,20.93,-2.54,20.93,0.0,0.0,0.0,0.0,0.0032,21.0,-0.07,29048502,22004999
JPN,Japan,Orthodox Christianity,religion,0.12,0.14,0.02,0.14,0.0,0.0,0.0,0.0,0.0032,0.12,0.02,148207,142615
JPN,Japan,Other Christianity,religion,0.24,0.25,0.01,0.25,0.0,0.0,0.0,0.0,0.0032,0.24,0.01,296413,264984
JPN,Japan,Other religions,religion,3.49,4.49,1.0,4.49,0.0,0.0,0.0,0.0,0.0032,4.5,-0.01,4322694,4722106
JPN,Japan,Protestant Christianity,religion,0.51,0.6,0.09,0.6,0.0,0.0,0.0,0.0,0.0032,0.51,0.09,629878,625519
JPN,Japan,Sunni Islam,religion,0.09,0.1,0.01,0.1,0.0,0.0,0.0,0.0,0.0032,0.0,0.1,108903,101236
JPN,Japan,Theravada Buddhism,religion,1.68,1.5,-0.18,1.5,0.0,0.0,0.0,0.0,0.0032,1.5,-0.0,2074893,1571786
JPN,Japan,Unaffiliated,religion,56.89,59.82,2.93,59.82,0.0,0.0,0.0,0.0,0.0032,60.0,-0.18,70398155,62879863
JPN,Japan,Vajrayana / Other Buddhism,religion,2.79,2.49,-0.3,2.49,0.0,0.0,0.0,0.0,0.0032,2.5,-0.01,3458155,2619643
KAZ,Kazakhstan,Catholic Christianity,religion,5.21,4.89,-0.32,4.89,0.0,0.0,0.0,0.0,0.0,4.89,0.0,1073542,1297854
KAZ,Kazakhstan,Folk / Traditional,religion,4.96,4.2,-0.76,4.2,0.0,0.0,0.0,0.0,0.0,4.2,0.0,1022421,1114998
KAZ,Kazakhstan,Ibadi / Other Islam,religion,2.11,2.04,-0.07,2.04,0.0,0.0,0.0,0.0,0.0,2.04,0.0,433680,541593
KAZ,Kazakhstan,Orthodox Christianity,religion,0.99,0.93,-0.06,0.93,0.0,0.0,0.0,0.0,0.0,0.93,0.0,204484,247210
KAZ,Kazakhstan,Other Christianity,religion,1.99,1.86,-0.12,1.86,0.0,0.0,0.0,0.0,0.0,1.86,0.0,408969,494421
KAZ,Kazakhstan,Other religions,religion,4.96,4.92,-0.04,4.92,0.0,0.0,0.0,0.0,0.0,4.92,0.0,1022421,1306939
KAZ,Kazakhstan,Protestant Christianity,religion,4.22,3.96,-0.26,3.96,0.0,0.0,0.0,0.0,0.0,3.96,0.0,869058,1050644
KAZ,Kazakhstan,Shia Islam,religion,6.32,6.12,-0.2,6.12,0.0,0.0,0.0,0.0,0.0,6.12,0.0,1301039,1624779
KAZ,Kazakhstan,Sunni Islam,religion,61.78,60.75,-1.02,60.75,0.0,0.0,0.0,0.0,0.0,60.75,0.0,12721269,16125937
KAZ,Kazakhstan,Unaffiliated,religion,7.45,10.32,2.87,10.32,0.0,0.0,0.0,0.0,0.0,10.32,0.0,1533632,2739891
KEN,Kenya,African Independent / Syncretic Christianity,religion,15.07,14.73,-0.34,14.73,0.0,0.0,0.0,0.0,0.0,14.73,0.0,8503900,12312453
KEN,Kenya,Catholic Christianity,religion,25.95,25.37,-0.59,25.37,0.0,0.0,0.0,0.0,0.0,25.37,0.0,14645605,21204779
KEN,Kenya,Folk / Traditional,religion,0.62,0.43,-0.19,0.43,0.0,0.0,0.0,0.0,0.0,0.43,0.0,348705,357671
KEN,Kenya,Hinduism,religion,0.1,0.0,-0.1,0.0,0.0,0.0,0.0,0.0,0.0,0.0,0.0,56433,0
KEN,Kenya,Ibadi / Other Islam,religion,0.34,0.38,0.05,0.38,0.0,0.0,0.0,0.0,0.0,0.38,0.0,189615,321409
KEN,Kenya,Indigenous / Syncretic traditions,religion,2.37,1.74,-0.63,1.74,0.0,0.0,0.0,0.0,0.0,1.74,0.0,1338577,1455408
KEN,Kenya,Orthodox Christianity,religion,5.02,4.91,-0.11,4.91,0.0,0.0,0.0,0.0,0.0,4.91,0.0,2834633,4104151
KEN,Kenya,Other Christianity,religion,4.19,4.09,-0.09,4.09,0.0,0.0,0.0,0.0,0.0,4.09,0.0,2362194,3420126
KEN,Kenya,Other religions,religion,1.0,1.0,0.0,1.0,0.0,0.0,0.0,0.0,0.0,1.0,0.0,562427,835932
KEN,Kenya,Protestant Christianity,religion,33.49,32.73,-0.76,32.73,0.0,0.0,0.0,0.0,0.0,32.73,0.0,18897555,27361006
KEN,Kenya,Shia Islam,religion,1.01,1.15,0.15,1.15,0.0,0.0,0.0,0.0,0.0,1.15,0.0,568844,964228
KEN,Kenya,Sunni Islam,religion,9.86,11.28,1.42,11.28,0.0,0.0,0.0,0.0,0.0,11.28,0.0,5562031,9428009
KEN,Kenya,Unaffiliated,religion,1.0,2.19,1.19,2.19,0.0,0.0,0.0,0.0,0.0,2.19,0.0,562427,1828062
KGZ,Kyrgyzstan,Catholic Christianity,religion,1.75,1.66,-0.09,1.66,0.0,0.0,0.0,0.0,0.0,1.66,0.0,125755,159941
KGZ,Kyrgyzstan,Folk / Traditional,religion,1.67,1.44,-0.23,1.44,0.0,0.0,0.0,0.0,0.0,1.44,0.0,119767,138665
KGZ,Kyrgyzstan,Ibadi / Other Islam,religion,2.7,2.63,-0.07,2.63,0.0,0.0,0.0,0.0,0.0,2.63,0.0,194022,253444
KGZ,Kyrgyzstan,Orthodox Christianity,religion,0.33,0.32,-0.02,0.32,0.0,0.0,0.0,0.0,0.0,0.32,0.0,23953,30465
KGZ,Kyrgyzstan,Other Christianity,religion,0.67,0.63,-0.03,0.63,0.0,0.0,0.0,0.0,0.0,0.63,0.0,47907,60930
KGZ,Kyrgyzstan,Other religions,religion,1.67,1.64,-0.02,1.64,0.0,0.0,0.0,0.0,0.0,1.64,0.0,119767,158498
KGZ,Kyrgyzstan,Protestant Christianity,religion,1.42,1.34,-0.07,1.34,0.0,0.0,0.0,0.0,0.0,1.34,0.0,101802,129476
KGZ,Kyrgyzstan,Shia Islam,religion,8.1,7.88,-0.22,7.88,0.0,0.0,0.0,0.0,0.0,7.88,0.0,582067,760331
KGZ,Kyrgyzstan,Sunni Islam,religion,79.2,78.25,-0.95,78.25,0.0,0.0,0.0,0.0,0.0,78.25,0.0,5691323,7545253
KGZ,Kyrgyzstan,Unaffiliated,religion,2.5,4.21,1.71,4.21,0.0,0.0,0.0,0.0,0.0,4.21,0.0,179650,405946
KHM,Cambodia,Catholic Christianity,religion,3.35,3.26,-0.09,3.26,0.0,0.0,0.0,0.0,0.0,3.26,0.0,590850,715436
KHM,Cambodia,Folk / Traditional,religion,17.94,16.24,-1.71,16.24,0.0,0.0,0.0,0.0,0.0,16.24,0.0,3165265,3560624
KHM,Cambodia,Hinduism,religion,0.3,0.12,-0.18,0.12,0.0,0.0,0.0,0.0,0.0,0.12,0.0,52916,27361
KHM,Cambodia,Ibadi / Other Islam,religion,0.06,0.06,-0.0,0.06,0.0,0.0,0.0,0.0,0.0,0.06,0.0,10583,12495
KHM,Cambodia,Mahayana Buddhism,religion,2.09,1.84,-0.25,1.84,0.0,0.0,0.0,0.0,0.0,1.84,0.0,369281,403539
KHM,Cambodia,Orthodox Christianity,religion,0.64,0.62,-0.02,0.62,0.0,0.0,0.0,0.0,0.0,0.62,0.0,112543,136274
KHM,Cambodia,Other Christianity,religion,1.28,1.24,-0.03,1.24,0.0,0.0,0.0,0.0,0.0,1.24,0.0,225086,272547
KHM,Cambodia,Other religions,religion,2.99,2.68,-0.31,2.68,0.0,0.0,0.0,0.0,0.0,2.68,0.0,527544,587117
KHM,Cambodia,Protestant Christianity,religion,2.71,2.64,-0.07,2.64,0.0,0.0,0.0,0.0,0.0,2.64,0.0,478307,579163
KHM,Cambodia,Shia Islam,religion,0.18,0.17,-0.01,0.17,0.0,0.0,0.0,0.0,0.0,0.17,0.0,31750,37486
KHM,Cambodia,Sunni Islam,religion,1.76,1.68,-0.08,1.68,0.0,0.0,0.0,0.0,0.0,1.68,0.0,310443,368949
KHM,Cambodia,Theravada Buddhism,religion,26.32,23.13,-3.19,23.13,0.0,0.0,0.0,0.0,0.0,23.13,0.0,4642389,5073067
KHM,Cambodia,Unaffiliated,religion,38.88,45.0,6.12,45.0,0.0,0.0,0.0,0.0,0.0,45.0,0.0,6858075,9869155
KHM,Cambodia,Vajrayana / Other Buddhism,religion,1.5,1.31,-0.18,1.31,0.0,0.0,0.0,0.0,0.0,1.31,0.0,263772,288242
KIR,Kiribati,Catholic Christianity,religion,30.52,28.35,-2.17,28.35,0.0,0.0,0.0,0.0,0.0,28.35,0.0,41057,51774
KIR,Kiribati,Folk / Traditional,religion,6.06,5.12,-0.94,5.12,0.0,0.0,0.0,0.0,0.0,5.12,0.0,8146,9347
KIR,Kiribati,Hinduism,religion,2.0,1.89,-0.11,1.89,0.0,0.0,0.0,0.0,0.0,1.89,0.0,2690,3450
KIR,Kiribati,Mahayana Buddhism,religion,0.68,0.64,-0.04,0.64,0.0,0.0,0.0,0.0,0.0,0.64,0.0,916,1175
KIR,Kiribati,Orthodox Christianity,religion,5.81,5.4,-0.41,5.4,0.0,0.0,0.0,0.0,0.0,5.4,0.0,7820,9862
KIR,Kiribati,Other Christianity,religion,11.63,10.8,-0.83,10.8,0.0,0.0,0.0,0.0,0.0,10.8,0.0,15641,19723
KIR,Kiribati,Other religions,religion,1.51,1.51,-0.01,1.51,0.0,0.0,0.0,0.0,0.0,1.51,0.0,2037,2749
KIR,Kiribati,Protestant Christianity,religion,24.71,22.95,-1.76,22.95,0.0,0.0,0.0,0.0,0.0,22.95,0.0,33236,41912
KIR,Kiribati,Sunni Islam,religion,0.09,0.09,-0.0,0.09,0.0,0.0,0.0,0.0,0.0,0.09,0.0,118,156
KIR,Kiribati,Theravada Buddhism,religion,0.53,0.5,-0.03,0.5,0.0,0.0,0.0,0.0,0.0,0.5,0.0,713,914
KIR,Kiribati,Unaffiliated,religion,16.15,22.48,6.33,22.48,0.0,0.0,0.0,0.0,0.0,22.48,0.0,21723,41052
KIR,Kiribati,Vajrayana / Other Buddhism,religion,0.3,0.29,-0.02,0.29,0.0,0.0,0.0,0.0,0.0,0.29,0.0,407,522
KNA,Saint Kitts & Nevis,Catholic Christianity,religion,59.5,56.41,-3.09,56.41,0.0,0.0,0.0,0.0,0.0,56.41,0.0,27884,24975
KNA,Saint Kitts & Nevis,Folk / Traditional,religion,2.95,2.53,-0.42,2.53,0.0,0.0,0.0,0.0,0.0,2.53,0.0,1383,1119
KNA,Saint Kitts & Nevis,Hinduism,religion,1.82,1.77,-0.05,1.77,0.0,0.0,0.0,0.0,0.0,1.77,0.0,853,782
KNA,Saint Kitts & Nevis,Judaism,religion,0.2,0.2,0.0,0.2,0.0,0.0,0.0,0.0,0.0,0.2,0.0,92,87
KNA,Saint Kitts & Nevis,Mahayana Buddhism,religion,0.13,0.13,-0.0,0.13,0.0,0.0,0.0,0.0,0.0,0.13,0.0,62,57
KNA,Saint Kitts & Nevis,Orthodox Christianity,religion,2.48,2.35,-0.13,2.35,0.0,0.0,0.0,0.0,0.0,2.35,0.0,1162,1041
KNA,Saint Kitts & Nevis,Other Christianity,religion,5.78,5.48,-0.3,5.48,0.0,0.0,0.0,0.0,0.0,5.48,0.0,2711,2428
KNA,Saint Kitts & Nevis,Other religions,religion,2.95,3.01,0.06,3.01,0.0,0.0,0.0,0.0,0.0,3.01,0.0,1383,1335
KNA,Saint Kitts & Nevis,Protestant Christianity,religion,14.87,14.1,-0.77,14.1,0.0,0.0,0.0,0.0,0.0,14.1,0.0,6971,6244
KNA,Saint Kitts & Nevis,Shia Islam,religion,0.03,0.03,0.0,0.03,0.0,0.0,0.0,0.0,0.0,0.03,0.0,13,12
KNA,Saint Kitts & Nevis,Sunni Islam,religion,0.26,0.27,0.0,0.27,0.0,0.0,0.0,0.0,0.0,0.27,0.0,124,119
KNA,Saint Kitts & Nevis,Theravada Buddhism,religion,0.1,0.1,-0.0,0.1,0.0,0.0,0.0,0.0,0.0,0.1,0.0,48,44
KNA,Saint Kitts & Nevis,Unaffiliated,religion,8.85,13.56,4.71,13.56,0.0,0.0,0.0,0.0,0.0,13.56,0.0,4149,6006
KNA,Saint Kitts & Nevis,Vajrayana / Other Buddhism,religion,0.06,0.06,-0.0,0.06,0.0,0.0,0.0,0.0,0.0,0.06,0.0,28,25
KOR,South Korea,African Independent / Syncretic Christianity,religion,0.0,0.03,0.03,0.03,0.0,0.0,0.0,0.0,0.0041,0.0,0.03,0,12967
KOR,South Korea,Catholic Christianity,religion,3.42,3.38,-0.04,3.38,0.0,0.0,0.0,0.0,0.0041,3.32,0.06,1771135,1527187
KOR,South Korea,Folk / Traditional,religion,18.35,16.36,-1.99,16.36,0.0,0.0,0.0,0.0,0.0041,16.42,-0.07,9488225,7383841
KOR,South Korea,Hinduism,religion,0.01,0.0,-0.01,0.0,0.0,0.0,0.0,0.0,0.0041,0.0,0.0,7758,0
KOR,South Korea,Ibadi / Other Islam,religion,0.0,0.03,0.03,0.03,0.0,0.0,0.0,0.0,0.0041,0.03,-0.0,0,14798
KOR,South Korea,Indigenous / Syncretic traditions,religion,0.0,0.01,0.01,0.01,0.0,0.0,0.0,0.0,0.0041,0.0,0.01,0,5557
KOR,South Korea,Mahayana Buddhism,religion,25.68,22.47,-3.22,22.47,0.0,0.0,0.0,0.0,0.0041,22.56,-0.09,13283514,10141989
KOR,South Korea,Orthodox Christianity,religion,0.65,0.65,-0.0,0.65,0.0,0.0,0.0,0.0,0.0041,0.63,0.02,337359,293451
KOR,South Korea,Other Christianity,religion,1.3,1.28,-0.03,1.28,0.0,0.0,0.0,0.0,0.0041,1.26,0.01,674718,575787
KOR,South Korea,Other religions,religion,3.06,2.68,-0.38,2.68,0.0,0.0,0.0,0.0,0.0041,2.68,-0.0,1581371,1208387
KOR,South Korea,Protestant Christianity,religion,2.77,2.79,0.01,2.79,0.0,0.0,0.0,0.0,0.0041,2.69,0.1,1433776,1257817
KOR,South Korea,Shia Islam,religion,0.0,0.1,0.1,0.1,0.0,0.0,0.0,0.0,0.0041,0.1,0.0,0,45320
KOR,South Korea,Sunni Islam,religion,0.09,1.12,1.04,1.12,0.0,0.0,0.0,0.0,0.0041,1.0,0.12,45511,507302
KOR,South Korea,Theravada Buddhism,religion,1.83,1.6,-0.23,1.6,0.0,0.0,0.0,0.0,0.0041,1.61,-0.01,948822,724428
KOR,South Korea,Unaffiliated,religion,39.75,44.83,5.08,44.83,0.0,0.0,0.0,0.0,0.0041,45.0,-0.17,20557820,20236924
KOR,South Korea,Vajrayana / Other Buddhism,religion,3.06,2.67,-0.38,2.67,0.0,0.0,0.0,0.0,0.0041,2.69,-0.01,1581371,1207380
KWT,Kuwait,African Independent / Syncretic Christianity,religion,0.0,0.05,0.05,0.05,0.0,0.0,0.0,0.0,0.007,0.0,0.05,0,3131
KWT,Kuwait,Catholic Christianity,religion,1.34,1.13,-0.21,1.13,0.0,0.0,0.0,0.0,0.007,1.0,0.13,66122,71813
KWT,Kuwait,Folk / Traditional,religion,2.23,0.98,-1.26,0.98,0.0,0.0,0.0,0.0,0.007,0.98,-0.01,110204,62259
KWT,Kuwait,Hinduism,religion,12.0,2.02,-9.98,2.02,0.0,0.0,0.0,0.0,0.007,2.03,-0.01,592141,128367
KWT,Kuwait,Ibadi / Other Islam,religion,2.24,2.63,0.4,2.63,0.0,0.0,0.0,0.0,0.007,2.65,-0.02,110434,167688
KWT,Kuwait,Indigenous / Syncretic traditions,religion,0.0,0.02,0.02,0.02,0.0,0.0,0.0,0.0,0.007,0.0,0.02,0,1342
KWT,Kuwait,Orthodox Christianity,religion,2.57,1.94,-0.63,1.94,0.0,0.0,0.0,0.0,0.007,1.92,0.02,126735,123592
KWT,Kuwait,Other Christianity,religion,1.06,0.82,-0.25,0.82,0.0,0.0,0.0,0.0,0.007,0.79,0.02,52347,51914
KWT,Kuwait,Other religions,religion,2.23,1.63,-0.61,1.63,0.0,0.0,0.0,0.0,0.007,1.62,0.0,110204,103487
KWT,Kuwait,Protestant Christianity,religion,0.61,0.65,0.03,0.65,0.0,0.0,0.0,0.0,0.007,0.46,0.19,30306,41095
KWT,Kuwait,Shia Islam,religion,6.71,7.9,1.19,7.9,0.0,0.0,0.0,0.0,0.007,7.96,-0.05,331303,503287
KWT,Kuwait,Sunni Islam,religion,65.65,77.62,11.98,77.62,0.0,0.0,0.0,0.0,0.007,77.96,-0.34,3239406,4942881
KWT,Kuwait,Unaffiliated,religion,3.35,2.62,-0.73,2.62,0.0,0.0,0.0,0.0,0.007,2.62,-0.0,165306,166903
LAO,Laos,Catholic Christianity,religion,3.43,3.32,-0.11,3.32,0.0,0.0,0.0,0.0,0.0,3.32,0.0,266128,323944
LAO,Laos,Folk / Traditional,religion,18.35,16.5,-1.85,16.5,0.0,0.0,0.0,0.0,0.0,16.5,0.0,1425683,1610205
LAO,Laos,Ibadi / Other Islam,religion,0.0,0.03,0.03,0.03,0.0,0.0,0.0,0.0,0.0,0.03,0.0,0,3144
LAO,Laos,Mahayana Buddhism,religion,2.14,1.88,-0.27,1.88,0.0,0.0,0.0,0.0,0.0,1.88,0.0,166330,182980
LAO,Laos,Orthodox Christianity,religion,0.65,0.63,-0.02,0.63,0.0,0.0,0.0,0.0,0.0,0.63,0.0,50691,61704
LAO,Laos,Other Christianity,religion,1.3,1.26,-0.04,1.26,0.0,0.0,0.0,0.0,0.0,1.26,0.0,101382,123407
LAO,Laos,Other religions,religion,3.06,2.69,-0.37,2.69,0.0,0.0,0.0,0.0,0.0,2.69,0.0,237614,262542
LAO,Laos,Protestant Christianity,religion,2.77,2.69,-0.09,2.69,0.0,0.0,0.0,0.0,0.0,2.69,0.0,215437,262240
LAO,Laos,Shia Islam,religion,0.0,0.1,0.1,0.1,0.0,0.0,0.0,0.0,0.0,0.1,0.0,0,9431
LAO,Laos,Sunni Islam,religion,0.09,0.98,0.89,0.98,0.0,0.0,0.0,0.0,0.0,0.98,0.0,6837,95886
LAO,Laos,Theravada Buddhism,religion,26.91,23.58,-3.34,23.58,0.0,0.0,0.0,0.0,0.0,23.58,0.0,2091002,2300323
LAO,Laos,Unaffiliated,religion,39.76,45.0,5.24,45.0,0.0,0.0,0.0,0.0,0.0,45.0,0.0,3088980,4390778
LAO,Laos,Vajrayana / Other Buddhism,religion,1.53,1.34,-0.19,1.34,0.0,0.0,0.0,0.0,0.0,1.34,0.0,118807,130700
LBN,Lebanon,Catholic Christianity,religion,3.21,6.44,3.23,6.44,0.0,0.0,0.0,0.0,0.0,6.44,0.0,186371,450920
LBN,Lebanon,Folk / Traditional,religion,5.35,0.0,-5.35,0.0,0.0,0.0,0.0,0.0,0.0,0.0,0.0,310619,0
LBN,Lebanon,Hinduism,religion,0.1,0.0,-0.1,0.0,0.0,0.0,0.0,0.0,0.0,0.0,0.0,5806,0
LBN,Lebanon,Ibadi / Other Islam,religion,2.71,2.7,-0.01,2.7,0.0,0.0,0.0,0.0,0.0,2.7,0.0,157458,189275
LBN,Lebanon,Orthodox Christianity,religion,6.15,12.35,6.2,12.35,0.0,0.0,0.0,0.0,0.0,12.35,0.0,357212,864264
LBN,Lebanon,Other Christianity,religion,2.54,5.1,2.56,5.1,0.0,0.0,0.0,0.0,0.0,5.1,0.0,147544,356978
LBN,Lebanon,Other religions,religion,5.35,3.0,-2.35,3.0,0.0,0.0,0.0,0.0,0.0,3.0,0.0,310619,209978
LBN,Lebanon,Protestant Christianity,religion,1.47,2.95,1.48,2.95,0.0,0.0,0.0,0.0,0.0,2.95,0.0,85420,206672
LBN,Lebanon,Shia Islam,religion,25.76,25.69,-0.07,25.69,0.0,0.0,0.0,0.0,0.0,25.69,0.0,1495848,1798113
LBN,Lebanon,Sunni Islam,religion,39.32,39.21,-0.11,39.21,0.0,0.0,0.0,0.0,0.0,39.21,0.0,2283136,2744489
LBN,Lebanon,Unaffiliated,religion,8.03,2.55,-5.47,2.55,0.0,0.0,0.0,0.0,0.0,2.55,0.0,465928,178573
LBR,Liberia,African Independent / Syncretic Christianity,religion,12.49,13.59,1.1,13.59,0.0,0.0,0.0,0.0,0.0,13.59,0.0,700786,1210587
LBR,Liberia,Catholic Christianity,religion,21.5,23.4,1.9,23.4,0.0,0.0,0.0,0.0,0.0,23.4,0.0,1206910,2084900
LBR,Liberia,Folk / Traditional,religion,2.18,1.69,-0.49,1.69,0.0,0.0,0.0,0.0,0.0,1.69,0.0,122219,150370
LBR,Liberia,Hinduism,religion,0.1,0.03,-0.07,0.03,0.0,0.0,0.0,0.0,0.0,0.03,0.0,5613,3113
LBR,Liberia,Ibadi / Other Islam,religion,0.6,0.43,-0.17,0.43,0.0,0.0,0.0,0.0,0.0,0.43,0.0,33677,38572
LBR,Liberia,Indigenous / Syncretic traditions,religion,6.6,5.28,-1.33,5.28,0.0,0.0,0.0,0.0,0.0,5.28,0.0,370599,470123
LBR,Liberia,Orthodox Christianity,religion,4.16,4.53,0.37,4.53,0.0,0.0,0.0,0.0,0.0,4.53,0.0,233595,403529
LBR,Liberia,Other Christianity,religion,3.47,3.77,0.31,3.77,0.0,0.0,0.0,0.0,0.0,3.77,0.0,194663,336274
LBR,Liberia,Other religions,religion,0.88,1.14,0.26,1.14,0.0,0.0,0.0,0.0,0.0,1.14,0.0,49282,101380
LBR,Liberia,Protestant Christianity,religion,27.75,30.33,2.59,30.33,0.0,0.0,0.0,0.0,0.0,30.33,0.0,1557303,2702957
LBR,Liberia,Shia Islam,religion,1.8,1.3,-0.5,1.3,0.0,0.0,0.0,0.0,0.0,1.3,0.0,101031,115717
LBR,Liberia,Sunni Islam,religion,17.6,12.79,-4.81,12.79,0.0,0.0,0.0,0.0,0.0,12.79,0.0,987855,1139553
LBR,Liberia,Unaffiliated,religion,0.88,1.72,0.84,1.72,0.0,0.0,0.0,0.0,0.0,1.72,0.0,49282,153458
LBY,Libya,Catholic Christianity,religion,0.29,0.83,0.54,0.83,0.0,0.0,0.0,0.0,0.0,0.83,0.0,21405,76533
LBY,Libya,Folk / Traditional,religion,0.48,0.72,0.24,0.72,0.0,0.0,0.0,0.0,0.0,0.72,0.0,35675,66876
LBY,Libya,Hinduism,religion,0.1,0.02,-0.08,0.02,0.0,0.0,0.0,0.0,0.0,0.02,0.0,7381,1610
LBY,Libya,Ibadi / Other Islam,religion,2.91,2.76,-0.15,2.76,0.0,0.0,0.0,0.0,0.0,2.76,0.0,214788,255278
LBY,Libya,Orthodox Christianity,religion,0.56,1.58,1.03,1.58,0.0,0.0,0.0,0.0,0.0,1.58,0.0,41026,146687
LBY,Libya,Other Christianity,religion,0.23,0.65,0.42,0.65,0.0,0.0,0.0,0.0,0.0,0.65,0.0,16946,60588
LBY,Libya,Other religions,religion,0.48,1.32,0.83,1.32,0.0,0.0,0.0,0.0,0.0,1.32,0.0,35675,121865
LBY,Libya,Protestant Christianity,religion,0.13,0.38,0.25,0.38,0.0,0.0,0.0,0.0,0.0,0.38,0.0,9811,35077
LBY,Libya,Shia Islam,religion,8.73,8.27,-0.46,8.27,0.0,0.0,0.0,0.0,0.0,8.27,0.0,644364,765835
LBY,Libya,Sunni Islam,religion,85.36,81.08,-4.28,81.08,0.0,0.0,0.0,0.0,0.0,81.08,0.0,6300446,7508941
LBY,Libya,Unaffiliated,religion,0.73,2.39,1.66,2.39,0.0,0.0,0.0,0.0,0.0,2.39,0.0,53512,221320
LCA,Saint Lucia,Catholic Christianity,religion,60.54,57.07,-3.47,57.07,0.0,0.0,0.0,0.0,0.0,57.07,0.0,108823,98212
LCA,Saint Lucia,Folk / Traditional,religion,3.0,2.56,-0.44,2.56,0.0,0.0,0.0,0.0,0.0,2.56,0.0,5398,4413
LCA,Saint Lucia,Hinduism,religion,0.2,0.19,-0.01,0.19,0.0,0.0,0.0,0.0,0.0,0.19,0.0,360,331
LCA,Saint Lucia,Judaism,religion,0.2,0.2,-0.0,0.2,0.0,0.0,0.0,0.0,0.0,0.2,0.0,360,343
LCA,Saint Lucia,Mahayana Buddhism,religion,0.14,0.13,-0.01,0.13,0.0,0.0,0.0,0.0,0.0,0.13,0.0,243,224
LCA,Saint Lucia,Orthodox Christianity,religion,2.52,2.38,-0.14,2.38,0.0,0.0,0.0,0.0,0.0,2.38,0.0,4534,4092
LCA,Saint Lucia,Other Christianity,religion,5.89,5.55,-0.34,5.55,0.0,0.0,0.0,0.0,0.0,5.55,0.0,10580,9548
LCA,Saint Lucia,Other religions,religion,3.0,3.06,0.06,3.06,0.0,0.0,0.0,0.0,0.0,3.06,0.0,5398,5269
LCA,Saint Lucia,Protestant Christianity,religion,15.14,14.27,-0.87,14.27,0.0,0.0,0.0,0.0,0.0,14.27,0.0,27206,24553
LCA,Saint Lucia,Shia Islam,religion,0.02,0.02,-0.0,0.02,0.0,0.0,0.0,0.0,0.0,0.02,0.0,32,31
LCA,Saint Lucia,Sunni Islam,religion,0.18,0.18,0.0,0.18,0.0,0.0,0.0,0.0,0.0,0.18,0.0,316,307
LCA,Saint Lucia,Theravada Buddhism,religion,0.11,0.1,-0.0,0.1,0.0,0.0,0.0,0.0,0.0,0.1,0.0,189,174
LCA,Saint Lucia,Unaffiliated,religion,9.01,14.23,5.22,14.23,0.0,0.0,0.0,0.0,0.0,14.23,0.0,16194,24488
LCA,Saint Lucia,Vajrayana / Other Buddhism,religion,0.06,0.06,-0.0,0.06,0.0,0.0,0.0,0.0,0.0,0.06,0.0,108,99
LIE,Liechtenstein,Catholic Christianity,religion,27.9,25.24,-2.66,25.24,0.0,0.0,0.0,0.0,0.0,25.24,0.0,11129,10857
LIE,Liechtenstein,Ibadi / Other Islam,religion,0.16,0.24,0.08,0.24,0.0,0.0,0.0,0.0,0.0,0.24,0.0,65,102
LIE,Liechtenstein,Judaism,religion,0.5,0.42,-0.08,0.42,0.0,0.0,0.0,0.0,0.0,0.42,0.0,201,183
LIE,Liechtenstein,Mahayana Buddhism,religion,0.45,0.38,-0.08,0.38,0.0,0.0,0.0,0.0,0.0,0.38,0.0,181,162
LIE,Liechtenstein,Orthodox Christianity,religion,5.31,4.81,-0.51,4.81,0.0,0.0,0.0,0.0,0.0,4.81,0.0,2120,2068
LIE,Liechtenstein,Other Christianity,religion,10.63,9.61,-1.01,9.61,0.0,0.0,0.0,0.0,0.0,9.61,0.0,4240,4136
LIE,Liechtenstein,Other religions,religion,2.52,2.72,0.2,2.72,0.0,0.0,0.0,0.0,0.0,2.72,0.0,1004,1168
LIE,Liechtenstein,Protestant Christianity,religion,22.58,20.43,-2.15,20.43,0.0,0.0,0.0,0.0,0.0,20.43,0.0,9010,8789
LIE,Liechtenstein,Shia Islam,religion,0.49,0.71,0.23,0.71,0.0,0.0,0.0,0.0,0.0,0.71,0.0,194,306
LIE,Liechtenstein,Sunni Islam,religion,4.75,6.97,2.22,6.97,0.0,0.0,0.0,0.0,0.0,6.97,0.0,1896,3000
LIE,Liechtenstein,Theravada Buddhism,religion,0.35,0.29,-0.06,0.29,0.0,0.0,0.0,0.0,0.0,0.29,0.0,141,126
LIE,Liechtenstein,Unaffiliated,religion,24.15,28.02,3.86,28.02,0.0,0.0,0.0,0.0,0.0,28.02,0.0,9636,12053
LIE,Liechtenstein,Vajrayana / Other Buddhism,religion,0.2,0.17,-0.03,0.17,0.0,0.0,0.0,0.0,0.0,0.17,0.0,80,72
LKA,Sri Lanka,Catholic Christianity,religion,9.79,9.43,-0.36,9.43,0.0,0.0,0.0,0.0,0.0,9.43,0.0,2261885,2339650
LKA,Sri Lanka,Hinduism,religion,12.6,12.36,-0.24,12.36,0.0,0.0,0.0,0.0,0.0,12.36,0.0,2911049,3066179
LKA,Sri Lanka,Ibadi / Other Islam,religion,0.29,0.29,0.0,0.29,0.0,0.0,0.0,0.0,0.0,0.29,0.0,67231,72212
LKA,Sri Lanka,Mahayana Buddhism,religion,2.18,2.06,-0.12,2.06,0.0,0.0,0.0,0.0,0.0,2.06,0.0,502641,510794
LKA,Sri Lanka,Orthodox Christianity,religion,1.86,1.8,-0.07,1.8,0.0,0.0,0.0,0.0,0.0,1.8,0.0,430835,445648
LKA,Sri Lanka,Other Christianity,religion,3.73,3.59,-0.14,3.59,0.0,0.0,0.0,0.0,0.0,3.59,0.0,861670,891295
LKA,Sri Lanka,Other religions,religion,15.54,15.71,0.17,15.71,0.0,0.0,0.0,0.0,0.0,15.71,0.0,3590293,3897135
LKA,Sri Lanka,Protestant Christianity,religion,7.93,7.63,-0.29,7.63,0.0,0.0,0.0,0.0,0.0,7.63,0.0,1831050,1894003
LKA,Sri Lanka,Shia Islam,religion,0.87,0.87,0.0,0.87,0.0,0.0,0.0,0.0,0.0,0.87,0.0,201694,216637
LKA,Sri Lanka,Sunni Islam,religion,8.54,8.66,0.13,8.66,0.0,0.0,0.0,0.0,0.0,8.66,0.0,1972120,2149558
LKA,Sri Lanka,Theravada Buddhism,religion,27.35,25.88,-1.47,25.88,0.0,0.0,0.0,0.0,0.0,25.88,0.0,6318916,6421413
LKA,Sri Lanka,Unaffiliated,religion,7.77,10.25,2.48,10.25,0.0,0.0,0.0,0.0,0.0,10.25,0.0,1795147,2544316
LKA,Sri Lanka,Vajrayana / Other Buddhism,religion,1.55,1.47,-0.08,1.47,0.0,0.0,0.0,0.0,0.0,1.47,0.0,359029,364853
LSO,Lesotho,African Independent / Syncretic Christianity,religion,13.93,13.41,-0.52,13.41,0.0,0.0,0.0,0.0,0.0,13.41,0.0,325633,401366
LSO,Lesotho,Catholic Christianity,religion,23.99,23.09,-0.9,23.09,0.0,0.0,0.0,0.0,0.0,23.09,0.0,560813,691241
LSO,Lesotho,Folk / Traditional,religion,3.79,2.78,-1.01,2.78,0.0,0.0,0.0,0.0,0.0,2.78,0.0,88549,83291
LSO,Lesotho,Hinduism,religion,0.1,0.67,0.57,0.67,0.0,0.0,0.0,0.0,0.0,0.67,0.0,2337,19952
LSO,Lesotho,Ibadi / Other Islam,religion,0.0,0.06,0.06,0.06,0.0,0.0,0.0,0.0,0.0,0.06,0.0,0,1701
LSO,Lesotho,Indigenous / Syncretic traditions,religion,11.49,9.7,-1.79,9.7,0.0,0.0,0.0,0.0,0.0,9.7,0.0,268505,290356
LSO,Lesotho,Orthodox Christianity,religion,4.64,4.47,-0.17,4.47,0.0,0.0,0.0,0.0,0.0,4.47,0.0,108544,133789
LSO,Lesotho,Other Christianity,religion,3.87,3.72,-0.14,3.72,0.0,0.0,0.0,0.0,0.0,3.72,0.0,90454,111491
LSO,Lesotho,Other religions,religion,2.04,2.01,-0.03,2.01,0.0,0.0,0.0,0.0,0.0,2.01,0.0,47607,60128
LSO,Lesotho,Protestant Christianity,religion,30.96,29.96,-1.0,29.96,0.0,0.0,0.0,0.0,0.0,29.96,0.0,723630,896807
LSO,Lesotho,Shia Islam,religion,0.0,0.17,0.17,0.17,0.0,0.0,0.0,0.0,0.0,0.17,0.0,0,5103
LSO,Lesotho,Sunni Islam,religion,0.09,1.7,1.61,1.7,0.0,0.0,0.0,0.0,0.0,1.7,0.0,2057,50851
LSO,Lesotho,Unaffiliated,religion,5.09,8.25,3.16,8.25,0.0,0.0,0.0,0.0,0.0,8.25,0.0,119018,247014
LTU,Lithuania,Catholic Christianity,religion,50.5,43.07,-7.43,43.35,-0.28,0.543,0.222,0.047,0.0,43.07,0.0,1443782,972861
LTU,Lithuania,Hinduism,religion,0.0,0.12,0.12,0.0,0.12,0.543,0.222,0.047,0.0,0.12,0.0,0,2656
LTU,Lithuania,Ibadi / Other Islam,religion,0.0,0.22,0.22,0.19,0.03,0.543,0.222,0.047,0.0,0.22,0.0,0,4895
LTU,Lithuania,Judaism,religion,0.53,0.41,-0.12,0.43,-0.02,0.543,0.222,0.047,0.0,0.41,0.0,15191,9253
LTU,Lithuania,Mahayana Buddhism,religion,0.48,0.4,-0.08,0.38,0.02,0.543,0.222,0.047,0.0,0.4,0.0,13672,8983
LTU,Lithuania,Orthodox Christianity,religion,2.1,1.79,-0.31,1.81,-0.01,0.543,0.222,0.047,0.0,1.79,0.0,60158,40536
LTU,Lithuania,Other Christianity,religion,4.91,4.19,-0.72,4.21,-0.03,0.543,0.222,0.047,0.0,4.19,0.0,140368,94584
LTU,Lithuania,Other religions,religion,2.66,2.77,0.11,2.75,0.01,0.543,0.222,0.047,0.0,2.77,0.0,75957,62487
LTU,Lithuania,Protestant Christianity,religion,12.62,10.77,-1.86,10.84,-0.07,0.543,0.222,0.047,0.0,10.77,0.0,360946,243215
LTU,Lithuania,Shia Islam,religion,0.0,0.65,0.65,0.57,0.08,0.543,0.222,0.047,0.0,0.65,0.0,0,14685
LTU,Lithuania,Sikhism,religion,0.0,0.04,0.04,0.0,0.04,0.543,0.222,0.047,0.0,0.04,0.0,0,850
LTU,Lithuania,Sunni Islam,religion,0.09,6.38,6.29,5.61,0.77,0.543,0.222,0.047,0.0,6.38,0.0,2516,144138
LTU,Lithuania,Theravada Buddhism,religion,0.37,0.31,-0.06,0.3,0.01,0.543,0.222,0.047,0.0,0.31,0.0,10634,6987
LTU,Lithuania,Unaffiliated,religion,25.5,28.72,3.21,29.39,-0.68,0.543,0.222,0.047,0.0,28.72,0.0,729183,648645
LTU,Lithuania,Vajrayana / Other Buddhism,religion,0.21,0.18,-0.04,0.17,0.01,0.543,0.222,0.047,0.0,0.18,0.0,6077,3992
LUX,Luxembourg,Catholic Christianity,religion,49.36,38.86,-10.49,38.91,-0.05,0.238,0.162,0.0329,0.0,38.86,0.0,332180,307601
LUX,Luxembourg,Hinduism,religion,0.07,0.54,0.47,0.48,0.07,0.238,0.162,0.0329,0.0,0.54,0.0,471,4298
LUX,Luxembourg,Ibadi / Other Islam,religion,0.07,0.29,0.22,0.27,0.02,0.238,0.162,0.0329,0.0,0.29,0.0,464,2257
LUX,Luxembourg,Judaism,religion,0.52,0.48,-0.04,0.5,-0.02,0.238,0.162,0.0329,0.0,0.48,0.0,3495,3822
LUX,Luxembourg,Mahayana Buddhism,religion,0.47,0.52,0.05,0.51,0.01,0.238,0.162,0.0329,0.0,0.52,0.0,3146,4130
LUX,Luxembourg,Orthodox Christianity,religion,2.06,1.62,-0.44,1.62,-0.0,0.238,0.162,0.0329,0.0,1.62,0.0,13841,12817
LUX,Luxembourg,Other Christianity,religion,4.8,3.78,-1.02,3.78,-0.0,0.238,0.162,0.0329,0.0,3.78,0.0,32295,29906
LUX,Luxembourg,Other religions,religion,2.6,2.69,0.09,2.68,0.01,0.238,0.162,0.0329,0.0,2.69,0.0,17476,21268
LUX,Luxembourg,Protestant Christianity,religion,12.34,9.72,-2.62,9.73,-0.01,0.238,0.162,0.0329,0.0,9.72,0.0,83045,76900
LUX,Luxembourg,Shia Islam,religion,0.21,0.86,0.65,0.81,0.05,0.238,0.162,0.0329,0.0,0.86,0.0,1393,6772
LUX,Luxembourg,Sikhism,religion,0.0,0.03,0.03,0.0,0.03,0.238,0.162,0.0329,0.0,0.03,0.0,0,209
LUX,Luxembourg,Sunni Islam,religion,2.02,8.37,6.35,7.91,0.46,0.238,0.162,0.0329,0.0,8.37,0.0,13622,66262
LUX,Luxembourg,Theravada Buddhism,religion,0.36,0.41,0.04,0.4,0.01,0.238,0.162,0.0329,0.0,0.41,0.0,2447,3212
LUX,Luxembourg,Unaffiliated,religion,24.93,31.61,6.68,32.17,-0.57,0.238,0.162,0.0329,0.0,31.61,0.0,167768,250174
LUX,Luxembourg,Vajrayana / Other Buddhism,religion,0.21,0.23,0.02,0.23,0.0,0.238,0.162,0.0329,0.0,0.23,0.0,1398,1835
LVA,Latvia,Catholic Christianity,religion,29.44,25.42,-4.02,25.58,-0.16,0.516,0.198,0.0437,0.0,25.42,0.0,551109,384833
LVA,Latvia,Hinduism,religion,0.01,0.11,0.1,0.0,0.11,0.516,0.198,0.0437,0.0,0.11,0.0,225,1655
LVA,Latvia,Ibadi / Other Islam,religion,0.0,0.22,0.22,0.19,0.02,0.516,0.198,0.0437,0.0,0.22,0.0,0,3271
LVA,Latvia,Judaism,religion,0.53,0.41,-0.12,0.43,-0.02,0.516,0.198,0.0437,0.0,0.41,0.0,9941,6275
LVA,Latvia,Mahayana Buddhism,religion,0.48,0.4,-0.08,0.38,0.02,0.516,0.198,0.0437,0.0,0.4,0.0,8947,6058
LVA,Latvia,Orthodox Christianity,religion,5.61,4.84,-0.77,4.87,-0.03,0.516,0.198,0.0437,0.0,4.84,0.0,104973,73302
LVA,Latvia,Other Christianity,religion,11.22,9.68,-1.53,9.75,-0.06,0.516,0.198,0.0437,0.0,9.68,0.0,209946,146603
LVA,Latvia,Other religions,religion,2.66,2.77,0.12,2.76,0.01,0.516,0.198,0.0437,0.0,2.77,0.0,49703,41944
LVA,Latvia,Protestant Christianity,religion,23.83,20.58,-3.25,20.71,-0.13,0.516,0.198,0.0437,0.0,20.58,0.0,446136,311531
LVA,Latvia,Shia Islam,religion,0.01,0.65,0.64,0.58,0.07,0.516,0.198,0.0437,0.0,0.65,0.0,253,9871
LVA,Latvia,Sikhism,religion,0.0,0.03,0.03,0.0,0.03,0.516,0.198,0.0437,0.0,0.03,0.0,0,529
LVA,Latvia,Sunni Islam,religion,0.13,6.38,6.24,5.66,0.71,0.516,0.198,0.0437,0.0,6.38,0.0,2471,96520
LVA,Latvia,Theravada Buddhism,religion,0.37,0.31,-0.06,0.3,0.01,0.516,0.198,0.0437,0.0,0.31,0.0,6958,4712
LVA,Latvia,Unaffiliated,religion,25.49,28.01,2.52,28.6,-0.59,0.516,0.198,0.0437,0.0,28.01,0.0,477151,424010
LVA,Latvia,Vajrayana / Other Buddhism,religion,0.21,0.18,-0.03,0.17,0.01,0.516,0.198,0.0437,0.0,0.18,0.0,3976,2693
MAR,Morocco,Catholic Christianity,religion,0.1,0.79,0.69,0.79,0.0,0.0,0.0,0.0,0.0,0.79,0.0,38058,344180
MAR,Morocco,Folk / Traditional,religion,0.17,0.67,0.51,0.67,0.0,0.0,0.0,0.0,0.0,0.67,0.0,63431,291885
MAR,Morocco,Ibadi / Other Islam,religion,2.97,2.76,-0.21,2.76,0.0,0.0,0.0,0.0,0.0,2.76,0.0,1131011,1199293
MAR,Morocco,Orthodox Christianity,religion,0.19,1.52,1.33,1.52,0.0,0.0,0.0,0.0,0.0,1.52,0.0,72945,659678
MAR,Morocco,Other Christianity,religion,0.08,0.63,0.55,0.63,0.0,0.0,0.0,0.0,0.0,0.63,0.0,30130,272476
MAR,Morocco,Other religions,religion,0.17,1.26,1.09,1.26,0.0,0.0,0.0,0.0,0.0,1.26,0.0,63431,547137
MAR,Morocco,Protestant Christianity,religion,0.05,0.36,0.32,0.36,0.0,0.0,0.0,0.0,0.0,0.36,0.0,17443,157749
MAR,Morocco,Shia Islam,religion,8.91,8.28,-0.63,8.28,0.0,0.0,0.0,0.0,0.0,8.28,0.0,3393033,3597880
MAR,Morocco,Sunni Islam,religion,87.12,81.21,-5.91,81.21,0.0,0.0,0.0,0.0,0.0,81.21,0.0,33176321,35278011
MAR,Morocco,Unaffiliated,religion,0.25,2.51,2.26,2.51,0.0,0.0,0.0,0.0,0.0,2.51,0.0,95146,1092142
MDA,Moldova,Catholic Christianity,religion,6.29,5.56,-0.74,5.56,0.0,0.0,0.0,0.0,0.0,5.56,0.0,190998,130683
MDA,Moldova,Ibadi / Other Islam,religion,0.01,0.2,0.18,0.2,0.0,0.0,0.0,0.0,0.0,0.2,0.0,364,4617
MDA,Moldova,Judaism,religion,0.53,0.44,-0.09,0.44,0.0,0.0,0.0,0.0,0.0,0.44,0.0,16077,10251
MDA,Moldova,Mahayana Buddhism,religion,0.48,0.39,-0.09,0.39,0.0,0.0,0.0,0.0,0.0,0.39,0.0,14470,9127
MDA,Moldova,Orthodox Christianity,religion,54.54,48.16,-6.38,48.16,0.0,0.0,0.0,0.0,0.0,48.16,0.0,1655314,1132586
MDA,Moldova,Other Christianity,religion,4.89,4.32,-0.57,4.32,0.0,0.0,0.0,0.0,0.0,4.32,0.0,148554,101642
MDA,Moldova,Other religions,religion,2.65,2.76,0.12,2.76,0.0,0.0,0.0,0.0,0.0,2.76,0.0,80386,65006
MDA,Moldova,Protestant Christianity,religion,4.2,3.7,-0.49,3.7,0.0,0.0,0.0,0.0,0.0,3.7,0.0,127332,87122
MDA,Moldova,Shia Islam,religion,0.04,0.59,0.55,0.59,0.0,0.0,0.0,0.0,0.0,0.59,0.0,1093,13852
MDA,Moldova,Sunni Islam,religion,0.35,5.76,5.41,5.76,0.0,0.0,0.0,0.0,0.0,5.76,0.0,10683,135478
MDA,Moldova,Theravada Buddhism,religion,0.37,0.3,-0.07,0.3,0.0,0.0,0.0,0.0,0.0,0.3,0.0,11254,7099
MDA,Moldova,Unaffiliated,religion,25.43,27.65,2.22,27.65,0.0,0.0,0.0,0.0,0.0,27.65,0.0,771708,650285
MDA,Moldova,Vajrayana / Other Buddhism,religion,0.21,0.17,-0.04,0.17,0.0,0.0,0.0,0.0,0.0,0.17,0.0,6431,4057
MDG,Madagascar,African Independent / Syncretic Christianity,religion,14.05,14.14,0.09,14.14,0.0,0.0,0.0,0.0,0.0,14.14,0.0,4490473,7520794
MDG,Madagascar,Catholic Christianity,religion,24.19,24.35,0.16,24.35,0.0,0.0,0.0,0.0,0.0,24.35,0.0,7733592,12952478
MDG,Madagascar,Folk / Traditional,religion,2.45,1.78,-0.67,1.78,0.0,0.0,0.0,0.0,0.0,1.78,0.0,783149,946714
MDG,Madagascar,Hinduism,religion,0.1,0.04,-0.06,0.04,0.0,0.0,0.0,0.0,0.0,0.04,0.0,31965,18652
MDG,Madagascar,Ibadi / Other Islam,religion,0.3,0.32,0.02,0.32,0.0,0.0,0.0,0.0,0.0,0.32,0.0,95895,170380
MDG,Madagascar,Indigenous / Syncretic traditions,religion,7.43,5.56,-1.87,5.56,0.0,0.0,0.0,0.0,0.0,5.56,0.0,2374708,2955003
MDG,Madagascar,Orthodox Christianity,religion,4.68,4.71,0.03,4.71,0.0,0.0,0.0,0.0,0.0,4.71,0.0,1496824,2506931
MDG,Madagascar,Other Christianity,religion,3.9,3.93,0.03,3.93,0.0,0.0,0.0,0.0,0.0,3.93,0.0,1247354,2089109
MDG,Madagascar,Other religions,religion,0.99,1.18,0.19,1.18,0.0,0.0,0.0,0.0,0.0,1.18,0.0,315786,627072
MDG,Madagascar,Protestant Christianity,religion,31.22,31.59,0.37,31.59,0.0,0.0,0.0,0.0,0.0,31.59,0.0,9978828,16799133
MDG,Madagascar,Shia Islam,religion,0.9,0.96,0.06,0.96,0.0,0.0,0.0,0.0,0.0,0.96,0.0,287685,511141
MDG,Madagascar,Sunni Islam,religion,8.8,9.44,0.64,9.44,0.0,0.0,0.0,0.0,0.0,9.44,0.0,2812916,5022138
MDG,Madagascar,Unaffiliated,religion,0.99,2.0,1.02,2.0,0.0,0.0,0.0,0.0,0.0,2.0,0.0,315786,1065928
MDV,Maldives,African Independent / Syncretic Christianity,religion,0.0,0.01,0.01,0.01,0.0,0.0,0.0,0.0,0.002,0.0,0.01,0,82
MDV,Maldives,Catholic Christianity,religion,0.0,0.04,0.04,0.04,0.0,0.0,0.0,0.0,0.002,0.0,0.04,0,222
MDV,Maldives,Ibadi / Other Islam,religion,3.0,2.92,-0.08,2.92,0.0,0.0,0.0,0.0,0.002,2.93,-0.01,15832,17233
MDV,Maldives,Protestant Christianity,religion,0.0,0.05,0.05,0.05,0.0,0.0,0.0,0.0,0.002,0.0,0.05,0,315
MDV,Maldives,Shia Islam,religion,9.0,8.76,-0.24,8.76,0.0,0.0,0.0,0.0,0.002,8.78,-0.02,47497,51704
MDV,Maldives,Sunni Islam,religion,87.99,86.98,-1.01,86.98,0.0,0.0,0.0,0.0,0.002,87.09,-0.11,464418,513147
MDV,Maldives,Unaffiliated,religion,0.0,1.2,1.2,1.2,0.0,0.0,0.0,0.0,0.002,1.2,0.0,0,7097
MEX,Mexico,Catholic Christianity,religion,61.98,59.66,-2.32,59.66,0.0,0.0,0.0,0.0,0.0,59.66,0.0,81102204,88860795
MEX,Mexico,Folk / Traditional,religion,3.0,2.62,-0.38,2.62,0.0,0.0,0.0,0.0,0.0,2.62,0.0,3929370,3902091
MEX,Mexico,Hinduism,religion,0.1,0.1,-0.0,0.1,0.0,0.0,0.0,0.0,0.0,0.1,0.0,130861,146310
MEX,Mexico,Judaism,religion,0.1,0.1,0.0,0.1,0.0,0.0,0.0,0.0,0.0,0.1,0.0,130979,149653
MEX,Mexico,Mahayana Buddhism,religion,0.09,0.09,-0.0,0.09,0.0,0.0,0.0,0.0,0.0,0.09,0.0,117881,131798
MEX,Mexico,Orthodox Christianity,religion,2.58,2.49,-0.1,2.49,0.0,0.0,0.0,0.0,0.0,2.49,0.0,3379259,3702533
MEX,Mexico,Other Christianity,religion,6.03,5.8,-0.23,5.8,0.0,0.0,0.0,0.0,0.0,5.8,0.0,7884937,8639244
MEX,Mexico,Other religions,religion,2.5,2.55,0.05,2.55,0.0,0.0,0.0,0.0,0.0,2.55,0.0,3274475,3801215
MEX,Mexico,Protestant Christianity,religion,15.49,14.91,-0.58,14.91,0.0,0.0,0.0,0.0,0.0,14.91,0.0,20275551,22215199
MEX,Mexico,Theravada Buddhism,religion,0.07,0.07,-0.0,0.07,0.0,0.0,0.0,0.0,0.0,0.07,0.0,91685,102509
MEX,Mexico,Unaffiliated,religion,8.01,11.57,3.56,11.57,0.0,0.0,0.0,0.0,0.0,11.57,0.0,10478321,17236343
MEX,Mexico,Vajrayana / Other Buddhism,religion,0.04,0.04,-0.0,0.04,0.0,0.0,0.0,0.0,0.0,0.04,0.0,52392,58577
MHL,Marshall Islands,Catholic Christianity,religion,30.52,28.29,-2.23,28.29,0.0,0.0,0.0,0.0,0.0,28.29,0.0,11467,7133
MHL,Marshall Islands,Folk / Traditional,religion,6.06,5.09,-0.96,5.09,0.0,0.0,0.0,0.0,0.0,5.09,0.0,2275,1284
MHL,Marshall Islands,Hinduism,religion,2.0,1.89,-0.11,1.89,0.0,0.0,0.0,0.0,0.0,1.89,0.0,751,477
MHL,Marshall Islands,Mahayana Buddhism,religion,0.68,0.64,-0.04,0.64,0.0,0.0,0.0,0.0,0.0,0.64,0.0,256,162
MHL,Marshall Islands,Orthodox Christianity,religion,5.81,5.39,-0.42,5.39,0.0,0.0,0.0,0.0,0.0,5.39,0.0,2184,1359
MHL,Marshall Islands,Other Christianity,religion,11.63,10.78,-0.85,10.78,0.0,0.0,0.0,0.0,0.0,10.78,0.0,4368,2717
MHL,Marshall Islands,Other religions,religion,1.51,1.52,0.01,1.52,0.0,0.0,0.0,0.0,0.0,1.52,0.0,569,383
MHL,Marshall Islands,Protestant Christianity,religion,24.71,22.9,-1.8,22.9,0.0,0.0,0.0,0.0,0.0,22.9,0.0,9283,5775
MHL,Marshall Islands,Sunni Islam,religion,0.09,0.09,0.0,0.09,0.0,0.0,0.0,0.0,0.0,0.09,0.0,33,22
MHL,Marshall Islands,Theravada Buddhism,religion,0.53,0.5,-0.03,0.5,0.0,0.0,0.0,0.0,0.0,0.5,0.0,199,126
MHL,Marshall Islands,Unaffiliated,religion,16.15,22.61,6.46,22.61,0.0,0.0,0.0,0.0,0.0,22.61,0.0,6067,5700
MHL,Marshall Islands,Vajrayana / Other Buddhism,religion,0.3,0.29,-0.02,0.29,0.0,0.0,0.0,0.0,0.0,0.29,0.0,114,72
MKD,North Macedonia,Catholic Christianity,religion,4.28,4.93,0.65,4.94,-0.01,0.486,0.138,0.0374,0.0,4.93,0.0,78105,74596
MKD,North Macedonia,Hinduism,religion,0.0,0.09,0.09,0.0,0.09,0.486,0.138,0.0374,0.0,0.09,0.0,0,1414
MKD,North Macedonia,Ibadi / Other Islam,religion,0.97,0.48,-0.49,0.46,0.01,0.486,0.138,0.0374,0.0,0.48,0.0,17610,7192
MKD,North Macedonia,Judaism,religion,0.36,0.37,0.01,0.38,-0.01,0.486,0.138,0.0374,0.0,0.37,0.0,6574,5586
MKD,North Macedonia,Mahayana Buddhism,religion,0.32,0.36,0.03,0.34,0.02,0.486,0.138,0.0374,0.0,0.36,0.0,5917,5402
MKD,North Macedonia,Orthodox Christianity,religion,37.13,42.74,5.61,42.82,-0.08,0.486,0.138,0.0374,0.0,42.74,0.0,676908,646494
MKD,North Macedonia,Other Christianity,religion,3.33,3.84,0.5,3.84,-0.01,0.486,0.138,0.0374,0.0,3.84,0.0,60748,58019
MKD,North Macedonia,Other religions,religion,1.8,2.53,0.73,2.51,0.02,0.486,0.138,0.0374,0.0,2.53,0.0,32872,38285
MKD,North Macedonia,Protestant Christianity,religion,2.86,3.29,0.43,3.29,-0.01,0.486,0.138,0.0374,0.0,3.29,0.0,52070,49730
MKD,North Macedonia,Shia Islam,religion,2.9,1.43,-1.47,1.39,0.03,0.486,0.138,0.0374,0.0,1.43,0.0,52831,21575
MKD,North Macedonia,Sikhism,religion,0.0,0.03,0.03,0.0,0.03,0.486,0.138,0.0374,0.0,0.03,0.0,0,452
MKD,North Macedonia,Sunni Islam,religion,28.34,14.05,-14.28,13.75,0.31,0.486,0.138,0.0374,0.0,14.05,0.0,516568,212596
MKD,North Macedonia,Theravada Buddhism,religion,0.25,0.28,0.03,0.27,0.01,0.486,0.138,0.0374,0.0,0.28,0.0,4602,4201
MKD,North Macedonia,Unaffiliated,religion,17.31,25.43,8.12,25.84,-0.41,0.486,0.138,0.0374,0.0,25.43,0.0,315575,384743
MKD,North Macedonia,Vajrayana / Other Buddhism,religion,0.14,0.16,0.01,0.15,0.01,0.486,0.138,0.0374,0.0,0.16,0.0,2630,2401
MLI,Mali,Catholic Christianity,religion,0.66,0.61,-0.06,0.61,0.0,0.0,0.0,0.0,0.0,0.61,0.0,162783,279988
MLI,Mali,Folk / Traditional,religion,0.63,0.55,-0.08,0.55,0.0,0.0,0.0,0.0,0.0,0.55,0.0,155031,253960
MLI,Mali,Ibadi / Other Islam,religion,2.89,2.85,-0.04,2.85,0.0,0.0,0.0,0.0,0.0,2.85,0.0,706452,1315154
MLI,Mali,Orthodox Christianity,religion,0.13,0.12,-0.01,0.12,0.0,0.0,0.0,0.0,0.0,0.12,0.0,31006,53331
MLI,Mali,Other Christianity,religion,0.25,0.23,-0.02,0.23,0.0,0.0,0.0,0.0,0.0,0.23,0.0,62012,106662
MLI,Mali,Other religions,religion,0.63,0.58,-0.05,0.58,0.0,0.0,0.0,0.0,0.0,0.58,0.0,155031,268652
MLI,Mali,Protestant Christianity,religion,0.54,0.49,-0.05,0.49,0.0,0.0,0.0,0.0,0.0,0.49,0.0,131776,226657
MLI,Mali,Shia Islam,religion,8.66,8.55,-0.11,8.55,0.0,0.0,0.0,0.0,0.0,8.55,0.0,2119357,3945463
MLI,Mali,Sunni Islam,religion,84.66,84.74,0.09,84.74,0.0,0.0,0.0,0.0,0.0,84.74,0.0,20722601,39111438
MLI,Mali,Unaffiliated,religion,0.95,1.28,0.33,1.28,0.0,0.0,0.0,0.0,0.0,1.28,0.0,232547,592776
MLT,Malta,Catholic Christianity,religion,49.24,43.3,-5.93,43.52,-0.22,0.35,0.2,0.0357,0.0,43.3,0.0,265699,231992
MLT,Malta,Hinduism,religion,0.0,0.09,0.09,0.0,0.09,0.35,0.2,0.0357,0.0,0.09,0.0,0,479
MLT,Malta,Ibadi / Other Islam,religion,0.08,0.23,0.15,0.21,0.02,0.35,0.2,0.0357,0.0,0.23,0.0,421,1248
MLT,Malta,Judaism,religion,0.52,0.41,-0.1,0.43,-0.02,0.35,0.2,0.0357,0.0,0.41,0.0,2796,2215
MLT,Malta,Mahayana Buddhism,religion,0.47,0.39,-0.07,0.38,0.01,0.35,0.2,0.0357,0.0,0.39,0.0,2516,2110
MLT,Malta,Orthodox Christianity,religion,2.05,1.8,-0.25,1.81,-0.01,0.35,0.2,0.0357,0.0,1.8,0.0,11071,9666
MLT,Malta,Other Christianity,religion,4.79,4.21,-0.58,4.23,-0.02,0.35,0.2,0.0357,0.0,4.21,0.0,25832,22555
MLT,Malta,Other religions,religion,2.59,2.75,0.16,2.74,0.01,0.35,0.2,0.0357,0.0,2.75,0.0,13978,14722
MLT,Malta,Protestant Christianity,religion,12.31,10.83,-1.48,10.88,-0.05,0.35,0.2,0.0357,0.0,10.83,0.0,66425,57998
MLT,Malta,Shia Islam,religion,0.23,0.7,0.46,0.64,0.06,0.35,0.2,0.0357,0.0,0.7,0.0,1263,3743
MLT,Malta,Sikhism,religion,0.0,0.03,0.03,0.0,0.03,0.35,0.2,0.0357,0.0,0.03,0.0,0,153
MLT,Malta,Sunni Islam,religion,2.29,6.84,4.55,6.28,0.56,0.35,0.2,0.0357,0.0,6.84,0.0,12346,36642
MLT,Malta,Theravada Buddhism,religion,0.36,0.31,-0.06,0.3,0.01,0.35,0.2,0.0357,0.0,0.31,0.0,1957,1641
MLT,Malta,Unaffiliated,religion,24.87,27.93,3.06,28.41,-0.48,0.35,0.2,0.0357,0.0,27.93,0.0,134191,149627
MLT,Malta,Vajrayana / Other Buddhism,religion,0.21,0.18,-0.03,0.17,0.01,0.35,0.2,0.0357,0.0,0.18,0.0,1118,938
MMR,Myanmar,Catholic Christianity,religion,3.26,3.35,0.09,3.35,0.0,0.0,0.0,0.0,0.0,3.35,0.0,1778883,1966052
MMR,Myanmar,Folk / Traditional,religion,17.49,16.71,-0.77,16.71,0.0,0.0,0.0,0.0,0.0,16.71,0.0,9529729,9797518
MMR,Myanmar,Hinduism,religion,0.5,0.22,-0.28,0.22,0.0,0.0,0.0,0.0,0.0,0.22,0.0,272500,129685
MMR,Myanmar,Ibadi / Other Islam,religion,0.13,0.09,-0.04,0.09,0.0,0.0,0.0,0.0,0.0,0.09,0.0,70305,52837
MMR,Myanmar,Mahayana Buddhism,religion,2.04,1.89,-0.15,1.89,0.0,0.0,0.0,0.0,0.0,1.89,0.0,1111802,1108132
MMR,Myanmar,Orthodox Christianity,religion,0.62,0.64,0.02,0.64,0.0,0.0,0.0,0.0,0.0,0.64,0.0,338835,374486
MMR,Myanmar,Other Christianity,religion,1.24,1.28,0.03,1.28,0.0,0.0,0.0,0.0,0.0,1.28,0.0,677670,748972
MMR,Myanmar,Other religions,religion,2.91,2.7,-0.22,2.7,0.0,0.0,0.0,0.0,0.0,2.7,0.0,1588288,1581127
MMR,Myanmar,Protestant Christianity,religion,2.64,2.71,0.07,2.71,0.0,0.0,0.0,0.0,0.0,2.71,0.0,1440048,1591566
MMR,Myanmar,Shia Islam,religion,0.39,0.27,-0.12,0.27,0.0,0.0,0.0,0.0,0.0,0.27,0.0,210915,158511
MMR,Myanmar,Sunni Islam,religion,3.78,2.67,-1.12,2.67,0.0,0.0,0.0,0.0,0.0,2.67,0.0,2062283,1564619
MMR,Myanmar,Theravada Buddhism,religion,25.65,23.76,-1.88,23.76,0.0,0.0,0.0,0.0,0.0,23.76,0.0,13976936,13930805
MMR,Myanmar,Unaffiliated,religion,37.89,42.35,4.47,42.35,0.0,0.0,0.0,0.0,0.0,42.35,0.0,20647747,24827398
MMR,Myanmar,Vajrayana / Other Buddhism,religion,1.46,1.35,-0.11,1.35,0.0,0.0,0.0,0.0,0.0,1.35,0.0,794144,791523
MNE,Montenegro,Catholic Christianity,religion,5.11,5.17,0.05,5.18,-0.02,0.376,0.121,0.0304,0.0,5.17,0.0,32640,27550
MNE,Montenegro,Hinduism,religion,0.0,0.08,0.08,0.0,0.08,0.376,0.121,0.0304,0.0,0.08,0.0,0,406
MNE,Montenegro,Ibadi / Other Islam,religion,0.57,0.37,-0.2,0.36,0.01,0.376,0.121,0.0304,0.0,0.37,0.0,3658,1966
MNE,Montenegro,Judaism,religion,0.43,0.39,-0.04,0.4,-0.01,0.376,0.121,0.0304,0.0,0.39,0.0,2748,2090
MNE,Montenegro,Mahayana Buddhism,religion,0.39,0.37,-0.02,0.36,0.01,0.376,0.121,0.0304,0.0,0.37,0.0,2473,1985
MNE,Montenegro,Orthodox Christianity,religion,44.31,44.77,0.47,44.9,-0.13,0.376,0.121,0.0304,0.0,44.77,0.0,282883,238763
MNE,Montenegro,Other Christianity,religion,3.98,4.02,0.04,4.03,-0.01,0.376,0.121,0.0304,0.0,4.02,0.0,25387,21427
MNE,Montenegro,Other religions,religion,2.15,2.62,0.47,2.61,0.01,0.376,0.121,0.0304,0.0,2.62,0.0,13738,13993
MNE,Montenegro,Protestant Christianity,religion,3.41,3.44,0.04,3.45,-0.01,0.376,0.121,0.0304,0.0,3.44,0.0,21760,18366
MNE,Montenegro,Shia Islam,religion,1.72,1.11,-0.61,1.07,0.04,0.376,0.121,0.0304,0.0,1.11,0.0,10975,5897
MNE,Montenegro,Sikhism,religion,0.0,0.02,0.02,0.0,0.02,0.376,0.121,0.0304,0.0,0.02,0.0,0,130
MNE,Montenegro,Sunni Islam,religion,16.81,10.88,-5.93,10.53,0.35,0.376,0.121,0.0304,0.0,10.88,0.0,107316,58006
MNE,Montenegro,Theravada Buddhism,religion,0.3,0.29,-0.01,0.28,0.01,0.376,0.121,0.0304,0.0,0.29,0.0,1923,1544
MNE,Montenegro,Unaffiliated,religion,20.66,26.31,5.65,26.66,-0.35,0.376,0.121,0.0304,0.0,26.31,0.0,131880,140295
MNE,Montenegro,Vajrayana / Other Buddhism,religion,0.17,0.17,-0.01,0.16,0.01,0.376,0.121,0.0304,0.0,0.17,0.0,1099,882
MNG,Mongolia,Catholic Christianity,religion,3.26,3.19,-0.07,3.19,0.0,0.0,0.0,0.0,0.0,3.19,0.0,113203,143403
MNG,Mongolia,Folk / Traditional,religion,17.45,15.82,-1.63,15.82,0.0,0.0,0.0,0.0,0.0,15.82,0.0,606446,712301
MNG,Mongolia,Ibadi / Other Islam,religion,0.15,0.09,-0.06,0.09,0.0,0.0,0.0,0.0,0.0,0.09,0.0,5213,4210
MNG,Mongolia,Mahayana Buddhism,religion,5.23,4.62,-0.61,4.62,0.0,0.0,0.0,0.0,0.0,4.62,0.0,181934,208137
MNG,Mongolia,Orthodox Christianity,religion,0.62,0.61,-0.01,0.61,0.0,0.0,0.0,0.0,0.0,0.61,0.0,21563,27315
MNG,Mongolia,Other Christianity,religion,1.24,1.21,-0.03,1.21,0.0,0.0,0.0,0.0,0.0,1.21,0.0,43125,54630
MNG,Mongolia,Other religions,religion,2.91,2.63,-0.28,2.63,0.0,0.0,0.0,0.0,0.0,2.63,0.0,101074,118387
MNG,Mongolia,Protestant Christianity,religion,2.64,2.58,-0.06,2.58,0.0,0.0,0.0,0.0,0.0,2.58,0.0,91641,116088
MNG,Mongolia,Shia Islam,religion,0.45,0.28,-0.17,0.28,0.0,0.0,0.0,0.0,0.0,0.28,0.0,15640,12629
MNG,Mongolia,Sunni Islam,religion,4.4,2.77,-1.63,2.77,0.0,0.0,0.0,0.0,0.0,2.77,0.0,152924,124713
MNG,Mongolia,Theravada Buddhism,religion,2.91,2.57,-0.34,2.57,0.0,0.0,0.0,0.0,0.0,2.57,0.0,101074,115632
MNG,Mongolia,Unaffiliated,religion,37.81,45.0,7.19,45.0,0.0,0.0,0.0,0.0,0.0,45.0,0.0,1313967,2025671
MNG,Mongolia,Vajrayana / Other Buddhism,religion,20.94,18.62,-2.31,18.62,0.0,0.0,0.0,0.0,0.0,18.62,0.0,727736,838376
MOZ,Mozambique,African Independent / Syncretic Christianity,religion,12.65,13.66,1.01,13.66,0.0,0.0,0.0,0.0,0.0,13.66,0.0,4382115,8679699
MOZ,Mozambique,Catholic Christianity,religion,21.79,23.53,1.74,23.53,0.0,0.0,0.0,0.0,0.0,23.53,0.0,7546977,14948371
MOZ,Mozambique,Folk / Traditional,religion,2.21,1.71,-0.5,1.71,0.0,0.0,0.0,0.0,0.0,1.71,0.0,764251,1085234
MOZ,Mozambique,Hinduism,religion,0.12,0.04,-0.08,0.04,0.0,0.0,0.0,0.0,0.0,0.04,0.0,43290,27769
MOZ,Mozambique,Ibadi / Other Islam,religion,0.57,0.42,-0.15,0.42,0.0,0.0,0.0,0.0,0.0,0.42,0.0,196362,267929
MOZ,Mozambique,Indigenous / Syncretic traditions,religion,6.69,5.34,-1.35,5.34,0.0,0.0,0.0,0.0,0.0,5.34,0.0,2317406,3391830
MOZ,Mozambique,Orthodox Christianity,religion,4.22,4.55,0.34,4.55,0.0,0.0,0.0,0.0,0.0,4.55,0.0,1460705,2893233
MOZ,Mozambique,Other Christianity,religion,3.51,3.8,0.28,3.8,0.0,0.0,0.0,0.0,0.0,3.8,0.0,1217254,2411028
MOZ,Mozambique,Other religions,religion,0.89,1.14,0.25,1.14,0.0,0.0,0.0,0.0,0.0,1.14,0.0,308166,725139
MOZ,Mozambique,Protestant Christianity,religion,28.12,30.51,2.39,30.51,0.0,0.0,0.0,0.0,0.0,30.51,0.0,9738034,19380443
MOZ,Mozambique,Shia Islam,religion,1.7,1.27,-0.44,1.27,0.0,0.0,0.0,0.0,0.0,1.27,0.0,589086,803786
MOZ,Mozambique,Sunni Islam,religion,16.63,12.46,-4.18,12.46,0.0,0.0,0.0,0.0,0.0,12.46,0.0,5759955,7913787
MOZ,Mozambique,Unaffiliated,religion,0.89,1.58,0.69,1.58,0.0,0.0,0.0,0.0,0.0,1.58,0.0,308166,1002712
MRT,Mauritania,Catholic Christianity,religion,0.02,0.02,-0.0,0.02,0.0,0.0,0.0,0.0,0.0,0.02,0.0,905,1527
MRT,Mauritania,Folk / Traditional,religion,0.02,0.01,-0.0,0.01,0.0,0.0,0.0,0.0,0.0,0.01,0.0,862,1337
MRT,Mauritania,Ibadi / Other Islam,religion,3.0,2.93,-0.07,2.93,0.0,0.0,0.0,0.0,0.0,2.93,0.0,154927,275911
MRT,Mauritania,Other religions,religion,0.02,0.02,-0.0,0.02,0.0,0.0,0.0,0.0,0.0,0.02,0.0,862,1485
MRT,Mauritania,Protestant Christianity,religion,0.01,0.01,-0.0,0.01,0.0,0.0,0.0,0.0,0.0,0.01,0.0,732,1236
MRT,Mauritania,Shia Islam,religion,8.99,8.79,-0.2,8.79,0.0,0.0,0.0,0.0,0.0,8.79,0.0,464781,827733
MRT,Mauritania,Sunni Islam,religion,87.91,87.19,-0.73,87.19,0.0,0.0,0.0,0.0,0.0,87.19,0.0,4544526,8209175
MRT,Mauritania,Unaffiliated,religion,0.02,1.03,1.01,1.03,0.0,0.0,0.0,0.0,0.0,1.03,0.0,1292,97200
MUS,Mauritius,African Independent / Syncretic Christianity,religion,6.77,9.34,2.57,9.34,0.0,0.0,0.0,0.0,0.0,9.34,0.0,86103,103422
MUS,Mauritius,Catholic Christianity,religion,11.67,16.09,4.42,16.09,0.0,0.0,0.0,0.0,0.0,16.09,0.0,148288,178116
MUS,Mauritius,Folk / Traditional,religion,1.13,1.01,-0.12,1.01,0.0,0.0,0.0,0.0,0.0,1.01,0.0,14350,11186
MUS,Mauritius,Hinduism,religion,39.0,15.14,-23.86,15.14,0.0,0.0,0.0,0.0,0.0,15.14,0.0,495757,167624
MUS,Mauritius,Ibadi / Other Islam,religion,0.52,0.74,0.22,0.74,0.0,0.0,0.0,0.0,0.0,0.74,0.0,6597,8216
MUS,Mauritius,Indigenous / Syncretic traditions,religion,3.73,3.55,-0.18,3.55,0.0,0.0,0.0,0.0,0.0,3.55,0.0,47372,39319
MUS,Mauritius,Orthodox Christianity,religion,2.26,3.11,0.86,3.11,0.0,0.0,0.0,0.0,0.0,3.11,0.0,28701,34474
MUS,Mauritius,Other Christianity,religion,1.88,2.59,0.71,2.59,0.0,0.0,0.0,0.0,0.0,2.59,0.0,23917,28728
MUS,Mauritius,Other religions,religion,0.73,1.02,0.29,1.02,0.0,0.0,0.0,0.0,0.0,1.02,0.0,9258,11242
MUS,Mauritius,Protestant Christianity,religion,15.05,20.85,5.79,20.85,0.0,0.0,0.0,0.0,0.0,20.85,0.0,191339,230806
MUS,Mauritius,Shia Islam,religion,1.56,2.23,0.67,2.23,0.0,0.0,0.0,0.0,0.0,2.23,0.0,19792,24648
MUS,Mauritius,Sunni Islam,religion,15.22,21.86,6.63,21.86,0.0,0.0,0.0,0.0,0.0,21.86,0.0,193523,241993
MUS,Mauritius,Unaffiliated,religion,0.49,2.48,1.99,2.48,0.0,0.0,0.0,0.0,0.0,2.48,0.0,6172,27423
MWI,Malawi,African Independent / Syncretic Christianity,religion,12.48,13.59,1.11,13.59,0.0,0.0,0.0,0.0,0.0,13.59,0.0,2703427,5077444
MWI,Malawi,Catholic Christianity,religion,21.5,23.4,1.9,23.4,0.0,0.0,0.0,0.0,0.0,23.4,0.0,4655901,8744488
MWI,Malawi,Folk / Traditional,religion,2.18,1.69,-0.48,1.69,0.0,0.0,0.0,0.0,0.0,1.69,0.0,471484,633167
MWI,Malawi,Hinduism,religion,0.11,0.04,-0.07,0.04,0.0,0.0,0.0,0.0,0.0,0.04,0.0,23821,14353
MWI,Malawi,Ibadi / Other Islam,religion,0.6,0.43,-0.17,0.43,0.0,0.0,0.0,0.0,0.0,0.43,0.0,129932,162009
MWI,Malawi,Indigenous / Syncretic traditions,religion,6.6,5.3,-1.3,5.3,0.0,0.0,0.0,0.0,0.0,5.3,0.0,1429660,1979350
MWI,Malawi,Orthodox Christianity,religion,4.16,4.53,0.37,4.53,0.0,0.0,0.0,0.0,0.0,4.53,0.0,901142,1692481
MWI,Malawi,Other Christianity,religion,3.47,3.77,0.31,3.77,0.0,0.0,0.0,0.0,0.0,3.77,0.0,750952,1410401
MWI,Malawi,Other religions,religion,0.88,1.14,0.26,1.14,0.0,0.0,0.0,0.0,0.0,1.14,0.0,190114,424837
MWI,Malawi,Protestant Christianity,religion,27.74,30.34,2.6,30.34,0.0,0.0,0.0,0.0,0.0,30.34,0.0,6007615,11336653
MWI,Malawi,Shia Islam,religion,1.8,1.3,-0.5,1.3,0.0,0.0,0.0,0.0,0.0,1.3,0.0,389795,486026
MWI,Malawi,Sunni Islam,religion,17.6,12.81,-4.79,12.81,0.0,0.0,0.0,0.0,0.0,12.81,0.0,3811331,4786155
MWI,Malawi,Unaffiliated,religion,0.88,1.64,0.77,1.64,0.0,0.0,0.0,0.0,0.0,1.64,0.0,190114,614312
MYS,Malaysia,African Independent / Syncretic Christianity,religion,0.0,0.02,0.02,0.02,0.0,0.0,0.0,0.0,0.0026,0.0,0.02,0,8007
MYS,Malaysia,Catholic Christianity,religion,5.29,4.95,-0.33,4.95,0.0,0.0,0.0,0.0,0.0026,4.91,0.04,1879223,2192668
MYS,Malaysia,Folk / Traditional,religion,5.03,4.22,-0.81,4.22,0.0,0.0,0.0,0.0,0.0026,4.23,-0.01,1789736,1868869
MYS,Malaysia,Hinduism,religion,6.3,5.98,-0.32,5.98,0.0,0.0,0.0,0.0,0.0026,5.99,-0.02,2240133,2647301
MYS,Malaysia,Ibadi / Other Islam,religion,1.91,1.85,-0.05,1.85,0.0,0.0,0.0,0.0,0.0026,1.86,-0.0,677374,820854
MYS,Malaysia,Orthodox Christianity,religion,1.01,0.95,-0.06,0.95,0.0,0.0,0.0,0.0,0.0026,0.94,0.01,357947,419231
MYS,Malaysia,Other Christianity,religion,2.01,1.88,-0.14,1.88,0.0,0.0,0.0,0.0,0.0026,1.87,0.01,715894,831598
MYS,Malaysia,Other religions,religion,5.03,4.96,-0.07,4.96,0.0,0.0,0.0,0.0,0.0026,4.97,-0.01,1789736,2197359
MYS,Malaysia,Protestant Christianity,religion,4.28,4.04,-0.24,4.04,0.0,0.0,0.0,0.0,0.0026,3.98,0.06,1521276,1788307
MYS,Malaysia,Shia Islam,religion,5.71,5.56,-0.15,5.56,0.0,0.0,0.0,0.0,0.0026,5.57,-0.01,2032121,2463135
MYS,Malaysia,Sunni Islam,religion,55.88,55.25,-0.63,55.25,0.0,0.0,0.0,0.0,0.0026,55.31,-0.07,19869626,24468545
MYS,Malaysia,Unaffiliated,religion,7.55,10.34,2.79,10.34,0.0,0.0,0.0,0.0,0.0026,10.36,-0.02,2684604,4580458
NAM,Namibia,African Independent / Syncretic Christianity,religion,13.9,13.22,-0.68,13.22,0.0,0.0,0.0,0.0,0.0,13.22,0.0,421289,596613
NAM,Namibia,Catholic Christianity,religion,23.94,22.77,-1.17,22.77,0.0,0.0,0.0,0.0,0.0,22.77,0.0,725553,1027500
NAM,Namibia,Folk / Traditional,religion,3.78,2.73,-1.05,2.73,0.0,0.0,0.0,0.0,0.0,2.73,0.0,114561,123032
NAM,Namibia,Hinduism,religion,0.0,0.62,0.62,0.62,0.0,0.0,0.0,0.0,0.0,0.62,0.0,0,28157
NAM,Namibia,Ibadi / Other Islam,religion,0.01,0.06,0.05,0.06,0.0,0.0,0.0,0.0,0.0,0.06,0.0,364,2726
NAM,Namibia,Indigenous / Syncretic traditions,religion,11.46,9.52,-1.95,9.52,0.0,0.0,0.0,0.0,0.0,9.52,0.0,347379,429379
NAM,Namibia,Orthodox Christianity,religion,4.63,4.41,-0.23,4.41,0.0,0.0,0.0,0.0,0.0,4.41,0.0,140430,198871
NAM,Namibia,Other Christianity,religion,3.86,3.67,-0.19,3.67,0.0,0.0,0.0,0.0,0.0,3.67,0.0,117025,165726
NAM,Namibia,Other religions,religion,2.03,2.01,-0.02,2.01,0.0,0.0,0.0,0.0,0.0,2.01,0.0,61592,90800
NAM,Namibia,Protestant Christianity,religion,30.9,29.54,-1.35,29.54,0.0,0.0,0.0,0.0,0.0,29.54,0.0,936198,1333133
NAM,Namibia,Shia Islam,religion,0.04,0.18,0.15,0.18,0.0,0.0,0.0,0.0,0.0,0.18,0.0,1091,8179
NAM,Namibia,Sunni Islam,religion,0.35,1.77,1.42,1.77,0.0,0.0,0.0,0.0,0.0,1.77,0.0,10666,80058
NAM,Namibia,Unaffiliated,religion,5.08,9.49,4.41,9.49,0.0,0.0,0.0,0.0,0.0,9.49,0.0,153980,428129
NER,Niger,Catholic Christianity,religion,0.3,0.27,-0.03,0.27,0.0,0.0,0.0,0.0,0.0,0.27,0.0,80421,142225
NER,Niger,Folk / Traditional,religion,0.28,0.25,-0.04,0.25,0.0,0.0,0.0,0.0,0.0,0.25,0.0,76592,129788
NER,Niger,Ibadi / Other Islam,religion,2.95,2.91,-0.04,2.91,0.0,0.0,0.0,0.0,0.0,2.91,0.0,797186,1525900
NER,Niger,Orthodox Christianity,religion,0.06,0.05,-0.01,0.05,0.0,0.0,0.0,0.0,0.0,0.05,0.0,15318,27091
NER,Niger,Other Christianity,religion,0.11,0.1,-0.01,0.1,0.0,0.0,0.0,0.0,0.0,0.1,0.0,30637,54181
NER,Niger,Other religions,religion,0.28,0.26,-0.02,0.26,0.0,0.0,0.0,0.0,0.0,0.26,0.0,76592,136456
NER,Niger,Protestant Christianity,religion,0.24,0.22,-0.02,0.22,0.0,0.0,0.0,0.0,0.0,0.22,0.0,65103,115135
NER,Niger,Shia Islam,religion,8.85,8.72,-0.13,8.72,0.0,0.0,0.0,0.0,0.0,8.72,0.0,2391558,4577701
NER,Niger,Sunni Islam,religion,86.5,86.41,-0.09,86.41,0.0,0.0,0.0,0.0,0.0,86.41,0.0,23384122,45378826
NER,Niger,Unaffiliated,religion,0.43,0.81,0.39,0.81,0.0,0.0,0.0,0.0,0.0,0.81,0.0,114888,426579
NGA,Nigeria,African Independent / Syncretic Christianity,religion,8.97,8.18,-0.79,8.18,0.0,0.0,0.0,0.0,0.0,8.18,0.0,20871350,29375953
NGA,Nigeria,Catholic Christianity,religion,15.45,14.09,-1.36,14.09,0.0,0.0,0.0,0.0,0.0,14.09,0.0,35945102,50591920
NGA,Nigeria,Folk / Traditional,religion,1.01,0.42,-0.58,0.42,0.0,0.0,0.0,0.0,0.0,0.42,0.0,2344246,1523198
NGA,Nigeria,Ibadi / Other Islam,religion,1.44,1.54,0.1,1.54,0.0,0.0,0.0,0.0,0.0,1.54,0.0,3350585,5527733
NGA,Nigeria,Indigenous / Syncretic traditions,religion,0.62,0.26,-0.36,0.26,0.0,0.0,0.0,0.0,0.0,0.26,0.0,1436796,933573
NGA,Nigeria,Orthodox Christianity,religion,2.99,2.73,-0.26,2.73,0.0,0.0,0.0,0.0,0.0,2.73,0.0,6957117,9791984
NGA,Nigeria,Other Christianity,religion,2.49,2.27,-0.22,2.27,0.0,0.0,0.0,0.0,0.0,2.27,0.0,5797597,8159987
NGA,Nigeria,Other religions,religion,0.33,0.2,-0.12,0.2,0.0,0.0,0.0,0.0,0.0,0.2,0.0,756208,718371
NGA,Nigeria,Protestant Christianity,religion,19.93,18.17,-1.76,18.17,0.0,0.0,0.0,0.0,0.0,18.17,0.0,46380777,65279897
NGA,Nigeria,Shia Islam,religion,4.32,4.62,0.3,4.62,0.0,0.0,0.0,0.0,0.0,4.62,0.0,10051754,16583200
NGA,Nigeria,Sunni Islam,religion,42.24,45.14,2.9,45.14,0.0,0.0,0.0,0.0,0.0,45.14,0.0,98283813,162146840
NGA,Nigeria,Unaffiliated,religion,0.22,2.38,2.16,2.38,0.0,0.0,0.0,0.0,0.0,2.38,0.0,504139,8552902
NIC,Nicaragua,Catholic Christianity,religion,60.6,59.04,-1.56,59.04,0.0,0.0,0.0,0.0,0.0,59.04,0.0,4191287,5169925
NIC,Nicaragua,Folk / Traditional,religion,3.01,2.68,-0.33,2.68,0.0,0.0,0.0,0.0,0.0,2.68,0.0,207901,234691
NIC,Nicaragua,Hinduism,religion,0.2,0.2,-0.0,0.2,0.0,0.0,0.0,0.0,0.0,0.2,0.0,13832,17255
NIC,Nicaragua,Judaism,religion,0.2,0.2,-0.0,0.2,0.0,0.0,0.0,0.0,0.0,0.2,0.0,13860,17437
NIC,Nicaragua,Mahayana Buddhism,religion,0.14,0.13,-0.0,0.13,0.0,0.0,0.0,0.0,0.0,0.13,0.0,9356,11671
NIC,Nicaragua,Orthodox Christianity,religion,2.53,2.46,-0.07,2.46,0.0,0.0,0.0,0.0,0.0,2.46,0.0,174637,215414
NIC,Nicaragua,Other Christianity,religion,5.89,5.74,-0.15,5.74,0.0,0.0,0.0,0.0,0.0,5.74,0.0,407486,502632
NIC,Nicaragua,Other religions,religion,3.01,3.04,0.03,3.04,0.0,0.0,0.0,0.0,0.0,3.04,0.0,207901,265829
NIC,Nicaragua,Protestant Christianity,religion,15.15,14.76,-0.39,14.76,0.0,0.0,0.0,0.0,0.0,14.76,0.0,1047822,1292481
NIC,Nicaragua,Sunni Islam,religion,0.09,0.09,0.0,0.09,0.0,0.0,0.0,0.0,0.0,0.09,0.0,6086,7798
NIC,Nicaragua,Theravada Buddhism,religion,0.11,0.1,-0.0,0.1,0.0,0.0,0.0,0.0,0.0,0.1,0.0,7277,9077
NIC,Nicaragua,Unaffiliated,religion,9.02,11.5,2.48,11.5,0.0,0.0,0.0,0.0,0.0,11.5,0.0,623703,1007040
NIC,Nicaragua,Vajrayana / Other Buddhism,religion,0.06,0.06,-0.0,0.06,0.0,0.0,0.0,0.0,0.0,0.06,0.0,4158,5187
NLD,Netherlands,African Independent / Syncretic Christianity,religion,0.0,0.09,0.09,0.09,0.0,0.238,0.159,0.0268,0.0124,0.0,0.09,0,16464
NLD,Netherlands,Catholic Christianity,religion,17.18,11.72,-5.46,11.72,0.0,0.238,0.159,0.0268,0.0124,11.63,0.09,3131712,2222315
NLD,Netherlands,Hinduism,religion,0.89,0.55,-0.34,0.48,0.07,0.238,0.159,0.0268,0.0124,0.55,-0.01,162236,103639
NLD,Netherlands,Ibadi / Other Islam,religion,0.15,0.36,0.21,0.35,0.01,0.238,0.159,0.0268,0.0124,0.36,-0.0,27343,68146
NLD,Netherlands,Indigenous / Syncretic traditions,religion,0.0,0.04,0.04,0.04,0.0,0.238,0.159,0.0268,0.0124,0.0,0.04,0,7056
NLD,Netherlands,Judaism,religion,0.5,0.28,-0.22,0.29,-0.01,0.238,0.159,0.0268,0.0124,0.28,-0.0,91250,53150
NLD,Netherlands,Mahayana Buddhism,religion,0.45,0.4,-0.05,0.39,0.01,0.238,0.159,0.0268,0.0124,0.41,-0.01,82125,76269
NLD,Netherlands,Orthodox Christianity,religion,2.64,1.83,-0.81,1.83,0.0,0.238,0.159,0.0268,0.0124,1.79,0.04,481802,346779
NLD,Netherlands,Other Christianity,religion,9.91,6.68,-3.24,6.68,0.0,0.238,0.159,0.0268,0.0124,6.71,-0.03,1806757,1265732
NLD,Netherlands,Other religions,religion,2.5,4.24,1.73,4.27,-0.03,0.238,0.159,0.0268,0.0124,4.27,-0.03,456252,803281
NLD,Netherlands,Protestant Christianity,religion,36.34,24.63,-11.71,24.63,0.0,0.238,0.159,0.0268,0.0124,24.6,0.03,6624776,4670023
NLD,Netherlands,Shia Islam,religion,0.45,1.08,0.63,1.04,0.04,0.238,0.159,0.0268,0.0124,1.09,-0.01,82029,205614
NLD,Netherlands,Sunni Islam,religion,4.4,10.92,6.52,10.51,0.4,0.238,0.159,0.0268,0.0124,10.68,0.24,802065,2069510
NLD,Netherlands,Theravada Buddhism,religion,0.35,0.31,-0.04,0.3,0.01,0.238,0.159,0.0268,0.0124,0.32,-0.0,63875,59320
NLD,Netherlands,Unaffiliated,religion,24.03,36.7,12.67,37.22,-0.52,0.238,0.159,0.0268,0.0124,37.13,-0.43,4380017,6957275
NLD,Netherlands,Vajrayana / Other Buddhism,religion,0.2,0.18,-0.02,0.17,0.01,0.238,0.159,0.0268,0.0124,0.18,-0.0,36500,33897
NOR,Norway,African Independent / Syncretic Christianity,religion,0.0,0.08,0.08,0.08,0.0,0.238,0.142,0.0254,0.0114,0.0,0.08,0,4715
NOR,Norway,Catholic Christianity,religion,17.58,13.88,-3.7,13.89,-0.01,0.238,0.142,0.0254,0.0114,13.82,0.06,980369,819053
NOR,Norway,Hinduism,religion,0.5,0.6,0.1,0.55,0.05,0.238,0.142,0.0254,0.0114,0.61,-0.01,27883,35591
NOR,Norway,Ibadi / Other Islam,religion,0.1,0.28,0.19,0.27,0.01,0.238,0.142,0.0254,0.0114,0.28,-0.0,5354,16595
NOR,Norway,Indigenous / Syncretic traditions,religion,0.0,0.03,0.03,0.03,0.0,0.238,0.142,0.0254,0.0114,0.0,0.03,0,2021
NOR,Norway,Judaism,religion,0.51,0.47,-0.04,0.49,-0.01,0.238,0.142,0.0254,0.0114,0.48,-0.01,28566,27950
NOR,Norway,Mahayana Buddhism,religion,0.46,0.51,0.05,0.5,0.01,0.238,0.142,0.0254,0.0114,0.51,-0.01,25709,29958
NOR,Norway,Orthodox Christianity,religion,2.7,2.16,-0.55,2.16,-0.0,0.238,0.142,0.0254,0.0114,2.13,0.03,150826,127407
NOR,Norway,Other Christianity,religion,10.14,7.93,-2.21,7.93,-0.0,0.238,0.142,0.0254,0.0114,7.98,-0.05,565598,467842
NOR,Norway,Other religions,religion,2.56,2.66,0.1,2.65,0.01,0.238,0.142,0.0254,0.0114,2.67,-0.01,142828,157036
NOR,Norway,Protestant Christianity,religion,37.19,29.22,-7.97,29.23,-0.02,0.238,0.142,0.0254,0.0114,29.24,-0.03,2073858,1723728
NOR,Norway,Shia Islam,religion,0.29,0.85,0.56,0.81,0.04,0.238,0.142,0.0254,0.0114,0.85,-0.0,16061,50120
NOR,Norway,Sikhism,religion,0.0,0.02,0.02,0.0,0.02,0.238,0.142,0.0254,0.0114,0.02,-0.0,0,1187
NOR,Norway,Sunni Islam,religion,2.82,8.6,5.79,8.25,0.35,0.238,0.142,0.0254,0.0114,8.35,0.25,157039,507482
NOR,Norway,Theravada Buddhism,religion,0.36,0.39,0.04,0.39,0.01,0.238,0.142,0.0254,0.0114,0.4,-0.0,19996,23300
NOR,Norway,Unaffiliated,religion,24.59,32.08,7.49,32.53,-0.45,0.238,0.142,0.0254,0.0114,32.42,-0.34,1371145,1892528
NOR,Norway,Vajrayana / Other Buddhism,religion,0.2,0.23,0.02,0.22,0.0,0.238,0.142,0.0254,0.0114,0.23,-0.0,11426,13314
NPL,Nepal,Catholic Christianity,religion,1.84,1.77,-0.07,1.77,0.0,0.0,0.0,0.0,0.0,1.77,0.0,545834,612937
NPL,Nepal,Hinduism,religion,81.19,79.14,-2.05,79.14,0.0,0.0,0.0,0.0,0.0,79.14,0.0,24073691,27414047
NPL,Nepal,Ibadi / Other Islam,religion,0.13,0.12,-0.0,0.12,0.0,0.0,0.0,0.0,0.0,0.12,0.0,37360,43166
NPL,Nepal,Mahayana Buddhism,religion,1.05,1.03,-0.03,1.03,0.0,0.0,0.0,0.0,0.0,1.03,0.0,311905,355184
NPL,Nepal,Orthodox Christianity,religion,0.35,0.34,-0.01,0.34,0.0,0.0,0.0,0.0,0.0,0.34,0.0,103968,116750
NPL,Nepal,Other Christianity,religion,0.7,0.67,-0.03,0.67,0.0,0.0,0.0,0.0,0.0,0.67,0.0,207937,233500
NPL,Nepal,Other religions,religion,2.92,2.94,0.01,2.94,0.0,0.0,0.0,0.0,0.0,2.94,0.0,866404,1017225
NPL,Nepal,Protestant Christianity,religion,1.49,1.43,-0.06,1.43,0.0,0.0,0.0,0.0,0.0,1.43,0.0,441866,496187
NPL,Nepal,Shia Islam,religion,0.38,0.37,-0.0,0.37,0.0,0.0,0.0,0.0,0.0,0.37,0.0,112081,129498
NPL,Nepal,Sunni Islam,religion,3.7,3.71,0.01,3.71,0.0,0.0,0.0,0.0,0.0,3.71,0.0,1095903,1284984
NPL,Nepal,Theravada Buddhism,religion,0.58,0.57,-0.01,0.57,0.0,0.0,0.0,0.0,0.0,0.57,0.0,173281,197324
NPL,Nepal,Unaffiliated,religion,1.46,3.75,2.29,3.75,0.0,0.0,0.0,0.0,0.0,3.75,0.0,433202,1299103
NPL,Nepal,Vajrayana / Other Buddhism,religion,4.21,4.16,-0.04,4.16,0.0,0.0,0.0,0.0,0.0,4.16,0.0,1247621,1442115
NRU,Nauru,Catholic Christianity,religion,30.52,28.35,-2.17,28.35,0.0,0.0,0.0,0.0,0.0,28.35,0.0,3653,4473
NRU,Nauru,Folk / Traditional,religion,6.06,5.1,-0.96,5.1,0.0,0.0,0.0,0.0,0.0,5.1,0.0,725,804
NRU,Nauru,Hinduism,religion,2.0,1.9,-0.1,1.9,0.0,0.0,0.0,0.0,0.0,1.9,0.0,239,299
NRU,Nauru,Mahayana Buddhism,religion,0.68,0.65,-0.04,0.65,0.0,0.0,0.0,0.0,0.0,0.65,0.0,82,102
NRU,Nauru,Orthodox Christianity,religion,5.81,5.4,-0.41,5.4,0.0,0.0,0.0,0.0,0.0,5.4,0.0,696,852
NRU,Nauru,Other Christianity,religion,11.63,10.8,-0.83,10.8,0.0,0.0,0.0,0.0,0.0,10.8,0.0,1392,1704
NRU,Nauru,Other religions,religion,1.51,1.51,-0.01,1.51,0.0,0.0,0.0,0.0,0.0,1.51,0.0,181,238
NRU,Nauru,Protestant Christianity,religion,24.71,22.95,-1.76,22.95,0.0,0.0,0.0,0.0,0.0,22.95,0.0,2957,3621
NRU,Nauru,Sunni Islam,religion,0.09,0.09,-0.0,0.09,0.0,0.0,0.0,0.0,0.0,0.09,0.0,11,13
NRU,Nauru,Theravada Buddhism,religion,0.53,0.5,-0.03,0.5,0.0,0.0,0.0,0.0,0.0,0.5,0.0,63,79
NRU,Nauru,Unaffiliated,religion,16.15,22.48,6.33,22.48,0.0,0.0,0.0,0.0,0.0,22.48,0.0,1933,3546
NRU,Nauru,Vajrayana / Other Buddhism,religion,0.3,0.29,-0.02,0.29,0.0,0.0,0.0,0.0,0.0,0.29,0.0,36,45
NZL,New Zealand,African Independent / Syncretic Christianity,religion,0.0,0.05,0.05,0.05,0.0,0.0,0.0,0.0,0.0073,0.0,0.05,0,2927
NZL,New Zealand,Catholic Christianity,religion,18.45,16.66,-1.79,16.66,0.0,0.0,0.0,0.0,0.0073,16.64,0.02,961963,958662
NZL,New Zealand,Folk / Traditional,religion,5.91,4.75,-1.17,4.75,0.0,0.0,0.0,0.0,0.0073,4.78,-0.03,308321,273181
NZL,New Zealand,Hinduism,religion,2.9,2.68,-0.22,2.68,0.0,0.0,0.0,0.0,0.0073,2.7,-0.02,151204,154010
NZL,New Zealand,Ibadi / Other Islam,religion,0.04,0.04,-0.0,0.04,0.0,0.0,0.0,0.0,0.0073,0.04,-0.0,2346,2473
NZL,New Zealand,Indigenous / Syncretic traditions,religion,0.0,0.02,0.02,0.02,0.0,0.0,0.0,0.0,0.0073,0.0,0.02,0,1254
NZL,New Zealand,Mahayana Buddhism,religion,0.67,0.61,-0.05,0.61,0.0,0.0,0.0,0.0,0.0073,0.62,-0.0,34686,35330
NZL,New Zealand,Orthodox Christianity,religion,2.84,2.58,-0.26,2.58,0.0,0.0,0.0,0.0,0.0073,2.56,0.02,147994,148355
NZL,New Zealand,Other Christianity,religion,10.64,9.56,-1.08,9.56,0.0,0.0,0.0,0.0,0.0073,9.6,-0.04,554978,550164
NZL,New Zealand,Other religions,religion,1.48,1.48,0.0,1.48,0.0,0.0,0.0,0.0,0.0073,1.48,0.0,77080,85333
NZL,New Zealand,Protestant Christianity,religion,39.03,35.14,-3.89,35.14,0.0,0.0,0.0,0.0,0.0073,35.2,-0.06,2034921,2022424
NZL,New Zealand,Shia Islam,religion,0.14,0.13,-0.0,0.13,0.0,0.0,0.0,0.0,0.0073,0.13,0.0,7039,7627
NZL,New Zealand,Sunni Islam,religion,1.32,1.5,0.18,1.5,0.0,0.0,0.0,0.0,0.0073,1.29,0.21,68824,86142
NZL,New Zealand,Theravada Buddhism,religion,0.52,0.48,-0.04,0.48,0.0,0.0,0.0,0.0,0.0073,0.48,-0.0,26978,27479
NZL,New Zealand,Unaffiliated,religion,15.77,24.05,8.28,24.05,0.0,0.0,0.0,0.0,0.0073,24.21,-0.16,822190,1384217
NZL,New Zealand,Vajrayana / Other Buddhism,religion,0.3,0.27,-0.02,0.27,0.0,0.0,0.0,0.0,0.0073,0.27,-0.0,15416,15702
OMN,Oman,African Independent / Syncretic Christianity,religion,0.0,0.04,0.04,0.04,0.0,0.0,0.0,0.0,0.0057,0.0,0.04,0,3134
OMN,Oman,Catholic Christianity,religion,0.97,1.05,0.08,1.05,0.0,0.0,0.0,0.0,0.0057,0.94,0.1,50967,81838
OMN,Oman,Folk / Traditional,religion,1.61,0.89,-0.72,0.89,0.0,0.0,0.0,0.0,0.0057,0.9,-0.01,84945,69731
OMN,Oman,Hinduism,religion,4.35,0.75,-3.6,0.75,0.0,0.0,0.0,0.0,0.0057,0.75,-0.0,229747,58729
OMN,Oman,Ibadi / Other Islam,religion,41.28,43.07,1.79,43.07,0.0,0.0,0.0,0.0,0.0057,43.32,-0.25,2180221,3370967
OMN,Oman,Indigenous / Syncretic traditions,religion,0.0,0.02,0.02,0.02,0.0,0.0,0.0,0.0,0.0057,0.0,0.02,0,1343
OMN,Oman,Orthodox Christianity,religion,1.85,1.82,-0.03,1.82,0.0,0.0,0.0,0.0,0.0057,1.81,0.02,97687,142791
OMN,Oman,Other Christianity,religion,0.76,0.76,0.0,0.76,0.0,0.0,0.0,0.0,0.0057,0.75,0.02,40349,59845
OMN,Oman,Other religions,religion,1.61,1.52,-0.09,1.52,0.0,0.0,0.0,0.0,0.0057,1.52,0.0,84945,118917
OMN,Oman,Protestant Christianity,religion,0.44,0.58,0.14,0.58,0.0,0.0,0.0,0.0,0.0057,0.43,0.15,23360,45699
OMN,Oman,Shia Islam,religion,4.3,4.49,0.19,4.49,0.0,0.0,0.0,0.0,0.0057,4.51,-0.02,227106,351366
OMN,Oman,Sunni Islam,religion,40.42,42.45,2.03,42.45,0.0,0.0,0.0,0.0,0.0057,42.52,-0.07,2134799,3322429
OMN,Oman,Unaffiliated,religion,2.41,2.56,0.15,2.56,0.0,0.0,0.0,0.0,0.0057,2.56,-0.0,127417,200210
PAK,Pakistan,Catholic Christianity,religion,0.45,0.42,-0.03,0.42,0.0,0.0,0.0,0.0,0.0,0.42,0.0,1140416,1559929
PAK,Pakistan,Hinduism,religion,2.17,2.03,-0.14,2.03,0.0,0.0,0.0,0.0,0.0,2.03,0.0,5452541,7560552
PAK,Pakistan,Ibadi / Other Islam,religion,2.9,2.83,-0.06,2.83,0.0,0.0,0.0,0.0,0.0,2.83,0.0,7274242,10532592
PAK,Pakistan,Orthodox Christianity,religion,0.09,0.08,-0.01,0.08,0.0,0.0,0.0,0.0,0.0,0.08,0.0,217222,297129
PAK,Pakistan,Other Christianity,religion,0.17,0.16,-0.01,0.16,0.0,0.0,0.0,0.0,0.0,0.16,0.0,434444,594258
PAK,Pakistan,Other religions,religion,0.17,0.16,-0.01,0.16,0.0,0.0,0.0,0.0,0.0,0.16,0.0,417735,583782
PAK,Pakistan,Protestant Christianity,religion,0.37,0.34,-0.03,0.34,0.0,0.0,0.0,0.0,0.0,0.34,0.0,923194,1262799
PAK,Pakistan,Shia Islam,religion,8.69,8.5,-0.19,8.5,0.0,0.0,0.0,0.0,0.0,8.5,0.0,21822727,31597776
PAK,Pakistan,Sunni Islam,religion,84.92,84.27,-0.65,84.27,0.0,0.0,0.0,0.0,0.0,84.27,0.0,213377771,313358019
PAK,Pakistan,Unaffiliated,religion,0.08,1.21,1.13,1.21,0.0,0.0,0.0,0.0,0.0,1.21,0.0,208867,4516963
PAN,Panama,Catholic Christianity,religion,60.18,57.92,-2.26,57.92,0.0,0.0,0.0,0.0,0.0,57.92,0.0,2717297,3261133
PAN,Panama,Folk / Traditional,religion,2.98,2.6,-0.38,2.6,0.0,0.0,0.0,0.0,0.0,2.6,0.0,134787,146519
PAN,Panama,Hinduism,religion,0.3,0.29,-0.01,0.29,0.0,0.0,0.0,0.0,0.0,0.29,0.0,13547,16600
PAN,Panama,Ibadi / Other Islam,religion,0.02,0.02,-0.0,0.02,0.0,0.0,0.0,0.0,0.0,0.02,0.0,948,1173
PAN,Panama,Judaism,religion,0.2,0.2,-0.0,0.2,0.0,0.0,0.0,0.0,0.0,0.2,0.0,8986,11191
PAN,Panama,Mahayana Buddhism,religion,0.13,0.13,-0.0,0.13,0.0,0.0,0.0,0.0,0.0,0.13,0.0,6065,7432
PAN,Panama,Orthodox Christianity,religion,2.51,2.41,-0.09,2.41,0.0,0.0,0.0,0.0,0.0,2.41,0.0,113221,135881
PAN,Panama,Other Christianity,religion,5.85,5.63,-0.22,5.63,0.0,0.0,0.0,0.0,0.0,5.63,0.0,264182,317055
PAN,Panama,Other religions,religion,2.98,3.03,0.04,3.03,0.0,0.0,0.0,0.0,0.0,3.03,0.0,134787,170603
PAN,Panama,Protestant Christianity,religion,15.04,14.48,-0.56,14.48,0.0,0.0,0.0,0.0,0.0,14.48,0.0,679324,815283
PAN,Panama,Shia Islam,religion,0.06,0.06,-0.0,0.06,0.0,0.0,0.0,0.0,0.0,0.06,0.0,2845,3518
PAN,Panama,Sunni Islam,religion,0.62,0.62,0.0,0.62,0.0,0.0,0.0,0.0,0.0,0.62,0.0,27816,34911
PAN,Panama,Theravada Buddhism,religion,0.1,0.1,-0.0,0.1,0.0,0.0,0.0,0.0,0.0,0.1,0.0,4718,5781
PAN,Panama,Unaffiliated,religion,8.95,12.44,3.48,12.44,0.0,0.0,0.0,0.0,0.0,12.44,0.0,404360,700298
PAN,Panama,Vajrayana / Other Buddhism,religion,0.06,0.06,-0.0,0.06,0.0,0.0,0.0,0.0,0.0,0.06,0.0,2696,3303
PER,Peru,Catholic Christianity,religion,60.6,58.19,-2.41,58.19,0.0,0.0,0.0,0.0,0.0,58.19,0.0,20736554,23615277
PER,Peru,Folk / Traditional,religion,3.01,2.62,-0.39,2.62,0.0,0.0,0.0,0.0,0.0,2.62,0.0,1028599,1061581
PER,Peru,Hinduism,religion,0.2,0.2,-0.0,0.2,0.0,0.0,0.0,0.0,0.0,0.2,0.0,68436,79537
PER,Peru,Judaism,religion,0.2,0.2,-0.0,0.2,0.0,0.0,0.0,0.0,0.0,0.2,0.0,68573,81127
PER,Peru,Mahayana Buddhism,religion,0.14,0.13,-0.0,0.13,0.0,0.0,0.0,0.0,0.0,0.13,0.0,46287,53795
PER,Peru,Orthodox Christianity,religion,2.53,2.42,-0.1,2.42,0.0,0.0,0.0,0.0,0.0,2.42,0.0,864023,983970
PER,Peru,Other Christianity,religion,5.89,5.66,-0.23,5.66,0.0,0.0,0.0,0.0,0.0,5.66,0.0,2016054,2295930
PER,Peru,Other religions,religion,3.01,3.05,0.05,3.05,0.0,0.0,0.0,0.0,0.0,3.05,0.0,1028599,1238770
PER,Peru,Protestant Christianity,religion,15.15,14.55,-0.6,14.55,0.0,0.0,0.0,0.0,0.0,14.55,0.0,5184138,5903819
PER,Peru,Sunni Islam,religion,0.09,0.09,0.0,0.09,0.0,0.0,0.0,0.0,0.0,0.09,0.0,30112,35968
PER,Peru,Theravada Buddhism,religion,0.11,0.1,-0.0,0.1,0.0,0.0,0.0,0.0,0.0,0.1,0.0,36001,41841
PER,Peru,Unaffiliated,religion,9.02,12.73,3.72,12.73,0.0,0.0,0.0,0.0,0.0,12.73,0.0,3085797,5168354
PER,Peru,Vajrayana / Other Buddhism,religion,0.06,0.06,-0.0,0.06,0.0,0.0,0.0,0.0,0.0,0.06,0.0,20572,23909
PHL,Philippines,Catholic Christianity,religion,36.47,34.57,-1.9,34.57,0.0,0.0,0.0,0.0,0.0,34.57,0.0,42243353,46446512
PHL,Philippines,Folk / Traditional,religion,2.02,1.73,-0.29,1.73,0.0,0.0,0.0,0.0,0.0,1.73,0.0,2339056,2329148
PHL,Philippines,Hinduism,religion,0.1,0.1,-0.0,0.1,0.0,0.0,0.0,0.0,0.0,0.1,0.0,115844,130065
PHL,Philippines,Ibadi / Other Islam,religion,0.15,0.15,-0.0,0.15,0.0,0.0,0.0,0.0,0.0,0.15,0.0,173765,196866
PHL,Philippines,Orthodox Christianity,religion,6.95,6.58,-0.36,6.58,0.0,0.0,0.0,0.0,0.0,6.58,0.0,8046353,8846955
PHL,Philippines,Other Christianity,religion,13.89,13.17,-0.72,13.17,0.0,0.0,0.0,0.0,0.0,13.17,0.0,16092706,17693909
PHL,Philippines,Other religions,religion,2.02,2.06,0.04,2.06,0.0,0.0,0.0,0.0,0.0,2.06,0.0,2339056,2765593
PHL,Philippines,Protestant Christianity,religion,29.52,27.98,-1.54,27.98,0.0,0.0,0.0,0.0,0.0,27.98,0.0,34197000,37599557
PHL,Philippines,Shia Islam,religion,0.45,0.44,-0.01,0.44,0.0,0.0,0.0,0.0,0.0,0.44,0.0,521296,590599
PHL,Philippines,Sunni Islam,religion,4.4,4.36,-0.04,4.36,0.0,0.0,0.0,0.0,0.0,4.36,0.0,5097121,5861344
PHL,Philippines,Unaffiliated,religion,4.04,8.87,4.83,8.87,0.0,0.0,0.0,0.0,0.0,8.87,0.0,4678112,11912885
PLW,Palau,Catholic Christianity,religion,29.37,27.22,-2.15,27.22,0.0,0.0,0.0,0.0,0.0,27.22,0.0,5204,4229
PLW,Palau,Folk / Traditional,religion,5.83,4.89,-0.94,4.89,0.0,0.0,0.0,0.0,0.0,4.89,0.0,1032,760
PLW,Palau,Hinduism,religion,2.0,1.89,-0.11,1.89,0.0,0.0,0.0,0.0,0.0,1.89,0.0,354,294
PLW,Palau,Ibadi / Other Islam,religion,0.11,0.11,-0.0,0.11,0.0,0.0,0.0,0.0,0.0,0.11,0.0,20,17
PLW,Palau,Mahayana Buddhism,religion,0.66,0.62,-0.03,0.62,0.0,0.0,0.0,0.0,0.0,0.62,0.0,116,96
PLW,Palau,Orthodox Christianity,religion,5.59,5.18,-0.41,5.18,0.0,0.0,0.0,0.0,0.0,5.18,0.0,991,806
PLW,Palau,Other Christianity,religion,11.19,10.37,-0.82,10.37,0.0,0.0,0.0,0.0,0.0,10.37,0.0,1982,1611
PLW,Palau,Other religions,religion,1.46,1.46,0.01,1.46,0.0,0.0,0.0,0.0,0.0,1.46,0.0,258,227
PLW,Palau,Protestant Christianity,religion,23.77,22.04,-1.74,22.04,0.0,0.0,0.0,0.0,0.0,22.04,0.0,4212,3424
PLW,Palau,Shia Islam,religion,0.34,0.34,-0.01,0.34,0.0,0.0,0.0,0.0,0.0,0.34,0.0,61,52
PLW,Palau,Sunni Islam,religion,3.34,3.34,-0.01,3.34,0.0,0.0,0.0,0.0,0.0,3.34,0.0,593,518
PLW,Palau,Theravada Buddhism,religion,0.51,0.48,-0.03,0.48,0.0,0.0,0.0,0.0,0.0,0.48,0.0,90,75
PLW,Palau,Unaffiliated,religion,15.54,21.78,6.24,21.78,0.0,0.0,0.0,0.0,0.0,21.78,0.0,2753,3384
PLW,Palau,Vajrayana / Other Buddhism,religion,0.29,0.28,-0.02,0.28,0.0,0.0,0.0,0.0,0.0,0.28,0.0,52,43
PNG,Papua New Guinea,Catholic Christianity,religion,30.52,29.37,-1.15,29.37,0.0,0.0,0.0,0.0,0.0,29.37,0.0,3228012,4378410
PNG,Papua New Guinea,Folk / Traditional,religion,6.06,5.34,-0.72,5.34,0.0,0.0,0.0,0.0,0.0,5.34,0.0,640478,795342
PNG,Papua New Guinea,Hinduism,religion,2.0,1.95,-0.05,1.95,0.0,0.0,0.0,0.0,0.0,1.95,0.0,211530,290329
PNG,Papua New Guinea,Mahayana Buddhism,religion,0.68,0.66,-0.02,0.66,0.0,0.0,0.0,0.0,0.0,0.66,0.0,72054,98895
PNG,Papua New Guinea,Orthodox Christianity,religion,5.81,5.59,-0.22,5.59,0.0,0.0,0.0,0.0,0.0,5.59,0.0,614859,833983
PNG,Papua New Guinea,Other Christianity,religion,11.63,11.19,-0.44,11.19,0.0,0.0,0.0,0.0,0.0,11.19,0.0,1229719,1667966
PNG,Papua New Guinea,Other religions,religion,1.51,1.52,0.0,1.52,0.0,0.0,0.0,0.0,0.0,1.52,0.0,160120,226338
PNG,Papua New Guinea,Protestant Christianity,religion,24.71,23.78,-0.93,23.78,0.0,0.0,0.0,0.0,0.0,23.78,0.0,2613152,3544427
PNG,Papua New Guinea,Sunni Islam,religion,0.09,0.09,0.0,0.09,0.0,0.0,0.0,0.0,0.0,0.09,0.0,9307,13169
PNG,Papua New Guinea,Theravada Buddhism,religion,0.53,0.52,-0.01,0.52,0.0,0.0,0.0,0.0,0.0,0.52,0.0,56042,76919
PNG,Papua New Guinea,Unaffiliated,religion,16.15,19.7,3.55,19.7,0.0,0.0,0.0,0.0,0.0,19.7,0.0,1707943,2936860
PNG,Papua New Guinea,Vajrayana / Other Buddhism,religion,0.3,0.29,-0.01,0.29,0.0,0.0,0.0,0.0,0.0,0.29,0.0,32024,43953
POL,Poland,Catholic Christianity,religion,50.54,43.6,-6.94,43.86,-0.26,0.488,0.176,0.0405,0.0,43.6,0.0,19477345,14306866
POL,Poland,Hinduism,religion,0.0,0.1,0.1,0.0,0.1,0.488,0.176,0.0405,0.0,0.1,0.0,0,33241
POL,Poland,Ibadi / Other Islam,religion,0.0,0.21,0.21,0.19,0.02,0.488,0.176,0.0405,0.0,0.21,0.0,0,70323
POL,Poland,Judaism,religion,0.53,0.42,-0.12,0.43,-0.02,0.488,0.176,0.0405,0.0,0.42,0.0,204938,136434
POL,Poland,Mahayana Buddhism,religion,0.48,0.4,-0.08,0.38,0.02,0.488,0.176,0.0405,0.0,0.4,0.0,184445,130897
POL,Poland,Orthodox Christianity,religion,2.11,1.82,-0.29,1.83,-0.01,0.488,0.176,0.0405,0.0,1.82,0.0,811556,596119
POL,Poland,Other Christianity,religion,4.91,4.24,-0.67,4.26,-0.03,0.488,0.176,0.0405,0.0,4.24,0.0,1893631,1390945
POL,Poland,Other religions,religion,2.66,2.77,0.11,2.76,0.01,0.488,0.176,0.0405,0.0,2.77,0.0,1024692,908929
POL,Poland,Protestant Christianity,religion,12.63,10.9,-1.73,10.96,-0.07,0.488,0.176,0.0405,0.0,10.9,0.0,4869336,3576716
POL,Poland,Shia Islam,religion,0.0,0.64,0.64,0.58,0.07,0.488,0.176,0.0405,0.0,0.64,0.0,0,210970
POL,Poland,Sikhism,religion,0.0,0.03,0.03,0.0,0.03,0.488,0.176,0.0405,0.0,0.03,0.0,0,10637
POL,Poland,Sunni Islam,religion,0.02,6.29,6.27,5.63,0.66,0.488,0.176,0.0405,0.0,6.29,0.0,6783,2064421
POL,Poland,Theravada Buddhism,religion,0.37,0.31,-0.06,0.3,0.01,0.488,0.176,0.0405,0.0,0.31,0.0,143457,101809
POL,Poland,Unaffiliated,religion,25.52,28.09,2.57,28.64,-0.55,0.488,0.176,0.0405,0.0,28.09,0.0,9837043,9217608
POL,Poland,Vajrayana / Other Buddhism,religion,0.21,0.18,-0.04,0.17,0.01,0.488,0.176,0.0405,0.0,0.18,0.0,81975,58176
PRT,Portugal,African Independent / Syncretic Christianity,religion,0.0,0.08,0.08,0.08,0.0,0.329,0.18,0.0329,0.0111,0.0,0.08,0,7577
PRT,Portugal,Catholic Christianity,religion,50.32,39.03,-11.28,38.76,0.28,0.329,0.18,0.0329,0.0111,39.26,-0.22,5245547,3813736
PRT,Portugal,Hinduism,religion,0.07,0.55,0.48,0.47,0.08,0.329,0.18,0.0329,0.0111,0.56,-0.01,7298,53883
PRT,Portugal,Ibadi / Other Islam,religion,0.01,0.26,0.25,0.25,0.0,0.329,0.18,0.0329,0.0111,0.26,-0.0,1251,25126
PRT,Portugal,Indigenous / Syncretic traditions,religion,0.0,0.03,0.03,0.03,0.0,0.329,0.18,0.0329,0.0111,0.0,0.03,0,3247
PRT,Portugal,Judaism,religion,0.53,0.48,-0.05,0.49,-0.02,0.329,0.18,0.0329,0.0111,0.48,-0.01,55193,46613
PRT,Portugal,Mahayana Buddhism,religion,0.48,0.52,0.04,0.51,0.01,0.329,0.18,0.0329,0.0111,0.53,-0.01,49674,50882
PRT,Portugal,Orthodox Christianity,religion,2.1,1.67,-0.42,1.66,0.01,0.329,0.18,0.0329,0.0111,1.64,0.04,218564,163461
PRT,Portugal,Other Christianity,religion,4.89,3.82,-1.07,3.79,0.03,0.329,0.18,0.0329,0.0111,3.82,0.0,509984,373110
PRT,Portugal,Other religions,religion,2.65,2.72,0.07,2.68,0.04,0.329,0.18,0.0329,0.0111,2.73,-0.01,275965,265784
PRT,Portugal,Protestant Christianity,religion,12.58,10.01,-2.57,9.94,0.07,0.329,0.18,0.0329,0.0111,9.81,0.19,1311387,977517
PRT,Portugal,Shia Islam,religion,0.04,0.78,0.74,0.76,0.01,0.329,0.18,0.0329,0.0111,0.78,-0.0,3753,75920
PRT,Portugal,Sunni Islam,religion,0.35,7.88,7.53,7.75,0.13,0.329,0.18,0.0329,0.0111,7.63,0.25,36697,769614
PRT,Portugal,Theravada Buddhism,religion,0.37,0.41,0.03,0.4,0.01,0.329,0.18,0.0329,0.0111,0.41,-0.0,38635,39575
PRT,Portugal,Unaffiliated,religion,25.41,31.54,6.13,32.21,-0.67,0.329,0.18,0.0329,0.0111,31.87,-0.33,2649266,3081610
PRT,Portugal,Vajrayana / Other Buddhism,religion,0.21,0.23,0.02,0.23,0.01,0.329,0.18,0.0329,0.0111,0.23,-0.0,22077,22614
PRY,Paraguay,Catholic Christianity,religion,60.6,58.15,-2.45,58.15,0.0,0.0,0.0,0.0,0.0,58.15,0.0,4199175,5024620
PRY,Paraguay,Folk / Traditional,religion,3.01,2.62,-0.39,2.62,0.0,0.0,0.0,0.0,0.0,2.62,0.0,208292,225949
PRY,Paraguay,Hinduism,religion,0.2,0.2,-0.0,0.2,0.0,0.0,0.0,0.0,0.0,0.2,0.0,13858,16918
PRY,Paraguay,Judaism,religion,0.2,0.2,-0.0,0.2,0.0,0.0,0.0,0.0,0.0,0.2,0.0,13886,17217
PRY,Paraguay,Mahayana Buddhism,religion,0.14,0.13,-0.0,0.13,0.0,0.0,0.0,0.0,0.0,0.13,0.0,9373,11442
PRY,Paraguay,Orthodox Christianity,religion,2.53,2.42,-0.1,2.42,0.0,0.0,0.0,0.0,0.0,2.42,0.0,174966,209359
PRY,Paraguay,Other Christianity,religion,5.89,5.65,-0.24,5.65,0.0,0.0,0.0,0.0,0.0,5.65,0.0,408253,488505
PRY,Paraguay,Other religions,religion,3.01,3.05,0.04,3.05,0.0,0.0,0.0,0.0,0.0,3.05,0.0,208292,263334
PRY,Paraguay,Protestant Christianity,religion,15.15,14.54,-0.61,14.54,0.0,0.0,0.0,0.0,0.0,14.54,0.0,1049794,1256155
PRY,Paraguay,Sunni Islam,religion,0.09,0.09,0.0,0.09,0.0,0.0,0.0,0.0,0.0,0.09,0.0,6098,7626
PRY,Paraguay,Theravada Buddhism,religion,0.11,0.1,-0.0,0.1,0.0,0.0,0.0,0.0,0.0,0.1,0.0,7290,8900
PRY,Paraguay,Unaffiliated,religion,9.02,12.79,3.77,12.79,0.0,0.0,0.0,0.0,0.0,12.79,0.0,624877,1105360
PRY,Paraguay,Vajrayana / Other Buddhism,religion,0.06,0.06,-0.0,0.06,0.0,0.0,0.0,0.0,0.0,0.06,0.0,4166,5086
PSE,Palestine,Catholic Christianity,religion,0.25,0.82,0.57,0.82,0.0,0.0,0.0,0.0,0.0,0.82,0.0,13739,69727
PSE,Palestine,Folk / Traditional,religion,0.42,0.72,0.3,0.72,0.0,0.0,0.0,0.0,0.0,0.72,0.0,22898,60558
PSE,Palestine,Ibadi / Other Islam,religion,2.92,2.78,-0.14,2.78,0.0,0.0,0.0,0.0,0.0,2.78,0.0,160742,235306
PSE,Palestine,Orthodox Christianity,religion,0.48,1.58,1.1,1.58,0.0,0.0,0.0,0.0,0.0,1.58,0.0,26332,133643
PSE,Palestine,Other Christianity,religion,0.2,0.65,0.46,0.65,0.0,0.0,0.0,0.0,0.0,0.65,0.0,10876,55200
PSE,Palestine,Other religions,religion,0.42,1.3,0.88,1.3,0.0,0.0,0.0,0.0,0.0,1.3,0.0,22898,109863
PSE,Palestine,Protestant Christianity,religion,0.11,0.38,0.26,0.38,0.0,0.0,0.0,0.0,0.0,0.38,0.0,6297,31958
PSE,Palestine,Shia Islam,religion,8.78,8.35,-0.42,8.35,0.0,0.0,0.0,0.0,0.0,8.35,0.0,482225,705918
PSE,Palestine,Sunni Islam,religion,85.8,81.88,-3.92,81.88,0.0,0.0,0.0,0.0,0.0,81.88,0.0,4715094,6920390
PSE,Palestine,Unaffiliated,religion,0.62,1.53,0.91,1.53,0.0,0.0,0.0,0.0,0.0,1.53,0.0,34347,129334
QAT,Qatar,African Independent / Syncretic Christianity,religion,0.0,0.06,0.06,0.06,0.0,0.0,0.0,0.0,0.0091,0.0,0.06,0,2638
QAT,Qatar,Catholic Christianity,religion,0.74,1.07,0.33,1.07,0.0,0.0,0.0,0.0,0.0091,0.9,0.16,22558,44440
QAT,Qatar,Folk / Traditional,religion,1.23,0.83,-0.41,0.83,0.0,0.0,0.0,0.0,0.0091,0.84,-0.01,37597,34491
QAT,Qatar,Hinduism,religion,15.1,2.55,-12.55,2.55,0.0,0.0,0.0,0.0,0.0091,2.57,-0.02,460313,106089
QAT,Qatar,Ibadi / Other Islam,religion,2.32,2.65,0.32,2.65,0.0,0.0,0.0,0.0,0.0091,2.67,-0.02,70876,110154
QAT,Qatar,Indigenous / Syncretic traditions,religion,0.0,0.03,0.03,0.03,0.0,0.0,0.0,0.0,0.0091,0.0,0.03,0,1131
QAT,Qatar,Orthodox Christianity,religion,1.42,1.76,0.34,1.76,0.0,0.0,0.0,0.0,0.0091,1.73,0.03,43237,73334
QAT,Qatar,Other Christianity,religion,0.59,0.74,0.16,0.74,0.0,0.0,0.0,0.0,0.0091,0.72,0.03,17859,31020
QAT,Qatar,Other religions,religion,1.23,1.45,0.22,1.45,0.0,0.0,0.0,0.0,0.0091,1.45,0.01,37597,60486
QAT,Qatar,Protestant Christianity,religion,0.34,0.65,0.32,0.65,0.0,0.0,0.0,0.0,0.0091,0.41,0.24,10339,27263
QAT,Qatar,Shia Islam,religion,6.97,7.94,0.96,7.94,0.0,0.0,0.0,0.0,0.0091,8.01,-0.07,212628,330651
QAT,Qatar,Sunni Islam,religion,68.2,78.04,9.84,78.04,0.0,0.0,0.0,0.0,0.0091,78.47,-0.44,2079029,3249760
QAT,Qatar,Unaffiliated,religion,1.85,2.23,0.38,2.23,0.0,0.0,0.0,0.0,0.0091,2.23,0.0,56396,93008
ROU,Romania,Catholic Christianity,religion,6.28,5.47,-0.81,5.5,-0.03,0.399,0.143,0.0334,0.0,5.47,0.0,1193782,876664
ROU,Romania,Hinduism,religion,0.0,0.08,0.08,0.0,0.08,0.399,0.143,0.0334,0.0,0.08,0.0,0,13370
ROU,Romania,Ibadi / Other Islam,religion,0.02,0.22,0.2,0.2,0.02,0.399,0.143,0.0334,0.0,0.22,0.0,3708,34632
ROU,Romania,Judaism,religion,0.53,0.42,-0.11,0.43,-0.01,0.399,0.143,0.0334,0.0,0.42,0.0,100487,67059
ROU,Romania,Mahayana Buddhism,religion,0.48,0.4,-0.08,0.38,0.01,0.399,0.143,0.0334,0.0,0.4,0.0,90438,63674
ROU,Romania,Orthodox Christianity,religion,54.41,47.41,-7.0,47.64,-0.24,0.399,0.143,0.0334,0.0,47.41,0.0,10346110,7597757
ROU,Romania,Other Christianity,religion,4.88,4.25,-0.63,4.28,-0.02,0.399,0.143,0.0334,0.0,4.25,0.0,928497,681850
ROU,Romania,Other religions,religion,2.64,2.76,0.12,2.76,0.01,0.399,0.143,0.0334,0.0,2.76,0.0,502433,443056
ROU,Romania,Protestant Christianity,religion,4.19,3.65,-0.54,3.66,-0.02,0.399,0.143,0.0334,0.0,3.65,0.0,795855,584443
ROU,Romania,Shia Islam,religion,0.06,0.65,0.59,0.59,0.06,0.399,0.143,0.0334,0.0,0.65,0.0,11124,103897
ROU,Romania,Sikhism,religion,0.0,0.03,0.03,0.0,0.03,0.399,0.143,0.0334,0.0,0.03,0.0,0,4278
ROU,Romania,Sunni Islam,religion,0.57,6.34,5.77,5.8,0.54,0.399,0.143,0.0334,0.0,6.34,0.0,108766,1016241
ROU,Romania,Theravada Buddhism,religion,0.37,0.31,-0.06,0.3,0.01,0.399,0.143,0.0334,0.0,0.31,0.0,70341,49524
ROU,Romania,Unaffiliated,religion,25.37,27.84,2.48,28.29,-0.44,0.399,0.143,0.0334,0.0,27.84,0.0,4823361,4462525
ROU,Romania,Vajrayana / Other Buddhism,religion,0.21,0.18,-0.03,0.17,0.01,0.399,0.143,0.0334,0.0,0.18,0.0,40195,28299
RUS,Russia,Catholic Christianity,religion,6.31,5.52,-0.79,5.52,0.0,0.0,0.0,0.0,0.0,5.52,0.0,9140920,7516605
RUS,Russia,Folk / Traditional,religion,0.99,0.24,-0.75,0.24,0.0,0.0,0.0,0.0,0.0,0.24,0.0,1430504,324734
RUS,Russia,Hinduism,religion,0.1,0.03,-0.07,0.03,0.0,0.0,0.0,0.0,0.0,0.03,0.0,144820,37191
RUS,Russia,Ibadi / Other Islam,religion,0.33,0.29,-0.04,0.29,0.0,0.0,0.0,0.0,0.0,0.29,0.0,477907,388845
RUS,Russia,Judaism,religion,0.0,0.28,0.28,0.28,0.0,0.0,0.0,0.0,0.0,0.28,0.0,0,386969
RUS,Russia,Mahayana Buddhism,religion,0.44,0.38,-0.07,0.38,0.0,0.0,0.0,0.0,0.0,0.38,0.0,643727,513587
RUS,Russia,Orthodox Christianity,religion,54.7,47.85,-6.85,47.85,0.0,0.0,0.0,0.0,0.0,47.85,0.0,79221308,65143913
RUS,Russia,Other Christianity,religion,4.91,4.29,-0.61,4.29,0.0,0.0,0.0,0.0,0.0,4.29,0.0,7109605,5846249
RUS,Russia,Other religions,religion,1.98,2.57,0.6,2.57,0.0,0.0,0.0,0.0,0.0,2.57,0.0,2861008,3501898
RUS,Russia,Protestant Christianity,religion,4.21,3.68,-0.53,3.68,0.0,0.0,0.0,0.0,0.0,3.68,0.0,6093947,5011070
RUS,Russia,Shia Islam,religion,0.99,0.86,-0.13,0.86,0.0,0.0,0.0,0.0,0.0,0.86,0.0,1433722,1166536
RUS,Russia,Sunni Islam,religion,9.68,8.42,-1.26,8.42,0.0,0.0,0.0,0.0,0.0,8.42,0.0,14018617,11460553
RUS,Russia,Theravada Buddhism,religion,0.35,0.29,-0.05,0.29,0.0,0.0,0.0,0.0,0.0,0.29,0.0,500676,399457
RUS,Russia,Unaffiliated,religion,14.82,25.13,10.31,25.13,0.0,0.0,0.0,0.0,0.0,25.13,0.0,21457559,34206915
RUS,Russia,Vajrayana / Other Buddhism,religion,0.2,0.17,-0.03,0.17,0.0,0.0,0.0,0.0,0.0,0.17,0.0,286101,228261
RWA,Rwanda,African Independent / Syncretic Christianity,religion,14.88,14.37,-0.5,14.37,0.0,0.0,0.0,0.0,0.0,14.37,0.0,2120852,3264255
RWA,Rwanda,Catholic Christianity,religion,25.62,24.76,-0.86,24.76,0.0,0.0,0.0,0.0,0.0,24.76,0.0,3652578,5621773
RWA,Rwanda,Folk / Traditional,religion,2.59,1.81,-0.78,1.81,0.0,0.0,0.0,0.0,0.0,1.81,0.0,369881,411089
RWA,Rwanda,Ibadi / Other Islam,religion,0.14,0.26,0.12,0.26,0.0,0.0,0.0,0.0,0.0,0.26,0.0,20529,59362
RWA,Rwanda,Indigenous / Syncretic traditions,religion,7.87,5.65,-2.22,5.65,0.0,0.0,0.0,0.0,0.0,5.65,0.0,1121576,1282328
RWA,Rwanda,Orthodox Christianity,religion,4.96,4.79,-0.17,4.79,0.0,0.0,0.0,0.0,0.0,4.79,0.0,706951,1088085
RWA,Rwanda,Other Christianity,religion,4.13,3.99,-0.14,3.99,0.0,0.0,0.0,0.0,0.0,3.99,0.0,589125,906738
RWA,Rwanda,Other religions,religion,1.05,1.2,0.15,1.2,0.0,0.0,0.0,0.0,0.0,1.2,0.0,149146,272659
RWA,Rwanda,Protestant Christianity,religion,33.06,32.12,-0.94,32.12,0.0,0.0,0.0,0.0,0.0,32.12,0.0,4713004,7292812
RWA,Rwanda,Shia Islam,religion,0.43,0.78,0.35,0.78,0.0,0.0,0.0,0.0,0.0,0.78,0.0,61588,178087
RWA,Rwanda,Sunni Islam,religion,4.22,7.69,3.47,7.69,0.0,0.0,0.0,0.0,0.0,7.69,0.0,602198,1746265
RWA,Rwanda,Unaffiliated,religion,1.05,2.57,1.53,2.57,0.0,0.0,0.0,0.0,0.0,2.57,0.0,149146,584453
SAU,Saudi Arabia,African Independent / Syncretic Christianity,religion,0.0,0.06,0.06,0.06,0.0,0.0,0.0,0.0,0.0087,0.0,0.06,0,29089
SAU,Saudi Arabia,Catholic Christianity,religion,0.3,0.99,0.69,0.99,0.0,0.0,0.0,0.0,0.0087,0.83,0.16,100190,470221
SAU,Saudi Arabia,Folk / Traditional,religion,0.49,0.72,0.23,0.72,0.0,0.0,0.0,0.0,0.0087,0.72,-0.01,166984,341844
SAU,Saudi Arabia,Hinduism,religion,0.85,0.15,-0.7,0.15,0.0,0.0,0.0,0.0,0.0087,0.15,-0.0,288683,69163
SAU,Saudi Arabia,Ibadi / Other Islam,religion,2.89,2.73,-0.15,2.73,0.0,0.0,0.0,0.0,0.0087,2.76,-0.02,980165,1302967
SAU,Saudi Arabia,Indigenous / Syncretic traditions,religion,0.0,0.03,0.03,0.03,0.0,0.0,0.0,0.0,0.0087,0.0,0.03,0,12467
SAU,Saudi Arabia,Orthodox Christianity,religion,0.57,1.62,1.05,1.62,0.0,0.0,0.0,0.0,0.0087,1.59,0.03,192031,770703
SAU,Saudi Arabia,Other Christianity,religion,0.23,0.68,0.45,0.68,0.0,0.0,0.0,0.0,0.0087,0.66,0.03,79317,326374
SAU,Saudi Arabia,Other religions,religion,0.49,1.32,0.83,1.32,0.0,0.0,0.0,0.0,0.0087,1.32,0.01,166984,630978
SAU,Saudi Arabia,Protestant Christianity,religion,0.14,0.61,0.48,0.61,0.0,0.0,0.0,0.0,0.0087,0.38,0.23,45920,291531
SAU,Saudi Arabia,Shia Islam,religion,8.66,8.2,-0.46,8.2,0.0,0.0,0.0,0.0,0.0087,8.27,-0.07,2940495,3910979
SAU,Saudi Arabia,Sunni Islam,religion,84.66,80.62,-4.04,80.62,0.0,0.0,0.0,0.0,0.0087,81.06,-0.44,28751506,38449436
SAU,Saudi Arabia,Unaffiliated,religion,0.74,2.28,1.54,2.28,0.0,0.0,0.0,0.0,0.0087,2.28,0.0,250475,1088159
SDN,Sudan,Catholic Christianity,religion,0.93,2.1,1.16,2.1,0.0,0.0,0.0,0.0,0.0,2.1,0.0,470857,1786215
SDN,Sudan,Folk / Traditional,religion,0.44,1.0,0.55,1.0,0.0,0.0,0.0,0.0,0.0,1.0,0.0,224218,850579
SDN,Sudan,Ibadi / Other Islam,religion,2.88,2.73,-0.15,2.73,0.0,0.0,0.0,0.0,0.0,2.73,0.0,1452930,2322080
SDN,Sudan,Indigenous / Syncretic traditions,religion,0.89,2.0,1.11,2.0,0.0,0.0,0.0,0.0,0.0,2.0,0.0,448435,1701158
SDN,Sudan,Orthodox Christianity,religion,0.18,0.4,0.22,0.4,0.0,0.0,0.0,0.0,0.0,0.4,0.0,89687,340232
SDN,Sudan,Other Christianity,religion,0.36,0.8,0.44,0.8,0.0,0.0,0.0,0.0,0.0,0.8,0.0,179374,680463
SDN,Sudan,Other religions,religion,0.27,0.6,0.33,0.6,0.0,0.0,0.0,0.0,0.0,0.6,0.0,134531,511238
SDN,Sudan,Protestant Christianity,religion,0.76,1.7,0.94,1.7,0.0,0.0,0.0,0.0,0.0,1.7,0.0,381170,1445984
SDN,Sudan,Shia Islam,religion,8.64,8.18,-0.46,8.18,0.0,0.0,0.0,0.0,0.0,8.18,0.0,4358790,6966240
SDN,Sudan,Sunni Islam,religion,84.48,79.94,-4.54,79.94,0.0,0.0,0.0,0.0,0.0,79.94,0.0,42619281,68114348
SDN,Sudan,Unaffiliated,religion,0.18,0.57,0.39,0.57,0.0,0.0,0.0,0.0,0.0,0.57,0.0,89687,487845
SEN,Senegal,Catholic Christianity,religion,0.99,1.66,0.67,1.66,0.0,0.0,0.0,0.0,0.0,1.66,0.0,182770,504774
SEN,Senegal,Folk / Traditional,religion,0.11,0.2,0.09,0.2,0.0,0.0,0.0,0.0,0.0,0.2,0.0,20722,60092
SEN,Senegal,Ibadi / Other Islam,religion,2.92,2.82,-0.1,2.82,0.0,0.0,0.0,0.0,0.0,2.82,0.0,539518,856314
SEN,Senegal,Indigenous / Syncretic traditions,religion,0.22,0.49,0.27,0.49,0.0,0.0,0.0,0.0,0.0,0.49,0.0,41444,150230
SEN,Senegal,Orthodox Christianity,religion,0.19,0.32,0.13,0.32,0.0,0.0,0.0,0.0,0.0,0.32,0.0,34813,96147
SEN,Senegal,Other Christianity,religion,0.38,0.63,0.26,0.63,0.0,0.0,0.0,0.0,0.0,0.63,0.0,69627,192295
SEN,Senegal,Other religions,religion,0.06,0.2,0.14,0.2,0.0,0.0,0.0,0.0,0.0,0.2,0.0,10361,60730
SEN,Senegal,Protestant Christianity,religion,0.8,1.35,0.55,1.35,0.0,0.0,0.0,0.0,0.0,1.35,0.0,147957,408627
SEN,Senegal,Shia Islam,religion,8.75,8.46,-0.29,8.46,0.0,0.0,0.0,0.0,0.0,8.46,0.0,1618554,2568941
SEN,Senegal,Sunni Islam,religion,85.54,82.72,-2.81,82.72,0.0,0.0,0.0,0.0,0.0,82.72,0.0,15825860,25118533
SEN,Senegal,Unaffiliated,religion,0.06,1.15,1.09,1.15,0.0,0.0,0.0,0.0,0.0,1.15,0.0,10361,348269
SGP,Singapore,African Independent / Syncretic Christianity,religion,0.0,0.04,0.04,0.04,0.0,0.0,0.0,0.0,0.0061,0.0,0.04,0,2589
SGP,Singapore,Catholic Christianity,religion,2.72,3.01,0.29,3.01,0.0,0.0,0.0,0.0,0.0061,2.91,0.1,158774,183214
SGP,Singapore,Folk / Traditional,religion,14.58,14.37,-0.21,14.37,0.0,0.0,0.0,0.0,0.0061,14.46,-0.09,850576,873970
SGP,Singapore,Hinduism,religion,5.0,1.97,-3.03,1.97,0.0,0.0,0.0,0.0,0.0061,1.98,-0.01,291619,119537
SGP,Singapore,Ibadi / Other Islam,religion,0.47,0.23,-0.24,0.23,0.0,0.0,0.0,0.0,0.0061,0.23,-0.0,27296,13807
SGP,Singapore,Indigenous / Syncretic traditions,religion,0.0,0.02,0.02,0.02,0.0,0.0,0.0,0.0,0.0061,0.0,0.02,0,1110
SGP,Singapore,Mahayana Buddhism,religion,20.42,19.53,-0.88,19.53,0.0,0.0,0.0,0.0,0.0061,19.65,-0.12,1190807,1187964
SGP,Singapore,Orthodox Christianity,religion,0.52,0.58,0.06,0.58,0.0,0.0,0.0,0.0,0.0061,0.56,0.03,30243,35409
SGP,Singapore,Other Christianity,religion,1.04,1.13,0.09,1.13,0.0,0.0,0.0,0.0,0.0061,1.11,0.02,60485,68598
SGP,Singapore,Other religions,religion,2.43,2.42,-0.01,2.42,0.0,0.0,0.0,0.0,0.0061,2.42,-0.0,141763,147193
SGP,Singapore,Protestant Christianity,religion,2.2,2.51,0.31,2.51,0.0,0.0,0.0,0.0,0.0061,2.36,0.15,128532,152614
SGP,Singapore,Shia Islam,religion,1.4,0.68,-0.72,0.68,0.0,0.0,0.0,0.0,0.0061,0.69,-0.0,81887,41605
SGP,Singapore,Sunni Islam,religion,13.73,6.92,-6.8,6.92,0.0,0.0,0.0,0.0,0.0061,6.78,0.14,800670,421092
SGP,Singapore,Theravada Buddhism,religion,1.46,1.4,-0.06,1.4,0.0,0.0,0.0,0.0,0.0061,1.4,-0.01,85058,84855
SGP,Singapore,Unaffiliated,religion,31.6,42.86,11.26,42.86,0.0,0.0,0.0,0.0,0.0061,43.11,-0.25,1842915,2606712
SGP,Singapore,Vajrayana / Other Buddhism,religion,2.43,2.33,-0.11,2.33,0.0,0.0,0.0,0.0,0.0061,2.34,-0.01,141763,141424
SLB,Solomon Islands,Catholic Christianity,religion,30.52,29.12,-1.4,29.12,0.0,0.0,0.0,0.0,0.0,29.12,0.0,250026,381208
SLB,Solomon Islands,Folk / Traditional,religion,6.06,5.3,-0.76,5.3,0.0,0.0,0.0,0.0,0.0,5.3,0.0,49608,69338
SLB,Solomon Islands,Hinduism,religion,2.0,1.93,-0.07,1.93,0.0,0.0,0.0,0.0,0.0,1.93,0.0,16384,25317
SLB,Solomon Islands,Mahayana Buddhism,religion,0.68,0.66,-0.02,0.66,0.0,0.0,0.0,0.0,0.0,0.66,0.0,5581,8624
SLB,Solomon Islands,Orthodox Christianity,religion,5.81,5.55,-0.27,5.55,0.0,0.0,0.0,0.0,0.0,5.55,0.0,47624,72611
SLB,Solomon Islands,Other Christianity,religion,11.63,11.09,-0.53,11.09,0.0,0.0,0.0,0.0,0.0,11.09,0.0,95248,145222
SLB,Solomon Islands,Other religions,religion,1.51,1.51,-0.0,1.51,0.0,0.0,0.0,0.0,0.0,1.51,0.0,12402,19805
SLB,Solomon Islands,Protestant Christianity,religion,24.71,23.57,-1.13,23.57,0.0,0.0,0.0,0.0,0.0,23.57,0.0,202402,308597
SLB,Solomon Islands,Sunni Islam,religion,0.09,0.09,0.0,0.09,0.0,0.0,0.0,0.0,0.0,0.09,0.0,721,1161
SLB,Solomon Islands,Theravada Buddhism,religion,0.53,0.51,-0.02,0.51,0.0,0.0,0.0,0.0,0.0,0.51,0.0,4341,6707
SLB,Solomon Islands,Unaffiliated,religion,16.15,20.37,4.22,20.37,0.0,0.0,0.0,0.0,0.0,20.37,0.0,132289,266689
SLB,Solomon Islands,Vajrayana / Other Buddhism,religion,0.3,0.29,-0.01,0.29,0.0,0.0,0.0,0.0,0.0,0.29,0.0,2480,3833
SLE,Sierra Leone,African Independent / Syncretic Christianity,religion,3.18,6.82,3.64,6.82,0.0,0.0,0.0,0.0,0.0,6.82,0.0,274595,882695
SLE,Sierra Leone,Catholic Christianity,religion,5.47,11.74,6.27,11.74,0.0,0.0,0.0,0.0,0.0,11.74,0.0,472913,1520197
SLE,Sierra Leone,Folk / Traditional,religion,0.68,0.65,-0.03,0.65,0.0,0.0,0.0,0.0,0.0,0.65,0.0,59114,84203
SLE,Sierra Leone,Hinduism,religion,0.07,0.02,-0.05,0.02,0.0,0.0,0.0,0.0,0.0,0.02,0.0,6049,3061
SLE,Sierra Leone,Ibadi / Other Islam,religion,2.36,1.7,-0.65,1.7,0.0,0.0,0.0,0.0,0.0,1.7,0.0,203779,220579
SLE,Sierra Leone,Indigenous / Syncretic traditions,religion,2.26,2.44,0.19,2.44,0.0,0.0,0.0,0.0,0.0,2.44,0.0,195140,316408
SLE,Sierra Leone,Orthodox Christianity,religion,1.06,2.27,1.21,2.27,0.0,0.0,0.0,0.0,0.0,2.27,0.0,91532,294232
SLE,Sierra Leone,Other Christianity,religion,0.88,1.89,1.01,1.89,0.0,0.0,0.0,0.0,0.0,1.89,0.0,76276,245193
SLE,Sierra Leone,Other religions,religion,0.37,0.7,0.33,0.7,0.0,0.0,0.0,0.0,0.0,0.7,0.0,31782,90617
SLE,Sierra Leone,Protestant Christianity,religion,7.06,15.18,8.12,15.18,0.0,0.0,0.0,0.0,0.0,15.18,0.0,610211,1966113
SLE,Sierra Leone,Shia Islam,religion,7.07,5.11,-1.96,5.11,0.0,0.0,0.0,0.0,0.0,5.11,0.0,611337,661737
SLE,Sierra Leone,Sunni Islam,religion,69.17,50.32,-18.85,50.32,0.0,0.0,0.0,0.0,0.0,50.32,0.0,5977519,6515063
SLE,Sierra Leone,Unaffiliated,religion,0.37,1.14,0.78,1.14,0.0,0.0,0.0,0.0,0.0,1.14,0.0,31782,148234
SLV,El Salvador,Catholic Christianity,religion,60.49,58.18,-2.31,58.18,0.0,0.0,0.0,0.0,0.0,58.18,0.0,3834112,3876720
SLV,El Salvador,Folk / Traditional,religion,3.0,2.63,-0.37,2.63,0.0,0.0,0.0,0.0,0.0,2.63,0.0,190184,175163
SLV,El Salvador,Hinduism,religion,0.2,0.2,-0.0,0.2,0.0,0.0,0.0,0.0,0.0,0.2,0.0,12676,13019
SLV,El Salvador,Judaism,religion,0.2,0.2,-0.0,0.2,0.0,0.0,0.0,0.0,0.0,0.2,0.0,12679,13232
SLV,El Salvador,Mahayana Buddhism,religion,0.14,0.13,-0.0,0.13,0.0,0.0,0.0,0.0,0.0,0.13,0.0,8558,8790
SLV,El Salvador,Orthodox Christianity,religion,2.52,2.42,-0.1,2.42,0.0,0.0,0.0,0.0,0.0,2.42,0.0,159755,161530
SLV,El Salvador,Other Christianity,religion,5.88,5.66,-0.22,5.66,0.0,0.0,0.0,0.0,0.0,5.66,0.0,372761,376903
SLV,El Salvador,Other religions,religion,3.0,3.04,0.04,3.04,0.0,0.0,0.0,0.0,0.0,3.04,0.0,190184,202491
SLV,El Salvador,Protestant Christianity,religion,15.12,14.54,-0.58,14.54,0.0,0.0,0.0,0.0,0.0,14.54,0.0,958528,969180
SLV,El Salvador,Shia Islam,religion,0.03,0.03,-0.0,0.03,0.0,0.0,0.0,0.0,0.0,0.03,0.0,1597,1669
SLV,El Salvador,Sunni Islam,religion,0.25,0.25,0.0,0.25,0.0,0.0,0.0,0.0,0.0,0.25,0.0,15617,16561
SLV,El Salvador,Theravada Buddhism,religion,0.11,0.1,-0.0,0.1,0.0,0.0,0.0,0.0,0.0,0.1,0.0,6656,6836
SLV,El Salvador,Unaffiliated,religion,9.0,12.57,3.56,12.57,0.0,0.0,0.0,0.0,0.0,12.57,0.0,570552,837347
SLV,El Salvador,Vajrayana / Other Buddhism,religion,0.06,0.06,-0.0,0.06,0.0,0.0,0.0,0.0,0.0,0.06,0.0,3804,3907
SMR,San Marino,Catholic Christianity,religion,29.46,25.67,-3.79,25.67,0.0,0.0,0.0,0.0,0.0,25.67,0.0,9900,8654
SMR,San Marino,Ibadi / Other Islam,religion,0.0,0.19,0.19,0.19,0.0,0.0,0.0,0.0,0.0,0.19,0.0,0,65
SMR,San Marino,Judaism,religion,0.53,0.43,-0.1,0.43,0.0,0.0,0.0,0.0,0.0,0.43,0.0,179,146
SMR,San Marino,Mahayana Buddhism,religion,0.48,0.38,-0.09,0.38,0.0,0.0,0.0,0.0,0.0,0.38,0.0,161,130
SMR,San Marino,Orthodox Christianity,religion,5.61,4.89,-0.72,4.89,0.0,0.0,0.0,0.0,0.0,4.89,0.0,1886,1648
SMR,San Marino,Other Christianity,religion,11.22,9.78,-1.45,9.78,0.0,0.0,0.0,0.0,0.0,9.78,0.0,3772,3297
SMR,San Marino,Other religions,religion,2.66,2.76,0.1,2.76,0.0,0.0,0.0,0.0,0.0,2.76,0.0,893,930
SMR,San Marino,Protestant Christianity,religion,23.85,20.78,-3.07,20.78,0.0,0.0,0.0,0.0,0.0,20.78,0.0,8015,7006
SMR,San Marino,Shia Islam,religion,0.0,0.58,0.58,0.58,0.0,0.0,0.0,0.0,0.0,0.58,0.0,0,194
SMR,San Marino,Sunni Islam,religion,0.09,5.66,5.57,5.66,0.0,0.0,0.0,0.0,0.0,5.66,0.0,30,1907
SMR,San Marino,Theravada Buddhism,religion,0.37,0.3,-0.07,0.3,0.0,0.0,0.0,0.0,0.0,0.3,0.0,125,101
SMR,San Marino,Unaffiliated,religion,25.51,28.42,2.92,28.42,0.0,0.0,0.0,0.0,0.0,28.42,0.0,8572,9585
SMR,San Marino,Vajrayana / Other Buddhism,religion,0.21,0.17,-0.04,0.17,0.0,0.0,0.0,0.0,0.0,0.17,0.0,71,58
SOM,Somalia,Catholic Christianity,religion,0.01,0.08,0.07,0.08,0.0,0.0,0.0,0.0,0.0,0.08,0.0,2235,31186
SOM,Somalia,Hinduism,religion,0.06,0.0,-0.06,0.0,0.0,0.0,0.0,0.0,0.0,0.0,0.0,11405,0
SOM,Somalia,Ibadi / Other Islam,religion,2.99,2.96,-0.03,2.96,0.0,0.0,0.0,0.0,0.0,2.96,0.0,569134,1102640
SOM,Somalia,Indigenous / Syncretic traditions,religion,0.03,0.2,0.17,0.2,0.0,0.0,0.0,0.0,0.0,0.2,0.0,5323,74252
SOM,Somalia,Orthodox Christianity,religion,0.0,0.02,0.02,0.02,0.0,0.0,0.0,0.0,0.0,0.02,0.0,0,5940
SOM,Somalia,Other Christianity,religion,0.0,0.03,0.03,0.03,0.0,0.0,0.0,0.0,0.0,0.03,0.0,0,11880
SOM,Somalia,Other religions,religion,0.04,0.3,0.26,0.3,0.0,0.0,0.0,0.0,0.0,0.3,0.0,7984,111620
SOM,Somalia,Protestant Christianity,religion,0.0,0.07,0.07,0.07,0.0,0.0,0.0,0.0,0.0,0.07,0.0,0,25246
SOM,Somalia,Shia Islam,religion,8.98,8.89,-0.09,8.89,0.0,0.0,0.0,0.0,0.0,8.89,0.0,1707402,3307921
SOM,Somalia,Sunni Islam,religion,87.82,86.93,-0.89,86.93,0.0,0.0,0.0,0.0,0.0,86.93,0.0,16694600,32344112
SOM,Somalia,Unaffiliated,religion,0.04,0.52,0.47,0.52,0.0,0.0,0.0,0.0,0.0,0.52,0.0,7984,191713
SRB,Serbia,Catholic Christianity,religion,6.05,5.42,-0.64,5.44,-0.03,0.464,0.138,0.0363,0.0,5.42,0.0,407793,299723
SRB,Serbia,Hinduism,religion,0.0,0.09,0.09,0.0,0.09,0.464,0.138,0.0363,0.0,0.09,0.0,0,5017
SRB,Serbia,Ibadi / Other Islam,religion,0.13,0.25,0.12,0.23,0.02,0.464,0.138,0.0363,0.0,0.25,0.0,8488,13719
SRB,Serbia,Judaism,religion,0.51,0.41,-0.1,0.43,-0.02,0.464,0.138,0.0363,0.0,0.41,0.0,34326,22829
SRB,Serbia,Mahayana Buddhism,religion,0.46,0.39,-0.06,0.38,0.01,0.464,0.138,0.0363,0.0,0.39,0.0,30893,21809
SRB,Serbia,Orthodox Christianity,religion,52.47,46.95,-5.52,47.19,-0.24,0.464,0.138,0.0363,0.0,46.95,0.0,3534209,2597602
SRB,Serbia,Other Christianity,religion,4.71,4.21,-0.5,4.23,-0.02,0.464,0.138,0.0363,0.0,4.21,0.0,317173,233118
SRB,Serbia,Other religions,religion,2.55,2.74,0.19,2.73,0.01,0.464,0.138,0.0363,0.0,2.74,0.0,171630,151599
SRB,Serbia,Protestant Christianity,religion,4.04,3.61,-0.42,3.63,-0.02,0.464,0.138,0.0363,0.0,3.61,0.0,271862,199816
SRB,Serbia,Shia Islam,religion,0.38,0.74,0.37,0.69,0.06,0.464,0.138,0.0363,0.0,0.74,0.0,25463,41158
SRB,Serbia,Sikhism,religion,0.0,0.03,0.03,0.0,0.03,0.464,0.138,0.0363,0.0,0.03,0.0,0,1605
SRB,Serbia,Sunni Islam,religion,3.7,7.29,3.59,6.73,0.55,0.464,0.138,0.0363,0.0,7.29,0.0,248971,403231
SRB,Serbia,Theravada Buddhism,religion,0.36,0.31,-0.05,0.3,0.01,0.464,0.138,0.0363,0.0,0.31,0.0,24028,16963
SRB,Serbia,Unaffiliated,religion,24.46,27.38,2.92,27.85,-0.47,0.464,0.138,0.0363,0.0,27.38,0.0,1647650,1514979
SRB,Serbia,Vajrayana / Other Buddhism,religion,0.2,0.18,-0.03,0.17,0.01,0.464,0.138,0.0363,0.0,0.18,0.0,13730,9693
SSD,South Sudan,African Independent / Syncretic Christianity,religion,12.5,13.65,1.15,13.65,0.0,0.0,0.0,0.0,0.0,13.65,0.0,1493057,2504356
SSD,South Sudan,Catholic Christianity,religion,21.53,23.51,1.99,23.51,0.0,0.0,0.0,0.0,0.0,23.51,0.0,2571377,4313058
SSD,South Sudan,Folk / Traditional,religion,2.18,1.72,-0.46,1.72,0.0,0.0,0.0,0.0,0.0,1.72,0.0,260393,315006
SSD,South Sudan,Ibadi / Other Islam,religion,0.6,0.44,-0.16,0.44,0.0,0.0,0.0,0.0,0.0,0.44,0.0,71660,79849
SSD,South Sudan,Indigenous / Syncretic traditions,religion,6.61,5.37,-1.24,5.37,0.0,0.0,0.0,0.0,0.0,5.37,0.0,789578,984491
SSD,South Sudan,Orthodox Christianity,religion,4.17,4.55,0.38,4.55,0.0,0.0,0.0,0.0,0.0,4.55,0.0,497686,834785
SSD,South Sudan,Other Christianity,religion,3.47,3.79,0.32,3.79,0.0,0.0,0.0,0.0,0.0,3.79,0.0,414738,695654
SSD,South Sudan,Other religions,religion,0.88,1.14,0.26,1.14,0.0,0.0,0.0,0.0,0.0,1.14,0.0,104997,208558
SSD,South Sudan,Protestant Christianity,religion,27.78,30.49,2.71,30.49,0.0,0.0,0.0,0.0,0.0,30.49,0.0,3317906,5591593
SSD,South Sudan,Shia Islam,religion,1.8,1.31,-0.49,1.31,0.0,0.0,0.0,0.0,0.0,1.31,0.0,214981,239547
SSD,South Sudan,Sunni Islam,religion,17.6,12.86,-4.74,12.86,0.0,0.0,0.0,0.0,0.0,12.86,0.0,2102040,2358937
SSD,South Sudan,Unaffiliated,religion,0.88,1.18,0.3,1.18,0.0,0.0,0.0,0.0,0.0,1.18,0.0,104997,216140
STP,Sao Tome & Principe,African Independent / Syncretic Christianity,religion,15.16,14.6,-0.55,14.6,0.0,0.0,0.0,0.0,0.0,14.6,0.0,35703,53323
STP,Sao Tome & Principe,Catholic Christianity,religion,26.1,25.15,-0.95,25.15,0.0,0.0,0.0,0.0,0.0,25.15,0.0,61489,91834
STP,Sao Tome & Principe,Folk / Traditional,religion,2.64,1.85,-0.8,1.85,0.0,0.0,0.0,0.0,0.0,1.85,0.0,6227,6737
STP,Sao Tome & Principe,Ibadi / Other Islam,religion,0.09,0.24,0.15,0.24,0.0,0.0,0.0,0.0,0.0,0.24,0.0,212,889
STP,Sao Tome & Principe,Indigenous / Syncretic traditions,religion,8.02,5.75,-2.26,5.75,0.0,0.0,0.0,0.0,0.0,5.75,0.0,18881,21009
STP,Sao Tome & Principe,Orthodox Christianity,religion,5.05,4.87,-0.18,4.87,0.0,0.0,0.0,0.0,0.0,4.87,0.0,11901,17774
STP,Sao Tome & Principe,Other Christianity,religion,4.21,4.06,-0.15,4.06,0.0,0.0,0.0,0.0,0.0,4.06,0.0,9918,14812
STP,Sao Tome & Principe,Other religions,religion,1.07,1.21,0.14,1.21,0.0,0.0,0.0,0.0,0.0,1.21,0.0,2511,4410
STP,Sao Tome & Principe,Protestant Christianity,religion,33.68,32.63,-1.05,32.63,0.0,0.0,0.0,0.0,0.0,32.63,0.0,79341,119139
STP,Sao Tome & Principe,Shia Islam,religion,0.27,0.73,0.46,0.73,0.0,0.0,0.0,0.0,0.0,0.73,0.0,636,2668
STP,Sao Tome & Principe,Sunni Islam,religion,2.64,7.16,4.52,7.16,0.0,0.0,0.0,0.0,0.0,7.16,0.0,6218,26139
STP,Sao Tome & Principe,Unaffiliated,religion,1.07,1.75,0.68,1.75,0.0,0.0,0.0,0.0,0.0,1.75,0.0,2511,6384
SUR,Suriname,Catholic Christianity,religion,36.99,35.9,-1.09,35.9,0.0,0.0,0.0,0.0,0.0,35.9,0.0,234660,263456
SUR,Suriname,Folk / Traditional,religion,1.83,1.62,-0.21,1.62,0.0,0.0,0.0,0.0,0.0,1.62,0.0,11640,11899
SUR,Suriname,Hinduism,religion,24.85,24.51,-0.34,24.51,0.0,0.0,0.0,0.0,0.0,24.51,0.0,157658,179862
SUR,Suriname,Ibadi / Other Islam,religion,0.43,0.43,-0.0,0.43,0.0,0.0,0.0,0.0,0.0,0.43,0.0,2722,3138
SUR,Suriname,Judaism,religion,0.12,0.12,-0.0,0.12,0.0,0.0,0.0,0.0,0.0,0.12,0.0,776,896
SUR,Suriname,Mahayana Buddhism,religion,0.08,0.08,-0.0,0.08,0.0,0.0,0.0,0.0,0.0,0.08,0.0,524,598
SUR,Suriname,Orthodox Christianity,religion,1.54,1.5,-0.05,1.5,0.0,0.0,0.0,0.0,0.0,1.5,0.0,9777,10977
SUR,Suriname,Other Christianity,religion,3.6,3.49,-0.11,3.49,0.0,0.0,0.0,0.0,0.0,3.49,0.0,22814,25614
SUR,Suriname,Other religions,religion,1.83,1.85,0.02,1.85,0.0,0.0,0.0,0.0,0.0,1.85,0.0,11640,13577
SUR,Suriname,Protestant Christianity,religion,9.25,8.97,-0.27,8.97,0.0,0.0,0.0,0.0,0.0,8.97,0.0,58665,65864
SUR,Suriname,Shia Islam,religion,1.29,1.28,-0.0,1.28,0.0,0.0,0.0,0.0,0.0,1.28,0.0,8165,9414
SUR,Suriname,Sunni Islam,religion,12.58,12.73,0.15,12.73,0.0,0.0,0.0,0.0,0.0,12.73,0.0,79838,93422
SUR,Suriname,Theravada Buddhism,religion,0.06,0.06,-0.0,0.06,0.0,0.0,0.0,0.0,0.0,0.06,0.0,407,465
SUR,Suriname,Unaffiliated,religion,5.5,7.42,1.92,7.42,0.0,0.0,0.0,0.0,0.0,7.42,0.0,34920,54460
SUR,Suriname,Vajrayana / Other Buddhism,religion,0.04,0.04,-0.0,0.04,0.0,0.0,0.0,0.0,0.0,0.04,0.0,233,266
SVK,Slovakia,Catholic Christianity,religion,50.48,43.13,-7.35,43.3,-0.18,0.355,0.128,0.03,0.0,43.13,0.0,2779667,2128966
SVK,Slovakia,Hinduism,religion,0.0,0.07,0.07,0.0,0.07,0.355,0.128,0.03,0.0,0.07,0.0,0,3699
SVK,Slovakia,Ibadi / Other Islam,religion,0.0,0.21,0.21,0.19,0.02,0.355,0.128,0.03,0.0,0.21,0.0,0,10213
SVK,Slovakia,Judaism,religion,0.53,0.41,-0.12,0.43,-0.01,0.355,0.128,0.03,0.0,0.41,0.0,29247,20475
SVK,Slovakia,Mahayana Buddhism,religion,0.48,0.39,-0.09,0.38,0.01,0.355,0.128,0.03,0.0,0.39,0.0,26323,19290
SVK,Slovakia,Orthodox Christianity,religion,2.1,1.8,-0.31,1.8,-0.01,0.355,0.128,0.03,0.0,1.8,0.0,115819,88707
SVK,Slovakia,Other Christianity,religion,4.91,4.19,-0.71,4.21,-0.02,0.355,0.128,0.03,0.0,4.19,0.0,270245,206983
SVK,Slovakia,Other religions,religion,2.66,2.76,0.1,2.75,0.01,0.355,0.128,0.03,0.0,2.76,0.0,146237,136122
SVK,Slovakia,Protestant Christianity,religion,12.62,10.78,-1.84,10.83,-0.04,0.355,0.128,0.03,0.0,10.78,0.0,694917,532241
SVK,Slovakia,Shia Islam,religion,0.01,0.62,0.61,0.57,0.05,0.355,0.128,0.03,0.0,0.62,0.0,743,30820
SVK,Slovakia,Sikhism,religion,0.0,0.02,0.02,0.0,0.02,0.355,0.128,0.03,0.0,0.02,0.0,0,1184
SVK,Slovakia,Sunni Islam,religion,0.13,6.11,5.97,5.61,0.49,0.355,0.128,0.03,0.0,6.11,0.0,7269,301377
SVK,Slovakia,Theravada Buddhism,religion,0.37,0.3,-0.07,0.29,0.01,0.355,0.128,0.03,0.0,0.3,0.0,20473,15003
SVK,Slovakia,Unaffiliated,religion,25.49,29.03,3.53,29.46,-0.43,0.355,0.128,0.03,0.0,29.03,0.0,1403872,1432840
SVK,Slovakia,Vajrayana / Other Buddhism,religion,0.21,0.17,-0.04,0.17,0.01,0.355,0.128,0.03,0.0,0.17,0.0,11699,8573
SVN,Slovenia,Catholic Christianity,religion,48.73,42.9,-5.83,43.05,-0.14,0.264,0.128,0.0254,0.0,42.9,0.0,1032508,850180
SVN,Slovenia,Hinduism,religion,0.0,0.06,0.06,0.0,0.06,0.264,0.128,0.0254,0.0,0.06,0.0,0,1260
SVN,Slovenia,Ibadi / Other Islam,religion,0.11,0.23,0.13,0.22,0.01,0.264,0.128,0.0254,0.0,0.23,0.0,2288,4643
SVN,Slovenia,Judaism,religion,0.51,0.41,-0.1,0.42,-0.01,0.264,0.128,0.0254,0.0,0.41,0.0,10864,8178
SVN,Slovenia,Mahayana Buddhism,religion,0.46,0.39,-0.08,0.38,0.01,0.264,0.128,0.0254,0.0,0.39,0.0,9778,7657
SVN,Slovenia,Orthodox Christianity,religion,2.03,1.79,-0.24,1.79,-0.01,0.264,0.128,0.0254,0.0,1.79,0.0,43021,35424
SVN,Slovenia,Other Christianity,religion,4.74,4.17,-0.57,4.19,-0.01,0.264,0.128,0.0254,0.0,4.17,0.0,100383,82656
SVN,Slovenia,Other religions,religion,2.56,2.73,0.17,2.72,0.01,0.264,0.128,0.0254,0.0,2.73,0.0,54320,54131
SVN,Slovenia,Protestant Christianity,religion,12.18,10.73,-1.46,10.76,-0.04,0.264,0.128,0.0254,0.0,10.73,0.0,258127,212545
SVN,Slovenia,Shia Islam,religion,0.32,0.7,0.38,0.66,0.04,0.264,0.128,0.0254,0.0,0.7,0.0,6865,13930
SVN,Slovenia,Sikhism,religion,0.0,0.02,0.02,0.0,0.02,0.264,0.128,0.0254,0.0,0.02,0.0,0,403
SVN,Slovenia,Sunni Islam,religion,3.17,6.89,3.72,6.49,0.39,0.264,0.128,0.0254,0.0,6.89,0.0,67120,136446
SVN,Slovenia,Theravada Buddhism,religion,0.36,0.3,-0.06,0.29,0.01,0.264,0.128,0.0254,0.0,0.3,0.0,7605,5955
SVN,Slovenia,Unaffiliated,religion,24.61,28.5,3.89,28.85,-0.35,0.264,0.128,0.0254,0.0,28.5,0.0,521469,564742
SVN,Slovenia,Vajrayana / Other Buddhism,religion,0.21,0.17,-0.03,0.17,0.0,0.264,0.128,0.0254,0.0,0.17,0.0,4346,3403
SWE,Sweden,African Independent / Syncretic Christianity,religion,0.0,0.08,0.08,0.08,-0.0,0.204,0.126,0.0224,0.0117,0.0,0.08,0,9229
SWE,Sweden,Catholic Christianity,religion,16.94,11.01,-5.93,11.01,0.0,0.204,0.126,0.0224,0.0117,10.92,0.09,1796943,1245459
SWE,Sweden,Hinduism,religion,0.1,0.42,0.32,0.39,0.04,0.204,0.126,0.0224,0.0117,0.43,-0.0,10501,47701
SWE,Sweden,Ibadi / Other Islam,religion,0.21,0.59,0.38,0.58,0.01,0.204,0.126,0.0224,0.0117,0.6,-0.01,22593,66660
SWE,Sweden,Indigenous / Syncretic traditions,religion,0.0,0.03,0.03,0.03,-0.0,0.204,0.126,0.0224,0.0117,0.0,0.03,0,3955
SWE,Sweden,Judaism,religion,0.49,0.28,-0.21,0.29,-0.01,0.204,0.126,0.0224,0.0117,0.29,-0.0,52358,32013
SWE,Sweden,Mahayana Buddhism,religion,0.44,0.44,0.0,0.43,0.01,0.204,0.126,0.0224,0.0117,0.45,-0.01,47123,50277
SWE,Sweden,Orthodox Christianity,religion,2.61,1.72,-0.89,1.72,0.0,0.204,0.126,0.0224,0.0117,1.68,0.04,276453,194347
SWE,Sweden,Other Christianity,religion,9.77,6.27,-3.5,6.27,0.0,0.204,0.126,0.0224,0.0117,6.3,-0.03,1036698,709356
SWE,Sweden,Other religions,religion,2.47,3.28,0.81,3.28,-0.01,0.204,0.126,0.0224,0.0117,3.29,-0.02,261792,370751
SWE,Sweden,Protestant Christianity,religion,35.84,23.14,-12.7,23.14,0.0,0.204,0.126,0.0224,0.0117,23.1,0.05,3801226,2617232
SWE,Sweden,Shia Islam,religion,0.64,1.77,1.14,1.74,0.03,0.204,0.126,0.0224,0.0117,1.79,-0.02,67779,200638
SWE,Sweden,Sunni Islam,religion,6.25,17.64,11.39,17.34,0.3,0.204,0.126,0.0224,0.0117,17.49,0.15,662725,1994906
SWE,Sweden,Theravada Buddhism,religion,0.35,0.35,0.0,0.34,0.01,0.204,0.126,0.0224,0.0117,0.35,-0.0,36651,39104
SWE,Sweden,Unaffiliated,religion,23.69,32.77,9.07,33.15,-0.39,0.204,0.126,0.0224,0.0117,33.12,-0.36,2513207,3705657
SWE,Sweden,Vajrayana / Other Buddhism,religion,0.2,0.2,0.0,0.19,0.0,0.204,0.126,0.0224,0.0117,0.2,-0.0,20943,22345
SWZ,Eswatini,African Independent / Syncretic Christianity,religion,13.66,13.39,-0.26,13.39,0.0,0.0,0.0,0.0,0.0,13.39,0.0,169715,201609
SWZ,Eswatini,Catholic Christianity,religion,23.52,23.07,-0.45,23.07,0.0,0.0,0.0,0.0,0.0,23.07,0.0,292288,347215
SWZ,Eswatini,Folk / Traditional,religion,3.71,2.77,-0.94,2.77,0.0,0.0,0.0,0.0,0.0,2.77,0.0,46151,41736
SWZ,Eswatini,Hinduism,religion,0.17,0.7,0.52,0.7,0.0,0.0,0.0,0.0,0.0,0.7,0.0,2175,10495
SWZ,Eswatini,Ibadi / Other Islam,religion,0.06,0.08,0.02,0.08,0.0,0.0,0.0,0.0,0.0,0.08,0.0,746,1193
SWZ,Eswatini,Indigenous / Syncretic traditions,religion,11.26,9.68,-1.58,9.68,0.0,0.0,0.0,0.0,0.0,9.68,0.0,139941,145671
SWZ,Eswatini,Orthodox Christianity,religion,4.55,4.46,-0.09,4.46,0.0,0.0,0.0,0.0,0.0,4.46,0.0,56572,67203
SWZ,Eswatini,Other Christianity,religion,3.79,3.72,-0.07,3.72,0.0,0.0,0.0,0.0,0.0,3.72,0.0,47143,56002
SWZ,Eswatini,Other religions,religion,2.0,1.99,-0.0,1.99,0.0,0.0,0.0,0.0,0.0,1.99,0.0,24812,30011
SWZ,Eswatini,Protestant Christianity,religion,30.35,29.92,-0.42,29.92,0.0,0.0,0.0,0.0,0.0,29.92,0.0,377145,450438
SWZ,Eswatini,Shia Islam,religion,0.18,0.24,0.06,0.24,0.0,0.0,0.0,0.0,0.0,0.24,0.0,2237,3578
SWZ,Eswatini,Sunni Islam,religion,1.76,2.33,0.57,2.33,0.0,0.0,0.0,0.0,0.0,2.33,0.0,21874,35124
SWZ,Eswatini,Unaffiliated,religion,4.99,7.64,2.65,7.64,0.0,0.0,0.0,0.0,0.0,7.64,0.0,62030,115065
SYC,Seychelles,African Independent / Syncretic Christianity,religion,14.49,12.41,-2.08,12.41,0.0,0.0,0.0,0.0,0.0,12.41,0.0,18903,17594
SYC,Seychelles,Catholic Christianity,religion,24.96,21.38,-3.58,21.38,0.0,0.0,0.0,0.0,0.0,21.38,0.0,32556,30301
SYC,Seychelles,Folk / Traditional,religion,2.42,1.46,-0.96,1.46,0.0,0.0,0.0,0.0,0.0,1.46,0.0,3151,2067
SYC,Seychelles,Hinduism,religion,5.4,2.12,-3.28,2.12,0.0,0.0,0.0,0.0,0.0,2.12,0.0,7044,3003
SYC,Seychelles,Ibadi / Other Islam,religion,0.03,0.54,0.51,0.54,0.0,0.0,0.0,0.0,0.0,0.54,0.0,43,770
SYC,Seychelles,Indigenous / Syncretic traditions,religion,7.97,5.03,-2.94,5.03,0.0,0.0,0.0,0.0,0.0,5.03,0.0,10400,7130
SYC,Seychelles,Orthodox Christianity,religion,4.83,4.14,-0.69,4.14,0.0,0.0,0.0,0.0,0.0,4.14,0.0,6301,5865
SYC,Seychelles,Other Christianity,religion,4.03,3.45,-0.58,3.45,0.0,0.0,0.0,0.0,0.0,3.45,0.0,5251,4887
SYC,Seychelles,Other religions,religion,1.56,1.35,-0.21,1.35,0.0,0.0,0.0,0.0,0.0,1.35,0.0,2033,1913
SYC,Seychelles,Protestant Christianity,religion,32.21,27.77,-4.43,27.77,0.0,0.0,0.0,0.0,0.0,27.77,0.0,42008,39369
SYC,Seychelles,Shia Islam,religion,0.1,1.63,1.53,1.63,0.0,0.0,0.0,0.0,0.0,1.63,0.0,129,2311
SYC,Seychelles,Sunni Islam,religion,0.97,15.94,14.98,15.94,0.0,0.0,0.0,0.0,0.0,15.94,0.0,1263,22602
SYC,Seychelles,Unaffiliated,religion,1.04,2.78,1.74,2.78,0.0,0.0,0.0,0.0,0.0,2.78,0.0,1355,3944
SYR,Syria,Catholic Christianity,religion,1.3,1.0,-0.3,1.0,0.0,0.0,0.0,0.0,0.0,1.0,0.0,320746,379315
SYR,Syria,Folk / Traditional,religion,2.17,0.99,-1.17,0.99,0.0,0.0,0.0,0.0,0.0,0.99,0.0,534576,375345
SYR,Syria,Ibadi / Other Islam,religion,2.61,2.73,0.12,2.73,0.0,0.0,0.0,0.0,0.0,2.73,0.0,643959,1032154
SYR,Syria,Orthodox Christianity,religion,2.49,1.92,-0.57,1.92,0.0,0.0,0.0,0.0,0.0,1.92,0.0,614763,727021
SYR,Syria,Other Christianity,religion,1.03,0.79,-0.23,0.79,0.0,0.0,0.0,0.0,0.0,0.79,0.0,253924,300291
SYR,Syria,Other religions,religion,2.17,1.6,-0.56,1.6,0.0,0.0,0.0,0.0,0.0,1.6,0.0,534576,605382
SYR,Syria,Protestant Christianity,religion,0.6,0.46,-0.14,0.46,0.0,0.0,0.0,0.0,0.0,0.46,0.0,147009,173853
SYR,Syria,Shia Islam,religion,7.83,8.19,0.36,8.19,0.0,0.0,0.0,0.0,0.0,8.19,0.0,1931877,3096462
SYR,Syria,Sunni Islam,religion,76.56,80.31,3.75,80.31,0.0,0.0,0.0,0.0,0.0,80.31,0.0,18889464,30350282
SYR,Syria,Unaffiliated,religion,3.25,1.99,-1.26,1.99,0.0,0.0,0.0,0.0,0.0,1.99,0.0,801865,753270
TCD,Chad,Catholic Christianity,religion,7.86,7.49,-0.37,7.49,0.0,0.0,0.0,0.0,0.0,7.49,0.0,1595004,2911295
TCD,Chad,Folk / Traditional,religion,7.48,6.83,-0.65,6.83,0.0,0.0,0.0,0.0,0.0,6.83,0.0,1519052,2654940
TCD,Chad,Ibadi / Other Islam,religion,1.65,1.71,0.05,1.71,0.0,0.0,0.0,0.0,0.0,1.71,0.0,335545,662882
TCD,Chad,Orthodox Christianity,religion,1.5,1.43,-0.07,1.43,0.0,0.0,0.0,0.0,0.0,1.43,0.0,303810,554532
TCD,Chad,Other Christianity,religion,2.99,2.85,-0.14,2.85,0.0,0.0,0.0,0.0,0.0,2.85,0.0,607621,1109065
TCD,Chad,Other religions,religion,7.48,7.18,-0.3,7.18,0.0,0.0,0.0,0.0,0.0,7.18,0.0,1519052,2789646
TCD,Chad,Protestant Christianity,religion,6.36,6.07,-0.3,6.07,0.0,0.0,0.0,0.0,0.0,6.07,0.0,1291194,2356763
TCD,Chad,Shia Islam,religion,4.96,5.12,0.16,5.12,0.0,0.0,0.0,0.0,0.0,5.12,0.0,1006634,1988647
TCD,Chad,Sunni Islam,religion,48.49,50.73,2.24,50.73,0.0,0.0,0.0,0.0,0.0,50.73,0.0,9842643,19713495
TCD,Chad,Unaffiliated,religion,11.22,10.59,-0.63,10.59,0.0,0.0,0.0,0.0,0.0,10.59,0.0,2278577,4116419
TGO,Togo,African Independent / Syncretic Christianity,religion,11.92,9.96,-1.95,9.96,0.0,0.0,0.0,0.0,0.0,9.96,0.0,1001829,1390860
TGO,Togo,Catholic Christianity,religion,20.52,17.16,-3.37,17.16,0.0,0.0,0.0,0.0,0.0,17.16,0.0,1725373,2395369
TGO,Togo,Folk / Traditional,religion,2.57,1.26,-1.3,1.26,0.0,0.0,0.0,0.0,0.0,1.26,0.0,215672,176015
TGO,Togo,Ibadi / Other Islam,religion,0.6,1.08,0.48,1.08,0.0,0.0,0.0,0.0,0.0,1.08,0.0,50439,150671
TGO,Togo,Indigenous / Syncretic traditions,religion,8.47,4.46,-4.01,4.46,0.0,0.0,0.0,0.0,0.0,4.46,0.0,711948,622421
TGO,Togo,Orthodox Christianity,religion,3.97,3.32,-0.65,3.32,0.0,0.0,0.0,0.0,0.0,3.32,0.0,333943,463620
TGO,Togo,Other Christianity,religion,3.31,2.77,-0.54,2.77,0.0,0.0,0.0,0.0,0.0,2.77,0.0,278286,386350
TGO,Togo,Other religions,religion,1.38,1.06,-0.32,1.06,0.0,0.0,0.0,0.0,0.0,1.06,0.0,115952,147915
TGO,Togo,Protestant Christianity,religion,26.48,22.28,-4.2,22.28,0.0,0.0,0.0,0.0,0.0,22.28,0.0,2226287,3109998
TGO,Togo,Shia Islam,religion,1.8,3.24,1.44,3.24,0.0,0.0,0.0,0.0,0.0,3.24,0.0,151318,452012
TGO,Togo,Sunni Islam,religion,17.6,31.75,14.15,31.75,0.0,0.0,0.0,0.0,0.0,31.75,0.0,1479554,4432430
TGO,Togo,Unaffiliated,religion,1.38,1.66,0.29,1.66,0.0,0.0,0.0,0.0,0.0,1.66,0.0,115952,232361
THA,Thailand,African Independent / Syncretic Christianity,religion,0.0,0.01,0.01,0.01,0.0,0.0,0.0,0.0,0.0015,0.0,0.01,0,7066
THA,Thailand,Catholic Christianity,religion,0.5,0.64,0.13,0.64,0.0,0.0,0.0,0.0,0.0015,0.61,0.03,359306,422189
THA,Thailand,Folk / Traditional,religion,0.99,1.16,0.16,1.16,0.0,0.0,0.0,0.0,0.0015,1.16,-0.0,712908,767640
THA,Thailand,Hinduism,religion,0.1,0.0,-0.1,0.0,0.0,0.0,0.0,0.0,0.0015,0.0,0.0,71668,0
THA,Thailand,Ibadi / Other Islam,religion,0.16,0.17,0.01,0.17,0.0,0.0,0.0,0.0,0.0015,0.17,-0.0,116102,115146
THA,Thailand,Mahayana Buddhism,religion,6.41,6.0,-0.4,6.0,0.0,0.0,0.0,0.0,0.0015,6.01,-0.01,4591128,3985332
THA,Thailand,Orthodox Christianity,religion,0.1,0.12,0.03,0.12,0.0,0.0,0.0,0.0,0.0015,0.12,0.01,68439,81811
THA,Thailand,Other Christianity,religion,0.19,0.24,0.05,0.24,0.0,0.0,0.0,0.0,0.0015,0.23,0.01,136878,157566
THA,Thailand,Other religions,religion,0.5,0.7,0.2,0.7,0.0,0.0,0.0,0.0,0.0015,0.7,0.0,356454,465991
THA,Thailand,Protestant Christianity,religion,0.41,0.53,0.13,0.53,0.0,0.0,0.0,0.0,0.0015,0.49,0.04,290867,353501
THA,Thailand,Shia Islam,religion,0.49,0.52,0.04,0.52,0.0,0.0,0.0,0.0,0.0015,0.52,-0.0,348307,345943
THA,Thailand,Sunni Islam,religion,4.75,5.13,0.38,5.13,0.0,0.0,0.0,0.0,0.0015,5.1,0.04,3405664,3407899
THA,Thailand,Theravada Buddhism,religion,80.53,75.47,-5.06,75.47,0.0,0.0,0.0,0.0,0.0015,75.59,-0.11,57717040,50101321
THA,Thailand,Unaffiliated,religion,0.3,5.0,4.71,5.0,0.0,0.0,0.0,0.0,0.0015,5.01,-0.0,213872,3321632
THA,Thailand,Vajrayana / Other Buddhism,religion,4.58,4.29,-0.29,4.29,0.0,0.0,0.0,0.0,0.0015,4.29,-0.01,3279377,2846666
TJK,Tajikistan,Catholic Christianity,religion,0.37,0.34,-0.02,0.34,0.0,0.0,0.0,0.0,0.0,0.34,0.0,38922,53688
TJK,Tajikistan,Folk / Traditional,religion,0.35,0.3,-0.05,0.3,0.0,0.0,0.0,0.0,0.0,0.3,0.0,37068,46697
TJK,Tajikistan,Ibadi / Other Islam,religion,2.94,2.87,-0.07,2.87,0.0,0.0,0.0,0.0,0.0,2.87,0.0,311056,446614
TJK,Tajikistan,Orthodox Christianity,religion,0.07,0.07,-0.0,0.07,0.0,0.0,0.0,0.0,0.0,0.07,0.0,7414,10226
TJK,Tajikistan,Other Christianity,religion,0.14,0.13,-0.01,0.13,0.0,0.0,0.0,0.0,0.0,0.13,0.0,14827,20452
TJK,Tajikistan,Other religions,religion,0.35,0.34,-0.01,0.34,0.0,0.0,0.0,0.0,0.0,0.34,0.0,37068,52796
TJK,Tajikistan,Protestant Christianity,religion,0.3,0.28,-0.02,0.28,0.0,0.0,0.0,0.0,0.0,0.28,0.0,31508,43461
TJK,Tajikistan,Shia Islam,religion,8.81,8.6,-0.21,8.6,0.0,0.0,0.0,0.0,0.0,8.6,0.0,933167,1339843
TJK,Tajikistan,Sunni Islam,religion,86.15,85.35,-0.8,85.35,0.0,0.0,0.0,0.0,0.0,85.35,0.0,9124298,13292686
TJK,Tajikistan,Unaffiliated,religion,0.52,1.72,1.2,1.72,0.0,0.0,0.0,0.0,0.0,1.72,0.0,55602,268184
TKM,Turkmenistan,Catholic Christianity,religion,1.1,1.05,-0.05,1.05,0.0,0.0,0.0,0.0,0.0,1.05,0.0,82627,101142
TKM,Turkmenistan,Folk / Traditional,religion,1.05,0.91,-0.14,0.91,0.0,0.0,0.0,0.0,0.0,0.91,0.0,78692,87482
TKM,Turkmenistan,Ibadi / Other Islam,religion,2.81,2.75,-0.06,2.75,0.0,0.0,0.0,0.0,0.0,2.75,0.0,210670,265255
TKM,Turkmenistan,Orthodox Christianity,religion,0.21,0.2,-0.01,0.2,0.0,0.0,0.0,0.0,0.0,0.2,0.0,15738,19265
TKM,Turkmenistan,Other Christianity,religion,0.42,0.4,-0.02,0.4,0.0,0.0,0.0,0.0,0.0,0.4,0.0,31477,38530
TKM,Turkmenistan,Other religions,religion,1.05,1.04,-0.01,1.04,0.0,0.0,0.0,0.0,0.0,1.04,0.0,78692,99945
TKM,Turkmenistan,Protestant Christianity,religion,0.89,0.85,-0.04,0.85,0.0,0.0,0.0,0.0,0.0,0.85,0.0,66888,81877
TKM,Turkmenistan,Shia Islam,religion,8.43,8.26,-0.18,8.26,0.0,0.0,0.0,0.0,0.0,8.26,0.0,632011,795764
TKM,Turkmenistan,Sunni Islam,religion,82.46,81.92,-0.53,81.92,0.0,0.0,0.0,0.0,0.0,81.92,0.0,6179660,7897161
TKM,Turkmenistan,Unaffiliated,religion,1.57,2.63,1.05,2.63,0.0,0.0,0.0,0.0,0.0,2.63,0.0,118038,253284
TLS,Timor-Leste,Catholic Christianity,religion,27.76,26.65,-1.11,26.65,0.0,0.0,0.0,0.0,0.0,26.65,0.0,388871,503522
TLS,Timor-Leste,Folk / Traditional,religion,3.61,3.17,-0.44,3.17,0.0,0.0,0.0,0.0,0.0,3.17,0.0,50503,59817
TLS,Timor-Leste,Hinduism,religion,3.0,2.92,-0.08,2.92,0.0,0.0,0.0,0.0,0.0,2.92,0.0,42019,55166
TLS,Timor-Leste,Ibadi / Other Islam,religion,0.06,0.06,-0.0,0.06,0.0,0.0,0.0,0.0,0.0,0.06,0.0,861,1154
TLS,Timor-Leste,Mahayana Buddhism,religion,2.16,2.11,-0.06,2.11,0.0,0.0,0.0,0.0,0.0,2.11,0.0,30302,39783
TLS,Timor-Leste,Orthodox Christianity,religion,5.29,5.08,-0.21,5.08,0.0,0.0,0.0,0.0,0.0,5.08,0.0,74071,95909
TLS,Timor-Leste,Other Christianity,religion,10.58,10.15,-0.42,10.15,0.0,0.0,0.0,0.0,0.0,10.15,0.0,148141,191818
TLS,Timor-Leste,Other religions,religion,2.4,2.4,-0.0,2.4,0.0,0.0,0.0,0.0,0.0,2.4,0.0,33669,45366
TLS,Timor-Leste,Protestant Christianity,religion,22.48,21.58,-0.9,21.58,0.0,0.0,0.0,0.0,0.0,21.58,0.0,314800,407613
TLS,Timor-Leste,Shia Islam,religion,0.18,0.18,-0.0,0.18,0.0,0.0,0.0,0.0,0.0,0.18,0.0,2584,3463
TLS,Timor-Leste,Sunni Islam,religion,1.8,1.82,0.01,1.82,0.0,0.0,0.0,0.0,0.0,1.82,0.0,25268,34354
TLS,Timor-Leste,Theravada Buddhism,religion,1.68,1.64,-0.04,1.64,0.0,0.0,0.0,0.0,0.0,1.64,0.0,23568,30942
TLS,Timor-Leste,Unaffiliated,religion,18.03,21.31,3.28,21.31,0.0,0.0,0.0,0.0,0.0,21.31,0.0,252514,402661
TLS,Timor-Leste,Vajrayana / Other Buddhism,religion,0.96,0.94,-0.03,0.94,0.0,0.0,0.0,0.0,0.0,0.94,0.0,13467,17681
TON,Tonga,Catholic Christianity,religion,31.11,29.17,-1.95,29.17,0.0,0.0,0.0,0.0,0.0,29.17,0.0,32417,30686
TON,Tonga,Folk / Traditional,religion,6.17,5.25,-0.92,5.25,0.0,0.0,0.0,0.0,0.0,5.25,0.0,6432,5528
TON,Tonga,Hinduism,religion,0.1,0.1,-0.0,0.1,0.0,0.0,0.0,0.0,0.0,0.1,0.0,104,101
TON,Tonga,Mahayana Buddhism,religion,0.69,0.66,-0.03,0.66,0.0,0.0,0.0,0.0,0.0,0.66,0.0,724,699
TON,Tonga,Orthodox Christianity,religion,5.93,5.56,-0.37,5.56,0.0,0.0,0.0,0.0,0.0,5.56,0.0,6175,5845
TON,Tonga,Other Christianity,religion,11.85,11.11,-0.74,11.11,0.0,0.0,0.0,0.0,0.0,11.11,0.0,12349,11690
TON,Tonga,Other religions,religion,1.54,1.54,-0.0,1.54,0.0,0.0,0.0,0.0,0.0,1.54,0.0,1608,1621
TON,Tonga,Protestant Christianity,religion,25.19,23.61,-1.57,23.61,0.0,0.0,0.0,0.0,0.0,23.61,0.0,26242,24841
TON,Tonga,Sunni Islam,religion,0.09,0.09,-0.0,0.09,0.0,0.0,0.0,0.0,0.0,0.09,0.0,92,91
TON,Tonga,Theravada Buddhism,religion,0.54,0.52,-0.02,0.52,0.0,0.0,0.0,0.0,0.0,0.52,0.0,563,543
TON,Tonga,Unaffiliated,religion,16.46,22.1,5.64,22.1,0.0,0.0,0.0,0.0,0.0,22.1,0.0,17152,23251
TON,Tonga,Vajrayana / Other Buddhism,religion,0.31,0.3,-0.01,0.3,0.0,0.0,0.0,0.0,0.0,0.3,0.0,322,310
TTO,Trinidad & Tobago,Catholic Christianity,religion,46.68,44.92,-1.76,44.92,0.0,0.0,0.0,0.0,0.0,44.92,0.0,703862,628836
TTO,Trinidad & Tobago,Folk / Traditional,religion,2.32,2.02,-0.3,2.02,0.0,0.0,0.0,0.0,0.0,2.02,0.0,34914,28281
TTO,Trinidad & Tobago,Hinduism,religion,18.2,17.87,-0.33,17.87,0.0,0.0,0.0,0.0,0.0,17.87,0.0,274416,250109
TTO,Trinidad & Tobago,Ibadi / Other Islam,religion,0.15,0.15,0.0,0.15,0.0,0.0,0.0,0.0,0.0,0.15,0.0,2262,2134
TTO,Trinidad & Tobago,Judaism,religion,0.15,0.16,0.0,0.16,0.0,0.0,0.0,0.0,0.0,0.16,0.0,2328,2187
TTO,Trinidad & Tobago,Mahayana Buddhism,religion,0.1,0.1,-0.0,0.1,0.0,0.0,0.0,0.0,0.0,0.1,0.0,1571,1432
TTO,Trinidad & Tobago,Orthodox Christianity,religion,1.95,1.87,-0.07,1.87,0.0,0.0,0.0,0.0,0.0,1.87,0.0,29328,26202
TTO,Trinidad & Tobago,Other Christianity,religion,4.54,4.37,-0.17,4.37,0.0,0.0,0.0,0.0,0.0,4.37,0.0,68431,61137
TTO,Trinidad & Tobago,Other religions,religion,2.32,2.36,0.05,2.36,0.0,0.0,0.0,0.0,0.0,2.36,0.0,34914,33075
TTO,Trinidad & Tobago,Protestant Christianity,religion,11.67,11.23,-0.44,11.23,0.0,0.0,0.0,0.0,0.0,11.23,0.0,175965,157209
TTO,Trinidad & Tobago,Shia Islam,religion,0.45,0.46,0.01,0.46,0.0,0.0,0.0,0.0,0.0,0.46,0.0,6785,6403
TTO,Trinidad & Tobago,Sunni Islam,religion,4.4,4.54,0.14,4.54,0.0,0.0,0.0,0.0,0.0,4.54,0.0,66342,63521
TTO,Trinidad & Tobago,Theravada Buddhism,religion,0.08,0.08,-0.0,0.08,0.0,0.0,0.0,0.0,0.0,0.08,0.0,1222,1114
TTO,Trinidad & Tobago,Unaffiliated,religion,6.95,9.82,2.88,9.82,0.0,0.0,0.0,0.0,0.0,9.82,0.0,104741,137523
TTO,Trinidad & Tobago,Vajrayana / Other Buddhism,religion,0.05,0.05,-0.0,0.05,0.0,0.0,0.0,0.0,0.0,0.05,0.0,698,636
TUN,Tunisia,Catholic Christianity,religion,0.22,0.81,0.59,0.81,0.0,0.0,0.0,0.0,0.0,0.81,0.0,26997,106918
TUN,Tunisia,Folk / Traditional,religion,0.37,0.7,0.34,0.7,0.0,0.0,0.0,0.0,0.0,0.7,0.0,44996,92442
TUN,Tunisia,Ibadi / Other Islam,religion,2.93,2.76,-0.18,2.76,0.0,0.0,0.0,0.0,0.0,2.76,0.0,360210,362445
TUN,Tunisia,Orthodox Christianity,religion,0.42,1.56,1.14,1.56,0.0,0.0,0.0,0.0,0.0,1.56,0.0,51745,204926
TUN,Tunisia,Other Christianity,religion,0.17,0.64,0.47,0.64,0.0,0.0,0.0,0.0,0.0,0.64,0.0,21373,84643
TUN,Tunisia,Other religions,religion,0.37,1.29,0.93,1.29,0.0,0.0,0.0,0.0,0.0,1.29,0.0,44996,170221
TUN,Tunisia,Protestant Christianity,religion,0.1,0.37,0.27,0.37,0.0,0.0,0.0,0.0,0.0,0.37,0.0,12374,49004
TUN,Tunisia,Shia Islam,religion,8.8,8.27,-0.53,8.27,0.0,0.0,0.0,0.0,0.0,8.27,0.0,1080631,1087335
TUN,Tunisia,Sunni Islam,religion,86.06,81.1,-4.96,81.1,0.0,0.0,0.0,0.0,0.0,81.1,0.0,10566166,10661251
TUN,Tunisia,Unaffiliated,religion,0.55,2.48,1.93,2.48,0.0,0.0,0.0,0.0,0.0,2.48,0.0,67493,325955
TUR,Turkey,Catholic Christianity,religion,0.06,0.05,-0.0,0.05,0.0,0.0,0.0,0.0,0.0,0.05,0.0,50507,48633
TUR,Turkey,Ibadi / Other Islam,religion,2.84,2.75,-0.09,2.75,0.0,0.0,0.0,0.0,0.0,2.75,0.0,2479882,2505294
TUR,Turkey,Orthodox Christianity,religion,0.01,0.01,-0.0,0.01,0.0,0.0,0.0,0.0,0.0,0.01,0.0,9620,9263
TUR,Turkey,Other Christianity,religion,0.02,0.02,-0.0,0.02,0.0,0.0,0.0,0.0,0.0,0.02,0.0,19241,18527
TUR,Turkey,Other religions,religion,1.24,1.21,-0.03,1.21,0.0,0.0,0.0,0.0,0.0,1.21,0.0,1082291,1101044
TUR,Turkey,Protestant Christianity,religion,0.05,0.04,-0.0,0.04,0.0,0.0,0.0,0.0,0.0,0.04,0.0,40887,39369
TUR,Turkey,Shia Islam,religion,8.51,8.24,-0.27,8.24,0.0,0.0,0.0,0.0,0.0,8.24,0.0,7439647,7515883
TUR,Turkey,Sunni Islam,religion,83.16,81.72,-1.44,81.72,0.0,0.0,0.0,0.0,0.0,81.72,0.0,72743212,74574989
TUR,Turkey,Unaffiliated,religion,4.12,5.97,1.84,5.97,0.0,0.0,0.0,0.0,0.0,5.97,0.0,3607638,5445066
TUV,Tuvalu,Catholic Christianity,religion,30.52,28.38,-2.14,28.38,0.0,0.0,0.0,0.0,0.0,28.38,0.0,2951,2782
TUV,Tuvalu,Folk / Traditional,religion,6.06,5.12,-0.94,5.12,0.0,0.0,0.0,0.0,0.0,5.12,0.0,586,501
TUV,Tuvalu,Hinduism,religion,2.0,1.89,-0.11,1.89,0.0,0.0,0.0,0.0,0.0,1.89,0.0,193,186
TUV,Tuvalu,Mahayana Buddhism,religion,0.68,0.65,-0.04,0.65,0.0,0.0,0.0,0.0,0.0,0.65,0.0,66,63
TUV,Tuvalu,Orthodox Christianity,religion,5.81,5.41,-0.41,5.41,0.0,0.0,0.0,0.0,0.0,5.41,0.0,562,530
TUV,Tuvalu,Other Christianity,religion,11.63,10.81,-0.81,10.81,0.0,0.0,0.0,0.0,0.0,10.81,0.0,1124,1060
TUV,Tuvalu,Other religions,religion,1.51,1.51,-0.01,1.51,0.0,0.0,0.0,0.0,0.0,1.51,0.0,146,148
TUV,Tuvalu,Protestant Christianity,religion,24.71,22.98,-1.73,22.98,0.0,0.0,0.0,0.0,0.0,22.98,0.0,2389,2252
TUV,Tuvalu,Sunni Islam,religion,0.09,0.09,-0.0,0.09,0.0,0.0,0.0,0.0,0.0,0.09,0.0,9,8
TUV,Tuvalu,Theravada Buddhism,religion,0.53,0.5,-0.03,0.5,0.0,0.0,0.0,0.0,0.0,0.5,0.0,51,49
TUV,Tuvalu,Unaffiliated,religion,16.15,22.38,6.24,22.38,0.0,0.0,0.0,0.0,0.0,22.38,0.0,1561,2194
TUV,Tuvalu,Vajrayana / Other Buddhism,religion,0.3,0.29,-0.02,0.29,0.0,0.0,0.0,0.0,0.0,0.29,0.0,29,28
TZA,Tanzania,African Independent / Syncretic Christianity,religion,11.29,11.37,0.09,11.37,0.0,0.0,0.0,0.0,0.0,11.37,0.0,7737643,14741708
TZA,Tanzania,Catholic Christianity,religion,19.44,19.59,0.15,19.59,0.0,0.0,0.0,0.0,0.0,19.59,0.0,13325941,25388498
TZA,Tanzania,Folk / Traditional,religion,0.43,0.18,-0.25,0.18,0.0,0.0,0.0,0.0,0.0,0.18,0.0,296132,238017
TZA,Tanzania,Hinduism,religion,0.11,0.0,-0.11,0.0,0.0,0.0,0.0,0.0,0.0,0.0,0.0,75416,0
TZA,Tanzania,Ibadi / Other Islam,religion,1.06,1.02,-0.03,1.02,0.0,0.0,0.0,0.0,0.0,1.02,0.0,723995,1324450
TZA,Tanzania,Indigenous / Syncretic traditions,religion,1.06,0.7,-0.36,0.7,0.0,0.0,0.0,0.0,0.0,0.7,0.0,727366,913679
TZA,Tanzania,Orthodox Christianity,religion,3.76,3.79,0.03,3.79,0.0,0.0,0.0,0.0,0.0,3.79,0.0,2579214,4913903
TZA,Tanzania,Other Christianity,religion,3.13,3.16,0.02,3.16,0.0,0.0,0.0,0.0,0.0,3.16,0.0,2149345,4094919
TZA,Tanzania,Other religions,religion,0.3,0.4,0.1,0.4,0.0,0.0,0.0,0.0,0.0,0.4,0.0,204700,518484
TZA,Tanzania,Protestant Christianity,religion,25.08,25.27,0.19,25.27,0.0,0.0,0.0,0.0,0.0,25.27,0.0,17194762,32759352
TZA,Tanzania,Shia Islam,religion,3.17,3.07,-0.1,3.07,0.0,0.0,0.0,0.0,0.0,3.07,0.0,2171986,3973351
TZA,Tanzania,Sunni Islam,religion,30.98,29.97,-1.0,29.97,0.0,0.0,0.0,0.0,0.0,29.97,0.0,21237196,38850544
TZA,Tanzania,Unaffiliated,religion,0.2,1.47,1.27,1.47,0.0,0.0,0.0,0.0,0.0,1.47,0.0,136466,1904185
UGA,Uganda,African Independent / Syncretic Christianity,religion,15.07,14.98,-0.09,14.98,0.0,0.0,0.0,0.0,0.0,14.98,0.0,7535902,12799470
UGA,Uganda,Catholic Christianity,religion,25.95,25.8,-0.15,25.8,0.0,0.0,0.0,0.0,0.0,25.8,0.0,12978497,22043531
UGA,Uganda,Folk / Traditional,religion,0.31,0.25,-0.06,0.25,0.0,0.0,0.0,0.0,0.0,0.25,0.0,154506,209938
UGA,Uganda,Hinduism,religion,0.3,0.0,-0.3,0.0,0.0,0.0,0.0,0.0,0.0,0.0,0.0,150045,0
UGA,Uganda,Ibadi / Other Islam,religion,0.42,0.42,-0.0,0.42,0.0,0.0,0.0,0.0,0.0,0.42,0.0,210063,355541
UGA,Uganda,Indigenous / Syncretic traditions,religion,0.99,0.94,-0.04,0.94,0.0,0.0,0.0,0.0,0.0,0.94,0.0,493422,805893
UGA,Uganda,Orthodox Christianity,religion,5.02,4.99,-0.03,4.99,0.0,0.0,0.0,0.0,0.0,4.99,0.0,2511967,4266490
UGA,Uganda,Other Christianity,religion,4.19,4.16,-0.02,4.16,0.0,0.0,0.0,0.0,0.0,4.16,0.0,2093306,3555408
UGA,Uganda,Other religions,religion,0.4,0.5,0.1,0.5,0.0,0.0,0.0,0.0,0.0,0.5,0.0,199362,427156
UGA,Uganda,Protestant Christianity,religion,33.48,33.29,-0.19,33.29,0.0,0.0,0.0,0.0,0.0,33.29,0.0,16746448,28443266
UGA,Uganda,Shia Islam,religion,1.26,1.25,-0.01,1.25,0.0,0.0,0.0,0.0,0.0,1.25,0.0,630190,1066622
UGA,Uganda,Sunni Islam,religion,12.32,12.21,-0.11,12.21,0.0,0.0,0.0,0.0,0.0,12.21,0.0,6161859,10429198
UGA,Uganda,Unaffiliated,religion,0.3,1.2,0.91,1.2,0.0,0.0,0.0,0.0,0.0,1.2,0.0,149522,1028688
UKR,Ukraine,Catholic Christianity,religion,6.25,5.5,-0.74,5.5,0.0,0.0,0.0,0.0,0.0,5.5,0.0,2364931,1759948
UKR,Ukraine,Hinduism,religion,0.1,0.03,-0.07,0.03,0.0,0.0,0.0,0.0,0.0,0.03,0.0,37860,8645
UKR,Ukraine,Ibadi / Other Islam,religion,0.03,0.2,0.17,0.2,0.0,0.0,0.0,0.0,0.0,0.2,0.0,11926,64398
UKR,Ukraine,Judaism,religion,0.53,0.43,-0.09,0.43,0.0,0.0,0.0,0.0,0.0,0.43,0.0,199068,138537
UKR,Ukraine,Mahayana Buddhism,religion,0.47,0.38,-0.09,0.38,0.0,0.0,0.0,0.0,0.0,0.38,0.0,179161,122907
UKR,Ukraine,Orthodox Christianity,religion,54.14,47.68,-6.46,47.68,0.0,0.0,0.0,0.0,0.0,47.68,0.0,20496066,15252880
UKR,Ukraine,Other Christianity,religion,4.86,4.28,-0.58,4.28,0.0,0.0,0.0,0.0,0.0,4.28,0.0,1839391,1368848
UKR,Ukraine,Other religions,religion,2.63,2.75,0.13,2.75,0.0,0.0,0.0,0.0,0.0,2.75,0.0,995341,881205
UKR,Ukraine,Protestant Christianity,religion,4.16,3.67,-0.5,3.67,0.0,0.0,0.0,0.0,0.0,3.67,0.0,1576620,1173298
UKR,Ukraine,Shia Islam,religion,0.09,0.6,0.51,0.6,0.0,0.0,0.0,0.0,0.0,0.6,0.0,35778,193193
UKR,Ukraine,Sunni Islam,religion,0.92,5.91,4.98,5.91,0.0,0.0,0.0,0.0,0.0,5.91,0.0,349828,1890204
UKR,Ukraine,Theravada Buddhism,religion,0.37,0.3,-0.07,0.3,0.0,0.0,0.0,0.0,0.0,0.3,0.0,139348,95594
UKR,Ukraine,Unaffiliated,religion,25.24,28.09,2.85,28.09,0.0,0.0,0.0,0.0,0.0,28.09,0.0,9555275,8985853
UKR,Ukraine,Vajrayana / Other Buddhism,religion,0.21,0.17,-0.04,0.17,0.0,0.0,0.0,0.0,0.0,0.17,0.0,79627,54625
URY,Uruguay,Catholic Christianity,religion,60.6,57.19,-3.41,57.19,0.0,0.0,0.0,0.0,0.0,57.19,0.0,2052322,1861272
URY,Uruguay,Folk / Traditional,religion,3.01,2.56,-0.45,2.56,0.0,0.0,0.0,0.0,0.0,2.56,0.0,101802,83219
URY,Uruguay,Hinduism,religion,0.2,0.19,-0.01,0.19,0.0,0.0,0.0,0.0,0.0,0.19,0.0,6773,6307
URY,Uruguay,Judaism,religion,0.2,0.2,0.0,0.2,0.0,0.0,0.0,0.0,0.0,0.2,0.0,6787,6536
URY,Uruguay,Mahayana Buddhism,religion,0.14,0.13,-0.0,0.13,0.0,0.0,0.0,0.0,0.0,0.13,0.0,4581,4266
URY,Uruguay,Orthodox Christianity,religion,2.53,2.38,-0.14,2.38,0.0,0.0,0.0,0.0,0.0,2.38,0.0,85513,77553
URY,Uruguay,Other Christianity,religion,5.89,5.56,-0.33,5.56,0.0,0.0,0.0,0.0,0.0,5.56,0.0,199531,180957
URY,Uruguay,Other religions,religion,3.01,3.07,0.07,3.07,0.0,0.0,0.0,0.0,0.0,3.07,0.0,101802,100062
URY,Uruguay,Protestant Christianity,religion,15.15,14.3,-0.85,14.3,0.0,0.0,0.0,0.0,0.0,14.3,0.0,513081,465318
URY,Uruguay,Sunni Islam,religion,0.09,0.09,0.0,0.09,0.0,0.0,0.0,0.0,0.0,0.09,0.0,2980,2921
URY,Uruguay,Theravada Buddhism,religion,0.11,0.1,-0.0,0.1,0.0,0.0,0.0,0.0,0.0,0.1,0.0,3563,3318
URY,Uruguay,Unaffiliated,religion,9.02,14.16,5.14,14.16,0.0,0.0,0.0,0.0,0.0,14.16,0.0,305405,460730
URY,Uruguay,Vajrayana / Other Buddhism,religion,0.06,0.06,-0.0,0.06,0.0,0.0,0.0,0.0,0.0,0.06,0.0,2036,1896
USA,USA,African Independent / Syncretic Christianity,religion,0.0,0.08,0.08,0.08,0.0,0.0,0.0,0.0,0.012,0.0,0.08,0,320435
USA,USA,Catholic Christianity,religion,16.19,16.36,0.17,16.36,0.0,0.0,0.0,0.0,0.012,16.33,0.03,55911205,62307787
USA,USA,Hinduism,religion,1.0,1.41,0.41,1.41,0.0,0.0,0.0,0.0,0.012,1.43,-0.02,3454266,5370458
USA,USA,Ibadi / Other Islam,religion,0.03,0.06,0.03,0.06,0.0,0.0,0.0,0.0,0.012,0.06,-0.0,113991,236300
USA,USA,Indigenous / Syncretic traditions,religion,0.0,0.04,0.04,0.04,0.0,0.0,0.0,0.0,0.012,0.0,0.04,0,137329
USA,USA,Judaism,religion,2.01,1.32,-0.69,1.32,0.0,0.0,0.0,0.0,0.012,1.33,-0.02,6936874,5012427
USA,USA,Mahayana Buddhism,religion,0.45,0.47,0.01,0.47,0.0,0.0,0.0,0.0,0.012,0.47,-0.01,1560797,1772251
USA,USA,Orthodox Christianity,religion,2.49,2.54,0.05,2.54,0.0,0.0,0.0,0.0,0.012,2.51,0.03,8601724,9680887
USA,USA,Other Christianity,religion,9.34,9.35,0.02,9.35,0.0,0.0,0.0,0.0,0.012,9.42,-0.07,32256464,35628126
USA,USA,Other religions,religion,3.51,4.77,1.25,4.77,0.0,0.0,0.0,0.0,0.012,4.8,-0.03,12139530,18152478
USA,USA,Protestant Christianity,religion,34.24,34.45,0.21,34.45,0.0,0.0,0.0,0.0,0.012,34.54,-0.09,118273702,131201039
USA,USA,Shia Islam,religion,0.1,0.19,0.09,0.19,0.0,0.0,0.0,0.0,0.012,0.19,0.0,341972,731789
USA,USA,Sunni Islam,religion,0.97,2.18,1.21,2.18,0.0,0.0,0.0,0.0,0.012,1.84,0.34,3343729,8304762
USA,USA,Theravada Buddhism,religion,0.35,0.36,0.01,0.36,0.0,0.0,0.0,0.0,0.012,0.37,-0.0,1213953,1378417
USA,USA,Unaffiliated,religion,29.12,26.21,-2.91,26.21,0.0,0.0,0.0,0.0,0.012,26.5,-0.29,100584673,99824752
USA,USA,Vajrayana / Other Buddhism,religion,0.2,0.21,0.01,0.21,0.0,0.0,0.0,0.0,0.012,0.21,-0.0,693687,787667
UZB,Uzbekistan,Catholic Christianity,religion,1.98,1.87,-0.11,1.87,0.0,0.0,0.0,0.0,0.0,1.87,0.0,718897,977008
UZB,Uzbekistan,Folk / Traditional,religion,1.88,1.62,-0.26,1.62,0.0,0.0,0.0,0.0,0.0,1.62,0.0,684664,845629
UZB,Uzbekistan,Ibadi / Other Islam,religion,2.66,2.59,-0.07,2.59,0.0,0.0,0.0,0.0,0.0,2.59,0.0,967589,1352012
UZB,Uzbekistan,Orthodox Christianity,religion,0.38,0.36,-0.02,0.36,0.0,0.0,0.0,0.0,0.0,0.36,0.0,136933,186097
UZB,Uzbekistan,Other Christianity,religion,0.75,0.71,-0.04,0.71,0.0,0.0,0.0,0.0,0.0,0.71,0.0,273865,372194
UZB,Uzbekistan,Other religions,religion,1.88,1.86,-0.02,1.86,0.0,0.0,0.0,0.0,0.0,1.86,0.0,684664,970651
UZB,Uzbekistan,Protestant Christianity,religion,1.6,1.51,-0.09,1.51,0.0,0.0,0.0,0.0,0.0,1.51,0.0,581964,790911
UZB,Uzbekistan,Shia Islam,religion,7.98,7.77,-0.21,7.77,0.0,0.0,0.0,0.0,0.0,7.77,0.0,2902767,4056035
UZB,Uzbekistan,Sunni Islam,religion,78.06,77.09,-0.96,77.09,0.0,0.0,0.0,0.0,0.0,77.09,0.0,28382613,40251656
UZB,Uzbekistan,Unaffiliated,religion,2.82,4.61,1.79,4.61,0.0,0.0,0.0,0.0,0.0,4.61,0.0,1026995,2408560
VCT,St. Vincent & Grenadines,Catholic Christianity,religion,59.63,56.55,-3.07,56.55,0.0,0.0,0.0,0.0,0.0,56.55,0.0,60005,50304
VCT,St. Vincent & Grenadines,Folk / Traditional,religion,2.96,2.54,-0.42,2.54,0.0,0.0,0.0,0.0,0.0,2.54,0.0,2976,2258
VCT,St. Vincent & Grenadines,Hinduism,religion,0.2,0.19,-0.01,0.19,0.0,0.0,0.0,0.0,0.0,0.19,0.0,201,172
VCT,St. Vincent & Grenadines,Ibadi / Other Islam,religion,0.05,0.05,0.0,0.05,0.0,0.0,0.0,0.0,0.0,0.05,0.0,51,46
VCT,St. Vincent & Grenadines,Judaism,religion,0.2,0.2,0.0,0.2,0.0,0.0,0.0,0.0,0.0,0.2,0.0,198,176
VCT,St. Vincent & Grenadines,Mahayana Buddhism,religion,0.13,0.13,-0.0,0.13,0.0,0.0,0.0,0.0,0.0,0.13,0.0,134,115
VCT,St. Vincent & Grenadines,Orthodox Christianity,religion,2.48,2.36,-0.13,2.36,0.0,0.0,0.0,0.0,0.0,2.36,0.0,2500,2096
VCT,St. Vincent & Grenadines,Other Christianity,religion,5.8,5.5,-0.3,5.5,0.0,0.0,0.0,0.0,0.0,5.5,0.0,5834,4891
VCT,St. Vincent & Grenadines,Other religions,religion,2.96,3.02,0.06,3.02,0.0,0.0,0.0,0.0,0.0,3.02,0.0,2976,2686
VCT,St. Vincent & Grenadines,Protestant Christianity,religion,14.91,14.14,-0.77,14.14,0.0,0.0,0.0,0.0,0.0,14.14,0.0,15001,12576
VCT,St. Vincent & Grenadines,Shia Islam,religion,0.15,0.15,0.0,0.15,0.0,0.0,0.0,0.0,0.0,0.15,0.0,154,137
VCT,St. Vincent & Grenadines,Sunni Islam,religion,1.5,1.53,0.03,1.53,0.0,0.0,0.0,0.0,0.0,1.53,0.0,1505,1357
VCT,St. Vincent & Grenadines,Theravada Buddhism,religion,0.1,0.1,-0.0,0.1,0.0,0.0,0.0,0.0,0.0,0.1,0.0,104,89
VCT,St. Vincent & Grenadines,Unaffiliated,religion,8.87,13.48,4.61,13.48,0.0,0.0,0.0,0.0,0.0,13.48,0.0,8929,11994
VCT,St. Vincent & Grenadines,Vajrayana / Other Buddhism,religion,0.06,0.06,-0.0,0.06,0.0,0.0,0.0,0.0,0.0,0.06,0.0,60,51
VEN,Venezuela,Catholic Christianity,religion,60.42,59.64,-0.78,59.64,0.0,0.0,0.0,0.0,0.0,59.64,0.0,17162407,18544740
VEN,Venezuela,Folk / Traditional,religion,3.0,2.7,-0.3,2.7,0.0,0.0,0.0,0.0,0.0,2.7,0.0,851310,840151
VEN,Venezuela,Hinduism,religion,0.2,0.2,0.0,0.2,0.0,0.0,0.0,0.0,0.0,0.2,0.0,56811,62200
VEN,Venezuela,Ibadi / Other Islam,religion,0.01,0.01,0.0,0.01,0.0,0.0,0.0,0.0,0.0,0.01,0.0,3409,3775
VEN,Venezuela,Judaism,religion,0.2,0.2,0.0,0.2,0.0,0.0,0.0,0.0,0.0,0.2,0.0,56754,62762
VEN,Venezuela,Mahayana Buddhism,religion,0.13,0.13,0.0,0.13,0.0,0.0,0.0,0.0,0.0,0.13,0.0,38309,41943
VEN,Venezuela,Orthodox Christianity,religion,2.52,2.48,-0.03,2.48,0.0,0.0,0.0,0.0,0.0,2.48,0.0,715100,772697
VEN,Venezuela,Other Christianity,religion,5.87,5.8,-0.08,5.8,0.0,0.0,0.0,0.0,0.0,5.8,0.0,1668567,1802961
VEN,Venezuela,Other religions,religion,3.0,3.04,0.04,3.04,0.0,0.0,0.0,0.0,0.0,3.04,0.0,851310,945551
VEN,Venezuela,Protestant Christianity,religion,15.1,14.91,-0.2,14.91,0.0,0.0,0.0,0.0,0.0,14.91,0.0,4290602,4636185
VEN,Venezuela,Shia Islam,religion,0.04,0.04,0.0,0.04,0.0,0.0,0.0,0.0,0.0,0.04,0.0,10226,11326
VEN,Venezuela,Sunni Islam,religion,0.35,0.36,0.01,0.36,0.0,0.0,0.0,0.0,0.0,0.36,0.0,99988,112385
VEN,Venezuela,Theravada Buddhism,religion,0.1,0.1,0.0,0.1,0.0,0.0,0.0,0.0,0.0,0.1,0.0,29796,32622
VEN,Venezuela,Unaffiliated,religion,8.99,10.31,1.32,10.31,0.0,0.0,0.0,0.0,0.0,10.31,0.0,2553930,3206948
VEN,Venezuela,Vajrayana / Other Buddhism,religion,0.06,0.06,0.0,0.06,0.0,0.0,0.0,0.0,0.0,0.06,0.0,17026,18641
VNM,Vietnam,Catholic Christianity,religion,3.36,3.25,-0.1,3.25,0.0,0.0,0.0,0.0,0.0,3.25,0.0,3388436,3579992
VNM,Vietnam,Folk / Traditional,religion,44.94,26.3,-18.63,26.3,0.0,0.0,0.0,0.0,0.0,26.3,0.0,45380836,28935627
VNM,Vietnam,Hinduism,religion,0.07,0.03,-0.04,0.03,0.0,0.0,0.0,0.0,0.0,0.03,0.0,70691,32593
VNM,Vietnam,Ibadi / Other Islam,religion,0.0,0.03,0.03,0.03,0.0,0.0,0.0,0.0,0.0,0.03,0.0,0,34420
VNM,Vietnam,Mahayana Buddhism,religion,13.42,17.31,3.89,17.31,0.0,0.0,0.0,0.0,0.0,17.31,0.0,13553743,19039514
VNM,Vietnam,Orthodox Christianity,religion,0.64,0.62,-0.02,0.62,0.0,0.0,0.0,0.0,0.0,0.62,0.0,645416,681903
VNM,Vietnam,Other Christianity,religion,1.28,1.24,-0.04,1.24,0.0,0.0,0.0,0.0,0.0,1.24,0.0,1290833,1363807
VNM,Vietnam,Other religions,religion,1.0,1.83,0.83,1.83,0.0,0.0,0.0,0.0,0.0,1.83,0.0,1008463,2009108
VNM,Vietnam,Protestant Christianity,religion,2.72,2.63,-0.08,2.63,0.0,0.0,0.0,0.0,0.0,2.63,0.0,2743019,2898089
VNM,Vietnam,Shia Islam,religion,0.0,0.09,0.09,0.09,0.0,0.0,0.0,0.0,0.0,0.09,0.0,0,103260
VNM,Vietnam,Sunni Islam,religion,0.06,0.94,0.88,0.94,0.0,0.0,0.0,0.0,0.0,0.94,0.0,62208,1039234
VNM,Vietnam,Theravada Buddhism,religion,0.96,1.24,0.28,1.24,0.0,0.0,0.0,0.0,0.0,1.24,0.0,968125,1359965
VNM,Vietnam,Unaffiliated,religion,29.96,42.42,12.46,42.42,0.0,0.0,0.0,0.0,0.0,42.42,0.0,30253891,46664791
VNM,Vietnam,Vajrayana / Other Buddhism,religion,1.6,2.06,0.46,2.06,0.0,0.0,0.0,0.0,0.0,2.06,0.0,1613541,2266609
VUT,Vanuatu,Catholic Christianity,religion,30.52,29.06,-1.46,29.06,0.0,0.0,0.0,0.0,0.0,29.06,0.0,100042,155320
VUT,Vanuatu,Folk / Traditional,religion,6.06,5.28,-0.78,5.28,0.0,0.0,0.0,0.0,0.0,5.28,0.0,19850,28191
VUT,Vanuatu,Hinduism,religion,2.0,1.93,-0.07,1.93,0.0,0.0,0.0,0.0,0.0,1.93,0.0,6556,10323
VUT,Vanuatu,Mahayana Buddhism,religion,0.68,0.66,-0.02,0.66,0.0,0.0,0.0,0.0,0.0,0.66,0.0,2233,3516
VUT,Vanuatu,Orthodox Christianity,religion,5.81,5.54,-0.28,5.54,0.0,0.0,0.0,0.0,0.0,5.54,0.0,19056,29585
VUT,Vanuatu,Other Christianity,religion,11.63,11.07,-0.55,11.07,0.0,0.0,0.0,0.0,0.0,11.07,0.0,38111,59169
VUT,Vanuatu,Other religions,religion,1.51,1.51,-0.0,1.51,0.0,0.0,0.0,0.0,0.0,1.51,0.0,4962,8088
VUT,Vanuatu,Protestant Christianity,religion,24.71,23.53,-1.18,23.53,0.0,0.0,0.0,0.0,0.0,23.53,0.0,80987,125735
VUT,Vanuatu,Sunni Islam,religion,0.09,0.09,0.0,0.09,0.0,0.0,0.0,0.0,0.0,0.09,0.0,288,471
VUT,Vanuatu,Theravada Buddhism,religion,0.53,0.51,-0.02,0.51,0.0,0.0,0.0,0.0,0.0,0.51,0.0,1737,2735
VUT,Vanuatu,Unaffiliated,religion,16.15,20.53,4.38,20.53,0.0,0.0,0.0,0.0,0.0,20.53,0.0,52932,109695
VUT,Vanuatu,Vajrayana / Other Buddhism,religion,0.3,0.29,-0.01,0.29,0.0,0.0,0.0,0.0,0.0,0.29,0.0,992,1563
WSM,Samoa,Catholic Christianity,religion,31.16,28.98,-2.18,28.98,0.0,0.0,0.0,0.0,0.0,28.98,0.0,67938,79032
WSM,Samoa,Folk / Traditional,religion,6.18,5.23,-0.96,5.23,0.0,0.0,0.0,0.0,0.0,5.23,0.0,13480,14250
WSM,Samoa,Hinduism,religion,0.02,0.02,-0.0,0.02,0.0,0.0,0.0,0.0,0.0,0.02,0.0,44,52
WSM,Samoa,Mahayana Buddhism,religion,0.7,0.66,-0.04,0.66,0.0,0.0,0.0,0.0,0.0,0.66,0.0,1516,1796
WSM,Samoa,Orthodox Christianity,religion,5.94,5.52,-0.42,5.52,0.0,0.0,0.0,0.0,0.0,5.52,0.0,12941,15054
WSM,Samoa,Other Christianity,religion,11.87,11.04,-0.83,11.04,0.0,0.0,0.0,0.0,0.0,11.04,0.0,25881,30108
WSM,Samoa,Other religions,religion,1.55,1.54,-0.01,1.54,0.0,0.0,0.0,0.0,0.0,1.54,0.0,3370,4195
WSM,Samoa,Protestant Christianity,religion,25.22,23.46,-1.77,23.46,0.0,0.0,0.0,0.0,0.0,23.46,0.0,54997,63979
WSM,Samoa,Sunni Islam,religion,0.03,0.03,-0.0,0.03,0.0,0.0,0.0,0.0,0.0,0.03,0.0,58,70
WSM,Samoa,Theravada Buddhism,religion,0.54,0.51,-0.03,0.51,0.0,0.0,0.0,0.0,0.0,0.51,0.0,1179,1397
WSM,Samoa,Unaffiliated,religion,16.49,22.73,6.25,22.73,0.0,0.0,0.0,0.0,0.0,22.73,0.0,35946,61998
WSM,Samoa,Vajrayana / Other Buddhism,religion,0.31,0.29,-0.02,0.29,0.0,0.0,0.0,0.0,0.0,0.29,0.0,674,798
YEM,Yemen,Catholic Christianity,religion,0.21,0.82,0.61,0.82,0.0,0.0,0.0,0.0,0.0,0.82,0.0,85225,580647
YEM,Yemen,Folk / Traditional,religion,0.35,0.71,0.36,0.71,0.0,0.0,0.0,0.0,0.0,0.71,0.0,142041,502002
YEM,Yemen,Hinduism,religion,0.7,0.12,-0.58,0.12,0.0,0.0,0.0,0.0,0.0,0.12,0.0,284082,83583
YEM,Yemen,Ibadi / Other Islam,religion,2.92,2.78,-0.14,2.78,0.0,0.0,0.0,0.0,0.0,2.78,0.0,1183405,1973824
YEM,Yemen,Orthodox Christianity,religion,0.4,1.57,1.17,1.57,0.0,0.0,0.0,0.0,0.0,1.57,0.0,163347,1112907
YEM,Yemen,Other Christianity,religion,0.17,0.65,0.48,0.65,0.0,0.0,0.0,0.0,0.0,0.65,0.0,67470,459679
YEM,Yemen,Other religions,religion,0.35,1.29,0.94,1.29,0.0,0.0,0.0,0.0,0.0,1.29,0.0,142041,914723
YEM,Yemen,Protestant Christianity,religion,0.1,0.37,0.28,0.37,0.0,0.0,0.0,0.0,0.0,0.37,0.0,39061,266130
YEM,Yemen,Shia Islam,religion,8.75,8.34,-0.41,8.34,0.0,0.0,0.0,0.0,0.0,8.34,0.0,3550216,5921473
YEM,Yemen,Sunni Islam,religion,85.54,81.79,-3.75,81.79,0.0,0.0,0.0,0.0,0.0,81.79,0.0,34713223,58050232
YEM,Yemen,Unaffiliated,religion,0.52,1.57,1.04,1.57,0.0,0.0,0.0,0.0,0.0,1.57,0.0,213062,1111206
ZAF,South Africa,Catholic Christianity,religion,20.3,19.27,-1.04,19.27,0.0,0.0,0.0,0.0,0.0,19.27,0.0,12994040,15253839
ZAF,South Africa,Folk / Traditional,religion,2.48,2.42,-0.06,2.42,0.0,0.0,0.0,0.0,0.0,2.42,0.0,1589015,1914449
ZAF,South Africa,Hinduism,religion,1.0,0.97,-0.03,0.97,0.0,0.0,0.0,0.0,0.0,0.97,0.0,640072,771955
ZAF,South Africa,Ibadi / Other Islam,religion,0.06,0.09,0.03,0.09,0.0,0.0,0.0,0.0,0.0,0.09,0.0,36484,69476
ZAF,South Africa,Indigenous / Syncretic traditions,religion,8.53,9.28,0.75,9.28,0.0,0.0,0.0,0.0,0.0,9.28,0.0,5459034,7349016
ZAF,South Africa,Orthodox Christianity,religion,3.12,2.96,-0.16,2.96,0.0,0.0,0.0,0.0,0.0,2.96,0.0,1999083,2346744
ZAF,South Africa,Other Christianity,religion,11.71,11.11,-0.6,11.11,0.0,0.0,0.0,0.0,0.0,11.11,0.0,7496561,8800292
ZAF,South Africa,Other religions,religion,1.0,1.5,0.5,1.5,0.0,0.0,0.0,0.0,0.0,1.5,0.0,640732,1187660
ZAF,South Africa,Protestant Christianity,religion,42.94,40.75,-2.19,40.75,0.0,0.0,0.0,0.0,0.0,40.75,0.0,27487392,32267736
ZAF,South Africa,Shia Islam,religion,0.17,0.26,0.09,0.26,0.0,0.0,0.0,0.0,0.0,0.26,0.0,109452,208428
ZAF,South Africa,Sunni Islam,religion,1.67,2.57,0.9,2.57,0.0,0.0,0.0,0.0,0.0,2.57,0.0,1070200,2037962
ZAF,South Africa,Unaffiliated,religion,7.01,8.8,1.8,8.8,0.0,0.0,0.0,0.0,0.0,8.8,0.0,4485122,6969774
ZMB,Zambia,African Independent / Syncretic Christianity,religion,15.45,14.7,-0.75,14.7,0.0,0.0,0.0,0.0,0.0,14.7,0.0,3292785,5599116
ZMB,Zambia,Catholic Christianity,religion,26.61,25.32,-1.28,25.32,0.0,0.0,0.0,0.0,0.0,25.32,0.0,5670907,9642922
ZMB,Zambia,Folk / Traditional,religion,2.69,1.85,-0.84,1.85,0.0,0.0,0.0,0.0,0.0,1.85,0.0,574269,705971
ZMB,Zambia,Hinduism,religion,0.14,0.05,-0.09,0.05,0.0,0.0,0.0,0.0,0.0,0.05,0.0,29841,18843
ZMB,Zambia,Ibadi / Other Islam,religion,0.03,0.22,0.19,0.22,0.0,0.0,0.0,0.0,0.0,0.22,0.0,6394,84059
ZMB,Zambia,Indigenous / Syncretic traditions,religion,8.17,5.78,-2.39,5.78,0.0,0.0,0.0,0.0,0.0,5.78,0.0,1741332,2201169
ZMB,Zambia,Orthodox Christianity,religion,5.15,4.9,-0.25,4.9,0.0,0.0,0.0,0.0,0.0,4.9,0.0,1097595,1866372
ZMB,Zambia,Other Christianity,religion,4.29,4.08,-0.21,4.08,0.0,0.0,0.0,0.0,0.0,4.08,0.0,914662,1555310
ZMB,Zambia,Other religions,religion,1.09,1.22,0.13,1.22,0.0,0.0,0.0,0.0,0.0,1.22,0.0,231560,463477
ZMB,Zambia,Protestant Christianity,religion,34.33,32.85,-1.48,32.85,0.0,0.0,0.0,0.0,0.0,32.85,0.0,7317300,12511120
ZMB,Zambia,Shia Islam,religion,0.09,0.66,0.57,0.66,0.0,0.0,0.0,0.0,0.0,0.66,0.0,19183,252177
ZMB,Zambia,Sunni Islam,religion,0.88,6.48,5.6,6.48,0.0,0.0,0.0,0.0,0.0,6.48,0.0,187572,2467486
ZMB,Zambia,Unaffiliated,religion,1.09,1.88,0.79,1.88,0.0,0.0,0.0,0.0,0.0,1.88,0.0,231560,715364
ZWE,Zimbabwe,African Independent / Syncretic Christianity,religion,15.51,14.74,-0.78,14.74,0.0,0.0,0.0,0.0,0.0,14.74,0.0,2580633,3811481
ZWE,Zimbabwe,Catholic Christianity,religion,26.72,25.38,-1.34,25.38,0.0,0.0,0.0,0.0,0.0,25.38,0.0,4444423,6564217
ZWE,Zimbabwe,Folk / Traditional,religion,2.71,1.85,-0.85,1.85,0.0,0.0,0.0,0.0,0.0,1.85,0.0,450068,479783
ZWE,Zimbabwe,Hinduism,religion,0.02,0.0,-0.02,0.0,0.0,0.0,0.0,0.0,0.0,0.0,0.0,3327,0
ZWE,Zimbabwe,Ibadi / Other Islam,religion,0.02,0.22,0.2,0.22,0.0,0.0,0.0,0.0,0.0,0.22,0.0,3493,56257
ZWE,Zimbabwe,Indigenous / Syncretic traditions,religion,8.2,5.78,-2.42,5.78,0.0,0.0,0.0,0.0,0.0,5.78,0.0,1364723,1495923
ZWE,Zimbabwe,Orthodox Christianity,religion,5.17,4.91,-0.26,4.91,0.0,0.0,0.0,0.0,0.0,4.91,0.0,860211,1270494
ZWE,Zimbabwe,Other Christianity,religion,4.31,4.09,-0.22,4.09,0.0,0.0,0.0,0.0,0.0,4.09,0.0,716842,1058745
ZWE,Zimbabwe,Other religions,religion,1.09,1.22,0.13,1.22,0.0,0.0,0.0,0.0,0.0,1.22,0.0,181479,315504
ZWE,Zimbabwe,Protestant Christianity,religion,34.48,32.93,-1.55,32.93,0.0,0.0,0.0,0.0,0.0,32.93,0.0,5734740,8516953
ZWE,Zimbabwe,Shia Islam,religion,0.06,0.65,0.59,0.65,0.0,0.0,0.0,0.0,0.0,0.65,0.0,10480,168771
ZWE,Zimbabwe,Sunni Islam,religion,0.62,6.38,5.77,6.38,0.0,0.0,0.0,0.0,0.0,6.38,0.0,102468,1651043
ZWE,Zimbabwe,Unaffiliated,religion,1.09,1.84,0.75,1.84,0.0,0.0,0.0,0.0,0.0,1.84,0.0,181479,475385
