Rank_Source,Subdivision,Country_Source,ISO3,Country,Continent_Source,National_HDI_Source,National_Rank_Source,Subdivision_HDI_2025_Source,Subdivision_Weight_2024,Subdivision_Weight_2050,Subdivision_Weight,Weight_Method,National_HDI_2025_Target,National_HDI_2050_Target,Subdivision_HDI_2025_Reconciled,Subdivision_HDI_2050_Projected,Subdivision_HDI_Change_2025_to_2050,Country_Subdivision_Count,Country_Source_Mean_HDI_2025,Country_Internal_Gap_Shrink_Factor,Population_2024,Population_2050,Subdivision_Population_2024_Est,Subdivision_Population_2050_Est,Subdivision_Population_Growth_2024_to_2050,Population_Weight_Confidence,DevelopmentMomentumTier,Trajectory
1,Zurich,Switzerland,CHE,Switzerland,Europe,0.97,1.0,0.993,0.2222796548894295,0.28009048004502124,0.28009048004502124,modeled_population_proxy_population_first_evolved_to_2050_then_hdi_reconciled,0.97,0.9674,0.991837,0.984496,-0.007341,7,0.971163,0.86,8921979,9342590,1983174.4130507372,2616770.517963815,0.319486,modeled_proxy_not_official_subdivision_projection,emerging_mover,slow_growth
8,Lake Geneva region,Switzerland,CHE,Switzerland,Europe,0.97,2.0,0.976,0.16106054990536559,0.1681196087441753,0.1681196087441753,modeled_population_proxy_population_first_evolved_to_2050_then_hdi_reconciled,0.97,0.9674,0.974837,0.969876,-0.004961,7,0.971163,0.86,8921979,9342590,1436978.8439841238,1570672.5754572449,0.093038,modeled_proxy_not_official_subdivision_projection,emerging_mover,slow_growth
25,Ticino,Switzerland,CHE,Switzerland,Europe,0.97,3.0,0.965,0.13075515822127162,0.12083100433934493,0.12083100433934493,modeled_population_proxy_population_first_evolved_to_2050_then_hdi_reconciled,0.97,0.9674,0.963837,0.960416,-0.003421,7,0.971163,0.86,8921979,9342590,1166594.7757918627,1128874.5328307205,-0.032334,modeled_proxy_not_official_subdivision_projection,emerging_mover,slow_growth
27,Northwestern Switzerland,Switzerland,CHE,Switzerland,Europe,0.97,4.0,0.964,0.12830063298467753,0.11725689416810081,0.11725689416810081,modeled_population_proxy_population_first_evolved_to_2050_then_hdi_reconciled,0.97,0.9674,0.962837,0.959556,-0.003281,7,0.971163,0.86,8921979,9342590,1144695.5531760002,1095483.086885957,-0.042992,modeled_proxy_not_official_subdivision_projection,emerging_mover,slow_growth
29,Espace Mittelland,Switzerland,CHE,Switzerland,Europe,0.97,5.0,0.963,0.1258921838969638,0.11378850407744392,0.11378850407744392,modeled_population_proxy_population_first_evolved_to_2050_then_hdi_reconciled,0.97,0.9674,0.961837,0.958696,-0.003141,7,0.971163,0.86,8921979,9342590,1123207.4209928492,1063079.340308887,-0.053532,modeled_proxy_not_official_subdivision_projection,emerging_mover,slow_growth
31,Central Switzerland,Switzerland,CHE,Switzerland,Europe,0.97,6.0,0.962,0.12352894602039662,0.11042270692945631,0.11042270692945631,modeled_population_proxy_population_first_evolved_to_2050_then_hdi_reconciled,0.97,0.9674,0.960837,0.957836,-0.003001,7,0.971163,0.86,8921979,9342590,1102122.662286112,1031634.0775320693,-0.063957,modeled_proxy_not_official_subdivision_projection,emerging_mover,slow_growth
54,Eastern Switzerland,Switzerland,CHE,Switzerland,Europe,0.97,7.0,0.955,0.10818287408189531,0.08949080169645736,0.08949080169645736,modeled_population_proxy_population_first_evolved_to_2050_then_hdi_reconciled,0.97,0.9674,0.953837,0.951816,-0.002021,7,0.971163,0.86,8921979,9342590,965205.3307183143,836075.8690213056,-0.133784,modeled_proxy_not_official_subdivision_projection,emerging_mover,slow_growth
2,Australian Capital Territory,Australia,AUS,Australia,Asia/Pacific,0.958,1.0,0.988,0.1892044062403491,0.23534198180006624,0.23534198180006624,modeled_population_proxy_population_first_evolved_to_2050_then_hdi_reconciled,0.958,0.9571,0.986736,0.979645,-0.007092,8,0.959264,0.86,26713206,32506964,5054256.280006131,7650253.330063408,0.513626,modeled_proxy_not_official_subdivision_projection,emerging_mover,slow_growth
11,Western Australia,Australia,AUS,Australia,Asia/Pacific,0.958,2.0,0.973,0.154545108817912,0.17065036103570752,0.17065036103570752,modeled_population_proxy_population_first_evolved_to_2050_then_hdi_reconciled,0.958,0.9571,0.971736,0.966745,-0.004992,8,0.959264,0.86,26713206,32506964,4128395.3281453,5547325.142774747,0.3437,modeled_proxy_not_official_subdivision_projection,emerging_mover,slow_growth
41,New South Wales,Australia,AUS,Australia,Asia/Pacific,0.958,3.0,0.958,0.1262348543257488,0.12374139751384182,0.12374139751384182,modeled_population_proxy_population_first_evolved_to_2050_then_hdi_reconciled,0.958,0.9571,0.956736,0.953845,-0.002892,8,0.959264,0.86,26713206,32506964,3372137.6679837187,4022457.1542921457,0.192851,modeled_proxy_not_official_subdivision_projection,emerging_mover,slow_growth
57,Victoria,Australia,AUS,Australia,Asia/Pacific,0.958,4.0,0.954,0.11960399554988299,0.11357700997106283,0.11357700997106283,modeled_population_proxy_population_first_evolved_to_2050_then_hdi_reconciled,0.958,0.9571,0.952736,0.950405,-0.002332,8,0.959264,0.86,26713206,32506964,3195006.1715471074,3692043.774356981,0.155567,modeled_proxy_not_official_subdivision_projection,emerging_mover,slow_growth
81,Queensland,Australia,AUS,Australia,Asia/Pacific,0.958,5.0,0.947,0.1088270600201183,0.09775689683048454,0.09775689683048454,modeled_population_proxy_population_first_evolved_to_2050_then_hdi_reconciled,0.958,0.9571,0.945736,0.944385,-0.001352,8,0.959264,0.86,26713206,32506964,2907119.6726917843,3177779.926020275,0.093103,modeled_proxy_not_official_subdivision_projection,emerging_mover,slow_growth
93,South Australia,Australia,AUS,Australia,Asia/Pacific,0.958,6.0,0.944,0.10451092714571122,0.09167036657181656,0.09167036657181656,modeled_population_proxy_population_first_evolved_to_2050_then_hdi_reconciled,0.958,0.9571,0.942736,0.941805,-0.000932,8,0.959264,0.86,26713206,32506964,2791821.926094376,2979925.306016844,0.067377,modeled_proxy_not_official_subdivision_projection,emerging_mover,slow_growth
94,Northern Territory,Australia,AUS,Australia,Asia/Pacific,0.958,7.0,0.944,0.10451092714571122,0.09167036657181656,0.09167036657181656,modeled_population_proxy_population_first_evolved_to_2050_then_hdi_reconciled,0.958,0.9571,0.942736,0.941805,-0.000932,8,0.959264,0.86,26713206,32506964,2791821.926094376,2979925.306016844,0.067377,modeled_proxy_not_official_subdivision_projection,emerging_mover,slow_growth
132,Tasmania,Australia,AUS,Australia,Asia/Pacific,0.958,8.0,0.935,0.09256272075456631,0.07559161970520385,0.07559161970520385,modeled_population_proxy_population_first_evolved_to_2050_then_hdi_reconciled,0.958,0.9571,0.933736,0.934065,0.000328,8,0.959264,0.86,26713206,32506964,2472647.0274372054,2457254.0604587523,-0.006225,modeled_proxy_not_official_subdivision_projection,emerging_mover,slow_growth
3,Oslo og Akershus,Norway,NOR,Norway,Europe,0.97,1.0,0.982,0.20232035783218036,0.242477996530616,0.242477996530616,modeled_population_proxy_population_first_evolved_to_2050_then_hdi_reconciled,0.97,0.9676,0.982029,0.977023,-0.005005,7,0.969971,0.86,5576656,5899827,1128271.0374269756,1430578.2308372345,0.267938,modeled_proxy_not_official_subdivision_projection,emerging_mover,slow_growth
10,Vestlandet,Norway,NOR,Norway,Europe,0.97,2.0,0.974,0.16317143461904482,0.17239920572041229,0.17239920572041229,modeled_population_proxy_population_first_evolved_to_2050_then_hdi_reconciled,0.97,0.9676,0.974029,0.970143,-0.003885,7,0.969971,0.86,5576656,5899827,909950.959896904,1017125.4886878429,0.117781,modeled_proxy_not_official_subdivision_projection,emerging_mover,slow_growth
13,Trondelag,Norway,NOR,Norway,Europe,0.97,3.0,0.972,0.15463053866374063,0.15830731827097128,0.15830731827097128,modeled_population_proxy_population_first_evolved_to_2050_then_hdi_reconciled,0.97,0.9676,0.972029,0.968423,-0.003605,7,0.969971,0.86,5576656,5899827,862321.3212223812,933985.7906326697,0.083106,modeled_proxy_not_official_subdivision_projection,emerging_mover,slow_growth
15,Agder og Rogaland,Norway,NOR,Norway,Europe,0.97,4.0,0.97,0.14653669953483278,0.14536729977044963,0.14536729977044963,modeled_population_proxy_population_first_evolved_to_2050_then_hdi_reconciled,0.97,0.9676,0.970029,0.966703,-0.003325,7,0.969971,0.86,5576656,5899827,817184.7646811225,857641.9201027926,0.049508,modeled_proxy_not_official_subdivision_projection,emerging_mover,slow_growth
30,Nord-Norge,Norway,NOR,Norway,Europe,0.97,5.0,0.962,0.1181818959971978,0.10335456155495862,0.10335456155495862,modeled_population_proxy_population_first_evolved_to_2050_then_hdi_reconciled,0.97,0.9676,0.962029,0.959823,-0.002205,7,0.969971,0.86,5576656,5899827,659059.7794041492,609774.0328351068,-0.074782,modeled_proxy_not_official_subdivision_projection,emerging_mover,slow_growth
40,Sor-Ostlandet,Norway,NOR,Norway,Europe,0.97,6.0,0.959,0.10902539238960211,0.09094487828792731,0.09094487828792731,modeled_population_proxy_population_first_evolved_to_2050_then_hdi_reconciled,0.97,0.9676,0.959029,0.957243,-0.001785,7,0.969971,0.86,5576656,5899827,607997.108621829,536559.0484348274,-0.117497,modeled_proxy_not_official_subdivision_projection,emerging_mover,slow_growth
42,Hedmark og Oppland,Norway,NOR,Norway,Europe,0.97,7.0,0.958,0.10613368096340153,0.08714873986466491,0.08714873986466491,modeled_population_proxy_population_first_evolved_to_2050_then_hdi_reconciled,0.97,0.9676,0.958029,0.956383,-0.001645,7,0.969971,0.86,5576656,5899827,591871.0287466389,514162.4884695264,-0.131293,modeled_proxy_not_official_subdivision_projection,emerging_mover,slow_growth
4,London,United Kingdom,GBR,UK,Europe,0.946,1.0,0.982,0.13416925473476,0.17237909219292666,0.17237909219292666,modeled_population_proxy_population_first_evolved_to_2050_then_hdi_reconciled,0.946,0.9442,0.988782,0.978452,-0.010331,12,0.939218,0.86,69138185,75504685,9276218.755163962,13015429.056612886,0.403096,modeled_proxy_not_official_subdivision_projection,emerging_mover,slow_growth
36,South East,United Kingdom,GBR,UK,Europe,0.946,2.0,0.96,0.10970900717313853,0.1260278705502369,0.1260278705502369,modeled_population_proxy_population_first_evolved_to_2050_then_hdi_reconciled,0.946,0.9442,0.966782,0.959532,-0.007251,12,0.939218,0.86,69138185,75504685,7585081.6341027785,9515694.667116413,0.254528,modeled_proxy_not_official_subdivision_projection,emerging_mover,slow_growth
103,South West,United Kingdom,GBR,UK,Europe,0.946,3.0,0.942,0.08892087117788317,0.09027323450134817,0.09027323450134817,modeled_population_proxy_population_first_evolved_to_2050_then_hdi_reconciled,0.946,0.9442,0.948782,0.944052,-0.004731,12,0.939218,0.86,69138185,75504685,6147827.641857654,6816052.134955426,0.108693,modeled_proxy_not_official_subdivision_projection,emerging_mover,slow_growth
128,Scotland,United Kingdom,GBR,UK,Europe,0.946,4.0,0.937,0.083880239159682,0.08228238925842755,0.08228238925842755,modeled_population_proxy_population_first_evolved_to_2050_then_hdi_reconciled,0.946,0.9442,0.943782,0.939752,-0.004031,12,0.939218,0.86,69138185,75504685,5799327.492866338,6212705.882004956,0.07128,modeled_proxy_not_official_subdivision_projection,emerging_mover,slow_growth
138,East of England,United Kingdom,GBR,UK,Europe,0.946,5.0,0.934,0.08099407142946603,0.07783154081516311,0.07783154081516311,modeled_population_proxy_population_first_evolved_to_2050_then_hdi_reconciled,0.946,0.9442,0.940782,0.937172,-0.003611,12,0.939218,0.86,69138185,75504685,5599783.094393637,5876645.972313534,0.049442,modeled_proxy_not_official_subdivision_projection,emerging_mover,slow_growth
149,North West,United Kingdom,GBR,UK,Europe,0.946,6.0,0.932,0.07912534400849916,0.07499888111325259,0.07499888111325259,modeled_population_proxy_population_first_evolved_to_2050_then_hdi_reconciled,0.946,0.9442,0.938782,0.935452,-0.003331,12,0.939218,0.86,69138185,75504685,5470582.672248256,5662766.8938085865,0.03513,modeled_proxy_not_official_subdivision_projection,emerging_mover,slow_growth
153,East Midlands,United Kingdom,GBR,UK,Europe,0.946,7.0,0.931,0.07820721152491185,0.07362144925855992,0.07362144925855992,modeled_population_proxy_population_first_evolved_to_2050_then_hdi_reconciled,0.946,0.9442,0.937782,0.934592,-0.003191,12,0.939218,0.86,69138185,75504685,5407104.658743488,5558764.33551105,0.028048,modeled_proxy_not_official_subdivision_projection,emerging_mover,slow_growth
160,West Midlands,United Kingdom,GBR,UK,Europe,0.946,8.0,0.93,0.07729973260963417,0.07226931536146551,0.07226931536146551,modeled_population_proxy_population_first_evolved_to_2050_then_hdi_reconciled,0.946,0.9442,0.936782,0.933732,-0.003051,12,0.939218,0.86,69138185,75504685,5344363.21361542,5456671.891533115,0.021014,modeled_proxy_not_official_subdivision_projection,emerging_mover,slow_growth
171,Yorkshire and The Humber,United Kingdom,GBR,UK,Europe,0.946,9.0,0.926,0.07377390167037727,0.06710459394885113,0.06710459394885113,modeled_population_proxy_population_first_evolved_to_2050_then_hdi_reconciled,0.946,0.9442,0.932782,0.930292,-0.002491,12,0.939218,0.86,69138185,75504685,5100593.661858353,5066711.22816091,-0.006643,modeled_proxy_not_official_subdivision_projection,emerging_mover,slow_growth
215,North East,United Kingdom,GBR,UK,Europe,0.946,10.0,0.916,0.06564696534338149,0.05575040588190962,0.05575040588190962,modeled_population_proxy_population_first_evolved_to_2050_then_hdi_reconciled,0.946,0.9442,0.922782,0.921692,-0.001091,12,0.939218,0.86,69138185,75504685,4538712.034599298,4209416.8347357325,-0.072553,modeled_proxy_not_official_subdivision_projection,emerging_mover,slow_growth
217,Wales,United Kingdom,GBR,UK,Europe,0.946,11.0,0.915,0.06488522949141205,0.054726492140345556,0.054726492140345556,modeled_population_proxy_population_first_evolved_to_2050_then_hdi_reconciled,0.946,0.9442,0.921782,0.920832,-0.000951,12,0.939218,0.86,69138185,75504685,4486047.000344702,4132106.550211767,-0.078898,modeled_proxy_not_official_subdivision_projection,emerging_mover,slow_growth
228,Northern Ireland,United Kingdom,GBR,UK,Europe,0.946,12.0,0.913,0.06338817167685432,0.05273473497751321,0.05273473497751321,modeled_population_proxy_population_first_evolved_to_2050_then_hdi_reconciled,0.946,0.9442,0.919782,0.919112,-0.000671,12,0.939218,0.86,69138185,75504685,4382543.140206113,3981719.553035617,-0.091459,modeled_proxy_not_official_subdivision_projection,emerging_mover,slow_growth
5,Berlin,Germany,DEU,Germany,Europe,0.959,1.0,0.977,0.08704403436688155,0.10446474275711976,0.10446474275711976,modeled_population_proxy_population_first_evolved_to_2050_then_hdi_reconciled,0.959,0.9491,0.980336,0.965621,-0.014715,16,0.955664,0.86,84552234,78294606,7359767.562092611,8179025.875060045,0.111316,modeled_proxy_not_official_subdivision_projection,emerging_mover,slow_growth
6,Hamburg,Germany,DEU,Germany,Europe,0.959,2.0,0.977,0.08704403436688155,0.10446474275711976,0.10446474275711976,modeled_population_proxy_population_first_evolved_to_2050_then_hdi_reconciled,0.959,0.9491,0.980336,0.965621,-0.014715,16,0.955664,0.86,84552234,78294606,7359767.562092611,8179025.875060045,0.111316,modeled_proxy_not_official_subdivision_projection,emerging_mover,slow_growth
12,Baden-Wurttemberg,Germany,DEU,Germany,Europe,0.959,3.0,0.972,0.08100839987783684,0.09294294797688024,0.09294294797688024,modeled_population_proxy_population_first_evolved_to_2050_then_hdi_reconciled,0.959,0.9491,0.975336,0.961321,-0.014015,16,0.955664,0.86,84552234,78294606,6849441.182436432,7276931.4923283355,0.062412,modeled_proxy_not_official_subdivision_projection,emerging_mover,slow_growth
20,Bayern,Germany,DEU,Germany,Europe,0.959,4.0,0.967,0.07539127636372929,0.08269193366720198,0.08269193366720198,modeled_population_proxy_population_first_evolved_to_2050_then_hdi_reconciled,0.959,0.9491,0.970336,0.957021,-0.013315,16,0.955664,0.86,84552234,78294606,6374500.840664708,6474332.365851714,0.015661,modeled_proxy_not_official_subdivision_projection,emerging_mover,slow_growth
28,Hessen,Germany,DEU,Germany,Europe,0.959,5.0,0.963,0.07117933554725529,0.0753113635785094,0.0753113635785094,modeled_population_proxy_population_first_evolved_to_2050_then_hdi_reconciled,0.959,0.9491,0.966336,0.953581,-0.012755,16,0.955664,0.86,84552234,78294606,6018371.835156048,5896473.538702143,-0.020254,modeled_proxy_not_official_subdivision_projection,emerging_mover,slow_growth
33,Bremen,Germany,DEU,Germany,Europe,0.959,6.0,0.961,0.06916244636344888,0.07187191103127967,0.07187191103127967,modeled_population_proxy_population_first_evolved_to_2050_then_hdi_reconciled,0.959,0.9491,0.964336,0.951861,-0.012475,16,0.955664,0.86,84552234,78294606,5847839.348934779,5627182.956661096,-0.037733,modeled_proxy_not_official_subdivision_projection,emerging_mover,slow_growth
52,Nordrhein-Westfalen,Germany,DEU,Germany,Europe,0.959,7.0,0.955,0.06344824252475788,0.0624676599785088,0.0624676599785088,modeled_population_proxy_population_first_evolved_to_2050_then_hdi_reconciled,0.959,0.9491,0.958336,0.946701,-0.011635,16,0.955664,0.86,84552234,78294606,5364690.648842079,4890880.825759315,-0.08832,modeled_proxy_not_official_subdivision_projection,emerging_mover,slow_growth
60,Sachsen,Germany,DEU,Germany,Europe,0.959,8.0,0.953,0.06165041632849121,0.05961477640259817,0.05961477640259817,modeled_population_proxy_population_first_evolved_to_2050_then_hdi_reconciled,0.959,0.9491,0.956336,0.944981,-0.011355,16,0.955664,0.86,84552234,78294606,5212680.42760401,4667515.430219521,-0.104584,modeled_proxy_not_official_subdivision_projection,emerging_mover,slow_growth
75,Rheinland-Pfalz,Germany,DEU,Germany,Europe,0.959,9.0,0.948,0.05737557564856769,0.053039646828234775,0.053039646828234775,modeled_population_proxy_population_first_evolved_to_2050_then_hdi_reconciled,0.959,0.9491,0.951336,0.940681,-0.010655,16,0.955664,0.86,84552234,78294606,4851233.098122397,4152718.2507957914,-0.143987,modeled_proxy_not_official_subdivision_projection,emerging_mover,slow_growth
90,Niedersachsen,Germany,DEU,Germany,Europe,0.959,10.0,0.945,0.054954300105337764,0.049447990383684935,0.049447990383684935,modeled_population_proxy_population_first_evolved_to_2050_then_hdi_reconciled,0.959,0.9491,0.948336,0.938101,-0.010235,16,0.955664,0.86,84552234,78294606,4646508.841812743,3871510.924582401,-0.166791,modeled_proxy_not_official_subdivision_projection,emerging_mover,slow_growth
95,Saarland,Germany,DEU,Germany,Europe,0.959,11.0,0.944,0.0541701314566299,0.04830565629814571,0.04830565629814571,modeled_population_proxy_population_first_evolved_to_2050_then_hdi_reconciled,0.959,0.9491,0.947336,0.937241,-0.010095,16,0.955664,0.86,84552234,78294606,4580205.630731732,3782072.3274347372,-0.174257,modeled_proxy_not_official_subdivision_projection,emerging_mover,slow_growth
119,Schleswig-Holstein,Germany,DEU,Germany,Europe,0.959,12.0,0.939,0.05041397382820868,0.04297785053418535,0.04297785053418535,modeled_population_proxy_population_first_evolved_to_2050_then_hdi_reconciled,0.959,0.9491,0.942336,0.932941,-0.009395,16,0.955664,0.86,84552234,78294606,4262614.111992576,3364933.874300931,-0.210594,modeled_proxy_not_official_subdivision_projection,emerging_mover,slow_growth
126,Thuringen,Germany,DEU,Germany,Europe,0.959,13.0,0.937,0.048985477794281744,0.04101506204556426,0.04101506204556426,modeled_population_proxy_population_first_evolved_to_2050_then_hdi_reconciled,0.959,0.9491,0.940336,0.931221,-0.009115,16,0.955664,0.86,84552234,78294606,4141831.581063914,3211258.1229230077,-0.224677,modeled_proxy_not_official_subdivision_projection,emerging_mover,slow_growth
129,Brandenburg,Germany,DEU,Germany,Europe,0.959,14.0,0.936,0.048286481066917,0.0400675431872324,0.0400675431872324,modeled_population_proxy_population_first_evolved_to_2050_then_hdi_reconciled,0.959,0.9491,0.939336,0.930361,-0.008975,16,0.955664,0.86,84552234,78294606,4082729.8462065356,3137072.507232345,-0.231624,modeled_proxy_not_official_subdivision_projection,emerging_mover,slow_growth
147,Mecklenburg-Vorpommern,Germany,DEU,Germany,Europe,0.959,15.0,0.932,0.04558882411907029,0.03649136232338623,0.03649136232338623,modeled_population_proxy_population_first_evolved_to_2050_then_hdi_reconciled,0.959,0.9491,0.935336,0.926921,-0.008415,16,0.955664,0.86,84552234,78294606,3854636.924700475,2857076.8355127694,-0.258795,modeled_proxy_not_official_subdivision_projection,emerging_mover,slow_growth
156,Sachsen-Anhalt,Germany,DEU,Germany,Europe,0.959,16.0,0.93,0.04429705024170439,0.0348248102503486,0.0348248102503486,modeled_population_proxy_population_first_evolved_to_2050_then_hdi_reconciled,0.959,0.9491,0.933336,0.925201,-0.008135,16,0.955664,0.86,84552234,78294606,3745414.557546346,2726594.797575805,-0.272018,modeled_proxy_not_official_subdivision_projection,emerging_mover,slow_growth
7,Stockholm,Sweden,SWE,Sweden,Europe,0.959,1.0,0.976,0.19991297545076647,0.25524600868630926,0.25524600868630926,modeled_population_proxy_population_first_evolved_to_2050_then_hdi_reconciled,0.959,0.9576,0.97971,0.973914,-0.005796,8,0.95529,0.86,10606993,11309632,2120475.5312154517,2886738.427710961,0.361364,modeled_proxy_not_official_subdivision_projection,emerging_mover,slow_growth
44,Vastsverige,Sweden,SWE,Sweden,Europe,0.959,2.0,0.958,0.13642386803482434,0.13996590814723905,0.13996590814723905,modeled_population_proxy_population_first_evolved_to_2050_then_hdi_reconciled,0.959,0.9576,0.96171,0.958434,-0.003276,8,0.95529,0.86,10606993,11309632,1447047.0132783055,1582962.9136910755,0.093926,modeled_proxy_not_official_subdivision_projection,emerging_mover,slow_growth
48,Ovre Norrland,Sweden,SWE,Sweden,Europe,0.959,3.0,0.957,0.13352181777146965,0.13526355764465028,0.13526355764465028,modeled_population_proxy_population_first_evolved_to_2050_then_hdi_reconciled,0.959,0.9576,0.96071,0.957574,-0.003136,8,0.95529,0.86,10606993,11309632,1416264.9864492542,1529781.0599717814,0.080152,modeled_proxy_not_official_subdivision_projection,emerging_mover,slow_growth
76,Ostra Mellansverige,Sweden,SWE,Sweden,Europe,0.959,4.0,0.948,0.11002949801620587,0.09945065815133067,0.09945065815133067,modeled_population_proxy_population_first_evolved_to_2050_then_hdi_reconciled,0.959,0.9576,0.95171,0.949834,-0.001876,8,0.95529,0.86,10606993,11309632,1167082.1152514096,1124750.34584935,-0.036271,modeled_proxy_not_official_subdivision_projection,emerging_mover,slow_growth
77,Smaland med oarna,Sweden,SWE,Sweden,Europe,0.959,5.0,0.948,0.11002949801620587,0.09945065815133067,0.09945065815133067,modeled_population_proxy_population_first_evolved_to_2050_then_hdi_reconciled,0.959,0.9576,0.95171,0.949834,-0.001876,8,0.95529,0.86,10606993,11309632,1167082.1152514096,1124750.34584935,-0.036271,modeled_proxy_not_official_subdivision_projection,emerging_mover,slow_growth
78,Sydsverige,Sweden,SWE,Sweden,Europe,0.959,6.0,0.948,0.11002949801620587,0.09945065815133067,0.09945065815133067,modeled_population_proxy_population_first_evolved_to_2050_then_hdi_reconciled,0.959,0.9576,0.95171,0.949834,-0.001876,8,0.95529,0.86,10606993,11309632,1167082.1152514096,1124750.34584935,-0.036271,modeled_proxy_not_official_subdivision_projection,emerging_mover,slow_growth
88,Mellersta Norrland,Sweden,SWE,Sweden,Europe,0.959,7.0,0.946,0.10539812527803928,0.09288054190938569,0.09288054190938569,modeled_population_proxy_population_first_evolved_to_2050_then_hdi_reconciled,0.959,0.9576,0.94971,0.948114,-0.001596,8,0.95529,0.86,10606993,11309632,1117957.1770372856,1050444.7489557294,-0.060389,modeled_proxy_not_official_subdivision_projection,emerging_mover,slow_growth
110,Norra Mellansverige,Sweden,SWE,Sweden,Europe,0.959,8.0,0.941,0.09465471941628271,0.07829200915842374,0.07829200915842374,modeled_population_proxy_population_first_evolved_to_2050_then_hdi_reconciled,0.959,0.9576,0.94471,0.943814,-0.000896,8,0.95529,0.86,10606993,11309632,1004001.9462654749,885453.8121224022,-0.118076,modeled_proxy_not_official_subdivision_projection,emerging_mover,slow_growth
9,Prague,Czech Republic,CZE,Czechia,Europe,0.915,1.0,0.975,0.19664476124932,0.25656027378412116,0.25656027378412116,modeled_population_proxy_population_first_evolved_to_2050_then_hdi_reconciled,0.915,0.918,0.982285,0.970311,-0.011974,8,0.907715,0.85886,10735857,9825542,2111150.0365718408,2520843.7455973816,0.194062,modeled_proxy_not_official_subdivision_projection,emerging_mover,moderate
175,Jihovychod,Czech Republic,CZE,Czechia,Europe,0.915,2.0,0.924,0.14243771751077672,0.15041681453721722,0.15041681453721722,modeled_population_proxy_population_first_evolved_to_2050_then_hdi_reconciled,0.915,0.918,0.931285,0.926509,-0.004776,8,0.907715,0.85886,10735857,9825542,1529190.9666020947,1477926.7287416384,-0.033524,modeled_proxy_not_official_subdivision_projection,emerging_mover,moderate
257,Stredni Morava,Czech Republic,CZE,Czechia,Europe,0.915,3.0,0.901,0.12315778675826962,0.11822713911953188,0.11822713911953188,modeled_population_proxy_population_first_evolved_to_2050_then_hdi_reconciled,0.915,0.918,0.908285,0.906756,-0.00153,8,0.907715,0.85886,10735857,9825542,1322204.387073276,1161645.7209588035,-0.121433,modeled_proxy_not_official_subdivision_projection,emerging_mover,moderate
266,Jihozapad,Czech Republic,CZE,Czechia,Europe,0.915,4.0,0.898,0.1208434753096469,0.11457145132192029,0.11457145132192029,modeled_population_proxy_population_first_evolved_to_2050_then_hdi_reconciled,0.915,0.918,0.905285,0.904179,-0.001106,8,0.907715,0.85886,10735857,9825542,1297358.2703073998,1125726.6069644834,-0.132293,modeled_proxy_not_official_subdivision_projection,emerging_mover,moderate
295,Severovychod,Czech Republic,CZE,Czechia,Europe,0.915,5.0,0.891,0.11561112978120829,0.10647507639252418,0.10647507639252418,modeled_population_proxy_population_first_evolved_to_2050_then_hdi_reconciled,0.915,0.918,0.898285,0.898167,-0.000118,8,0.907715,0.85886,10735857,9825542,1241184.5569394934,1046175.3350479548,-0.157115,modeled_proxy_not_official_subdivision_projection,emerging_mover,moderate
319,Moravskoslezsko,Czech Republic,CZE,Czechia,Europe,0.915,6.0,0.882,0.10921533892417029,0.09690042059867282,0.09690042059867282,modeled_population_proxy_population_first_evolved_to_2050_then_hdi_reconciled,0.915,0.918,0.889285,0.890437,0.001152,8,0.907715,0.85886,10735857,9825542,1172520.2608964262,952099.1524099249,-0.187989,modeled_proxy_not_official_subdivision_projection,emerging_mover,moderate
355,Stredni Cechy,Czech Republic,CZE,Czechia,Europe,0.915,7.0,0.869,0.10059646929742386,0.08456987249406128,0.08456987249406128,modeled_population_proxy_population_first_evolved_to_2050_then_hdi_reconciled,0.915,0.918,0.876285,0.879272,0.002987,8,0.907715,0.85886,10735857,9825542,1079989.309082033,830944.8341250438,-0.230599,modeled_proxy_not_official_subdivision_projection,emerging_mover,moderate
396,Severozapad,Czech Republic,CZE,Czechia,Europe,0.915,8.0,0.854,0.0914933211691843,0.0722789517519512,0.0722789517519512,modeled_population_proxy_population_first_evolved_to_2050_then_hdi_reconciled,0.915,0.918,0.861285,0.866389,0.005104,8,0.907715,0.85886,10735857,9825542,982259.2125274354,710179.8761547701,-0.276993,modeled_proxy_not_official_subdivision_projection,emerging_mover,moderate
14,Hovedstaden,Denmark,DNK,Denmark,Europe,0.962,1.0,0.971,0.27026498719053454,0.3157076727881007,0.3157076727881007,modeled_population_proxy_population_first_evolved_to_2050_then_hdi_reconciled,0.962,0.9599,0.980218,0.973989,-0.006229,5,0.952782,0.86,5977417,6124830,1615486.5289374834,1933655.8255227427,0.19695,modeled_proxy_not_official_subdivision_projection,emerging_mover,slow_growth
38,Midtjylland,Denmark,DNK,Denmark,Europe,0.962,2.0,0.959,0.2251984951845841,0.2361726207225476,0.2361726207225476,modeled_population_proxy_population_first_evolved_to_2050_then_hdi_reconciled,0.962,0.9599,0.968218,0.963669,-0.004549,5,0.952782,0.86,5977417,6124830,1346105.3134907512,1446517.1525800813,0.074594,modeled_proxy_not_official_subdivision_projection,emerging_mover,slow_growth
74,Syddanmark,Denmark,DNK,Denmark,Europe,0.962,3.0,0.948,0.19052115557452245,0.18100000760662321,0.18100000760662321,modeled_population_proxy_population_first_evolved_to_2050_then_hdi_reconciled,0.962,0.9599,0.957218,0.954209,-0.003009,5,0.952782,0.86,5977417,6124830,1138824.3941907953,1108594.2765892742,-0.026545,modeled_proxy_not_official_subdivision_projection,emerging_mover,slow_growth
107,Nordjylland,Denmark,DNK,Denmark,Europe,0.962,4.0,0.941,0.1712888251528447,0.15280802645383307,0.15280802645383307,modeled_population_proxy_population_first_evolved_to_2050_then_hdi_reconciled,0.962,0.9599,0.950218,0.948189,-0.002029,5,0.952782,0.86,5977417,6124830,1023864.7353786414,935923.1846652303,-0.085892,modeled_proxy_not_official_subdivision_projection,emerging_mover,slow_growth
161,Sjaelland,Denmark,DNK,Denmark,Europe,0.962,5.0,0.929,0.14272653689751422,0.11431167242889535,0.11431167242889535,modeled_population_proxy_population_first_evolved_to_2050_then_hdi_reconciled,0.962,0.9599,0.938218,0.937869,-0.000349,5,0.952782,0.86,5977417,6124830,853136.0280023287,700139.5606426711,-0.179334,modeled_proxy_not_official_subdivision_projection,emerging_mover,slow_growth
16,Utrecht,Netherlands,NLD,Netherlands,Europe,0.955,1.0,0.969,0.12081257065199907,0.14705056304758907,0.14705056304758907,modeled_population_proxy_population_first_evolved_to_2050_then_hdi_reconciled,0.955,0.9536,0.975799,0.96998,-0.005818,12,0.948201,0.86,18228740,18958470,2202260.9391469215,2787853.688020826,0.265905,modeled_proxy_not_official_subdivision_projection,emerging_mover,slow_growth
26,Noord-Holland,Netherlands,NLD,Netherlands,Europe,0.955,2.0,0.964,0.11115153506674498,0.12877954114355836,0.12877954114355836,modeled_population_proxy_population_first_evolved_to_2050_then_hdi_reconciled,0.955,0.9536,0.970799,0.96568,-0.005118,12,0.948201,0.86,18228740,18958470,2026152.4333325769,2441463.0673839166,0.204975,modeled_proxy_not_official_subdivision_projection,emerging_mover,slow_growth
53,Noord-Brabant,Netherlands,NLD,Netherlands,Europe,0.955,3.0,0.955,0.09566685041780142,0.10142177341838503,0.10142177341838503,modeled_population_proxy_population_first_evolved_to_2050_then_hdi_reconciled,0.955,0.9536,0.961799,0.95794,-0.003858,12,0.948201,0.86,18228740,18958470,1743886.1428849935,1922801.64869925,0.102596,modeled_proxy_not_official_subdivision_projection,emerging_mover,slow_growth
59,Zuid-Holland,Netherlands,NLD,Netherlands,Europe,0.955,4.0,0.954,0.09408538016983013,0.09876594796378005,0.09876594796378005,modeled_population_proxy_population_first_evolved_to_2050_then_hdi_reconciled,0.955,0.9536,0.960799,0.95708,-0.003718,12,0.948201,0.86,18228740,18958470,1715057.9329169893,1872451.2614928852,0.091771,modeled_proxy_not_official_subdivision_projection,emerging_mover,slow_growth
66,Groningen,Netherlands,NLD,Netherlands,Europe,0.955,5.0,0.951,0.08949610772941607,0.09120850671751893,0.09120850671751893,modeled_population_proxy_population_first_evolved_to_2050_then_hdi_reconciled,0.955,0.9536,0.957799,0.9545,-0.003298,12,0.948201,0.86,18228740,18958470,1631401.278811516,1729173.738348881,0.059932,modeled_proxy_not_official_subdivision_projection,emerging_mover,slow_growth
99,Gelderland,Netherlands,NLD,Netherlands,Europe,0.955,6.0,0.944,0.07963955474286454,0.07574737718866338,0.07574737718866338,modeled_population_proxy_population_first_evolved_to_2050_then_hdi_reconciled,0.955,0.9536,0.950799,0.94848,-0.002318,12,0.948201,0.86,18228740,18958470,1451728.7371234444,1436054.3780099591,-0.010797,modeled_proxy_not_official_subdivision_projection,emerging_mover,slow_growth
100,Limburg,Netherlands,NLD,Netherlands,Europe,0.955,7.0,0.944,0.07963955474286454,0.07574737718866338,0.07574737718866338,modeled_population_proxy_population_first_evolved_to_2050_then_hdi_reconciled,0.955,0.9536,0.950799,0.94848,-0.002318,12,0.948201,0.86,18228740,18958470,1451728.7371234444,1436054.3780099591,-0.010797,modeled_proxy_not_official_subdivision_projection,emerging_mover,slow_growth
102,Overijssel,Netherlands,NLD,Netherlands,Europe,0.955,8.0,0.942,0.07702827267283568,0.07183228345115261,0.07183228345115261,modeled_population_proxy_population_first_evolved_to_2050_then_hdi_reconciled,0.955,0.9536,0.948799,0.94676,-0.002038,12,0.948201,0.86,18228740,18958470,1404128.3552022267,1361830.1908401733,-0.030124,modeled_proxy_not_official_subdivision_projection,emerging_mover,slow_growth
145,Flevoland,Netherlands,NLD,Netherlands,Europe,0.955,9.0,0.933,0.06629735014733527,0.05657232128344518,0.05657232128344518,modeled_population_proxy_population_first_evolved_to_2050_then_hdi_reconciled,0.955,0.9536,0.939799,0.93902,-0.000778,12,0.948201,0.86,18228740,18958470,1208517.1585247363,1072524.655882557,-0.112528,modeled_proxy_not_official_subdivision_projection,emerging_mover,slow_growth
150,Friesland,Netherlands,NLD,Netherlands,Europe,0.955,10.0,0.931,0.06412354239201666,0.05364831323202962,0.05364831323202962,modeled_population_proxy_population_first_evolved_to_2050_then_hdi_reconciled,0.955,0.9536,0.937799,0.9373,-0.000498,12,0.948201,0.86,18228740,18958470,1168891.3821430497,1017089.9369600366,-0.129868,modeled_proxy_not_official_subdivision_projection,emerging_mover,slow_growth
158,Zeeland,Netherlands,NLD,Netherlands,Europe,0.955,11.0,0.93,0.06306351507801373,0.05224348120162836,0.05224348120162836,modeled_population_proxy_population_first_evolved_to_2050_then_hdi_reconciled,0.955,0.9536,0.936799,0.93644,-0.000358,12,0.948201,0.86,18228740,18958470,1149568.419843192,990456.4710566353,-0.13841,modeled_proxy_not_official_subdivision_projection,emerging_mover,slow_growth
170,Drenthe,Netherlands,NLD,Netherlands,Europe,0.955,12.0,0.926,0.05899576618827795,0.046982514163586106,0.046982514163586106,modeled_population_proxy_population_first_evolved_to_2050_then_hdi_reconciled,0.955,0.9536,0.932799,0.933,0.000202,12,0.948201,0.86,18228740,18958470,1075418.4829469097,890716.5852949222,-0.171749,modeled_proxy_not_official_subdivision_projection,emerging_mover,slow_growth
17,Wellington,New Zealand,NZL,New Zealand,Asia/Pacific,0.938,1.0,0.968,0.09939542108726002,0.12320516239156523,0.12320516239156523,modeled_population_proxy_population_first_evolved_to_2050_then_hdi_reconciled,0.938,0.9413,0.971261,0.967526,-0.003734,15,0.934739,0.858746,5213942,5755279,518241.9606145507,709080.0838037651,0.368241,modeled_proxy_not_official_subdivision_projection,emerging_mover,slow_growth
21,Auckland,New Zealand,NZL,New Zealand,Asia/Pacific,0.938,2.0,0.967,0.09828281726989375,0.12100880352894323,0.12100880352894323,modeled_population_proxy_population_first_evolved_to_2050_then_hdi_reconciled,0.938,0.9413,0.970261,0.966668,-0.003593,15,0.934739,0.858746,5213942,5755279,512440.9088418244,696439.4257652529,0.359063,modeled_proxy_not_official_subdivision_projection,emerging_mover,slow_growth
109,Canterbury,New Zealand,NZL,New Zealand,Asia/Pacific,0.938,3.0,0.941,0.07334479395498797,0.07580652054386947,0.07580652054386947,modeled_population_proxy_population_first_evolved_to_2050_then_hdi_reconciled,0.938,0.9413,0.944261,0.94434,8e-05,15,0.934739,0.858746,5213942,5755279,382415.50168325787,436287.6757492005,0.140873,modeled_proxy_not_official_subdivision_projection,emerging_mover,slow_growth
113,Taranaki,New Zealand,NZL,New Zealand,Asia/Pacific,0.938,4.0,0.94,0.07252379338126314,0.0744551297416569,0.0744551297416569,modeled_population_proxy_population_first_evolved_to_2050_then_hdi_reconciled,0.938,0.9413,0.943261,0.943481,0.000221,15,0.934739,0.858746,5213942,5755279,378134.85230988986,428510.04464443336,0.13322,modeled_proxy_not_official_subdivision_projection,emerging_mover,slow_growth
127,Marlborough,New Zealand,NZL,New Zealand,Asia/Pacific,0.938,5.0,0.937,0.07011552159747898,0.07054379329847874,0.07054379329847874,modeled_population_proxy_population_first_evolved_to_2050_then_hdi_reconciled,0.938,0.9413,0.940261,0.940905,0.000645,15,0.934739,0.858746,5213942,5755279,365578.2629090028,405999.2121510754,0.110567,modeled_proxy_not_official_subdivision_projection,emerging_mover,slow_growth
134,Otago,New Zealand,NZL,New Zealand,Asia/Pacific,0.938,6.0,0.935,0.068554600965499,0.06805106585375188,0.06805106585375188,modeled_population_proxy_population_first_evolved_to_2050_then_hdi_reconciled,0.938,0.9413,0.938261,0.939188,0.000927,15,0.934739,0.858746,5213942,5755279,357439.71326725575,391652.8702357153,0.095717,modeled_proxy_not_official_subdivision_projection,emerging_mover,slow_growth
151,Waikato,New Zealand,NZL,New Zealand,Asia/Pacific,0.938,7.0,0.931,0.06553623434477043,0.06332674668203667,0.06332674668203667,modeled_population_proxy_population_first_evolved_to_2050_then_hdi_reconciled,0.938,0.9413,0.934261,0.935753,0.001492,15,0.934739,0.858746,5213942,5755279,341702.12477204105,364463.0953174453,0.066611,modeled_proxy_not_official_subdivision_projection,emerging_mover,slow_growth
152,Tasman - Nelson,New Zealand,NZL,New Zealand,Asia/Pacific,0.938,8.0,0.931,0.06553623434477043,0.06332674668203667,0.06332674668203667,modeled_population_proxy_population_first_evolved_to_2050_then_hdi_reconciled,0.938,0.9413,0.934261,0.935753,0.001492,15,0.934739,0.858746,5213942,5755279,341702.12477204105,364463.0953174453,0.066611,modeled_proxy_not_official_subdivision_projection,emerging_mover,slow_growth
159,Bay of Plenty,New Zealand,NZL,New Zealand,Asia/Pacific,0.938,9.0,0.93,0.06480264054628157,0.06219783082643259,0.06219783082643259,modeled_population_proxy_population_first_evolved_to_2050_then_hdi_reconciled,0.938,0.9413,0.933261,0.934894,0.001633,15,0.934739,0.858746,5213942,5755279,337877.2092551604,357965.8696009201,0.059456,modeled_proxy_not_official_subdivision_projection,emerging_mover,slow_growth
164,Southland,New Zealand,NZL,New Zealand,Asia/Pacific,0.938,10.0,0.928,0.06335999594590094,0.060000015360973775,0.060000015360973775,modeled_population_proxy_population_first_evolved_to_2050_then_hdi_reconciled,0.938,0.9413,0.931261,0.933177,0.001916,15,0.934739,0.858746,5213942,5755279,330355.34398216265,345316.8284066898,0.045289,modeled_proxy_not_official_subdivision_projection,emerging_mover,slow_growth
193,Hawkes Bay,New Zealand,NZL,New Zealand,Asia/Pacific,0.938,11.0,0.92,0.057903510365130764,0.051958410024085896,0.051958410024085896,modeled_population_proxy_population_first_evolved_to_2050_then_hdi_reconciled,0.938,0.9413,0.923261,0.926307,0.003046,15,0.934739,0.858746,5213942,5755279,301905.5446401906,299035.1460850111,-0.009508,modeled_proxy_not_official_subdivision_projection,emerging_mover,slow_growth
200,West Coast,New Zealand,NZL,New Zealand,Asia/Pacific,0.938,12.0,0.918,0.056614455075606245,0.05012241356578084,0.05012241356578084,modeled_population_proxy_population_first_evolved_to_2050_then_hdi_reconciled,0.938,0.9413,0.921261,0.924589,0.003328,15,0.934739,0.858746,5213942,5755279,295184.4851258166,288468.4742244536,-0.022752,modeled_proxy_not_official_subdivision_projection,emerging_mover,slow_growth
221,Manawatu-Wanganui,New Zealand,NZL,New Zealand,Asia/Pacific,0.938,13.0,0.914,0.05412179697470145,0.04664275786354172,0.04664275786354172,modeled_population_proxy_population_first_evolved_to_2050_then_hdi_reconciled,0.938,0.9413,0.917261,0.921154,0.003893,15,0.934739,0.858746,5213942,5755279,282187.91036186885,268442.0848341265,-0.048712,modeled_proxy_not_official_subdivision_projection,emerging_mover,slow_growth
265,Northland,New Zealand,NZL,New Zealand,Asia/Pacific,0.938,14.0,0.899,0.045713081076517025,0.035612719761603,0.035612719761603,modeled_population_proxy_population_first_evolved_to_2050_then_hdi_reconciled,0.938,0.9413,0.902261,0.908273,0.006012,15,0.934739,0.858746,5213942,5755279,238345.35337425733,204961.13817683872,-0.140067,modeled_proxy_not_official_subdivision_projection,emerging_mover,slow_growth
276,Gisborne,New Zealand,NZL,New Zealand,Asia/Pacific,0.938,15.0,0.896,0.04419510306993831,0.03374188387524338,0.03374188387524338,modeled_population_proxy_population_first_evolved_to_2050_then_hdi_reconciled,0.938,0.9413,0.899261,0.905697,0.006436,15,0.934739,0.858746,5213942,5755279,230430.7040906803,194193.95568762685,-0.157257,modeled_proxy_not_official_subdivision_projection,emerging_mover,slow_growth
18,Osrednjeslovenska,Slovenia,SVN,Slovenia,Europe,0.931,1.0,0.968,0.13303042696961812,0.17393176745182434,0.17393176745182434,modeled_population_proxy_population_first_evolved_to_2050_then_hdi_reconciled,0.931,0.931,0.987197,0.975622,-0.011574,12,0.911803,0.86,2118692,1981554,281850.50137711415,344655.1895212323,0.22283,modeled_proxy_not_official_subdivision_projection,emerging_mover,moderate
148,Obalno-kraska,Slovenia,SVN,Slovenia,Europe,0.931,2.0,0.932,0.10020842859677956,0.10985827724866015,0.10985827724866015,modeled_population_proxy_population_first_evolved_to_2050_then_hdi_reconciled,0.931,0.931,0.951197,0.944662,-0.006534,12,0.911803,0.86,2118692,1981554,212310.79600056808,217690.1087151915,0.025337,modeled_proxy_not_official_subdivision_projection,emerging_mover,moderate
178,Gorenjska,Slovenia,SVN,Slovenia,Europe,0.931,3.0,0.924,0.0940936971782106,0.09907425890982004,0.09907425890982004,modeled_population_proxy_population_first_evolved_to_2050_then_hdi_reconciled,0.931,0.931,0.943197,0.937782,-0.005414,12,0.911803,0.86,2118692,1981554,199355.56346189737,196320.99403978954,-0.015222,modeled_proxy_not_official_subdivision_projection,emerging_mover,moderate
214,Goriska,Slovenia,SVN,Slovenia,Europe,0.931,4.0,0.916,0.08835208747050775,0.0893488321896088,0.0893488321896088,modeled_population_proxy_population_first_evolved_to_2050_then_hdi_reconciled,0.931,0.931,0.935197,0.930902,-0.004294,12,0.911803,0.86,2118692,1981554,187190.860907065,177049.53582064807,-0.054176,modeled_proxy_not_official_subdivision_projection,emerging_mover,moderate
238,Jugovzhodna Slovenija,Slovenia,SVN,Slovenia,Europe,0.931,5.0,0.909,0.0836163221489542,0.08162551279381272,0.08162551279381272,modeled_population_proxy_population_first_evolved_to_2050_then_hdi_reconciled,0.931,0.931,0.928197,0.924882,-0.003314,12,0.911803,0.86,2118692,1981554,177157.23280641207,161745.36137863077,-0.086995,modeled_proxy_not_official_subdivision_projection,emerging_mover,moderate
243,Savinjska,Slovenia,SVN,Slovenia,Europe,0.931,6.0,0.907,0.08231047949261037,0.07954409309332626,0.07954409309332626,modeled_population_proxy_population_first_evolved_to_2050_then_hdi_reconciled,0.931,0.931,0.926197,0.923162,-0.003034,12,0.911803,0.86,2118692,1981554,174390.55441715766,157620.915845453,-0.096161,modeled_proxy_not_official_subdivision_projection,emerging_mover,moderate
254,Podravska,Slovenia,SVN,Slovenia,Europe,0.931,7.0,0.902,0.07913439885675073,0.07456979767473394,0.07456979767473394,modeled_population_proxy_population_first_evolved_to_2050_then_hdi_reconciled,0.931,0.931,0.921197,0.918862,-0.002334,12,0.911803,0.86,2118692,1981554,167661.41778260694,147764.08086155975,-0.118676,modeled_proxy_not_official_subdivision_projection,emerging_mover,moderate
271,Koroska,Slovenia,SVN,Slovenia,Europe,0.931,8.0,0.897,0.07608087233875876,0.06990657016765073,0.06990657016765073,modeled_population_proxy_population_first_evolved_to_2050_then_hdi_reconciled,0.931,0.931,0.916197,0.914562,-0.001634,12,0.911803,0.86,2118692,1981554,161191.93557714947,138523.64374198898,-0.140629,modeled_proxy_not_official_subdivision_projection,emerging_mover,moderate
287,Posavska,Slovenia,SVN,Slovenia,Europe,0.931,9.0,0.893,0.07372310604922484,0.0663868433736438,0.0663868433736438,modeled_population_proxy_population_first_evolved_to_2050_then_hdi_reconciled,0.931,0.931,0.912197,0.911122,-0.001074,12,0.911803,0.86,2118692,1981554,156196.55500164427,131549.11503441737,-0.157798,modeled_proxy_not_official_subdivision_projection,emerging_mover,moderate
292,Primorsko-notranjska,Slovenia,SVN,Slovenia,Europe,0.931,10.0,0.892,0.07314517099326806,0.06553495791849903,0.06553495791849903,modeled_population_proxy_population_first_evolved_to_2050_then_hdi_reconciled,0.931,0.931,0.911197,0.910262,-0.000934,12,0.911803,0.86,2118692,1981554,154972.0886220691,129861.05800323343,-0.162036,modeled_proxy_not_official_subdivision_projection,emerging_mover,moderate
346,Pomurska,Slovenia,SVN,Slovenia,Europe,0.931,11.0,0.872,0.062492279043886385,0.05061662047243303,0.05061662047243303,modeled_population_proxy_population_first_evolved_to_2050_then_hdi_reconciled,0.931,0.931,0.891197,0.893062,0.001866,12,0.911803,0.86,2118692,1981554,132401.89167204974,100299.56676363156,-0.242461,modeled_proxy_not_official_subdivision_projection,emerging_mover,moderate
400,Zasavska,Slovenia,SVN,Slovenia,Europe,0.931,12.0,0.853,0.053812730861430624,0.03960246870598723,0.03960246870598723,modeled_population_proxy_population_first_evolved_to_2050_then_hdi_reconciled,0.931,0.931,0.872197,0.876722,0.004526,12,0.911803,0.86,2118692,1981554,114012.60237426618,78474.43027422382,-0.311704,modeled_proxy_not_official_subdivision_projection,emerging_mover,moderate
19,Helsinki-Uusimaa,Finland,FIN,Finland,Europe,0.948,1.0,0.967,0.2968019330976587,0.3679609525898023,0.3679609525898023,modeled_population_proxy_population_first_evolved_to_2050_then_hdi_reconciled,0.948,0.9449,0.966975,0.959478,-0.007498,5,0.948025,0.86,5617311,5351645,1667228.763610742,1969196.3921224526,0.181119,modeled_proxy_not_official_subdivision_projection,emerging_mover,slow_growth
89,Aland,Finland,FIN,Finland,Europe,0.948,2.0,0.945,0.19406177906070654,0.18495038746328415,0.18495038746328415,modeled_population_proxy_population_first_evolved_to_2050_then_hdi_reconciled,0.948,0.9449,0.944975,0.940558,-0.004418,5,0.948025,0.86,5617311,5351645,1090105.3661972766,989788.8163159473,-0.092025,modeled_proxy_not_official_subdivision_projection,emerging_mover,slow_growth
108,Lansi-Suomi,Finland,FIN,Finland,Europe,0.948,3.0,0.941,0.17963447800911736,0.16320659420517272,0.16320659420517272,modeled_population_proxy_population_first_evolved_to_2050_then_hdi_reconciled,0.948,0.9449,0.940975,0.937118,-0.003858,5,0.948025,0.86,5617311,5351645,1009062.729299873,873423.7538451416,-0.134421,modeled_proxy_not_official_subdivision_projection,emerging_mover,slow_growth
122,Etela-Suomi,Finland,FIN,Finland,Europe,0.948,4.0,0.938,0.16952234924745824,0.1485934083552706,0.1485934083552706,modeled_population_proxy_population_first_evolved_to_2050_then_hdi_reconciled,0.948,0.9449,0.937975,0.934538,-0.003438,5,0.948025,0.86,5617311,5351645,952259.7571735888,795219.1708574421,-0.164914,modeled_proxy_not_official_subdivision_projection,emerging_mover,slow_growth
133,Pohjois-ja Ita-Suomi,Finland,FIN,Finland,Europe,0.948,5.0,0.935,0.15997946058505916,0.13528865738647014,0.13528865738647014,modeled_population_proxy_population_first_evolved_to_2050_then_hdi_reconciled,0.948,0.9449,0.934975,0.931958,-0.003018,5,0.948025,0.86,5617311,5351645,898654.3837185192,724016.866859016,-0.194332,modeled_proxy_not_official_subdivision_projection,emerging_mover,slow_growth
22,Bratislavsky kraj,Slovakia,SVK,Slovakia,Europe,0.88,1.0,0.967,0.3537079568966046,0.4335592689910526,0.4335592689910526,modeled_population_proxy_population_first_evolved_to_2050_then_hdi_reconciled,0.88,0.8976,0.949206,0.94917,-3.6e-05,4,0.897794,0.853312,5506759,4936493,1947784.4750119895,2140262.2964594485,0.098819,modeled_proxy_not_official_subdivision_projection,emerging_mover,moderate
353,Zapadne Slovensko,Slovakia,SVK,Slovakia,Europe,0.88,2.0,0.871,0.2270472554526602,0.20591130950225428,0.20591130950225428,modeled_population_proxy_population_first_evolved_to_2050_then_hdi_reconciled,0.88,0.8976,0.853206,0.867253,0.014046,4,0.897794,0.853312,5506759,4936493,1250294.5173892356,1016479.7379787117,-0.187008,modeled_proxy_not_official_subdivision_projection,emerging_mover,moderate
378,Stredne Slovensko,Slovakia,SVK,Slovakia,Europe,0.88,3.0,0.863,0.2188125406317345,0.1935231142682998,0.1935231142682998,modeled_population_proxy_population_first_evolved_to_2050_then_hdi_reconciled,0.88,0.8976,0.845206,0.860426,0.01522,4,0.897794,0.853312,5506759,4936493,1204947.9274366696,955325.4989236621,-0.207164,modeled_proxy_not_official_subdivision_projection,emerging_mover,moderate
424,Vychodne Slovensko,Slovakia,SVK,Slovakia,Europe,0.88,4.0,0.844,0.20043224701900075,0.16700630723839321,0.16700630723839321,modeled_population_proxy_population_first_evolved_to_2050_then_hdi_reconciled,0.88,0.8976,0.826206,0.844213,0.018007,4,0.897794,0.853312,5506759,4936493,1103732.0801621056,824425.4666381774,-0.253057,modeled_proxy_not_official_subdivision_projection,emerging_mover,moderate
23,Capital Region,South Korea,KOR,South Korea,Asia/Pacific,0.937,1.0,0.967,0.20846770658734481,0.2600632886630215,0.2600632886630215,modeled_population_proxy_population_first_evolved_to_2050_then_hdi_reconciled,0.937,0.9244,0.978796,0.957046,-0.021751,7,0.925204,0.86,51717587,45143134,10781446.752121478,11740071.88859546,0.088914,modeled_proxy_not_official_subdivision_projection,emerging_mover,moderate
137,Gyeongnam Region,South Korea,KOR,South Korea,Asia/Pacific,0.937,2.0,0.934,0.15770430941314298,0.16383758697173403,0.16383758697173403,modeled_population_proxy_population_first_evolved_to_2050_then_hdi_reconciled,0.937,0.9244,0.945796,0.928666,-0.017131,7,0.925204,0.86,51717587,45143134,8156086.342349141,7396142.142901644,-0.093175,modeled_proxy_not_official_subdivision_projection,emerging_mover,moderate
194,Chungcheong Region,South Korea,KOR,South Korea,Asia/Pacific,0.937,3.0,0.92,0.1400965381487584,0.1346736782108865,0.1346736782108865,modeled_population_proxy_population_first_evolved_to_2050_then_hdi_reconciled,0.937,0.9244,0.931796,0.916626,-0.015171,7,0.925204,0.86,51717587,45143134,7245454.900107231,6079591.90174693,-0.16091,modeled_proxy_not_official_subdivision_projection,emerging_mover,moderate
207,Jeolla Region,South Korea,KOR,South Korea,Asia/Pacific,0.937,4.0,0.917,0.1365870910648233,0.1291339402798141,0.1291339402798141,modeled_population_proxy_population_first_evolved_to_2050_then_hdi_reconciled,0.937,0.9244,0.928796,0.914046,-0.014751,7,0.925204,0.86,51717587,45143134,7063954.765221922,5829510.769999645,-0.174753,modeled_proxy_not_official_subdivision_projection,emerging_mover,moderate
223,Gangwon Region,South Korea,KOR,South Korea,Asia/Pacific,0.937,5.0,0.914,0.1331655563518696,0.1238220768432432,0.1238220768432432,modeled_population_proxy_population_first_evolved_to_2050_then_hdi_reconciled,0.937,0.9244,0.925796,0.911466,-0.014331,7,0.925204,0.86,51717587,45143134,6887001.246031219,5589716.607092825,-0.188367,modeled_proxy_not_official_subdivision_projection,emerging_mover,moderate
234,Jeju,South Korea,KOR,South Korea,Asia/Pacific,0.937,6.0,0.911,0.12982973178692975,0.11872871439183265,0.11872871439183265,modeled_population_proxy_population_first_evolved_to_2050_then_hdi_reconciled,0.937,0.9244,0.922796,0.908886,-0.013911,7,0.925204,0.86,51717587,45143134,6714480.448877204,5359786.263438229,-0.201757,modeled_proxy_not_official_subdivision_projection,emerging_mover,moderate
344,Gyeongbuk Region,South Korea,KOR,South Korea,Asia/Pacific,0.937,7.0,0.873,0.09414906664713112,0.06974071463946802,0.06974071463946802,modeled_population_proxy_population_first_evolved_to_2050_then_hdi_reconciled,0.937,0.9244,0.884796,0.876206,-0.008591,7,0.925204,0.86,51717587,45143134,4869162.545291802,3148314.4262252664,-0.353418,modeled_proxy_not_official_subdivision_projection,emerging_mover,moderate
24,Prov. Antwerpen,Belgium,BEL,Belgium,Europe,0.951,1.0,0.966,0.11553690504365048,0.13031787303043918,0.13031787303043918,modeled_population_proxy_population_first_evolved_to_2050_then_hdi_reconciled,0.951,0.9489,0.972521,0.965442,-0.007079,11,0.944479,0.86,11738761,11870903,1356260.1149871075,1546990.8299106595,0.14063,modeled_proxy_not_official_subdivision_projection,emerging_mover,slow_growth
32,Bruxelles - Brussel,Belgium,BEL,Belgium,Europe,0.951,2.0,0.961,0.10984019363436058,0.12028242181098116,0.12028242181098116,modeled_population_proxy_population_first_evolved_to_2050_then_hdi_reconciled,0.951,0.9489,0.967521,0.961142,-0.006379,11,0.944479,0.86,11738761,11870903,1289387.7812674802,1427860.9619232416,0.107395,modeled_proxy_not_official_subdivision_projection,emerging_mover,slow_growth
46,Prov. Vlaams-Brabant,Belgium,BEL,Belgium,Europe,0.951,3.0,0.957,0.10548573614017345,0.1128134051996342,0.1128134051996342,modeled_population_proxy_population_first_evolved_to_2050_then_hdi_reconciled,0.951,0.9489,0.963521,0.957702,-0.005819,11,0.944479,0.86,11738761,11870903,1238271.8454585588,1339196.9902245533,0.081505,modeled_proxy_not_official_subdivision_projection,emerging_mover,slow_growth
47,Prov. Brabant Wallon,Belgium,BEL,Belgium,Europe,0.951,4.0,0.957,0.10548573614017345,0.1128134051996342,0.1128134051996342,modeled_population_proxy_population_first_evolved_to_2050_then_hdi_reconciled,0.951,0.9489,0.963521,0.957702,-0.005819,11,0.944479,0.86,11738761,11870903,1238271.8454585588,1339196.9902245533,0.081505,modeled_proxy_not_official_subdivision_projection,emerging_mover,slow_growth
51,Prov. Oost-Vlaanderen,Belgium,BEL,Belgium,Europe,0.951,5.0,0.955,0.10337367644229173,0.10925466270540014,0.10925466270540014,modeled_population_proxy_population_first_evolved_to_2050_then_hdi_reconciled,0.951,0.9489,0.961521,0.955982,-0.005539,11,0.944479,0.86,11738761,11870903,1213478.881447393,1296951.5032735227,0.068788,modeled_proxy_not_official_subdivision_projection,emerging_mover,slow_growth
73,Prov. West-Vlaanderen,Belgium,BEL,Belgium,Europe,0.951,6.0,0.948,0.0963089717941671,0.09766016047364555,0.09766016047364555,modeled_population_proxy_population_first_evolved_to_2050_then_hdi_reconciled,0.951,0.9489,0.954521,0.949962,-0.004559,11,0.944479,0.86,11738761,11870903,1130548.0020474687,1159314.2919470803,0.025445,modeled_proxy_not_official_subdivision_projection,emerging_mover,slow_growth
86,Prov. Limburg,Belgium,BEL,Belgium,Europe,0.951,7.0,0.946,0.09438065138504004,0.09457943294435714,0.09457943294435714,modeled_population_proxy_population_first_evolved_to_2050_then_hdi_reconciled,0.951,0.9489,0.952521,0.948242,-0.004279,11,0.944479,0.86,11738761,11870903,1107911.909633304,1122743.274277468,0.013387,modeled_proxy_not_official_subdivision_projection,emerging_mover,slow_growth
190,Prov. Namur,Belgium,BEL,Belgium,Europe,0.951,8.0,0.92,0.07255943349374837,0.062348677433827805,0.062348677433827805,modeled_population_proxy_population_first_evolved_to_2050_then_hdi_reconciled,0.951,0.9489,0.926521,0.925882,-0.000639,11,0.944479,0.86,11738761,11870903,851757.8480785071,740135.1019952588,-0.13105,modeled_proxy_not_official_subdivision_projection,emerging_mover,slow_growth
212,Prov. Liege,Belgium,BEL,Belgium,Europe,0.951,9.0,0.916,0.06968291845406634,0.05847709503269713,0.05847709503269713,modeled_population_proxy_population_first_evolved_to_2050_then_hdi_reconciled,0.951,0.9489,0.922521,0.922442,-7.9e-05,11,0.944479,0.86,11738761,11870903,817991.1255147742,694175.9228549295,-0.151365,modeled_proxy_not_official_subdivision_projection,emerging_mover,slow_growth
231,Prov. Luxembourg,Belgium,BEL,Belgium,Europe,0.951,10.0,0.911,0.06624710306295885,0.053973921208495965,0.053973921208495965,modeled_population_proxy_population_first_evolved_to_2050_then_hdi_reconciled,0.951,0.9489,0.917521,0.918142,0.000621,11,0.944479,0.86,11738761,11870903,777658.9097984419,640719.1831956984,-0.176092,modeled_proxy_not_official_subdivision_projection,emerging_mover,slow_growth
251,Prov. Hainaut,Belgium,BEL,Belgium,Europe,0.951,11.0,0.903,0.06109867440936969,0.047478944960887434,0.047478944960887434,modeled_population_proxy_population_first_evolved_to_2050_then_hdi_reconciled,0.951,0.9489,0.909521,0.911262,0.001741,11,0.944479,0.86,11738761,11870903,717222.7363084069,563617.9501730335,-0.214166,modeled_proxy_not_official_subdivision_projection,emerging_mover,slow_growth
34,Massachusetts,United States,USA,USA,America,0.938,1.0,0.961,0.020308692120227456,0.024024362971597407,0.024024362971597407,seeded_population_prior_population_first_evolved_to_2050_then_hdi_reconciled,0.938,0.9406,0.969084,0.965635,-0.003449,51,0.929916,0.859012,345426566,380846905,7015161.779041429,9149604.282329476,0.304261,modeled_proxy_not_official_subdivision_projection,emerging_mover,slow_growth
35,New Hampshire,United States,USA,USA,America,0.938,2.0,0.961,0.004163281884646629,0.004924994409177469,0.004924994409177469,seeded_population_prior_population_first_evolved_to_2050_then_hdi_reconciled,0.938,0.9406,0.969084,0.965635,-0.003449,51,0.929916,0.859012,345426566,380846905,1438108.1647034932,1875668.8778775427,0.304261,modeled_proxy_not_official_subdivision_projection,emerging_mover,slow_growth
37,Minnesota,United States,USA,USA,America,0.938,3.0,0.96,0.01726238830219334,0.020306754131458108,0.020306754131458108,seeded_population_prior_population_first_evolved_to_2050_then_hdi_reconciled,0.938,0.9406,0.968084,0.964776,-0.003308,51,0.929916,0.859012,345426566,380846905,5962887.512185216,7733764.461561783,0.296983,modeled_proxy_not_official_subdivision_projection,emerging_mover,slow_growth
45,Colorado,United States,USA,USA,America,0.938,4.0,0.958,0.01726238830219334,0.020080749505187623,0.020080749505187623,seeded_population_prior_population_first_evolved_to_2050_then_hdi_reconciled,0.938,0.9406,0.966084,0.963058,-0.003026,51,0.929916,0.859012,345426566,380846905,5962887.512185216,7647691.299130987,0.282548,modeled_proxy_not_official_subdivision_projection,emerging_mover,slow_growth
49,Hawaii,United States,USA,USA,America,0.938,5.0,0.957,0.004366368805848903,0.005050904496637237,0.005050904496637237,seeded_population_prior_population_first_evolved_to_2050_then_hdi_reconciled,0.938,0.9406,0.965084,0.962199,-0.002885,51,0.929916,0.859012,345426566,380846905,1508259.7824939073,1923621.3449948744,0.275391,modeled_proxy_not_official_subdivision_projection,emerging_mover,slow_growth
50,Washington,United States,USA,USA,America,0.938,6.0,0.957,0.023354995938261576,0.027016465912245685,0.027016465912245685,seeded_population_prior_population_first_evolved_to_2050_then_hdi_reconciled,0.938,0.9406,0.965084,0.962199,-0.002885,51,0.929916,0.859012,345426566,380846905,8067436.045897644,10289137.426716771,0.275391,modeled_proxy_not_official_subdivision_projection,emerging_mover,slow_growth
55,Connecticut,United States,USA,USA,America,0.938,7.0,0.955,0.0111697806661251,0.012777114731854692,0.012777114731854692,seeded_population_prior_population_first_evolved_to_2050_then_hdi_reconciled,0.938,0.9406,0.963084,0.960481,-0.002603,51,0.929916,0.859012,345426566,380846905,3858338.978472786,4866124.600456765,0.261197,modeled_proxy_not_official_subdivision_projection,emerging_mover,slow_growth
56,Vermont,United States,USA,USA,America,0.938,8.0,0.955,0.0019293257514216085,0.0022069561809567196,0.0022069561809567196,seeded_population_prior_population_first_evolved_to_2050_then_hdi_reconciled,0.938,0.9406,0.963084,0.960481,-0.002603,51,0.929916,0.859012,345426566,380846905,666440.3690089359,840512.4309879866,0.261197,modeled_proxy_not_official_subdivision_projection,emerging_mover,slow_growth
64,District of Columbia,United States,USA,USA,America,0.938,9.0,0.952,0.002030869212022746,0.002284437166093864,0.002284437166093864,seeded_population_prior_population_first_evolved_to_2050_then_hdi_reconciled,0.938,0.9406,0.960084,0.957904,-0.00218,51,0.929916,0.859012,345426566,380846905,701516.177904143,870020.8243738192,0.240201,modeled_proxy_not_official_subdivision_projection,emerging_mover,slow_growth
71,Oregon,United States,USA,USA,America,0.938,10.0,0.949,0.013200649878147846,0.014601641653363735,0.014601641653363735,seeded_population_prior_population_first_evolved_to_2050_then_hdi_reconciled,0.938,0.9406,0.957084,0.955327,-0.001757,51,0.929916,0.859012,345426566,380846905,4559855.156376929,5560990.031602661,0.219554,modeled_proxy_not_official_subdivision_projection,emerging_mover,slow_growth
79,New Jersey,United States,USA,USA,America,0.938,11.0,0.948,0.02843216896831844,0.03127418991085429,0.03127418991085429,seeded_population_prior_population_first_evolved_to_2050_then_hdi_reconciled,0.938,0.9406,0.956084,0.954468,-0.001616,51,0.929916,0.859012,345426566,380846905,9821226.490658002,11910678.433931082,0.212749,modeled_proxy_not_official_subdivision_projection,emerging_mover,slow_growth
80,Virginia,United States,USA,USA,America,0.938,12.0,0.948,0.026401299756295692,0.029040319202936125,0.029040319202936125,seeded_population_prior_population_first_evolved_to_2050_then_hdi_reconciled,0.938,0.9406,0.956084,0.954468,-0.001616,51,0.929916,0.859012,345426566,380846905,9119710.312753858,11059915.68865029,0.212749,modeled_proxy_not_official_subdivision_projection,emerging_mover,slow_growth
85,Maryland,United States,USA,USA,America,0.938,13.0,0.947,0.01827782290820471,0.019992644649301856,0.019992644649301856,seeded_population_prior_population_first_evolved_to_2050_then_hdi_reconciled,0.938,0.9406,0.955084,0.953609,-0.001475,51,0.929916,0.859012,345426566,380846905,6313645.601137286,7614136.837451423,0.205981,modeled_proxy_not_official_subdivision_projection,emerging_mover,slow_growth
91,North Dakota,United States,USA,USA,America,0.938,14.0,0.945,0.0023354995938261575,0.002526184033441413,0.002526184033441413,seeded_population_prior_population_first_evolved_to_2050_then_hdi_reconciled,0.938,0.9406,0.953084,0.951891,-0.001193,51,0.929916,0.859012,345426566,380846905,806743.6045897644,962089.3705965787,0.192559,modeled_proxy_not_official_subdivision_projection,emerging_mover,slow_growth
92,Rhode Island,United States,USA,USA,America,0.938,15.0,0.945,0.0033509341998375305,0.0036245249175463757,0.0036245249175463757,seeded_population_prior_population_first_evolved_to_2050_then_hdi_reconciled,0.938,0.9406,0.953084,0.951891,-0.001193,51,0.929916,0.859012,345426566,380846905,1157501.693541836,1380389.0969429174,0.192559,modeled_proxy_not_official_subdivision_projection,emerging_mover,slow_growth
104,New York,United States,USA,USA,America,0.938,16.0,0.942,0.05889520714865963,0.06264324628850321,0.06264324628850321,seeded_population_prior_population_first_evolved_to_2050_then_hdi_reconciled,0.938,0.9406,0.950084,0.949314,-0.00077,51,0.929916,0.859012,345426566,380846905,20343969.159220148,23857486.468129184,0.172706,modeled_proxy_not_official_subdivision_projection,emerging_mover,slow_growth
105,Utah,United States,USA,USA,America,0.938,17.0,0.942,0.010154346060113728,0.010800559704914345,0.010800559704914345,seeded_population_prior_population_first_evolved_to_2050_then_hdi_reconciled,0.938,0.9406,0.950084,0.949314,-0.00077,51,0.929916,0.859012,345426566,380846905,3507580.8895207145,4113359.7358843414,0.172706,modeled_proxy_not_official_subdivision_projection,emerging_mover,slow_growth
111,Nebraska,United States,USA,USA,America,0.938,18.0,0.941,0.005889520714865962,0.006229367598906927,0.006229367598906927,seeded_population_prior_population_first_evolved_to_2050_then_hdi_reconciled,0.938,0.9406,0.949084,0.948455,-0.000629,51,0.929916,0.859012,345426566,380846905,2034396.9159220145,2372435.3701509847,0.166162,modeled_proxy_not_official_subdivision_projection,emerging_mover,slow_growth
112,Wyoming,United States,USA,USA,America,0.938,19.0,0.941,0.0017262388302193338,0.0018258491238175476,0.0018258491238175476,seeded_population_prior_population_first_evolved_to_2050_then_hdi_reconciled,0.938,0.9406,0.949084,0.948455,-0.000629,51,0.929916,0.859012,345426566,380846905,596288.7512185215,695368.9878028748,0.166162,modeled_proxy_not_official_subdivision_projection,emerging_mover,slow_growth
114,Alaska,United States,USA,USA,America,0.938,20.0,0.94,0.0022339561332250205,0.0023496780017210816,0.0023496780017210816,seeded_population_prior_population_first_evolved_to_2050_then_hdi_reconciled,0.938,0.9406,0.948084,0.947596,-0.000488,51,0.929916,0.859012,345426566,380846905,771667.7956945574,894867.5947020586,0.159654,modeled_proxy_not_official_subdivision_projection,emerging_mover,slow_growth
115,California,United States,USA,USA,America,0.938,21.0,0.94,0.11880584890333064,0.12496014827334843,0.12496014827334843,seeded_population_prior_population_first_evolved_to_2050_then_hdi_reconciled,0.938,0.9406,0.948084,0.947596,-0.000488,51,0.929916,0.859012,345426566,380846905,41038696.40739237,47590685.71824584,0.159654,modeled_proxy_not_official_subdivision_projection,emerging_mover,slow_growth
116,Illinois,United States,USA,USA,America,0.938,22.0,0.94,0.03757108042242079,0.03951731184712728,0.03951731184712728,seeded_population_prior_population_first_evolved_to_2050_then_hdi_reconciled,0.938,0.9406,0.948084,0.947596,-0.000488,51,0.929916,0.859012,345426566,380846905,12978049.291226644,15050045.910898257,0.159654,modeled_proxy_not_official_subdivision_projection,emerging_mover,slow_growth
117,Maine,United States,USA,USA,America,0.938,23.0,0.94,0.004163281884646629,0.0043789453668438335,0.0043789453668438335,seeded_population_prior_population_first_evolved_to_2050_then_hdi_reconciled,0.938,0.9406,0.948084,0.947596,-0.000488,51,0.929916,0.859012,345426566,380846905,1438108.1647034932,1667707.7901265635,0.159654,modeled_proxy_not_official_subdivision_projection,emerging_mover,slow_growth
118,South Dakota,United States,USA,USA,America,0.938,24.0,0.94,0.002741673436230707,0.002883695729384964,0.002883695729384964,seeded_population_prior_population_first_evolved_to_2050_then_hdi_reconciled,0.938,0.9406,0.948084,0.947596,-0.000488,51,0.929916,0.859012,345426566,380846905,947046.8401705931,1098246.593497981,0.159654,modeled_proxy_not_official_subdivision_projection,emerging_mover,slow_growth
121,Wisconsin,United States,USA,USA,America,0.938,25.0,0.939,0.01726238830219334,0.01805528281491722,0.01805528281491722,seeded_population_prior_population_first_evolved_to_2050_then_hdi_reconciled,0.938,0.9406,0.947084,0.946737,-0.000347,51,0.929916,0.859012,345426566,380846905,5962887.512185216,6876298.57896091,0.153183,modeled_proxy_not_official_subdivision_projection,emerging_mover,slow_growth
125,Pennsylvania,United States,USA,USA,America,0.938,26.0,0.938,0.03858651502843217,0.040133651468164146,0.040133651468164146,seeded_population_prior_population_first_evolved_to_2050_then_hdi_reconciled,0.938,0.9406,0.946084,0.945878,-0.000206,51,0.929916,0.859012,345426566,380846905,13328807.380178716,15284776.947999021,0.146748,modeled_proxy_not_official_subdivision_projection,emerging_mover,slow_growth
135,Florida,United States,USA,USA,America,0.938,27.0,0.935,0.06701868399675061,0.0685453701330666,0.0685453701330666,seeded_population_prior_population_first_evolved_to_2050_then_hdi_reconciled,0.938,0.9406,0.943084,0.943301,0.000217,51,0.929916,0.859012,345426566,380846905,23150033.870836716,26105292.06725785,0.127657,modeled_proxy_not_official_subdivision_projection,emerging_mover,slow_growth
139,Iowa,United States,USA,USA,America,0.938,28.0,0.934,0.009646628757108042,0.009811321334110732,0.009811321334110732,seeded_population_prior_population_first_evolved_to_2050_then_hdi_reconciled,0.938,0.9406,0.942084,0.942442,0.000358,51,0.929916,0.859012,345426566,380846905,3332201.845044679,3736611.364056543,0.121364,modeled_proxy_not_official_subdivision_projection,emerging_mover,slow_growth
140,Montana,United States,USA,USA,America,0.938,29.0,0.934,0.0033509341998375305,0.0034081432002700434,0.0034081432002700434,seeded_population_prior_population_first_evolved_to_2050_then_hdi_reconciled,0.938,0.9406,0.942084,0.942442,0.000358,51,0.929916,0.859012,345426566,380846905,1157501.693541836,1297980.7896196411,0.121364,modeled_proxy_not_official_subdivision_projection,emerging_mover,slow_growth
146,Delaware,United States,USA,USA,America,0.938,30.0,0.933,0.0030463038180341185,0.00308102238136659,0.00308102238136659,seeded_population_prior_population_first_evolved_to_2050_then_hdi_reconciled,0.938,0.9406,0.941084,0.941583,0.000499,51,0.929916,0.859012,345426566,380846905,1052274.2668562145,1173397.8381791955,0.115106,modeled_proxy_not_official_subdivision_projection,emerging_mover,slow_growth
154,Kansas,United States,USA,USA,America,0.938,31.0,0.931,0.00863119415109667,0.008632407477276493,0.008632407477276493,seeded_population_prior_population_first_evolved_to_2050_then_hdi_reconciled,0.938,0.9406,0.939084,0.939865,0.000781,51,0.929916,0.859012,345426566,380846905,2981443.756092608,3287625.67041961,0.102696,modeled_proxy_not_official_subdivision_projection,emerging_mover,slow_growth
166,Idaho,United States,USA,USA,America,0.938,32.0,0.927,0.005686433793663688,0.005561345156320758,0.005561345156320758,seeded_population_prior_population_first_evolved_to_2050_then_hdi_reconciled,0.938,0.9406,0.935084,0.936429,0.001344,51,0.929916,0.859012,345426566,380846905,1964245.2981316003,2118021.090421502,0.078287,modeled_proxy_not_official_subdivision_projection,emerging_mover,slow_growth
182,Michigan,United States,USA,USA,America,0.938,33.0,0.923,0.030463038180341184,0.02913344842749765,0.02913344842749765,seeded_population_prior_population_first_evolved_to_2050_then_hdi_reconciled,0.938,0.9406,0.931084,0.932993,0.001908,51,0.929916,0.859012,345426566,380846905,10522742.668562144,11095383.665589597,0.054419,modeled_proxy_not_official_subdivision_projection,emerging_mover,slow_growth
188,Nevada,United States,USA,USA,America,0.938,34.0,0.921,0.009646628757108042,0.00912291550046674,0.00912291550046674,seeded_population_prior_population_first_evolved_to_2050_then_hdi_reconciled,0.938,0.9406,0.929084,0.931275,0.00219,51,0.929916,0.859012,345426566,380846905,3332201.845044679,3474434.132929284,0.042684,modeled_proxy_not_official_subdivision_projection,emerging_mover,slow_growth
198,Ohio,United States,USA,USA,America,0.938,35.0,0.919,0.035540211210398055,0.03323666956872228,0.03323666956872228,seeded_population_prior_population_first_evolved_to_2050_then_hdi_reconciled,0.938,0.9406,0.927084,0.929557,0.002472,51,0.929916,0.859012,345426566,380846905,12276533.113322504,12658082.737755565,0.03108,modeled_proxy_not_official_subdivision_projection,emerging_mover,slow_growth
202,North Carolina,United States,USA,USA,America,0.938,36.0,0.918,0.032493907392363935,0.03021823800541871,0.03021823800541871,seeded_population_prior_population_first_evolved_to_2050_then_hdi_reconciled,0.938,0.9406,0.926084,0.928698,0.002613,51,0.929916,0.859012,345426566,380846905,11224258.846466288,11508522.418917088,0.025326,modeled_proxy_not_official_subdivision_projection,emerging_mover,slow_growth
209,Arizona,United States,USA,USA,America,0.938,37.0,0.917,0.0223395613322502,0.02065910695365302,0.02065910695365302,seeded_population_prior_population_first_evolved_to_2050_then_hdi_reconciled,0.938,0.9406,0.925084,0.927839,0.002754,51,0.929916,0.859012,345426566,380846905,7716677.956945572,7867956.9433627315,0.019604,modeled_proxy_not_official_subdivision_projection,emerging_mover,slow_growth
210,Texas,United States,USA,USA,America,0.938,38.0,0.917,0.08834281072298943,0.08169737749853695,0.08169737749853695,seeded_population_prior_population_first_evolved_to_2050_then_hdi_reconciled,0.938,0.9406,0.925084,0.927839,0.002754,51,0.929916,0.859012,345426566,380846905,30515953.738830216,31114193.36693444,0.019604,modeled_proxy_not_official_subdivision_projection,emerging_mover,slow_growth
218,Georgia,United States,USA,USA,America,0.938,39.0,0.915,0.032493907392363935,0.02971517208164372,0.02971517208164372,seeded_population_prior_population_first_evolved_to_2050_then_hdi_reconciled,0.938,0.9406,0.923084,0.926121,0.003036,51,0.929916,0.859012,345426566,380846905,11224258.846466288,11316931.318836419,0.008256,modeled_proxy_not_official_subdivision_projection,emerging_mover,slow_growth
219,Missouri,United States,USA,USA,America,0.938,40.0,0.915,0.01827782290820471,0.01671478429592459,0.01671478429592459,seeded_population_prior_population_first_evolved_to_2050_then_hdi_reconciled,0.938,0.9406,0.923084,0.926121,0.003036,51,0.929916,0.859012,345426566,380846905,6313645.601137286,6365773.866845484,0.008256,modeled_proxy_not_official_subdivision_projection,emerging_mover,slow_growth
229,Indiana,United States,USA,USA,America,0.938,41.0,0.913,0.020308692120227456,0.018365285116844845,0.018365285116844845,seeded_population_prior_population_first_evolved_to_2050_then_hdi_reconciled,0.938,0.9406,0.921084,0.924402,0.003318,51,0.929916,0.859012,345426566,380846905,7015161.779041429,6994361.996192923,-0.002965,modeled_proxy_not_official_subdivision_projection,emerging_mover,slow_growth
249,South Carolina,United States,USA,USA,America,0.938,42.0,0.904,0.016246953696181968,0.013970598075439006,0.013970598075439006,seeded_population_prior_population_first_evolved_to_2050_then_hdi_reconciled,0.938,0.9406,0.912084,0.916671,0.004587,51,0.929916,0.859012,345426566,380846905,5612129.423233144,5320659.038029902,-0.051936,modeled_proxy_not_official_subdivision_projection,emerging_mover,slow_growth
250,Tennessee,United States,USA,USA,America,0.938,43.0,0.904,0.021324126726238832,0.018336409974013694,0.018336409974013694,seeded_population_prior_population_first_evolved_to_2050_then_hdi_reconciled,0.938,0.9406,0.912084,0.916671,0.004587,51,0.929916,0.859012,345426566,380846905,7365919.867993502,6983364.9874142455,-0.051936,modeled_proxy_not_official_subdivision_projection,emerging_mover,slow_growth
255,Oklahoma,United States,USA,USA,America,0.938,44.0,0.902,0.012185215272136474,0.01036133391534801,0.01036133391534801,seeded_population_prior_population_first_evolved_to_2050_then_hdi_reconciled,0.938,0.9406,0.910084,0.914953,0.004869,51,0.929916,0.859012,345426566,380846905,4209097.067424858,3946081.9533318216,-0.062487,modeled_proxy_not_official_subdivision_projection,emerging_mover,slow_growth
280,New Mexico,United States,USA,USA,America,0.938,45.0,0.895,0.006397238017871649,0.005230737208752623,0.005230737208752623,seeded_population_prior_population_first_evolved_to_2050_then_hdi_reconciled,0.938,0.9406,0.903084,0.90894,0.005856,51,0.929916,0.859012,345426566,380846905,2209775.9603980505,1992110.0768217754,-0.098501,modeled_proxy_not_official_subdivision_projection,emerging_mover,slow_growth
293,Louisiana,United States,USA,USA,America,0.938,46.0,0.892,0.013200649878147846,0.010613895726491433,0.010613895726491433,seeded_population_prior_population_first_evolved_to_2050_then_hdi_reconciled,0.938,0.9406,0.900084,0.906363,0.006279,51,0.929916,0.859012,345426566,380846905,4559855.156376929,4042269.337426989,-0.113509,modeled_proxy_not_official_subdivision_projection,emerging_mover,slow_growth
300,Arkansas,United States,USA,USA,America,0.938,47.0,0.89,0.009138911454102354,0.007266300962659321,0.007266300962659321,seeded_population_prior_population_first_evolved_to_2050_then_hdi_reconciled,0.938,0.9406,0.898084,0.904645,0.006561,51,0.929916,0.859012,345426566,380846905,3156822.800568643,2767348.232427323,-0.123375,modeled_proxy_not_official_subdivision_projection,emerging_mover,slow_growth
301,Kentucky,United States,USA,USA,America,0.938,48.0,0.89,0.013200649878147846,0.010495768057174577,0.010495768057174577,seeded_population_prior_population_first_evolved_to_2050_then_hdi_reconciled,0.938,0.9406,0.898084,0.904645,0.006561,51,0.929916,0.859012,345426566,380846905,4559855.156376929,3997280.7801728006,-0.123375,modeled_proxy_not_official_subdivision_projection,emerging_mover,slow_growth
309,Alabama,United States,USA,USA,America,0.938,49.0,0.887,0.015231519090170592,0.011908888900345365,0.011908888900345365,seeded_population_prior_population_first_evolved_to_2050_then_hdi_reconciled,0.938,0.9406,0.895084,0.902068,0.006984,51,0.929916,0.859012,345426566,380846905,5261371.334281072,4535463.479685386,-0.137969,modeled_proxy_not_official_subdivision_projection,emerging_mover,slow_growth
326,West Virginia,United States,USA,USA,America,0.938,50.0,0.88,0.005280259951259139,0.003969824033086638,0.003969824033086638,seeded_population_prior_population_first_evolved_to_2050_then_hdi_reconciled,0.938,0.9406,0.888084,0.896055,0.007971,51,0.929916,0.859012,345426566,380846905,1823942.0625507717,1511895.1963956635,-0.171084,modeled_proxy_not_official_subdivision_projection,emerging_mover,slow_growth
361,Mississippi,United States,USA,USA,America,0.938,51.0,0.868,0.00863119415109667,0.006433655925268075,0.006433655925268075,seeded_population_prior_population_first_evolved_to_2050_then_hdi_reconciled,0.938,0.9406,0.876084,0.885747,0.009663,51,0.929916,0.859012,345426566,380846905,2981443.756092608,2450237.9469732577,-0.178171,modeled_proxy_not_official_subdivision_projection,emerging_mover,slow_growth
39,Ile de France,France,FRA,France,Europe,0.92,1.0,0.959,0.055132247066998694,0.06877453450528208,0.06877453450528208,modeled_population_proxy_population_first_evolved_to_2050_then_hdi_reconciled,0.92,0.9203,0.981007,0.970022,-0.010986,27,0.897993,0.859886,66548532,68219681,3668970.108170069,4691776.804873836,0.278772,modeled_proxy_not_official_subdivision_projection,emerging_mover,slow_growth
142,Rhone-Alpes,France,FRA,France,Europe,0.92,2.0,0.933,0.04676610973079208,0.052886087966715664,0.052886087966715664,modeled_population_proxy_population_first_evolved_to_2050_then_hdi_reconciled,0.92,0.9203,0.955007,0.947665,-0.007343,27,0.897993,0.859886,66548532,68219681,3112215.949935128,3607872.0504272813,0.159261,modeled_proxy_not_official_subdivision_projection,emerging_mover,slow_growth
185,Provence-Alpes-Cote dAzur,France,FRA,France,Europe,0.92,3.0,0.921,0.043345402183722896,0.04684748342011804,0.04684748342011804,modeled_population_proxy_population_first_evolved_to_2050_then_hdi_reconciled,0.92,0.9203,0.943007,0.937346,-0.005661,27,0.897993,0.859886,66548532,68219681,2884572.884276353,3195920.3745732415,0.107935,modeled_proxy_not_official_subdivision_projection,emerging_mover,slow_growth
191,Midi-Pyrenees,France,FRA,France,Europe,0.92,4.0,0.92,0.04307189898348071,0.04637653898846864,0.04637653898846864,modeled_population_proxy_population_first_evolved_to_2050_then_hdi_reconciled,0.92,0.9203,0.942007,0.936486,-0.005521,27,0.897993,0.859886,66548532,68219681,2866371.6478029336,3163792.6956773936,0.103762,modeled_proxy_not_official_subdivision_projection,emerging_mover,slow_growth
204,Aquitaine,France,FRA,France,Europe,0.92,5.0,0.917,0.04226170048726434,0.04499192142571667,0.04499192142571667,modeled_population_proxy_population_first_evolved_to_2050_then_hdi_reconciled,0.92,0.9203,0.939007,0.933906,-0.005101,27,0.897993,0.859886,66548532,68219681,2812454.1272511263,3069334.5272394563,0.091337,modeled_proxy_not_official_subdivision_projection,emerging_mover,slow_growth
216,Pays de la Loire,France,FRA,France,Europe,0.92,6.0,0.915,0.041730052706521865,0.04409188618954734,0.04409188618954734,modeled_population_proxy_population_first_evolved_to_2050_then_hdi_reconciled,0.92,0.9203,0.937007,0.932187,-0.004821,27,0.897993,0.859886,66548532,68219681,2777073.747901657,3007934.410539225,0.083131,modeled_proxy_not_official_subdivision_projection,emerging_mover,slow_growth
220,Alsace,France,FRA,France,Europe,0.92,7.0,0.914,0.041466742127163704,0.04364864299341508,0.04364864299341508,modeled_population_proxy_population_first_evolved_to_2050_then_hdi_reconciled,0.92,0.9203,0.936007,0.931327,-0.00468,27,0.897993,0.859886,66548532,68219681,2759550.8153853016,2977696.501093662,0.079051,modeled_proxy_not_official_subdivision_projection,emerging_mover,slow_growth
226,Bretagne,France,FRA,France,Europe,0.92,8.0,0.913,0.04120509299936635,0.0432098555951154,0.0432098555951154,modeled_population_proxy_population_first_evolved_to_2050_then_hdi_reconciled,0.92,0.9203,0.935007,0.930467,-0.00454,27,0.897993,0.859886,66548532,68219681,2742138.4500313075,2947762.5647548377,0.074987,modeled_proxy_not_official_subdivision_projection,emerging_mover,slow_growth
252,Languedoc-Roussillon,France,FRA,France,Europe,0.92,9.0,0.903,0.03867770759903891,0.039057415411904745,0.039057415411904745,modeled_population_proxy_population_first_evolved_to_2050_then_hdi_reconciled,0.92,0.9203,0.925007,0.921868,-0.003139,27,0.897993,0.859886,66548532,68219681,2573944.661841284,2664484.4200846255,0.035175,modeled_proxy_not_official_subdivision_projection,emerging_mover,slow_growth
258,Haute-Normandie,France,FRA,France,Europe,0.92,10.0,0.901,0.03819114607472372,0.03827609625525446,0.03827609625525446,modeled_population_proxy_population_first_evolved_to_2050_then_hdi_reconciled,0.92,0.9203,0.923007,0.920148,-0.002859,27,0.897993,0.859886,66548532,68219681,2541564.706670426,2611183.0764587536,0.027392,modeled_proxy_not_official_subdivision_projection,emerging_mover,slow_growth
259,Poitou-Charentes,France,FRA,France,Europe,0.92,11.0,0.901,0.03819114607472372,0.03827609625525446,0.03827609625525446,modeled_population_proxy_population_first_evolved_to_2050_then_hdi_reconciled,0.92,0.9203,0.923007,0.920148,-0.002859,27,0.897993,0.859886,66548532,68219681,2541564.706670426,2611183.0764587536,0.027392,modeled_proxy_not_official_subdivision_projection,emerging_mover,slow_growth
264,Auvergne,France,FRA,France,Europe,0.92,12.0,0.899,0.03771070544359585,0.037510406899452745,0.037510406899452745,modeled_population_proxy_population_first_evolved_to_2050_then_hdi_reconciled,0.92,0.9203,0.921007,0.918428,-0.002579,27,0.897993,0.859886,66548532,68219681,2509592.087955713,2558947.9928608653,0.019667,modeled_proxy_not_official_subdivision_projection,emerging_mover,slow_growth
268,Nord,France,FRA,France,Europe,0.92,13.0,0.897,0.03723630870545791,0.0367600346801134,0.0367600346801134,modeled_population_proxy_population_first_evolved_to_2050_then_hdi_reconciled,0.92,0.9203,0.919007,0.916709,-0.002298,27,0.897993,0.859886,66548532,68219681,2478021.6814470445,2507757.839426273,0.012,modeled_proxy_not_official_subdivision_projection,emerging_mover,slow_growth
269,Franche-Comte,France,FRA,France,Europe,0.92,14.0,0.897,0.03723630870545791,0.0367600346801134,0.0367600346801134,modeled_population_proxy_population_first_evolved_to_2050_then_hdi_reconciled,0.92,0.9203,0.919007,0.916709,-0.002298,27,0.897993,0.859886,66548532,68219681,2478021.6814470445,2507757.839426273,0.012,modeled_proxy_not_official_subdivision_projection,emerging_mover,slow_growth
273,Bourgogne,France,FRA,France,Europe,0.92,15.0,0.896,0.037001352998899194,0.03639049650269226,0.03639049650269226,modeled_population_proxy_population_first_evolved_to_2050_then_hdi_reconciled,0.92,0.9203,0.918007,0.915849,-0.002158,27,0.897993,0.859886,66548532,68219681,2462385.724090539,2482548.0628452813,0.008188,modeled_proxy_not_official_subdivision_projection,emerging_mover,slow_growth
274,Limousin,France,FRA,France,Europe,0.92,16.0,0.896,0.037001352998899194,0.03639049650269226,0.03639049650269226,modeled_population_proxy_population_first_evolved_to_2050_then_hdi_reconciled,0.92,0.9203,0.918007,0.915849,-0.002158,27,0.897993,0.859886,66548532,68219681,2462385.724090539,2482548.0628452813,0.008188,modeled_proxy_not_official_subdivision_projection,emerging_mover,slow_growth
277,Centre,France,FRA,France,Europe,0.92,17.0,0.895,0.036767879828766975,0.03602467318750559,0.03602467318750559,modeled_population_proxy_population_first_evolved_to_2050_then_hdi_reconciled,0.92,0.9203,0.917007,0.914989,-0.002018,27,0.897993,0.859886,66548532,68219681,2446848.4273568536,2457591.7129808846,0.004391,modeled_proxy_not_official_subdivision_projection,emerging_mover,slow_growth
285,Champagne-Ardenne,France,FRA,France,Europe,0.92,18.0,0.893,0.036305343738448966,0.035304022141433425,0.035304022141433425,modeled_population_proxy_population_first_evolved_to_2050_then_hdi_reconciled,0.92,0.9203,0.915007,0.913269,-0.001738,27,0.897993,0.859886,66548532,68219681,2416067.3295491706,2408429.128505525,-0.003161,modeled_proxy_not_official_subdivision_projection,emerging_mover,slow_growth
296,Basse-Normandie,France,FRA,France,Europe,0.92,19.0,0.891,0.03584862630386643,0.034597787268618445,0.034597787268618445,modeled_population_proxy_population_first_evolved_to_2050_then_hdi_reconciled,0.92,0.9203,0.913007,0.911549,-0.001458,27,0.897993,0.859886,66548532,68219681,2385673.454738897,2360250.0107710115,-0.010657,modeled_proxy_not_official_subdivision_projection,emerging_mover,slow_growth
303,Lorraine,France,FRA,France,Europe,0.92,20.0,0.888,0.03517430026279834,0.033564836019358626,0.033564836019358626,modeled_population_proxy_population_first_evolved_to_2050_then_hdi_reconciled,0.92,0.9203,0.910007,0.90897,-0.001037,27,0.897993,0.859886,66548532,68219681,2340798.0466164434,2289782.406057955,-0.021794,modeled_proxy_not_official_subdivision_projection,emerging_mover,slow_growth
327,Picardie,France,FRA,France,Europe,0.92,21.0,0.879,0.033226478187300776,0.030647365455721564,0.030647365455721564,modeled_population_proxy_population_first_evolved_to_2050_then_hdi_reconciled,0.92,0.9203,0.901007,0.901231,0.000224,27,0.897993,0.859886,66548532,68219681,2211173.3468948877,2090753.4948797447,-0.05446,modeled_proxy_not_official_subdivision_projection,emerging_mover,slow_growth
341,Corse,France,FRA,France,Europe,0.92,22.0,0.874,0.03219135256933851,0.02913758075002397,0.02913758075002397,modeled_population_proxy_population_first_evolved_to_2050_then_hdi_reconciled,0.92,0.9203,0.896007,0.896931,0.000924,27,0.897993,0.859886,66548532,68219681,2142287.2565839062,1987756.463878376,-0.072134,modeled_proxy_not_official_subdivision_projection,emerging_mover,slow_growth
354,Guadeloupe,France,FRA,France,Europe,0.92,23.0,0.87,0.031386519262155875,0.027983482738745808,0.027983482738745808,modeled_population_proxy_population_first_evolved_to_2050_then_hdi_reconciled,0.92,0.9203,0.892007,0.893492,0.001485,27,0.897993,0.859886,66548532,68219681,2088726.7814861967,1909024.2657062453,-0.086034,modeled_proxy_not_official_subdivision_projection,emerging_mover,slow_growth
376,Martinique,France,FRA,France,Europe,0.92,24.0,0.863,0.030026176594153582,0.026072714233596958,0.026072714233596958,modeled_population_proxy_population_first_evolved_to_2050_then_hdi_reconciled,0.92,0.9203,0.885007,0.887473,0.002465,27,0.897993,0.859886,66548532,68219681,1998197.9739136808,1778672.247820144,-0.109862,modeled_proxy_not_official_subdivision_projection,emerging_mover,slow_growth
389,Reunion,France,FRA,France,Europe,0.92,25.0,0.857,0.028907193582803754,0.024539101456764047,0.024539101456764047,modeled_population_proxy_population_first_evolved_to_2050_then_hdi_reconciled,0.92,0.9203,0.879007,0.882313,0.003306,27,0.897993,0.859886,66548532,68219681,1923731.2971754102,1674049.6734070787,-0.12979,modeled_proxy_not_official_subdivision_projection,emerging_mover,slow_growth
582,French Guyana,France,FRA,France,Europe,0.92,26.0,0.799,0.02197042739212986,0.015940204238187476,0.015940204238187476,modeled_population_proxy_population_first_evolved_to_2050_then_hdi_reconciled,0.92,0.9203,0.821007,0.83244,0.011433,27,0.897993,0.859886,66548532,68219681,1462099.6903588306,1087435.6482039976,-0.256251,modeled_proxy_not_official_subdivision_projection,emerging_mover,slow_growth
621,Mayotte,France,FRA,France,Europe,0.92,27.0,0.789,0.02197042739212986,0.015940204238187476,0.015940204238187476,modeled_population_proxy_population_first_evolved_to_2050_then_hdi_reconciled,0.92,0.9203,0.811007,0.823841,0.012834,27,0.897993,0.859886,66548532,68219681,1462099.6903588306,1087435.6482039976,-0.256251,modeled_proxy_not_official_subdivision_projection,emerging_mover,slow_growth
43,Mazowieckie,Poland,POL,Poland,Europe,0.906,1.0,0.958,0.10032789397086503,0.1329502573626604,0.1329502573626604,modeled_population_proxy_population_first_evolved_to_2050_then_hdi_reconciled,0.906,0.906,0.958963,0.948121,-0.010842,16,0.905037,0.86,38539209,32814092,3866557.674273007,4362641.976522015,0.128301,modeled_proxy_not_official_subdivision_projection,stable_or_slow,moderate
162,Dolnoslaskie,Poland,POL,Poland,Europe,0.906,2.0,0.929,0.07995219445987896,0.09170685017144914,0.09170685017144914,modeled_population_proxy_population_first_evolved_to_2050_then_hdi_reconciled,0.906,0.906,0.929963,0.923181,-0.006782,16,0.905037,0.86,38539209,32814092,3081294.3322979175,3009277.018556148,-0.023372,modeled_proxy_not_official_subdivision_projection,stable_or_slow,moderate
176,Malopolskie,Poland,POL,Poland,Europe,0.906,3.0,0.924,0.07640190872415531,0.08501441260690451,0.08501441260690451,modeled_population_proxy_population_first_evolved_to_2050_then_hdi_reconciled,0.906,0.906,0.924963,0.918881,-0.006082,16,0.905037,0.86,38539209,32814092,2944469.1283191447,2789670.7566089244,-0.052573,modeled_proxy_not_official_subdivision_projection,stable_or_slow,moderate
196,Wielkopolskie,Poland,POL,Poland,Europe,0.906,4.0,0.919,0.07300927380577864,0.07881036517321266,0.07881036517321266,modeled_population_proxy_population_first_evolved_to_2050_then_hdi_reconciled,0.906,0.906,0.919963,0.914581,-0.005382,16,0.905037,0.86,38539209,32814092,2813719.6621391284,2586090.573347396,-0.0809,modeled_proxy_not_official_subdivision_projection,stable_or_slow,moderate
197,Pomorskie,Poland,POL,Poland,Europe,0.906,5.0,0.919,0.07300927380577864,0.07881036517321266,0.07881036517321266,modeled_population_proxy_population_first_evolved_to_2050_then_hdi_reconciled,0.906,0.906,0.919963,0.914581,-0.005382,16,0.905037,0.86,38539209,32814092,2813719.6621391284,2586090.573347396,-0.0809,modeled_proxy_not_official_subdivision_projection,stable_or_slow,moderate
235,Slaskie,Poland,POL,Poland,Europe,0.906,6.0,0.91,0.06727766421941449,0.06876172233402622,0.06876172233402622,modeled_population_proxy_population_first_evolved_to_2050_then_hdi_reconciled,0.906,0.906,0.910963,0.906841,-0.004122,16,0.905037,0.86,38539209,32814092,2592827.962383837,2256353.482747191,-0.129771,modeled_proxy_not_official_subdivision_projection,stable_or_slow,moderate
261,Lodzkie,Poland,POL,Poland,Europe,0.906,7.0,0.901,0.06199601594259431,0.05999432242129504,0.05999432242129504,modeled_population_proxy_population_first_evolved_to_2050_then_hdi_reconciled,0.906,0.906,0.901963,0.899101,-0.002862,16,0.905037,0.86,38539209,32814092,2389277.415578974,1968659.2154100384,-0.176044,modeled_proxy_not_official_subdivision_projection,stable_or_slow,moderate
298,Podlaskie,Poland,POL,Poland,Europe,0.906,8.0,0.891,0.056612381103455935,0.05155748397750261,0.05155748397750261,modeled_population_proxy_population_first_evolved_to_2050_then_hdi_reconciled,0.906,0.906,0.891963,0.890501,-0.001462,16,0.905037,0.86,38539209,32814092,2181796.387333739,1691812.0225262966,-0.224578,modeled_proxy_not_official_subdivision_projection,stable_or_slow,moderate
305,Opolskie,Poland,POL,Poland,Europe,0.906,9.0,0.888,0.05509037310523871,0.049265873151046566,0.049265873151046566,modeled_population_proxy_population_first_evolved_to_2050_then_hdi_reconciled,0.906,0.906,0.888963,0.887921,-0.001042,16,0.905037,0.86,38539209,32814092,2123139.402990774,1616614.894038772,-0.238573,modeled_proxy_not_official_subdivision_projection,stable_or_slow,moderate
307,Kujawsko-Pomorskie,Poland,POL,Poland,Europe,0.906,10.0,0.887,0.054592185106085406,0.048524865531048705,0.048524865531048705,modeled_population_proxy_population_first_evolved_to_2050_then_hdi_reconciled,0.906,0.906,0.887963,0.887061,-0.000902,16,0.905037,0.86,38539209,32814092,2103939.6315701124,1592299.401823461,-0.243182,modeled_proxy_not_official_subdivision_projection,stable_or_slow,moderate
311,Lubelskie,Poland,POL,Poland,Europe,0.906,11.0,0.886,0.05409850227305298,0.047795003400976734,0.047795003400976734,modeled_population_proxy_population_first_evolved_to_2050_then_hdi_reconciled,0.906,0.906,0.886963,0.886201,-0.000762,16,0.905037,0.86,38539209,32814092,2084913.485688164,1568349.6387399635,-0.247763,modeled_proxy_not_official_subdivision_projection,stable_or_slow,moderate
314,Zachodniopomorskie,Poland,POL,Poland,Europe,0.906,12.0,0.884,0.05312448951102157,0.04636804757515702,0.04636804757515702,modeled_population_proxy_population_first_evolved_to_2050_then_hdi_reconciled,0.906,0.906,0.884963,0.884481,-0.000482,16,0.905037,0.86,38539209,32814092,2047375.8042835682,1521525.3789915794,-0.256841,modeled_proxy_not_official_subdivision_projection,stable_or_slow,moderate
318,Podkarpackie,Poland,POL,Poland,Europe,0.906,13.0,0.883,0.05264407920258204,0.04567062612740816,0.04567062612740816,modeled_population_proxy_population_first_evolved_to_2050_then_hdi_reconciled,0.906,0.906,0.883963,0.883621,-0.000342,16,0.905037,0.86,38539209,32814092,2028861.1710008625,1498640.127442375,-0.261339,modeled_proxy_not_official_subdivision_projection,stable_or_slow,moderate
335,Swietokrzyskie,Poland,POL,Poland,Europe,0.906,14.0,0.877,0.04985148709165242,0.04170094562547287,0.04170094562547287,modeled_population_proxy_population_first_evolved_to_2050_then_hdi_reconciled,0.906,0.906,0.877963,0.878461,0.000498,16,0.905037,0.86,38539209,32814092,1921236.879985995,1368378.6662412644,-0.287762,modeled_proxy_not_official_subdivision_projection,stable_or_slow,moderate
342,Lubuskie,Poland,POL,Poland,Europe,0.906,15.0,0.874,0.04851124383394768,0.03984743511455484,0.03984743511455484,modeled_population_proxy_population_first_evolved_to_2050_then_hdi_reconciled,0.906,0.906,0.874963,0.875881,0.000918,16,0.905037,0.86,38539209,32814092,1869584.9649664708,1307557.401813033,-0.300616,modeled_proxy_not_official_subdivision_projection,stable_or_slow,moderate
382,Warminsko-Mazurskie,Poland,POL,Poland,Europe,0.906,16.0,0.862,0.043501033844497945,0.033221424254071916,0.033221424254071916,modeled_population_proxy_population_first_evolved_to_2050_then_hdi_reconciled,0.906,0.906,0.862963,0.865561,0.002598,16,0.905037,0.86,38539209,32814092,1676495.4350491797,1090130.8718441473,-0.349756,modeled_proxy_not_official_subdivision_projection,stable_or_slow,moderate
58,City of Zagreb,Croatia,HRV,Croatia,Europe,0.889,1.0,0.954,0.07647228895756764,0.10306960445799548,0.10306960445799548,modeled_population_proxy_population_first_evolved_to_2050_then_hdi_reconciled,0.889,0.9036,0.967959,0.96573,-0.002229,21,0.875041,0.854452,3875325,3234155,296354.9732044858,333343.0766058484,0.12481,modeled_proxy_not_official_subdivision_projection,emerging_mover,moderate
172,County of Primorje-Gorski Kotar,Croatia,HRV,Croatia,Europe,0.889,2.0,0.925,0.0672917343263017,0.08346251819076454,0.08346251819076454,modeled_population_proxy_population_first_evolved_to_2050_then_hdi_reconciled,0.889,0.9036,0.938959,0.940951,0.001992,21,0.875041,0.854452,3875325,3234155,260777.34032807514,269930.7205192521,0.0351,modeled_proxy_not_official_subdivision_projection,emerging_mover,moderate
203,County of Istria,Croatia,HRV,Croatia,Europe,0.889,3.0,0.917,0.06396653676551238,0.07653024284893946,0.07653024284893946,modeled_population_proxy_population_first_evolved_to_2050_then_hdi_reconciled,0.889,0.9036,0.930959,0.934115,0.003157,21,0.875041,0.854452,3875325,3234155,247891.11909080925,247510.6675611118,-0.001535,modeled_proxy_not_official_subdivision_projection,emerging_mover,moderate
233,County of Dubrovnik-Neretva,Croatia,HRV,Croatia,Europe,0.889,4.0,0.911,0.06158092036226295,0.07171158096287786,0.07171158096287786,modeled_population_proxy_population_first_evolved_to_2050_then_hdi_reconciled,0.889,0.9036,0.924959,0.928989,0.00403,21,0.875041,0.854452,3875325,3234155,238646.0802028867,231926.36812899623,-0.028158,modeled_proxy_not_official_subdivision_projection,emerging_mover,moderate
294,County of Split-Dalmatia,Croatia,HRV,Croatia,Europe,0.889,5.0,0.891,0.0542530260285057,0.05773555115230218,0.05773555115230218,modeled_population_proxy_population_first_evolved_to_2050_then_hdi_reconciled,0.889,0.9036,0.904959,0.9119,0.006941,21,0.875041,0.854452,3875325,3234155,210248.10809391885,186725.72143697386,-0.111879,modeled_proxy_not_official_subdivision_projection,emerging_mover,moderate
322,County of Zadar,Croatia,HRV,Croatia,Europe,0.889,6.0,0.881,0.05092286878669956,0.05180483865685041,0.05180483865685041,modeled_population_proxy_population_first_evolved_to_2050_then_hdi_reconciled,0.889,0.9036,0.894959,0.903355,0.008396,21,0.875041,0.854452,3875325,3234155,197342.6664808165,167544.87796624604,-0.150995,modeled_proxy_not_official_subdivision_projection,emerging_mover,moderate
348,County of Zagreb,Croatia,HRV,Croatia,Europe,0.889,7.0,0.871,0.0477971231338309,0.046483340934648516,0.046483340934648516,modeled_population_proxy_population_first_evolved_to_2050_then_hdi_reconciled,0.889,0.9036,0.884959,0.894811,0.009852,21,0.875041,0.854452,3875325,3234155,185229.38620861323,150334.32950049816,-0.188388,modeled_proxy_not_official_subdivision_projection,emerging_mover,moderate
349,County of Sibenik-Knin,Croatia,HRV,Croatia,Europe,0.889,8.0,0.871,0.0477971231338309,0.046483340934648516,0.046483340934648516,modeled_population_proxy_population_first_evolved_to_2050_then_hdi_reconciled,0.889,0.9036,0.884959,0.894811,0.009852,21,0.875041,0.854452,3875325,3234155,185229.38620861323,150334.32950049816,-0.188388,modeled_proxy_not_official_subdivision_projection,emerging_mover,moderate
364,County of Varazdin,Croatia,HRV,Croatia,Europe,0.889,9.0,0.867,0.04660122314823471,0.04451108068796122,0.04451108068796122,modeled_population_proxy_population_first_evolved_to_2050_then_hdi_reconciled,0.889,0.9036,0.880959,0.891393,0.010434,21,0.875041,0.854452,3875325,3234155,180594.8850969327,143955.7341623732,-0.20288,modeled_proxy_not_official_subdivision_projection,emerging_mover,moderate
369,County of Medimurje,Croatia,HRV,Croatia,Europe,0.889,10.0,0.866,0.046306953004641244,0.044031232240761005,0.044031232240761005,modeled_population_proxy_population_first_evolved_to_2050_then_hdi_reconciled,0.889,0.9036,0.879959,0.890538,0.01058,21,0.875041,0.854452,3875325,3234155,179454.4926527113,142403.8299076184,-0.206463,modeled_proxy_not_official_subdivision_projection,emerging_mover,moderate
380,County of Osijek-Baranja,Croatia,HRV,Croatia,Europe,0.889,11.0,0.862,0.04514833757341131,0.042163013493679125,0.042163013493679125,modeled_population_proxy_population_first_evolved_to_2050_then_hdi_reconciled,0.889,0.9036,0.875959,0.887121,0.011162,21,0.875041,0.854452,3875325,3234155,174964.4813066802,136361.7209056498,-0.220632,modeled_proxy_not_official_subdivision_projection,emerging_mover,moderate
388,County of Karlovac,Croatia,HRV,Croatia,Europe,0.889,12.0,0.857,0.04374074858848245,0.039938812524697526,0.039938812524697526,modeled_population_proxy_population_first_evolved_to_2050_then_hdi_reconciled,0.889,0.9036,0.870959,0.882848,0.01189,21,0.875041,0.854452,3875325,3234155,169509.61652366075,129168.31022081313,-0.237988,modeled_proxy_not_official_subdivision_projection,emerging_mover,moderate
392,County of Lika-Senj,Croatia,HRV,Croatia,Europe,0.889,13.0,0.856,0.0434645413239848,0.039508255079746965,0.039508255079746965,modeled_population_proxy_population_first_evolved_to_2050_then_hdi_reconciled,0.889,0.9036,0.869959,0.881994,0.012035,21,0.875041,0.854452,3875325,3234155,168439.2236063714,127775.82070743905,-0.241413,modeled_proxy_not_official_subdivision_projection,emerging_mover,moderate
418,County of Koprivnica-Krizevc,Croatia,HRV,Croatia,Europe,0.889,14.0,0.847,0.04105585557260861,0.03583621698752328,0.03583621698752328,modeled_population_proxy_population_first_evolved_to_2050_then_hdi_reconciled,0.889,0.9036,0.860959,0.874304,0.013345,21,0.875041,0.854452,3875325,3234155,159104.78349691947,115899.88035128335,-0.27155,modeled_proxy_not_official_subdivision_projection,emerging_mover,moderate
420,County of Sisak-Moslavina,Croatia,HRV,Croatia,Europe,0.889,15.0,0.846,0.040796602452228624,0.03544988727345629,0.03544988727345629,modeled_population_proxy_population_first_evolved_to_2050_then_hdi_reconciled,0.889,0.9036,0.859959,0.873449,0.013491,21,0.875041,0.854452,3875325,3234155,158100.0933981829,114650.43017488503,-0.274824,modeled_proxy_not_official_subdivision_projection,emerging_mover,moderate
438,County of Brod-Posavina,Croatia,HRV,Croatia,Europe,0.889,16.0,0.836,0.03829242690585463,0.0318084032100161,0.0318084032100161,modeled_population_proxy_population_first_evolved_to_2050_then_hdi_reconciled,0.889,0.9036,0.849959,0.864905,0.014946,21,0.875041,0.854452,3875325,3234155,148395.5992989311,102873.30628368963,-0.306763,modeled_proxy_not_official_subdivision_projection,emerging_mover,moderate
442,County of Bjelovar-Bilogora,Croatia,HRV,Croatia,Europe,0.889,17.0,0.835,0.038050623854284836,0.031465495047546505,0.031465495047546505,modeled_population_proxy_population_first_evolved_to_2050_then_hdi_reconciled,0.889,0.9036,0.848959,0.86405,0.015092,21,0.875041,0.854452,3875325,3234155,147458.53388810638,101764.28813549776,-0.309879,modeled_proxy_not_official_subdivision_projection,emerging_mover,moderate
443,County of Vukovar-Srijem,Croatia,HRV,Croatia,Europe,0.889,18.0,0.835,0.038050623854284836,0.031465495047546505,0.031465495047546505,modeled_population_proxy_population_first_evolved_to_2050_then_hdi_reconciled,0.889,0.9036,0.848959,0.86405,0.015092,21,0.875041,0.854452,3875325,3234155,147458.53388810638,101764.28813549776,-0.309879,modeled_proxy_not_official_subdivision_projection,emerging_mover,moderate
445,County of Krapina-Zagorje,Croatia,HRV,Croatia,Europe,0.889,19.0,0.834,0.037810347702952836,0.031126283581421957,0.031126283581421957,modeled_population_proxy_population_first_evolved_to_2050_then_hdi_reconciled,0.889,0.9036,0.847959,0.863196,0.015237,21,0.875041,0.854452,3875325,3234155,146527.3857119457,100667.22567627372,-0.31298,modeled_proxy_not_official_subdivision_projection,emerging_mover,moderate
457,County of Pozega-Slavonia,Croatia,HRV,Croatia,Europe,0.889,20.0,0.83,0.03686432017433484,0.02980561405766587,0.02980561405766587,modeled_population_proxy_population_first_evolved_to_2050_then_hdi_reconciled,0.889,0.9036,0.843959,0.859778,0.015819,21,0.875041,0.854452,3875325,3234155,142861.22157960414,96395.97573267035,-0.325247,modeled_proxy_not_official_subdivision_projection,emerging_mover,moderate
503,County of Virovitica-Podravina,Croatia,HRV,Croatia,Europe,0.889,21.0,0.816,0.03373577435018448,0.02560919262895077,0.02560919262895077,modeled_population_proxy_population_first_evolved_to_2050_then_hdi_reconciled,0.889,0.9036,0.829959,0.847816,0.017857,21,0.875041,0.854452,3875325,3234155,130737.08973362867,82824.09838688427,-0.366484,modeled_proxy_not_official_subdivision_projection,emerging_mover,moderate
61,Dublin,Ireland,IRL,Ireland,Europe,0.949,1.0,0.953,0.1606530035883054,0.18261353130308466,0.18261353130308466,modeled_population_proxy_population_first_evolved_to_2050_then_hdi_reconciled,0.949,0.9513,0.962371,0.961631,-0.000741,8,0.939629,0.859126,5255016,5970040,844234.1043046023,1090210.0864206676,0.29136,modeled_proxy_not_official_subdivision_projection,emerging_mover,slow_growth
70,South-West,Ireland,IRL,Ireland,Europe,0.949,2.0,0.949,0.15001553790626598,0.16376972286626526,0.16376972286626526,modeled_population_proxy_population_first_evolved_to_2050_then_hdi_reconciled,0.949,0.9513,0.958371,0.958194,-0.000177,8,0.939629,0.859126,5255016,5970040,788334.0519460342,977711.7963005182,0.240225,modeled_proxy_not_official_subdivision_projection,emerging_mover,slow_growth
96,West,Ireland,IRL,Ireland,Europe,0.949,3.0,0.944,0.13770366082808377,0.1429254072274752,0.1429254072274752,modeled_population_proxy_population_first_evolved_to_2050_then_hdi_reconciled,0.949,0.9513,0.953371,0.953898,0.000527,8,0.939629,0.859126,5255016,5970040,723634.9409101534,853270.3981643161,0.179145,modeled_proxy_not_official_subdivision_projection,emerging_mover,slow_growth
97,Mid-East,Ireland,IRL,Ireland,Europe,0.949,4.0,0.944,0.13770366082808377,0.1429254072274752,0.1429254072274752,modeled_population_proxy_population_first_evolved_to_2050_then_hdi_reconciled,0.949,0.9513,0.953371,0.953898,0.000527,8,0.939629,0.859126,5255016,5970040,723634.9409101534,853270.3981643161,0.179145,modeled_proxy_not_official_subdivision_projection,emerging_mover,slow_growth
120,Mid-West,Ireland,IRL,Ireland,Europe,0.949,5.0,0.939,0.1264022278632506,0.12473411857587938,0.12473411857587938,modeled_population_proxy_population_first_evolved_to_2050_then_hdi_reconciled,0.949,0.9513,0.948371,0.949603,0.001232,8,0.939629,0.859126,5255016,5970040,664245.7298570276,744667.6772627429,0.121073,modeled_proxy_not_official_subdivision_projection,emerging_mover,slow_growth
144,South-East,Ireland,IRL,Ireland,Europe,0.949,6.0,0.933,0.11405801773428065,0.10593421470797124,0.10593421470797124,modeled_population_proxy_population_first_evolved_to_2050_then_hdi_reconciled,0.949,0.9513,0.942371,0.944448,0.002077,8,0.939629,0.859126,5255016,5970040,599376.7081219285,632431.4991751766,0.055149,modeled_proxy_not_official_subdivision_projection,emerging_mover,slow_growth
199,Midland,Ireland,IRL,Ireland,Europe,0.949,7.0,0.918,0.08821725641640231,0.07041476335323144,0.07041476335323144,modeled_population_proxy_population_first_evolved_to_2050_then_hdi_reconciled,0.949,0.9513,0.927371,0.931561,0.00419,8,0.939629,0.859126,5255016,5970040,463583.0939442968,420378.9538093258,-0.093196,modeled_proxy_not_official_subdivision_projection,emerging_mover,slow_growth
213,Border,Ireland,IRL,Ireland,Europe,0.949,8.0,0.916,0.08524663483532749,0.0666828347386177,0.0666828347386177,modeled_population_proxy_population_first_evolved_to_2050_then_hdi_reconciled,0.949,0.9513,0.925371,0.929843,0.004472,8,0.939629,0.859126,5255016,5970040,447972.4300058033,398099.19070293725,-0.111331,modeled_proxy_not_official_subdivision_projection,emerging_mover,slow_growth
62,Wien,Austria,AUT,Austria,Europe,0.93,1.0,0.952,0.14913656436576647,0.1748762251151542,0.1748762251151542,modeled_population_proxy_population_first_evolved_to_2050_then_hdi_reconciled,0.93,0.9328,0.954014,0.951305,-0.002709,9,0.927986,0.858936,9120815,8724335,1360247.0133157484,1525678.7714400187,0.121619,modeled_proxy_not_official_subdivision_projection,emerging_mover,slow_growth
72,Salzburg,Austria,AUT,Austria,Europe,0.93,2.0,0.948,0.14255900716080613,0.16255223400486524,0.16255223400486524,modeled_population_proxy_population_first_evolved_to_2050_then_hdi_reconciled,0.93,0.9328,0.950014,0.947869,-0.002145,9,0.927986,0.858936,9120815,8724335,1300254.330897388,1418160.144456836,0.090679,modeled_proxy_not_official_subdivision_projection,emerging_mover,slow_growth
106,Tirol,Austria,AUT,Austria,Europe,0.93,3.0,0.941,0.13173861281925958,0.14303810385914617,0.14303810385914617,modeled_population_proxy_population_first_evolved_to_2050_then_hdi_reconciled,0.93,0.9328,0.943014,0.941856,-0.001157,9,0.927986,0.858936,9120815,8724335,1201563.515881095,1247912.335831984,0.038574,modeled_proxy_not_official_subdivision_projection,emerging_mover,slow_growth
167,Steiermark,Austria,AUT,Austria,Europe,0.93,4.0,0.926,0.11123784483724204,0.10875140871007373,0.10875140871007373,modeled_population_proxy_population_first_evolved_to_2050_then_hdi_reconciled,0.93,0.9328,0.928014,0.928972,0.000959,9,0.927986,0.858936,9120815,8724335,1014579.8037591898,948783.7213086011,-0.064851,modeled_proxy_not_official_subdivision_projection,emerging_mover,slow_growth
184,Oberosterreich,Austria,AUT,Austria,Europe,0.93,5.0,0.921,0.10513945611578433,0.09925733418900229,0.09925733418900229,modeled_population_proxy_population_first_evolved_to_2050_then_hdi_reconciled,0.93,0.9328,0.923014,0.924678,0.001664,9,0.927986,0.858936,9120815,8724335,958957.5284326875,865954.2346718092,-0.096984,modeled_proxy_not_official_subdivision_projection,emerging_mover,slow_growth
189,Vorarlberg,Austria,AUT,Austria,Europe,0.93,6.0,0.92,0.10396049964334779,0.09746039114811879,0.09746039114811879,modeled_population_proxy_population_first_evolved_to_2050_then_hdi_reconciled,0.93,0.9328,0.922014,0.923819,0.001805,9,0.927986,0.858936,9120815,8724335,948204.4845545412,850277.1016072229,-0.103277,modeled_proxy_not_official_subdivision_projection,emerging_mover,slow_growth
211,Karnten,Austria,AUT,Austria,Europe,0.93,7.0,0.916,0.09937539915931558,0.09059209905567579,0.09059209905567579,modeled_population_proxy_population_first_evolved_to_2050_then_hdi_reconciled,0.93,0.9328,0.918014,0.920383,0.002369,9,0.927986,0.858936,9120815,8724335,906384.6312832729,790355.8205148992,-0.128013,modeled_proxy_not_official_subdivision_projection,emerging_mover,slow_growth
272,Niederosterreich,Austria,AUT,Austria,Europe,0.93,8.0,0.896,0.0793106530826618,0.06286388038048246,0.06286388038048246,modeled_population_proxy_population_first_evolved_to_2050_then_hdi_reconciled,0.93,0.9328,0.898014,0.903204,0.00519,9,0.927986,0.858936,9120815,8724335,723377.794296138,548445.5518392564,-0.241827,modeled_proxy_not_official_subdivision_projection,emerging_mover,slow_growth
281,Burgenland,Austria,AUT,Austria,Europe,0.93,9.0,0.894,0.07754196281581635,0.06060832353748141,0.06060832353748141,modeled_population_proxy_population_first_evolved_to_2050_then_hdi_reconciled,0.93,0.9328,0.896014,0.901487,0.005473,9,0.927986,0.858936,9120815,8724335,707245.89757994,528767.3183293729,-0.252357,modeled_proxy_not_official_subdivision_projection,emerging_mover,slow_growth
63,Alberta,Canada,CAN,Canada,America,0.939,1.0,0.952,0.119,0.1303518205525602,0.1303518205525602,seeded_population_prior_population_first_evolved_to_2050_then_hdi_reconciled,0.939,0.9418,0.951442,0.951485,4.3e-05,10,0.939558,0.858936,39742429,45621880,4729349.051,5946895.115030435,0.257445,modeled_proxy_not_official_subdivision_projection,emerging_mover,slow_growth
68,British Columbia,Canada,CAN,Canada,America,0.939,2.0,0.95,0.138,0.14885699987668083,0.14885699987668083,seeded_population_prior_population_first_evolved_to_2050_then_hdi_reconciled,0.939,0.9418,0.949442,0.949767,0.000325,10,0.939558,0.858936,39742429,45621880,5484455.2020000005,6791136.185533947,0.238252,modeled_proxy_not_official_subdivision_projection,emerging_mover,slow_growth
87,Ontario,Canada,CAN,Canada,America,0.939,3.0,0.946,0.389,0.40689265296233224,0.40689265296233224,seeded_population_prior_population_first_evolved_to_2050_then_hdi_reconciled,0.939,0.9418,0.945442,0.946331,0.000889,10,0.939558,0.858936,39742429,45621880,15459804.881000001,18563207.786329165,0.20074,modeled_proxy_not_official_subdivision_projection,emerging_mover,slow_growth
141,"Prince Edward Island, Yukon Territory, Northwest Territories, Nunavut",Canada,CAN,Canada,America,0.939,4.0,0.933,0.009,0.008518301119852892,0.008518301119852892,seeded_population_prior_population_first_evolved_to_2050_then_hdi_reconciled,0.939,0.9418,0.932442,0.935165,0.002723,10,0.939558,0.858936,39742429,45621880,357681.861,388620.9114937943,0.086499,modeled_proxy_not_official_subdivision_projection,emerging_mover,slow_growth
155,Quebec,Canada,CAN,Canada,America,0.939,5.0,0.93,0.22,0.20347601011837754,0.20347601011837754,seeded_population_prior_population_first_evolved_to_2050_then_hdi_reconciled,0.939,0.9418,0.929442,0.932588,0.003146,10,0.939558,0.858936,39742429,45621880,8743334.38,9282958.116499405,0.061718,modeled_proxy_not_official_subdivision_projection,emerging_mover,slow_growth
174,Saskatchewan,Canada,CAN,Canada,America,0.939,6.0,0.924,0.03,0.026495486245581703,0.026495486245581703,seeded_population_prior_population_first_evolved_to_2050_then_hdi_reconciled,0.939,0.9418,0.923442,0.927434,0.003992,10,0.939558,0.858936,39742429,45621880,1192272.8699999999,1208773.894037579,0.01384,modeled_proxy_not_official_subdivision_projection,emerging_mover,slow_growth
225,Nova Scotia,Canada,CAN,Canada,America,0.939,7.0,0.913,0.026,0.02110008397161541,0.02110008397161541,seeded_population_prior_population_first_evolved_to_2050_then_hdi_reconciled,0.939,0.9418,0.912442,0.917986,0.005544,10,0.939558,0.858936,39742429,45621880,1033303.154,962625.4989429616,-0.0684,modeled_proxy_not_official_subdivision_projection,emerging_mover,slow_growth
232,Manitoba,Canada,CAN,Canada,America,0.939,8.0,0.911,0.036,0.02876957008744258,0.02876957008744258,seeded_population_prior_population_first_evolved_to_2050_then_hdi_reconciled,0.939,0.9418,0.910442,0.916268,0.005826,10,0.939558,0.858936,39742429,45621880,1430727.444,1312521.8741808948,-0.082619,modeled_proxy_not_official_subdivision_projection,emerging_mover,slow_growth
239,New Brunswick,Canada,CAN,Canada,America,0.939,9.0,0.908,0.02,0.015618557492351814,0.015618557492351814,seeded_population_prior_population_first_evolved_to_2050_then_hdi_reconciled,0.939,0.9418,0.907442,0.913691,0.006249,10,0.939558,0.858936,39742429,45621880,794848.5800000001,712547.9556891754,-0.103543,modeled_proxy_not_official_subdivision_projection,emerging_mover,slow_growth
245,Newfoundland and Labrador,Canada,CAN,Canada,America,0.939,10.0,0.905,0.013,0.009920517573204815,0.009920517573204815,seeded_population_prior_population_first_evolved_to_2050_then_hdi_reconciled,0.939,0.9418,0.904442,0.911115,0.006673,10,0.939558,0.858936,39742429,45621880,516651.577,452592.6622626413,-0.123989,modeled_proxy_not_official_subdivision_projection,emerging_mover,slow_growth
65,"Southern-Kanto (Saitama, Chiba, Tokyo, Kanagawa, Yamanashi, Nagano)",Japan,JPN,Japan,Asia/Pacific,0.925,1.0,0.951,0.1598816130566419,0.20984899634722098,0.20984899634722098,modeled_population_proxy_population_first_evolved_to_2050_then_hdi_reconciled,0.925,0.9078,0.957872,0.933606,-0.024266,10,0.918128,0.86,123753041,105123163,19785835.81574474,22059990.248395316,0.114939,modeled_proxy_not_official_subdivision_projection,stable_or_slow,stagnant
165,"Kansai region (Shiga, Kyoto, Osaka, Hyogo, Nara, Wakayama)",Japan,JPN,Japan,Asia/Pacific,0.925,2.0,0.927,0.1157741374555451,0.1238202151771207,0.1238202151771207,modeled_population_proxy_population_first_evolved_to_2050_then_hdi_reconciled,0.925,0.9078,0.933872,0.912966,-0.020906,10,0.918128,0.86,123753041,105123163,14327401.579275709,13016372.662759533,-0.091505,modeled_proxy_not_official_subdivision_projection,stable_or_slow,stagnant
173,"Toukai (Gifu, Shizuoka, Aichi, Mie)",Japan,JPN,Japan,Asia/Pacific,0.925,3.0,0.925,0.1127013989215786,0.11842364676013427,0.11842364676013427,modeled_population_proxy_population_first_evolved_to_2050_then_hdi_reconciled,0.925,0.9078,0.931872,0.911246,-0.020626,10,0.918128,0.86,123753041,105123163,13947140.841499472,12449068.321420016,-0.107411,modeled_proxy_not_official_subdivision_projection,stable_or_slow,stagnant
187,"Chugoku (Tottori, Shimane, Okayama, Hiroshima, Yamaguchi)",Japan,JPN,Japan,Asia/Pacific,0.925,4.0,0.921,0.10679841621403141,0.10832586940374911,0.10832586940374911,modeled_population_proxy_population_first_evolved_to_2050_then_hdi_reconciled,0.925,0.9078,0.927872,0.907806,-0.020066,10,0.918128,0.86,123753041,105123163,13216628.780470094,11387558.02644703,-0.138392,modeled_proxy_not_official_subdivision_projection,stable_or_slow,stagnant
227,"Northern-Kanto, Koshin [sic] (Ibaraki, Tochigi, Gunma)",Japan,JPN,Japan,Asia/Pacific,0.925,5.0,0.913,0.09590380169224286,0.09063995650882489,0.09063995650882489,modeled_population_proxy_population_first_evolved_to_2050_then_hdi_reconciled,0.925,0.9078,0.919872,0.900926,-0.018946,10,0.918128,0.86,123753041,105123163,11868387.102876,9528358.92239011,-0.197165,modeled_proxy_not_official_subdivision_projection,stable_or_slow,stagnant
242,"Hokuriku (Niigata, Toyama, Ishikawa, Fukui)",Japan,JPN,Japan,Asia/Pacific,0.925,6.0,0.907,0.08846858508074779,0.07929765004439063,0.07929765004439063,modeled_population_proxy_population_first_evolved_to_2050_then_hdi_reconciled,0.925,0.9078,0.913872,0.895766,-0.018106,10,0.918128,0.86,123753041,105123163,10948256.43670977,8336019.791133434,-0.238598,modeled_proxy_not_official_subdivision_projection,stable_or_slow,stagnant
248,"Kyushu (Fukuoka, Saga, Nagasaki, Kumamoto, Oita, Miyazaki, Kagoshima, Okinawa)",Japan,JPN,Japan,Asia/Pacific,0.925,7.0,0.904,0.08497001805969588,0.07417040181672006,0.07417040181672006,modeled_population_proxy_population_first_evolved_to_2050_then_hdi_reconciled,0.925,0.9078,0.910872,0.893186,-0.017686,10,0.918128,0.86,123753041,105123163,10515298.128712285,7797027.239954559,-0.258506,modeled_proxy_not_official_subdivision_projection,stable_or_slow,stagnant
253,"Shikoku (Tokushima, Kagawa, Ehime, Kochi)",Japan,JPN,Japan,Asia/Pacific,0.925,8.0,0.903,0.08383484909441628,0.07253607803627073,0.07253607803627073,modeled_population_proxy_population_first_evolved_to_2050_then_hdi_reconciled,0.925,0.9078,0.909872,0.892326,-0.017546,10,0.918128,0.86,123753041,105123163,10374817.517210111,7625221.954787607,-0.265026,modeled_proxy_not_official_subdivision_projection,stable_or_slow,stagnant
267,Hokkaido,Japan,JPN,Japan,Asia/Pacific,0.925,9.0,0.898,0.07838247430638515,0.06488902679847894,0.06488902679847894,modeled_population_proxy_population_first_evolved_to_2050_then_hdi_reconciled,0.925,0.9078,0.904872,0.888026,-0.016846,10,0.918128,0.86,123753041,105123163,9700069.556519527,6821339.741047869,-0.296774,modeled_proxy_not_official_subdivision_projection,stable_or_slow,stagnant
286,"Tohoku (Aomori, Iwate, Miyagi, Akita, Yamagata, Fukushima)",Japan,JPN,Japan,Asia/Pacific,0.925,10.0,0.893,0.07328470611871513,0.0580481591070897,0.0580481591070897,modeled_population_proxy_population_first_evolved_to_2050_then_hdi_reconciled,0.925,0.9078,0.899872,0.883726,-0.016146,10,0.918128,0.86,123753041,105123163,9069205.240982303,6102206.091664525,-0.327151,modeled_proxy_not_official_subdivision_projection,stable_or_slow,stagnant
67,Comunidad de Madrid,Spain,ESP,Spain,Europe,0.918,1.0,0.951,0.07635698695736279,0.09451900385877864,0.09451900385877864,modeled_population_proxy_population_first_evolved_to_2050_then_hdi_reconciled,0.918,0.9141,0.955971,0.943895,-0.012077,19,0.913029,0.86,47910533,44928562,3658303.9434012994,4246602.925047375,0.160812,modeled_proxy_not_official_subdivision_projection,emerging_mover,moderate
84,Pais Vasco,Spain,ESP,Spain,Europe,0.918,2.0,0.947,0.07360937760235656,0.08900035674450862,0.08900035674450862,modeled_population_proxy_population_first_evolved_to_2050_then_hdi_reconciled,0.918,0.9141,0.951971,0.940455,-0.011517,19,0.913029,0.86,47910533,44928562,3526664.5147271645,3998658.046017774,0.133836,modeled_proxy_not_official_subdivision_projection,emerging_mover,moderate
131,Comunidad Foral de Navarra,Spain,ESP,Spain,Europe,0.918,3.0,0.936,0.06655261786997889,0.07542953477549755,0.07542953477549755,modeled_population_proxy_population_first_evolved_to_2050_then_hdi_reconciled,0.918,0.9141,0.940971,0.930995,-0.009977,19,0.913029,0.86,47910533,44928562,3188571.394696013,3388940.529792098,0.06284,modeled_proxy_not_official_subdivision_projection,emerging_mover,moderate
163,Cataluna,Spain,ESP,Spain,Europe,0.918,4.0,0.929,0.062418421004460815,0.06789198385984335,0.06789198385984335,modeled_population_proxy_population_first_evolved_to_2050_then_hdi_reconciled,0.918,0.9141,0.933971,0.924975,-0.008997,19,0.913029,0.86,47910533,44928562,2990499.819342113,3050289.2061499716,0.019993,modeled_proxy_not_official_subdivision_projection,emerging_mover,moderate
179,La Rioja,Spain,ESP,Spain,Europe,0.918,5.0,0.924,0.059623605075254514,0.06297370765880086,0.06297370765880086,modeled_population_proxy_population_first_evolved_to_2050_then_hdi_reconciled,0.918,0.9141,0.928971,0.920675,-0.008297,19,0.913029,0.86,47910533,44928562,2856598.6985369488,2829318.1289183097,-0.00955,modeled_proxy_not_official_subdivision_projection,emerging_mover,moderate
181,Aragon,Spain,ESP,Spain,Europe,0.918,6.0,0.923,0.05907984161019031,0.06203366159880583,0.06203366159880583,modeled_population_proxy_population_first_evolved_to_2050_then_hdi_reconciled,0.918,0.9141,0.927971,0.919815,-0.008157,19,0.913029,0.86,47910533,44928562,2830546.7010997958,2787083.2112289667,-0.015355,modeled_proxy_not_official_subdivision_projection,emerging_mover,moderate
195,Castilla y Leon,Spain,ESP,Spain,Europe,0.918,7.0,0.92,0.05747812524934882,0.059296884418414506,0.059296884418414506,modeled_population_proxy_population_first_evolved_to_2050_then_hdi_reconciled,0.918,0.9141,0.924971,0.917235,-0.007737,19,0.913029,0.86,47910533,44928562,2753807.6165370597,2664123.74799957,-0.032567,modeled_proxy_not_official_subdivision_projection,emerging_mover,moderate
201,Cantabria,Spain,ESP,Spain,Europe,0.918,8.0,0.918,0.056434512238347584,0.05753977787116607,0.05753977787116607,modeled_population_proxy_population_first_evolved_to_2050_then_hdi_reconciled,0.918,0.9141,0.922971,0.915515,-0.007457,19,0.913029,0.86,47910533,44928562,2703807.560934256,2585179.4775509126,-0.043874,modeled_proxy_not_official_subdivision_projection,emerging_mover,moderate
208,Galicia,Spain,ESP,Spain,Europe,0.918,9.0,0.917,0.055919833095997844,0.05668084731916737,0.05668084731916737,modeled_population_proxy_population_first_evolved_to_2050_then_hdi_reconciled,0.918,0.9141,0.921971,0.914655,-0.007317,19,0.913029,0.86,47910533,44928562,2679149.008900297,2546588.962991745,-0.049478,modeled_proxy_not_official_subdivision_projection,emerging_mover,moderate
224,Principado de Asturias,Spain,ESP,Spain,Europe,0.918,10.0,0.914,0.05440378787440848,0.054180223536686535,0.054180223536686535,modeled_population_proxy_population_first_evolved_to_2050_then_hdi_reconciled,0.918,0.9141,0.918971,0.912075,-0.006897,19,0.913029,0.86,47910533,44928562,2606514.4742818475,2434239.5323418803,-0.066094,modeled_proxy_not_official_subdivision_projection,emerging_mover,moderate
246,Comunidad Valenciana,Spain,ESP,Spain,Europe,0.918,11.0,0.905,0.05009783463219581,0.0473210277586102,0.0473210277586102,modeled_population_proxy_population_first_evolved_to_2050_then_hdi_reconciled,0.918,0.9141,0.909971,0.904335,-0.005637,19,0.913029,0.86,47910533,44928562,2400213.9593743603,2126065.7295564394,-0.114218,modeled_proxy_not_official_subdivision_projection,emerging_mover,moderate
288,Region de Murcia,Spain,ESP,Spain,Europe,0.918,12.0,0.893,0.044881983651958765,0.03950681357182031,0.03950681357182031,modeled_population_proxy_population_first_evolved_to_2050_then_hdi_reconciled,0.918,0.9141,0.897971,0.894015,-0.003957,19,0.913029,0.86,47910533,44928562,2150319.758862631,1774984.3229839702,-0.174549,modeled_proxy_not_official_subdivision_projection,emerging_mover,moderate
302,Andalucia,Spain,ESP,Spain,Europe,0.918,13.0,0.889,0.04326696238059537,0.037200143444002624,0.037200143444002624,modeled_population_proxy_population_first_evolved_to_2050_then_hdi_reconciled,0.918,0.9141,0.893971,0.890575,-0.003397,19,0.913029,0.86,47910533,44928562,2072943.228945273,1671348.9511327655,-0.193731,modeled_proxy_not_official_subdivision_projection,emerging_mover,moderate
308,Illes Balears,Spain,ESP,Spain,Europe,0.918,14.0,0.887,0.04248137717420589,0.03609781545080137,0.03609781545080137,modeled_population_proxy_population_first_evolved_to_2050_then_hdi_reconciled,0.918,0.9141,0.891971,0.888855,-0.003117,19,0.913029,0.86,47910533,44928562,2035305.4229902378,1621822.939545887,-0.203155,modeled_proxy_not_official_subdivision_projection,emerging_mover,moderate
315,Castilla-la Mancha,Spain,ESP,Spain,Europe,0.918,15.0,0.884,0.041329662562309105,0.03450526593749596,0.03450526593749596,modeled_population_proxy_population_first_evolved_to_2050_then_hdi_reconciled,0.918,0.9141,0.888971,0.886275,-0.002697,19,0.913029,0.86,47910533,44928562,1980126.162070375,1550271.9799992754,-0.217084,modeled_proxy_not_official_subdivision_projection,emerging_mover,moderate
316,Extremadura,Spain,ESP,Spain,Europe,0.918,16.0,0.884,0.041329662562309105,0.03450526593749596,0.03450526593749596,modeled_population_proxy_population_first_evolved_to_2050_then_hdi_reconciled,0.918,0.9141,0.888971,0.886275,-0.002697,19,0.913029,0.86,47910533,44928562,1980126.162070375,1550271.9799992754,-0.217084,modeled_proxy_not_official_subdivision_projection,emerging_mover,moderate
317,Canarias,Spain,ESP,Spain,Europe,0.918,17.0,0.884,0.041329662562309105,0.03450526593749596,0.03450526593749596,modeled_population_proxy_population_first_evolved_to_2050_then_hdi_reconciled,0.918,0.9141,0.888971,0.886275,-0.002697,19,0.913029,0.86,47910533,44928562,1980126.162070375,1550271.9799992754,-0.217084,modeled_proxy_not_official_subdivision_projection,emerging_mover,moderate
343,Ciudad Autonoma de Melilla,Spain,ESP,Spain,Europe,0.918,18.0,0.874,0.03771140963587814,0.029687040690307448,0.029687040690307448,modeled_population_proxy_population_first_evolved_to_2050_then_hdi_reconciled,0.918,0.9141,0.878971,0.877675,-0.001297,19,0.913029,0.86,47910533,44928562,1806773.7358362577,1333796.048251001,-0.26178,modeled_proxy_not_official_subdivision_projection,emerging_mover,moderate
360,Ciudad Autonoma de Ceuta,Spain,ESP,Spain,Europe,0.918,19.0,0.868,0.035694336260532124,0.027125379630300882,0.027125379630300882,modeled_population_proxy_population_first_evolved_to_2050_then_hdi_reconciled,0.918,0.9141,0.872971,0.872515,-0.000457,19,0.913029,0.86,47910533,44928562,1710134.675323321,1218704.3004935102,-0.287364,modeled_proxy_not_official_subdivision_projection,emerging_mover,moderate
69,Kozep-Magyarorszag,Hungary,HUN,Hungary,Europe,0.87,1.0,0.95,0.22833119820539977,0.2996828865696024,0.2996828865696024,modeled_population_proxy_population_first_evolved_to_2050_then_hdi_reconciled,0.87,0.8813,0.938232,0.933806,-0.004426,7,0.881768,0.855706,9676135,8725349,2209363.4985472057,2614837.774647194,0.183525,modeled_proxy_not_official_subdivision_projection,stable_or_slow,moderate
323,Nyugat-Dunantul,Hungary,HUN,Hungary,Europe,0.87,2.0,0.881,0.1464584792915128,0.14424199244783964,0.14424199244783964,modeled_population_proxy_population_first_evolved_to_2050_then_hdi_reconciled,0.87,0.8813,0.869232,0.874762,0.00553,7,0.881768,0.855706,9676135,8725349,1417152.017519382,1258561.724562765,-0.111908,modeled_proxy_not_official_subdivision_projection,stable_or_slow,moderate
365,Kozep-Dunantul,Hungary,HUN,Hungary,Europe,0.87,3.0,0.867,0.1337493665539127,0.12402978984277015,0.12402978984277015,modeled_population_proxy_population_first_evolved_to_2050_then_hdi_reconciled,0.87,0.8813,0.855232,0.862782,0.00755,7,0.881768,0.855706,9676135,8725349,1294176.926940144,1082203.2027748246,-0.16379,modeled_proxy_not_official_subdivision_projection,stable_or_slow,moderate
366,Del-Alfold,Hungary,HUN,Hungary,Europe,0.87,4.0,0.867,0.1337493665539127,0.12402978984277015,0.12402978984277015,modeled_population_proxy_population_first_evolved_to_2050_then_hdi_reconciled,0.87,0.8813,0.855232,0.862782,0.00755,7,0.881768,0.855706,9676135,8725349,1294176.926940144,1082203.2027748246,-0.16379,modeled_proxy_not_official_subdivision_projection,stable_or_slow,moderate
387,Del-Dunantul,Hungary,HUN,Hungary,Europe,0.87,5.0,0.86,0.12781456330678836,0.11501199991641659,0.11501199991641659,modeled_population_proxy_population_first_evolved_to_2050_then_hdi_reconciled,0.87,0.8813,0.848232,0.856792,0.00856,7,0.881768,0.855706,9676135,8725349,1236750.9695225307,1003519.8384587056,-0.188584,modeled_proxy_not_official_subdivision_projection,stable_or_slow,moderate
407,Eszak-Alfold,Hungary,HUN,Hungary,Europe,0.87,6.0,0.85,0.11979017717564207,0.10325486161469834,0.10325486161469834,modeled_population_proxy_population_first_evolved_to_2050_then_hdi_reconciled,0.87,0.8813,0.838232,0.848235,0.010003,7,0.881768,0.855706,9676135,8725349,1159105.9260254314,900934.7035349465,-0.222733,modeled_proxy_not_official_subdivision_projection,stable_or_slow,moderate
434,Eszak-Magyarorszag,Hungary,HUN,Hungary,Europe,0.87,7.0,0.837,0.11010684891283161,0.08974867976590283,0.08974867976590283,modeled_population_proxy_population_first_evolved_to_2050_then_hdi_reconciled,0.87,0.8813,0.825232,0.837111,0.011879,7,0.881768,0.855706,9676135,8725349,1065408.7345051619,783088.5532467405,-0.264988,modeled_proxy_not_official_subdivision_projection,stable_or_slow,moderate
82,Pohja-Eesti,Estonia,EST,Estonia,Europe,0.905,1.0,0.947,0.2961913543091302,0.37487609947064826,0.37487609947064826,modeled_population_proxy_population_first_evolved_to_2050_then_hdi_reconciled,0.905,0.9078,0.965049,0.953272,-0.011777,5,0.886951,0.858936,1360548,1174264,402982.55472257844,440203.5080688013,0.092364,modeled_proxy_not_official_subdivision_projection,emerging_mover,moderate
329,Louna-Eesti,Estonia,EST,Estonia,Europe,0.905,2.0,0.878,0.1948265344659482,0.18497596428852847,0.18497596428852847,modeled_population_proxy_population_first_evolved_to_2050_then_hdi_reconciled,0.905,0.9078,0.896049,0.894005,-0.002044,5,0.886951,0.858936,1360548,1174264,265070.8518145769,217210.61572930458,-0.180556,modeled_proxy_not_official_subdivision_projection,emerging_mover,moderate
381,Kirde-Eesti,Estonia,EST,Estonia,Europe,0.905,3.0,0.862,0.17679206436271916,0.15702892545623243,0.15702892545623243,modeled_population_proxy_population_first_evolved_to_2050_then_hdi_reconciled,0.905,0.9078,0.880049,0.880262,0.000213,5,0.886951,0.858936,1360548,1174264,240534.08958456884,184393.41412193733,-0.2334,modeled_proxy_not_official_subdivision_projection,emerging_mover,moderate
386,Laane-Eesti,Estonia,EST,Estonia,Europe,0.905,4.0,0.86,0.17465844919248555,0.15384652946317914,0.15384652946317914,modeled_population_proxy_population_first_evolved_to_2050_then_hdi_reconciled,0.905,0.9078,0.878049,0.878544,0.000496,5,0.886951,0.858936,1360548,1174264,237631.20373193783,180656.44107355058,-0.239761,modeled_proxy_not_official_subdivision_projection,emerging_mover,moderate
425,Kesk-Eesti,Estonia,EST,Estonia,Europe,0.905,5.0,0.843,0.157531597669717,0.1292724813214117,0.1292724813214117,modeled_population_proxy_population_first_evolved_to_2050_then_hdi_reconciled,0.905,0.9078,0.861049,0.863943,0.002894,5,0.886951,0.858936,1360548,1174264,214329.30014633812,151800.0210064062,-0.291744,modeled_proxy_not_official_subdivision_projection,emerging_mover,moderate
83,Riga region,Latvia,LVA,Latvia,Europe,0.889,1.0,0.947,0.24671203743936662,0.31366259884074726,0.31366259884074726,modeled_population_proxy_population_first_evolved_to_2050_then_hdi_reconciled,0.889,0.8983,0.938659,0.936071,-0.002588,6,0.897341,0.856466,1871874,1513807,461813.84836977697,474824.6377633151,0.028173,modeled_proxy_not_official_subdivision_projection,stable_or_slow,moderate
237,Pieriga region,Latvia,LVA,Latvia,Europe,0.889,2.0,0.909,0.18656869612530497,0.19527311524235516,0.19527311524235516,modeled_population_proxy_population_first_evolved_to_2050_then_hdi_reconciled,0.889,0.8983,0.900659,0.903525,0.002866,6,0.897341,0.856466,1871874,1513807,349233.0914908591,295605.80876568396,-0.153557,modeled_proxy_not_official_subdivision_projection,stable_or_slow,moderate
325,Kurzeme region,Latvia,LVA,Latvia,Europe,0.889,3.0,0.88,0.15073995201109597,0.1360094491922126,0.1360094491922126,modeled_population_proxy_population_first_evolved_to_2050_then_hdi_reconciled,0.889,0.8983,0.871659,0.878688,0.007029,6,0.897341,0.856466,1871874,1513807,282166.19693081826,205892.0562533158,-0.270316,modeled_proxy_not_official_subdivision_projection,stable_or_slow,moderate
332,Vidzeme region,Latvia,LVA,Latvia,Europe,0.889,4.0,0.878,0.14853932576651394,0.13265891331267965,0.13265891331267965,modeled_population_proxy_population_first_evolved_to_2050_then_hdi_reconciled,0.889,0.8983,0.869659,0.876975,0.007316,6,0.897341,0.856466,1871874,1513807,278046.9018798675,200819.99158512763,-0.277748,modeled_proxy_not_official_subdivision_projection,stable_or_slow,moderate
350,Zemgale region,Latvia,LVA,Latvia,Europe,0.889,5.0,0.871,0.14108706950487143,0.12156881208465095,0.12156881208465095,modeled_population_proxy_population_first_evolved_to_2050_then_hdi_reconciled,0.889,0.8983,0.862659,0.87098,0.00832,6,0.897341,0.856466,1871874,1513807,264097.2171423617,184031.7187154292,-0.303167,modeled_proxy_not_official_subdivision_projection,stable_or_slow,moderate
393,Latgale region,Latvia,LVA,Latvia,Europe,0.889,6.0,0.856,0.12635291915284716,0.10082711132735438,0.10082711132735438,modeled_population_proxy_population_first_evolved_to_2050_then_hdi_reconciled,0.889,0.8983,0.847659,0.858133,0.010473,6,0.897341,0.856466,1871874,1513807,236516.74418631662,152632.78691712834,-0.354664,modeled_proxy_not_official_subdivision_projection,stable_or_slow,moderate
98,Provincia Autonoma di Trento,Italy,ITA,Italy,Europe,0.915,1.0,0.944,0.06309998884932023,0.07370987920269281,0.07370987920269281,modeled_population_proxy_population_first_evolved_to_2050_then_hdi_reconciled,0.915,0.9032,0.943465,0.925268,-0.018196,21,0.915535,0.86,59342870,51891098,3744534.43528666,3824886.5652750945,0.021459,modeled_proxy_not_official_subdivision_projection,stable_or_slow,moderate
101,Emilia-Romagna,Italy,ITA,Italy,Europe,0.915,2.0,0.943,0.06252809043885615,0.07262317482123605,0.07262317482123605,modeled_population_proxy_population_first_evolved_to_2050_then_hdi_reconciled,0.915,0.9032,0.942465,0.924408,-0.018056,21,0.915535,0.86,59342870,51891098,3710596.3422612837,3768496.2817198923,0.015604,modeled_proxy_not_official_subdivision_projection,stable_or_slow,moderate
123,Lazio,Italy,ITA,Italy,Europe,0.915,3.0,0.938,0.05974541506743704,0.0674252999683764,0.0674252999683764,modeled_population_proxy_population_first_evolved_to_2050_then_hdi_reconciled,0.915,0.9032,0.937465,0.920108,-0.017356,21,0.915535,0.86,59342870,51891098,3545464.3994429572,3498772.848338417,-0.013169,modeled_proxy_not_official_subdivision_projection,stable_or_slow,moderate
130,Lombardia,Italy,ITA,Italy,Europe,0.915,4.0,0.936,0.05866733348428323,0.06545185353296533,0.06545185353296533,modeled_population_proxy_population_first_evolved_to_2050_then_hdi_reconciled,0.915,0.9032,0.935465,0.918388,-0.017076,21,0.915535,0.86,59342870,51891098,3481487.9442044664,3396368.54596075,-0.024449,modeled_proxy_not_official_subdivision_projection,stable_or_slow,moderate
157,Toscana,Italy,ITA,Italy,Europe,0.915,5.0,0.93,0.05554841219208881,0.059871361962362285,0.059871361962362285,modeled_population_proxy_population_first_evolved_to_2050_then_hdi_reconciled,0.915,0.9032,0.929465,0.913228,-0.016236,21,0.915535,0.86,59342870,51891098,3296402.203421541,3106790.7109824135,-0.057521,modeled_proxy_not_official_subdivision_projection,stable_or_slow,moderate
168,Provincia Autonoma di Bolzano,Italy,ITA,Italy,Europe,0.915,6.0,0.926,0.05356180239365729,0.05641794496536452,0.05641794496536452,modeled_population_proxy_population_first_evolved_to_2050_then_hdi_reconciled,0.915,0.9032,0.925465,0.909788,-0.015676,21,0.915535,0.86,59342870,51891098,3178511.0764124934,2927589.111156337,-0.078943,modeled_proxy_not_official_subdivision_projection,stable_or_slow,moderate
169,Friuli-Venezia Giulia,Italy,ITA,Italy,Europe,0.915,7.0,0.926,0.05356180239365729,0.05641794496536452,0.05641794496536452,modeled_population_proxy_population_first_evolved_to_2050_then_hdi_reconciled,0.915,0.9032,0.925465,0.909788,-0.015676,21,0.915535,0.86,59342870,51891098,3178511.0764124934,2927589.111156337,-0.078943,modeled_proxy_not_official_subdivision_projection,stable_or_slow,moderate
180,Marche,Italy,ITA,Italy,Europe,0.915,8.0,0.923,0.052118611007038934,0.05395924405158063,0.05395924405158063,modeled_population_proxy_population_first_evolved_to_2050_then_hdi_reconciled,0.915,0.9032,0.922465,0.907208,-0.015256,21,0.915535,0.86,59342870,51891098,3092867.9575712807,2800004.421086488,-0.09469,modeled_proxy_not_official_subdivision_projection,stable_or_slow,moderate
183,Veneto,Italy,ITA,Italy,Europe,0.915,9.0,0.922,0.051646240863492676,0.05316372318565027,0.05316372318565027,modeled_population_proxy_population_first_evolved_to_2050_then_hdi_reconciled,0.915,0.9032,0.921465,0.906348,-0.015116,21,0.915535,0.86,59342870,51891098,3064836.157550934,2758723.96987145,-0.099879,modeled_proxy_not_official_subdivision_projection,stable_or_slow,moderate
186,Liguria,Italy,ITA,Italy,Europe,0.915,10.0,0.921,0.05117815198432017,0.052379930679878665,0.052379930679878665,modeled_population_proxy_population_first_evolved_to_2050_then_hdi_reconciled,0.915,0.9032,0.920465,0.905488,-0.014976,21,0.915535,0.86,59342870,51891098,3037058.420045754,2718052.1161427903,-0.105038,modeled_proxy_not_official_subdivision_projection,stable_or_slow,moderate
192,Piemonte,Italy,ITA,Italy,Europe,0.915,11.0,0.92,0.050714305566847515,0.05160769362311047,0.05160769362311047,modeled_population_proxy_population_first_evolved_to_2050_then_hdi_reconciled,0.915,0.9032,0.919465,0.904628,-0.014836,21,0.915535,0.86,59342870,51891098,3009532.4423937085,2677979.8873508004,-0.110167,modeled_proxy_not_official_subdivision_projection,stable_or_slow,moderate
205,Umbria,Italy,ITA,Italy,Europe,0.915,12.0,0.917,0.04934783831403766,0.04935862404875221,0.04935862404875221,modeled_population_proxy_population_first_evolved_to_2050_then_hdi_reconciled,0.915,0.9032,0.916465,0.902048,-0.014416,21,0.915535,0.86,59342870,51891098,2928442.353850956,2561273.1976589574,-0.12538,modeled_proxy_not_official_subdivision_projection,stable_or_slow,moderate
236,Abruzzo,Italy,ITA,Italy,Europe,0.915,13.0,0.909,0.04588124562131871,0.04382877121455927,0.04382877121455927,modeled_population_proxy_population_first_evolved_to_2050_then_hdi_reconciled,0.915,0.9032,0.908465,0.895168,-0.013296,21,0.915535,0.86,59342870,51891098,2722724.7943439856,2274323.0623142743,-0.164689,modeled_proxy_not_official_subdivision_projection,stable_or_slow,moderate
241,Valle dAosta,Italy,ITA,Italy,Europe,0.915,14.0,0.908,0.04546540701469704,0.0431826038591393,0.0431826038591393,modeled_population_proxy_population_first_evolved_to_2050_then_hdi_reconciled,0.915,0.9032,0.907465,0.894308,-0.013156,21,0.915535,0.86,59342870,51891098,2698047.737970255,2240792.728749776,-0.169476,modeled_proxy_not_official_subdivision_projection,stable_or_slow,moderate
284,Molise,Italy,ITA,Italy,Europe,0.915,15.0,0.894,0.040024272830924315,0.035075370277277244,0.035075370277277244,modeled_population_proxy_population_first_evolved_to_2050_then_hdi_reconciled,0.915,0.9032,0.893465,0.882268,-0.011196,21,0.915535,0.86,59342870,51891098,2375155.219450074,1820099.4764444807,-0.233692,modeled_proxy_not_official_subdivision_projection,stable_or_slow,moderate
304,Basilicata,Italy,ITA,Italy,Europe,0.915,16.0,0.888,0.03789646934433138,0.0320848085498001,0.0320848085498001,modeled_population_proxy_population_first_evolved_to_2050_then_hdi_reconciled,0.915,0.9032,0.887465,0.877108,-0.010356,21,0.915535,0.86,59342870,51891098,2248885.253759642,1664915.944768915,-0.259671,modeled_proxy_not_official_subdivision_projection,stable_or_slow,moderate
306,Sardegna,Italy,ITA,Italy,Europe,0.915,17.0,0.887,0.03755299970233227,0.031611782377373596,0.031611782377373596,modeled_population_proxy_population_first_evolved_to_2050_then_hdi_reconciled,0.915,0.9032,0.886465,0.876248,-0.010216,21,0.915535,0.86,59342870,51891098,2228502.779445543,1640370.0972989663,-0.263914,modeled_proxy_not_official_subdivision_projection,stable_or_slow,moderate
331,Puglia,Italy,ITA,Italy,Europe,0.915,18.0,0.878,0.034598524969302484,0.027656343789793193,0.027656343789793193,modeled_population_proxy_population_first_evolved_to_2050_then_hdi_reconciled,0.915,0.9032,0.877465,0.868508,-0.008956,21,0.915535,0.86,59342870,51891098,2053175.7694450712,1435118.04591785,-0.301025,modeled_proxy_not_official_subdivision_projection,stable_or_slow,moderate
338,Campania,Italy,ITA,Italy,Europe,0.915,19.0,0.876,0.03397420873463255,0.0268468803822285,0.0268468803822285,modeled_population_proxy_population_first_evolved_to_2050_then_hdi_reconciled,0.915,0.9032,0.875465,0.866788,-0.008676,21,0.915535,0.86,59342870,51891098,2016127.0522921637,1393114.1009084964,-0.309015,modeled_proxy_not_official_subdivision_projection,stable_or_slow,moderate
357,Sicilia,Italy,ITA,Italy,Europe,0.915,20.0,0.868,0.03158758456295363,0.02383911222758404,0.02383911222758404,modeled_population_proxy_population_first_evolved_to_2050_then_hdi_reconciled,0.915,0.9032,0.867465,0.859908,-0.007556,21,0.915535,0.86,59342870,51891098,1874497.924333364,1237037.7088345618,-0.34007,modeled_proxy_not_official_subdivision_projection,stable_or_slow,moderate
367,Calabria,Italy,ITA,Italy,Europe,0.915,21.0,0.867,0.0313012946644706,0.023487652314910505,0.023487652314910505,modeled_population_proxy_population_first_evolved_to_2050_then_hdi_reconciled,0.915,0.9032,0.866465,0.859048,-0.007416,21,0.915535,0.86,59342870,51891098,1857508.6601053723,1218800.0680629478,-0.343852,modeled_proxy_not_official_subdivision_projection,stable_or_slow,moderate
124,Bucuresti,Romania,ROU,Romania,Europe,0.845,1.0,0.938,0.20091228469203395,0.2699422890678974,0.2699422890678974,modeled_population_proxy_population_first_evolved_to_2050_then_hdi_reconciled,0.845,0.8723,0.93358,0.940251,0.006671,8,0.84942,0.849626,19015096,16027269,3820366.3809983563,4326437.681366951,0.132467,modeled_proxy_not_official_subdivision_projection,emerging_mover,moderate
415,Vest,Romania,ROU,Romania,Europe,0.845,2.0,0.848,0.1282469360508028,0.12645398982686365,0.12645398982686365,modeled_population_proxy_population_first_evolved_to_2050_then_hdi_reconciled,0.845,0.8723,0.84358,0.863785,0.020205,8,0.84942,0.849626,19015096,16027269,2438627.8007118762,2026712.1110784071,-0.168913,modeled_proxy_not_official_subdivision_projection,emerging_mover,moderate
416,Nord-Vest,Romania,ROU,Romania,Europe,0.845,3.0,0.848,0.1282469360508028,0.12645398982686365,0.12645398982686365,modeled_population_proxy_population_first_evolved_to_2050_then_hdi_reconciled,0.845,0.8723,0.84358,0.863785,0.020205,8,0.84942,0.849626,19015096,16027269,2438627.8007118762,2026712.1110784071,-0.168913,modeled_proxy_not_official_subdivision_projection,emerging_mover,moderate
431,Centru,Romania,ROU,Romania,Europe,0.845,4.0,0.84,0.12287999313598345,0.11755699820928046,0.11755699820928046,modeled_population_proxy_population_first_evolved_to_2050_then_hdi_reconciled,0.845,0.8723,0.83558,0.856988,0.021408,8,0.84942,0.849626,19015096,16027269,2336574.865960066,1884117.6331326563,-0.193641,modeled_proxy_not_official_subdivision_projection,emerging_mover,moderate
480,Sud-Vest Oltenia,Romania,ROU,Romania,Europe,0.845,5.0,0.823,0.11220928924425023,0.10067459346283134,0.10067459346283134,modeled_population_proxy_population_first_evolved_to_2050_then_hdi_reconciled,0.845,0.8723,0.81858,0.842544,0.023964,8,0.84942,0.849626,19015096,16027269,2133670.4070711858,1613538.7908944392,-0.243773,modeled_proxy_not_official_subdivision_projection,emerging_mover,moderate
517,Sud-Est,Romania,ROU,Romania,Europe,0.845,6.0,0.813,0.10637058232487699,0.0918998544865862,0.0918998544865862,modeled_population_proxy_population_first_evolved_to_2050_then_hdi_reconciled,0.845,0.8723,0.80858,0.834048,0.025468,8,0.84942,0.849626,19015096,16027269,2022646.834483439,1472903.688917374,-0.271794,modeled_proxy_not_official_subdivision_projection,emerging_mover,moderate
563,Sud,Romania,ROU,Romania,Europe,0.845,7.0,0.803,0.10083568713731267,0.08388991665284254,0.08388991665284254,modeled_population_proxy_population_first_evolved_to_2050_then_hdi_reconciled,0.845,0.8723,0.79858,0.825552,0.026971,8,0.84942,0.849626,19015096,16027269,1917400.2711419656,1344526.260582687,-0.298776,modeled_proxy_not_official_subdivision_projection,emerging_mover,moderate
567,Nord-Est,Romania,ROU,Romania,Europe,0.845,8.0,0.802,0.10029829136393716,0.0831283684668347,0.0831283684668347,modeled_population_proxy_population_first_evolved_to_2050_then_hdi_reconciled,0.845,0.8723,0.79758,0.824702,0.027122,8,0.84942,0.849626,19015096,16027269,1907181.638921236,1332320.7229490774,-0.301419,modeled_proxy_not_official_subdivision_projection,emerging_mover,moderate
136,Vilnius County,Lithuania,LTU,Lithuania,Europe,0.895,1.0,0.934,0.15979514404731307,0.2159248702121764,0.2159248702121764,modeled_population_proxy_population_first_evolved_to_2050_then_hdi_reconciled,0.895,0.9081,0.949127,0.949708,0.000581,10,0.879873,0.855022,2859112,2258767,456872.2138874014,487723.97131454706,0.067528,modeled_proxy_not_official_subdivision_projection,emerging_mover,moderate
260,Kaunas County,Lithuania,LTU,Lithuania,Europe,0.895,2.0,0.901,0.12211566984626629,0.13653895372241104,0.13653895372241104,modeled_population_proxy_population_first_evolved_to_2050_then_hdi_reconciled,0.895,0.9081,0.916127,0.921492,0.005365,10,0.879873,0.855022,2859112,2258767,349142.3770454981,308409.6828827092,-0.116665,modeled_proxy_not_official_subdivision_projection,emerging_mover,moderate
278,Klaipeda County,Lithuania,LTU,Lithuania,Europe,0.895,3.0,0.895,0.11628841574933063,0.12544381730727291,0.12544381730727291,modeled_population_proxy_population_first_evolved_to_2050_then_hdi_reconciled,0.895,0.9081,0.910127,0.916362,0.006235,10,0.879873,0.855022,2859112,2258767,332481.6049299002,283348.3548876969,-0.147777,modeled_proxy_not_official_subdivision_projection,emerging_mover,moderate
359,Siauliai County,Lithuania,LTU,Lithuania,Europe,0.895,4.0,0.868,0.09332096360567133,0.08566755449032291,0.08566755449032291,modeled_population_proxy_population_first_evolved_to_2050_then_hdi_reconciled,0.895,0.9081,0.883127,0.893276,0.010149,10,0.879873,0.855022,2859112,2258767,266815.08689653815,193503.04505344323,-0.274767,modeled_proxy_not_official_subdivision_projection,emerging_mover,moderate
370,Panevezys County,Lithuania,LTU,Lithuania,Europe,0.895,5.0,0.866,0.0918123070668752,0.08328125601097186,0.08328125601097186,modeled_population_proxy_population_first_evolved_to_2050_then_hdi_reconciled,0.895,0.9081,0.881127,0.891566,0.010439,10,0.879873,0.855022,2859112,2258767,262501.6688825877,188112.95279613486,-0.283384,modeled_proxy_not_official_subdivision_projection,emerging_mover,moderate
373,Telsiai County,Lithuania,LTU,Lithuania,Europe,0.895,6.0,0.865,0.09106714962505304,0.08211315040009141,0.08211315040009141,modeled_population_proxy_population_first_evolved_to_2050_then_hdi_reconciled,0.895,0.9081,0.880127,0.890711,0.010584,10,0.879873,0.855022,2859112,2258767,260371.18029878463,185474.4743897633,-0.287654,modeled_proxy_not_official_subdivision_projection,emerging_mover,moderate
385,Alytus County,Lithuania,LTU,Lithuania,Europe,0.895,7.0,0.861,0.08814650869246239,0.0776022848916154,0.0776022848916154,modeled_population_proxy_population_first_evolved_to_2050_then_hdi_reconciled,0.895,0.9081,0.876127,0.887291,0.011164,10,0.879873,0.855022,2859112,2258767,252020.74076072354,175285.48023777944,-0.30448,modeled_proxy_not_official_subdivision_projection,emerging_mover,moderate
397,Utena County,Lithuania,LTU,Lithuania,Europe,0.895,8.0,0.853,0.0825832289144673,0.06931035068998571,0.06931035068998571,modeled_population_proxy_population_first_evolved_to_2050_then_hdi_reconciled,0.895,0.9081,0.868127,0.880451,0.012324,10,0.879873,0.855022,2859112,2258767,236114.70078810042,156555.93289696696,-0.33695,modeled_proxy_not_official_subdivision_projection,emerging_mover,moderate
410,Marijampole County,Lithuania,LTU,Lithuania,Europe,0.895,9.0,0.85,0.08058874419527269,0.06643461791748437,0.06643461791748437,modeled_population_proxy_population_first_evolved_to_2050_then_hdi_reconciled,0.895,0.9081,0.865127,0.877886,0.012759,10,0.879873,0.855022,2859112,2258767,230412.2455936345,150060.3226096224,-0.348731,modeled_proxy_not_official_subdivision_projection,emerging_mover,moderate
430,Taurage County,Lithuania,LTU,Lithuania,Europe,0.895,10.0,0.84,0.07428186825728812,0.05768314435766807,0.05768314435766807,modeled_population_proxy_population_first_evolved_to_2050_then_hdi_reconciled,0.895,0.9081,0.855127,0.869336,0.014209,10,0.879873,0.855022,2859112,2258767,212380.18091683157,130292.78293133683,-0.386512,modeled_proxy_not_official_subdivision_projection,emerging_mover,moderate
143,Attiki,Greece,GRC,Greece,Europe,0.908,1.0,0.933,0.1254064612699202,0.16671217906491076,0.16671217906491076,modeled_population_proxy_population_first_evolved_to_2050_then_hdi_reconciled,0.908,0.8976,0.945326,0.92783,-0.017495,13,0.895674,0.86,10047813,8812069,1260060.6718319007,1469079.225060349,0.16588,modeled_proxy_not_official_subdivision_projection,emerging_mover,stagnant
263,Dytiki Makedonia,Greece,GRC,Greece,Europe,0.908,2.0,0.9,0.08588697676145185,0.09026860305655134,0.09026860305655134,modeled_population_proxy_population_first_evolved_to_2050_then_hdi_reconciled,0.908,0.8976,0.912326,0.89945,-0.012875,13,0.895674,0.86,10047813,8812069,862976.2816344138,795453.1586679412,-0.078244,modeled_proxy_not_official_subdivision_projection,emerging_mover,stagnant
270,Sterea Ellada,Greece,GRC,Greece,Europe,0.908,3.0,0.897,0.08179278918258724,0.08332281725215303,0.08332281725215303,modeled_population_proxy_population_first_evolved_to_2050_then_hdi_reconciled,0.908,0.8976,0.909326,0.89687,-0.012455,13,0.895674,0.86,10047813,8812069,821838.6504550595,734246.4149003628,-0.106581,modeled_proxy_not_official_subdivision_projection,emerging_mover,stagnant
275,Kriti,Greece,GRC,Greece,Europe,0.908,4.0,0.896,0.08047189940973419,0.08112842040846326,0.08112842040846326,modeled_population_proxy_population_first_evolved_to_2050_then_hdi_reconciled,0.908,0.8976,0.908326,0.89601,-0.012315,13,0.895674,0.86,10047813,8812069,808566.5970238196,714909.2385003864,-0.115831,modeled_proxy_not_official_subdivision_projection,emerging_mover,stagnant
283,Thessalia,Greece,GRC,Greece,Europe,0.908,5.0,0.894,0.0778937693993884,0.0769114801797281,0.0769114801797281,modeled_population_proxy_population_first_evolved_to_2050_then_hdi_reconciled,0.908,0.8976,0.906326,0.89429,-0.012035,13,0.895674,0.86,10047813,8812069,782662.028790177,677749.2702358963,-0.134046,modeled_proxy_not_official_subdivision_projection,emerging_mover,stagnant
290,Ipeiros,Greece,GRC,Greece,Europe,0.908,6.0,0.892,0.0753982365987394,0.07291373052321402,0.07291373052321402,modeled_population_proxy_population_first_evolved_to_2050_then_hdi_reconciled,0.908,0.8976,0.904326,0.89257,-0.011755,13,0.895674,0.86,10047813,8812069,757587.3818738895,642520.824417968,-0.151886,modeled_proxy_not_official_subdivision_projection,emerging_mover,stagnant
291,Peloponnisos,Greece,GRC,Greece,Europe,0.908,7.0,0.892,0.0753982365987394,0.07291373052321402,0.07291373052321402,modeled_population_proxy_population_first_evolved_to_2050_then_hdi_reconciled,0.908,0.8976,0.904326,0.89257,-0.011755,13,0.895674,0.86,10047813,8812069,757587.3818738895,642520.824417968,-0.151886,modeled_proxy_not_official_subdivision_projection,emerging_mover,stagnant
297,Kentriki Makedonia,Greece,GRC,Greece,Europe,0.908,8.0,0.891,0.07418061386439168,0.0709934682781487,0.0709934682781487,modeled_population_proxy_population_first_evolved_to_2050_then_hdi_reconciled,0.908,0.8976,0.903326,0.89171,-0.011615,13,0.895674,0.86,10047813,8812069,745352.9363346149,625599.3410163575,-0.160667,modeled_proxy_not_official_subdivision_projection,emerging_mover,stagnant
299,Notio Aigaio,Greece,GRC,Greece,Europe,0.908,9.0,0.89,0.07298265478784394,0.06912377822385407,0.06912377822385407,modeled_population_proxy_population_first_evolved_to_2050_then_hdi_reconciled,0.908,0.8976,0.902326,0.89085,-0.011475,13,0.895674,0.86,10047813,8812069,733316.0675518105,609123.5032492995,-0.169357,modeled_proxy_not_official_subdivision_projection,emerging_mover,stagnant
310,Ionia Nisia,Greece,GRC,Greece,Europe,0.908,10.0,0.886,0.06838118043268583,0.06212462307024937,0.06212462307024937,modeled_population_proxy_population_first_evolved_to_2050_then_hdi_reconciled,0.908,0.8976,0.898326,0.88741,-0.010915,13,0.895674,0.86,10047813,8812069,687081.3137068864,547446.4650940293,-0.203229,modeled_proxy_not_official_subdivision_projection,emerging_mover,stagnant
320,Voreio Aigaio,Greece,GRC,Greece,Europe,0.908,11.0,0.882,0.0640698238637706,0.05583417010456015,0.05583417010456015,modeled_population_proxy_population_first_evolved_to_2050_then_hdi_reconciled,0.908,0.8976,0.894326,0.88397,-0.010355,13,0.895674,0.86,10047813,8812069,643761.6091261044,492014.55951912125,-0.235719,modeled_proxy_not_official_subdivision_projection,emerging_mover,stagnant
330,Dytiki Ellada,Greece,GRC,Greece,Europe,0.908,12.0,0.878,0.060030293480754955,0.05018065941003456,0.05018065941003456,modeled_population_proxy_population_first_evolved_to_2050_then_hdi_reconciled,0.908,0.8976,0.890326,0.88053,-0.009795,13,0.895674,0.86,10047813,8812069,603173.1632297449,442195.4331867238,-0.266885,modeled_proxy_not_official_subdivision_projection,emerging_mover,stagnant
337,"Anatoliki Makedonia, Thraki",Greece,GRC,Greece,Europe,0.908,13.0,0.876,0.05810706434999233,0.047572339904918715,0.047572339904918715,modeled_population_proxy_population_first_evolved_to_2050_then_hdi_reconciled,0.908,0.8976,0.888326,0.87881,-0.009515,13,0.895674,0.86,10047813,8812069,583848.9165676895,419210.7417335971,-0.281988,modeled_proxy_not_official_subdivision_projection,emerging_mover,stagnant
177,"Center (Riadh, Qassim)",Saudi Arabia,SAU,Saudi Arabia,Asia/Pacific,0.9,1.0,0.928,0.27281036931592667,0.3167592979816365,0.3167592979816365,modeled_population_proxy_population_first_evolved_to_2050_then_hdi_reconciled,0.9,0.904,0.923506,0.922226,-0.00128,5,0.904494,0.85848,33962751,47693912,9265390.643294858,15107490.083117949,0.630529,modeled_proxy_not_official_subdivision_projection,emerging_mover,moderate
222,"North (Northern Borders, Al Jawf, Hail)",Saudi Arabia,SAU,Saudi Arabia,Asia/Pacific,0.9,2.0,0.914,0.23015996574102776,0.24338559749135746,0.24338559749135746,modeled_population_proxy_population_first_evolved_to_2050_then_hdi_reconciled,0.9,0.904,0.909506,0.910208,0.000702,5,0.904494,0.85848,33962751,47693912,7816865.606631056,11608011.268820224,0.484996,modeled_proxy_not_official_subdivision_projection,emerging_mover,moderate
279,"West (Makka, Madinah, Tabuk)",Saudi Arabia,SAU,Saudi Arabia,Asia/Pacific,0.9,3.0,0.895,0.18273866540584535,0.17021229014599154,0.17021229014599154,modeled_population_proxy_population_first_evolved_to_2050_then_hdi_reconciled,0.9,0.904,0.890506,0.893897,0.00339,5,0.904494,0.85848,33962751,47693912,6206307.79125104,8118089.987541388,0.308039,modeled_proxy_not_official_subdivision_projection,emerging_mover,moderate
312,Eastern province,Saudi Arabia,SAU,Saudi Arabia,Asia/Pacific,0.9,4.0,0.886,0.16382025805360687,0.14368978050518919,0.14368978050518919,modeled_population_proxy_population_first_evolved_to_2050_then_hdi_reconciled,0.9,0.904,0.881506,0.88617,0.004664,5,0.904494,0.85848,33962751,47693912,5563786.633030395,6853127.746713809,0.231738,modeled_proxy_not_official_subdivision_projection,emerging_mover,moderate
328,"South (Bahah, Jizan, Asir, Najran)",Saudi Arabia,SAU,Saudi Arabia,Asia/Pacific,0.9,5.0,0.879,0.15047074148359343,0.1259530338758252,0.1259530338758252,modeled_population_proxy_population_first_evolved_to_2050_then_hdi_reconciled,0.9,0.904,0.874506,0.880161,0.005655,5,0.904494,0.85848,33962751,47693912,5110400.325792654,6007192.913806627,0.175484,modeled_proxy_not_official_subdivision_projection,emerging_mover,moderate
206,Area Metropolitana de Lisboa,Portugal,PRT,Portugal,Europe,0.89,1.0,0.917,0.2071467576111137,0.25544346400868456,0.25544346400868456,modeled_population_proxy_population_first_evolved_to_2050_then_hdi_reconciled,0.89,0.8952,0.931299,0.92743,-0.003869,7,0.875701,0.858024,10425291,9770270,2159565.227802325,2495751.6131001306,0.155673,modeled_proxy_not_official_subdivision_projection,emerging_mover,moderate
324,Centro,Portugal,PRT,Portugal,Europe,0.89,2.0,0.881,0.15308671430523454,0.1559041093009316,0.1559041093009316,modeled_population_proxy_population_first_evolved_to_2050_then_hdi_reconciled,0.89,0.8952,0.895299,0.896541,0.001242,7,0.875701,0.858024,10425291,9770270,1595973.544865933,1523225.241979613,-0.045582,modeled_proxy_not_official_subdivision_projection,emerging_mover,moderate
333,Norte,Portugal,PRT,Portugal,Europe,0.89,3.0,0.878,0.14927684539744404,0.14961936011549717,0.14961936011549717,modeled_population_proxy_population_first_evolved_to_2050_then_hdi_reconciled,0.89,0.8952,0.892299,0.893967,0.001668,7,0.875701,0.858024,10425291,9770270,1556254.5528303648,1461821.5455556386,-0.06068,modeled_proxy_not_official_subdivision_projection,emerging_mover,moderate
340,Algarve,Portugal,PRT,Portugal,Europe,0.89,4.0,0.875,0.14556179269340067,0.143587959430631,0.143587959430631,modeled_population_proxy_population_first_evolved_to_2050_then_hdi_reconciled,0.89,0.8952,0.889299,0.891393,0.002094,7,0.875701,0.858024,10425291,9770270,1517524.0473103756,1402893.132386311,-0.075538,modeled_proxy_not_official_subdivision_projection,emerging_mover,moderate
374,Alentejo,Portugal,PRT,Portugal,Europe,0.89,5.0,0.865,0.1338332070324939,0.12518495159547624,0.12518495159547624,modeled_population_proxy_population_first_evolved_to_2050_then_hdi_reconciled,0.89,0.8952,0.879299,0.882813,0.003513,7,0.875701,0.858024,10425291,9770270,1395250.1287769955,1223090.7770247336,-0.12339,modeled_proxy_not_official_subdivision_projection,emerging_mover,moderate
423,Regiao Autonoma da Madeira,Portugal,PRT,Portugal,Europe,0.89,6.0,0.844,0.11218854430860446,0.0938563671327665,0.0938563671327665,modeled_population_proxy_population_first_evolved_to_2050_then_hdi_reconciled,0.89,0.8952,0.858299,0.864794,0.006495,7,0.875701,0.858024,10425291,9770270,1169598.2212835953,917002.0481062545,-0.215968,modeled_proxy_not_official_subdivision_projection,emerging_mover,moderate
459,Regiao Autonoma dos Acores,Portugal,PRT,Portugal,Europe,0.89,7.0,0.829,0.09890613865170866,0.07640378841601295,0.07640378841601295,modeled_population_proxy_population_first_evolved_to_2050_then_hdi_reconciled,0.89,0.8952,0.843299,0.851924,0.008625,7,0.875701,0.858024,10425291,9770270,1031125.2771304104,746485.6418473189,-0.276048,modeled_proxy_not_official_subdivision_projection,emerging_mover,moderate
230,Beijing,China,CHN,China,Asia/Pacific,0.797,1.0,0.912,0.015090543259557344,0.020656534705846746,0.020656534705846746,seeded_population_prior_population_first_evolved_to_2050_then_hdi_reconciled,0.797,0.8801,0.915313,0.974941,0.059628,31,0.793687,0.828422,1419321284,1260289089,21418329.235412475,26033205.30632848,0.215464,modeled_proxy_not_official_subdivision_projection,rapid_industrializer,fast_converger
256,Shanghai,China,CHN,China,Asia/Pacific,0.797,2.0,0.901,0.01710261569416499,0.02341073933329298,0.02341073933329298,seeded_population_prior_population_first_evolved_to_2050_then_hdi_reconciled,0.797,0.8801,0.904313,0.965828,0.061515,31,0.793687,0.828422,1419321284,1260289089,24274106.466800805,29504299.347172275,0.215464,modeled_proxy_not_official_subdivision_projection,rapid_industrializer,fast_converger
363,Tianjin,China,CHN,China,Asia/Pacific,0.797,3.0,0.867,0.01006036217303823,0.012547835543793396,0.012547835543793396,seeded_population_prior_population_first_evolved_to_2050_then_hdi_reconciled,0.797,0.8801,0.870313,0.937662,0.067349,31,0.793687,0.828422,1419321284,1260289089,14278886.15694165,15813900.226409199,0.107502,modeled_proxy_not_official_subdivision_projection,rapid_industrializer,fast_converger
437,Jiangsu,China,CHN,China,Asia/Pacific,0.797,4.0,0.836,0.060362173038229376,0.06842714901658822,0.06842714901658822,seeded_population_prior_population_first_evolved_to_2050_then_hdi_reconciled,0.797,0.8801,0.839313,0.911981,0.072668,31,0.793687,0.828422,1419321284,1260289089,85673316.9416499,86237989.29698321,0.006591,modeled_proxy_not_official_subdivision_projection,rapid_industrializer,fast_converger
475,Zhejiang,China,CHN,China,Asia/Pacific,0.797,5.0,0.823,0.04627766599597585,0.05040055446854301,0.05040055446854301,seeded_population_prior_population_first_evolved_to_2050_then_hdi_reconciled,0.797,0.8801,0.826313,0.901211,0.074898,31,0.793687,0.828422,1419321284,1260289089,65682876.321931586,63519268.876254946,-0.03294,modeled_proxy_not_official_subdivision_projection,rapid_industrializer,fast_converger
476,Guangdong,China,CHN,China,Asia/Pacific,0.797,6.0,0.823,0.09054325955734406,0.09860978048193197,0.09860978048193197,seeded_population_prior_population_first_evolved_to_2050_then_hdi_reconciled,0.797,0.8801,0.826313,0.901211,0.074898,31,0.793687,0.828422,1419321284,1260289089,128509975.41247484,124276830.41006403,-0.03294,modeled_proxy_not_official_subdivision_projection,rapid_industrializer,fast_converger
520,Fujian,China,CHN,China,Asia/Pacific,0.797,7.0,0.812,0.029175050301810865,0.030715150425861034,0.030715150425861034,seeded_population_prior_population_first_evolved_to_2050_then_hdi_reconciled,0.797,0.8801,0.815313,0.892099,0.076786,31,0.793687,0.828422,1419321284,1260289089,41408769.855130784,38709968.948706366,-0.065175,modeled_proxy_not_official_subdivision_projection,rapid_industrializer,fast_converger
542,Inner Mongolia,China,CHN,China,Asia/Pacific,0.797,8.0,0.807,0.01710261569416499,0.01773010766602247,0.01773010766602247,seeded_population_prior_population_first_evolved_to_2050_then_hdi_reconciled,0.797,0.8801,0.810313,0.887957,0.077644,31,0.793687,0.828422,1419321284,1260289089,24274106.466800805,22345061.238283377,-0.079469,modeled_proxy_not_official_subdivision_projection,rapid_industrializer,fast_converger
554,Chongqing,China,CHN,China,Asia/Pacific,0.797,9.0,0.804,0.023138832997987926,0.023767032999274993,0.023767032999274993,seeded_population_prior_population_first_evolved_to_2050_then_hdi_reconciled,0.797,0.8801,0.807313,0.885471,0.078158,31,0.793687,0.828422,1419321284,1260289089,32841438.160965793,29953332.36688922,-0.087941,modeled_proxy_not_official_subdivision_projection,rapid_industrializer,fast_converger
558,Liaoning,China,CHN,China,Asia/Pacific,0.797,10.0,0.803,0.030181086519114688,0.030905085429587177,0.030905085429587177,seeded_population_prior_population_first_evolved_to_2050_then_hdi_reconciled,0.797,0.8801,0.806313,0.884643,0.07833,31,0.793687,0.828422,1419321284,1260289089,42836658.47082495,38949341.961521596,-0.090747,modeled_proxy_not_official_subdivision_projection,rapid_industrializer,fast_converger
559,Hubei,China,CHN,China,Asia/Pacific,0.797,11.0,0.803,0.04124748490945674,0.04223695008710247,0.04223695008710247,seeded_population_prior_population_first_evolved_to_2050_then_hdi_reconciled,0.797,0.8801,0.806313,0.884643,0.07833,31,0.793687,0.828422,1419321284,1260289089,58543433.24346077,53230767.34741285,-0.090747,modeled_proxy_not_official_subdivision_projection,rapid_industrializer,fast_converger
565,Shaanxi,China,CHN,China,Asia/Pacific,0.797,12.0,0.802,0.028169014084507043,0.028755987463945264,0.028755987463945264,seeded_population_prior_population_first_evolved_to_2050_then_hdi_reconciled,0.797,0.8801,0.805313,0.883814,0.078502,31,0.793687,0.828422,1419321284,1260289089,39980881.23943662,36240857.244231,-0.093545,modeled_proxy_not_official_subdivision_projection,rapid_industrializer,fast_converger
575,Shanxi,China,CHN,China,Asia/Pacific,0.797,13.0,0.8,0.025150905432595575,0.025517221533009584,0.025517221533009584,seeded_population_prior_population_first_evolved_to_2050_then_hdi_reconciled,0.797,0.8801,0.803313,0.882158,0.078845,31,0.793687,0.828422,1419321284,1260289089,35697215.39235413,32159075.879647832,-0.099115,modeled_proxy_not_official_subdivision_projection,rapid_industrializer,fast_converger
586,Shandong,China,CHN,China,Asia/Pacific,0.797,14.0,0.798,0.07142857142857142,0.07202360332171903,0.07202360332171903,seeded_population_prior_population_first_evolved_to_2050_then_hdi_reconciled,0.797,0.8801,0.801313,0.880501,0.079188,31,0.793687,0.828422,1419321284,1260289089,101380091.7142857,90770561.41682665,-0.104651,modeled_proxy_not_official_subdivision_projection,rapid_industrializer,fast_converger
616,Hunan,China,CHN,China,Asia/Pacific,0.797,15.0,0.79,0.04627766599597585,0.04552676719502894,0.04552676719502894,seeded_population_prior_population_first_evolved_to_2050_then_hdi_reconciled,0.797,0.8801,0.793313,0.873873,0.080561,31,0.793687,0.828422,1419321284,1260289089,65682876.321931586,57376887.95333811,-0.126456,modeled_proxy_not_official_subdivision_projection,rapid_industrializer,fast_converger
617,Hainan,China,CHN,China,Asia/Pacific,0.797,16.0,0.79,0.007042253521126761,0.006927986312287014,0.006927986312287014,seeded_population_prior_population_first_evolved_to_2050_then_hdi_reconciled,0.797,0.8801,0.793313,0.873873,0.080561,31,0.793687,0.828422,1419321284,1260289089,9995220.309859155,8731265.55811667,-0.126456,modeled_proxy_not_official_subdivision_projection,rapid_industrializer,fast_converger
629,Jilin,China,CHN,China,Asia/Pacific,0.797,17.0,0.787,0.01710261569416499,0.01667026808343628,0.01667026808343628,seeded_population_prior_population_first_evolved_to_2050_then_hdi_reconciled,0.797,0.8801,0.790313,0.871388,0.081075,31,0.793687,0.828422,1419321284,1260289089,24274106.466800805,21009356.976259686,-0.134495,modeled_proxy_not_official_subdivision_projection,rapid_industrializer,fast_converger
666,Heilongjiang,China,CHN,China,Asia/Pacific,0.797,18.0,0.778,0.022132796780684104,0.020983135661253042,0.020983135661253042,seeded_population_prior_population_first_evolved_to_2050_then_hdi_reconciled,0.797,0.8801,0.781313,0.863932,0.082619,31,0.793687,0.828422,1419321284,1260289089,31413549.545271628,26444816.92688401,-0.158172,modeled_proxy_not_official_subdivision_projection,rapid_industrializer,fast_converger
673,Jiangxi,China,CHN,China,Asia/Pacific,0.797,19.0,0.777,0.03219315895372234,0.03042700784863259,0.03042700784863259,seeded_population_prior_population_first_evolved_to_2050_then_hdi_reconciled,0.797,0.8801,0.780313,0.863104,0.082791,31,0.793687,0.828422,1419321284,1260289089,45692435.70221328,38346826.002549015,-0.160762,modeled_proxy_not_official_subdivision_projection,rapid_industrializer,fast_converger
676,Anhui,China,CHN,China,Asia/Pacific,0.797,20.0,0.776,0.043259557344064385,0.04076047949971217,0.04076047949971217,seeded_population_prior_population_first_evolved_to_2050_then_hdi_reconciled,0.797,0.8801,0.779313,0.862276,0.082963,31,0.793687,0.828422,1419321284,1260289089,61399210.47484909,51369987.57589543,-0.163344,modeled_proxy_not_official_subdivision_projection,rapid_industrializer,fast_converger
692,Ningxia,China,CHN,China,Asia/Pacific,0.797,21.0,0.773,0.005030181086519115,0.004695972173232785,0.004695972173232785,seeded_population_prior_population_first_evolved_to_2050_then_hdi_reconciled,0.797,0.8801,0.776313,0.85979,0.083477,31,0.793687,0.828422,1419321284,1260289089,7139443.078470825,5918282.492172897,-0.171044,modeled_proxy_not_official_subdivision_projection,rapid_industrializer,fast_converger
697,Hebei,China,CHN,China,Asia/Pacific,0.797,22.0,0.771,0.05231388329979879,0.04853801093501775,0.04853801093501775,seeded_population_prior_population_first_evolved_to_2050_then_hdi_reconciled,0.797,0.8801,0.774313,0.858133,0.083821,31,0.793687,0.828422,1419321284,1260289089,74250208.01609658,61171925.583165556,-0.176138,modeled_proxy_not_official_subdivision_projection,rapid_industrializer,fast_converger
698,Sichuan,China,CHN,China,Asia/Pacific,0.797,23.0,0.771,0.059356136820925554,0.05507197394550092,0.05507197394550092,seeded_population_prior_population_first_evolved_to_2050_then_hdi_reconciled,0.797,0.8801,0.774313,0.858133,0.083821,31,0.793687,0.828422,1419321284,1260289089,84245428.32595573,69406607.87320709,-0.176138,modeled_proxy_not_official_subdivision_projection,rapid_industrializer,fast_converger
699,Xinjiang,China,CHN,China,Asia/Pacific,0.797,24.0,0.771,0.01810865191146881,0.016801619169813833,0.016801619169813833,seeded_population_prior_population_first_evolved_to_2050_then_hdi_reconciled,0.797,0.8801,0.774313,0.858133,0.083821,31,0.793687,0.828422,1419321284,1260289089,25701995.082494967,21174897.31724961,-0.176138,modeled_proxy_not_official_subdivision_projection,rapid_industrializer,fast_converger
713,Henan,China,CHN,China,Asia/Pacific,0.797,25.0,0.769,0.07042253521126761,0.06493813215642844,0.06493813215642844,seeded_population_prior_population_first_evolved_to_2050_then_hdi_reconciled,0.797,0.8801,0.772313,0.856477,0.084164,31,0.793687,0.828422,1419321284,1260289089,99952203.09859155,81840819.4167868,-0.1812,modeled_proxy_not_official_subdivision_projection,rapid_industrializer,fast_converger
751,Guangxi,China,CHN,China,Asia/Pacific,0.797,26.0,0.76,0.03621730382293762,0.03248316202958481,0.03248316202958481,seeded_population_prior_population_first_evolved_to_2050_then_hdi_reconciled,0.797,0.8801,0.763313,0.849021,0.085708,31,0.793687,0.828422,1419321284,1260289089,51403990.16498993,40938174.68210483,-0.203599,modeled_proxy_not_official_subdivision_projection,rapid_industrializer,fast_converger
868,Yunnan,China,CHN,China,Asia/Pacific,0.797,27.0,0.737,0.03319919517102616,0.027738669774103525,0.027738669774103525,seeded_population_prior_population_first_evolved_to_2050_then_hdi_reconciled,0.797,0.8801,0.740313,0.829967,0.089654,31,0.793687,0.828422,1419321284,1260289089,47120324.317907445,34958742.85967676,-0.258096,modeled_proxy_not_official_subdivision_projection,rapid_industrializer,fast_converger
885,Guizhou,China,CHN,China,Asia/Pacific,0.797,28.0,0.734,0.02716297786720322,0.022486410586227277,0.022486410586227277,seeded_population_prior_population_first_evolved_to_2050_then_hdi_reconciled,0.797,0.8801,0.737313,0.827482,0.090169,31,0.793687,0.828422,1419321284,1260289089,38552992.623742454,28339377.91259633,-0.264924,modeled_proxy_not_official_subdivision_projection,rapid_industrializer,fast_converger
903,Gansu,China,CHN,China,Asia/Pacific,0.797,29.0,0.731,0.01810865191146881,0.014852978723343726,0.014852978723343726,seeded_population_prior_population_first_evolved_to_2050_then_hdi_reconciled,0.797,0.8801,0.734313,0.824997,0.090684,31,0.793687,0.828422,1419321284,1260289089,25701995.082494967,18719047.024179246,-0.271689,modeled_proxy_not_official_subdivision_projection,rapid_industrializer,fast_converger
920,Qinghai,China,CHN,China,Asia/Pacific,0.797,30.0,0.727,0.004024144869215292,0.0032602228533072605,0.0032602228533072605,seeded_population_prior_population_first_evolved_to_2050_then_hdi_reconciled,0.797,0.8801,0.730313,0.821683,0.09137,31,0.793687,0.828422,1419321284,1260289089,5711554.46277666,4108823.2897315877,-0.280612,modeled_proxy_not_official_subdivision_projection,rapid_industrializer,fast_converger
1174,Tibet,China,CHN,China,Asia/Pacific,0.797,31.0,0.656,0.003018108651911469,0.0021334705765712245,0.0021334705765712245,seeded_population_prior_population_first_evolved_to_2050_then_hdi_reconciled,0.797,0.8801,0.659313,0.762865,0.103552,31,0.793687,0.828422,1419321284,1260289089,4283665.847082496,2688789.6893552532,-0.372316,modeled_proxy_not_official_subdivision_projection,rapid_industrializer,fast_converger
240,Region Metropolitana,Chile,CHL,Chile,America,0.878,1.0,0.908,0.10069035541437087,0.11573774663269377,0.11573774663269377,modeled_population_proxy_population_first_evolved_to_2050_then_hdi_reconciled,0.878,0.8974,0.915808,0.926169,0.010361,13,0.870192,0.852628,19764774,20320305,1990122.1187447165,2351826.3115890604,0.18175,modeled_proxy_not_official_subdivision_projection,emerging_mover,moderate
247,Tarapaca (incl Arica and Parinacota),Chile,CHL,Chile,America,0.878,2.0,0.904,0.09810517093038433,0.11102263387220783,0.11102263387220783,modeled_population_proxy_population_first_evolved_to_2050_then_hdi_reconciled,0.878,0.8974,0.911808,0.922759,0.01095,13,0.870192,0.852628,19764774,20320305,1939026.531670416,2256013.7821865943,0.163478,modeled_proxy_not_official_subdivision_projection,emerging_mover,moderate
262,Antofagasta,Chile,CHL,Chile,America,0.878,3.0,0.9,0.09558636002099428,0.10649961305225925,0.10649961305225925,modeled_population_proxy_population_first_evolved_to_2050_then_hdi_reconciled,0.878,0.8974,0.907808,0.919348,0.01154,13,0.870192,0.852628,19764774,20320305,1889242.8032975872,2164104.6196038886,0.145488,modeled_proxy_not_official_subdivision_projection,emerging_mover,moderate
282,Valparaiso (former Aconcagua),Chile,CHL,Chile,America,0.878,4.0,0.894,0.09192887835240862,0.10005822290918069,0.10005822290918069,modeled_population_proxy_population_first_evolved_to_2050_then_hdi_reconciled,0.878,0.8974,0.901808,0.914232,0.012424,13,0.870192,0.852628,19764774,20320305,1816953.5047088487,2033213.607272539,0.119023,modeled_proxy_not_official_subdivision_projection,emerging_mover,moderate
289,Magallanes and La Antartica Chilena,Chile,CHL,Chile,America,0.878,5.0,0.892,0.09074108621886051,0.09799886303538069,0.09799886303538069,modeled_population_proxy_population_first_evolved_to_2050_then_hdi_reconciled,0.878,0.8974,0.899808,0.912527,0.012719,13,0.870192,0.852628,19764774,20320305,1793477.0616302926,1991366.7865321615,0.110339,modeled_proxy_not_official_subdivision_projection,emerging_mover,moderate
321,Atacama,Chile,CHL,Chile,America,0.878,6.0,0.881,0.08447730341223995,0.08740704177517718,0.08740704177517718,modeled_population_proxy_population_first_evolved_to_2050_then_hdi_reconciled,0.878,0.8974,0.888808,0.903148,0.01434,13,0.870192,0.852628,19764774,20320305,1669674.8100723515,1776137.7480193416,0.063763,modeled_proxy_not_official_subdivision_projection,emerging_mover,moderate
391,Coquimbo,Chile,CHL,Chile,America,0.878,7.0,0.856,0.07180260461522166,0.06739839737662864,0.06739839737662864,modeled_population_proxy_population_first_evolved_to_2050_then_hdi_reconciled,0.878,0.8974,0.863808,0.881832,0.018024,13,0.870192,0.852628,19764774,20320305,1419162.252831213,1369555.991204294,-0.034955,modeled_proxy_not_official_subdivision_projection,emerging_mover,moderate
403,Bio Bio,Chile,CHL,Chile,America,0.878,8.0,0.852,0.069959101544871,0.0646526117297438,0.0646526117297438,modeled_population_proxy_population_first_evolved_to_2050_then_hdi_reconciled,0.878,0.8974,0.859808,0.878422,0.018614,13,0.870192,0.852628,19764774,20320305,1382725.8312774263,1313760.7893949717,-0.049876,modeled_proxy_not_official_subdivision_projection,emerging_mover,moderate
419,OHiggins,Chile,CHL,Chile,America,0.878,9.0,0.846,0.06728221196151528,0.06074224356985289,0.06074224356985289,modeled_population_proxy_population_first_evolved_to_2050_then_hdi_reconciled,0.878,0.8974,0.853808,0.873306,0.019498,13,0.870192,0.852628,19764774,20320305,1329817.713639446,1234300.9157236996,-0.071827,modeled_proxy_not_official_subdivision_projection,emerging_mover,moderate
444,Aisen,Chile,CHL,Chile,America,0.878,10.0,0.834,0.062231796129561964,0.05361673201624406,0.05361673201624406,modeled_population_proxy_population_first_evolved_to_2050_then_hdi_reconciled,0.878,0.8974,0.841808,0.863075,0.021266,13,0.870192,0.852628,19764774,20320305,1229997.386114867,1089508.3476733442,-0.114219,modeled_proxy_not_official_subdivision_projection,emerging_mover,moderate
487,Los Lagos (incl Los Rios),Chile,CHL,Chile,America,0.878,11.0,0.821,0.057187408546119,0.04683752917984637,0.04683752917984637,modeled_population_proxy_population_first_evolved_to_2050_then_hdi_reconciled,0.878,0.8974,0.828808,0.85199,0.023182,13,0.870192,0.852628,19764774,20320305,1130296.2055597105,951752.8783808781,-0.157962,modeled_proxy_not_official_subdivision_projection,emerging_mover,moderate
499,Maule,Chile,CHL,Chile,America,0.878,12.0,0.817,0.05571914477205225,0.04492938565769538,0.04492938565769538,modeled_population_proxy_population_first_evolved_to_2050_then_hdi_reconciled,0.878,0.8974,0.824808,0.84858,0.023772,13,0.870192,0.852628,19764774,20320305,1101276.3038928942,912978.8200269957,-0.170981,modeled_proxy_not_official_subdivision_projection,emerging_mover,moderate
514,Araucania,Chile,CHL,Chile,America,0.878,13.0,0.813,0.05428857808140026,0.04309897919308956,0.04309897919308956,modeled_population_proxy_population_first_evolved_to_2050_then_hdi_reconciled,0.878,0.8974,0.820808,0.845169,0.024361,13,0.870192,0.852628,19764774,20320305,1073001.4765602297,875784.4023922337,-0.183799,modeled_proxy_not_official_subdivision_projection,emerging_mover,moderate
244,Yugozapaden,Bulgaria,BGR,Bulgaria,Europe,0.845,1.0,0.905,0.25925474980786206,0.3442059556018363,0.3442059556018363,modeled_population_proxy_population_first_evolved_to_2050_then_hdi_reconciled,0.845,0.8655,0.915016,0.917994,0.002977,6,0.834984,0.85221,6757686,5402218,1751962.1932100921,1859475.609059441,0.061367,modeled_proxy_not_official_subdivision_projection,emerging_mover,moderate
483,Severoiztochen,Bulgaria,BGR,Bulgaria,Europe,0.845,2.0,0.822,0.15896275101830964,0.14769093989017393,0.14769093989017393,modeled_population_proxy_population_first_evolved_to_2050_then_hdi_reconciled,0.845,0.8655,0.832016,0.84726,0.015244,6,0.834984,0.85221,6757686,5402218,1074220.3570779169,797858.6539116156,-0.257267,modeled_proxy_not_official_subdivision_projection,emerging_mover,moderate
498,Yuzhen tsentralen,Bulgaria,BGR,Bulgaria,Europe,0.845,3.0,0.817,0.15434703840793149,0.14035162234470586,0.14035162234470586,modeled_population_proxy_population_first_evolved_to_2050_then_hdi_reconciled,0.845,0.8655,0.827016,0.842999,0.015983,6,0.834984,0.85221,6757686,5402218,1043028.8205907409,758210.0605597722,-0.273069,modeled_proxy_not_official_subdivision_projection,emerging_mover,moderate
513,Severen tsentralen,Bulgaria,BGR,Bulgaria,Europe,0.845,4.0,0.813,0.15075115394917238,0.1347436486761019,0.1347436486761019,modeled_population_proxy_population_first_evolved_to_2050_then_hdi_reconciled,0.845,0.8655,0.823016,0.83959,0.016574,6,0.834984,0.85221,6757686,5402218,1018728.9625261669,727914.5642637138,-0.285468,modeled_proxy_not_official_subdivision_projection,emerging_mover,moderate
529,Yugoiztochen,Bulgaria,BGR,Bulgaria,Europe,0.845,5.0,0.81,0.14810932530762655,0.13068521387188417,0.13068521387188417,modeled_population_proxy_population_first_evolved_to_2050_then_hdi_reconciled,0.845,0.8655,0.820016,0.837034,0.017017,6,0.834984,0.85221,6757686,5402218,1000876.3141007937,705990.0147125424,-0.294628,modeled_proxy_not_official_subdivision_projection,emerging_mover,moderate
631,Severozapaden,Bulgaria,BGR,Bulgaria,Europe,0.845,6.0,0.786,0.12857498150909782,0.10232261961529784,0.10232261961529784,modeled_population_proxy_population_first_evolved_to_2050_then_hdi_reconciled,0.845,0.8655,0.796016,0.816581,0.020564,6,0.834984,0.85221,6757686,5402218,868869.3524942893,552769.0974929151,-0.363806,modeled_proxy_not_official_subdivision_projection,emerging_mover,moderate
313,Istanbul,Turkey,TUR,Turkey,Asia/Pacific,0.853,1.0,0.886,0.12124295411083319,0.14700776406075494,0.14700776406075494,modeled_population_proxy_population_first_evolved_to_2050_then_hdi_reconciled,0.853,0.8768,0.894565,0.9094,0.014834,12,0.844435,0.850956,87473800,91258068,10605581.9193002,13415644.52918433,0.264961,modeled_proxy_not_official_subdivision_projection,emerging_mover,fast_converger
356,"West Anatolia (Ankara, Konya, Karaman)",Turkey,TUR,Turkey,Asia/Pacific,0.853,2.0,0.869,0.10504589964200184,0.11733733736386061,0.11733733736386061,modeled_population_proxy_population_first_evolved_to_2050_then_hdi_reconciled,0.853,0.8768,0.877565,0.894933,0.017368,12,0.844435,0.850956,87473800,91258068,9188764.01610454,10707978.712090133,0.165334,modeled_proxy_not_official_subdivision_projection,emerging_mover,fast_converger
383,"East Marmara (Bilecik, Bolu, Bursa, Duzce, Eskiseh",Turkey,TUR,Turkey,Asia/Pacific,0.853,3.0,0.862,0.0990228604688352,0.10693572035861945,0.10693572035861945,modeled_population_proxy_population_first_evolved_to_2050_then_hdi_reconciled,0.853,0.8768,0.870565,0.888977,0.018411,12,0.844435,0.850956,87473800,91258068,8661905.892078796,9758747.24011588,0.126628,modeled_proxy_not_official_subdivision_projection,emerging_mover,fast_converger
395,"West Marmara (Balikesir, Canakkale, Edirne, Kirkla",Turkey,TUR,Turkey,Asia/Pacific,0.853,4.0,0.856,0.0941358844051593,0.09875712336363117,0.09875712336363117,modeled_population_proxy_population_first_evolved_to_2050_then_hdi_reconciled,0.853,0.8768,0.864565,0.883871,0.019306,12,0.844435,0.850956,87473800,91258068,8234423.525280023,9012384.279402642,0.094477,modeled_proxy_not_official_subdivision_projection,emerging_mover,fast_converger
401,"Aegean (Afyon, Aydin, Denizli, Izmir, Kutahya, Man",Turkey,TUR,Turkey,Asia/Pacific,0.853,5.0,0.853,0.09178359768026693,0.09490547060459037,0.09490547060459037,modeled_population_proxy_population_first_evolved_to_2050_then_hdi_reconciled,0.853,0.8768,0.861565,0.881318,0.019753,12,0.844435,0.850956,87473800,91258068,8028660.066764134,8660889.89000571,0.078747,modeled_proxy_not_official_subdivision_projection,emerging_mover,fast_converger
427,"Mediterranean (Adana, Antalya, Burdur, Hatay, Ispa",Turkey,TUR,Turkey,Asia/Pacific,0.853,6.0,0.842,0.08365038280056165,0.0820241185399772,0.0820241185399772,modeled_population_proxy_population_first_evolved_to_2050_then_hdi_reconciled,0.853,0.8768,0.850565,0.871958,0.021392,12,0.844435,0.850956,87473800,91258068,7317216.85501977,7485362.587361299,0.022979,modeled_proxy_not_official_subdivision_projection,emerging_mover,fast_converger
454,"Central Anatolia (Kayseri, Kirsehir, Nevsehir, Nig",Turkey,TUR,Turkey,Asia/Pacific,0.853,7.0,0.832,0.07688368049858985,0.07183745834723712,0.07183745834723712,modeled_population_proxy_population_first_evolved_to_2050_then_hdi_reconciled,0.853,0.8768,0.840565,0.863448,0.022883,12,0.844435,0.850956,87473800,91258068,6725307.691197548,6555747.658799333,-0.025212,modeled_proxy_not_official_subdivision_projection,emerging_mover,fast_converger
466,"East Black Sea (Artvin, Giresun, Gumushane, Ordu",Turkey,TUR,Turkey,Asia/Pacific,0.853,8.0,0.826,0.07308931721212263,0.06634322668174712,0.06634322668174712,modeled_population_proxy_population_first_evolved_to_2050_then_hdi_reconciled,0.853,0.8768,0.834565,0.858342,0.023777,12,0.844435,0.850956,87473800,91258068,6393400.3159497725,6054354.6918622935,-0.053031,modeled_proxy_not_official_subdivision_projection,emerging_mover,fast_converger
468,"West Black Sea (Amasya, Cankiri, Corum, Kastamonu",Turkey,TUR,Turkey,Asia/Pacific,0.853,9.0,0.825,0.0724753844965717,0.06546927456920582,0.06546927456920582,modeled_population_proxy_population_first_evolved_to_2050_then_hdi_reconciled,0.853,0.8768,0.833565,0.857491,0.023926,12,0.844435,0.850956,87473800,91258068,6339697.288376214,5974599.510547255,-0.057589,modeled_proxy_not_official_subdivision_projection,emerging_mover,fast_converger
546,"North East Anatolia (Agri, Erzincan, Erzurum, Kars",Turkey,TUR,Turkey,Asia/Pacific,0.853,10.0,0.807,0.062265824988833166,0.05156730371265303,0.05156730371265303,modeled_population_proxy_population_first_evolved_to_2050_then_hdi_reconciled,0.853,0.8768,0.815565,0.842174,0.026609,12,0.844435,0.850956,87473800,91258068,5446628.321908195,4705932.508785943,-0.135992,modeled_proxy_not_official_subdivision_projection,emerging_mover,fast_converger
556,"South East Anatolia (Adiyaman, Diyarbakir, Gaziant",Turkey,TUR,Turkey,Asia/Pacific,0.853,11.0,0.804,0.060709913824230806,0.04955611362472586,0.04955611362472586,modeled_population_proxy_population_first_evolved_to_2050_then_hdi_reconciled,0.853,0.8768,0.812565,0.839621,0.027056,12,0.844435,0.850956,87473800,91258068,5310526.859878001,4522395.186980959,-0.148409,modeled_proxy_not_official_subdivision_projection,emerging_mover,fast_converger
568,"Central East Anatolia (Bingol, Bitlis, Elazig, Hak",Turkey,TUR,Turkey,Asia/Pacific,0.853,12.0,0.802,0.05969429987199381,0.048259088772997345,0.048259088772997345,modeled_population_proxy_population_first_evolved_to_2050_then_hdi_reconciled,0.853,0.8768,0.810565,0.837919,0.027354,12,0.844435,0.850956,87473800,91258068,5221687.248142812,4404031.204864228,-0.156588,modeled_proxy_not_official_subdivision_projection,emerging_mover,fast_converger
334,Montevideo and Metropolitan area,Uruguay,URY,Uruguay,America,0.862,1.0,0.878,0.20503033628130243,0.2521984020595229,0.2521984020595229,modeled_population_proxy_population_first_evolved_to_2050_then_hdi_reconciled,0.862,0.8861,0.892392,0.909285,0.016893,7,0.847608,0.850842,3386583,3254355,694352.2513345421,820743.1307344185,0.182027,modeled_proxy_not_official_subdivision_projection,emerging_mover,moderate
379,"Costa Este (Canelones, Maldonado and Rocha)",Uruguay,URY,Uruguay,America,0.862,2.0,0.863,0.1737409659462084,0.19188055961795214,0.19188055961795214,modeled_population_proxy_population_first_evolved_to_2050_then_hdi_reconciled,0.862,0.8861,0.877392,0.896523,0.019131,7,0.847608,0.850842,3386583,3254355,588388.2016770082,624447.4585954807,0.061285,modeled_proxy_not_official_subdivision_projection,emerging_mover,moderate
406,"Centro Sur (Flores, Florida and Lavalleja)",Uruguay,URY,Uruguay,America,0.862,3.0,0.851,0.1521841832698392,0.15419201827471113,0.15419201827471113,modeled_population_proxy_population_first_evolved_to_2050_then_hdi_reconciled,0.862,0.8861,0.865392,0.886313,0.020921,7,0.847608,0.850842,3386583,3254355,515384.3679305219,501795.56563239754,-0.026366,modeled_proxy_not_official_subdivision_projection,emerging_mover,moderate
446,Centro (Durazno and Tacuarembo),Uruguay,URY,Uruguay,America,0.862,4.0,0.834,0.12614348929699404,0.11311556222202236,0.11311556222202236,modeled_population_proxy_population_first_evolved_to_2050_then_hdi_reconciled,0.862,0.8861,0.848392,0.871848,0.023456,7,0.847608,0.850842,3386583,3254355,427195.396413882,368118.1954950496,-0.138291,modeled_proxy_not_official_subdivision_projection,emerging_mover,moderate
461,"Norte (Artigas, Rivera, Cerro Largo and Trienta y Tres)",Uruguay,URY,Uruguay,America,0.862,5.0,0.828,0.11805883221924028,0.10139996773052115,0.10139996773052115,modeled_population_proxy_population_first_evolved_to_2050_then_hdi_reconciled,0.862,0.8861,0.842392,0.866743,0.024351,7,0.847608,0.850842,3386583,3254355,399816.03419353144,329991.49198366015,-0.174642,modeled_proxy_not_official_subdivision_projection,emerging_mover,moderate
463,"Litoral Sur (Soriano, Colonia and San Jose)",Uruguay,URY,Uruguay,America,0.862,6.0,0.827,0.11676268958894204,0.09956890396195948,0.09956890396195948,modeled_population_proxy_population_first_evolved_to_2050_then_hdi_reconciled,0.862,0.8861,0.841392,0.865892,0.024501,7,0.847608,0.850842,3386583,3254355,395426.5395961881,324032.56045312266,-0.180549,modeled_proxy_not_official_subdivision_projection,emerging_mover,moderate
492,"Litoral Norte (Paysandu, Salto and Rio Negro)",Uruguay,URY,Uruguay,America,0.862,7.0,0.82,0.10807950339747356,0.08764458613331076,0.08764458613331076,modeled_population_proxy_population_first_evolved_to_2050_then_hdi_reconciled,0.862,0.8861,0.834392,0.859937,0.025545,7,0.847608,0.850842,3386583,3254355,366020.2088543262,285226.59710587055,-0.220735,modeled_proxy_not_official_subdivision_projection,emerging_mover,moderate
336,Tbilisi,Georgia,GEO,Georgia,Asia/Pacific,0.844,1.0,0.876,0.1583993085542461,0.20542596054178633,0.20542596054178633,modeled_population_proxy_population_first_evolved_to_2050_then_hdi_reconciled,0.844,0.8771,0.888485,0.911572,0.023088,10,0.831515,0.847422,3807668,3664012,603131.9784041292,752683.1845366316,0.247958,modeled_proxy_not_official_subdivision_projection,fast_converger,fast_converger
412,Ajaria,Georgia,GEO,Georgia,Asia/Pacific,0.844,2.0,0.849,0.12179899718654662,0.13403105174309654,0.13403105174309654,modeled_population_proxy_population_first_evolved_to_2050_then_hdi_reconciled,0.844,0.8771,0.861485,0.888692,0.027207,10,0.831515,0.847422,3807668,3664012,463770.1440193036,491091.3819593266,0.058911,modeled_proxy_not_official_subdivision_projection,fast_converger,fast_converger
428,Imereti Racha-Lochkhumi Kvemo Svaneti,Georgia,GEO,Georgia,Asia/Pacific,0.844,3.0,0.841,0.11267653157099587,0.11806690426973847,0.11806690426973847,modeled_population_proxy_population_first_evolved_to_2050_then_hdi_reconciled,0.844,0.8771,0.853485,0.881913,0.028428,10,0.831515,0.847422,3807668,3664012,429034.8236138707,432598.554047173,0.008306,modeled_proxy_not_official_subdivision_projection,fast_converger,fast_converger
460,Mtskheta-Mtianeti,Georgia,GEO,Georgia,Asia/Pacific,0.844,4.0,0.828,0.09928687134093413,0.0960788167409895,0.0960788167409895,modeled_population_proxy_population_first_evolved_to_2050_then_hdi_reconciled,0.844,0.8771,0.840485,0.870896,0.030411,10,0.831515,0.847422,3807668,3664012,378051.44282499194,352033.93748478644,-0.06882,modeled_proxy_not_official_subdivision_projection,fast_converger,fast_converger
471,Kvemo Kartli,Georgia,GEO,Georgia,Asia/Pacific,0.844,5.0,0.824,0.09549633501138813,0.09017559595519253,0.09017559595519253,modeled_population_proxy_population_first_evolved_to_2050_then_hdi_reconciled,0.844,0.8771,0.836485,0.867506,0.031022,10,0.831515,0.847422,3807668,3664012,363618.3389401422,330404.4656869769,-0.091343,modeled_proxy_not_official_subdivision_projection,fast_converger,fast_converger
490,Shida Kartli,Georgia,GEO,Georgia,Asia/Pacific,0.844,6.0,0.82,0.09185051233301836,0.08463507755091856,0.08463507755091856,modeled_population_proxy_population_first_evolved_to_2050_then_hdi_reconciled,0.844,0.8771,0.832485,0.864117,0.031632,10,0.831515,0.847422,3807668,3664012,349736.2565940393,310103.93976749625,-0.113321,modeled_proxy_not_official_subdivision_projection,fast_converger,fast_converger
504,Samtskhe-Javakheti,Georgia,GEO,Georgia,Asia/Pacific,0.844,7.0,0.816,0.08834387848320968,0.07943497657181302,0.07943497657181302,modeled_population_proxy_population_first_evolved_to_2050_then_hdi_reconciled,0.844,0.8771,0.828485,0.860727,0.032242,10,0.831515,0.847422,3807668,3664012,336384.159096406,291050.70737884176,-0.134767,modeled_proxy_not_official_subdivision_projection,fast_converger,fast_converger
543,Samegrelo-Zemo Svateni,Georgia,GEO,Georgia,Asia/Pacific,0.844,8.0,0.807,0.0809356648936357,0.06887313727898221,0.06887313727898221,modeled_population_proxy_population_first_evolved_to_2050_then_hdi_reconciled,0.844,0.8771,0.819485,0.8531,0.033616,10,0.831515,0.847422,3807668,3664012,308176.1412742201,252352.00146783818,-0.181144,modeled_proxy_not_official_subdivision_projection,fast_converger,fast_converger
577,Guria,Georgia,GEO,Georgia,Asia/Pacific,0.844,9.0,0.8,0.07560595031301272,0.061639239673741415,0.061639239673741415,modeled_population_proxy_population_first_evolved_to_2050_then_hdi_reconciled,0.844,0.8771,0.812485,0.847168,0.034684,10,0.831515,0.847422,3807668,3664012,287882.3576164485,225846.91383546463,-0.215489,modeled_proxy_not_official_subdivision_projection,fast_converger,fast_converger
578,Kakheti,Georgia,GEO,Georgia,Asia/Pacific,0.844,10.0,0.8,0.07560595031301272,0.061639239673741415,0.061639239673741415,modeled_population_proxy_population_first_evolved_to_2050_then_hdi_reconciled,0.844,0.8771,0.812485,0.847168,0.034684,10,0.831515,0.847422,3807668,3664012,287882.3576164485,225846.91383546463,-0.215489,modeled_proxy_not_official_subdivision_projection,fast_converger,fast_converger
339,Kuala Lumpur Federal Territory,Malaysia,MYS,Malaysia,Asia/Pacific,0.819,1.0,0.876,0.09024226079656099,0.10673197499334135,0.10673197499334135,modeled_population_proxy_population_first_evolved_to_2050_then_hdi_reconciled,0.819,0.8951,0.871244,0.934834,0.06359,15,0.823756,0.831082,35557670,44289762,3208804.529458053,4727133.77024504,0.473176,modeled_proxy_not_official_subdivision_projection,rapid_industrializer,frontier_jumper
345,Selangor,Malaysia,MYS,Malaysia,Asia/Pacific,0.819,2.0,0.872,0.08830653932643837,0.1030416380084942,0.1030416380084942,modeled_population_proxy_population_first_evolved_to_2050_then_hdi_reconciled,0.819,0.8951,0.867244,0.931509,0.064265,15,0.823756,0.831082,35557670,44289762,3139974.784211518,4563689.623486362,0.453416,modeled_proxy_not_official_subdivision_projection,rapid_industrializer,frontier_jumper
398,Pulau Pinang,Malaysia,MYS,Malaysia,Asia/Pacific,0.819,3.0,0.853,0.0796639126977558,0.08718148097552939,0.08718148097552939,modeled_population_proxy_population_first_evolved_to_2050_then_hdi_reconciled,0.819,0.8951,0.848244,0.915719,0.067475,15,0.823756,0.831082,35557670,44289762,2832663.1186156105,3861247.043213724,0.363116,modeled_proxy_not_official_subdivision_projection,rapid_industrializer,frontier_jumper
426,Melaka,Malaysia,MYS,Malaysia,Asia/Pacific,0.819,4.0,0.842,0.07505240331672165,0.07914059561006205,0.07914059561006205,modeled_population_proxy_population_first_evolved_to_2050_then_hdi_reconciled,0.819,0.8951,0.837244,0.906577,0.069333,15,0.823756,0.831082,35557670,44289762,2668688.589842894,3505118.144107893,0.313423,modeled_proxy_not_official_subdivision_projection,rapid_industrializer,frontier_jumper
435,Negeri Sembilan,Malaysia,MYS,Malaysia,Asia/Pacific,0.819,5.0,0.837,0.07304545973031681,0.07573507756267353,0.07573507756267353,modeled_population_proxy_population_first_evolved_to_2050_then_hdi_reconciled,0.819,0.8951,0.832244,0.902422,0.070177,15,0.823756,0.831082,35557670,44289762,2597326.352088894,3354288.5603023507,0.291439,modeled_proxy_not_official_subdivision_projection,rapid_industrializer,frontier_jumper
447,Johor,Malaysia,MYS,Malaysia,Asia/Pacific,0.819,6.0,0.833,0.07147861440256391,0.07311648123484174,0.07311648123484174,modeled_population_proxy_population_first_evolved_to_2050_then_hdi_reconciled,0.819,0.8951,0.828244,0.899097,0.070853,15,0.823756,0.831082,35557670,44289762,2541612.982983615,3238311.552168607,0.274117,modeled_proxy_not_official_subdivision_projection,rapid_industrializer,frontier_jumper
479,Perak,Malaysia,MYS,Malaysia,Asia/Pacific,0.819,7.0,0.823,0.06770696882909111,0.0669592842652785,0.0669592842652785,modeled_population_proxy_population_first_evolved_to_2050_then_hdi_reconciled,0.819,0.8951,0.818244,0.890786,0.072542,15,0.823756,0.831082,35557670,44289762,2407502.054325108,2965610.7637995295,0.231821,modeled_proxy_not_official_subdivision_projection,rapid_industrializer,frontier_jumper
505,Kedah,Malaysia,MYS,Malaysia,Asia/Pacific,0.819,8.0,0.816,0.06518586660821124,0.06296042731333819,0.06296042731333819,modeled_population_proxy_population_first_evolved_to_2050_then_hdi_reconciled,0.819,0.8951,0.811244,0.884969,0.073725,15,0.823756,0.831082,35557670,44289762,2317857.5335187945,2788502.341126048,0.203052,modeled_proxy_not_official_subdivision_projection,rapid_industrializer,frontier_jumper
515,Perlis,Malaysia,MYS,Malaysia,Asia/Pacific,0.819,9.0,0.813,0.06413433817009023,0.06132058974388741,0.06132058974388741,modeled_population_proxy_population_first_evolved_to_2050_then_hdi_reconciled,0.819,0.8951,0.808244,0.882476,0.074231,15,0.823756,0.831082,35557670,44289762,2280467.6323204725,2715874.3254564144,0.190929,modeled_proxy_not_official_subdivision_projection,rapid_industrializer,frontier_jumper
524,Pahang,Malaysia,MYS,Malaysia,Asia/Pacific,0.819,10.0,0.812,0.06378761172819976,0.060783523967263296,0.060783523967263296,modeled_population_proxy_population_first_evolved_to_2050_then_hdi_reconciled,0.819,0.8951,0.807244,0.881645,0.0744,15,0.823756,0.831082,35557670,44289762,2268138.8479194567,2692087.810031387,0.186915,modeled_proxy_not_official_subdivision_projection,rapid_industrializer,frontier_jumper
544,Terengganu,Malaysia,MYS,Malaysia,Asia/Pacific,0.819,11.0,0.807,0.06208189502103777,0.05816793349490567,0.05816793349490567,modeled_population_proxy_population_first_evolved_to_2050_then_hdi_reconciled,0.819,0.8951,0.802244,0.877489,0.075245,15,0.823756,0.831082,35557670,44289762,2207487.536132704,2576243.9305212004,0.167048,modeled_proxy_not_official_subdivision_projection,rapid_industrializer,frontier_jumper
599,Labuan Federal Territory,Malaysia,MYS,Malaysia,Asia/Pacific,0.819,12.0,0.795,0.05817195512426795,0.05234054727411848,0.05234054727411848,modeled_population_proxy_population_first_evolved_to_2050_then_hdi_reconciled,0.819,0.8951,0.790244,0.867516,0.077272,15,0.823756,0.831082,35557670,44289762,2068459.1835635286,2318150.3817204563,0.120714,modeled_proxy_not_official_subdivision_projection,rapid_industrializer,frontier_jumper
633,Kelantan,Malaysia,MYS,Malaysia,Asia/Pacific,0.819,13.0,0.786,0.05540196670083698,0.04835642963120265,0.04835642963120265,modeled_population_proxy_population_first_evolved_to_2050_then_hdi_reconciled,0.819,0.8951,0.781244,0.860036,0.078792,15,0.823756,0.831082,35557670,44289762,1969964.84929935,2141694.759535713,0.087174,modeled_proxy_not_official_subdivision_projection,rapid_industrializer,frontier_jumper
790,Sarawak,Malaysia,MYS,Malaysia,Asia/Pacific,0.819,14.0,0.752,0.04607653567927077,0.03585576527397888,0.03585576527397888,modeled_population_proxy_population_first_evolved_to_2050_then_hdi_reconciled,0.819,0.8951,0.747244,0.83178,0.084535,15,0.823756,0.831082,35557670,44289762,1638374.250426736,1588043.3103123894,-0.03072,modeled_proxy_not_official_subdivision_projection,rapid_industrializer,frontier_jumper
963,Sabah,Malaysia,MYS,Malaysia,Asia/Pacific,0.819,15.0,0.718,0.039663671868636605,0.028308250651084776,0.028308250651084776,modeled_population_proxy_population_first_evolved_to_2050_then_hdi_reconciled,0.819,0.8951,0.713244,0.803523,0.090279,15,0.823756,0.831082,35557670,44289762,1410347.7552932638,1253765.6839728898,-0.111024,modeled_proxy_not_official_subdivision_projection,rapid_industrializer,frontier_jumper
347,Thimphu,Bhutan,BTN,Bhutan,Asia/Pacific,0.698,1.0,0.871,0.08099703392875149,0.10417564082778813,0.10417564082778813,modeled_population_proxy_population_first_evolved_to_2050_then_hdi_reconciled,0.698,0.8102,0.879257,0.950912,0.071655,20,0.689743,0.817364,791530,882345,64111.58226562467,91918.85580619471,0.433732,modeled_proxy_not_official_subdivision_projection,rapid_industrializer,accelerator
722,Paro,Bhutan,BTN,Bhutan,Asia/Pacific,0.698,2.0,0.767,0.06707631024983901,0.07789305141700366,0.07789305141700366,modeled_population_proxy_population_first_evolved_to_2050_then_hdi_reconciled,0.698,0.8102,0.775257,0.865907,0.090649,20,0.689743,0.817364,791530,882345,53092.91185205507,68728.5444525361,0.294496,modeled_proxy_not_official_subdivision_projection,rapid_industrializer,accelerator
837,Haa,Bhutan,BTN,Bhutan,Asia/Pacific,0.698,3.0,0.742,0.061680792931541155,0.06825399623133509,0.06825399623133509,modeled_population_proxy_population_first_evolved_to_2050_then_hdi_reconciled,0.698,0.8102,0.750257,0.845472,0.095215,20,0.689743,0.817364,791530,882345,48822.19802910277,60223.572304737354,0.233528,modeled_proxy_not_official_subdivision_projection,rapid_industrializer,accelerator
867,Chukha,Bhutan,BTN,Bhutan,Asia/Pacific,0.698,4.0,0.737,0.06065492984788111,0.06647432827826585,0.06647432827826585,modeled_population_proxy_population_first_evolved_to_2050_then_hdi_reconciled,0.698,0.8102,0.745257,0.841386,0.096128,20,0.689743,0.817364,791530,882345,48010.196622493335,58653.29118468649,0.221684,modeled_proxy_not_official_subdivision_projection,rapid_industrializer,accelerator
908,Sarpang,Bhutan,BTN,Bhutan,Asia/Pacific,0.698,5.0,0.729,0.059048919539512267,0.06372287398807287,0.06372287398807287,modeled_population_proxy_population_first_evolved_to_2050_then_hdi_reconciled,0.698,0.8102,0.737257,0.834847,0.09759,20,0.689743,0.817364,791530,882345,46738.99128311015,56225.55924900616,0.202969,modeled_proxy_not_official_subdivision_projection,rapid_industrializer,accelerator
1008,Bumthang,Bhutan,BTN,Bhutan,Asia/Pacific,0.698,6.0,0.704,0.054299113433369454,0.05583734006962178,0.05583734006962178,modeled_population_proxy_population_first_evolved_to_2050_then_hdi_reconciled,0.698,0.8102,0.712257,0.814413,0.102155,20,0.689743,0.817364,791530,882345,42979.37725591492,49267.79782373043,0.146313,modeled_proxy_not_official_subdivision_projection,rapid_industrializer,accelerator
1044,Punakha,Bhutan,BTN,Bhutan,Asia/Pacific,0.698,7.0,0.697,0.053039003759072126,0.0538097462743501,0.0538097462743501,modeled_population_proxy_population_first_evolved_to_2050_then_hdi_reconciled,0.698,0.8102,0.705257,0.808691,0.103434,20,0.689743,0.817364,791530,882345,41981.96264541836,47478.76057644143,0.130932,modeled_proxy_not_official_subdivision_projection,rapid_industrializer,accelerator
1148,Tsirang,Bhutan,BTN,Bhutan,Asia/Pacific,0.698,8.0,0.667,0.04796144928403758,0.04592151255266539,0.04592151255266539,modeled_population_proxy_population_first_evolved_to_2050_then_hdi_reconciled,0.698,0.8102,0.675257,0.78417,0.108913,20,0.689743,0.817364,791530,882345,37962.92595179427,40518.61699328155,0.067321,modeled_proxy_not_official_subdivision_projection,rapid_industrializer,accelerator
1169,Samtse,Bhutan,BTN,Bhutan,Asia/Pacific,0.698,9.0,0.659,0.046691534667902476,0.0440207646098465,0.0440207646098465,modeled_population_proxy_population_first_evolved_to_2050_then_hdi_reconciled,0.698,0.8102,0.667257,0.777631,0.110374,20,0.689743,0.817364,791530,882345,36957.750435684844,38841.501549675006,0.05097,modeled_proxy_not_official_subdivision_projection,rapid_industrializer,accelerator
1179,Trongsa,Bhutan,BTN,Bhutan,Asia/Pacific,0.698,10.0,0.655,0.04606924277778111,0.043100100252725156,0.043100100252725156,modeled_population_proxy_population_first_evolved_to_2050_then_hdi_reconciled,0.698,0.8102,0.663257,0.774362,0.111105,20,0.689743,0.817364,791530,882345,36465.18773589708,38029.15795749078,0.042889,modeled_proxy_not_official_subdivision_projection,rapid_industrializer,accelerator
1186,Samdrup jongkhar,Bhutan,BTN,Bhutan,Asia/Pacific,0.698,11.0,0.651,0.045455244622257786,0.04219869096456925,0.04219869096456925,modeled_population_proxy_population_first_evolved_to_2050_then_hdi_reconciled,0.698,0.8102,0.659257,0.771092,0.111835,20,0.689743,0.817364,791530,882345,35979.1897758557,37233.803979132856,0.034871,modeled_proxy_not_official_subdivision_projection,rapid_industrializer,accelerator
1208,Dagana,Bhutan,BTN,Bhutan,Asia/Pacific,0.698,12.0,0.642,0.04410350257738626,0.040238849135940044,0.040238849135940044,modeled_population_proxy_population_first_evolved_to_2050_then_hdi_reconciled,0.698,0.8102,0.650257,0.763736,0.113479,20,0.689743,0.817364,791530,882345,34909.24539507855,35504.547340851015,0.017053,modeled_proxy_not_official_subdivision_projection,rapid_industrializer,accelerator
1214,Pemagatshel,Bhutan,BTN,Bhutan,Asia/Pacific,0.698,13.0,0.64,0.043808617087250465,0.0398158416372934,0.0398158416372934,modeled_population_proxy_population_first_evolved_to_2050_then_hdi_reconciled,0.698,0.8102,0.648257,0.762101,0.113844,20,0.689743,0.817364,791530,882345,34675.83468307136,35131.308789457646,0.013135,modeled_proxy_not_official_subdivision_projection,rapid_industrializer,accelerator
1216,Wangdi,Bhutan,BTN,Bhutan,Asia/Pacific,0.698,14.0,0.639,0.04366191454358683,0.03960600838269069,0.03960600838269069,modeled_population_proxy_population_first_evolved_to_2050_then_hdi_reconciled,0.698,0.8102,0.647257,0.761284,0.114027,20,0.689743,0.817364,791530,882345,34559.71521868528,34946.16346642522,0.011182,modeled_proxy_not_official_subdivision_projection,rapid_industrializer,accelerator
1219,Mongar,Bhutan,BTN,Bhutan,Asia/Pacific,0.698,15.0,0.638,0.0435157032648329,0.03939728096920365,0.03939728096920365,modeled_population_proxy_population_first_evolved_to_2050_then_hdi_reconciled,0.698,0.8102,0.646257,0.760467,0.114209,20,0.689743,0.817364,791530,882345,34443.98460521318,34761.993876771994,0.009233,modeled_proxy_not_official_subdivision_projection,rapid_industrializer,accelerator
1222,Zhemgang,Bhutan,BTN,Bhutan,Asia/Pacific,0.698,16.0,0.636,0.04322474792713976,0.0389831203847406,0.0389831203847406,modeled_population_proxy_population_first_evolved_to_2050_then_hdi_reconciled,0.698,0.8102,0.644257,0.758832,0.114575,20,0.689743,0.817364,791530,882345,34213.68472676894,34396.56135587394,0.005345,modeled_proxy_not_official_subdivision_projection,rapid_industrializer,accelerator
1234,Lhuntse,Bhutan,BTN,Bhutan,Asia/Pacific,0.698,17.0,0.632,0.042648660414083765,0.03816781493092361,0.03816781493092361,modeled_population_proxy_population_first_evolved_to_2050_then_hdi_reconciled,0.698,0.8102,0.640257,0.755562,0.115305,20,0.689743,0.817364,791530,882345,33757.69417755972,33677.180665225795,-0.002385,modeled_proxy_not_official_subdivision_projection,rapid_industrializer,accelerator
1260,Trashiyangtse,Bhutan,BTN,Bhutan,Asia/Pacific,0.698,18.0,0.621,0.04110370208963512,0.036012578594135314,0.036012578594135314,modeled_population_proxy_population_first_evolved_to_2050_then_hdi_reconciled,0.698,0.8102,0.629257,0.746571,0.117314,20,0.689743,0.817364,791530,882345,32534.813315008883,31775.518659642323,-0.023338,modeled_proxy_not_official_subdivision_projection,rapid_industrializer,accelerator
1304,Trashigang,Bhutan,BTN,Bhutan,Asia/Pacific,0.698,19.0,0.61,0.03961471026451161,0.03397904279681512,0.03397904279681512,modeled_population_proxy_population_first_evolved_to_2050_then_hdi_reconciled,0.698,0.8102,0.618257,0.73758,0.119323,20,0.689743,0.817364,791530,882345,31356.231615668876,29981.238516555837,-0.043851,modeled_proxy_not_official_subdivision_projection,rapid_industrializer,accelerator
1402,Gasa,Bhutan,BTN,Bhutan,Asia/Pacific,0.698,20.0,0.576,0.035344866789627796,0.028391417702013838,0.028391417702013838,modeled_population_proxy_population_first_evolved_to_2050_then_hdi_reconciled,0.698,0.8102,0.584257,0.70979,0.125533,20,0.689743,0.817364,791530,882345,27976.52240999409,25051.0254522834,-0.10457,modeled_proxy_not_official_subdivision_projection,rapid_industrializer,accelerator
351,Centre,Montenegro,MNE,Montenegro,Europe,0.862,1.0,0.871,0.42996447755561285,0.4982177472153594,0.4982177472153594,modeled_population_proxy_population_first_evolved_to_2050_then_hdi_reconciled,0.862,0.8749,0.873564,0.883398,0.009834,3,0.859436,0.855098,638481,533299,274524.14959418523,265699.02637220395,-0.032147,modeled_proxy_not_official_subdivision_projection,stable_or_slow,fast_converger
394,North,Montenegro,MNE,Montenegro,Europe,0.862,2.0,0.856,0.3189181966288396,0.30084054157634743,0.30084054157634743,modeled_population_proxy_population_first_evolved_to_2050_then_hdi_reconciled,0.862,0.8749,0.858564,0.870572,0.012008,3,0.859436,0.855098,638481,533299,203623.20910177813,160437.9599821245,-0.212084,modeled_proxy_not_official_subdivision_projection,stable_or_slow,fast_converger
422,South,Montenegro,MNE,Montenegro,Europe,0.862,3.0,0.844,0.2511173258155476,0.20094171120829318,0.20094171120829318,modeled_population_proxy_population_first_evolved_to_2050_then_hdi_reconciled,0.862,0.8749,0.846564,0.86031,0.013746,3,0.859436,0.855098,638481,533299,160333.64130403663,107162.01364567154,-0.331631,modeled_proxy_not_official_subdivision_projection,stable_or_slow,fast_converger
352,Panama,Panama,PAN,Panama,America,0.839,1.0,0.871,0.1054397559113975,0.11901814616877887,0.11901814616877887,modeled_population_proxy_population_first_evolved_to_2050_then_hdi_reconciled,0.839,0.8825,0.924228,0.946823,0.022595,12,0.785772,0.84347,4515576,5630682,476121.23123936466,670153.3333059122,0.407527,modeled_proxy_not_official_subdivision_projection,fast_converger,fast_converger
413,Colon,Panama,PAN,Panama,America,0.839,2.0,0.849,0.09977849128040704,0.10896661580273774,0.10896661580273774,modeled_population_proxy_population_first_evolved_to_2050_then_hdi_reconciled,0.839,0.8825,0.902228,0.928267,0.026039,12,0.785772,0.84347,4515576,5630682,450557.3605420153,613556.3622013909,0.361772,modeled_proxy_not_official_subdivision_projection,fast_converger,fast_converger
432,Chiriqui,Panama,PAN,Panama,America,0.839,3.0,0.839,0.09730667509401386,0.10468281903860346,0.10468281903860346,modeled_population_proxy_population_first_evolved_to_2050_then_hdi_reconciled,0.839,0.8825,0.892228,0.919832,0.027604,12,0.785772,0.84347,4515576,5630682,439395.68669432675,589435.6648699219,0.341469,modeled_proxy_not_official_subdivision_projection,fast_converger,fast_converger
433,Herrera,Panama,PAN,Panama,America,0.839,4.0,0.838,0.09706288669564322,0.1042638131630701,0.1042638131630701,modeled_population_proxy_population_first_evolved_to_2050_then_hdi_reconciled,0.839,0.8825,0.891228,0.918989,0.02776,12,0.785772,0.84347,4515576,5630682,438294.8416535659,587076.3760286618,0.339455,modeled_proxy_not_official_subdivision_projection,fast_converger,fast_converger
449,Los Santos,Panama,PAN,Panama,America,0.839,5.0,0.833,0.09585307582788653,0.10219380676929884,0.10219380676929884,modeled_population_proxy_population_first_evolved_to_2050_then_hdi_reconciled,0.839,0.8825,0.886228,0.914772,0.028543,12,0.785772,0.84347,4515576,5630682,432831.8487345846,575420.8282873691,0.329433,modeled_proxy_not_official_subdivision_projection,fast_converger,fast_converger
525,Cocle,Panama,PAN,Panama,America,0.839,6.0,0.812,0.09093436206139745,0.09393915823357625,0.09393915823357625,modeled_population_proxy_population_first_evolved_to_2050_then_hdi_reconciled,0.839,0.8825,0.865228,0.897059,0.03183,12,0.785772,0.84347,4515576,5630682,410621.02289975685,528941.5273609495,0.28815,modeled_proxy_not_official_subdivision_projection,fast_converger,fast_converger
669,Veraguas,Panama,PAN,Panama,America,0.839,7.0,0.778,0.08350017888067447,0.08196440328664223,0.08196440328664223,modeled_population_proxy_population_first_evolved_to_2050_then_hdi_reconciled,0.839,0.8825,0.831228,0.868381,0.037152,12,0.785772,0.84347,4515576,5630682,377051.4037492805,461515.4902268372,0.224012,modeled_proxy_not_official_subdivision_projection,fast_converger,fast_converger
721,Bocas del Toro,Panama,PAN,Panama,America,0.839,8.0,0.768,0.08143162591825352,0.0787421425695695,0.0787421425695695,modeled_population_proxy_population_first_evolved_to_2050_then_hdi_reconciled,0.839,0.8825,0.821228,0.859946,0.038718,12,0.785772,0.84347,4515576,5630682,367710.69563744357,443371.96480790875,0.205763,modeled_proxy_not_official_subdivision_projection,fast_converger,fast_converger
873,Darien,Panama,PAN,Panama,America,0.839,9.0,0.737,0.07533916068159238,0.06953624921123086,0.06953624921123086,modeled_population_proxy_population_first_evolved_to_2050_then_hdi_reconciled,0.839,0.8825,0.790228,0.833798,0.04357,12,0.785772,0.84347,4515576,5630682,340199.7058339422,391536.5067811918,0.150902,modeled_proxy_not_official_subdivision_projection,fast_converger,fast_converger
1170,Embera Wounaan,Panama,PAN,Panama,America,0.839,10.0,0.659,0.061950560634186205,0.05085696531613208,0.05085696531613208,modeled_population_proxy_population_first_evolved_to_2050_then_hdi_reconciled,0.839,0.8825,0.712228,0.768008,0.055779,12,0.785772,0.84347,4515576,5630682,279742.464786276,286359.3991801692,0.023654,modeled_proxy_not_official_subdivision_projection,fast_converger,fast_converger
1249,Kuna Yala,Panama,PAN,Panama,America,0.839,11.0,0.626,0.057028776248500467,0.04455237541880742,0.04455237541880742,modeled_population_proxy_population_first_evolved_to_2050_then_hdi_reconciled,0.839,0.8825,0.679228,0.740173,0.060945,12,0.785772,0.84347,4515576,5630682,257517.77333709874,250860.2583279214,-0.025853,modeled_proxy_not_official_subdivision_projection,fast_converger,fast_converger
1319,Ngobe Bugle,Panama,PAN,Panama,America,0.839,12.0,0.607,0.05437445076604741,0.04128350502155258,0.04128350502155258,modeled_population_proxy_population_first_evolved_to_2050_then_hdi_reconciled,0.839,0.8825,0.660228,0.724147,0.063919,12,0.785772,0.84347,4515576,5630682,245531.9648923453,232454.2886217657,-0.053263,modeled_proxy_not_official_subdivision_projection,fast_converger,fast_converger
358,Almaty city,Kazakhstan,KAZ,Kazakhstan,Asia/Pacific,0.837,1.0,0.868,0.22552243626483112,0.26400196414442434,0.26400196414442434,modeled_population_proxy_population_first_evolved_to_2050_then_hdi_reconciled,0.837,0.8857,0.859682,0.90282,0.043138,6,0.845318,0.841494,20592574,26544266,4644087.457443818,7007738.360772062,0.508959,modeled_proxy_not_official_subdivision_projection,rapid_industrializer,fast_converger
390,Central region (Karagandinskaya),Kazakhstan,KAZ,Kazakhstan,Asia/Pacific,0.837,2.0,0.857,0.19707903360723705,0.2128453778012449,0.2128453778012449,modeled_population_proxy_population_first_evolved_to_2050_then_hdi_reconciled,0.837,0.8857,0.848682,0.893564,0.044882,6,0.845318,0.841494,20592574,26544266,4058364.583405516,5649824.32522674,0.392143,modeled_proxy_not_official_subdivision_projection,rapid_industrializer,fast_converger
408,"North region (Akmolinskaya (incl Astana city), Kostnaiskaya, Pavlodarskaya, North-Kazakhstanskaya)",Kazakhstan,KAZ,Kazakhstan,Asia/Pacific,0.837,3.0,0.85,0.18087633900785186,0.18558244893797274,0.18558244893797274,modeled_population_proxy_population_first_evolved_to_2050_then_hdi_reconciled,0.837,0.8857,0.841682,0.887673,0.045991,6,0.845318,0.841494,20592574,26544266,3724709.395868276,4926149.889540966,0.32256,modeled_proxy_not_official_subdivision_projection,rapid_industrializer,fast_converger
458,"West region (Aktyubinskaya, Atyrauskaya, Mangistauskaya, West-Kazakhstanskaya)",Kazakhstan,KAZ,Kazakhstan,Asia/Pacific,0.837,4.0,0.829,0.139831740908888,0.12301411181930143,0.12301411181930143,modeled_population_proxy_population_first_evolved_to_2050_then_hdi_reconciled,0.837,0.8857,0.820682,0.870002,0.04932,6,0.845318,0.841494,20592574,26544266,2879495.4722151035,3265319.305885281,0.13399,modeled_proxy_not_official_subdivision_projection,rapid_industrializer,fast_converger
478,East region (East-Kazakhstanskaya),Kazakhstan,KAZ,Kazakhstan,Asia/Pacific,0.837,5.0,0.823,0.12991813161122295,0.1093783874678384,0.1093783874678384,modeled_population_proxy_population_first_evolved_to_2050_then_hdi_reconciled,0.837,0.8857,0.814682,0.864953,0.050271,6,0.845318,0.841494,20592574,26544266,2675348.739145848,2903369.011597369,0.08523,modeled_proxy_not_official_subdivision_projection,rapid_industrializer,fast_converger
488,"South region (Almatinskaya, Zhambylskaya, Kyzylordinskaya, South-Kazakhstanskaya)",Kazakhstan,KAZ,Kazakhstan,Asia/Pacific,0.837,6.0,0.821,0.12677231859996896,0.1051777098292182,0.1051777098292182,modeled_population_proxy_population_first_evolved_to_2050_then_hdi_reconciled,0.837,0.8857,0.812682,0.86327,0.050588,6,0.845318,0.841494,20592574,26544266,2610568.3519214373,2791865.1069775824,0.069447,modeled_proxy_not_official_subdivision_projection,rapid_industrializer,fast_converger
362,NOA,Argentina,ARG,Argentina,America,0.865,1.0,0.867,0.19260088325165514,0.20547365466564946,0.20547365466564946,modeled_population_proxy_population_first_evolved_to_2050_then_hdi_reconciled,0.865,0.8641,0.867907,0.866285,-0.001622,6,0.864093,0.86,45696153,48308945,8801119.429002771,9926215.482191853,0.127836,modeled_proxy_not_official_subdivision_projection,stable_or_slow,moderate
368,Gran Buenos Aires,Argentina,ARG,Argentina,America,0.865,2.0,0.866,0.1844378019988178,0.19213423827355544,0.19213423827355544,modeled_population_proxy_population_first_evolved_to_2050_then_hdi_reconciled,0.865,0.8641,0.866907,0.865425,-0.001482,6,0.864093,0.86,45696153,48308945,8428098.019121684,9281802.349374086,0.101293,modeled_proxy_not_official_subdivision_projection,stable_or_slow,moderate
371,Cuyo,Argentina,ARG,Argentina,America,0.865,3.0,0.865,0.1766206999253872,0.17966082112584733,0.17966082112584733,modeled_population_proxy_population_first_evolved_to_2050_then_hdi_reconciled,0.865,0.8641,0.865907,0.864565,-0.001342,6,0.864093,0.86,45696153,48308945,8070886.526757582,8679224.726423398,0.075374,modeled_proxy_not_official_subdivision_projection,stable_or_slow,moderate
372,Pampeana,Argentina,ARG,Argentina,America,0.865,4.0,0.865,0.1766206999253872,0.17966082112584733,0.17966082112584733,modeled_population_proxy_population_first_evolved_to_2050_then_hdi_reconciled,0.865,0.8641,0.865907,0.864565,-0.001342,6,0.864093,0.86,45696153,48308945,8070886.526757582,8679224.726423398,0.075374,modeled_proxy_not_official_subdivision_projection,stable_or_slow,moderate
375,Patagonia,Argentina,ARG,Argentina,America,0.865,5.0,0.864,0.16913491325565475,0.16799718227033109,0.16799718227033109,modeled_population_proxy_population_first_evolved_to_2050_then_hdi_reconciled,0.865,0.8641,0.864907,0.863705,-0.001202,6,0.864093,0.86,45696153,48308945,7728814.873772128,8115766.6384523995,0.050066,modeled_proxy_not_official_subdivision_projection,stable_or_slow,moderate
402,NEA,Argentina,ARG,Argentina,America,0.865,6.0,0.852,0.10058500164309793,0.07507328253876944,0.07507328253876944,modeled_population_proxy_population_first_evolved_to_2050_then_hdi_reconciled,0.865,0.8641,0.852907,0.853385,0.000478,6,0.864093,0.86,45696153,48308945,4596347.624588254,3626711.0771348733,-0.210958,modeled_proxy_not_official_subdivision_projection,stable_or_slow,moderate
377,Belgrade,Serbia,SRB,Serbia,Europe,0.833,1.0,0.863,0.3560520538946673,0.44099269408493413,0.44099269408493413,modeled_population_proxy_population_first_evolved_to_2050_then_hdi_reconciled,0.833,0.8598,0.858092,0.878299,0.020207,4,0.837908,0.849816,6736217,5532862,2398443.8983301744,2439951.719380157,0.017306,modeled_proxy_not_official_subdivision_projection,emerging_mover,fast_converger
465,Vojvodina,Serbia,SRB,Serbia,Europe,0.833,2.0,0.826,0.22024593507373535,0.19463199484095448,0.19463199484095448,modeled_population_proxy_population_first_evolved_to_2050_then_hdi_reconciled,0.833,0.8598,0.821092,0.846856,0.025764,4,0.837908,0.849816,6736217,5532862,1483624.4120245923,1076871.968239713,-0.274161,modeled_proxy_not_official_subdivision_projection,emerging_mover,fast_converger
474,South and East Serbia,Serbia,SRB,Serbia,Europe,0.833,3.0,0.824,0.21460109007420972,0.18621441897093913,0.18621441897093913,modeled_population_proxy_population_first_evolved_to_2050_then_hdi_reconciled,0.833,0.8598,0.819092,0.845156,0.026065,4,0.837908,0.849816,6736217,5532862,1445599.5111764227,1030298.6825763882,-0.287286,modeled_proxy_not_official_subdivision_projection,emerging_mover,fast_converger
485,Sumadija and West Serbia,Serbia,SRB,Serbia,Europe,0.833,4.0,0.822,0.20910092095738766,0.1781608921031722,0.1781608921031722,modeled_population_proxy_population_first_evolved_to_2050_then_hdi_reconciled,0.833,0.8598,0.817092,0.843457,0.026365,4,0.837908,0.849816,6736217,5532862,1408549.178468811,985739.6298037416,-0.300174,modeled_proxy_not_official_subdivision_projection,emerging_mover,fast_converger
384,Ahmadi,Kuwait,KWT,Kuwait,Asia/Pacific,0.852,1.0,0.861,0.42959297012007747,0.48604834833301575,0.48604834833301575,modeled_population_proxy_population_first_evolved_to_2050_then_hdi_reconciled,0.852,0.8811,0.860532,0.887494,0.026962,3,0.852468,0.848942,4934508,6367757,2119829.947801283,3095037.7724359995,0.460041,modeled_proxy_not_official_subdivision_projection,emerging_mover,moderate
409,"Al Asimah, Hawalli, Al-Farwaniyah, Mubarak al-Sabah",Kuwait,KWT,Kuwait,Asia/Pacific,0.852,2.0,0.85,0.3195592393493317,0.3052847944268624,0.3052847944268624,modeled_population_proxy_population_first_evolved_to_2050_then_hdi_reconciled,0.852,0.8811,0.849532,0.878155,0.028623,3,0.852468,0.848942,4934508,6367757,1576867.623043192,1943979.3867052142,0.232811,modeled_proxy_not_official_subdivision_projection,emerging_mover,moderate
429,Al-Jahra,Kuwait,KWT,Kuwait,Asia/Pacific,0.852,3.0,0.841,0.25084779053059086,0.20866685724012188,0.20866685724012188,modeled_population_proxy_population_first_evolved_to_2050_then_hdi_reconciled,0.852,0.8811,0.840532,0.870515,0.029983,3,0.852468,0.848942,4934508,6367757,1237810.4291555248,1328739.8408587868,0.07346,modeled_proxy_not_official_subdivision_projection,emerging_mover,moderate
399,"West (Ancash, Lima, Callao)",Peru,PER,Peru,America,0.794,1.0,0.853,0.23937753140501905,0.2880145508975286,0.2880145508975286,modeled_population_proxy_population_first_evolved_to_2050_then_hdi_reconciled,0.794,0.8335,0.862134,0.885535,0.023401,6,0.784866,0.84499,34217850,40583877,8190984.462987231,11688747.10783554,0.427026,modeled_proxy_not_official_subdivision_projection,fast_converger,moderate
509,"South (Tacna, Moquegua, Arequipa, Ica, Ayacucho)",Peru,PER,Peru,America,0.794,2.0,0.815,0.19851863352057736,0.21432773662130677,0.21432773662130677,modeled_population_proxy_population_first_evolved_to_2050_then_hdi_reconciled,0.794,0.8335,0.824134,0.853425,0.029292,6,0.784866,0.84499,34217850,40583877,6792880.824012088,8698250.50072751,0.280495,modeled_proxy_not_official_subdivision_projection,fast_converger,moderate
740,"North (Tumbes, Piura, Lambayeque, Cajamarca, La Libertad)",Peru,PER,Peru,America,0.794,3.0,0.762,0.15290938024650244,0.1419329920357704,0.1419329920357704,modeled_population_proxy_population_first_evolved_to_2050_then_hdi_reconciled,0.794,0.8335,0.771134,0.808641,0.037507,6,0.784866,0.84499,34217850,40583877,5232230.236867784,5760191.091021685,0.100906,modeled_proxy_not_official_subdivision_projection,fast_converger,moderate
803,"Central (Huancavelica, Huanuco, Junin, Pasco)",Peru,PER,Peru,America,0.794,4.0,0.749,0.1434257374370076,0.1282858982055233,0.1282858982055233,modeled_population_proxy_population_first_evolved_to_2050_then_hdi_reconciled,0.794,0.8335,0.758134,0.797656,0.039522,6,0.784866,0.84499,34217850,40583877,4907720.3697589105,5206339.113607478,0.060847,modeled_proxy_not_official_subdivision_projection,fast_converger,moderate
888,"North East (Amazonas, Loreto, San Martin, Ucayali)",Peru,PER,Peru,America,0.794,5.0,0.734,0.13321160144683009,0.1141615749201946,0.1141615749201946,modeled_population_proxy_population_first_evolved_to_2050_then_hdi_reconciled,0.794,0.8335,0.743134,0.784981,0.041847,6,0.784866,0.84499,34217850,40583877,4558214.596567415,4633119.3146874625,0.016433,modeled_proxy_not_official_subdivision_projection,fast_converger,moderate
894,"East (Madre de Dios, Cusco, Puno, Apurimac)",Peru,PER,Peru,America,0.794,6.0,0.733,0.13255711594406347,0.11327724731967624,0.11327724731967624,modeled_population_proxy_population_first_evolved_to_2050_then_hdi_reconciled,0.794,0.8335,0.742134,0.784136,0.042002,6,0.784866,0.84499,34217850,40583877,4535819.509806572,4597229.87212032,0.013539,modeled_proxy_not_official_subdivision_projection,fast_converger,moderate
404,Chisinau,Moldova,MDA,Moldova,Europe,0.785,1.0,0.852,0.3538198935124626,0.4360824723896618,0.4360824723896618,modeled_population_proxy_population_first_evolved_to_2050_then_hdi_reconciled,0.785,0.8072,0.838989,0.847168,0.008179,4,0.798011,0.851564,3034967,2351806,1073831.700753838,1025581.375060841,-0.044933,modeled_proxy_not_official_subdivision_projection,emerging_mover,moderate
657,South,Moldova,MDA,Moldova,Europe,0.785,2.0,0.78,0.23095778978770315,0.2112878233147343,0.2112878233147343,modeled_population_proxy_population_first_evolved_to_2050_then_hdi_reconciled,0.785,0.8072,0.766989,0.785856,0.018867,4,0.798011,0.851564,3034967,2351806,700949.2703986161,496907.97059853206,-0.291093,modeled_proxy_not_official_subdivision_projection,emerging_mover,moderate
735,North,Moldova,MDA,Moldova,Europe,0.785,3.0,0.764,0.21007096466341663,0.17986324852772362,0.17986324852772362,modeled_population_proxy_population_first_evolved_to_2050_then_hdi_reconciled,0.785,0.8072,0.750989,0.772231,0.021242,4,0.798011,0.851564,3034967,2351806,637558.4454116356,423003.46706699155,-0.336526,modeled_proxy_not_official_subdivision_projection,emerging_mover,moderate
756,Center,Moldova,MDA,Moldova,Europe,0.785,4.0,0.76,0.20515135203641766,0.17276645576788022,0.17276645576788022,modeled_population_proxy_population_first_evolved_to_2050_then_hdi_reconciled,0.785,0.8072,0.746989,0.768824,0.021835,4,0.798011,0.851564,3034967,2351806,622627.5834359104,406313.1872736353,-0.347422,modeled_proxy_not_official_subdivision_projection,emerging_mover,moderate
405,Heredia,Costa Rica,CRI,Costa Rica,America,0.833,1.0,0.851,0.18488354658781445,0.21148753047294713,0.21148753047294713,modeled_population_proxy_population_first_evolved_to_2050_then_hdi_reconciled,0.833,0.8826,0.853291,0.89781,0.044519,7,0.830709,0.841152,5129909,5354149,948435.7695927486,1132335.7497941994,0.193898,modeled_proxy_not_official_subdivision_projection,fast_converger,fast_converger
411,San Jose,Costa Rica,CRI,Costa Rica,America,0.833,2.0,0.849,0.18064826841618759,0.20376492606469318,0.20376492606469318,modeled_population_proxy_population_first_evolved_to_2050_then_hdi_reconciled,0.833,0.8826,0.851291,0.896127,0.044837,7,0.830709,0.841152,5129909,5354149,926709.1779826165,1090987.775124351,0.177271,modeled_proxy_not_official_subdivision_projection,fast_converger,fast_converger
453,Cartago,Costa Rica,CRI,Costa Rica,America,0.833,3.0,0.832,0.1483494323253901,0.1485282574347902,0.1485282574347902,modeled_population_proxy_population_first_evolved_to_2050_then_hdi_reconciled,0.833,0.8826,0.834291,0.881828,0.047537,7,0.830709,0.841152,5129909,5354149,761019.0880309097,795242.4210162245,0.04497,modeled_proxy_not_official_subdivision_projection,fast_converger,fast_converger
456,Alajuela,Costa Rica,CRI,Costa Rica,America,0.833,4.0,0.83,0.14495107090223047,0.14310465173543238,0.14310465173543238,modeled_population_proxy_population_first_evolved_to_2050_then_hdi_reconciled,0.833,0.8826,0.832291,0.880145,0.047855,7,0.830709,0.841152,5129909,5354149,743585.8031809903,766203.6279846135,0.030417,modeled_proxy_not_official_subdivision_projection,fast_converger,fast_converger
489,Guanacaste,Costa Rica,CRI,Costa Rica,America,0.833,5.0,0.82,0.12909193950235265,0.11881658814579574,0.11881658814579574,modeled_population_proxy_population_first_evolved_to_2050_then_hdi_reconciled,0.833,0.8826,0.822291,0.871734,0.049443,7,0.830709,0.841152,5129909,5354149,662229.9022805743,636161.716604224,-0.039364,modeled_proxy_not_official_subdivision_projection,fast_converger,fast_converger
522,Puntarenas,Costa Rica,CRI,Costa Rica,America,0.833,6.0,0.812,0.11766337024403146,0.10238957452387126,0.10238957452387126,modeled_population_proxy_population_first_evolved_to_2050_then_hdi_reconciled,0.833,0.8826,0.814291,0.865005,0.050714,7,0.830709,0.841152,5129909,5354149,603602.3819851892,548209.0380474108,-0.091771,modeled_proxy_not_official_subdivision_projection,fast_converger,fast_converger
604,Limon,Costa Rica,CRI,Costa Rica,America,0.833,7.0,0.793,0.09441237202199329,0.07190847162247005,0.07190847162247005,modeled_population_proxy_population_first_evolved_to_2050_then_hdi_reconciled,0.833,0.8826,0.795291,0.849023,0.053732,7,0.830709,0.841152,5129909,5354149,484326.8769469716,385008.6714289764,-0.205064,modeled_proxy_not_official_subdivision_projection,fast_converger,fast_converger
414,Distrito Federal,Brazil,BRA,Brazil,America,0.786,1.0,0.848,0.014227642276422765,0.017860528417116026,0.017860528417116026,seeded_population_prior_population_first_evolved_to_2050_then_hdi_reconciled,0.786,0.8312,0.848291,0.880984,0.032694,27,0.785709,0.842824,211998565,217489300,3016239.7459349595,3884473.823068673,0.287853,modeled_proxy_not_official_subdivision_projection,fast_converger,fast_converger
506,Rio de Janeiro,Brazil,BRA,Brazil,America,0.786,2.0,0.815,0.08028455284552846,0.09197179098165724,0.09197179098165724,seeded_population_prior_population_first_evolved_to_2050_then_hdi_reconciled,0.786,0.8312,0.815291,0.853171,0.037881,27,0.785709,0.842824,211998565,217489300,17020209.9949187,20002880.440346945,0.175243,modeled_proxy_not_official_subdivision_projection,fast_converger,fast_converger
519,Sao Paulo,Brazil,BRA,Brazil,America,0.786,3.0,0.812,0.21747967479674796,0.245523340003559,0.245523340003559,seeded_population_prior_population_first_evolved_to_2050_then_hdi_reconciled,0.786,0.8312,0.812291,0.850643,0.038352,27,0.785709,0.842824,211998565,217489300,46105378.97357723,53398699.35103604,0.158188,modeled_proxy_not_official_subdivision_projection,fast_converger,fast_converger
570,Rio Grande do Sul,Brazil,BRA,Brazil,America,0.786,4.0,0.801,0.05284552845528455,0.05654632244946224,0.05654632244946224,seeded_population_prior_population_first_evolved_to_2050_then_hdi_reconciled,0.786,0.8312,0.801291,0.841372,0.040081,27,0.785709,0.842824,211998565,217489300,11203176.199186992,12298220.087107828,0.097744,modeled_proxy_not_official_subdivision_projection,fast_converger,fast_converger
574,Santa Catarina,Brazil,BRA,Brazil,America,0.786,5.0,0.8,0.036585365853658534,0.03895716472833662,0.03895716472833662,seeded_population_prior_population_first_evolved_to_2050_then_hdi_reconciled,0.786,0.8312,0.800291,0.840529,0.040238,27,0.785709,0.842824,211998565,217489300,7756045.060975609,8472766.486750621,0.092408,modeled_proxy_not_official_subdivision_projection,fast_converger,fast_converger
596,Parana,Brazil,BRA,Brazil,America,0.786,6.0,0.795,0.054878048780487805,0.05702925483975753,0.05702925483975753,seeded_population_prior_population_first_evolved_to_2050_then_hdi_reconciled,0.786,0.8312,0.795291,0.836315,0.041024,27,0.785709,0.842824,211998565,217489300,11634067.591463415,12403252.714620477,0.066115,modeled_proxy_not_official_subdivision_projection,fast_converger,fast_converger
609,Goias,Brazil,BRA,Brazil,America,0.786,7.0,0.792,0.034552845528455285,0.03538623130225456,0.03538623130225456,seeded_population_prior_population_first_evolved_to_2050_then_hdi_reconciled,0.786,0.8312,0.792291,0.833786,0.041496,27,0.785709,0.842824,211998565,217489300,7325153.668699187,7696126.675565433,0.050644,modeled_proxy_not_official_subdivision_projection,fast_converger,fast_converger
626,Espirito Santo,Brazil,BRA,Brazil,America,0.786,8.0,0.788,0.019308943089430895,0.019392967642311913,0.019392967642311913,seeded_population_prior_population_first_evolved_to_2050_then_hdi_reconciled,0.786,0.8312,0.788291,0.830415,0.042124,27,0.785709,0.842824,211998565,217489300,4093468.2266260167,4217762.957449068,0.030364,modeled_proxy_not_official_subdivision_projection,fast_converger,fast_converger
627,Mato Grosso do Sul,Brazil,BRA,Brazil,America,0.786,9.0,0.788,0.013211382113821137,0.013268872597371308,0.013268872597371308,seeded_population_prior_population_first_evolved_to_2050_then_hdi_reconciled,0.786,0.8312,0.788291,0.830415,0.042124,27,0.785709,0.842824,211998565,217489300,2800794.049796748,2885837.812991468,0.030364,modeled_proxy_not_official_subdivision_projection,fast_converger,fast_converger
628,Roraima,Brazil,BRA,Brazil,America,0.786,10.0,0.787,0.003048780487804878,0.0030471634177866385,0.0030471634177866385,seeded_population_prior_population_first_evolved_to_2050_then_hdi_reconciled,0.786,0.8312,0.787291,0.829572,0.042281,27,0.785709,0.842824,211998565,217489300,646337.0884146341,662725.4387200236,0.025356,modeled_proxy_not_official_subdivision_projection,fast_converger,fast_converger
636,Minas Gerais,Brazil,BRA,Brazil,America,0.786,11.0,0.785,0.10162601626016261,0.10058706347426744,0.10058706347426744,seeded_population_prior_population_first_evolved_to_2050_then_hdi_reconciled,0.786,0.8312,0.785291,0.827886,0.042596,27,0.785709,0.842824,211998565,217489300,21544569.61382114,21876610.024073992,0.015412,modeled_proxy_not_official_subdivision_projection,fast_converger,fast_converger
645,Mato Grosso,Brazil,BRA,Brazil,America,0.786,12.0,0.782,0.018292682926829267,0.017842926743068505,0.017842926743068505,seeded_population_prior_population_first_evolved_to_2050_then_hdi_reconciled,0.786,0.8312,0.782291,0.825358,0.043067,27,0.785709,0.842824,211998565,217489300,3878022.5304878047,3880645.6473012487,0.000676,modeled_proxy_not_official_subdivision_projection,fast_converger,fast_converger
680,Rio Grande do Norte,Brazil,BRA,Brazil,America,0.786,13.0,0.775,0.017276422764227643,0.016286555492838587,0.016286555492838587,seeded_population_prior_population_first_evolved_to_2050_then_hdi_reconciled,0.786,0.8312,0.775291,0.819458,0.044168,27,0.785709,0.842824,211998565,217489300,3662576.8343495936,3542151.553548619,-0.03288,modeled_proxy_not_official_subdivision_projection,fast_converger,fast_converger
685,Tocantins,Brazil,BRA,Brazil,America,0.786,14.0,0.774,0.007113821138211383,0.0066736308677620955,0.0066736308677620955,seeded_population_prior_population_first_evolved_to_2050_then_hdi_reconciled,0.786,0.8312,0.774291,0.818615,0.044325,27,0.785709,0.842824,211998565,217489300,1508119.8729674798,1451443.3058879706,-0.037581,modeled_proxy_not_official_subdivision_projection,fast_converger,fast_converger
691,Amapa,Brazil,BRA,Brazil,America,0.786,15.0,0.773,0.0040650406504065045,0.0037949665462783636,0.0037949665462783636,seeded_population_prior_population_first_evolved_to_2050_then_hdi_reconciled,0.786,0.8312,0.773291,0.817773,0.044482,27,0.785709,0.842824,211998565,217489300,861782.7845528456,825364.6176734989,-0.042259,modeled_proxy_not_official_subdivision_projection,fast_converger,fast_converger
696,Sergipe,Brazil,BRA,Brazil,America,0.786,16.0,0.771,0.011178861788617886,0.010334947721614448,0.010334947721614448,seeded_population_prior_population_first_evolved_to_2050_then_hdi_reconciled,0.786,0.8312,0.771291,0.816087,0.044796,27,0.785709,0.842824,211998565,217489300,2369902.6575203254,2247740.545510521,-0.051547,modeled_proxy_not_official_subdivision_projection,fast_converger,fast_converger
739,Amazonas,Brazil,BRA,Brazil,America,0.786,17.0,0.762,0.02032520325203252,0.017984566241567326,0.017984566241567326,seeded_population_prior_population_first_evolved_to_2050_then_hdi_reconciled,0.786,0.8312,0.762291,0.808502,0.046211,27,0.785709,0.842824,211998565,217489300,4308913.922764228,3911450.7226821086,-0.092242,modeled_proxy_not_official_subdivision_projection,fast_converger,fast_converger
742,Pernambuco,Brazil,BRA,Brazil,America,0.786,18.0,0.761,0.044715447154471545,0.039373721751410594,0.039373721751410594,seeded_population_prior_population_first_evolved_to_2050_then_hdi_reconciled,0.786,0.8312,0.761291,0.807659,0.046368,27,0.785709,0.842824,211998565,217489300,9479610.630081302,8563363.182109063,-0.096655,modeled_proxy_not_official_subdivision_projection,fast_converger,fast_converger
749,Paraiba,Brazil,BRA,Brazil,America,0.786,19.0,0.76,0.019308943089430895,0.016919643634089616,0.016919643634089616,seeded_population_prior_population_first_evolved_to_2050_then_hdi_reconciled,0.786,0.8312,0.760291,0.806816,0.046525,27,0.785709,0.842824,211998565,217489300,4093468.2266260167,3679841.4502276066,-0.101046,modeled_proxy_not_official_subdivision_projection,fast_converger,fast_converger
750,Bahia,Brazil,BRA,Brazil,America,0.786,20.0,0.76,0.0701219512195122,0.06144502161853597,0.06144502161853597,seeded_population_prior_population_first_evolved_to_2050_then_hdi_reconciled,0.786,0.8312,0.760291,0.806816,0.046525,27,0.785709,0.842824,211998565,217489300,14865753.033536587,13363634.740300255,-0.101046,modeled_proxy_not_official_subdivision_projection,fast_converger,fast_converger
763,Rondonia,Brazil,BRA,Brazil,America,0.786,21.0,0.758,0.008130081300813009,0.007054971052059305,0.007054971052059305,seeded_population_prior_population_first_evolved_to_2050_then_hdi_reconciled,0.786,0.8312,0.758291,0.80513,0.04684,27,0.785709,0.842824,211998565,217489300,1723565.5691056913,1534380.7156326417,-0.109764,modeled_proxy_not_official_subdivision_projection,fast_converger,fast_converger
767,Ceara,Brazil,BRA,Brazil,America,0.786,22.0,0.757,0.042682926829268296,0.036858559547007626,0.036858559547007626,seeded_population_prior_population_first_evolved_to_2050_then_hdi_reconciled,0.786,0.8312,0.757291,0.804287,0.046997,27,0.785709,0.842824,211998565,217489300,9048719.237804879,8016342.314887006,-0.114091,modeled_proxy_not_official_subdivision_projection,fast_converger,fast_converger
825,Para,Brazil,BRA,Brazil,America,0.786,23.0,0.744,0.04065040650406504,0.03294873230040119,0.03294873230040119,seeded_population_prior_population_first_evolved_to_2050_then_hdi_reconciled,0.786,0.8312,0.744291,0.793331,0.04904,27,0.785709,0.842824,211998565,217489300,8617827.845528455,7165996.723901645,-0.168468,modeled_proxy_not_official_subdivision_projection,fast_converger,fast_converger
829,Alagoas,Brazil,BRA,Brazil,America,0.786,24.0,0.743,0.01524390243902439,0.012295715243410452,0.012295715243410452,seeded_population_prior_population_first_evolved_to_2050_then_hdi_reconciled,0.786,0.8312,0.743291,0.792488,0.049197,27,0.785709,0.842824,211998565,217489300,3231685.4420731706,2674186.5012886687,-0.17251,modeled_proxy_not_official_subdivision_projection,fast_converger,fast_converger
852,Acre,Brazil,BRA,Brazil,America,0.786,25.0,0.74,0.0040650406504065045,0.0032312754928183903,0.0032312754928183903,seeded_population_prior_population_first_evolved_to_2050_then_hdi_reconciled,0.786,0.8312,0.740291,0.789959,0.049669,27,0.785709,0.842824,211998565,217489300,861782.7845528456,702767.8450402267,-0.184519,modeled_proxy_not_official_subdivision_projection,fast_converger,fast_converger
853,Piaui,Brazil,BRA,Brazil,America,0.786,26.0,0.74,0.01524390243902439,0.012117283098068962,0.012117283098068962,seeded_population_prior_population_first_evolved_to_2050_then_hdi_reconciled,0.786,0.8312,0.740291,0.789959,0.049669,27,0.785709,0.842824,211998565,217489300,3231685.4420731706,2635379.4189008498,-0.184519,modeled_proxy_not_official_subdivision_projection,fast_converger,fast_converger
909,Maranhao,Brazil,BRA,Brazil,America,0.786,27.0,0.729,0.03353658536585366,0.02526678279518795,0.02526678279518795,seeded_population_prior_population_first_evolved_to_2050_then_hdi_reconciled,0.786,0.8312,0.729291,0.780688,0.051398,27,0.785709,0.842824,211998565,217489300,7109707.972560976,5495254.903377471,-0.227077,modeled_proxy_not_official_subdivision_projection,fast_converger,fast_converger
417,Yerevan,Armenia,ARM,Armenia,Asia/Pacific,0.811,1.0,0.847,0.14603322185993123,0.19551722488463538,0.19551722488463538,modeled_population_proxy_population_first_evolved_to_2050_then_hdi_reconciled,0.811,0.8547,0.852716,0.886961,0.034245,11,0.805284,0.843394,2973843,2495200,434279.87459560344,487854.5795321422,0.123364,modeled_proxy_not_official_subdivision_projection,fast_converger,fast_converger
495,Kotayk,Armenia,ARM,Armenia,Asia/Pacific,0.811,2.0,0.818,0.10831228758229235,0.11878111482505428,0.11878111482505428,modeled_population_proxy_population_first_evolved_to_2050_then_hdi_reconciled,0.811,0.8547,0.823716,0.862503,0.038787,11,0.805284,0.843394,2973843,2495200,322103.738240587,296382.6377114754,-0.079853,modeled_proxy_not_official_subdivision_projection,fast_converger,fast_converger
535,Shirak,Armenia,ARM,Armenia,Asia/Pacific,0.811,3.0,0.808,0.0966249676907538,0.0978989505745605,0.0978989505745605,modeled_population_proxy_population_first_evolved_to_2050_then_hdi_reconciled,0.811,0.8547,0.813716,0.854069,0.040353,11,0.805284,0.843394,2973843,2495200,287347.4837923743,244277.46147364334,-0.149888,modeled_proxy_not_official_subdivision_projection,fast_converger,fast_converger
540,Vayots Dzor,Armenia,ARM,Armenia,Asia/Pacific,0.811,4.0,0.807,0.09552796474252533,0.09602428904126864,0.09602428904126864,modeled_population_proxy_population_first_evolved_to_2050_then_hdi_reconciled,0.811,0.8547,0.812716,0.853225,0.040509,11,0.805284,0.843394,2973843,2495200,284085.16925380577,239599.8060157735,-0.156592,modeled_proxy_not_official_subdivision_projection,fast_converger,fast_converger
549,Syunik,Armenia,ARM,Armenia,Asia/Pacific,0.811,5.0,0.805,0.09337118094166307,0.09238197193672726,0.09238197193672726,modeled_population_proxy_population_first_evolved_to_2050_then_hdi_reconciled,0.811,0.8547,0.810716,0.851539,0.040823,11,0.805284,0.843394,2973843,2495200,277671.23284509813,230511.49637652186,-0.16984,modeled_proxy_not_official_subdivision_projection,fast_converger,fast_converger
584,Tavush,Armenia,ARM,Armenia,Asia/Pacific,0.811,6.0,0.798,0.0861987553733985,0.08068794890262003,0.08068794890262003,modeled_population_proxy_population_first_evolved_to_2050_then_hdi_reconciled,0.811,0.8547,0.803716,0.845635,0.041919,11,0.805284,0.843394,2973843,2495200,256341.5652758935,201332.5701018175,-0.214593,modeled_proxy_not_official_subdivision_projection,fast_converger,fast_converger
595,Aragatsotn,Armenia,ARM,Armenia,Asia/Pacific,0.811,7.0,0.795,0.08329606495367464,0.07614087574388066,0.07614087574388066,modeled_population_proxy_population_first_evolved_to_2050_then_hdi_reconciled,0.811,0.8547,0.800716,0.843105,0.042389,11,0.805284,0.843394,2973843,2495200,247709.41969003066,189986.71315613104,-0.233026,modeled_proxy_not_official_subdivision_projection,fast_converger,fast_converger
615,Lori,Armenia,ARM,Armenia,Asia/Pacific,0.811,8.0,0.79,0.07867383158743016,0.06912468850800677,0.06912468850800677,modeled_population_proxy_population_first_evolved_to_2050_then_hdi_reconciled,0.811,0.8547,0.795716,0.838888,0.043172,11,0.805284,0.843394,2973843,2495200,233963.62334945807,172479.9227651785,-0.262792,modeled_proxy_not_official_subdivision_projection,fast_converger,fast_converger
620,Ararat,Armenia,ARM,Armenia,Asia/Pacific,0.811,9.0,0.789,0.07778063154542796,0.06780102371092551,0.06780102371092551,modeled_population_proxy_population_first_evolved_to_2050_then_hdi_reconciled,0.811,0.8547,0.794716,0.838044,0.043328,11,0.805284,0.843394,2973843,2495200,231307.3866569501,169177.11436350134,-0.268605,modeled_proxy_not_official_subdivision_projection,fast_converger,fast_converger
659,Armavir,Armenia,ARM,Armenia,Asia/Pacific,0.811,10.0,0.779,0.06938779687700077,0.055881350153656084,0.055881350153656084,modeled_population_proxy_population_first_evolved_to_2050_then_hdi_reconciled,0.811,0.8547,0.784716,0.82961,0.044894,11,0.805284,0.843394,2973843,2495200,206348.4140280906,139435.14490340266,-0.324273,modeled_proxy_not_official_subdivision_projection,fast_converger,fast_converger
690,Gegharkunik,Armenia,ARM,Armenia,Asia/Pacific,0.811,11.0,0.773,0.06479329684590221,0.04976056171866487,0.04976056171866487,modeled_population_proxy_population_first_evolved_to_2050_then_hdi_reconciled,0.811,0.8547,0.778716,0.82455,0.045834,11,0.805284,0.843394,2973843,2495200,192685.09227210836,124162.55360041259,-0.355619,modeled_proxy_not_official_subdivision_projection,fast_converger,fast_converger
421,Distrito Federal,Mexico,MEX,Mexico,America,0.789,1.0,0.845,0.04886399134936039,0.0621787583525834,0.0621787583525834,modeled_population_proxy_population_first_evolved_to_2050_then_hdi_reconciled,0.789,0.8415,0.849949,0.889875,0.039926,32,0.784051,0.84005,130861001,148946266,6394390.820832642,9261293.881133609,0.448347,modeled_proxy_not_official_subdivision_projection,fast_converger,fast_converger
512,Nuevo Leon,Mexico,MEX,Mexico,America,0.789,2.0,0.814,0.03933326703411473,0.04410788765285385,0.04410788765285385,modeled_population_proxy_population_first_evolved_to_2050_then_hdi_reconciled,0.789,0.8415,0.818949,0.863833,0.044884,32,0.784051,0.84005,130861001,148946266,5147190.696684555,6569705.167040085,0.276367,modeled_proxy_not_official_subdivision_projection,fast_converger,fast_converger
516,Baja California,Mexico,MEX,Mexico,America,0.789,3.0,0.813,0.039058933256008184,0.0436220177866016,0.0436220177866016,modeled_population_proxy_population_first_evolved_to_2050_then_hdi_reconciled,0.789,0.8415,0.817949,0.862993,0.045044,32,0.784051,0.84005,130861001,148946266,5111291.1038734205,6497336.664699893,0.271173,modeled_proxy_not_official_subdivision_projection,fast_converger,fast_converger
527,Sonora,Mexico,MEX,Mexico,America,0.789,4.0,0.811,0.038515992459377826,0.04266627537787578,0.04266627537787578,modeled_population_proxy_population_first_evolved_to_2050_then_hdi_reconciled,0.789,0.8415,0.815949,0.861313,0.045364,32,0.784051,0.84005,130861001,148946266,5040241.327742634,6354982.401662337,0.260849,modeled_proxy_not_official_subdivision_projection,fast_converger,fast_converger
530,Baja California Sur,Mexico,MEX,Mexico,America,0.789,5.0,0.81,0.0382473588439769,0.04219628557300267,0.04219628557300267,modeled_population_proxy_population_first_evolved_to_2050_then_hdi_reconciled,0.789,0.8415,0.814949,0.860473,0.045524,32,0.784051,0.84005,130861001,148946266,5005087.66392902,6284979.175168418,0.255718,modeled_proxy_not_official_subdivision_projection,fast_converger,fast_converger
538,Sinaloa,Mexico,MEX,Mexico,America,0.789,6.0,0.808,0.03771569938098932,0.041271780434104365,0.041271780434104365,modeled_population_proxy_population_first_evolved_to_2050_then_hdi_reconciled,0.789,0.8415,0.812949,0.858793,0.045844,32,0.784051,0.84005,130861001,148946266,4935514.174411343,6147277.586831704,0.245519,modeled_proxy_not_official_subdivision_projection,fast_converger,fast_converger
572,Coahuila,Mexico,MEX,Mexico,America,0.789,7.0,0.801,0.03591241969547591,0.038192636540176926,0.038192636540176926,modeled_population_proxy_population_first_evolved_to_2050_then_hdi_reconciled,0.789,0.8415,0.805949,0.852912,0.046964,32,0.784051,0.84005,130861001,148946266,4699535.1896820925,5688650.601354512,0.210471,modeled_proxy_not_official_subdivision_projection,fast_converger,fast_converger
591,Aguascalientes,Mexico,MEX,Mexico,America,0.789,8.0,0.797,0.0349209538545845,0.03653739691456134,0.03653739691456134,modeled_population_proxy_population_first_evolved_to_2050_then_hdi_reconciled,0.789,0.8415,0.801949,0.849552,0.047604,32,0.784051,0.84005,130861001,148946266,4569790.977285736,5442108.839783833,0.190888,modeled_proxy_not_official_subdivision_projection,fast_converger,fast_converger
594,Chihuahua,Mexico,MEX,Mexico,America,0.789,9.0,0.796,0.034677394193046496,0.03613491969117214,0.03613491969117214,modeled_population_proxy_population_first_evolved_to_2050_then_hdi_reconciled,0.789,0.8415,0.800949,0.848712,0.047763,32,0.784051,0.84005,130861001,148946266,4537918.516173651,5382161.360209963,0.186042,modeled_proxy_not_official_subdivision_projection,fast_converger,fast_converger
600,Tamaulipas,Mexico,MEX,Mexico,America,0.789,10.0,0.795,0.03443553326256194,0.03573687595043433,0.03573687595043433,modeled_population_proxy_population_first_evolved_to_2050_then_hdi_reconciled,0.789,0.8415,0.799949,0.847872,0.047923,32,0.784051,0.84005,130861001,148946266,4506268.352707651,5322874.231322395,0.181216,modeled_proxy_not_official_subdivision_projection,fast_converger,fast_converger
602,Jalisco,Mexico,MEX,Mexico,America,0.789,11.0,0.794,0.034195359215162355,0.03534321685537705,0.03534321685537705,modeled_population_proxy_population_first_evolved_to_2050_then_hdi_reconciled,0.789,0.8415,0.798949,0.847032,0.048083,32,0.784051,0.84005,130861001,148946266,4474838.93645072,5264240.179036674,0.176409,modeled_proxy_not_official_subdivision_projection,fast_converger,fast_converger
612,Queretaro,Mexico,MEX,Mexico,America,0.789,12.0,0.792,0.033720024790341974,0.03456885993830995,0.03456885993830995,modeled_population_proxy_population_first_evolved_to_2050_then_hdi_reconciled,0.789,0.8415,0.796949,0.845352,0.048403,32,0.784051,0.84005,130861001,148946266,4412636.197808966,5148902.6076882575,0.166854,modeled_proxy_not_official_subdivision_projection,fast_converger,fast_converger
622,Colima,Mexico,MEX,Mexico,America,0.789,13.0,0.789,0.033019383297817506,0.03343901909870125,0.03343901909870125,modeled_population_proxy_population_first_evolved_to_2050_then_hdi_reconciled,0.789,0.8415,0.793949,0.842832,0.048883,32,0.784051,0.84005,130861001,148946266,4320949.55075508,4980617.033454237,0.152667,modeled_proxy_not_official_subdivision_projection,fast_converger,fast_converger
623,Mexico,Mexico,MEX,Mexico,America,0.789,14.0,0.789,0.033019383297817506,0.03343901909870125,0.03343901909870125,modeled_population_proxy_population_first_evolved_to_2050_then_hdi_reconciled,0.789,0.8415,0.793949,0.842832,0.048883,32,0.784051,0.84005,130861001,148946266,4320949.55075508,4980617.033454237,0.152667,modeled_proxy_not_official_subdivision_projection,fast_converger,fast_converger
624,Quintana Roo,Mexico,MEX,Mexico,America,0.789,15.0,0.789,0.033019383297817506,0.03343901909870125,0.03343901909870125,modeled_population_proxy_population_first_evolved_to_2050_then_hdi_reconciled,0.789,0.8415,0.793949,0.842832,0.048883,32,0.784051,0.84005,130861001,148946266,4320949.55075508,4980617.033454237,0.152667,modeled_proxy_not_official_subdivision_projection,fast_converger,fast_converger
649,Morelos,Mexico,MEX,Mexico,America,0.789,16.0,0.782,0.03144064595219247,0.03094425026649437,0.03094425026649437,modeled_population_proxy_population_first_evolved_to_2050_then_hdi_reconciled,0.789,0.8415,0.786949,0.836951,0.050003,32,0.784051,0.84005,130861001,148946266,4114354.4013905046,4609030.531363841,0.120232,modeled_proxy_not_official_subdivision_projection,fast_converger,fast_converger
667,Campeche,Mexico,MEX,Mexico,America,0.789,17.0,0.778,0.030572636312588955,0.02960315015228293,0.02960315015228293,modeled_population_proxy_population_first_evolved_to_2050_then_hdi_reconciled,0.789,0.8415,0.782949,0.833591,0.050643,32,0.784051,0.84005,130861001,148946266,4000765.7910743398,4409278.677019874,0.102109,modeled_proxy_not_official_subdivision_projection,fast_converger,fast_converger
668,Tabasco,Mexico,MEX,Mexico,America,0.789,18.0,0.778,0.030572636312588955,0.02960315015228293,0.02960315015228293,modeled_population_proxy_population_first_evolved_to_2050_then_hdi_reconciled,0.789,0.8415,0.782949,0.833591,0.050643,32,0.784051,0.84005,130861001,148946266,4000765.7910743398,4409278.677019874,0.102109,modeled_proxy_not_official_subdivision_projection,fast_converger,fast_converger
683,Nayarit,Mexico,MEX,Mexico,America,0.789,19.0,0.775,0.02993739189418642,0.028635607453946752,0.028635607453946752,modeled_population_proxy_population_first_evolved_to_2050_then_hdi_reconciled,0.789,0.8415,0.779949,0.831071,0.051122,32,0.784051,0.84005,130861001,148946266,3917637.070602521,4265166.804907136,0.088709,modeled_proxy_not_official_subdivision_projection,fast_converger,fast_converger
693,Yucatan,Mexico,MEX,Mexico,America,0.789,20.0,0.773,0.029521245572485092,0.02800821179844891,0.02800821179844891,modeled_population_proxy_population_first_evolved_to_2050_then_hdi_reconciled,0.789,0.8415,0.777949,0.829391,0.051442,32,0.784051,0.84005,130861001,148946266,3863179.7463822174,4171718.5647161095,0.079867,modeled_proxy_not_official_subdivision_projection,fast_converger,fast_converger
695,Zacatecas,Mexico,MEX,Mexico,America,0.789,21.0,0.772,0.029315346712741587,0.027699687703448488,0.027699687703448488,modeled_population_proxy_population_first_evolved_to_2050_then_hdi_reconciled,0.789,0.8415,0.776949,0.828551,0.051602,32,0.784051,0.84005,130861001,148946266,3836235.6154914238,4125765.0527947675,0.075472,modeled_proxy_not_official_subdivision_projection,fast_converger,fast_converger
719,Durango,Mexico,MEX,Mexico,America,0.789,22.0,0.769,0.028706226511840367,0.026794357343476738,0.026794357343476738,modeled_population_proxy_population_first_evolved_to_2050_then_hdi_reconciled,0.789,0.8415,0.773949,0.826031,0.052082,32,0.784051,0.84005,130861001,148946266,3756525.5362721686,3990919.4761805395,0.062396,modeled_proxy_not_official_subdivision_projection,fast_converger,fast_converger
720,Tlaxcala,Mexico,MEX,Mexico,America,0.789,23.0,0.769,0.028706226511840367,0.026794357343476738,0.026794357343476738,modeled_population_proxy_population_first_evolved_to_2050_then_hdi_reconciled,0.789,0.8415,0.773949,0.826031,0.052082,32,0.784051,0.84005,130861001,148946266,3756525.5362721686,3990919.4761805395,0.062396,modeled_proxy_not_official_subdivision_projection,fast_converger,fast_converger
728,Hidalgo,Mexico,MEX,Mexico,America,0.789,24.0,0.766,0.028109762733623873,0.025918616597274693,0.025918616597274693,modeled_population_proxy_population_first_evolved_to_2050_then_hdi_reconciled,0.789,0.8415,0.770949,0.823511,0.052562,32,0.784051,0.84005,130861001,148946266,3678471.6891945163,3860481.162049691,0.04948,modeled_proxy_not_official_subdivision_projection,fast_converger,fast_converger
746,Guanajuato,Mexico,MEX,Mexico,America,0.789,25.0,0.761,0.027143070036845244,0.024522191031864902,0.024522191031864902,modeled_population_proxy_population_first_evolved_to_2050_then_hdi_reconciled,0.789,0.8415,0.765949,0.81931,0.053362,32,0.784051,0.84005,130861001,148946266,3551969.3152346755,3652488.7883349643,0.0283,modeled_proxy_not_official_subdivision_projection,fast_converger,fast_converger
747,San Luis Potosi,Mexico,MEX,Mexico,America,0.789,26.0,0.761,0.027143070036845244,0.024522191031864902,0.024522191031864902,modeled_population_proxy_population_first_evolved_to_2050_then_hdi_reconciled,0.789,0.8415,0.765949,0.81931,0.053362,32,0.784051,0.84005,130861001,148946266,3551969.3152346755,3652488.7883349643,0.0283,modeled_proxy_not_official_subdivision_projection,fast_converger,fast_converger
801,Michoacan de Ocampo,Mexico,MEX,Mexico,America,0.789,27.0,0.749,0.02495647581048414,0.021470055187049735,0.021470055187049735,modeled_population_proxy_population_first_evolved_to_2050_then_hdi_reconciled,0.789,0.8415,0.753949,0.80923,0.055281,32,0.784051,0.84005,130861001,148946266,3265829.405992241,3197884.5509249894,-0.020805,modeled_proxy_not_official_subdivision_projection,fast_converger,fast_converger
817,Puebla,Mexico,MEX,Mexico,America,0.789,28.0,0.746,0.024437925110455696,0.020768332734464635,0.020768332734464635,modeled_population_proxy_population_first_evolved_to_2050_then_hdi_reconciled,0.789,0.8415,0.750949,0.80671,0.055761,32,0.784051,0.84005,130861001,148946266,3197971.342317268,3093365.611844077,-0.03271,modeled_proxy_not_official_subdivision_projection,fast_converger,fast_converger
834,Veracruz,Mexico,MEX,Mexico,America,0.789,29.0,0.743,0.023930148961711736,0.020089545220619665,0.020089545220619665,modeled_population_proxy_population_first_evolved_to_2050_then_hdi_reconciled,0.789,0.8415,0.747949,0.80419,0.056241,32,0.784051,0.84005,130861001,148946266,3131523.2472087084,2992262.7462494452,-0.044471,modeled_proxy_not_official_subdivision_projection,fast_converger,fast_converger
988,Guerrero,Mexico,MEX,Mexico,America,0.789,30.0,0.711,0.019128320574943514,0.014093985183321014,0.014093985183321014,modeled_population_proxy_population_first_evolved_to_2050_then_hdi_reconciled,0.789,0.8415,0.715949,0.777308,0.061359,32,0.784051,0.84005,130861001,148946266,2503151.1778860036,2099246.4661149904,-0.161358,modeled_proxy_not_official_subdivision_projection,fast_converger,fast_converger
989,Oaxaca,Mexico,MEX,Mexico,America,0.789,31.0,0.711,0.019128320574943514,0.014093985183321014,0.014093985183321014,modeled_population_proxy_population_first_evolved_to_2050_then_hdi_reconciled,0.789,0.8415,0.715949,0.777308,0.061359,32,0.784051,0.84005,130861001,148946266,2503151.1778860036,2099246.4661149904,-0.161358,modeled_proxy_not_official_subdivision_projection,fast_converger,fast_converger
1038,Chiapas,Mexico,MEX,Mexico,America,0.789,32.0,0.699,0.01859547315122986,0.013564357253204444,0.013564357253204444,modeled_population_proxy_population_first_evolved_to_2050_then_hdi_reconciled,0.789,0.8415,0.703949,0.767227,0.063279,32,0.784051,0.84005,130861001,148946266,2433422.2306385636,2020360.3635548186,-0.169745,modeled_proxy_not_official_subdivision_projection,fast_converger,fast_converger
436,Tirana,Albania,ALB,Albania,Europe,0.81,1.0,0.836,0.12285116445740965,0.15829860016971709,0.15829860016971709,modeled_population_proxy_population_first_evolved_to_2050_then_hdi_reconciled,0.81,0.8579,0.842993,0.883088,0.040095,12,0.803007,0.841798,2791756,2240170,342970.47548096016,354615.7751421951,0.033954,modeled_proxy_not_official_subdivision_projection,fast_converger,fast_converger
494,Vlore,Albania,ALB,Albania,Europe,0.81,2.0,0.818,0.10070956491437127,0.112240972085403,0.112240972085403,modeled_population_proxy_population_first_evolved_to_2050_then_hdi_reconciled,0.81,0.8579,0.824993,0.867935,0.042943,12,0.803007,0.841798,2791756,2240170,281156.5321070855,251438.85843655723,-0.105698,modeled_proxy_not_official_subdivision_projection,fast_converger,fast_converger
497,Durres,Albania,ALB,Albania,Europe,0.81,3.0,0.817,0.09960377529690073,0.11011729882142193,0.11011729882142193,modeled_population_proxy_population_first_evolved_to_2050_then_hdi_reconciled,0.81,0.8579,0.823993,0.867094,0.043101,12,0.803007,0.841798,2791756,2240170,278069.4373077744,246681.46930078478,-0.112878,modeled_proxy_not_official_subdivision_projection,fast_converger,fast_converger
528,Gjirokaster,Albania,ALB,Albania,Europe,0.81,4.0,0.81,0.09219584748293476,0.0963350798093871,0.0963350798093871,modeled_population_proxy_population_first_evolved_to_2050_then_hdi_reconciled,0.81,0.8579,0.816993,0.861201,0.044208,12,0.803007,0.841798,2791756,2240170,257388.310385568,215806.9557365947,-0.161551,modeled_proxy_not_official_subdivision_projection,fast_converger,fast_converger
547,Korce,Albania,ALB,Albania,Europe,0.81,5.0,0.806,0.08821281501115506,0.08924851170244599,0.08924851170244599,modeled_population_proxy_population_first_evolved_to_2050_then_hdi_reconciled,0.81,0.8579,0.812993,0.857834,0.044841,12,0.803007,0.841798,2791756,2240170,246268.6555842822,199931.83846046845,-0.188156,modeled_proxy_not_official_subdivision_projection,fast_converger,fast_converger
573,Elbasan,Albania,ALB,Albania,Europe,0.81,6.0,0.8,0.08255857003909943,0.07958400011857006,0.07958400011857006,modeled_population_proxy_population_first_evolved_to_2050_then_hdi_reconciled,0.81,0.8579,0.806993,0.852783,0.04579,12,0.803007,0.841798,2791756,2240170,230483.38325807606,178281.6895456171,-0.226488,modeled_proxy_not_official_subdivision_projection,fast_converger,fast_converger
580,Shkoder,Albania,ALB,Albania,Europe,0.81,7.0,0.799,0.08165207809208254,0.07807821831579065,0.07807821831579065,modeled_population_proxy_population_first_evolved_to_2050_then_hdi_reconciled,0.81,0.8579,0.805993,0.851941,0.045949,12,0.803007,0.841798,2791756,2240170,227952.67892603998,174908.48232448474,-0.232698,modeled_proxy_not_official_subdivision_projection,fast_converger,fast_converger
589,Berat,Albania,ALB,Albania,Europe,0.81,8.0,0.797,0.0798688447180823,0.07515158680963288,0.07515158680963288,modeled_population_proxy_population_first_evolved_to_2050_then_hdi_reconciled,0.81,0.8579,0.803993,0.850258,0.046265,12,0.803007,0.841798,2791756,2240170,222974.32645477456,168352.3302233353,-0.24497,modeled_proxy_not_official_subdivision_projection,fast_converger,fast_converger
638,Lezhe,Albania,ALB,Albania,Europe,0.81,9.0,0.784,0.06919001810555392,0.05862621395218336,0.05862621395218336,modeled_population_proxy_population_first_evolved_to_2050_then_hdi_reconciled,0.81,0.8579,0.790993,0.839314,0.048322,12,0.803007,0.841798,2791756,2240170,193161.64818628877,131332.68570926262,-0.320089,modeled_proxy_not_official_subdivision_projection,fast_converger,fast_converger
641,Fier,Albania,ALB,Albania,Europe,0.81,10.0,0.783,0.06843031267222419,0.05751696729451941,0.05751696729451941,modeled_population_proxy_population_first_evolved_to_2050_then_hdi_reconciled,0.81,0.8579,0.789993,0.838473,0.04848,12,0.803007,0.841798,2791756,2240170,191040.73598455792,128847.78462416356,-0.325548,modeled_proxy_not_official_subdivision_projection,fast_converger,fast_converger
712,Diber,Albania,ALB,Albania,Europe,0.81,11.0,0.769,0.05862996652758896,0.04402038156744246,0.04402038156744246,modeled_population_proxy_population_first_evolved_to_2050_then_hdi_reconciled,0.81,0.8579,0.775993,0.826687,0.050695,12,0.803007,0.841798,2791756,2240170,163680.56083319563,98613.13817593757,-0.397527,modeled_proxy_not_official_subdivision_projection,fast_converger,fast_converger
730,Kukes,Albania,ALB,Albania,Europe,0.81,12.0,0.765,0.05609704268259726,0.04078216935348612,0.04078216935348612,modeled_population_proxy_population_first_evolved_to_2050_then_hdi_reconciled,0.81,0.8579,0.771993,0.82332,0.051328,12,0.803007,0.841798,2791756,2240170,156609.255491397,91358.992320599,-0.416644,modeled_proxy_not_official_subdivision_projection,fast_converger,fast_converger
439,Tehran and Alborz,Iran,IRN,Iran,Asia/Pacific,0.799,1.0,0.836,0.04585292625458617,0.05291842554428282,0.05291842554428282,modeled_population_proxy_population_first_evolved_to_2050_then_hdi_reconciled,0.799,0.8181,0.841231,0.851946,0.010716,30,0.793769,0.852742,91567737,101861995,4198648.691960341,5390376.398199609,0.283836,modeled_proxy_not_official_subdivision_projection,emerging_mover,fast_converger
455,Esfahan,Iran,IRN,Iran,Asia/Pacific,0.799,2.0,0.831,0.04422747729305523,0.05014458815519069,0.05014458815519069,modeled_population_proxy_population_first_evolved_to_2050_then_hdi_reconciled,0.799,0.8181,0.836231,0.847683,0.011452,30,0.793769,0.852742,91567737,101861995,4049810.008943953,5107827.787941094,0.261251,modeled_proxy_not_official_subdivision_projection,emerging_mover,fast_converger
472,Semnan,Iran,IRN,Iran,Asia/Pacific,0.799,3.0,0.824,0.04204819175933451,0.04650376174064075,0.04650376174064075,modeled_population_proxy_population_first_evolved_to_2050_then_hdi_reconciled,0.799,0.8181,0.829231,0.841713,0.012483,30,0.793769,0.852742,91567737,101861995,3850257.76434431,4736965.945906339,0.230298,modeled_proxy_not_official_subdivision_projection,emerging_mover,fast_converger
473,Yazd,Iran,IRN,Iran,Asia/Pacific,0.799,4.0,0.824,0.04204819175933451,0.04650376174064075,0.04650376174064075,modeled_population_proxy_population_first_evolved_to_2050_then_hdi_reconciled,0.799,0.8181,0.829231,0.841713,0.012483,30,0.793769,0.852742,91567737,101861995,3850257.76434431,4736965.945906339,0.230298,modeled_proxy_not_official_subdivision_projection,emerging_mover,fast_converger
477,Mazandaran,Iran,IRN,Iran,Asia/Pacific,0.799,5.0,0.823,0.04174575754167433,0.04600568650939301,0.04600568650939301,modeled_population_proxy_population_first_evolved_to_2050_then_hdi_reconciled,0.799,0.8181,0.828231,0.840861,0.01263,30,0.793769,0.852742,91567737,101861995,3822564.5474418015,4686231.009191358,0.225939,modeled_proxy_not_official_subdivision_projection,emerging_mover,fast_converger
507,Qom,Iran,IRN,Iran,Asia/Pacific,0.799,6.0,0.815,0.039403293594633904,0.04220840710966046,0.04220840710966046,modeled_population_proxy_population_first_evolved_to_2050_then_hdi_reconciled,0.799,0.8181,0.820231,0.834039,0.013808,30,0.793769,0.852742,91567737,101861995,3608070.424807222,4299432.553962198,0.191615,modeled_proxy_not_official_subdivision_projection,emerging_mover,fast_converger
511,Ilam,Iran,IRN,Iran,Asia/Pacific,0.799,7.0,0.814,0.03911988297046878,0.04175633696856108,0.04175633696856108,modeled_population_proxy_population_first_evolved_to_2050_then_hdi_reconciled,0.799,0.8181,0.819231,0.833186,0.013955,30,0.793769,0.852742,91567737,101861995,3582119.1553106643,4253383.787509884,0.187393,modeled_proxy_not_official_subdivision_projection,emerging_mover,fast_converger
523,Bushehr,Iran,IRN,Iran,Asia/Pacific,0.799,8.0,0.812,0.03855916240575658,0.04086667042315145,0.04086667042315145,modeled_population_proxy_population_first_evolved_to_2050_then_hdi_reconciled,0.799,0.8181,0.817231,0.831481,0.01425,30,0.793769,0.852742,91567737,101861995,3530775.242110606,4162760.5783097013,0.178993,modeled_proxy_not_official_subdivision_projection,emerging_mover,fast_converger
532,Fars,Iran,IRN,Iran,Asia/Pacific,0.799,9.0,0.809,0.037733114920017505,0.03956758536600258,0.03956758536600258,modeled_population_proxy_population_first_evolved_to_2050_then_hdi_reconciled,0.799,0.8181,0.814231,0.828922,0.014692,30,0.793769,0.852742,91567737,101861995,3455135.9431869388,4030433.1827138276,0.166505,modeled_proxy_not_official_subdivision_projection,emerging_mover,fast_converger
562,Gilan,Iran,IRN,Iran,Asia/Pacific,0.799,10.0,0.803,0.03613372973880395,0.03709198993528409,0.03709198993528409,modeled_population_proxy_population_first_evolved_to_2050_then_hdi_reconciled,0.799,0.8181,0.808231,0.823806,0.015575,30,0.793769,0.852742,91567737,101861995,3308683.861551879,3778264.0933279586,0.141924,modeled_proxy_not_official_subdivision_projection,emerging_mover,fast_converger
566,Khuzestan,Iran,IRN,Iran,Asia/Pacific,0.799,11.0,0.802,0.03587383565471951,0.036694718816283195,0.036694718816283195,modeled_population_proxy_population_first_evolved_to_2050_then_hdi_reconciled,0.799,0.8181,0.807231,0.822953,0.015722,30,0.793769,0.852742,91567737,101861995,3284885.9484125786,3737797.2645906447,0.137877,modeled_proxy_not_official_subdivision_projection,emerging_mover,fast_converger
593,Kermanshah,Iran,IRN,Iran,Asia/Pacific,0.799,12.0,0.796,0.03435325933174516,0.034398867871809256,0.034398867871809256,modeled_population_proxy_population_first_evolved_to_2050_then_hdi_reconciled,0.799,0.8181,0.801231,0.817837,0.016606,30,0.793769,0.852742,91567737,101861995,3145650.215582037,3503937.307163895,0.113899,modeled_proxy_not_official_subdivision_projection,emerging_mover,fast_converger
597,Chaharmahal and Bakhtiyari,Iran,IRN,Iran,Asia/Pacific,0.799,13.0,0.795,0.034106171391090324,0.03403044124504589,0.03403044124504589,modeled_population_proxy_population_first_evolved_to_2050_then_hdi_reconciled,0.799,0.8181,0.800231,0.816984,0.016753,30,0.793769,0.852742,91567737,101861995,3123024.932016283,3466408.635950658,0.109952,modeled_proxy_not_official_subdivision_projection,emerging_mover,fast_converger
598,Qazvin,Iran,IRN,Iran,Asia/Pacific,0.799,14.0,0.795,0.034106171391090324,0.03403044124504589,0.03403044124504589,modeled_population_proxy_population_first_evolved_to_2050_then_hdi_reconciled,0.799,0.8181,0.800231,0.816984,0.016753,30,0.793769,0.852742,91567737,101861995,3123024.932016283,3466408.635950658,0.109952,modeled_proxy_not_official_subdivision_projection,emerging_mover,fast_converger
610,Markazi,Iran,IRN,Iran,Asia/Pacific,0.799,15.0,0.792,0.03337551970241179,0.03294866880672712,0.03294866880672712,modeled_population_proxy_population_first_evolved_to_2050_then_hdi_reconciled,0.799,0.8181,0.797231,0.814426,0.017195,30,0.793769,0.852742,91567737,101861995,3056120.810348761,3356217.137247494,0.098195,modeled_proxy_not_official_subdivision_projection,emerging_mover,fast_converger
611,Kohgiluyeh and Boyerahmad,Iran,IRN,Iran,Asia/Pacific,0.799,16.0,0.792,0.03337551970241179,0.03294866880672712,0.03294866880672712,modeled_population_proxy_population_first_evolved_to_2050_then_hdi_reconciled,0.799,0.8181,0.797231,0.814426,0.017195,30,0.793769,0.852742,91567737,101861995,3056120.810348761,3356217.137247494,0.098195,modeled_proxy_not_official_subdivision_projection,emerging_mover,fast_converger
632,EastAzarbayejan,Iran,IRN,Iran,Asia/Pacific,0.799,17.0,0.786,0.03196083894413121,0.030887194162983127,0.030887194162983127,modeled_population_proxy_population_first_evolved_to_2050_then_hdi_reconciled,0.799,0.8181,0.791231,0.809309,0.018079,30,0.793769,0.852742,91567737,101861995,2926581.6947355643,3146231.2173938164,0.075053,modeled_proxy_not_official_subdivision_projection,emerging_mover,fast_converger
648,Khorasan-e-Razavi,Iran,IRN,Iran,Asia/Pacific,0.799,18.0,0.782,0.031051190793408533,0.02958504142164604,0.02958504142164604,modeled_population_proxy_population_first_evolved_to_2050_then_hdi_reconciled,0.799,0.8181,0.787231,0.805898,0.018668,30,0.793769,0.852742,91567737,101861995,2843287.272107654,3013591.341366502,0.059897,modeled_proxy_not_official_subdivision_projection,emerging_mover,fast_converger
652,Lorestan,Iran,IRN,Iran,Asia/Pacific,0.799,19.0,0.781,0.030827853184771967,0.029268172940559643,0.029268172940559643,modeled_population_proxy_population_first_evolved_to_2050_then_hdi_reconciled,0.799,0.8181,0.786231,0.805046,0.018815,30,0.793769,0.852742,91567737,101861995,2822836.752697812,2981314.4857304217,0.056141,modeled_proxy_not_official_subdivision_projection,emerging_mover,fast_converger
663,Kerman,Iran,IRN,Iran,Asia/Pacific,0.799,20.0,0.779,0.03038598552224138,0.02864458102132387,0.02864458102132387,modeled_population_proxy_population_first_evolved_to_2050_then_hdi_reconciled,0.799,0.8181,0.784231,0.80334,0.019109,30,0.793769,0.852742,91567737,101861995,2782375.930786406,2917794.168771187,0.04867,modeled_proxy_not_official_subdivision_projection,emerging_mover,fast_converger
678,Golestan,Iran,IRN,Iran,Asia/Pacific,0.799,21.0,0.776,0.02973503084956923,0.027734016329172897,0.027734016329172897,modeled_population_proxy_population_first_evolved_to_2050_then_hdi_reconciled,0.799,0.8181,0.781231,0.800782,0.019551,30,0.793769,0.852742,91567737,101861995,2722769.4845202416,2825042.232652128,0.037562,modeled_proxy_not_official_subdivision_projection,emerging_mover,fast_converger
688,Hamedan,Iran,IRN,Iran,Asia/Pacific,0.799,22.0,0.774,0.02930882703647775,0.02714311137224413,0.02714311137224413,modeled_population_proxy_population_first_evolved_to_2050_then_hdi_reconciled,0.799,0.8181,0.779231,0.799076,0.019846,30,0.793769,0.852742,91567737,101861995,2683742.965854684,2764851.4748839745,0.030222,modeled_proxy_not_official_subdivision_projection,emerging_mover,fast_converger
694,Zanjan,Iran,IRN,Iran,Asia/Pacific,0.799,23.0,0.772,0.028888732169134894,0.0265647963216592,0.0265647963216592,modeled_population_proxy_population_first_evolved_to_2050_then_hdi_reconciled,0.799,0.8181,0.777231,0.797371,0.02014,30,0.793769,0.852742,91567737,101861995,2645275.8295267834,2705943.150092868,0.022934,modeled_proxy_not_official_subdivision_projection,emerging_mover,fast_converger
717,Hormozgan,Iran,IRN,Iran,Asia/Pacific,0.799,24.0,0.769,0.028269852943404075,0.025720344606108607,0.025720344606108607,modeled_population_proxy_population_first_evolved_to_2050_then_hdi_reconciled,0.799,0.8181,0.774231,0.794813,0.020582,30,0.793769,0.852742,91567737,101861995,2588606.4593503,2619925.613665712,0.012099,modeled_proxy_not_official_subdivision_projection,emerging_mover,fast_converger
737,Ardebil,Iran,IRN,Iran,Asia/Pacific,0.799,25.0,0.763,0.027071584950724245,0.024111119100068586,0.024111119100068586,modeled_population_proxy_population_first_evolved_to_2050_then_hdi_reconciled,0.799,0.8181,0.768231,0.789696,0.021465,30,0.793769,0.852742,91567737,101861995,2478883.7709410754,2456006.693215591,-0.009229,modeled_proxy_not_official_subdivision_projection,emerging_mover,fast_converger
754,WestAzarbayejan,Iran,IRN,Iran,Asia/Pacific,0.799,26.0,0.76,0.026491634212992995,0.023344665796931577,0.023344665796931577,modeled_population_proxy_population_first_evolved_to_2050_then_hdi_reconciled,0.799,0.8181,0.765231,0.787138,0.021907,30,0.793769,0.852742,91567737,101861995,2425778.9943155446,2377934.230683715,-0.019723,modeled_proxy_not_official_subdivision_projection,emerging_mover,fast_converger
771,South Khorasan,Iran,IRN,Iran,Asia/Pacific,0.799,27.0,0.757,0.02592410767793799,0.022602576799053538,0.022602576799053538,modeled_population_proxy_population_first_evolved_to_2050_then_hdi_reconciled,0.799,0.8181,0.762231,0.78458,0.022349,30,0.793769,0.852742,91567737,101861995,2373811.8738131067,2302343.5648923074,-0.030107,modeled_proxy_not_official_subdivision_projection,emerging_mover,fast_converger
813,Kordestan,Iran,IRN,Iran,Asia/Pacific,0.799,28.0,0.747,0.024118707988189034,0.020295149851377512,0.020295149851377512,modeled_population_proxy_population_first_evolved_to_2050_then_hdi_reconciled,0.799,0.8181,0.752231,0.776052,0.023822,30,0.793769,0.852742,91567737,101861995,2208495.5098422924,2067304.452685267,-0.063931,modeled_proxy_not_official_subdivision_projection,emerging_mover,fast_converger
814,North Khorasan,Iran,IRN,Iran,Asia/Pacific,0.799,29.0,0.747,0.024118707988189034,0.020295149851377512,0.020295149851377512,modeled_population_proxy_population_first_evolved_to_2050_then_hdi_reconciled,0.799,0.8181,0.752231,0.776052,0.023822,30,0.793769,0.852742,91567737,101861995,2208495.5098422924,2067304.452685267,-0.063931,modeled_proxy_not_official_subdivision_projection,emerging_mover,fast_converger
1090,Sistanand Baluchestan,Iran,IRN,Iran,Asia/Pacific,0.799,30.0,0.688,0.019784740327693343,0.015185060141047662,0.015185060141047662,modeled_population_proxy_population_first_evolved_to_2050_then_hdi_reconciled,0.799,0.8181,0.693231,0.725741,0.03251,30,0.793769,0.852742,91567737,101861995,1811643.8989395178,1546780.5201620962,-0.146201,modeled_proxy_not_official_subdivision_projection,emerging_mover,fast_converger
440,Minsk region,Belarus,BLR,Belarus,Europe,0.824,1.0,0.835,0.2503256230430656,0.313467915834237,0.313467915834237,modeled_population_proxy_population_first_evolved_to_2050_then_hdi_reconciled,0.824,0.8266,0.836268,0.836086,-0.000182,6,0.822732,0.859012,9056696,7453542,2267123.06891164,2336446.2763229506,0.030578,modeled_proxy_not_official_subdivision_projection,emerging_mover,conflict_recovery
470,Gomel region,Belarus,BLR,Belarus,Europe,0.824,2.0,0.824,0.17817779728666447,0.180470261026256,0.180470261026256,modeled_population_proxy_population_first_evolved_to_2050_then_hdi_reconciled,0.824,0.8266,0.825268,0.826637,0.001369,6,0.822732,0.859012,9056696,7453542,1613702.143974945,1345142.6703101622,-0.166424,modeled_proxy_not_official_subdivision_projection,emerging_mover,conflict_recovery
486,Grodno region,Belarus,BLR,Belarus,Europe,0.824,3.0,0.821,0.16239959235200443,0.15524194283051707,0.15524194283051707,modeled_population_proxy_population_first_evolved_to_2050_then_hdi_reconciled,0.824,0.8266,0.822268,0.82406,0.001792,6,0.822732,0.859012,9056696,7453542,1470803.7384560292,1157102.341048858,-0.213286,modeled_proxy_not_official_subdivision_projection,emerging_mover,conflict_recovery
501,Brest region,Belarus,BLR,Belarus,Europe,0.824,4.0,0.816,0.13914593280148213,0.12078549231885628,0.12078549231885628,modeled_population_proxy_population_first_evolved_to_2050_then_hdi_reconciled,0.824,0.8266,0.817268,0.819765,0.002497,6,0.822732,0.859012,9056696,7453542,1260202.413019452,900279.7399892727,-0.285607,modeled_proxy_not_official_subdivision_projection,emerging_mover,conflict_recovery
502,Vitebsk region,Belarus,BLR,Belarus,Europe,0.824,5.0,0.816,0.13914593280148213,0.12078549231885628,0.12078549231885628,modeled_population_proxy_population_first_evolved_to_2050_then_hdi_reconciled,0.824,0.8266,0.817268,0.819765,0.002497,6,0.822732,0.859012,9056696,7453542,1260202.413019452,900279.7399892727,-0.285607,modeled_proxy_not_official_subdivision_projection,emerging_mover,conflict_recovery
510,Mogilev region,Belarus,BLR,Belarus,Europe,0.824,6.0,0.814,0.13080512171530126,0.10924889567127734,0.10924889567127734,modeled_population_proxy_population_first_evolved_to_2050_then_hdi_reconciled,0.824,0.8266,0.815268,0.818047,0.002779,6,0.822732,0.859012,9056696,7453542,1184662.222618482,814291.2323394838,-0.312638,modeled_proxy_not_official_subdivision_projection,emerging_mover,conflict_recovery
441,Bogota D.C.,Colombia,COL,Colombia,America,0.788,1.0,0.835,0.04511813758164138,0.05546689063019371,0.05546689063019371,modeled_population_proxy_population_first_evolved_to_2050_then_hdi_reconciled,0.788,0.8334,0.850765,0.883086,0.032321,33,0.772235,0.842748,52886360,59385352,2386134.0666722152,3293920.8244195553,0.380442,modeled_proxy_not_official_subdivision_projection,fast_converger,fast_converger
521,Valle (incl Cali),Colombia,COL,Colombia,America,0.788,2.0,0.812,0.03926464505212408,0.04462648106115052,0.04462648106115052,modeled_population_proxy_population_first_evolved_to_2050_then_hdi_reconciled,0.788,0.8334,0.827765,0.863703,0.035938,33,0.772235,0.842748,52886360,59385352,2076564.1534988526,2650159.286337757,0.276223,modeled_proxy_not_official_subdivision_projection,fast_converger,fast_converger
526,San Andres,Colombia,COL,Colombia,America,0.788,3.0,0.811,0.039028133784137845,0.04420653797064134,0.04420653797064134,modeled_population_proxy_population_first_evolved_to_2050_then_hdi_reconciled,0.788,0.8334,0.826765,0.86286,0.036095,33,0.772235,0.842748,52886360,59385352,2064055.9334360764,2625220.818087902,0.271875,modeled_proxy_not_official_subdivision_projection,fast_converger,fast_converger
536,Atlantico (incl Barranquilla),Colombia,COL,Colombia,America,0.788,4.0,0.808,0.03832711348500048,0.04297027073593859,0.04297027073593859,modeled_population_proxy_population_first_evolved_to_2050_then_hdi_reconciled,0.788,0.8334,0.823765,0.860332,0.036567,33,0.772235,0.842748,52886360,59385352,2026981.52152859,2551804.6531890123,0.258919,modeled_proxy_not_official_subdivision_projection,fast_converger,fast_converger
550,Quindio,Colombia,COL,Colombia,America,0.788,5.0,0.805,0.03763868485787391,0.041768576592587515,0.041768576592587515,modeled_population_proxy_population_first_evolved_to_2050_then_hdi_reconciled,0.788,0.8334,0.820765,0.857804,0.037039,33,0.772235,0.842748,52886360,59385352,1990573.0373200683,2480441.62348977,0.246094,modeled_proxy_not_official_subdivision_projection,fast_converger,fast_converger
581,Santander,Colombia,COL,Colombia,America,0.788,6.0,0.799,0.036298701999584786,0.0394650671746675,0.0394650671746675,modeled_population_proxy_population_first_evolved_to_2050_then_hdi_reconciled,0.788,0.8334,0.814765,0.852747,0.037982,33,0.772235,0.842748,52886360,59385352,1919706.2214827607,2343646.905871275,0.220836,modeled_proxy_not_official_subdivision_projection,fast_converger,fast_converger
587,Caldas,Colombia,COL,Colombia,America,0.788,7.0,0.798,0.036080056140828654,0.03909369390295978,0.03909369390295978,modeled_population_proxy_population_first_evolved_to_2050_then_hdi_reconciled,0.788,0.8334,0.813765,0.851905,0.038139,33,0.772235,0.842748,52886360,59385352,1908142.8378840748,2321592.7734075207,0.216677,modeled_proxy_not_official_subdivision_projection,fast_converger,fast_converger
588,Meta,Colombia,COL,Colombia,America,0.788,8.0,0.798,0.036080056140828654,0.03909369390295978,0.03909369390295978,modeled_population_proxy_population_first_evolved_to_2050_then_hdi_reconciled,0.788,0.8334,0.813765,0.851905,0.038139,33,0.772235,0.842748,52886360,59385352,1908142.8378840748,2321592.7734075207,0.216677,modeled_proxy_not_official_subdivision_projection,fast_converger,fast_converger
601,Cundinamarca,Colombia,COL,Colombia,America,0.788,9.0,0.794,0.035218563784773636,0.0376428203867613,0.0376428203867613,modeled_population_proxy_population_first_evolved_to_2050_then_hdi_reconciled,0.788,0.8334,0.809765,0.848534,0.038768,33,0.772235,0.842748,52886360,59385352,1862581.643004501,2235432.1389405956,0.200179,modeled_proxy_not_official_subdivision_projection,fast_converger,fast_converger
603,Antioquia (incl Medellin),Colombia,COL,Colombia,America,0.788,10.0,0.793,0.03500642415721981,0.03728859478006295,0.03728859478006295,modeled_population_proxy_population_first_evolved_to_2050_then_hdi_reconciled,0.788,0.8334,0.808765,0.847691,0.038926,33,0.772235,0.842748,52886360,59385352,1851362.3502914233,2214396.326599401,0.19609,modeled_proxy_not_official_subdivision_projection,fast_converger,fast_converger
651,Risaralda,Colombia,COL,Colombia,America,0.788,11.0,0.781,0.03255825055797138,0.033289123405715784,0.033289123405715784,modeled_population_proxy_population_first_evolved_to_2050_then_hdi_reconciled,0.788,0.8334,0.796765,0.837578,0.040813,33,0.772235,0.842748,52886360,59385352,1721887.3599790754,1976886.3112198706,0.148093,modeled_proxy_not_official_subdivision_projection,fast_converger,fast_converger
655,Boyaca,Colombia,COL,Colombia,America,0.788,12.0,0.78,0.03236213537311088,0.032975866858685296,0.032975866858685296,modeled_population_proxy_population_first_evolved_to_2050_then_hdi_reconciled,0.788,0.8334,0.795765,0.836735,0.04097,33,0.772235,0.842748,52886360,59385352,1711515.5417110764,1958283.4609081605,0.144181,modeled_proxy_not_official_subdivision_projection,fast_converger,fast_converger
674,Bolivar (Sur and Norte),Colombia,COL,Colombia,America,0.788,13.0,0.777,0.031780849218219144,0.03205367331888837,0.03205367331888837,modeled_population_proxy_population_first_evolved_to_2050_then_hdi_reconciled,0.788,0.8334,0.792765,0.834207,0.041442,33,0.772235,0.842748,52886360,59385352,1680773.4328604562,1903518.672935194,0.132525,modeled_proxy_not_official_subdivision_projection,fast_converger,fast_converger
677,Guaviare,Colombia,COL,Colombia,America,0.788,14.0,0.776,0.03158941672376256,0.031752042575983484,0.031752042575983484,modeled_population_proxy_population_first_evolved_to_2050_then_hdi_reconciled,0.788,0.8334,0.791765,0.833364,0.041599,33,0.772235,0.842748,52886360,59385352,1670649.2650429273,1885606.2250937659,0.128667,modeled_proxy_not_official_subdivision_projection,fast_converger,fast_converger
681,Vichada,Colombia,COL,Colombia,America,0.788,15.0,0.775,0.03139913732624439,0.03145325023179067,0.03145325023179067,modeled_population_proxy_population_first_evolved_to_2050_then_hdi_reconciled,0.788,0.8334,0.790765,0.832521,0.041756,33,0.772235,0.842748,52886360,59385352,1660586.0803251984,1867862.3365589706,0.124821,modeled_proxy_not_official_subdivision_projection,fast_converger,fast_converger
706,Norte de Santander,Colombia,COL,Colombia,America,0.788,16.0,0.77,0.03046479515228545,0.030000938394833216,0.030000938394833216,modeled_population_proxy_population_first_evolved_to_2050_then_hdi_reconciled,0.788,0.8334,0.785765,0.828308,0.042542,33,0.772235,0.842748,52886360,59385352,1611172.123750023,1781616.2869074855,0.105789,modeled_proxy_not_official_subdivision_projection,fast_converger,fast_converger
707,Casanare,Colombia,COL,Colombia,America,0.788,17.0,0.77,0.03046479515228545,0.030000938394833216,0.030000938394833216,modeled_population_proxy_population_first_evolved_to_2050_then_hdi_reconciled,0.788,0.8334,0.785765,0.828308,0.042542,33,0.772235,0.842748,52886360,59385352,1611172.123750023,1781616.2869074855,0.105789,modeled_proxy_not_official_subdivision_projection,fast_converger,fast_converger
723,Tolima,Colombia,COL,Colombia,America,0.788,18.0,0.767,0.02991758887465674,0.029161940842649885,0.029161940842649885,modeled_population_proxy_population_first_evolved_to_2050_then_hdi_reconciled,0.788,0.8334,0.782765,0.825779,0.043014,33,0.772235,0.842748,52886360,59385352,1582232.3755570913,1731792.12194394,0.094525,modeled_proxy_not_official_subdivision_projection,fast_converger,fast_converger
734,Sucre,Colombia,COL,Colombia,America,0.788,19.0,0.764,0.029380211473565013,0.02834640645296185,0.02834640645296185,modeled_population_proxy_population_first_evolved_to_2050_then_hdi_reconciled,0.788,0.8334,0.779765,0.823251,0.043486,33,0.772235,0.842748,52886360,59385352,1553812.44086709,1683361.3251442108,0.083375,modeled_proxy_not_official_subdivision_projection,fast_converger,fast_converger
743,Arauca,Colombia,COL,Colombia,America,0.788,20.0,0.761,0.028852486403495484,0.027553679061763828,0.027553679061763828,modeled_population_proxy_population_first_evolved_to_2050_then_hdi_reconciled,0.788,0.8334,0.776765,0.820723,0.043958,33,0.772235,0.842748,52886360,59385352,1525902.9828303675,1636284.9299778747,0.072339,modeled_proxy_not_official_subdivision_projection,fast_converger,fast_converger
791,Cesar,Colombia,COL,Colombia,America,0.788,21.0,0.751,0.027160911286679933,0.025067915018745304,0.025067915018745304,modeled_population_proxy_population_first_evolved_to_2050_then_hdi_reconciled,0.788,0.8334,0.766765,0.812295,0.04553,33,0.772235,0.842748,52886360,59385352,1436441.7322354182,1488666.9572942764,0.036357,modeled_proxy_not_official_subdivision_projection,fast_converger,fast_converger
811,Magdalena,Colombia,COL,Colombia,America,0.788,22.0,0.747,0.026512383541444952,0.024137576379032924,0.024137576379032924,modeled_population_proxy_population_first_evolved_to_2050_then_hdi_reconciled,0.788,0.8334,0.762765,0.808924,0.046159,33,0.772235,0.842748,52886360,59385352,1402143.4604309327,1433418.4696957555,0.022305,modeled_proxy_not_official_subdivision_projection,fast_converger,fast_converger
821,Huila,Colombia,COL,Colombia,America,0.788,23.0,0.745,0.026193949883084322,0.023685436058628044,0.023685436058628044,modeled_population_proxy_population_first_evolved_to_2050_then_hdi_reconciled,0.788,0.8334,0.760765,0.807239,0.046474,33,0.772235,0.842748,52886360,59385352,1385302.6633387553,1406567.957615119,0.015351,modeled_proxy_not_official_subdivision_projection,fast_converger,fast_converger
839,Narino,Colombia,COL,Colombia,America,0.788,24.0,0.742,0.02572345619552574,0.023023056015242262,0.023023056015242262,modeled_population_proxy_population_first_evolved_to_2050_then_hdi_reconciled,0.788,0.8334,0.757765,0.804711,0.046945,33,0.772235,0.842748,52886360,59385352,1360419.9648008046,1367232.285580879,0.005008,modeled_proxy_not_official_subdivision_projection,fast_converger,fast_converger
854,Cauca,Colombia,COL,Colombia,America,0.788,25.0,0.74,0.02541449814770571,0.022591792670490156,0.022591792670490156,modeled_population_proxy_population_first_evolved_to_2050_then_hdi_reconciled,0.788,0.8334,0.755765,0.803025,0.04726,33,0.772235,0.842748,52886360,59385352,1344080.2982588974,1341621.560048078,-0.001829,modeled_proxy_not_official_subdivision_projection,fast_converger,fast_converger
855,Amazonas,Colombia,COL,Colombia,America,0.788,26.0,0.74,0.02541449814770571,0.022591792670490156,0.022591792670490156,modeled_population_proxy_population_first_evolved_to_2050_then_hdi_reconciled,0.788,0.8334,0.755765,0.803025,0.04726,33,0.772235,0.842748,52886360,59385352,1344080.2982588974,1341621.560048078,-0.001829,modeled_proxy_not_official_subdivision_projection,fast_converger,fast_converger
859,Putumayo,Colombia,COL,Colombia,America,0.788,27.0,0.739,0.02526141347893643,0.02237919990026505,0.02237919990026505,modeled_population_proxy_population_first_evolved_to_2050_then_hdi_reconciled,0.788,0.8334,0.754765,0.802182,0.047417,33,0.772235,0.842748,52886360,59385352,1335984.2073558844,1328996.6635556049,-0.00523,modeled_proxy_not_official_subdivision_projection,fast_converger,fast_converger
869,Caqueta,Colombia,COL,Colombia,America,0.788,28.0,0.737,0.024958004911506664,0.021959997141279677,0.021959997141279677,modeled_population_proxy_population_first_evolved_to_2050_then_hdi_reconciled,0.788,0.8334,0.752765,0.800497,0.047732,33,0.772235,0.842748,52886360,59385352,1319938.0326317095,1304102.1601538875,-0.011997,modeled_proxy_not_official_subdivision_projection,fast_converger,fast_converger
870,Cordoba,Colombia,COL,Colombia,America,0.788,29.0,0.737,0.024958004911506664,0.021959997141279677,0.021959997141279677,modeled_population_proxy_population_first_evolved_to_2050_then_hdi_reconciled,0.788,0.8334,0.752765,0.800497,0.047732,33,0.772235,0.842748,52886360,59385352,1319938.0326317095,1304102.1601538875,-0.011997,modeled_proxy_not_official_subdivision_projection,fast_converger,fast_converger
949,Guajira,Colombia,COL,Colombia,America,0.788,30.0,0.72,0.02252183239860257,0.018699411128552345,0.018699411128552345,modeled_population_proxy_population_first_evolved_to_2050_then_hdi_reconciled,0.788,0.8334,0.735765,0.78617,0.050405,33,0.772235,0.842748,52886360,59385352,1191097.736092159,1110471.1120617983,-0.067691,modeled_proxy_not_official_subdivision_projection,fast_converger,fast_converger
961,Choco,Colombia,COL,Colombia,America,0.788,31.0,0.718,0.022251328259566525,0.018349137447123815,0.018349137447123815,modeled_population_proxy_population_first_evolved_to_2050_then_hdi_reconciled,0.788,0.8334,0.733765,0.784485,0.050719,33,0.772235,0.842748,52886360,59385352,1176791.7568136088,1089669.9861938292,-0.074033,modeled_proxy_not_official_subdivision_projection,fast_converger,fast_converger
1077,Guainja,Colombia,COL,Colombia,America,0.788,32.0,0.69,0.018788278894246356,0.014081333514196548,0.014081333514196548,modeled_population_proxy_population_first_evolved_to_2050_then_hdi_reconciled,0.788,0.8334,0.705765,0.760888,0.055122,33,0.772235,0.842748,52886360,59385352,993643.6813815148,836224.947369959,-0.158426,modeled_proxy_not_official_subdivision_projection,fast_converger,fast_converger
1158,Vaupis,Colombia,COL,Colombia,America,0.788,33.0,0.663,0.018011256703878646,0.01326286823864542,0.01326286823864542,modeled_population_proxy_population_first_evolved_to_2050_then_hdi_reconciled,0.788,0.8334,0.678765,0.738134,0.059368,33,0.772235,0.842748,52886360,59385352,952549.8060937395,787620.0988815783,-0.173145,modeled_proxy_not_official_subdivision_projection,fast_converger,fast_converger
448,Skopski,North Macedonia,MKD,North Macedonia,Europe,0.815,1.0,0.833,0.17164969553613363,0.20881596522412657,0.20881596522412657,modeled_population_proxy_population_first_evolved_to_2050_then_hdi_reconciled,0.815,0.86,0.837141,0.876608,0.039468,8,0.810859,0.8429,1823011,1512685,312919.2831090225,315872.7783550579,0.009439,modeled_proxy_not_official_subdivision_projection,fast_converger,fast_converger
467,Pelagoniski,North Macedonia,MKD,North Macedonia,Europe,0.815,2.0,0.825,0.15438603237783888,0.17424641511414302,0.17424641511414302,modeled_population_proxy_population_first_evolved_to_2050_then_hdi_reconciled,0.815,0.86,0.829141,0.869865,0.040725,8,0.810859,0.8429,1823011,1512685,281447.4352711564,263579.9384469374,-0.063484,modeled_proxy_not_official_subdivision_projection,fast_converger,fast_converger
500,South West,North Macedonia,MKD,North Macedonia,Europe,0.815,3.0,0.817,0.13885866164180669,0.1453998651278521,0.1453998651278521,modeled_population_proxy_population_first_evolved_to_2050_then_hdi_reconciled,0.815,0.86,0.821141,0.863122,0.041981,8,0.810859,0.8429,1823011,1512685,253140.86761829164,219944.19498092498,-0.131139,modeled_proxy_not_official_subdivision_projection,fast_converger,fast_converger
531,Vardarski,North Macedonia,MKD,North Macedonia,Europe,0.815,4.0,0.81,0.12655879257428823,0.12410495931380411,0.12410495931380411,modeled_population_proxy_population_first_evolved_to_2050_then_hdi_reconciled,0.815,0.86,0.814141,0.857222,0.043081,8,0.810859,0.8429,1823011,1512685,230718.07100964576,187731.71037960178,-0.186316,modeled_proxy_not_official_subdivision_projection,fast_converger,fast_converger
545,Poloski,North Macedonia,MKD,North Macedonia,Europe,0.815,5.0,0.807,0.12162677353978632,0.11596159852983677,0.11596159852983677,modeled_population_proxy_population_first_evolved_to_2050_then_hdi_reconciled,0.815,0.86,0.811141,0.854693,0.043552,8,0.810859,0.8429,1823011,1512685,221726.9460575394,175413.37067210613,-0.208877,modeled_proxy_not_official_subdivision_projection,fast_converger,fast_converger
607,East,North Macedonia,MKD,North Macedonia,Europe,0.815,6.0,0.793,0.1010340777608622,0.08448205301352477,0.08448205301352477,modeled_population_proxy_population_first_evolved_to_2050_then_hdi_reconciled,0.815,0.86,0.797141,0.842892,0.045752,8,0.810859,0.8429,1823011,1512685,184186.23513290717,127794.73436276372,-0.306166,modeled_proxy_not_official_subdivision_projection,fast_converger,fast_converger
613,North East,North Macedonia,MKD,North Macedonia,Europe,0.815,7.0,0.792,0.09970421136433895,0.08259228436970543,0.08259228436970543,modeled_population_proxy_population_first_evolved_to_2050_then_hdi_reconciled,0.815,0.86,0.796141,0.84205,0.045909,8,0.810859,0.8429,1823011,1512685,181761.8740635149,124936.10968178787,-0.312639,modeled_proxy_not_official_subdivision_projection,fast_converger,fast_converger
653,South East,North Macedonia,MKD,North Macedonia,Europe,0.815,8.0,0.781,0.0861817552049452,0.06439685930700728,0.06439685930700728,modeled_population_proxy_population_first_evolved_to_2050_then_hdi_reconciled,0.815,0.86,0.785141,0.832778,0.047637,8,0.810859,0.8429,1823011,1512685,157110.28773792236,97412.1631208203,-0.379976,modeled_proxy_not_official_subdivision_projection,fast_converger,fast_converger
450,The North West Federal District,Russia,RUS,Russia,Europe,0.832,1.0,0.833,0.16377988635618862,0.18513948293209498,0.18513948293209498,modeled_population_proxy_population_first_evolved_to_2050_then_hdi_reconciled,0.832,0.8403,0.861417,0.862795,0.001378,8,0.803583,0.856846,144820421,136132783,23718672.09343539,25203553.05472709,0.062604,modeled_proxy_not_official_subdivision_projection,emerging_mover,fast_converger
451,The Urals Federal District,Russia,RUS,Russia,Europe,0.832,2.0,0.833,0.16377988635618862,0.18513948293209498,0.18513948293209498,modeled_population_proxy_population_first_evolved_to_2050_then_hdi_reconciled,0.832,0.8403,0.861417,0.862795,0.001378,8,0.803583,0.856846,144820421,136132783,23718672.09343539,25203553.05472709,0.062604,modeled_proxy_not_official_subdivision_projection,emerging_mover,fast_converger
464,The Central Federal District,Russia,RUS,Russia,Europe,0.832,3.0,0.826,0.15449629605327506,0.16934245289410146,0.16934245289410146,modeled_population_proxy_population_first_evolved_to_2050_then_hdi_reconciled,0.832,0.8403,0.854417,0.856797,0.002381,8,0.803583,0.856846,144820421,136132783,22374218.637375932,23053059.392520435,0.03034,modeled_proxy_not_official_subdivision_projection,emerging_mover,fast_converger
625,The Privolzhsky (Volga) Federal District,Russia,RUS,Russia,Europe,0.832,4.0,0.789,0.11349190666105481,0.10568983403103016,0.10568983403103016,modeled_population_proxy_population_first_evolved_to_2050_then_hdi_reconciled,0.832,0.8403,0.817417,0.825094,0.007677,8,0.803583,0.856846,144820421,136132783,16435945.702746661,14387851.241452245,-0.124611,modeled_proxy_not_official_subdivision_projection,emerging_mover,fast_converger
658,The Far East Federal District,Russia,RUS,Russia,Europe,0.832,5.0,0.78,0.10528868129362907,0.09423958976848976,0.09423958976848976,modeled_population_proxy_population_first_evolved_to_2050_then_hdi_reconciled,0.832,0.8403,0.808417,0.817382,0.008966,8,0.803583,0.856846,144820421,136132783,15247951.151478188,12829097.623962836,-0.158635,modeled_proxy_not_official_subdivision_projection,emerging_mover,fast_converger
664,The Siberian Federal District,Russia,RUS,Russia,Europe,0.832,6.0,0.779,0.10441462428891544,0.09304650665792216,0.09304650665792216,modeled_population_proxy_population_first_evolved_to_2050_then_hdi_reconciled,0.832,0.8403,0.807417,0.816525,0.009109,8,0.803583,0.856846,144820421,136132783,15121369.84807756,12666679.899770973,-0.162333,modeled_proxy_not_official_subdivision_projection,emerging_mover,fast_converger
679,The South Federal District,Russia,RUS,Russia,Europe,0.832,7.0,0.776,0.10183574888656945,0.08955712219140698,0.08955712219140698,modeled_population_proxy_population_first_evolved_to_2050_then_hdi_reconciled,0.832,0.8403,0.804417,0.813955,0.009538,8,0.803583,0.856846,144820421,136132783,14747896.026603268,12191660.28138729,-0.173329,modeled_proxy_not_official_subdivision_projection,emerging_mover,fast_converger
733,The North-Caucasian Federal District,Russia,RUS,Russia,Europe,0.832,8.0,0.765,0.092912970104179,0.07784552859285958,0.07784552859285958,modeled_population_proxy_population_first_evolved_to_2050_then_hdi_reconciled,0.832,0.8403,0.793417,0.804529,0.011113,8,0.803583,0.856846,144820421,136132783,13455695.446847616,10597328.451452048,-0.212428,modeled_proxy_not_official_subdivision_projection,emerging_mover,fast_converger
452,Bangkok,Thailand,THA,Thailand,Asia/Pacific,0.798,1.0,0.833,0.2854849189406089,0.3514911605227848,0.3514911605227848,modeled_population_proxy_population_first_evolved_to_2050_then_hdi_reconciled,0.798,0.8601,0.828561,0.882717,0.054157,5,0.802439,0.836402,71668010,66382731,20460136.02548475,23332943.15786184,0.14041,modeled_proxy_not_official_subdivision_projection,rapid_industrializer,fast_converger
539,Central,Thailand,THA,Thailand,Asia/Pacific,0.798,2.0,0.808,0.21808087112633004,0.22416605133116918,0.22416605133116918,modeled_population_proxy_population_first_evolved_to_2050_then_hdi_reconciled,0.798,0.8601,0.803561,0.861807,0.058247,5,0.802439,0.836402,71668010,66382731,15629422.052690532,14880754.684849195,-0.047901,modeled_proxy_not_official_subdivision_projection,rapid_industrializer,fast_converger
635,South,Thailand,THA,Thailand,Asia/Pacific,0.798,3.0,0.786,0.17206314122378344,0.15089214209015656,0.15089214209015656,modeled_population_proxy_population_first_evolved_to_2050_then_hdi_reconciled,0.798,0.8601,0.781561,0.843406,0.061846,5,0.802439,0.836402,71668010,66382731,12331422.925857523,10016632.47838464,-0.187715,modeled_proxy_not_official_subdivision_projection,rapid_industrializer,fast_converger
650,North,Thailand,THA,Thailand,Asia/Pacific,0.798,4.0,0.782,0.1648061262912053,0.14041434983265239,0.14041434983265239,modeled_population_proxy_population_first_evolved_to_2050_then_hdi_reconciled,0.798,0.8601,0.777561,0.840061,0.0625,5,0.802439,0.836402,71668010,66382731,11811327.107099365,9321088.013480859,-0.210835,modeled_proxy_not_official_subdivision_projection,rapid_industrializer,fast_converger
665,Northeast,Thailand,THA,Thailand,Asia/Pacific,0.798,5.0,0.779,0.15956494241807243,0.1330362962232371,0.1330362962232371,modeled_population_proxy_population_first_evolved_to_2050_then_hdi_reconciled,0.798,0.8601,0.774561,0.837552,0.062991,5,0.802439,0.836402,71668010,66382731,11435701.888867838,8831312.665423464,-0.227742,modeled_proxy_not_official_subdivision_projection,rapid_industrializer,fast_converger
462,Western herzegovina,Bosnia and Herzegovina,BIH,Bosnia & Herzegovina,Europe,0.804,1.0,0.827,0.2970724534141504,0.3805444839652493,0.3805444839652493,modeled_population_proxy_population_first_evolved_to_2050_then_hdi_reconciled,0.804,0.8378,0.822453,0.851479,0.029026,5,0.808547,0.847156,3164256,2455171,940013.2931504459,934301.7812414451,-0.006076,modeled_proxy_not_official_subdivision_projection,emerging_mover,fast_converger
548,Central Bosnia,Bosnia and Herzegovina,BIH,Bosnia & Herzegovina,Europe,0.804,2.0,0.806,0.19558105997551167,0.1855511731407752,0.1855511731407752,modeled_population_proxy_population_first_evolved_to_2050_then_hdi_reconciled,0.804,0.8378,0.801453,0.833689,0.032236,5,0.808547,0.847156,3164256,2455171,618868.5425138726,455559.8593112102,-0.263883,modeled_proxy_not_official_subdivision_projection,emerging_mover,fast_converger
569,Republica Srpska,Bosnia and Herzegovina,BIH,Bosnia & Herzegovina,Europe,0.804,3.0,0.801,0.17705330442571188,0.15638383705094427,0.15638383705094427,modeled_population_proxy_population_first_evolved_to_2050_then_hdi_reconciled,0.804,0.8378,0.796453,0.829453,0.033,5,0.808547,0.847156,3164256,2455171,560241.9808488854,383949.0615962039,-0.314673,modeled_proxy_not_official_subdivision_projection,emerging_mover,fast_converger
585,Western Bosnia,Bosnia and Herzegovina,BIH,Bosnia & Herzegovina,Europe,0.804,4.0,0.798,0.1667901430877716,0.14113306102295706,0.14113306102295706,modeled_population_proxy_population_first_evolved_to_2050_then_hdi_reconciled,0.804,0.8378,0.793453,0.826912,0.033459,5,0.808547,0.847156,3164256,2455171,527766.7110063398,346505.7985647945,-0.343449,modeled_proxy_not_official_subdivision_projection,emerging_mover,fast_converger
590,Northern Bosnia,Bosnia and Herzegovina,BIH,Bosnia & Herzegovina,Europe,0.804,5.0,0.797,0.1635030390968544,0.1363874448200742,0.1363874448200742,modeled_population_proxy_population_first_evolved_to_2050_then_hdi_reconciled,0.804,0.8378,0.792453,0.826064,0.033612,5,0.808547,0.847156,3164256,2455171,517365.4724804561,334854.49928634637,-0.35277,modeled_proxy_not_official_subdivision_projection,emerging_mover,fast_converger
469,"St. James, St. George, and St. Thomas",Barbados,BRB,Barbados,America,0.811,1.0,0.824,0.32507274908978107,0.37537954615330504,0.37537954615330504,modeled_population_proxy_population_first_evolved_to_2050_then_hdi_reconciled,0.811,0.8843,0.820762,0.891393,0.070631,4,0.814238,0.832146,282476,264225,91825.249871885,99184.66058235703,0.080146,modeled_proxy_not_official_subdivision_projection,rapid_industrializer,moderate
496,Christ Church and St. Philip,Barbados,BRB,Barbados,America,0.811,2.0,0.818,0.28077448226864726,0.29499611463161424,0.29499611463161424,modeled_population_proxy_population_first_evolved_to_2050_then_hdi_reconciled,0.811,0.8843,0.814762,0.8864,0.071638,4,0.814238,0.832146,282476,264225,79312.0526533184,77945.34838853827,-0.017232,modeled_proxy_not_official_subdivision_projection,rapid_industrializer,moderate
553,St Michael,Barbados,BRB,Barbados,America,0.811,3.0,0.804,0.19948219313748222,0.16812136538397054,0.16812136538397054,modeled_population_proxy_population_first_evolved_to_2050_then_hdi_reconciled,0.811,0.8843,0.800762,0.87475,0.073988,4,0.814238,0.832146,282476,264225,56348.93198870343,44421.867768579614,-0.211664,modeled_proxy_not_official_subdivision_projection,rapid_industrializer,moderate
557,"St. Lucy, St. Peter, St. Andrew, St. Joseph, and St. John",Barbados,BRB,Barbados,America,0.811,4.0,0.803,0.1946705755040894,0.16150297383111012,0.16150297383111012,modeled_population_proxy_population_first_evolved_to_2050_then_hdi_reconciled,0.811,0.8843,0.799762,0.873918,0.074156,4,0.814238,0.832146,282476,264225,54989.76548609316,42673.12326052507,-0.223981,modeled_proxy_not_official_subdivision_projection,rapid_industrializer,moderate
481,Tashkent,Uzbekistan,UZB,Uzbekistan,Asia/Pacific,0.74,1.0,0.823,0.2549062732964275,0.3112674947935288,0.3112674947935288,modeled_population_proxy_population_first_evolved_to_2050_then_hdi_reconciled,0.74,0.8262,0.804746,0.875262,0.070515,6,0.758254,0.827244,36361859,52210751,9268865.967820162,16251509.665058726,0.753344,modeled_proxy_not_official_subdivision_projection,rapid_industrializer,fast_converger
761,"Central-East (Dzhizak, Syrdarya)",Uzbekistan,UZB,Uzbekistan,Asia/Pacific,0.74,2.0,0.759,0.17224365385248686,0.1711740642669419,0.1711740642669419,modeled_population_proxy_population_first_evolved_to_2050_then_hdi_reconciled,0.74,0.8262,0.740746,0.822318,0.081572,6,0.758254,0.827244,36361859,52210751,6263099.4550289335,8937126.447099302,0.426949,modeled_proxy_not_official_subdivision_projection,rapid_industrializer,fast_converger
864,"West (Karakalpakstan, Khorezm)",Uzbekistan,UZB,Uzbekistan,Asia/Pacific,0.74,3.0,0.739,0.15238565122714018,0.14199825992718051,0.14199825992718051,modeled_population_proxy_population_first_evolved_to_2050_then_hdi_reconciled,0.74,0.8262,0.720746,0.805773,0.085027,6,0.758254,0.827244,36361859,52210751,5541025.563544448,7413835.7914913,0.33799,modeled_proxy_not_official_subdivision_projection,rapid_industrializer,fast_converger
897,"Central (Navoi, Bukhara, Samarkand)",Uzbekistan,UZB,Uzbekistan,Asia/Pacific,0.74,4.0,0.733,0.14688732743217933,0.13425687694602778,0.13425687694602778,modeled_population_proxy_population_first_evolved_to_2050_then_hdi_reconciled,0.74,0.8262,0.714746,0.80081,0.086063,6,0.758254,0.827244,36361859,52210751,5341096.288975737,7009652.372266697,0.3124,modeled_proxy_not_official_subdivision_projection,rapid_industrializer,fast_converger
901,"East (Namangan, Fergana, Andizhan)",Uzbekistan,UZB,Uzbekistan,Asia/Pacific,0.74,5.0,0.732,0.1459904244852331,0.13300831555701112,0.13300831555701112,modeled_population_proxy_population_first_evolved_to_2050_then_hdi_reconciled,0.74,0.8262,0.713746,0.799982,0.086236,6,0.758254,0.827244,36361859,52210751,5308483.230482194,6944464.044476534,0.308182,modeled_proxy_not_official_subdivision_projection,rapid_industrializer,fast_converger
994,"South (Kashkadarya, Surkhandarya)",Uzbekistan,UZB,Uzbekistan,Asia/Pacific,0.74,6.0,0.71,0.12758666970653296,0.10829498850930981,0.10829498850930981,modeled_population_proxy_population_first_evolved_to_2050_then_hdi_reconciled,0.74,0.8262,0.691746,0.781783,0.090037,6,0.758254,0.827244,36361859,52210751,4639288.494148523,5654162.679607436,0.218756,modeled_proxy_not_official_subdivision_projection,rapid_industrializer,fast_converger
482,Baku,Azerbaijan,AZE,Azerbaijan,Asia/Pacific,0.789,1.0,0.822,0.15281722995211353,0.1891176716096495,0.1891176716096495,modeled_population_proxy_population_first_evolved_to_2050_then_hdi_reconciled,0.789,0.8409,0.829403,0.872139,0.042735,10,0.781597,0.840278,10336577,11224921,1579607.0643267278,2122830.9235222586,0.343898,modeled_proxy_not_official_subdivision_projection,fast_converger,fast_converger
541,Absheron,Azerbaijan,AZE,Azerbaijan,Asia/Pacific,0.789,2.0,0.807,0.131853720156838,0.15026958460774947,0.15026958460774947,modeled_population_proxy_population_first_evolved_to_2050_then_hdi_reconciled,0.789,0.8409,0.814403,0.859535,0.045131,10,0.781597,0.840278,10336577,11224921,1362916.131137608,1686764.2159248039,0.237614,modeled_proxy_not_official_subdivision_projection,fast_converger,fast_converger
642,Ganja Gazakh,Azerbaijan,AZE,Azerbaijan,Asia/Pacific,0.789,3.0,0.783,0.10412727203106067,0.10401439412364669,0.10401439412364669,modeled_population_proxy_population_first_evolved_to_2050_then_hdi_reconciled,0.789,0.8409,0.790403,0.839368,0.048964,10,0.781597,0.840278,10336577,11224921,1076319.565149005,1167553.3569007984,0.084765,modeled_proxy_not_official_subdivision_projection,fast_converger,fast_converger
643,Shaki Zaqatala,Azerbaijan,AZE,Azerbaijan,Asia/Pacific,0.789,4.0,0.783,0.10412727203106067,0.10401439412364669,0.10401439412364669,modeled_population_proxy_population_first_evolved_to_2050_then_hdi_reconciled,0.789,0.8409,0.790403,0.839368,0.048964,10,0.781597,0.840278,10336577,11224921,1076319.565149005,1167553.3569007984,0.084765,modeled_proxy_not_official_subdivision_projection,fast_converger,fast_converger
660,Nakhchivan,Azerbaijan,AZE,Azerbaijan,Asia/Pacific,0.789,5.0,0.779,0.1001097802132081,0.0978281490682274,0.0978281490682274,modeled_population_proxy_population_first_evolved_to_2050_then_hdi_reconciled,0.789,0.8409,0.786403,0.836007,0.049603,10,0.781597,0.840278,10336577,11224921,1034792.451626902,1098113.2448670762,0.061192,modeled_proxy_not_official_subdivision_projection,fast_converger,fast_converger
731,Aran,Azerbaijan,AZE,Azerbaijan,Asia/Pacific,0.789,6.0,0.765,0.08723054141943747,0.07893329129433442,0.07893329129433442,modeled_population_proxy_population_first_evolved_to_2050_then_hdi_reconciled,0.789,0.8409,0.772403,0.824243,0.051839,10,0.781597,0.840278,10336577,11224921,901665.2081337046,886019.9590488917,-0.017352,modeled_proxy_not_official_subdivision_projection,fast_converger,fast_converger
741,Dakhlik Shirvan,Azerbaijan,AZE,Azerbaijan,Asia/Pacific,0.789,7.0,0.761,0.0838649679286146,0.07423874216878666,0.07423874216878666,modeled_population_proxy_population_first_evolved_to_2050_then_hdi_reconciled,0.789,0.8409,0.768403,0.820882,0.052478,10,0.781597,0.840278,10336577,11224921,866876.6985966553,833324.0159839989,-0.038705,modeled_proxy_not_official_subdivision_projection,fast_converger,fast_converger
757,Guba Khachmaz,Azerbaijan,AZE,Azerbaijan,Asia/Pacific,0.789,8.0,0.759,0.0822311935357875,0.07199723226193948,0.07199723226193948,modeled_population_proxy_population_first_evolved_to_2050_then_hdi_reconciled,0.789,0.8409,0.766403,0.819201,0.052798,10,0.781597,0.840278,10336577,11224921,849989.0637845699,808163.244358922,-0.049207,modeled_proxy_not_official_subdivision_projection,fast_converger,fast_converger
774,Lankaran,Azerbaijan,AZE,Azerbaijan,Asia/Pacific,0.789,9.0,0.756,0.07984001441931932,0.06876122358237126,0.06876122358237126,modeled_population_proxy_population_first_evolved_to_2050_then_hdi_reconciled,0.789,0.8409,0.763403,0.81668,0.053277,10,0.781597,0.840278,10336577,11224921,825272.4567264044,771839.3025754543,-0.064746,modeled_proxy_not_official_subdivision_projection,fast_converger,fast_converger
806,Yukhari Karabakh,Azerbaijan,AZE,Azerbaijan,Asia/Pacific,0.789,10.0,0.748,0.07379800831256017,0.06082531715964835,0.06082531715964835,modeled_population_proxy_population_first_evolved_to_2050_then_hdi_reconciled,0.789,0.8409,0.755403,0.809958,0.054555,10,0.781597,0.840278,10336577,11224921,762818.7953694182,682759.379916997,-0.104952,modeled_proxy_not_official_subdivision_projection,fast_converger,fast_converger
484,Port Said,Egypt,EGY,Egypt,Africa,0.754,1.0,0.822,0.06831053085370505,0.08290454308523278,0.08290454308523278,modeled_population_proxy_population_first_evolved_to_2050_then_hdi_reconciled,0.754,0.8053,0.811099,0.85011,0.039011,22,0.764901,0.840506,116538256,161630196,7960790.132124977,13399877.54815662,0.683235,modeled_proxy_not_official_subdivision_projection,fast_converger,accelerator
537,Suez,Egypt,EGY,Egypt,Africa,0.754,2.0,0.808,0.062188287600521745,0.07185762096984724,0.07185762096984724,modeled_population_proxy_population_first_evolved_to_2050_then_hdi_reconciled,0.754,0.8053,0.797099,0.838342,0.041244,22,0.764901,0.840506,116538256,161630196,7247314.580591229,11614361.361450119,0.602574,modeled_proxy_not_official_subdivision_projection,fast_converger,accelerator
551,Alexandria,Egypt,EGY,Egypt,Africa,0.754,3.0,0.805,0.06094951132776664,0.0696890451804919,0.0696890451804919,modeled_population_proxy_population_first_evolved_to_2050_then_hdi_reconciled,0.754,0.8053,0.794099,0.835821,0.041722,22,0.764901,0.840506,116538256,161630196,7102949.754190168,11263854.031575762,0.585799,modeled_proxy_not_official_subdivision_projection,fast_converger,accelerator
560,Cairo,Egypt,EGY,Egypt,Africa,0.754,4.0,0.803,0.060137399989328925,0.06827980947348315,0.06827980947348315,modeled_population_proxy_population_first_evolved_to_2050_then_hdi_reconciled,0.754,0.8053,0.792099,0.83414,0.042041,22,0.764901,0.840506,116538256,161630196,7008307.715130812,11036078.988041738,0.574714,modeled_proxy_not_official_subdivision_projection,fast_converger,accelerator
661,Damietta,Egypt,EGY,Egypt,Africa,0.754,5.0,0.779,0.051196194967499054,0.05343499056160531,0.05343499056160531,modeled_population_proxy_population_first_evolved_to_2050_then_hdi_reconciled,0.754,0.8053,0.768099,0.813968,0.045869,22,0.764901,0.840506,116538256,161630196,5966315.275348316,8636707.997730417,0.447578,modeled_proxy_not_official_subdivision_projection,fast_converger,accelerator
687,Menoufia,Egypt,EGY,Egypt,Africa,0.754,6.0,0.774,0.049507812057303355,0.050774447101369684,0.050774447101369684,modeled_population_proxy_population_first_evolved_to_2050_then_hdi_reconciled,0.754,0.8053,0.763099,0.809765,0.046667,22,0.764901,0.840506,116538256,161630196,5769554.075533905,8206683.836786014,0.422412,modeled_proxy_not_official_subdivision_projection,fast_converger,accelerator
703,Dakahlia,Egypt,EGY,Egypt,Africa,0.754,7.0,0.771,0.04852162791783058,0.04924213591132715,0.04924213591132715,modeled_population_proxy_population_first_evolved_to_2050_then_hdi_reconciled,0.754,0.8053,0.760099,0.807244,0.047145,22,0.764901,0.840506,116538256,161630196,5654625.895824887,7959016.078806446,0.407523,modeled_proxy_not_official_subdivision_projection,fast_converger,accelerator
709,Ismailia,Egypt,EGY,Egypt,Africa,0.754,8.0,0.77,0.04819728481530905,0.048741711599422026,0.048741711599422026,modeled_population_proxy_population_first_evolved_to_2050_then_hdi_reconciled,0.754,0.8053,0.759099,0.806403,0.047305,22,0.764901,0.840506,116538256,161630196,5616827.516311399,7878132.399190055,0.402595,modeled_proxy_not_official_subdivision_projection,fast_converger,accelerator
726,Gharbia,Egypt,EGY,Egypt,Africa,0.754,9.0,0.767,0.04723720607469546,0.04727074589975602,0.04727074589975602,modeled_population_proxy_population_first_evolved_to_2050_then_hdi_reconciled,0.754,0.8053,0.756099,0.803882,0.047783,22,0.764901,0.840506,116538256,161630196,5504941.614257615,7640379.924843762,0.387913,modeled_proxy_not_official_subdivision_projection,fast_converger,accelerator
744,"Frontier governorates (Red Sea, New Valley, Matroh, North Sainai, South Sainai)",Egypt,EGY,Egypt,Africa,0.754,10.0,0.761,0.04537404127480019,0.044460650683604386,0.044460650683604386,modeled_population_proxy_population_first_evolved_to_2050_then_hdi_reconciled,0.754,0.8053,0.750099,0.798839,0.04874,22,0.764901,0.840506,116538256,161630196,5287811.637837231,7186183.6842785105,0.359009,modeled_proxy_not_official_subdivision_projection,fast_converger,accelerator
759,Kalyubia,Egypt,EGY,Egypt,Africa,0.754,11.0,0.759,0.0447694626229412,0.043561577718292506,0.043561577718292506,modeled_population_proxy_population_first_evolved_to_2050_then_hdi_reconciled,0.754,0.8053,0.748099,0.797158,0.049059,22,0.764901,0.840506,116538256,161630196,5217355.096134753,7040866.34467685,0.349509,modeled_proxy_not_official_subdivision_projection,fast_converger,accelerator
768,Kafr El-Sheikh,Egypt,EGY,Egypt,Africa,0.754,12.0,0.757,0.04417293957591735,0.042680685597941866,0.042680685597941866,modeled_population_proxy_population_first_evolved_to_2050_then_hdi_reconciled,0.754,0.8053,0.746099,0.795477,0.049378,22,0.764901,0.840506,116538256,161630196,5147837.340570788,6898487.578609721,0.340075,modeled_proxy_not_official_subdivision_projection,fast_converger,accelerator
775,Giza,Egypt,EGY,Egypt,Africa,0.754,13.0,0.756,0.043877665305775145,0.042246942172180425,0.042246942172180425,modeled_population_proxy_population_first_evolved_to_2050_then_hdi_reconciled,0.754,0.8053,0.745099,0.794636,0.049538,22,0.764901,0.840506,116538256,161630196,5113426.592086742,6828381.543690188,0.335383,modeled_proxy_not_official_subdivision_projection,fast_converger,accelerator
784,Sharkia,Egypt,EGY,Egypt,Africa,0.754,14.0,0.753,0.043003632384434054,0.040971980731314916,0.040971980731314916,modeled_population_proxy_population_first_evolved_to_2050_then_hdi_reconciled,0.754,0.8053,0.742099,0.792115,0.050016,22,0.764901,0.840506,116538256,161630196,5011568.319747066,6622309.276110653,0.321405,modeled_proxy_not_official_subdivision_projection,fast_converger,accelerator
807,Aswan,Egypt,EGY,Egypt,Africa,0.754,15.0,0.748,0.041585429370707944,0.03893197409442921,0.03893197409442921,modeled_population_proxy_population_first_evolved_to_2050_then_hdi_reconciled,0.754,0.8053,0.737099,0.787912,0.050813,22,0.764901,0.840506,116538256,161630196,4846293.413873482,6292582.603549516,0.298432,modeled_proxy_not_official_subdivision_projection,fast_converger,accelerator
860,Behera,Egypt,EGY,Egypt,Africa,0.754,16.0,0.739,0.03914948727770343,0.03551251779709922,0.03551251779709922,modeled_population_proxy_population_first_evolved_to_2050_then_hdi_reconciled,0.754,0.8053,0.728099,0.780348,0.052249,22,0.764901,0.840506,116538256,161630196,4562412.970637746,5739895.211998635,0.258083,modeled_proxy_not_official_subdivision_projection,fast_converger,accelerator
898,Qena,Egypt,EGY,Egypt,Africa,0.754,17.0,0.732,0.03735395125349184,0.03306196917705,0.03306196917705,modeled_population_proxy_population_first_evolved_to_2050_then_hdi_reconciled,0.754,0.8053,0.721099,0.774464,0.053365,22,0.764901,0.840506,116538256,161630196,4353164.333790953,5343812.5582325505,0.22757,modeled_proxy_not_official_subdivision_projection,fast_converger,accelerator
932,Fayoum,Egypt,EGY,Egypt,Africa,0.754,18.0,0.723,0.0351658756805001,0.030158084610847888,0.030158084610847888,modeled_population_proxy_population_first_evolved_to_2050_then_hdi_reconciled,0.754,0.8053,0.712099,0.766899,0.054801,22,0.764901,0.840506,116538256,161630196,4098169.8225182947,4874457.126635928,0.189423,modeled_proxy_not_official_subdivision_projection,fast_converger,accelerator
950,Beni Suef,Egypt,EGY,Egypt,Africa,0.754,19.0,0.72,0.03446537958896125,0.02924795021928687,0.02924795021928687,modeled_population_proxy_population_first_evolved_to_2050_then_hdi_reconciled,0.754,0.8053,0.709099,0.764378,0.055279,22,0.764901,0.840506,116538256,161630196,4016535.229675541,4727351.92654158,0.176973,modeled_proxy_not_official_subdivision_projection,fast_converger,accelerator
977,Menya,Egypt,EGY,Egypt,Africa,0.754,20.0,0.713,0.032884673558224775,0.027229689377894318,0.027229689377894318,modeled_population_proxy_population_first_evolved_to_2050_then_hdi_reconciled,0.754,0.8053,0.702099,0.758494,0.056396,22,0.764901,0.840506,116538256,161630196,3832322.5056048296,4401140.031168177,0.148426,modeled_proxy_not_official_subdivision_projection,fast_converger,accelerator
995,Souhag,Egypt,EGY,Egypt,Africa,0.754,21.0,0.709,0.03201417941293189,0.026139559214685512,0.026139559214685512,modeled_population_proxy_population_first_evolved_to_2050_then_hdi_reconciled,0.754,0.8053,0.698099,0.755132,0.057034,22,0.764901,0.840506,116538256,161630196,3730876.636054186,4224942.079223226,0.132426,modeled_proxy_not_official_subdivision_projection,fast_converger,accelerator
1034,Assuit,Egypt,EGY,Egypt,Africa,0.754,22.0,0.699,0.029937427089651053,0.023601368822837525,0.023601368822837525,modeled_population_proxy_population_first_evolved_to_2050_then_hdi_reconciled,0.754,0.8053,0.688099,0.746727,0.058629,22,0.764901,0.840506,116538256,161630196,3488855.5421550893,3814693.8687035185,0.093394,modeled_proxy_not_official_subdivision_projection,fast_converger,accelerator
491,Ashgabat City,Turkmenistan,TKM,Turkmenistan,Asia/Pacific,0.764,1.0,0.82,0.2513737916900528,0.3009817793434377,0.3009817793434377,modeled_population_proxy_population_first_evolved_to_2050_then_hdi_reconciled,0.764,0.7975,0.80933,0.832947,0.023617,6,0.77467,0.84727,7494494,9639706,1883919.3735783505,2901375.8642276125,0.540074,modeled_proxy_not_official_subdivision_projection,emerging_mover,moderate
684,Balkan,Turkmenistan,TKM,Turkmenistan,Asia/Pacific,0.764,2.0,0.775,0.17181561659431227,0.17082638023057017,0.17082638023057017,modeled_population_proxy_population_first_evolved_to_2050_then_hdi_reconciled,0.764,0.7975,0.76433,0.79482,0.03049,6,0.77467,0.84727,7494494,9639706,1287671.1076723738,1646716.0824669087,0.278833,modeled_proxy_not_official_subdivision_projection,emerging_mover,moderate
711,Lebap,Turkmenistan,TKM,Turkmenistan,Asia/Pacific,0.764,3.0,0.77,0.16470269518682754,0.1604069724936356,0.1604069724936356,modeled_population_proxy_population_first_evolved_to_2050_then_hdi_reconciled,0.764,0.7975,0.75933,0.790584,0.031253,6,0.77467,0.84727,7494494,9639706,1234363.360861508,1546276.055188734,0.252691,modeled_proxy_not_official_subdivision_projection,emerging_mover,moderate
766,Akhal,Turkmenistan,TKM,Turkmenistan,Asia/Pacific,0.764,4.0,0.758,0.14880998619400174,0.13791997535618924,0.13791997535618924,modeled_population_proxy_population_first_evolved_to_2050_then_hdi_reconciled,0.764,0.7975,0.74733,0.780416,0.033086,6,0.77467,0.84727,7494494,9639706,1115255.5486710288,1329508.0139609096,0.192111,modeled_proxy_not_official_subdivision_projection,emerging_mover,moderate
824,Mary,Turkmenistan,TKM,Turkmenistan,Asia/Pacific,0.764,5.0,0.745,0.13331869717982003,0.1171021207773013,0.1171021207773013,modeled_population_proxy_population_first_evolved_to_2050_then_hdi_reconciled,0.764,0.7975,0.73433,0.769402,0.035071,6,0.77467,0.84727,7494494,9639706,999156.1761019782,1128830.016269676,0.129783,modeled_proxy_not_official_subdivision_projection,emerging_mover,moderate
843,Dashoguz,Turkmenistan,TKM,Turkmenistan,Asia/Pacific,0.764,6.0,0.742,0.12997921315498565,0.11276277179886583,0.11276277179886583,modeled_population_proxy_population_first_evolved_to_2050_then_hdi_reconciled,0.764,0.7975,0.73133,0.76686,0.03553,6,0.77467,0.84727,7494494,9639706,974128.433114761,1086999.9678861578,0.115869,modeled_proxy_not_official_subdivision_projection,emerging_mover,moderate
493,Central,Trinidad and Tobago,TTO,Trinidad & Tobago,America,0.807,1.0,0.819,0.26506862393255703,0.3081654455158089,0.3081654455158089,modeled_population_proxy_population_first_evolved_to_2050_then_hdi_reconciled,0.807,0.839,0.819231,0.848349,0.029117,5,0.806769,0.84784,1507778,1399799,399664.63965578296,431369.68246758374,0.079329,modeled_proxy_not_official_subdivision_projection,emerging_mover,moderate
533,North West,Trinidad and Tobago,TTO,Trinidad & Tobago,America,0.807,2.0,0.809,0.21446287926691396,0.21901666931533786,0.21901666931533786,modeled_population_proxy_population_first_evolved_to_2050_then_hdi_reconciled,0.807,0.839,0.809231,0.83987,0.030639,5,0.806769,0.84784,1507778,1399799,323362.411175309,306579.3146909406,-0.051902,modeled_proxy_not_official_subdivision_projection,emerging_mover,moderate
552,Tobago,Trinidad and Tobago,TTO,Trinidad & Tobago,America,0.807,3.0,0.805,0.19703784810128902,0.19105326427381705,0.19105326427381705,modeled_population_proxy_population_first_evolved_to_2050_then_hdi_reconciled,0.807,0.839,0.805231,0.836479,0.031248,5,0.806769,0.84784,1507778,1399799,297089.33253446536,267436.1682772248,-0.099812,modeled_proxy_not_official_subdivision_projection,emerging_mover,moderate
564,South West,Trinidad and Tobago,TTO,Trinidad & Tobago,America,0.807,4.0,0.803,0.1888636669270193,0.17844036723916806,0.17844036723916806,modeled_population_proxy_population_first_evolved_to_2050_then_hdi_reconciled,0.807,0.839,0.803231,0.834783,0.031552,5,0.806769,0.84784,1507778,1399799,284764.4819918873,249780.6476210202,-0.122852,modeled_proxy_not_official_subdivision_projection,emerging_mover,moderate
630,East,Trinidad and Tobago,TTO,Trinidad & Tobago,America,0.807,5.0,0.787,0.13456698177222062,0.1033242536558681,0.1033242536558681,modeled_population_proxy_population_first_evolved_to_2050_then_hdi_reconciled,0.807,0.839,0.787231,0.821218,0.033987,5,0.806769,0.84784,1507778,1399799,202897.13464255526,144633.1869432305,-0.28716,modeled_proxy_not_official_subdivision_projection,emerging_mover,moderate
508,"South (Grand Port, Savanne, Plaines Wilhems, Black River)",Mauritius,MUS,Mauritius,Africa,0.806,1.0,0.815,0.39579347509546264,0.4343272379800795,0.4343272379800795,modeled_population_proxy_population_first_evolved_to_2050_then_hdi_reconciled,0.806,0.8639,0.833507,0.883082,0.049575,3,0.787493,0.837998,1271171,1107198,503121.18753057433,480886.24923706806,-0.044194,modeled_proxy_not_official_subdivision_projection,rapid_industrializer,moderate
579,"North (Port Louis, Pamplemousses, Riviere du Rempart, Flacq, Moka)",Mauritius,MUS,Mauritius,Africa,0.806,2.0,0.8,0.3646762686011405,0.37859612689515165,0.37859612689515165,modeled_population_proxy_population_first_evolved_to_2050_then_hdi_reconciled,0.806,0.8639,0.818507,0.870512,0.052005,3,0.787493,0.837998,1271171,1107198,463565.89703398035,419180.8745060581,-0.095747,modeled_proxy_not_official_subdivision_projection,rapid_industrializer,moderate
933,Rodrigues,Mauritius,MUS,Mauritius,Africa,0.806,3.0,0.723,0.23953025630339686,0.18707663512476885,0.18707663512476885,modeled_population_proxy_population_first_evolved_to_2050_then_hdi_reconciled,0.806,0.8639,0.741507,0.805986,0.064479,3,0.787493,0.837998,1271171,1107198,304483.91543544526,207130.87625687383,-0.319731,modeled_proxy_not_official_subdivision_projection,rapid_industrializer,moderate
518,South-East,Botswana,BWA,Botswana,Africa,0.731,1.0,0.812,0.16118434957165673,0.2037291181388184,0.2037291181388184,modeled_population_proxy_population_first_evolved_to_2050_then_hdi_reconciled,0.731,0.832,0.81193,0.894101,0.082171,10,0.73107,0.82162,2521145,3437433,406369.1170008345,700305.1937512729,0.723323,modeled_proxy_not_official_subdivision_projection,rapid_industrializer,accelerator
799,North-East,Botswana,BWA,Botswana,Africa,0.731,2.0,0.749,0.11554113969510132,0.12246248055854196,0.12246248055854196,modeled_population_proxy_population_first_evolved_to_2050_then_hdi_reconciled,0.731,0.832,0.74893,0.842339,0.093409,10,0.73107,0.82162,2521145,3437433,291295.9666366062,420956.5719337906,0.445116,modeled_proxy_not_official_subdivision_projection,rapid_industrializer,accelerator
820,Kgatleng,Botswana,BWA,Botswana,Africa,0.731,3.0,0.745,0.11272779521475818,0.11788059814406368,0.11788059814406368,modeled_population_proxy_population_first_evolved_to_2050_then_hdi_reconciled,0.731,0.832,0.74493,0.839052,0.094122,10,0.73107,0.82162,2521145,3437433,284203.1172667115,405206.6581201432,0.425764,modeled_proxy_not_official_subdivision_projection,rapid_industrializer,accelerator
972,Kweneng,Botswana,BWA,Botswana,Africa,0.731,4.0,0.715,0.09369982003754079,0.08855986003265225,0.08855986003265225,modeled_population_proxy_population_first_evolved_to_2050_then_hdi_reconciled,0.731,0.832,0.71493,0.814404,0.099474,10,0.73107,0.82162,2521145,3437433,236230.83278854578,304418.5853516199,0.288649,modeled_proxy_not_official_subdivision_projection,rapid_industrializer,accelerator
974,Southern,Botswana,BWA,Botswana,Africa,0.731,5.0,0.714,0.09312415568733848,0.08771961990115862,0.08771961990115862,modeled_population_proxy_population_first_evolved_to_2050_then_hdi_reconciled,0.731,0.832,0.71393,0.813582,0.099652,10,0.73107,0.82162,2521145,3437433,234779.49949035497,301530.3161956994,0.284313,modeled_proxy_not_official_subdivision_projection,rapid_industrializer,accelerator
997,Central,Botswana,BWA,Botswana,Africa,0.731,6.0,0.708,0.08974368473165524,0.08284296979248283,0.08284296979248283,modeled_population_proxy_population_first_evolved_to_2050_then_hdi_reconciled,0.731,0.832,0.70793,0.808652,0.100722,10,0.73107,0.82162,2521145,3437433,226256.84204278895,284767.15818268363,0.258601,modeled_proxy_not_official_subdivision_projection,rapid_industrializer,accelerator
998,Chobe,Botswana,BWA,Botswana,Africa,0.731,7.0,0.708,0.08974368473165524,0.08284296979248283,0.08284296979248283,modeled_population_proxy_population_first_evolved_to_2050_then_hdi_reconciled,0.731,0.832,0.70793,0.808652,0.100722,10,0.73107,0.82162,2521145,3437433,226256.84204278895,284767.15818268363,0.258601,modeled_proxy_not_official_subdivision_projection,rapid_industrializer,accelerator
1033,Kgalagadi,Botswana,BWA,Botswana,Africa,0.731,8.0,0.699,0.08490166752251596,0.07603158365676972,0.07603158365676972,modeled_population_proxy_population_first_evolved_to_2050_then_hdi_reconciled,0.731,0.832,0.69893,0.801258,0.102328,10,0.73107,0.82162,2521145,3437433,214049.4145660535,261353.4747040409,0.220996,modeled_proxy_not_official_subdivision_projection,rapid_industrializer,accelerator
1050,"North-West, Ngamiland",Botswana,BWA,Botswana,Africa,0.731,9.0,0.696,0.08334642850672859,0.07388792927493744,0.07388792927493744,modeled_population_proxy_population_first_evolved_to_2050_then_hdi_reconciled,0.731,0.832,0.69593,0.798793,0.102863,10,0.73107,0.82162,2521145,3437433,210128.43149759626,253984.80639133602,0.208712,modeled_proxy_not_official_subdivision_projection,rapid_industrializer,accelerator
1106,Ghanzi,Botswana,BWA,Botswana,Africa,0.731,10.0,0.681,0.07598727430104946,0.06404287070809227,0.06404287070809227,modeled_population_proxy_population_first_evolved_to_2050_then_hdi_reconciled,0.731,0.832,0.68093,0.786469,0.105539,10,0.73107,0.82162,2521145,3437433,191574.93666771933,220143.07718672973,0.149123,modeled_proxy_not_official_subdivision_projection,rapid_industrializer,accelerator
534,Red River Delta,Vietnam,VNM,Vietnam,Asia/Pacific,0.766,1.0,0.809,0.23120644359629722,0.27489130325644756,0.27489130325644756,modeled_population_proxy_population_first_evolved_to_2050_then_hdi_reconciled,0.766,0.8491,0.812102,0.883491,0.07139,6,0.762898,0.828422,100987685,110008911,23349003.49587313,30240492.91461255,0.295151,modeled_proxy_not_official_subdivision_projection,rapid_industrializer,accelerator
672,South East,Vietnam,VNM,Vietnam,Asia/Pacific,0.766,2.0,0.778,0.18866971963032952,0.19845852841696515,0.19845852841696515,modeled_population_proxy_population_first_evolved_to_2050_then_hdi_reconciled,0.766,0.8491,0.781102,0.85781,0.076709,6,0.762898,0.828422,100987685,110008911,19053318.215066034,21832206.58981289,0.145848,modeled_proxy_not_official_subdivision_projection,rapid_industrializer,accelerator
689,North Central Coast and South Central Coast,Vietnam,VNM,Vietnam,Asia/Pacific,0.766,3.0,0.774,0.1837845285898194,0.1902886273533409,0.1902886273533409,modeled_population_proxy_population_first_evolved_to_2050_then_hdi_reconciled,0.766,0.8491,0.777102,0.854497,0.077395,6,0.762898,0.828422,100987685,110008911,18559974.081102174,20933444.670825843,0.127881,modeled_proxy_not_official_subdivision_projection,rapid_industrializer,accelerator
929,"North East, North West",Vietnam,VNM,Vietnam,Asia/Pacific,0.766,4.0,0.724,0.13240160693677466,0.11251260145064729,0.11251260145064729,modeled_population_proxy_population_first_evolved_to_2050_then_hdi_reconciled,0.766,0.8491,0.727102,0.813076,0.085974,6,0.762898,0.828422,100987685,110008911,13370931.774824815,12377388.759362727,-0.074306,modeled_proxy_not_official_subdivision_projection,rapid_industrializer,accelerator
930,Mekong River Delta,Vietnam,VNM,Vietnam,Asia/Pacific,0.766,5.0,0.724,0.13240160693677466,0.11251260145064729,0.11251260145064729,modeled_population_proxy_population_first_evolved_to_2050_then_hdi_reconciled,0.766,0.8491,0.727102,0.813076,0.085974,6,0.762898,0.828422,100987685,110008911,13370931.774824815,12377388.759362727,-0.074306,modeled_proxy_not_official_subdivision_projection,rapid_industrializer,accelerator
936,Central Highlands,Vietnam,VNM,Vietnam,Asia/Pacific,0.766,6.0,0.723,0.13153609431000451,0.11133633807195174,0.11133633807195174,modeled_population_proxy_population_first_evolved_to_2050_then_hdi_reconciled,0.766,0.8491,0.726102,0.812247,0.086146,6,0.762898,0.828422,100987685,110008911,13283525.658309028,12247989.306023251,-0.077956,modeled_proxy_not_official_subdivision_projection,rapid_industrializer,accelerator
555,Male,Maldives,MDV,Maldives,Asia/Pacific,0.766,1.0,0.804,0.26315881959433607,0.33319742553370546,0.33319742553370546,modeled_population_proxy_population_first_evolved_to_2050_then_hdi_reconciled,0.766,0.8405,0.819472,0.880672,0.0612,6,0.750528,0.83169,527801,589963,138895.48814071016,196574.15276014147,0.415267,modeled_proxy_not_official_subdivision_projection,rapid_industrializer,accelerator
872,South Central,Maldives,MDV,Maldives,Asia/Pacific,0.766,2.0,0.737,0.15420409941226332,0.14314968426082267,0.14314968426082267,modeled_population_proxy_population_first_evolved_to_2050_then_hdi_reconciled,0.766,0.8405,0.752472,0.824949,0.072477,6,0.750528,0.83169,527801,589963,81389.07787389199,84453.01717556773,0.037646,modeled_proxy_not_official_subdivision_projection,rapid_industrializer,accelerator
878,South,Maldives,MDV,Maldives,Asia/Pacific,0.766,3.0,0.736,0.15297885698679556,0.1413559544189054,0.1413559544189054,modeled_population_proxy_population_first_evolved_to_2050_then_hdi_reconciled,0.766,0.8405,0.751472,0.824117,0.072645,6,0.750528,0.83169,527801,589963,80742.39369648768,83394.78293684068,0.03285,modeled_proxy_not_official_subdivision_projection,rapid_industrializer,accelerator
900,North,Maldives,MDV,Maldives,Asia/Pacific,0.766,4.0,0.732,0.14817446955801838,0.13440299868436392,0.13440299868436392,modeled_population_proxy_population_first_evolved_to_2050_then_hdi_reconciled,0.766,0.8405,0.747472,0.82079,0.073319,6,0.750528,0.83169,527801,589963,78206.63320719165,79292.7963128234,0.013888,modeled_proxy_not_official_subdivision_projection,rapid_industrializer,accelerator
911,North Central,Maldives,MDV,Maldives,Asia/Pacific,0.766,5.0,0.729,0.14467045866325465,0.12941365314064926,0.12941365314064926,modeled_population_proxy_population_first_evolved_to_2050_then_hdi_reconciled,0.766,0.8405,0.744472,0.818295,0.073823,6,0.750528,0.83169,527801,589963,76357.21275292446,76349.26704781686,-0.000104,modeled_proxy_not_official_subdivision_projection,rapid_industrializer,accelerator
942,Central,Maldives,MDV,Maldives,Asia/Pacific,0.766,6.0,0.722,0.13681329578533205,0.1184802839615532,0.1184802839615532,modeled_population_proxy_population_first_evolved_to_2050_then_hdi_reconciled,0.766,0.8405,0.737472,0.812473,0.075002,6,0.750528,0.83169,527801,589963,72210.19432879404,69898.98376680982,-0.032007,modeled_proxy_not_official_subdivision_projection,rapid_industrializer,accelerator
561,Upper Demerara-Berbice,Guyana,GUY,Guyana,America,0.776,1.0,0.803,0.13615774214586862,0.15847037226308755,0.15847037226308755,modeled_population_proxy_population_first_evolved_to_2050_then_hdi_reconciled,0.776,0.8498,0.823984,0.886077,0.062093,10,0.755016,0.831956,831092,940608,113159.61023549424,149058.49991363825,0.317241,modeled_proxy_not_official_subdivision_projection,rapid_industrializer,fast_converger
592,Demerara-Mahaica,Guyana,GUY,Guyana,America,0.776,2.0,0.796,0.1306193998331783,0.1485374781376526,0.1485374781376526,modeled_population_proxy_population_first_evolved_to_2050_then_hdi_reconciled,0.776,0.8498,0.816984,0.880254,0.06327,10,0.755016,0.831956,831092,940608,108556.73824615582,139715.54023610114,0.287028,modeled_proxy_not_official_subdivision_projection,rapid_industrializer,fast_converger
710,Mahaica-Berbice,Guyana,GUY,Guyana,America,0.776,3.0,0.77,0.11194941144174766,0.1167938373265697,0.1167938373265697,modeled_population_proxy_population_first_evolved_to_2050_then_hdi_reconciled,0.776,0.8498,0.790984,0.858623,0.067639,10,0.755016,0.831956,831092,940608,93040.26025394494,109857.21774007007,0.180749,modeled_proxy_not_official_subdivision_projection,rapid_industrializer,fast_converger
716,Essequibo Islands-West Demerara,Guyana,GUY,Guyana,America,0.776,4.0,0.769,0.11128725623263047,0.1157188004581028,0.1157188004581028,modeled_population_proxy_population_first_evolved_to_2050_then_hdi_reconciled,0.776,0.8498,0.789984,0.857791,0.067807,10,0.755016,0.831956,831092,940608,92489.94835688932,108846.02946129515,0.176842,modeled_proxy_not_official_subdivision_projection,rapid_industrializer,fast_converger
727,East Berbice-Corentyne,Guyana,GUY,Guyana,America,0.776,5.0,0.767,0.10997467213986008,0.11359832139093737,0.11359832139093737,modeled_population_proxy_population_first_evolved_to_2050_then_hdi_reconciled,0.776,0.8498,0.787984,0.856127,0.068143,10,0.755016,0.831956,831092,940608,91399.07021806059,106851.48988688682,0.169065,modeled_proxy_not_official_subdivision_projection,rapid_industrializer,fast_converger
904,Pomeroon-Supenaam,Guyana,GUY,Guyana,America,0.776,6.0,0.73,0.08830120520110006,0.08068257405587745,0.08068257405587745,modeled_population_proxy_population_first_evolved_to_2050_then_hdi_reconciled,0.776,0.8498,0.750984,0.825345,0.07436,10,0.755016,0.831956,831092,940608,73386.42523299265,75890.67461755077,0.034124,modeled_proxy_not_official_subdivision_projection,rapid_industrializer,fast_converger
937,Cuyuni-Mazaruni,Guyana,GUY,Guyana,America,0.776,7.0,0.722,0.08420843468220239,0.07492930576560133,0.07492930576560133,modeled_population_proxy_population_first_evolved_to_2050_then_hdi_reconciled,0.776,0.8498,0.742984,0.818689,0.075705,10,0.755016,0.831956,831092,940608,69984.95639690095,70479.10443757074,0.007061,modeled_proxy_not_official_subdivision_projection,rapid_industrializer,fast_converger
956,Upper Takutu-Upper Essequibo,Guyana,GUY,Guyana,America,0.776,8.0,0.719,0.08272303423769978,0.0728792165134574,0.0728792165134574,modeled_population_proxy_population_first_evolved_to_2050_then_hdi_reconciled,0.776,0.8498,0.739984,0.816193,0.076209,10,0.755016,0.831956,831092,940608,68750.45197067839,68550.77408629014,-0.002904,modeled_proxy_not_official_subdivision_projection,rapid_industrializer,fast_converger
1040,Potaro-Siparuni,Guyana,GUY,Guyana,America,0.776,9.0,0.698,0.07303356230218243,0.06001607635886876,0.06001607635886876,modeled_population_proxy_population_first_evolved_to_2050_then_hdi_reconciled,0.776,0.8498,0.718984,0.798722,0.079738,10,0.755016,0.831956,831092,940608,60697.609360845396,56451.601551762826,-0.069953,modeled_proxy_not_official_subdivision_projection,rapid_industrializer,fast_converger
1055,Barima-Waini,Guyana,GUY,Guyana,America,0.776,10.0,0.695,0.07174528178353028,0.05837401772984497,0.05837401772984497,modeled_population_proxy_population_first_evolved_to_2050_then_hdi_reconciled,0.776,0.8498,0.715984,0.796226,0.080242,10,0.755016,0.831956,831092,940608,59626.92972803774,54907.068068834014,-0.079157,modeled_proxy_not_official_subdivision_projection,rapid_industrializer,fast_converger
571,Goa,India,IND,India,Asia/Pacific,0.685,1.0,0.801,0.0011208477684939882,0.0015012971508161887,0.0015012971508161887,seeded_population_prior_population_first_evolved_to_2050_then_hdi_reconciled,0.685,0.8358,0.802751,0.926078,0.123327,36,0.683249,0.802696,1450935785,1679589264,1626278.136845323,2521562.5765846595,0.550511,modeled_proxy_not_official_subdivision_projection,rapid_industrializer,accelerator
583,Kerala,India,IND,India,Asia/Pacific,0.685,2.0,0.799,0.025473812920317914,0.03394761454817082,0.03394761454817082,seeded_population_prior_population_first_evolved_to_2050_then_hdi_reconciled,0.685,0.8358,0.800751,0.924472,0.123722,36,0.683249,0.802696,1450935785,1679589264,36960866.746484615,57018048.933517925,0.54266,modeled_proxy_not_official_subdivision_projection,rapid_industrializer,accelerator
606,Chandigarth,India,IND,India,Asia/Pacific,0.685,3.0,0.793,0.0008151620134501732,0.001069904653038238,0.001069904653038238,seeded_population_prior_population_first_evolved_to_2050_then_hdi_reconciled,0.685,0.8358,0.794751,0.919656,0.124906,36,0.683249,0.802696,1450935785,1679589264,1182747.7358875077,1797000.3687466697,0.519344,modeled_proxy_not_official_subdivision_projection,rapid_industrializer,accelerator
647,Puducherry,India,IND,India,Asia/Pacific,0.685,4.0,0.782,0.0011208477684939882,0.0014306118111775002,0.0014306118111775002,seeded_population_prior_population_first_evolved_to_2050_then_hdi_reconciled,0.685,0.8358,0.783751,0.910826,0.127076,36,0.683249,0.802696,1450935785,1679589264,1626278.136845323,2402840.2390053244,0.477509,modeled_proxy_not_official_subdivision_projection,rapid_industrializer,accelerator
675,New Delhi,India,IND,India,Asia/Pacific,0.685,5.0,0.777,0.015284287752190746,0.01926231924811043,0.01926231924811043,seeded_population_prior_population_first_evolved_to_2050_then_hdi_reconciled,0.685,0.8358,0.778751,0.906813,0.128062,36,0.683249,0.802696,1450935785,1679589264,22176520.047890764,32352784.608866833,0.458876,modeled_proxy_not_official_subdivision_projection,rapid_industrializer,accelerator
753,Jammu and Kashmir,India,IND,India,Asia/Pacific,0.685,6.0,0.76,0.009170572651314447,0.011069288182739188,0.011069288182739188,seeded_population_prior_population_first_evolved_to_2050_then_hdi_reconciled,0.685,0.8358,0.761751,0.893167,0.131417,36,0.683249,0.802696,1450935785,1679589264,13305912.028734459,18591857.59185081,0.397263,modeled_proxy_not_official_subdivision_projection,rapid_industrializer,accelerator
770,Himachal Pradesh,India,IND,India,Asia/Pacific,0.685,7.0,0.757,0.005094762584063582,0.00610295414514725,0.00610295414514725,seeded_population_prior_population_first_evolved_to_2050_then_hdi_reconciled,0.685,0.8358,0.758751,0.890759,0.132009,36,0.683249,0.802696,1450935785,1679589264,7392173.349296922,10250456.26087362,0.386663,modeled_proxy_not_official_subdivision_projection,rapid_industrializer,accelerator
785,Sikkim,India,IND,India,Asia/Pacific,0.685,8.0,0.753,0.0005094762584063583,0.0006041303635708928,0.0006041303635708928,seeded_population_prior_population_first_evolved_to_2050_then_hdi_reconciled,0.685,0.8358,0.754751,0.887548,0.132798,36,0.683249,0.802696,1450935785,1679589264,739217.3349296923,1014690.8727100883,0.372656,modeled_proxy_not_official_subdivision_projection,rapid_industrializer,accelerator
792,Mizoram,India,IND,India,Asia/Pacific,0.685,9.0,0.751,0.0009170572651314448,0.0010819282171351213,0.0010819282171351213,seeded_population_prior_population_first_evolved_to_2050_then_hdi_reconciled,0.685,0.8358,0.752751,0.885943,0.133192,36,0.683249,0.802696,1450935785,1679589264,1330591.202873446,1817195.0179188105,0.365705,modeled_proxy_not_official_subdivision_projection,rapid_industrializer,accelerator
793,Lakshadweep,India,IND,India,Asia/Pacific,0.685,10.0,0.751,5.0947625840635824e-05,6.010712317417341e-05,6.010712317417341e-05,seeded_population_prior_population_first_evolved_to_2050_then_hdi_reconciled,0.685,0.8358,0.752751,0.885943,0.133192,36,0.683249,0.802696,1450935785,1679589264,73921.73349296923,100955.27877326726,0.365705,modeled_proxy_not_official_subdivision_projection,rapid_industrializer,accelerator
816,Andaman and Nicobar Islands,India,IND,India,Asia/Pacific,0.685,11.0,0.746,0.0003056857550438149,0.00035609460100425526,0.00035609460100425526,seeded_population_prior_population_first_evolved_to_2050_then_hdi_reconciled,0.685,0.8358,0.747751,0.881929,0.134179,36,0.683249,0.802696,1450935785,1679589264,443530.4009578153,598092.6688151107,0.348482,modeled_proxy_not_official_subdivision_projection,rapid_industrializer,accelerator
866,Punjab,India,IND,India,Asia/Pacific,0.685,12.0,0.738,0.021398002853067047,0.024425560768684584,0.024425560768684584,seeded_population_prior_population_first_evolved_to_2050_then_hdi_reconciled,0.685,0.8358,0.739751,0.875508,0.135757,36,0.683249,0.802696,1450935785,1679589264,31047128.067047074,41024909.63426221,0.321375,modeled_proxy_not_official_subdivision_projection,rapid_industrializer,accelerator
871,Haryana,India,IND,India,Asia/Pacific,0.685,13.0,0.737,0.021398002853067047,0.024363640489342368,0.024363640489342368,seeded_population_prior_population_first_evolved_to_2050_then_hdi_reconciled,0.685,0.8358,0.738751,0.874705,0.135955,36,0.683249,0.802696,1450935785,1679589264,31047128.067047074,40920908.99785515,0.318026,modeled_proxy_not_official_subdivision_projection,rapid_industrializer,accelerator
876,Maharashtra,India,IND,India,Asia/Pacific,0.685,14.0,0.736,0.09170572651314447,0.10415090220714536,0.10415090220714536,seeded_population_prior_population_first_evolved_to_2050_then_hdi_reconciled,0.685,0.8358,0.737751,0.873902,0.136152,36,0.683249,0.802696,1450935785,1679589264,133059120.28734459,174930737.18303525,0.314684,modeled_proxy_not_official_subdivision_projection,rapid_industrializer,accelerator
899,Tamil Nadu,India,IND,India,Asia/Pacific,0.685,15.0,0.734,0.05298553087426126,0.05987136353861942,0.05987136353861942,seeded_population_prior_population_first_evolved_to_2050_then_hdi_reconciled,0.685,0.8358,0.735751,0.872297,0.136546,36,0.683249,0.802696,1450935785,1679589264,76878602.83268799,100559299.42050622,0.308027,modeled_proxy_not_official_subdivision_projection,rapid_industrializer,accelerator
926,Manipur,India,IND,India,Asia/Pacific,0.685,16.0,0.725,0.002037905033625433,0.0022507359844301184,0.0022507359844301184,seeded_population_prior_population_first_evolved_to_2050_then_hdi_reconciled,0.685,0.8358,0.726751,0.865073,0.138322,36,0.683249,0.802696,1450935785,1679589264,2956869.3397187693,3780311.995547298,0.278485,modeled_proxy_not_official_subdivision_projection,rapid_industrializer,accelerator
938,Arunachal Pradesh,India,IND,India,Asia/Pacific,0.685,17.0,0.722,0.0011208477684939882,0.0012285141461902602,0.0012285141461902602,seeded_population_prior_population_first_evolved_to_2050_then_hdi_reconciled,0.685,0.8358,0.723751,0.862665,0.138914,36,0.683249,0.802696,1450935785,1679589264,1626278.136845323,2063399.1706132875,0.268786,modeled_proxy_not_official_subdivision_projection,rapid_industrializer,accelerator
939,Uttaranchal,India,IND,India,Asia/Pacific,0.685,18.0,0.722,0.008151620134501733,0.008934648335929166,0.008934648335929166,seeded_population_prior_population_first_evolved_to_2050_then_hdi_reconciled,0.685,0.8358,0.723751,0.862665,0.138914,36,0.683249,0.802696,1450935785,1679589264,11827477.358875077,15006539.422642093,0.268786,modeled_proxy_not_official_subdivision_projection,rapid_industrializer,accelerator
951,Nagaland,India,IND,India,Asia/Pacific,0.685,19.0,0.72,0.0016303240269003464,0.0017778812005783198,0.0017778812005783198,seeded_population_prior_population_first_evolved_to_2050_then_hdi_reconciled,0.685,0.8358,0.721751,0.861059,0.139309,36,0.683249,0.802696,1450935785,1679589264,2365495.4717750154,2986110.1771587767,0.262361,modeled_proxy_not_official_subdivision_projection,rapid_industrializer,accelerator
978,Karnataka,India,IND,India,Asia/Pacific,0.685,20.0,0.713,0.04687181577338496,0.050213912507395674,0.050213912507395674,seeded_population_prior_population_first_evolved_to_2050_then_hdi_reconciled,0.685,0.8358,0.714751,0.85544,0.14069,36,0.683249,0.802696,1450935785,1679589264,68007994.81353168,84338748.3508571,0.24013,modeled_proxy_not_official_subdivision_projection,rapid_industrializer,accelerator
979,Daman and Diu,India,IND,India,Asia/Pacific,0.685,21.0,0.713,0.0002037905033625433,0.00021832135872780725,0.00021832135872780725,seeded_population_prior_population_first_evolved_to_2050_then_hdi_reconciled,0.685,0.8358,0.714751,0.85544,0.14069,36,0.683249,0.802696,1450935785,1679589264,295686.9339718769,366690.21022111777,0.24013,modeled_proxy_not_official_subdivision_projection,rapid_industrializer,accelerator
1036,Telangana,India,IND,India,Asia/Pacific,0.685,22.0,0.699,0.027511717953943346,0.02844441089309244,0.02844441089309244,seeded_population_prior_population_first_evolved_to_2050_then_hdi_reconciled,0.685,0.8358,0.700751,0.844203,0.143452,36,0.683249,0.802696,1450935785,1679589264,39917736.08620338,47774927.156842716,0.196835,modeled_proxy_not_official_subdivision_projection,rapid_industrializer,accelerator
1072,Rajasthan,India,IND,India,Asia/Pacific,0.685,23.0,0.692,0.05706134094151213,0.05795683772976995,0.05795683772976995,seeded_population_prior_population_first_evolved_to_2050_then_hdi_reconciled,0.685,0.8358,0.693751,0.838584,0.144833,36,0.683249,0.802696,1450935785,1679589264,82792341.51212554,97343682.42631175,0.175757,modeled_proxy_not_official_subdivision_projection,rapid_industrializer,accelerator
1079,Meghalaya,India,IND,India,Asia/Pacific,0.685,24.0,0.69,0.002547381292031791,0.0025742572315744948,0.0025742572315744948,seeded_population_prior_population_first_evolved_to_2050_then_hdi_reconciled,0.685,0.8358,0.691751,0.836978,0.145228,36,0.683249,0.802696,1450935785,1679589264,3696086.674648461,4323694.808926883,0.169803,modeled_proxy_not_official_subdivision_projection,rapid_industrializer,accelerator
1097,Gujarat,India,IND,India,Asia/Pacific,0.685,25.0,0.685,0.05094762584063583,0.05083585512838264,0.05083585512838264,seeded_population_prior_population_first_evolved_to_2050_then_hdi_reconciled,0.685,0.8358,0.686751,0.832965,0.146214,36,0.683249,0.802696,1450935785,1679589264,73921733.49296923,85383356.49989082,0.155051,modeled_proxy_not_official_subdivision_projection,rapid_industrializer,accelerator
1107,Andhra Pradesh,India,IND,India,Asia/Pacific,0.685,26.0,0.681,0.03668229060525779,0.036232073346329136,0.036232073346329136,seeded_population_prior_population_first_evolved_to_2050_then_hdi_reconciled,0.685,0.8358,0.682751,0.829754,0.147004,36,0.683249,0.802696,1450935785,1679589264,53223648.114937834,60855001.40495497,0.143383,modeled_proxy_not_official_subdivision_projection,rapid_industrializer,accelerator
1128,West Bengal,India,IND,India,Asia/Pacific,0.685,27.0,0.674,0.07132667617689016,0.06921053412650396,0.06921053412650396,seeded_population_prior_population_first_evolved_to_2050_then_hdi_reconciled,0.685,0.8358,0.675751,0.824135,0.148385,36,0.683249,0.802696,1450935785,1679589264,103490426.89015692,116245270.07458168,0.123247,modeled_proxy_not_official_subdivision_projection,rapid_industrializer,accelerator
1153,Chhattisgarh,India,IND,India,Asia/Pacific,0.685,28.0,0.665,0.02241695536987976,0.021260603834450463,0.021260603834450463,seeded_population_prior_population_first_evolved_to_2050_then_hdi_reconciled,0.685,0.8358,0.666751,0.816911,0.15016,36,0.683249,0.802696,1450935785,1679589264,32525562.736906458,35709081.946500234,0.097877,modeled_proxy_not_official_subdivision_projection,rapid_industrializer,accelerator
1156,Tripura,India,IND,India,Asia/Pacific,0.685,29.0,0.664,0.0030568575504381496,0.0028918236699641475,0.0028918236699641475,seeded_population_prior_population_first_evolved_to_2050_then_hdi_reconciled,0.685,0.8358,0.665751,0.816108,0.150358,36,0.683249,0.802696,1450935785,1679589264,4435304.0095781535,4857075.989452861,0.095094,modeled_proxy_not_official_subdivision_projection,rapid_industrializer,accelerator
1159,Dadra and Nagar Haveli,India,IND,India,Asia/Pacific,0.685,30.0,0.663,0.00025473812920317915,0.00024037439345065876,0.00024037439345065876,seeded_population_prior_population_first_evolved_to_2050_then_hdi_reconciled,0.685,0.8358,0.664751,0.815306,0.150555,36,0.683249,0.802696,1450935785,1679589264,369608.66746484616,403730.25058023835,0.092318,modeled_proxy_not_official_subdivision_projection,rapid_industrializer,accelerator
1181,Assam,India,IND,India,Asia/Pacific,0.685,31.0,0.655,0.025473812920317914,0.023554251907485196,0.023554251907485196,seeded_population_prior_population_first_evolved_to_2050_then_hdi_reconciled,0.685,0.8358,0.656751,0.808884,0.152134,36,0.683249,0.802696,1450935785,1679589264,36960866.746484615,39561468.625363655,0.070361,modeled_proxy_not_official_subdivision_projection,rapid_industrializer,accelerator
1188,Madhya Pradesh,India,IND,India,Asia/Pacific,0.685,32.0,0.651,0.061137151008762984,0.05595915065424207,0.05595915065424207,seeded_population_prior_population_first_evolved_to_2050_then_hdi_reconciled,0.685,0.8358,0.652751,0.805673,0.152923,36,0.683249,0.802696,1450935785,1679589264,88706080.19156305,93988388.66142355,0.059548,modeled_proxy_not_official_subdivision_projection,rapid_industrializer,accelerator
1191,Uttar Pradesh,India,IND,India,Asia/Pacific,0.685,33.0,0.65,0.17322192785816182,0.15814899062901858,0.15814899062901858,seeded_population_prior_population_first_evolved_to_2050_then_hdi_reconciled,0.685,0.8358,0.651751,0.804871,0.15312,36,0.683249,0.802696,1450935785,1679589264,251333893.87609538,265625346.7729362,0.056862,modeled_proxy_not_official_subdivision_projection,rapid_industrializer,accelerator
1194,Orissa,India,IND,India,Asia/Pacific,0.685,34.0,0.649,0.03260648053800693,0.029693754981097595,0.029693754981097595,seeded_population_prior_population_first_evolved_to_2050_then_hdi_reconciled,0.685,0.8358,0.650751,0.804068,0.153317,36,0.683249,0.802696,1450935785,1679589264,47309909.43550031,49873312.07409804,0.054183,modeled_proxy_not_official_subdivision_projection,rapid_industrializer,accelerator
1217,Jharkhand,India,IND,India,Asia/Pacific,0.685,35.0,0.639,0.02649276543713063,0.023521492903036626,0.023521492903036626,seeded_population_prior_population_first_evolved_to_2050_then_hdi_reconciled,0.685,0.8358,0.640751,0.796041,0.15529,36,0.683249,0.802696,1450935785,1679589264,38439301.416343994,39506446.95319251,0.027762,modeled_proxy_not_official_subdivision_projection,rapid_industrializer,accelerator
1275,Bihar,India,IND,India,Asia/Pacific,0.685,36.0,0.617,0.10189525168127166,0.0855538579904749,0.0855538579904749,seeded_population_prior_population_first_evolved_to_2050_then_hdi_reconciled,0.685,0.8358,0.618751,0.778382,0.159631,36,0.683249,0.802696,1450935785,1679589264,147843466.98593846,143695341.37458223,-0.028058,modeled_proxy_not_official_subdivision_projection,rapid_industrializer,accelerator
576,C. Habana,Cuba,CUB,Cuba,America,0.762,1.0,0.8,0.10692398606985051,0.1378247639403206,0.1378247639403206,modeled_population_proxy_population_first_evolved_to_2050_then_hdi_reconciled,0.762,0.7515,0.798248,0.780533,-0.017716,15,0.763752,0.86,10979781,9381995,1174001.9506940094,1293071.246164268,0.101422,modeled_proxy_not_official_subdivision_projection,stable_or_slow,stagnant
646,Isla,Cuba,CUB,Cuba,America,0.762,2.0,0.782,0.08681591137007272,0.09938077845842415,0.09938077845842415,modeled_population_proxy_population_first_evolved_to_2050_then_hdi_reconciled,0.762,0.7515,0.780248,0.765053,-0.015196,15,0.763752,0.86,10979781,9381995,953219.6941588084,932389.9665930431,-0.021852,modeled_proxy_not_official_subdivision_projection,stable_or_slow,stagnant
700,Cienfuegos,Cuba,CUB,Cuba,America,0.762,3.0,0.771,0.07528775554498268,0.07910585605330052,0.07910585605330052,modeled_population_proxy_population_first_evolved_to_2050_then_hdi_reconciled,0.762,0.7515,0.769248,0.755593,-0.013656,15,0.763752,0.86,10979781,9381995,826643.0678654455,742170.7459627852,-0.102187,modeled_proxy_not_official_subdivision_projection,stable_or_slow,stagnant
708,Prov. Habana,Cuba,CUB,Cuba,America,0.762,4.0,0.77,0.07431891355958169,0.07748187309250225,0.07748187309250225,modeled_population_proxy_population_first_evolved_to_2050_then_hdi_reconciled,0.762,0.7515,0.768248,0.754733,-0.013516,15,0.763752,0.86,10979781,9381995,816005.3950421374,726934.5459444906,-0.109155,modeled_proxy_not_official_subdivision_projection,stable_or_slow,stagnant
714,Guantanamo,Cuba,CUB,Cuba,America,0.762,5.0,0.769,0.07336253913661342,0.0758912292647157,0.0758912292647157,modeled_population_proxy_population_first_evolved_to_2050_then_hdi_reconciled,0.762,0.7515,0.767248,0.753873,-0.013376,15,0.763752,0.86,10979781,9381995,805504.6133239444,712011.1335054163,-0.116068,modeled_proxy_not_official_subdivision_projection,stable_or_slow,stagnant
724,Ciego de Avila,Cuba,CUB,Cuba,America,0.762,6.0,0.767,0.07148655328628407,0.07280723535093248,0.07280723535093248,modeled_population_proxy_population_first_evolved_to_2050_then_hdi_reconciled,0.762,0.7515,0.765248,0.752153,-0.013096,15,0.763752,0.86,10979781,9381995,784906.6995282294,683077.1180262717,-0.129735,modeled_proxy_not_official_subdivision_projection,stable_or_slow,stagnant
725,Santiago de Cuba,Cuba,CUB,Cuba,America,0.762,7.0,0.767,0.07148655328628407,0.07280723535093248,0.07280723535093248,modeled_population_proxy_population_first_evolved_to_2050_then_hdi_reconciled,0.762,0.7515,0.765248,0.752153,-0.013096,15,0.763752,0.86,10979781,9381995,784906.6995282294,683077.1180262717,-0.129735,modeled_proxy_not_official_subdivision_projection,stable_or_slow,stagnant
758,Matanzas,Cuba,CUB,Cuba,America,0.762,8.0,0.759,0.06445021549783908,0.06167460141358979,0.06167460141358979,modeled_population_proxy_population_first_evolved_to_2050_then_hdi_reconciled,0.762,0.7515,0.757248,0.745273,-0.011976,15,0.763752,0.86,10979781,9381995,707649.2515690791,578630.8020892923,-0.18232,modeled_proxy_not_official_subdivision_projection,stable_or_slow,stagnant
788,Pinar del Rio,Cuba,CUB,Cuba,America,0.762,9.0,0.752,0.05886394809551433,0.05333922315434161,0.05333922315434161,modeled_population_proxy_population_first_evolved_to_2050_then_hdi_reconciled,0.762,0.7515,0.750248,0.739253,-0.010996,15,0.763752,0.86,10979781,9381995,646313.2588841144,500428.3249379172,-0.225719,modeled_proxy_not_official_subdivision_projection,stable_or_slow,stagnant
796,Villa Clara,Cuba,CUB,Cuba,America,0.762,10.0,0.75,0.05735871211239126,0.05117167571615044,0.05117167571615044,modeled_population_proxy_population_first_evolved_to_2050_then_hdi_reconciled,0.762,0.7515,0.748248,0.737533,-0.010716,15,0.763752,0.86,10979781,9381995,629786.0974361034,480092.40571054484,-0.23769,modeled_proxy_not_official_subdivision_projection,stable_or_slow,stagnant
812,Camaguey,Cuba,CUB,Cuba,America,0.762,11.0,0.747,0.05517272028698054,0.04808438526930611,0.04808438526930611,modeled_population_proxy_population_first_evolved_to_2050_then_hdi_reconciled,0.762,0.7515,0.745248,0.734953,-0.010296,15,0.763752,0.86,10979781,9381995,605784.3859253034,451127.4621747036,-0.2553,modeled_proxy_not_official_subdivision_projection,stable_or_slow,stagnant
822,S.Spiritus,Cuba,CUB,Cuba,America,0.762,12.0,0.745,0.053761874318443204,0.04613037881882037,0.04613037881882037,modeled_population_proxy_population_first_evolved_to_2050_then_hdi_reconciled,0.762,0.7515,0.743248,0.733233,-0.010016,15,0.763752,0.86,10979781,9381995,590293.6061660306,432794.98342627863,-0.266814,modeled_proxy_not_official_subdivision_projection,stable_or_slow,stagnant
823,Holguin,Cuba,CUB,Cuba,America,0.762,13.0,0.745,0.053761874318443204,0.04613037881882037,0.04613037881882037,modeled_population_proxy_population_first_evolved_to_2050_then_hdi_reconciled,0.762,0.7515,0.743248,0.733233,-0.010016,15,0.763752,0.86,10979781,9381995,590293.6061660306,432794.98342627863,-0.266814,modeled_proxy_not_official_subdivision_projection,stable_or_slow,stagnant
865,Las Tunas,Cuba,CUB,Cuba,America,0.762,14.0,0.738,0.04910202634628135,0.03989581632657616,0.03989581632657616,modeled_population_proxy_population_first_evolved_to_2050_then_hdi_reconciled,0.762,0.7515,0.736248,0.727213,-0.009036,15,0.763752,0.86,10979781,9381995,539129.4959383993,374302.3492968559,-0.305728,modeled_proxy_not_official_subdivision_projection,stable_or_slow,stagnant
874,Granma,Cuba,CUB,Cuba,America,0.762,15.0,0.736,0.0478464167704379,0.03827456897126711,0.03827456897126711,modeled_population_proxy_population_first_evolved_to_2050_then_hdi_reconciled,0.762,0.7515,0.734248,0.725493,-0.008756,15,0.763752,0.86,10979781,9381995,525343.1777741354,359091.81471558317,-0.316462,modeled_proxy_not_official_subdivision_projection,stable_or_slow,stagnant
605,"Region 0 (Distrito Nacional, Santo Domingo, Monte Plata)",Dominican Republic,DOM,Dominican Rep.,America,0.776,1.0,0.793,0.16742726298999816,0.2090514843148741,0.2090514843148741,modeled_population_proxy_population_first_evolved_to_2050_then_hdi_reconciled,0.776,0.8456,0.79994,0.863992,0.064052,9,0.76906,0.833552,11427558,12996292,1913284.7585994573,2716894.133189524,0.420016,modeled_proxy_not_official_subdivision_projection,rapid_industrializer,fast_converger
686,"Region VIII (La Vega, Monsenor Nouel, Sanchez Ramirez)",Dominican Republic,DOM,Dominican Rep.,America,0.776,2.0,0.774,0.12332045354034235,0.12817996687296743,0.12817996687296743,modeled_population_proxy_population_first_evolved_to_2050_then_hdi_reconciled,0.776,0.8456,0.78094,0.848154,0.067214,9,0.76906,0.833552,11427558,12996292,1409251.6354185676,1665864.2780314116,0.182091,modeled_proxy_not_official_subdivision_projection,rapid_industrializer,fast_converger
701,"Region I (Peravia, San Cristobal, San Jose de Ocoa, Azua)",Dominican Republic,DOM,Dominican Rep.,America,0.776,3.0,0.771,0.11750818088369065,0.1186528260207132,0.1186528260207132,modeled_population_proxy_population_first_evolved_to_2050_then_hdi_reconciled,0.776,0.8456,0.77794,0.845654,0.067713,9,0.76906,0.833552,11427558,12996292,1342831.5525228663,1542046.7735903868,0.148355,modeled_proxy_not_official_subdivision_projection,rapid_industrializer,fast_converger
702,"Region III (Duarte, Maria Trinidad Sanchez, Salcedo, Samana)",Dominican Republic,DOM,Dominican Rep.,America,0.776,4.0,0.771,0.11750818088369065,0.1186528260207132,0.1186528260207132,modeled_population_proxy_population_first_evolved_to_2050_then_hdi_reconciled,0.776,0.8456,0.77794,0.845654,0.067713,9,0.76906,0.833552,11427558,12996292,1342831.5525228663,1542046.7735903868,0.148355,modeled_proxy_not_official_subdivision_projection,rapid_industrializer,fast_converger
715,"Region II (Espaillat, Puerto Plata, Santiago)",Dominican Republic,DOM,Dominican Rep.,America,0.776,5.0,0.769,0.11378633161671432,0.1126981293915107,0.1126981293915107,modeled_population_proxy_population_first_evolved_to_2050_then_hdi_reconciled,0.776,0.8456,0.77594,0.843987,0.068046,9,0.76906,0.833552,11427558,12996292,1300299.9041572367,1464657.7974258554,0.1264,modeled_proxy_not_official_subdivision_projection,rapid_industrializer,fast_converger
736,"Region IV (Independencia, Bahoruco, Barahona, Pedernales)",Dominican Republic,DOM,Dominican Rep.,America,0.776,6.0,0.763,0.10331326244498068,0.09656785182290599,0.09656785182290599,modeled_population_proxy_population_first_evolved_to_2050_then_hdi_reconciled,0.776,0.8456,0.76994,0.838985,0.069045,9,0.76906,0.833552,11427558,12996292,1180618.2987592386,1255024.0001032185,0.063023,modeled_proxy_not_official_subdivision_projection,rapid_industrializer,fast_converger
752,"Region V (El Seibo, La Altagracia, La Romana, San Pedro de Macoris, Hato Mayor)",Dominican Republic,DOM,Dominican Rep.,America,0.776,7.0,0.76,0.09844395785568152,0.08939032206875791,0.08939032206875791,modeled_population_proxy_population_first_evolved_to_2050_then_hdi_reconciled,0.776,0.8456,0.76694,0.836485,0.069544,9,0.76906,0.833552,11427558,12996292,1124974.0381453563,1161742.7275796218,0.032684,modeled_proxy_not_official_subdivision_projection,rapid_industrializer,fast_converger
797,"Region VII (Dajabon, Monte Cristi, Santiago Rodriguez, Valverde)",Dominican Republic,DOM,Dominican Rep.,America,0.776,8.0,0.75,0.08381061585234939,0.06910088459496974,0.06910088459496974,modeled_population_proxy_population_first_evolved_to_2050_then_hdi_reconciled,0.776,0.8456,0.75694,0.828149,0.071209,9,0.76906,0.833552,11427558,12996292,957750.6736684421,898055.2736545285,-0.062329,modeled_proxy_not_official_subdivision_projection,rapid_industrializer,fast_converger
830,"Region VI (San Juan, Elias Pina)",Dominican Republic,DOM,Dominican Rep.,America,0.776,9.0,0.743,0.07488175393255231,0.05770570889258763,0.05770570889258763,modeled_population_proxy_population_first_evolved_to_2050_then_hdi_reconciled,0.776,0.8456,0.74994,0.822314,0.072374,9,0.76906,0.833552,11427558,12996292,855715.5862059696,749960.2428350655,-0.123587,modeled_proxy_not_official_subdivision_projection,rapid_industrializer,fast_converger
608,"Central (Asuncion, Central)",Paraguay,PRY,Paraguay,America,0.756,1.0,0.793,0.30002704987799994,0.3663961905258093,0.3663961905258093,modeled_population_proxy_population_first_evolved_to_2050_then_hdi_reconciled,0.756,0.8091,0.795218,0.838848,0.04363,5,0.753782,0.839822,6929152,8640471,2078933.032716243,3165835.65874873,0.522818,modeled_proxy_not_official_subdivision_projection,fast_converger,moderate
835,"South-East (Guaira, Misiones, Paraguari, Neembucu)",Paraguay,PRY,Paraguay,America,0.756,2.0,0.743,0.18562004368430524,0.17347083655493792,0.17347083655493792,modeled_population_proxy_population_first_evolved_to_2050_then_hdi_reconciled,0.756,0.8091,0.745218,0.796857,0.051639,5,0.753782,0.839822,6929152,8640471,1286189.496935191,1498869.732598681,0.165357,modeled_proxy_not_official_subdivision_projection,fast_converger,moderate
862,"South-West (Caazapa, Itapua)",Paraguay,PRY,Paraguay,America,0.756,3.0,0.739,0.1786249117579365,0.16339866905591924,0.16339866905591924,modeled_population_proxy_population_first_evolved_to_2050_then_hdi_reconciled,0.756,0.8091,0.741218,0.793498,0.052279,5,0.753782,0.839822,6929152,8640471,1237719.1645573291,1411841.4614162676,0.14068,modeled_proxy_not_official_subdivision_projection,fast_converger,moderate
884,"North-East (Caaguazu, Alto Parana, Canideyu)",Paraguay,PRY,Paraguay,America,0.756,4.0,0.735,0.17189339290748384,0.15391131777236947,0.15391131777236947,modeled_population_proxy_population_first_evolved_to_2050_then_hdi_reconciled,0.756,0.8091,0.737218,0.790138,0.05292,5,0.753782,0.839822,6929152,8640471,1191075.4472516775,1329866.2777839429,0.116526,modeled_proxy_not_official_subdivision_projection,fast_converger,moderate
907,"North-West (Boqueron, Alto Paraguay, Presidente Hayes, Conception, Amambay, San pedro, Cordillera)",Paraguay,PRY,Paraguay,America,0.756,5.0,0.73,0.16383460177227457,0.14282298609096408,0.14282298609096408,modeled_population_proxy_population_first_evolved_to_2050_then_hdi_reconciled,0.756,0.8091,0.732218,0.785939,0.053721,5,0.753782,0.839822,6929152,8640471,1135234.8585395599,1234057.8694523785,0.087051,modeled_proxy_not_official_subdivision_projection,fast_converger,moderate
614,Santa Cruz,Bolivia,BOL,Bolivia,America,0.733,1.0,0.791,0.1528033336296236,0.17612895617424038,0.17612895617424038,modeled_population_proxy_population_first_evolved_to_2050_then_hdi_reconciled,0.733,0.7813,0.783792,0.821328,0.037536,9,0.740208,0.841646,12413318,16110163,1896796.3718046118,2837466.192986869,0.495926,modeled_proxy_not_official_subdivision_projection,fast_converger,moderate
762,Pando,Bolivia,BOL,Bolivia,America,0.733,2.0,0.758,0.12596537571783945,0.13195641688698487,0.13195641688698487,modeled_population_proxy_population_first_evolved_to_2050_then_hdi_reconciled,0.733,0.7813,0.750792,0.793554,0.042762,9,0.740208,0.841646,12413318,16110163,1563648.2657750193,2125839.384945279,0.359538,modeled_proxy_not_official_subdivision_projection,fast_converger,moderate
780,Tarija,Bolivia,BOL,Bolivia,America,0.733,3.0,0.754,0.123050594007165,0.1274179121052478,0.1274179121052478,modeled_population_proxy_population_first_evolved_to_2050_then_hdi_reconciled,0.733,0.7813,0.746792,0.790187,0.043395,9,0.740208,0.841646,12413318,16110163,1527466.1534998335,2052723.3331352153,0.343875,modeled_proxy_not_official_subdivision_projection,fast_converger,moderate
838,Oruro,Bolivia,BOL,Bolivia,America,0.733,4.0,0.742,0.11470472260925037,0.11471769033740895,0.11471769033740895,modeled_population_proxy_population_first_evolved_to_2050_then_hdi_reconciled,0.733,0.7813,0.734792,0.780087,0.045295,9,0.740208,0.841646,12413318,16110163,1423866.1978504146,1848120.690319183,0.29796,modeled_proxy_not_official_subdivision_projection,fast_converger,moderate
858,Beni,Bolivia,BOL,Bolivia,America,0.733,5.0,0.739,0.11270824701011159,0.1117455846611884,0.1117455846611884,modeled_population_proxy_population_first_evolved_to_2050_then_hdi_reconciled,0.733,0.7813,0.731792,0.777562,0.04577,9,0.740208,0.841646,12413318,16110163,1399083.3113590644,1800239.583422045,0.286728,modeled_proxy_not_official_subdivision_projection,fast_converger,moderate
882,La Paz,Bolivia,BOL,Bolivia,America,0.733,6.0,0.735,0.11010022925003181,0.10790221059657465,0.10790221059657465,modeled_population_proxy_population_first_evolved_to_2050_then_hdi_reconciled,0.733,0.7813,0.727792,0.774196,0.046404,9,0.740208,0.841646,12413318,16110163,1366709.1575535464,1738322.2007711448,0.271904,modeled_proxy_not_official_subdivision_projection,fast_converger,moderate
931,Cochabamba,Bolivia,BOL,Bolivia,America,0.733,7.0,0.723,0.10263271264342215,0.09714719208171614,0.09714719208171614,modeled_population_proxy_population_first_evolved_to_2050_then_hdi_reconciled,0.733,0.7813,0.715792,0.764096,0.048304,9,0.740208,0.841646,12413318,16110163,1274012.4992454199,1565057.0994287564,0.228447,modeled_proxy_not_official_subdivision_projection,fast_converger,moderate
1009,Chuquisaca,Bolivia,BOL,Bolivia,America,0.733,8.0,0.704,0.0918312120454733,0.08226784292469579,0.08226784292469579,modeled_population_proxy_population_first_evolved_to_2050_then_hdi_reconciled,0.733,0.7813,0.696792,0.748105,0.051313,9,0.740208,0.841646,12413318,16110163,1139930.0374458905,1325348.3591752457,0.162658,modeled_proxy_not_official_subdivision_projection,fast_converger,moderate
1195,Potosi,Bolivia,BOL,Bolivia,America,0.733,9.0,0.648,0.06620357308708277,0.05071619423194302,0.05071619423194302,modeled_population_proxy_population_first_evolved_to_2050_then_hdi_reconciled,0.733,0.7813,0.640792,0.700973,0.06018,9,0.740208,0.841646,12413318,16110163,821806.0054662002,817046.1558162619,-0.005792,modeled_proxy_not_official_subdivision_projection,fast_converger,moderate
618,Sierra,Ecuador,ECU,Ecuador,America,0.777,1.0,0.79,0.40944195645088916,0.4494711249482842,0.4494711249482842,modeled_population_proxy_population_first_evolved_to_2050_then_hdi_reconciled,0.777,0.8137,0.794086,0.826435,0.032349,3,0.772914,0.846054,18135478,21337230,7425425.593492058,9590468.771380277,0.291572,modeled_proxy_not_official_subdivision_projection,fast_converger,moderate
682,Coste,Ecuador,ECU,Ecuador,America,0.777,2.0,0.775,0.348561338064529,0.3506987373342803,0.3506987373342803,modeled_population_proxy_population_first_evolved_to_2050_then_hdi_reconciled,0.777,0.8137,0.779086,0.813744,0.034658,3,0.772914,0.846054,18135478,21337230,6321326.478119828,7482939.619211126,0.183761,modeled_proxy_not_official_subdivision_projection,fast_converger,moderate
845,Oriente,Ecuador,ECU,Ecuador,America,0.777,3.0,0.741,0.2419967054845818,0.19983013771743563,0.19983013771743563,modeled_population_proxy_population_first_evolved_to_2050_then_hdi_reconciled,0.777,0.8137,0.745086,0.784978,0.039892,3,0.772914,0.846054,18135478,21337230,4388725.928388112,4263821.609408599,-0.02846,modeled_proxy_not_official_subdivision_projection,fast_converger,moderate
619,"Grand Tunis (Tunis, Ariana, Ben Arous, Manouba)",Tunisia,TUN,Tunisia,Africa,0.746,1.0,0.79,0.20757270515313714,0.2532331647219774,0.2532331647219774,modeled_population_proxy_population_first_evolved_to_2050_then_hdi_reconciled,0.746,0.8268,0.792821,0.862458,0.069638,7,0.743179,0.829296,12277103,13145140,2548391.4811536954,3328785.4029134535,0.30623,modeled_proxy_not_official_subdivision_projection,rapid_industrializer,fast_converger
827,"Centre Est (Sousse, Monastir, Mahdia, Sfax)",Tunisia,TUN,Tunisia,Africa,0.746,2.0,0.744,0.14724286339337767,0.14653326263634062,0.14653326263634062,modeled_population_proxy_population_first_evolved_to_2050_then_hdi_reconciled,0.746,0.8268,0.746821,0.824311,0.07749,7,0.743179,0.829296,12277103,13145140,1807715.7998954272,1926200.2520114665,0.065544,modeled_proxy_not_official_subdivision_projection,rapid_industrializer,fast_converger
828,"Sud Est (Gabes, Medinine, Tataouine)",Tunisia,TUN,Tunisia,Africa,0.746,3.0,0.744,0.14724286339337767,0.14653326263634062,0.14653326263634062,modeled_population_proxy_population_first_evolved_to_2050_then_hdi_reconciled,0.746,0.8268,0.746821,0.824311,0.07749,7,0.743179,0.829296,12277103,13145140,1807715.7998954272,1926200.2520114665,0.065544,modeled_proxy_not_official_subdivision_projection,rapid_industrializer,fast_converger
850,"Sud Ouest (Gafsa, Tozeur, Kebili)",Tunisia,TUN,Tunisia,Africa,0.746,4.0,0.741,0.14398193114414168,0.14139745318513164,0.14139745318513164,modeled_population_proxy_population_first_evolved_to_2050_then_hdi_reconciled,0.746,0.8268,0.743821,0.821823,0.078002,7,0.743179,0.829296,12277103,13145140,1767680.9987955352,1858689.3177620014,0.051485,modeled_proxy_not_official_subdivision_projection,rapid_industrializer,fast_converger
896,"Nord Est (Nabeul, Zaghouan, Bizerte)",Tunisia,TUN,Tunisia,Africa,0.746,5.0,0.733,0.13563485272401352,0.12856494473584518,0.12856494473584518,modeled_population_proxy_population_first_evolved_to_2050_then_hdi_reconciled,0.746,0.8268,0.735821,0.815189,0.079368,7,0.743179,0.829296,12277103,13145140,1665203.0572825444,1690004.1976449478,0.014894,modeled_proxy_not_official_subdivision_projection,rapid_industrializer,fast_converger
944,"Nord Ouest (Beja, Jendouba, Kef, Siliana)",Tunisia,TUN,Tunisia,Africa,0.746,6.0,0.722,0.12494196899930868,0.11279995215797305,0.11279995215797305,modeled_population_proxy_population_first_evolved_to_2050_then_hdi_reconciled,0.746,0.8268,0.724821,0.806066,0.081246,7,0.743179,0.829296,12277103,13145140,1533925.4224273195,1482771.1631098578,-0.033349,modeled_proxy_not_official_subdivision_projection,rapid_industrializer,fast_converger
1104,"Centre Ouest (Kairouan, Kasserine, Sidi Bouzid)",Tunisia,TUN,Tunisia,Africa,0.746,7.0,0.683,0.09338281519264365,0.07093795992639157,0.07093795992639157,modeled_population_proxy_population_first_evolved_to_2050_then_hdi_reconciled,0.746,0.8268,0.685821,0.773724,0.087903,7,0.743179,0.829296,12277103,13145140,1146470.440550051,932489.4145468068,-0.186643,modeled_proxy_not_official_subdivision_projection,rapid_industrializer,fast_converger
634,Ulaanbaatar,Mongolia,MNG,Mongolia,Asia/Pacific,0.747,1.0,0.786,0.2866467268635733,0.34028199883313154,0.34028199883313154,modeled_population_proxy_population_first_evolved_to_2050_then_hdi_reconciled,0.747,0.8389,0.804067,0.881675,0.077608,5,0.728933,0.825078,3475541,4501492,996252.4517301504,1531776.695491351,0.537539,modeled_proxy_not_official_subdivision_projection,rapid_industrializer,frontier_jumper
879,"Central (Dornogovi, Dundgovi, Umnugovi, Selenge, Tuv, Darkhan-Uul, Govisumber)",Mongolia,MNG,Mongolia,Asia/Pacific,0.747,2.0,0.736,0.21406047895335828,0.2170959730703454,0.2170959730703454,modeled_population_proxy_population_first_evolved_to_2050_then_hdi_reconciled,0.747,0.8389,0.754067,0.840421,0.086354,5,0.728933,0.825078,3475541,4501492,743975.9710820338,977255.7860083752,0.313558,modeled_proxy_not_official_subdivision_projection,rapid_industrializer,frontier_jumper
1011,"Eastern (Dornod, Sukhbaatar, Khentii)",Mongolia,MNG,Mongolia,Asia/Pacific,0.747,3.0,0.704,0.17757334532590444,0.16282907472450603,0.16282907472450603,modeled_population_proxy_population_first_evolved_to_2050_then_hdi_reconciled,0.747,0.8389,0.722067,0.814018,0.091951,5,0.728933,0.825078,3475541,4501492,617163.4421873392,732973.7772397661,0.187649,modeled_proxy_not_official_subdivision_projection,rapid_industrializer,frontier_jumper
1073,"Khangai (Arkhangai, Bayankhongor, Bulgan, Uvurkhangai, Khuvsgul, Orkhon)",Mongolia,MNG,Mongolia,Asia/Pacific,0.747,4.0,0.692,0.16555536453490466,0.14617968618667476,0.14617968618667476,modeled_population_proxy_population_first_evolved_to_2050_then_hdi_reconciled,0.747,0.8389,0.710067,0.804118,0.09405,5,0.728933,0.825078,3475541,4501492,575394.457211007,658026.6879318269,0.14361,modeled_proxy_not_official_subdivision_projection,rapid_industrializer,frontier_jumper
1105,"Western (Bayan-Ulgii, Govi-Altai, Zavkhan, Uvs, Khovd)",Mongolia,MNG,Mongolia,Asia/Pacific,0.747,5.0,0.682,0.15616408432225942,0.13361326718534233,0.13361326718534233,modeled_population_proxy_population_first_evolved_to_2050_then_hdi_reconciled,0.747,0.8389,0.700067,0.795867,0.095799,5,0.728933,0.825078,3475541,4501492,542754.6777894698,601459.053328681,0.10816,modeled_proxy_not_official_subdivision_projection,rapid_industrializer,frontier_jumper
637,East,Ukraine,UKR,Ukraine,Europe,0.779,1.0,0.785,0.24382127048768162,0.26982023092272744,0.26982023092272744,modeled_population_proxy_population_first_evolved_to_2050_then_hdi_reconciled,0.779,0.8149,0.785039,0.819295,0.034256,5,0.778961,0.846358,37860221,31990136,9231127.185164403,8631585.882769456,-0.064948,modeled_proxy_not_official_subdivision_projection,fast_converger,conflict_recovery
640,South,Ukraine,UKR,Ukraine,Europe,0.779,2.0,0.784,0.23682132790273677,0.25738075914381914,0.25738075914381914,modeled_population_proxy_population_first_evolved_to_2050_then_hdi_reconciled,0.779,0.8149,0.784039,0.818449,0.03441,5,0.778961,0.846358,37860221,31990136,8966107.81191108,8233645.488794018,-0.081692,modeled_proxy_not_official_subdivision_projection,fast_converger,conflict_recovery
654,North,Ukraine,UKR,Ukraine,Europe,0.779,3.0,0.781,0.2170043691763594,0.22339877176857378,0.22339877176857378,modeled_population_proxy_population_first_evolved_to_2050_then_hdi_reconciled,0.779,0.8149,0.781039,0.81591,0.034871,5,0.778961,0.846358,37860221,31990136,8215833.374982554,7146557.091109636,-0.130148,modeled_proxy_not_official_subdivision_projection,fast_converger,conflict_recovery
705,Central,Ukraine,UKR,Ukraine,Europe,0.779,4.0,0.771,0.1621663337551032,0.13934662665011746,0.13934662665011746,modeled_population_proxy_population_first_evolved_to_2050_then_hdi_reconciled,0.779,0.8149,0.771039,0.807446,0.036407,5,0.778961,0.846358,37860221,31990136,6139653.234727967,4457717.537678482,-0.273946,modeled_proxy_not_official_subdivision_projection,fast_converger,conflict_recovery
729,West,Ukraine,UKR,Ukraine,Europe,0.779,5.0,0.766,0.14018669867811903,0.1100536115147621,0.1100536115147621,modeled_population_proxy_population_first_evolved_to_2050_then_hdi_reconciled,0.779,0.8149,0.766039,0.803214,0.037175,5,0.778961,0.846358,37860221,31990136,5307499.393213995,3520629.9996484057,-0.336669,modeled_proxy_not_official_subdivision_projection,fast_converger,conflict_recovery
639,"Nord Centre (Alger, Blida, Boumerdes, Tipaza, Bouira, Medea, Tizi-Ouzou, Bejaia, Chlef, Ain Defla)",Algeria,DZA,Algeria,Africa,0.763,1.0,0.784,0.2246958912265501,0.27470362792412617,0.27470362792412617,modeled_population_proxy_population_first_evolved_to_2050_then_hdi_reconciled,0.763,0.8016,0.787558,0.820834,0.033276,7,0.759442,0.845332,46814302,59565550,10518981.310038866,16362872.684295934,0.555557,modeled_proxy_not_official_subdivision_projection,emerging_mover,moderate
748,"Nord Est (Annaba, Constantine, Skikda, Jijel, Mila, Souk Ahras, El Tarf, Guelma)",Algeria,DZA,Algeria,Africa,0.763,2.0,0.76,0.14838457104037825,0.14796754004965618,0.14796754004965618,modeled_population_proxy_population_first_evolved_to_2050_then_hdi_reconciled,0.763,0.8016,0.763558,0.800546,0.036988,7,0.759442,0.845332,46814302,59565550,6946520.120824722,8813767.905204797,0.268803,modeled_proxy_not_official_subdivision_projection,emerging_mover,moderate
777,"Sud (Bechar, Tindouf, Adrar, Ghardaia, Biskra, El Oued, Ouargla, Tamanrasset, Illizi)",Algeria,DZA,Algeria,Africa,0.763,3.0,0.755,0.1360961214457723,0.1300731674420093,0.1300731674420093,modeled_population_proxy_population_first_evolved_to_2050_then_hdi_reconciled,0.763,0.8016,0.758558,0.796319,0.037762,7,0.759442,0.845332,46814302,59565550,6371244.930391061,7747879.758925377,0.21607,modeled_proxy_not_official_subdivision_projection,emerging_mover,moderate
779,"Nord Ouest (Oran, Tlemcen, Mostaganem, Ain Temouchent, Relizane, Sidi Bel Abbes, Mascara)",Algeria,DZA,Algeria,Africa,0.763,4.0,0.754,0.1337633538136886,0.1267628422901448,0.1267628422901448,modeled_population_proxy_population_first_evolved_to_2050_then_hdi_reconciled,0.763,0.8016,0.757558,0.795474,0.037916,7,0.759442,0.845332,46814302,59565550,6262038.0419668695,7550698.420575735,0.205789,modeled_proxy_not_official_subdivision_projection,emerging_mover,moderate
782,"Hauts Plateaux Est (Setif, Batna, Khenchela, Bordj Bou Arreridj, Oum El Bouaghi, Tebessa)",Algeria,DZA,Algeria,Africa,0.763,5.0,0.753,0.13147057119195998,0.1235367639727856,0.1235367639727856,modeled_population_proxy_population_first_evolved_to_2050_then_hdi_reconciled,0.763,0.8016,0.756558,0.794629,0.038071,7,0.759442,0.845332,46814302,59565550,6154703.023892915,7358535.291259159,0.195596,modeled_proxy_not_official_subdivision_projection,emerging_mover,moderate
805,"Hauts Plateaux Ouest (Tiaret, Saida, Tissemsilt, Naama, El Bayadh)",Algeria,DZA,Algeria,Africa,0.763,6.0,0.748,0.12058285236823656,0.10859691375610905,0.10859691375610905,modeled_population_proxy_population_first_evolved_to_2050_then_hdi_reconciled,0.763,0.8016,0.751558,0.790402,0.038844,7,0.759442,0.845332,46814302,59565550,5645002.066788041,6468634.896185202,0.145905,modeled_proxy_not_official_subdivision_projection,emerging_mover,moderate
851,"Hauts Plateaux Centre (Djelfa, Laghouat, MSila)",Algeria,DZA,Algeria,Africa,0.763,7.0,0.74,0.10500663891341419,0.08835914456516886,0.08835914456516886,modeled_population_proxy_population_first_evolved_to_2050_then_hdi_reconciled,0.763,0.8016,0.743558,0.783639,0.040082,7,0.759442,0.845332,46814302,59565550,4915812.5060975235,5263161.043553794,0.070659,modeled_proxy_not_official_subdivision_projection,emerging_mover,moderate
644,DKI Jakarta,Indonesia,IDN,Indonesia,Asia/Pacific,0.728,1.0,0.783,0.05526114512162558,0.0712210034073056,0.0712210034073056,modeled_population_proxy_population_first_evolved_to_2050_then_hdi_reconciled,0.728,0.8724,0.780126,0.911657,0.131532,29,0.730874,0.805128,283487933,320712943,15665867.80574267,22841497.606170006,0.458042,modeled_proxy_not_official_subdivision_projection,rapid_industrializer,frontier_jumper
662,DI Yogyakarta,Indonesia,IDN,Indonesia,Asia/Pacific,0.728,2.0,0.779,0.05439081805972099,0.06989423822905594,0.06989423822905594,modeled_population_proxy_population_first_evolved_to_2050_then_hdi_reconciled,0.728,0.8724,0.776126,0.908437,0.132311,29,0.730874,0.805128,283487933,320712943,15419140.585929375,22415986.841183636,0.453777,modeled_proxy_not_official_subdivision_projection,rapid_industrializer,frontier_jumper
781,Bali,Indonesia,IDN,Indonesia,Asia/Pacific,0.728,3.0,0.754,0.0434958358123946,0.04886705517664013,0.04886705517664013,modeled_population_proxy_population_first_evolved_to_2050_then_hdi_reconciled,0.728,0.8724,0.751126,0.888309,0.137183,29,0.730874,0.805128,283487933,320712943,12330544.58856312,15672297.081443641,0.271014,modeled_proxy_not_official_subdivision_projection,rapid_industrializer,frontier_jumper
789,West Sumatra,Indonesia,IDN,Indonesia,Asia/Pacific,0.728,4.0,0.752,0.04272493865331138,0.047487811109433536,0.047487811109433536,modeled_population_proxy_population_first_evolved_to_2050_then_hdi_reconciled,0.728,0.8724,0.749126,0.886699,0.137573,29,0.730874,0.805128,283487933,320712943,12112004.546379047,15229955.657534525,0.257427,modeled_proxy_not_official_subdivision_projection,rapid_industrializer,frontier_jumper
800,East Kalimantan,Indonesia,IDN,Indonesia,Asia/Pacific,0.728,5.0,0.749,0.0415941351469646,0.04549159110413772,0.04549159110413772,modeled_population_proxy_population_first_evolved_to_2050_then_hdi_reconciled,0.728,0.8724,0.746126,0.884283,0.138158,29,0.730874,0.805128,283487933,320712943,11791435.397735644,14589742.064760627,0.237317,modeled_proxy_not_official_subdivision_projection,rapid_industrializer,frontier_jumper
840,North Sulawesi,Indonesia,IDN,Indonesia,Asia/Pacific,0.728,6.0,0.742,0.03907061826922968,0.04115400147243364,0.04115400147243364,modeled_population_proxy_population_first_evolved_to_2050_then_hdi_reconciled,0.728,0.8724,0.739126,0.878647,0.139522,29,0.730874,0.805128,283487933,320712943,11076048.81417596,13198620.928450527,0.191636,modeled_proxy_not_official_subdivision_projection,rapid_industrializer,frontier_jumper
846,Riau (incl. Riau islands),Indonesia,IDN,Indonesia,Asia/Pacific,0.728,7.0,0.741,0.03872283693370003,0.04056907078193436,0.04056907078193436,modeled_population_proxy_population_first_evolved_to_2050_then_hdi_reconciled,0.728,0.8724,0.738126,0.877842,0.139717,29,0.730874,0.805128,283487933,320712943,10977457.00223068,13011026.085249482,0.18525,modeled_proxy_not_official_subdivision_projection,rapid_industrializer,frontier_jumper
861,Bengkulu,Indonesia,IDN,Indonesia,Asia/Pacific,0.728,8.0,0.739,0.038036533879021735,0.03942403247369565,0.03942403247369565,modeled_population_proxy_population_first_evolved_to_2050_then_hdi_reconciled,0.728,0.8724,0.736126,0.876232,0.140106,29,0.730874,0.805128,283487933,320712943,10782898.367848344,12643797.479566501,0.172579,modeled_proxy_not_official_subdivision_projection,rapid_industrializer,frontier_jumper
883,North Sumatra,Indonesia,IDN,Indonesia,Asia/Pacific,0.728,9.0,0.735,0.03670020320283698,0.03722999781027715,0.03722999781027715,modeled_population_proxy_population_first_evolved_to_2050_then_hdi_reconciled,0.728,0.8724,0.732126,0.873011,0.140886,29,0.730874,0.805128,283487933,320712943,10404064.746652234,11940142.16561754,0.147642,modeled_proxy_not_official_subdivision_projection,rapid_industrializer,frontier_jumper
887,DI Aceh,Indonesia,IDN,Indonesia,Asia/Pacific,0.728,10.0,0.734,0.03637352176677318,0.036700839829344495,0.036700839829344495,modeled_population_proxy_population_first_evolved_to_2050_then_hdi_reconciled,0.728,0.8724,0.731126,0.872206,0.141081,29,0.730874,0.805128,283487933,320712943,10311454.501593037,11770434.352240691,0.141491,modeled_proxy_not_official_subdivision_projection,rapid_industrializer,frontier_jumper
905,West Java,Indonesia,IDN,Indonesia,Asia/Pacific,0.728,11.0,0.73,0.03509561739482353,0.03465835686376054,0.03465835686376054,modeled_population_proxy_population_first_evolved_to_2050_then_hdi_reconciled,0.728,0.8724,0.727126,0.868986,0.14186,29,0.730874,0.805128,283487933,320712943,9949184.032617368,11115383.629320892,0.117216,modeled_proxy_not_official_subdivision_projection,rapid_industrializer,frontier_jumper
910,Banten,Indonesia,IDN,Indonesia,Asia/Pacific,0.728,12.0,0.729,0.03478321894223948,0.03416575016971963,0.03416575016971963,modeled_population_proxy_population_first_evolved_to_2050_then_hdi_reconciled,0.728,0.8724,0.726126,0.868181,0.142055,29,0.730874,0.805128,283487933,320712943,9860622.841021916,10957398.286733532,0.111228,modeled_proxy_not_official_subdivision_projection,rapid_industrializer,frontier_jumper
923,Central Java,Indonesia,IDN,Indonesia,Asia/Pacific,0.728,13.0,0.726,0.0338626094064113,0.03272954259578946,0.03272954259578946,modeled_population_proxy_population_first_evolved_to_2050_then_hdi_reconciled,0.728,0.8724,0.723126,0.865765,0.14264,29,0.730874,0.805128,283487933,320712943,9599641.146609897,10496787.928939497,0.093456,modeled_proxy_not_official_subdivision_projection,rapid_industrializer,frontier_jumper
924,East Java,Indonesia,IDN,Indonesia,Asia/Pacific,0.728,14.0,0.726,0.0338626094064113,0.03272954259578946,0.03272954259578946,modeled_population_proxy_population_first_evolved_to_2050_then_hdi_reconciled,0.728,0.8724,0.723126,0.865765,0.14264,29,0.730874,0.805128,283487933,320712943,9599641.146609897,10496787.928939497,0.093456,modeled_proxy_not_official_subdivision_projection,rapid_industrializer,frontier_jumper
940,Jambi,Indonesia,IDN,Indonesia,Asia/Pacific,0.728,15.0,0.722,0.03267292046500102,0.03090807111082893,0.03090807111082893,modeled_population_proxy_population_first_evolved_to_2050_then_hdi_reconciled,0.728,0.8724,0.719126,0.862545,0.143419,29,0.730874,0.805128,283487933,320712943,9262378.687696537,9912618.448407225,0.070202,modeled_proxy_not_official_subdivision_projection,rapid_industrializer,frontier_jumper
941,South Sulawesi (incl Sulawesi Barat),Indonesia,IDN,Indonesia,Asia/Pacific,0.728,16.0,0.722,0.03267292046500102,0.03090807111082893,0.03090807111082893,modeled_population_proxy_population_first_evolved_to_2050_then_hdi_reconciled,0.728,0.8724,0.719126,0.862545,0.143419,29,0.730874,0.805128,283487933,320712943,9262378.687696537,9912618.448407225,0.070202,modeled_proxy_not_official_subdivision_projection,rapid_industrializer,frontier_jumper
945,South Sumatra,Indonesia,IDN,Indonesia,Asia/Pacific,0.728,17.0,0.721,0.03238208729116509,0.03046876803627935,0.03046876803627935,modeled_population_proxy_population_first_evolved_to_2050_then_hdi_reconciled,0.728,0.8724,0.718126,0.86174,0.143614,29,0.730874,0.805128,283487933,320712943,9179930.99239796,9771728.266499482,0.064466,modeled_proxy_not_official_subdivision_projection,rapid_industrializer,frontier_jumper
946,Southeast Sulawesi,Indonesia,IDN,Indonesia,Asia/Pacific,0.728,18.0,0.721,0.03238208729116509,0.03046876803627935,0.03046876803627935,modeled_population_proxy_population_first_evolved_to_2050_then_hdi_reconciled,0.728,0.8724,0.718126,0.86174,0.143614,29,0.730874,0.805128,283487933,320712943,9179930.99239796,9771728.266499482,0.064466,modeled_proxy_not_official_subdivision_projection,rapid_industrializer,frontier_jumper
962,Lampung,Indonesia,IDN,Indonesia,Asia/Pacific,0.728,19.0,0.718,0.031525028650336843,0.02918796854542523,0.02918796854542523,modeled_population_proxy_population_first_evolved_to_2050_then_hdi_reconciled,0.728,0.8724,0.715126,0.859324,0.144199,29,0.730874,0.805128,283487933,320712943,8936965.209849771,9360959.292394755,0.047443,modeled_proxy_not_official_subdivision_projection,rapid_industrializer,frontier_jumper
964,Maluku,Indonesia,IDN,Indonesia,Asia/Pacific,0.728,20.0,0.717,0.031244413265879022,0.028773113659273198,0.028773113659273198,modeled_population_proxy_population_first_evolved_to_2050_then_hdi_reconciled,0.728,0.8724,0.714126,0.858519,0.144393,29,0.730874,0.805128,283487933,320712943,8857414.134541823,9227909.960939007,0.041829,modeled_proxy_not_official_subdivision_projection,rapid_industrializer,frontier_jumper
970,Bangka Belitung,Indonesia,IDN,Indonesia,Asia/Pacific,0.728,21.0,0.716,0.030966295737802803,0.028364155195008026,0.028364155195008026,modeled_population_proxy_population_first_evolved_to_2050_then_hdi_reconciled,0.728,0.8724,0.713126,0.857714,0.144588,29,0.730874,0.805128,283487933,320712943,8778571.171376426,9096751.688299762,0.036245,modeled_proxy_not_official_subdivision_projection,rapid_industrializer,frontier_jumper
975,South Kalimantan,Indonesia,IDN,Indonesia,Asia/Pacific,0.728,22.0,0.714,0.030417465511512486,0.027563593494847646,0.027563593494847646,modeled_population_proxy_population_first_evolved_to_2050_then_hdi_reconciled,0.728,0.8724,0.711126,0.856104,0.144978,29,0.730874,0.805128,283487933,320712943,8622984.424957462,8840001.189388243,0.025167,modeled_proxy_not_official_subdivision_projection,rapid_industrializer,frontier_jumper
980,West Nusa Tenggara,Indonesia,IDN,Indonesia,Asia/Pacific,0.728,23.0,0.713,0.030146708936683666,0.027171826201298255,0.027171826201298255,modeled_population_proxy_population_first_evolved_to_2050_then_hdi_reconciled,0.728,0.8724,0.710126,0.855299,0.145173,29,0.730874,0.805128,283487933,320712943,8546228.20321308,8714356.347702874,0.019673,modeled_proxy_not_official_subdivision_projection,rapid_industrializer,frontier_jumper
991,Central Sulawesi,Indonesia,IDN,Indonesia,Asia/Pacific,0.728,24.0,0.71,0.02934881418844216,0.026029618511024706,0.026029618511024706,modeled_population_proxy_population_first_evolved_to_2050_then_hdi_reconciled,0.728,0.8724,0.707126,0.852883,0.145758,29,0.730874,0.805128,283487933,320712943,8320034.67028254,8348035.5578380115,0.003365,modeled_proxy_not_official_subdivision_projection,rapid_industrializer,frontier_jumper
1003,Central Kalimantan,Indonesia,IDN,Indonesia,Asia/Pacific,0.728,25.0,0.706,0.028317707599329618,0.024581012630161235,0.024581012630161235,modeled_population_proxy_population_first_evolved_to_2050_then_hdi_reconciled,0.728,0.8724,0.703126,0.849663,0.146537,29,0.730874,0.805128,283487933,320712943,8027728.394632346,7883448.902539181,-0.017973,modeled_proxy_not_official_subdivision_projection,rapid_industrializer,frontier_jumper
1026,West Kalimantan,Indonesia,IDN,Indonesia,Asia/Pacific,0.728,26.0,0.701,0.027079616587183768,0.02288309314843849,0.02288309314843849,modeled_population_proxy_population_first_evolved_to_2050_then_hdi_reconciled,0.728,0.8724,0.698126,0.845637,0.147511,29,0.730874,0.805128,283487933,320712943,7676744.53273324,7338904.148578844,-0.044008,modeled_proxy_not_official_subdivision_projection,rapid_industrializer,frontier_jumper
1084,Gorontalo,Indonesia,IDN,Indonesia,Asia/Pacific,0.728,27.0,0.689,0.024324566772745266,0.01927128298852042,0.01927128298852042,modeled_population_proxy_population_first_evolved_to_2050_then_hdi_reconciled,0.728,0.8724,0.686126,0.835975,0.14985,29,0.730874,0.805128,283487933,320712943,6895721.155526036,6180549.882634219,-0.103712,modeled_proxy_not_official_subdivision_projection,rapid_industrializer,frontier_jumper
1124,Irian Jaya (Papua and Papua Barat),Indonesia,IDN,Indonesia,Asia/Pacific,0.728,28.0,0.675,0.02146255812812293,0.015771482290462022,0.015771482290462022,modeled_population_proxy_population_first_evolved_to_2050_then_hdi_reconciled,0.728,0.8724,0.672126,0.824704,0.152578,29,0.730874,0.805128,283487933,320712943,6084376.240633918,5058118.500846456,-0.168671,modeled_proxy_not_official_subdivision_projection,rapid_industrializer,frontier_jumper
1131,East Nusa Tenggara,Indonesia,IDN,Indonesia,Asia/Pacific,0.728,29.0,0.673,0.021082167114164906,0.015326341422006905,0.015326341422006905,modeled_population_proxy_population_first_evolved_to_2050_then_hdi_reconciled,0.728,0.8724,0.670126,0.823093,0.152968,29,0.730874,0.805128,283487933,320712943,5976539.978355184,4915356.062874639,-0.177558,modeled_proxy_not_official_subdivision_projection,rapid_industrializer,frontier_jumper
656,Beqaa,Lebanon,LBN,Lebanon,Asia/Pacific,0.752,1.0,0.78,0.2616397580326367,0.29233049714145243,0.29233049714145243,modeled_population_proxy_population_first_evolved_to_2050_then_hdi_reconciled,0.752,0.7682,0.775152,0.786279,0.011127,5,0.756848,0.853844,5805962,6999262,1519070.4928266837,2046097.7400832765,0.346941,modeled_proxy_not_official_subdivision_projection,emerging_mover,conflict_recovery
718,"Southern, Nabtieh",Lebanon,LBN,Lebanon,Asia/Pacific,0.752,2.0,0.769,0.2328528476157171,0.24622679156655408,0.24622679156655408,modeled_population_proxy_population_first_evolved_to_2050_then_hdi_reconciled,0.752,0.7682,0.764152,0.776887,0.012735,5,0.756848,0.853844,5805962,6999262,1351934.784848644,1723405.8255937025,0.27477,modeled_proxy_not_official_subdivision_projection,emerging_mover,conflict_recovery
795,Mount Lebanon,Lebanon,LBN,Lebanon,Asia/Pacific,0.752,3.0,0.751,0.19241780227002583,0.18593566146273877,0.18593566146273877,modeled_population_proxy_population_first_evolved_to_2050_then_hdi_reconciled,0.752,0.7682,0.746152,0.761518,0.015366,5,0.756848,0.853844,5805962,6999262,1117170.4481032838,1301412.4097210118,0.164918,modeled_proxy_not_official_subdivision_projection,emerging_mover,conflict_recovery
848,Northern,Lebanon,LBN,Lebanon,Asia/Pacific,0.752,4.0,0.741,0.17307131019470587,0.15907434011829702,0.15907434011829702,modeled_population_proxy_population_first_evolved_to_2050_then_hdi_reconciled,0.752,0.7682,0.736152,0.752979,0.016827,5,0.756848,0.853844,5805962,6999262,1004845.4502806748,1113402.9839650718,0.108034,modeled_proxy_not_official_subdivision_projection,emerging_mover,conflict_recovery
947,Beirut,Lebanon,LBN,Lebanon,Asia/Pacific,0.752,5.0,0.721,0.1400182818869145,0.11643270971095783,0.11643270971095783,modeled_population_proxy_population_first_evolved_to_2050_then_hdi_reconciled,0.752,0.7682,0.716152,0.735903,0.01975,5,0.756848,0.853844,5805962,6999262,812940.8239407139,814943.0406369381,0.002463,modeled_proxy_not_official_subdivision_projection,emerging_mover,conflict_recovery
670,Western Cape,South Africa,ZAF,South Africa,Africa,0.741,1.0,0.778,0.16193946596527875,0.19515808691146572,0.19515808691146572,modeled_population_proxy_population_first_evolved_to_2050_then_hdi_reconciled,0.741,0.8147,0.780015,0.844545,0.06453,9,0.738985,0.831994,64007187,79177332,10365289.680719733,15452096.639873976,0.490754,modeled_proxy_not_official_subdivision_projection,rapid_industrializer,moderate
738,Gauteng,South Africa,ZAF,South Africa,Africa,0.741,2.0,0.763,0.14146853474108162,0.15820947866620674,0.15820947866620674,modeled_population_proxy_population_first_evolved_to_2050_then_hdi_reconciled,0.741,0.8147,0.765015,0.832065,0.06705,9,0.738985,0.831994,64007187,79177332,9055002.957788408,12526604.417901168,0.38339,modeled_proxy_not_official_subdivision_projection,rapid_industrializer,moderate
849,Free State,South Africa,ZAF,South Africa,Africa,0.741,3.0,0.741,0.11603179545775281,0.11628933547216415,0.11628933547216415,modeled_population_proxy_population_first_evolved_to_2050_then_hdi_reconciled,0.741,0.8147,0.743015,0.813761,0.070746,9,0.738985,0.831994,64007187,79177332,7426868.829810135,9207479.322738918,0.239753,modeled_proxy_not_official_subdivision_projection,rapid_industrializer,moderate
863,Northern Province,South Africa,ZAF,South Africa,Africa,0.741,4.0,0.739,0.11395970058501084,0.11308005604969003,0.11308005604969003,modeled_population_proxy_population_first_evolved_to_2050_then_hdi_reconciled,0.741,0.8147,0.741015,0.812097,0.071082,9,0.738985,0.831994,64007187,79177332,7294239.865808798,8953377.140424917,0.227459,modeled_proxy_not_official_subdivision_projection,rapid_industrializer,moderate
881,KwaZulu Natal,South Africa,ZAF,South Africa,Africa,0.741,5.0,0.736,0.11092073278567674,0.10843143479966577,0.10843143479966577,modeled_population_proxy_population_first_evolved_to_2050_then_hdi_reconciled,0.741,0.8147,0.738015,0.809601,0.071586,9,0.738985,0.831994,64007187,79177332,7099724.085589842,8585311.71236949,0.209246,modeled_proxy_not_official_subdivision_projection,rapid_industrializer,moderate
915,Northern Cape,South Africa,ZAF,South Africa,Africa,0.741,6.0,0.728,0.10320717201486168,0.09694819098966746,0.09694819098966746,modeled_population_proxy_population_first_evolved_to_2050_then_hdi_reconciled,0.741,0.8147,0.730015,0.802945,0.07293,9,0.738985,0.831994,64007187,79177332,6606000.758896419,7676099.104788309,0.161989,modeled_proxy_not_official_subdivision_projection,rapid_industrializer,moderate
1002,Mpumalanga,South Africa,ZAF,South Africa,Africa,0.741,7.0,0.708,0.0861891798710183,0.07328261745949077,0.07328261745949077,modeled_population_proxy_population_first_evolved_to_2050_then_hdi_reconciled,0.741,0.8147,0.710015,0.786306,0.07629,9,0.738985,0.831994,64007187,79177332,5516726.953380904,5802322.132419097,0.051769,modeled_proxy_not_official_subdivision_projection,rapid_industrializer,moderate
1007,North West,South Africa,ZAF,South Africa,Africa,0.741,8.0,0.705,0.08389076963534337,0.07027003376719147,0.07027003376719147,modeled_population_proxy_population_first_evolved_to_2050_then_hdi_reconciled,0.741,0.8147,0.707015,0.78381,0.076794,9,0.738985,0.831994,64007187,79177332,5369612.179623345,5563793.79323613,0.036163,modeled_proxy_not_official_subdivision_projection,rapid_industrializer,moderate
1020,Eastern Cape,South Africa,ZAF,South Africa,Africa,0.741,9.0,0.703,0.08239264894397594,0.0683307658844578,0.0683307658844578,modeled_population_proxy_population_first_evolved_to_2050_then_hdi_reconciled,0.741,0.8147,0.705015,0.782146,0.07713,9,0.738985,0.831994,64007187,79177332,5273721.688382421,5410247.736247989,0.025888,modeled_proxy_not_official_subdivision_projection,rapid_industrializer,moderate
671,Tongatapu,Tonga,TON,Tonga,Asia/Pacific,0.769,1.0,0.778,0.27880878903316264,0.3315758302608826,0.3315758302608826,modeled_population_proxy_population_first_evolved_to_2050_then_hdi_reconciled,0.769,0.8315,0.796311,0.852029,0.055718,5,0.750689,0.83625,104192,105205,29049.64534694328,34883.435222596156,0.200821,modeled_proxy_not_official_subdivision_projection,fast_converger,frontier_jumper
773,Vava-u,Tonga,TON,Tonga,Asia/Pacific,0.769,2.0,0.757,0.22023366680555692,0.22761375841233716,0.22761375841233716,modeled_population_proxy_population_first_evolved_to_2050_then_hdi_reconciled,0.769,0.8315,0.775311,0.834467,0.059156,5,0.750689,0.83625,104192,105205,22946.586211804588,23946.10545376993,0.043559,modeled_proxy_not_official_subdivision_projection,fast_converger,frontier_jumper
836,Eua,Tonga,TON,Tonga,Asia/Pacific,0.769,3.0,0.743,0.18819231127530703,0.17712326378131243,0.17712326378131243,modeled_population_proxy_population_first_evolved_to_2050_then_hdi_reconciled,0.769,0.8315,0.761311,0.82276,0.061449,5,0.750689,0.83625,104192,105205,19608.13329639679,18634.252966112974,-0.049667,modeled_proxy_not_official_subdivision_projection,fast_converger,frontier_jumper
917,Ongo Niua,Tonga,TON,Tonga,Asia/Pacific,0.769,4.0,0.728,0.15901671175158938,0.13538560652550147,0.13538560652550147,modeled_population_proxy_population_first_evolved_to_2050_then_hdi_reconciled,0.769,0.8315,0.746311,0.810216,0.063905,5,0.750689,0.83625,104192,105205,16568.2692308216,14243.242734515381,-0.14033,modeled_proxy_not_official_subdivision_projection,fast_converger,frontier_jumper
928,Ha-apai,Tonga,TON,Tonga,Asia/Pacific,0.769,5.0,0.725,0.15374852113438411,0.12830154101996624,0.12830154101996624,modeled_population_proxy_population_first_evolved_to_2050_then_hdi_reconciled,0.769,0.8315,0.743311,0.807707,0.064396,5,0.750689,0.83625,104192,105205,16019.36591403375,13497.96362300555,-0.157397,modeled_proxy_not_official_subdivision_projection,fast_converger,frontier_jumper
704,Apia Urban Area,Samoa,WSM,Samoa,Asia/Pacific,0.708,1.0,0.771,0.35506679348547077,0.4202696410543445,0.4202696410543445,modeled_population_proxy_population_first_evolved_to_2050_then_hdi_reconciled,0.708,0.8134,0.732653,0.831543,0.09889,4,0.746347,0.819948,218031,272728,77415.56805043068,114619.29866546926,0.480572,modeled_proxy_not_official_subdivision_projection,rapid_industrializer,frontier_jumper
880,Rest of Upolu,Samoa,WSM,Samoa,Asia/Pacific,0.708,2.0,0.736,0.2244209037579023,0.20643146203984322,0.20643146203984322,modeled_population_proxy_population_first_evolved_to_2050_then_hdi_reconciled,0.708,0.8134,0.697653,0.802845,0.105191,4,0.746347,0.819948,218031,272728,48930.7140672392,56299.63977920236,0.150599,modeled_proxy_not_official_subdivision_projection,rapid_industrializer,frontier_jumper
895,North West Upolu,Samoa,WSM,Samoa,Asia/Pacific,0.708,3.0,0.733,0.21576699541881916,0.194227813024395,0.194227813024395,modeled_population_proxy_population_first_evolved_to_2050_then_hdi_reconciled,0.708,0.8134,0.694653,0.800385,0.105732,4,0.746347,0.819948,218031,272728,47043.893778160564,52971.362990517206,0.125999,modeled_proxy_not_official_subdivision_projection,rapid_industrializer,frontier_jumper
912,Savaii,Samoa,WSM,Samoa,Asia/Pacific,0.708,4.0,0.729,0.2047453073378078,0.17907108388141718,0.17907108388141718,modeled_population_proxy_population_first_evolved_to_2050_then_hdi_reconciled,0.708,0.8134,0.690653,0.797105,0.106452,4,0.746347,0.819948,218031,272728,44640.82410416957,48837.698564811144,0.094014,modeled_proxy_not_official_subdivision_projection,rapid_industrializer,frontier_jumper
732,Amman,Jordan,JOR,Jordan,Asia/Pacific,0.754,1.0,0.765,0.11140807178323746,0.12973182925943458,0.12973182925943458,modeled_population_proxy_population_first_evolved_to_2050_then_hdi_reconciled,0.754,0.8295,0.771353,0.842891,0.071538,12,0.747647,0.83131,11552885,16367354,1287084.6413834873,2123366.7745567234,0.649749,modeled_proxy_not_official_subdivision_projection,rapid_industrializer,fast_converger
755,Balqa,Jordan,JOR,Jordan,Asia/Pacific,0.754,2.0,0.76,0.10284427379527045,0.11433599985824243,0.11433599985824243,modeled_population_proxy_population_first_evolved_to_2050_then_hdi_reconciled,0.754,0.8295,0.766353,0.838735,0.072381,12,0.747647,0.83131,11552885,16367354,1188148.068065273,1871377.7846238036,0.575038,modeled_proxy_not_official_subdivision_projection,rapid_industrializer,fast_converger
764,Aljoun,Jordan,JOR,Jordan,Asia/Pacific,0.754,3.0,0.758,0.09960599982030821,0.10870201004639804,0.10870201004639804,modeled_population_proxy_population_first_evolved_to_2050_then_hdi_reconciled,0.754,0.8295,0.764353,0.837072,0.072719,12,0.747647,0.83131,11552885,16367354,1150736.6612340414,1779164.278940953,0.546109,modeled_proxy_not_official_subdivision_projection,rapid_industrializer,fast_converger
794,Tafiela,Jordan,JOR,Jordan,Asia/Pacific,0.754,4.0,0.751,0.08905418648216848,0.0910811714872039,0.0910811714872039,modeled_population_proxy_population_first_evolved_to_2050_then_hdi_reconciled,0.754,0.8295,0.757353,0.831253,0.0739,12,0.747647,0.83131,11552885,16367354,1028832.775197047,1490757.776465773,0.44898,modeled_proxy_not_official_subdivision_projection,rapid_industrializer,fast_converger
809,Jarash,Jordan,JOR,Jordan,Asia/Pacific,0.754,5.0,0.748,0.08488137685566854,0.08443266145902169,0.08443266145902169,modeled_population_proxy_population_first_evolved_to_2050_then_hdi_reconciled,0.754,0.8295,0.754353,0.828759,0.074406,12,0.747647,0.83131,11552885,16367354,980624.7854552002,1381939.2592619644,0.409244,modeled_proxy_not_official_subdivision_projection,rapid_industrializer,fast_converger
831,Zarqa,Jordan,JOR,Jordan,Asia/Pacific,0.754,6.0,0.743,0.07835665245556618,0.074412677472577,0.074412677472577,modeled_population_proxy_population_first_evolved_to_2050_then_hdi_reconciled,0.754,0.8295,0.749353,0.824602,0.075249,12,0.747647,0.83131,11552885,16367354,905245.3948041237,1217938.634281493,0.345424,modeled_proxy_not_official_subdivision_projection,rapid_industrializer,fast_converger
832,Karak,Jordan,JOR,Jordan,Asia/Pacific,0.754,7.0,0.743,0.07835665245556618,0.074412677472577,0.074412677472577,modeled_population_proxy_population_first_evolved_to_2050_then_hdi_reconciled,0.754,0.8295,0.749353,0.824602,0.075249,12,0.747647,0.83131,11552885,16367354,905245.3948041237,1217938.634281493,0.345424,modeled_proxy_not_official_subdivision_projection,rapid_industrializer,fast_converger
833,Maan,Jordan,JOR,Jordan,Asia/Pacific,0.754,8.0,0.743,0.07835665245556618,0.074412677472577,0.074412677472577,modeled_population_proxy_population_first_evolved_to_2050_then_hdi_reconciled,0.754,0.8295,0.749353,0.824602,0.075249,12,0.747647,0.83131,11552885,16367354,905245.3948041237,1217938.634281493,0.345424,modeled_proxy_not_official_subdivision_projection,rapid_industrializer,fast_converger
841,Aqaba,Jordan,JOR,Jordan,Asia/Pacific,0.754,9.0,0.742,0.0771131715683868,0.0725561486300625,0.0725561486300625,modeled_population_proxy_population_first_evolved_to_2050_then_hdi_reconciled,0.754,0.8295,0.748353,0.823771,0.075418,12,0.747647,0.83131,11552885,16367354,890879.6031148424,1187552.169504848,0.333011,modeled_proxy_not_official_subdivision_projection,rapid_industrializer,fast_converger
847,Madaba,Jordan,JOR,Jordan,Asia/Pacific,0.754,10.0,0.741,0.07588942410100427,0.07074593849909228,0.07074593849909228,modeled_population_proxy_population_first_evolved_to_2050_then_hdi_reconciled,0.754,0.8295,0.747353,0.82294,0.075586,12,0.747647,0.83131,11552885,16367354,876741.7893551307,1157923.819476872,0.320712,modeled_proxy_not_official_subdivision_projection,rapid_industrializer,fast_converger
856,Irbid,Jordan,JOR,Jordan,Asia/Pacific,0.754,11.0,0.74,0.07468509689391535,0.06898089146980449,0.06898089146980449,modeled_population_proxy_population_first_evolved_to_2050_then_hdi_reconciled,0.754,0.8295,0.746353,0.822109,0.075755,12,0.747647,0.83131,11552885,16367354,862828.3356292612,1129034.6699218703,0.308528,modeled_proxy_not_official_subdivision_projection,rapid_industrializer,fast_converger
1001,Mafraq,Jordan,JOR,Jordan,Asia/Pacific,0.754,12.0,0.708,0.049448441333341926,0.036195316873009045,0.036195316873009045,modeled_population_proxy_population_first_evolved_to_2050_then_hdi_reconciled,0.754,0.8295,0.714353,0.795507,0.081153,12,0.747647,0.83131,11552885,16367354,571272.156153346,592421.564402712,0.037022,modeled_proxy_not_official_subdivision_projection,rapid_industrializer,fast_converger
745,"Annobon, Bioko",Equatorial Guinea,GNQ,Equatorial Guinea,Africa,0.674,1.0,0.761,0.28010498262074546,0.30526408116602227,0.30526408116602227,modeled_population_proxy_population_first_evolved_to_2050_then_hdi_reconciled,0.674,0.7275,0.759179,0.795521,0.036342,5,0.675821,0.83967,1892523,3143731,530105.122024361,959668.1551481404,0.810336,modeled_proxy_not_official_subdivision_projection,emerging_mover,frontier_jumper
1025,Litoral,Equatorial Guinea,GNQ,Equatorial Guinea,Africa,0.674,2.0,0.701,0.225022608334345,0.2304673380030249,0.2304673380030249,modeled_population_proxy_population_first_evolved_to_2050_then_hdi_reconciled,0.674,0.7275,0.699179,0.745141,0.045962,5,0.675821,0.83967,1892523,3143731,425860.46179273963,724527.3149675875,0.701326,modeled_proxy_not_official_subdivision_projection,emerging_mover,frontier_jumper
1245,Kie Ntem,Equatorial Guinea,GNQ,Equatorial Guinea,Africa,0.674,3.0,0.628,0.1723961756218719,0.1637175972348591,0.1637175972348591,modeled_population_proxy_population_first_evolved_to_2050_then_hdi_reconciled,0.674,0.7275,0.626179,0.683845,0.057666,5,0.675821,0.83967,1892523,3143731,326263.7274764319,514684.0856727408,0.577509,modeled_proxy_not_official_subdivision_projection,emerging_mover,frontier_jumper
1267,Centro Sur,Equatorial Guinea,GNQ,Equatorial Guinea,Africa,0.674,4.0,0.619,0.1668258803708999,0.15695870761530548,0.15695870761530548,modeled_population_proxy_population_first_evolved_to_2050_then_hdi_reconciled,0.674,0.7275,0.617179,0.676288,0.059109,5,0.675821,0.83967,1892523,3143731,315721.8155971766,493435.9548501719,0.562882,modeled_proxy_not_official_subdivision_projection,emerging_mover,frontier_jumper
1335,Wele Nzas,Equatorial Guinea,GNQ,Equatorial Guinea,Africa,0.674,5.0,0.6,0.15565035305213784,0.1435922759807883,0.1435922759807883,modeled_population_proxy_population_first_evolved_to_2050_then_hdi_reconciled,0.674,0.7275,0.598179,0.660334,0.062155,5,0.675821,0.83967,1892523,3143731,294571.8731092911,451415.4893613596,0.532446,modeled_proxy_not_official_subdivision_projection,emerging_mover,frontier_jumper
760,Metropolitan,Guatemala,GTM,Guatemala,America,0.662,1.0,0.759,0.1965958944351034,0.24099784927822016,0.24099784927822016,modeled_population_proxy_population_first_evolved_to_2050_then_hdi_reconciled,0.662,0.7894,0.759489,0.863027,0.103538,8,0.661511,0.811588,18406366,24670861,3618615.9870698764,5945624.44084192,0.643066,modeled_proxy_not_official_subdivision_projection,rapid_industrializer,accelerator
1127,Central,Guatemala,GTM,Guatemala,America,0.662,2.0,0.674,0.13565128201881524,0.1383609718756715,0.1383609718756715,modeled_population_proxy_population_first_evolved_to_2050_then_hdi_reconciled,0.662,0.7894,0.674489,0.794042,0.119553,8,0.661511,0.811588,18406366,24670861,2496847.145207532,3413484.304969601,0.367118,modeled_proxy_not_official_subdivision_projection,rapid_industrializer,accelerator
1180,North-Oriental,Guatemala,GTM,Guatemala,America,0.662,3.0,0.655,0.12485387242063155,0.12222023470817181,0.12222023470817181,modeled_population_proxy_population_first_evolved_to_2050_then_hdi_reconciled,0.662,0.7894,0.655489,0.778622,0.123133,8,0.661511,0.811588,18406366,24670861,2298106.07229145,3015278.4218726824,0.312071,modeled_proxy_not_official_subdivision_projection,rapid_industrializer,accelerator
1197,South-Oriental,Guatemala,GTM,Guatemala,America,0.662,4.0,0.648,0.12109627822722446,0.11676053884256178,0.11676053884256178,modeled_population_proxy_population_first_evolved_to_2050_then_hdi_reconciled,0.662,0.7894,0.648489,0.772941,0.124452,8,0.661511,0.811588,18406366,24670861,2228942.4182881247,2880583.0240699425,0.292354,modeled_proxy_not_official_subdivision_projection,rapid_industrializer,accelerator
1210,Peten,Guatemala,GTM,Guatemala,America,0.662,5.0,0.642,0.11796562239111306,0.11227533426380835,0.11227533426380835,modeled_population_proxy_population_first_evolved_to_2050_then_hdi_reconciled,0.662,0.7894,0.642489,0.768072,0.125582,8,0.661511,0.811588,18406366,24670861,2171318.4211486224,2769929.165350953,0.27569,modeled_proxy_not_official_subdivision_projection,rapid_industrializer,accelerator
1212,South-Occidental,Guatemala,GTM,Guatemala,America,0.662,6.0,0.641,0.11745177234937046,0.11154473286160249,0.11154473286160249,modeled_population_proxy_population_first_evolved_to_2050_then_hdi_reconciled,0.662,0.7894,0.641489,0.76726,0.125771,8,0.661511,0.811588,18406366,24670861,2161860.3092111927,2751904.599710727,0.272934,modeled_proxy_not_official_subdivision_projection,rapid_industrializer,accelerator
1361,North,Guatemala,GTM,Guatemala,America,0.662,7.0,0.589,0.09359946384547933,0.079435391625756,0.079435391625756,modeled_population_proxy_population_first_evolved_to_2050_then_hdi_reconciled,0.662,0.7894,0.589489,0.725057,0.135568,8,0.661511,0.811588,18406366,24670861,1722825.9889436602,1959739.5052795901,0.137514,modeled_proxy_not_official_subdivision_projection,rapid_industrializer,accelerator
1367,North-Occidental,Guatemala,GTM,Guatemala,America,0.662,8.0,0.587,0.09278581431226253,0.07840494654420796,0.07840494654420796,modeled_population_proxy_population_first_evolved_to_2050_then_hdi_reconciled,0.662,0.7894,0.587489,0.723434,0.135945,8,0.661511,0.811588,18406366,24670861,1707849.6578395425,1934317.537904585,0.132604,modeled_proxy_not_official_subdivision_projection,rapid_industrializer,accelerator
765,Duchanbe,Tajikistan,TJK,Tajikistan,Asia/Pacific,0.691,1.0,0.758,0.29579249460789225,0.34856641664684657,0.34856641664684657,modeled_population_proxy_population_first_evolved_to_2050_then_hdi_reconciled,0.691,0.7711,0.739732,0.808299,0.068566,5,0.709268,0.829562,10590930,15574648,3132717.6049175644,5428799.243895976,0.732936,modeled_proxy_not_official_subdivision_projection,fast_converger,frontier_jumper
1031,GBAO,Tajikistan,TJK,Tajikistan,Asia/Pacific,0.691,2.0,0.7,0.19195335945397954,0.1845642318900517,0.1845642318900517,modeled_population_proxy_population_first_evolved_to_2050_then_hdi_reconciled,0.691,0.7711,0.681732,0.760184,0.078452,5,0.709268,0.829562,10590930,15574648,2032964.5932419356,2874522.9450779296,0.413956,modeled_proxy_not_official_subdivision_projection,fast_converger,frontier_jumper
1057,Sughd (formerly Leninabad),Tajikistan,TJK,Tajikistan,Asia/Pacific,0.691,3.0,0.695,0.18492975771022785,0.17471996716846885,0.17471996716846885,modeled_population_proxy_population_first_evolved_to_2050_then_hdi_reconciled,0.691,0.7711,0.676732,0.756036,0.079304,5,0.709268,0.829562,10590930,15574648,1958578.1188259835,2721201.987220459,0.389376,modeled_proxy_not_official_subdivision_projection,fast_converger,frontier_jumper
1100,DRS,Tajikistan,TJK,Tajikistan,Asia/Pacific,0.691,4.0,0.684,0.1703692392295158,0.15487151222934548,0.15487151222934548,modeled_population_proxy_population_first_evolved_to_2050_then_hdi_reconciled,0.691,0.7711,0.665732,0.746911,0.081179,5,0.709268,0.829562,10590930,15574648,1804368.6868330557,2412069.288199751,0.336794,modeled_proxy_not_official_subdivision_projection,fast_converger,frontier_jumper
1135,Khatlon,Tajikistan,TJK,Tajikistan,Asia/Pacific,0.691,5.0,0.673,0.1569551489983845,0.13727787206528733,0.13727787206528733,modeled_population_proxy_population_first_evolved_to_2050_then_hdi_reconciled,0.691,0.7711,0.654732,0.737786,0.083053,5,0.709268,0.829562,10590930,15574648,1662300.9961814603,2138054.535605883,0.286202,modeled_proxy_not_official_subdivision_projection,fast_converger,frontier_jumper
769,Libreville-Port Gentil,Gabon,GAB,Gabon,Africa,0.733,1.0,0.757,0.14393723977649173,0.1668944794602615,0.1668944794602615,modeled_population_proxy_population_first_evolved_to_2050_then_hdi_reconciled,0.733,0.795,0.788121,0.837891,0.04977,10,0.701879,0.83644,2538953,4084539,365449.886742243,681687.0102401371,0.865336,modeled_proxy_not_official_subdivision_projection,fast_converger,frontier_jumper
798,Estuaire,Gabon,GAB,Gabon,Africa,0.733,2.0,0.75,0.13787581543580463,0.15678374096500294,0.15678374096500294,modeled_population_proxy_population_first_evolved_to_2050_then_hdi_reconciled,0.733,0.795,0.781121,0.832036,0.050915,10,0.701879,0.83644,2538953,4084539,350060.21522818244,640389.3045374522,0.829369,modeled_proxy_not_official_subdivision_projection,fast_converger,frontier_jumper
1000,Haut Ogooue,Gabon,GAB,Gabon,Africa,0.733,3.0,0.708,0.1065068737113937,0.10775944145550881,0.10775944145550881,modeled_population_proxy_population_first_evolved_to_2050_then_hdi_reconciled,0.733,0.795,0.739121,0.796905,0.057785,10,0.701879,0.83644,2538953,4084539,270415.94653016416,440147.6412432425,0.627669,modeled_proxy_not_official_subdivision_projection,fast_converger,frontier_jumper
1035,Ogooue Maritime,Gabon,GAB,Gabon,Africa,0.733,4.0,0.699,0.10077526937647996,0.09943970481051281,0.09943970481051281,modeled_population_proxy_population_first_evolved_to_2050_then_hdi_reconciled,0.733,0.795,0.730121,0.789377,0.059257,10,0.701879,0.83644,2538953,4084539,255863.6725092219,406165.3524470272,0.587429,modeled_proxy_not_official_subdivision_projection,fast_converger,frontier_jumper
1065,Woleu Ntem,Gabon,GAB,Gabon,Africa,0.733,5.0,0.693,0.0971266004474406,0.09425321136234617,0.09425321136234617,modeled_population_proxy_population_first_evolved_to_2050_then_hdi_reconciled,0.733,0.795,0.724121,0.784359,0.060238,10,0.701879,0.83644,2538953,4084539,246599.87358583068,384980.9176847461,0.561156,modeled_proxy_not_official_subdivision_projection,fast_converger,frontier_jumper
1075,Moyen Ogooue,Gabon,GAB,Gabon,Africa,0.733,6.0,0.691,0.09593997367507218,0.09258520649817155,0.09258520649817155,modeled_population_proxy_population_first_evolved_to_2050_then_hdi_reconciled,0.733,0.795,0.722121,0.782686,0.060565,10,0.701879,0.83644,2538953,4084539,243587.08398224553,378167.8867648351,0.552496,modeled_proxy_not_official_subdivision_projection,fast_converger,frontier_jumper
1137,Nyanga,Gabon,GAB,Gabon,Africa,0.733,7.0,0.672,0.08536561229092457,0.07813998269234688,0.07813998269234688,modeled_population_proxy_population_first_evolved_to_2050_then_hdi_reconciled,0.733,0.795,0.703121,0.766793,0.063673,10,0.701879,0.83644,2538953,4084539,216739.27742287982,319165.8067662158,0.472579,modeled_proxy_not_official_subdivision_projection,fast_converger,frontier_jumper
1150,Ogooue Lolo,Gabon,GAB,Gabon,Africa,0.733,8.0,0.667,0.08278210713145226,0.07472861253244054,0.07472861253244054,modeled_population_proxy_population_first_evolved_to_2050_then_hdi_reconciled,0.733,0.795,0.698121,0.762611,0.064491,10,0.701879,0.83644,2538953,4084539,210179.8792477221,305231.93230464216,0.452241,modeled_proxy_not_official_subdivision_projection,fast_converger,frontier_jumper
1155,Ngounie,Gabon,GAB,Gabon,Africa,0.733,9.0,0.664,0.08126968696408356,0.07275369981357428,0.07275369981357428,modeled_population_proxy_population_first_evolved_to_2050_then_hdi_reconciled,0.733,0.795,0.695121,0.760102,0.064981,10,0.701879,0.83644,2538953,4084539,206339.91552652084,297165.32428283687,0.440174,modeled_proxy_not_official_subdivision_projection,fast_converger,frontier_jumper
1223,Ogooue Ivindo,Gabon,GAB,Gabon,Africa,0.733,10.0,0.636,0.06842082119085689,0.056661920409834546,0.056661920409834546,modeled_population_proxy_population_first_evolved_to_2050_then_hdi_reconciled,0.733,0.795,0.667121,0.736681,0.069561,10,0.701879,0.83644,2538953,4084539,173717.24922498967,231437.8237288652,0.332267,modeled_proxy_not_official_subdivision_projection,fast_converger,frontier_jumper
772,Bishkek,Kyrgyzstan,KGZ,Kyrgyzstan,Asia/Pacific,0.72,1.0,0.757,0.19989443031761595,0.24901911794869536,0.24901911794869536,modeled_population_proxy_population_first_evolved_to_2050_then_hdi_reconciled,0.72,0.8056,0.760274,0.836397,0.076122,8,0.716726,0.827472,7186014,9642949,1436444.1747844126,2401278.654404254,0.671683,modeled_proxy_not_official_subdivision_projection,rapid_industrializer,frontier_jumper
927,Chuy,Kyrgyzstan,KGZ,Kyrgyzstan,Asia/Pacific,0.72,2.0,0.725,0.1410675669209062,0.14703576720050798,0.14703576720050798,modeled_population_proxy_population_first_evolved_to_2050_then_hdi_reconciled,0.72,0.8056,0.728274,0.809918,0.081643,8,0.716726,0.827472,7186014,9642949,1013713.5108395688,1417858.4042903713,0.398678,modeled_proxy_not_official_subdivision_projection,rapid_industrializer,frontier_jumper
957,Issyk-Kul,Kyrgyzstan,KGZ,Kyrgyzstan,Asia/Pacific,0.72,3.0,0.719,0.13201587439903908,0.13286435488462753,0.13286435488462753,modeled_population_proxy_population_first_evolved_to_2050_then_hdi_reconciled,0.72,0.8056,0.722274,0.804953,0.082678,8,0.716726,0.827472,7186014,9642949,948667.9216537365,1281204.198070364,0.35053,modeled_proxy_not_official_subdivision_projection,rapid_industrializer,frontier_jumper
1019,Naryn,Kyrgyzstan,KGZ,Kyrgyzstan,Asia/Pacific,0.72,4.0,0.703,0.11061739798413421,0.10139965089446167,0.10139965089446167,modeled_population_proxy_population_first_evolved_to_2050_then_hdi_reconciled,0.72,0.8056,0.706274,0.791713,0.085439,8,0.716726,0.827472,7186014,9642949,794898.1705575602,977791.6621930982,0.230084,modeled_proxy_not_official_subdivision_projection,rapid_industrializer,frontier_jumper
1037,Batken,Kyrgyzstan,KGZ,Kyrgyzstan,Asia/Pacific,0.72,5.0,0.699,0.10583340255586586,0.09477492598484451,0.09477492598484451,modeled_population_proxy_population_first_evolved_to_2050_then_hdi_reconciled,0.72,0.8056,0.702274,0.788403,0.086129,8,0.716726,0.827472,7186014,9642949,760520.3124340879,913909.7777506304,0.20169,modeled_proxy_not_official_subdivision_projection,rapid_industrializer,frontier_jumper
1041,Osh,Kyrgyzstan,KGZ,Kyrgyzstan,Asia/Pacific,0.72,6.0,0.698,0.10467008794982742,0.09318750894209174,0.09318750894209174,modeled_population_proxy_population_first_evolved_to_2050_then_hdi_reconciled,0.72,0.8056,0.701274,0.787576,0.086301,8,0.716726,0.827472,7186014,9642949,752160.7173886911,898602.3961656346,0.194695,modeled_proxy_not_official_subdivision_projection,rapid_industrializer,frontier_jumper
1046,Talas,Kyrgyzstan,KGZ,Kyrgyzstan,Asia/Pacific,0.72,7.0,0.697,0.10351956043028471,0.09162668008014138,0.09162668008014138,modeled_population_proxy_population_first_evolved_to_2050_then_hdi_reconciled,0.72,0.8056,0.700274,0.786748,0.086474,8,0.716726,0.827472,7186014,9642949,743893.0105258719,883551.4030521193,0.18774,modeled_proxy_not_official_subdivision_projection,rapid_industrializer,frontier_jumper
1052,Jalal-Abad,Kyrgyzstan,KGZ,Kyrgyzstan,Asia/Pacific,0.72,8.0,0.696,0.10238167944232665,0.09009199406462993,0.09009199406462993,modeled_population_proxy_population_first_evolved_to_2050_then_hdi_reconciled,0.72,0.8056,0.699274,0.785921,0.086646,8,0.716726,0.827472,7186014,9642949,735716.1818160715,868752.5040735292,0.180826,modeled_proxy_not_official_subdivision_projection,rapid_industrializer,frontier_jumper
776,"Pacifico (Chinandega, Leon, Managua, Masaya, Granada, Carazo, Rivas)",Nicaragua,NIC,Nicaragua,America,0.706,1.0,0.756,0.4320946227448046,0.4826653627606104,0.4826653627606104,modeled_population_proxy_population_first_evolved_to_2050_then_hdi_reconciled,0.706,0.7847,0.777456,0.837962,0.060505,3,0.684544,0.830094,6916136,8756437,2988425.1757717617,4226428.841095431,0.414266,modeled_proxy_not_official_subdivision_projection,fast_converger,accelerator
1167,"Central-Norte (Boaco, Chontales, Jinotega, Matagalpa, Esteli, Madriz, Nueva Segovia)",Nicaragua,NIC,Nicaragua,America,0.706,2.0,0.66,0.31511072835005793,0.3009300161910064,0.3009300161910064,modeled_population_proxy_population_first_evolved_to_2050_then_hdi_reconciled,0.706,0.7847,0.681456,0.758272,0.076816,3,0.684544,0.830094,6916136,8756437,2179348.6523280563,2635074.7281855275,0.209111,modeled_proxy_not_official_subdivision_projection,fast_converger,accelerator
1350,"Atlantico (Rio San Juan, Atlantico Norte (Raan), Atlantico Sur (Raas))",Nicaragua,NIC,Nicaragua,America,0.706,3.0,0.593,0.2527946489051374,0.21640462104838323,0.21640462104838323,modeled_population_proxy_population_first_evolved_to_2050_then_hdi_reconciled,0.706,0.7847,0.614456,0.702656,0.0882,3,0.684544,0.830094,6916136,8756437,1748362.1719001816,1894933.4307190417,0.083833,modeled_proxy_not_official_subdivision_projection,fast_converger,accelerator
778,Khomas,Namibia,NAM,Namibia,Africa,0.665,1.0,0.755,0.11667085570910907,0.1399066713695435,0.1399066713695435,modeled_population_proxy_population_first_evolved_to_2050_then_hdi_reconciled,0.665,0.7983,0.758635,0.869289,0.110654,13,0.661365,0.809346,3030127,4512303,353527.50999727554,631301.2929408052,0.78572,modeled_proxy_not_official_subdivision_projection,rapid_industrializer,accelerator
966,Erongo,Namibia,NAM,Namibia,Africa,0.665,2.0,0.717,0.09954056614502108,0.11061700132601299,0.11061700132601299,modeled_population_proxy_population_first_evolved_to_2050_then_hdi_reconciled,0.665,0.7983,0.720635,0.838534,0.117899,13,0.661365,0.809346,3030127,4512303,301620.55707131425,499137.4269343724,0.654852,modeled_proxy_not_official_subdivision_projection,rapid_industrializer,accelerator
1039,Karas,Namibia,NAM,Namibia,Africa,0.665,3.0,0.699,0.09232807162364719,0.09896878886188677,0.09896878886188677,modeled_population_proxy_population_first_evolved_to_2050_then_hdi_reconciled,0.665,0.7983,0.702635,0.823966,0.121331,13,0.661365,0.809346,3030127,4512303,279765.7826847472,446577.1628878583,0.596254,modeled_proxy_not_official_subdivision_projection,rapid_industrializer,accelerator
1101,Oshana,Namibia,NAM,Namibia,Africa,0.665,4.0,0.683,0.08635689463419932,0.08964868462430116,0.08964868462430116,modeled_population_proxy_population_first_evolved_to_2050_then_hdi_reconciled,0.665,0.7983,0.686635,0.811016,0.124381,13,0.661365,0.809346,3030127,4512303,261672.3580672425,404522.02857628796,0.54591,modeled_proxy_not_official_subdivision_projection,rapid_industrializer,accelerator
1108,Hardap,Namibia,NAM,Namibia,Africa,0.665,5.0,0.681,0.08563817888399375,0.08854715867700305,0.08854715867700305,modeled_population_proxy_population_first_evolved_to_2050_then_hdi_reconciled,0.665,0.7983,0.684635,0.809397,0.124763,13,0.661365,0.809346,3030127,4512303,259494.55806721933,399551.6097397169,0.53973,modeled_proxy_not_official_subdivision_projection,rapid_industrializer,accelerator
1182,Otjozondjupa,Namibia,NAM,Namibia,Africa,0.665,6.0,0.654,0.07650114071100404,0.07493577299874606,0.07493577299874606,modeled_population_proxy_population_first_evolved_to_2050_then_hdi_reconciled,0.665,0.7983,0.657635,0.787545,0.12991,13,0.661365,0.809346,3030127,4512303,231808.17199921256,338132.9133095608,0.458676,modeled_proxy_not_official_subdivision_projection,rapid_industrializer,accelerator
1228,Oshikoto,Namibia,NAM,Namibia,Africa,0.665,7.0,0.634,0.0703674763612947,0.06622108227570947,0.06622108227570947,modeled_population_proxy_population_first_evolved_to_2050_then_hdi_reconciled,0.665,0.7983,0.637635,0.771358,0.133724,13,0.661365,0.809346,3030127,4512303,213222.39004422084,298809.5882159307,0.401399,modeled_proxy_not_official_subdivision_projection,rapid_industrializer,accelerator
1235,Omusati,Namibia,NAM,Namibia,Africa,0.665,8.0,0.632,0.06978183448779625,0.06540741456055502,0.06540741456055502,modeled_population_proxy_population_first_evolved_to_2050_then_hdi_reconciled,0.665,0.7983,0.635635,0.769739,0.134105,13,0.661365,0.809346,3030127,4512303,211447.8207910026,295138.0729438361,0.395796,modeled_proxy_not_official_subdivision_projection,rapid_industrializer,accelerator
1248,Caprivi,Namibia,NAM,Namibia,Africa,0.665,9.0,0.626,0.06805399139853825,0.06302590744964978,0.06302590744964978,modeled_population_proxy_population_first_evolved_to_2050_then_hdi_reconciled,0.665,0.7983,0.629635,0.764883,0.135249,13,0.661365,0.809346,3030127,4512303,206212.23679447852,284391.99126277707,0.379123,modeled_proxy_not_official_subdivision_projection,rapid_industrializer,accelerator
1310,Omaheke,Namibia,NAM,Namibia,Africa,0.665,10.0,0.609,0.0633872713592548,0.05673879754915433,0.05673879754915433,modeled_population_proxy_population_first_evolved_to_2050_then_hdi_reconciled,0.665,0.7983,0.612635,0.751124,0.13849,13,0.661365,0.809346,3030127,4512303,192071.48240200468,256022.6463974417,0.332955,modeled_proxy_not_official_subdivision_projection,rapid_industrializer,accelerator
1359,Ohangwena,Namibia,NAM,Namibia,Africa,0.665,11.0,0.59,0.05854919370929558,0.05045124131740369,0.05045124131740369,modeled_population_proxy_population_first_evolved_to_2050_then_hdi_reconciled,0.665,0.7983,0.593635,0.735747,0.142112,13,0.661365,0.809346,3030127,4512303,177411.4926867667,227651.2875502446,0.283182,modeled_proxy_not_official_subdivision_projection,rapid_industrializer,accelerator
1365,Kunene,Namibia,NAM,Namibia,Africa,0.665,12.0,0.588,0.058061910929397616,0.0498313398473775,0.0498313398473775,modeled_population_proxy_population_first_evolved_to_2050_then_hdi_reconciled,0.665,0.7983,0.591635,0.734128,0.142494,13,0.661365,0.809346,3030127,4512303,175934.9639787628,224854.10428734103,0.278052,modeled_proxy_not_official_subdivision_projection,rapid_industrializer,accelerator
1405,Kavango,Namibia,NAM,Namibia,Africa,0.665,13.0,0.574,0.05476261404744839,0.045700139142656644,0.045700139142656644,modeled_population_proxy_population_first_evolved_to_2050_then_hdi_reconciled,0.665,0.7983,0.577635,0.722797,0.145163,13,0.661365,0.809346,3030127,4512303,165937.67541575263,206212.874953827,0.242713,modeled_proxy_not_official_subdivision_projection,rapid_industrializer,accelerator
783,Belize,Belize,BLZ,Belize,America,0.721,1.0,0.753,0.31595671421068067,0.35362018254477934,0.35362018254477934,modeled_population_proxy_population_first_evolved_to_2050_then_hdi_reconciled,0.721,0.8128,0.759774,0.841217,0.081443,4,0.714226,0.825116,417077,516628,131778.27849284807,182690.08766774426,0.386344,modeled_proxy_not_official_subdivision_projection,rapid_industrializer,moderate
902,"Stann Creek, Toledo",Belize,BLZ,Belize,America,0.721,2.0,0.731,0.2802378656832043,0.29310117043081696,0.29310117043081696,modeled_population_proxy_population_first_evolved_to_2050_then_hdi_reconciled,0.721,0.8128,0.737774,0.823064,0.08529,4,0.714226,0.825116,417077,516628,116880.76830555381,151424.2714773321,0.295545,modeled_proxy_not_official_subdivision_projection,rapid_industrializer,moderate
1069,"Corozal, Orange Walk",Belize,BLZ,Belize,America,0.721,3.0,0.692,0.22655119492631445,0.21013854805664733,0.21013854805664733,modeled_population_proxy_population_first_evolved_to_2050_then_hdi_reconciled,0.721,0.8128,0.698774,0.790885,0.092111,4,0.714226,0.825116,417077,516628,94489.29272628245,108563.4578054096,0.14895,modeled_proxy_not_official_subdivision_projection,rapid_industrializer,moderate
1198,Cayo,Belize,BLZ,Belize,America,0.721,4.0,0.647,0.17725422517980058,0.14314009896775634,0.14314009896775634,modeled_population_proxy_population_first_evolved_to_2050_then_hdi_reconciled,0.721,0.8128,0.653774,0.753754,0.099981,4,0.714226,0.825116,417077,516628,73928.66047531569,73950.18304951402,0.000291,modeled_proxy_not_official_subdivision_projection,rapid_industrializer,moderate
786,National Capital Region,Philippines,PHL,Philippines,Asia/Pacific,0.72,1.0,0.753,0.08039481922796429,0.0947245849305919,0.0947245849305919,modeled_population_proxy_population_first_evolved_to_2050_then_hdi_reconciled,0.72,0.841,0.755404,0.867799,0.112395,17,0.717596,0.81402,115843663,134373432,9313230.345590215,12728467.571899114,0.366708,modeled_proxy_not_official_subdivision_projection,rapid_industrializer,accelerator
810,Cordillera Admin Region,Philippines,PHL,Philippines,Asia/Pacific,0.72,2.0,0.748,0.07707756932253623,0.08862985342825434,0.08862985342825434,modeled_population_proxy_population_first_evolved_to_2050_then_hdi_reconciled,0.72,0.841,0.750404,0.863729,0.113325,17,0.717596,0.81402,115843663,134373432,8928947.965459026,11909497.582811503,0.333807,modeled_proxy_not_official_subdivision_projection,rapid_industrializer,accelerator
889,III-Central Luzon,Philippines,PHL,Philippines,Asia/Pacific,0.72,3.0,0.734,0.0684995728831897,0.07357131650949802,0.07357131650949802,modeled_population_proxy_population_first_evolved_to_2050_then_hdi_reconciled,0.72,0.841,0.736404,0.852332,0.115928,17,0.717596,0.81402,115843663,134373432,7935241.436724165,9886030.29613951,0.245839,modeled_proxy_not_official_subdivision_projection,rapid_industrializer,accelerator
890,IVA-CALABARZON,Philippines,PHL,Philippines,Asia/Pacific,0.72,4.0,0.734,0.0684995728831897,0.07357131650949802,0.07357131650949802,modeled_population_proxy_population_first_evolved_to_2050_then_hdi_reconciled,0.72,0.841,0.736404,0.852332,0.115928,17,0.717596,0.81402,115843663,134373432,7935241.436724165,9886030.29613951,0.245839,modeled_proxy_not_official_subdivision_projection,rapid_industrializer,accelerator
921,II-Cagayan Valley,Philippines,PHL,Philippines,Asia/Pacific,0.72,5.0,0.727,0.06457550185833008,0.06703054889637805,0.06703054889637805,modeled_population_proxy_population_first_evolved_to_2050_then_hdi_reconciled,0.72,0.841,0.729404,0.846634,0.11723,17,0.717596,0.81402,115843663,134373432,7480662.675332264,9007124.90405013,0.204054,modeled_proxy_not_official_subdivision_projection,rapid_industrializer,accelerator
935,VI-Western Visayas,Philippines,PHL,Philippines,Asia/Pacific,0.72,6.0,0.723,0.062434947094996966,0.06355747449594899,0.06355747449594899,modeled_population_proxy_population_first_evolved_to_2050_then_hdi_reconciled,0.72,0.841,0.725404,0.843378,0.117974,17,0.717596,0.81402,115843663,134373432,7232692.970695658,8540435.977273136,0.18081,modeled_proxy_not_official_subdivision_projection,rapid_industrializer,accelerator
948,X-Northern Mindanao,Philippines,PHL,Philippines,Asia/Pacific,0.72,7.0,0.721,0.061391426814518375,0.061889013464616366,0.061889013464616366,modeled_population_proxy_population_first_evolved_to_2050_then_hdi_reconciled,0.72,0.841,0.723404,0.84175,0.118346,17,0.717596,0.81402,115843663,134373432,7111807.75899023,8316239.142334712,0.169357,modeled_proxy_not_official_subdivision_projection,rapid_industrializer,accelerator
954,I-Ilocos,Philippines,PHL,Philippines,Asia/Pacific,0.72,8.0,0.72,0.06087622542356816,0.06107128020156704,0.06107128020156704,modeled_population_proxy_population_first_evolved_to_2050_then_hdi_reconciled,0.72,0.841,0.722404,0.840936,0.118532,17,0.717596,0.81402,115843663,134373432,7052124.9426798625,8206357.517318215,0.163672,modeled_proxy_not_official_subdivision_projection,rapid_industrializer,accelerator
958,XIII-Caraga,Philippines,PHL,Philippines,Asia/Pacific,0.72,9.0,0.719,0.06036534764076667,0.06026435156525294,0.06026435156525294,modeled_population_proxy_population_first_evolved_to_2050_then_hdi_reconciled,0.72,0.841,0.721404,0.840122,0.118718,17,0.717596,0.81402,115843663,134373432,6992942.988974819,8097927.747077609,0.158014,modeled_proxy_not_official_subdivision_projection,rapid_industrializer,accelerator
967,XI-Davao,Philippines,PHL,Philippines,Asia/Pacific,0.72,10.0,0.717,0.05935641806795171,0.05868233901735724,0.05868233901735724,modeled_population_proxy_population_first_evolved_to_2050_then_hdi_reconciled,0.72,0.841,0.719404,0.838494,0.11909,17,0.717596,0.81402,115843663,134373432,6876064.891550909,7885347.2915498,0.146782,modeled_proxy_not_official_subdivision_projection,rapid_industrializer,accelerator
1004,VIII-Eastern Visayas,Philippines,PHL,Philippines,Asia/Pacific,0.72,11.0,0.706,0.05410128364071224,0.050695045873982846,0.050695045873982846,modeled_population_proxy_population_first_evolved_to_2050_then_hdi_reconciled,0.72,0.841,0.708404,0.82954,0.121136,17,0.717596,0.81402,115843663,134373432,6267290.869942082,6812067.299484515,0.086924,modeled_proxy_not_official_subdivision_projection,rapid_industrializer,accelerator
1012,IVB-MIMAROPA,Philippines,PHL,Philippines,Asia/Pacific,0.72,12.0,0.704,0.05319704988532669,0.049364239242769864,0.049364239242769864,modeled_population_proxy_population_first_evolved_to_2050_then_hdi_reconciled,0.72,0.841,0.706404,0.827912,0.121508,17,0.717596,0.81402,115843663,134373432,6162541.119509974,6633242.245120068,0.076381,modeled_proxy_not_official_subdivision_projection,rapid_industrializer,accelerator
1013,VII-Central Visayas,Philippines,PHL,Philippines,Asia/Pacific,0.72,13.0,0.704,0.05319704988532669,0.049364239242769864,0.049364239242769864,modeled_population_proxy_population_first_evolved_to_2050_then_hdi_reconciled,0.72,0.841,0.706404,0.827912,0.121508,17,0.717596,0.81402,115843663,134373432,6162541.119509974,6633242.245120068,0.076381,modeled_proxy_not_official_subdivision_projection,rapid_industrializer,accelerator
1063,XII-SOCCSKSARGEN,Philippines,PHL,Philippines,Asia/Pacific,0.72,14.0,0.694,0.04889758874661865,0.04321625095232776,0.04321625095232776,modeled_population_proxy_population_first_evolved_to_2050_then_hdi_reconciled,0.72,0.841,0.696404,0.819772,0.123368,17,0.717596,0.81402,115843663,134373432,5664475.792275883,5807115.95863755,0.025182,modeled_proxy_not_official_subdivision_projection,rapid_industrializer,accelerator
1082,V-Bicol,Philippines,PHL,Philippines,Asia/Pacific,0.72,15.0,0.69,0.04727672691055106,0.04097707407945035,0.04097707407945035,modeled_population_proxy_population_first_evolved_to_2050_then_hdi_reconciled,0.72,0.841,0.692404,0.816515,0.124112,17,0.717596,0.81402,115843663,134373432,5476709.2199689085,5506230.077373984,0.00539,modeled_proxy_not_official_subdivision_projection,rapid_industrializer,accelerator
1099,IX-Zamboanga Peninsula,Philippines,PHL,Philippines,Asia/Pacific,0.72,16.0,0.684,0.04494561616457138,0.03783395378969844,0.03783395378969844,modeled_population_proxy_population_first_evolved_to_2050_then_hdi_reconciled,0.72,0.841,0.686404,0.811631,0.125227,17,0.717596,0.81402,115843663,134373432,5206664.812295959,5083878.216851186,-0.023583,modeled_proxy_not_official_subdivision_projection,rapid_industrializer,accelerator
1218,ARMM,Philippines,PHL,Philippines,Asia/Pacific,0.72,17.0,0.639,0.03491328354988138,0.025557117800037905,0.025557117800037905,modeled_population_proxy_population_first_evolved_to_2050_then_hdi_reconciled,0.72,0.841,0.641404,0.775,0.133597,17,0.717596,0.81402,115843663,134373432,4044482.6537759025,3434197.630819383,-0.150893,modeled_proxy_not_official_subdivision_projection,rapid_industrializer,accelerator
787,Federal District,Venezuela,VEN,Venezuela,America,0.709,1.0,0.753,0.06256841069617283,0.072602778901815,0.072602778901815,modeled_population_proxy_population_first_evolved_to_2050_then_hdi_reconciled,0.709,0.7142,0.757773,0.754011,-0.003761,24,0.704227,0.858024,28405544,31094887,1777289.743040208,2257575.2058379217,0.270235,modeled_proxy_not_official_subdivision_projection,stable_or_slow,conflict_recovery
857,Miranda,Venezuela,VEN,Venezuela,America,0.709,2.0,0.74,0.056500494907898234,0.06295082286862769,0.06295082286862769,modeled_population_proxy_population_first_evolved_to_2050_then_hdi_reconciled,0.709,0.7142,0.744773,0.742857,-0.001916,24,0.704227,0.858024,28405544,31094887,1604927.2941280792,1957448.7236569938,0.219649,modeled_proxy_not_official_subdivision_projection,stable_or_slow,conflict_recovery
891,Aragua,Venezuela,VEN,Venezuela,America,0.709,3.0,0.734,0.05390198672770659,0.058939745736182346,0.058939745736182346,modeled_population_proxy_population_first_evolved_to_2050_then_hdi_reconciled,0.709,0.7142,0.738773,0.737709,-0.001064,24,0.704227,0.858024,28405544,31094887,1531115.2556812854,1832724.733475322,0.196987,modeled_proxy_not_official_subdivision_projection,stable_or_slow,conflict_recovery
913,Carabobo,Venezuela,VEN,Venezuela,America,0.709,4.0,0.729,0.05182809030084559,0.055793117677415925,0.055793117677415925,modeled_population_proxy_population_first_evolved_to_2050_then_hdi_reconciled,0.709,0.7142,0.733773,0.733419,-0.000354,24,0.704227,0.858024,28405544,31094887,1472205.0994766427,1734880.6895569507,0.178423,modeled_proxy_not_official_subdivision_projection,stable_or_slow,conflict_recovery
918,Nueva Esparta,Venezuela,VEN,Venezuela,America,0.709,5.0,0.728,0.05142298625755412,0.05518424492552715,0.05518424492552715,modeled_population_proxy_population_first_evolved_to_2050_then_hdi_reconciled,0.709,0.7142,0.732773,0.732561,-0.000212,24,0.704227,0.858024,28405544,31094887,1460697.898750349,1715947.86013959,0.174745,modeled_proxy_not_official_subdivision_projection,stable_or_slow,conflict_recovery
919,Vargas,Venezuela,VEN,Venezuela,America,0.709,6.0,0.728,0.05142298625755412,0.05518424492552715,0.05518424492552715,modeled_population_proxy_population_first_evolved_to_2050_then_hdi_reconciled,0.709,0.7142,0.732773,0.732561,-0.000212,24,0.704227,0.858024,28405544,31094887,1460697.898750349,1715947.86013959,0.174745,modeled_proxy_not_official_subdivision_projection,stable_or_slow,conflict_recovery
959,Anzoategui,Venezuela,VEN,Venezuela,America,0.709,7.0,0.719,0.04791660886690783,0.049994862056794445,0.049994862056794445,modeled_population_proxy_population_first_evolved_to_2050_then_hdi_reconciled,0.709,0.7142,0.723773,0.724838,0.001066,24,0.704227,0.858024,28405544,31094887,1361097.3414997405,1554584.5862366108,0.142155,modeled_proxy_not_official_subdivision_projection,stable_or_slow,conflict_recovery
984,Bolivar,Venezuela,VEN,Venezuela,America,0.709,8.0,0.712,0.04535557554748319,0.04629847597837311,0.04629847597837311,modeled_population_proxy_population_first_evolved_to_2050_then_hdi_reconciled,0.709,0.7142,0.716773,0.718832,0.00206,24,0.704227,0.858024,28405544,31094887,1288349.796859358,1439645.8788197264,0.117434,modeled_proxy_not_official_subdivision_projection,stable_or_slow,conflict_recovery
1005,Tachira,Venezuela,VEN,Venezuela,America,0.709,9.0,0.706,0.0432696321540748,0.0433484468953304,0.0433484468953304,modeled_population_proxy_population_first_evolved_to_2050_then_hdi_reconciled,0.709,0.7142,0.710773,0.713684,0.002911,24,0.704227,0.858024,28405544,31094887,1229097.4400163863,1347915.0578357996,0.096671,modeled_proxy_not_official_subdivision_projection,stable_or_slow,conflict_recovery
1032,Monagas,Venezuela,VEN,Venezuela,America,0.709,10.0,0.7,0.0412796231587637,0.04058638666886222,0.04058638666886222,modeled_population_proxy_population_first_evolved_to_2050_then_hdi_reconciled,0.709,0.7142,0.704773,0.708536,0.003763,24,0.704227,0.858024,28405544,31094887,1172570.1519396813,1262029.107206577,0.076293,modeled_proxy_not_official_subdivision_projection,stable_or_slow,conflict_recovery
1042,Falcon,Venezuela,VEN,Venezuela,America,0.709,11.0,0.698,0.04063683705863028,0.039705378233007266,0.039705378233007266,modeled_population_proxy_population_first_evolved_to_2050_then_hdi_reconciled,0.709,0.7142,0.702773,0.70682,0.004047,24,0.704227,0.858024,28405544,31094887,1154311.4630897532,1234634.2494476207,0.069585,modeled_proxy_not_official_subdivision_projection,stable_or_slow,conflict_recovery
1043,Merida,Venezuela,VEN,Venezuela,America,0.709,12.0,0.698,0.04063683705863028,0.039705378233007266,0.039705378233007266,modeled_population_proxy_population_first_evolved_to_2050_then_hdi_reconciled,0.709,0.7142,0.702773,0.70682,0.004047,24,0.704227,0.858024,28405544,31094887,1154311.4630897532,1234634.2494476207,0.069585,modeled_proxy_not_official_subdivision_projection,stable_or_slow,conflict_recovery
1058,Zulia,Venezuela,VEN,Venezuela,America,0.709,13.0,0.695,0.03969137626531249,0.03841959308159729,0.03841959308159729,modeled_population_proxy_population_first_evolved_to_2050_then_hdi_reconciled,0.709,0.7142,0.699773,0.704246,0.004473,24,0.704227,0.858024,28405544,31094887,1127455.1349248895,1194652.9054582496,0.059601,modeled_proxy_not_official_subdivision_projection,stable_or_slow,conflict_recovery
1068,Amacuros Delta Federal Territory,Venezuela,VEN,Venezuela,America,0.709,14.0,0.693,0.03907332156892188,0.037585619220283584,0.037585619220283584,modeled_population_proxy_population_first_evolved_to_2050_then_hdi_reconciled,0.709,0.7142,0.697773,0.70253,0.004757,24,0.704227,0.858024,28405544,31094887,1109898.9550521595,1168720.582479746,0.052997,modeled_proxy_not_official_subdivision_projection,stable_or_slow,conflict_recovery
1074,Amazonas Federal Territory,Venezuela,VEN,Venezuela,America,0.709,15.0,0.692,0.03876791265918747,0.037175445701420326,0.037175445701420326,modeled_population_proxy_population_first_evolved_to_2050_then_hdi_reconciled,0.709,0.7142,0.696773,0.701672,0.004899,24,0.704227,0.858024,28405544,31094887,1101223.6488287067,1155966.2832603008,0.049711,modeled_proxy_not_official_subdivision_projection,stable_or_slow,conflict_recovery
1088,Lara,Venezuela,VEN,Venezuela,America,0.709,16.0,0.689,0.037865934451455724,0.03597158773035591,0.03597158773035591,modeled_population_proxy_population_first_evolved_to_2050_then_hdi_reconciled,0.709,0.7142,0.693773,0.699098,0.005325,24,0.704227,0.858024,28405544,31094887,1075602.4671619413,1118532.4556860034,0.039913,modeled_proxy_not_official_subdivision_projection,stable_or_slow,conflict_recovery
1094,Cojedes,Venezuela,VEN,Venezuela,America,0.709,17.0,0.686,0.03698494176064814,0.03480671447049403,0.03480671447049403,modeled_population_proxy_population_first_evolved_to_2050_then_hdi_reconciled,0.709,0.7142,0.690773,0.696524,0.005751,24,0.704227,0.858024,28405544,31094887,1050577.3905195282,1082310.8533012767,0.030206,modeled_proxy_not_official_subdivision_projection,stable_or_slow,conflict_recovery
1113,Sucre,Venezuela,VEN,Venezuela,America,0.709,18.0,0.679,0.03500818108400904,0.03223326893006704,0.03223326893006704,modeled_population_proxy_population_first_evolved_to_2050_then_hdi_reconciled,0.709,0.7142,0.683773,0.690517,0.006745,24,0.704227,0.858024,28405544,31094887,994426.4281417865,1002289.8550210455,0.007907,modeled_proxy_not_official_subdivision_projection,stable_or_slow,conflict_recovery
1116,Trujillo,Venezuela,VEN,Venezuela,America,0.709,19.0,0.678,0.03473454654291192,0.03188150584578675,0.03188150584578675,modeled_population_proxy_population_first_evolved_to_2050_then_hdi_reconciled,0.709,0.7142,0.682773,0.689659,0.006887,24,0.704227,0.858024,28405544,31094887,986653.6901447325,991351.8216645784,0.004762,modeled_proxy_not_official_subdivision_projection,stable_or_slow,conflict_recovery
1123,Yaracuy,Venezuela,VEN,Venezuela,America,0.709,20.0,0.676,0.03419367717435324,0.031189454202287133,0.031189454202287133,modeled_population_proxy_population_first_evolved_to_2050_then_hdi_reconciled,0.709,0.7142,0.680773,0.687943,0.007171,24,0.704227,0.858024,28405544,31094887,971290.0014978866,969832.5540117936,-0.001501,modeled_proxy_not_official_subdivision_projection,stable_or_slow,conflict_recovery
1144,Guarico,Venezuela,VEN,Venezuela,America,0.709,21.0,0.671,0.032878064351557636,0.02952433653839672,0.02952433653839672,modeled_population_proxy_population_first_evolved_to_2050_then_hdi_reconciled,0.709,0.7142,0.675773,0.683653,0.007881,24,0.704227,0.858024,28405544,31094887,933919.3035730019,918055.9084114172,-0.016986,modeled_proxy_not_official_subdivision_projection,stable_or_slow,conflict_recovery
1173,Portuguesa,Venezuela,VEN,Venezuela,America,0.709,22.0,0.657,0.02945747083417944,0.025319946813869846,0.025319946813869846,modeled_population_proxy_population_first_evolved_to_2050_then_hdi_reconciled,0.709,0.7142,0.661773,0.671641,0.009868,24,0.704227,0.858024,28405544,31094887,836755.4839090008,787320.8850232929,-0.059079,modeled_proxy_not_official_subdivision_projection,stable_or_slow,conflict_recovery
1178,Barinas,Venezuela,VEN,Venezuela,America,0.709,23.0,0.656,0.02922722232471676,0.025043629118497914,0.025043629118497914,modeled_population_proxy_population_first_evolved_to_2050_then_hdi_reconciled,0.709,0.7142,0.660773,0.670783,0.01001,24,0.704227,0.858024,28405544,31094887,830215.1497425243,778728.8175096023,-0.062016,modeled_proxy_not_official_subdivision_projection,stable_or_slow,conflict_recovery
1221,Apure,Venezuela,VEN,Venezuela,America,0.709,24.0,0.638,0.02537728199052477,0.020555015246473463,0.020555015246473463,modeled_population_proxy_population_first_evolved_to_2050_then_hdi_reconciled,0.709,0.7142,0.642773,0.655338,0.012566,24,0.704227,0.858024,28405544,31094887,720855.500182259,639155.8763723695,-0.113337,modeled_proxy_not_official_subdivision_projection,stable_or_slow,conflict_recovery
802,National Capital District,Papua New Guinea,PNG,Papua New Guinea,Asia/Pacific,0.576,1.0,0.749,0.0737795290512072,0.0881837017766388,0.0881837017766388,modeled_population_proxy_population_first_evolved_to_2050_then_hdi_reconciled,0.576,0.6831,0.730422,0.805977,0.075555,22,0.594578,0.819302,10576509,14906592,780329.8530258544,1314518.4634340296,0.684568,modeled_proxy_not_official_subdivision_projection,rapid_industrializer,moderate
1236,Manus,Papua New Guinea,PNG,Papua New Guinea,Asia/Pacific,0.576,2.0,0.632,0.05489011390884961,0.05856062407514886,0.05856062407514886,modeled_population_proxy_population_first_evolved_to_2050_then_hdi_reconciled,0.576,0.6831,0.613422,0.710118,0.096697,22,0.594578,0.819302,10576509,14906592,580545.7837679731,872939.3303536214,0.503653,modeled_proxy_not_official_subdivision_projection,rapid_industrializer,moderate
1262,East New Britain,Papua New Guinea,PNG,Papua New Guinea,Asia/Pacific,0.576,3.0,0.621,0.052442354267306646,0.05494004067373482,0.05494004067373482,modeled_population_proxy_population_first_evolved_to_2050_then_hdi_reconciled,0.576,0.6831,0.602422,0.701106,0.098685,22,0.594578,0.819302,10576509,14906592,554657.0318893571,818968.77078677,0.476532,modeled_proxy_not_official_subdivision_projection,rapid_industrializer,moderate
1266,New Ireland,Papua New Guinea,PNG,Papua New Guinea,Asia/Pacific,0.576,4.0,0.62,0.05222531804619392,0.05462221090764586,0.05462221090764586,modeled_population_proxy_population_first_evolved_to_2050_then_hdi_reconciled,0.576,0.6831,0.601422,0.700287,0.098865,22,0.594578,0.819302,10576509,14906592,552361.5463434324,814231.0121382265,0.474091,modeled_proxy_not_official_subdivision_projection,rapid_industrializer,moderate
1285,Morobe,Papua New Guinea,PNG,Papua New Guinea,Asia/Pacific,0.576,5.0,0.614,0.0509418337496427,0.05275347392106664,0.05275347392106664,modeled_population_proxy_population_first_evolved_to_2050_then_hdi_reconciled,0.576,0.6831,0.595422,0.695371,0.099949,22,0.594578,0.819302,10576509,14906592,538786.7631295997,786374.5123239807,0.459528,modeled_proxy_not_official_subdivision_projection,rapid_industrializer,moderate
1286,Autonomous Region of Bougainville,Papua New Guinea,PNG,Papua New Guinea,Asia/Pacific,0.576,6.0,0.614,0.0509418337496427,0.05275347392106664,0.05275347392106664,modeled_population_proxy_population_first_evolved_to_2050_then_hdi_reconciled,0.576,0.6831,0.595422,0.695371,0.099949,22,0.594578,0.819302,10576509,14906592,538786.7631295997,786374.5123239807,0.459528,modeled_proxy_not_official_subdivision_projection,rapid_industrializer,moderate
1290,West New Britain,Papua New Guinea,PNG,Papua New Guinea,Asia/Pacific,0.576,7.0,0.613,0.05073100753392363,0.052448293508545976,0.052448293508545976,modeled_population_proxy_population_first_evolved_to_2050_then_hdi_reconciled,0.576,0.6831,0.594422,0.694552,0.10013,22,0.594578,0.819302,10576509,14906592,536556.9577616111,781825.3124281433,0.457115,modeled_proxy_not_official_subdivision_projection,rapid_industrializer,moderate
1321,Western Highlands,Papua New Guinea,PNG,Papua New Guinea,Asia/Pacific,0.576,8.0,0.606,0.04927945337030986,0.05036089616748802,0.05036089616748802,modeled_population_proxy_population_first_evolved_to_2050_then_hdi_reconciled,0.576,0.6831,0.587422,0.688817,0.101395,22,0.594578,0.819302,10576509,14906592,521204.5820861626,750709.3319231076,0.440335,modeled_proxy_not_official_subdivision_projection,rapid_industrializer,moderate
1352,"Chimbu, Simbu",Papua New Guinea,PNG,Papua New Guinea,Asia/Pacific,0.576,9.0,0.592,0.04649975558461009,0.04643202500683649,0.04643202500683649,modeled_population_proxy_population_first_evolved_to_2050_then_hdi_reconciled,0.576,0.6831,0.573422,0.677346,0.103925,22,0.594578,0.819302,10576509,14906592,491805.08343842893,692143.2525107088,0.407353,modeled_proxy_not_official_subdivision_projection,rapid_industrializer,moderate
1362,Central,Papua New Guinea,PNG,Papua New Guinea,Asia/Pacific,0.576,10.0,0.589,0.04592481446911301,0.04563084585025265,0.04563084585025265,modeled_population_proxy_population_first_evolved_to_2050_then_hdi_reconciled,0.576,0.6831,0.570422,0.674888,0.104467,22,0.594578,0.819302,10576509,14906592,485724.21355590393,680200.4017046094,0.400384,modeled_proxy_not_official_subdivision_projection,rapid_industrializer,moderate
1383,Western,Papua New Guinea,PNG,Papua New Guinea,Asia/Pacific,0.576,11.0,0.583,0.0447961707308212,0.04406972175892946,0.04406972175892946,modeled_population_proxy_population_first_evolved_to_2050_then_hdi_reconciled,0.576,0.6831,0.564422,0.669973,0.105551,22,0.594578,0.819302,10576509,14906592,473787.102900067,656929.3618138838,0.38655,modeled_proxy_not_official_subdivision_projection,rapid_industrializer,moderate
1393,Milne Bay,Papua New Guinea,PNG,Papua New Guinea,Asia/Pacific,0.576,12.0,0.58,0.04424229340294768,0.0433093038683786,0.0433093038683786,modeled_population_proxy_population_first_evolved_to_2050_then_hdi_reconciled,0.576,0.6831,0.561422,0.667515,0.106093,22,0.594578,0.819302,10576509,14906592,467929.0143569167,645594.1225699414,0.379684,modeled_proxy_not_official_subdivision_projection,rapid_industrializer,moderate
1398,Madang,Papua New Guinea,PNG,Papua New Guinea,Asia/Pacific,0.576,13.0,0.578,0.04387685174144377,0.04280966206529336,0.04280966206529336,modeled_population_proxy_population_first_evolved_to_2050_then_hdi_reconciled,0.576,0.6831,0.559422,0.665876,0.106455,22,0.594578,0.819302,10576509,14906592,464063.9173350457,638146.1660652055,0.375126,modeled_proxy_not_official_subdivision_projection,rapid_industrializer,moderate
1404,"Northern, Oro",Papua New Guinea,PNG,Papua New Guinea,Asia/Pacific,0.576,14.0,0.575,0.04333434123213961,0.04207098635726508,0.04207098635726508,modeled_population_proxy_population_first_evolved_to_2050_then_hdi_reconciled,0.576,0.6831,0.556422,0.663418,0.106997,22,0.594578,0.819302,10576509,14906592,458326.0500507957,627135.0286653169,0.368316,modeled_proxy_not_official_subdivision_projection,rapid_industrializer,moderate
1408,Jiwaka,Papua New Guinea,PNG,Papua New Guinea,Asia/Pacific,0.576,15.0,0.573,0.04297639926209257,0.04158563051905993,0.04158563051905993,modeled_population_proxy_population_first_evolved_to_2050_then_hdi_reconciled,0.576,0.6831,0.554422,0.66178,0.107358,22,0.594578,0.819302,10576509,14906592,454540.2735831154,619900.0272103746,0.363796,modeled_proxy_not_official_subdivision_projection,rapid_industrializer,moderate
1412,East Sepik,Papua New Guinea,PNG,Papua New Guinea,Asia/Pacific,0.576,16.0,0.571,0.042621413895290845,0.04110587403352217,0.04110587403352217,modeled_population_proxy_population_first_evolved_to_2050_then_hdi_reconciled,0.576,0.6831,0.552422,0.660141,0.107719,22,0.594578,0.819302,10576509,14906592,450785.76765626867,612748.4930211094,0.35929,modeled_proxy_not_official_subdivision_projection,rapid_industrializer,moderate
1464,"West Sepik, Sandaun",Papua New Guinea,PNG,Papua New Guinea,Asia/Pacific,0.576,17.0,0.55,0.03906654776127304,0.036390678197020465,0.036390678197020465,modeled_population_proxy_population_first_evolved_to_2050_then_hdi_reconciled,0.576,0.6831,0.531422,0.642936,0.111514,22,0.594578,0.819302,10576509,14906592,413187.69399603416,542460.9924862797,0.312868,modeled_proxy_not_official_subdivision_projection,rapid_industrializer,moderate
1482,Eastern Highlands,Papua New Guinea,PNG,Papua New Guinea,Asia/Pacific,0.576,18.0,0.544,0.038106452113263536,0.03514567904404851,0.03514567904404851,modeled_population_proxy_population_first_evolved_to_2050_then_hdi_reconciled,0.576,0.6831,0.525422,0.63802,0.112598,22,0.594578,0.819302,10576509,14906592,403033.2337340008,523902.2980725811,0.299899,modeled_proxy_not_official_subdivision_projection,rapid_industrializer,moderate
1489,Gulf,Papua New Guinea,PNG,Papua New Guinea,Asia/Pacific,0.576,19.0,0.541,0.0376352890757338,0.034539244465975914,0.034539244465975914,modeled_population_proxy_population_first_evolved_to_2050_then_hdi_reconciled,0.576,0.6831,0.522422,0.635562,0.11314,22,0.594578,0.819302,10576509,14906592,398049.9736271002,514862.42524256086,0.293462,modeled_proxy_not_official_subdivision_projection,rapid_industrializer,moderate
1546,Southern Highlands,Papua New Guinea,PNG,Papua New Guinea,Asia/Pacific,0.576,20.0,0.511,0.033232472937049694,0.029021628570835865,0.029021628570835865,modeled_population_proxy_population_first_evolved_to_2050_then_hdi_reconciled,0.576,0.6831,0.492422,0.610983,0.118561,22,0.594578,0.819302,10576509,14906592,351483.54911096254,432613.57628099335,0.230822,modeled_proxy_not_official_subdivision_projection,rapid_industrializer,moderate
1547,Enga,Papua New Guinea,PNG,Papua New Guinea,Asia/Pacific,0.576,21.0,0.511,0.033232472937049694,0.029021628570835865,0.029021628570835865,modeled_population_proxy_population_first_evolved_to_2050_then_hdi_reconciled,0.576,0.6831,0.492422,0.610983,0.118561,22,0.594578,0.819302,10576509,14906592,351483.54911096254,432613.57628099335,0.230822,modeled_proxy_not_official_subdivision_projection,rapid_industrializer,moderate
1607,Hela,Papua New Guinea,PNG,Papua New Guinea,Asia/Pacific,0.576,22.0,0.48,0.029223281180095227,0.024244376740410016,0.024244376740410016,modeled_population_proxy_population_first_evolved_to_2050_then_hdi_reconciled,0.576,0.6831,0.461422,0.585584,0.124163,22,0.594578,0.819302,10576509,14906592,309080.2964108078,361401.032363582,0.169279,modeled_proxy_not_official_subdivision_projection,rapid_industrializer,moderate
804,St Lucia rural,Saint Lucia,LCA,Saint Lucia,America,0.748,1.0,0.749,0.6082590307465144,0.6723176343529245,0.6723176343529245,modeled_population_proxy_population_first_evolved_to_2050_then_hdi_reconciled,0.748,0.8669,0.749959,0.868235,0.118276,2,0.747041,0.814818,179751,172086,109335.16903571671,115696.45242525736,0.058181,modeled_proxy_not_official_subdivision_projection,rapid_industrializer,moderate
826,St Lucia urban,Saint Lucia,LCA,Saint Lucia,America,0.748,2.0,0.744,0.39174096925348556,0.3276823656470754,0.3276823656470754,modeled_population_proxy_population_first_evolved_to_2050_then_hdi_reconciled,0.748,0.8669,0.744959,0.864161,0.119202,2,0.747041,0.814818,179751,172086,70415.83096428329,56389.547574742624,-0.199192,modeled_proxy_not_official_subdivision_projection,rapid_industrializer,moderate
808,Rewa,Fiji,FJI,Fiji,Asia/Pacific,0.731,1.0,0.748,0.13228337592167788,0.1525235430776431,0.1525235430776431,modeled_population_proxy_population_first_evolved_to_2050_then_hdi_reconciled,0.731,0.841,0.754801,0.858494,0.103693,10,0.724199,0.8182,928800,1000265,122864.79955605442,152563.96181655867,0.241722,modeled_proxy_not_official_subdivision_projection,rapid_industrializer,frontier_jumper
815,Naitasiri,Fiji,FJI,Fiji,Asia/Pacific,0.731,2.0,0.746,0.12946477169820947,0.14740290798789882,0.14740290798789882,modeled_population_proxy_population_first_evolved_to_2050_then_hdi_reconciled,0.731,0.841,0.752801,0.856857,0.104057,10,0.724199,0.8182,928800,1000265,120246.87995329696,147441.96975851562,0.22616,modeled_proxy_not_official_subdivision_projection,rapid_industrializer,frontier_jumper
875,Ba,Fiji,FJI,Fiji,Asia/Pacific,0.731,3.0,0.736,0.11624741659677283,0.1242658750483299,0.1242658750483299,modeled_population_proxy_population_first_evolved_to_2050_then_hdi_reconciled,0.731,0.841,0.742801,0.848675,0.105875,10,0.724199,0.8182,928800,1000265,107970.6005350826,124298.80550521771,0.151228,modeled_proxy_not_official_subdivision_projection,rapid_industrializer,frontier_jumper
886,Macuata,Fiji,FJI,Fiji,Asia/Pacific,0.731,4.0,0.734,0.11377049569039265,0.12009392764014304,0.12009392764014304,modeled_population_proxy_population_first_evolved_to_2050_then_hdi_reconciled,0.731,0.841,0.740801,0.847039,0.106238,10,0.724199,0.8182,928800,1000265,105670.03639723669,120125.75253096767,0.136801,modeled_proxy_not_official_subdivision_projection,rapid_industrializer,frontier_jumper
922,Tailevu,Fiji,FJI,Fiji,Asia/Pacific,0.731,5.0,0.726,0.10437945155400562,0.10476053635790457,0.10476053635790457,modeled_population_proxy_population_first_evolved_to_2050_then_hdi_reconciled,0.731,0.841,0.732801,0.840493,0.107693,10,0.724199,0.8182,928800,1000265,96947.63460336042,104788.29790003941,0.080875,modeled_proxy_not_official_subdivision_projection,rapid_industrializer,frontier_jumper
955,"Serua, Namosi",Fiji,FJI,Fiji,Asia/Pacific,0.731,6.0,0.719,0.09680041091075613,0.09295864719855527,0.09295864719855527,modeled_population_proxy_population_first_evolved_to_2050_then_hdi_reconciled,0.731,0.841,0.725801,0.834766,0.108965,10,0.724199,0.8182,928800,1000265,89908.2216539103,92983.28124006289,0.034202,modeled_proxy_not_official_subdivision_projection,rapid_industrializer,frontier_jumper
999,Nadroga or Navosa,Fiji,FJI,Fiji,Asia/Pacific,0.731,7.0,0.708,0.08598685629132347,0.0770406980057359,0.0770406980057359,modeled_population_proxy_population_first_evolved_to_2050_then_hdi_reconciled,0.731,0.841,0.714801,0.825766,0.110965,10,0.724199,0.8182,928800,1000265,79864.59212338124,77061.11379070742,-0.035103,modeled_proxy_not_official_subdivision_projection,rapid_industrializer,frontier_jumper
1060,"Kadavu, Lau, Lomaiviti, Rotuma",Fiji,FJI,Fiji,Asia/Pacific,0.731,8.0,0.694,0.07395311160575908,0.0606602746366645,0.0606602746366645,modeled_population_proxy_population_first_evolved_to_2050_then_hdi_reconciled,0.731,0.841,0.700801,0.814311,0.11351,10,0.724199,0.8182,928800,1000265,68687.65005942904,60676.34960944321,-0.116634,modeled_proxy_not_official_subdivision_projection,rapid_industrializer,frontier_jumper
1061,Ra,Fiji,FJI,Fiji,Asia/Pacific,0.731,9.0,0.694,0.07395311160575908,0.0606602746366645,0.0606602746366645,modeled_population_proxy_population_first_evolved_to_2050_then_hdi_reconciled,0.731,0.841,0.700801,0.814311,0.11351,10,0.724199,0.8182,928800,1000265,68687.65005942904,60676.34960944321,-0.116634,modeled_proxy_not_official_subdivision_projection,rapid_industrializer,frontier_jumper
1064,"Cakaudrove, Bua",Fiji,FJI,Fiji,Asia/Pacific,0.731,10.0,0.693,0.07316099812534378,0.05963331541046031,0.05963331541046031,modeled_population_proxy_population_first_evolved_to_2050_then_hdi_reconciled,0.731,0.841,0.699801,0.813493,0.113692,10,0.724199,0.8182,928800,1000265,67951.9350588193,59649.11823904408,-0.122187,modeled_proxy_not_official_subdivision_projection,rapid_industrializer,frontier_jumper
818,Centre,Morocco,MAR,Morocco,Africa,0.71,1.0,0.746,0.18979582080245502,0.21830226832976588,0.21830226832976588,modeled_population_proxy_population_first_evolved_to_2050_then_hdi_reconciled,0.71,0.8162,0.743691,0.841257,0.097566,7,0.712309,0.819644,38081176,43440432,7227648.056042751,9483144.842824949,0.312065,modeled_proxy_not_official_subdivision_projection,rapid_industrializer,accelerator
906,North west,Morocco,MAR,Morocco,Africa,0.71,2.0,0.73,0.1676629771119618,0.17985750808558837,0.17985750808558837,modeled_population_proxy_population_first_evolved_to_2050_then_hdi_reconciled,0.71,0.8162,0.727691,0.828142,0.100452,7,0.712309,0.819644,38081176,43440432,6384803.340084589,7813087.849681452,0.223701,modeled_proxy_not_official_subdivision_projection,rapid_industrializer,accelerator
943,South,Morocco,MAR,Morocco,Africa,0.71,3.0,0.722,0.15758411518177085,0.163253963451084,0.163253963451084,modeled_population_proxy_population_first_evolved_to_2050_then_hdi_reconciled,0.71,0.8162,0.719691,0.821585,0.101894,7,0.712309,0.819644,38081176,43440432,6000988.425041287,7091822.6980273,0.181776,modeled_proxy_not_official_subdivision_projection,rapid_industrializer,accelerator
965,Centre north,Morocco,MAR,Morocco,Africa,0.71,4.0,0.717,0.15159486045712442,0.1536643806755193,0.1536643806755193,modeled_population_proxy_population_first_evolved_to_2050_then_hdi_reconciled,0.71,0.8162,0.714691,0.817487,0.102796,7,0.712309,0.819644,38081176,43440432,5772910.561763195,6675247.07955701,0.156305,modeled_proxy_not_official_subdivision_projection,rapid_industrializer,accelerator
1067,Tensift,Morocco,MAR,Morocco,Africa,0.71,5.0,0.693,0.12586653304713316,0.11491552230982531,0.11491552230982531,modeled_population_proxy_population_first_evolved_to_2050_then_hdi_reconciled,0.71,0.8162,0.690691,0.797816,0.107125,7,0.712309,0.819644,38081176,43440432,4793145.597477694,4991979.932644449,0.041483,modeled_proxy_not_official_subdivision_projection,rapid_industrializer,accelerator
1138,Eastern,Morocco,MAR,Morocco,Africa,0.71,6.0,0.672,0.1069628184772878,0.08911657665785377,0.08911657665785377,modeled_population_proxy_population_first_evolved_to_2050_then_hdi_reconciled,0.71,0.8162,0.669691,0.780603,0.110912,7,0.712309,0.819644,38081176,43440432,4073269.9158896483,3871262.588378284,-0.049593,modeled_proxy_not_official_subdivision_projection,rapid_industrializer,accelerator
1157,Centre south,Morocco,MAR,Morocco,Africa,0.71,7.0,0.664,0.10053287492226698,0.08088978049036331,0.08088978049036331,modeled_population_proxy_population_first_evolved_to_2050_then_hdi_reconciled,0.71,0.8162,0.661691,0.774046,0.112355,7,0.712309,0.819644,38081176,43440432,3828410.1037008353,3513887.0088865543,-0.082155,modeled_proxy_not_official_subdivision_projection,rapid_industrializer,accelerator
819,Dili,Timor-Leste,TLS,Timor-Leste,Asia/Pacific,0.634,1.0,0.746,0.1254101610596071,0.154319793566538,0.154319793566538,modeled_population_proxy_population_first_evolved_to_2050_then_hdi_reconciled,0.634,0.7133,0.754225,0.808985,0.05476,13,0.625775,0.829866,1400638,1889248,175654.23716620594,291548.36135599477,0.659786,modeled_proxy_not_official_subdivision_projection,fast_converger,moderate
1220,Liquica,Timor-Leste,TLS,Timor-Leste,Asia/Pacific,0.634,2.0,0.638,0.085139617587447,0.08806584260939933,0.08806584260939933,modeled_population_proxy_population_first_evolved_to_2050_then_hdi_reconciled,0.634,0.7133,0.646225,0.71936,0.073135,13,0.625775,0.829866,1400638,1889248,119249.78369844658,166378.21701812246,0.395208,modeled_proxy_not_official_subdivision_projection,fast_converger,moderate
1253,Manufahi,Timor-Leste,TLS,Timor-Leste,Asia/Pacific,0.634,3.0,0.625,0.07972491025986342,0.08000201537448444,0.08000201537448444,modeled_population_proxy_population_first_evolved_to_2050_then_hdi_reconciled,0.634,0.7133,0.633225,0.708571,0.075347,13,0.625775,0.829866,1400638,1889248,111665.73885655458,151143.647542214,0.353536,modeled_proxy_not_official_subdivision_projection,fast_converger,moderate
1256,Manatuto,Timor-Leste,TLS,Timor-Leste,Asia/Pacific,0.634,4.0,0.624,0.0793229459113674,0.0794132061613509,0.0794132061613509,modeled_population_proxy_population_first_evolved_to_2050_then_hdi_reconciled,0.634,0.7133,0.632225,0.707742,0.075517,13,0.625775,0.829866,1400638,1889248,111102.73231540582,150031.24091391987,0.350383,modeled_proxy_not_official_subdivision_projection,fast_converger,moderate
1263,Cova Lima,Timor-Leste,TLS,Timor-Leste,Asia/Pacific,0.634,5.0,0.621,0.07812917200841185,0.07767265274356619,0.07767265274356619,modeled_population_proxy_population_first_evolved_to_2050_then_hdi_reconciled,0.634,0.7133,0.629225,0.705252,0.076027,13,0.625775,0.829866,1400638,1889248,109430.68722351796,146742.90385047693,0.340967,modeled_proxy_not_official_subdivision_projection,fast_converger,moderate
1270,Aileu,Timor-Leste,TLS,Timor-Leste,Asia/Pacific,0.634,6.0,0.619,0.0773433204856191,0.07653352962417011,0.07653352962417011,modeled_population_proxy_population_first_evolved_to_2050_then_hdi_reconciled,0.634,0.7133,0.627225,0.703592,0.076367,13,0.625775,0.829866,1400638,1889248,108329.99371833655,144590.81777540414,0.334726,modeled_proxy_not_official_subdivision_projection,fast_converger,moderate
1302,Lautem,Timor-Leste,TLS,Timor-Leste,Asia/Pacific,0.634,7.0,0.611,0.0742781671274993,0.07214166528146536,0.07214166528146536,modeled_population_proxy_population_first_evolved_to_2050_then_hdi_reconciled,0.634,0.7133,0.619225,0.696953,0.077729,13,0.625775,0.829866,1400638,1889248,104036.82344912636,136293.49684967787,0.310051,modeled_proxy_not_official_subdivision_projection,fast_converger,moderate
1303,Viqueque,Timor-Leste,TLS,Timor-Leste,Asia/Pacific,0.634,8.0,0.611,0.0742781671274993,0.07214166528146536,0.07214166528146536,modeled_population_proxy_population_first_evolved_to_2050_then_hdi_reconciled,0.634,0.7133,0.619225,0.696953,0.077729,13,0.625775,0.829866,1400638,1889248,104036.82344912636,136293.49684967787,0.310051,modeled_proxy_not_official_subdivision_projection,fast_converger,moderate
1306,Baucau,Timor-Leste,TLS,Timor-Leste,Asia/Pacific,0.634,9.0,0.61,0.07390366466698144,0.07161070769283852,0.07161070769283852,modeled_population_proxy_population_first_evolved_to_2050_then_hdi_reconciled,0.634,0.7133,0.618225,0.696123,0.077899,13,0.625775,0.829866,1400638,1889248,103512.28107183154,135290.38628727978,0.306998,modeled_proxy_not_official_subdivision_projection,fast_converger,moderate
1313,Bobonaro,Timor-Leste,TLS,Timor-Leste,Asia/Pacific,0.634,10.0,0.608,0.07316031482817525,0.07056048718603361,0.07056048718603361,modeled_population_proxy_population_first_evolved_to_2050_then_hdi_reconciled,0.634,0.7133,0.616225,0.694464,0.078239,13,0.625775,0.829866,1400638,1889248,102471.11704030573,133306.25929523964,0.300915,modeled_proxy_not_official_subdivision_projection,fast_converger,moderate
1416,Ainaro,Timor-Leste,TLS,Timor-Leste,Asia/Pacific,0.634,11.0,0.57,0.06037509146403762,0.05329053336487979,0.05329053336487979,modeled_population_proxy_population_first_evolved_to_2050_then_hdi_reconciled,0.634,0.7133,0.578225,0.662929,0.084704,13,0.625775,0.829866,1400638,1889248,84563.64735800672,100679.03357853241,0.190571,modeled_proxy_not_official_subdivision_projection,fast_converger,moderate
1424,Oecussi,Timor-Leste,TLS,Timor-Leste,Asia/Pacific,0.634,12.0,0.568,0.05976781691669365,0.05250899087268116,0.05250899087268116,modeled_population_proxy_population_first_evolved_to_2050_then_hdi_reconciled,0.634,0.7133,0.576225,0.661269,0.085044,13,0.625775,0.829866,1400638,1889248,83713.07555056397,99202.50598823113,0.18503,modeled_proxy_not_official_subdivision_projection,fast_converger,moderate
1429,Ermera,Timor-Leste,TLS,Timor-Leste,Asia/Pacific,0.634,13.0,0.566,0.05916665055679768,0.051738910241127284,0.051738910241127284,modeled_population_proxy_population_first_evolved_to_2050_then_hdi_reconciled,0.634,0.7133,0.574225,0.659609,0.085385,13,0.625775,0.829866,1400638,1889248,82871.05910257199,97747.63269522924,0.179515,modeled_proxy_not_official_subdivision_projection,fast_converger,moderate
842,Paramaribo,Suriname,SUR,Suriname,America,0.722,1.0,0.742,0.2354770344472614,0.2522446130099819,0.2522446130099819,modeled_population_proxy_population_first_evolved_to_2050_then_hdi_reconciled,0.722,0.7754,0.757357,0.80172,0.044362,5,0.706643,0.839708,634438,733907,149395.57878065162,185124.0872003168,0.239154,modeled_proxy_not_official_subdivision_projection,fast_converger,moderate
916,Wanica and Para,Suriname,SUR,Suriname,America,0.722,2.0,0.728,0.2224606055700036,0.2315063463472555,0.2315063463472555,modeled_population_proxy_population_first_evolved_to_2050_then_hdi_reconciled,0.722,0.7754,0.743357,0.789964,0.046607,5,0.706643,0.839708,634438,733907,141137.46167662196,169904.12812867525,0.20382,modeled_proxy_not_official_subdivision_projection,fast_converger,moderate
968,"Nickerie, Coronie and Saramacca",Suriname,SUR,Suriname,America,0.722,3.0,0.717,0.21274019501499328,0.21641530598934358,0.21641530598934358,modeled_population_proxy_population_first_evolved_to_2050_then_hdi_reconciled,0.722,0.7754,0.732357,0.780727,0.04837,5,0.706643,0.839708,634438,733907,134970.4638449223,158828.70797272117,0.176766,modeled_proxy_not_official_subdivision_projection,fast_converger,moderate
1014,Commewijne and Marowijne,Suriname,SUR,Suriname,America,0.722,4.0,0.704,0.20179856357349865,0.19984363976940941,0.19984363976940941,modeled_population_proxy_population_first_evolved_to_2050_then_hdi_reconciled,0.722,0.7754,0.719357,0.769811,0.050454,5,0.706643,0.839708,634438,733907,128028.67707644333,146666.64613224796,0.145577,modeled_proxy_not_official_subdivision_projection,fast_converger,moderate
1355,Brokopondo and Sipaliwini,Suriname,SUR,Suriname,America,0.722,5.0,0.591,0.127523601394243,0.09999009488400962,0.09999009488400962,modeled_population_proxy_population_first_evolved_to_2050_then_hdi_reconciled,0.722,0.7754,0.606357,0.674924,0.068567,5,0.706643,0.839708,634438,733907,80905.81862136076,73383.43056603885,-0.092977,modeled_proxy_not_official_subdivision_projection,fast_converger,moderate
844,Dhaka,Bangladesh,BGD,Bangladesh,Asia/Pacific,0.685,1.0,0.741,0.06937816923872439,0.08734403840231458,0.08734403840231458,modeled_population_proxy_population_first_evolved_to_2050_then_hdi_reconciled,0.685,0.8161,0.741112,0.859045,0.117933,23,0.684888,0.810182,173562366,214709097,12041439.201821424,18753559.613694288,0.557418,modeled_proxy_not_official_subdivision_projection,rapid_industrializer,accelerator
960,"Bagerhat, Khulna, Satkhira",Bangladesh,BGD,Bangladesh,Asia/Pacific,0.685,2.0,0.718,0.05781914939666976,0.06621398865393795,0.06621398865393795,modeled_population_proxy_population_first_evolved_to_2050_then_hdi_reconciled,0.685,0.8161,0.718112,0.840411,0.122299,23,0.684888,0.810182,173562366,214709097,10035228.369393475,14216745.712655261,0.416684,modeled_proxy_not_official_subdivision_projection,rapid_industrializer,accelerator
1015,"Jessore, Magura, Narail",Bangladesh,BGD,Bangladesh,Asia/Pacific,0.685,3.0,0.703,0.05133947124123721,0.05512281067629672,0.05512281067629672,modeled_population_proxy_population_first_evolved_to_2050_then_hdi_reconciled,0.685,0.8161,0.703112,0.828259,0.125146,23,0.684888,0.810182,173562366,214709097,8910600.097818086,11835368.904409628,0.328235,modeled_proxy_not_official_subdivision_projection,rapid_industrializer,accelerator
1021,"Barisal, Jhalokati, Pirojpur",Bangladesh,BGD,Bangladesh,Asia/Pacific,0.685,4.0,0.702,0.0509342643131916,0.054453206790734905,0.054453206790734905,modeled_population_proxy_population_first_evolved_to_2050_then_hdi_reconciled,0.685,0.8161,0.702112,0.827448,0.125336,23,0.684888,0.810182,173562366,214709097,8840271.424666898,11691598.858792959,0.322538,modeled_proxy_not_official_subdivision_projection,rapid_industrializer,accelerator
1024,"Gazipur, Narayanganj, Narsingdi",Bangladesh,BGD,Bangladesh,Asia/Pacific,0.685,5.0,0.701,0.050532255560946523,0.053791736912819965,0.053791736912819965,modeled_population_proxy_population_first_evolved_to_2050_then_hdi_reconciled,0.685,0.8161,0.701112,0.826638,0.125526,23,0.684888,0.810182,173562366,214709097,8770497.834474536,11549575.258613143,0.316867,modeled_proxy_not_official_subdivision_projection,rapid_industrializer,accelerator
1028,"Naogaon, Nawabganj, Rajshahi",Bangladesh,BGD,Bangladesh,Asia/Pacific,0.685,6.0,0.7,0.05013341974226712,0.05313830223476151,0.05313830223476151,modeled_population_proxy_population_first_evolved_to_2050_then_hdi_reconciled,0.685,0.8161,0.700112,0.825828,0.125716,23,0.684888,0.810182,173562366,214709097,8701274.946138991,11409276.888938725,0.311219,modeled_proxy_not_official_subdivision_projection,rapid_industrializer,accelerator
1049,"Natore, Pabna, Sirajganj",Bangladesh,BGD,Bangladesh,Asia/Pacific,0.685,7.0,0.696,0.048569307898600325,0.05060298106967486,0.05060298106967486,modeled_population_proxy_population_first_evolved_to_2050_then_hdi_reconciled,0.685,0.8161,0.696112,0.822587,0.126475,23,0.684888,0.810182,173562366,214709097,8429803.99386356,10864920.370977983,0.28887,modeled_proxy_not_official_subdivision_projection,rapid_industrializer,accelerator
1054,Chittagong,Bangladesh,BGD,Bangladesh,Asia/Pacific,0.685,8.0,0.695,0.04818596503247658,0.04998828177677693,0.04998828177677693,modeled_population_proxy_population_first_evolved_to_2050_then_hdi_reconciled,0.685,0.8161,0.695112,0.821777,0.126665,23,0.684888,0.810182,173562366,214709097,8363270.099029902,10732938.84087333,0.283342,modeled_proxy_not_official_subdivision_projection,rapid_industrializer,accelerator
1059,"Chuadanga, Jhenaidah, Kushtia, Meherpur",Bangladesh,BGD,Bangladesh,Asia/Pacific,0.685,9.0,0.694,0.04780564777572152,0.04938104953844184,0.04938104953844184,modeled_population_proxy_population_first_evolved_to_2050_then_hdi_reconciled,0.685,0.8161,0.694112,0.820967,0.126854,23,0.684888,0.810182,173562366,214709097,8297261.336116864,10602560.555311115,0.277839,modeled_proxy_not_official_subdivision_projection,rapid_industrializer,accelerator
1095,"Gopalganj, Madaripur, Munshiganj, Shariatpur",Bangladesh,BGD,Bangladesh,Asia/Pacific,0.685,10.0,0.685,0.04451506616649128,0.04423736786278609,0.04423736786278609,modeled_population_proxy_population_first_evolved_to_2050_then_hdi_reconciled,0.685,0.8161,0.685112,0.813675,0.128563,23,0.684888,0.810182,173562366,214709097,7726140.206502777,9498165.30747562,0.229355,modeled_proxy_not_official_subdivision_projection,rapid_industrializer,accelerator
1114,"Faridpur, Manikganj, Rajbari",Bangladesh,BGD,Bangladesh,Asia/Pacific,0.685,11.0,0.678,0.0421131324981441,0.0406100970010116,0.0406100970010116,modeled_population_proxy_population_first_evolved_to_2050_then_hdi_reconciled,0.685,0.8161,0.678112,0.808004,0.129892,23,0.684888,0.810182,173562366,214709097,7309254.916049381,8719357.256169608,0.19292,modeled_proxy_not_official_subdivision_projection,rapid_industrializer,accelerator
1117,"Jamalpur, Sherpur, Tangail",Bangladesh,BGD,Bangladesh,Asia/Pacific,0.685,12.0,0.677,0.04178074627293803,0.04011678618446768,0.04011678618446768,modeled_population_proxy_population_first_evolved_to_2050_then_hdi_reconciled,0.685,0.8161,0.677112,0.807194,0.130081,23,0.684888,0.810182,173562366,214709097,7251565.176376806,8613438.936209131,0.187804,modeled_proxy_not_official_subdivision_projection,rapid_industrializer,accelerator
1118,"Barguna, Bhola, Patuakhali",Bangladesh,BGD,Bangladesh,Asia/Pacific,0.685,13.0,0.676,0.041450983471736605,0.039629467856976734,0.039629467856976734,modeled_population_proxy_population_first_evolved_to_2050_then_hdi_reconciled,0.685,0.8161,0.676112,0.806384,0.130271,23,0.684888,0.810182,173562366,214709097,7194330.764381499,8508807.258162,0.18271,modeled_proxy_not_official_subdivision_projection,rapid_industrializer,accelerator
1125,"Bogra, Gaibandha, Jaypurhat",Bangladesh,BGD,Bangladesh,Asia/Pacific,0.685,14.0,0.674,0.04079924548120234,0.03867251837857052,0.03867251837857052,modeled_population_proxy_population_first_evolved_to_2050_then_hdi_reconciled,0.685,0.8161,0.674112,0.804763,0.130651,23,0.684888,0.810182,173562366,214709097,7081213.576732286,8303341.49977878,0.172587,modeled_proxy_not_official_subdivision_projection,rapid_industrializer,accelerator
1130,"Kurigram, Lalmonirhat, Rangpur",Bangladesh,BGD,Bangladesh,Asia/Pacific,0.685,15.0,0.673,0.040477229369070326,0.038202744282274534,0.038202744282274534,modeled_population_proxy_population_first_evolved_to_2050_then_hdi_reconciled,0.685,0.8161,0.673112,0.803953,0.130841,23,0.684888,0.810182,173562366,214709097,7025323.698420533,8202476.727769079,0.167559,modeled_proxy_not_official_subdivision_projection,rapid_industrializer,accelerator
1136,"Brahmanbaria, Chandpur, Comilla",Bangladesh,BGD,Bangladesh,Asia/Pacific,0.685,16.0,0.672,0.04015775483277507,0.03773867676291752,0.03773867676291752,modeled_population_proxy_population_first_evolved_to_2050_then_hdi_reconciled,0.685,0.8161,0.672112,0.803143,0.13103,23,0.684888,0.810182,173562366,214709097,6969874.942024375,8102837.209740904,0.162551,modeled_proxy_not_official_subdivision_projection,rapid_industrializer,accelerator
1141,"Dinajpur, Nilphamari, Panchagarh, Thakurgaon",Bangladesh,BGD,Bangladesh,Asia/Pacific,0.685,17.0,0.671,0.03984080181242671,0.03728024649990341,0.03728024649990341,modeled_population_proxy_population_first_evolved_to_2050_then_hdi_reconciled,0.685,0.8161,0.671112,0.802333,0.13122,23,0.684888,0.810182,173562366,214709097,6914863.825901868,8004408.0619316725,0.157566,modeled_proxy_not_official_subdivision_projection,rapid_industrializer,accelerator
1161,"Feni, Lakshmipur, Noakhali",Bangladesh,BGD,Bangladesh,Asia/Pacific,0.685,18.0,0.661,0.03680565342233817,0.032991331564385336,0.032991331564385336,modeled_population_proxy_population_first_evolved_to_2050_then_hdi_reconciled,0.685,0.8161,0.661112,0.794231,0.133118,23,0.684888,0.810182,173562366,214709097,6388076.290157011,7083539.009016773,0.108869,modeled_proxy_not_official_subdivision_projection,rapid_industrializer,accelerator
1162,"Kishoreganj, Mymensingh, Netrakona",Bangladesh,BGD,Bangladesh,Asia/Pacific,0.685,19.0,0.661,0.03680565342233817,0.032991331564385336,0.032991331564385336,modeled_population_proxy_population_first_evolved_to_2050_then_hdi_reconciled,0.685,0.8161,0.661112,0.794231,0.133118,23,0.684888,0.810182,173562366,214709097,6388076.290157011,7083539.009016773,0.108869,modeled_proxy_not_official_subdivision_projection,rapid_industrializer,accelerator
1190,"Maulvibazar, Sylhet",Bangladesh,BGD,Bangladesh,Asia/Pacific,0.685,20.0,0.65,0.03373336306988109,0.028841179706139305,0.028841179706139305,modeled_population_proxy_population_first_evolved_to_2050_then_hdi_reconciled,0.685,0.8161,0.650112,0.785319,0.135206,23,0.684888,0.810182,173562366,214709097,5854842.307545586,6192463.651119895,0.057665,modeled_proxy_not_official_subdivision_projection,rapid_industrializer,accelerator
1204,"Habiganj, Sunamganj",Bangladesh,BGD,Bangladesh,Asia/Pacific,0.685,21.0,0.644,0.03216707101769198,0.026801904914536285,0.026801904914536285,modeled_population_proxy_population_first_evolved_to_2050_then_hdi_reconciled,0.685,0.8161,0.644112,0.780458,0.136345,23,0.684888,0.810182,173562366,214709097,5582992.953120648,5754612.802079948,0.03074,modeled_proxy_not_official_subdivision_projection,rapid_industrializer,accelerator
1239,"Khagrachhari, Rangamati (Chattagram)",Bangladesh,BGD,Bangladesh,Asia/Pacific,0.685,22.0,0.63,0.02878939675185336,0.022586823542036037,0.022586823542036037,modeled_population_proxy_population_first_evolved_to_2050_then_hdi_reconciled,0.685,0.8161,0.630112,0.769115,0.139003,23,0.684888,0.810182,173562366,214709097,4996755.815964384,4849596.486808899,-0.029451,modeled_proxy_not_official_subdivision_projection,rapid_industrializer,accelerator
1282,"Bandarban, Cox s Bazar",Bangladesh,BGD,Bangladesh,Asia/Pacific,0.685,23.0,0.614,0.02586625221127775,0.019263127823850423,0.019263127823850423,modeled_population_proxy_population_first_evolved_to_2050_then_hdi_reconciled,0.685,0.8161,0.614112,0.756152,0.14204,23,0.684888,0.810182,173562366,214709097,4489407.933342098,4135968.7804544996,-0.078727,modeled_proxy_not_official_subdivision_projection,rapid_industrializer,accelerator
877,Vientiane Municipality,Laos,LAO,Laos,Asia/Pacific,0.617,1.0,0.736,0.09514812854761386,0.11883911854201817,0.11883911854201817,modeled_population_proxy_population_first_evolved_to_2050_then_hdi_reconciled,0.617,0.7705,0.735849,0.861217,0.125368,17,0.617151,0.80167,7769823,9757284,739284.1175962067,1159547.0299241373,0.568473,modeled_proxy_not_official_subdivision_projection,rapid_industrializer,frontier_jumper
1151,Sayabury,Laos,LAO,Laos,Asia/Pacific,0.617,2.0,0.667,0.07723999107885571,0.08724243117236626,0.08724243117236626,modeled_population_proxy_population_first_evolved_to_2050_then_hdi_reconciled,0.617,0.7705,0.666849,0.805902,0.139053,17,0.617151,0.80167,7769823,9757284,600141.059204288,851249.1777992306,0.418415,modeled_proxy_not_official_subdivision_projection,rapid_industrializer,frontier_jumper
1185,Borikhamxay,Laos,LAO,Laos,Asia/Pacific,0.617,3.0,0.652,0.07189135559723892,0.07828794383070853,0.07828794383070853,modeled_population_proxy_population_first_evolved_to_2050_then_hdi_reconciled,0.617,0.7705,0.651849,0.793877,0.142028,17,0.617151,0.80167,7769823,9757284,558583.1082206056,763877.701732271,0.367527,modeled_proxy_not_official_subdivision_projection,rapid_industrializer,frontier_jumper
1206,Xiengkhuang,Laos,LAO,Laos,Asia/Pacific,0.617,4.0,0.643,0.0688616377745965,0.07336267579808316,0.07336267579808316,modeled_population_proxy_population_first_evolved_to_2050_then_hdi_reconciled,0.617,0.7705,0.642849,0.786662,0.143813,17,0.617151,0.80167,7769823,9757284,535042.7369987287,715820.462761824,0.337875,modeled_proxy_not_official_subdivision_projection,rapid_industrializer,frontier_jumper
1242,Vientiane Province,Laos,LAO,Laos,Asia/Pacific,0.617,5.0,0.63,0.06470937587573981,0.06679029170388157,0.06679029170388157,modeled_population_proxy_population_first_evolved_to_2050_then_hdi_reconciled,0.617,0.7705,0.629849,0.77624,0.146391,17,0.617151,0.80167,7769823,9757284,502780.39699496835,651691.8445976163,0.296176,modeled_proxy_not_official_subdivision_projection,rapid_industrializer,frontier_jumper
1309,Champasack,Laos,LAO,Laos,Asia/Pacific,0.617,6.0,0.609,0.058524195458221136,0.057394109040548494,0.057394109040548494,modeled_population_proxy_population_first_evolved_to_2050_then_hdi_reconciled,0.617,0.7705,0.608849,0.759405,0.150556,17,0.617151,0.80167,7769823,9757284,454722.6399277821,560010.6218355992,0.231543,modeled_proxy_not_official_subdivision_projection,rapid_industrializer,frontier_jumper
1336,Luangprabang,Laos,LAO,Laos,Asia/Pacific,0.617,7.0,0.6,0.05605780994409974,0.053783318455350546,0.053783318455350546,modeled_population_proxy_population_first_evolved_to_2050_then_hdi_reconciled,0.617,0.7705,0.599849,0.75219,0.152341,17,0.617151,0.80167,7769823,9757284,435559.2610332949,524779.1126312966,0.20484,modeled_proxy_not_official_subdivision_projection,rapid_industrializer,frontier_jumper
1337,Khammuane,Laos,LAO,Laos,Asia/Pacific,0.617,8.0,0.6,0.05605780994409974,0.053783318455350546,0.053783318455350546,modeled_population_proxy_population_first_evolved_to_2050_then_hdi_reconciled,0.617,0.7705,0.599849,0.75219,0.152341,17,0.617151,0.80167,7769823,9757284,435559.2610332949,524779.1126312966,0.20484,modeled_proxy_not_official_subdivision_projection,rapid_industrializer,frontier_jumper
1345,Attapeu,Laos,LAO,Laos,Asia/Pacific,0.617,9.0,0.595,0.05473279326982218,0.05187641676796361,0.05187641676796361,modeled_population_proxy_population_first_evolved_to_2050_then_hdi_reconciled,0.617,0.7705,0.594849,0.748181,0.153333,17,0.617151,0.80167,7769823,9757284,425264.1160021096,506172.93130738306,0.190255,modeled_proxy_not_official_subdivision_projection,rapid_industrializer,frontier_jumper
1358,Bokeo,Laos,LAO,Laos,Asia/Pacific,0.617,10.0,0.59,0.05343909549988398,0.05003712478094089,0.05003712478094089,modeled_population_proxy_population_first_evolved_to_2050_then_hdi_reconciled,0.617,0.7705,0.589849,0.744173,0.154324,17,0.617151,0.80167,7769823,9757284,415212.313314195,488226.43703107804,0.175848,modeled_proxy_not_official_subdivision_projection,rapid_industrializer,frontier_jumper
1364,Huaphanh,Laos,LAO,Laos,Asia/Pacific,0.617,11.0,0.588,0.052930219271612074,0.04931979885883525,0.04931979885883525,modeled_population_proxy_population_first_evolved_to_2050_then_hdi_reconciled,0.617,0.7705,0.587849,0.74257,0.154721,17,0.617151,0.80167,7769823,9757284,411258.4350916147,481227.28428853146,0.170134,modeled_proxy_not_official_subdivision_projection,rapid_industrializer,frontier_jumper
1373,Sekong,Laos,LAO,Laos,Asia/Pacific,0.617,12.0,0.586,0.05242618884047197,0.04861275643085076,0.04861275643085076,modeled_population_proxy_population_first_evolved_to_2050_then_hdi_reconciled,0.617,0.7705,0.585849,0.740966,0.155118,17,0.617151,0.80167,7769823,9757284,407342.2078550424,474328.4705186372,0.164447,modeled_proxy_not_official_subdivision_projection,rapid_industrializer,frontier_jumper
1382,Luangnamtha,Laos,LAO,Laos,Asia/Pacific,0.617,13.0,0.583,0.05167912824294024,0.04757115243153135,0.04757115243153135,modeled_population_proxy_population_first_evolved_to_2050_then_hdi_reconciled,0.617,0.7705,0.582849,0.738561,0.155713,17,0.617151,0.80167,7769823,9757284,401537.67924194667,464165.2444817419,0.155969,modeled_proxy_not_official_subdivision_projection,rapid_industrializer,frontier_jumper
1395,Oudomxay,Laos,LAO,Laos,Asia/Pacific,0.617,14.0,0.579,0.0506995807288923,0.046216981019855906,0.046216981019855906,modeled_population_proxy_population_first_evolved_to_2050_then_hdi_reconciled,0.617,0.7705,0.578849,0.735355,0.156506,17,0.617151,0.80167,7769823,9757284,393926.7684377042,450952.2094333437,0.144762,modeled_proxy_not_official_subdivision_projection,rapid_industrializer,frontier_jumper
1403,Savannakhet,Laos,LAO,Laos,Asia/Pacific,0.617,15.0,0.575,0.04973859996248312,0.044901357764331164,0.044901357764331164,modeled_population_proxy_population_first_evolved_to_2050_then_hdi_reconciled,0.617,0.7705,0.574849,0.732148,0.157299,17,0.617151,0.80167,7769823,9757284,386460.1179763005,438115.29969218426,0.133662,modeled_proxy_not_official_subdivision_projection,rapid_industrializer,frontier_jumper
1453,Phongsaly,Laos,LAO,Laos,Asia/Pacific,0.617,16.0,0.554,0.04498438605886731,0.03858455110542563,0.03858455110542563,modeled_population_proxy_population_first_evolved_to_2050_then_hdi_reconciled,0.617,0.7705,0.553849,0.715313,0.161464,17,0.617151,0.80167,7769823,9757284,349520.7174410666,376480.4231481518,0.077133,modeled_proxy_not_official_subdivision_projection,rapid_industrializer,frontier_jumper
1506,Saravane,Laos,LAO,Laos,Asia/Pacific,0.617,17.0,0.534,0.040879703904561436,0.03339665384195818,0.03339665384195818,modeled_population_proxy_population_first_evolved_to_2050_then_hdi_reconciled,0.617,0.7705,0.533849,0.69928,0.165431,17,0.617151,0.80167,7769823,9757284,317628.0636308513,325860.6361856771,0.025919,modeled_proxy_not_official_subdivision_projection,rapid_industrializer,frontier_jumper
892,Luanda,Angola,AGO,Angola,Africa,0.616,1.0,0.733,0.08912677699615157,0.09479034627689753,0.09479034627689753,modeled_population_proxy_population_first_evolved_to_2050_then_hdi_reconciled,0.616,0.6647,0.752288,0.777464,0.025176,18,0.596712,0.841494,37885854,74295397,3376644.060766757,7042486.408409574,1.085647,modeled_proxy_not_official_subdivision_projection,emerging_mover,accelerator
985,Cabinda,Angola,AGO,Angola,Africa,0.616,2.0,0.711,0.08581485006966942,0.09091949669983768,0.09091949669983768,modeled_population_proxy_population_first_evolved_to_2050_then_hdi_reconciled,0.616,0.6647,0.730288,0.758951,0.028663,18,0.596712,0.841494,37885854,74295397,3251168.8807713855,6754900.10235463,1.077684,modeled_proxy_not_official_subdivision_projection,emerging_mover,accelerator
1201,Zaire,Angola,AGO,Angola,Africa,0.616,3.0,0.645,0.06791179182734955,0.06959399388219863,0.06959399388219863,modeled_population_proxy_population_first_evolved_to_2050_then_hdi_reconciled,0.616,0.6647,0.664288,0.703412,0.039125,18,0.596712,0.841494,37885854,74295397,2572896.230049358,5170513.4042935185,1.009608,modeled_proxy_not_official_subdivision_projection,emerging_mover,accelerator
1287,Namibe,Angola,AGO,Angola,Africa,0.616,4.0,0.613,0.06062841509771384,0.06113472980286807,0.06113472980286807,modeled_population_proxy_population_first_evolved_to_2050_then_hdi_reconciled,0.616,0.6647,0.632288,0.676485,0.044197,18,0.596712,0.841494,37885854,74295397,2296959.2826433824,4542029.021191815,0.977409,modeled_proxy_not_official_subdivision_projection,emerging_mover,accelerator
1315,Lunda Sul,Angola,AGO,Angola,Africa,0.616,5.0,0.607,0.059352399699656756,0.0596670809151189,0.0596670809151189,modeled_population_proxy_population_first_evolved_to_2050_then_hdi_reconciled,0.616,0.6647,0.626288,0.671436,0.045148,18,0.596712,0.841494,37885854,74295397,2248616.3495708397,4432989.464419882,0.97143,modeled_proxy_not_official_subdivision_projection,emerging_mover,accelerator
1328,Bengo,Angola,AGO,Angola,Africa,0.616,6.0,0.603,0.058516677708492164,0.05870827515017562,0.05870827515017562,modeled_population_proxy_population_first_evolved_to_2050_then_hdi_reconciled,0.616,0.6647,0.622288,0.66807,0.045782,18,0.596712,0.841494,37885854,74295397,2216954.3082289887,4361754.6094675325,0.967454,modeled_proxy_not_official_subdivision_projection,emerging_mover,accelerator
1349,Malange,Angola,AGO,Angola,Africa,0.616,7.0,0.593,0.056478493863328164,0.05637812716638573,0.05637812716638573,modeled_population_proxy_population_first_evolved_to_2050_then_hdi_reconciled,0.616,0.6647,0.612288,0.659655,0.047367,18,0.596712,0.841494,37885854,74295397,2139735.972645947,4188635.339943113,0.957548,modeled_proxy_not_official_subdivision_projection,emerging_mover,accelerator
1413,Kuanza Norte,Angola,AGO,Angola,Africa,0.616,8.0,0.57,0.05205602852010674,0.05136374601958539,0.05136374601958539,modeled_population_proxy_population_first_evolved_to_2050_then_hdi_reconciled,0.616,0.6647,0.589288,0.6403,0.051012,18,0.596712,0.841494,37885854,74295397,1972187.0963326,3816089.9019322665,0.934953,modeled_proxy_not_official_subdivision_projection,emerging_mover,accelerator
1417,Uige,Angola,AGO,Angola,Africa,0.616,9.0,0.569,0.051871806873591365,0.05115614647662859,0.05115614647662859,modeled_population_proxy_population_first_evolved_to_2050_then_hdi_reconciled,0.616,0.6647,0.588288,0.639459,0.051171,18,0.596712,0.841494,37885854,74295397,1965207.701929079,3800666.211471272,0.933977,modeled_proxy_not_official_subdivision_projection,emerging_mover,accelerator
1433,Huambo,Angola,AGO,Angola,Africa,0.616,10.0,0.564,0.050960431779761485,0.05013066713039502,0.05013066713039502,modeled_population_proxy_population_first_evolved_to_2050_then_hdi_reconciled,0.616,0.6647,0.583288,0.635251,0.051964,18,0.596712,0.841494,37885854,74295397,1930679.4781850039,3724477.8163275486,0.929102,modeled_proxy_not_official_subdivision_projection,emerging_mover,accelerator
1438,Benguela,Angola,AGO,Angola,Africa,0.616,11.0,0.562,0.05060038114807275,0.049726254566227104,0.049726254566227104,modeled_population_proxy_population_first_evolved_to_2050_then_hdi_reconciled,0.616,0.6647,0.581288,0.633568,0.052281,18,0.596712,0.841494,37885854,74295397,1917038.6525202366,3694431.8243209054,0.927156,modeled_proxy_not_official_subdivision_projection,emerging_mover,accelerator
1472,Lunda Norte,Angola,AGO,Angola,Africa,0.616,12.0,0.547,0.04797985781709518,0.046795353761546525,0.046795353761546525,modeled_population_proxy_population_first_evolved_to_2050_then_hdi_reconciled,0.616,0.6647,0.566288,0.620946,0.054658,18,0.596712,0.841494,37885854,74295397,1817757.8881992265,3476679.3854695424,0.91262,modeled_proxy_not_official_subdivision_projection,emerging_mover,accelerator
1474,Huila,Angola,AGO,Angola,Africa,0.616,13.0,0.546,0.04781006137549332,0.046606218528892435,0.046606218528892435,modeled_population_proxy_population_first_evolved_to_2050_then_hdi_reconciled,0.616,0.6647,0.565288,0.620104,0.054817,18,0.596712,0.841494,37885854,74295397,1811325.005002979,3462627.508272819,0.911654,modeled_proxy_not_official_subdivision_projection,emerging_mover,accelerator
1480,Cunene,Angola,AGO,Angola,Africa,0.616,14.0,0.544,0.04747226904920928,0.04623023828724885,0.04623023828724885,modeled_population_proxy_population_first_evolved_to_2050_then_hdi_reconciled,0.616,0.6647,0.563288,0.618421,0.055134,18,0.596712,0.841494,37885854,74295397,1798527.4542470616,3434693.9069557535,0.909726,modeled_proxy_not_official_subdivision_projection,emerging_mover,accelerator
1502,Moxico,Angola,AGO,Angola,Africa,0.616,15.0,0.534,0.0458187710097036,0.044395347102665364,0.044395347102665364,modeled_population_proxy_population_first_evolved_to_2050_then_hdi_reconciled,0.616,0.6647,0.553288,0.610007,0.056719,18,0.596712,0.841494,37885854,74295397,1735883.2689330631,3298369.937945323,0.90011,modeled_proxy_not_official_subdivision_projection,emerging_mover,accelerator
1510,Kuando Kubango,Angola,AGO,Angola,Africa,0.616,16.0,0.532,0.045495047743061304,0.044037202334469595,0.044037202334469595,modeled_population_proxy_population_first_evolved_to_2050_then_hdi_reconciled,0.616,0.6647,0.551288,0.608324,0.057036,18,0.596712,0.841494,37885854,74295397,1723618.73651665,3271761.4302087454,0.898193,modeled_proxy_not_official_subdivision_projection,emerging_mover,accelerator
1519,Bie,Angola,AGO,Angola,Africa,0.616,17.0,0.526,0.044537536626171215,0.04298001027303127,0.04298001027303127,modeled_population_proxy_population_first_evolved_to_2050_then_hdi_reconciled,0.616,0.6647,0.545288,0.603275,0.057987,18,0.596712,0.841494,37885854,74295397,1687342.6101387753,3193216.926298937,0.892453,modeled_proxy_not_official_subdivision_projection,emerging_mover,accelerator
1609,Kuanza Sul,Angola,AGO,Angola,Africa,0.616,18.0,0.478,0.03756840279537236,0.03538676562582778,0.03538676562582778,modeled_population_proxy_population_first_evolved_to_2050_then_hdi_reconciled,0.616,0.6647,0.497288,0.562883,0.065595,18,0.596712,0.841494,37885854,74295397,1423311.023318669,2629073.800716828,0.847153,modeled_proxy_not_official_subdivision_projection,emerging_mover,accelerator
893,"St Ann, St Catherine",Jamaica,JAM,Jamaica,America,0.72,1.0,0.733,0.22645629744497744,0.272268625825687,0.272268625825687,modeled_population_proxy_population_first_evolved_to_2050_then_hdi_reconciled,0.72,0.8091,0.734054,0.819316,0.085263,6,0.718946,0.826142,2839182,2454944,642950.6434924259,668404.2293590154,0.039589,modeled_proxy_not_official_subdivision_projection,rapid_industrializer,moderate
914,"Kingston, St Andrew",Jamaica,JAM,Jamaica,America,0.72,2.0,0.728,0.2048423406954658,0.2296880668657246,0.2296880668657246,modeled_population_proxy_population_first_evolved_to_2050_then_hdi_reconciled,0.72,0.8091,0.729054,0.815185,0.086132,6,0.718946,0.826142,2839182,2454944,581584.686540434,563871.3416236094,-0.030457,modeled_proxy_not_official_subdivision_projection,rapid_industrializer,moderate
971,"Manchester, Clarendon",Jamaica,JAM,Jamaica,America,0.72,3.0,0.716,0.16101432498814938,0.15271314888556012,0.15271314888556012,modeled_population_proxy_population_first_evolved_to_2050_then_hdi_reconciled,0.72,0.8091,0.717054,0.805272,0.088218,6,0.718946,0.826142,2839182,2454944,457148.9732485039,374902.2285777125,-0.179912,modeled_proxy_not_official_subdivision_projection,rapid_industrializer,moderate
982,"St James, Hanover, Westmoreland",Jamaica,JAM,Jamaica,America,0.72,4.0,0.712,0.14859793616376835,0.13328740073313025,0.13328740073313025,modeled_population_proxy_population_first_evolved_to_2050_then_hdi_reconciled,0.72,0.8091,0.713054,0.801967,0.088914,6,0.718946,0.826142,2839182,2454944,421896.58559332014,327213.1047053937,-0.224423,modeled_proxy_not_official_subdivision_projection,rapid_industrializer,moderate
996,"St Thomas, Portland, St Mary",Jamaica,JAM,Jamaica,America,0.72,5.0,0.709,0.13991812418919444,0.12035762206180017,0.12035762206180017,modeled_population_proxy_population_first_evolved_to_2050_then_hdi_reconciled,0.72,0.8091,0.710054,0.799489,0.089435,6,0.718946,0.826142,2839182,2454944,397253.01967172546,295471.222134884,-0.256214,modeled_proxy_not_official_subdivision_projection,rapid_industrializer,moderate
1027,"Trelawny, St Elizabeth",Jamaica,JAM,Jamaica,America,0.72,6.0,0.701,0.11917097651844455,0.0916851356280979,0.0916851356280979,modeled_population_proxy_population_first_evolved_to_2050_then_hdi_reconciled,0.72,0.8091,0.702054,0.79288,0.090826,6,0.718946,0.826142,2839182,2454944,338348.09145359043,225081.87359938514,-0.334762,modeled_proxy_not_official_subdivision_projection,rapid_industrializer,moderate
925,Tripolitania,Libya,LBY,Libya,Africa,0.721,1.0,0.726,0.4203694299220738,0.45717313015256905,0.45717313015256905,modeled_population_proxy_population_first_evolved_to_2050_then_hdi_reconciled,0.721,0.7779,0.726443,0.78206,0.055617,3,0.720557,0.838378,7381029,9260610,3102758.9529682947,4233702.060822182,0.364496,modeled_proxy_not_official_subdivision_projection,fast_converger,conflict_recovery
952,Fezzan,Libya,LBY,Libya,Africa,0.721,2.0,0.72,0.33394075433102666,0.32966118256486393,0.32966118256486393,modeled_population_proxy_population_first_evolved_to_2050_then_hdi_reconciled,0.721,0.7779,0.720443,0.77703,0.056587,3,0.720557,0.838378,7381029,9260610,2464826.391999183,3052863.6438720045,0.238571,modeled_proxy_not_official_subdivision_projection,fast_converger,conflict_recovery
983,Cyrenaica,Libya,LBY,Libya,Africa,0.721,3.0,0.712,0.24568981574689958,0.21316568728256705,0.21316568728256705,modeled_population_proxy_population_first_evolved_to_2050_then_hdi_reconciled,0.721,0.7779,0.712443,0.770323,0.05788,3,0.720557,0.838378,7381029,9260610,1813443.6550325225,1974044.2953058132,0.088561,modeled_proxy_not_official_subdivision_projection,fast_converger,conflict_recovery
934,Lagos,Nigeria,NGA,Nigeria,Africa,0.56,1.0,0.723,0.06772009029345372,0.07459285921884964,0.07459285921884964,seeded_population_prior_population_first_evolved_to_2050_then_hdi_reconciled,0.56,0.7225,0.719744,0.845171,0.125427,37,0.563256,0.79825,232679482,359185557,15757075.530474039,26792677.686745096,0.700359,modeled_proxy_not_official_subdivision_projection,rapid_industrializer,frontier_jumper
993,Ebonyi,Nigeria,NGA,Nigeria,Africa,0.56,2.0,0.71,0.014672686230248306,0.0160326984981538,0.0160326984981538,seeded_population_prior_population_first_evolved_to_2050_then_hdi_reconciled,0.56,0.7225,0.706744,0.834794,0.12805,37,0.563256,0.79825,232679482,359185557,3414033.0316027086,5758713.740272436,0.686777,modeled_proxy_not_official_subdivision_projection,rapid_industrializer,frontier_jumper
1080,Imo,Nigeria,NGA,Nigeria,Africa,0.56,3.0,0.69,0.02934537246049661,0.031672224989832,0.031672224989832,seeded_population_prior_population_first_evolved_to_2050_then_hdi_reconciled,0.56,0.7225,0.686744,0.818829,0.132085,37,0.563256,0.79825,232679482,359185557,6828066.063205417,11376205.774402127,0.666095,modeled_proxy_not_official_subdivision_projection,rapid_industrializer,frontier_jumper
1102,Abuja FCT,Nigeria,NGA,Nigeria,Africa,0.56,4.0,0.683,0.011286681715575621,0.01212913721827666,0.01212913721827666,seeded_population_prior_population_first_evolved_to_2050_then_hdi_reconciled,0.56,0.7225,0.679744,0.813241,0.133497,37,0.563256,0.79825,232679482,359185557,2626179.255079007,4356610.907676133,0.658916,modeled_proxy_not_official_subdivision_projection,rapid_industrializer,frontier_jumper
1110,Anambra,Nigeria,NGA,Nigeria,Africa,0.56,5.0,0.679,0.030474040632054174,0.032667963673822804,0.032667963673822804,seeded_population_prior_population_first_evolved_to_2050_then_hdi_reconciled,0.56,0.7225,0.675744,0.810048,0.134304,37,0.563256,0.79825,232679482,359185557,7090683.988713318,11733860.72823781,0.654828,modeled_proxy_not_official_subdivision_projection,rapid_industrializer,frontier_jumper
1139,Enugu,Nigeria,NGA,Nigeria,Africa,0.56,6.0,0.672,0.02144469525959368,0.022889514662011598,0.022889514662011598,seeded_population_prior_population_first_evolved_to_2050_then_hdi_reconciled,0.56,0.7225,0.668744,0.80446,0.135716,37,0.563256,0.79825,232679482,359185557,4989740.584650113,8221583.073334303,0.647697,modeled_proxy_not_official_subdivision_projection,rapid_industrializer,frontier_jumper
1205,Edo,Nigeria,NGA,Nigeria,Africa,0.56,7.0,0.644,0.019187358916478558,0.020129391115765415,0.020129391115765415,seeded_population_prior_population_first_evolved_to_2050_then_hdi_reconciled,0.56,0.7225,0.640744,0.782109,0.141365,37,0.563256,0.79825,232679482,359185557,4464504.733634312,7230186.559987052,0.619482,modeled_proxy_not_official_subdivision_projection,rapid_industrializer,frontier_jumper
1233,Kogi,Nigeria,NGA,Nigeria,Africa,0.56,8.0,0.633,0.022573363431151242,0.02352148768862694,0.02352148768862694,seeded_population_prior_population_first_evolved_to_2050_then_hdi_reconciled,0.56,0.7225,0.629744,0.773328,0.143585,37,0.563256,0.79825,232679482,359185557,5252358.510158014,8448578.65690811,0.60853,modeled_proxy_not_official_subdivision_projection,rapid_industrializer,frontier_jumper
1238,Abia,Nigeria,NGA,Nigeria,Africa,0.56,9.0,0.631,0.01805869074492099,0.018793989020997954,0.018793989020997954,seeded_population_prior_population_first_evolved_to_2050_then_hdi_reconciled,0.56,0.7225,0.627744,0.771732,0.143988,37,0.563256,0.79825,232679482,359185557,4201886.8081264105,6750529.414759035,0.606547,modeled_proxy_not_official_subdivision_projection,rapid_industrializer,frontier_jumper
1261,Ekiti,Nigeria,NGA,Nigeria,Africa,0.56,10.0,0.621,0.011286681715575621,0.011674007351874485,0.011674007351874485,seeded_population_prior_population_first_evolved_to_2050_then_hdi_reconciled,0.56,0.7225,0.617744,0.763749,0.146006,37,0.563256,0.79825,232679482,359185557,2626179.255079007,4193134.8331051315,0.596667,modeled_proxy_not_official_subdivision_projection,rapid_industrializer,frontier_jumper
1269,Ondo,Nigeria,NGA,Nigeria,Africa,0.56,11.0,0.619,0.024830699774266364,0.02565114989719476,0.02565114989719476,seeded_population_prior_population_first_evolved_to_2050_then_hdi_reconciled,0.56,0.7225,0.615744,0.762153,0.146409,37,0.563256,0.79825,232679482,359185557,5777594.361173814,9213522.563514393,0.594699,modeled_proxy_not_official_subdivision_projection,rapid_industrializer,frontier_jumper
1274,Delta,Nigeria,NGA,Nigeria,Africa,0.56,12.0,0.618,0.030474040632054174,0.03146154308567348,0.03146154308567348,seeded_population_prior_population_first_evolved_to_2050_then_hdi_reconciled,0.56,0.7225,0.614744,0.761355,0.146611,37,0.563256,0.79825,232679482,359185557,7090683.988713318,11300531.877307126,0.593715,modeled_proxy_not_official_subdivision_projection,rapid_industrializer,frontier_jumper
1279,Rivers,Nigeria,NGA,Nigeria,Africa,0.56,13.0,0.616,0.03611738148984198,0.037241779889105535,0.037241779889105535,seeded_population_prior_population_first_evolved_to_2050_then_hdi_reconciled,0.56,0.7225,0.612744,0.759758,0.147014,37,0.563256,0.79825,232679482,359185557,8403773.616252821,13376709.453139769,0.59175,modeled_proxy_not_official_subdivision_projection,rapid_industrializer,frontier_jumper
1280,Osun,Nigeria,NGA,Nigeria,Africa,0.56,14.0,0.615,0.023702031602708805,0.024424846497931668,0.024424846497931668,seeded_population_prior_population_first_evolved_to_2050_then_hdi_reconciled,0.56,0.7225,0.611744,0.75896,0.147216,37,0.563256,0.79825,232679482,359185557,5514976.435665915,8773052.093999086,0.590769,modeled_proxy_not_official_subdivision_projection,rapid_industrializer,frontier_jumper
1300,Akwa Ibom,Nigeria,NGA,Nigeria,Africa,0.56,15.0,0.611,0.028216704288939052,0.02900553948379033,0.02900553948379033,seeded_population_prior_population_first_evolved_to_2050_then_hdi_reconciled,0.56,0.7225,0.607744,0.755767,0.148023,37,0.563256,0.79825,232679482,359185557,6565448.137697517,10418370.855570722,0.586848,modeled_proxy_not_official_subdivision_projection,rapid_industrializer,frontier_jumper
1301,Oyo,Nigeria,NGA,Nigeria,Africa,0.56,16.0,0.611,0.038374717832957116,0.039447533697954854,0.039447533697954854,seeded_population_prior_population_first_evolved_to_2050_then_hdi_reconciled,0.56,0.7225,0.607744,0.755767,0.148023,37,0.563256,0.79825,232679482,359185557,8929009.467268623,14168984.363576183,0.586848,modeled_proxy_not_official_subdivision_projection,rapid_industrializer,frontier_jumper
1326,Kwara,Nigeria,NGA,Nigeria,Africa,0.56,17.0,0.604,0.020316027088036117,0.020794004198407465,0.020794004198407465,seeded_population_prior_population_first_evolved_to_2050_then_hdi_reconciled,0.56,0.7225,0.600744,0.750179,0.149435,37,0.563256,0.79825,232679482,359185557,4727122.659142212,7468905.980265324,0.580011,modeled_proxy_not_official_subdivision_projection,rapid_industrializer,frontier_jumper
1353,Benue,Nigeria,NGA,Nigeria,Africa,0.56,18.0,0.591,0.0327313769751693,0.03323386790445493,0.03323386790445493,seeded_population_prior_population_first_evolved_to_2050_then_hdi_reconciled,0.56,0.7225,0.587744,0.739802,0.152058,37,0.563256,0.79825,232679482,359185557,7615919.839729119,11937125.354526065,0.567391,modeled_proxy_not_official_subdivision_projection,rapid_industrializer,frontier_jumper
1360,Ogun,Nigeria,NGA,Nigeria,Africa,0.56,19.0,0.59,0.028216704288939052,0.02863221837649121,0.02863221837649121,seeded_population_prior_population_first_evolved_to_2050_then_hdi_reconciled,0.56,0.7225,0.586744,0.739004,0.15226,37,0.563256,0.79825,232679482,359185557,6565448.137697517,10284279.305705631,0.566425,modeled_proxy_not_official_subdivision_projection,rapid_industrializer,frontier_jumper
1370,Cross River,Nigeria,NGA,Nigeria,Africa,0.56,20.0,0.587,0.019187358916478558,0.019433910724596916,0.019433910724596916,seeded_population_prior_population_first_evolved_to_2050_then_hdi_reconciled,0.56,0.7225,0.583744,0.736609,0.152865,37,0.563256,0.79825,232679482,359185557,4464504.733634312,6980380.048302617,0.563528,modeled_proxy_not_official_subdivision_projection,rapid_industrializer,frontier_jumper
1371,Bayelsa,Nigeria,NGA,Nigeria,Africa,0.56,21.0,0.587,0.011286681715575621,0.01143171219093936,0.01143171219093936,seeded_population_prior_population_first_evolved_to_2050_then_hdi_reconciled,0.56,0.7225,0.583744,0.736609,0.152865,37,0.563256,0.79825,232679482,359185557,2626179.255079007,4106105.9107662444,0.563528,modeled_proxy_not_official_subdivision_projection,rapid_industrializer,frontier_jumper
1406,Plateau,Nigeria,NGA,Nigeria,Africa,0.56,22.0,0.574,0.020316027088036117,0.020412728359699605,0.020412728359699605,seeded_population_prior_population_first_evolved_to_2050_then_hdi_reconciled,0.56,0.7225,0.570744,0.726232,0.155488,37,0.563256,0.79825,232679482,359185557,4727122.659142212,7331957.205768399,0.55104,modeled_proxy_not_official_subdivision_projection,rapid_industrializer,frontier_jumper
1441,Kaduna,Nigeria,NGA,Nigeria,Africa,0.56,23.0,0.56,0.045146726862302484,0.04497155549095645,0.04497155549095645,seeded_population_prior_population_first_evolved_to_2050_then_hdi_reconciled,0.56,0.7225,0.556744,0.715056,0.158312,37,0.563256,0.79825,232679482,359185557,10504717.020316027,16153133.208175601,0.537703,modeled_proxy_not_official_subdivision_projection,rapid_industrializer,frontier_jumper
1444,Nassarawa,Nigeria,NGA,Nigeria,Africa,0.56,24.0,0.559,0.011286681715575621,0.011235955633040725,0.011235955633040725,seeded_population_prior_population_first_evolved_to_2050_then_hdi_reconciled,0.56,0.7225,0.555744,0.714258,0.158514,37,0.563256,0.79825,232679482,359185557,2626179.255079007,4035792.9824810205,0.536755,modeled_proxy_not_official_subdivision_projection,rapid_industrializer,frontier_jumper
1471,Adamawa,Nigeria,NGA,Nigeria,Africa,0.56,25.0,0.548,0.020316027088036117,0.020087948889068473,0.020087948889068473,seeded_population_prior_population_first_evolved_to_2050_then_hdi_reconciled,0.56,0.7225,0.544744,0.705477,0.160733,37,0.563256,0.79825,232679482,359185557,4727122.659142212,7215301.11070759,0.526362,modeled_proxy_not_official_subdivision_projection,rapid_industrializer,frontier_jumper
1497,Taraba,Nigeria,NGA,Nigeria,Africa,0.56,26.0,0.537,0.01580135440180587,0.015518301994947503,0.015518301994947503,seeded_population_prior_population_first_evolved_to_2050_then_hdi_reconciled,0.56,0.7225,0.533744,0.696696,0.162953,37,0.563256,0.79825,232679482,359185557,3676650.95711061,5573949.94574943,0.51604,modeled_proxy_not_official_subdivision_projection,rapid_industrializer,frontier_jumper
1516,Niger,Nigeria,NGA,Nigeria,Africa,0.56,27.0,0.53,0.02934537246049661,0.02869552633076952,0.02869552633076952,seeded_population_prior_population_first_evolved_to_2050_then_hdi_reconciled,0.56,0.7225,0.526744,0.691109,0.164365,37,0.563256,0.79825,232679482,359185557,6828066.063205417,10307018.608525615,0.509508,modeled_proxy_not_official_subdivision_projection,rapid_industrializer,frontier_jumper
1576,Kano,Nigeria,NGA,Nigeria,Africa,0.56,28.0,0.497,0.07336343115124154,0.07029321797437653,0.07029321797437653,seeded_population_prior_population_first_evolved_to_2050_then_hdi_reconciled,0.56,0.7225,0.493744,0.664766,0.171023,37,0.563256,0.79825,232679482,359185557,17070165.158013545,25248308.651448846,0.47909,modeled_proxy_not_official_subdivision_projection,rapid_industrializer,frontier_jumper
1613,Gombe,Nigeria,NGA,Nigeria,Africa,0.56,29.0,0.476,0.01693002257336343,0.016012729901685556,0.016012729901685556,seeded_population_prior_population_first_evolved_to_2050_then_hdi_reconciled,0.56,0.7225,0.472744,0.648003,0.175259,37,0.563256,0.79825,232679482,359185557,3939268.8826185097,5751541.308827481,0.460053,modeled_proxy_not_official_subdivision_projection,rapid_industrializer,frontier_jumper
1615,Borno,Nigeria,NGA,Nigeria,Africa,0.56,30.0,0.475,0.030474040632054174,0.028805139372658918,0.028805139372658918,seeded_population_prior_population_first_evolved_to_2050_then_hdi_reconciled,0.56,0.7225,0.471744,0.647205,0.175461,37,0.563256,0.79825,232679482,359185557,7090683.988713318,10346390.030031124,0.459153,modeled_proxy_not_official_subdivision_projection,rapid_industrializer,frontier_jumper
1667,Yobe,Nigeria,NGA,Nigeria,Africa,0.56,31.0,0.447,0.01805869074492099,0.01677741059069771,0.01677741059069771,seeded_population_prior_population_first_evolved_to_2050_then_hdi_reconciled,0.56,0.7225,0.443744,0.624854,0.18111,37,0.563256,0.79825,232679482,359185557,4201886.8081264105,6026203.568037456,0.434166,modeled_proxy_not_official_subdivision_projection,rapid_industrializer,frontier_jumper
1674,Katsina,Nigeria,NGA,Nigeria,Africa,0.56,32.0,0.445,0.039503386004514675,0.036655334753025744,0.036655334753025744,seeded_population_prior_population_first_evolved_to_2050_then_hdi_reconciled,0.56,0.7225,0.441744,0.623257,0.181514,37,0.563256,0.79825,232679482,359185557,9191627.392776525,13166066.83028701,0.432398,modeled_proxy_not_official_subdivision_projection,rapid_industrializer,frontier_jumper
1723,Sokoto,Nigeria,NGA,Nigeria,Africa,0.56,33.0,0.411,0.02708803611738149,0.024613405512630464,0.024613405512630464,seeded_population_prior_population_first_evolved_to_2050_then_hdi_reconciled,0.56,0.7225,0.407744,0.596117,0.188373,37,0.563256,0.79825,232679482,359185557,6302830.212189616,8840779.768721044,0.402668,modeled_proxy_not_official_subdivision_projection,rapid_industrializer,frontier_jumper
1726,Zamfora,Nigeria,NGA,Nigeria,Africa,0.56,34.0,0.403,0.022573363431151242,0.020410199129922653,0.020410199129922653,seeded_population_prior_population_first_evolved_to_2050_then_hdi_reconciled,0.56,0.7225,0.399744,0.589731,0.189987,37,0.563256,0.79825,232679482,359185557,5252358.510158014,7331048.742962183,0.395763,modeled_proxy_not_official_subdivision_projection,rapid_industrializer,frontier_jumper
1736,Jigawa,Nigeria,NGA,Nigeria,Africa,0.56,35.0,0.385,0.03386004514672686,0.03027723825124381,0.03027723825124381,seeded_population_prior_population_first_evolved_to_2050_then_hdi_reconciled,0.56,0.7225,0.381744,0.575362,0.193619,37,0.563256,0.79825,232679482,359185557,7878537.765237019,10875146.685694713,0.380351,modeled_proxy_not_official_subdivision_projection,rapid_industrializer,frontier_jumper
1738,Bauchi,Nigeria,NGA,Nigeria,Africa,0.56,36.0,0.384,0.034988713318284424,0.031267185849692916,0.031267185849692916,seeded_population_prior_population_first_evolved_to_2050_then_hdi_reconciled,0.56,0.7225,0.380744,0.574564,0.19382,37,0.563256,0.79825,232679482,359185557,8141155.690744921,11230721.565244468,0.3795,modeled_proxy_not_official_subdivision_projection,rapid_industrializer,frontier_jumper
1742,Kebbi,Nigeria,NGA,Nigeria,Africa,0.56,37.0,0.379,0.02144469525959368,0.019104742580831627,0.019104742580831627,seeded_population_prior_population_first_evolved_to_2050_then_hdi_reconciled,0.56,0.7225,0.375744,0.570573,0.194829,37,0.563256,0.79825,232679482,359185557,4989740.584650113,6862147.605237626,0.375251,modeled_proxy_not_official_subdivision_projection,rapid_industrializer,frontier_jumper
953,Tiris-Zemmour,Mauritania,MRT,Mauritania,Africa,0.563,1.0,0.72,0.11723632788190261,0.12507229439663908,0.12507229439663908,modeled_population_proxy_population_first_evolved_to_2050_then_hdi_reconciled,0.563,0.685,0.702407,0.794659,0.092251,12,0.580593,0.81364,5169403,9415604,606041.825061691,1177631.1954101725,0.943152,modeled_proxy_not_official_subdivision_projection,rapid_industrializer,frontier_jumper
1030,Nouadhibou,Mauritania,MRT,Mauritania,Africa,0.563,2.0,0.7,0.11203541478326452,0.11840088127582131,0.11840088127582131,modeled_population_proxy_population_first_evolved_to_2050_then_hdi_reconciled,0.563,0.685,0.682407,0.778386,0.095979,12,0.580593,0.81364,5169403,9415604,579156.2092868519,1114815.8113441481,0.924897,modeled_proxy_not_official_subdivision_projection,rapid_industrializer,frontier_jumper
1142,Trarza incl Nouakchott,Mauritania,MRT,Mauritania,Africa,0.563,3.0,0.671,0.10490117425020322,0.10935432673671407,0.10935432673671407,modeled_population_proxy_population_first_evolved_to_2050_then_hdi_reconciled,0.563,0.685,0.653407,0.75479,0.101383,12,0.580593,0.81364,5169403,9415604,542276.4448725233,1029637.0362395119,0.898731,modeled_proxy_not_official_subdivision_projection,rapid_industrializer,frontier_jumper
1230,Inchiri,Mauritania,MRT,Mauritania,Africa,0.563,4.0,0.633,0.09623593645875154,0.0985381093947567,0.0985381093947567,modeled_population_proxy_population_first_evolved_to_2050_then_hdi_reconciled,0.563,0.685,0.615407,0.723872,0.108465,12,0.580593,0.81364,5169403,9415604,497482.33863767964,927795.8169697088,0.864982,modeled_proxy_not_official_subdivision_projection,rapid_industrializer,frontier_jumper
1369,Adrar,Mauritania,MRT,Mauritania,Africa,0.563,5.0,0.587,0.08669847363712763,0.08686603666976862,0.08686603666976862,modeled_population_proxy_population_first_evolved_to_2050_then_hdi_reconciled,0.563,0.685,0.569407,0.686445,0.117037,12,0.580593,0.81364,5169403,9415604,448179.34971518844,817896.2023320202,0.824931,modeled_proxy_not_official_subdivision_projection,rapid_industrializer,frontier_jumper
1498,Brakna,Mauritania,MRT,Mauritania,Africa,0.563,6.0,0.536,0.07722517593065159,0.07553430594252084,0.07553430594252084,modeled_population_proxy_population_first_evolved_to_2050_then_hdi_reconciled,0.563,0.685,0.518407,0.644949,0.126542,12,0.580593,0.81364,5169403,9415604,399208.0561314381,711201.113169623,0.78153,modeled_proxy_not_official_subdivision_projection,rapid_industrializer,frontier_jumper
1514,Tagant,Mauritania,MRT,Mauritania,Africa,0.563,7.0,0.53,0.07618103035182709,0.07430232241477837,0.07430232241477837,modeled_population_proxy_population_first_evolved_to_2050_then_hdi_reconciled,0.563,0.685,0.512407,0.640067,0.12766,12,0.580593,0.81364,5169403,9415604,393810.44684382604,699601.2441378769,0.776492,modeled_proxy_not_official_subdivision_projection,rapid_industrializer,frontier_jumper
1578,Assaba,Mauritania,MRT,Mauritania,Africa,0.563,8.0,0.496,0.07052533299082242,0.06769114793422217,0.06769114793422217,modeled_population_proxy_population_first_evolved_to_2050_then_hdi_reconciled,0.563,0.685,0.478407,0.612403,0.133996,12,0.580593,0.81364,5169403,9415604,364573.8679387564,637353.0432540539,0.748214,modeled_proxy_not_official_subdivision_projection,rapid_industrializer,frontier_jumper
1606,Gorgol,Mauritania,MRT,Mauritania,Africa,0.563,9.0,0.48,0.06801107523954568,0.0647868602802614,0.0647868602802614,modeled_population_proxy_population_first_evolved_to_2050_then_hdi_reconciled,0.563,0.685,0.462407,0.599385,0.136978,12,0.580593,0.81364,5169403,9415604,351576.65637653315,610007.4208022703,0.735062,modeled_proxy_not_official_subdivision_projection,rapid_industrializer,frontier_jumper
1620,Hodh Gharbi,Mauritania,MRT,Mauritania,Africa,0.563,10.0,0.471,0.06663640280770027,0.06320830605865936,0.06320830605865936,modeled_population_proxy_population_first_evolved_to_2050_then_hdi_reconciled,0.563,0.685,0.453407,0.592062,0.138655,12,0.580593,0.81364,5169403,9415604,344470.42058333417,595144.3793591373,0.727708,modeled_proxy_not_official_subdivision_projection,rapid_industrializer,frontier_jumper
1653,Guidimagha,Mauritania,MRT,Mauritania,Africa,0.563,11.0,0.457,0.06455304432492083,0.060828880580131486,0.060828880580131486,modeled_population_proxy_population_first_evolved_to_2050_then_hdi_reconciled,0.563,0.685,0.439407,0.580671,0.141264,12,0.580593,0.81364,5169403,9415604,333700.7009923787,572740.6513058083,0.71633,modeled_proxy_not_official_subdivision_projection,rapid_industrializer,frontier_jumper
1706,Hodh Charghi,Mauritania,MRT,Mauritania,Africa,0.563,12.0,0.423,0.05976061134328269,0.05541652831572662,0.05541652831572662,modeled_population_proxy_population_first_evolved_to_2050_then_hdi_reconciled,0.563,0.685,0.405407,0.553008,0.1476,12,0.580593,0.81364,5169403,9415604,308926.68355979957,521780.0856756688,0.689009,modeled_proxy_not_official_subdivision_projection,rapid_industrializer,frontier_jumper
969,Central I,El Salvador,SLV,El Salvador,America,0.678,1.0,0.716,0.3550300485525992,0.42176900095100667,0.42176900095100667,modeled_population_proxy_population_first_evolved_to_2050_then_hdi_reconciled,0.678,0.7844,0.725163,0.818999,0.093836,4,0.668837,0.819568,6338197,6663348,2250250.3886459386,2810393.6289488883,0.248925,modeled_proxy_not_official_subdivision_projection,rapid_industrializer,accelerator
1196,Occidental,El Salvador,SLV,El Salvador,America,0.678,2.0,0.648,0.22282910188038713,0.20370890281227544,0.20370890281227544,modeled_population_proxy_population_first_evolved_to_2050_then_hdi_reconciled,0.678,0.7844,0.657163,0.763268,0.106105,4,0.668837,0.819568,6338197,6663348,1412334.745050964,1357383.31013637,-0.038908,modeled_proxy_not_official_subdivision_projection,rapid_industrializer,accelerator
1202,Central II,El Salvador,SLV,El Salvador,America,0.678,3.0,0.645,0.21829671972615233,0.19727224232960405,0.19727224232960405,modeled_population_proxy_population_first_evolved_to_2050_then_hdi_reconciled,0.678,0.7844,0.654163,0.760809,0.106647,4,0.668837,0.819568,6338197,6663348,1383607.6140781397,1314493.6013824826,-0.049952,modeled_proxy_not_official_subdivision_projection,rapid_industrializer,accelerator
1225,Oriental,El Salvador,SLV,El Salvador,America,0.678,4.0,0.635,0.20384412984086137,0.17724985390711379,0.17724985390711379,modeled_population_proxy_population_first_evolved_to_2050_then_hdi_reconciled,0.678,0.7844,0.644163,0.752614,0.108451,4,0.668837,0.819568,6338197,6663348,1292004.252224958,1181077.4595322588,-0.085856,modeled_proxy_not_official_subdivision_projection,rapid_industrializer,accelerator
973,Suleimaniya,Iraq,IRQ,Iraq,Asia/Pacific,0.695,1.0,0.715,0.07090172427087184,0.0765971351016214,0.0765971351016214,modeled_population_proxy_population_first_evolved_to_2050_then_hdi_reconciled,0.695,0.7215,0.716558,0.738622,0.022064,18,0.693442,0.84993,46042015,71928759,3264458.2524053454,5509536.870814966,0.687734,modeled_proxy_not_official_subdivision_projection,stable_or_slow,conflict_recovery
976,Ta-amem-Karkuk,Iraq,IRQ,Iraq,Asia/Pacific,0.695,2.0,0.714,0.0701756703817867,0.07553225263108085,0.07553225263108085,modeled_population_proxy_population_first_evolved_to_2050_then_hdi_reconciled,0.695,0.7215,0.715558,0.737772,0.022214,18,0.693442,0.84993,46042015,71928759,3231029.2683532787,5432941.196228131,0.681489,modeled_proxy_not_official_subdivision_projection,stable_or_slow,conflict_recovery
981,Erbil,Iraq,IRQ,Iraq,Asia/Pacific,0.695,3.0,0.712,0.06874579146413888,0.07344669507552364,0.07344669507552364,modeled_population_proxy_population_first_evolved_to_2050_then_hdi_reconciled,0.695,0.7215,0.713558,0.736072,0.022514,18,0.693442,0.84993,46042015,71928759,3165194.761778754,5282929.629433827,0.669069,modeled_proxy_not_official_subdivision_projection,stable_or_slow,conflict_recovery
987,Dohouk,Iraq,IRQ,Iraq,Asia/Pacific,0.695,4.0,0.711,0.06804181494221274,0.0724256112190413,0.0724256112190413,modeled_population_proxy_population_first_evolved_to_2050_then_hdi_reconciled,0.695,0.7215,0.712558,0.735222,0.022664,18,0.693442,0.84993,46042015,71928759,3132782.2641965835,5209484.334802118,0.662894,modeled_proxy_not_official_subdivision_projection,stable_or_slow,conflict_recovery
992,Baghdad,Iraq,IRQ,Iraq,Asia/Pacific,0.695,5.0,0.71,0.06734504734075822,0.07141872285822962,0.07141872285822962,modeled_population_proxy_population_first_evolved_to_2050_then_hdi_reconciled,0.695,0.7215,0.711558,0.734372,0.022814,18,0.693442,0.84993,46042015,71928759,3100701.6798389,5137060.104557389,0.656741,modeled_proxy_not_official_subdivision_projection,stable_or_slow,conflict_recovery
1010,Diala,Iraq,IRQ,Iraq,Asia/Pacific,0.695,6.0,0.704,0.06331174754874379,0.06566463637106093,0.06566463637106093,modeled_population_proxy_population_first_evolved_to_2050_then_hdi_reconciled,0.695,0.7215,0.705558,0.729273,0.023715,18,0.693442,0.84993,46042015,71928759,2915000.4303154745,4723175.8043566765,0.6203,modeled_proxy_not_official_subdivision_projection,stable_or_slow,conflict_recovery
1018,Nenava,Iraq,IRQ,Iraq,Asia/Pacific,0.695,7.0,0.703,0.06266341718717278,0.06475174165100132,0.06475174165100132,modeled_population_proxy_population_first_evolved_to_2050_then_hdi_reconciled,0.695,0.7215,0.704558,0.728423,0.023865,18,0.693442,0.84993,46042015,71928759,2885149.994083067,4657512.4200451365,0.614305,modeled_proxy_not_official_subdivision_projection,stable_or_slow,conflict_recovery
1029,Salaheldeen,Iraq,IRQ,Iraq,Asia/Pacific,0.695,8.0,0.7,0.060757989381500614,0.06208850263577949,0.06208850263577949,modeled_population_proxy_population_first_evolved_to_2050_then_hdi_reconciled,0.695,0.7215,0.701558,0.725873,0.024315,18,0.693442,0.84993,46042015,71928759,2797420.258472892,4465948.942759847,0.596453,modeled_proxy_not_official_subdivision_projection,stable_or_slow,conflict_recovery
1066,Thi-Qar,Iraq,IRQ,Iraq,Asia/Pacific,0.695,9.0,0.693,0.056534272175981524,0.05629250315985231,0.05629250315985231,modeled_population_proxy_population_first_evolved_to_2050_then_hdi_reconciled,0.695,0.7215,0.694558,0.719924,0.025366,18,0.693442,0.84993,46042015,71928759,2602951.807540624,4049049.8932917556,0.555561,modeled_proxy_not_official_subdivision_projection,stable_or_slow,conflict_recovery
1085,Anbar,Iraq,IRQ,Iraq,Asia/Pacific,0.695,10.0,0.689,0.05425389191657696,0.05322678117129496,0.05322678117129496,modeled_population_proxy_population_first_evolved_to_2050_then_hdi_reconciled,0.695,0.7215,0.690558,0.716524,0.025966,18,0.693442,0.84993,46042015,71928759,2497958.505431415,3828536.315215813,0.532666,modeled_proxy_not_official_subdivision_projection,stable_or_slow,conflict_recovery
1086,Babylon,Iraq,IRQ,Iraq,Asia/Pacific,0.695,11.0,0.689,0.05425389191657696,0.05322678117129496,0.05322678117129496,modeled_population_proxy_population_first_evolved_to_2050_then_hdi_reconciled,0.695,0.7215,0.690558,0.716524,0.025966,18,0.693442,0.84993,46042015,71928759,2497958.505431415,3828536.315215813,0.532666,modeled_proxy_not_official_subdivision_projection,stable_or_slow,conflict_recovery
1091,Qadisiya,Iraq,IRQ,Iraq,Asia/Pacific,0.695,12.0,0.688,0.05369831658143354,0.052486802239218554,0.052486802239218554,modeled_population_proxy_population_first_evolved_to_2050_then_hdi_reconciled,0.695,0.7215,0.689558,0.715674,0.026116,18,0.693442,0.84993,46042015,71928759,2472378.697517112,3775310.5489454116,0.526995,modeled_proxy_not_official_subdivision_projection,stable_or_slow,conflict_recovery
1121,Kerbela,Iraq,IRQ,Iraq,Asia/Pacific,0.695,13.0,0.676,0.04745893063666495,0.04436996049750614,0.04436996049750614,modeled_population_proxy_population_first_evolved_to_2050_then_hdi_reconciled,0.695,0.7215,0.677558,0.705475,0.027917,18,0.693442,0.84993,46042015,71928759,2185104.7962572873,3191476.1954646395,0.46056,modeled_proxy_not_official_subdivision_projection,stable_or_slow,conflict_recovery
1132,Basra,Iraq,IRQ,Iraq,Asia/Pacific,0.695,14.0,0.673,0.04601583081667814,0.042545024103706724,0.042545024103706724,modeled_population_proxy_population_first_evolved_to_2050_then_hdi_reconciled,0.695,0.7215,0.674558,0.702925,0.028367,18,0.693442,0.84993,46042015,71928759,2118661.5726989573,3060210.785404712,0.444408,modeled_proxy_not_official_subdivision_projection,stable_or_slow,conflict_recovery
1154,Wasit,Iraq,IRQ,Iraq,Asia/Pacific,0.695,15.0,0.665,0.04237848749520865,0.038037157891110285,0.038037157891110285,modeled_population_proxy_population_first_evolved_to_2050_then_hdi_reconciled,0.695,0.7215,0.666558,0.696125,0.029568,18,0.693442,0.84993,46042015,71928759,1951190.956931709,2735965.56299462,0.402203,modeled_proxy_not_official_subdivision_projection,stable_or_slow,conflict_recovery
1160,Najaf,Iraq,IRQ,Iraq,Asia/Pacific,0.695,16.0,0.663,0.04151499583917556,0.036986895529425,0.036986895529425,modeled_population_proxy_population_first_evolved_to_2050_then_hdi_reconciled,0.695,0.7215,0.664558,0.694426,0.029868,18,0.693442,0.84993,46042015,71928759,1911434.061152259,2660421.4946941882,0.391846,modeled_proxy_not_official_subdivision_projection,stable_or_slow,conflict_recovery
1183,Muthanna,Iraq,IRQ,Iraq,Asia/Pacific,0.695,17.0,0.653,0.03745439012919212,0.032154886963277333,0.032154886963277333,modeled_population_proxy_population_first_evolved_to_2050_then_hdi_reconciled,0.695,0.7215,0.654558,0.685926,0.031368,18,0.693442,0.84993,46042015,71928759,1724475.5921441156,2312861.115053817,0.341197,modeled_proxy_not_official_subdivision_projection,stable_or_slow,conflict_recovery
1203,Maysan,Iraq,IRQ,Iraq,Asia/Pacific,0.695,18.0,0.645,0.0344937899753261,0.028747909729975277,0.028747909729975277,modeled_population_proxy_population_first_evolved_to_2050_then_hdi_reconciled,0.695,0.7215,0.646558,0.679127,0.032569,18,0.693442,0.84993,46042015,71928759,1588163.5954508139,2067801.4707211468,0.302008,modeled_proxy_not_official_subdivision_projection,stable_or_slow,conflict_recovery
986,Hhohho,Eswatini,SWZ,Eswatini,Africa,0.695,1.0,0.711,0.35452382708269103,0.41359439491688427,0.41359439491688427,modeled_population_proxy_population_first_evolved_to_2050_then_hdi_reconciled,0.695,0.7326,0.710003,0.744105,0.034102,4,0.695997,0.845712,1242829,1505338,440612.4934893538,622599.3592553927,0.413032,modeled_proxy_not_official_subdivision_projection,emerging_mover,moderate
1078,Lubombo,Eswatini,SWZ,Eswatini,Africa,0.695,2.0,0.69,0.22597977671018768,0.21026902561961472,0.21026902561961472,modeled_population_proxy_population_first_evolved_to_2050_then_hdi_reconciled,0.695,0.7326,0.689003,0.726345,0.037342,4,0.695997,0.845712,1242829,1505338,280854.21990894584,316525.9544881796,0.127012,modeled_proxy_not_official_subdivision_projection,emerging_mover,moderate
1089,Shiselweni,Eswatini,SWZ,Eswatini,Africa,0.695,3.0,0.688,0.21649272323377436,0.19714892460567457,0.19714892460567457,modeled_population_proxy_population_first_evolved_to_2050_then_hdi_reconciled,0.695,0.7326,0.687003,0.724653,0.03765,4,0.695997,0.845712,1242829,1505338,269063.43472390855,296775.76786805695,0.102996,modeled_proxy_not_official_subdivision_projection,emerging_mover,moderate
1096,Manzini,Eswatini,SWZ,Eswatini,Africa,0.695,4.0,0.685,0.2030036729733469,0.17898765485782644,0.17898765485782644,modeled_population_proxy_population_first_evolved_to_2050_then_hdi_reconciled,0.695,0.7326,0.684003,0.722116,0.038113,4,0.695997,0.845712,1242829,1505338,252298.85187779175,269436.9183883708,0.067928,modeled_proxy_not_official_subdivision_projection,emerging_mover,moderate
990,Funafuti,Tuvalu,TUV,Tuvalu,Asia/Pacific,0.689,1.0,0.711,0.43855833130353655,0.5030098027895289,0.5030098027895289,modeled_population_proxy_population_first_evolved_to_2050_then_hdi_reconciled,0.689,0.7996,0.729489,0.828708,0.099219,3,0.670511,0.817972,9669,9802,4240.420505373895,4930.502086942962,0.162739,modeled_proxy_not_official_subdivision_projection,rapid_industrializer,frontier_jumper
1192,"Vaitupu, Nui, Nukufetau",Tuvalu,TUV,Tuvalu,Asia/Pacific,0.689,2.0,0.65,0.301395989822689,0.2774479892997853,0.2774479892997853,modeled_population_proxy_population_first_evolved_to_2050_then_hdi_reconciled,0.689,0.7996,0.668489,0.778812,0.110323,3,0.670511,0.817972,9669,9802,2914.19782559558,2719.5451911164955,-0.066795,modeled_proxy_not_official_subdivision_projection,rapid_industrializer,frontier_jumper
1250,"Nanumea, Nanumaga, Niutao",Tuvalu,TUV,Tuvalu,Asia/Pacific,0.689,3.0,0.626,0.2600456788737745,0.21954220791068593,0.21954220791068593,modeled_population_proxy_population_first_evolved_to_2050_then_hdi_reconciled,0.689,0.7996,0.644489,0.75918,0.114691,3,0.670511,0.817972,9669,9802,2514.3816690305257,2151.9527219405436,-0.144142,modeled_proxy_not_official_subdivision_projection,rapid_industrializer,frontier_jumper
1006,Brazzaville,Congo,COG,Congo,Africa,0.649,1.0,0.705,0.12873616942144583,0.1428210370937277,0.1428210370937277,modeled_population_proxy_population_first_evolved_to_2050_then_hdi_reconciled,0.649,0.702,0.755495,0.788004,0.032509,12,0.598505,0.83986,6332969,11006470,815282.1701247644,1571955.4601410013,0.928112,modeled_proxy_not_official_subdivision_projection,emerging_mover,frontier_jumper
1071,Pointe Noire,Congo,COG,Congo,Africa,0.649,2.0,0.692,0.12249494325044992,0.13415233588255837,0.13415233588255837,modeled_population_proxy_population_first_evolved_to_2050_then_hdi_reconciled,0.649,0.702,0.742495,0.777086,0.034591,12,0.598505,0.83986,6332969,11006470,775756.6782618585,1476543.6603213022,0.903359,modeled_proxy_not_official_subdivision_projection,emerging_mover,frontier_jumper
1277,Cuvette,Congo,COG,Congo,Africa,0.649,3.0,0.616,0.09161023638219654,0.09302898078344979,0.09302898078344979,modeled_population_proxy_population_first_evolved_to_2050_then_hdi_reconciled,0.649,0.702,0.666495,0.713256,0.046761,12,0.598505,0.83986,6332969,11006470,580164.7870911228,1023920.6861236166,0.764879,modeled_proxy_not_official_subdivision_projection,emerging_mover,frontier_jumper
1329,Niari,Congo,COG,Congo,Africa,0.649,4.0,0.603,0.08716890332553313,0.08738247061378829,0.08738247061378829,modeled_population_proxy_population_first_evolved_to_2050_then_hdi_reconciled,0.649,0.702,0.653495,0.702338,0.048843,12,0.598505,0.83986,6332969,11006470,552037.9625245982,961772.5413365423,0.742222,modeled_proxy_not_official_subdivision_projection,emerging_mover,frontier_jumper
1399,Plateaux,Congo,COG,Congo,Africa,0.649,5.0,0.577,0.07892175586326862,0.07709681429497718,0.07709681429497718,modeled_population_proxy_population_first_evolved_to_2050_then_hdi_reconciled,0.649,0.702,0.627495,0.680502,0.053007,12,0.598505,0.83986,6332969,11006470,499809.0333076484,848563.7736332375,0.697776,modeled_proxy_not_official_subdivision_projection,emerging_mover,frontier_jumper
1430,Bouenza,Congo,COG,Congo,Africa,0.649,6.0,0.565,0.07538318861351789,0.07276697672410701,0.07276697672410701,modeled_population_proxy_population_first_evolved_to_2050_then_hdi_reconciled,0.649,0.702,0.615495,0.670424,0.054928,12,0.598505,0.83986,6332969,11006470,477399.3966105618,800907.546304582,0.677647,modeled_proxy_not_official_subdivision_projection,emerging_mover,frontier_jumper
1437,Likouala,Congo,COG,Congo,Africa,0.649,7.0,0.563,0.07480904851536312,0.0720693571002819,0.0720693571002819,modeled_population_proxy_population_first_evolved_to_2050_then_hdi_reconciled,0.649,0.702,0.613495,0.668744,0.055249,12,0.598505,0.83986,6332969,11006470,473763.38516729063,793229.2168435396,0.674315,modeled_proxy_not_official_subdivision_projection,emerging_mover,frontier_jumper
1448,Sangha,Congo,COG,Congo,Africa,0.649,8.0,0.556,0.07283377616401346,0.06967993796903477,0.06967993796903477,modeled_population_proxy_population_first_evolved_to_2050_then_hdi_reconciled,0.649,0.702,0.606495,0.662865,0.05637,12,0.598505,0.83986,6332969,11006470,461254.04659963615,766930.1468580421,0.662707,modeled_proxy_not_official_subdivision_projection,emerging_mover,frontier_jumper
1469,Cuvette Ouest,Congo,COG,Congo,Africa,0.649,9.0,0.548,0.07064010512778629,0.06704602289795412,0.06704602289795412,modeled_population_proxy_population_first_evolved_to_2050_then_hdi_reconciled,0.649,0.702,0.598495,0.656146,0.057651,12,0.598505,0.83986,6332969,11006470,447361.5959310116,737940.0396456452,0.649538,modeled_proxy_not_official_subdivision_projection,emerging_mover,frontier_jumper
1500,Lekoumou,Congo,COG,Congo,Africa,0.649,10.0,0.535,0.06721541978234834,0.06297658080646336,0.06297658080646336,modeled_population_proxy_population_first_evolved_to_2050_then_hdi_reconciled,0.649,0.702,0.585495,0.645228,0.059733,12,0.598505,0.83986,6332969,11006470,425673.1698035988,693149.8473489147,0.628362,modeled_proxy_not_official_subdivision_projection,emerging_mover,frontier_jumper
1504,Kouilou,Congo,COG,Congo,Africa,0.649,11.0,0.534,0.06695896453178649,0.06267397441221036,0.06267397441221036,modeled_population_proxy_population_first_evolved_to_2050_then_hdi_reconciled,0.649,0.702,0.584495,0.644388,0.059893,12,0.598505,0.83986,6332969,11006470,424049.0466519033,689819.2191487609,0.626744,modeled_proxy_not_official_subdivision_projection,emerging_mover,frontier_jumper
1532,Pool,Congo,COG,Congo,Africa,0.649,12.0,0.519,0.06322748902229036,0.05830551142144721,0.05830551142144721,modeled_population_proxy_population_first_evolved_to_2050_then_hdi_reconciled,0.649,0.702,0.569495,0.63179,0.062295,12,0.598505,0.83986,6332969,11006470,400417.72792600514,641737.8622948161,0.602671,modeled_proxy_not_official_subdivision_projection,emerging_mover,frontier_jumper
1016,Santiago- Praia,Cape Verde,CPV,Cape Verde,Africa,0.668,1.0,0.703,0.25084986014363225,0.2810854788443207,0.2810854788443207,modeled_population_proxy_population_first_evolved_to_2050_then_hdi_reconciled,0.668,0.8207,0.698305,0.842232,0.143927,5,0.672695,0.801974,524878,566142,131665.5728924694,159134.2951638814,0.208625,modeled_proxy_not_official_subdivision_projection,rapid_industrializer,frontier_jumper
1070,S.Vicente,Cape Verde,CPV,Cape Verde,Africa,0.668,2.0,0.692,0.23290318717068714,0.2497777206433618,0.2497777206433618,modeled_population_proxy_population_first_evolved_to_2050_then_hdi_reconciled,0.668,0.8207,0.687305,0.833411,0.146105,5,0.672695,0.801974,524878,566142,122245.75907577593,141409.65832047412,0.156765,modeled_proxy_not_official_subdivision_projection,rapid_industrializer,frontier_jumper
1126,Fogo,Cape Verde,CPV,Cape Verde,Africa,0.668,3.0,0.674,0.20626314464399778,0.20588905502613336,0.20588905502613336,modeled_population_proxy_population_first_evolved_to_2050_then_hdi_reconciled,0.668,0.8207,0.669305,0.818975,0.14967,5,0.672695,0.801974,524878,566142,108262.98683445227,116562.44139060519,0.07666,modeled_proxy_not_official_subdivision_projection,rapid_industrializer,frontier_jumper
1193,S.Antao,Cape Verde,CPV,Cape Verde,Africa,0.668,4.0,0.649,0.17424184940139592,0.15742623054786672,0.15742623054786672,modeled_population_proxy_population_first_evolved_to_2050_then_hdi_reconciled,0.668,0.8207,0.644305,0.798926,0.154621,5,0.672695,0.801974,524878,566142,91455.71343010588,89125.60101483036,-0.025478,modeled_proxy_not_official_subdivision_projection,rapid_industrializer,frontier_jumper
1293,Santiago-Interior,Cape Verde,CPV,Cape Verde,Africa,0.668,5.0,0.612,0.13574195864028685,0.10582151493831747,0.10582151493831747,modeled_population_proxy_population_first_evolved_to_2050_then_hdi_reconciled,0.668,0.8207,0.607305,0.769253,0.161948,5,0.672695,0.801974,524878,566142,71247.96776719647,59910.00411020893,-0.159134,modeled_proxy_not_official_subdivision_projection,rapid_industrializer,frontier_jumper
1017,Francisco Morazan,Honduras,HND,Honduras,America,0.645,1.0,0.703,0.08887266430448039,0.10754573829404476,0.10754573829404476,modeled_population_proxy_population_first_evolved_to_2050_then_hdi_reconciled,0.645,0.7407,0.716577,0.796244,0.079666,18,0.631423,0.823634,10825704,14846781,962109.1574516706,1596708.0239349962,0.659591,modeled_proxy_not_official_subdivision_projection,fast_converger,accelerator
1092,Cortes,Honduras,HND,Honduras,America,0.645,2.0,0.687,0.08075838001752456,0.09404113253788077,0.09404113253788077,modeled_population_proxy_population_first_evolved_to_2050_then_hdi_reconciled,0.645,0.7407,0.700577,0.783065,0.082488,18,0.631423,0.823634,10825704,14846781,874266.3175892356,1396208.09978189,0.597005,modeled_proxy_not_official_subdivision_projection,fast_converger,accelerator
1120,Islas de la Bahia,Honduras,HND,Honduras,America,0.645,3.0,0.676,0.07539792808036594,0.08510576737130729,0.08510576737130729,modeled_population_proxy_population_first_evolved_to_2050_then_hdi_reconciled,0.645,0.7407,0.689577,0.774005,0.084428,18,0.631423,0.823634,10825704,14846781,816235.6516113299,1263546.689998745,0.548017,modeled_proxy_not_official_subdivision_projection,fast_converger,accelerator
1184,Atlantida,Honduras,HND,Honduras,America,0.645,4.0,0.652,0.06490523568504278,0.06844754021987,0.06844754021987,modeled_population_proxy_population_first_evolved_to_2050_then_hdi_reconciled,0.645,0.7407,0.665577,0.754238,0.088661,18,0.631423,0.823634,10825704,14846781,702644.8695765104,1016225.6396331018,0.446286,modeled_proxy_not_official_subdivision_projection,fast_converger,accelerator
1229,Yoro,Honduras,HND,Honduras,America,0.645,5.0,0.633,0.05764455854358648,0.057605675208976546,0.057605675208976546,modeled_population_proxy_population_first_evolved_to_2050_then_hdi_reconciled,0.645,0.7407,0.646577,0.738589,0.092012,18,0.631423,0.823634,10825704,14846781,624042.9280035383,855258.844184804,0.370513,modeled_proxy_not_official_subdivision_projection,fast_converger,accelerator
1240,Comayagua,Honduras,HND,Honduras,America,0.645,6.0,0.63,0.056574843015441266,0.05605832643106502,0.05605832643106502,modeled_population_proxy_population_first_evolved_to_2050_then_hdi_reconciled,0.645,0.7407,0.643577,0.736118,0.092541,18,0.631423,0.823634,10825704,14846781,612462.5043316346,832285.6957485339,0.358917,modeled_proxy_not_official_subdivision_projection,fast_converger,accelerator
1255,Colon,Honduras,HND,Honduras,America,0.645,7.0,0.624,0.05449459602261683,0.05308720266559403,0.05308720266559403,modeled_population_proxy_population_first_evolved_to_2050_then_hdi_reconciled,0.645,0.7407,0.637577,0.731176,0.093599,18,0.631423,0.823634,10825704,14846781,589942.3661404271,788174.0718786909,0.336019,modeled_proxy_not_official_subdivision_projection,fast_converger,accelerator
1271,La Paz,Honduras,HND,Honduras,America,0.645,8.0,0.618,0.052490839344577246,0.05027355018033689,0.05027355018033689,modeled_population_proxy_population_first_evolved_to_2050_then_hdi_reconciled,0.645,0.7407,0.631577,0.726235,0.094657,18,0.631423,0.823634,10825704,14846781,568250.2894559472,746400.3896199723,0.313506,modeled_proxy_not_official_subdivision_projection,fast_converger,accelerator
1278,Santa Barbara,Honduras,HND,Honduras,America,0.645,9.0,0.616,0.051839429166206166,0.04936920413289116,0.04936920413289116,modeled_population_proxy_population_first_evolved_to_2050_then_hdi_reconciled,0.645,0.7407,0.629577,0.724587,0.09501,18,0.631423,0.823634,10825704,14846781,561198.3156823148,732973.76190533,0.306087,modeled_proxy_not_official_subdivision_projection,fast_converger,accelerator
1288,Valle,Honduras,HND,Honduras,America,0.645,10.0,0.613,0.05087743997329137,0.04804309559576582,0.04804309559576582,modeled_population_proxy_population_first_evolved_to_2050_then_hdi_reconciled,0.645,0.7407,0.626577,0.722116,0.095539,18,0.631423,0.823634,10825704,14846781,550784.1054286202,713285.3188723996,0.295036,modeled_proxy_not_official_subdivision_projection,fast_converger,accelerator
1296,Ocotepeque,Honduras,HND,Honduras,America,0.645,11.0,0.612,0.05056076044594761,0.047609022906247175,0.047609022906247175,modeled_population_proxy_population_first_evolved_to_2050_then_hdi_reconciled,0.645,0.7407,0.625577,0.721293,0.095716,18,0.631423,0.823634,10825704,14846781,547355.8266027368,706840.7367130354,0.291373,modeled_proxy_not_official_subdivision_projection,fast_converger,accelerator
1308,El Paraiso,Honduras,HND,Honduras,America,0.645,12.0,0.609,0.049622499629482765,0.04633019468065484,0.04633019468065484,modeled_population_proxy_population_first_evolved_to_2050_then_hdi_reconciled,0.645,0.7407,0.622577,0.718822,0.096245,18,0.631423,0.823634,10825704,14846781,537198.49272889,687854.2541110474,0.280447,modeled_proxy_not_official_subdivision_projection,fast_converger,accelerator
1317,Choluteca,Honduras,HND,Honduras,America,0.645,13.0,0.607,0.04900668548479622,0.045496783706364265,0.045496783706364265,modeled_population_proxy_population_first_evolved_to_2050_then_hdi_reconciled,0.645,0.7407,0.620577,0.717175,0.096597,18,0.631423,0.823634,10825704,14846781,530531.8710795004,675480.7838927585,0.273214,modeled_proxy_not_official_subdivision_projection,fast_converger,accelerator
1333,Olancho,Honduras,HND,Honduras,America,0.645,14.0,0.601,0.04720471830867492,0.04308542782172687,0.04308542782172687,modeled_population_proxy_population_first_evolved_to_2050_then_hdi_reconciled,0.645,0.7407,0.614577,0.712233,0.097656,18,0.631423,0.823634,10825704,14846781,511024.3078130953,639679.9111604858,0.25176,modeled_proxy_not_official_subdivision_projection,fast_converger,accelerator
1343,Copan,Honduras,HND,Honduras,America,0.645,15.0,0.595,0.04546900914759171,0.04080187519544512,0.04080187519544512,modeled_population_proxy_population_first_evolved_to_2050_then_hdi_reconciled,0.645,0.7407,0.608577,0.707291,0.098714,18,0.631423,0.823634,10825704,14846781,492234.0342051201,605776.5054161059,0.230668,modeled_proxy_not_official_subdivision_projection,fast_converger,accelerator
1344,Intibuca,Honduras,HND,Honduras,America,0.645,16.0,0.595,0.04546900914759171,0.04080187519544512,0.04080187519544512,modeled_population_proxy_population_first_evolved_to_2050_then_hdi_reconciled,0.645,0.7407,0.608577,0.707291,0.098714,18,0.631423,0.823634,10825704,14846781,492234.0342051201,605776.5054161059,0.230668,modeled_proxy_not_official_subdivision_projection,fast_converger,accelerator
1400,Gracias a Dios,Honduras,HND,Honduras,America,0.645,17.0,0.577,0.040635511416240624,0.03465207640806982,0.03465207640806982,modeled_population_proxy_population_first_evolved_to_2050_then_hdi_reconciled,0.645,0.7407,0.590577,0.692466,0.101888,18,0.631423,0.823634,10825704,14846781,439908.01848084177,514471.7896258792,0.169499,modeled_proxy_not_official_subdivision_projection,fast_converger,accelerator
1425,Lempira,Honduras,HND,Honduras,America,0.645,18.0,0.567,0.03817589226654152,0.03164551144831459,0.03164551144831459,modeled_population_proxy_population_first_evolved_to_2050_then_hdi_reconciled,0.645,0.7407,0.580577,0.684229,0.103652,18,0.631423,0.823634,10825704,14846781,413280.90961346764,469833.9781061195,0.136839,modeled_proxy_not_official_subdivision_projection,fast_converger,accelerator
1022,Phnom Penh,Cambodia,KHM,Cambodia,Asia/Pacific,0.606,1.0,0.702,0.09442987338721591,0.11711370587282326,0.11711370587282326,modeled_population_proxy_population_first_evolved_to_2050_then_hdi_reconciled,0.606,0.7546,0.707068,0.831533,0.124466,17,0.600932,0.803532,17638804,21931455,1665630.0284219175,2568473.970233059,0.542044,modeled_proxy_not_official_subdivision_projection,rapid_industrializer,frontier_jumper
1209,Banteay Mean Chey,Cambodia,KHM,Cambodia,Asia/Pacific,0.606,2.0,0.642,0.0734175703257615,0.08065498307451857,0.08065498307451857,modeled_population_proxy_population_first_evolved_to_2050_then_hdi_reconciled,0.606,0.7546,0.647068,0.783321,0.136254,17,0.600932,0.803532,17638804,21931455,1294998.1331323234,1768881.1318245656,0.365933,modeled_proxy_not_official_subdivision_projection,rapid_industrializer,frontier_jumper
1224,Takaev,Cambodia,KHM,Cambodia,Asia/Pacific,0.606,3.0,0.635,0.07102258239983382,0.07673095826864258,0.07673095826864258,modeled_population_proxy_population_first_evolved_to_2050_then_hdi_reconciled,0.606,0.7546,0.640068,0.777697,0.137629,17,0.600932,0.803532,17638804,21931455,1252753.4105245185,1682821.5583756126,0.343298,modeled_proxy_not_official_subdivision_projection,rapid_industrializer,frontier_jumper
1257,Kampong Chhnang,Cambodia,KHM,Cambodia,Asia/Pacific,0.606,4.0,0.623,0.06709724086639375,0.07044305705888206,0.07044305705888206,modeled_population_proxy_population_first_evolved_to_2050_then_hdi_reconciled,0.606,0.7546,0.628068,0.768054,0.139987,17,0.600932,0.803532,17638804,21931455,1183515.0805831095,1544918.7359493042,0.305365,modeled_proxy_not_official_subdivision_projection,rapid_industrializer,frontier_jumper
1292,Siem Reab-Otdar Mean Chey,Cambodia,KHM,Cambodia,Asia/Pacific,0.606,5.0,0.612,0.0636898922202008,0.06513285826294046,0.06513285826294046,modeled_population_proxy_population_first_evolved_to_2050_then_hdi_reconciled,0.606,0.7546,0.617068,0.759215,0.142148,17,0.600932,0.803532,17638804,21931455,1123413.5256532468,1428458.350015057,0.271534,modeled_proxy_not_official_subdivision_projection,rapid_industrializer,frontier_jumper
1307,Prey Veaeng,Cambodia,KHM,Cambodia,Asia/Pacific,0.606,6.0,0.609,0.06279102384583854,0.06375540813320801,0.06375540813320801,modeled_population_proxy_population_first_evolved_to_2050_then_hdi_reconciled,0.606,0.7546,0.614068,0.756805,0.142737,17,0.600932,0.803532,17638804,21931455,1107558.5625760723,1398248.8644800857,0.26246,modeled_proxy_not_official_subdivision_projection,rapid_industrializer,frontier_jumper
1311,Svay Rieng,Cambodia,KHM,Cambodia,Asia/Pacific,0.606,7.0,0.608,0.06249422903970401,0.06330276228361573,0.06330276228361573,modeled_population_proxy_population_first_evolved_to_2050_then_hdi_reconciled,0.606,0.7546,0.613068,0.756001,0.142934,17,0.600932,0.803532,17638804,21931455,1102323.4571624473,1388321.6823988156,0.25945,modeled_proxy_not_official_subdivision_projection,rapid_industrializer,frontier_jumper
1324,Kandal,Cambodia,KHM,Cambodia,Asia/Pacific,0.606,8.0,0.605,0.06161223530246034,0.06196401559806451,0.06196401559806451,modeled_population_proxy_population_first_evolved_to_2050_then_hdi_reconciled,0.606,0.7546,0.610068,0.753591,0.143523,17,0.600932,0.803532,17638804,21931455,1086766.1425019787,1358961.01970825,0.250463,modeled_proxy_not_official_subdivision_projection,rapid_industrializer,frontier_jumper
1332,Bat Dambang-Krong Pailin,Cambodia,KHM,Cambodia,Asia/Pacific,0.606,9.0,0.601,0.06045557639393904,0.060222957415863455,0.060222957415863455,modeled_population_proxy_population_first_evolved_to_2050_then_hdi_reconciled,0.606,0.7546,0.606068,0.750376,0.144309,17,0.600932,0.803532,17638804,21931455,1066364.0627197174,1320777.0805329257,0.23858,modeled_proxy_not_official_subdivision_projection,rapid_industrializer,frontier_jumper
1391,Kampot-Krong Kaeb-Krong Preah Sihanouk,Cambodia,KHM,Cambodia,Asia/Pacific,0.606,10.0,0.58,0.054730034309178145,0.05185376937174809,0.05185376937174809,modeled_population_proxy_population_first_evolved_to_2050_then_hdi_reconciled,0.606,0.7546,0.585068,0.733502,0.148435,17,0.600932,0.803532,17638804,21931455,965372.3480928687,1137228.6095568715,0.178021,modeled_proxy_not_official_subdivision_projection,rapid_industrializer,frontier_jumper
1394,Preah Vihear-Stueng Traeng-Kracheh,Cambodia,KHM,Cambodia,Asia/Pacific,0.606,11.0,0.579,0.0544713414431021,0.051485621881533654,0.051485621881533654,modeled_population_proxy_population_first_evolved_to_2050_then_hdi_reconciled,0.606,0.7546,0.584068,0.732699,0.148631,17,0.600932,0.803532,17638804,21931455,960809.3153319551,1129154.5994418706,0.175212,modeled_proxy_not_official_subdivision_projection,rapid_industrializer,frontier_jumper
1439,Kampong Thum,Cambodia,KHM,Cambodia,Asia/Pacific,0.606,12.0,0.562,0.05025601214636128,0.04561227051068633,0.04561227051068633,modeled_population_proxy_population_first_evolved_to_2050_then_hdi_reconciled,0.606,0.7546,0.567068,0.719039,0.151971,17,0.600932,0.803532,17638804,21931455,886455.948071286,1000343.4581529442,0.128475,modeled_proxy_not_official_subdivision_projection,rapid_industrializer,frontier_jumper
1451,Kaoh Kong,Cambodia,KHM,Cambodia,Asia/Pacific,0.606,13.0,0.554,0.04838679154250535,0.04308506376222439,0.04308506376222439,modeled_population_proxy_population_first_evolved_to_2050_then_hdi_reconciled,0.606,0.7546,0.559068,0.71261,0.153543,17,0.600932,0.803532,17638804,21931455,853485.1322071096,944918.1370733549,0.107129,modeled_proxy_not_official_subdivision_projection,rapid_industrializer,frontier_jumper
1461,Kampong Cham (incl Tboung Khmum),Cambodia,KHM,Cambodia,Asia/Pacific,0.606,14.0,0.551,0.04770389893367436,0.042173887310713205,0.042173887310713205,modeled_population_proxy_population_first_evolved_to_2050_then_hdi_reconciled,0.606,0.7546,0.556068,0.7102,0.154132,17,0.600932,0.803532,17638804,21931455,841439.7233268911,924934.7117299776,0.099229,modeled_proxy_not_official_subdivision_projection,rapid_industrializer,frontier_jumper
1494,Mondol Kiri-Rotanak Kiri,Cambodia,KHM,Cambodia,Asia/Pacific,0.606,15.0,0.539,0.04506735588688397,0.03871784762314801,0.03871784762314801,modeled_population_proxy_population_first_evolved_to_2050_then_hdi_reconciled,0.606,0.7546,0.544068,0.700558,0.15649,17,0.600932,0.803532,17638804,21931455,794934.2572869925,849138.7328439276,0.068187,modeled_proxy_not_official_subdivision_projection,rapid_industrializer,frontier_jumper
1503,Pousat,Cambodia,KHM,Cambodia,Asia/Pacific,0.606,16.0,0.534,0.044012276193780425,0.03736279540198007,0.03736279540198007,modeled_population_proxy_population_first_evolved_to_2050_then_hdi_reconciled,0.606,0.7546,0.539068,0.69654,0.157472,17,0.600932,0.803532,17638804,21931455,776323.9133759589,819420.4660327329,0.055514,modeled_proxy_not_official_subdivision_projection,rapid_industrializer,frontier_jumper
1558,Kampong Spueu,Cambodia,KHM,Cambodia,Asia/Pacific,0.606,17.0,0.505,0.03836206576316672,0.030388038169407605,0.030388038169407605,modeled_population_proxy_population_first_evolved_to_2050_then_hdi_reconciled,0.606,0.7546,0.510068,0.673237,0.16317,17,0.600932,0.803532,17638804,21931455,676660.9590316082,666453.8916506453,-0.015084,modeled_proxy_not_official_subdivision_projection,rapid_industrializer,frontier_jumper
1023,Littoral (incl Douala),Cameroon,CMR,Cameroon,Africa,0.588,1.0,0.702,0.13327270501200658,0.14270347727921198,0.14270347727921198,modeled_population_proxy_population_first_evolved_to_2050_then_hdi_reconciled,0.588,0.6796,0.687595,0.758083,0.070488,10,0.602405,0.825192,29123748,51096324,3881400.6760480166,7291623.110985254,0.878606,modeled_proxy_not_official_subdivision_projection,fast_converger,accelerator
1119,Sud Ouest,Cameroon,CMR,Cameroon,Africa,0.588,2.0,0.676,0.12440072083522599,0.13079318019123198,0.13079318019123198,modeled_population_proxy_population_first_evolved_to_2050_then_hdi_reconciled,0.588,0.6796,0.661595,0.736628,0.075033,10,0.602405,0.825192,29123748,51096324,3623015.2446234715,6683050.712041572,0.84461,modeled_proxy_not_official_subdivision_projection,fast_converger,accelerator
1149,Centre (incl Yaounde),Cameroon,CMR,Cameroon,Africa,0.588,3.0,0.667,0.1214693078442346,0.1269063533373667,0.1269063533373667,modeled_population_proxy_population_first_evolved_to_2050_then_hdi_reconciled,0.588,0.6796,0.652595,0.729201,0.076606,10,0.602405,0.825192,29123748,51096324,3537641.5113899116,6484448.147784569,0.832986,modeled_proxy_not_official_subdivision_projection,fast_converger,accelerator
1237,Sud,Cameroon,CMR,Cameroon,Africa,0.588,4.0,0.631,0.11041833561632827,0.112480289519666,0.112480289519666,modeled_population_proxy_population_first_evolved_to_2050_then_hdi_reconciled,0.588,0.6796,0.616595,0.699494,0.082899,10,0.602405,0.825192,29123748,51096324,3215795.7810693695,5747329.316910658,0.787218,modeled_proxy_not_official_subdivision_projection,fast_converger,accelerator
1251,Ouest,Cameroon,CMR,Cameroon,Africa,0.588,5.0,0.625,0.10867683196720257,0.11024069325402583,0.11024069325402583,modeled_population_proxy_population_first_evolved_to_2050_then_hdi_reconciled,0.588,0.6796,0.610595,0.694543,0.083948,10,0.602405,0.825192,29123748,51096324,3165076.667651152,5632894.180492318,0.779702,modeled_proxy_not_official_subdivision_projection,fast_converger,accelerator
1440,Nord Ouest,Cameroon,CMR,Cameroon,Africa,0.588,6.0,0.561,0.09172587956681984,0.08895575368181088,0.08895575368181088,modeled_population_proxy_population_first_evolved_to_2050_then_hdi_reconciled,0.588,0.6796,0.546595,0.641731,0.095136,10,0.602405,0.825192,29123748,51096324,2671401.40158241,4545312.011790002,0.701471,modeled_proxy_not_official_subdivision_projection,fast_converger,accelerator
1473,Est,Cameroon,CMR,Cameroon,Africa,0.588,7.0,0.547,0.08838570341892758,0.08487769308232576,0.08487769308232576,modeled_population_proxy_population_first_evolved_to_2050_then_hdi_reconciled,0.588,0.6796,0.532595,0.630178,0.097583,10,0.602405,0.825192,29123748,51096324,2574122.9531755853,4336938.106107076,0.684822,modeled_proxy_not_official_subdivision_projection,fast_converger,accelerator
1562,Adamaoua,Cameroon,CMR,Cameroon,Africa,0.588,8.0,0.502,0.07845133210058437,0.0729936184570376,0.0729936184570376,modeled_population_proxy_population_first_evolved_to_2050_then_hdi_reconciled,0.588,0.6796,0.487595,0.593044,0.105449,10,0.602405,0.825192,29123748,51096324,2284796.8263617298,3729705.578613173,0.632401,modeled_proxy_not_official_subdivision_projection,fast_converger,accelerator
1623,Extreme Nord,Cameroon,CMR,Cameroon,Africa,0.588,9.0,0.47,0.07207385966913804,0.06556936036597252,0.06556936036597252,modeled_population_proxy_population_first_evolved_to_2050_then_hdi_reconciled,0.588,0.6796,0.455595,0.566638,0.111043,10,0.602405,0.825192,29123748,51096324,2099060.92639134,3350353.2817324908,0.59612,modeled_proxy_not_official_subdivision_projection,fast_converger,accelerator
1639,Nord,Cameroon,CMR,Cameroon,Africa,0.588,10.0,0.465,0.07112532396953222,0.06447958083135065,0.06447958083135065,modeled_population_proxy_population_first_evolved_to_2050_then_hdi_reconciled,0.588,0.6796,0.450595,0.562512,0.111917,10,0.602405,0.825192,29123748,51096324,2071436.011707016,3294669.553542882,0.590524,modeled_proxy_not_official_subdivision_projection,fast_converger,accelerator
1045,Greater Accra,Ghana,GHA,Ghana,Africa,0.628,1.0,0.697,0.1447896628396934,0.16792613877107196,0.16792613877107196,modeled_population_proxy_population_first_evolved_to_2050_then_hdi_reconciled,0.628,0.7428,0.699854,0.798113,0.098259,10,0.625146,0.816376,34427417,50553046,4984734.099871529,8489177.817896385,0.703035,modeled_proxy_not_official_subdivision_projection,rapid_industrializer,accelerator
1187,Ashanti,Ghana,GHA,Ghana,Africa,0.628,2.0,0.651,0.11596051345727129,0.12197160851402891,0.12197160851402891,modeled_population_proxy_population_first_evolved_to_2050_then_hdi_reconciled,0.628,0.7428,0.653854,0.76056,0.106706,10,0.625146,0.816376,34427417,50553046,3992220.9523275904,6166036.335903695,0.544513,modeled_proxy_not_official_subdivision_projection,rapid_industrializer,accelerator
1200,Eastern,Ghana,GHA,Ghana,Africa,0.628,3.0,0.646,0.11319542844138425,0.11780543349506634,0.11780543349506634,modeled_population_proxy_population_first_evolved_to_2050_then_hdi_reconciled,0.628,0.7428,0.648854,0.756478,0.107624,10,0.625146,0.816376,34427417,50553046,3897026.2174451957,5955423.498526029,0.528197,modeled_proxy_not_official_subdivision_projection,rapid_industrializer,accelerator
1226,Central,Ghana,GHA,Ghana,Africa,0.628,4.0,0.635,0.10734211671479228,0.1091339255136805,0.1091339255136805,modeled_population_proxy_population_first_evolved_to_2050_then_hdi_reconciled,0.628,0.7428,0.637854,0.747498,0.109644,10,0.625146,0.816376,34427417,50553046,3695511.813802824,5517052.356653663,0.492906,modeled_proxy_not_official_subdivision_projection,rapid_industrializer,accelerator
1244,Western,Ghana,GHA,Ghana,Africa,0.628,5.0,0.629,0.10427799316010042,0.10467613089130773,0.10467613089130773,modeled_population_proxy_population_first_evolved_to_2050_then_hdi_reconciled,0.628,0.7428,0.631854,0.7426,0.110746,10,0.625146,0.816376,34427417,50553046,3590021.954445925,5291697.2600503005,0.474001,modeled_proxy_not_official_subdivision_projection,rapid_industrializer,accelerator
1294,Volta,Ghana,GHA,Ghana,Africa,0.628,6.0,0.612,0.09606306550735624,0.0930100764735361,0.0930100764735361,modeled_population_proxy_population_first_evolved_to_2050_then_hdi_reconciled,0.628,0.7428,0.614854,0.728721,0.113868,10,0.625146,0.816376,34427417,50553046,3307203.21452007,4701942.674430188,0.421728,modeled_proxy_not_official_subdivision_projection,rapid_industrializer,accelerator
1316,Brong Ahafo,Ghana,GHA,Ghana,Africa,0.628,7.0,0.607,0.09377243626559766,0.08983313831688897,0.08983313831688897,modeled_population_proxy_population_first_evolved_to_2050_then_hdi_reconciled,0.628,0.7428,0.609854,0.724639,0.114786,10,0.625146,0.816376,34427417,50553046,3228342.7664216533,4541338.77365805,0.406709,modeled_proxy_not_official_subdivision_projection,rapid_industrializer,accelerator
1384,Upper East,Ghana,GHA,Ghana,Africa,0.628,8.0,0.582,0.08311300580968543,0.07550390694604675,0.07550390694604675,modeled_population_proxy_population_first_evolved_to_2050_then_hdi_reconciled,0.628,0.7428,0.584854,0.70423,0.119376,10,0.625146,0.816376,34427417,50553046,2861366.109133463,3816952.481023221,0.333962,modeled_proxy_not_official_subdivision_projection,rapid_industrializer,accelerator
1418,Upper West,Ghana,GHA,Ghana,Africa,0.628,9.0,0.569,0.07805806110808347,0.06898052703268835,0.06898052703268835,modeled_population_proxy_population_first_evolved_to_2050_then_hdi_reconciled,0.628,0.7428,0.571854,0.693617,0.121763,10,0.625146,0.816376,34427417,50553046,2687337.4199794717,3487175.756187738,0.297632,modeled_proxy_not_official_subdivision_projection,rapid_industrializer,accelerator
1520,Northern,Ghana,GHA,Ghana,Africa,0.628,10.0,0.526,0.06342771669603556,0.05115911404568431,0.05115911404568431,modeled_population_proxy_population_first_evolved_to_2050_then_hdi_reconciled,0.628,0.7428,0.528854,0.658513,0.129659,10,0.625146,0.816376,34427417,50553046,2183652.4520522784,2586249.045670725,0.184368,modeled_proxy_not_official_subdivision_projection,rapid_industrializer,accelerator
1047,Kampala,Uganda,UGA,Uganda,Africa,0.582,1.0,0.697,0.17517041450475976,0.19676974744291856,0.19676974744291856,modeled_population_proxy_population_first_evolved_to_2050_then_hdi_reconciled,0.582,0.677,0.679299,0.754079,0.07478,9,0.599701,0.8239,50015091,85431201,8761164.221963279,16810275.844515212,0.918726,modeled_proxy_not_official_subdivision_projection,fast_converger,frontier_jumper
1213,Central 1 (Central South),Uganda,UGA,Uganda,Africa,0.582,2.0,0.641,0.13694647588420042,0.14368726339227794,0.14368726339227794,modeled_population_proxy_population_first_evolved_to_2050_then_hdi_reconciled,0.582,0.677,0.623299,0.70794,0.084642,9,0.599701,0.8239,50015091,85431201,6849390.453477589,12275375.480005639,0.792185,modeled_proxy_not_official_subdivision_projection,fast_converger,frontier_jumper
1346,Central 2 (Central North),Uganda,UGA,Uganda,Africa,0.582,3.0,0.595,0.11187473432327827,0.11098399951428023,0.11098399951428023,modeled_population_proxy_population_first_evolved_to_2050_then_hdi_reconciled,0.582,0.677,0.577299,0.670041,0.092742,9,0.599701,0.8239,50015091,85431201,5595425.017779586,9481496.370288376,0.694509,modeled_proxy_not_official_subdivision_projection,fast_converger,frontier_jumper
1377,East Central (Busoga),Uganda,UGA,Uganda,Africa,0.582,4.0,0.585,0.10706338344933405,0.1049248165912858,0.1049248165912858,modeled_population_proxy_population_first_evolved_to_2050_then_hdi_reconciled,0.582,0.677,0.567299,0.661802,0.094503,9,0.599701,0.8239,50015091,85431201,5354784.865986337,8963853.096098272,0.673989,modeled_proxy_not_official_subdivision_projection,fast_converger,frontier_jumper
1388,"Eastern (Bukedi, Bugishu, Teso)",Uganda,UGA,Uganda,Africa,0.582,5.0,0.581,0.10519728775149897,0.10259480200634487,0.10259480200634487,modeled_population_proxy_population_first_evolved_to_2050_then_hdi_reconciled,0.582,0.677,0.563299,0.658506,0.095208,9,0.599701,0.8239,50015091,85431201,5261451.919844407,8764797.151759252,0.665851,modeled_proxy_not_official_subdivision_projection,fast_converger,frontier_jumper
1410,"Southwest (Ankole, Kigezi)",Uganda,UGA,Uganda,Africa,0.582,6.0,0.572,0.10111663185881634,0.09753970107950435,0.09753970107950435,modeled_population_proxy_population_first_evolved_to_2050_then_hdi_reconciled,0.582,0.677,0.554299,0.651091,0.096793,9,0.599701,0.8239,50015091,85431201,5057357.544032198,8332933.808403053,0.647685,modeled_proxy_not_official_subdivision_projection,fast_converger,frontier_jumper
1462,"Western (Bunyoro, Tooro)",Uganda,UGA,Uganda,Africa,0.582,7.0,0.551,0.0922000982292705,0.08669197554200553,0.08669197554200553,modeled_population_proxy_population_first_evolved_to_2050_then_hdi_reconciled,0.582,0.677,0.533299,0.633789,0.100491,9,0.599701,0.8239,50015091,85431201,4611396.303145903,7406199.587616159,0.606064,modeled_proxy_not_official_subdivision_projection,fast_converger,frontier_jumper
1495,West Nile,Uganda,UGA,Uganda,Africa,0.582,8.0,0.539,0.08746254696815745,0.08104389713242346,0.08104389713242346,modeled_population_proxy_population_first_evolved_to_2050_then_hdi_reconciled,0.582,0.677,0.521299,0.623903,0.102604,9,0.599701,0.8239,50015091,85431201,4374447.245704168,6923677.465743393,0.582755,modeled_proxy_not_official_subdivision_projection,fast_converger,frontier_jumper
1518,"North (Karamoja, Lango, Acholi)",Uganda,UGA,Uganda,Africa,0.582,9.0,0.527,0.08296842703068422,0.07576379729895917,0.07576379729895917,modeled_population_proxy_population_first_evolved_to_2050_then_hdi_reconciled,0.582,0.677,0.509299,0.614016,0.104717,9,0.599701,0.8239,50015091,85431201,4149673.4280665307,6472592.195570638,0.559784,modeled_proxy_not_official_subdivision_projection,fast_converger,frontier_jumper
1048,Bulawayo,Zimbabwe,ZWE,Zimbabwe,Africa,0.598,1.0,0.697,0.15503388267831922,0.17299453107182106,0.17299453107182106,modeled_population_proxy_population_first_evolved_to_2050_then_hdi_reconciled,0.598,0.65,0.686723,0.7216,0.034877,10,0.608277,0.84024,16634366,25866386,2578890.346872222,4474743.316592718,0.735143,modeled_proxy_not_official_subdivision_projection,emerging_mover,moderate
1145,Harare,Zimbabwe,ZWE,Zimbabwe,Africa,0.598,2.0,0.671,0.13744908838836437,0.14842851270165144,0.14842851270165144,modeled_population_proxy_population_first_evolved_to_2050_then_hdi_reconciled,0.598,0.65,0.660723,0.699754,0.039031,10,0.608277,0.84024,16634366,25866386,2286378.442618403,3839309.202946819,0.67921,modeled_proxy_not_official_subdivision_projection,emerging_mover,moderate
1347,Midlands,Zimbabwe,ZWE,Zimbabwe,Africa,0.598,3.0,0.595,0.09667395556101036,0.09486123242459676,0.09486123242459676,modeled_population_proxy_population_first_evolved_to_2050_then_hdi_reconciled,0.598,0.65,0.584723,0.635896,0.051173,10,0.608277,0.84024,16634366,25866386,1608109.9594695815,2453717.2543303357,0.525839,modeled_proxy_not_official_subdivision_projection,emerging_mover,moderate
1357,Masvingo,Zimbabwe,ZWE,Zimbabwe,Africa,0.598,4.0,0.591,0.09489988356039382,0.09265218802752018,0.09265218802752018,modeled_population_proxy_population_first_evolved_to_2050_then_hdi_reconciled,0.598,0.65,0.580723,0.632535,0.051812,10,0.608277,0.84024,16634366,25866386,1578599.396500974,2396577.2592644156,0.518167,modeled_proxy_not_official_subdivision_projection,emerging_mover,moderate
1366,Manicaland,Zimbabwe,ZWE,Zimbabwe,Africa,0.598,5.0,0.588,0.0935907273925595,0.09102922971378438,0.09102922971378438,modeled_population_proxy_population_first_evolved_to_2050_then_hdi_reconciled,0.598,0.65,0.577723,0.630014,0.052291,10,0.608277,0.84024,16634366,25866386,1556822.4136540603,2354597.1930594165,0.512438,modeled_proxy_not_official_subdivision_projection,emerging_mover,moderate
1372,Matebeleland South,Zimbabwe,ZWE,Zimbabwe,Africa,0.598,6.0,0.587,0.09315836770631238,0.09049458590062634,0.09049458590062634,modeled_population_proxy_population_first_evolved_to_2050_then_hdi_reconciled,0.598,0.65,0.576723,0.629174,0.052451,10,0.608277,0.84024,16634366,25866386,1549630.3843893805,2340767.8898157584,0.510533,modeled_proxy_not_official_subdivision_projection,emerging_mover,moderate
1378,Mashonaland East,Zimbabwe,ZWE,Zimbabwe,Africa,0.598,7.0,0.585,0.09229963120338351,0.08943470023420996,0.08943470023420996,modeled_population_proxy_population_first_evolved_to_2050_then_hdi_reconciled,0.598,0.65,0.574723,0.627494,0.05277,10,0.608277,0.84024,16634366,25866386,1535345.8471021017,2313352.478052365,0.506731,modeled_proxy_not_official_subdivision_projection,emerging_mover,moderate
1427,Mashonaland West,Zimbabwe,ZWE,Zimbabwe,Africa,0.598,8.0,0.567,0.08491859974181089,0.08043724419210006,0.08043724419210006,modeled_population_proxy_population_first_evolved_to_2050_then_hdi_reconciled,0.598,0.65,0.556723,0.612369,0.055646,10,0.608277,0.84024,16634366,25866386,1412567.068312788,2080620.8070491184,0.472936,modeled_proxy_not_official_subdivision_projection,emerging_mover,moderate
1484,Matebeleland North,Zimbabwe,ZWE,Zimbabwe,Africa,0.598,9.0,0.544,0.07633978303768518,0.0702452491208697,0.0702452491208697,modeled_population_proxy_population_first_evolved_to_2050_then_hdi_reconciled,0.598,0.65,0.533723,0.593044,0.059321,10,0.608277,0.84024,16634366,25866386,1269863.8914094472,1816990.7284265764,0.430855,modeled_proxy_not_official_subdivision_projection,emerging_mover,moderate
1487,Mashonaland Central,Zimbabwe,ZWE,Zimbabwe,Africa,0.598,10.0,0.542,0.07563608073016086,0.06942252661282025,0.06942252661282025,modeled_population_proxy_population_first_evolved_to_2050_then_hdi_reconciled,0.598,0.65,0.531723,0.591363,0.05964,10,0.608277,0.84024,16634366,25866386,1258158.249671043,1795709.8704624812,0.427253,modeled_proxy_not_official_subdivision_projection,emerging_mover,moderate
1051,Addis,Ethiopia,ETH,Ethiopia,Africa,0.497,1.0,0.696,0.14589156003427994,0.15349199085090068,0.15349199085090068,modeled_population_proxy_population_first_evolved_to_2050_then_hdi_reconciled,0.497,0.6177,0.647322,0.73837,0.091047,11,0.545678,0.814134,132059770,225021870,19266405.8630682,34539054.81129256,0.792709,modeled_proxy_not_official_subdivision_projection,fast_converger,frontier_jumper
1340,Dire Dawa,Ethiopia,ETH,Ethiopia,Africa,0.497,2.0,0.597,0.10997409672546193,0.11208807242911732,0.11208807242911732,modeled_population_proxy_population_first_evolved_to_2050_then_hdi_reconciled,0.497,0.6177,0.548322,0.65777,0.109448,11,0.545678,0.814134,132059770,225021870,14523153.919522256,25222267.662695423,0.736694,modeled_proxy_not_official_subdivision_projection,fast_converger,frontier_jumper
1381,Harari,Ethiopia,ETH,Ethiopia,Africa,0.497,3.0,0.583,0.10526287237327103,0.1067386891276061,0.1067386891276061,modeled_population_proxy_population_first_evolved_to_2050_then_hdi_reconciled,0.497,0.6177,0.534322,0.646372,0.11205,11,0.545678,0.814134,132059770,225021870,13900990.715153527,24018539.428842593,0.727829,modeled_proxy_not_official_subdivision_projection,fast_converger,frontier_jumper
1470,Gambela,Ethiopia,ETH,Ethiopia,Africa,0.497,4.0,0.548,0.09434898871772343,0.09445566833990772,0.09445566833990772,modeled_population_proxy_population_first_evolved_to_2050_then_hdi_reconciled,0.497,0.6177,0.499322,0.617878,0.118556,11,0.545678,0.814134,132059770,225021870,12459705.749795152,21254591.121945832,0.705866,modeled_proxy_not_official_subdivision_projection,fast_converger,frontier_jumper
1513,Tigray,Ethiopia,ETH,Ethiopia,Africa,0.497,5.0,0.53,0.08918445282456207,0.08869979622441791,0.08869979622441791,modeled_population_proxy_population_first_evolved_to_2050_then_hdi_reconciled,0.497,0.6177,0.481322,0.603223,0.121901,11,0.545678,0.814134,132059770,225021870,11777678.327587517,19959394.01503746,0.69468,modeled_proxy_not_official_subdivision_projection,fast_converger,frontier_jumper
1577,Ben-Gumz,Ethiopia,ETH,Ethiopia,Africa,0.497,6.0,0.496,0.08018800570070915,0.07876726200017817,0.07876726200017817,modeled_population_proxy_population_first_evolved_to_2050_then_hdi_reconciled,0.497,0.6177,0.447322,0.575543,0.128221,11,0.545678,0.814134,132059770,225021870,10589609.58959434,17724356.590060033,0.67375,modeled_proxy_not_official_subdivision_projection,fast_converger,frontier_jumper
1581,SNNP,Ethiopia,ETH,Ethiopia,Africa,0.497,7.0,0.494,0.07968800554524355,0.0782189200922354,0.0782189200922354,modeled_population_proxy_population_first_evolved_to_2050_then_hdi_reconciled,0.497,0.6177,0.445322,0.573914,0.128592,11,0.545678,0.814134,132059770,225021870,10523579.684063587,17600967.66853538,0.672527,modeled_proxy_not_official_subdivision_projection,fast_converger,frontier_jumper
1590,Oromiya,Ethiopia,ETH,Ethiopia,Africa,0.497,8.0,0.491,0.07894384487333757,0.07740355636986937,0.07740355636986937,modeled_population_proxy_population_first_evolved_to_2050_then_hdi_reconciled,0.497,0.6177,0.442322,0.571472,0.12915,11,0.545678,0.814134,132059770,225021870,10425305.996888638,17417492.99899842,0.670694,modeled_proxy_not_official_subdivision_projection,fast_converger,frontier_jumper
1605,Amhara,Ethiopia,ETH,Ethiopia,Africa,0.497,9.0,0.481,0.07651313521898441,0.07474656627081575,0.07474656627081575,modeled_population_proxy_population_first_evolved_to_2050_then_hdi_reconciled,0.497,0.6177,0.432322,0.563331,0.131009,11,0.545678,0.814134,132059770,225021870,10104307.038997982,16819612.118337885,0.664598,modeled_proxy_not_official_subdivision_projection,fast_converger,frontier_jumper
1619,Affar,Ethiopia,ETH,Ethiopia,Africa,0.497,10.0,0.471,0.07415726799767014,0.07218078123671719,0.07218078123671719,modeled_population_proxy_population_first_evolved_to_2050_then_hdi_reconciled,0.497,0.6177,0.422322,0.555189,0.132867,11,0.545678,0.814134,132059770,225021870,9793191.75560068,16242254.371947015,0.658525,modeled_proxy_not_official_subdivision_projection,fast_converger,frontier_jumper
1692,Somali,Ethiopia,ETH,Ethiopia,Africa,0.497,11.0,0.433,0.06584776998875685,0.06320869705823447,0.06320869705823447,modeled_population_proxy_population_first_evolved_to_2050_then_hdi_reconciled,0.497,0.6177,0.384322,0.524252,0.13993,11,0.545678,0.814134,132059770,225021870,8695841.359728133,14223339.212307418,0.635648,modeled_proxy_not_official_subdivision_projection,fast_converger,frontier_jumper
1053,Port Vila,Vanuatu,VUT,Vanuatu,Asia/Pacific,0.621,1.0,0.696,0.17727575690585848,0.19883462974883578,0.19883462974883578,modeled_population_proxy_population_first_evolved_to_2050_then_hdi_reconciled,0.621,0.7358,0.693974,0.791937,0.097964,8,0.623026,0.816376,327786,534391,58108.511253143726,106255.43662611011,0.828569,modeled_proxy_not_official_subdivision_projection,rapid_industrializer,frontier_jumper
1146,Luganville,Vanuatu,VUT,Vanuatu,Asia/Pacific,0.621,2.0,0.668,0.15654490310727714,0.16779892979641683,0.16779892979641683,modeled_population_proxy_population_first_evolved_to_2050_then_hdi_reconciled,0.621,0.7358,0.665974,0.769079,0.103105,8,0.623026,0.816376,327786,534391,51313.227609921945,89670.23789283699,0.747507,modeled_proxy_not_official_subdivision_projection,rapid_industrializer,frontier_jumper
1199,Shefa,Vanuatu,VUT,Vanuatu,Asia/Pacific,0.621,3.0,0.647,0.14260380707872466,0.1477447501331344,0.1477447501331344,modeled_population_proxy_population_first_evolved_to_2050_then_hdi_reconciled,0.621,0.7358,0.644974,0.751935,0.106961,8,0.623026,0.816376,327786,534391,46743.53150710684,78953.46476839583,0.689078,modeled_proxy_not_official_subdivision_projection,rapid_industrializer,frontier_jumper
1314,Malampa,Vanuatu,VUT,Vanuatu,Asia/Pacific,0.621,4.0,0.608,0.11992295628263892,0.11664188597258278,0.11664188597258278,modeled_population_proxy_population_first_evolved_to_2050_then_hdi_reconciled,0.621,0.7358,0.605974,0.720096,0.114123,8,0.623026,0.816376,327786,534391,39309.06614806108,62332.374086774485,0.5857,modeled_proxy_not_official_subdivision_projection,rapid_industrializer,frontier_jumper
1389,Tafea,Vanuatu,VUT,Vanuatu,Asia/Pacific,0.621,5.0,0.581,0.10637041490111691,0.09903391297902069,0.09903391297902069,modeled_population_proxy_population_first_evolved_to_2050_then_hdi_reconciled,0.621,0.7358,0.578974,0.698054,0.11908,8,0.623026,0.816376,327786,534391,34866.732818777506,52922.831790771845,0.51786,modeled_proxy_not_official_subdivision_projection,rapid_industrializer,frontier_jumper
1390,Sanma,Vanuatu,VUT,Vanuatu,Asia/Pacific,0.621,6.0,0.581,0.10637041490111691,0.09903391297902069,0.09903391297902069,modeled_population_proxy_population_first_evolved_to_2050_then_hdi_reconciled,0.621,0.7358,0.578974,0.698054,0.11908,8,0.623026,0.816376,327786,534391,34866.732818777506,52922.831790771845,0.51786,modeled_proxy_not_official_subdivision_projection,rapid_industrializer,frontier_jumper
1436,Penama,Vanuatu,VUT,Vanuatu,Asia/Pacific,0.621,7.0,0.564,0.09863449260306137,0.08933790978588205,0.08933790978588205,modeled_population_proxy_population_first_evolved_to_2050_then_hdi_reconciled,0.621,0.7358,0.561974,0.684176,0.122202,8,0.623026,0.816376,327786,534391,32331.005792387074,47741.374948387296,0.476644,modeled_proxy_not_official_subdivision_projection,rapid_industrializer,frontier_jumper
1467,Torba,Vanuatu,VUT,Vanuatu,Asia/Pacific,0.621,8.0,0.549,0.09227725422020568,0.08157406860510688,0.08157406860510688,modeled_population_proxy_population_first_evolved_to_2050_then_hdi_reconciled,0.621,0.7358,0.546974,0.67193,0.124956,8,0.623026,0.816376,327786,534391,30247.19205182434,43592.44809595167,0.441206,modeled_proxy_not_official_subdivision_projection,rapid_industrializer,frontier_jumper
1056,Yangon,Myanmar,MMR,Myanmar,Asia/Pacific,0.609,1.0,0.695,0.11400348237630765,0.13891297523554524,0.13891297523554524,modeled_population_proxy_population_first_evolved_to_2050_then_hdi_reconciled,0.609,0.6651,0.685184,0.725625,0.040441,14,0.618816,0.838682,54500086,58623233,6213199.593808251,8143527.713956599,0.310682,modeled_proxy_not_official_subdivision_projection,fast_converger,conflict_recovery
1189,Kachin,Myanmar,MMR,Myanmar,Asia/Pacific,0.609,2.0,0.651,0.08827754846642068,0.09583977067069087,0.09583977067069087,modeled_population_proxy_population_first_evolved_to_2050_then_hdi_reconciled,0.609,0.6651,0.641184,0.688723,0.047539,14,0.618816,0.838682,54500086,58623233,4811133.983289095,5618437.206694477,0.167799,modeled_proxy_not_official_subdivision_projection,fast_converger,conflict_recovery
1227,Kayah,Myanmar,MMR,Myanmar,Asia/Pacific,0.609,3.0,0.635,0.08043812775215484,0.08362613696775424,0.08362613696775424,modeled_population_proxy_population_first_evolved_to_2050_then_hdi_reconciled,0.609,0.6651,0.625184,0.675304,0.05012,14,0.618816,0.838682,54500086,58623233,4383884.880171426,4902434.51235057,0.118285,modeled_proxy_not_official_subdivision_projection,fast_converger,conflict_recovery
1232,Mon,Myanmar,MMR,Myanmar,Asia/Pacific,0.609,4.0,0.633,0.07950847337895935,0.08221320311408105,0.08221320311408105,modeled_population_proxy_population_first_evolved_to_2050_then_hdi_reconciled,0.609,0.6651,0.623184,0.673626,0.050443,14,0.618816,0.838682,54500086,58623233,4333218.636881995,4819603.761833099,0.112246,modeled_proxy_not_official_subdivision_projection,fast_converger,conflict_recovery
1247,"Mandalay, NayPyitaw",Myanmar,MMR,Myanmar,Asia/Pacific,0.609,5.0,0.627,0.07678348122554667,0.078116031198695,0.078116031198695,modeled_population_proxy_population_first_evolved_to_2050_then_hdi_reconciled,0.609,0.6651,0.617184,0.668594,0.05141,14,0.618816,0.838682,54500086,58623233,4184706.3301716787,4579414.297996365,0.094322,modeled_proxy_not_official_subdivision_projection,fast_converger,conflict_recovery
1272,Chin,Myanmar,MMR,Myanmar,Asia/Pacific,0.609,6.0,0.618,0.07287010138385482,0.07234992276370032,0.07234992276370032,modeled_population_proxy_population_first_evolved_to_2050_then_hdi_reconciled,0.609,0.6651,0.608184,0.661046,0.052862,14,0.618816,0.838682,54500086,58623233,3971426.7922488065,4241386.379708408,0.067975,modeled_proxy_not_official_subdivision_projection,fast_converger,conflict_recovery
1299,Magway,Myanmar,MMR,Myanmar,Asia/Pacific,0.609,7.0,0.611,0.06996478243191218,0.0681610763327627,0.0681610763327627,modeled_population_proxy_population_first_evolved_to_2050_then_hdi_reconciled,0.609,0.6651,0.601184,0.655175,0.053992,14,0.618816,0.838682,54500086,58623233,3813086.6595105026,3995822.659386333,0.047923,modeled_proxy_not_official_subdivision_projection,fast_converger,conflict_recovery
1312,Taninthayi,Myanmar,MMR,Myanmar,Asia/Pacific,0.609,8.0,0.608,0.06875537890163663,0.06644093573614877,0.06644093573614877,modeled_population_proxy_population_first_evolved_to_2050_then_hdi_reconciled,0.609,0.6651,0.598184,0.652659,0.054475,14,0.618816,0.838682,54500086,58623233,3747174.063101782,3894982.456398276,0.039445,modeled_proxy_not_official_subdivision_projection,fast_converger,conflict_recovery
1331,Bago,Myanmar,MMR,Myanmar,Asia/Pacific,0.609,9.0,0.603,0.06678598456272838,0.06366995963713842,0.06366995963713842,modeled_population_proxy_population_first_evolved_to_2050_then_hdi_reconciled,0.609,0.6651,0.593184,0.648466,0.055282,14,0.618816,0.838682,54500086,58623233,3639841.9022633694,3732538.878908561,0.025467,modeled_proxy_not_official_subdivision_projection,fast_converger,conflict_recovery
1338,Sagaing,Myanmar,MMR,Myanmar,Asia/Pacific,0.609,10.0,0.599,0.06525116276677313,0.06153662052583447,0.06153662052583447,modeled_population_proxy_population_first_evolved_to_2050_then_hdi_reconciled,0.609,0.6651,0.589184,0.645111,0.055927,14,0.618816,0.838682,54500086,58623233,3556193.982389134,3607475.643118577,0.01442,modeled_proxy_not_official_subdivision_projection,fast_converger,conflict_recovery
1376,Ayeyarwaddy,Myanmar,MMR,Myanmar,Asia/Pacific,0.609,11.0,0.585,0.06015178001587953,0.05461731896145061,0.05461731896145061,modeled_population_proxy_population_first_evolved_to_2050_then_hdi_reconciled,0.609,0.6651,0.575184,0.63337,0.058186,14,0.618816,0.838682,54500086,58623233,3278277.1839185157,3201843.8153124372,-0.023315,modeled_proxy_not_official_subdivision_projection,fast_converger,conflict_recovery
1387,Kayin,Myanmar,MMR,Myanmar,Asia/Pacific,0.609,12.0,0.581,0.05876942017438966,0.05278729954006147,0.05278729954006147,modeled_population_proxy_population_first_evolved_to_2050_then_hdi_reconciled,0.609,0.6651,0.571184,0.630015,0.058831,14,0.618816,0.838682,54500086,58623233,3202938.4536743714,3094562.1603778163,-0.033837,modeled_proxy_not_official_subdivision_projection,fast_converger,conflict_recovery
1422,Rakhine,Myanmar,MMR,Myanmar,Asia/Pacific,0.609,13.0,0.568,0.05449239596528341,0.047252676635595826,0.047252676635595826,modeled_population_proxy_population_first_evolved_to_2050_then_hdi_reconciled,0.609,0.6651,0.558184,0.619112,0.060928,14,0.618816,0.838682,54500086,58623233,2969840.2664539986,2770104.67228219,-0.067255,modeled_proxy_not_official_subdivision_projection,fast_converger,conflict_recovery
1512,Shan,Myanmar,MMR,Myanmar,Asia/Pacific,0.609,14.0,0.531,0.04394788059815305,0.03447607268054105,0.03447607268054105,modeled_population_proxy_population_first_evolved_to_2050_then_hdi_reconciled,0.609,0.6651,0.521184,0.588081,0.066897,14,0.618816,0.838682,54500086,58623233,2395163.2721170727,2021098.8416762925,-0.156175,modeled_proxy_not_official_subdivision_projection,fast_converger,conflict_recovery
1062,Nairobi,Kenya,KEN,Kenya,Africa,0.628,1.0,0.694,0.1692049760895471,0.18996689730405575,0.18996689730405575,modeled_population_proxy_population_first_evolved_to_2050_then_hdi_reconciled,0.628,0.7293,0.698934,0.784308,0.085374,8,0.623066,0.821506,56432946,83593234,9548735.278592702,15879947.2985919,0.663042,modeled_proxy_not_official_subdivision_projection,fast_converger,accelerator
1175,Central,Kenya,KEN,Kenya,Africa,0.628,2.0,0.656,0.1454767375924622,0.15319810717284787,0.15319810717284787,modeled_population_proxy_population_first_evolved_to_2050_then_hdi_reconciled,0.628,0.7293,0.660934,0.753091,0.092156,8,0.623066,0.821506,56432946,83593234,8209680.87681159,12806325.22125695,0.559905,modeled_proxy_not_official_subdivision_projection,fast_converger,accelerator
1265,Eastern,Kenya,KEN,Kenya,Africa,0.628,3.0,0.62,0.12607461116898552,0.12495278775404405,0.12495278775404405,modeled_population_proxy_population_first_evolved_to_2050_then_hdi_reconciled,0.628,0.7293,0.624934,0.723516,0.098582,8,0.623066,0.821506,56432946,83593234,7114761.724070357,10445207.625676138,0.468104,modeled_proxy_not_official_subdivision_projection,fast_converger,accelerator
1268,Rift Valley,Kenya,KEN,Kenya,Africa,0.628,4.0,0.619,0.12557431171204073,0.12424742865374308,0.12424742865374308,modeled_population_proxy_population_first_evolved_to_2050_then_hdi_reconciled,0.628,0.7293,0.623934,0.722695,0.098761,8,0.623066,0.821506,56432946,83593234,7086528.351832761,10386244.37735065,0.465632,modeled_proxy_not_official_subdivision_projection,fast_converger,accelerator
1305,Western,Kenya,KEN,Kenya,Africa,0.628,5.0,0.61,0.12116001752516059,0.11807570497450492,0.11807570497450492,modeled_population_proxy_population_first_evolved_to_2050_then_hdi_reconciled,0.628,0.7293,0.614934,0.715301,0.100367,8,0.623066,0.821506,56432946,83593234,6837416.726356441,9870330.035648754,0.443576,modeled_proxy_not_official_subdivision_projection,fast_converger,accelerator
1318,Coast,Kenya,KEN,Kenya,Africa,0.628,6.0,0.607,0.11972334285778509,0.11608735776154007,0.11608735776154007,modeled_population_proxy_population_first_evolved_to_2050_then_hdi_reconciled,0.628,0.7293,0.611934,0.712837,0.100903,8,0.623066,0.821506,56432946,83593234,6756340.942432872,9704117.661802135,0.436298,modeled_proxy_not_official_subdivision_projection,fast_converger,accelerator
1325,Nyanza,Kenya,KEN,Kenya,Africa,0.628,7.0,0.604,0.11830370379458031,0.11413249351308648,0.11413249351308648,modeled_population_proxy_population_first_evolved_to_2050_then_hdi_reconciled,0.628,0.7293,0.608934,0.710372,0.101438,8,0.623066,0.821506,56432946,83593234,6676226.527839546,9540704.23724292,0.429056,modeled_proxy_not_official_subdivision_projection,fast_converger,accelerator
1597,North Eastern,Kenya,KEN,Kenya,Africa,0.628,8.0,0.487,0.07448229925943843,0.059339222866177856,0.059339222866177856,modeled_population_proxy_population_first_evolved_to_2050_then_hdi_reconciled,0.628,0.7293,0.491934,0.614256,0.122322,8,0.623066,0.821506,56432946,83593234,4203255.572063729,4960357.542430556,0.180123,modeled_proxy_not_official_subdivision_projection,fast_converger,accelerator
1076,Tulkarm,Palestine,PSE,Palestine,Asia/Pacific,0.674,1.0,0.691,0.08369974980110373,0.09320815160014816,0.09320815160014816,modeled_population_proxy_population_first_evolved_to_2050_then_hdi_reconciled,0.674,0.712,0.687305,0.722489,0.035183,16,0.677695,0.84556,5495447,8451896,459967.53894522606,787785.6036766858,0.712698,modeled_proxy_not_official_subdivision_projection,emerging_mover,moderate
1081,Salfit,Palestine,PSE,Palestine,Asia/Pacific,0.674,2.0,0.69,0.0820250580360289,0.09058161860297567,0.09058161860297567,modeled_population_proxy_population_first_evolved_to_2050_then_hdi_reconciled,0.674,0.712,0.686305,0.721643,0.035338,16,0.677695,0.84556,5495447,8451896,450764.3591089209,765586.4199440157,0.698418,modeled_proxy_not_official_subdivision_projection,emerging_mover,moderate
1087,Bethlehem,Palestine,PSE,Palestine,Asia/Pacific,0.674,3.0,0.689,0.08038387404743695,0.08802909925661381,0.08802909925661381,modeled_population_proxy_population_first_evolved_to_2050_then_hdi_reconciled,0.674,0.712,0.685305,0.720797,0.035492,16,0.677695,0.84556,5495447,8451896,441745.3194823653,744012.7918905773,0.684257,modeled_proxy_not_official_subdivision_projection,emerging_mover,moderate
1093,Ramallah & Al-Bireh,Palestine,PSE,Palestine,Asia/Pacific,0.674,4.0,0.686,0.07565473119882066,0.0807950588563718,0.0807950588563718,modeled_population_proxy_population_first_evolved_to_2050_then_hdi_reconciled,0.674,0.712,0.682305,0.718261,0.035955,16,0.677695,0.84556,5495447,8451896,415756.56560236536,682871.4347679333,0.642479,modeled_proxy_not_official_subdivision_projection,emerging_mover,moderate
1103,Jenin,Palestine,PSE,Palestine,Asia/Pacific,0.674,5.0,0.683,0.07120381320994934,0.07415549620217332,0.07415549620217332,modeled_population_proxy_population_first_evolved_to_2050_then_hdi_reconciled,0.674,0.712,0.679305,0.715724,0.036419,16,0.677695,0.84556,5495447,8451896,391296.7816931765,626754.5417291638,0.601737,modeled_proxy_not_official_subdivision_projection,emerging_mover,moderate
1109,Qalqiliya,Palestine,PSE,Palestine,Asia/Pacific,0.674,6.0,0.68,0.06701475156012965,0.06806155840255157,0.06806155840255157,modeled_population_proxy_population_first_evolved_to_2050_then_hdi_reconciled,0.674,0.712,0.676305,0.713187,0.036882,16,0.677695,0.84556,5495447,8451896,368276.0154168598,575249.213216292,0.562006,modeled_proxy_not_official_subdivision_projection,emerging_mover,moderate
1111,Nablus,Palestine,PSE,Palestine,Asia/Pacific,0.674,7.0,0.679,0.06567389865623237,0.06614363678395571,0.06614363678395571,modeled_population_proxy_population_first_evolved_to_2050_then_hdi_reconciled,0.674,0.712,0.675305,0.712342,0.037037,16,0.677695,0.84556,5495447,8451896,360907.4293486962,559039.1391597681,0.548982,modeled_proxy_not_official_subdivision_projection,emerging_mover,moderate
1112,Jerusalem,Palestine,PSE,Palestine,Asia/Pacific,0.674,8.0,0.679,0.06567389865623237,0.06614363678395571,0.06614363678395571,modeled_population_proxy_population_first_evolved_to_2050_then_hdi_reconciled,0.674,0.712,0.675305,0.712342,0.037037,16,0.677695,0.84556,5495447,8451896,360907.4293486962,559039.1391597681,0.548982,modeled_proxy_not_official_subdivision_projection,emerging_mover,moderate
1122,Khan Yunis,Palestine,PSE,Palestine,Asia/Pacific,0.674,9.0,0.676,0.06181017285486579,0.060708096209818395,0.060708096209818395,modeled_population_proxy_population_first_evolved_to_2050_then_hdi_reconciled,0.674,0.712,0.672305,0.709805,0.0375,16,0.677695,0.84556,5495447,8451896,339674.52898475365,513098.51552337926,0.510559,modeled_proxy_not_official_subdivision_projection,emerging_mover,moderate
1133,Tubas,Palestine,PSE,Palestine,Asia/Pacific,0.674,10.0,0.673,0.058173757710755725,0.05571923656781059,0.05571923656781059,modeled_population_proxy_population_first_evolved_to_2050_then_hdi_reconciled,0.674,0.712,0.669305,0.707268,0.037963,16,0.677695,0.84556,5495447,8451896,319690.80229029944,470933.19267053204,0.47309,modeled_proxy_not_official_subdivision_projection,emerging_mover,moderate
1134,Deir El-Balah,Palestine,PSE,Palestine,Asia/Pacific,0.674,11.0,0.673,0.058173757710755725,0.05571923656781059,0.05571923656781059,modeled_population_proxy_population_first_evolved_to_2050_then_hdi_reconciled,0.674,0.712,0.669305,0.707268,0.037963,16,0.677695,0.84556,5495447,8451896,319690.80229029944,470933.19267053204,0.47309,modeled_proxy_not_official_subdivision_projection,emerging_mover,moderate
1152,Hebron,Palestine,PSE,Palestine,Asia/Pacific,0.674,12.0,0.667,0.051530153614057696,0.04693774752422932,0.04693774752422932,modeled_population_proxy_population_first_evolved_to_2050_then_hdi_reconciled,0.674,0.712,0.663305,0.702195,0.03889,16,0.677695,0.84556,5495447,8451896,283181.22808791255,396712.9605490437,0.400915,modeled_proxy_not_official_subdivision_projection,emerging_mover,moderate
1164,Jericho and Al Aghwar,Palestine,PSE,Palestine,Asia/Pacific,0.674,13.0,0.661,0.045645267487979986,0.03954024280226899,0.03954024280226899,modeled_population_proxy_population_first_evolved_to_2050_then_hdi_reconciled,0.674,0.712,0.657305,0.697122,0.039816,16,0.677695,0.84556,5495447,8451896,250841.14828101714,334190.01997952606,0.332278,modeled_proxy_not_official_subdivision_projection,emerging_mover,moderate
1165,Gaza City,Palestine,PSE,Palestine,Asia/Pacific,0.674,14.0,0.661,0.045645267487979986,0.03954024280226899,0.03954024280226899,modeled_population_proxy_population_first_evolved_to_2050_then_hdi_reconciled,0.674,0.712,0.657305,0.697122,0.039816,16,0.677695,0.84556,5495447,8451896,250841.14828101714,334190.01997952606,0.332278,modeled_proxy_not_official_subdivision_projection,emerging_mover,moderate
1168,Rafah,Palestine,PSE,Palestine,Asia/Pacific,0.674,15.0,0.66,0.04473198215847293,0.03842602960681917,0.03842602960681917,modeled_population_proxy_population_first_evolved_to_2050_then_hdi_reconciled,0.674,0.712,0.656305,0.696276,0.039971,16,0.677695,0.84556,5495447,8451896,245822.2371568336,324772.80592975655,0.321169,modeled_proxy_not_official_subdivision_projection,emerging_mover,moderate
1171,North Gaza,Palestine,PSE,Palestine,Asia/Pacific,0.674,16.0,0.658,0.04295986580919826,0.036290911430228265,0.036290911430228265,modeled_population_proxy_population_first_evolved_to_2050_then_hdi_reconciled,0.674,0.712,0.654305,0.694585,0.04028,16,0.677695,0.84556,5495447,8451896,236083.66568156113,306727.00915350055,0.29923,modeled_proxy_not_official_subdivision_projection,emerging_mover,moderate
1083,Conakry,Guinea,GIN,Guinea,Africa,0.5,1.0,0.689,0.2019366673240194,0.22206305322632997,0.22206305322632997,modeled_population_proxy_population_first_evolved_to_2050_then_hdi_reconciled,0.5,0.585,0.682646,0.732107,0.049461,8,0.506354,0.8277,14754779,23404593,2979530.898362428,5197295.38109959,0.744333,modeled_proxy_not_official_subdivision_projection,emerging_mover,frontier_jumper
1582,Kindia,Guinea,GIN,Guinea,Africa,0.5,2.0,0.494,0.12544159859302648,0.12474733866394656,0.12474733866394656,modeled_population_proxy_population_first_evolved_to_2050_then_hdi_reconciled,0.5,0.585,0.487646,0.570706,0.083059,8,0.506354,0.8277,14754779,23404593,1850863.0646468166,2919660.689262833,0.577459,modeled_proxy_not_official_subdivision_projection,emerging_mover,frontier_jumper
1601,N Zerekore,Guinea,GIN,Guinea,Africa,0.5,3.0,0.485,0.12237823963516004,0.12105214813099772,0.12105214813099772,modeled_population_proxy_population_first_evolved_to_2050_then_hdi_reconciled,0.5,0.585,0.478646,0.563256,0.08461,8,0.506354,0.8277,14754779,23404593,1805663.880225827,2833176.2587817125,0.56905,modeled_proxy_not_official_subdivision_projection,emerging_mover,frontier_jumper
1614,Boke,Guinea,GIN,Guinea,Africa,0.5,4.0,0.475,0.11906216668932124,0.1170746142474773,0.1170746142474773,modeled_population_proxy_population_first_evolved_to_2050_then_hdi_reconciled,0.5,0.585,0.468646,0.554979,0.086333,8,0.506354,0.8277,14754779,23404593,1756735.9567620966,2740083.697094207,0.559758,modeled_proxy_not_official_subdivision_projection,emerging_mover,frontier_jumper
1645,Mamou,Guinea,GIN,Guinea,Africa,0.5,5.0,0.463,0.11520127278346133,0.11247370910298857,0.11247370910298857,modeled_population_proxy_population_first_evolved_to_2050_then_hdi_reconciled,0.5,0.585,0.456646,0.545047,0.088401,8,0.506354,0.8277,14754779,23404593,1699769.3204386868,2632401.3847558424,0.548682,modeled_proxy_not_official_subdivision_projection,emerging_mover,frontier_jumper
1688,Faranah,Guinea,GIN,Guinea,Africa,0.5,6.0,0.437,0.10726009687770055,0.10311589793806503,0.10311589793806503,modeled_population_proxy_population_first_evolved_to_2050_then_hdi_reconciled,0.5,0.585,0.430646,0.523527,0.092881,8,0.506354,0.8277,14754779,23404593,1582599.0249490617,2413385.6230699513,0.524951,modeled_proxy_not_official_subdivision_projection,emerging_mover,frontier_jumper
1695,Labe,Guinea,GIN,Guinea,Africa,0.5,7.0,0.431,0.10550667406177078,0.10106941894179569,0.10106941894179569,modeled_population_proxy_population_first_evolved_to_2050_then_hdi_reconciled,0.5,0.585,0.424646,0.51856,0.093914,8,0.506354,0.8277,14754779,23404593,1556727.6588064602,2365488.615079219,0.519526,modeled_proxy_not_official_subdivision_projection,emerging_mover,frontier_jumper
1704,Kankan,Guinea,GIN,Guinea,Africa,0.5,8.0,0.423,0.1032132840355403,0.09840381974839912,0.09840381974839912,modeled_population_proxy_population_first_evolved_to_2050_then_hdi_reconciled,0.5,0.585,0.416646,0.511939,0.095293,8,0.506354,0.8277,14754779,23404593,1522889.1958086253,2303101.350856644,0.512324,modeled_proxy_not_official_subdivision_projection,emerging_mover,frontier_jumper
1098,Maekel,Eritrea,ERI,Eritrea,Africa,0.503,1.0,0.684,0.25309937080603906,0.2652432835484801,0.2652432835484801,modeled_population_proxy_population_first_evolved_to_2050_then_hdi_reconciled,0.503,0.5273,0.677059,0.672621,-0.004438,6,0.509941,0.850766,3535610,5696064,894860.6664155398,1510842.7186622897,0.688355,modeled_proxy_not_official_subdivision_projection,stable_or_slow,conflict_recovery
1552,Debubawi Keih Bahri,Eritrea,ERI,Eritrea,Africa,0.503,2.0,0.507,0.170259652897467,0.17004882663273585,0.17004882663273585,modeled_population_proxy_population_first_evolved_to_2050_then_hdi_reconciled,0.503,0.5273,0.500059,0.522036,0.021977,6,0.509941,0.850766,3535610,5696064,601971.7313808133,968608.9996249679,0.609061,modeled_proxy_not_official_subdivision_projection,stable_or_slow,conflict_recovery
1608,Debub,Eritrea,ERI,Eritrea,Africa,0.503,3.0,0.479,0.15990952632264088,0.15850076880038347,0.15850076880038347,modeled_population_proxy_population_first_evolved_to_2050_then_hdi_reconciled,0.503,0.5273,0.472059,0.498214,0.026155,6,0.509941,0.850766,3535610,5696064,565377.7203615924,902830.5231361875,0.596863,modeled_proxy_not_official_subdivision_projection,stable_or_slow,conflict_recovery
1655,Anseba,Eritrea,ERI,Eritrea,Africa,0.503,4.0,0.456,0.1518800574121657,0.1496039577088345,0.1496039577088345,modeled_population_proxy_population_first_evolved_to_2050_then_hdi_reconciled,0.503,0.5273,0.449059,0.478647,0.029588,6,0.509941,0.850766,3535610,5696064,536988.6497870272,852153.7177628147,0.586912,modeled_proxy_not_official_subdivision_projection,stable_or_slow,conflict_recovery
1721,Semenawi Keih Bahri,Eritrea,ERI,Eritrea,Africa,0.503,5.0,0.411,0.13731764566918936,0.1336156403405347,0.1336156403405347,modeled_population_proxy_population_first_evolved_to_2050_then_hdi_reconciled,0.503,0.5273,0.404059,0.440362,0.036303,6,0.509941,0.850766,3535610,5696064,485501.6412044426,761083.2387806674,0.567622,modeled_proxy_not_official_subdivision_projection,stable_or_slow,conflict_recovery
1743,Gash-Barka,Eritrea,ERI,Eritrea,Africa,0.503,6.0,0.378,0.12753374689249802,0.12298752296903133,0.12298752296903133,modeled_population_proxy_population_first_evolved_to_2050_then_hdi_reconciled,0.503,0.5273,0.371059,0.412287,0.041228,6,0.509941,0.850766,3535610,5696064,450909.5908505849,700544.8020330725,0.553626,modeled_proxy_not_official_subdivision_projection,stable_or_slow,conflict_recovery
1115,Bagmati province,Nepal,NPL,Nepal,Asia/Pacific,0.622,1.0,0.678,0.20316022017389213,0.2402700683311792,0.2402700683311792,modeled_population_proxy_population_first_evolved_to_2050_then_hdi_reconciled,0.622,0.7551,0.673025,0.792894,0.119869,7,0.626975,0.809422,29651054,34642021,6023914.659027965,8323440.752800145,0.381733,modeled_proxy_not_official_subdivision_projection,rapid_industrializer,accelerator
1172,Gandaki province,Nepal,NPL,Nepal,Asia/Pacific,0.622,2.0,0.657,0.17759261094995196,0.1954209688376624,0.1954209688376624,modeled_population_proxy_population_first_evolved_to_2050_then_hdi_reconciled,0.622,0.7551,0.652025,0.775896,0.123871,7,0.626975,0.809422,29651054,34642021,5265808.097278017,6769777.306314647,0.28561,modeled_proxy_not_official_subdivision_projection,rapid_industrializer,accelerator
1273,Koshi province,Nepal,NPL,Nepal,Asia/Pacific,0.622,3.0,0.618,0.13833821039770688,0.13314734194357233,0.13314734194357233,modeled_population_proxy_population_first_evolved_to_2050_then_hdi_reconciled,0.622,0.7551,0.613025,0.744328,0.131303,7,0.626975,0.809422,29651054,34642021,4101873.746765768,4612493.015703414,0.124484,modeled_proxy_not_official_subdivision_projection,rapid_industrializer,accelerator
1284,Lumbini province,Nepal,NPL,Nepal,Asia/Pacific,0.622,4.0,0.614,0.1348390606546493,0.12800925091838677,0.12800925091838677,modeled_population_proxy_population_first_evolved_to_2050_then_hdi_reconciled,0.622,0.7551,0.609025,0.741091,0.132066,7,0.626975,0.809422,29651054,34642021,3998120.2687802813,4434499.1585090235,0.109146,modeled_proxy_not_official_subdivision_projection,rapid_industrializer,accelerator
1334,Sudurpashchim province,Nepal,NPL,Nepal,Asia/Pacific,0.622,5.0,0.601,0.1240665784735501,0.1126406468580534,0.1126406468580534,modeled_population_proxy_population_first_evolved_to_2050_then_hdi_reconciled,0.622,0.7551,0.596025,0.730568,0.134543,7,0.626975,0.809422,29651054,34642021,3678704.8179144715,3902099.65391027,0.060726,modeled_proxy_not_official_subdivision_projection,rapid_industrializer,accelerator
1341,Karnali province,Nepal,NPL,Nepal,Asia/Pacific,0.622,6.0,0.597,0.12092841776625393,0.10829389920057683,0.10829389920057683,modeled_population_proxy_population_first_evolved_to_2050_then_hdi_reconciled,0.622,0.7551,0.592025,0.72733,0.135306,7,0.626975,0.809422,29651054,34642021,3585655.0453217546,3751519.530278266,0.046258,modeled_proxy_not_official_subdivision_projection,rapid_industrializer,accelerator
1420,Madhesh province,Nepal,NPL,Nepal,Asia/Pacific,0.622,7.0,0.569,0.10107490158399575,0.08221782391056906,0.08221782391056906,modeled_population_proxy_population_first_evolved_to_2050_then_hdi_reconciled,0.622,0.7551,0.564025,0.704667,0.140642,7,0.626975,0.809422,29651054,34642021,2996977.3649117434,2848191.5824842355,-0.049645,modeled_proxy_not_official_subdivision_projection,rapid_industrializer,accelerator
1129,Souyth Tarawa,Kiribati,KIR,Kiribati,Asia/Pacific,0.644,1.0,0.674,0.2951977802420026,0.3487878592208013,0.3487878592208013,modeled_population_proxy_population_first_evolved_to_2050_then_hdi_reconciled,0.644,0.7769,0.687506,0.809252,0.121746,5,0.630494,0.809498,134521,182635,39710.30059593443,63700.870668791045,0.60414,modeled_proxy_not_official_subdivision_projection,rapid_industrializer,frontier_jumper
1259,Line and Phoenix Group,Kiribati,KIR,Kiribati,Asia/Pacific,0.644,2.0,0.623,0.19323990761984078,0.1862326122112899,0.1862326122112899,modeled_population_proxy_population_first_evolved_to_2050_then_hdi_reconciled,0.644,0.7769,0.636506,0.767968,0.131462,5,0.630494,0.809498,134521,182635,25994.825612928602,34012.59313120893,0.308437,modeled_proxy_not_official_subdivision_projection,rapid_industrializer,frontier_jumper
1283,Northern Gilbert,Kiribati,KIR,Kiribati,Asia/Pacific,0.644,3.0,0.614,0.17931778367204929,0.1667118639181368,0.1667118639181368,modeled_population_proxy_population_first_evolved_to_2050_then_hdi_reconciled,0.644,0.7769,0.627506,0.760683,0.133176,5,0.630494,0.809498,134521,182635,24122.00757734774,30447.421266688914,0.262226,modeled_proxy_not_official_subdivision_projection,rapid_industrializer,frontier_jumper
1289,Southern Gilbert,Kiribati,KIR,Kiribati,Asia/Pacific,0.644,4.0,0.613,0.17783416511253294,0.1646733268849825,0.1646733268849825,modeled_population_proxy_population_first_evolved_to_2050_then_hdi_reconciled,0.644,0.7769,0.626506,0.759873,0.133367,5,0.630494,0.809498,134521,182635,23922.429725103044,30075.11305563878,0.257193,modeled_proxy_not_official_subdivision_projection,rapid_industrializer,frontier_jumper
1342,Central Gibert,Kiribati,KIR,Kiribati,Asia/Pacific,0.644,5.0,0.596,0.15441036335357447,0.13359433776478952,0.13359433776478952,modeled_population_proxy_population_first_evolved_to_2050_then_hdi_reconciled,0.644,0.7769,0.609506,0.746112,0.136605,5,0.630494,0.809498,134521,182635,20771.43648868619,24399.001877672334,0.174642,modeled_proxy_not_official_subdivision_projection,rapid_industrializer,frontier_jumper
1140,Zanzibar West,Tanzania,TZA,Tanzania,Africa,0.555,1.0,0.672,0.06422798244235052,0.06986435622739456,0.06986435622739456,modeled_population_proxy_population_first_evolved_to_2050_then_hdi_reconciled,0.555,0.6773,0.654578,0.75673,0.102152,25,0.572422,0.813526,68560162,129621091,4403480.881180707,9055894.076207528,1.056531,modeled_proxy_not_official_subdivision_projection,fast_converger,frontier_jumper
1207,Dar Es Salam,Tanzania,TZA,Tanzania,Africa,0.555,2.0,0.643,0.05854467757352321,0.06268386348510437,0.06268386348510437,modeled_population_proxy_population_first_evolved_to_2050_then_hdi_reconciled,0.555,0.6773,0.625578,0.733138,0.10756,25,0.572422,0.813526,68560162,129621091,4013832.578678518,8125150.77303429,1.024287,modeled_proxy_not_official_subdivision_projection,fast_converger,frontier_jumper
1281,Zanzibar South,Tanzania,TZA,Tanzania,Africa,0.555,3.0,0.615,0.05088297094438005,0.05302137589190345,0.05302137589190345,modeled_population_proxy_population_first_evolved_to_2050_then_hdi_reconciled,0.555,0.6773,0.597578,0.710359,0.112781,25,0.572422,0.813526,68560162,129621091,3488544.7309879893,6872688.589429623,0.970073,modeled_proxy_not_official_subdivision_projection,fast_converger,frontier_jumper
1291,Kilimanjaro,Tanzania,TZA,Tanzania,Africa,0.555,4.0,0.613,0.05037573462488104,0.052391133666859525,0.052391133666859525,modeled_population_proxy_population_first_evolved_to_2050_then_hdi_reconciled,0.555,0.6773,0.595578,0.708732,0.113154,25,0.572422,0.813526,68560162,129621091,3453768.5267508533,6790995.9046251625,0.966257,modeled_proxy_not_official_subdivision_projection,fast_converger,frontier_jumper
1339,Pemba South,Tanzania,TZA,Tanzania,Africa,0.555,5.0,0.599,0.04696387393951449,0.04818428452736388,0.04818428452736388,modeled_population_proxy_population_first_evolved_to_2050_then_hdi_reconciled,0.555,0.6773,0.581578,0.697343,0.115765,25,0.572422,0.813526,68560162,129621091,3219850.8054406918,6245699.529491326,0.939748,modeled_proxy_not_official_subdivision_projection,fast_converger,frontier_jumper
1348,Pemba North,Tanzania,TZA,Tanzania,Africa,0.555,6.0,0.594,0.04580218985743121,0.04676515965190958,0.04676515965190958,modeled_population_proxy_population_first_evolved_to_2050_then_hdi_reconciled,0.555,0.6773,0.576578,0.693275,0.116697,25,0.572422,0.813526,68560162,129621091,3140205.556580241,6061751.0148697,0.930368,modeled_proxy_not_official_subdivision_projection,fast_converger,frontier_jumper
1356,Zanzibar North,Tanzania,TZA,Tanzania,Africa,0.555,7.0,0.591,0.04511901812733611,0.045933826463510886,0.045933826463510886,modeled_population_proxy_population_first_evolved_to_2050_then_hdi_reconciled,0.555,0.6773,0.573578,0.690835,0.117257,25,0.572422,0.813526,68560162,129621091,3093367.1920911004,5953992.700004953,0.924761,modeled_proxy_not_official_subdivision_projection,fast_converger,frontier_jumper
1409,"Iringa, Njombe",Tanzania,TZA,Tanzania,Africa,0.555,8.0,0.572,0.04102272353619318,0.04100126448204723,0.04100126448204723,modeled_population_proxy_population_first_evolved_to_2050_then_hdi_reconciled,0.555,0.6773,0.554578,0.675378,0.1208,25,0.572422,0.813526,68560162,129621091,2812524.571322617,5314628.634542512,0.889629,modeled_proxy_not_official_subdivision_projection,fast_converger,frontier_jumper
1423,Mara,Tanzania,TZA,Tanzania,Africa,0.555,9.0,0.568,0.040208914922267254,0.04003232888088874,0.04003232888088874,modeled_population_proxy_population_first_evolved_to_2050_then_hdi_reconciled,0.555,0.6773,0.550578,0.672124,0.121546,25,0.572422,0.813526,68560162,129621091,2756729.7209148603,5189034.144811608,0.882315,modeled_proxy_not_official_subdivision_projection,fast_converger,frontier_jumper
1428,Singida,Tanzania,TZA,Tanzania,Africa,0.555,10.0,0.566,0.0398080849070837,0.0395564818549832,0.0395564818549832,modeled_population_proxy_population_first_evolved_to_2050_then_hdi_reconciled,0.555,0.6773,0.548578,0.670497,0.121919,25,0.572422,0.813526,68560162,129621091,2729248.7501394134,5127354.334164626,0.878669,modeled_proxy_not_official_subdivision_projection,fast_converger,frontier_jumper
1432,Dodoma,Tanzania,TZA,Tanzania,Africa,0.555,11.0,0.565,0.0396091708039577,0.039320683633544525,0.039320683633544525,modeled_population_proxy_population_first_evolved_to_2050_then_hdi_reconciled,0.555,0.6773,0.547578,0.669683,0.122105,25,0.572422,0.813526,68560162,129621091,2715611.16700501,5096789.911445886,0.876848,modeled_proxy_not_official_subdivision_projection,fast_converger,frontier_jumper
1434,"Arusha, Manyara",Tanzania,TZA,Tanzania,Africa,0.555,12.0,0.564,0.03941125064014113,0.039086291017423266,0.039086291017423266,modeled_population_proxy_population_first_evolved_to_2050_then_hdi_reconciled,0.555,0.6773,0.546578,0.66887,0.122292,25,0.572422,0.813526,68560162,129621091,2702041.7285106797,5066407.684821904,0.875029,modeled_proxy_not_official_subdivision_projection,fast_converger,frontier_jumper
1435,Pwani,Tanzania,TZA,Tanzania,Africa,0.555,13.0,0.564,0.03941125064014113,0.039086291017423266,0.039086291017423266,modeled_population_proxy_population_first_evolved_to_2050_then_hdi_reconciled,0.555,0.6773,0.546578,0.66887,0.122292,25,0.572422,0.813526,68560162,129621091,2702041.7285106797,5066407.684821904,0.875029,modeled_proxy_not_official_subdivision_projection,fast_converger,frontier_jumper
1457,"Mwanza, Geita",Tanzania,TZA,Tanzania,Africa,0.555,14.0,0.553,0.03729832598700429,0.0365983811616964,0.0365983811616964,modeled_population_proxy_population_first_evolved_to_2050_then_hdi_reconciled,0.555,0.6773,0.535578,0.659921,0.124343,25,0.572422,0.813526,68560162,129621091,2557179.2719978243,4743922.095012935,0.855139,modeled_proxy_not_official_subdivision_projection,fast_converger,frontier_jumper
1459,Tanga,Tanzania,TZA,Tanzania,Africa,0.555,15.0,0.552,0.03711195271436073,0.03638021633052915,0.03638021633052915,modeled_population_proxy_population_first_evolved_to_2050_then_hdi_reconciled,0.555,0.6773,0.534578,0.659107,0.124529,25,0.572422,0.813526,68560162,129621091,2544401.490232911,4715643.331579206,0.853341,modeled_proxy_not_official_subdivision_projection,fast_converger,frontier_jumper
1465,Mbeya,Tanzania,TZA,Tanzania,Africa,0.555,16.0,0.55,0.036741995340511015,0.035947780391211444,0.035947780391211444,modeled_population_proxy_population_first_evolved_to_2050_then_hdi_reconciled,0.555,0.6773,0.532578,0.65748,0.124902,25,0.572422,0.813526,68560162,129621091,2519037.15274868,4659590.513337234,0.849751,modeled_proxy_not_official_subdivision_projection,fast_converger,frontier_jumper
1478,Lindi,Tanzania,TZA,Tanzania,Africa,0.555,17.0,0.545,0.035833156534197434,0.03488904537271044,0.03488904537271044,modeled_population_proxy_population_first_evolved_to_2050_then_hdi_reconciled,0.555,0.6773,0.527578,0.653413,0.125835,25,0.572422,0.813526,68560162,129621091,2456727.0169559345,4522356.125159229,0.840805,modeled_proxy_not_official_subdivision_projection,fast_converger,frontier_jumper
1483,Ruvuma,Tanzania,TZA,Tanzania,Africa,0.555,18.0,0.544,0.035654104459454064,0.03468106998003679,0.03468106998003679,modeled_population_proxy_population_first_evolved_to_2050_then_hdi_reconciled,0.555,0.6773,0.526578,0.652599,0.126021,25,0.572422,0.813526,68560162,129621091,2444451.1777050933,4495398.127859717,0.839021,modeled_proxy_not_official_subdivision_projection,fast_converger,frontier_jumper
1486,Mtwara,Tanzania,TZA,Tanzania,Africa,0.555,19.0,0.542,0.03529867991593015,0.034268831060479434,0.034268831060479434,modeled_population_proxy_population_first_evolved_to_2050_then_hdi_reconciled,0.555,0.6773,0.524578,0.650972,0.126394,25,0.572422,0.813526,68560162,129621091,2420083.2134223175,4441963.269354031,0.835459,modeled_proxy_not_official_subdivision_projection,fast_converger,frontier_jumper
1496,Kagera,Tanzania,TZA,Tanzania,Africa,0.555,20.0,0.538,0.034598424854843005,0.03345899529458194,0.03345899529458194,modeled_population_proxy_population_first_evolved_to_2050_then_hdi_reconciled,0.555,0.6773,0.520578,0.647718,0.12714,25,0.572422,0.813526,68560162,129621091,2372073.6129928627,4336991.473847577,0.828355,modeled_proxy_not_official_subdivision_projection,fast_converger,frontier_jumper
1517,Morogoro,Tanzania,TZA,Tanzania,Africa,0.555,21.0,0.529,0.033073223027139456,0.03170614984707514,0.03170614984707514,modeled_population_proxy_population_first_evolved_to_2050_then_hdi_reconciled,0.555,0.6773,0.511578,0.640396,0.128818,25,0.572422,0.813526,68560162,129621091,2267505.5286028115,4109785.734587363,0.81247,modeled_proxy_not_official_subdivision_projection,fast_converger,frontier_jumper
1536,"Shinyanga, Simiyu",Tanzania,TZA,Tanzania,Africa,0.555,22.0,0.518,0.031300094106902626,0.029687998709211252,0.029687998709211252,modeled_population_proxy_population_first_evolved_to_2050_then_hdi_reconciled,0.555,0.6773,0.500578,0.631447,0.130869,25,0.572422,0.813526,68560162,129621091,2145939.5225844895,3848190.782294554,0.793243,modeled_proxy_not_official_subdivision_projection,fast_converger,frontier_jumper
1563,"Rukwa, Katavi",Tanzania,TZA,Tanzania,Africa,0.555,23.0,0.501,0.028744950285421202,0.026818763165838855,0.026818763165838855,modeled_population_proxy_population_first_evolved_to_2050_then_hdi_reconciled,0.555,0.6773,0.483578,0.617617,0.13404,25,0.572422,0.813526,68560162,129621091,1970758.448250424,3476277.3408266464,0.763929,modeled_proxy_not_official_subdivision_projection,fast_converger,frontier_jumper
1591,Kigoma,Tanzania,TZA,Tanzania,Africa,0.555,24.0,0.491,0.027340485345352872,0.02526229244574074,0.02526229244574074,modeled_population_proxy_population_first_evolved_to_2050_then_hdi_reconciled,0.555,0.6773,0.473578,0.609482,0.135904,25,0.572422,0.813526,68560162,129621091,1874468.104436019,3274525.907977973,0.746909,modeled_proxy_not_official_subdivision_projection,fast_converger,frontier_jumper
1610,Tabora,Tanzania,TZA,Tanzania,Africa,0.555,25.0,0.478,0.025616764469682463,0.023373135440531843,0.023373135440531843,modeled_population_proxy_population_first_evolved_to_2050_then_hdi_reconciled,0.555,0.6773,0.460578,0.598906,0.138328,25,0.572422,0.813526,68560162,129621091,1756289.5219572738,3029651.315892503,0.72503,modeled_proxy_not_official_subdivision_projection,fast_converger,frontier_jumper
1143,City of Kigali,Rwanda,RWA,Rwanda,Africa,0.578,1.0,0.671,0.301275986113779,0.3387455328943865,0.3387455328943865,modeled_population_proxy_population_first_evolved_to_2050_then_hdi_reconciled,0.578,0.7096,0.654373,0.768111,0.113738,5,0.594627,0.809992,14256573,22707905,4295163.089178076,7692201.380140104,0.790899,modeled_proxy_not_official_subdivision_projection,fast_converger,frontier_jumper
1415,East,Rwanda,RWA,Rwanda,Africa,0.578,2.0,0.57,0.18214848085742882,0.174644477527877,0.174644477527877,modeled_population_proxy_population_first_evolved_to_2050_then_hdi_reconciled,0.578,0.7096,0.553373,0.686302,0.132929,5,0.594627,0.809992,14256573,22707905,2596813.1141830366,3965810.204477666,0.527184,modeled_proxy_not_official_subdivision_projection,fast_converger,frontier_jumper
1431,West,Rwanda,RWA,Rwanda,Africa,0.578,3.0,0.565,0.17766700975765065,0.16900959315306366,0.16900959315306366,modeled_population_proxy_population_first_evolved_to_2050_then_hdi_reconciled,0.578,0.7096,0.548373,0.682252,0.133879,5,0.594627,0.809992,14256573,22707905,2532922.694301659,3837853.78540842,0.515188,modeled_proxy_not_official_subdivision_projection,fast_converger,frontier_jumper
1449,South,Rwanda,RWA,Rwanda,Africa,0.578,4.0,0.556,0.16987639025220033,0.159321011338264,0.159321011338264,modeled_population_proxy_population_first_evolved_to_2050_then_hdi_reconciled,0.578,0.7096,0.539373,0.674962,0.135589,5,0.594627,0.809992,14256573,22707905,2421855.1586069823,3617846.3899732223,0.493833,modeled_proxy_not_official_subdivision_projection,fast_converger,frontier_jumper
1450,North,Rwanda,RWA,Rwanda,Africa,0.578,5.0,0.555,0.16903213301894132,0.15827938508640876,0.15827938508640876,modeled_population_proxy_population_first_evolved_to_2050_then_hdi_reconciled,0.578,0.7096,0.538373,0.674152,0.135779,5,0.594627,0.809992,14256573,22707905,2409818.943730247,3594193.240000587,0.491479,modeled_proxy_not_official_subdivision_projection,fast_converger,frontier_jumper
1147,Lusaka,Zambia,ZMB,Zambia,Africa,0.595,1.0,0.668,0.15527749559354492,0.16686716858519055,0.16686716858519055,modeled_population_proxy_population_first_evolved_to_2050_then_hdi_reconciled,0.595,0.6641,0.665266,0.720366,0.055101,9,0.597734,0.833742,21314962,38083384,3309733.9180315775,6354866.4582225485,0.920054,modeled_proxy_not_official_subdivision_projection,emerging_mover,accelerator
1166,Copperbelt,Zambia,ZMB,Zambia,Africa,0.595,2.0,0.661,0.1505653742971709,0.16062394099721117,0.16062394099721117,modeled_population_proxy_population_first_evolved_to_2050_then_hdi_reconciled,0.595,0.6641,0.658266,0.71453,0.056264,9,0.597734,0.833742,21314962,38083384,3209295.2316599744,6117103.224590136,0.906058,modeled_proxy_not_official_subdivision_projection,emerging_mover,accelerator
1297,North-Western,Zambia,ZMB,Zambia,Africa,0.595,3.0,0.612,0.12135040769719568,0.12299457064828521,0.12299457064828521,modeled_population_proxy_population_first_evolved_to_2050_then_hdi_reconciled,0.595,0.6641,0.609266,0.673677,0.064411,9,0.597734,0.833742,21314962,38083384,2586579.3287502336,4684049.463913775,0.810905,modeled_proxy_not_official_subdivision_projection,emerging_mover,accelerator
1351,Southern,Zambia,ZMB,Zambia,Africa,0.595,4.0,0.593,0.11161301549871487,0.11090105761336447,0.11090105761336447,modeled_population_proxy_population_first_evolved_to_2050_then_hdi_reconciled,0.595,0.6641,0.590266,0.657836,0.06757,9,0.597734,0.833742,21314962,38083384,2379027.1840605186,4223487.563095883,0.7753,modeled_proxy_not_official_subdivision_projection,emerging_mover,accelerator
1363,Central,Zambia,ZMB,Zambia,Africa,0.595,5.0,0.589,0.10966478186374379,0.10851067790719242,0.10851067790719242,modeled_population_proxy_population_first_evolved_to_2050_then_hdi_reconciled,0.595,0.6641,0.586266,0.654501,0.068235,9,0.597734,0.833742,21314962,38083384,2337500.658163988,4132453.814839925,0.767894,modeled_proxy_not_official_subdivision_projection,emerging_mover,accelerator
1468,Northern,Zambia,ZMB,Zambia,Africa,0.595,6.0,0.549,0.09195821908080072,0.08726505469237117,0.08726505469237117,modeled_population_proxy_population_first_evolved_to_2050_then_hdi_reconciled,0.595,0.6641,0.546266,0.621151,0.074885,9,0.597734,0.833742,21314962,38083384,1960085.9452949422,3323348.587630573,0.695512,modeled_proxy_not_official_subdivision_projection,emerging_mover,accelerator
1479,Western,Zambia,ZMB,Zambia,Africa,0.595,7.0,0.545,0.09035306492718574,0.0853841292955921,0.0853841292955921,modeled_population_proxy_population_first_evolved_to_2050_then_hdi_reconciled,0.595,0.6641,0.542266,0.617816,0.07555,9,0.597734,0.833742,21314962,38083384,1925872.1455064968,3251716.5834696833,0.688438,modeled_proxy_not_official_subdivision_projection,emerging_mover,accelerator
1499,Eastern,Zambia,ZMB,Zambia,Africa,0.595,8.0,0.536,0.08684316601538937,0.08129894857562646,0.08129894857562646,modeled_population_proxy_population_first_evolved_to_2050_then_hdi_reconciled,0.595,0.6641,0.533266,0.610312,0.077047,9,0.597734,0.833742,21314962,38083384,1851058.7835777157,3096139.0774018355,0.672631,modeled_proxy_not_official_subdivision_projection,emerging_mover,accelerator
1526,Luapula,Zambia,ZMB,Zambia,Africa,0.595,9.0,0.524,0.08237447502625396,0.0761544516851664,0.0761544516851664,modeled_population_proxy_population_first_evolved_to_2050_then_hdi_reconciled,0.595,0.6641,0.521266,0.600307,0.079042,9,0.597734,0.833742,21314962,38083384,1755808.804954552,2900219.2268356388,0.651785,modeled_proxy_not_official_subdivision_projection,emerging_mover,accelerator
1163,Maputo Cidade,Mozambique,MOZ,Mozambique,Africa,0.493,1.0,0.661,0.14018490136640244,0.14257892437903236,0.14257892437903236,modeled_population_proxy_population_first_evolved_to_2050_then_hdi_reconciled,0.493,0.5526,0.624841,0.662335,0.037494,11,0.529159,0.837352,34631767,63530959,4854850.841039231,9058175.798988406,0.865799,modeled_proxy_not_official_subdivision_projection,emerging_mover,conflict_recovery
1231,Maputo Provincia,Mozambique,MOZ,Mozambique,Africa,0.493,2.0,0.633,0.1286141410247143,0.130339570181928,0.130339570181928,modeled_population_proxy_population_first_evolved_to_2050_then_hdi_reconciled,0.493,0.5526,0.596841,0.638889,0.042048,11,0.529159,0.837352,34631767,63530959,4454134.964873047,8280597.889305689,0.859081,modeled_proxy_not_official_subdivision_projection,emerging_mover,conflict_recovery
1515,Gaza,Mozambique,MOZ,Mozambique,Africa,0.493,3.0,0.53,0.09368371379527951,0.09368909988204274,0.09368909988204274,modeled_population_proxy_population_first_evolved_to_2050_then_hdi_reconciled,0.493,0.5526,0.493841,0.552642,0.058801,11,0.529159,0.837352,34631767,63530959,3244432.547852806,5952158.363352962,0.834576,modeled_proxy_not_official_subdivision_projection,emerging_mover,conflict_recovery
1527,Inhambane,Mozambique,MOZ,Mozambique,Africa,0.493,4.0,0.522,0.09140602173259563,0.09131711771287696,0.09131711771287696,modeled_population_proxy_population_first_evolved_to_2050_then_hdi_reconciled,0.493,0.5526,0.485841,0.545943,0.060102,11,0.529159,0.837352,34631767,63530959,3165552.047040188,5801464.06141496,0.832686,modeled_proxy_not_official_subdivision_projection,emerging_mover,conflict_recovery
1539,Sofala,Mozambique,MOZ,Mozambique,Africa,0.493,5.0,0.516,0.08973416774234785,0.08957762459444339,0.08957762459444339,modeled_population_proxy_population_first_evolved_to_2050_then_hdi_reconciled,0.493,0.5526,0.479841,0.540919,0.061078,11,0.529159,0.837352,34631767,63530959,3107652.789191907,5690952.395426975,0.83127,modeled_proxy_not_official_subdivision_projection,emerging_mover,conflict_recovery
1545,Manica,Mozambique,MOZ,Mozambique,Africa,0.493,6.0,0.511,0.08836433883054096,0.0881533857558249,0.0881533857558249,modeled_population_proxy_population_first_evolved_to_2050_then_hdi_reconciled,0.493,0.5526,0.474841,0.536732,0.061891,11,0.529159,0.837352,34631767,63530959,3060213.193488347,5600469.136164496,0.830091,modeled_proxy_not_official_subdivision_projection,emerging_mover,conflict_recovery
1616,Tete,Mozambique,MOZ,Mozambique,Africa,0.493,7.0,0.473,0.07861454398034334,0.07804388107472363,0.07804388107472363,modeled_population_proxy_population_first_evolved_to_2050_then_hdi_reconciled,0.493,0.5526,0.436841,0.504913,0.068072,11,0.529159,0.837352,34631767,63530959,2722560.569938503,4958202.608759142,0.821154,modeled_proxy_not_official_subdivision_projection,emerging_mover,conflict_recovery
1664,Nampula,Mozambique,MOZ,Mozambique,Africa,0.493,8.0,0.449,0.07301885629545124,0.07226503952572225,0.07226503952572225,modeled_population_proxy_population_first_evolved_to_2050_then_hdi_reconciled,0.493,0.5526,0.412841,0.484817,0.071975,11,0.529159,0.837352,34631767,63530959,2528772.0178305507,4591067.26324204,0.815532,modeled_proxy_not_official_subdivision_projection,emerging_mover,conflict_recovery
1671,Cabo delgado,Mozambique,MOZ,Mozambique,Africa,0.493,9.0,0.446,0.07234800202842194,0.07157344441879879,0.07157344441879879,modeled_population_proxy_population_first_evolved_to_2050_then_hdi_reconciled,0.493,0.5526,0.409841,0.482305,0.072463,11,0.529159,0.837352,34631767,63530959,2505539.149163836,4547129.562859485,0.814831,modeled_proxy_not_official_subdivision_projection,emerging_mover,conflict_recovery
1672,Zambezia,Mozambique,MOZ,Mozambique,Africa,0.493,10.0,0.446,0.07234800202842194,0.07157344441879879,0.07157344441879879,modeled_population_proxy_population_first_evolved_to_2050_then_hdi_reconciled,0.493,0.5526,0.409841,0.482305,0.072463,11,0.529159,0.837352,34631767,63530959,2505539.149163836,4547129.562859485,0.814831,modeled_proxy_not_official_subdivision_projection,emerging_mover,conflict_recovery
1678,Niassa,Mozambique,MOZ,Mozambique,Africa,0.493,11.0,0.443,0.0716833111754808,0.07088846805580824,0.07088846805580824,modeled_population_proxy_population_first_evolved_to_2050_then_hdi_reconciled,0.493,0.5526,0.406841,0.479793,0.072951,11,0.529159,0.837352,34631767,63530959,2482519.730417747,4503612.357626364,0.81413,modeled_proxy_not_official_subdivision_projection,emerging_mover,conflict_recovery
1176,Islamabad (ICT),Pakistan,PAK,Pakistan,Asia/Pacific,0.544,1.0,0.656,0.18100966160589976,0.20248072477391973,0.20248072477391973,modeled_population_proxy_population_first_evolved_to_2050_then_hdi_reconciled,0.544,0.6837,0.643846,0.760387,0.116541,8,0.556154,0.806914,251269160,371863799,45482145.62359869,75295251.5387032,0.65549,modeled_proxy_not_official_subdivision_projection,rapid_industrializer,frontier_jumper
1354,AJK,Pakistan,PAK,Pakistan,Asia/Pacific,0.544,2.0,0.591,0.14455946517207238,0.15005632952412098,0.15005632952412098,modeled_population_proxy_population_first_evolved_to_2050_then_hdi_reconciled,0.544,0.6837,0.578846,0.707937,0.129092,8,0.556154,0.806914,251269160,371863799,36323335.38383588,55800516.76083549,0.536217,modeled_proxy_not_official_subdivision_projection,rapid_industrializer,frontier_jumper
1374,Gilgit Baltistan,Pakistan,PAK,Pakistan,Asia/Pacific,0.544,3.0,0.586,0.14208053786232855,0.14663727039018834,0.14663727039018834,modeled_population_proxy_population_first_evolved_to_2050_then_hdi_reconciled,0.544,0.6837,0.573846,0.703903,0.130057,8,0.556154,0.806914,251269160,371863799,35700457.40101549,54529092.44228565,0.527406,modeled_proxy_not_official_subdivision_projection,rapid_industrializer,frontier_jumper
1463,Punjab,Pakistan,PAK,Pakistan,Asia/Pacific,0.544,4.0,0.55,0.12544363278439413,0.12421462083833763,0.12421462083833763,modeled_population_proxy_population_first_evolved_to_2050_then_hdi_reconciled,0.544,0.6837,0.537846,0.674854,0.137008,8,0.556154,0.806914,251269160,371863799,31520116.237083174,46190920.796288796,0.465443,modeled_proxy_not_official_subdivision_projection,rapid_industrializer,frontier_jumper
1535,Sindh,Pakistan,PAK,Pakistan,Asia/Pacific,0.544,5.0,0.518,0.11229804732166578,0.107178834329584,0.107178834329584,modeled_population_proxy_population_first_evolved_to_2050_then_hdi_reconciled,0.544,0.6837,0.505846,0.649033,0.143187,8,0.556154,0.806914,251269160,371863799,28217036.02015521,39855928.506190725,0.412478,modeled_proxy_not_official_subdivision_projection,rapid_industrializer,frontier_jumper
1541,Khyber Pakhtunkhwa (NWFrontier),Pakistan,PAK,Pakistan,Asia/Pacific,0.544,6.0,0.515,0.1111386303923757,0.1057068322937625,0.1057068322937625,modeled_population_proxy_population_first_evolved_to_2050_then_hdi_reconciled,0.544,0.6837,0.502846,0.646612,0.143766,8,0.556154,0.806914,251269160,371863799,27925710.302242715,39308544.237014405,0.407611,modeled_proxy_not_official_subdivision_projection,rapid_industrializer,frontier_jumper
1643,Balochistan,Pakistan,PAK,Pakistan,Asia/Pacific,0.544,7.0,0.464,0.09316295377781411,0.08356060096833676,0.08356060096833676,modeled_population_proxy_population_first_evolved_to_2050_then_hdi_reconciled,0.544,0.6837,0.451846,0.605459,0.153614,8,0.556154,0.806914,251269160,371863799,23408977.13887018,31073162.522808786,0.327404,modeled_proxy_not_official_subdivision_projection,rapid_industrializer,frontier_jumper
1658,FATA,Pakistan,PAK,Pakistan,Asia/Pacific,0.544,8.0,0.455,0.09030707108344968,0.08016478688175004,0.08016478688175004,modeled_population_proxy_population_first_evolved_to_2050_then_hdi_reconciled,0.544,0.6837,0.442846,0.598197,0.155351,8,0.556154,0.806914,251269160,371863799,22691381.89319869,29810382.195872933,0.313731,modeled_proxy_not_official_subdivision_projection,rapid_industrializer,frontier_jumper
1177,Regiao Centro,São Tomé and Príncipe,STP,Sao Tome & Principe,Africa,0.637,1.0,0.656,0.32738184844404994,0.35768934156099164,0.35768934156099164,modeled_population_proxy_population_first_evolved_to_2050_then_hdi_reconciled,0.637,0.6996,0.660982,0.718184,0.057203,4,0.632018,0.836212,235548,365120,77114.13963729907,130599.53239074927,0.693587,modeled_proxy_not_official_subdivision_projection,emerging_mover,frontier_jumper
1215,Regiao do Principe,São Tomé and Príncipe,STP,Sao Tome & Principe,Africa,0.637,2.0,0.64,0.27796180554943956,0.28562982265555004,0.28562982265555004,modeled_population_proxy_population_first_evolved_to_2050_then_hdi_reconciled,0.637,0.6996,0.644982,0.704805,0.059823,4,0.632018,0.836212,235548,365120,65473.34737355939,104289.16084799443,0.592849,modeled_proxy_not_official_subdivision_projection,emerging_mover,frontier_jumper
1320,Regiao Norte,São Tomé and Príncipe,STP,Sao Tome & Principe,Africa,0.637,3.0,0.607,0.1983372727818985,0.17959417608833136,0.17959417608833136,modeled_population_proxy_population_first_evolved_to_2050_then_hdi_reconciled,0.637,0.6996,0.611982,0.67721,0.065228,4,0.632018,0.836212,235548,365120,46717.94792923063,65573.42557337155,0.403602,modeled_proxy_not_official_subdivision_projection,emerging_mover,frontier_jumper
1322,Regiao Sul,São Tomé and Príncipe,STP,Sao Tome & Principe,Africa,0.637,4.0,0.606,0.19631907322461206,0.17708665969512702,0.17708665969512702,modeled_population_proxy_population_first_evolved_to_2050_then_hdi_reconciled,0.637,0.6996,0.610982,0.676374,0.065392,4,0.632018,0.836212,235548,365120,46242.56505991092,64657.88118788478,0.398233,modeled_proxy_not_official_subdivision_projection,emerging_mover,frontier_jumper
1211,Lome,Togo,TGO,Togo,Africa,0.571,1.0,0.642,0.24788135198120193,0.2721845749466906,0.2721845749466906,modeled_population_proxy_population_first_evolved_to_2050_then_hdi_reconciled,0.571,0.6406,0.645582,0.700363,0.05478,6,0.567418,0.833552,8406554,13960022,2083827.971022981,3799702.65431645,0.823424,modeled_proxy_not_official_subdivision_projection,emerging_mover,frontier_jumper
1446,Plateaux,Togo,TGO,Togo,Africa,0.571,2.0,0.558,0.16330767614053432,0.16105672456979406,0.16105672456979406,modeled_population_proxy_population_first_evolved_to_2050_then_hdi_reconciled,0.571,0.6406,0.561582,0.630344,0.068762,6,0.567418,0.833552,8406554,13960022,1372854.7980899133,2248355.4182422655,0.637723,modeled_proxy_not_official_subdivision_projection,emerging_mover,frontier_jumper
1447,Centrale,Togo,TGO,Togo,Africa,0.571,3.0,0.558,0.16330767614053432,0.16105672456979406,0.16105672456979406,modeled_population_proxy_population_first_evolved_to_2050_then_hdi_reconciled,0.571,0.6406,0.561582,0.630344,0.068762,6,0.567418,0.833552,8406554,13960022,1372854.7980899133,2248355.4182422655,0.637723,modeled_proxy_not_official_subdivision_projection,emerging_mover,frontier_jumper
1460,Maritime,Togo,TGO,Togo,Africa,0.571,4.0,0.552,0.15851161122906451,0.15513199864347918,0.15513199864347918,modeled_population_proxy_population_first_evolved_to_2050_then_hdi_reconciled,0.571,0.6406,0.555582,0.625343,0.069761,6,0.567418,0.833552,8406554,13960022,1332536.419424137,2165646.1139669395,0.625206,modeled_proxy_not_official_subdivision_projection,emerging_mover,frontier_jumper
1493,Kara,Togo,TGO,Togo,Africa,0.571,5.0,0.54,0.14933790129566304,0.14392838033680663,0.14392838033680663,modeled_population_proxy_population_first_evolved_to_2050_then_hdi_reconciled,0.571,0.6406,0.543582,0.61534,0.071758,6,0.567418,0.833552,8406554,13960022,1255417.1314886613,2009243.355926188,0.600459,modeled_proxy_not_official_subdivision_projection,emerging_mover,frontier_jumper
1589,Savanes,Togo,TGO,Togo,Africa,0.571,6.0,0.492,0.11765378321300192,0.10664159693343546,0.10664159693343546,modeled_population_proxy_population_first_evolved_to_2050_then_hdi_reconciled,0.571,0.6406,0.495582,0.57533,0.079748,6,0.567418,0.833552,8406554,13960022,989062.8818843941,1488719.0393058916,0.505181,modeled_proxy_not_official_subdivision_projection,emerging_mover,frontier_jumper
1241,Yamoussoukro,Ivory Coast,CIV,Cote d'Ivoire,Africa,0.582,1.0,0.63,0.13132108423441416,0.13987461983933197,0.13987461983933197,modeled_population_proxy_population_first_evolved_to_2050_then_hdi_reconciled,0.582,0.6619,0.637212,0.705678,0.068466,10,0.574788,0.829638,31934229,55746985,4193637.5764700714,7797588.334063942,0.859385,modeled_proxy_not_official_subdivision_projection,emerging_mover,accelerator
1276,Montagnes,Ivory Coast,CIV,Cote d'Ivoire,Africa,0.582,2.0,0.617,0.12381902433241704,0.1298949835534272,0.1298949835534272,modeled_population_proxy_population_first_evolved_to_2050_then_hdi_reconciled,0.582,0.6619,0.624212,0.694893,0.070681,10,0.574788,0.829638,31934229,55746985,3954065.077587978,7241253.699728154,0.831344,modeled_proxy_not_official_subdivision_projection,emerging_mover,accelerator
1298,Abidjan,Ivory Coast,CIV,Cote d'Ivoire,Africa,0.582,3.0,0.611,0.12050259973290249,0.1255323082853119,0.1255323082853119,modeled_population_proxy_population_first_evolved_to_2050_then_hdi_reconciled,0.582,0.6619,0.618212,0.689915,0.071703,10,0.574788,0.829638,31934229,55746985,3848157.6149658468,6998047.706996658,0.818545,modeled_proxy_not_official_subdivision_projection,emerging_mover,accelerator
1330,Bas Sassandra,Ivory Coast,CIV,Cote d'Ivoire,Africa,0.582,4.0,0.603,0.11621846503194042,0.11994248118131162,0.11994248118131162,modeled_population_proxy_population_first_evolved_to_2050_then_hdi_reconciled,0.582,0.6619,0.610212,0.683278,0.073066,10,0.574788,0.829638,31934229,55746985,3711347.0763584776,6686431.699277361,0.801619,modeled_proxy_not_official_subdivision_projection,emerging_mover,accelerator
1426,Sassandra-Marahoue,Ivory Coast,CIV,Cote d'Ivoire,Africa,0.582,5.0,0.567,0.09874824116011212,0.09771288612643989,0.09771288612643989,modeled_population_proxy_population_first_evolved_to_2050_then_hdi_reconciled,0.582,0.6619,0.574212,0.653411,0.079199,10,0.574788,0.829638,31934229,55746985,3153448.946554246,5447198.797197352,0.727378,modeled_proxy_not_official_subdivision_projection,emerging_mover,accelerator
1443,Comoe,Ivory Coast,CIV,Cote d'Ivoire,Africa,0.582,6.0,0.559,0.09523752215860755,0.0933618298386972,0.0933618298386972,modeled_population_proxy_population_first_evolved_to_2050_then_hdi_reconciled,0.582,0.6619,0.566212,0.646774,0.080562,10,0.574788,0.829638,31934229,55746985,3041336.8420055476,5204640.527590405,0.7113,modeled_proxy_not_official_subdivision_projection,emerging_mover,accelerator
1491,Lagunes,Ivory Coast,CIV,Cote d'Ivoire,Africa,0.582,7.0,0.54,0.08739167117860731,0.08378879612937892,0.08378879612937892,modeled_population_proxy_population_first_evolved_to_2050_then_hdi_reconciled,0.582,0.6619,0.547212,0.631011,0.083799,10,0.574788,0.829638,31934229,55746985,2790785.640110346,4670972.760992545,0.673712,modeled_proxy_not_official_subdivision_projection,emerging_mover,accelerator
1505,Goh-Djiboua,Ivory Coast,CIV,Cote d'Ivoire,Africa,0.582,8.0,0.534,0.08505093323747058,0.08097465120538773,0.08097465120538773,modeled_population_proxy_population_first_evolved_to_2050_then_hdi_reconciled,0.582,0.6619,0.541212,0.626033,0.084821,10,0.574788,0.829638,31934229,55746985,2716035.9786690967,4514092.666126981,0.662015,modeled_proxy_not_official_subdivision_projection,emerging_mover,accelerator
1540,Denguele,Ivory Coast,CIV,Cote d'Ivoire,Africa,0.582,9.0,0.515,0.0780442731231951,0.07267176053873364,0.07267176053873364,modeled_population_proxy_population_first_evolved_to_2050_then_hdi_reconciled,0.582,0.6619,0.522212,0.61027,0.088058,10,0.574788,0.829638,31934229,55746985,2492283.690054658,4051231.5446763765,0.62551,modeled_proxy_not_official_subdivision_projection,emerging_mover,accelerator
1624,Lacs,Ivory Coast,CIV,Cote d'Ivoire,Africa,0.582,10.0,0.47,0.06366618581033325,0.056245683301979994,0.056245683301979994,modeled_population_proxy_population_first_evolved_to_2050_then_hdi_reconciled,0.582,0.6619,0.477212,0.572936,0.095724,10,0.574788,0.829638,31934229,55746985,2033130.5572237324,3135527.2633502292,0.542216,modeled_proxy_not_official_subdivision_projection,emerging_mover,accelerator
1243,Khartoum,Sudan,SDN,Sudan,Africa,0.511,1.0,0.63,0.09844536214368836,0.10117151740536813,0.10117151740536813,modeled_population_proxy_population_first_evolved_to_2050_then_hdi_reconciled,0.511,0.5371,0.621266,0.629736,0.00847,15,0.519734,0.850082,50448960,85206382,4966466.136972449,8620458.959561447,0.735733,modeled_proxy_not_official_subdivision_projection,stable_or_slow,conflict_recovery
1246,Northern,Sudan,SDN,Sudan,Africa,0.511,2.0,0.628,0.09779942940792968,0.10045762002635755,0.10045762002635755,modeled_population_proxy_population_first_evolved_to_2050_then_hdi_reconciled,0.511,0.5371,0.619266,0.628036,0.00877,15,0.519734,0.850082,50448960,85206382,4933879.502223468,8559630.346776672,0.734868,modeled_proxy_not_official_subdivision_projection,stable_or_slow,conflict_recovery
1327,Nahr El Nil,Sudan,SDN,Sudan,Africa,0.511,3.0,0.604,0.09037099037948022,0.09227378582083054,0.09227378582083054,modeled_population_proxy_population_first_evolved_to_2050_then_hdi_reconciled,0.511,0.5371,0.595266,0.607634,0.012368,15,0.519734,0.850082,50448960,85206382,4559122.478814783,7862315.44323587,0.724524,modeled_proxy_not_official_subdivision_projection,stable_or_slow,conflict_recovery
1456,Al Gezira,Sudan,SDN,Sudan,Africa,0.511,4.0,0.553,0.07640575532644248,0.07702934052320125,0.07702934052320125,modeled_population_proxy_population_first_evolved_to_2050_then_hdi_reconciled,0.511,0.5371,0.544266,0.564279,0.020014,15,0.519734,0.850082,50448960,85206382,3854590.8942334834,6563391.413827965,0.702747,modeled_proxy_not_official_subdivision_projection,stable_or_slow,conflict_recovery
1523,Red Sea,Sudan,SDN,Sudan,Africa,0.511,5.0,0.526,0.06990856447297861,0.07000653229666368,0.07000653229666368,modeled_population_proxy_population_first_evolved_to_2050_then_hdi_reconciled,0.511,0.5371,0.517266,0.541327,0.024062,15,0.519734,0.850082,50448960,85206382,3526814.3727547186,5965003.333364863,0.691329,modeled_proxy_not_official_subdivision_projection,stable_or_slow,conflict_recovery
1569,Sinnar,Sudan,SDN,Sudan,Africa,0.511,6.0,0.499,0.06396386457789842,0.0636239974393609,0.0636239974393609,modeled_population_proxy_population_first_evolved_to_2050_then_hdi_reconciled,0.511,0.5371,0.490266,0.518375,0.028109,15,0.519734,0.850082,50448960,85206382,3226910.4455358144,5421170.630185206,0.679988,modeled_proxy_not_official_subdivision_projection,stable_or_slow,conflict_recovery
1573,White Nile,Sudan,SDN,Sudan,Africa,0.511,7.0,0.498,0.06375367514401985,0.06339912478606537,0.06339912478606537,modeled_population_proxy_population_first_evolved_to_2050_then_hdi_reconciled,0.511,0.5371,0.489266,0.517525,0.028259,15,0.519734,0.850082,50448960,85206382,3216306.6071936516,5402010.044987154,0.679569,modeled_proxy_not_official_subdivision_projection,stable_or_slow,conflict_recovery
1621,North Darfur,Sudan,SDN,Sudan,Africa,0.511,8.0,0.471,0.05833235847421293,0.05761899098148275,0.05761899098148275,modeled_population_proxy_population_first_evolved_to_2050_then_hdi_reconciled,0.511,0.5371,0.462266,0.494573,0.032307,15,0.519734,0.850082,50448960,85206382,2942806.819371229,4909505.756022775,0.668307,modeled_proxy_not_official_subdivision_projection,stable_or_slow,conflict_recovery
1631,North Kordofan,Sudan,SDN,Sudan,Africa,0.511,9.0,0.468,0.05775919425038088,0.05701020208754178,0.05701020208754178,modeled_population_proxy_population_first_evolved_to_2050_then_hdi_reconciled,0.511,0.5371,0.459266,0.492022,0.032757,15,0.519734,0.850082,50448960,85206382,2913891.2803696953,4857633.056968283,0.667061,modeled_proxy_not_official_subdivision_projection,stable_or_slow,conflict_recovery
1649,Kassala,Sudan,SDN,Sudan,Africa,0.511,10.0,0.46,0.05625813960008709,0.0554180276817646,0.0554180276817646,modeled_population_proxy_population_first_evolved_to_2050_then_hdi_reconciled,0.511,0.5371,0.451266,0.485222,0.033956,15,0.519734,0.850082,50448960,85206382,2838164.63435921,4721969.636339009,0.663741,modeled_proxy_not_official_subdivision_projection,stable_or_slow,conflict_recovery
1652,Al Gedarif,Sudan,SDN,Sudan,Africa,0.511,11.0,0.458,0.0558890112508253,0.055026981014416214,0.055026981014416214,modeled_population_proxy_population_first_evolved_to_2050_then_hdi_reconciled,0.511,0.5371,0.449266,0.483522,0.034256,15,0.519734,0.850082,50448960,85206382,2819542.4930324354,4688649.964621095,0.662912,modeled_proxy_not_official_subdivision_projection,stable_or_slow,conflict_recovery
1665,West Darfur,Sudan,SDN,Sudan,Africa,0.511,12.0,0.449,0.05425767711178751,0.05330113804186221,0.05330113804186221,modeled_population_proxy_population_first_evolved_to_2050_then_hdi_reconciled,0.511,0.5371,0.440266,0.475871,0.035605,15,0.519734,0.850082,50448960,85206382,2737243.3823054833,4541597.129029644,0.659186,modeled_proxy_not_official_subdivision_projection,stable_or_slow,conflict_recovery
1675,South Darfur,Sudan,SDN,Sudan,Africa,0.511,13.0,0.445,0.05354800766328904,0.052551573500029404,0.052551573500029404,modeled_population_proxy_population_first_evolved_to_2050_then_hdi_reconciled,0.511,0.5371,0.436266,0.47247,0.036205,15,0.519734,0.850082,50448960,85206382,2701441.296684962,4477729.446344582,0.657533,modeled_proxy_not_official_subdivision_projection,stable_or_slow,conflict_recovery
1687,South Kordofan,Sudan,SDN,Sudan,Africa,0.511,14.0,0.44,0.05267395968690567,0.05162942367878315,0.05162942367878315,modeled_population_proxy_population_first_evolved_to_2050_then_hdi_reconciled,0.511,0.5371,0.431266,0.46822,0.036955,15,0.519734,0.850082,50448960,85206382,2657346.485286317,4399156.396414243,0.65547,modeled_proxy_not_official_subdivision_projection,stable_or_slow,conflict_recovery
1697,Blue Nile,Sudan,SDN,Sudan,Africa,0.511,15.0,0.428,0.050634010510073935,0.049481744716272515,0.049481744716272515,modeled_population_proxy_population_first_evolved_to_2050_then_hdi_reconciled,0.511,0.5371,0.419266,0.458019,0.038754,15,0.519734,0.850082,50448960,85206382,2554433.1708622994,4216160.442321197,0.650527,modeled_proxy_not_official_subdivision_projection,stable_or_slow,conflict_recovery
1252,Dakar,Senegal,SEN,Senegal,Africa,0.53,1.0,0.625,0.1452416723615179,0.1592839493585428,0.1592839493585428,modeled_population_proxy_population_first_evolved_to_2050_then_hdi_reconciled,0.53,0.6668,0.630665,0.744672,0.114007,10,0.524335,0.808016,18501988,30364953,2687259.679132736,4836649.635926532,0.799845,modeled_proxy_not_official_subdivision_projection,rapid_industrializer,accelerator
1323,Ziguinchor,Senegal,SEN,Senegal,Africa,0.53,2.0,0.606,0.1360334928085216,0.14655386363063558,0.14655386363063558,modeled_population_proxy_population_first_evolved_to_2050_then_hdi_reconciled,0.53,0.6668,0.611665,0.72932,0.117655,10,0.524335,0.808016,18501988,30364953,2516890.0515413526,4450101.181112658,0.768095,modeled_proxy_not_official_subdivision_projection,rapid_industrializer,accelerator
1442,Thies,Senegal,SEN,Senegal,Africa,0.53,3.0,0.56,0.11608552204333251,0.11978882797834568,0.11978882797834568,modeled_population_proxy_population_first_evolved_to_2050_then_hdi_reconciled,0.53,0.6668,0.565665,0.692151,0.126486,10,0.524335,0.808016,18501988,30364953,2147812.9358194736,3637382.1314875516,0.693528,modeled_proxy_not_official_subdivision_projection,rapid_industrializer,accelerator
1509,Fatick,Senegal,SEN,Senegal,Africa,0.53,4.0,0.533,0.10576833311939159,0.10641677715826467,0.10641677715826467,modeled_population_proxy_population_first_evolved_to_2050_then_hdi_reconciled,0.53,0.6668,0.538665,0.670334,0.13167,10,0.524335,0.808016,18501988,30364953,1956924.4301549857,3231340.43682218,0.651234,modeled_proxy_not_official_subdivision_projection,rapid_industrializer,accelerator
1604,Saint Louis,Senegal,SEN,Senegal,Africa,0.53,5.0,0.482,0.08871605882824124,0.08509606469237119,0.08509606469237119,modeled_population_proxy_population_first_evolved_to_2050_then_hdi_reconciled,0.53,0.6668,0.487665,0.629126,0.141461,10,0.524335,0.808016,18501988,30364953,1641423.4558474135,2583938.0048688105,0.574206,modeled_proxy_not_official_subdivision_projection,rapid_industrializer,accelerator
1629,Kaolack,Senegal,SEN,Senegal,Africa,0.53,6.0,0.468,0.08453615251176905,0.08003029221938128,0.08003029221938128,modeled_population_proxy_population_first_evolved_to_2050_then_hdi_reconciled,0.53,0.6668,0.473665,0.617813,0.144149,10,0.524335,0.808016,18501988,30364953,1564086.8793389208,2430116.0618177783,0.553696,modeled_proxy_not_official_subdivision_projection,rapid_industrializer,accelerator
1635,Kolda,Senegal,SEN,Senegal,Africa,0.53,7.0,0.467,0.08424523615764419,0.07968020978140089,0.07968020978140089,modeled_population_proxy_population_first_evolved_to_2050_then_hdi_reconciled,0.53,0.6668,0.472665,0.617005,0.144341,10,0.524335,0.808016,18501988,30364953,1558704.3484458989,2419485.825042378,0.552242,modeled_proxy_not_official_subdivision_projection,rapid_industrializer,accelerator
1638,Louga,Senegal,SEN,Senegal,Africa,0.53,8.0,0.466,0.08395532094116971,0.07933165873497217,0.07933165873497217,modeled_population_proxy_population_first_evolved_to_2050_then_hdi_reconciled,0.53,0.6668,0.471665,0.616197,0.144533,10,0.524335,0.808016,18501988,30364953,1553340.3405896707,2408902.0888994695,0.550788,modeled_proxy_not_official_subdivision_projection,rapid_industrializer,accelerator
1662,Tambacounda,Senegal,SEN,Senegal,Africa,0.53,9.0,0.45,0.07945005681531742,0.0739577335378976,0.0739577335378976,modeled_population_proxy_population_first_evolved_to_2050_then_hdi_reconciled,0.53,0.6668,0.455665,0.603269,0.147604,10,0.524335,0.808016,18501988,30364953,1469983.997796321,2245723.102864784,0.527719,modeled_proxy_not_official_subdivision_projection,rapid_industrializer,accelerator
1689,Diourbel,Senegal,SEN,Senegal,Africa,0.53,10.0,0.437,0.07596815441309485,0.06986062290818824,0.06986062290818824,modeled_population_proxy_population_first_evolved_to_2050_then_hdi_reconciled,0.53,0.6668,0.442665,0.592765,0.1501,10,0.524335,0.808016,18501988,30364953,1405561.881333228,2121314.531157859,0.509229,modeled_proxy_not_official_subdivision_projection,rapid_industrializer,accelerator
1254,Grande Comore (Ngazidja),Comoros,COM,Comoros,Africa,0.603,1.0,0.624,0.3885874734778913,0.40620299398574006,0.40620299398574006,modeled_population_proxy_population_first_evolved_to_2050_then_hdi_reconciled,0.603,0.6697,0.61548,0.679051,0.063571,3,0.61152,0.834654,866632,1307561,336762.3393150919,531135.1930189882,0.577181,modeled_proxy_not_official_subdivision_projection,emerging_mover,frontier_jumper
1264,Moheli,Comoros,COM,Comoros,Africa,0.603,2.0,0.62,0.3724946864810734,0.38358842667620413,0.38358842667620413,modeled_population_proxy_population_first_evolved_to_2050_then_hdi_reconciled,0.603,0.6697,0.61148,0.675713,0.064233,3,0.61152,0.834654,866632,1307561,322815.81513446564,501565.26677316416,0.55372,modeled_proxy_not_official_subdivision_projection,emerging_mover,frontier_jumper
1396,Anjouan (Ndzouani),Comoros,COM,Comoros,Africa,0.603,3.0,0.578,0.23891784004103522,0.21020857933805573,0.21020857933805573,modeled_population_proxy_population_first_evolved_to_2050_then_hdi_reconciled,0.603,0.6697,0.56948,0.640657,0.071177,3,0.61152,0.834654,866632,1307561,207053.84555044243,274860.5402078475,0.327483,modeled_proxy_not_official_subdivision_projection,emerging_mover,frontier_jumper
1258,Kinshasa,DRC,COD,Congo (DRC),Africa,0.522,1.0,0.623,0.1467228713856867,0.14626565526858934,0.14626565526858934,modeled_population_proxy_population_first_evolved_to_2050_then_hdi_reconciled,0.522,0.5559,0.622411,0.641023,0.018612,11,0.522589,0.847118,109276264,218246071,16033327.228380347,31921904.584610075,0.990972,modeled_proxy_not_official_subdivision_projection,stable_or_slow,frontier_jumper
1485,Nord-Kivu,DRC,COD,Congo (DRC),Africa,0.522,2.0,0.543,0.1043019953568523,0.10421769013786793,0.10421769013786793,modeled_population_proxy_population_first_evolved_to_2050_then_hdi_reconciled,0.522,0.5559,0.542411,0.573254,0.030842,11,0.522589,0.847118,109276264,218246071,11397732.380342167,22745101.401285123,0.995581,modeled_proxy_not_official_subdivision_projection,stable_or_slow,frontier_jumper
1511,Sud-Kivu,DRC,COD,Congo (DRC),Africa,0.522,3.0,0.532,0.09861831105395744,0.09857726875144732,0.09857726875144732,modeled_population_proxy_population_first_evolved_to_2050_then_hdi_reconciled,0.522,0.5559,0.531411,0.563935,0.032524,11,0.522589,0.847118,109276264,218246071,10776640.59396637,21514101.59491445,0.996364,modeled_proxy_not_official_subdivision_projection,stable_or_slow,frontier_jumper
1529,Bas-Congo,DRC,COD,Congo (DRC),Africa,0.522,4.0,0.521,0.09324434534411967,0.09324211562969756,0.09324211562969756,modeled_population_proxy_population_first_evolved_to_2050_then_hdi_reconciled,0.522,0.5559,0.520411,0.554617,0.034206,11,0.522589,0.847118,109276264,218246071,10189393.698331192,20349725.38790918,0.997148,modeled_proxy_not_official_subdivision_projection,stable_or_slow,frontier_jumper
1549,Orientale,DRC,COD,Congo (DRC),Africa,0.522,5.0,0.508,0.08726958126874448,0.0873079682455721,0.0873079682455721,modeled_population_proxy_population_first_evolved_to_2050_then_hdi_reconciled,0.522,0.5559,0.507411,0.543605,0.036193,11,0.522589,0.847118,109276264,218246071,9536493.801892778,19054621.036588874,0.998074,modeled_proxy_not_official_subdivision_projection,stable_or_slow,frontier_jumper
1551,Katanga,DRC,COD,Congo (DRC),Africa,0.522,6.0,0.507,0.08682616402105271,0.08686745427852754,0.08686745427852754,modeled_population_proxy_population_first_evolved_to_2050_then_hdi_reconciled,0.522,0.5559,0.506411,0.542757,0.036346,11,0.522589,0.847118,109276264,218246071,9488038.821671858,18958480.594060775,0.998145,modeled_proxy_not_official_subdivision_projection,stable_or_slow,frontier_jumper
1566,Bandundu,DRC,COD,Congo (DRC),Africa,0.522,7.0,0.499,0.08335897993999644,0.08342242200532958,0.08342242200532958,modeled_population_proxy_population_first_evolved_to_2050_then_hdi_reconciled,0.522,0.5559,0.498411,0.53598,0.037569,11,0.522589,0.847118,109276264,218246071,9109157.898693755,18206615.835967124,0.998716,modeled_proxy_not_official_subdivision_projection,stable_or_slow,frontier_jumper
1571,Equateur,DRC,COD,Congo (DRC),Africa,0.522,8.0,0.498,0.08293543248029728,0.08300151263363663,0.08300151263363663,modeled_population_proxy_population_first_evolved_to_2050_then_hdi_reconciled,0.522,0.5559,0.497411,0.535133,0.037722,11,0.522589,0.847118,109276264,218246071,9062874.21467114,18114754.019348055,0.998787,modeled_proxy_not_official_subdivision_projection,stable_or_slow,frontier_jumper
1586,Kasai Oriental,DRC,COD,Congo (DRC),Africa,0.522,9.0,0.492,0.0804389599399972,0.08052028108432291,0.08052028108432291,modeled_population_proxy_population_first_evolved_to_2050_then_hdi_reconciled,0.522,0.5559,0.491411,0.530051,0.038639,11,0.522589,0.847118,109276264,218246071,8790069.022288557,17573234.982469093,0.999215,modeled_proxy_not_official_subdivision_projection,stable_or_slow,frontier_jumper
1617,Maniema,DRC,COD,Congo (DRC),Africa,0.522,10.0,0.472,0.07264753614122296,0.07277287502429122,0.07277287502429122,modeled_population_proxy_population_first_evolved_to_2050_then_hdi_reconciled,0.522,0.5559,0.471411,0.513108,0.041697,11,0.522589,0.847118,109276264,218246071,7938651.338317822,15882394.049425589,1.000641,modeled_proxy_not_official_subdivision_projection,stable_or_slow,frontier_jumper
1668,Kasai Occidental,DRC,COD,Congo (DRC),Africa,0.522,11.0,0.446,0.06363582306807285,0.06380475694071791,0.06380475694071791,modeled_population_proxy_population_first_evolved_to_2050_then_hdi_reconciled,0.522,0.5559,0.445411,0.491083,0.045672,11,0.522589,0.847118,109276264,218246071,6953885.001444018,13925137.513421664,1.002498,modeled_proxy_not_official_subdivision_projection,stable_or_slow,frontier_jumper
1295,Bissau,Guinea-Bissau,GNB,Guinea-Bissau,Africa,0.514,1.0,0.612,0.17409524977277732,0.1915075342410526,0.1915075342410526,modeled_population_proxy_population_first_evolved_to_2050_then_hdi_reconciled,0.514,0.5875,0.609675,0.664764,0.055089,9,0.516325,0.83207,2201360,3438608,383246.3190398011,658519.3393015574,0.718267,modeled_proxy_not_official_subdivision_projection,emerging_mover,frontier_jumper
1501,Cacheu,Guinea-Bissau,GNB,Guinea-Bissau,Africa,0.514,2.0,0.535,0.12385357192908833,0.12603566458544463,0.12603566458544463,modeled_population_proxy_population_first_evolved_to_2050_then_hdi_reconciled,0.514,0.5875,0.532675,0.600695,0.06802,9,0.516325,0.83207,2201360,3438608,272646.2991018179,433387.24452882656,0.589559,modeled_proxy_not_official_subdivision_projection,emerging_mover,frontier_jumper
1538,Biombo,Guinea-Bissau,GNB,Guinea-Bissau,Africa,0.514,3.0,0.517,0.11437722694117776,0.11429307192063357,0.11429307192063357,modeled_population_proxy_population_first_evolved_to_2050_then_hdi_reconciled,0.514,0.5875,0.514675,0.585718,0.071043,9,0.516325,0.83207,2201360,3438608,251785.45229923108,393009.07145086594,0.560889,modeled_proxy_not_official_subdivision_projection,emerging_mover,frontier_jumper
1553,Bolama,Guinea-Bissau,GNB,Guinea-Bissau,Africa,0.514,4.0,0.507,0.1094295410601985,0.108248899272367,0.108248899272367,modeled_population_proxy_population_first_evolved_to_2050_then_hdi_reconciled,0.514,0.5875,0.504675,0.577397,0.072722,9,0.516325,0.83207,2201360,3438608,240893.8145082786,372225.53102915536,0.545185,modeled_proxy_not_official_subdivision_projection,emerging_mover,frontier_jumper
1559,Quinara,Guinea-Bissau,GNB,Guinea-Bissau,Africa,0.514,5.0,0.505,0.10846598906759153,0.10707897506879277,0.10707897506879277,modeled_population_proxy_population_first_evolved_to_2050_then_hdi_reconciled,0.514,0.5875,0.502675,0.575733,0.073058,9,0.516325,0.83207,2201360,3438608,238772.6896938333,368202.6203033514,0.542063,modeled_proxy_not_official_subdivision_projection,emerging_mover,frontier_jumper
1572,Tombali,Guinea-Bissau,GNB,Guinea-Bissau,Africa,0.514,6.0,0.498,0.10515988227020645,0.10308292040110614,0.10308292040110614,modeled_population_proxy_population_first_evolved_to_2050_then_hdi_reconciled,0.514,0.5875,0.495675,0.569908,0.074233,9,0.516325,0.83207,2201360,3438608,231494.75843434167,354461.7547546068,0.531187,modeled_proxy_not_official_subdivision_projection,emerging_mover,frontier_jumper
1592,Bafata,Guinea-Bissau,GNB,Guinea-Bissau,Africa,0.514,7.0,0.49,0.10150468858740733,0.09869827912400109,0.09869827912400109,modeled_population_proxy_population_first_evolved_to_2050_then_hdi_reconciled,0.514,0.5875,0.487675,0.563252,0.075577,9,0.516325,0.83207,2201360,3438608,223448.36126877498,339384.69218202314,0.518851,modeled_proxy_not_official_subdivision_projection,emerging_mover,frontier_jumper
1646,Oio,Guinea-Bissau,GNB,Guinea-Bissau,Africa,0.514,8.0,0.461,0.08928770213761154,0.08431017135802012,0.08431017135802012,modeled_population_proxy_population_first_evolved_to_2050_then_hdi_reconciled,0.514,0.5875,0.458675,0.539122,0.080447,9,0.516325,0.83207,2201360,3438608,196554.37597765255,289909.6297130588,0.474959,modeled_proxy_not_official_subdivision_projection,emerging_mover,frontier_jumper
1714,Gabu,Guinea-Bissau,GNB,Guinea-Bissau,Africa,0.514,9.0,0.418,0.07382614823394128,0.06674448402858216,0.06674448402858216,modeled_population_proxy_population_first_evolved_to_2050_then_hdi_reconciled,0.514,0.5875,0.415675,0.503343,0.087668,9,0.516325,0.83207,2201360,3438608,162517.92967626898,229508.11673655483,0.412202,modeled_proxy_not_official_subdivision_projection,emerging_mover,frontier_jumper
1368,Maseru,Lesotho,LSO,Lesotho,Africa,0.55,1.0,0.587,0.13764921557488885,0.1556764359979978,0.1556764359979978,modeled_population_proxy_population_first_evolved_to_2050_then_hdi_reconciled,0.55,0.6349,0.599512,0.673284,0.073773,10,0.537488,0.827738,2337428,2993088,321745.1306627813,465953.2724683752,0.448206,modeled_proxy_not_official_subdivision_projection,fast_converger,moderate
1401,Berea,Lesotho,LSO,Lesotho,Africa,0.55,2.0,0.577,0.12964747399711943,0.14290980059757477,0.14290980059757477,modeled_population_proxy_population_first_evolved_to_2050_then_hdi_reconciled,0.55,0.6349,0.589512,0.665007,0.075495,10,0.537488,0.827738,2337428,2993088,303041.63585013885,427741.6092509939,0.411495,modeled_proxy_not_official_subdivision_projection,fast_converger,moderate
1476,Butha-Buthe,Lesotho,LSO,Lesotho,Africa,0.55,3.0,0.545,0.10703679080807593,0.10867940153267329,0.10867940153267329,modeled_population_proxy_population_first_evolved_to_2050_then_hdi_reconciled,0.55,0.6349,0.557512,0.638519,0.081008,10,0.537488,0.827738,2337428,2993088,250190.7918649393,325287.012574626,0.300156,modeled_proxy_not_official_subdivision_projection,fast_converger,moderate
1477,Leribe,Lesotho,LSO,Lesotho,Africa,0.55,4.0,0.545,0.10703679080807593,0.10867940153267329,0.10867940153267329,modeled_population_proxy_population_first_evolved_to_2050_then_hdi_reconciled,0.55,0.6349,0.557512,0.638519,0.081008,10,0.537488,0.827738,2337428,2993088,250190.7918649393,325287.012574626,0.300156,modeled_proxy_not_official_subdivision_projection,fast_converger,moderate
1492,Mafeteng,Lesotho,LSO,Lesotho,Africa,0.55,5.0,0.54,0.10387911450267436,0.10412782681713043,0.10412782681713043,modeled_population_proxy_population_first_evolved_to_2050_then_hdi_reconciled,0.55,0.6349,0.552512,0.634381,0.081869,10,0.537488,0.827738,2337428,2993088,242809.95085375712,311663.7489124313,0.283571,modeled_proxy_not_official_subdivision_projection,fast_converger,moderate
1521,Mohale s Hoek,Lesotho,LSO,Lesotho,Africa,0.55,6.0,0.526,0.09552448064434137,0.09237226451695442,0.09237226451695442,modeled_population_proxy_population_first_evolved_to_2050_then_hdi_reconciled,0.55,0.6349,0.538512,0.622792,0.084281,10,0.537488,0.827738,2337428,2993088,223281.59574354155,276478.31645852205,0.238249,modeled_proxy_not_official_subdivision_projection,fast_converger,moderate
1531,Qasha s Nek,Lesotho,LSO,Lesotho,Africa,0.55,7.0,0.521,0.09270642727372713,0.08850364491044688,0.08850364491044688,modeled_population_proxy_population_first_evolved_to_2050_then_hdi_reconciled,0.55,0.6349,0.533512,0.618654,0.085142,10,0.537488,0.827738,2337428,2993088,216694.59888957348,264899.1975377196,0.222454,modeled_proxy_not_official_subdivision_projection,fast_converger,moderate
1542,Quthing,Lesotho,LSO,Lesotho,Africa,0.55,8.0,0.512,0.08784178076658737,0.08194385221325357,0.08194385221325357,modeled_population_proxy_population_first_evolved_to_2050_then_hdi_reconciled,0.55,0.6349,0.524512,0.611204,0.086693,10,0.537488,0.827738,2337428,2993088,205323.83793368278,245265.1607332627,0.194528,modeled_proxy_not_official_subdivision_projection,fast_converger,moderate
1602,Mokhotlong,Lesotho,LSO,Lesotho,Africa,0.55,9.0,0.485,0.07472656031439098,0.06504022500437882,0.06504022500437882,modeled_population_proxy_population_first_evolved_to_2050_then_hdi_reconciled,0.55,0.6349,0.497512,0.588855,0.091344,10,0.537488,0.827738,2337428,2993088,174667.9544225463,194671.1169779062,0.114521,modeled_proxy_not_official_subdivision_projection,fast_converger,moderate
1651,Thaba-Tseka,Lesotho,LSO,Lesotho,Africa,0.55,10.0,0.459,0.06395136531011869,0.05206714687691682,0.05206714687691682,modeled_population_proxy_population_first_evolved_to_2050_then_hdi_reconciled,0.55,0.6349,0.471512,0.567334,0.095822,10,0.537488,0.827738,2337428,2993088,149481.7119141001,155841.55251153721,0.042546,modeled_proxy_not_official_subdivision_projection,fast_converger,moderate
1375,Western Urban,Sierra Leone,SLE,Sierra Leone,Africa,0.467,1.0,0.586,0.11661367636380314,0.12843685349336859,0.12843685349336859,modeled_population_proxy_population_first_evolved_to_2050_then_hdi_reconciled,0.467,0.5303,0.590149,0.631377,0.041228,14,0.462851,0.835946,8642029,12948331,1007778.7729326013,1663042.8916306428,0.650206,modeled_proxy_not_official_subdivision_projection,emerging_mover,frontier_jumper
1557,Western Rural,Sierra Leone,SLE,Sierra Leone,Africa,0.467,2.0,0.506,0.09297111515470756,0.09782775228264208,0.09782775228264208,modeled_population_proxy_population_first_evolved_to_2050_then_hdi_reconciled,0.467,0.5303,0.510149,0.564501,0.054352,14,0.462851,0.835946,8642029,12948331,803459.0733293222,1266706.1175416552,0.576566,modeled_proxy_not_official_subdivision_projection,emerging_mover,frontier_jumper
1636,Bombali,Sierra Leone,SLE,Sierra Leone,Africa,0.467,3.0,0.467,0.0760600900538547,0.07670205616575296,0.07670205616575296,modeled_population_proxy_population_first_evolved_to_2050_then_hdi_reconciled,0.467,0.5303,0.471149,0.531899,0.06075,14,0.462851,0.835946,8642029,12948331,657313.5039880238,993163.6116147601,0.510944,modeled_proxy_not_official_subdivision_projection,emerging_mover,frontier_jumper
1656,Bo,Sierra Leone,SLE,Sierra Leone,Africa,0.467,4.0,0.456,0.07187278011348668,0.0716154720150996,0.0716154720150996,modeled_population_proxy_population_first_evolved_to_2050_then_hdi_reconciled,0.467,0.5303,0.460149,0.522704,0.062555,14,0.462851,0.835946,8642029,12948331,621126.6500513752,927300.8363727466,0.492934,modeled_proxy_not_official_subdivision_projection,emerging_mover,frontier_jumper
1661,Kono,Sierra Leone,SLE,Sierra Leone,Africa,0.467,5.0,0.451,0.07004644269134816,0.06941628012910171,0.06941628012910171,modeled_population_proxy_population_first_evolved_to_2050_then_hdi_reconciled,0.467,0.5303,0.455149,0.518524,0.063375,14,0.462851,0.835946,8642029,12948331,605343.3890854688,898824.9719003317,0.484818,modeled_proxy_not_official_subdivision_projection,emerging_mover,frontier_jumper
1673,Kailahun,Sierra Leone,SLE,Sierra Leone,Africa,0.467,6.0,0.446,0.06826651377566002,0.06728462176365954,0.06728462176365954,modeled_population_proxy_population_first_evolved_to_2050_then_hdi_reconciled,0.467,0.5303,0.450149,0.514344,0.064195,14,0.462851,0.835946,8642029,12948331,589961.1917781534,871223.5538056676,0.476747,modeled_proxy_not_official_subdivision_projection,emerging_mover,frontier_jumper
1676,Kenema,Sierra Leone,SLE,Sierra Leone,Africa,0.467,7.0,0.444,0.06756727141901343,0.066450401101539,0.066450401101539,modeled_population_proxy_population_first_evolved_to_2050_then_hdi_reconciled,0.467,0.5303,0.448149,0.512672,0.064523,14,0.462851,0.835946,8642029,12948331,583918.3190539853,860421.7885454916,0.473531,modeled_proxy_not_official_subdivision_projection,emerging_mover,frontier_jumper
1686,Bonthe,Sierra Leone,SLE,Sierra Leone,Africa,0.467,8.0,0.441,0.0665318140939369,0.06521842307681885,0.06521842307681885,modeled_population_proxy_population_first_evolved_to_2050_then_hdi_reconciled,0.467,0.5303,0.445149,0.510165,0.065015,14,0.462851,0.835946,8642029,12948331,574969.8668224114,844469.7292966889,0.46872,modeled_proxy_not_official_subdivision_projection,emerging_mover,frontier_jumper
1690,Tonkolili,Sierra Leone,SLE,Sierra Leone,Africa,0.467,9.0,0.435,0.064508260905795,0.06282256549353639,0.06282256549353639,modeled_population_proxy_population_first_evolved_to_2050_then_hdi_reconciled,0.467,0.5303,0.439149,0.505149,0.066,14,0.462851,0.835946,8642029,12948331,557482.2614874467,813447.3722794876,0.459145,modeled_proxy_not_official_subdivision_projection,emerging_mover,frontier_jumper
1693,Kambia,Sierra Leone,SLE,Sierra Leone,Africa,0.467,10.0,0.433,0.06384751369776892,0.06204366712406626,0.06204366712406626,modeled_population_proxy_population_first_evolved_to_2050_then_hdi_reconciled,0.467,0.5303,0.437149,0.503477,0.066328,14,0.462851,0.835946,8642029,12948331,551772.0649540162,803361.938376228,0.455967,modeled_proxy_not_official_subdivision_projection,emerging_mover,frontier_jumper
1699,Koinadugu,Sierra Leone,SLE,Sierra Leone,Africa,0.467,11.0,0.426,0.061587742670323756,0.059392790258090175,0.059392790258090175,modeled_population_proxy_population_first_evolved_to_2050_then_hdi_reconciled,0.467,0.5303,0.430149,0.497625,0.067476,14,0.462851,0.835946,8642029,12948331,532243.0582014753,769037.507275327,0.444899,modeled_proxy_not_official_subdivision_projection,emerging_mover,frontier_jumper
1701,Moyamba,Sierra Leone,SLE,Sierra Leone,Africa,0.467,12.0,0.425,0.06127151440108238,0.05902345454853801,0.05902345454853801,modeled_population_proxy_population_first_evolved_to_2050_then_hdi_reconciled,0.467,0.5303,0.429149,0.49679,0.06764,14,0.462851,0.835946,8642029,12948331,529510.2043280716,764255.2262579257,0.443325,modeled_proxy_not_official_subdivision_projection,emerging_mover,frontier_jumper
1702,Port Loko,Sierra Leone,SLE,Sierra Leone,Africa,0.467,13.0,0.424,0.06095690983672012,0.0586564155633148,0.0586564155633148,modeled_population_proxy_population_first_evolved_to_2050_then_hdi_reconciled,0.467,0.5303,0.428149,0.495954,0.067804,14,0.462851,0.835946,8642029,12948331,526791.3825593205,759502.6839873515,0.441752,modeled_proxy_not_official_subdivision_projection,emerging_mover,frontier_jumper
1716,Pujehun,Sierra Leone,SLE,Sierra Leone,Africa,0.467,14.0,0.414,0.05789835482249926,0.05510924698447205,0.05510924698447205,modeled_population_proxy_population_first_evolved_to_2050_then_hdi_reconciled,0.467,0.5303,0.418149,0.487594,0.069445,14,0.462851,0.835946,8642029,12948331,500359.26142832846,713572.771115696,0.426121,modeled_proxy_not_official_subdivision_projection,emerging_mover,frontier_jumper
1379,West (incl Metropolitain area),Haiti,HTI,Haiti,America,0.554,1.0,0.584,0.16476505737042182,0.18812043383081573,0.18812043383081573,modeled_population_proxy_population_first_evolved_to_2050_then_hdi_reconciled,0.554,0.6418,0.591908,0.671474,0.079566,9,0.546092,0.826636,11772562,14710871,1939706.853326848,2767415.434549166,0.426718,modeled_proxy_not_official_subdivision_projection,fast_converger,conflict_recovery
1419,North,Haiti,HTI,Haiti,America,0.554,2.0,0.569,0.14241667541105454,0.15407506345384162,0.15407506345384162,modeled_population_proxy_population_first_evolved_to_2050_then_hdi_reconciled,0.554,0.6418,0.576908,0.659074,0.082166,9,0.546092,0.826636,11772562,14710871,1676609.1411105152,2266578.3827862786,0.351882,modeled_proxy_not_official_subdivision_projection,fast_converger,conflict_recovery
1475,North-West,Haiti,HTI,Haiti,America,0.554,3.0,0.546,0.11389228209331062,0.11344537895619708,0.11344537895619708,modeled_population_proxy_population_first_evolved_to_2050_then_hdi_reconciled,0.554,0.6418,0.553908,0.640062,0.086153,9,0.546092,0.826636,11772562,14710871,1340803.952264989,1668880.33537073,0.244686,modeled_proxy_not_official_subdivision_projection,fast_converger,conflict_recovery
1481,North-East,Haiti,HTI,Haiti,America,0.554,4.0,0.544,0.11170014212803844,0.11046541488195528,0.11046541488195528,modeled_population_proxy_population_first_evolved_to_2050_then_hdi_reconciled,0.554,0.6418,0.551908,0.638408,0.0865,9,0.546092,0.826636,11772562,14710871,1314996.8486111446,1625042.4682899243,0.235777,modeled_proxy_not_official_subdivision_projection,fast_converger,conflict_recovery
1490,South,Haiti,HTI,Haiti,America,0.554,5.0,0.54,0.10744162962669385,0.10473826214195224,0.10473826214195224,modeled_population_proxy_population_first_evolved_to_2050_then_hdi_reconciled,0.554,0.6418,0.547908,0.635102,0.087194,9,0.546092,0.826636,11772562,14710871,1264863.2461612902,1540791.063134443,0.218148,modeled_proxy_not_official_subdivision_projection,fast_converger,conflict_recovery
1508,South-East,Haiti,HTI,Haiti,America,0.554,6.0,0.533,0.10037616386173157,0.09542093681259103,0.09542093681259103,modeled_population_proxy_population_first_evolved_to_2050_then_hdi_reconciled,0.554,0.6418,0.540908,0.629315,0.088407,9,0.546092,0.826636,11772562,14710871,1181684.6123843943,1403725.0921491778,0.187902,modeled_proxy_not_official_subdivision_projection,fast_converger,conflict_recovery
1524,"Grande-Anse, Nippes",Haiti,HTI,Haiti,America,0.554,7.0,0.525,0.09286847549100832,0.08578310211680429,0.08578310211680429,modeled_population_proxy_population_first_evolved_to_2050_then_hdi_reconciled,0.554,0.6418,0.532908,0.622702,0.089794,9,0.546092,0.826636,11772562,14710871,1093299.885563376,1261944.1492201348,0.154253,modeled_proxy_not_official_subdivision_projection,fast_converger,conflict_recovery
1530,Artibonite,Haiti,HTI,Haiti,America,0.554,8.0,0.521,0.08932791093733082,0.08133562026142702,0.08133562026142702,modeled_population_proxy_population_first_evolved_to_2050_then_hdi_reconciled,0.554,0.6418,0.528908,0.619396,0.090487,9,0.546092,0.826636,11772562,14710871,1051618.3698402052,1196517.8173708392,0.137787,modeled_proxy_not_official_subdivision_projection,fast_converger,conflict_recovery
1555,Centre,Haiti,HTI,Haiti,America,0.554,9.0,0.506,0.07721166308040997,0.06661578754441569,0.06661578754441569,modeled_population_proxy_population_first_evolved_to_2050_then_hdi_reconciled,0.554,0.6418,0.513908,0.606996,0.093088,9,0.546092,0.826636,11772562,14710871,908979.0907372374,979976.257129306,0.078106,modeled_proxy_not_official_subdivision_projection,fast_converger,conflict_recovery
1380,Blantyre,Malawi,MWI,Malawi,Africa,0.517,1.0,0.584,0.11741640430207606,0.12514342457516575,0.12514342457516575,modeled_population_proxy_population_first_evolved_to_2050_then_hdi_reconciled,0.517,0.5842,0.575437,0.631926,0.056489,13,0.525563,0.834464,21655288,37361675,2542686.051085896,4675567.957364356,0.83883,modeled_proxy_not_official_subdivision_projection,emerging_mover,frontier_jumper
1445,"Other northern (Chitipa, Karonga, Rumphi, Nkhata Bay)",Malawi,MWI,Malawi,Africa,0.517,2.0,0.558,0.0983864807266925,0.10189838241150463,0.10189838241150463,modeled_population_proxy_population_first_evolved_to_2050_then_hdi_reconciled,0.517,0.5842,0.549437,0.61023,0.060793,13,0.525563,0.834464,21655288,37361675,2130587.5754429754,3807094.2466843524,0.786875,modeled_proxy_not_official_subdivision_projection,emerging_mover,frontier_jumper
1454,Mzimba,Malawi,MWI,Malawi,Africa,0.517,3.0,0.554,0.09574609373303848,0.09872745556349966,0.09872745556349966,modeled_population_proxy_population_first_evolved_to_2050_then_hdi_reconciled,0.517,0.5842,0.545437,0.606892,0.061455,13,0.525563,0.834464,21655288,37361675,2073409.2346639435,3688623.108340416,0.779014,modeled_proxy_not_official_subdivision_projection,emerging_mover,frontier_jumper
1488,Kasungu,Malawi,MWI,Malawi,Africa,0.517,4.0,0.541,0.08764444380928955,0.08908766406716269,0.08908766406716269,modeled_population_proxy_population_first_evolved_to_2050_then_hdi_reconciled,0.517,0.5842,0.532437,0.596044,0.063607,13,0.525563,0.834464,21655288,37361675,1897965.6722899824,3328464.3513865108,0.753701,modeled_proxy_not_official_subdivision_projection,emerging_mover,frontier_jumper
1522,Lilongwe,Malawi,MWI,Malawi,Africa,0.517,5.0,0.526,0.07914446237809407,0.07912842584975191,0.07912842584975191,modeled_population_proxy_population_first_evolved_to_2050_then_hdi_reconciled,0.517,0.5842,0.517437,0.583527,0.06609,13,0.525563,0.834464,21655288,37361675,1713896.126402792,2956370.5298600295,0.724941,modeled_proxy_not_official_subdivision_projection,emerging_mover,frontier_jumper
1525,Zomba,Malawi,MWI,Malawi,Africa,0.517,6.0,0.525,0.07860803549818612,0.0785055191260937,0.0785055191260937,modeled_population_proxy_population_first_evolved_to_2050_then_hdi_reconciled,0.517,0.5842,0.516437,0.582693,0.066255,13,0.525563,0.834464,21655288,37361675,1702279.647827444,2933097.691295397,0.723041,modeled_proxy_not_official_subdivision_projection,emerging_mover,frontier_jumper
1543,Mulanje,Malawi,MWI,Malawi,Africa,0.517,7.0,0.512,0.07195653923374713,0.07084020625676232,0.07084020625676232,modeled_population_proxy_population_first_evolved_to_2050_then_hdi_reconciled,0.517,0.5842,0.503437,0.571845,0.068407,13,0.525563,0.834464,21655288,37361675,1558239.5805900935,2646708.76309812,0.698525,modeled_proxy_not_official_subdivision_projection,emerging_mover,frontier_jumper
1561,"Other southern (Balaka, Mwanza, Phalombe, Chiradzulu, Chikwawa, Nsanje, neno)",Malawi,MWI,Malawi,Africa,0.517,8.0,0.504,0.06814618445782576,0.06649992049458231,0.06649992049458231,modeled_population_proxy_population_first_evolved_to_2050_then_hdi_reconciled,0.517,0.5842,0.495437,0.565169,0.069732,13,0.525563,0.834464,21655288,37361675,1475725.2505353407,2484548.4170444235,0.683612,modeled_proxy_not_official_subdivision_projection,emerging_mover,frontier_jumper
1584,"Other central (Nkhota Kota, Mchinji, Dowa, Ntchisi, Dedza, Ntcheu)",Malawi,MWI,Malawi,Africa,0.517,9.0,0.494,0.06366571787965326,0.06144658658244574,0.06144658658244574,modeled_population_proxy_population_first_evolved_to_2050_then_hdi_reconciled,0.517,0.5842,0.485437,0.556824,0.071387,13,0.525563,0.834464,21655288,37361675,1378699.4564106409,2295747.3977526985,0.665154,modeled_proxy_not_official_subdivision_projection,emerging_mover,frontier_jumper
1588,Machinga,Malawi,MWI,Malawi,Africa,0.517,10.0,0.492,0.06280561312127156,0.060482967319034006,0.060482967319034006,modeled_population_proxy_population_first_evolved_to_2050_then_hdi_reconciled,0.517,0.5842,0.483437,0.555155,0.071718,13,0.525563,0.834464,21655288,37361675,1360073.6401577145,2259744.96800937,0.661487,modeled_proxy_not_official_subdivision_projection,emerging_mover,frontier_jumper
1593,Salima,Malawi,MWI,Malawi,Africa,0.517,11.0,0.49,0.06195712812027309,0.059534459750778396,0.059534459750778396,modeled_population_proxy_population_first_evolved_to_2050_then_hdi_reconciled,0.517,0.5842,0.481437,0.553486,0.072049,13,0.525563,0.834464,21655288,37361675,1341699.4530974124,2224307.1365091633,0.657828,modeled_proxy_not_official_subdivision_projection,emerging_mover,frontier_jumper
1595,Thyolo,Malawi,MWI,Malawi,Africa,0.517,12.0,0.489,0.061537193889538905,0.059065798648653925,0.059065798648653925,modeled_population_proxy_population_first_evolved_to_2050_then_hdi_reconciled,0.517,0.5842,0.480437,0.552652,0.072215,13,0.525563,0.834464,21655288,37361675,1332605.6563898053,2206797.172726447,0.656002,modeled_proxy_not_official_subdivision_projection,emerging_mover,frontier_jumper
1634,Mangochi,Malawi,MWI,Malawi,Africa,0.517,13.0,0.467,0.05298570285031349,0.04963918935456506,0.04963918935456506,modeled_population_proxy_population_first_evolved_to_2050_then_hdi_reconciled,0.517,0.5842,0.458437,0.534294,0.075856,13,0.525563,0.834464,21655288,37361675,1147420.6551059594,1854603.2599287194,0.616324,modeled_proxy_not_official_subdivision_projection,emerging_mover,frontier_jumper
1385,Analamanga,Madagascar,MDG,Madagascar,Africa,0.487,1.0,0.582,0.07284631625667527,0.07793297253341021,0.07793297253341021,modeled_population_proxy_population_first_evolved_to_2050_then_hdi_reconciled,0.487,0.58,0.589745,0.663328,0.073584,22,0.479255,0.82466,31964960,53185473,2328529.5852919747,4144902.00648543,0.780051,modeled_proxy_not_official_subdivision_projection,emerging_mover,frontier_jumper
1466,Diana,Madagascar,MDG,Madagascar,Africa,0.487,2.0,0.549,0.0637851430663238,0.0669566346486965,0.0669566346486965,modeled_population_proxy_population_first_evolved_to_2050_then_hdi_reconciled,0.487,0.58,0.556745,0.636115,0.07937,22,0.479255,0.82466,31964960,53185473,2038889.5467093175,3561120.2842791122,0.746598,modeled_proxy_not_official_subdivision_projection,emerging_mover,frontier_jumper
1554,Sava,Madagascar,MDG,Madagascar,Africa,0.487,3.0,0.507,0.052813986734212275,0.05383418302393747,0.05383418302393747,modeled_population_proxy_population_first_evolved_to_2050_then_hdi_reconciled,0.487,0.58,0.514745,0.601479,0.086734,22,0.479255,0.82466,31964960,53185473,1688196.973399626,2863196.487696685,0.696009,modeled_proxy_not_official_subdivision_projection,emerging_mover,frontier_jumper
1556,Alaotra Mangoro,Madagascar,MDG,Madagascar,Africa,0.487,4.0,0.506,0.05257717790327438,0.05355530780921729,0.05355530780921729,modeled_population_proxy_population_first_evolved_to_2050_then_hdi_reconciled,0.487,0.58,0.513745,0.600654,0.08691,22,0.479255,0.82466,31964960,53185473,1680627.3885910495,2848364.377493815,0.694822,modeled_proxy_not_official_subdivision_projection,emerging_mover,frontier_jumper
1560,Analanjirofo,Madagascar,MDG,Madagascar,Africa,0.487,5.0,0.505,0.05234143088239624,0.05327787724139275,0.05327787724139275,modeled_population_proxy_population_first_evolved_to_2050_then_hdi_reconciled,0.487,0.58,0.512745,0.59983,0.087085,22,0.479255,0.82466,31964960,53185473,1673091.7444985604,2833609.1015194086,0.693636,modeled_proxy_not_official_subdivision_projection,emerging_mover,frontier_jumper
1568,Boeny,Madagascar,MDG,Madagascar,Africa,0.487,6.0,0.499,0.050948981642827,0.05164321503731578,0.05164321503731578,modeled_population_proxy_population_first_evolved_to_2050_then_hdi_reconciled,0.487,0.58,0.506745,0.594882,0.088137,22,0.479255,0.82466,31964960,53185473,1628582.1602536992,2746668.8190003526,0.68654,modeled_proxy_not_official_subdivision_projection,emerging_mover,frontier_jumper
1574,Haute Matsiatra,Madagascar,MDG,Madagascar,Africa,0.487,7.0,0.497,0.05049311301960508,0.051109550039712216,0.051109550039712216,modeled_population_proxy_population_first_evolved_to_2050_then_hdi_reconciled,0.487,0.58,0.504745,0.593232,0.088488,22,0.479255,0.82466,31964960,53185473,1614010.3379471556,2718285.593679263,0.684181,modeled_proxy_not_official_subdivision_projection,emerging_mover,frontier_jumper
1575,Atsinanana,Madagascar,MDG,Madagascar,Africa,0.487,8.0,0.497,0.05049311301960508,0.051109550039712216,0.051109550039712216,modeled_population_proxy_population_first_evolved_to_2050_then_hdi_reconciled,0.487,0.58,0.504745,0.593232,0.088488,22,0.479255,0.82466,31964960,53185473,1614010.3379471556,2718285.593679263,0.684181,modeled_proxy_not_official_subdivision_projection,emerging_mover,frontier_jumper
1599,Vakinankaratra,Madagascar,MDG,Madagascar,Africa,0.487,9.0,0.487,0.048274228477416595,0.0485228150318606,0.0485228150318606,modeled_population_proxy_population_first_evolved_to_2050_then_hdi_reconciled,0.487,0.58,0.494745,0.584986,0.090241,22,0.479255,0.82466,31964960,53185473,1543083.7823114824,2580708.868761016,0.672436,modeled_proxy_not_official_subdivision_projection,emerging_mover,frontier_jumper
1600,Itasy,Madagascar,MDG,Madagascar,Africa,0.487,10.0,0.486,0.04805777514152857,0.048271454099071465,0.048271454099071465,modeled_population_proxy_population_first_evolved_to_2050_then_hdi_reconciled,0.487,0.58,0.493745,0.584161,0.090416,22,0.479255,0.82466,31964960,53185473,1536164.8600879551,2567340.118656905,0.671266,modeled_proxy_not_official_subdivision_projection,emerging_mover,frontier_jumper
1612,Anamoroni Mania,Madagascar,MDG,Madagascar,Africa,0.487,11.0,0.477,0.04615285126478513,0.046066998766115815,0.046066998766115815,modeled_population_proxy_population_first_evolved_to_2050_then_hdi_reconciled,0.487,0.58,0.484745,0.576739,0.091994,22,0.479255,0.82466,31964960,53185473,1475274.0445648062,2450095.119066286,0.660773,modeled_proxy_not_official_subdivision_projection,emerging_mover,frontier_jumper
1628,Sofia,Madagascar,MDG,Madagascar,Africa,0.487,12.0,0.468,0.044323435148554975,0.043963216251199214,0.043963216251199214,modeled_population_proxy_population_first_evolved_to_2050_then_hdi_reconciled,0.487,0.58,0.475745,0.569317,0.093573,22,0.479255,0.82466,31964960,53185473,1416796.831586154,2338204.450921317,0.650346,modeled_proxy_not_official_subdivision_projection,emerging_mover,frontier_jumper
1647,Bongolava,Madagascar,MDG,Madagascar,Africa,0.487,13.0,0.46,0.042758254458149125,0.042173981345331436,0.042173981345331436,modeled_population_proxy_population_first_evolved_to_2050_then_hdi_reconciled,0.487,0.58,0.467745,0.56272,0.094975,22,0.479255,0.82466,31964960,53185473,1366765.8934245585,2243043.146144629,0.641132,modeled_proxy_not_official_subdivision_projection,emerging_mover,frontier_jumper
1663,Ihorombe,Madagascar,MDG,Madagascar,Africa,0.487,14.0,0.449,0.0406959772394335,0.03983207449692753,0.03983207449692753,modeled_population_proxy_population_first_evolved_to_2050_then_hdi_reconciled,0.487,0.58,0.456745,0.553649,0.096904,22,0.479255,0.82466,31964960,53185473,1300845.2846194024,2118487.7226903276,0.628547,modeled_proxy_not_official_subdivision_projection,emerging_mover,frontier_jumper
1670,Atsimo Andrefana,Madagascar,MDG,Madagascar,Africa,0.487,15.0,0.446,0.04015100683064606,0.03921625381640342,0.03921625381640342,modeled_population_proxy_population_first_evolved_to_2050_then_hdi_reconciled,0.487,0.58,0.453745,0.551175,0.09743,22,0.479255,0.82466,31964960,53185473,1283425.327301328,2085735.0085134709,0.625132,modeled_proxy_not_official_subdivision_projection,emerging_mover,frontier_jumper
1677,Vatovavy Fitovinany,Madagascar,MDG,Madagascar,Africa,0.487,16.0,0.443,0.039613334262249736,0.03860995398347137,0.03860995398347137,modeled_population_proxy_population_first_evolved_to_2050_then_hdi_reconciled,0.487,0.58,0.450745,0.548701,0.097956,22,0.479255,0.82466,31964960,53185473,1266238.6451594422,2053488.665119159,0.621723,modeled_proxy_not_official_subdivision_projection,emerging_mover,frontier_jumper
1694,Melaky,Madagascar,MDG,Madagascar,Africa,0.487,17.0,0.432,0.037702739972523415,0.03646595636299391,0.03646595636299391,modeled_population_proxy_population_first_evolved_to_2050_then_hdi_reconciled,0.487,0.58,0.439745,0.539629,0.099885,22,0.479255,0.82466,31964960,53185473,1205166.575112112,1939459.137563191,0.609287,modeled_proxy_not_official_subdivision_projection,emerging_mover,frontier_jumper
1698,Betsiboka,Madagascar,MDG,Madagascar,Africa,0.487,18.0,0.426,0.036699726667014536,0.035347114477983624,0.035347114477983624,modeled_population_proxy_population_first_evolved_to_2050_then_hdi_reconciled,0.487,0.58,0.433745,0.534681,0.100937,22,0.479255,0.82466,31964960,53185473,1173105.2949220529,1879953.0026967071,0.602544,modeled_proxy_not_official_subdivision_projection,emerging_mover,frontier_jumper
1720,Androy,Madagascar,MDG,Madagascar,Africa,0.487,19.0,0.412,0.03446190670698228,0.03286816584129592,0.03286816584129592,modeled_population_proxy_population_first_evolved_to_2050_then_hdi_reconciled,0.487,0.58,0.419745,0.523136,0.103392,22,0.479255,0.82466,31964960,53185473,1101573.4694124202,1748108.9469117664,0.58692,modeled_proxy_not_official_subdivision_projection,emerging_mover,frontier_jumper
1722,Atsimo Atsinanana,Madagascar,MDG,Madagascar,Africa,0.487,20.0,0.411,0.03430738544578226,0.032697900105074486,0.032697900105074486,modeled_population_proxy_population_first_evolved_to_2050_then_hdi_reconciled,0.487,0.58,0.418745,0.522312,0.103567,22,0.479255,0.82466,31964960,53185473,1096634.2034790122,1739053.283195136,0.58581,modeled_proxy_not_official_subdivision_projection,emerging_mover,frontier_jumper
1739,Anosy,Madagascar,MDG,Madagascar,Africa,0.487,21.0,0.383,0.030251057930007333,0.028272412524438417,0.028272412524438417,modeled_population_proxy_population_first_evolved_to_2050_then_hdi_reconciled,0.487,0.58,0.390745,0.499221,0.108476,22,0.479255,0.82466,31964960,53185473,966973.8566903672,1503681.6329633812,0.555039,modeled_proxy_not_official_subdivision_projection,emerging_mover,frontier_jumper
1740,Menabe,Madagascar,MDG,Madagascar,Africa,0.487,22.0,0.383,0.030251057930007333,0.028272412524438417,0.028272412524438417,modeled_population_proxy_population_first_evolved_to_2050_then_hdi_reconciled,0.487,0.58,0.390745,0.499221,0.108476,22,0.479255,0.82466,31964960,53185473,966973.8566903672,1503681.6329633812,0.555039,modeled_proxy_not_official_subdivision_projection,emerging_mover,frontier_jumper
1386,Bamako,Mali,MLI,Mali,Africa,0.419,1.0,0.582,0.20140174736225439,0.1895194009969348,0.1895194009969348,modeled_population_proxy_population_first_evolved_to_2050_then_hdi_reconciled,0.419,0.4853,0.580025,0.621954,0.041928,8,0.420975,0.834806,24478597,46154082,4930032.208776438,8747093.97420341,0.774247,modeled_proxy_not_official_subdivision_projection,emerging_mover,frontier_jumper
1709,Koulikoro,Mali,MLI,Mali,Africa,0.419,2.0,0.422,0.1298813193883169,0.1295604887618538,0.1295604887618538,modeled_population_proxy_population_first_evolved_to_2050_then_hdi_reconciled,0.419,0.4853,0.420025,0.488385,0.068359,8,0.420975,0.834806,24478597,46154082,3179312.475134896,5979745.422274679,0.88083,modeled_proxy_not_official_subdivision_projection,emerging_mover,frontier_jumper
1727,Sikasso,Mali,MLI,Mali,Africa,0.419,3.0,0.401,0.12189011980637628,0.12264677824926806,0.12264677824926806,modeled_population_proxy_population_first_evolved_to_2050_then_hdi_reconciled,0.419,0.4853,0.399025,0.470854,0.071828,8,0.420975,0.834806,24478597,46154082,2983699.121022003,5660649.460352534,0.897192,modeled_proxy_not_official_subdivision_projection,emerging_mover,frontier_jumper
1734,Kayes,Mali,MLI,Mali,Africa,0.419,4.0,0.388,0.11719154839530636,0.11855302450231113,0.11855302450231113,modeled_population_proxy_population_first_evolved_to_2050_then_hdi_reconciled,0.419,0.4853,0.386025,0.460001,0.073976,8,0.420975,0.834806,24478597,46154082,2868684.684974701,5471706.014227677,0.907392,modeled_proxy_not_official_subdivision_projection,emerging_mover,frontier_jumper
1741,Gao and Kidal,Mali,MLI,Mali,Africa,0.419,5.0,0.382,0.11508449337124321,0.1167099660883647,0.1167099660883647,modeled_population_proxy_population_first_evolved_to_2050_then_hdi_reconciled,0.419,0.4853,0.380025,0.454993,0.074967,8,0.420975,0.834806,24478597,46154082,2817106.934183834,5386641.345059603,0.912118,modeled_proxy_not_official_subdivision_projection,emerging_mover,frontier_jumper
1746,Segou,Mali,MLI,Mali,Africa,0.419,6.0,0.374,0.11233389920699799,0.11429704854672788,0.11429704854672788,modeled_population_proxy_population_first_evolved_to_2050_then_hdi_reconciled,0.419,0.4853,0.372025,0.448314,0.076289,8,0.420975,0.834806,24478597,46154082,2749776.2481267233,5275275.35098366,0.918438,modeled_proxy_not_official_subdivision_projection,emerging_mover,frontier_jumper
1754,Mopti,Mali,MLI,Mali,Africa,0.419,7.0,0.35,0.1044703151847877,0.10735350664590389,0.10735350664590389,modeled_population_proxy_population_first_evolved_to_2050_then_hdi_reconciled,0.419,0.4853,0.348025,0.428279,0.080253,8,0.420975,0.834806,24478597,46154082,2557286.7438713983,4954802.548722593,0.937523,modeled_proxy_not_official_subdivision_projection,emerging_mover,frontier_jumper
1760,Tombouctou,Mali,MLI,Mali,Africa,0.419,8.0,0.328,0.09774655728471719,0.1013597862086358,0.1013597862086358,modeled_population_proxy_population_first_evolved_to_2050_then_hdi_reconciled,0.419,0.4853,0.326025,0.409913,0.083888,8,0.420975,0.834806,24478597,46154082,2392698.5839100066,4678167.884175845,0.955185,modeled_proxy_not_official_subdivision_projection,emerging_mover,frontier_jumper
1392,Montserrado,Liberia,LBR,Liberia,Africa,0.51,1.0,0.58,0.10781939836070431,0.1188484358543891,0.1188484358543891,modeled_population_proxy_population_first_evolved_to_2050_then_hdi_reconciled,0.51,0.5851,0.606645,0.663844,0.057199,15,0.483355,0.831462,5612813,8910534,605170.1207711399,1059003.0285273532,0.749926,modeled_proxy_not_official_subdivision_projection,emerging_mover,frontier_jumper
1564,River Gee,Liberia,LBR,Liberia,Africa,0.51,2.0,0.5,0.07576208416679417,0.07748106640075429,0.07748106640075429,modeled_population_proxy_population_first_evolved_to_2050_then_hdi_reconciled,0.51,0.5851,0.526645,0.597327,0.070682,15,0.483355,0.831462,5612813,8910534,425238.41091847647,690397.6765201788,0.623554,modeled_proxy_not_official_subdivision_projection,emerging_mover,frontier_jumper
1567,Maryland,Liberia,LBR,Liberia,Africa,0.51,3.0,0.499,0.07533140716690868,0.07694438050043657,0.07694438050043657,modeled_population_proxy_population_first_evolved_to_2050_then_hdi_reconciled,0.51,0.5851,0.525645,0.596496,0.07085,15,0.483355,0.831462,5612813,8910534,422821.1014547182,685615.518558077,0.621526,modeled_proxy_not_official_subdivision_projection,emerging_mover,frontier_jumper
1583,Grand Gedeh,Liberia,LBR,Liberia,Africa,0.51,4.0,0.494,0.07321446839275476,0.07431620038070175,0.07431620038070175,modeled_population_proxy_population_first_evolved_to_2050_then_hdi_reconciled,0.51,0.5851,0.520645,0.592339,0.071693,15,0.483355,0.831462,5612813,8910534,410939.11998294306,662197.0302430559,0.611424,modeled_proxy_not_official_subdivision_projection,emerging_mover,frontier_jumper
1585,Margibi,Liberia,LBR,Liberia,Africa,0.51,5.0,0.493,0.07279827356466394,0.07380143646788705,0.07380143646788705,modeled_population_proxy_population_first_evolved_to_2050_then_hdi_reconciled,0.51,0.5851,0.519645,0.591507,0.071862,15,0.483355,0.831462,5612813,8910534,408603.0962413021,657610.2088959474,0.609411,modeled_proxy_not_official_subdivision_projection,emerging_mover,frontier_jumper
1587,Nimba,Liberia,LBR,Liberia,Africa,0.51,6.0,0.492,0.07238444463690308,0.07329023815563558,0.07329023815563558,modeled_population_proxy_population_first_evolved_to_2050_then_hdi_reconciled,0.51,0.5851,0.518645,0.590676,0.07203,15,0.483355,0.831462,5612813,8910534,406280.3518557899,653055.1589538881,0.6074,modeled_proxy_not_official_subdivision_projection,emerging_mover,frontier_jumper
1598,Bomi,Liberia,LBR,Liberia,Africa,0.51,7.0,0.487,0.07035032044806448,0.07078687214451825,0.07078687214451825,modeled_population_proxy_population_first_evolved_to_2050_then_hdi_reconciled,0.51,0.5851,0.513645,0.586518,0.072873,15,0.483355,0.831462,5612813,8910534,394863.19316506217,630748.8309973828,0.597386,modeled_proxy_not_official_subdivision_projection,emerging_mover,frontier_jumper
1625,Bong,Liberia,LBR,Liberia,Africa,0.51,8.0,0.47,0.0638523540914864,0.06289775253751466,0.06289775253751466,modeled_population_proxy_population_first_evolved_to_2050_then_hdi_reconciled,0.51,0.5851,0.496645,0.572384,0.075738,15,0.483355,0.831462,5612813,8910534,358391.3231252981,560452.5625091107,0.563801,modeled_proxy_not_official_subdivision_projection,emerging_mover,frontier_jumper
1633,Grand Kru,Liberia,LBR,Liberia,Africa,0.51,9.0,0.467,0.06276960754986832,0.06159976868253806,0.06159976868253806,modeled_population_proxy_population_first_evolved_to_2050_then_hdi_reconciled,0.51,0.5851,0.493645,0.569889,0.076244,15,0.483355,0.831462,5612813,8910534,352314.0692607991,548886.8332378906,0.557948,modeled_proxy_not_official_subdivision_projection,emerging_mover,frontier_jumper
1640,Sinoe,Liberia,LBR,Liberia,Africa,0.51,10.0,0.465,0.06205799594418964,0.06074936143058831,0.06074936143058831,modeled_population_proxy_population_first_evolved_to_2050_then_hdi_reconciled,0.51,0.5851,0.491645,0.568226,0.076581,15,0.483355,0.831462,5612813,8910534,348319.9263894949,541309.2505055458,0.554058,modeled_proxy_not_official_subdivision_projection,emerging_mover,frontier_jumper
1660,River Cess,Liberia,LBR,Liberia,Africa,0.51,11.0,0.454,0.058285909820151374,0.056277683728682776,0.056277683728682776,modeled_population_proxy_population_first_evolved_to_2050_then_hdi_reconciled,0.51,0.5851,0.480645,0.55908,0.078435,15,0.483355,0.831462,5612813,8910534,327147.9123553733,501464.21430567466,0.532836,modeled_proxy_not_official_subdivision_projection,emerging_mover,frontier_jumper
1666,Lofa,Liberia,LBR,Liberia,Africa,0.51,12.0,0.447,0.05600576666702141,0.053605017240983495,0.053605017240983495,modeled_population_proxy_population_first_evolved_to_2050_then_hdi_reconciled,0.51,0.5851,0.473645,0.55326,0.079614,15,0.483355,0.831462,5612813,8910534,314349.8952236244,477649.3286963696,0.519483,modeled_proxy_not_official_subdivision_projection,emerging_mover,frontier_jumper
1685,Grand Bassa,Liberia,LBR,Liberia,Africa,0.51,13.0,0.441,0.05412248723817209,0.05141541524592541,0.05141541524592541,modeled_population_proxy_population_first_evolved_to_2050_then_hdi_reconciled,0.51,0.5851,0.467645,0.548271,0.080626,15,0.483355,0.831462,5612813,8910534,303779.3999627464,458138.8056729367,0.50813,modeled_proxy_not_official_subdivision_projection,emerging_mover,frontier_jumper
1705,Grand Cape Mount,Liberia,LBR,Liberia,Africa,0.51,14.0,0.423,0.04884417141710345,0.0453687768201363,0.0453687768201363,modeled_population_proxy_population_first_evolved_to_2050_then_hdi_reconciled,0.51,0.5851,0.449645,0.533305,0.083659,15,0.483355,0.831462,5612813,8910534,274153.2003041467,404260.02839423635,0.474577,modeled_proxy_not_official_subdivision_projection,emerging_mover,frontier_jumper
1715,Gbarpolu,Liberia,LBR,Liberia,Africa,0.51,15.0,0.414,0.046401310535213895,0.042617594409308485,0.042617594409308485,modeled_population_proxy_population_first_evolved_to_2050_then_hdi_reconciled,0.51,0.5851,0.440645,0.525822,0.085176,15,0.483355,0.831462,5612813,8910534,260441.8789890855,379745.52398235316,0.458082,modeled_proxy_not_official_subdivision_projection,emerging_mover,frontier_jumper
1397,Kanifing,Gambia,GMB,Gambia,Africa,0.524,1.0,0.578,0.16229495774574193,0.17197957526468344,0.17197957526468344,modeled_population_proxy_population_first_evolved_to_2050_then_hdi_reconciled,0.524,0.5902,0.60338,0.653287,0.049907,8,0.49862,0.834844,2759999,4301899,447933.92108328996,739838.7628515664,0.651669,modeled_proxy_not_official_subdivision_projection,emerging_mover,frontier_jumper
1411,Banjul,Gambia,GMB,Gambia,Africa,0.524,2.0,0.571,0.15893061937532332,0.16753473877384728,0.16753473877384728,modeled_population_proxy_population_first_evolved_to_2050_then_hdi_reconciled,0.524,0.5902,0.59638,0.647443,0.051063,8,0.49862,0.834844,2759999,4301899,438648.350545273,720717.5251964749,0.643042,modeled_proxy_not_official_subdivision_projection,emerging_mover,frontier_jumper
1452,Brikama,Gambia,GMB,Gambia,Africa,0.524,3.0,0.554,0.15104757792278448,0.15721253131898874,0.15721253131898874,modeled_population_proxy_population_first_evolved_to_2050_then_hdi_reconciled,0.524,0.5902,0.57938,0.633251,0.053871,8,0.49862,0.834844,2759999,4301899,416891.16401930724,676312.4312686264,0.622276,modeled_proxy_not_official_subdivision_projection,emerging_mover,frontier_jumper
1618,Kerewan,Gambia,GMB,Gambia,Africa,0.524,4.0,0.472,0.11817990109664983,0.11568373780526402,0.11568373780526402,modeled_population_proxy_population_first_evolved_to_2050_then_hdi_reconciled,0.524,0.5902,0.49738,0.564794,0.067413,8,0.49862,0.834844,2759999,4301899,326176.4088468524,497659.7559807275,0.525738,modeled_proxy_not_official_subdivision_projection,emerging_mover,frontier_jumper
1632,Mansakonko,Gambia,GMB,Gambia,Africa,0.524,5.0,0.467,0.11642478449261814,0.11354014797206496,0.11354014797206496,modeled_population_proxy_population_first_evolved_to_2050_then_hdi_reconciled,0.524,0.5902,0.49238,0.56062,0.068239,8,0.49862,0.834844,2759999,4301899,321332.2887748416,488438.2490208783,0.520041,modeled_proxy_not_official_subdivision_projection,emerging_mover,frontier_jumper
1669,Basse,Gambia,GMB,Gambia,Africa,0.524,6.0,0.446,0.10933345918214649,0.10496232889730908,0.10496232889730908,modeled_population_proxy_population_first_evolved_to_2050_then_hdi_reconciled,0.524,0.5902,0.47138,0.543088,0.071707,8,0.49862,0.834844,2759999,4301899,301760.2380092651,451537.337721005,0.496345,modeled_proxy_not_official_subdivision_projection,emerging_mover,frontier_jumper
1719,Janjabureh,Gambia,GMB,Gambia,Africa,0.524,7.0,0.412,0.0987564496527597,0.09242682475337577,0.09242682475337577,modeled_population_proxy_population_first_evolved_to_2050_then_hdi_reconciled,0.524,0.5902,0.43738,0.514703,0.077323,8,0.49862,0.834844,2759999,4301899,272567.7022851671,397610.8649797225,0.45876,modeled_proxy_not_official_subdivision_projection,emerging_mover,frontier_jumper
1751,Kuntaur,Gambia,GMB,Gambia,Africa,0.524,8.0,0.362,0.08503225053197618,0.07666011521446682,0.07666011521446682,modeled_population_proxy_population_first_evolved_to_2050_then_hdi_reconciled,0.524,0.5902,0.38738,0.472961,0.085581,8,0.49862,0.834844,2759999,4301899,234688.9264360037,329784.0729809996,0.405197,modeled_proxy_not_official_subdivision_projection,emerging_mover,frontier_jumper
1407,Atlantique (incl Littoral (Cotonou)),Benin,BEN,Benin,Africa,0.515,1.0,0.573,0.2337965171106134,0.24737379163068948,0.24737379163068948,modeled_population_proxy_population_first_evolved_to_2050_then_hdi_reconciled,0.515,0.6053,0.571329,0.650469,0.079139,6,0.516671,0.825686,14462721,24433814,3381333.7977425274,6044285.213179024,0.787545,modeled_proxy_not_official_subdivision_projection,emerging_mover,frontier_jumper
1507,Queme (incl Plateau),Benin,BEN,Benin,Africa,0.515,2.0,0.533,0.1871028393689884,0.19007821017127283,0.19007821017127283,modeled_population_proxy_population_first_evolved_to_2050_then_hdi_reconciled,0.515,0.6053,0.531329,0.617441,0.086112,6,0.516671,0.825686,14462721,24433814,2706016.164101495,4644335.632777789,0.7163,modeled_proxy_not_official_subdivision_projection,emerging_mover,frontier_jumper
1534,Zou (incl Collines),Benin,BEN,Benin,Africa,0.515,3.0,0.518,0.17210609708081406,0.17219650278263154,0.17219650278263154,modeled_population_proxy_population_first_evolved_to_2050_then_hdi_reconciled,0.515,0.6053,0.516329,0.605056,0.088727,6,0.516671,0.825686,14462721,24433814,2489122.4644787284,4207417.320441302,0.690322,modeled_proxy_not_official_subdivision_projection,emerging_mover,frontier_jumper
1565,Mono (incl Couffo),Benin,BEN,Benin,Africa,0.515,4.0,0.499,0.15482331710590105,0.15194072164809058,0.15194072164809058,modeled_population_proxy_population_first_evolved_to_2050_then_hdi_reconciled,0.515,0.6053,0.497329,0.589368,0.092039,6,0.516671,0.825686,14462721,24433814,2239166.4395971745,3712491.3317752187,0.657979,modeled_proxy_not_official_subdivision_projection,emerging_mover,frontier_jumper
1627,Atacora (incl Donga),Benin,BEN,Benin,Africa,0.515,5.0,0.469,0.130999043245277,0.12469762181129274,0.12469762181129274,modeled_population_proxy_population_first_evolved_to_2050_then_hdi_reconciled,0.515,0.6053,0.467329,0.564597,0.097268,6,0.516671,0.825686,14462721,24433814,1894602.6137233758,3046838.49757947,0.608168,modeled_proxy_not_official_subdivision_projection,emerging_mover,frontier_jumper
1657,Borgou (incl Alibori),Benin,BEN,Benin,Africa,0.515,6.0,0.455,0.12117218608840619,0.11371315195602279,0.11371315195602279,modeled_population_proxy_population_first_evolved_to_2050_then_hdi_reconciled,0.515,0.6053,0.453329,0.553038,0.099708,6,0.516671,0.825686,14462721,24433814,1752479.5203567,2778446.004247197,0.585437,modeled_proxy_not_official_subdivision_projection,emerging_mover,frontier_jumper
1414,Centre (incl Ouagadougou),Burkina Faso,BFA,Burkina Faso,Africa,0.459,1.0,0.57,0.12333805498859995,0.12968411145739364,0.12968411145739364,modeled_population_proxy_population_first_evolved_to_2050_then_hdi_reconciled,0.459,0.5157,0.583658,0.618913,0.035255,13,0.445342,0.838454,23548782,37304387,2904460.9692305527,4837786.281557746,0.66564,modeled_proxy_not_official_subdivision_projection,emerging_mover,frontier_jumper
1596,Hauts Bassins,Burkina Faso,BFA,Burkina Faso,Africa,0.459,2.0,0.487,0.09208172621223187,0.09373155288051822,0.09373155288051822,modeled_population_proxy_population_first_evolved_to_2050_then_hdi_reconciled,0.459,0.5157,0.500658,0.549322,0.048664,13,0.445342,0.838454,23548782,37304387,2168412.4967555343,3496598.1227658167,0.612515,modeled_proxy_not_official_subdivision_projection,emerging_mover,frontier_jumper
1642,Cascades,Burkina Faso,BFA,Burkina Faso,Africa,0.459,3.0,0.464,0.08458631068652599,0.08526343102632612,0.08526343102632612,modeled_population_proxy_population_first_evolved_to_2050_then_hdi_reconciled,0.459,0.5157,0.477658,0.530037,0.052379,13,0.445342,0.838454,23548782,37304387,1991904.5905412708,3180700.0279538766,0.596813,modeled_proxy_not_official_subdivision_projection,emerging_mover,frontier_jumper
1654,Centre-Ouest,Burkina Faso,BFA,Burkina Faso,Africa,0.459,4.0,0.456,0.08212484512306006,0.08250098810268237,0.08250098810268237,modeled_population_proxy_population_first_evolved_to_2050_then_hdi_reconciled,0.459,0.5157,0.469658,0.523329,0.053671,13,0.445342,0.838454,23548782,37304387,1933940.0745867046,3077648.788064859,0.591388,modeled_proxy_not_official_subdivision_projection,emerging_mover,frontier_jumper
1679,Plateau Central,Burkina Faso,BFA,Burkina Faso,Africa,0.459,5.0,0.442,0.07798838090129993,0.07788032483457606,0.07788032483457606,modeled_population_proxy_population_first_evolved_to_2050_then_hdi_reconciled,0.459,0.5157,0.455658,0.511591,0.055933,13,0.445342,0.838454,23548782,37304387,1836531.3803776756,2905277.7773147365,0.581937,modeled_proxy_not_official_subdivision_projection,emerging_mover,frontier_jumper
1681,Centre-Sud,Burkina Faso,BFA,Burkina Faso,Africa,0.459,6.0,0.441,0.07770101897380667,0.07756035664583645,0.07756035664583645,modeled_population_proxy_population_first_evolved_to_2050_then_hdi_reconciled,0.459,0.5157,0.454658,0.510753,0.056095,13,0.445342,0.838454,23548782,37304387,1829764.356992037,2893341.560174305,0.581265,modeled_proxy_not_official_subdivision_projection,emerging_mover,frontier_jumper
1682,Nord,Burkina Faso,BFA,Burkina Faso,Africa,0.459,7.0,0.441,0.07770101897380667,0.07756035664583645,0.07756035664583645,modeled_population_proxy_population_first_evolved_to_2050_then_hdi_reconciled,0.459,0.5157,0.454658,0.510753,0.056095,13,0.445342,0.838454,23548782,37304387,1829764.356992037,2893341.560174305,0.581265,modeled_proxy_not_official_subdivision_projection,emerging_mover,frontier_jumper
1707,Boucle de Mouhoun,Burkina Faso,BFA,Burkina Faso,Africa,0.459,8.0,0.422,0.0724379422879465,0.07172467968714245,0.07172467968714245,modeled_population_proxy_population_first_evolved_to_2050_then_hdi_reconciled,0.459,0.5157,0.435658,0.494822,0.059164,13,0.445342,0.838454,23548782,37304387,1705825.3114674336,2675645.208500201,0.568534,modeled_proxy_not_official_subdivision_projection,emerging_mover,frontier_jumper
1713,Centre-Est,Burkina Faso,BFA,Burkina Faso,Africa,0.459,9.0,0.419,0.0716401580227999,0.07084427282779952,0.07084427282779952,modeled_population_proxy_population_first_evolved_to_2050_then_hdi_reconciled,0.459,0.5157,0.432658,0.492307,0.059649,13,0.445342,0.838454,23548782,37304387,1687038.4637244658,2642802.170301818,0.566533,modeled_proxy_not_official_subdivision_projection,emerging_mover,frontier_jumper
1724,Centre-Nord,Burkina Faso,BFA,Burkina Faso,Africa,0.459,10.0,0.409,0.06904379200491967,0.06798689050981238,0.06798689050981238,modeled_population_proxy_population_first_evolved_to_2050_then_hdi_reconciled,0.459,0.5157,0.422658,0.483922,0.061264,13,0.445342,0.838454,23548782,37304387,1625897.2063771961,2536209.2745046685,0.559883,modeled_proxy_not_official_subdivision_projection,emerging_mover,frontier_jumper
1730,Est,Burkina Faso,BFA,Burkina Faso,Africa,0.459,11.0,0.394,0.06532460407759642,0.06391544630495205,0.06391544630495205,modeled_population_proxy_population_first_evolved_to_2050_then_hdi_reconciled,0.459,0.5157,0.407658,0.471345,0.063687,13,0.445342,0.838454,23548782,37304387,1538314.8606596293,2384326.5442376514,0.54996,modeled_proxy_not_official_subdivision_projection,emerging_mover,frontier_jumper
1750,Sud-Ouest,Burkina Faso,BFA,Burkina Faso,Africa,0.459,12.0,0.364,0.05847646184802438,0.05648942063454772,0.05648942063454772,modeled_population_proxy_population_first_evolved_to_2050_then_hdi_reconciled,0.459,0.5157,0.377658,0.446192,0.068534,13,0.445342,0.838454,23548782,37304387,1377049.4521904432,2107303.2087569535,0.530303,modeled_proxy_not_official_subdivision_projection,emerging_mover,frontier_jumper
1766,Sahel,Burkina Faso,BFA,Burkina Faso,Africa,0.459,13.0,0.308,0.04755568589938197,0.04485816844257643,0.04485816844257643,modeled_population_proxy_population_first_evolved_to_2050_then_hdi_reconciled,0.459,0.5157,0.321658,0.399238,0.07758,13,0.445342,0.838454,23548782,37304387,1119878.48010502,1673406.4756930585,0.494275,modeled_proxy_not_official_subdivision_projection,emerging_mover,frontier_jumper
1421,Central (Kabul Wardak Kapisa Logar Parwan Panjsher),Afghanistan,AFG,Afghanistan,Asia/Pacific,0.496,1.0,0.568,0.1893467974002487,0.1884998700324751,0.1884998700324751,modeled_population_proxy_population_first_evolved_to_2050_then_hdi_reconciled,0.496,0.5125,0.566666,0.572924,0.006258,8,0.497334,0.85373,42647502,76885136,8075167.920820702,14492838.143429171,0.794741,modeled_proxy_not_official_subdivision_projection,stable_or_slow,conflict_recovery
1537,North (Samangan Sar-e-Pul Balkh Jawzjan Faryab),Afghanistan,AFG,Afghanistan,Asia/Pacific,0.496,2.0,0.517,0.1429470491824108,0.14276846459914858,0.14276846459914858,modeled_population_proxy_population_first_evolved_to_2050_then_hdi_reconciled,0.496,0.5125,0.515666,0.529384,0.013718,8,0.497334,0.85373,42647502,76885136,6096334.565900963,10976772.817216724,0.800553,modeled_proxy_not_official_subdivision_projection,stable_or_slow,conflict_recovery
1579,Central Highlands (Bamyan Daikundi),Afghanistan,AFG,Afghanistan,Asia/Pacific,0.496,3.0,0.495,0.12662283692338072,0.12664113144012482,0.12664113144012482,modeled_population_proxy_population_first_evolved_to_2050_then_hdi_reconciled,0.496,0.5125,0.493666,0.510601,0.016936,8,0.497334,0.85373,42647502,76885136,5400147.690935553,9736820.613967873,0.803066,modeled_proxy_not_official_subdivision_projection,stable_or_slow,conflict_recovery
1580,South East (Ghazni Paktya Paktika Khost),Afghanistan,AFG,Afghanistan,Asia/Pacific,0.496,4.0,0.495,0.12662283692338072,0.12664113144012482,0.12664113144012482,modeled_population_proxy_population_first_evolved_to_2050_then_hdi_reconciled,0.496,0.5125,0.493666,0.510601,0.016936,8,0.497334,0.85373,42647502,76885136,5400147.690935553,9736820.613967873,0.803066,modeled_proxy_not_official_subdivision_projection,stable_or_slow,conflict_recovery
1611,East (Nangarhar Kunar Laghman Nooristan),Afghanistan,AFG,Afghanistan,Asia/Pacific,0.496,5.0,0.477,0.11466318560270009,0.11481067657897559,0.11481067657897559,modeled_population_proxy_population_first_evolved_to_2050_then_hdi_reconciled,0.496,0.5125,0.475666,0.495234,0.019569,8,0.497334,0.85373,42647502,76885136,4890098.437317523,8827234.483026553,0.805124,modeled_proxy_not_official_subdivision_projection,stable_or_slow,conflict_recovery
1637,West (Ghor Herat Badghis Farah),Afghanistan,AFG,Afghanistan,Asia/Pacific,0.496,6.0,0.466,0.10791763658280776,0.10813182248076217,0.10813182248076217,modeled_population_proxy_population_first_evolved_to_2050_then_hdi_reconciled,0.496,0.5125,0.464666,0.485843,0.021178,8,0.497334,0.85373,42647502,76885136,4602417.622000567,8313729.877361257,0.806383,modeled_proxy_not_official_subdivision_projection,stable_or_slow,conflict_recovery
1641,North East (Baghlan Takhar Badakhshan Kunduz),Afghanistan,AFG,Afghanistan,Asia/Pacific,0.496,7.0,0.464,0.10673451132837469,0.10695990835060123,0.10695990835060123,modeled_population_proxy_population_first_evolved_to_2050_then_hdi_reconciled,0.496,0.5125,0.462666,0.484136,0.02147,8,0.497334,0.85373,42647502,76885136,4551960.285345882,8223627.100083511,0.806612,modeled_proxy_not_official_subdivision_projection,stable_or_slow,conflict_recovery
1703,South (Uruzgan Helmand Zabul Nimroz Kandahar),Afghanistan,AFG,Afghanistan,Asia/Pacific,0.496,8.0,0.423,0.08514514605669658,0.08554699507778767,0.08554699507778767,modeled_population_proxy_population_first_evolved_to_2050_then_hdi_reconciled,0.496,0.5125,0.421666,0.449133,0.027467,8,0.497334,0.85373,42647502,76885136,3631227.7867432595,6577292.3509470355,0.811314,modeled_proxy_not_official_subdivision_projection,stable_or_slow,conflict_recovery
1455,Zone 1 (N'Djamena),Chad,TCD,Chad,Africa,0.416,1.0,0.553,0.17591343387332808,0.1648106733905699,0.1648106733905699,modeled_population_proxy_population_first_evolved_to_2050_then_hdi_reconciled,0.416,0.4559,0.550339,0.572962,0.022623,8,0.418661,0.844838,20299131,38857686,3570889.8388545243,6404161.39605932,0.793436,modeled_proxy_not_official_subdivision_projection,stable_or_slow,frontier_jumper
1603,Zone 6 (Mayo-Kebbi Est and Ouest),Chad,TCD,Chad,Africa,0.416,2.0,0.484,0.14947502493906903,0.14473471699003732,0.14473471699003732,modeled_population_proxy_population_first_evolved_to_2050_then_hdi_reconciled,0.416,0.4559,0.481339,0.514668,0.033329,8,0.418661,0.844838,20299131,38857686,3034213.1124664294,5624056.186097736,0.853547,modeled_proxy_not_official_subdivision_projection,stable_or_slow,frontier_jumper
1650,"Zone 8 (Mandoul, Moyen-Chari, Bahr Koh, Lac Iro)",Chad,TCD,Chad,Africa,0.416,3.0,0.459,0.14090995892071057,0.1380808214604013,0.1380808214604013,modeled_population_proxy_population_first_evolved_to_2050_then_hdi_reconciled,0.416,0.4559,0.456339,0.493547,0.037208,8,0.418661,0.844838,20299131,38857686,2860349.7153361226,5365501.202930335,0.87582,modeled_proxy_not_official_subdivision_projection,stable_or_slow,frontier_jumper
1684,"Zone 7 (Logone Occidental & Oriental, Monts de Lam, Tandjile Est & Ouest)",Chad,TCD,Chad,Africa,0.416,4.0,0.441,0.1350486623833792,0.13348025480647818,0.13348025480647818,modeled_population_proxy_population_first_evolved_to_2050_then_hdi_reconciled,0.416,0.4559,0.438339,0.47834,0.040001,8,0.418661,0.844838,20299131,38857686,2741370.4890949866,5186733.82847012,0.892022,modeled_proxy_not_official_subdivision_projection,stable_or_slow,frontier_jumper
1752,"Zone 3 (Guera, Batha, Salamat)",Chad,TCD,Chad,Africa,0.416,5.0,0.353,0.10971940307141882,0.11310205613604868,0.11310205613604868,modeled_population_proxy_population_first_evolved_to_2050_then_hdi_reconciled,0.416,0.4559,0.350339,0.403994,0.053655,8,0.418661,0.844838,20299131,38857686,2227208.536188533,4394884.183288953,0.97327,modeled_proxy_not_official_subdivision_projection,stable_or_slow,frontier_jumper
1767,"Zone 4 (Ouaddai, Assongha, Sila, Biltine - Wadi Fira)",Chad,TCD,Chad,Africa,0.416,6.0,0.306,0.09819848265363197,0.10352482721923847,0.10352482721923847,modeled_population_proxy_population_first_evolved_to_2050_then_hdi_reconciled,0.416,0.4559,0.303339,0.364287,0.060948,8,0.418661,0.844838,20299131,38857686,1993343.863387303,4022735.229289422,1.018084,modeled_proxy_not_official_subdivision_projection,stable_or_slow,frontier_jumper
1768,"Zone 5 (Chari-Baguimi, Dababa, Baguirmi, Hadjer Lamis)",Chad,TCD,Chad,Africa,0.416,7.0,0.303,0.09750559653512747,0.10294180804934433,0.10294180804934433,modeled_population_proxy_population_first_evolved_to_2050_then_hdi_reconciled,0.416,0.4559,0.300339,0.361752,0.061413,8,0.418661,0.844838,20299131,38857686,1979278.8772996985,4000080.4534536945,1.020979,modeled_proxy_not_official_subdivision_projection,stable_or_slow,frontier_jumper
1773,"Zone 2 (Borkou, Ennedi, Tibesti, Kanem, Barh El Gazal, Lac)",Chad,TCD,Chad,Africa,0.416,8.0,0.284,0.09322943762333494,0.0993248419478818,0.0993248419478818,modeled_population_proxy_population_first_evolved_to_2050_then_hdi_reconciled,0.416,0.4559,0.281339,0.3457,0.064361,8,0.418661,0.844838,20299131,38857686,1892476.5673724045,3859533.5204104194,1.039409,modeled_proxy_not_official_subdivision_projection,stable_or_slow,frontier_jumper
1458,Bangui,Central African Republic,CAF,Central African Rep.,Africa,0.414,1.0,0.552,0.2596525029608796,0.24006845169928862,0.24006845169928862,modeled_population_proxy_population_first_evolved_to_2050_then_hdi_reconciled,0.414,0.4954,0.537136,0.600361,0.063225,6,0.428864,0.829068,5330691,10616753,1384127.2606610344,2548747.4547837777,0.841411,modeled_proxy_not_official_subdivision_projection,emerging_mover,frontier_jumper
1718,"RS I (Ombella Mpoko, Lobaye, Kemo, Nana Grebizi, Ouaka)",Central African Republic,CAF,Central African Rep.,Africa,0.414,2.0,0.412,0.1621710666716963,0.1637180639718221,0.1637180639718221,modeled_population_proxy_population_first_evolved_to_2050_then_hdi_reconciled,0.414,0.4954,0.397136,0.484291,0.087155,6,0.428864,0.829068,5330691,10616753,864483.8455672115,1738154.246827034,1.010627,modeled_proxy_not_official_subdivision_projection,emerging_mover,frontier_jumper
1729,"RS IV (Haute-Kotto, Baminigui Bangoran, Vakaga)",Central African Republic,CAF,Central African Rep.,Africa,0.414,3.0,0.395,0.1531620071764054,0.15628255323170354,0.15628255323170354,modeled_population_proxy_population_first_evolved_to_2050_then_hdi_reconciled,0.414,0.4954,0.380136,0.470197,0.090061,6,0.428864,0.829068,5330691,10616753,816459.3331971997,1659213.2658703483,1.032206,modeled_proxy_not_official_subdivision_projection,emerging_mover,frontier_jumper
1733,"RS II (Mambera Kadei, Nana Mambere, Sangha Mbaere)",Central African Republic,CAF,Central African Rep.,Africa,0.414,4.0,0.392,0.15162493893329704,0.15500590547954257,0.15500590547954257,modeled_population_proxy_population_first_evolved_to_2050_then_hdi_reconciled,0.414,0.4954,0.377136,0.46771,0.090574,6,0.428864,0.829068,5330691,10616753,808265.6973472761,1645659.41201765,1.036038,modeled_proxy_not_official_subdivision_projection,emerging_mover,frontier_jumper
1749,"RS III (Ouham Pende, Ouham)",Central African Republic,CAF,Central African Rep.,Africa,0.414,5.0,0.371,0.1412888102046451,0.14635665353797767,0.14635665353797767,modeled_population_proxy_population_first_evolved_to_2050_then_hdi_reconciled,0.414,0.4954,0.356136,0.450299,0.094163,6,0.428864,0.829068,5330691,10616753,753166.9889586098,1553832.440519285,1.063065,modeled_proxy_not_official_subdivision_projection,emerging_mover,frontier_jumper
1753,"RS V (Basse Kotto, Mbornou, Houte Mbormou)",Central African Republic,CAF,Central African Rep.,Africa,0.414,6.0,0.351,0.13210067405307654,0.1385683720796655,0.1385683720796655,modeled_population_proxy_population_first_evolved_to_2050_then_hdi_reconciled,0.414,0.4954,0.336136,0.433718,0.097582,6,0.428864,0.829068,5330691,10616753,704187.8742686687,1471146.1799819048,1.089139,modeled_proxy_not_official_subdivision_projection,emerging_mover,frontier_jumper
1528,Djibouti,Djibouti,DJI,Djibouti,Africa,0.513,1.0,0.521,0.6082590307465144,0.6472631450673594,0.6472631450673594,modeled_population_proxy_population_first_evolved_to_2050_then_hdi_reconciled,0.513,0.6491,0.535721,0.665636,0.129915,2,0.498279,0.808282,1168726,1530546,710888.1439682508,990666.0176302666,0.393561,modeled_proxy_not_official_subdivision_projection,rapid_industrializer,frontier_jumper
1644,Other Districts,Djibouti,DJI,Djibouti,Africa,0.513,2.0,0.463,0.3917409692534856,0.35273685493264073,0.35273685493264073,modeled_population_proxy_population_first_evolved_to_2050_then_hdi_reconciled,0.513,0.6491,0.477721,0.618756,0.141035,2,0.498279,0.808282,1168726,1530546,457837.8560317492,539879.9823697335,0.179195,modeled_proxy_not_official_subdivision_projection,rapid_industrializer,frontier_jumper
1533,"Abyan, Aden (town and countryside), Lahej, Ad Dali (Al Dhalih)",Yemen,YEM,Yemen,Asia/Pacific,0.47,1.0,0.519,0.18460996072462266,0.18539799600753012,0.18539799600753012,modeled_population_proxy_population_first_evolved_to_2050_then_hdi_reconciled,0.47,0.537,0.515068,0.574474,0.059406,7,0.473932,0.83454,40583173,70976407,7492057.973610567,13158883.621614832,0.756378,modeled_proxy_not_official_subdivision_projection,emerging_mover,conflict_recovery
1548,"Jawf, Hadramet, Shabda (Shabwah), Marib, Mohra (Al Mahrah)",Yemen,YEM,Yemen,Asia/Pacific,0.47,2.0,0.51,0.17622459424681547,0.17682608331740107,0.17682608331740107,modeled_population_proxy_population_first_evolved_to_2050_then_hdi_reconciled,0.47,0.537,0.506068,0.566963,0.060896,7,0.473932,0.83454,40583173,70976407,7151753.195173317,12550480.05775177,0.754882,modeled_proxy_not_official_subdivision_projection,emerging_mover,conflict_recovery
1570,Taiz,Yemen,YEM,Yemen,Asia/Pacific,0.47,3.0,0.499,0.16649130244355728,0.16688565885040255,0.16688565885040255,modeled_population_proxy_population_first_evolved_to_2050_then_hdi_reconciled,0.47,0.537,0.495068,0.557783,0.062716,7,0.473932,0.83454,40583173,70976407,6756745.330062208,11844944.445029324,0.753055,modeled_proxy_not_official_subdivision_projection,emerging_mover,conflict_recovery
1626,Ibb,Yemen,YEM,Yemen,Asia/Pacific,0.47,4.0,0.47,0.14333074591136605,0.1432762782488315,0.1432762782488315,modeled_population_proxy_population_first_evolved_to_2050_then_hdi_reconciled,0.47,0.537,0.466068,0.533582,0.067514,7,0.473932,0.83454,40583173,70976407,5816816.457540011,10169235.43843431,0.748248,modeled_proxy_not_official_subdivision_projection,emerging_mover,conflict_recovery
1710,"Hodeida (Al Hudaydah), Mahweit (Al Mahwit)",Yemen,YEM,Yemen,Asia/Pacific,0.47,5.0,0.422,0.11185792816509833,0.11130837663499285,0.11130837663499285,modeled_population_proxy_population_first_evolved_to_2050_then_hdi_reconciled,0.47,0.537,0.418068,0.493524,0.075456,7,0.473932,0.83454,40583173,70976407,4539549.650145758,7900268.642554543,0.74032,modeled_proxy_not_official_subdivision_projection,emerging_mover,conflict_recovery
1712,"Beida (Al Bayda), Dhamar, Raimah",Yemen,YEM,Yemen,Asia/Pacific,0.47,6.0,0.42,0.11070835893757898,0.11014359492004053,0.11014359492004053,modeled_population_proxy_population_first_evolved_to_2050_then_hdi_reconciled,0.47,0.537,0.416068,0.491855,0.075787,7,0.473932,0.83454,40583173,70976407,4492896.483309864,7817596.621487929,0.73999,modeled_proxy_not_official_subdivision_projection,emerging_mover,conflict_recovery
1717,"Hajja, Sada, Amran (Omran)",Yemen,YEM,Yemen,Asia/Pacific,0.47,7.0,0.413,0.10677710957096126,0.10616201202080142,0.10616201202080142,modeled_population_proxy_population_first_evolved_to_2050_then_hdi_reconciled,0.47,0.537,0.409068,0.486013,0.076945,7,0.473932,0.83454,40583173,70976407,4333353.910158277,7534998.173127294,0.738837,modeled_proxy_not_official_subdivision_projection,emerging_mover,conflict_recovery
1544,Tillabery (incl Niamey),Niger,NER,Niger,Africa,0.419,1.0,0.512,0.1976698322205734,0.18670313338075237,0.18670313338075237,modeled_population_proxy_population_first_evolved_to_2050_then_hdi_reconciled,0.419,0.4797,0.494094,0.544737,0.050643,7,0.436906,0.836934,27032417,52513881,5343493.332906577,9804506.128683958,0.83485,modeled_proxy_not_official_subdivision_projection,emerging_mover,frontier_jumper
1550,Agadez,Niger,NER,Niger,Africa,0.419,2.0,0.508,0.19455714946234148,0.18431308059361964,0.18431308059361964,modeled_population_proxy_population_first_evolved_to_2050_then_hdi_reconciled,0.419,0.4797,0.490094,0.541389,0.051295,7,0.436906,0.836934,27032417,52513881,5259349.994597341,9678995.181036752,0.840341,modeled_proxy_not_official_subdivision_projection,emerging_mover,frontier_jumper
1725,Maradi,Niger,NER,Niger,Africa,0.419,3.0,0.403,0.12826280105117707,0.13142428702532186,0.13142428702532186,modeled_population_proxy_population_first_evolved_to_2050_then_hdi_reconciled,0.419,0.4797,0.385094,0.453511,0.068417,7,0.436906,0.836934,27032417,52513881,3467253.523603457,6901599.369357596,0.990509,modeled_proxy_not_official_subdivision_projection,emerging_mover,frontier_jumper
1728,Dosso,Niger,NER,Niger,Africa,0.419,4.0,0.401,0.12724892451738917,0.1305803731457849,0.1305803731457849,modeled_population_proxy_population_first_evolved_to_2050_then_hdi_reconciled,0.419,0.4797,0.383094,0.451837,0.068743,7,0.436906,0.836934,27032417,52513881,3439845.990355588,6857282.176313344,0.993485,modeled_proxy_not_official_subdivision_projection,emerging_mover,frontier_jumper
1735,Diffa,Niger,NER,Niger,Africa,0.419,5.0,0.386,0.11989598061319827,0.12442136818331244,0.12442136818331244,modeled_population_proxy_population_first_evolved_to_2050_then_hdi_reconciled,0.419,0.4797,0.368094,0.439283,0.071189,7,0.436906,0.836934,27032417,52513881,3241078.1445598914,6533848.922635656,1.015949,modeled_proxy_not_official_subdivision_projection,emerging_mover,frontier_jumper
1737,Zinder,Niger,NER,Niger,Africa,0.419,6.0,0.384,0.11894824112643383,0.12362242209885965,0.12362242209885965,modeled_population_proxy_population_first_evolved_to_2050_then_hdi_reconciled,0.419,0.4797,0.366094,0.437609,0.071515,7,0.436906,0.836934,27032417,52513881,3215458.4555463092,6491893.163031286,1.018963,modeled_proxy_not_official_subdivision_projection,emerging_mover,frontier_jumper
1747,Tahoua,Niger,NER,Niger,Africa,0.419,7.0,0.372,0.1134170710088868,0.1189353355723491,0.1189353355723491,modeled_population_proxy_population_first_evolved_to_2050_then_hdi_reconciled,0.419,0.4797,0.354094,0.427566,0.073472,7,0.436906,0.836934,27032417,52513881,3065937.558430839,6245756.058941408,1.037144,modeled_proxy_not_official_subdivision_projection,emerging_mover,frontier_jumper
1594,"West (Bubanza, Buja Rural, Cibitoke, Mairie de Bujumbura)",Burundi,BDI,Burundi,Africa,0.439,1.0,0.489,0.26257651953592837,0.2659095664118335,0.2659095664118335,modeled_population_proxy_population_first_evolved_to_2050_then_hdi_reconciled,0.439,0.5329,0.477811,0.564593,0.086782,5,0.450189,0.824318,14047788,24131721,3688619.2802185803,6416855.467881337,0.739636,modeled_proxy_not_official_subdivision_projection,emerging_mover,frontier_jumper
1622,"South (Bururi, Makamba)",Burundi,BDI,Burundi,Africa,0.439,2.0,0.47,0.23247043467413836,0.2339652668042985,0.2339652668042985,modeled_population_proxy_population_first_evolved_to_2050_then_hdi_reconciled,0.439,0.5329,0.458811,0.548931,0.09012,5,0.450189,0.824318,14047788,24131721,3265695.3825701447,5645984.542211893,0.728877,modeled_proxy_not_official_subdivision_projection,emerging_mover,frontier_jumper
1683,"Middle (Gitega, Karuzi, Muramvya, Mwaro)",Burundi,BDI,Burundi,Africa,0.439,3.0,0.441,0.1930383933561429,0.19244863318469352,0.19244863318469352,modeled_population_proxy_population_first_evolved_to_2050_then_hdi_reconciled,0.439,0.5329,0.429811,0.525026,0.095214,5,0.450189,0.824318,14047788,24131721,2711762.425727704,4644116.722844365,0.712582,modeled_proxy_not_official_subdivision_projection,emerging_mover,frontier_jumper
1708,"East (Cankuzo, Rutana, Ruyigi )",Burundi,BDI,Burundi,Africa,0.439,4.0,0.422,0.17090530140171004,0.16932935665595383,0.16932935665595383,modeled_population_proxy_population_first_evolved_to_2050_then_hdi_reconciled,0.439,0.5329,0.410811,0.509364,0.098552,5,0.450189,0.824318,14047788,24131721,2400841.4421673254,4086208.7919309707,0.70199,modeled_proxy_not_official_subdivision_projection,emerging_mover,frontier_jumper
1732,"North (Kayanza, Kirundo, Muyinga, Ngozi)",Burundi,BDI,Burundi,Africa,0.439,5.0,0.392,0.14100935103208043,0.1383471769432206,0.1383471769432206,modeled_population_proxy_population_first_evolved_to_2050_then_hdi_reconciled,0.439,0.5329,0.380811,0.484634,0.103823,5,0.450189,0.824318,14047788,24131721,1980869.469316247,3338555.4751314325,0.685399,modeled_proxy_not_official_subdivision_projection,emerging_mover,frontier_jumper
1630,Central Equatoria,South Sudan,SSD,South Sudan,Africa,0.388,1.0,0.468,0.14199485534194164,0.14182952622006506,0.14182952622006506,modeled_population_proxy_population_first_evolved_to_2050_then_hdi_reconciled,0.388,0.4024,0.465981,0.469073,0.003092,10,0.390019,0.854528,11943410,18341975,1695902.7752394993,2601433.624190278,0.533952,modeled_proxy_not_official_subdivision_projection,stable_or_slow,conflict_recovery
1691,Western Equatoria,South Sudan,SSD,South Sudan,Africa,0.388,2.0,0.435,0.1237065781016253,0.12362345834243149,0.12362345834243149,modeled_population_proxy_population_first_evolved_to_2050_then_hdi_reconciled,0.388,0.4024,0.432981,0.440874,0.007893,10,0.390019,0.854528,11943410,18341975,1477478.3819647327,2267498.38233042,0.534708,modeled_proxy_not_official_subdivision_projection,stable_or_slow,conflict_recovery
1696,Upper Nile,South Sudan,SSD,South Sudan,Africa,0.388,3.0,0.428,0.12014093700193094,0.12007276586257522,0.12007276586257522,modeled_population_proxy_population_first_evolved_to_2050_then_hdi_reconciled,0.388,0.4024,0.425981,0.434892,0.008911,10,0.390019,0.854528,11943410,18341975,1434892.468398232,2202371.669632208,0.534869,modeled_proxy_not_official_subdivision_projection,stable_or_slow,conflict_recovery
1711,Western Bahr El Ghazal,South Sudan,SSD,South Sudan,Africa,0.388,4.0,0.42,0.11619159027829117,0.1161395361523027,0.1161395361523027,modeled_population_proxy_population_first_evolved_to_2050_then_hdi_reconciled,0.388,0.4024,0.417981,0.428056,0.010075,10,0.390019,0.854528,11943410,18341975,1387723.8012456454,2130228.4686171324,0.535052,modeled_proxy_not_official_subdivision_projection,stable_or_slow,conflict_recovery
1745,Eastern Equatoria,South Sudan,SSD,South Sudan,Africa,0.388,5.0,0.376,0.0966796214980472,0.09669983565059745,0.09669983565059745,modeled_population_proxy_population_first_evolved_to_2050_then_hdi_reconciled,0.388,0.4024,0.373981,0.390457,0.016476,10,0.390019,0.854528,11943410,18341975,1154684.358195992,1773665.968007367,0.536061,modeled_proxy_not_official_subdivision_projection,stable_or_slow,conflict_recovery
1755,Lakes,South Sudan,SSD,South Sudan,Africa,0.388,6.0,0.349,0.08636591230604936,0.08641881227973006,0.08641881227973006,modeled_population_proxy_population_first_evolved_to_2050_then_hdi_reconciled,0.388,0.4024,0.346981,0.367385,0.020403,10,0.390019,0.854528,11943410,18341975,1031503.500695193,1585091.6943645016,0.536681,modeled_proxy_not_official_subdivision_projection,stable_or_slow,conflict_recovery
1756,Unity,South Sudan,SSD,South Sudan,Africa,0.388,7.0,0.343,0.084227735708331,0.08428687892338449,0.08428687892338449,modeled_population_proxy_population_first_evolved_to_2050_then_hdi_reconciled,0.388,0.4024,0.340981,0.362257,0.021276,10,0.390019,0.854528,11943410,18341975,1005966.3809362376,1545987.8260407452,0.536819,modeled_proxy_not_official_subdivision_projection,stable_or_slow,conflict_recovery
1758,Jonglei,South Sudan,SSD,South Sudan,Africa,0.388,8.0,0.335,0.0814589498110315,0.08152588933522903,0.08152588933522903,modeled_population_proxy_population_first_evolved_to_2050_then_hdi_reconciled,0.388,0.4024,0.332981,0.355421,0.02244,10,0.390019,0.854528,11943410,18341975,972897.6357625717,1495345.8240395375,0.537002,modeled_proxy_not_official_subdivision_projection,stable_or_slow,conflict_recovery
1763,Warrap,South Sudan,SSD,South Sudan,Africa,0.388,9.0,0.315,0.07492866749576466,0.07501264449134876,0.07501264449134876,modeled_population_proxy_population_first_evolved_to_2050_then_hdi_reconciled,0.388,0.4024,0.312981,0.338331,0.02535,10,0.390019,0.854528,11943410,18341975,894903.7966555905,1375880.0499442066,0.537461,modeled_proxy_not_official_subdivision_projection,stable_or_slow,conflict_recovery
1765,Northern Bahr El Ghazal,South Sudan,SSD,South Sudan,Africa,0.388,10.0,0.313,0.07430515245698732,0.07439065274233572,0.07439065274233572,modeled_population_proxy_population_first_evolved_to_2050_then_hdi_reconciled,0.388,0.4024,0.310981,0.336622,0.02564,10,0.390019,0.854528,11943410,18341975,887456.9009063069,1364471.4928336032,0.537507,modeled_proxy_not_official_subdivision_projection,stable_or_slow,conflict_recovery
1648,Banadir,Somalia,SOM,Somalia,Africa,0.361,1.0,0.46,0.0797032778622194,0.07325422817354015,0.07325422817354015,modeled_population_proxy_population_first_evolved_to_2050_then_hdi_reconciled,0.404,0.4381,0.502635,0.52476,0.022125,18,0.361365,0.847042,19009155,37206509,1515091.962890997,2725534.099826875,0.798923,modeled_proxy_not_official_subdivision_projection,stable_or_slow,conflict_recovery
1659,W Galbeed,Somalia,SOM,Somalia,Africa,0.361,2.0,0.455,0.07835804123456044,0.0723208661667995,0.0723208661667995,modeled_population_proxy_population_first_evolved_to_2050_then_hdi_reconciled,0.404,0.4381,0.497635,0.520524,0.02289,18,0.361365,0.847042,19009155,37206509,1489520.1513241509,2690806.9579228214,0.806492,modeled_proxy_not_official_subdivision_projection,stable_or_slow,conflict_recovery
1680,Sanaag,Somalia,SOM,Somalia,Africa,0.361,3.0,0.442,0.07496573124162555,0.06994940364566873,0.06994940364566873,modeled_population_proxy_population_first_evolved_to_2050_then_hdi_reconciled,0.404,0.4381,0.484635,0.509513,0.024878,18,0.361365,0.847042,19009155,37206509,1425035.2048604025,2602573.1162872068,0.826322,modeled_proxy_not_official_subdivision_projection,stable_or_slow,conflict_recovery
1700,Bari,Somalia,SOM,Somalia,Africa,0.361,4.0,0.426,0.07099151187957972,0.06713716012745223,0.06713716012745223,modeled_population_proxy_population_first_evolved_to_2050_then_hdi_reconciled,0.404,0.4381,0.468635,0.49596,0.027325,18,0.361365,0.847042,19009155,37206509,1349488.6530032724,2497939.3525164924,0.851027,modeled_proxy_not_official_subdivision_projection,stable_or_slow,conflict_recovery
1731,Awdal,Somalia,SOM,Somalia,Africa,0.361,5.0,0.393,0.06344759875026881,0.06168890371553198,0.06168890371553198,modeled_population_proxy_population_first_evolved_to_2050_then_hdi_reconciled,0.404,0.4381,0.435635,0.468008,0.032373,18,0.361365,0.847042,19009155,37206509,1206085.239021666,2295228.751292074,0.90304,modeled_proxy_not_official_subdivision_projection,stable_or_slow,conflict_recovery
1744,Nugal,Somalia,SOM,Somalia,Africa,0.361,6.0,0.376,0.05987979595090002,0.059057109553801466,0.059057109553801466,modeled_population_proxy_population_first_evolved_to_2050_then_hdi_reconciled,0.404,0.4381,0.418635,0.453608,0.034973,18,0.361365,0.847042,19009155,37206509,1138264.3225990308,2197308.8781275004,0.930403,modeled_proxy_not_official_subdivision_projection,stable_or_slow,conflict_recovery
1748,Mudug,Somalia,SOM,Somalia,Africa,0.361,7.0,0.372,0.05906989823627783,0.05845436203306433,0.05845436203306433,modeled_population_proxy_population_first_evolved_to_2050_then_hdi_reconciled,0.404,0.4381,0.414635,0.45022,0.035585,18,0.361365,0.847042,19009155,37206509,1122868.851407632,2174882.747072466,0.936898,modeled_proxy_not_official_subdivision_projection,stable_or_slow,conflict_recovery
1757,Sool,Somalia,SOM,Somalia,Africa,0.361,8.0,0.336,0.05225639200149678,0.05329906172659679,0.05329906172659679,modeled_population_proxy_population_first_evolved_to_2050_then_hdi_reconciled,0.404,0.4381,0.378635,0.419726,0.041092,18,0.361365,0.847042,19009155,37206509,993349.8552972125,1983072.019822179,0.996348,modeled_proxy_not_official_subdivision_projection,stable_or_slow,conflict_recovery
1759,Gedo,Somalia,SOM,Somalia,Africa,0.361,9.0,0.329,0.05102579325331123,0.05235074357769532,0.05235074357769532,modeled_population_proxy_population_first_evolved_to_2050_then_hdi_reconciled,0.404,0.4381,0.371635,0.413797,0.042162,18,0.361365,0.847042,19009155,37206509,969957.2129501475,1947788.4120802132,1.008118,modeled_proxy_not_official_subdivision_projection,stable_or_slow,conflict_recovery
1761,Lower Shabelle,Somalia,SOM,Somalia,Africa,0.361,10.0,0.326,0.05050730528465893,0.05194950430177014,0.05194950430177014,modeled_population_proxy_population_first_evolved_to_2050_then_hdi_reconciled,0.404,0.4381,0.368635,0.411256,0.042621,18,0.361365,0.847042,19009155,37206509,960101.1947884008,1932859.6993493494,1.013183,modeled_proxy_not_official_subdivision_projection,stable_or_slow,conflict_recovery
1762,Togdhere,Somalia,SOM,Somalia,Africa,0.361,11.0,0.324,0.05016457690335927,0.05168372139620037,0.05168372139620037,modeled_population_proxy_population_first_evolved_to_2050_then_hdi_reconciled,0.404,0.4381,0.366635,0.409562,0.042927,18,0.361365,0.847042,19009155,37206509,953586.2178653764,1922970.8452812217,1.016567,modeled_proxy_not_official_subdivision_projection,stable_or_slow,conflict_recovery
1764,Middle Shabelle,Somalia,SOM,Somalia,Africa,0.361,12.0,0.314,0.04848550585086595,0.05037506515173015,0.05037506515173015,modeled_population_proxy_population_first_evolved_to_2050_then_hdi_reconciled,0.404,0.4381,0.356635,0.401092,0.044457,18,0.361365,0.847042,19009155,37206509,921668.4959725178,1874280.3149434342,1.033573,modeled_proxy_not_official_subdivision_projection,stable_or_slow,conflict_recovery
1769,Lower Juba,Somalia,SOM,Somalia,Africa,0.361,13.0,0.302,0.046544638728299,0.048848342696401634,0.048848342696401634,modeled_population_proxy_population_first_evolved_to_2050_then_hdi_reconciled,0.404,0.4381,0.344635,0.390927,0.046292,18,0.361365,0.847042,19009155,37206509,884774.2520052386,1817476.3021687516,1.05417,modeled_proxy_not_official_subdivision_projection,stable_or_slow,conflict_recovery
1770,Bakool,Somalia,SOM,Somalia,Africa,0.361,14.0,0.296,0.04560353724740861,0.0481024215780082,0.0481024215780082,modeled_population_proxy_population_first_evolved_to_2050_then_hdi_reconciled,0.404,0.4381,0.338635,0.385845,0.04721,18,0.361365,0.847042,19009155,37206509,866884.7080842636,1789723.1813639563,1.064546,modeled_proxy_not_official_subdivision_projection,stable_or_slow,conflict_recovery
1771,Bay,Somalia,SOM,Somalia,Africa,0.361,15.0,0.296,0.04560353724740861,0.0481024215780082,0.0481024215780082,modeled_population_proxy_population_first_evolved_to_2050_then_hdi_reconciled,0.404,0.4381,0.338635,0.385845,0.04721,18,0.361365,0.847042,19009155,37206509,866884.7080842636,1789723.1813639563,1.064546,modeled_proxy_not_official_subdivision_projection,stable_or_slow,conflict_recovery
1772,Hiran,Somalia,SOM,Somalia,Africa,0.361,16.0,0.285,0.043927327819432954,0.04676435715969266,0.04676435715969266,modeled_population_proxy_population_first_evolved_to_2050_then_hdi_reconciled,0.404,0.4381,0.327635,0.376527,0.048893,18,0.361365,0.847042,19009155,37206509,835021.383255413,1739938.4755413195,1.083705,modeled_proxy_not_official_subdivision_projection,stable_or_slow,conflict_recovery
1774,Galguduud,Somalia,SOM,Somalia,Africa,0.361,17.0,0.279,0.04303914661549784,0.046050258795899524,0.046050258795899524,modeled_population_proxy_population_first_evolved_to_2050_then_hdi_reconciled,0.404,0.4381,0.321635,0.371445,0.04981,18,0.361365,0.847042,19009155,37206509,818137.8090817238,1713369.3683419647,1.094231,modeled_proxy_not_official_subdivision_projection,stable_or_slow,conflict_recovery
1775,Middle Juba,Somalia,SOM,Somalia,Africa,0.361,18.0,0.23,0.036426383892829005,0.04061206862213866,0.04061206862213866,modeled_population_proxy_population_first_evolved_to_2050_then_hdi_reconciled,0.404,0.4381,0.272635,0.32994,0.057305,18,0.361365,0.847042,19009155,37206509,692434.7775082899,1511033.2966982196,1.182203,modeled_proxy_not_official_subdivision_projection,stable_or_slow,conflict_recovery
